ISO-10303-21;
HEADER;
FILE_DESCRIPTION (( 'STEP AP203' ),
    '1' );
FILE_NAME ('FN-ASM-006A_structural-detail_R0.7.STEP',
    '2026-07-26T18:11:31',
    ( '' ),
    ( '' ),
    'SwSTEP 2.0',
    'SolidWorks 2022',
    '' );
FILE_SCHEMA (( 'CONFIG_CONTROL_DESIGN' ));
ENDSEC;

DATA;
#1 = AXIS2_PLACEMENT_3D ( 'NONE', #330, #3498, #44 ) ;
#2 = VERTEX_POINT ( 'NONE', #2413 ) ;
#3 = ORIENTED_EDGE ( 'NONE', *, *, #3483, .F. ) ;
#4 = VECTOR ( 'NONE', #731, 1000.000000000000000 ) ;
#5 = EDGE_CURVE ( 'NONE', #3276, #2095, #890, .T. ) ;
#6 = DIRECTION ( 'NONE',  ( 1.000000000000000000, 0.000000000000000000, 0.000000000000000000 ) ) ;
#7 = APPROVAL_PERSON_ORGANIZATION ( #152, #3418, #1012 ) ;
#8 = VECTOR ( 'NONE', #944, 1000.000000000000000 ) ;
#9 = CC_DESIGN_SECURITY_CLASSIFICATION ( #3182, ( #3738 ) ) ;
#10 = CC_DESIGN_APPROVAL ( #2015, ( #1163 ) ) ;
#11 = CC_DESIGN_PERSON_AND_ORGANIZATION_ASSIGNMENT ( #2810, #3651, ( #2169 ) ) ;
#12 = COORDINATED_UNIVERSAL_TIME_OFFSET ( 8, 0, .AHEAD. ) ;
#13 = CARTESIAN_POINT ( 'NONE',  ( 137.0000000000000000, 261.4233918228439961, 55.59430574540418490 ) ) ;
#14 = APPLICATION_CONTEXT ( 'configuration controlled 3d designs of mechanical parts and assemblies' ) ;
#15 = DATE_TIME_ROLE ( 'classification_date' ) ;
#16 = SECURITY_CLASSIFICATION ( '', '', #2295 ) ;
#17 = APPROVAL_PERSON_ORGANIZATION ( #1723, #1032, #730 ) ;
#18 = ORIENTED_EDGE ( 'NONE', *, *, #2373, .F. ) ;
#19 = APPROVAL_PERSON_ORGANIZATION ( #1922, #2773, #768 ) ;
#20 = PERSON_AND_ORGANIZATION_ROLE ( 'design_owner' ) ;
#21 = COORDINATED_UNIVERSAL_TIME_OFFSET ( 8, 0, .AHEAD. ) ;
#22 = DIRECTION ( 'NONE',  ( -0.000000000000000000, -1.000000000000000000, -0.000000000000000000 ) ) ;
#23 = CARTESIAN_POINT ( 'NONE',  ( 160.0000000000000000, 20.00000000000000000, -12.50000000000000000 ) ) ;
#24 = VERTEX_POINT ( 'NONE', #663 ) ;
#25 = ADVANCED_BREP_SHAPE_REPRESENTATION ( '', ( #1117, #2883 ), #2942 ) ;
#26 = DATE_TIME_ROLE ( 'creation_date' ) ;
#27 = VERTEX_POINT ( 'NONE', #1186 ) ;
#28 = DIRECTION ( 'NONE',  ( 0.000000000000000000, 0.000000000000000000, -1.000000000000000000 ) ) ;
#29 = LOCAL_TIME ( 2, 11, 31.00000000000000000, #3454 ) ;
#30 = DATE_TIME_ROLE ( 'classification_date' ) ;
#31 = PERSON_AND_ORGANIZATION_ROLE ( 'creator' ) ;
#32 = DIRECTION ( 'NONE',  ( 0.000000000000000000, 0.5735764363510461594, 0.8191520442889920206 ) ) ;
#33 = DATE_AND_TIME ( #340, #3079 ) ;
#34 = APPROVAL ( #1790, 'UNKNOWN' ) ;
#35 = CC_DESIGN_PERSON_AND_ORGANIZATION_ASSIGNMENT ( #2356, #2041, ( #641 ) ) ;
#36 = ADVANCED_FACE ( 'NONE', ( #2605 ), #2637, .F. ) ;
#37 = DIRECTION ( 'NONE',  ( 1.000000000000000000, 0.000000000000000000, 0.000000000000000000 ) ) ;
#38 = EDGE_CURVE ( 'NONE', #709, #573, #2116, .T. ) ;
#39 = APPROVAL_ROLE ( '' ) ;
#40 = APPLICATION_PROTOCOL_DEFINITION ( 'international standard', 'config_control_design', 1994, #356 ) ;
#41 = APPROVAL ( #1780, '未指定' ) ;
#42 = LINE ( 'NONE', #2625, #2157 ) ;
#43 = DIRECTION ( 'NONE',  ( 0.000000000000000000, -0.000000000000000000, -1.000000000000000000 ) ) ;
#44 = DIRECTION ( 'NONE',  ( 0.000000000000000000, -0.000000000000000000, -1.000000000000000000 ) ) ;
#45 = ORIENTED_EDGE ( 'NONE', *, *, #694, .F. ) ;
#46 = PERSON_AND_ORGANIZATION_ROLE ( 'classification_officer' ) ;
#47 = CALENDAR_DATE ( 2026, 27, 7 ) ;
#48 = ORIENTED_EDGE ( 'NONE', *, *, #3209, .F. ) ;
#49 = CARTESIAN_POINT ( 'NONE',  ( 15.00000000000000000, 3.000000000000000000, 15.00000000000000000 ) ) ;
#50 =( NAMED_UNIT ( * ) PLANE_ANGLE_UNIT ( ) SI_UNIT ( $, .RADIAN. ) );
#51 = DIRECTION ( 'NONE',  ( 0.000000000000000000, 0.000000000000000000, 1.000000000000000000 ) ) ;
#52 = DATE_AND_TIME ( #2369, #149 ) ;
#53 = LOCAL_TIME ( 2, 11, 31.00000000000000000, #3216 ) ;
#54 = VERTEX_POINT ( 'NONE', #1797 ) ;
#55 = DATE_AND_TIME ( #279, #511 ) ;
#56 = PLANE ( 'NONE',  #3078 ) ;
#57 = ADVANCED_FACE ( 'NONE', ( #3538 ), #2674, .F. ) ;
#58 = PERSON_AND_ORGANIZATION ( #2402, #2555 ) ;
#59 = LINE ( 'NONE', #1810, #3545 ) ;
#60 = DIRECTION ( 'NONE',  ( 1.000000000000000000, 0.000000000000000000, 0.000000000000000000 ) ) ;
#61 = DATE_AND_TIME ( #2668, #559 ) ;
#62 = DIRECTION ( 'NONE',  ( 0.000000000000000000, -1.000000000000000000, 0.000000000000000000 ) ) ;
#63 = EDGE_LOOP ( 'NONE', ( #2187, #159, #705, #1719 ) ) ;
#64 = ADVANCED_FACE ( 'NONE', ( #2698 ), #3502, .F. ) ;
#65 = PRODUCT_RELATED_PRODUCT_CATEGORY ( 'detail', '', ( #3650 ) ) ;
#66 = LOCAL_TIME ( 2, 11, 31.00000000000000000, #1737 ) ;
#67 = CC_DESIGN_SECURITY_CLASSIFICATION ( #240, ( #1581 ) ) ;
#68 = SECURITY_CLASSIFICATION ( '', '', #2183 ) ;
#69 = APPROVAL_PERSON_ORGANIZATION ( #457, #3309, #2778 ) ;
#70 = AXIS2_PLACEMENT_3D ( 'NONE', #3456, #790, #2854 ) ;
#71 = VERTEX_POINT ( 'NONE', #3580 ) ;
#72 = SECURITY_CLASSIFICATION_LEVEL ( 'unclassified' ) ;
#73 = AXIS2_PLACEMENT_3D ( 'NONE', #1875, #3051, #1580 ) ;
#74 = DIRECTION ( 'NONE',  ( 0.000000000000000000, 0.5735764363510461594, 0.8191520442889920206 ) ) ;
#75 = ORIENTED_EDGE ( 'NONE', *, *, #2814, .T. ) ;
#76 = VECTOR ( 'NONE', #146, 1000.000000000000000 ) ;
#77 = SECURITY_CLASSIFICATION ( '', '', #3086 ) ;
#78 = ORGANIZATION ( 'NAUO-ORG38', 'UNSPECIFIED', 'UNSPECIFIED' ) ;
#79 = APPROVAL_PERSON_ORGANIZATION ( #3140, #965, #1643 ) ;
#80 = VECTOR ( 'NONE', #2963, 1000.000000000000000 ) ;
#81 = DIRECTION ( 'NONE',  ( 0.000000000000000000, 0.000000000000000000, 1.000000000000000000 ) ) ;
#82 = CC_DESIGN_APPROVAL ( #2266, ( #815 ) ) ;
#83 = CC_DESIGN_APPROVAL ( #2429, ( #167 ) ) ;
#84 = PRODUCT_DEFINITION_SHAPE ( 'NONE', 'NONE',  #3742 ) ;
#85 = DIRECTION ( 'NONE',  ( 0.000000000000000000, -0.000000000000000000, -1.000000000000000000 ) ) ;
#86 = DATE_AND_TIME ( #2148, #1237 ) ;
#87 = LINE ( 'NONE', #1544, #1522 ) ;
#88 = LOCAL_TIME ( 2, 11, 31.00000000000000000, #2508 ) ;
#89 = LOCAL_TIME ( 2, 11, 31.00000000000000000, #1180 ) ;
#90 = CALENDAR_DATE ( 2026, 27, 7 ) ;
#91 = CC_DESIGN_PERSON_AND_ORGANIZATION_ASSIGNMENT ( #3401, #1139, ( #996 ) ) ;
#92 = ORIENTED_EDGE ( 'NONE', *, *, #547, .T. ) ;
#93 = APPROVAL ( #1309, '未指定' ) ;
#94 = APPLICATION_CONTEXT ( 'configuration controlled 3d designs of mechanical parts and assemblies' ) ;
#95 = ORIENTED_EDGE ( 'NONE', *, *, #1126, .T. ) ;
#96 = COORDINATED_UNIVERSAL_TIME_OFFSET ( 8, 0, .AHEAD. ) ;
#97 = DIRECTION ( 'NONE',  ( 0.000000000000000000, 0.000000000000000000, 1.000000000000000000 ) ) ;
#98 = VERTEX_POINT ( 'NONE', #2066 ) ;
#99 = ITEM_DEFINED_TRANSFORMATION ( 'NONE', 'NONE', #2140,  #2883 ) ;
#100 = CARTESIAN_POINT ( 'NONE',  ( -25.00000000000000000, 0.000000000000000000, 4.000000000000000000 ) ) ;
#101 = APPROVAL_ROLE ( '' ) ;
#102 = PERSON_AND_ORGANIZATION ( #2402, #2555 ) ;
#103 = LINE ( 'NONE', #716, #2876 ) ;
#104 = FACE_OUTER_BOUND ( 'NONE', #2439, .T. ) ;
#105 = CARTESIAN_POINT ( 'NONE',  ( 25.00000000000000000, 0.000000000000000000, 1.500000000000000000 ) ) ;
#106 = DIRECTION ( 'NONE',  ( 0.000000000000000000, 0.000000000000000000, 1.000000000000000000 ) ) ;
#107 = PLANE ( 'NONE',  #2938 ) ;
#108 = COORDINATED_UNIVERSAL_TIME_OFFSET ( 8, 0, .AHEAD. ) ;
#109 = APPROVAL_DATE_TIME ( #1546, #1199 ) ;
#110 = DIRECTION ( 'NONE',  ( -0.000000000000000000, -1.000000000000000000, -0.000000000000000000 ) ) ;
#111 =( REPRESENTATION_RELATIONSHIP ('NONE','NONE', #1576, #1968 ) REPRESENTATION_RELATIONSHIP_WITH_TRANSFORMATION ( #3099 )SHAPE_REPRESENTATION_RELATIONSHIP( ) );
#112 = EDGE_CURVE ( 'NONE', #1642, #1365, #3201, .T. ) ;
#113 = PERSON_AND_ORGANIZATION_ROLE ( 'classification_officer' ) ;
#114 = CARTESIAN_POINT ( 'NONE',  ( -120.0000000000000000, -83.00000000000000000, 145.0000000000000000 ) ) ;
#115 = CC_DESIGN_PERSON_AND_ORGANIZATION_ASSIGNMENT ( #2322, #338, ( #1163 ) ) ;
#116 = VERTEX_POINT ( 'NONE', #2913 ) ;
#117 = PRODUCT_DEFINITION_SHAPE ( 'NONE', 'NONE',  #3730 ) ;
#118 = PERSON ( 'NAUO-PER21', 'UNSPECIFIED', 'UNSPECIFIED', ('UNSPECIFIED'), ('UNSPECIFIED'), ('UNSPECIFIED') ) ;
#119 = DATE_AND_TIME ( #1508, #3617 ) ;
#120 = DIRECTION ( 'NONE',  ( -0.000000000000000000, -1.000000000000000000, -0.000000000000000000 ) ) ;
#121 = LINE ( 'NONE', #1278, #1836 ) ;
#122 = PLANE ( 'NONE',  #73 ) ;
#123 = CC_DESIGN_DATE_AND_TIME_ASSIGNMENT ( #1068, #793, ( #3548 ) ) ;
#124 = DIRECTION ( 'NONE',  ( 1.000000000000000000, 0.000000000000000000, 0.000000000000000000 ) ) ;
#125 = SHAPE_REPRESENTATION ( 'FN-FRM-009_foot-end-cap-50x3x30_CONCEPT_R0.7', ( #2883 ), #2501 ) ;
#126 = DATE_AND_TIME ( #2506, #3253 ) ;
#127 = PERSON_AND_ORGANIZATION ( #2402, #2555 ) ;
#128 = FACE_OUTER_BOUND ( 'NONE', #1185, .T. ) ;
#129 = PERSON_AND_ORGANIZATION ( #2402, #2555 ) ;
#130 = AXIS2_PLACEMENT_3D ( 'NONE', #2054, #32, #3204 ) ;
#131 = CALENDAR_DATE ( 2026, 27, 7 ) ;
#132 = VERTEX_POINT ( 'NONE', #3219 ) ;
#133 = PERSON_AND_ORGANIZATION_ROLE ( 'classification_officer' ) ;
#134 = EDGE_CURVE ( 'NONE', #353, #2465, #3130, .T. ) ;
#135 = CLOSED_SHELL ( 'NONE', ( #2193, #1077, #1344, #3524 ) ) ;
#136 = DIRECTION ( 'NONE',  ( 0.000000000000000000, 0.000000000000000000, 1.000000000000000000 ) ) ;
#137 =( NAMED_UNIT ( * ) SI_UNIT ( $, .STERADIAN. ) SOLID_ANGLE_UNIT ( ) );
#138 = ORIENTED_EDGE ( 'NONE', *, *, #3510, .T. ) ;
#139 = VECTOR ( 'NONE', #1202, 1000.000000000000000 ) ;
#140 = APPROVAL ( #1562, 'UNKNOWN' ) ;
#141 = CC_DESIGN_PERSON_AND_ORGANIZATION_ASSIGNMENT ( #1749, #1696, ( #1035 ) ) ;
#142 = AXIS2_PLACEMENT_3D ( 'NONE', #3400, #786, #226 ) ;
#143 = LOCAL_TIME ( 2, 11, 31.00000000000000000, #1059 ) ;
#144 = ORGANIZATION ( 'NAUO-ORG34', 'UNSPECIFIED', 'UNSPECIFIED' ) ;
#145 = LINE ( 'NONE', #1153, #2688 ) ;
#146 = DIRECTION ( 'NONE',  ( 1.000000000000000000, 0.000000000000000000, 0.000000000000000000 ) ) ;
#147 = UNCERTAINTY_MEASURE_WITH_UNIT (LENGTH_MEASURE( 1.000000000000000082E-05 ), #3695, 'distance_accuracy_value', 'NONE');
#148 = PLANE ( 'NONE',  #2815 ) ;
#149 = LOCAL_TIME ( 2, 11, 31.00000000000000000, #1148 ) ;
#150 = SECURITY_CLASSIFICATION ( '', '', #2249 ) ;
#151 = CALENDAR_DATE ( 2026, 27, 7 ) ;
#152 = PERSON_AND_ORGANIZATION ( #2402, #2555 ) ;
#153 = CC_DESIGN_APPROVAL ( #2511, ( #3141 ) ) ;
#154 = CC_DESIGN_SECURITY_CLASSIFICATION ( #1112, ( #3724 ) ) ;
#155 = DIRECTION ( 'NONE',  ( -0.000000000000000000, -1.000000000000000000, -0.000000000000000000 ) ) ;
#156 = SECURITY_CLASSIFICATION ( '', '', #3318 ) ;
#157 = CC_DESIGN_SECURITY_CLASSIFICATION ( #3459, ( #2354 ) ) ;
#158 = PERSON_AND_ORGANIZATION ( #2402, #2555 ) ;
#159 = ORIENTED_EDGE ( 'NONE', *, *, #3446, .T. ) ;
#160 = DIRECTION ( 'NONE',  ( 0.000000000000000000, 0.000000000000000000, 1.000000000000000000 ) ) ;
#161 = ITEM_DEFINED_TRANSFORMATION ( 'NONE', 'NONE', #674,  #2883 ) ;
#162 = CC_DESIGN_SECURITY_CLASSIFICATION ( #641, ( #774 ) ) ;
#163 = CALENDAR_DATE ( 2026, 27, 7 ) ;
#164 = ADVANCED_FACE ( 'NONE', ( #2758 ), #2510, .T. ) ;
#165 = CARTESIAN_POINT ( 'NONE',  ( -160.0000000000000000, 0.000000000000000000, 12.50000000000000000 ) ) ;
#166 = CARTESIAN_POINT ( 'NONE',  ( 0.000000000000000000, 0.000000000000000000, 0.000000000000000000 ) ) ;
#167 = PRODUCT_DEFINITION ( '未知', '', #1061, #1849 ) ;
#168 = DIRECTION ( 'NONE',  ( 0.000000000000000000, -1.000000000000000000, 0.000000000000000000 ) ) ;
#169 = ADVANCED_BREP_SHAPE_REPRESENTATION ( '', ( #2396, #2883 ), #2446 ) ;
#170 = EDGE_LOOP ( 'NONE', ( #2048, #3509 ) ) ;
#171 = CC_DESIGN_DATE_AND_TIME_ASSIGNMENT ( #1017, #2736, ( #2018 ) ) ;
#172 =( LENGTH_UNIT ( ) NAMED_UNIT ( * ) SI_UNIT ( .MILLI., .METRE. ) );
#173 = ITEM_DEFINED_TRANSFORMATION ( 'NONE', 'NONE', #3537,  #2883 ) ;
#174 = DATE_TIME_ROLE ( 'classification_date' ) ;
#175 = DESIGN_CONTEXT ( 'detailed design', #756, 'design' ) ;
#176 = LINE ( 'NONE', #2238, #1701 ) ;
#177 = APPROVAL_ROLE ( '' ) ;
#178 = ADVANCED_FACE ( 'NONE', ( #2717 ), #3055, .T. ) ;
#179 = APPROVAL_STATUS ( 'not_yet_approved' ) ;
#180 = DIRECTION ( 'NONE',  ( 0.000000000000000000, 1.000000000000000000, 0.000000000000000000 ) ) ;
#181 = CC_DESIGN_PERSON_AND_ORGANIZATION_ASSIGNMENT ( #1670, #804, ( #1232 ) ) ;
#182 = CALENDAR_DATE ( 2026, 27, 7 ) ;
#183 = ORIENTED_EDGE ( 'NONE', *, *, #960, .T. ) ;
#184 = APPROVAL_DATE_TIME ( #1902, #1387 ) ;
#185 = AXIS2_PLACEMENT_3D ( 'NONE', #1568, #3352, #738 ) ;
#186 = EDGE_CURVE ( 'NONE', #2430, #2873, #1548, .T. ) ;
#187 = DATE_AND_TIME ( #1937, #2168 ) ;
#188 = SECURITY_CLASSIFICATION_LEVEL ( 'unclassified' ) ;
#189 = CLOSED_SHELL ( 'NONE', ( #2110, #527, #2491, #2426, #1754, #1028 ) ) ;
#190 = CARTESIAN_POINT ( 'NONE',  ( -160.0000000000000000, 0.000000000000000000, -12.50000000000000000 ) ) ;
#191 = DATE_AND_TIME ( #1929, #1776 ) ;
#192 = VECTOR ( 'NONE', #1928, 1000.000000000000000 ) ;
#193 = PERSON_AND_ORGANIZATION_ROLE ( 'creator' ) ;
#194 = DATE_TIME_ROLE ( 'creation_date' ) ;
#195 = DATE_AND_TIME ( #2241, #88 ) ;
#196 = CIRCLE ( 'NONE', #499, 7.000000000000000000 ) ;
#197 = ORGANIZATION ( 'NAUO-ORG15', 'UNSPECIFIED', 'UNSPECIFIED' ) ;
#198 = ORGANIZATION ( 'NAUO-ORG37', 'UNSPECIFIED', 'UNSPECIFIED' ) ;
#199 = DIRECTION ( 'NONE',  ( 1.000000000000000000, 0.000000000000000000, -0.000000000000000000 ) ) ;
#200 = SECURITY_CLASSIFICATION ( '', '', #3045 ) ;
#201 = LOCAL_TIME ( 2, 11, 31.00000000000000000, #1159 ) ;
#202 = CC_DESIGN_DATE_AND_TIME_ASSIGNMENT ( #2261, #224, ( #1534 ) ) ;
#203 = PRODUCT_RELATED_PRODUCT_CATEGORY ( 'detail', '', ( #2769 ) ) ;
#204 = VERTEX_POINT ( 'NONE', #1269 ) ;
#205 = CC_DESIGN_SECURITY_CLASSIFICATION ( #393, ( #3751 ) ) ;
#206 = APPROVAL_PERSON_ORGANIZATION ( #798, #882, #518 ) ;
#207 = CARTESIAN_POINT ( 'NONE',  ( -45.00000000000000000, 0.000000000000000000, 40.00000000000000000 ) ) ;
#208 = CC_DESIGN_PERSON_AND_ORGANIZATION_ASSIGNMENT ( #838, #1679, ( #1011 ) ) ;
#209 = SHAPE_DEFINITION_REPRESENTATION ( #1626, #3264 ) ;
#210 = APPROVAL_DATE_TIME ( #2521, #1595 ) ;
#211 = ORIENTED_EDGE ( 'NONE', *, *, #2610, .T. ) ;
#212 = LINE ( 'NONE', #1940, #930 ) ;
#213 = DIRECTION ( 'NONE',  ( 0.000000000000000000, 0.000000000000000000, -1.000000000000000000 ) ) ;
#214 = APPLICATION_CONTEXT ( 'configuration controlled 3d designs of mechanical parts and assemblies' ) ;
#215 = EDGE_CURVE ( 'NONE', #1935, #1420, #2144, .T. ) ;
#216 = PERSON_AND_ORGANIZATION ( #2402, #2555 ) ;
#217 = LINE ( 'NONE', #2255, #439 ) ;
#218 = MECHANICAL_CONTEXT ( 'NONE', #356, 'mechanical' ) ;
#219 = ORIENTED_EDGE ( 'NONE', *, *, #3678, .F. ) ;
#220 = CALENDAR_DATE ( 2026, 27, 7 ) ;
#221 = EDGE_CURVE ( 'NONE', #2243, #1796, #2731, .T. ) ;
#222 =( LENGTH_UNIT ( ) NAMED_UNIT ( * ) SI_UNIT ( .MILLI., .METRE. ) );
#223 = CALENDAR_DATE ( 2026, 27, 7 ) ;
#224 = DATE_TIME_ROLE ( 'classification_date' ) ;
#225 = CC_DESIGN_DATE_AND_TIME_ASSIGNMENT ( #2306, #1722, ( #3682 ) ) ;
#226 = DIRECTION ( 'NONE',  ( 0.000000000000000000, 0.000000000000000000, -1.000000000000000000 ) ) ;
#227 = CONTEXT_DEPENDENT_SHAPE_REPRESENTATION ( #2262, #701 ) ;
#228 = COORDINATED_UNIVERSAL_TIME_OFFSET ( 8, 0, .AHEAD. ) ;
#229 = APPROVAL_STATUS ( 'not_yet_approved' ) ;
#230 = DIRECTION ( 'NONE',  ( 0.000000000000000000, 0.000000000000000000, -1.000000000000000000 ) ) ;
#231 = CC_DESIGN_APPROVAL ( #3309, ( #315 ) ) ;
#232 = CARTESIAN_POINT ( 'NONE',  ( 45.00000000000000000, 8.000000000000000000, -40.00000000000000000 ) ) ;
#233 = PERSON_AND_ORGANIZATION_ROLE ( 'creator' ) ;
#234 = ORIENTED_EDGE ( 'NONE', *, *, #2533, .F. ) ;
#235 = DESIGN_CONTEXT ( 'detailed design', #3283, 'design' ) ;
#236 = EDGE_CURVE ( 'NONE', #98, #1528, #2440, .T. ) ;
#237 = APPROVAL_ROLE ( '' ) ;
#238 = AXIS2_PLACEMENT_3D ( 'NONE', #2364, #906, #6 ) ;
#239 = CC_DESIGN_DATE_AND_TIME_ASSIGNMENT ( #1778, #2879, ( #449 ) ) ;
#240 = SECURITY_CLASSIFICATION ( '', '', #1684 ) ;
#241 = AXIS2_PLACEMENT_3D ( 'NONE', #994, #403, #1846 ) ;
#242 = CC_DESIGN_PERSON_AND_ORGANIZATION_ASSIGNMENT ( #761, #472, ( #3407 ) ) ;
#243 = SECURITY_CLASSIFICATION_LEVEL ( 'unclassified' ) ;
#244 = AXIS2_PLACEMENT_3D ( 'NONE', #3037, #1042, #432 ) ;
#245 = SECURITY_CLASSIFICATION_LEVEL ( 'unclassified' ) ;
#246 = DATE_AND_TIME ( #2866, #1655 ) ;
#247 = CARTESIAN_POINT ( 'NONE',  ( 150.0000000000000000, 32.00000000000000000, 3.000000000000000000 ) ) ;
#248 = CIRCLE ( 'NONE', #2325, 4.000000000000000000 ) ;
#249 = CARTESIAN_POINT ( 'NONE',  ( 25.00000000000000000, 0.000000000000000000, 4.000000000000000000 ) ) ;
#250 = AXIS2_PLACEMENT_3D ( 'NONE', #3608, #961, #3093 ) ;
#251 = LOCAL_TIME ( 2, 11, 31.00000000000000000, #2281 ) ;
#252 = LOCAL_TIME ( 2, 11, 31.00000000000000000, #1210 ) ;
#253 = ORIENTED_EDGE ( 'NONE', *, *, #2263, .T. ) ;
#254 = VECTOR ( 'NONE', #2167, 1000.000000000000000 ) ;
#255 = APPROVAL_DATE_TIME ( #3195, #1230 ) ;
#256 = CC_DESIGN_APPROVAL ( #3213, ( #3614 ) ) ;
#257 = ADVANCED_FACE ( 'NONE', ( #3652 ), #986, .T. ) ;
#258 = SECURITY_CLASSIFICATION ( '', '', #1805 ) ;
#259 = LOCAL_TIME ( 2, 11, 31.00000000000000000, #2796 ) ;
#260 = APPROVAL_ROLE ( '' ) ;
#261 = CALENDAR_DATE ( 2026, 27, 7 ) ;
#262 = CARTESIAN_POINT ( 'NONE',  ( -125.0000000000000000, 125.0000000000000000, 110.0000000000000000 ) ) ;
#263 = COORDINATED_UNIVERSAL_TIME_OFFSET ( 8, 0, .AHEAD. ) ;
#264 = PLANE ( 'NONE',  #2755 ) ;
#265 = MECHANICAL_CONTEXT ( 'NONE', #948, 'mechanical' ) ;
#266 = EDGE_CURVE ( 'NONE', #1165, #726, #2218, .T. ) ;
#267 = CALENDAR_DATE ( 2026, 27, 7 ) ;
#268 = CARTESIAN_POINT ( 'NONE',  ( -15.00000000000000000, 3.000000000000000000, 15.00000000000000000 ) ) ;
#269 = PLANE ( 'NONE',  #70 ) ;
#270 = APPROVAL_PERSON_ORGANIZATION ( #1786, #1321, #502 ) ;
#271 = CC_DESIGN_PERSON_AND_ORGANIZATION_ASSIGNMENT ( #3554, #941, ( #1567 ) ) ;
#272 = CARTESIAN_POINT ( 'NONE',  ( -15.00000000000000000, 3.000000000000000000, 15.00000000000000000 ) ) ;
#273 = APPROVAL_ROLE ( '' ) ;
#274 = ORIENTED_EDGE ( 'NONE', *, *, #3595, .F. ) ;
#275 = APPROVAL_STATUS ( 'not_yet_approved' ) ;
#276 = PERSON_AND_ORGANIZATION ( #2402, #2555 ) ;
#277 = DATE_TIME_ROLE ( 'classification_date' ) ;
#278 = APPLICATION_CONTEXT ( 'configuration controlled 3d designs of mechanical parts and assemblies' ) ;
#279 = CALENDAR_DATE ( 2026, 27, 7 ) ;
#280 = PRODUCT_DEFINITION_SHAPE ( 'NONE', 'NONE',  #3743 ) ;
#281 = CALENDAR_DATE ( 2026, 27, 7 ) ;
#282 = LINE ( 'NONE', #3555, #2516 ) ;
#283 = VERTEX_POINT ( 'NONE', #765 ) ;
#284 = ADVANCED_FACE ( 'NONE', ( #128 ), #1310, .F. ) ;
#285 = DATE_AND_TIME ( #1743, #201 ) ;
#286 = PERSON_AND_ORGANIZATION ( #2402, #2555 ) ;
#287 = PERSON ( 'NAUO-PER12', 'UNSPECIFIED', 'UNSPECIFIED', ('UNSPECIFIED'), ('UNSPECIFIED'), ('UNSPECIFIED') ) ;
#288 = APPROVAL ( #471, 'UNKNOWN' ) ;
#289 = ORIENTED_EDGE ( 'NONE', *, *, #186, .T. ) ;
#290 = APPROVAL_PERSON_ORGANIZATION ( #682, #3121, #3583 ) ;
#291 = ITEM_DEFINED_TRANSFORMATION ( 'NONE', 'NONE', #2317,  #2883 ) ;
#292 = CONTEXT_DEPENDENT_SHAPE_REPRESENTATION ( #3122, #3517 ) ;
#293 =( REPRESENTATION_RELATIONSHIP ('NONE','NONE', #1576, #637 ) REPRESENTATION_RELATIONSHIP_WITH_TRANSFORMATION ( #1396 )SHAPE_REPRESENTATION_RELATIONSHIP( ) );
#294 = SHAPE_DEFINITION_REPRESENTATION ( #664, #1685 ) ;
#295 = SECURITY_CLASSIFICATION_LEVEL ( 'unclassified' ) ;
#296 = APPROVAL_STATUS ( 'not_yet_approved' ) ;
#297 =( GEOMETRIC_REPRESENTATION_CONTEXT ( 3 ) GLOBAL_UNCERTAINTY_ASSIGNED_CONTEXT ( ( #1856 ) ) GLOBAL_UNIT_ASSIGNED_CONTEXT ( ( #2988, #602, #372 ) ) REPRESENTATION_CONTEXT ( 'NONE', 'WORKASPACE' ) );
#298 = APPROVAL_STATUS ( 'not_yet_approved' ) ;
#299 = CARTESIAN_POINT ( 'NONE',  ( 25.00000000000000000, 0.000000000000000000, -1.500000000000000000 ) ) ;
#300 = DIRECTION ( 'NONE',  ( 0.000000000000000000, 0.000000000000000000, 1.000000000000000000 ) ) ;
#301 = PLANE ( 'NONE',  #378 ) ;
#302 = ORIENTED_EDGE ( 'NONE', *, *, #3350, .F. ) ;
#303 = AXIS2_PLACEMENT_3D ( 'NONE', #3179, #1407, #543 ) ;
#304 = PERSON_AND_ORGANIZATION_ROLE ( 'classification_officer' ) ;
#305 = VECTOR ( 'NONE', #1617, 1000.000000000000000 ) ;
#306 = ORIENTED_EDGE ( 'NONE', *, *, #476, .T. ) ;
#307 = ORIENTED_EDGE ( 'NONE', *, *, #2012, .T. ) ;
#308 = AXIS2_PLACEMENT_3D ( 'NONE', #1379, #1073, #2552 ) ;
#309 = APPROVAL ( #811, 'UNKNOWN' ) ;
#310 = LOCAL_TIME ( 2, 11, 31.00000000000000000, #1098 ) ;
#311 = SECURITY_CLASSIFICATION ( '', '', #2705 ) ;
#312 = APPROVAL ( #2672, '未指定' ) ;
#313 = ORIENTED_EDGE ( 'NONE', *, *, #2838, .T. ) ;
#314 =( GEOMETRIC_REPRESENTATION_CONTEXT ( 3 ) GLOBAL_UNCERTAINTY_ASSIGNED_CONTEXT ( ( #3312 ) ) GLOBAL_UNIT_ASSIGNED_CONTEXT ( ( #1820, #2053, #605 ) ) REPRESENTATION_CONTEXT ( 'NONE', 'WORKASPACE' ) );
#315 = PRODUCT_DEFINITION_FORMATION_WITH_SPECIFIED_SOURCE ( '任何', '', #2239, .NOT_KNOWN. ) ;
#316 = PERSON_AND_ORGANIZATION_ROLE ( 'classification_officer' ) ;
#317 = CC_DESIGN_APPROVAL ( #2744, ( #3160 ) ) ;
#318 = PRODUCT_DEFINITION_SHAPE ( 'NONE', 'NONE',  #3733 ) ;
#319 = DATE_AND_TIME ( #1173, #2142 ) ;
#320 =( NAMED_UNIT ( * ) SI_UNIT ( $, .STERADIAN. ) SOLID_ANGLE_UNIT ( ) );
#321 = DIRECTION ( 'NONE',  ( 1.000000000000000000, 0.000000000000000000, 0.000000000000000000 ) ) ;
#322 = CC_DESIGN_DATE_AND_TIME_ASSIGNMENT ( #2634, #26, ( #1011 ) ) ;
#323 = LOCAL_TIME ( 2, 11, 31.00000000000000000, #2722 ) ;
#324 = EDGE_LOOP ( 'NONE', ( #3458, #2952, #2604, #2930 ) ) ;
#325 = LOCAL_TIME ( 2, 11, 31.00000000000000000, #3699 ) ;
#326 = APPROVAL_PERSON_ORGANIZATION ( #2810, #140, #2216 ) ;
#327 = LINE ( 'NONE', #2123, #1711 ) ;
#328 = SHAPE_DEFINITION_REPRESENTATION ( #2799, #1576 ) ;
#329 = DIRECTION ( 'NONE',  ( 0.000000000000000000, 1.000000000000000000, 0.000000000000000000 ) ) ;
#330 = CARTESIAN_POINT ( 'NONE',  ( 0.000000000000000000, 20.00000000000000000, 0.000000000000000000 ) ) ;
#331 = EDGE_LOOP ( 'NONE', ( #1429, #183, #2342, #2316 ) ) ;
#332 = CALENDAR_DATE ( 2026, 27, 7 ) ;
#333 = APPROVAL_ROLE ( '' ) ;
#334 = COORDINATED_UNIVERSAL_TIME_OFFSET ( 8, 0, .AHEAD. ) ;
#335 = MECHANICAL_CONTEXT ( 'NONE', #413, 'mechanical' ) ;
#336 = ITEM_DEFINED_TRANSFORMATION ( 'NONE', 'NONE', #241,  #2883 ) ;
#337 = EDGE_CURVE ( 'NONE', #3475, #283, #3619, .T. ) ;
#338 = PERSON_AND_ORGANIZATION_ROLE ( 'classification_officer' ) ;
#339 = DIRECTION ( 'NONE',  ( 0.000000000000000000, 0.5735764363510461594, 0.8191520442889920206 ) ) ;
#340 = CALENDAR_DATE ( 2026, 27, 7 ) ;
#341 = ADVANCED_BREP_SHAPE_REPRESENTATION ( '', ( #3645, #2883 ), #2570 ) ;
#342 = PRODUCT_DEFINITION ( '未知', '', #1914, #405 ) ;
#343 = DIRECTION ( 'NONE',  ( 0.000000000000000000, 0.000000000000000000, 1.000000000000000000 ) ) ;
#344 = APPROVAL_DATE_TIME ( #2967, #3213 ) ;
#345 = LINE ( 'NONE', #858, #3314 ) ;
#346 = CARTESIAN_POINT ( 'NONE',  ( -25.00000000000000000, 80.00000000000000000, 4.000000000000000000 ) ) ;
#347 = ORIENTED_EDGE ( 'NONE', *, *, #2860, .T. ) ;
#348 = DIRECTION ( 'NONE',  ( 0.000000000000000000, 0.000000000000000000, 1.000000000000000000 ) ) ;
#349 = CALENDAR_DATE ( 2026, 27, 7 ) ;
#350 = DIRECTION ( 'NONE',  ( 0.000000000000000000, 0.000000000000000000, 1.000000000000000000 ) ) ;
#351 = APPROVAL_STATUS ( 'not_yet_approved' ) ;
#352 = PRODUCT_DEFINITION_SHAPE ( 'NONE', 'NONE',  #3737 ) ;
#353 = VERTEX_POINT ( 'NONE', #2201 ) ;
#354 = CARTESIAN_POINT ( 'NONE',  ( -125.0000000000000000, 35.00000000000000000, 161.0000000000000000 ) ) ;
#355 = APPROVAL_DATE_TIME ( #3277, #1825 ) ;
#356 = APPLICATION_CONTEXT ( 'configuration controlled 3d designs of mechanical parts and assemblies' ) ;
#357 = EDGE_LOOP ( 'NONE', ( #933, #302, #3180, #792 ) ) ;
#358 = PERSON_AND_ORGANIZATION ( #1377, #78 ) ;
#359 = CARTESIAN_POINT ( 'NONE',  ( -139.9999999999999716, 245.0000000000000000, 145.0000000000000000 ) ) ;
#360 = CONTEXT_DEPENDENT_SHAPE_REPRESENTATION ( #495, #2432 ) ;
#361 = DIRECTION ( 'NONE',  ( 0.000000000000000000, 0.000000000000000000, -1.000000000000000000 ) ) ;
#362 = CC_DESIGN_DATE_AND_TIME_ASSIGNMENT ( #2177, #1248, ( #757 ) ) ;
#363 = CALENDAR_DATE ( 2026, 27, 7 ) ;
#364 = CC_DESIGN_DATE_AND_TIME_ASSIGNMENT ( #1582, #3592, ( #1044 ) ) ;
#365 = LINE ( 'NONE', #1739, #8 ) ;
#366 = DIRECTION ( 'NONE',  ( 0.000000000000000000, 1.000000000000000000, 0.000000000000000000 ) ) ;
#367 = APPROVAL_ROLE ( '' ) ;
#368 = CALENDAR_DATE ( 2026, 27, 7 ) ;
#369 = ORIENTED_EDGE ( 'NONE', *, *, #236, .T. ) ;
#370 = AXIS2_PLACEMENT_3D ( 'NONE', #2706, #1750, #321 ) ;
#371 = CARTESIAN_POINT ( 'NONE',  ( -150.0000000000000000, 32.00000000000000000, -3.000000000000000000 ) ) ;
#372 =( NAMED_UNIT ( * ) SI_UNIT ( $, .STERADIAN. ) SOLID_ANGLE_UNIT ( ) );
#373 = CALENDAR_DATE ( 2026, 27, 7 ) ;
#374 = DIRECTION ( 'NONE',  ( 0.000000000000000000, 0.000000000000000000, -1.000000000000000000 ) ) ;
#375 = APPROVAL_ROLE ( '' ) ;
#376 = ORIENTED_EDGE ( 'NONE', *, *, #1556, .T. ) ;
#377 = SECURITY_CLASSIFICATION_LEVEL ( 'unclassified' ) ;
#378 = AXIS2_PLACEMENT_3D ( 'NONE', #1811, #62, #1497 ) ;
#379 = LOCAL_TIME ( 2, 11, 31.00000000000000000, #1832 ) ;
#380 = AXIS2_PLACEMENT_3D ( 'NONE', #409, #3363, #1024 ) ;
#381 = LOCAL_TIME ( 2, 11, 31.00000000000000000, #2055 ) ;
#382 = CC_DESIGN_SECURITY_CLASSIFICATION ( #2018, ( #3759 ) ) ;
#383 = DATE_AND_TIME ( #1275, #2519 ) ;
#384 = EDGE_CURVE ( 'NONE', #132, #2970, #1584, .T. ) ;
#385 = CARTESIAN_POINT ( 'NONE',  ( 0.000000000000000000, 0.000000000000000000, 0.000000000000000000 ) ) ;
#386 = LOCAL_TIME ( 2, 11, 31.00000000000000000, #1312 ) ;
#387 = SECURITY_CLASSIFICATION ( '', '', #3285 ) ;
#388 = DATE_AND_TIME ( #363, #3085 ) ;
#389 = CARTESIAN_POINT ( 'NONE',  ( 15.00000000000000000, 0.000000000000000000, 15.00000000000000000 ) ) ;
#390 = CARTESIAN_POINT ( 'NONE',  ( 25.00000000000000000, 80.00000000000000000, -4.000000000000000000 ) ) ;
#391 = COORDINATED_UNIVERSAL_TIME_OFFSET ( 8, 0, .AHEAD. ) ;
#392 = DIRECTION ( 'NONE',  ( 1.000000000000000000, -0.000000000000000000, 0.000000000000000000 ) ) ;
#393 = SECURITY_CLASSIFICATION ( '', '', #3360 ) ;
#394 = CC_DESIGN_APPROVAL ( #445, ( #1717 ) ) ;
#395 = PRODUCT_DEFINITION_SHAPE ( 'NONE', 'NONE',  #3729 ) ;
#396 = EDGE_CURVE ( 'NONE', #3212, #3536, #1014, .T. ) ;
#397 = CALENDAR_DATE ( 2026, 27, 7 ) ;
#398 = DIRECTION ( 'NONE',  ( 0.000000000000000000, -0.000000000000000000, -1.000000000000000000 ) ) ;
#399 = CC_DESIGN_PERSON_AND_ORGANIZATION_ASSIGNMENT ( #1224, #1137, ( #1850 ) ) ;
#400 = DIRECTION ( 'NONE',  ( 0.000000000000000000, 0.000000000000000000, 1.000000000000000000 ) ) ;
#401 = ORIENTED_EDGE ( 'NONE', *, *, #582, .T. ) ;
#402 = APPROVAL_STATUS ( 'not_yet_approved' ) ;
#403 = DIRECTION ( 'NONE',  ( 0.000000000000000000, 0.000000000000000000, 1.000000000000000000 ) ) ;
#404 = ORIENTED_EDGE ( 'NONE', *, *, #3129, .T. ) ;
#405 = DESIGN_CONTEXT ( 'detailed design', #3690, 'design' ) ;
#406 = CALENDAR_DATE ( 2026, 27, 7 ) ;
#407 = LINE ( 'NONE', #1000, #2617 ) ;
#408 = PERSON_AND_ORGANIZATION ( #2402, #2555 ) ;
#409 = CARTESIAN_POINT ( 'NONE',  ( 0.000000000000000000, 0.000000000000000000, 2.000000000000000000 ) ) ;
#410 = UNCERTAINTY_MEASURE_WITH_UNIT (LENGTH_MEASURE( 1.000000000000000082E-05 ), #2656, 'distance_accuracy_value', 'NONE');
#411 = DATE_AND_TIME ( #3005, #3478 ) ;
#412 = DIRECTION ( 'NONE',  ( -0.000000000000000000, -0.000000000000000000, 1.000000000000000000 ) ) ;
#413 = APPLICATION_CONTEXT ( 'configuration controlled 3d designs of mechanical parts and assemblies' ) ;
#414 = ITEM_DEFINED_TRANSFORMATION ( 'NONE', 'NONE', #3533,  #2883 ) ;
#415 = APPROVAL_DATE_TIME ( #1521, #3418 ) ;
#416 = EDGE_CURVE ( 'NONE', #1935, #2465, #2184, .T. ) ;
#417 = CARTESIAN_POINT ( 'NONE',  ( -160.0000000000000000, 20.00000000000000000, -12.50000000000000000 ) ) ;
#418 = PERSON_AND_ORGANIZATION ( #2402, #2555 ) ;
#419 = APPROVAL ( #1964, 'UNKNOWN' ) ;
#420 = PERSON_AND_ORGANIZATION ( #3521, #501 ) ;
#421 = DIRECTION ( 'NONE',  ( 0.000000000000000000, 0.000000000000000000, 1.000000000000000000 ) ) ;
#422 = DATE_TIME_ROLE ( 'classification_date' ) ;
#423 = CALENDAR_DATE ( 2026, 27, 7 ) ;
#424 = DATE_AND_TIME ( #3048, #3013 ) ;
#425 = CARTESIAN_POINT ( 'NONE',  ( 45.00000000000000000, 0.000000000000000000, 40.00000000000000000 ) ) ;
#426 = CARTESIAN_POINT ( 'NONE',  ( -15.00000000000000000, 3.000000000000000000, -15.00000000000000000 ) ) ;
#427 = LINE ( 'NONE', #1893, #3365 ) ;
#428 =( REPRESENTATION_RELATIONSHIP ('NONE','NONE', #1576, #3506 ) REPRESENTATION_RELATIONSHIP_WITH_TRANSFORMATION ( #2919 )SHAPE_REPRESENTATION_RELATIONSHIP( ) );
#429 = APPROVAL_DATE_TIME ( #1635, #140 ) ;
#430 = PERSON_AND_ORGANIZATION ( #2402, #2555 ) ;
#431 = ORIENTED_EDGE ( 'NONE', *, *, #758, .F. ) ;
#432 = DIRECTION ( 'NONE',  ( -1.000000000000000000, 0.000000000000000000, 0.000000000000000000 ) ) ;
#433 = DIRECTION ( 'NONE',  ( 0.000000000000000000, 0.000000000000000000, 1.000000000000000000 ) ) ;
#434 = PERSON_AND_ORGANIZATION_ROLE ( 'creator' ) ;
#435 = PERSON ( 'NAUO-PER39', 'UNSPECIFIED', 'UNSPECIFIED', ('UNSPECIFIED'), ('UNSPECIFIED'), ('UNSPECIFIED') ) ;
#436 = ORIENTED_EDGE ( 'NONE', *, *, #1037, .T. ) ;
#437 = ORIENTED_EDGE ( 'NONE', *, *, #337, .T. ) ;
#438 = PERSON_AND_ORGANIZATION_ROLE ( 'classification_officer' ) ;
#439 = VECTOR ( 'NONE', #1674, 1000.000000000000000 ) ;
#440 = DIRECTION ( 'NONE',  ( 0.000000000000000000, 0.000000000000000000, 1.000000000000000000 ) ) ;
#441 = EDGE_CURVE ( 'NONE', #1921, #3563, #3076, .T. ) ;
#442 =( NAMED_UNIT ( * ) SI_UNIT ( $, .STERADIAN. ) SOLID_ANGLE_UNIT ( ) );
#443 = VECTOR ( 'NONE', #2242, 1000.000000000000000 ) ;
#444 = PERSON_AND_ORGANIZATION_ROLE ( 'classification_officer' ) ;
#445 = APPROVAL ( #3638, '未指定' ) ;
#446 = AXIS2_PLACEMENT_3D ( 'NONE', #1448, #1758, #1479 ) ;
#447 = APPROVAL_DATE_TIME ( #1196, #1663 ) ;
#448 = APPROVAL_DATE_TIME ( #3306, #3654 ) ;
#449 = SECURITY_CLASSIFICATION ( '', '', #2006 ) ;
#450 = LINE ( 'NONE', #389, #990 ) ;
#451 = CARTESIAN_POINT ( 'NONE',  ( -45.00000000000000000, 0.000000000000000000, 40.00000000000000000 ) ) ;
#452 = UNCERTAINTY_MEASURE_WITH_UNIT (LENGTH_MEASURE( 1.000000000000000082E-05 ), #3021, 'distance_accuracy_value', 'NONE');
#453 = CARTESIAN_POINT ( 'NONE',  ( -160.0000000000000000, 20.00000000000000000, 12.50000000000000000 ) ) ;
#454 = VECTOR ( 'NONE', #2909, 1000.000000000000000 ) ;
#455 = LOCAL_TIME ( 2, 11, 31.00000000000000000, #3290 ) ;
#456 = APPROVAL_PERSON_ORGANIZATION ( #3505, #1597, #1411 ) ;
#457 = PERSON_AND_ORGANIZATION ( #2402, #2555 ) ;
#458 = SECURITY_CLASSIFICATION ( '', '', #3419 ) ;
#459 = APPROVAL_PERSON_ORGANIZATION ( #58, #3566, #942 ) ;
#460 = CARTESIAN_POINT ( 'NONE',  ( -12.00000000000000000, 8.000000000000000000, -9.000000000000000000 ) ) ;
#461 = PRODUCT_DEFINITION_SHAPE ( 'NONE', 'NONE',  #167 ) ;
#462 = DATE_AND_TIME ( #182, #631 ) ;
#463 = VERTEX_POINT ( 'NONE', #460 ) ;
#464 = ADVANCED_FACE ( 'NONE', ( #2493 ), #1609, .T. ) ;
#465 = COORDINATED_UNIVERSAL_TIME_OFFSET ( 8, 0, .AHEAD. ) ;
#466 = CARTESIAN_POINT ( 'NONE',  ( -25.00000000000000000, 80.00000000000000000, -4.000000000000000000 ) ) ;
#467 = CC_DESIGN_PERSON_AND_ORGANIZATION_ASSIGNMENT ( #2925, #46, ( #3136 ) ) ;
#468 = PLANE ( 'NONE',  #1525 ) ;
#469 = PLANE ( 'NONE',  #2875 ) ;
#470 = DIRECTION ( 'NONE',  ( 0.000000000000000000, 0.000000000000000000, 1.000000000000000000 ) ) ;
#471 = APPROVAL_STATUS ( 'not_yet_approved' ) ;
#472 = PERSON_AND_ORGANIZATION_ROLE ( 'design_owner' ) ;
#473 = CARTESIAN_POINT ( 'NONE',  ( 0.000000000000000000, 35.00000000000000000, 0.000000000000000000 ) ) ;
#474 = DIRECTION ( 'NONE',  ( 0.000000000000000000, 0.000000000000000000, 1.000000000000000000 ) ) ;
#475 = ORIENTED_EDGE ( 'NONE', *, *, #416, .T. ) ;
#476 = EDGE_CURVE ( 'NONE', #2084, #3223, #3293, .T. ) ;
#477 =( NAMED_UNIT ( * ) PLANE_ANGLE_UNIT ( ) SI_UNIT ( $, .RADIAN. ) );
#478 = VERTEX_POINT ( 'NONE', #3406 ) ;
#479 = PERSON_AND_ORGANIZATION ( #2941, #2828 ) ;
#480 = PERSON ( 'NAUO-PER19', 'UNSPECIFIED', 'UNSPECIFIED', ('UNSPECIFIED'), ('UNSPECIFIED'), ('UNSPECIFIED') ) ;
#481 = CARTESIAN_POINT ( 'NONE',  ( -45.00000000000000000, 0.000000000000000000, 40.00000000000000000 ) ) ;
#482 = DIRECTION ( 'NONE',  ( -1.000000000000000000, 0.000000000000000000, 0.000000000000000000 ) ) ;
#483 = DATE_TIME_ROLE ( 'classification_date' ) ;
#484 = CC_DESIGN_PERSON_AND_ORGANIZATION_ASSIGNMENT ( #3063, #444, ( #1463 ) ) ;
#485 = CC_DESIGN_PERSON_AND_ORGANIZATION_ASSIGNMENT ( #3616, #2715, ( #1044 ) ) ;
#486 = DATE_AND_TIME ( #1932, #2282 ) ;
#487 = FACE_OUTER_BOUND ( 'NONE', #2337, .T. ) ;
#488 = EDGE_CURVE ( 'NONE', #463, #3026, #217, .T. ) ;
#489 = APPROVAL_STATUS ( 'not_yet_approved' ) ;
#490 = VERTEX_POINT ( 'NONE', #3691 ) ;
#491 = PLANE ( 'NONE',  #3242 ) ;
#492 = CALENDAR_DATE ( 2026, 27, 7 ) ;
#493 = VECTOR ( 'NONE', #2813, 1000.000000000000000 ) ;
#494 = PERSON_AND_ORGANIZATION ( #2227, #2283 ) ;
#495 =( REPRESENTATION_RELATIONSHIP ('NONE','NONE', #1576, #1685 ) REPRESENTATION_RELATIONSHIP_WITH_TRANSFORMATION ( #161 )SHAPE_REPRESENTATION_RELATIONSHIP( ) );
#496 = AXIS2_PLACEMENT_3D ( 'NONE', #2590, #2360, #1480 ) ;
#497 = FACE_OUTER_BOUND ( 'NONE', #1900, .T. ) ;
#498 = ITEM_DEFINED_TRANSFORMATION ( 'NONE', 'NONE', #1143,  #2883 ) ;
#499 = AXIS2_PLACEMENT_3D ( 'NONE', #2077, #343, #2391 ) ;
#500 = APPROVAL_PERSON_ORGANIZATION ( #2528, #744, #1919 ) ;
#501 = ORGANIZATION ( 'NAUO-ORG36', 'UNSPECIFIED', 'UNSPECIFIED' ) ;
#502 = APPROVAL_ROLE ( '' ) ;
#503 = PERSON_AND_ORGANIZATION ( #2402, #2555 ) ;
#504 = DIRECTION ( 'NONE',  ( -1.000000000000000000, 0.000000000000000000, -0.000000000000000000 ) ) ;
#505 = SECURITY_CLASSIFICATION ( '', '', #586 ) ;
#506 = LOCAL_TIME ( 2, 11, 31.00000000000000000, #12 ) ;
#507 = PLANE ( 'NONE',  #2452 ) ;
#508 = ADVANCED_FACE ( 'NONE', ( #1354 ), #1636, .F. ) ;
#509 = SECURITY_CLASSIFICATION ( '', '', #2596 ) ;
#510 = DATE_AND_TIME ( #1824, #3245 ) ;
#511 = LOCAL_TIME ( 2, 11, 31.00000000000000000, #896 ) ;
#512 = SHAPE_DEFINITION_REPRESENTATION ( #1066, #3506 ) ;
#513 = APPROVAL ( #1995, '未指定' ) ;
#514 = ORIENTED_EDGE ( 'NONE', *, *, #2064, .F. ) ;
#515 = LOCAL_TIME ( 2, 11, 31.00000000000000000, #2247 ) ;
#516 = APPROVAL_ROLE ( '' ) ;
#517 = CC_DESIGN_SECURITY_CLASSIFICATION ( #2169, ( #3732 ) ) ;
#518 = APPROVAL_ROLE ( '' ) ;
#519 = PERSON_AND_ORGANIZATION_ROLE ( 'classification_officer' ) ;
#520 = CC_DESIGN_APPROVAL ( #2414, ( #641 ) ) ;
#521 = CARTESIAN_POINT ( 'NONE',  ( -45.00000000000000000, 8.000000000000000000, 40.00000000000000000 ) ) ;
#522 = PERSON_AND_ORGANIZATION ( #2402, #2555 ) ;
#523 = DATE_AND_TIME ( #3151, #3558 ) ;
#524 = COORDINATED_UNIVERSAL_TIME_OFFSET ( 8, 0, .AHEAD. ) ;
#525 = DIRECTION ( 'NONE',  ( 1.000000000000000000, 0.000000000000000000, 0.000000000000000000 ) ) ;
#526 = DIRECTION ( 'NONE',  ( -1.000000000000000000, 0.000000000000000000, -0.000000000000000000 ) ) ;
#527 = ADVANCED_FACE ( 'NONE', ( #1075 ), #2895, .F. ) ;
#528 = PERSON ( 'NAUO-PER6', 'UNSPECIFIED', 'UNSPECIFIED', ('UNSPECIFIED'), ('UNSPECIFIED'), ('UNSPECIFIED') ) ;
#529 = ORIENTED_EDGE ( 'NONE', *, *, #2064, .T. ) ;
#530 = CALENDAR_DATE ( 2026, 27, 7 ) ;
#531 = APPROVAL ( #2708, 'UNKNOWN' ) ;
#532 = CC_DESIGN_DATE_AND_TIME_ASSIGNMENT ( #1431, #2090, ( #3459 ) ) ;
#533 = DATE_AND_TIME ( #3382, #2523 ) ;
#534 = COORDINATED_UNIVERSAL_TIME_OFFSET ( 8, 0, .AHEAD. ) ;
#535 = DATE_TIME_ROLE ( 'classification_date' ) ;
#536 = COORDINATED_UNIVERSAL_TIME_OFFSET ( 8, 0, .AHEAD. ) ;
#537 = DIRECTION ( 'NONE',  ( -1.000000000000000000, -0.000000000000000000, -0.000000000000000000 ) ) ;
#538 = FACE_OUTER_BOUND ( 'NONE', #1076, .T. ) ;
#539 = EDGE_LOOP ( 'NONE', ( #2923, #1149, #369, #1901 ) ) ;
#540 = SECURITY_CLASSIFICATION_LEVEL ( 'unclassified' ) ;
#541 = PERSON_AND_ORGANIZATION_ROLE ( 'design_supplier' ) ;
#542 = COORDINATED_UNIVERSAL_TIME_OFFSET ( 8, 0, .AHEAD. ) ;
#543 = DIRECTION ( 'NONE',  ( 0.000000000000000000, -0.000000000000000000, -1.000000000000000000 ) ) ;
#544 = ORIENTED_EDGE ( 'NONE', *, *, #2256, .T. ) ;
#545 = APPROVAL_DATE_TIME ( #2545, #2321 ) ;
#546 = APPROVAL_ROLE ( '' ) ;
#547 = EDGE_CURVE ( 'NONE', #478, #1921, #2556, .T. ) ;
#548 = PERSON_AND_ORGANIZATION ( #2402, #2555 ) ;
#549 = CALENDAR_DATE ( 2026, 27, 7 ) ;
#550 = COORDINATED_UNIVERSAL_TIME_OFFSET ( 8, 0, .AHEAD. ) ;
#551 = DIRECTION ( 'NONE',  ( -0.000000000000000000, -0.000000000000000000, 1.000000000000000000 ) ) ;
#552 = CC_DESIGN_PERSON_AND_ORGANIZATION_ASSIGNMENT ( #158, #1959, ( #1348 ) ) ;
#553 = PERSON_AND_ORGANIZATION ( #2402, #2555 ) ;
#554 = APPLICATION_PROTOCOL_DEFINITION ( 'international standard', 'config_control_design', 1994, #3103 ) ;
#555 = DIRECTION ( 'NONE',  ( -1.000000000000000000, -0.000000000000000000, -0.000000000000000000 ) ) ;
#556 = VECTOR ( 'NONE', #1890, 1000.000000000000000 ) ;
#557 = CARTESIAN_POINT ( 'NONE',  ( -7.000000000000000000, 0.000000000000000000, 2.000000000000000000 ) ) ;
#558 = VECTOR ( 'NONE', #2022, 1000.000000000000000 ) ;
#559 = LOCAL_TIME ( 2, 11, 31.00000000000000000, #639 ) ;
#560 = APPROVAL_PERSON_ORGANIZATION ( #420, #1625, #2720 ) ;
#561 = ORIENTED_EDGE ( 'NONE', *, *, #1223, .T. ) ;
#562 = PERSON_AND_ORGANIZATION_ROLE ( 'classification_officer' ) ;
#563 =( GEOMETRIC_REPRESENTATION_CONTEXT ( 3 ) GLOBAL_UNCERTAINTY_ASSIGNED_CONTEXT ( ( #1026 ) ) GLOBAL_UNIT_ASSIGNED_CONTEXT ( ( #222, #1090, #2349 ) ) REPRESENTATION_CONTEXT ( 'NONE', 'WORKASPACE' ) );
#564 = LOCAL_TIME ( 2, 11, 31.00000000000000000, #1857 ) ;
#565 = APPROVAL_PERSON_ORGANIZATION ( #570, #41, #1721 ) ;
#566 = PERSON_AND_ORGANIZATION ( #2402, #2555 ) ;
#567 = APPROVAL_PERSON_ORGANIZATION ( #1235, #1825, #375 ) ;
#568 = LOCAL_TIME ( 2, 11, 31.00000000000000000, #656 ) ;
#569 = CALENDAR_DATE ( 2026, 27, 7 ) ;
#570 = PERSON_AND_ORGANIZATION ( #2402, #2555 ) ;
#571 = CALENDAR_DATE ( 2026, 27, 7 ) ;
#572 = ITEM_DEFINED_TRANSFORMATION ( 'NONE', 'NONE', #2557,  #2883 ) ;
#573 = VERTEX_POINT ( 'NONE', #1660 ) ;
#574 = ADVANCED_FACE ( 'NONE', ( #3425 ), #269, .T. ) ;
#575 = COORDINATED_UNIVERSAL_TIME_OFFSET ( 8, 0, .AHEAD. ) ;
#576 = CC_DESIGN_DATE_AND_TIME_ASSIGNMENT ( #1381, #483, ( #3546 ) ) ;
#577 = LINE ( 'NONE', #2106, #1648 ) ;
#578 = DIRECTION ( 'NONE',  ( 1.000000000000000000, 0.000000000000000000, 0.000000000000000000 ) ) ;
#579 = EDGE_LOOP ( 'NONE', ( #1650, #1586 ) ) ;
#580 = EDGE_LOOP ( 'NONE', ( #92, #2704, #274, #1434 ) ) ;
#581 = ORIENTED_EDGE ( 'NONE', *, *, #416, .F. ) ;
#582 = EDGE_CURVE ( 'NONE', #594, #3295, #3167, .T. ) ;
#583 = APPROVAL_ROLE ( '' ) ;
#584 = APPROVAL_DATE_TIME ( #2305, #41 ) ;
#585 = DIRECTION ( 'NONE',  ( 0.000000000000000000, 0.000000000000000000, 1.000000000000000000 ) ) ;
#586 = SECURITY_CLASSIFICATION_LEVEL ( 'unclassified' ) ;
#587 = APPROVAL_ROLE ( '' ) ;
#588 = APPROVAL_ROLE ( '' ) ;
#589 = CALENDAR_DATE ( 2026, 27, 7 ) ;
#590 = DATE_TIME_ROLE ( 'classification_date' ) ;
#591 = CARTESIAN_POINT ( 'NONE',  ( 0.000000000000000000, 35.00000000000000000, 0.000000000000000000 ) ) ;
#592 = PLANE ( 'NONE',  #2392 ) ;
#593 = CARTESIAN_POINT ( 'NONE',  ( 0.000000000000000000, 0.000000000000000000, 0.000000000000000000 ) ) ;
#594 = VERTEX_POINT ( 'NONE', #232 ) ;
#595 = CC_DESIGN_PERSON_AND_ORGANIZATION_ASSIGNMENT ( #2512, #3679, ( #509 ) ) ;
#596 = CC_DESIGN_DATE_AND_TIME_ASSIGNMENT ( #1896, #3072, ( #1142 ) ) ;
#597 = ITEM_DEFINED_TRANSFORMATION ( 'NONE', 'NONE', #677,  #2883 ) ;
#598 = PERSON_AND_ORGANIZATION_ROLE ( 'creator' ) ;
#599 = EDGE_LOOP ( 'NONE', ( #2991, #767, #2601, #3356 ) ) ;
#600 = CC_DESIGN_DATE_AND_TIME_ASSIGNMENT ( #1285, #2762, ( #1380 ) ) ;
#601 = APPLICATION_CONTEXT ( 'configuration controlled 3d designs of mechanical parts and assemblies' ) ;
#602 =( NAMED_UNIT ( * ) PLANE_ANGLE_UNIT ( ) SI_UNIT ( $, .RADIAN. ) );
#603 = APPROVAL_DATE_TIME ( #3220, #2119 ) ;
#604 = APPLICATION_PROTOCOL_DEFINITION ( 'international standard', 'config_control_design', 1994, #1963 ) ;
#605 =( NAMED_UNIT ( * ) SI_UNIT ( $, .STERADIAN. ) SOLID_ANGLE_UNIT ( ) );
#606 = DIRECTION ( 'NONE',  ( 0.000000000000000000, 0.5735764363510461594, 0.8191520442889920206 ) ) ;
#607 = DATE_AND_TIME ( #2882, #3551 ) ;
#608 = VERTEX_POINT ( 'NONE', #1416 ) ;
#609 = DATE_AND_TIME ( #1414, #29 ) ;
#610 = PERSON ( 'NAUO-PER32', 'UNSPECIFIED', 'UNSPECIFIED', ('UNSPECIFIED'), ('UNSPECIFIED'), ('UNSPECIFIED') ) ;
#611 = CARTESIAN_POINT ( 'NONE',  ( 12.00000000000000000, 0.000000000000000000, -9.000000000000000000 ) ) ;
#612 = FACE_OUTER_BOUND ( 'NONE', #2594, .T. ) ;
#613 = EDGE_LOOP ( 'NONE', ( #404, #1752, #662, #306 ) ) ;
#614 = VECTOR ( 'NONE', #3371, 1000.000000000000000 ) ;
#615 = DIRECTION ( 'NONE',  ( 0.000000000000000000, 0.000000000000000000, 1.000000000000000000 ) ) ;
#616 =( REPRESENTATION_RELATIONSHIP ('NONE','NONE', #1576, #3506 ) REPRESENTATION_RELATIONSHIP_WITH_TRANSFORMATION ( #2323 )SHAPE_REPRESENTATION_RELATIONSHIP( ) );
#617 = AXIS2_PLACEMENT_3D ( 'NONE', #3095, #470, #2197 ) ;
#618 = EDGE_CURVE ( 'NONE', #1761, #478, #1107, .T. ) ;
#619 = EDGE_LOOP ( 'NONE', ( #847, #2650, #2636, #2134 ) ) ;
#620 = CARTESIAN_POINT ( 'NONE',  ( -125.0000000000000000, 35.00000000000000000, 110.0000000000000000 ) ) ;
#621 = CC_DESIGN_APPROVAL ( #2321, ( #1971 ) ) ;
#622 = LOCAL_TIME ( 2, 11, 31.00000000000000000, #3504 ) ;
#623 = APPROVAL ( #1826, '未指定' ) ;
#624 = ORIENTED_EDGE ( 'NONE', *, *, #3002, .T. ) ;
#625 = VECTOR ( 'NONE', #655, 1000.000000000000000 ) ;
#626 = ORGANIZATION ( 'NAUO-ORG14', 'UNSPECIFIED', 'UNSPECIFIED' ) ;
#627 = PERSON_AND_ORGANIZATION_ROLE ( 'classification_officer' ) ;
#628 = CC_DESIGN_APPROVAL ( #3113, ( #150 ) ) ;
#629 = COORDINATED_UNIVERSAL_TIME_OFFSET ( 8, 0, .AHEAD. ) ;
#630 = DIRECTION ( 'NONE',  ( 0.000000000000000000, 0.000000000000000000, 1.000000000000000000 ) ) ;
#631 = LOCAL_TIME ( 2, 11, 31.00000000000000000, #534 ) ;
#632 = APPROVAL_PERSON_ORGANIZATION ( #3716, #3040, #1987 ) ;
#633 = LOCAL_TIME ( 2, 11, 31.00000000000000000, #2820 ) ;
#634 = CC_DESIGN_PERSON_AND_ORGANIZATION_ASSIGNMENT ( #420, #113, ( #2757 ) ) ;
#635 = CARTESIAN_POINT ( 'NONE',  ( 45.00000000000000000, 0.000000000000000000, -40.00000000000000000 ) ) ;
#636 = PERSON_AND_ORGANIZATION ( #2402, #2555 ) ;
#637 = SHAPE_REPRESENTATION ( 'FN-MNT-001_enclosure-back-strap-300x6x32_CONCEPT_R0.7', ( #2883 ), #2942 ) ;
#638 = CARTESIAN_POINT ( 'NONE',  ( -15.00000000000000000, 0.000000000000000000, 15.00000000000000000 ) ) ;
#639 = COORDINATED_UNIVERSAL_TIME_OFFSET ( 8, 0, .AHEAD. ) ;
#640 = DIRECTION ( 'NONE',  ( -1.000000000000000000, -0.000000000000000000, -0.000000000000000000 ) ) ;
#641 = SECURITY_CLASSIFICATION ( '', '', #245 ) ;
#642 = EDGE_LOOP ( 'NONE', ( #1784, #1689 ) ) ;
#643 = APPROVAL_DATE_TIME ( #1267, #2266 ) ;
#644 = APPROVAL_ROLE ( '' ) ;
#645 = EDGE_LOOP ( 'NONE', ( #827, #984, #1664, #836 ) ) ;
#646 = CARTESIAN_POINT ( 'NONE',  ( 25.00000000000000000, 30.00000000000000000, 1.500000000000000000 ) ) ;
#647 = ADVANCED_FACE ( 'NONE', ( #487 ), #2268, .F. ) ;
#648 = SHAPE_REPRESENTATION_RELATIONSHIP ( 'NONE' , 'NONE' ,  #2723, #169 ) ;
#649 = APPROVAL_STATUS ( 'not_yet_approved' ) ;
#650 = APPROVAL_DATE_TIME ( #3024, #1625 ) ;
#651 = CC_DESIGN_DATE_AND_TIME_ASSIGNMENT ( #850, #3462, ( #752 ) ) ;
#652 = CC_DESIGN_DATE_AND_TIME_ASSIGNMENT ( #2954, #1457, ( #2181 ) ) ;
#653 = ORIENTED_EDGE ( 'NONE', *, *, #186, .F. ) ;
#654 = PERSON_AND_ORGANIZATION_ROLE ( 'classification_officer' ) ;
#655 = DIRECTION ( 'NONE',  ( -0.000000000000000000, -0.000000000000000000, 1.000000000000000000 ) ) ;
#656 = COORDINATED_UNIVERSAL_TIME_OFFSET ( 8, 0, .AHEAD. ) ;
#657 = DIRECTION ( 'NONE',  ( -0.000000000000000000, -1.000000000000000000, -0.000000000000000000 ) ) ;
#658 = CARTESIAN_POINT ( 'NONE',  ( -12.00000000000000000, 8.000000000000000000, -9.000000000000000000 ) ) ;
#659 = DIRECTION ( 'NONE',  ( 0.000000000000000000, 0.000000000000000000, 1.000000000000000000 ) ) ;
#660 = COORDINATED_UNIVERSAL_TIME_OFFSET ( 8, 0, .AHEAD. ) ;
#661 = COORDINATED_UNIVERSAL_TIME_OFFSET ( 8, 0, .AHEAD. ) ;
#662 = ORIENTED_EDGE ( 'NONE', *, *, #1742, .F. ) ;
#663 = CARTESIAN_POINT ( 'NONE',  ( 7.000000000000000000, 8.572527594031473190E-16, 2.000000000000000000 ) ) ;
#664 = PRODUCT_DEFINITION_SHAPE ( 'NONE', 'NONE',  #1142 ) ;
#665 = PERSON ( 'NAUO-PER4', 'UNSPECIFIED', 'UNSPECIFIED', ('UNSPECIFIED'), ('UNSPECIFIED'), ('UNSPECIFIED') ) ;
#666 = DIRECTION ( 'NONE',  ( 1.000000000000000000, 0.000000000000000000, 0.000000000000000000 ) ) ;
#667 = ADVANCED_FACE ( 'NONE', ( #1947 ), #1973, .F. ) ;
#668 = APPROVAL_ROLE ( '' ) ;
#669 = FACE_OUTER_BOUND ( 'NONE', #1128, .T. ) ;
#670 = APPROVAL ( #1569, '未指定' ) ;
#671 = CYLINDRICAL_SURFACE ( 'NONE', #380, 7.000000000000000000 ) ;
#672 = DIRECTION ( 'NONE',  ( -1.000000000000000000, 0.000000000000000000, 0.000000000000000000 ) ) ;
#673 = PLANE ( 'NONE',  #3476 ) ;
#674 = AXIS2_PLACEMENT_3D ( 'NONE', #2073, #630, #1211 ) ;
#675 = PERSON_AND_ORGANIZATION ( #2402, #2555 ) ;
#676 = ORIENTED_EDGE ( 'NONE', *, *, #2002, .T. ) ;
#677 = AXIS2_PLACEMENT_3D ( 'NONE', #2102, #1802, #1241 ) ;
#678 = CARTESIAN_POINT ( 'NONE',  ( -25.00000000000000000, 30.00000000000000000, 1.500000000000000000 ) ) ;
#679 = APPROVAL ( #1572, 'UNKNOWN' ) ;
#680 = VECTOR ( 'NONE', #2299, 1000.000000000000000 ) ;
#681 = ORIENTED_EDGE ( 'NONE', *, *, #1191, .T. ) ;
#682 = PERSON_AND_ORGANIZATION ( #435, #3124 ) ;
#683 = AXIS2_PLACEMENT_3D ( 'NONE', #981, #3313, #1560 ) ;
#684 = CC_DESIGN_APPROVAL ( #1547, ( #449 ) ) ;
#685 = DIRECTION ( 'NONE',  ( 1.000000000000000000, 0.000000000000000000, 0.000000000000000000 ) ) ;
#686 = LOCAL_TIME ( 2, 11, 31.00000000000000000, #3657 ) ;
#687 = VECTOR ( 'NONE', #2499, 1000.000000000000000 ) ;
#688 = CC_DESIGN_APPROVAL ( #1575, ( #1766 ) ) ;
#689 = APPROVAL_PERSON_ORGANIZATION ( #3059, #679, #3625 ) ;
#690 = DATE_AND_TIME ( #1555, #323 ) ;
#691 = DIRECTION ( 'NONE',  ( 1.000000000000000000, 0.000000000000000000, 0.000000000000000000 ) ) ;
#692 = APPROVAL_PERSON_ORGANIZATION ( #3063, #531, #728 ) ;
#693 = LOCAL_TIME ( 2, 11, 31.00000000000000000, #1454 ) ;
#694 = EDGE_CURVE ( 'NONE', #2, #3593, #1687, .T. ) ;
#695 = CALENDAR_DATE ( 2026, 27, 7 ) ;
#696 = CARTESIAN_POINT ( 'NONE',  ( 0.000000000000000000, 0.000000000000000000, 0.000000000000000000 ) ) ;
#697 = CONTEXT_DEPENDENT_SHAPE_REPRESENTATION ( #1982, #3553 ) ;
#698 = DIRECTION ( 'NONE',  ( -1.000000000000000000, 0.000000000000000000, -0.000000000000000000 ) ) ;
#699 = CC_DESIGN_APPROVAL ( #927, ( #393 ) ) ;
#700 = APPROVAL_PERSON_ORGANIZATION ( #1113, #2718, #1372 ) ;
#701 = PRODUCT_DEFINITION_SHAPE ( 'NONE', 'NONE',  #3728 ) ;
#702 = CC_DESIGN_PERSON_AND_ORGANIZATION_ASSIGNMENT ( #2528, #1308, ( #156 ) ) ;
#703 = CONTEXT_DEPENDENT_SHAPE_REPRESENTATION ( #2770, #318 ) ;
#704 = APPLICATION_PROTOCOL_DEFINITION ( 'international standard', 'config_control_design', 1994, #214 ) ;
#705 = ORIENTED_EDGE ( 'NONE', *, *, #1777, .T. ) ;
#706 = DIRECTION ( 'NONE',  ( 0.000000000000000000, 0.000000000000000000, 1.000000000000000000 ) ) ;
#707 = APPROVAL_DATE_TIME ( #1879, #1494 ) ;
#708 = COORDINATED_UNIVERSAL_TIME_OFFSET ( 8, 0, .AHEAD. ) ;
#709 = VERTEX_POINT ( 'NONE', #3720 ) ;
#710 = COORDINATED_UNIVERSAL_TIME_OFFSET ( 8, 0, .AHEAD. ) ;
#711 = DIRECTION ( 'NONE',  ( 1.000000000000000000, 0.000000000000000000, 0.000000000000000000 ) ) ;
#712 = COORDINATED_UNIVERSAL_TIME_OFFSET ( 8, 0, .AHEAD. ) ;
#713 = CARTESIAN_POINT ( 'NONE',  ( -25.00000000000000000, 30.00000000000000000, -1.500000000000000000 ) ) ;
#714 = PERSON_AND_ORGANIZATION ( #2402, #2555 ) ;
#715 = PERSON ( 'NAUO-PER7', 'UNSPECIFIED', 'UNSPECIFIED', ('UNSPECIFIED'), ('UNSPECIFIED'), ('UNSPECIFIED') ) ;
#716 = CARTESIAN_POINT ( 'NONE',  ( -3.000000000000000444, 0.000000000000000000, 55.00000000000000000 ) ) ;
#717 = CYLINDRICAL_SURFACE ( 'NONE', #1585, 7.000000000000000000 ) ;
#718 = CALENDAR_DATE ( 2026, 27, 7 ) ;
#719 = CARTESIAN_POINT ( 'NONE',  ( -25.00000000000000000, 80.00000000000000000, -4.000000000000000000 ) ) ;
#720 = APPROVAL_STATUS ( 'not_yet_approved' ) ;
#721 = CC_DESIGN_DATE_AND_TIME_ASSIGNMENT ( #411, #2092, ( #996 ) ) ;
#722 = DIRECTION ( 'NONE',  ( -0.000000000000000000, -1.000000000000000000, -0.000000000000000000 ) ) ;
#723 = CC_DESIGN_PERSON_AND_ORGANIZATION_ASSIGNMENT ( #843, #2589, ( #773 ) ) ;
#724 = APPROVAL_STATUS ( 'not_yet_approved' ) ;
#725 = PRODUCT_RELATED_PRODUCT_CATEGORY ( 'detail', '', ( #1850 ) ) ;
#726 = VERTEX_POINT ( 'NONE', #2542 ) ;
#727 = DIRECTION ( 'NONE',  ( 0.000000000000000000, 0.000000000000000000, 1.000000000000000000 ) ) ;
#728 = APPROVAL_ROLE ( '' ) ;
#729 = CALENDAR_DATE ( 2026, 27, 7 ) ;
#730 = APPROVAL_ROLE ( '' ) ;
#731 = DIRECTION ( 'NONE',  ( 0.000000000000000000, 0.000000000000000000, -1.000000000000000000 ) ) ;
#732 = FACE_OUTER_BOUND ( 'NONE', #3252, .T. ) ;
#733 = FACE_OUTER_BOUND ( 'NONE', #1286, .T. ) ;
#734 = ITEM_DEFINED_TRANSFORMATION ( 'NONE', 'NONE', #3294,  #2883 ) ;
#735 = CALENDAR_DATE ( 2026, 27, 7 ) ;
#736 = CARTESIAN_POINT ( 'NONE',  ( -160.0000000000000000, 20.00000000000000000, 12.50000000000000000 ) ) ;
#737 = AXIS2_PLACEMENT_3D ( 'NONE', #2679, #51, #2035 ) ;
#738 = DIRECTION ( 'NONE',  ( 1.000000000000000000, 0.000000000000000000, 0.000000000000000000 ) ) ;
#739 = LOCAL_TIME ( 2, 11, 31.00000000000000000, #228 ) ;
#740 = EDGE_CURVE ( 'NONE', #98, #3159, #2580, .T. ) ;
#741 = AXIS2_PLACEMENT_3D ( 'NONE', #2739, #1291, #3060 ) ;
#742 = ORIENTED_EDGE ( 'NONE', *, *, #1511, .F. ) ;
#743 = PERSON_AND_ORGANIZATION ( #1108, #810 ) ;
#744 = APPROVAL ( #1041, 'UNKNOWN' ) ;
#745 = DIRECTION ( 'NONE',  ( -1.000000000000000000, 0.000000000000000000, 0.000000000000000000 ) ) ;
#746 =( REPRESENTATION_RELATIONSHIP ('NONE','NONE', #1576, #1685 ) REPRESENTATION_RELATIONSHIP_WITH_TRANSFORMATION ( #1538 )SHAPE_REPRESENTATION_RELATIONSHIP( ) );
#747 = AXIS2_PLACEMENT_3D ( 'NONE', #3529, #3197, #578 ) ;
#748 = CONTEXT_DEPENDENT_SHAPE_REPRESENTATION ( #2496, #2696 ) ;
#749 = PLANE ( 'NONE',  #1294 ) ;
#750 = AXIS2_PLACEMENT_3D ( 'NONE', #1428, #2600, #3468 ) ;
#751 = LOCAL_TIME ( 2, 11, 31.00000000000000000, #1707 ) ;
#752 = SECURITY_CLASSIFICATION ( '', '', #2566 ) ;
#753 = CARTESIAN_POINT ( 'NONE',  ( 0.000000000000000000, 0.000000000000000000, 4.000000000000000000 ) ) ;
#754 = CARTESIAN_POINT ( 'NONE',  ( 0.000000000000000000, 0.000000000000000000, 2.000000000000000000 ) ) ;
#755 = FACE_OUTER_BOUND ( 'NONE', #1433, .T. ) ;
#756 = APPLICATION_CONTEXT ( 'configuration controlled 3d designs of mechanical parts and assemblies' ) ;
#757 = SECURITY_CLASSIFICATION ( '', '', #945 ) ;
#758 = EDGE_CURVE ( 'NONE', #2115, #2928, #3133, .T. ) ;
#759 = APPROVAL_PERSON_ORGANIZATION ( #1540, #2429, #2194 ) ;
#760 = PERSON_AND_ORGANIZATION ( #2402, #2555 ) ;
#761 = PERSON_AND_ORGANIZATION ( #2402, #2555 ) ;
#762 = DATE_AND_TIME ( #3367, #2732 ) ;
#763 = DATE_TIME_ROLE ( 'classification_date' ) ;
#764 = CC_DESIGN_APPROVAL ( #2718, ( #342 ) ) ;
#765 = CARTESIAN_POINT ( 'NONE',  ( -12.00000000000000000, 0.000000000000000000, 9.000000000000000000 ) ) ;
#766 = PRODUCT_DEFINITION_SHAPE ( 'NONE', 'NONE',  #3732 ) ;
#767 = ORIENTED_EDGE ( 'NONE', *, *, #2094, .T. ) ;
#768 = APPROVAL_ROLE ( '' ) ;
#769 = DATE_TIME_ROLE ( 'classification_date' ) ;
#770 = ORIENTED_EDGE ( 'NONE', *, *, #215, .F. ) ;
#771 = CC_DESIGN_PERSON_AND_ORGANIZATION_ASSIGNMENT ( #2595, #1162, ( #2275 ) ) ;
#772 = PERSON_AND_ORGANIZATION_ROLE ( 'classification_officer' ) ;
#773 = PRODUCT_DEFINITION ( '未知', '', #774, #2212 ) ;
#774 = PRODUCT_DEFINITION_FORMATION_WITH_SPECIFIED_SOURCE ( '任何', '', #3347, .NOT_KNOWN. ) ;
#775 = DIRECTION ( 'NONE',  ( 0.000000000000000000, 0.000000000000000000, 1.000000000000000000 ) ) ;
#776 = CARTESIAN_POINT ( 'NONE',  ( -150.0000000000000000, 0.000000000000000000, 3.000000000000000000 ) ) ;
#777 = COORDINATED_UNIVERSAL_TIME_OFFSET ( 8, 0, .AHEAD. ) ;
#778 = DATE_AND_TIME ( #3670, #259 ) ;
#779 = CARTESIAN_POINT ( 'NONE',  ( 150.0000000000000000, 32.00000000000000000, 3.000000000000000000 ) ) ;
#780 = ORIENTED_EDGE ( 'NONE', *, *, #2300, .T. ) ;
#781 = COORDINATED_UNIVERSAL_TIME_OFFSET ( 8, 0, .AHEAD. ) ;
#782 =( NAMED_UNIT ( * ) SI_UNIT ( $, .STERADIAN. ) SOLID_ANGLE_UNIT ( ) );
#783 = ADVANCED_FACE ( 'NONE', ( #2591 ), #507, .F. ) ;
#784 = APPROVAL_ROLE ( '' ) ;
#785 = EDGE_CURVE ( 'NONE', #71, #3531, #1125, .T. ) ;
#786 = DIRECTION ( 'NONE',  ( 1.000000000000000000, -0.000000000000000000, 0.000000000000000000 ) ) ;
#787 = UNCERTAINTY_MEASURE_WITH_UNIT (LENGTH_MEASURE( 1.000000000000000082E-05 ), #3123, 'distance_accuracy_value', 'NONE');
#788 = PERSON_AND_ORGANIZATION ( #2896, #2768 ) ;
#789 = APPROVAL ( #2362, '未指定' ) ;
#790 = DIRECTION ( 'NONE',  ( 0.000000000000000000, -1.000000000000000000, 0.000000000000000000 ) ) ;
#791 = PERSON_AND_ORGANIZATION_ROLE ( 'design_owner' ) ;
#792 = ORIENTED_EDGE ( 'NONE', *, *, #3373, .T. ) ;
#793 = DATE_TIME_ROLE ( 'classification_date' ) ;
#794 = CC_DESIGN_DATE_AND_TIME_ASSIGNMENT ( #2135, #1869, ( #2757 ) ) ;
#795 = PERSON ( 'NAUO-PER25', 'UNSPECIFIED', 'UNSPECIFIED', ('UNSPECIFIED'), ('UNSPECIFIED'), ('UNSPECIFIED') ) ;
#796 = AXIS2_PLACEMENT_3D ( 'NONE', #2120, #3280, #666 ) ;
#797 =( REPRESENTATION_RELATIONSHIP ('NONE','NONE', #1576, #637 ) REPRESENTATION_RELATIONSHIP_WITH_TRANSFORMATION ( #3247 )SHAPE_REPRESENTATION_RELATIONSHIP( ) );
#798 = PERSON_AND_ORGANIZATION ( #2402, #2555 ) ;
#799 = CALENDAR_DATE ( 2026, 27, 7 ) ;
#800 = VECTOR ( 'NONE', #2653, 1000.000000000000000 ) ;
#801 = CALENDAR_DATE ( 2026, 27, 7 ) ;
#802 = CIRCLE ( 'NONE', #683, 4.000000000000000000 ) ;
#803 = CARTESIAN_POINT ( 'NONE',  ( 25.00000000000000000, 30.00000000000000000, -1.500000000000000000 ) ) ;
#804 = PERSON_AND_ORGANIZATION_ROLE ( 'classification_officer' ) ;
#805 = VECTOR ( 'NONE', #2453, 1000.000000000000000 ) ;
#806 = EDGE_CURVE ( 'NONE', #3680, #2782, #2837, .T. ) ;
#807 = CC_DESIGN_SECURITY_CLASSIFICATION ( #77, ( #3731 ) ) ;
#808 = LOCAL_TIME ( 2, 11, 31.00000000000000000, #3411 ) ;
#809 = COORDINATED_UNIVERSAL_TIME_OFFSET ( 8, 0, .AHEAD. ) ;
#810 = ORGANIZATION ( 'NAUO-ORG40', 'UNSPECIFIED', 'UNSPECIFIED' ) ;
#811 = APPROVAL_STATUS ( 'not_yet_approved' ) ;
#812 = APPLICATION_PROTOCOL_DEFINITION ( 'international standard', 'config_control_design', 1994, #3283 ) ;
#813 = CARTESIAN_POINT ( 'NONE',  ( 0.000000000000000000, 0.000000000000000000, 0.000000000000000000 ) ) ;
#814 = VECTOR ( 'NONE', #2105, 1000.000000000000000 ) ;
#815 = SECURITY_CLASSIFICATION ( '', '', #2671 ) ;
#816 = APPROVAL_PERSON_ORGANIZATION ( #276, #2961, #2034 ) ;
#817 = CARTESIAN_POINT ( 'NONE',  ( 45.00000000000000000, 8.000000000000000000, -40.00000000000000000 ) ) ;
#818 = CC_DESIGN_PERSON_AND_ORGANIZATION_ASSIGNMENT ( #1922, #2244, ( #77 ) ) ;
#819 = PRODUCT_RELATED_PRODUCT_CATEGORY ( 'detail', '', ( #2239 ) ) ;
#820 = ORGANIZATION ( 'NAUO-ORG22', 'UNSPECIFIED', 'UNSPECIFIED' ) ;
#821 = LOCAL_TIME ( 2, 11, 31.00000000000000000, #826 ) ;
#822 = ORIENTED_EDGE ( 'NONE', *, *, #3373, .F. ) ;
#823 = CC_DESIGN_APPROVAL ( #744, ( #156 ) ) ;
#824 =( REPRESENTATION_RELATIONSHIP ('NONE','NONE', #1576, #3506 ) REPRESENTATION_RELATIONSHIP_WITH_TRANSFORMATION ( #498 )SHAPE_REPRESENTATION_RELATIONSHIP( ) );
#825 = COORDINATED_UNIVERSAL_TIME_OFFSET ( 8, 0, .AHEAD. ) ;
#826 = COORDINATED_UNIVERSAL_TIME_OFFSET ( 8, 0, .AHEAD. ) ;
#827 = ORIENTED_EDGE ( 'NONE', *, *, #1489, .T. ) ;
#828 = CALENDAR_DATE ( 2026, 27, 7 ) ;
#829 = EDGE_CURVE ( 'NONE', #726, #3212, #3405, .T. ) ;
#830 = PERSON_AND_ORGANIZATION_ROLE ( 'creator' ) ;
#831 = PLANE ( 'NONE',  #1903 ) ;
#832 = CARTESIAN_POINT ( 'NONE',  ( -25.00000000000000000, 30.00000000000000000, 1.500000000000000000 ) ) ;
#833 = DATE_AND_TIME ( #2292, #1594 ) ;
#834 = CALENDAR_DATE ( 2026, 27, 7 ) ;
#835 = ADVANCED_FACE ( 'NONE', ( #1536 ), #1123, .T. ) ;
#836 = ORIENTED_EDGE ( 'NONE', *, *, #2138, .T. ) ;
#837 = CC_DESIGN_PERSON_AND_ORGANIZATION_ASSIGNMENT ( #2924, #3560, ( #2615 ) ) ;
#838 = PERSON_AND_ORGANIZATION ( #2402, #2555 ) ;
#839 = DATE_AND_TIME ( #1171, #2940 ) ;
#840 = COORDINATED_UNIVERSAL_TIME_OFFSET ( 8, 0, .AHEAD. ) ;
#841 = CARTESIAN_POINT ( 'NONE',  ( -45.00000000000000000, 8.000000000000000000, 40.00000000000000000 ) ) ;
#842 = CALENDAR_DATE ( 2026, 27, 7 ) ;
#843 = PERSON_AND_ORGANIZATION ( #2402, #2555 ) ;
#844 = DIRECTION ( 'NONE',  ( 0.000000000000000000, 0.000000000000000000, 1.000000000000000000 ) ) ;
#845 = LOCAL_TIME ( 2, 11, 31.00000000000000000, #334 ) ;
#846 = DIRECTION ( 'NONE',  ( 0.000000000000000000, 0.000000000000000000, 1.000000000000000000 ) ) ;
#847 = ORIENTED_EDGE ( 'NONE', *, *, #441, .F. ) ;
#848 = EDGE_CURVE ( 'NONE', #573, #2003, #2312, .T. ) ;
#849 = APPROVAL_ROLE ( '' ) ;
#850 = DATE_AND_TIME ( #1049, #1053 ) ;
#851 = CC_DESIGN_PERSON_AND_ORGANIZATION_ASSIGNMENT ( #1198, #2623, ( #342 ) ) ;
#852 = PERSON_AND_ORGANIZATION ( #2402, #2555 ) ;
#853 = PERSON_AND_ORGANIZATION_ROLE ( 'classification_officer' ) ;
#854 = CALENDAR_DATE ( 2026, 27, 7 ) ;
#855 = VECTOR ( 'NONE', #722, 1000.000000000000000 ) ;
#856 = MECHANICAL_CONTEXT ( 'NONE', #1258, 'mechanical' ) ;
#857 = CALENDAR_DATE ( 2026, 27, 7 ) ;
#858 = CARTESIAN_POINT ( 'NONE',  ( -12.00000000000000000, 0.000000000000000000, -9.000000000000000000 ) ) ;
#859 = VECTOR ( 'NONE', #525, 1000.000000000000000 ) ;
#860 = ORIENTED_EDGE ( 'NONE', *, *, #2640, .T. ) ;
#861 = AXIS2_PLACEMENT_3D ( 'NONE', #1726, #3210, #85 ) ;
#862 = SHAPE_DEFINITION_REPRESENTATION ( #2832, #125 ) ;
#863 = ORGANIZATION ( 'NAUO-ORG19', 'UNSPECIFIED', 'UNSPECIFIED' ) ;
#864 = ORGANIZATION ( 'NAUO-ORG35', 'UNSPECIFIED', 'UNSPECIFIED' ) ;
#865 = PRODUCT_DEFINITION_SHAPE ( 'NONE', 'NONE',  #3735 ) ;
#866 = ORIENTED_EDGE ( 'NONE', *, *, #2838, .F. ) ;
#867 = APPROVAL_PERSON_ORGANIZATION ( #3114, #2511, #1351 ) ;
#868 = CC_DESIGN_SECURITY_CLASSIFICATION ( #3614, ( #1844 ) ) ;
#869 = EDGE_CURVE ( 'NONE', #2108, #3680, #1659, .T. ) ;
#870 = LOCAL_TIME ( 2, 11, 31.00000000000000000, #2826 ) ;
#871 = LOCAL_TIME ( 2, 11, 31.00000000000000000, #1307 ) ;
#872 = PERSON_AND_ORGANIZATION ( #3138, #144 ) ;
#873 = APPROVAL_STATUS ( 'not_yet_approved' ) ;
#874 = CARTESIAN_POINT ( 'NONE',  ( -125.0000000000000000, 125.0000000000000000, 161.0000000000000000 ) ) ;
#875 = APPROVAL_DATE_TIME ( #992, #3512 ) ;
#876 = SECURITY_CLASSIFICATION_LEVEL ( 'unclassified' ) ;
#877 = CC_DESIGN_PERSON_AND_ORGANIZATION_ASSIGNMENT ( #1981, #2743, ( #458 ) ) ;
#878 = CC_DESIGN_PERSON_AND_ORGANIZATION_ASSIGNMENT ( #2864, #1040, ( #240 ) ) ;
#879 = DATE_AND_TIME ( #2662, #1908 ) ;
#880 = DATE_TIME_ROLE ( 'classification_date' ) ;
#881 = APPROVAL_ROLE ( '' ) ;
#882 = APPROVAL ( #3709, '未指定' ) ;
#883 = DATE_AND_TIME ( #857, #3321 ) ;
#884 = FACE_OUTER_BOUND ( 'NONE', #2441, .T. ) ;
#885 = LINE ( 'NONE', #962, #1155 ) ;
#886 = LINE ( 'NONE', #1791, #139 ) ;
#887 = ORIENTED_EDGE ( 'NONE', *, *, #3653, .F. ) ;
#888 = APPROVAL_DATE_TIME ( #1207, #312 ) ;
#889 = EDGE_LOOP ( 'NONE', ( #376, #1114, #1183, #3082 ) ) ;
#890 = LINE ( 'NONE', #646, #800 ) ;
#891 = PERSON ( 'NAUO-PER14', 'UNSPECIFIED', 'UNSPECIFIED', ('UNSPECIFIED'), ('UNSPECIFIED'), ('UNSPECIFIED') ) ;
#892 = COORDINATED_UNIVERSAL_TIME_OFFSET ( 8, 0, .AHEAD. ) ;
#893 = APPROVAL_DATE_TIME ( #2900, #3309 ) ;
#894 = PERSON_AND_ORGANIZATION_ROLE ( 'classification_officer' ) ;
#895 = ORIENTED_EDGE ( 'NONE', *, *, #1918, .F. ) ;
#896 = COORDINATED_UNIVERSAL_TIME_OFFSET ( 8, 0, .AHEAD. ) ;
#897 = PRODUCT_DEFINITION_SHAPE ( 'NONE', 'NONE',  #3750 ) ;
#898 = CALENDAR_DATE ( 2026, 27, 7 ) ;
#899 = EDGE_CURVE ( 'NONE', #3200, #1796, #2541, .T. ) ;
#900 = CARTESIAN_POINT ( 'NONE',  ( 15.00000000000000000, 0.000000000000000000, -15.00000000000000000 ) ) ;
#901 = CARTESIAN_POINT ( 'NONE',  ( -25.00000000000000000, 30.00000000000000000, -1.500000000000000000 ) ) ;
#902 = EDGE_LOOP ( 'NONE', ( #1482, #1523, #2652, #1136 ) ) ;
#903 = CC_DESIGN_DATE_AND_TIME_ASSIGNMENT ( #33, #15, ( #3182 ) ) ;
#904 = ORIENTED_EDGE ( 'NONE', *, *, #1678, .F. ) ;
#905 = DIRECTION ( 'NONE',  ( 1.000000000000000000, 0.000000000000000000, -0.000000000000000000 ) ) ;
#906 = DIRECTION ( 'NONE',  ( 0.000000000000000000, 0.000000000000000000, 1.000000000000000000 ) ) ;
#907 = EDGE_LOOP ( 'NONE', ( #1293, #3023, #1067, #2544 ) ) ;
#908 = APPROVAL ( #971, 'UNKNOWN' ) ;
#909 = COORDINATED_UNIVERSAL_TIME_OFFSET ( 8, 0, .AHEAD. ) ;
#910 = DATE_TIME_ROLE ( 'classification_date' ) ;
#911 = DIRECTION ( 'NONE',  ( 0.000000000000000000, 0.000000000000000000, 1.000000000000000000 ) ) ;
#912 = CALENDAR_DATE ( 2026, 27, 7 ) ;
#913 = DIRECTION ( 'NONE',  ( -0.000000000000000000, -1.000000000000000000, -0.000000000000000000 ) ) ;
#914 = EDGE_LOOP ( 'NONE', ( #1236, #561, #1325, #1769 ) ) ;
#915 = AXIS2_PLACEMENT_3D ( 'NONE', #620, #1774, #1484 ) ;
#916 = LINE ( 'NONE', #2682, #3477 ) ;
#917 = PERSON_AND_ORGANIZATION_ROLE ( 'design_supplier' ) ;
#918 = AXIS2_PLACEMENT_3D ( 'NONE', #359, #1190, #2976 ) ;
#919 = DIRECTION ( 'NONE',  ( 0.000000000000000000, 0.000000000000000000, -1.000000000000000000 ) ) ;
#920 = DIRECTION ( 'NONE',  ( -0.000000000000000000, -0.000000000000000000, -1.000000000000000000 ) ) ;
#921 = ORIENTED_EDGE ( 'NONE', *, *, #3258, .F. ) ;
#922 = EDGE_CURVE ( 'NONE', #27, #1300, #2893, .T. ) ;
#923 = VECTOR ( 'NONE', #3594, 1000.000000000000000 ) ;
#924 = APPROVAL_STATUS ( 'not_yet_approved' ) ;
#925 = COORDINATED_UNIVERSAL_TIME_OFFSET ( 8, 0, .AHEAD. ) ;
#926 = VECTOR ( 'NONE', #2375, 1000.000000000000000 ) ;
#927 = APPROVAL ( #2535, 'UNKNOWN' ) ;
#928 = ORIENTED_EDGE ( 'NONE', *, *, #38, .T. ) ;
#929 = CC_DESIGN_PERSON_AND_ORGANIZATION_ASSIGNMENT ( #2072, #3236, ( #3233 ) ) ;
#930 = VECTOR ( 'NONE', #537, 1000.000000000000000 ) ;
#931 = ORGANIZATION ( 'NAUO-ORG4', 'UNSPECIFIED', 'UNSPECIFIED' ) ;
#932 = LOCAL_TIME ( 2, 11, 31.00000000000000000, #892 ) ;
#933 = ORIENTED_EDGE ( 'NONE', *, *, #2373, .T. ) ;
#934 = APPROVAL_PERSON_ORGANIZATION ( #1520, #2266, #367 ) ;
#935 = LOCAL_TIME ( 2, 11, 31.00000000000000000, #1808 ) ;
#936 = PRODUCT_DEFINITION_SHAPE ( 'NONE', 'NONE',  #3736 ) ;
#937 = CC_DESIGN_APPROVAL ( #1662, ( #509 ) ) ;
#938 = APPROVAL_PERSON_ORGANIZATION ( #3429, #445, #1945 ) ;
#939 = LINE ( 'NONE', #1277, #814 ) ;
#940 =( REPRESENTATION_RELATIONSHIP ('NONE','NONE', #1576, #125 ) REPRESENTATION_RELATIONSHIP_WITH_TRANSFORMATION ( #3172 )SHAPE_REPRESENTATION_RELATIONSHIP( ) );
#941 = PERSON_AND_ORGANIZATION_ROLE ( 'design_owner' ) ;
#942 = APPROVAL_ROLE ( '' ) ;
#943 = LOCAL_TIME ( 2, 11, 31.00000000000000000, #661 ) ;
#944 = DIRECTION ( 'NONE',  ( 0.000000000000000000, 0.000000000000000000, -1.000000000000000000 ) ) ;
#945 = SECURITY_CLASSIFICATION_LEVEL ( 'unclassified' ) ;
#946 = CARTESIAN_POINT ( 'NONE',  ( 0.000000000000000000, 35.00000000000000000, 0.000000000000000000 ) ) ;
#947 = APPROVAL_ROLE ( '' ) ;
#948 = APPLICATION_CONTEXT ( 'configuration controlled 3d designs of mechanical parts and assemblies' ) ;
#949 = COORDINATED_UNIVERSAL_TIME_OFFSET ( 8, 0, .AHEAD. ) ;
#950 = ORIENTED_EDGE ( 'NONE', *, *, #960, .F. ) ;
#951 = LOCAL_TIME ( 2, 11, 31.00000000000000000, #1152 ) ;
#952 = DIRECTION ( 'NONE',  ( 1.000000000000000000, 0.000000000000000000, 0.000000000000000000 ) ) ;
#953 = ADVANCED_FACE ( 'NONE', ( #1384 ), #1104, .F. ) ;
#954 = CALENDAR_DATE ( 2026, 27, 7 ) ;
#955 = DIRECTION ( 'NONE',  ( 1.000000000000000000, 0.000000000000000000, 0.000000000000000000 ) ) ;
#956 = CC_DESIGN_PERSON_AND_ORGANIZATION_ASSIGNMENT ( #566, #2898, ( #2728 ) ) ;
#957 = APPROVAL_STATUS ( 'not_yet_approved' ) ;
#958 = FACE_OUTER_BOUND ( 'NONE', #324, .T. ) ;
#959 = PERSON_AND_ORGANIZATION ( #2402, #2555 ) ;
#960 = EDGE_CURVE ( 'NONE', #3026, #71, #87, .T. ) ;
#961 = DIRECTION ( 'NONE',  ( -0.000000000000000000, -1.000000000000000000, -0.000000000000000000 ) ) ;
#962 = CARTESIAN_POINT ( 'NONE',  ( -25.00000000000000000, 30.00000000000000000, 1.500000000000000000 ) ) ;
#963 = ITEM_DEFINED_TRANSFORMATION ( 'NONE', 'NONE', #370,  #2883 ) ;
#964 = LINE ( 'NONE', #3514, #2611 ) ;
#965 = APPROVAL ( #1666, 'UNKNOWN' ) ;
#966 = DATE_AND_TIME ( #1765, #455 ) ;
#967 = MECHANICAL_CONTEXT ( 'NONE', #1509, 'mechanical' ) ;
#968 = PRODUCT_DEFINITION_SHAPE ( 'NONE', 'NONE',  #3756 ) ;
#969 = PRODUCT_DEFINITION_SHAPE ( 'NONE', 'NONE',  #3726 ) ;
#970 = ORIENTED_EDGE ( 'NONE', *, *, #5, .F. ) ;
#971 = APPROVAL_STATUS ( 'not_yet_approved' ) ;
#972 = EDGE_CURVE ( 'NONE', #3531, #463, #1759, .T. ) ;
#973 = DIRECTION ( 'NONE',  ( 1.000000000000000000, 0.000000000000000000, 0.000000000000000000 ) ) ;
#974 = CC_DESIGN_PERSON_AND_ORGANIZATION_ASSIGNMENT ( #1475, #3544, ( #1766 ) ) ;
#975 = DATE_TIME_ROLE ( 'classification_date' ) ;
#976 = LOCAL_TIME ( 2, 11, 31.00000000000000000, #96 ) ;
#977 = PLANE ( 'NONE',  #3135 ) ;
#978 = COORDINATED_UNIVERSAL_TIME_OFFSET ( 8, 0, .AHEAD. ) ;
#979 = DIRECTION ( 'NONE',  ( 1.000000000000000000, 0.000000000000000000, 0.000000000000000000 ) ) ;
#980 = AXIS2_PLACEMENT_3D ( 'NONE', #2068, #1798, #2345 ) ;
#981 = CARTESIAN_POINT ( 'NONE',  ( 0.000000000000000000, 0.000000000000000000, 0.000000000000000000 ) ) ;
#982 = ADVANCED_BREP_SHAPE_REPRESENTATION ( '', ( #1082, #2883 ), #1333 ) ;
#983 = PERSON_AND_ORGANIZATION ( #2402, #2555 ) ;
#984 = ORIENTED_EDGE ( 'NONE', *, *, #740, .F. ) ;
#985 = CLOSED_SHELL ( 'NONE', ( #1860, #284, #3396, #57, #1132, #2660 ) ) ;
#986 = CYLINDRICAL_SURFACE ( 'NONE', #244, 3.000000000000000444 ) ;
#987 = VECTOR ( 'NONE', #2579, 1000.000000000000000 ) ;
#988 = ORIENTED_EDGE ( 'NONE', *, *, #582, .F. ) ;
#989 = PERSON_AND_ORGANIZATION_ROLE ( 'classification_officer' ) ;
#990 = VECTOR ( 'NONE', #1579, 1000.000000000000000 ) ;
#991 = CALENDAR_DATE ( 2026, 27, 7 ) ;
#992 = DATE_AND_TIME ( #3205, #3440 ) ;
#993 = CC_DESIGN_APPROVAL ( #2246, ( #1534 ) ) ;
#994 = CARTESIAN_POINT ( 'NONE',  ( -120.0000000000000000, -107.0000000000000000, 181.5000000000000000 ) ) ;
#995 = CARTESIAN_POINT ( 'NONE',  ( -12.00000000000000000, 8.000000000000000000, -9.000000000000000000 ) ) ;
#996 = SECURITY_CLASSIFICATION ( '', '', #1543 ) ;
#997 = LOCAL_TIME ( 2, 11, 31.00000000000000000, #2482 ) ;
#998 = PERSON_AND_ORGANIZATION ( #795, #1771 ) ;
#999 = APPLICATION_CONTEXT ( 'configuration controlled 3d designs of mechanical parts and assemblies' ) ;
#1000 = CARTESIAN_POINT ( 'NONE',  ( -25.00000000000000000, 0.000000000000000000, -1.500000000000000000 ) ) ;
#1001 = LOCAL_TIME ( 2, 11, 31.00000000000000000, #708 ) ;
#1002 = LOCAL_TIME ( 2, 11, 31.00000000000000000, #3265 ) ;
#1003 = PRODUCT_DEFINITION_SHAPE ( 'NONE', 'NONE',  #3761 ) ;
#1004 = APPROVAL ( #296, 'UNKNOWN' ) ;
#1005 = CC_DESIGN_PERSON_AND_ORGANIZATION_ASSIGNMENT ( #2903, #917, ( #774 ) ) ;
#1006 = DIRECTION ( 'NONE',  ( -0.000000000000000000, -1.000000000000000000, -0.000000000000000000 ) ) ;
#1007 = ITEM_DEFINED_TRANSFORMATION ( 'NONE', 'NONE', #130,  #2883 ) ;
#1008 = FACE_OUTER_BOUND ( 'NONE', #2818, .T. ) ;
#1009 = APPROVAL_STATUS ( 'not_yet_approved' ) ;
#1010 = SECURITY_CLASSIFICATION ( '', '', #2240 ) ;
#1011 = PRODUCT_DEFINITION ( '未知', '', #1717, #2804 ) ;
#1012 = APPROVAL_ROLE ( '' ) ;
#1013 = CC_DESIGN_APPROVAL ( #1881, ( #774 ) ) ;
#1014 = LINE ( 'NONE', #736, #1282 ) ;
#1015 = APPROVAL_DATE_TIME ( #3623, #670 ) ;
#1016 = ORIENTED_EDGE ( 'NONE', *, *, #3562, .T. ) ;
#1017 = DATE_AND_TIME ( #3259, #2518 ) ;
#1018 = DATE_TIME_ROLE ( 'classification_date' ) ;
#1019 = CARTESIAN_POINT ( 'NONE',  ( -120.0000000000000000, 570.0000000000001137, 145.0000000000000000 ) ) ;
#1020 = FACE_OUTER_BOUND ( 'NONE', #170, .T. ) ;
#1021 = DESIGN_CONTEXT ( 'detailed design', #94, 'design' ) ;
#1022 = CONTEXT_DEPENDENT_SHAPE_REPRESENTATION ( #2302, #1422 ) ;
#1023 = APPROVAL_STATUS ( 'not_yet_approved' ) ;
#1024 = DIRECTION ( 'NONE',  ( -1.000000000000000000, 0.000000000000000000, 0.000000000000000000 ) ) ;
#1025 = PLANE ( 'NONE',  #3302 ) ;
#1026 = UNCERTAINTY_MEASURE_WITH_UNIT (LENGTH_MEASURE( 1.000000000000000082E-05 ), #222, 'distance_accuracy_value', 'NONE');
#1027 = LINE ( 'NONE', #3334, #305 ) ;
#1028 = ADVANCED_FACE ( 'NONE', ( #612 ), #301, .T. ) ;
#1029 = DATE_AND_TIME ( #90, #2344 ) ;
#1030 = PERSON_AND_ORGANIZATION_ROLE ( 'classification_officer' ) ;
#1031 = DIRECTION ( 'NONE',  ( -1.000000000000000000, 0.000000000000000000, -0.000000000000000000 ) ) ;
#1032 = APPROVAL ( #3267, 'UNKNOWN' ) ;
#1033 = ORIENTED_EDGE ( 'NONE', *, *, #1172, .T. ) ;
#1034 = CARTESIAN_POINT ( 'NONE',  ( 150.0000000000000000, 32.00000000000000000, 3.000000000000000000 ) ) ;
#1035 = PRODUCT ( 'FN-GNS-005_mast-base-plate-90x80x8_CONCEPT_R0.7', 'FN-GNS-005_mast-base-plate-90x80x8_CONCEPT_R0.7', '', ( #2612 ) ) ;
#1036 = CALENDAR_DATE ( 2026, 27, 7 ) ;
#1037 = EDGE_CURVE ( 'NONE', #24, #204, #2423, .T. ) ;
#1038 = DIRECTION ( 'NONE',  ( 0.000000000000000000, 0.000000000000000000, -1.000000000000000000 ) ) ;
#1039 = DIRECTION ( 'NONE',  ( 0.000000000000000000, -0.000000000000000000, 1.000000000000000000 ) ) ;
#1040 = PERSON_AND_ORGANIZATION_ROLE ( 'classification_officer' ) ;
#1041 = APPROVAL_STATUS ( 'not_yet_approved' ) ;
#1042 = DIRECTION ( 'NONE',  ( -0.000000000000000000, -0.000000000000000000, -1.000000000000000000 ) ) ;
#1043 = CC_DESIGN_DATE_AND_TIME_ASSIGNMENT ( #462, #1611, ( #509 ) ) ;
#1044 = PRODUCT_DEFINITION ( '未知', '', #1639, #175 ) ;
#1045 = VERTEX_POINT ( 'NONE', #2949 ) ;
#1046 = AXIS2_PLACEMENT_3D ( 'NONE', #371, #1524, #2343 ) ;
#1047 = SHAPE_REPRESENTATION_RELATIONSHIP ( 'NONE' , 'NONE' ,  #637, #25 ) ;
#1048 = AXIS2_PLACEMENT_3D ( 'NONE', #2861, #3700, #3687 ) ;
#1049 = CALENDAR_DATE ( 2026, 27, 7 ) ;
#1050 = APPROVAL_STATUS ( 'not_yet_approved' ) ;
#1051 = VECTOR ( 'NONE', #3031, 1000.000000000000000 ) ;
#1052 = APPROVAL_PERSON_ORGANIZATION ( #3401, #34, #3270 ) ;
#1053 = LOCAL_TIME ( 2, 11, 31.00000000000000000, #1376 ) ;
#1054 = LOCAL_TIME ( 2, 11, 31.00000000000000000, #781 ) ;
#1055 = CARTESIAN_POINT ( 'NONE',  ( -45.00000000000000000, 8.000000000000000000, 40.00000000000000000 ) ) ;
#1056 = DESIGN_CONTEXT ( 'detailed design', #214, 'design' ) ;
#1057 = LINE ( 'NONE', #2454, #3599 ) ;
#1058 = VECTOR ( 'NONE', #1614, 1000.000000000000000 ) ;
#1059 = COORDINATED_UNIVERSAL_TIME_OFFSET ( 8, 0, .AHEAD. ) ;
#1060 = ORGANIZATION ( 'NAUO-ORG26', 'UNSPECIFIED', 'UNSPECIFIED' ) ;
#1061 = PRODUCT_DEFINITION_FORMATION_WITH_SPECIFIED_SOURCE ( '任何', '', #1567, .NOT_KNOWN. ) ;
#1062 = COORDINATED_UNIVERSAL_TIME_OFFSET ( 8, 0, .AHEAD. ) ;
#1063 = CC_DESIGN_SECURITY_CLASSIFICATION ( #1463, ( #3748 ) ) ;
#1064 = APPROVAL_PERSON_ORGANIZATION ( #494, #2042, #1938 ) ;
#1065 = CARTESIAN_POINT ( 'NONE',  ( 12.00000000000000000, 8.000000000000000000, 9.000000000000000000 ) ) ;
#1066 = PRODUCT_DEFINITION_SHAPE ( 'NONE', 'NONE',  #1011 ) ;
#1067 = ORIENTED_EDGE ( 'NONE', *, *, #972, .F. ) ;
#1068 = DATE_AND_TIME ( #2532, #1054 ) ;
#1069 = EDGE_CURVE ( 'NONE', #2719, #3223, #3530, .T. ) ;
#1070 = FACE_OUTER_BOUND ( 'NONE', #1212, .T. ) ;
#1071 = CALENDAR_DATE ( 2026, 27, 7 ) ;
#1072 = CC_DESIGN_DATE_AND_TIME_ASSIGNMENT ( #3343, #3029, ( #167 ) ) ;
#1073 = DIRECTION ( 'NONE',  ( -1.000000000000000000, -0.000000000000000000, -0.000000000000000000 ) ) ;
#1074 = APPROVAL_DATE_TIME ( #1346, #288 ) ;
#1075 = FACE_OUTER_BOUND ( 'NONE', #613, .T. ) ;
#1076 = EDGE_LOOP ( 'NONE', ( #437, #2099, #2514, #2906 ) ) ;
#1077 = ADVANCED_FACE ( 'NONE', ( #2922 ), #1830, .T. ) ;
#1078 = PERSON_AND_ORGANIZATION ( #2179, #2632 ) ;
#1079 = PERSON_AND_ORGANIZATION ( #2402, #2555 ) ;
#1080 = CALENDAR_DATE ( 2026, 27, 7 ) ;
#1081 = APPROVAL ( #2700, 'UNKNOWN' ) ;
#1082 = MANIFOLD_SOLID_BREP ( '凸台-拉伸1', #2607 ) ;
#1083 = PRODUCT_DEFINITION_SHAPE ( 'NONE', 'NONE',  #3727 ) ;
#1084 = APPROVAL_ROLE ( '' ) ;
#1085 = CALENDAR_DATE ( 2026, 27, 7 ) ;
#1086 = DATE_AND_TIME ( #3444, #1961 ) ;
#1087 = CARTESIAN_POINT ( 'NONE',  ( -160.0000000000000000, 20.00000000000000000, 12.50000000000000000 ) ) ;
#1088 = CARTESIAN_POINT ( 'NONE',  ( 15.00000000000000000, 3.000000000000000000, 15.00000000000000000 ) ) ;
#1089 = ORIENTED_EDGE ( 'NONE', *, *, #2012, .F. ) ;
#1090 =( NAMED_UNIT ( * ) PLANE_ANGLE_UNIT ( ) SI_UNIT ( $, .RADIAN. ) );
#1091 = APPROVAL_DATE_TIME ( #3449, #882 ) ;
#1092 = PERSON_AND_ORGANIZATION_ROLE ( 'classification_officer' ) ;
#1093 = CLOSED_SHELL ( 'NONE', ( #2318, #1394, #2620, #508, #1298, #464 ) ) ;
#1094 = DIRECTION ( 'NONE',  ( 1.000000000000000000, 0.000000000000000000, 0.000000000000000000 ) ) ;
#1095 = ORIENTED_EDGE ( 'NONE', *, *, #2814, .F. ) ;
#1096 = VECTOR ( 'NONE', #920, 1000.000000000000000 ) ;
#1097 = DIRECTION ( 'NONE',  ( 1.000000000000000000, 0.000000000000000000, 0.000000000000000000 ) ) ;
#1098 = COORDINATED_UNIVERSAL_TIME_OFFSET ( 8, 0, .AHEAD. ) ;
#1099 = AXIS2_PLACEMENT_3D ( 'NONE', #1303, #3589, #1315 ) ;
#1100 = CC_DESIGN_APPROVAL ( #419, ( #3546 ) ) ;
#1101 = SECURITY_CLASSIFICATION ( '', '', #72 ) ;
#1102 = CC_DESIGN_DATE_AND_TIME_ASSIGNMENT ( #319, #910, ( #3300 ) ) ;
#1103 = DIRECTION ( 'NONE',  ( 0.000000000000000000, 0.000000000000000000, -1.000000000000000000 ) ) ;
#1104 = PLANE ( 'NONE',  #496 ) ;
#1105 = CC_DESIGN_SECURITY_CLASSIFICATION ( #505, ( #3739 ) ) ;
#1106 = APPROVAL_PERSON_ORGANIZATION ( #2910, #3491, #947 ) ;
#1107 = LINE ( 'NONE', #249, #680 ) ;
#1108 = PERSON ( 'NAUO-PER40', 'UNSPECIFIED', 'UNSPECIFIED', ('UNSPECIFIED'), ('UNSPECIFIED'), ('UNSPECIFIED') ) ;
#1109 = CC_DESIGN_PERSON_AND_ORGANIZATION_ASSIGNMENT ( #1558, #1246, ( #387 ) ) ;
#1110 = ORGANIZATION ( 'NAUO-ORG21', 'UNSPECIFIED', 'UNSPECIFIED' ) ;
#1111 = COORDINATED_UNIVERSAL_TIME_OFFSET ( 8, 0, .AHEAD. ) ;
#1112 = SECURITY_CLASSIFICATION ( '', '', #2370 ) ;
#1113 = PERSON_AND_ORGANIZATION ( #2402, #2555 ) ;
#1114 = ORIENTED_EDGE ( 'NONE', *, *, #869, .T. ) ;
#1115 = APPROVAL_ROLE ( '' ) ;
#1116 = CC_DESIGN_SECURITY_CLASSIFICATION ( #3682, ( #3726 ) ) ;
#1117 = MANIFOLD_SOLID_BREP ( '凸台-拉伸1', #985 ) ;
#1118 = COORDINATED_UNIVERSAL_TIME_OFFSET ( 8, 0, .AHEAD. ) ;
#1119 = APPROVAL_STATUS ( 'not_yet_approved' ) ;
#1120 = PERSON_AND_ORGANIZATION ( #2402, #2555 ) ;
#1121 = PERSON_AND_ORGANIZATION_ROLE ( 'creator' ) ;
#1122 = APPROVAL_DATE_TIME ( #2781, #1662 ) ;
#1123 = PLANE ( 'NONE',  #2750 ) ;
#1124 =( REPRESENTATION_RELATIONSHIP ('NONE','NONE', #1576, #3264 ) REPRESENTATION_RELATIONSHIP_WITH_TRANSFORMATION ( #2526 )SHAPE_REPRESENTATION_RELATIONSHIP( ) );
#1125 = LINE ( 'NONE', #1065, #443 ) ;
#1126 = EDGE_CURVE ( 'NONE', #2095, #2763, #2082, .T. ) ;
#1127 = CC_DESIGN_DATE_AND_TIME_ASSIGNMENT ( #2047, #1456, ( #3136 ) ) ;
#1128 = EDGE_LOOP ( 'NONE', ( #2032, #2609, #18, #2060 ) ) ;
#1129 = MANIFOLD_SOLID_BREP ( '凸台-拉伸1', #2680 ) ;
#1130 = DATE_AND_TIME ( #1762, #2885 ) ;
#1131 = DATE_TIME_ROLE ( 'classification_date' ) ;
#1132 = ADVANCED_FACE ( 'NONE', ( #1220 ), #2397, .F. ) ;
#1133 = DATE_AND_TIME ( #2618, #2869 ) ;
#1134 = SHAPE_DEFINITION_REPRESENTATION ( #461, #1669 ) ;
#1135 = DIRECTION ( 'NONE',  ( 1.000000000000000000, 0.000000000000000000, -0.000000000000000000 ) ) ;
#1136 = ORIENTED_EDGE ( 'NONE', *, *, #2592, .T. ) ;
#1137 = PERSON_AND_ORGANIZATION_ROLE ( 'design_owner' ) ;
#1138 = CALENDAR_DATE ( 2026, 27, 7 ) ;
#1139 = PERSON_AND_ORGANIZATION_ROLE ( 'classification_officer' ) ;
#1140 = ORIENTED_EDGE ( 'NONE', *, *, #3678, .T. ) ;
#1141 = CC_DESIGN_PERSON_AND_ORGANIZATION_ASSIGNMENT ( #1235, #3022, ( #16 ) ) ;
#1142 = PRODUCT_DEFINITION ( '未知', '', #315, #1056 ) ;
#1143 = AXIS2_PLACEMENT_3D ( 'NONE', #2010, #1697, #3485 ) ;
#1144 = CONTEXT_DEPENDENT_SHAPE_REPRESENTATION ( #3423, #2051 ) ;
#1145 = ITEM_DEFINED_TRANSFORMATION ( 'NONE', 'NONE', #2807,  #2883 ) ;
#1146 = PERSON_AND_ORGANIZATION ( #2402, #2555 ) ;
#1147 = APPROVAL_ROLE ( '' ) ;
#1148 = COORDINATED_UNIVERSAL_TIME_OFFSET ( 8, 0, .AHEAD. ) ;
#1149 = ORIENTED_EDGE ( 'NONE', *, *, #3600, .T. ) ;
#1150 = CLOSED_SHELL ( 'NONE', ( #2173, #2784, #2008, #2577, #1974, #3279 ) ) ;
#1151 = VECTOR ( 'NONE', #1370, 1000.000000000000000 ) ;
#1152 = COORDINATED_UNIVERSAL_TIME_OFFSET ( 8, 0, .AHEAD. ) ;
#1153 = CARTESIAN_POINT ( 'NONE',  ( -15.00000000000000000, 0.000000000000000000, 15.00000000000000000 ) ) ;
#1154 = FACE_OUTER_BOUND ( 'NONE', #1461, .T. ) ;
#1155 = VECTOR ( 'NONE', #60, 1000.000000000000000 ) ;
#1156 = VERTEX_POINT ( 'NONE', #2627 ) ;
#1157 = APPROVAL_PERSON_ORGANIZATION ( #358, #908, #1238 ) ;
#1158 = CC_DESIGN_SECURITY_CLASSIFICATION ( #3548, ( #3763 ) ) ;
#1159 = COORDINATED_UNIVERSAL_TIME_OFFSET ( 8, 0, .AHEAD. ) ;
#1160 = VECTOR ( 'NONE', #2287, 1000.000000000000000 ) ;
#1161 = APPROVAL_DATE_TIME ( #2315, #2908 ) ;
#1162 = PERSON_AND_ORGANIZATION_ROLE ( 'classification_officer' ) ;
#1163 = SECURITY_CLASSIFICATION ( '', '', #2585 ) ;
#1164 = EDGE_LOOP ( 'NONE', ( #2677, #2384, #431, #2735 ) ) ;
#1165 = VERTEX_POINT ( 'NONE', #23 ) ;
#1166 = LOCAL_TIME ( 2, 11, 31.00000000000000000, #2779 ) ;
#1167 = LOCAL_TIME ( 2, 11, 31.00000000000000000, #2332 ) ;
#1168 =( NAMED_UNIT ( * ) PLANE_ANGLE_UNIT ( ) SI_UNIT ( $, .RADIAN. ) );
#1169 = SECURITY_CLASSIFICATION ( '', '', #3125 ) ;
#1170 = SECURITY_CLASSIFICATION ( '', '', #1216 ) ;
#1171 = CALENDAR_DATE ( 2026, 27, 7 ) ;
#1172 = EDGE_CURVE ( 'NONE', #1420, #1935, #1227, .T. ) ;
#1173 = CALENDAR_DATE ( 2026, 27, 7 ) ;
#1174 = SHAPE_REPRESENTATION_RELATIONSHIP ( 'NONE' , 'NONE' ,  #2365, #1507 ) ;
#1175 = CARTESIAN_POINT ( 'NONE',  ( -139.9999999999999716, 385.0000000000000000, 145.0000000000000000 ) ) ;
#1176 = CONTEXT_DEPENDENT_SHAPE_REPRESENTATION ( #1779, #936 ) ;
#1177 = ORIENTED_EDGE ( 'NONE', *, *, #1172, .F. ) ;
#1178 = CC_DESIGN_DATE_AND_TIME_ASSIGNMENT ( #2488, #174, ( #1243 ) ) ;
#1179 = APPLICATION_PROTOCOL_DEFINITION ( 'international standard', 'config_control_design', 1994, #2182 ) ;
#1180 = COORDINATED_UNIVERSAL_TIME_OFFSET ( 8, 0, .AHEAD. ) ;
#1181 = CARTESIAN_POINT ( 'NONE',  ( 150.0000000000000000, 32.00000000000000000, -3.000000000000000000 ) ) ;
#1182 = PLANE ( 'NONE',  #2270 ) ;
#1183 = ORIENTED_EDGE ( 'NONE', *, *, #806, .T. ) ;
#1184 = SHAPE_DEFINITION_REPRESENTATION ( #2260, #1968 ) ;
#1185 = EDGE_LOOP ( 'NONE', ( #2630, #2417, #3256, #3436 ) ) ;
#1186 = CARTESIAN_POINT ( 'NONE',  ( -15.00000000000000000, 3.000000000000000000, -15.00000000000000000 ) ) ;
#1187 = CARTESIAN_POINT ( 'NONE',  ( 0.000000000000000000, 0.000000000000000000, 0.000000000000000000 ) ) ;
#1188 = PERSON_AND_ORGANIZATION ( #610, #3307 ) ;
#1189 = PERSON_AND_ORGANIZATION ( #2402, #2555 ) ;
#1190 = DIRECTION ( 'NONE',  ( 0.000000000000000000, 0.000000000000000000, 1.000000000000000000 ) ) ;
#1191 = EDGE_CURVE ( 'NONE', #594, #2430, #964, .T. ) ;
#1192 = APPROVAL_DATE_TIME ( #486, #2411 ) ;
#1193 = CARTESIAN_POINT ( 'NONE',  ( -25.00000000000000000, 0.000000000000000000, 4.000000000000000000 ) ) ;
#1194 =( REPRESENTATION_RELATIONSHIP ('NONE','NONE', #1576, #2723 ) REPRESENTATION_RELATIONSHIP_WITH_TRANSFORMATION ( #1437 )SHAPE_REPRESENTATION_RELATIONSHIP( ) );
#1195 = PRODUCT_DEFINITION_SHAPE ( 'NONE', 'NONE',  #3762 ) ;
#1196 = DATE_AND_TIME ( #1999, #66 ) ;
#1197 = CC_DESIGN_DATE_AND_TIME_ASSIGNMENT ( #523, #769, ( #458 ) ) ;
#1198 = PERSON_AND_ORGANIZATION ( #2402, #2555 ) ;
#1199 = APPROVAL ( #720, '未指定' ) ;
#1200 = CARTESIAN_POINT ( 'NONE',  ( 150.0000000000000000, 32.00000000000000000, -3.000000000000000000 ) ) ;
#1201 = CARTESIAN_POINT ( 'NONE',  ( 25.00000000000000000, 0.000000000000000000, 4.000000000000000000 ) ) ;
#1202 = DIRECTION ( 'NONE',  ( -0.000000000000000000, -1.000000000000000000, -0.000000000000000000 ) ) ;
#1203 = ORIENTED_EDGE ( 'NONE', *, *, #476, .F. ) ;
#1204 = PERSON ( 'NAUO-PER16', 'UNSPECIFIED', 'UNSPECIFIED', ('UNSPECIFIED'), ('UNSPECIFIED'), ('UNSPECIFIED') ) ;
#1205 = DATE_TIME_ROLE ( 'classification_date' ) ;
#1206 = CONTEXT_DEPENDENT_SHAPE_REPRESENTATION ( #2114, #1491 ) ;
#1207 = DATE_AND_TIME ( #47, #845 ) ;
#1208 = ORIENTED_EDGE ( 'NONE', *, *, #3087, .T. ) ;
#1209 = DIRECTION ( 'NONE',  ( -1.000000000000000000, 0.000000000000000000, 0.000000000000000000 ) ) ;
#1210 = COORDINATED_UNIVERSAL_TIME_OFFSET ( 8, 0, .AHEAD. ) ;
#1211 = DIRECTION ( 'NONE',  ( 1.000000000000000000, 0.000000000000000000, 0.000000000000000000 ) ) ;
#1212 = EDGE_LOOP ( 'NONE', ( #928, #3169, #887, #1140 ) ) ;
#1213 = DIRECTION ( 'NONE',  ( -1.000000000000000000, -0.000000000000000000, -0.000000000000000000 ) ) ;
#1214 = APPROVAL_PERSON_ORGANIZATION ( #3466, #2476, #1756 ) ;
#1215 = MECHANICAL_CONTEXT ( 'NONE', #2503, 'mechanical' ) ;
#1216 = SECURITY_CLASSIFICATION_LEVEL ( 'unclassified' ) ;
#1217 = AXIS2_PLACEMENT_3D ( 'NONE', #2111, #615, #1518 ) ;
#1218 = CARTESIAN_POINT ( 'NONE',  ( 0.000000000000000000, 0.000000000000000000, -4.000000000000000000 ) ) ;
#1219 = CARTESIAN_POINT ( 'NONE',  ( 3.000000000000000444, 3.673940397442060361E-16, 55.00000000000000000 ) ) ;
#1220 = FACE_OUTER_BOUND ( 'NONE', #889, .T. ) ;
#1221 = ORIENTED_EDGE ( 'NONE', *, *, #1777, .F. ) ;
#1222 = VECTOR ( 'NONE', #110, 1000.000000000000000 ) ;
#1223 = EDGE_CURVE ( 'NONE', #54, #1388, #2687, .T. ) ;
#1224 = PERSON_AND_ORGANIZATION ( #2402, #2555 ) ;
#1225 = LOCAL_TIME ( 2, 11, 31.00000000000000000, #2480 ) ;
#1226 = DATE_AND_TIME ( #3578, #943 ) ;
#1227 = CIRCLE ( 'NONE', #1445, 4.000000000000000000 ) ;
#1228 = ORIENTED_EDGE ( 'NONE', *, *, #2443, .F. ) ;
#1229 = ORIENTED_EDGE ( 'NONE', *, *, #1357, .T. ) ;
#1230 = APPROVAL ( #229, '未指定' ) ;
#1231 = AXIS2_PLACEMENT_3D ( 'NONE', #1495, #2981, #2666 ) ;
#1232 = SECURITY_CLASSIFICATION ( '', '', #243 ) ;
#1233 = LOCAL_TIME ( 2, 11, 31.00000000000000000, #909 ) ;
#1234 = CC_DESIGN_APPROVAL ( #965, ( #3548 ) ) ;
#1235 = PERSON_AND_ORGANIZATION ( #3308, #1965 ) ;
#1236 = ORIENTED_EDGE ( 'NONE', *, *, #1588, .F. ) ;
#1237 = LOCAL_TIME ( 2, 11, 31.00000000000000000, #2686 ) ;
#1238 = APPROVAL_ROLE ( '' ) ;
#1239 = LOCAL_TIME ( 2, 11, 31.00000000000000000, #3582 ) ;
#1240 =( NAMED_UNIT ( * ) PLANE_ANGLE_UNIT ( ) SI_UNIT ( $, .RADIAN. ) );
#1241 = DIRECTION ( 'NONE',  ( 1.000000000000000000, 0.000000000000000000, 0.000000000000000000 ) ) ;
#1242 = EDGE_CURVE ( 'NONE', #1951, #2996, #2191, .T. ) ;
#1243 = SECURITY_CLASSIFICATION ( '', '', #2540 ) ;
#1244 = APPROVAL_DATE_TIME ( #383, #3157 ) ;
#1245 = CARTESIAN_POINT ( 'NONE',  ( -25.00000000000000000, 0.000000000000000000, 1.500000000000000000 ) ) ;
#1246 = PERSON_AND_ORGANIZATION_ROLE ( 'classification_officer' ) ;
#1247 = CARTESIAN_POINT ( 'NONE',  ( -15.00000000000000000, 0.000000000000000000, -15.00000000000000000 ) ) ;
#1248 = DATE_TIME_ROLE ( 'classification_date' ) ;
#1249 = DIRECTION ( 'NONE',  ( 1.000000000000000000, 0.000000000000000000, 0.000000000000000000 ) ) ;
#1250 = SHAPE_DEFINITION_REPRESENTATION ( #2702, #1817 ) ;
#1251 = CC_DESIGN_APPROVAL ( #1321, ( #2181 ) ) ;
#1252 = ADVANCED_FACE ( 'NONE', ( #3288 ), #673, .F. ) ;
#1253 = ORIENTED_EDGE ( 'NONE', *, *, #1742, .T. ) ;
#1254 = VERTEX_POINT ( 'NONE', #901 ) ;
#1255 = CC_DESIGN_PERSON_AND_ORGANIZATION_ASSIGNMENT ( #1520, #2129, ( #815 ) ) ;
#1256 = DATE_AND_TIME ( #2678, #976 ) ;
#1257 = COORDINATED_UNIVERSAL_TIME_OFFSET ( 8, 0, .AHEAD. ) ;
#1258 = APPLICATION_CONTEXT ( 'configuration controlled 3d designs of mechanical parts and assemblies' ) ;
#1259 = FACE_OUTER_BOUND ( 'NONE', #3515, .T. ) ;
#1260 = COORDINATED_UNIVERSAL_TIME_OFFSET ( 8, 0, .AHEAD. ) ;
#1261 = PERSON_AND_ORGANIZATION_ROLE ( 'creator' ) ;
#1262 = DIRECTION ( 'NONE',  ( -1.000000000000000000, -0.000000000000000000, -0.000000000000000000 ) ) ;
#1263 = LINE ( 'NONE', #3311, #556 ) ;
#1264 = APPROVAL_STATUS ( 'not_yet_approved' ) ;
#1265 = DIRECTION ( 'NONE',  ( -0.000000000000000000, -1.000000000000000000, -0.000000000000000000 ) ) ;
#1266 =( LENGTH_UNIT ( ) NAMED_UNIT ( * ) SI_UNIT ( .MILLI., .METRE. ) );
#1267 = DATE_AND_TIME ( #2424, #2944 ) ;
#1268 = PERSON_AND_ORGANIZATION_ROLE ( 'creator' ) ;
#1269 = CARTESIAN_POINT ( 'NONE',  ( 7.000000000000000000, 8.572527594031473190E-16, 0.000000000000000000 ) ) ;
#1270 = PRODUCT_DEFINITION_SHAPE ( 'NONE', 'NONE',  #3724 ) ;
#1271 = COORDINATED_UNIVERSAL_TIME_OFFSET ( 8, 0, .AHEAD. ) ;
#1272 = APPROVAL ( #2681, 'UNKNOWN' ) ;
#1273 = DIRECTION ( 'NONE',  ( 1.000000000000000000, 0.000000000000000000, 0.000000000000000000 ) ) ;
#1274 = APPROVAL ( #3366, '未指定' ) ;
#1275 = CALENDAR_DATE ( 2026, 27, 7 ) ;
#1276 = CC_DESIGN_PERSON_AND_ORGANIZATION_ASSIGNMENT ( #2186, #434, ( #1348 ) ) ;
#1277 = CARTESIAN_POINT ( 'NONE',  ( 3.000000000000000444, 3.673940397442060361E-16, 55.00000000000000000 ) ) ;
#1278 = CARTESIAN_POINT ( 'NONE',  ( 15.00000000000000000, 3.000000000000000000, -15.00000000000000000 ) ) ;
#1279 = UNCERTAINTY_MEASURE_WITH_UNIT (LENGTH_MEASURE( 1.000000000000000082E-05 ), #3298, 'distance_accuracy_value', 'NONE');
#1280 = LINE ( 'NONE', #776, #192 ) ;
#1281 = APPLICATION_PROTOCOL_DEFINITION ( 'international standard', 'config_control_design', 1994, #756 ) ;
#1282 = VECTOR ( 'NONE', #2481, 1000.000000000000000 ) ;
#1283 = DIRECTION ( 'NONE',  ( -1.000000000000000000, -0.000000000000000000, -0.000000000000000000 ) ) ;
#1284 = CARTESIAN_POINT ( 'NONE',  ( 0.000000000000000000, 109.0000000000000000, 123.0000000000000000 ) ) ;
#1285 = DATE_AND_TIME ( #373, #1531 ) ;
#1286 = EDGE_LOOP ( 'NONE', ( #313, #219, #2495, #2697 ) ) ;
#1287 = CALENDAR_DATE ( 2026, 27, 7 ) ;
#1288 = AXIS2_PLACEMENT_3D ( 'NONE', #2948, #919, #2081 ) ;
#1289 = APPROVAL_PERSON_ORGANIZATION ( #1670, #288, #177 ) ;
#1290 = LOCAL_TIME ( 2, 11, 31.00000000000000000, #3520 ) ;
#1291 = DIRECTION ( 'NONE',  ( 0.000000000000000000, 0.000000000000000000, 1.000000000000000000 ) ) ;
#1292 = FACE_OUTER_BOUND ( 'NONE', #599, .T. ) ;
#1293 = ORIENTED_EDGE ( 'NONE', *, *, #2563, .T. ) ;
#1294 = AXIS2_PLACEMENT_3D ( 'NONE', #1912, #2827, #3413 ) ;
#1295 = CC_DESIGN_PERSON_AND_ORGANIZATION_ASSIGNMENT ( #1079, #3126, ( #150 ) ) ;
#1296 = CC_DESIGN_APPROVAL ( #2961, ( #3300 ) ) ;
#1297 = PERSON ( 'NAUO-PER35', 'UNSPECIFIED', 'UNSPECIFIED', ('UNSPECIFIED'), ('UNSPECIFIED'), ('UNSPECIFIED') ) ;
#1298 = ADVANCED_FACE ( 'NONE', ( #1154 ), #2334, .F. ) ;
#1299 = APPROVAL_DATE_TIME ( #1851, #1272 ) ;
#1300 = VERTEX_POINT ( 'NONE', #2803 ) ;
#1301 = APPROVAL_PERSON_ORGANIZATION ( #3186, #3338, #3146 ) ;
#1302 = CC_DESIGN_PERSON_AND_ORGANIZATION_ASSIGNMENT ( #3186, #1424, ( #3559 ) ) ;
#1303 = CARTESIAN_POINT ( 'NONE',  ( 0.000000000000000000, 0.000000000000000000, 55.00000000000000000 ) ) ;
#1304 = CARTESIAN_POINT ( 'NONE',  ( -25.00000000000000000, 0.000000000000000000, -4.000000000000000000 ) ) ;
#1305 = CARTESIAN_POINT ( 'NONE',  ( -15.00000000000000000, 3.000000000000000000, -15.00000000000000000 ) ) ;
#1306 = LOCAL_TIME ( 2, 11, 31.00000000000000000, #3615 ) ;
#1307 = COORDINATED_UNIVERSAL_TIME_OFFSET ( 8, 0, .AHEAD. ) ;
#1308 = PERSON_AND_ORGANIZATION_ROLE ( 'classification_officer' ) ;
#1309 = APPROVAL_STATUS ( 'not_yet_approved' ) ;
#1310 = PLANE ( 'NONE',  #1753 ) ;
#1311 = ORIENTED_EDGE ( 'NONE', *, *, #2039, .T. ) ;
#1312 = COORDINATED_UNIVERSAL_TIME_OFFSET ( 8, 0, .AHEAD. ) ;
#1313 = EDGE_CURVE ( 'NONE', #3276, #1045, #886, .T. ) ;
#1314 = EDGE_CURVE ( 'NONE', #1365, #3563, #2044, .T. ) ;
#1315 = DIRECTION ( 'NONE',  ( -1.000000000000000000, 0.000000000000000000, 0.000000000000000000 ) ) ;
#1316 = CARTESIAN_POINT ( 'NONE',  ( 0.000000000000000000, 8.000000000000000000, 0.000000000000000000 ) ) ;
#1317 = UNCERTAINTY_MEASURE_WITH_UNIT (LENGTH_MEASURE( 1.000000000000000082E-05 ), #1466, 'distance_accuracy_value', 'NONE');
#1318 = DIRECTION ( 'NONE',  ( 0.000000000000000000, 0.000000000000000000, -1.000000000000000000 ) ) ;
#1319 = APPROVAL ( #2346, 'UNKNOWN' ) ;
#1320 = APPROVAL_DATE_TIME ( #3702, #1274 ) ;
#1321 = APPROVAL ( #2576, '未指定' ) ;
#1322 = DATE_AND_TIME ( #2811, #1166 ) ;
#1323 = DIRECTION ( 'NONE',  ( -0.000000000000000000, -0.000000000000000000, 1.000000000000000000 ) ) ;
#1324 =( REPRESENTATION_RELATIONSHIP ('NONE','NONE', #1576, #3264 ) REPRESENTATION_RELATIONSHIP_WITH_TRANSFORMATION ( #734 )SHAPE_REPRESENTATION_RELATIONSHIP( ) );
#1325 = ORIENTED_EDGE ( 'NONE', *, *, #2927, .T. ) ;
#1326 = PRODUCT_DEFINITION_SHAPE ( 'NONE', 'NONE',  #3725 ) ;
#1327 = APPROVAL_STATUS ( 'not_yet_approved' ) ;
#1328 = DIRECTION ( 'NONE',  ( 0.000000000000000000, 0.000000000000000000, -1.000000000000000000 ) ) ;
#1329 = CALENDAR_DATE ( 2026, 27, 7 ) ;
#1330 = APPROVAL_DATE_TIME ( #2795, #1321 ) ;
#1331 = CARTESIAN_POINT ( 'NONE',  ( 0.000000000000000000, 0.000000000000000000, 0.000000000000000000 ) ) ;
#1332 = ADVANCED_FACE ( 'NONE', ( #2669 ), #1182, .F. ) ;
#1333 =( GEOMETRIC_REPRESENTATION_CONTEXT ( 3 ) GLOBAL_UNCERTAINTY_ASSIGNED_CONTEXT ( ( #1891 ) ) GLOBAL_UNIT_ASSIGNED_CONTEXT ( ( #2642, #1240, #782 ) ) REPRESENTATION_CONTEXT ( 'NONE', 'WORKASPACE' ) );
#1334 = CC_DESIGN_DATE_AND_TIME_ASSIGNMENT ( #1452, #1205, ( #150 ) ) ;
#1335 = ORIENTED_EDGE ( 'NONE', *, *, #1465, .T. ) ;
#1336 = APPROVAL_STATUS ( 'not_yet_approved' ) ;
#1337 = AXIS2_PLACEMENT_3D ( 'NONE', #3518, #2049, #905 ) ;
#1338 = VECTOR ( 'NONE', #3575, 1000.000000000000000 ) ;
#1339 = DATE_TIME_ROLE ( 'classification_date' ) ;
#1340 = DATE_AND_TIME ( #2236, #1593 ) ;
#1341 = CC_DESIGN_DATE_AND_TIME_ASSIGNMENT ( #3540, #3296, ( #1101 ) ) ;
#1342 = AXIS2_PLACEMENT_3D ( 'NONE', #3127, #1653, #213 ) ;
#1343 = APPROVAL_PERSON_ORGANIZATION ( #2351, #3231, #2587 ) ;
#1344 = ADVANCED_FACE ( 'NONE', ( #1020 ), #1592, .T. ) ;
#1345 = CARTESIAN_POINT ( 'NONE',  ( -15.00000000000000000, 3.000000000000000000, 15.00000000000000000 ) ) ;
#1346 = DATE_AND_TIME ( #1329, #143 ) ;
#1347 = LOCAL_TIME ( 2, 11, 31.00000000000000000, #3119 ) ;
#1348 = PRODUCT_DEFINITION_FORMATION_WITH_SPECIFIED_SOURCE ( '任何', '', #2728, .NOT_KNOWN. ) ;
#1349 = APPROVAL_ROLE ( '' ) ;
#1350 = DATE_TIME_ROLE ( 'classification_date' ) ;
#1351 = APPROVAL_ROLE ( '' ) ;
#1352 = LOCAL_TIME ( 2, 11, 31.00000000000000000, #2122 ) ;
#1353 = SECURITY_CLASSIFICATION ( '', '', #3001 ) ;
#1354 = FACE_OUTER_BOUND ( 'NONE', #3376, .T. ) ;
#1355 = APPROVAL_DATE_TIME ( #510, #789 ) ;
#1356 = PERSON_AND_ORGANIZATION ( #2402, #2555 ) ;
#1357 = EDGE_CURVE ( 'NONE', #1420, #353, #1057, .T. ) ;
#1358 = EDGE_LOOP ( 'NONE', ( #1177, #1229, #3501, #581 ) ) ;
#1359 = DATE_AND_TIME ( #220, #3482 ) ;
#1360 = CC_DESIGN_PERSON_AND_ORGANIZATION_ASSIGNMENT ( #494, #3107, ( #1112 ) ) ;
#1361 = CARTESIAN_POINT ( 'NONE',  ( 0.000000000000000000, 0.000000000000000000, 0.000000000000000000 ) ) ;
#1362 = MECHANICAL_CONTEXT ( 'NONE', #999, 'mechanical' ) ;
#1363 = ITEM_DEFINED_TRANSFORMATION ( 'NONE', 'NONE', #1391,  #2883 ) ;
#1364 = CARTESIAN_POINT ( 'NONE',  ( 0.000000000000000000, 0.000000000000000000, 55.00000000000000000 ) ) ;
#1365 = VERTEX_POINT ( 'NONE', #1916 ) ;
#1366 = APPROVAL_DATE_TIME ( #1683, #419 ) ;
#1367 = PERSON_AND_ORGANIZATION ( #2402, #2555 ) ;
#1368 = PERSON_AND_ORGANIZATION_ROLE ( 'design_supplier' ) ;
#1369 = FACE_OUTER_BOUND ( 'NONE', #2582, .T. ) ;
#1370 = DIRECTION ( 'NONE',  ( -0.000000000000000000, -0.000000000000000000, -1.000000000000000000 ) ) ;
#1371 = APPLICATION_CONTEXT ( 'configuration controlled 3d designs of mechanical parts and assemblies' ) ;
#1372 = APPROVAL_ROLE ( '' ) ;
#1373 = ORIENTED_EDGE ( 'NONE', *, *, #899, .T. ) ;
#1374 = PERSON_AND_ORGANIZATION ( #2402, #2555 ) ;
#1375 = CC_DESIGN_PERSON_AND_ORGANIZATION_ASSIGNMENT ( #1939, #2395, ( #505 ) ) ;
#1376 = COORDINATED_UNIVERSAL_TIME_OFFSET ( 8, 0, .AHEAD. ) ;
#1377 = PERSON ( 'NAUO-PER38', 'UNSPECIFIED', 'UNSPECIFIED', ('UNSPECIFIED'), ('UNSPECIFIED'), ('UNSPECIFIED') ) ;
#1378 = CC_DESIGN_PERSON_AND_ORGANIZATION_ASSIGNMENT ( #3669, #2507, ( #2181 ) ) ;
#1379 = CARTESIAN_POINT ( 'NONE',  ( 40.00000000000000000, 0.000000000000000000, 0.000000000000000000 ) ) ;
#1380 = PRODUCT_DEFINITION ( '未知', '', #1348, #1927 ) ;
#1381 = DATE_AND_TIME ( #2863, #251 ) ;
#1382 = PERSON_AND_ORGANIZATION ( #2402, #2555 ) ;
#1383 = DIRECTION ( 'NONE',  ( 0.000000000000000000, 0.000000000000000000, -1.000000000000000000 ) ) ;
#1384 = FACE_OUTER_BOUND ( 'NONE', #539, .T. ) ;
#1385 = DIRECTION ( 'NONE',  ( 0.000000000000000000, 0.000000000000000000, -1.000000000000000000 ) ) ;
#1386 = PERSON_AND_ORGANIZATION ( #2402, #2555 ) ;
#1387 = APPROVAL ( #1336, 'UNKNOWN' ) ;
#1388 = VERTEX_POINT ( 'NONE', #3611 ) ;
#1389 = COORDINATED_UNIVERSAL_TIME_OFFSET ( 8, 0, .AHEAD. ) ;
#1390 = SHAPE_REPRESENTATION_RELATIONSHIP ( 'NONE' , 'NONE' ,  #1685, #982 ) ;
#1391 = AXIS2_PLACEMENT_3D ( 'NONE', #114, #1885, #685 ) ;
#1392 = PERSON_AND_ORGANIZATION ( #3348, #3009 ) ;
#1393 = CIRCLE ( 'NONE', #617, 7.000000000000000000 ) ;
#1394 = ADVANCED_FACE ( 'NONE', ( #733 ), #3069, .F. ) ;
#1395 = CARTESIAN_POINT ( 'NONE',  ( 0.000000000000000000, 0.000000000000000000, 0.000000000000000000 ) ) ;
#1396 = ITEM_DEFINED_TRANSFORMATION ( 'NONE', 'NONE', #1436,  #2883 ) ;
#1397 = CIRCLE ( 'NONE', #2458, 4.000000000000000000 ) ;
#1398 = CC_DESIGN_SECURITY_CLASSIFICATION ( #1232, ( #3728 ) ) ;
#1399 = LOCAL_TIME ( 2, 11, 31.00000000000000000, #710 ) ;
#1400 = APPROVAL_STATUS ( 'not_yet_approved' ) ;
#1401 = CC_DESIGN_DATE_AND_TIME_ASSIGNMENT ( #2855, #3117, ( #342 ) ) ;
#1402 = ITEM_DEFINED_TRANSFORMATION ( 'NONE', 'NONE', #796,  #2883 ) ;
#1403 = DATE_TIME_ROLE ( 'creation_date' ) ;
#1404 = DIRECTION ( 'NONE',  ( 0.000000000000000000, 0.000000000000000000, 1.000000000000000000 ) ) ;
#1405 = LOCAL_TIME ( 2, 11, 31.00000000000000000, #3465 ) ;
#1406 = APPROVAL_PERSON_ORGANIZATION ( #418, #670, #2703 ) ;
#1407 = DIRECTION ( 'NONE',  ( 0.000000000000000000, -1.000000000000000000, 0.000000000000000000 ) ) ;
#1408 = APPROVAL_PERSON_ORGANIZATION ( #3263, #3157, #3644 ) ;
#1409 = CC_DESIGN_APPROVAL ( #3566, ( #1914 ) ) ;
#1410 = ORIENTED_EDGE ( 'NONE', *, *, #848, .F. ) ;
#1411 = APPROVAL_ROLE ( '' ) ;
#1412 = COORDINATED_UNIVERSAL_TIME_OFFSET ( 8, 0, .AHEAD. ) ;
#1413 = ORIENTED_EDGE ( 'NONE', *, *, #2443, .T. ) ;
#1414 = CALENDAR_DATE ( 2026, 27, 7 ) ;
#1415 = APPROVAL_PERSON_ORGANIZATION ( #286, #312, #644 ) ;
#1416 = CARTESIAN_POINT ( 'NONE',  ( 25.00000000000000000, 80.00000000000000000, 4.000000000000000000 ) ) ;
#1417 = CC_DESIGN_DATE_AND_TIME_ASSIGNMENT ( #839, #1735, ( #2275 ) ) ;
#1418 = CC_DESIGN_PERSON_AND_ORGANIZATION_ASSIGNMENT ( #3713, #541, ( #1581 ) ) ;
#1419 = COORDINATED_UNIVERSAL_TIME_OFFSET ( 8, 0, .AHEAD. ) ;
#1420 = VERTEX_POINT ( 'NONE', #2149 ) ;
#1421 = APPROVAL_DATE_TIME ( #2033, #3354 ) ;
#1422 = PRODUCT_DEFINITION_SHAPE ( 'NONE', 'NONE',  #3746 ) ;
#1423 = PERSON_AND_ORGANIZATION ( #2402, #2555 ) ;
#1424 = PERSON_AND_ORGANIZATION_ROLE ( 'classification_officer' ) ;
#1425 = PERSON_AND_ORGANIZATION ( #1204, #3008 ) ;
#1426 = APPROVAL_DATE_TIME ( #1600, #309 ) ;
#1427 = PERSON_AND_ORGANIZATION ( #2402, #2555 ) ;
#1428 = CARTESIAN_POINT ( 'NONE',  ( 0.000000000000000000, 0.000000000000000000, 0.000000000000000000 ) ) ;
#1429 = ORIENTED_EDGE ( 'NONE', *, *, #488, .T. ) ;
#1430 = DATE_AND_TIME ( #2112, #693 ) ;
#1431 = DATE_AND_TIME ( #1744, #53 ) ;
#1432 = EDGE_CURVE ( 'NONE', #2, #24, #1393, .T. ) ;
#1433 = EDGE_LOOP ( 'NONE', ( #3228, #1983, #48, #860 ) ) ;
#1434 = ORIENTED_EDGE ( 'NONE', *, *, #1991, .T. ) ;
#1435 = PRODUCT_RELATED_PRODUCT_CATEGORY ( 'detail', '', ( #1035 ) ) ;
#1436 = AXIS2_PLACEMENT_3D ( 'NONE', #1284, #474, #2914 ) ;
#1437 = ITEM_DEFINED_TRANSFORMATION ( 'NONE', 'NONE', #2386,  #2883 ) ;
#1438 = DATE_AND_TIME ( #3174, #2695 ) ;
#1439 = SHAPE_REPRESENTATION_RELATIONSHIP ( 'NONE' , 'NONE' ,  #1968, #3092 ) ;
#1440 = AXIS2_PLACEMENT_3D ( 'NONE', #1870, #3299, #2721 ) ;
#1441 = CONTEXT_DEPENDENT_SHAPE_REPRESENTATION ( #1700, #1326 ) ;
#1442 = DATE_AND_TIME ( #854, #1405 ) ;
#1443 = CONTEXT_DEPENDENT_SHAPE_REPRESENTATION ( #797, #3621 ) ;
#1444 = CC_DESIGN_DATE_AND_TIME_ASSIGNMENT ( #1359, #2546, ( #3175 ) ) ;
#1445 = AXIS2_PLACEMENT_3D ( 'NONE', #946, #366, #3227 ) ;
#1446 = APPLICATION_PROTOCOL_DEFINITION ( 'international standard', 'config_control_design', 1994, #948 ) ;
#1447 = APPROVAL_DATE_TIME ( #2483, #1976 ) ;
#1448 = CARTESIAN_POINT ( 'NONE',  ( 25.00000000000000000, 30.00000000000000000, 1.500000000000000000 ) ) ;
#1449 = CARTESIAN_POINT ( 'NONE',  ( 25.00000000000000000, 30.00000000000000000, -1.500000000000000000 ) ) ;
#1450 = AXIS2_PLACEMENT_3D ( 'NONE', #1975, #350, #1813 ) ;
#1451 = ORIENTED_EDGE ( 'NONE', *, *, #1191, .F. ) ;
#1452 = DATE_AND_TIME ( #332, #3375 ) ;
#1453 = SECURITY_CLASSIFICATION ( '', '', #1996 ) ;
#1454 = COORDINATED_UNIVERSAL_TIME_OFFSET ( 8, 0, .AHEAD. ) ;
#1455 = VECTOR ( 'NONE', #37, 1000.000000000000000 ) ;
#1456 = DATE_TIME_ROLE ( 'classification_date' ) ;
#1457 = DATE_TIME_ROLE ( 'creation_date' ) ;
#1458 = CC_DESIGN_SECURITY_CLASSIFICATION ( #1766, ( #3736 ) ) ;
#1459 = LOCAL_TIME ( 2, 11, 31.00000000000000000, #2971 ) ;
#1460 = PERSON ( 'NAUO-PER26', 'UNSPECIFIED', 'UNSPECIFIED', ('UNSPECIFIED'), ('UNSPECIFIED'), ('UNSPECIFIED') ) ;
#1461 = EDGE_LOOP ( 'NONE', ( #2659, #1498, #1552, #2301 ) ) ;
#1462 = ORIENTED_EDGE ( 'NONE', *, *, #3258, .T. ) ;
#1463 = SECURITY_CLASSIFICATION ( '', '', #1822 ) ;
#1464 = LOCAL_TIME ( 2, 11, 31.00000000000000000, #21 ) ;
#1465 = EDGE_CURVE ( 'NONE', #1045, #2763, #1858, .T. ) ;
#1466 =( LENGTH_UNIT ( ) NAMED_UNIT ( * ) SI_UNIT ( .MILLI., .METRE. ) );
#1467 = APPROVAL_PERSON_ORGANIZATION ( #1078, #1595, #2786 ) ;
#1468 = ORGANIZATION ( 'NAUO-ORG10', 'UNSPECIFIED', 'UNSPECIFIED' ) ;
#1469 = DATE_AND_TIME ( #2957, #3673 ) ;
#1470 = CC_DESIGN_PERSON_AND_ORGANIZATION_ASSIGNMENT ( #788, #1942, ( #1010 ) ) ;
#1471 = COORDINATED_UNIVERSAL_TIME_OFFSET ( 8, 0, .AHEAD. ) ;
#1472 =( NAMED_UNIT ( * ) SI_UNIT ( $, .STERADIAN. ) SOLID_ANGLE_UNIT ( ) );
#1473 = CARTESIAN_POINT ( 'NONE',  ( 0.000000000000000000, 256.5084795571100926, 59.03576436351045942 ) ) ;
#1474 = CC_DESIGN_PERSON_AND_ORGANIZATION_ASSIGNMENT ( #2341, #2113, ( #2203 ) ) ;
#1475 = PERSON_AND_ORGANIZATION ( #891, #626 ) ;
#1476 = CARTESIAN_POINT ( 'NONE',  ( 160.0000000000000000, 20.00000000000000000, 12.50000000000000000 ) ) ;
#1477 = DIRECTION ( 'NONE',  ( 1.000000000000000000, 0.000000000000000000, 0.000000000000000000 ) ) ;
#1478 = DATE_AND_TIME ( #898, #3359 ) ;
#1479 = DIRECTION ( 'NONE',  ( 0.000000000000000000, 0.000000000000000000, 1.000000000000000000 ) ) ;
#1480 = DIRECTION ( 'NONE',  ( 0.000000000000000000, -0.000000000000000000, -1.000000000000000000 ) ) ;
#1481 = EDGE_LOOP ( 'NONE', ( #1413, #988, #3218, #1676 ) ) ;
#1482 = ORIENTED_EDGE ( 'NONE', *, *, #221, .T. ) ;
#1483 = EDGE_LOOP ( 'NONE', ( #2379, #1253, #3489, #138 ) ) ;
#1484 = DIRECTION ( 'NONE',  ( 1.000000000000000000, 0.000000000000000000, 0.000000000000000000 ) ) ;
#1485 = DATE_TIME_ROLE ( 'classification_date' ) ;
#1486 = SHAPE_REPRESENTATION_RELATIONSHIP ( 'NONE' , 'NONE' ,  #1669, #3257 ) ;
#1487 = DIRECTION ( 'NONE',  ( 1.000000000000000000, 0.000000000000000000, 0.000000000000000000 ) ) ;
#1488 = CALENDAR_DATE ( 2026, 27, 7 ) ;
#1489 = EDGE_CURVE ( 'NONE', #2537, #3159, #427, .T. ) ;
#1490 = DIRECTION ( 'NONE',  ( -1.000000000000000000, -0.000000000000000000, -0.000000000000000000 ) ) ;
#1491 = PRODUCT_DEFINITION_SHAPE ( 'NONE', 'NONE',  #3734 ) ;
#1492 = APPLICATION_PROTOCOL_DEFINITION ( 'international standard', 'config_control_design', 1994, #2503 ) ;
#1493 = APPROVAL_DATE_TIME ( #388, #3566 ) ;
#1494 = APPROVAL ( #724, '未指定' ) ;
#1495 = CARTESIAN_POINT ( 'NONE',  ( -12.00000000000000000, 8.000000000000000000, -9.000000000000000000 ) ) ;
#1496 = PERSON_AND_ORGANIZATION ( #2530, #3374 ) ;
#1497 = DIRECTION ( 'NONE',  ( 0.000000000000000000, -0.000000000000000000, -1.000000000000000000 ) ) ;
#1498 = ORIENTED_EDGE ( 'NONE', *, *, #1513, .T. ) ;
#1499 = CARTESIAN_POINT ( 'NONE',  ( 0.000000000000000000, 0.000000000000000000, 0.000000000000000000 ) ) ;
#1500 = CONTEXT_DEPENDENT_SHAPE_REPRESENTATION ( #2635, #2975 ) ;
#1501 = ORIENTED_EDGE ( 'NONE', *, *, #694, .T. ) ;
#1502 = CARTESIAN_POINT ( 'NONE',  ( 125.0000000000000000, 35.00000000000000000, 109.5000000000000142 ) ) ;
#1503 = EDGE_LOOP ( 'NONE', ( #1462, #2673, #2955, #95 ) ) ;
#1504 = COORDINATED_UNIVERSAL_TIME_OFFSET ( 8, 0, .AHEAD. ) ;
#1505 = SHAPE_REPRESENTATION_RELATIONSHIP ( 'NONE' , 'NONE' ,  #2314, #2568 ) ;
#1506 = DIRECTION ( 'NONE',  ( 0.000000000000000000, 0.5735764363510461594, 0.8191520442889920206 ) ) ;
#1507 = ADVANCED_BREP_SHAPE_REPRESENTATION ( '', ( #3601, #2883 ), #2990 ) ;
#1508 = CALENDAR_DATE ( 2026, 27, 7 ) ;
#1509 = APPLICATION_CONTEXT ( 'configuration controlled 3d designs of mechanical parts and assemblies' ) ;
#1510 = CARTESIAN_POINT ( 'NONE',  ( -150.0000000000000000, 32.00000000000000000, -3.000000000000000000 ) ) ;
#1511 = EDGE_CURVE ( 'NONE', #2115, #1951, #1027, .T. ) ;
#1512 = PERSON_AND_ORGANIZATION_ROLE ( 'classification_officer' ) ;
#1513 = EDGE_CURVE ( 'NONE', #3212, #2065, #2436, .T. ) ;
#1514 = DIRECTION ( 'NONE',  ( 0.000000000000000000, 0.000000000000000000, -1.000000000000000000 ) ) ;
#1515 = DIRECTION ( 'NONE',  ( 1.000000000000000000, 0.000000000000000000, -0.000000000000000000 ) ) ;
#1516 = DIRECTION ( 'NONE',  ( 0.000000000000000000, -0.000000000000000000, -1.000000000000000000 ) ) ;
#1517 = EDGE_CURVE ( 'NONE', #2108, #2131, #176, .T. ) ;
#1518 = DIRECTION ( 'NONE',  ( 1.000000000000000000, 0.000000000000000000, 0.000000000000000000 ) ) ;
#1519 = PRODUCT_RELATED_PRODUCT_CATEGORY ( 'detail', '', ( #3089 ) ) ;
#1520 = PERSON_AND_ORGANIZATION ( #2347, #3434 ) ;
#1521 = DATE_AND_TIME ( #2151, #1225 ) ;
#1522 = VECTOR ( 'NONE', #1249, 1000.000000000000000 ) ;
#1523 = ORIENTED_EDGE ( 'NONE', *, *, #899, .F. ) ;
#1524 = DIRECTION ( 'NONE',  ( 0.000000000000000000, 0.000000000000000000, 1.000000000000000000 ) ) ;
#1525 = AXIS2_PLACEMENT_3D ( 'NONE', #1616, #2788, #2196 ) ;
#1526 = LOCAL_TIME ( 2, 11, 31.00000000000000000, #925 ) ;
#1527 = CC_DESIGN_SECURITY_CLASSIFICATION ( #2275, ( #3757 ) ) ;
#1528 = VERTEX_POINT ( 'NONE', #1605 ) ;
#1529 = AXIS2_PLACEMENT_3D ( 'NONE', #2998, #2724, #1557 ) ;
#1530 = ORIENTED_EDGE ( 'NONE', *, *, #3108, .F. ) ;
#1531 = LOCAL_TIME ( 2, 11, 31.00000000000000000, #1867 ) ;
#1532 = PRODUCT_DEFINITION_SHAPE ( 'NONE', 'NONE',  #3752 ) ;
#1533 =( NAMED_UNIT ( * ) PLANE_ANGLE_UNIT ( ) SI_UNIT ( $, .RADIAN. ) );
#1534 = SECURITY_CLASSIFICATION ( '', '', #2273 ) ;
#1535 = ORIENTED_EDGE ( 'NONE', *, *, #2308, .F. ) ;
#1536 = FACE_OUTER_BOUND ( 'NONE', #3322, .T. ) ;
#1537 = PRODUCT_DEFINITION_SHAPE ( 'NONE', 'NONE',  #342 ) ;
#1538 = ITEM_DEFINED_TRANSFORMATION ( 'NONE', 'NONE', #3660,  #2883 ) ;
#1539 = DIRECTION ( 'NONE',  ( 0.000000000000000000, -1.000000000000000000, 0.000000000000000000 ) ) ;
#1540 = PERSON_AND_ORGANIZATION ( #2402, #2555 ) ;
#1541 = APPROVAL_ROLE ( '' ) ;
#1542 = LINE ( 'NONE', #2146, #3007 ) ;
#1543 = SECURITY_CLASSIFICATION_LEVEL ( 'unclassified' ) ;
#1544 = CARTESIAN_POINT ( 'NONE',  ( -12.00000000000000000, 8.000000000000000000, 9.000000000000000000 ) ) ;
#1545 = ITEM_DEFINED_TRANSFORMATION ( 'NONE', 'NONE', #737,  #2883 ) ;
#1546 = DATE_AND_TIME ( #397, #379 ) ;
#1547 = APPROVAL ( #3234, 'UNKNOWN' ) ;
#1548 = LINE ( 'NONE', #3100, #1222 ) ;
#1549 = PRODUCT_RELATED_PRODUCT_CATEGORY ( 'detail', '', ( #3407 ) ) ;
#1550 = DIRECTION ( 'NONE',  ( 1.000000000000000000, 0.000000000000000000, 0.000000000000000000 ) ) ;
#1551 = CC_DESIGN_PERSON_AND_ORGANIZATION_ASSIGNMENT ( #3145, #3410, ( #3650 ) ) ;
#1552 = ORIENTED_EDGE ( 'NONE', *, *, #3653, .T. ) ;
#1553 = DATE_TIME_ROLE ( 'classification_date' ) ;
#1554 = CARTESIAN_POINT ( 'NONE',  ( -120.0000000000000000, -77.00000000000000000, 102.0000000000000000 ) ) ;
#1555 = CALENDAR_DATE ( 2026, 27, 7 ) ;
#1556 = EDGE_CURVE ( 'NONE', #3200, #2108, #2776, .T. ) ;
#1557 = DIRECTION ( 'NONE',  ( 0.000000000000000000, 0.000000000000000000, 1.000000000000000000 ) ) ;
#1558 = PERSON_AND_ORGANIZATION ( #2402, #2555 ) ;
#1559 = LINE ( 'NONE', #1247, #2564 ) ;
#1560 = DIRECTION ( 'NONE',  ( 0.000000000000000000, 0.000000000000000000, 1.000000000000000000 ) ) ;
#1561 =( NAMED_UNIT ( * ) SI_UNIT ( $, .STERADIAN. ) SOLID_ANGLE_UNIT ( ) );
#1562 = APPROVAL_STATUS ( 'not_yet_approved' ) ;
#1563 = PERSON_AND_ORGANIZATION_ROLE ( 'design_owner' ) ;
#1564 = PRODUCT_DEFINITION_SHAPE ( 'NONE', 'NONE',  #3753 ) ;
#1565 = CARTESIAN_POINT ( 'NONE',  ( 0.000000000000000000, 0.000000000000000000, 0.000000000000000000 ) ) ;
#1566 = PERSON ( 'NAUO-PER1', 'UNSPECIFIED', 'UNSPECIFIED', ('UNSPECIFIED'), ('UNSPECIFIED'), ('UNSPECIFIED') ) ;
#1567 = PRODUCT ( 'FN-SOL-006_panel-back-rail-320x25x20_CONCEPT_R0.7', 'FN-SOL-006_panel-back-rail-320x25x20_CONCEPT_R0.7', '', ( #1215 ) ) ;
#1568 = CARTESIAN_POINT ( 'NONE',  ( 125.0000000000000000, 35.00000000000000000, 161.0000000000000000 ) ) ;
#1569 = APPROVAL_STATUS ( 'not_yet_approved' ) ;
#1570 = ADVANCED_FACE ( 'NONE', ( #1008 ), #3591, .F. ) ;
#1571 = ORIENTED_EDGE ( 'NONE', *, *, #1489, .F. ) ;
#1572 = APPROVAL_STATUS ( 'not_yet_approved' ) ;
#1573 = DATE_AND_TIME ( #991, #1589 ) ;
#1574 = DIRECTION ( 'NONE',  ( 0.000000000000000000, 0.000000000000000000, 1.000000000000000000 ) ) ;
#1575 = APPROVAL ( #2388, 'UNKNOWN' ) ;
#1576 = SHAPE_REPRESENTATION ( 'FN-ASM-006A_structural-detail_R0.7', ( #2214, #238, #980, #915, #2382, #2806, #1892, #185, #1436, #1143, #3294, #3062, #3533, #737, #677, #2505, #1948, #2557, #130, #370, #3064, #918, #2449, #2317, #796, #2929, #3660, #674, #2140, #1440, #1391, #3537, #1895, #2807, #1693, #241, #2386, #741, #2870, #2993, #1217, #3361 ), #1638 ) ;
#1577 = COORDINATED_UNIVERSAL_TIME_OFFSET ( 8, 0, .AHEAD. ) ;
#1578 = COORDINATED_UNIVERSAL_TIME_OFFSET ( 8, 0, .AHEAD. ) ;
#1579 = DIRECTION ( 'NONE',  ( 0.000000000000000000, 0.000000000000000000, -1.000000000000000000 ) ) ;
#1580 = DIRECTION ( 'NONE',  ( -1.000000000000000000, 0.000000000000000000, -0.000000000000000000 ) ) ;
#1581 = PRODUCT_DEFINITION_FORMATION_WITH_SPECIFIED_SOURCE ( '任何', '', #3407, .NOT_KNOWN. ) ;
#1582 = DATE_AND_TIME ( #1862, #3297 ) ;
#1583 = CONTEXT_DEPENDENT_SHAPE_REPRESENTATION ( #111, #280 ) ;
#1584 = LINE ( 'NONE', #1898, #2746 ) ;
#1585 = AXIS2_PLACEMENT_3D ( 'NONE', #754, #3333, #672 ) ;
#1586 = ORIENTED_EDGE ( 'NONE', *, *, #2691, .F. ) ;
#1587 = AXIS2_PLACEMENT_3D ( 'NONE', #2251, #3711, #1097 ) ;
#1588 = EDGE_CURVE ( 'NONE', #54, #132, #248, .T. ) ;
#1589 = LOCAL_TIME ( 2, 11, 31.00000000000000000, #3626 ) ;
#1590 = ORGANIZATION ( 'NAUO-ORG33', 'UNSPECIFIED', 'UNSPECIFIED' ) ;
#1591 = DIRECTION ( 'NONE',  ( 1.000000000000000000, 0.000000000000000000, 0.000000000000000000 ) ) ;
#1592 = PLANE ( 'NONE',  #1764 ) ;
#1593 = LOCAL_TIME ( 2, 11, 31.00000000000000000, #536 ) ;
#1594 = LOCAL_TIME ( 2, 11, 31.00000000000000000, #1111 ) ;
#1595 = APPROVAL ( #2805, 'UNKNOWN' ) ;
#1596 = CONTEXT_DEPENDENT_SHAPE_REPRESENTATION ( #746, #2548 ) ;
#1597 = APPROVAL ( #1009, '未指定' ) ;
#1598 = ORGANIZATION ( 'NAUO-ORG24', 'UNSPECIFIED', 'UNSPECIFIED' ) ;
#1599 = APPROVAL_PERSON_ORGANIZATION ( #1374, #513, #849 ) ;
#1600 = DATE_AND_TIME ( #1085, #3488 ) ;
#1601 = CC_DESIGN_APPROVAL ( #2908, ( #3459 ) ) ;
#1602 = PERSON_AND_ORGANIZATION_ROLE ( 'design_supplier' ) ;
#1603 = LINE ( 'NONE', #3332, #1051 ) ;
#1604 = PLANE ( 'NONE',  #3719 ) ;
#1605 = CARTESIAN_POINT ( 'NONE',  ( 15.00000000000000000, 3.000000000000000000, -15.00000000000000000 ) ) ;
#1606 = CC_DESIGN_SECURITY_CLASSIFICATION ( #156, ( #3733 ) ) ;
#1607 = COORDINATED_UNIVERSAL_TIME_OFFSET ( 8, 0, .AHEAD. ) ;
#1608 = APPROVAL_STATUS ( 'not_yet_approved' ) ;
#1609 = PLANE ( 'NONE',  #3362 ) ;
#1610 = VERTEX_POINT ( 'NONE', #2502 ) ;
#1611 = DATE_TIME_ROLE ( 'classification_date' ) ;
#1612 = EDGE_LOOP ( 'NONE', ( #2484, #3292, #1228, #2045 ) ) ;
#1613 = CONTEXT_DEPENDENT_SHAPE_REPRESENTATION ( #2966, #1564 ) ;
#1614 = DIRECTION ( 'NONE',  ( -1.000000000000000000, -0.000000000000000000, -0.000000000000000000 ) ) ;
#1615 = EDGE_CURVE ( 'NONE', #1796, #2131, #1280, .T. ) ;
#1616 = CARTESIAN_POINT ( 'NONE',  ( 45.00000000000000000, 8.000000000000000000, 40.00000000000000000 ) ) ;
#1617 = DIRECTION ( 'NONE',  ( -0.000000000000000000, -1.000000000000000000, -0.000000000000000000 ) ) ;
#1618 = COORDINATED_UNIVERSAL_TIME_OFFSET ( 8, 0, .AHEAD. ) ;
#1619 = DATE_AND_TIME ( #1967, #2926 ) ;
#1620 = PRODUCT_RELATED_PRODUCT_CATEGORY ( 'detail', '', ( #2728 ) ) ;
#1621 = COORDINATED_UNIVERSAL_TIME_OFFSET ( 8, 0, .AHEAD. ) ;
#1622 = DIRECTION ( 'NONE',  ( -0.000000000000000000, -0.000000000000000000, 1.000000000000000000 ) ) ;
#1623 = DATE_TIME_ROLE ( 'classification_date' ) ;
#1624 = ORIENTED_EDGE ( 'NONE', *, *, #1069, .F. ) ;
#1625 = APPROVAL ( #3340, 'UNKNOWN' ) ;
#1626 = PRODUCT_DEFINITION_SHAPE ( 'NONE', 'NONE',  #3160 ) ;
#1627 = PERSON_AND_ORGANIZATION ( #3705, #3147 ) ;
#1628 = CARTESIAN_POINT ( 'NONE',  ( -25.00000000000000000, 80.00000000000000000, -4.000000000000000000 ) ) ;
#1629 = DIRECTION ( 'NONE',  ( -0.000000000000000000, -0.000000000000000000, 1.000000000000000000 ) ) ;
#1630 = DIRECTION ( 'NONE',  ( 0.000000000000000000, 0.000000000000000000, 1.000000000000000000 ) ) ;
#1631 = CC_DESIGN_APPROVAL ( #3121, ( #311 ) ) ;
#1632 = ITEM_DEFINED_TRANSFORMATION ( 'NONE', 'NONE', #1892,  #2883 ) ;
#1633 = ADVANCED_FACE ( 'NONE', ( #755 ), #3110, .F. ) ;
#1634 = APPLICATION_PROTOCOL_DEFINITION ( 'international standard', 'config_control_design', 1994, #3549 ) ;
#1635 = DATE_AND_TIME ( #1861, #3148 ) ;
#1636 = PLANE ( 'NONE',  #1695 ) ;
#1637 = CC_DESIGN_PERSON_AND_ORGANIZATION_ASSIGNMENT ( #959, #1512, ( #1353 ) ) ;
#1638 =( GEOMETRIC_REPRESENTATION_CONTEXT ( 3 ) GLOBAL_UNCERTAINTY_ASSIGNED_CONTEXT ( ( #3385 ) ) GLOBAL_UNIT_ASSIGNED_CONTEXT ( ( #1266, #2437, #1561 ) ) REPRESENTATION_CONTEXT ( 'NONE', 'WORKASPACE' ) );
#1639 = PRODUCT_DEFINITION_FORMATION_WITH_SPECIFIED_SOURCE ( '任何', '', #2203, .NOT_KNOWN. ) ;
#1640 = AXIS2_PLACEMENT_3D ( 'NONE', #49, #1209, #2987 ) ;
#1641 = PERSON_AND_ORGANIZATION_ROLE ( 'classification_officer' ) ;
#1642 = VERTEX_POINT ( 'NONE', #719 ) ;
#1643 = APPROVAL_ROLE ( '' ) ;
#1644 = CIRCLE ( 'NONE', #3603, 7.000000000000000000 ) ;
#1645 = AXIS2_PLACEMENT_3D ( 'NONE', #1364, #775, #1668 ) ;
#1646 = APPROVAL_STATUS ( 'not_yet_approved' ) ;
#1647 = LOCAL_TIME ( 2, 11, 31.00000000000000000, #2639 ) ;
#1648 = VECTOR ( 'NONE', #657, 1000.000000000000000 ) ;
#1649 = SECURITY_CLASSIFICATION ( '', '', #2307 ) ;
#1650 = ORIENTED_EDGE ( 'NONE', *, *, #2039, .F. ) ;
#1651 = DATE_AND_TIME ( #2286, #1167 ) ;
#1652 = PERSON ( 'NAUO-PER24', 'UNSPECIFIED', 'UNSPECIFIED', ('UNSPECIFIED'), ('UNSPECIFIED'), ('UNSPECIFIED') ) ;
#1653 = DIRECTION ( 'NONE',  ( 1.000000000000000000, -0.000000000000000000, 0.000000000000000000 ) ) ;
#1654 = CC_DESIGN_SECURITY_CLASSIFICATION ( #458, ( #3746 ) ) ;
#1655 = LOCAL_TIME ( 2, 11, 31.00000000000000000, #542 ) ;
#1656 = DIRECTION ( 'NONE',  ( 1.000000000000000000, 0.000000000000000000, 0.000000000000000000 ) ) ;
#1657 = CC_DESIGN_APPROVAL ( #1595, ( #1169 ) ) ;
#1658 = APPROVAL_STATUS ( 'not_yet_approved' ) ;
#1659 = LINE ( 'NONE', #1712, #859 ) ;
#1660 = CARTESIAN_POINT ( 'NONE',  ( 160.0000000000000000, 0.000000000000000000, -12.50000000000000000 ) ) ;
#1661 = PERSON_AND_ORGANIZATION ( #2402, #2555 ) ;
#1662 = APPROVAL ( #2274, 'UNKNOWN' ) ;
#1663 = APPROVAL ( #2599, '未指定' ) ;
#1664 = ORIENTED_EDGE ( 'NONE', *, *, #3600, .F. ) ;
#1665 = DATE_AND_TIME ( #2586, #2756 ) ;
#1666 = APPROVAL_STATUS ( 'not_yet_approved' ) ;
#1667 = CC_DESIGN_PERSON_AND_ORGANIZATION_ASSIGNMENT ( #408, #1602, ( #1061 ) ) ;
#1668 = DIRECTION ( 'NONE',  ( 1.000000000000000000, 0.000000000000000000, 0.000000000000000000 ) ) ;
#1669 = SHAPE_REPRESENTATION ( 'FN-SOL-006_panel-back-rail-320x25x20_CONCEPT_R0.7', ( #2883 ), #563 ) ;
#1670 = PERSON_AND_ORGANIZATION ( #528, #2085 ) ;
#1671 = PERSON_AND_ORGANIZATION_ROLE ( 'creator' ) ;
#1672 = PERSON_AND_ORGANIZATION ( #2402, #2555 ) ;
#1673 = DIRECTION ( 'NONE',  ( -0.000000000000000000, -1.000000000000000000, -0.000000000000000000 ) ) ;
#1674 = DIRECTION ( 'NONE',  ( -0.000000000000000000, -0.000000000000000000, 1.000000000000000000 ) ) ;
#1675 = PERSON_AND_ORGANIZATION ( #118, #1110 ) ;
#1676 = ORIENTED_EDGE ( 'NONE', *, *, #2771, .T. ) ;
#1677 = APPROVAL_DATE_TIME ( #1130, #2015 ) ;
#1678 = EDGE_CURVE ( 'NONE', #2465, #353, #802, .T. ) ;
#1679 = PERSON_AND_ORGANIZATION_ROLE ( 'creator' ) ;
#1680 = DATE_AND_TIME ( #799, #808 ) ;
#1681 = CC_DESIGN_PERSON_AND_ORGANIZATION_ASSIGNMENT ( #1356, #791, ( #3089 ) ) ;
#1682 = CARTESIAN_POINT ( 'NONE',  ( 160.0000000000000000, 20.00000000000000000, 12.50000000000000000 ) ) ;
#1683 = DATE_AND_TIME ( #828, #2400 ) ;
#1684 = SECURITY_CLASSIFICATION_LEVEL ( 'unclassified' ) ;
#1685 = SHAPE_REPRESENTATION ( 'FN-FST-004_mast-bolt-envelope-D8x35_PENDING_R0.7', ( #2883 ), #1333 ) ;
#1686 = CALENDAR_DATE ( 2026, 27, 7 ) ;
#1687 = LINE ( 'NONE', #557, #1151 ) ;
#1688 = ADVANCED_BREP_SHAPE_REPRESENTATION ( '', ( #1129, #2883 ), #297 ) ;
#1689 = ORIENTED_EDGE ( 'NONE', *, *, #3229, .T. ) ;
#1690 = PERSON_AND_ORGANIZATION ( #3039, #3721 ) ;
#1691 = AXIS2_PLACEMENT_3D ( 'NONE', #1187, #400, #1550 ) ;
#1692 = CC_DESIGN_APPROVAL ( #2476, ( #240 ) ) ;
#1693 = AXIS2_PLACEMENT_3D ( 'NONE', #3328, #3341, #3043 ) ;
#1694 = APPROVAL_DATE_TIME ( #2825, #513 ) ;
#1695 = AXIS2_PLACEMENT_3D ( 'NONE', #3704, #846, #2001 ) ;
#1696 = PERSON_AND_ORGANIZATION_ROLE ( 'design_owner' ) ;
#1697 = DIRECTION ( 'NONE',  ( 0.000000000000000000, 0.000000000000000000, 1.000000000000000000 ) ) ;
#1698 = DATE_AND_TIME ( #549, #1002 ) ;
#1699 = DATE_AND_TIME ( #1488, #2278 ) ;
#1700 =( REPRESENTATION_RELATIONSHIP ('NONE','NONE', #1576, #3264 ) REPRESENTATION_RELATIONSHIP_WITH_TRANSFORMATION ( #3398 )SHAPE_REPRESENTATION_RELATIONSHIP( ) );
#1701 = VECTOR ( 'NONE', #1265, 1000.000000000000000 ) ;
#1702 = CC_DESIGN_DATE_AND_TIME_ASSIGNMENT ( #1322, #3639, ( #3141 ) ) ;
#1703 = PLANE ( 'NONE',  #142 ) ;
#1704 = CC_DESIGN_PERSON_AND_ORGANIZATION_ASSIGNMENT ( #1718, #1731, ( #2354 ) ) ;
#1705 = ADVANCED_FACE ( 'NONE', ( #2726 ), #122, .F. ) ;
#1706 = AXIS2_PLACEMENT_3D ( 'NONE', #2125, #1854, #1038 ) ;
#1707 = COORDINATED_UNIVERSAL_TIME_OFFSET ( 8, 0, .AHEAD. ) ;
#1708 = CC_DESIGN_APPROVAL ( #1625, ( #2757 ) ) ;
#1709 = APPLICATION_PROTOCOL_DEFINITION ( 'international standard', 'config_control_design', 1994, #1258 ) ;
#1710 = COORDINATED_UNIVERSAL_TIME_OFFSET ( 8, 0, .AHEAD. ) ;
#1711 = VECTOR ( 'NONE', #1477, 1000.000000000000000 ) ;
#1712 = CARTESIAN_POINT ( 'NONE',  ( -150.0000000000000000, 32.00000000000000000, 3.000000000000000000 ) ) ;
#1713 = APPROVAL_PERSON_ORGANIZATION ( #1496, #3090, #3032 ) ;
#1714 = APPROVAL_PERSON_ORGANIZATION ( #2160, #1494, #3326 ) ;
#1715 = DIRECTION ( 'NONE',  ( -1.000000000000000000, -0.000000000000000000, -0.000000000000000000 ) ) ;
#1716 = CC_DESIGN_SECURITY_CLASSIFICATION ( #3141, ( #3742 ) ) ;
#1717 = PRODUCT_DEFINITION_FORMATION_WITH_SPECIFIED_SOURCE ( '任何', '', #3650, .NOT_KNOWN. ) ;
#1718 = PERSON_AND_ORGANIZATION ( #2402, #2555 ) ;
#1719 = ORIENTED_EDGE ( 'NONE', *, *, #2860, .F. ) ;
#1720 = PERSON_AND_ORGANIZATION ( #2846, #1590 ) ;
#1721 = APPROVAL_ROLE ( '' ) ;
#1722 = DATE_TIME_ROLE ( 'classification_date' ) ;
#1723 = PERSON_AND_ORGANIZATION ( #1566, #2468 ) ;
#1724 = PERSON_AND_ORGANIZATION ( #2402, #2555 ) ;
#1725 = ADVANCED_FACE ( 'NONE', ( #2749 ), #148, .F. ) ;
#1726 = CARTESIAN_POINT ( 'NONE',  ( 0.000000000000000000, 0.000000000000000000, 0.000000000000000000 ) ) ;
#1727 = CARTESIAN_POINT ( 'NONE',  ( -150.0000000000000000, 0.000000000000000000, -3.000000000000000000 ) ) ;
#1728 = VERTEX_POINT ( 'NONE', #2667 ) ;
#1729 = CC_DESIGN_PERSON_AND_ORGANIZATION_ASSIGNMENT ( #2433, #3605, ( #167 ) ) ;
#1730 = MECHANICAL_CONTEXT ( 'NONE', #2383, 'mechanical' ) ;
#1731 = PERSON_AND_ORGANIZATION_ROLE ( 'design_supplier' ) ;
#1732 = ORIENTED_EDGE ( 'NONE', *, *, #38, .F. ) ;
#1733 = DIRECTION ( 'NONE',  ( -0.000000000000000000, -0.000000000000000000, 1.000000000000000000 ) ) ;
#1734 = CC_DESIGN_DATE_AND_TIME_ASSIGNMENT ( #2974, #1553, ( #311 ) ) ;
#1735 = DATE_TIME_ROLE ( 'classification_date' ) ;
#1736 = PERSON_AND_ORGANIZATION_ROLE ( 'creator' ) ;
#1737 = COORDINATED_UNIVERSAL_TIME_OFFSET ( 8, 0, .AHEAD. ) ;
#1738 = SHAPE_DEFINITION_REPRESENTATION ( #2170, #2314 ) ;
#1739 = CARTESIAN_POINT ( 'NONE',  ( 45.00000000000000000, 8.000000000000000000, 40.00000000000000000 ) ) ;
#1740 = DIRECTION ( 'NONE',  ( -1.000000000000000000, -0.000000000000000000, -0.000000000000000000 ) ) ;
#1741 = ORIENTED_EDGE ( 'NONE', *, *, #3532, .T. ) ;
#1742 = EDGE_CURVE ( 'NONE', #2084, #3276, #885, .T. ) ;
#1743 = CALENDAR_DATE ( 2026, 27, 7 ) ;
#1744 = CALENDAR_DATE ( 2026, 27, 7 ) ;
#1745 = CC_DESIGN_DATE_AND_TIME_ASSIGNMENT ( #424, #3030, ( #1353 ) ) ;
#1746 = ORIENTED_EDGE ( 'NONE', *, *, #1313, .T. ) ;
#1747 = CC_DESIGN_SECURITY_CLASSIFICATION ( #68, ( #1639 ) ) ;
#1748 = COORDINATED_UNIVERSAL_TIME_OFFSET ( 8, 0, .AHEAD. ) ;
#1749 = PERSON_AND_ORGANIZATION ( #2402, #2555 ) ;
#1750 = DIRECTION ( 'NONE',  ( 0.000000000000000000, 0.5735764363510461594, 0.8191520442889920206 ) ) ;
#1751 = APPROVAL_DATE_TIME ( #607, #3231 ) ;
#1752 = ORIENTED_EDGE ( 'NONE', *, *, #1313, .F. ) ;
#1753 = AXIS2_PLACEMENT_3D ( 'NONE', #2155, #3323, #1031 ) ;
#1754 = ADVANCED_FACE ( 'NONE', ( #2394 ), #592, .F. ) ;
#1755 = AXIS2_PLACEMENT_3D ( 'NONE', #166, #3649, #1039 ) ;
#1756 = APPROVAL_ROLE ( '' ) ;
#1757 = CALENDAR_DATE ( 2026, 27, 7 ) ;
#1758 = DIRECTION ( 'NONE',  ( -1.000000000000000000, 0.000000000000000000, 0.000000000000000000 ) ) ;
#1759 = LINE ( 'NONE', #658, #3132 ) ;
#1760 = VECTOR ( 'NONE', #551, 1000.000000000000000 ) ;
#1761 = VERTEX_POINT ( 'NONE', #1201 ) ;
#1762 = CALENDAR_DATE ( 2026, 27, 7 ) ;
#1763 = ADVANCED_BREP_SHAPE_REPRESENTATION ( '', ( #3643, #2883 ), #2501 ) ;
#1764 = AXIS2_PLACEMENT_3D ( 'NONE', #3088, #1886, #2785 ) ;
#1765 = CALENDAR_DATE ( 2026, 27, 7 ) ;
#1766 = SECURITY_CLASSIFICATION ( '', '', #2037 ) ;
#1767 = CC_DESIGN_APPROVAL ( #41, ( #3014 ) ) ;
#1768 = PRODUCT_DEFINITION_SHAPE ( 'NONE', 'NONE',  #3758 ) ;
#1769 = ORIENTED_EDGE ( 'NONE', *, *, #384, .F. ) ;
#1770 = EDGE_LOOP ( 'NONE', ( #2137, #1221 ) ) ;
#1771 = ORGANIZATION ( 'NAUO-ORG25', 'UNSPECIFIED', 'UNSPECIFIED' ) ;
#1772 = LOCAL_TIME ( 2, 11, 31.00000000000000000, #1578 ) ;
#1773 = CC_DESIGN_DATE_AND_TIME_ASSIGNMENT ( #187, #2550, ( #1169 ) ) ;
#1774 = DIRECTION ( 'NONE',  ( 0.000000000000000000, 0.000000000000000000, 1.000000000000000000 ) ) ;
#1775 = APPROVAL ( #3336, '未指定' ) ;
#1776 = LOCAL_TIME ( 2, 11, 31.00000000000000000, #2808 ) ;
#1777 = EDGE_CURVE ( 'NONE', #490, #1156, #2150, .T. ) ;
#1778 = DATE_AND_TIME ( #2366, #1647 ) ;
#1779 =( REPRESENTATION_RELATIONSHIP ('NONE','NONE', #1576, #3264 ) REPRESENTATION_RELATIONSHIP_WITH_TRANSFORMATION ( #597 )SHAPE_REPRESENTATION_RELATIONSHIP( ) );
#1780 = APPROVAL_STATUS ( 'not_yet_approved' ) ;
#1781 = CARTESIAN_POINT ( 'NONE',  ( -137.0000000000000000, 261.4233918228439961, 55.59430574540418490 ) ) ;
#1782 = CC_DESIGN_PERSON_AND_ORGANIZATION_ASSIGNMENT ( #1146, #2959, ( #3014 ) ) ;
#1783 = COORDINATED_UNIVERSAL_TIME_OFFSET ( 8, 0, .AHEAD. ) ;
#1784 = ORIENTED_EDGE ( 'NONE', *, *, #1432, .T. ) ;
#1785 = CARTESIAN_POINT ( 'NONE',  ( 0.000000000000000000, 0.000000000000000000, 2.000000000000000000 ) ) ;
#1786 = PERSON_AND_ORGANIZATION ( #2402, #2555 ) ;
#1787 = PERSON ( 'NAUO-PER41', 'UNSPECIFIED', 'UNSPECIFIED', ('UNSPECIFIED'), ('UNSPECIFIED'), ('UNSPECIFIED') ) ;
#1788 = LOCAL_TIME ( 2, 11, 31.00000000000000000, #3561 ) ;
#1789 = LINE ( 'NONE', #2905, #3427 ) ;
#1790 = APPROVAL_STATUS ( 'not_yet_approved' ) ;
#1791 = CARTESIAN_POINT ( 'NONE',  ( 25.00000000000000000, 30.00000000000000000, 1.500000000000000000 ) ) ;
#1792 = CC_DESIGN_PERSON_AND_ORGANIZATION_ASSIGNMENT ( #743, #3708, ( #3175 ) ) ;
#1793 = VERTEX_POINT ( 'NONE', #1219 ) ;
#1794 = LOCAL_TIME ( 2, 11, 31.00000000000000000, #3527 ) ;
#1795 = APPROVAL_STATUS ( 'not_yet_approved' ) ;
#1796 = VERTEX_POINT ( 'NONE', #1727 ) ;
#1797 = CARTESIAN_POINT ( 'NONE',  ( 40.00000000000000000, 4.898587196589412829E-16, -4.000000000000000000 ) ) ;
#1798 = DIRECTION ( 'NONE',  ( 0.000000000000000000, 0.000000000000000000, 1.000000000000000000 ) ) ;
#1799 = CALENDAR_DATE ( 2026, 27, 7 ) ;
#1800 = ITEM_DEFINED_TRANSFORMATION ( 'NONE', 'NONE', #741,  #2883 ) ;
#1801 = ADVANCED_FACE ( 'NONE', ( #732 ), #717, .T. ) ;
#1802 = DIRECTION ( 'NONE',  ( 0.000000000000000000, 0.000000000000000000, 1.000000000000000000 ) ) ;
#1803 = VERTEX_POINT ( 'NONE', #2211 ) ;
#1804 = CC_DESIGN_DATE_AND_TIME_ASSIGNMENT ( #3415, #2849, ( #1232 ) ) ;
#1805 = SECURITY_CLASSIFICATION_LEVEL ( 'unclassified' ) ;
#1806 = CARTESIAN_POINT ( 'NONE',  ( -12.00000000000000000, 0.000000000000000000, -9.000000000000000000 ) ) ;
#1807 = PRODUCT_DEFINITION_SHAPE ( 'NONE', 'NONE',  #3747 ) ;
#1808 = COORDINATED_UNIVERSAL_TIME_OFFSET ( 8, 0, .AHEAD. ) ;
#1809 = CALENDAR_DATE ( 2026, 27, 7 ) ;
#1810 = CARTESIAN_POINT ( 'NONE',  ( 160.0000000000000000, 20.00000000000000000, -12.50000000000000000 ) ) ;
#1811 = CARTESIAN_POINT ( 'NONE',  ( 0.000000000000000000, 0.000000000000000000, 0.000000000000000000 ) ) ;
#1812 = LOCAL_TIME ( 2, 11, 31.00000000000000000, #2984 ) ;
#1813 = DIRECTION ( 'NONE',  ( 1.000000000000000000, 0.000000000000000000, 0.000000000000000000 ) ) ;
#1814 = CALENDAR_DATE ( 2026, 27, 7 ) ;
#1815 = PERSON_AND_ORGANIZATION_ROLE ( 'creator' ) ;
#1816 = ORIENTED_EDGE ( 'NONE', *, *, #236, .F. ) ;
#1817 = SHAPE_REPRESENTATION ( 'FN-FRM-008_tube-end-cap-30x30x3_CONCEPT_R0.7', ( #2883 ), #297 ) ;
#1818 = EDGE_LOOP ( 'NONE', ( #3206, #895, #234, #2206 ) ) ;
#1819 = CALENDAR_DATE ( 2026, 27, 7 ) ;
#1820 =( LENGTH_UNIT ( ) NAMED_UNIT ( * ) SI_UNIT ( .MILLI., .METRE. ) );
#1821 = DIRECTION ( 'NONE',  ( 1.000000000000000000, 0.000000000000000000, 0.000000000000000000 ) ) ;
#1822 = SECURITY_CLASSIFICATION_LEVEL ( 'unclassified' ) ;
#1823 = CARTESIAN_POINT ( 'NONE',  ( 40.00000000000000000, 0.000000000000000000, 0.000000000000000000 ) ) ;
#1824 = CALENDAR_DATE ( 2026, 27, 7 ) ;
#1825 = APPROVAL ( #649, 'UNKNOWN' ) ;
#1826 = APPROVAL_STATUS ( 'not_yet_approved' ) ;
#1827 = CC_DESIGN_DATE_AND_TIME_ASSIGNMENT ( #1029, #3274, ( #68 ) ) ;
#1828 = FACE_OUTER_BOUND ( 'NONE', #1612, .T. ) ;
#1829 = DIRECTION ( 'NONE',  ( 0.000000000000000000, -0.000000000000000000, -1.000000000000000000 ) ) ;
#1830 = CYLINDRICAL_SURFACE ( 'NONE', #2999, 4.000000000000000000 ) ;
#1831 = AXIS2_PLACEMENT_3D ( 'NONE', #832, #3390, #2529 ) ;
#1832 = COORDINATED_UNIVERSAL_TIME_OFFSET ( 8, 0, .AHEAD. ) ;
#1833 = VECTOR ( 'NONE', #2178, 1000.000000000000000 ) ;
#1834 = ORIENTED_EDGE ( 'NONE', *, *, #2224, .T. ) ;
#1835 = DIRECTION ( 'NONE',  ( 0.000000000000000000, 1.000000000000000000, 0.000000000000000000 ) ) ;
#1836 = VECTOR ( 'NONE', #3525, 1000.000000000000000 ) ;
#1837 =( NAMED_UNIT ( * ) SI_UNIT ( $, .STERADIAN. ) SOLID_ANGLE_UNIT ( ) );
#1838 = CALENDAR_DATE ( 2026, 27, 7 ) ;
#1839 = LOCAL_TIME ( 2, 11, 31.00000000000000000, #2163 ) ;
#1840 = PERSON ( 'NAUO-PER17', 'UNSPECIFIED', 'UNSPECIFIED', ('UNSPECIFIED'), ('UNSPECIFIED'), ('UNSPECIFIED') ) ;
#1841 = ORIENTED_EDGE ( 'NONE', *, *, #758, .T. ) ;
#1842 = SECURITY_CLASSIFICATION ( '', '', #2419 ) ;
#1843 = COORDINATED_UNIVERSAL_TIME_OFFSET ( 8, 0, .AHEAD. ) ;
#1844 = PRODUCT_DEFINITION_FORMATION_WITH_SPECIFIED_SOURCE ( '任何', '', #1850, .NOT_KNOWN. ) ;
#1845 =( NAMED_UNIT ( * ) PLANE_ANGLE_UNIT ( ) SI_UNIT ( $, .RADIAN. ) );
#1846 = DIRECTION ( 'NONE',  ( 1.000000000000000000, 0.000000000000000000, 0.000000000000000000 ) ) ;
#1847 = ORIENTED_EDGE ( 'NONE', *, *, #2716, .F. ) ;
#1848 = LOCAL_TIME ( 2, 11, 31.00000000000000000, #2684 ) ;
#1849 = DESIGN_CONTEXT ( 'detailed design', #601, 'design' ) ;
#1850 = PRODUCT ( 'FN-SOL-007_panel-edge-clamp-24x18x8_PENDING_R0.7', 'FN-SOL-007_panel-edge-clamp-24x18x8_PENDING_R0.7', '', ( #1730 ) ) ;
#1851 = DATE_AND_TIME ( #3570, #2466 ) ;
#1852 = FACE_OUTER_BOUND ( 'NONE', #642, .T. ) ;
#1853 = DATE_AND_TIME ( #423, #2409 ) ;
#1854 = DIRECTION ( 'NONE',  ( 1.000000000000000000, 0.000000000000000000, 0.000000000000000000 ) ) ;
#1855 = DIRECTION ( 'NONE',  ( 1.000000000000000000, 0.000000000000000000, 0.000000000000000000 ) ) ;
#1856 = UNCERTAINTY_MEASURE_WITH_UNIT (LENGTH_MEASURE( 1.000000000000000082E-05 ), #2988, 'distance_accuracy_value', 'NONE');
#1857 = COORDINATED_UNIVERSAL_TIME_OFFSET ( 8, 0, .AHEAD. ) ;
#1858 = LINE ( 'NONE', #105, #1833 ) ;
#1859 = LOCAL_TIME ( 2, 11, 31.00000000000000000, #524 ) ;
#1860 = ADVANCED_FACE ( 'NONE', ( #2500 ), #1025, .F. ) ;
#1861 = CALENDAR_DATE ( 2026, 27, 7 ) ;
#1862 = CALENDAR_DATE ( 2026, 27, 7 ) ;
#1863 = ORIENTED_EDGE ( 'NONE', *, *, #3170, .F. ) ;
#1864 = CARTESIAN_POINT ( 'NONE',  ( -150.0000000000000000, 0.000000000000000000, -3.000000000000000000 ) ) ;
#1865 = CC_DESIGN_DATE_AND_TIME_ASSIGNMENT ( #883, #1403, ( #3160 ) ) ;
#1866 =( REPRESENTATION_RELATIONSHIP ('NONE','NONE', #1576, #3264 ) REPRESENTATION_RELATIONSHIP_WITH_TRANSFORMATION ( #3486 )SHAPE_REPRESENTATION_RELATIONSHIP( ) );
#1867 = COORDINATED_UNIVERSAL_TIME_OFFSET ( 8, 0, .AHEAD. ) ;
#1868 = ORIENTED_EDGE ( 'NONE', *, *, #1678, .T. ) ;
#1869 = DATE_TIME_ROLE ( 'classification_date' ) ;
#1870 = CARTESIAN_POINT ( 'NONE',  ( 32.00000000000000000, 388.5000000000000000, 170.0000000000000000 ) ) ;
#1871 = DATE_AND_TIME ( #2171, #3492 ) ;
#1872 = COORDINATED_UNIVERSAL_TIME_OFFSET ( 8, 0, .AHEAD. ) ;
#1873 = CYLINDRICAL_SURFACE ( 'NONE', #1099, 3.000000000000000444 ) ;
#1874 = DIRECTION ( 'NONE',  ( 1.000000000000000000, -0.000000000000000000, 0.000000000000000000 ) ) ;
#1875 = CARTESIAN_POINT ( 'NONE',  ( -45.00000000000000000, 8.000000000000000000, 40.00000000000000000 ) ) ;
#1876 = APPROVAL_DATE_TIME ( #2753, #93 ) ;
#1877 = ADVANCED_FACE ( 'NONE', ( #104 ), #469, .F. ) ;
#1878 = CARTESIAN_POINT ( 'NONE',  ( -25.00000000000000000, 0.000000000000000000, 4.000000000000000000 ) ) ;
#1879 = DATE_AND_TIME ( #2118, #1239 ) ;
#1880 = CC_DESIGN_PERSON_AND_ORGANIZATION_ASSIGNMENT ( #1078, #1092, ( #1169 ) ) ;
#1881 = APPROVAL ( #1658, '未指定' ) ;
#1882 = ORIENTED_EDGE ( 'NONE', *, *, #2202, .T. ) ;
#1883 = CC_DESIGN_APPROVAL ( #312, ( #2354 ) ) ;
#1884 = DATE_AND_TIME ( #1287, #252 ) ;
#1885 = DIRECTION ( 'NONE',  ( 0.000000000000000000, 0.000000000000000000, 1.000000000000000000 ) ) ;
#1886 = DIRECTION ( 'NONE',  ( 1.000000000000000000, 0.000000000000000000, 0.000000000000000000 ) ) ;
#1887 = PERSON_AND_ORGANIZATION_ROLE ( 'classification_officer' ) ;
#1888 = PERSON_AND_ORGANIZATION ( #2402, #2555 ) ;
#1889 = CARTESIAN_POINT ( 'NONE',  ( 150.0000000000000000, 0.000000000000000000, 3.000000000000000000 ) ) ;
#1890 = DIRECTION ( 'NONE',  ( -1.000000000000000000, -0.000000000000000000, -0.000000000000000000 ) ) ;
#1891 = UNCERTAINTY_MEASURE_WITH_UNIT (LENGTH_MEASURE( 1.000000000000000082E-05 ), #2642, 'distance_accuracy_value', 'NONE');
#1892 = AXIS2_PLACEMENT_3D ( 'NONE', #2117, #433, #3596 ) ;
#1893 = CARTESIAN_POINT ( 'NONE',  ( -15.00000000000000000, 0.000000000000000000, 15.00000000000000000 ) ) ;
#1894 = CC_DESIGN_APPROVAL ( #2121, ( #1581 ) ) ;
#1895 = AXIS2_PLACEMENT_3D ( 'NONE', #3025, #421, #2469 ) ;
#1896 = DATE_AND_TIME ( #735, #3118 ) ;
#1897 = VECTOR ( 'NONE', #28, 1000.000000000000000 ) ;
#1898 = CARTESIAN_POINT ( 'NONE',  ( 40.00000000000000000, 0.000000000000000000, 4.000000000000000000 ) ) ;
#1899 = VECTOR ( 'NONE', #412, 1000.000000000000000 ) ;
#1900 = EDGE_LOOP ( 'NONE', ( #3016, #1203, #3, #2897 ) ) ;
#1901 = ORIENTED_EDGE ( 'NONE', *, *, #2533, .T. ) ;
#1902 = DATE_AND_TIME ( #2515, #686 ) ;
#1903 = AXIS2_PLACEMENT_3D ( 'NONE', #3165, #1404, #3226 ) ;
#1904 = CC_DESIGN_SECURITY_CLASSIFICATION ( #3546, ( #3729 ) ) ;
#1905 = CC_DESIGN_SECURITY_CLASSIFICATION ( #2757, ( #3758 ) ) ;
#1906 = EDGE_CURVE ( 'NONE', #2131, #116, #2789, .T. ) ;
#1907 = DIRECTION ( 'NONE',  ( 0.000000000000000000, 0.000000000000000000, 1.000000000000000000 ) ) ;
#1908 = LOCAL_TIME ( 2, 11, 31.00000000000000000, #2645 ) ;
#1909 = CC_DESIGN_APPROVAL ( #3491, ( #2615 ) ) ;
#1910 = DATE_TIME_ROLE ( 'classification_date' ) ;
#1911 = CC_DESIGN_PERSON_AND_ORGANIZATION_ASSIGNMENT ( #1386, #2558, ( #3614 ) ) ;
#1912 = CARTESIAN_POINT ( 'NONE',  ( -25.00000000000000000, 80.00000000000000000, -4.000000000000000000 ) ) ;
#1913 = PERSON_AND_ORGANIZATION ( #2402, #2555 ) ;
#1914 = PRODUCT_DEFINITION_FORMATION_WITH_SPECIFIED_SOURCE ( '任何', '', #3089, .NOT_KNOWN. ) ;
#1915 = LINE ( 'NONE', #165, #76 ) ;
#1916 = CARTESIAN_POINT ( 'NONE',  ( -25.00000000000000000, 80.00000000000000000, 4.000000000000000000 ) ) ;
#1917 =( REPRESENTATION_RELATIONSHIP ('NONE','NONE', #1576, #1669 ) REPRESENTATION_RELATIONSHIP_WITH_TRANSFORMATION ( #1007 )SHAPE_REPRESENTATION_RELATIONSHIP( ) );
#1918 = EDGE_CURVE ( 'NONE', #27, #1803, #3050, .T. ) ;
#1919 = APPROVAL_ROLE ( '' ) ;
#1920 = CARTESIAN_POINT ( 'NONE',  ( -12.00000000000000000, 0.000000000000000000, 9.000000000000000000 ) ) ;
#1921 = VERTEX_POINT ( 'NONE', #1304 ) ;
#1922 = PERSON_AND_ORGANIZATION ( #3576, #2225 ) ;
#1923 = EDGE_CURVE ( 'NONE', #2782, #3200, #1263, .T. ) ;
#1924 = APPROVAL_ROLE ( '' ) ;
#1925 = CC_DESIGN_DATE_AND_TIME_ASSIGNMENT ( #126, #1350, ( #2169 ) ) ;
#1926 = DIRECTION ( 'NONE',  ( -0.000000000000000000, -1.000000000000000000, -0.000000000000000000 ) ) ;
#1927 = DESIGN_CONTEXT ( 'detailed design', #3156, 'design' ) ;
#1928 = DIRECTION ( 'NONE',  ( -0.000000000000000000, -0.000000000000000000, 1.000000000000000000 ) ) ;
#1929 = CALENDAR_DATE ( 2026, 27, 7 ) ;
#1930 = MECHANICAL_CONTEXT ( 'NONE', #2363, 'mechanical' ) ;
#1931 = APPROVAL_DATE_TIME ( #778, #445 ) ;
#1932 = CALENDAR_DATE ( 2026, 27, 7 ) ;
#1933 = CARTESIAN_POINT ( 'NONE',  ( -25.00000000000000000, 0.000000000000000000, -4.000000000000000000 ) ) ;
#1934 = CALENDAR_DATE ( 2026, 27, 7 ) ;
#1935 = VERTEX_POINT ( 'NONE', #3068 ) ;
#1936 = DATE_AND_TIME ( #2222, #2087 ) ;
#1937 = CALENDAR_DATE ( 2026, 27, 7 ) ;
#1938 = APPROVAL_ROLE ( '' ) ;
#1939 = PERSON_AND_ORGANIZATION ( #1840, #3430 ) ;
#1940 = CARTESIAN_POINT ( 'NONE',  ( -45.00000000000000000, 0.000000000000000000, -40.00000000000000000 ) ) ;
#1941 = LINE ( 'NONE', #2848, #3073 ) ;
#1942 = PERSON_AND_ORGANIZATION_ROLE ( 'classification_officer' ) ;
#1943 = CC_DESIGN_PERSON_AND_ORGANIZATION_ASSIGNMENT ( #1720, #2070, ( #449 ) ) ;
#1944 = CC_DESIGN_PERSON_AND_ORGANIZATION_ASSIGNMENT ( #1189, #2641, ( #315 ) ) ;
#1945 = APPROVAL_ROLE ( '' ) ;
#1946 = DIRECTION ( 'NONE',  ( -0.000000000000000000, -1.000000000000000000, -0.000000000000000000 ) ) ;
#1947 = FACE_OUTER_BOUND ( 'NONE', #645, .T. ) ;
#1948 = AXIS2_PLACEMENT_3D ( 'NONE', #1781, #74, #3568 ) ;
#1949 = CC_DESIGN_PERSON_AND_ORGANIZATION_ASSIGNMENT ( #3455, #3496, ( #2128 ) ) ;
#1950 = AXIS2_PLACEMENT_3D ( 'NONE', #1565, #168, #398 ) ;
#1951 = VERTEX_POINT ( 'NONE', #451 ) ;
#1952 = CC_DESIGN_APPROVAL ( #3418, ( #1639 ) ) ;
#1953 = AXIS2_PLACEMENT_3D ( 'NONE', #3664, #1318, #698 ) ;
#1954 =( NAMED_UNIT ( * ) PLANE_ANGLE_UNIT ( ) SI_UNIT ( $, .RADIAN. ) );
#1955 = AXIS2_PLACEMENT_3D ( 'NONE', #591, #329, #2921 ) ;
#1956 = APPROVAL_PERSON_ORGANIZATION ( #2036, #3512, #1147 ) ;
#1957 = ITEM_DEFINED_TRANSFORMATION ( 'NONE', 'NONE', #1895,  #2883 ) ;
#1958 = CC_DESIGN_DATE_AND_TIME_ASSIGNMENT ( #1619, #194, ( #2665 ) ) ;
#1959 = PERSON_AND_ORGANIZATION_ROLE ( 'design_supplier' ) ;
#1960 = CC_DESIGN_SECURITY_CLASSIFICATION ( #3136, ( #3734 ) ) ;
#1961 = LOCAL_TIME ( 2, 11, 31.00000000000000000, #2310 ) ;
#1962 = FACE_OUTER_BOUND ( 'NONE', #914, .T. ) ;
#1963 = APPLICATION_CONTEXT ( 'configuration controlled 3d designs of mechanical parts and assemblies' ) ;
#1964 = APPROVAL_STATUS ( 'not_yet_approved' ) ;
#1965 = ORGANIZATION ( 'NAUO-ORG23', 'UNSPECIFIED', 'UNSPECIFIED' ) ;
#1966 = CC_DESIGN_SECURITY_CLASSIFICATION ( #1243, ( #2416 ) ) ;
#1967 = CALENDAR_DATE ( 2026, 27, 7 ) ;
#1968 = SHAPE_REPRESENTATION ( 'FN-FST-003_solar-pivot-envelope-D8x40_PENDING_R0.7', ( #2883 ), #3011 ) ;
#1969 = COORDINATED_UNIVERSAL_TIME_OFFSET ( 8, 0, .AHEAD. ) ;
#1970 = CALENDAR_DATE ( 2026, 27, 7 ) ;
#1971 = SECURITY_CLASSIFICATION ( '', '', #295 ) ;
#1972 = DIRECTION ( 'NONE',  ( 0.000000000000000000, 0.000000000000000000, -1.000000000000000000 ) ) ;
#1973 = PLANE ( 'NONE',  #2812 ) ;
#1974 = ADVANCED_FACE ( 'NONE', ( #2126 ), #1604, .F. ) ;
#1975 = CARTESIAN_POINT ( 'NONE',  ( 0.000000000000000000, 0.000000000000000000, 55.00000000000000000 ) ) ;
#1976 = APPROVAL ( #2792, '未指定' ) ;
#1977 = ORIENTED_EDGE ( 'NONE', *, *, #3129, .F. ) ;
#1978 = PERSON ( 'NAUO-PER37', 'UNSPECIFIED', 'UNSPECIFIED', ('UNSPECIFIED'), ('UNSPECIFIED'), ('UNSPECIFIED') ) ;
#1979 = APPROVAL_DATE_TIME ( #3397, #927 ) ;
#1980 = DIRECTION ( 'NONE',  ( 0.000000000000000000, 0.000000000000000000, 1.000000000000000000 ) ) ;
#1981 = PERSON_AND_ORGANIZATION ( #1652, #1598 ) ;
#1982 =( REPRESENTATION_RELATIONSHIP ('NONE','NONE', #1576, #2314 ) REPRESENTATION_RELATIONSHIP_WITH_TRANSFORMATION ( #572 )SHAPE_REPRESENTATION_RELATIONSHIP( ) );
#1983 = ORIENTED_EDGE ( 'NONE', *, *, #1991, .F. ) ;
#1984 = LINE ( 'NONE', #841, #1760 ) ;
#1985 = APPROVAL_ROLE ( '' ) ;
#1986 = COORDINATED_UNIVERSAL_TIME_OFFSET ( 8, 0, .AHEAD. ) ;
#1987 = APPROVAL_ROLE ( '' ) ;
#1988 = FACE_OUTER_BOUND ( 'NONE', #1503, .T. ) ;
#1989 = DIRECTION ( 'NONE',  ( -0.000000000000000000, -1.000000000000000000, -0.000000000000000000 ) ) ;
#1990 = DATE_TIME_ROLE ( 'classification_date' ) ;
#1991 = EDGE_CURVE ( 'NONE', #2912, #478, #3004, .T. ) ;
#1992 = EDGE_LOOP ( 'NONE', ( #1741, #822, #950, #1208 ) ) ;
#1993 = CC_DESIGN_PERSON_AND_ORGANIZATION_ASSIGNMENT ( #872, #316, ( #1453 ) ) ;
#1994 = CC_DESIGN_PERSON_AND_ORGANIZATION_ASSIGNMENT ( #1724, #2890, ( #774 ) ) ;
#1995 = APPROVAL_STATUS ( 'not_yet_approved' ) ;
#1996 = SECURITY_CLASSIFICATION_LEVEL ( 'unclassified' ) ;
#1997 = CALENDAR_DATE ( 2026, 27, 7 ) ;
#1998 = LINE ( 'NONE', #1345, #2327 ) ;
#1999 = CALENDAR_DATE ( 2026, 27, 7 ) ;
#2000 = CARTESIAN_POINT ( 'NONE',  ( 0.000000000000000000, 0.000000000000000000, 55.00000000000000000 ) ) ;
#2001 = DIRECTION ( 'NONE',  ( 1.000000000000000000, 0.000000000000000000, -0.000000000000000000 ) ) ;
#2002 = EDGE_CURVE ( 'NONE', #2873, #1951, #2147, .T. ) ;
#2003 = VERTEX_POINT ( 'NONE', #190 ) ;
#2004 = DATE_TIME_ROLE ( 'classification_date' ) ;
#2005 = COORDINATED_UNIVERSAL_TIME_OFFSET ( 8, 0, .AHEAD. ) ;
#2006 = SECURITY_CLASSIFICATION_LEVEL ( 'unclassified' ) ;
#2007 = AXIS2_PLACEMENT_3D ( 'NONE', #3017, #1835, #706 ) ;
#2008 = ADVANCED_FACE ( 'NONE', ( #3109 ), #2588, .F. ) ;
#2009 = CALENDAR_DATE ( 2026, 27, 7 ) ;
#2010 = CARTESIAN_POINT ( 'NONE',  ( -125.0000000000000000, 125.0000000000000000, 109.5000000000000142 ) ) ;
#2011 = APPROVAL_DATE_TIME ( #1442, #3607 ) ;
#2012 = EDGE_CURVE ( 'NONE', #1610, #1793, #3181, .T. ) ;
#2013 = VECTOR ( 'NONE', #1946, 1000.000000000000000 ) ;
#2014 = APPROVAL_PERSON_ORGANIZATION ( #2130, #1199, #3291 ) ;
#2015 = APPROVAL ( #1119, '未指定' ) ;
#2016 = VECTOR ( 'NONE', #1673, 1000.000000000000000 ) ;
#2017 = CC_DESIGN_SECURITY_CLASSIFICATION ( #1649, ( #3737 ) ) ;
#2018 = SECURITY_CLASSIFICATION ( '', '', #377 ) ;
#2019 = CALENDAR_DATE ( 2026, 27, 7 ) ;
#2020 = PERSON ( 'NAUO-PER15', 'UNSPECIFIED', 'UNSPECIFIED', ('UNSPECIFIED'), ('UNSPECIFIED'), ('UNSPECIFIED') ) ;
#2021 = CC_DESIGN_APPROVAL ( #1387, ( #3175 ) ) ;
#2022 = DIRECTION ( 'NONE',  ( -0.000000000000000000, -1.000000000000000000, -0.000000000000000000 ) ) ;
#2023 = VECTOR ( 'NONE', #913, 1000.000000000000000 ) ;
#2024 = CC_DESIGN_APPROVAL ( #2411, ( #2950 ) ) ;
#2025 = CC_DESIGN_APPROVAL ( #1494, ( #1380 ) ) ;
#2026 = ORIENTED_EDGE ( 'NONE', *, *, #221, .F. ) ;
#2027 = APPLICATION_PROTOCOL_DEFINITION ( 'international standard', 'config_control_design', 1994, #2383 ) ;
#2028 = CC_DESIGN_SECURITY_CLASSIFICATION ( #258, ( #3750 ) ) ;
#2029 = LOCAL_TIME ( 2, 11, 31.00000000000000000, #2005 ) ;
#2030 = CC_DESIGN_PERSON_AND_ORGANIZATION_ASSIGNMENT ( #682, #989, ( #311 ) ) ;
#2031 = APPLICATION_PROTOCOL_DEFINITION ( 'international standard', 'config_control_design', 1994, #14 ) ;
#2032 = ORIENTED_EDGE ( 'NONE', *, *, #337, .F. ) ;
#2033 = DATE_AND_TIME ( #2933, #932 ) ;
#2034 = APPROVAL_ROLE ( '' ) ;
#2035 = DIRECTION ( 'NONE',  ( 1.000000000000000000, 0.000000000000000000, 0.000000000000000000 ) ) ;
#2036 = PERSON_AND_ORGANIZATION ( #665, #931 ) ;
#2037 = SECURITY_CLASSIFICATION_LEVEL ( 'unclassified' ) ;
#2038 = EDGE_LOOP ( 'NONE', ( #3081, #3655, #1501, #1311 ) ) ;
#2039 = EDGE_CURVE ( 'NONE', #3593, #204, #1644, .T. ) ;
#2040 = APPROVAL_STATUS ( 'not_yet_approved' ) ;
#2041 = PERSON_AND_ORGANIZATION_ROLE ( 'classification_officer' ) ;
#2042 = APPROVAL ( #2040, 'UNKNOWN' ) ;
#2043 = PLANE ( 'NONE',  #1955 ) ;
#2044 = LINE ( 'NONE', #346, #3070 ) ;
#2045 = ORIENTED_EDGE ( 'NONE', *, *, #1242, .F. ) ;
#2046 = APPROVAL_DATE_TIME ( #3471, #3113 ) ;
#2047 = DATE_AND_TIME ( #1814, #3315 ) ;
#2048 = ORIENTED_EDGE ( 'NONE', *, *, #3380, .T. ) ;
#2049 = DIRECTION ( 'NONE',  ( 0.000000000000000000, 0.000000000000000000, 1.000000000000000000 ) ) ;
#2050 =( REPRESENTATION_RELATIONSHIP ('NONE','NONE', #1576, #3264 ) REPRESENTATION_RELATIONSHIP_WITH_TRANSFORMATION ( #1545 )SHAPE_REPRESENTATION_RELATIONSHIP( ) );
#2051 = PRODUCT_DEFINITION_SHAPE ( 'NONE', 'NONE',  #3744 ) ;
#2052 = CALENDAR_DATE ( 2026, 27, 7 ) ;
#2053 =( NAMED_UNIT ( * ) PLANE_ANGLE_UNIT ( ) SI_UNIT ( $, .RADIAN. ) );
#2054 = CARTESIAN_POINT ( 'NONE',  ( 0.000000000000000000, 336.9084795571101267, 173.6357643635104466 ) ) ;
#2055 = COORDINATED_UNIVERSAL_TIME_OFFSET ( 8, 0, .AHEAD. ) ;
#2056 = DATE_TIME_ROLE ( 'creation_date' ) ;
#2057 = DIRECTION ( 'NONE',  ( -1.000000000000000000, -0.000000000000000000, -0.000000000000000000 ) ) ;
#2058 = DIRECTION ( 'NONE',  ( 0.000000000000000000, -1.000000000000000000, 0.000000000000000000 ) ) ;
#2059 = DIRECTION ( 'NONE',  ( 0.000000000000000000, -1.000000000000000000, 0.000000000000000000 ) ) ;
#2060 = ORIENTED_EDGE ( 'NONE', *, *, #3532, .F. ) ;
#2061 = CC_DESIGN_DATE_AND_TIME_ASSIGNMENT ( #119, #2192, ( #1463 ) ) ;
#2062 = CC_DESIGN_PERSON_AND_ORGANIZATION_ASSIGNMENT ( #1423, #31, ( #315 ) ) ;
#2063 = DATE_AND_TIME ( #2983, #1526 ) ;
#2064 = EDGE_CURVE ( 'NONE', #2430, #2115, #1984, .T. ) ;
#2065 = VERTEX_POINT ( 'NONE', #1682 ) ;
#2066 = CARTESIAN_POINT ( 'NONE',  ( 15.00000000000000000, 3.000000000000000000, 15.00000000000000000 ) ) ;
#2067 = CC_DESIGN_DATE_AND_TIME_ASSIGNMENT ( #1430, #2631, ( #2615 ) ) ;
#2068 = CARTESIAN_POINT ( 'NONE',  ( -125.0000000000000000, 35.00000000000000000, 109.5000000000000142 ) ) ;
#2069 = ORIENTED_EDGE ( 'NONE', *, *, #922, .F. ) ;
#2070 = PERSON_AND_ORGANIZATION_ROLE ( 'classification_officer' ) ;
#2071 = APPROVAL_PERSON_ORGANIZATION ( #2793, #2121, #1349 ) ;
#2072 = PERSON_AND_ORGANIZATION ( #2402, #2555 ) ;
#2073 = CARTESIAN_POINT ( 'NONE',  ( -32.00000000000000000, 388.5000000000000000, 170.0000000000000000 ) ) ;
#2074 = CONTEXT_DEPENDENT_SHAPE_REPRESENTATION ( #2455, #352 ) ;
#2075 = APPROVAL_ROLE ( '' ) ;
#2076 = VECTOR ( 'NONE', #1622, 1000.000000000000000 ) ;
#2077 = CARTESIAN_POINT ( 'NONE',  ( 0.000000000000000000, 0.000000000000000000, 2.000000000000000000 ) ) ;
#2078 = VECTOR ( 'NONE', #3590, 1000.000000000000000 ) ;
#2079 = CALENDAR_DATE ( 2026, 27, 7 ) ;
#2080 = DATE_AND_TIME ( #695, #1772 ) ;
#2081 = DIRECTION ( 'NONE',  ( -1.000000000000000000, 0.000000000000000000, -0.000000000000000000 ) ) ;
#2082 = LINE ( 'NONE', #1449, #1338 ) ;
#2083 = AXIS2_PLACEMENT_3D ( 'NONE', #696, #3067, #3286 ) ;
#2084 = VERTEX_POINT ( 'NONE', #3162 ) ;
#2085 = ORGANIZATION ( 'NAUO-ORG6', 'UNSPECIFIED', 'UNSPECIFIED' ) ;
#2086 = LOCAL_TIME ( 2, 11, 31.00000000000000000, #465 ) ;
#2087 = LOCAL_TIME ( 2, 11, 31.00000000000000000, #3409 ) ;
#2088 = VECTOR ( 'NONE', #120, 1000.000000000000000 ) ;
#2089 = COORDINATED_UNIVERSAL_TIME_OFFSET ( 8, 0, .AHEAD. ) ;
#2090 = DATE_TIME_ROLE ( 'classification_date' ) ;
#2091 = APPROVAL_PERSON_ORGANIZATION ( #1939, #1004, #784 ) ;
#2092 = DATE_TIME_ROLE ( 'classification_date' ) ;
#2093 = APPROVAL_PERSON_ORGANIZATION ( #3168, #3213, #881 ) ;
#2094 = EDGE_CURVE ( 'NONE', #1365, #608, #1941, .T. ) ;
#2095 = VERTEX_POINT ( 'NONE', #803 ) ;
#2096 = CC_DESIGN_SECURITY_CLASSIFICATION ( #509, ( #3744 ) ) ;
#2097 = CC_DESIGN_DATE_AND_TIME_ASSIGNMENT ( #879, #3556, ( #505 ) ) ;
#2098 = CC_DESIGN_DATE_AND_TIME_ASSIGNMENT ( #2802, #1018, ( #77 ) ) ;
#2099 = ORIENTED_EDGE ( 'NONE', *, *, #3087, .F. ) ;
#2100 = ORGANIZATION ( 'NAUO-ORG11', 'UNSPECIFIED', 'UNSPECIFIED' ) ;
#2101 = COORDINATED_UNIVERSAL_TIME_OFFSET ( 8, 0, .AHEAD. ) ;
#2102 = CARTESIAN_POINT ( 'NONE',  ( 125.0000000000000000, 125.0000000000000000, 161.0000000000000000 ) ) ;
#2103 = APPROVAL_STATUS ( 'not_yet_approved' ) ;
#2104 = PERSON_AND_ORGANIZATION_ROLE ( 'classification_officer' ) ;
#2105 = DIRECTION ( 'NONE',  ( -0.000000000000000000, -0.000000000000000000, -1.000000000000000000 ) ) ;
#2106 = CARTESIAN_POINT ( 'NONE',  ( 25.00000000000000000, 80.00000000000000000, 4.000000000000000000 ) ) ;
#2107 = APPROVAL_DATE_TIME ( #61, #34 ) ;
#2108 = VERTEX_POINT ( 'NONE', #3176 ) ;
#2109 = CARTESIAN_POINT ( 'NONE',  ( 40.00000000000000000, 0.000000000000000000, 0.000000000000000000 ) ) ;
#2110 = ADVANCED_FACE ( 'NONE', ( #497 ), #1703, .F. ) ;
#2111 = CARTESIAN_POINT ( 'NONE',  ( 120.0000000000000000, -77.00000000000000000, 102.0000000000000000 ) ) ;
#2112 = CALENDAR_DATE ( 2026, 27, 7 ) ;
#2113 = PERSON_AND_ORGANIZATION_ROLE ( 'design_owner' ) ;
#2114 =( REPRESENTATION_RELATIONSHIP ('NONE','NONE', #1576, #3506 ) REPRESENTATION_RELATIONSHIP_WITH_TRANSFORMATION ( #414 )SHAPE_REPRESENTATION_RELATIONSHIP( ) );
#2115 = VERTEX_POINT ( 'NONE', #521 ) ;
#2116 = LINE ( 'NONE', #2380, #1897 ) ;
#2117 = CARTESIAN_POINT ( 'NONE',  ( 125.0000000000000000, 35.00000000000000000, 110.0000000000000000 ) ) ;
#2118 = CALENDAR_DATE ( 2026, 27, 7 ) ;
#2119 = APPROVAL ( #1327, 'UNKNOWN' ) ;
#2120 = CARTESIAN_POINT ( 'NONE',  ( 99.99999999999998579, 385.0000000000000000, 145.0000000000000000 ) ) ;
#2121 = APPROVAL ( #3150, '未指定' ) ;
#2122 = COORDINATED_UNIVERSAL_TIME_OFFSET ( 8, 0, .AHEAD. ) ;
#2123 = CARTESIAN_POINT ( 'NONE',  ( -12.00000000000000000, 0.000000000000000000, 9.000000000000000000 ) ) ;
#2124 = SHAPE_DEFINITION_REPRESENTATION ( #1537, #637 ) ;
#2125 = CARTESIAN_POINT ( 'NONE',  ( 0.000000000000000000, 0.000000000000000000, 0.000000000000000000 ) ) ;
#2126 = FACE_OUTER_BOUND ( 'NONE', #331, .T. ) ;
#2127 = DIRECTION ( 'NONE',  ( -1.000000000000000000, -0.000000000000000000, -0.000000000000000000 ) ) ;
#2128 = PRODUCT ( 'FN-FST-002_M6-washer-envelope-D14x2_PENDING_R0.7', 'FN-FST-002_M6-washer-envelope-D14x2_PENDING_R0.7', '', ( #3420 ) ) ;
#2129 = PERSON_AND_ORGANIZATION_ROLE ( 'classification_officer' ) ;
#2130 = PERSON_AND_ORGANIZATION ( #2402, #2555 ) ;
#2131 = VERTEX_POINT ( 'NONE', #3414 ) ;
#2132 = DIRECTION ( 'NONE',  ( 0.000000000000000000, 0.000000000000000000, -1.000000000000000000 ) ) ;
#2133 = LOCAL_TIME ( 2, 11, 31.00000000000000000, #2101 ) ;
#2134 = ORIENTED_EDGE ( 'NONE', *, *, #3562, .F. ) ;
#2135 = DATE_AND_TIME ( #3597, #3184 ) ;
#2136 = CARTESIAN_POINT ( 'NONE',  ( 120.0000000000000000, -107.0000000000000000, 181.5000000000000000 ) ) ;
#2137 = ORIENTED_EDGE ( 'NONE', *, *, #2202, .F. ) ;
#2138 = EDGE_CURVE ( 'NONE', #1300, #2537, #1998, .T. ) ;
#2139 = DATE_AND_TIME ( #3282, #1352 ) ;
#2140 = AXIS2_PLACEMENT_3D ( 'NONE', #2387, #727, #1273 ) ;
#2141 = DIRECTION ( 'NONE',  ( 1.000000000000000000, 0.000000000000000000, -0.000000000000000000 ) ) ;
#2142 = LOCAL_TIME ( 2, 11, 31.00000000000000000, #2367 ) ;
#2143 = PERSON_AND_ORGANIZATION_ROLE ( 'design_supplier' ) ;
#2144 = CIRCLE ( 'NONE', #2559, 4.000000000000000000 ) ;
#2145 = CC_DESIGN_DATE_AND_TIME_ASSIGNMENT ( #1651, #590, ( #387 ) ) ;
#2146 = CARTESIAN_POINT ( 'NONE',  ( -12.00000000000000000, 8.000000000000000000, 9.000000000000000000 ) ) ;
#2147 = LINE ( 'NONE', #481, #2683 ) ;
#2148 = CALENDAR_DATE ( 2026, 27, 7 ) ;
#2149 = CARTESIAN_POINT ( 'NONE',  ( 4.898587196589412829E-16, 35.00000000000000000, 4.000000000000000000 ) ) ;
#2150 = CIRCLE ( 'NONE', #747, 3.000000000000000444 ) ;
#2151 = CALENDAR_DATE ( 2026, 27, 7 ) ;
#2152 = CIRCLE ( 'NONE', #1587, 3.000000000000000444 ) ;
#2153 = ORIENTED_EDGE ( 'NONE', *, *, #1615, .T. ) ;
#2154 = DIRECTION ( 'NONE',  ( 0.000000000000000000, 0.000000000000000000, 1.000000000000000000 ) ) ;
#2155 = CARTESIAN_POINT ( 'NONE',  ( -150.0000000000000000, 32.00000000000000000, 3.000000000000000000 ) ) ;
#2156 = ORGANIZATION ( 'NAUO-ORG41', 'UNSPECIFIED', 'UNSPECIFIED' ) ;
#2157 = VECTOR ( 'NONE', #22, 1000.000000000000000 ) ;
#2158 = CC_DESIGN_APPROVAL ( #1004, ( #505 ) ) ;
#2159 = APPROVAL_PERSON_ORGANIZATION ( #1672, #2744, #2904 ) ;
#2160 = PERSON_AND_ORGANIZATION ( #2402, #2555 ) ;
#2161 = CALENDAR_DATE ( 2026, 27, 7 ) ;
#2162 = LOCAL_TIME ( 2, 11, 31.00000000000000000, #3421 ) ;
#2163 = COORDINATED_UNIVERSAL_TIME_OFFSET ( 8, 0, .AHEAD. ) ;
#2164 = CC_DESIGN_APPROVAL ( #2042, ( #1112 ) ) ;
#2165 = PRODUCT_DEFINITION_SHAPE ( 'NONE', 'NONE',  #3754 ) ;
#2166 = DIRECTION ( 'NONE',  ( 0.000000000000000000, 0.000000000000000000, 1.000000000000000000 ) ) ;
#2167 = DIRECTION ( 'NONE',  ( -0.000000000000000000, -1.000000000000000000, -0.000000000000000000 ) ) ;
#2168 = LOCAL_TIME ( 2, 11, 31.00000000000000000, #3659 ) ;
#2169 = SECURITY_CLASSIFICATION ( '', '', #2729 ) ;
#2170 = PRODUCT_DEFINITION_SHAPE ( 'NONE', 'NONE',  #2615 ) ;
#2171 = CALENDAR_DATE ( 2026, 27, 7 ) ;
#2172 = DIRECTION ( 'NONE',  ( 0.000000000000000000, 0.000000000000000000, -1.000000000000000000 ) ) ;
#2173 = ADVANCED_FACE ( 'NONE', ( #538 ), #2525, .F. ) ;
#2174 = COORDINATED_UNIVERSAL_TIME_OFFSET ( 8, 0, .AHEAD. ) ;
#2175 = PLANE ( 'NONE',  #2083 ) ;
#2176 = DIRECTION ( 'NONE',  ( 1.000000000000000000, -0.000000000000000000, 0.000000000000000000 ) ) ;
#2177 = DATE_AND_TIME ( #718, #564 ) ;
#2178 = DIRECTION ( 'NONE',  ( 0.000000000000000000, 0.000000000000000000, -1.000000000000000000 ) ) ;
#2179 = PERSON ( 'NAUO-PER30', 'UNSPECIFIED', 'UNSPECIFIED', ('UNSPECIFIED'), ('UNSPECIFIED'), ('UNSPECIFIED') ) ;
#2180 = CC_DESIGN_DATE_AND_TIME_ASSIGNMENT ( #2504, #2833, ( #1010 ) ) ;
#2181 = PRODUCT_DEFINITION ( '未知', '', #2354, #3094 ) ;
#2182 = APPLICATION_CONTEXT ( 'configuration controlled 3d designs of mechanical parts and assemblies' ) ;
#2183 = SECURITY_CLASSIFICATION_LEVEL ( 'unclassified' ) ;
#2184 = LINE ( 'NONE', #3337, #855 ) ;
#2185 = APPROVAL_PERSON_ORGANIZATION ( #1120, #2414, #588 ) ;
#2186 = PERSON_AND_ORGANIZATION ( #2402, #2555 ) ;
#2187 = ORIENTED_EDGE ( 'NONE', *, *, #2263, .F. ) ;
#2188 = CONTEXT_DEPENDENT_SHAPE_REPRESENTATION ( #3353, #3046 ) ;
#2189 = CONTEXT_DEPENDENT_SHAPE_REPRESENTATION ( #824, #3586 ) ;
#2190 = CARTESIAN_POINT ( 'NONE',  ( 120.0000000000000000, 570.0000000000001137, 145.0000000000000000 ) ) ;
#2191 = LINE ( 'NONE', #207, #2405 ) ;
#2192 = DATE_TIME_ROLE ( 'classification_date' ) ;
#2193 = ADVANCED_FACE ( 'NONE', ( #1962 ), #2887, .T. ) ;
#2194 = APPROVAL_ROLE ( '' ) ;
#2195 = DATE_AND_TIME ( #3572, #1848 ) ;
#2196 = DIRECTION ( 'NONE',  ( 0.000000000000000000, 0.000000000000000000, 1.000000000000000000 ) ) ;
#2197 = DIRECTION ( 'NONE',  ( 1.000000000000000000, 0.000000000000000000, 0.000000000000000000 ) ) ;
#2198 =( REPRESENTATION_RELATIONSHIP ('NONE','NONE', #1576, #2314 ) REPRESENTATION_RELATIONSHIP_WITH_TRANSFORMATION ( #3238 )SHAPE_REPRESENTATION_RELATIONSHIP( ) );
#2199 = DATE_AND_TIME ( #3635, #871 ) ;
#2200 = APPROVAL_ROLE ( '' ) ;
#2201 = CARTESIAN_POINT ( 'NONE',  ( 4.898587196589412829E-16, 0.000000000000000000, 4.000000000000000000 ) ) ;
#2202 = EDGE_CURVE ( 'NONE', #1156, #490, #2152, .T. ) ;
#2203 = PRODUCT ( 'FN-FRM-008_tube-end-cap-30x30x3_CONCEPT_R0.7', 'FN-FRM-008_tube-end-cap-30x30x3_CONCEPT_R0.7', '', ( #3199 ) ) ;
#2204 = CC_DESIGN_PERSON_AND_ORGANIZATION_ASSIGNMENT ( #2471, #1121, ( #2416 ) ) ;
#2205 = APPROVAL_ROLE ( '' ) ;
#2206 = ORIENTED_EDGE ( 'NONE', *, *, #3170, .T. ) ;
#2207 = CONTEXT_DEPENDENT_SHAPE_REPRESENTATION ( #3101, #1195 ) ;
#2208 = CARTESIAN_POINT ( 'NONE',  ( 160.0000000000000000, 20.00000000000000000, 12.50000000000000000 ) ) ;
#2209 = APPROVAL_DATE_TIME ( #1871, #2353 ) ;
#2210 = FACE_OUTER_BOUND ( 'NONE', #2038, .T. ) ;
#2211 = CARTESIAN_POINT ( 'NONE',  ( -15.00000000000000000, 0.000000000000000000, -15.00000000000000000 ) ) ;
#2212 = DESIGN_CONTEXT ( 'detailed design', #2547, 'design' ) ;
#2213 = CARTESIAN_POINT ( 'NONE',  ( 40.00000000000000000, 0.000000000000000000, 0.000000000000000000 ) ) ;
#2214 = AXIS2_PLACEMENT_3D ( 'NONE', #1499, #659, #3661 ) ;
#2215 = PERSON_AND_ORGANIZATION_ROLE ( 'classification_officer' ) ;
#2216 = APPROVAL_ROLE ( '' ) ;
#2217 = VECTOR ( 'NONE', #1323, 1000.000000000000000 ) ;
#2218 = LINE ( 'NONE', #417, #614 ) ;
#2219 = VECTOR ( 'NONE', #1855, 1000.000000000000000 ) ;
#2220 = ADVANCED_FACE ( 'NONE', ( #2280 ), #264, .F. ) ;
#2221 = EDGE_LOOP ( 'NONE', ( #3036, #2026, #3339, #2972 ) ) ;
#2222 = CALENDAR_DATE ( 2026, 27, 7 ) ;
#2223 = CIRCLE ( 'NONE', #1450, 3.000000000000000444 ) ;
#2224 = EDGE_CURVE ( 'NONE', #1642, #1921, #2573, .T. ) ;
#2225 = ORGANIZATION ( 'NAUO-ORG9', 'UNSPECIFIED', 'UNSPECIFIED' ) ;
#2226 = APPROVAL_PERSON_ORGANIZATION ( #1720, #1547, #260 ) ;
#2227 = PERSON ( 'NAUO-PER2', 'UNSPECIFIED', 'UNSPECIFIED', ('UNSPECIFIED'), ('UNSPECIFIED'), ('UNSPECIFIED') ) ;
#2228 = CC_DESIGN_DATE_AND_TIME_ASSIGNMENT ( #2063, #3577, ( #815 ) ) ;
#2229 = DIRECTION ( 'NONE',  ( 1.000000000000000000, 0.000000000000000000, 0.000000000000000000 ) ) ;
#2230 = AXIS2_PLACEMENT_3D ( 'NONE', #2208, #745, #1907 ) ;
#2231 = CC_DESIGN_APPROVAL ( #3607, ( #3182 ) ) ;
#2232 = LOCAL_TIME ( 2, 11, 31.00000000000000000, #978 ) ;
#2233 = ITEM_DEFINED_TRANSFORMATION ( 'NONE', 'NONE', #1440,  #2883 ) ;
#2234 = CC_DESIGN_APPROVAL ( #1272, ( #1842 ) ) ;
#2235 = CC_DESIGN_SECURITY_CLASSIFICATION ( #1353, ( #1914 ) ) ;
#2236 = CALENDAR_DATE ( 2026, 27, 7 ) ;
#2237 = DIRECTION ( 'NONE',  ( 1.000000000000000000, -0.000000000000000000, 0.000000000000000000 ) ) ;
#2238 = CARTESIAN_POINT ( 'NONE',  ( -150.0000000000000000, 32.00000000000000000, 3.000000000000000000 ) ) ;
#2239 = PRODUCT ( 'FN-FST-004_mast-bolt-envelope-D8x35_PENDING_R0.7', 'FN-FST-004_mast-bolt-envelope-D8x35_PENDING_R0.7', '', ( #967 ) ) ;
#2240 = SECURITY_CLASSIFICATION_LEVEL ( 'unclassified' ) ;
#2241 = CALENDAR_DATE ( 2026, 27, 7 ) ;
#2242 = DIRECTION ( 'NONE',  ( 0.000000000000000000, 0.000000000000000000, -1.000000000000000000 ) ) ;
#2243 = VERTEX_POINT ( 'NONE', #3686 ) ;
#2244 = PERSON_AND_ORGANIZATION_ROLE ( 'classification_officer' ) ;
#2245 = DIRECTION ( 'NONE',  ( 1.000000000000000000, 0.000000000000000000, 0.000000000000000000 ) ) ;
#2246 = APPROVAL ( #1646, 'UNKNOWN' ) ;
#2247 = COORDINATED_UNIVERSAL_TIME_OFFSET ( 8, 0, .AHEAD. ) ;
#2248 = CC_DESIGN_DATE_AND_TIME_ASSIGNMENT ( #3207, #3177, ( #641 ) ) ;
#2249 = SECURITY_CLASSIFICATION_LEVEL ( 'unclassified' ) ;
#2250 = APPROVAL_DATE_TIME ( #1340, #1004 ) ;
#2251 = CARTESIAN_POINT ( 'NONE',  ( 0.000000000000000000, 0.000000000000000000, 0.000000000000000000 ) ) ;
#2252 = UNCERTAINTY_MEASURE_WITH_UNIT (LENGTH_MEASURE( 1.000000000000000082E-05 ), #172, 'distance_accuracy_value', 'NONE');
#2253 = CONTEXT_DEPENDENT_SHAPE_REPRESENTATION ( #1124, #395 ) ;
#2254 = PERSON_AND_ORGANIZATION_ROLE ( 'design_supplier' ) ;
#2255 = CARTESIAN_POINT ( 'NONE',  ( -12.00000000000000000, 8.000000000000000000, 9.000000000000000000 ) ) ;
#2256 = EDGE_CURVE ( 'NONE', #3295, #2873, #212, .T. ) ;
#2257 = EDGE_LOOP ( 'NONE', ( #2153, #3104, #2486, #1373 ) ) ;
#2258 = CONTEXT_DEPENDENT_SHAPE_REPRESENTATION ( #3541, #2330 ) ;
#2259 =( NAMED_UNIT ( * ) PLANE_ANGLE_UNIT ( ) SI_UNIT ( $, .RADIAN. ) );
#2260 = PRODUCT_DEFINITION_SHAPE ( 'NONE', 'NONE',  #1380 ) ;
#2261 = DATE_AND_TIME ( #1071, #2086 ) ;
#2262 =( REPRESENTATION_RELATIONSHIP ('NONE','NONE', #1576, #3264 ) REPRESENTATION_RELATIONSHIP_WITH_TRANSFORMATION ( #1632 )SHAPE_REPRESENTATION_RELATIONSHIP( ) );
#2263 = EDGE_CURVE ( 'NONE', #1793, #1610, #2223, .T. ) ;
#2264 = PERSON_AND_ORGANIZATION_ROLE ( 'creator' ) ;
#2265 = PERSON ( 'NAUO-PER27', 'UNSPECIFIED', 'UNSPECIFIED', ('UNSPECIFIED'), ('UNSPECIFIED'), ('UNSPECIFIED') ) ;
#2266 = APPROVAL ( #3254, 'UNKNOWN' ) ;
#2267 = DIRECTION ( 'NONE',  ( 1.000000000000000000, -0.000000000000000000, 0.000000000000000000 ) ) ;
#2268 = PLANE ( 'NONE',  #303 ) ;
#2269 = EDGE_LOOP ( 'NONE', ( #1016, #2560, #2376, #3642 ) ) ;
#2270 = AXIS2_PLACEMENT_3D ( 'NONE', #593, #3386, #3633 ) ;
#2271 = VECTOR ( 'NONE', #230, 1000.000000000000000 ) ;
#2272 = CC_DESIGN_APPROVAL ( #3512, ( #3682 ) ) ;
#2273 = SECURITY_CLASSIFICATION_LEVEL ( 'unclassified' ) ;
#2274 = APPROVAL_STATUS ( 'not_yet_approved' ) ;
#2275 = SECURITY_CLASSIFICATION ( '', '', #2760 ) ;
#2276 =( GEOMETRIC_REPRESENTATION_CONTEXT ( 3 ) GLOBAL_UNCERTAINTY_ASSIGNED_CONTEXT ( ( #787 ) ) GLOBAL_UNIT_ASSIGNED_CONTEXT ( ( #3123, #477, #3395 ) ) REPRESENTATION_CONTEXT ( 'NONE', 'WORKASPACE' ) );
#2277 = APPLICATION_PROTOCOL_DEFINITION ( 'international standard', 'config_control_design', 1994, #2363 ) ;
#2278 = LOCAL_TIME ( 2, 11, 31.00000000000000000, #263 ) ;
#2279 = APPROVAL_PERSON_ORGANIZATION ( #2378, #3113, #3516 ) ;
#2280 = FACE_OUTER_BOUND ( 'NONE', #3054, .T. ) ;
#2281 = COORDINATED_UNIVERSAL_TIME_OFFSET ( 8, 0, .AHEAD. ) ;
#2282 = LOCAL_TIME ( 2, 11, 31.00000000000000000, #3389 ) ;
#2283 = ORGANIZATION ( 'NAUO-ORG2', 'UNSPECIFIED', 'UNSPECIFIED' ) ;
#2284 = ADVANCED_FACE ( 'NONE', ( #2692 ), #107, .F. ) ;
#2285 = CALENDAR_DATE ( 2026, 27, 7 ) ;
#2286 = CALENDAR_DATE ( 2026, 27, 7 ) ;
#2287 = DIRECTION ( 'NONE',  ( -0.000000000000000000, -1.000000000000000000, -0.000000000000000000 ) ) ;
#2288 = LOCAL_TIME ( 2, 11, 31.00000000000000000, #1618 ) ;
#2289 = CARTESIAN_POINT ( 'NONE',  ( -45.00000000000000000, 8.000000000000000000, 40.00000000000000000 ) ) ;
#2290 = CC_DESIGN_DATE_AND_TIME_ASSIGNMENT ( #533, #1339, ( #393 ) ) ;
#2291 = CC_DESIGN_PERSON_AND_ORGANIZATION_ASSIGNMENT ( #2603, #304, ( #3459 ) ) ;
#2292 = CALENDAR_DATE ( 2026, 27, 7 ) ;
#2293 = DATE_AND_TIME ( #834, #2340 ) ;
#2294 = EDGE_LOOP ( 'NONE', ( #3198, #3275, #2734, #780 ) ) ;
#2295 = SECURITY_CLASSIFICATION_LEVEL ( 'unclassified' ) ;
#2296 = COORDINATED_UNIVERSAL_TIME_OFFSET ( 8, 0, .AHEAD. ) ;
#2297 = SHAPE_DEFINITION_REPRESENTATION ( #3684, #2723 ) ;
#2298 = APPROVAL_ROLE ( '' ) ;
#2299 = DIRECTION ( 'NONE',  ( 0.000000000000000000, 0.000000000000000000, -1.000000000000000000 ) ) ;
#2300 = EDGE_CURVE ( 'NONE', #2970, #1388, #1397, .T. ) ;
#2301 = ORIENTED_EDGE ( 'NONE', *, *, #266, .T. ) ;
#2302 =( REPRESENTATION_RELATIONSHIP ('NONE','NONE', #1576, #1968 ) REPRESENTATION_RELATIONSHIP_WITH_TRANSFORMATION ( #1402 )SHAPE_REPRESENTATION_RELATIONSHIP( ) );
#2303 = CC_DESIGN_PERSON_AND_ORGANIZATION_ASSIGNMENT ( #216, #1368, ( #2416 ) ) ;
#2304 = APPROVAL_DATE_TIME ( #3202, #1319 ) ;
#2305 = DATE_AND_TIME ( #261, #2621 ) ;
#2306 = DATE_AND_TIME ( #571, #751 ) ;
#2307 = SECURITY_CLASSIFICATION_LEVEL ( 'unclassified' ) ;
#2308 = EDGE_CURVE ( 'NONE', #726, #2003, #2835, .T. ) ;
#2309 = APPLICATION_PROTOCOL_DEFINITION ( 'international standard', 'config_control_design', 1994, #2547 ) ;
#2310 = COORDINATED_UNIVERSAL_TIME_OFFSET ( 8, 0, .AHEAD. ) ;
#2311 = PLANE ( 'NONE',  #1231 ) ;
#2312 = LINE ( 'NONE', #3718, #3304 ) ;
#2313 = ORIENTED_EDGE ( 'NONE', *, *, #848, .T. ) ;
#2314 = SHAPE_REPRESENTATION ( 'FN-SOL-007_panel-edge-clamp-24x18x8_PENDING_R0.7', ( #2883 ), #314 ) ;
#2315 = DATE_AND_TIME ( #1138, #2638 ) ;
#2316 = ORIENTED_EDGE ( 'NONE', *, *, #972, .T. ) ;
#2317 = AXIS2_PLACEMENT_3D ( 'NONE', #2350, #585, #3237 ) ;
#2318 = ADVANCED_FACE ( 'NONE', ( #1369 ), #3703, .F. ) ;
#2319 = CONTEXT_DEPENDENT_SHAPE_REPRESENTATION ( #3044, #2165 ) ;
#2320 = VECTOR ( 'NONE', #1989, 1000.000000000000000 ) ;
#2321 = APPROVAL ( #2614, 'UNKNOWN' ) ;
#2322 = PERSON_AND_ORGANIZATION ( #2402, #2555 ) ;
#2323 = ITEM_DEFINED_TRANSFORMATION ( 'NONE', 'NONE', #2806,  #2883 ) ;
#2324 = DATE_AND_TIME ( #912, #381 ) ;
#2325 = AXIS2_PLACEMENT_3D ( 'NONE', #2213, #3364, #1328 ) ;
#2326 = CC_DESIGN_SECURITY_CLASSIFICATION ( #1101, ( #3760 ) ) ;
#2327 = VECTOR ( 'NONE', #1926, 1000.000000000000000 ) ;
#2328 = CC_DESIGN_SECURITY_CLASSIFICATION ( #757, ( #3740 ) ) ;
#2329 = CC_DESIGN_SECURITY_CLASSIFICATION ( #752, ( #3754 ) ) ;
#2330 = PRODUCT_DEFINITION_SHAPE ( 'NONE', 'NONE',  #3763 ) ;
#2331 = APPROVAL_DATE_TIME ( #609, #1881 ) ;
#2332 = COORDINATED_UNIVERSAL_TIME_OFFSET ( 8, 0, .AHEAD. ) ;
#2333 = DIRECTION ( 'NONE',  ( -0.000000000000000000, -0.000000000000000000, 1.000000000000000000 ) ) ;
#2334 = PLANE ( 'NONE',  #1 ) ;
#2335 = ORGANIZATION ( 'NAUO-ORG27', 'UNSPECIFIED', 'UNSPECIFIED' ) ;
#2336 = CC_DESIGN_SECURITY_CLASSIFICATION ( #3300, ( #315 ) ) ;
#2337 = EDGE_LOOP ( 'NONE', ( #529, #1841, #2670, #681 ) ) ;
#2338 = APPROVAL_STATUS ( 'not_yet_approved' ) ;
#2339 = CC_DESIGN_APPROVAL ( #2353, ( #258 ) ) ;
#2340 = LOCAL_TIME ( 2, 11, 31.00000000000000000, #2357 ) ;
#2341 = PERSON_AND_ORGANIZATION ( #2402, #2555 ) ;
#2342 = ORIENTED_EDGE ( 'NONE', *, *, #785, .T. ) ;
#2343 = DIRECTION ( 'NONE',  ( 1.000000000000000000, 0.000000000000000000, -0.000000000000000000 ) ) ;
#2344 = LOCAL_TIME ( 2, 11, 31.00000000000000000, #3319 ) ;
#2345 = DIRECTION ( 'NONE',  ( 1.000000000000000000, 0.000000000000000000, 0.000000000000000000 ) ) ;
#2346 = APPROVAL_STATUS ( 'not_yet_approved' ) ;
#2347 = PERSON ( 'NAUO-PER13', 'UNSPECIFIED', 'UNSPECIFIED', ('UNSPECIFIED'), ('UNSPECIFIED'), ('UNSPECIFIED') ) ;
#2348 = PERSON_AND_ORGANIZATION_ROLE ( 'classification_officer' ) ;
#2349 =( NAMED_UNIT ( * ) SI_UNIT ( $, .STERADIAN. ) SOLID_ANGLE_UNIT ( ) );
#2350 = CARTESIAN_POINT ( 'NONE',  ( 99.99999999999998579, 245.0000000000000000, 145.0000000000000000 ) ) ;
#2351 = PERSON_AND_ORGANIZATION ( #2020, #197 ) ;
#2352 = MANIFOLD_SOLID_BREP ( '凸台-拉伸1', #1150 ) ;
#2353 = APPROVAL ( #957, 'UNKNOWN' ) ;
#2354 = PRODUCT_DEFINITION_FORMATION_WITH_SPECIFIED_SOURCE ( '任何', '', #2769, .NOT_KNOWN. ) ;
#2355 = CC_DESIGN_PERSON_AND_ORGANIZATION_ASSIGNMENT ( #636, #20, ( #2769 ) ) ;
#2356 = PERSON_AND_ORGANIZATION ( #2402, #2555 ) ;
#2357 = COORDINATED_UNIVERSAL_TIME_OFFSET ( 8, 0, .AHEAD. ) ;
#2358 = CC_DESIGN_PERSON_AND_ORGANIZATION_ASSIGNMENT ( #1661, #233, ( #1844 ) ) ;
#2359 = FACE_OUTER_BOUND ( 'NONE', #1992, .T. ) ;
#2360 = DIRECTION ( 'NONE',  ( 0.000000000000000000, -1.000000000000000000, 0.000000000000000000 ) ) ;
#2361 = EDGE_LOOP ( 'NONE', ( #3301, #770, #475, #1868 ) ) ;
#2362 = APPROVAL_STATUS ( 'not_yet_approved' ) ;
#2363 = APPLICATION_CONTEXT ( 'configuration controlled 3d designs of mechanical parts and assemblies' ) ;
#2364 = CARTESIAN_POINT ( 'NONE',  ( 0.000000000000000000, 19.00000000000000355, 123.0000000000000000 ) ) ;
#2365 = SHAPE_REPRESENTATION ( 'FN-GNS-005_mast-base-plate-90x80x8_CONCEPT_R0.7', ( #2883 ), #2990 ) ;
#2366 = CALENDAR_DATE ( 2026, 27, 7 ) ;
#2367 = COORDINATED_UNIVERSAL_TIME_OFFSET ( 8, 0, .AHEAD. ) ;
#2368 = DIRECTION ( 'NONE',  ( 0.000000000000000000, 0.000000000000000000, 1.000000000000000000 ) ) ;
#2369 = CALENDAR_DATE ( 2026, 27, 7 ) ;
#2370 = SECURITY_CLASSIFICATION_LEVEL ( 'unclassified' ) ;
#2371 = FACE_OUTER_BOUND ( 'NONE', #580, .T. ) ;
#2372 = APPROVAL_ROLE ( '' ) ;
#2373 = EDGE_CURVE ( 'NONE', #1728, #2741, #3422, .T. ) ;
#2374 = DIRECTION ( 'NONE',  ( -1.000000000000000000, -0.000000000000000000, -0.000000000000000000 ) ) ;
#2375 = DIRECTION ( 'NONE',  ( -0.000000000000000000, -0.000000000000000000, 1.000000000000000000 ) ) ;
#2376 = ORIENTED_EDGE ( 'NONE', *, *, #2094, .F. ) ;
#2377 = CC_DESIGN_PERSON_AND_ORGANIZATION_ASSIGNMENT ( #1425, #894, ( #3182 ) ) ;
#2378 = PERSON_AND_ORGANIZATION ( #2402, #2555 ) ;
#2379 = ORIENTED_EDGE ( 'NONE', *, *, #3483, .T. ) ;
#2380 = CARTESIAN_POINT ( 'NONE',  ( 160.0000000000000000, 0.000000000000000000, 12.50000000000000000 ) ) ;
#2381 = DIRECTION ( 'NONE',  ( 0.000000000000000000, 0.000000000000000000, 1.000000000000000000 ) ) ;
#2382 = AXIS2_PLACEMENT_3D ( 'NONE', #354, #2381, #2675 ) ;
#2383 = APPLICATION_CONTEXT ( 'configuration controlled 3d designs of mechanical parts and assemblies' ) ;
#2384 = ORIENTED_EDGE ( 'NONE', *, *, #2771, .F. ) ;
#2385 = ITEM_DEFINED_TRANSFORMATION ( 'NONE', 'NONE', #2993,  #2883 ) ;
#2386 = AXIS2_PLACEMENT_3D ( 'NONE', #1554, #2166, #711 ) ;
#2387 = CARTESIAN_POINT ( 'NONE',  ( 32.00000000000000000, 388.5000000000000000, 120.0000000000000000 ) ) ;
#2388 = APPROVAL_STATUS ( 'not_yet_approved' ) ;
#2389 = LINE ( 'NONE', #2995, #80 ) ;
#2390 = VECTOR ( 'NONE', #1715, 1000.000000000000000 ) ;
#2391 = DIRECTION ( 'NONE',  ( 1.000000000000000000, 0.000000000000000000, 0.000000000000000000 ) ) ;
#2392 = AXIS2_PLACEMENT_3D ( 'NONE', #2626, #2058, #43 ) ;
#2393 = PLANE ( 'NONE',  #446 ) ;
#2394 = FACE_OUTER_BOUND ( 'NONE', #1483, .T. ) ;
#2395 = PERSON_AND_ORGANIZATION_ROLE ( 'classification_officer' ) ;
#2396 = MANIFOLD_SOLID_BREP ( '凸台-拉伸1', #3417 ) ;
#2397 = PLANE ( 'NONE',  #3235 ) ;
#2398 = VECTOR ( 'NONE', #979, 1000.000000000000000 ) ;
#2399 = EDGE_CURVE ( 'NONE', #3680, #116, #3717, .T. ) ;
#2400 = LOCAL_TIME ( 2, 11, 31.00000000000000000, #3442 ) ;
#2401 = APPROVAL_PERSON_ORGANIZATION ( #1392, #2246, #237 ) ;
#2402 = PERSON ( '未指定', '未指定', '未指定', ('未指定'), ('未指定'), ('未指定') ) ;
#2403 = DIRECTION ( 'NONE',  ( 1.000000000000000000, 0.000000000000000000, 0.000000000000000000 ) ) ;
#2404 = APPROVAL_DATE_TIME ( #285, #3491 ) ;
#2405 = VECTOR ( 'NONE', #2245, 1000.000000000000000 ) ;
#2406 = APPROVAL_DATE_TIME ( #966, #2593 ) ;
#2407 = PERSON_AND_ORGANIZATION ( #2402, #2555 ) ;
#2408 = APPROVAL_PERSON_ORGANIZATION ( #1475, #1575, #2962 ) ;
#2409 = LOCAL_TIME ( 2, 11, 31.00000000000000000, #3047 ) ;
#2410 = PRODUCT_DEFINITION_SHAPE ( 'NONE', 'NONE',  #3738 ) ;
#2411 = APPROVAL ( #179, 'UNKNOWN' ) ;
#2412 = ORIENTED_EDGE ( 'NONE', *, *, #2308, .T. ) ;
#2413 = CARTESIAN_POINT ( 'NONE',  ( -7.000000000000000000, 0.000000000000000000, 2.000000000000000000 ) ) ;
#2414 = APPROVAL ( #1400, '未指定' ) ;
#2415 = APPROVAL_PERSON_ORGANIZATION ( #1675, #2411, #2075 ) ;
#2416 = PRODUCT_DEFINITION_FORMATION_WITH_SPECIFIED_SOURCE ( '任何', '', #2128, .NOT_KNOWN. ) ;
#2417 = ORIENTED_EDGE ( 'NONE', *, *, #2399, .F. ) ;
#2418 = APPROVAL_DATE_TIME ( #1884, #908 ) ;
#2419 = SECURITY_CLASSIFICATION_LEVEL ( 'unclassified' ) ;
#2420 = CARTESIAN_POINT ( 'NONE',  ( 12.00000000000000000, 8.000000000000000000, -9.000000000000000000 ) ) ;
#2421 = DATE_AND_TIME ( #1809, #568 ) ;
#2422 = CARTESIAN_POINT ( 'NONE',  ( -12.00000000000000000, 8.000000000000000000, 9.000000000000000000 ) ) ;
#2423 = LINE ( 'NONE', #3249, #1096 ) ;
#2424 = CALENDAR_DATE ( 2026, 27, 7 ) ;
#2425 = EDGE_LOOP ( 'NONE', ( #544, #653, #1451, #401 ) ) ;
#2426 = ADVANCED_FACE ( 'NONE', ( #1988 ), #831, .F. ) ;
#2427 = COORDINATED_UNIVERSAL_TIME_OFFSET ( 8, 0, .AHEAD. ) ;
#2428 = APPROVAL_DATE_TIME ( #1256, #3121 ) ;
#2429 = APPROVAL ( #1023, '未指定' ) ;
#2430 = VERTEX_POINT ( 'NONE', #2968 ) ;
#2431 = PLANE ( 'NONE',  #3612 ) ;
#2432 = PRODUCT_DEFINITION_SHAPE ( 'NONE', 'NONE',  #3749 ) ;
#2433 = PERSON_AND_ORGANIZATION ( #2402, #2555 ) ;
#2434 = APPROVAL_STATUS ( 'not_yet_approved' ) ;
#2435 = LINE ( 'NONE', #3345, #2398 ) ;
#2436 = LINE ( 'NONE', #453, #3542 ) ;
#2437 =( NAMED_UNIT ( * ) PLANE_ANGLE_UNIT ( ) SI_UNIT ( $, .RADIAN. ) );
#2438 = PERSON_AND_ORGANIZATION ( #2402, #2555 ) ;
#2439 = EDGE_LOOP ( 'NONE', ( #2986, #3499, #3624, #1834 ) ) ;
#2440 = LINE ( 'NONE', #2461, #2931 ) ;
#2441 = EDGE_LOOP ( 'NONE', ( #2839, #1033 ) ) ;
#2442 = DATE_AND_TIME ( #2467, #1839 ) ;
#2443 = EDGE_CURVE ( 'NONE', #2996, #3295, #282, .T. ) ;
#2444 = DIRECTION ( 'NONE',  ( 1.000000000000000000, 0.000000000000000000, 0.000000000000000000 ) ) ;
#2445 = PERSON ( 'NAUO-PER3', 'UNSPECIFIED', 'UNSPECIFIED', ('UNSPECIFIED'), ('UNSPECIFIED'), ('UNSPECIFIED') ) ;
#2446 =( GEOMETRIC_REPRESENTATION_CONTEXT ( 3 ) GLOBAL_UNCERTAINTY_ASSIGNED_CONTEXT ( ( #1317 ) ) GLOBAL_UNIT_ASSIGNED_CONTEXT ( ( #1466, #1168, #1837 ) ) REPRESENTATION_CONTEXT ( 'NONE', 'WORKASPACE' ) );
#2447 = CC_DESIGN_DATE_AND_TIME_ASSIGNMENT ( #3412, #277, ( #3559 ) ) ;
#2448 = COORDINATED_UNIVERSAL_TIME_OFFSET ( 8, 0, .AHEAD. ) ;
#2449 = AXIS2_PLACEMENT_3D ( 'NONE', #1175, #3507, #1487 ) ;
#2450 = DIRECTION ( 'NONE',  ( -0.000000000000000000, -1.000000000000000000, -0.000000000000000000 ) ) ;
#2451 = PERSON_AND_ORGANIZATION ( #2402, #2555 ) ;
#2452 = AXIS2_PLACEMENT_3D ( 'NONE', #3445, #2154, #199 ) ;
#2453 = DIRECTION ( 'NONE',  ( -0.000000000000000000, -0.000000000000000000, 1.000000000000000000 ) ) ;
#2454 = CARTESIAN_POINT ( 'NONE',  ( 4.898587196589412829E-16, 35.00000000000000000, 4.000000000000000000 ) ) ;
#2455 =( REPRESENTATION_RELATIONSHIP ('NONE','NONE', #1576, #1669 ) REPRESENTATION_RELATIONSHIP_WITH_TRANSFORMATION ( #2658 )SHAPE_REPRESENTATION_RELATIONSHIP( ) );
#2456 = AXIS2_PLACEMENT_3D ( 'NONE', #3033, #482, #1630 ) ;
#2457 = PERSON_AND_ORGANIZATION ( #2402, #2555 ) ;
#2458 = AXIS2_PLACEMENT_3D ( 'NONE', #813, #1656, #1103 ) ;
#2459 = CC_DESIGN_SECURITY_CLASSIFICATION ( #1010, ( #3730 ) ) ;
#2460 = CC_DESIGN_SECURITY_CLASSIFICATION ( #1453, ( #3756 ) ) ;
#2461 = CARTESIAN_POINT ( 'NONE',  ( 15.00000000000000000, 3.000000000000000000, 15.00000000000000000 ) ) ;
#2462 = CIRCLE ( 'NONE', #3433, 4.000000000000000000 ) ;
#2463 = APPROVAL_PERSON_ORGANIZATION ( #2925, #2593, #333 ) ;
#2464 = CC_DESIGN_SECURITY_CLASSIFICATION ( #150, ( #1348 ) ) ;
#2465 = VERTEX_POINT ( 'NONE', #1218 ) ;
#2466 = LOCAL_TIME ( 2, 11, 31.00000000000000000, #1257 ) ;
#2467 = CALENDAR_DATE ( 2026, 27, 7 ) ;
#2468 = ORGANIZATION ( 'NAUO-ORG1', 'UNSPECIFIED', 'UNSPECIFIED' ) ;
#2469 = DIRECTION ( 'NONE',  ( 1.000000000000000000, 0.000000000000000000, 0.000000000000000000 ) ) ;
#2470 = VERTEX_POINT ( 'NONE', #900 ) ;
#2471 = PERSON_AND_ORGANIZATION ( #2402, #2555 ) ;
#2472 = ITEM_DEFINED_TRANSFORMATION ( 'NONE', 'NONE', #2929,  #2883 ) ;
#2473 = APPROVAL_PERSON_ORGANIZATION ( #675, #1775, #2200 ) ;
#2474 = CARTESIAN_POINT ( 'NONE',  ( -7.000000000000000000, 0.000000000000000000, 0.000000000000000000 ) ) ;
#2475 = CC_DESIGN_PERSON_AND_ORGANIZATION_ASSIGNMENT ( #479, #772, ( #393 ) ) ;
#2476 = APPROVAL ( #298, '未指定' ) ;
#2477 = CARTESIAN_POINT ( 'NONE',  ( -45.00000000000000000, 0.000000000000000000, -40.00000000000000000 ) ) ;
#2478 = DIRECTION ( 'NONE',  ( 1.000000000000000000, 0.000000000000000000, 0.000000000000000000 ) ) ;
#2479 = CC_DESIGN_DATE_AND_TIME_ASSIGNMENT ( #833, #1990, ( #3614 ) ) ;
#2480 = COORDINATED_UNIVERSAL_TIME_OFFSET ( 8, 0, .AHEAD. ) ;
#2481 = DIRECTION ( 'NONE',  ( -0.000000000000000000, -1.000000000000000000, -0.000000000000000000 ) ) ;
#2482 = COORDINATED_UNIVERSAL_TIME_OFFSET ( 8, 0, .AHEAD. ) ;
#2483 = DATE_AND_TIME ( #2161, #3193 ) ;
#2484 = ORIENTED_EDGE ( 'NONE', *, *, #2002, .F. ) ;
#2485 = SECURITY_CLASSIFICATION_LEVEL ( 'unclassified' ) ;
#2486 = ORIENTED_EDGE ( 'NONE', *, *, #1556, .F. ) ;
#2487 = CALENDAR_DATE ( 2026, 27, 7 ) ;
#2488 = DATE_AND_TIME ( #1757, #89 ) ;
#2489 = FACE_OUTER_BOUND ( 'NONE', #2361, .T. ) ;
#2490 = CARTESIAN_POINT ( 'NONE',  ( -150.0000000000000000, 32.00000000000000000, 3.000000000000000000 ) ) ;
#2491 = ADVANCED_FACE ( 'NONE', ( #3196 ), #2393, .F. ) ;
#2492 = APPROVAL_DATE_TIME ( #762, #744 ) ;
#2493 = FACE_OUTER_BOUND ( 'NONE', #3707, .T. ) ;
#2494 = CC_DESIGN_PERSON_AND_ORGANIZATION_ASSIGNMENT ( #1690, #562, ( #1971 ) ) ;
#2495 = ORIENTED_EDGE ( 'NONE', *, *, #1513, .F. ) ;
#2496 =( REPRESENTATION_RELATIONSHIP ('NONE','NONE', #1576, #1685 ) REPRESENTATION_RELATIONSHIP_WITH_TRANSFORMATION ( #2233 )SHAPE_REPRESENTATION_RELATIONSHIP( ) );
#2497 = PERSON_AND_ORGANIZATION_ROLE ( 'classification_officer' ) ;
#2498 = CONTEXT_DEPENDENT_SHAPE_REPRESENTATION ( #428, #1270 ) ;
#2499 = DIRECTION ( 'NONE',  ( -0.000000000000000000, -1.000000000000000000, -0.000000000000000000 ) ) ;
#2500 = FACE_OUTER_BOUND ( 'NONE', #2257, .T. ) ;
#2501 =( GEOMETRIC_REPRESENTATION_CONTEXT ( 3 ) GLOBAL_UNCERTAINTY_ASSIGNED_CONTEXT ( ( #452 ) ) GLOBAL_UNIT_ASSIGNED_CONTEXT ( ( #3021, #50, #3581 ) ) REPRESENTATION_CONTEXT ( 'NONE', 'WORKASPACE' ) );
#2502 = CARTESIAN_POINT ( 'NONE',  ( -3.000000000000000444, 0.000000000000000000, 55.00000000000000000 ) ) ;
#2503 = APPLICATION_CONTEXT ( 'configuration controlled 3d designs of mechanical parts and assemblies' ) ;
#2504 = DATE_AND_TIME ( #842, #2288 ) ;
#2505 = AXIS2_PLACEMENT_3D ( 'NONE', #1473, #1506, #2613 ) ;
#2506 = CALENDAR_DATE ( 2026, 27, 7 ) ;
#2507 = PERSON_AND_ORGANIZATION_ROLE ( 'creator' ) ;
#2508 = COORDINATED_UNIVERSAL_TIME_OFFSET ( 8, 0, .AHEAD. ) ;
#2509 = AXIS2_PLACEMENT_3D ( 'NONE', #2780, #155, #2132 ) ;
#2510 = CYLINDRICAL_SURFACE ( 'NONE', #2509, 4.000000000000000000 ) ;
#2511 = APPROVAL ( #2985, 'UNKNOWN' ) ;
#2512 = PERSON_AND_ORGANIZATION ( #3208, #820 ) ;
#2513 = CC_DESIGN_PERSON_AND_ORGANIZATION_ASSIGNMENT ( #983, #2693, ( #68 ) ) ;
#2514 = ORIENTED_EDGE ( 'NONE', *, *, #488, .F. ) ;
#2515 = CALENDAR_DATE ( 2026, 27, 7 ) ;
#2516 = VECTOR ( 'NONE', #1514, 1000.000000000000000 ) ;
#2517 = APPROVAL_PERSON_ORGANIZATION ( #1425, #3607, #3508 ) ;
#2518 = LOCAL_TIME ( 2, 11, 31.00000000000000000, #1271 ) ;
#2519 = LOCAL_TIME ( 2, 11, 31.00000000000000000, #712 ) ;
#2520 = APPROVAL_PERSON_ORGANIZATION ( #3178, #1230, #2298 ) ;
#2521 = DATE_AND_TIME ( #492, #515 ) ;
#2522 = DATE_AND_TIME ( #801, #821 ) ;
#2523 = LOCAL_TIME ( 2, 11, 31.00000000000000000, #825 ) ;
#2524 = CC_DESIGN_APPROVAL ( #513, ( #1243 ) ) ;
#2525 = PLANE ( 'NONE',  #1342 ) ;
#2526 = ITEM_DEFINED_TRANSFORMATION ( 'NONE', 'NONE', #185,  #2883 ) ;
#2527 = CALENDAR_DATE ( 2026, 27, 7 ) ;
#2528 = PERSON_AND_ORGANIZATION ( #2707, #2100 ) ;
#2529 = DIRECTION ( 'NONE',  ( -1.000000000000000000, 0.000000000000000000, -0.000000000000000000 ) ) ;
#2530 = PERSON ( 'NAUO-PER18', 'UNSPECIFIED', 'UNSPECIFIED', ('UNSPECIFIED'), ('UNSPECIFIED'), ('UNSPECIFIED') ) ;
#2531 = ORIENTED_EDGE ( 'NONE', *, *, #1918, .T. ) ;
#2532 = CALENDAR_DATE ( 2026, 27, 7 ) ;
#2533 = EDGE_CURVE ( 'NONE', #1528, #27, #1789, .T. ) ;
#2534 = SHAPE_REPRESENTATION_RELATIONSHIP ( 'NONE' , 'NONE' ,  #3506, #2651 ) ;
#2535 = APPROVAL_STATUS ( 'not_yet_approved' ) ;
#2536 = CC_DESIGN_PERSON_AND_ORGANIZATION_ASSIGNMENT ( #3467, #830, ( #3160 ) ) ;
#2537 = VERTEX_POINT ( 'NONE', #638 ) ;
#2538 = PERSON_AND_ORGANIZATION_ROLE ( 'classification_officer' ) ;
#2539 = CALENDAR_DATE ( 2026, 27, 7 ) ;
#2540 = SECURITY_CLASSIFICATION_LEVEL ( 'unclassified' ) ;
#2541 = LINE ( 'NONE', #3469, #2013 ) ;
#2542 = CARTESIAN_POINT ( 'NONE',  ( -160.0000000000000000, 20.00000000000000000, -12.50000000000000000 ) ) ;
#2543 = PERSON_AND_ORGANIZATION_ROLE ( 'design_supplier' ) ;
#2544 = ORIENTED_EDGE ( 'NONE', *, *, #3350, .T. ) ;
#2545 = DATE_AND_TIME ( #530, #2565 ) ;
#2546 = DATE_TIME_ROLE ( 'classification_date' ) ;
#2547 = APPLICATION_CONTEXT ( 'configuration controlled 3d designs of mechanical parts and assemblies' ) ;
#2548 = PRODUCT_DEFINITION_SHAPE ( 'NONE', 'NONE',  #3748 ) ;
#2549 = EDGE_CURVE ( 'NONE', #2928, #594, #365, .T. ) ;
#2550 = DATE_TIME_ROLE ( 'classification_date' ) ;
#2551 = CC_DESIGN_DATE_AND_TIME_ASSIGNMENT ( #2324, #2937, ( #1649 ) ) ;
#2552 = DIRECTION ( 'NONE',  ( 0.000000000000000000, 0.000000000000000000, 1.000000000000000000 ) ) ;
#2553 = PRODUCT_RELATED_PRODUCT_CATEGORY ( 'detail', '', ( #3347 ) ) ;
#2554 = COORDINATED_UNIVERSAL_TIME_OFFSET ( 8, 0, .AHEAD. ) ;
#2555 = ORGANIZATION ( '未指定', '未指定', '' ) ;
#2556 = LINE ( 'NONE', #1933, #2390 ) ;
#2557 = AXIS2_PLACEMENT_3D ( 'NONE', #13, #606, #2643 ) ;
#2558 = PERSON_AND_ORGANIZATION_ROLE ( 'classification_officer' ) ;
#2559 = AXIS2_PLACEMENT_3D ( 'NONE', #473, #180, #3351 ) ;
#2560 = ORIENTED_EDGE ( 'NONE', *, *, #2640, .F. ) ;
#2561 =( REPRESENTATION_RELATIONSHIP ('NONE','NONE', #1576, #1968 ) REPRESENTATION_RELATIONSHIP_WITH_TRANSFORMATION ( #291 )SHAPE_REPRESENTATION_RELATIONSHIP( ) );
#2562 = VECTOR ( 'NONE', #2836, 1000.000000000000000 ) ;
#2563 = EDGE_CURVE ( 'NONE', #2741, #3475, #345, .T. ) ;
#2564 = VECTOR ( 'NONE', #1262, 1000.000000000000000 ) ;
#2565 = LOCAL_TIME ( 2, 11, 31.00000000000000000, #1389 ) ;
#2566 = SECURITY_CLASSIFICATION_LEVEL ( 'unclassified' ) ;
#2567 = CC_DESIGN_APPROVAL ( #2119, ( #752 ) ) ;
#2568 = ADVANCED_BREP_SHAPE_REPRESENTATION ( '', ( #2352, #2883 ), #314 ) ;
#2569 = APPROVAL_PERSON_ORGANIZATION ( #743, #1387, #516 ) ;
#2570 =( GEOMETRIC_REPRESENTATION_CONTEXT ( 3 ) GLOBAL_UNCERTAINTY_ASSIGNED_CONTEXT ( ( #147 ) ) GLOBAL_UNIT_ASSIGNED_CONTEXT ( ( #3695, #1954, #137 ) ) REPRESENTATION_CONTEXT ( 'NONE', 'WORKASPACE' ) );
#2571 = ORGANIZATION ( 'NAUO-ORG12', 'UNSPECIFIED', 'UNSPECIFIED' ) ;
#2572 = LOCAL_TIME ( 2, 11, 31.00000000000000000, #840 ) ;
#2573 = LINE ( 'NONE', #1628, #687 ) ;
#2574 = APPROVAL_PERSON_ORGANIZATION ( #998, #1272, #668 ) ;
#2575 = CC_DESIGN_APPROVAL ( #882, ( #1011 ) ) ;
#2576 = APPROVAL_STATUS ( 'not_yet_approved' ) ;
#2577 = ADVANCED_FACE ( 'NONE', ( #3248 ), #2311, .F. ) ;
#2578 = APPROVAL_DATE_TIME ( #246, #3040 ) ;
#2579 = DIRECTION ( 'NONE',  ( -0.000000000000000000, -0.000000000000000000, 1.000000000000000000 ) ) ;
#2580 = LINE ( 'NONE', #1088, #2809 ) ;
#2581 = CC_DESIGN_DATE_AND_TIME_ASSIGNMENT ( #1438, #3463, ( #3233 ) ) ;
#2582 = EDGE_LOOP ( 'NONE', ( #75, #3569, #3139, #2412 ) ) ;
#2583 = CALENDAR_DATE ( 2026, 27, 7 ) ;
#2584 = CONTEXT_DEPENDENT_SHAPE_REPRESENTATION ( #940, #968 ) ;
#2585 = SECURITY_CLASSIFICATION_LEVEL ( 'unclassified' ) ;
#2586 = CALENDAR_DATE ( 2026, 27, 7 ) ;
#2587 = APPROVAL_ROLE ( '' ) ;
#2588 = PLANE ( 'NONE',  #1048 ) ;
#2589 = PERSON_AND_ORGANIZATION_ROLE ( 'creator' ) ;
#2590 = CARTESIAN_POINT ( 'NONE',  ( 0.000000000000000000, 3.000000000000000000, 0.000000000000000000 ) ) ;
#2591 = FACE_OUTER_BOUND ( 'NONE', #2425, .T. ) ;
#2592 = EDGE_CURVE ( 'NONE', #2782, #2243, #2648, .T. ) ;
#2593 = APPROVAL ( #351, 'UNKNOWN' ) ;
#2594 = EDGE_LOOP ( 'NONE', ( #1624, #921, #2800, #1977 ) ) ;
#2595 = PERSON_AND_ORGANIZATION ( #1297, #864 ) ;
#2596 = SECURITY_CLASSIFICATION_LEVEL ( 'unclassified' ) ;
#2597 = APPROVAL_DATE_TIME ( #2916, #2961 ) ;
#2598 = SECURITY_CLASSIFICATION_LEVEL ( 'unclassified' ) ;
#2599 = APPROVAL_STATUS ( 'not_yet_approved' ) ;
#2600 = DIRECTION ( 'NONE',  ( 0.000000000000000000, 0.000000000000000000, 1.000000000000000000 ) ) ;
#2601 = ORIENTED_EDGE ( 'NONE', *, *, #3209, .T. ) ;
#2602 = PERSON_AND_ORGANIZATION ( #2402, #2555 ) ;
#2603 = PERSON_AND_ORGANIZATION ( #2402, #2555 ) ;
#2604 = ORIENTED_EDGE ( 'NONE', *, *, #806, .F. ) ;
#2605 = FACE_OUTER_BOUND ( 'NONE', #3408, .T. ) ;
#2606 = CC_DESIGN_DATE_AND_TIME_ASSIGNMENT ( #2997, #422, ( #200 ) ) ;
#2607 = CLOSED_SHELL ( 'NONE', ( #164, #2886, #2751, #1570 ) ) ;
#2608 = CC_DESIGN_PERSON_AND_ORGANIZATION_ASSIGNMENT ( #2407, #1563, ( #2239 ) ) ;
#2609 = ORIENTED_EDGE ( 'NONE', *, *, #2563, .F. ) ;
#2610 = EDGE_CURVE ( 'NONE', #1165, #573, #59, .T. ) ;
#2611 = VECTOR ( 'NONE', #2127, 1000.000000000000000 ) ;
#2612 = MECHANICAL_CONTEXT ( 'NONE', #1371, 'mechanical' ) ;
#2613 = DIRECTION ( 'NONE',  ( 1.000000000000000000, 0.000000000000000000, 0.000000000000000000 ) ) ;
#2614 = APPROVAL_STATUS ( 'not_yet_approved' ) ;
#2615 = PRODUCT_DEFINITION ( '未知', '', #1844, #1021 ) ;
#2616 = APPROVAL_STATUS ( 'not_yet_approved' ) ;
#2617 = VECTOR ( 'NONE', #1213, 1000.000000000000000 ) ;
#2618 = CALENDAR_DATE ( 2026, 27, 7 ) ;
#2619 = APPROVAL_PERSON_ORGANIZATION ( #872, #3354, #2915 ) ;
#2620 = ADVANCED_FACE ( 'NONE', ( #1070 ), #2766, .F. ) ;
#2621 = LOCAL_TIME ( 2, 11, 31.00000000000000000, #1471 ) ;
#2622 = APPROVAL_DATE_TIME ( #1478, #2476 ) ;
#2623 = PERSON_AND_ORGANIZATION_ROLE ( 'creator' ) ;
#2624 = PERSON_AND_ORGANIZATION ( #2402, #2555 ) ;
#2625 = CARTESIAN_POINT ( 'NONE',  ( 45.00000000000000000, 8.000000000000000000, 40.00000000000000000 ) ) ;
#2626 = CARTESIAN_POINT ( 'NONE',  ( 0.000000000000000000, 30.00000000000000000, 0.000000000000000000 ) ) ;
#2627 = CARTESIAN_POINT ( 'NONE',  ( -3.000000000000000444, 0.000000000000000000, 0.000000000000000000 ) ) ;
#2628 = CC_DESIGN_SECURITY_CLASSIFICATION ( #16, ( #3745 ) ) ;
#2629 = LOCAL_TIME ( 2, 11, 31.00000000000000000, #2858 ) ;
#2630 = ORIENTED_EDGE ( 'NONE', *, *, #1906, .T. ) ;
#2631 = DATE_TIME_ROLE ( 'creation_date' ) ;
#2632 = ORGANIZATION ( 'NAUO-ORG30', 'UNSPECIFIED', 'UNSPECIFIED' ) ;
#2633 = APPROVAL_PERSON_ORGANIZATION ( #788, #1081, #1084 ) ;
#2634 = DATE_AND_TIME ( #3217, #2629 ) ;
#2635 =( REPRESENTATION_RELATIONSHIP ('NONE','NONE', #1576, #2314 ) REPRESENTATION_RELATIONSHIP_WITH_TRANSFORMATION ( #963 )SHAPE_REPRESENTATION_RELATIONSHIP( ) );
#2636 = ORIENTED_EDGE ( 'NONE', *, *, #618, .F. ) ;
#2637 = PLANE ( 'NONE',  #1640 ) ;
#2638 = LOCAL_TIME ( 2, 11, 31.00000000000000000, #1419 ) ;
#2639 = COORDINATED_UNIVERSAL_TIME_OFFSET ( 8, 0, .AHEAD. ) ;
#2640 = EDGE_CURVE ( 'NONE', #608, #1761, #577, .T. ) ;
#2641 = PERSON_AND_ORGANIZATION_ROLE ( 'design_supplier' ) ;
#2642 =( LENGTH_UNIT ( ) NAMED_UNIT ( * ) SI_UNIT ( .MILLI., .METRE. ) );
#2643 = DIRECTION ( 'NONE',  ( 1.000000000000000000, 0.000000000000000000, 0.000000000000000000 ) ) ;
#2644 = CC_DESIGN_DATE_AND_TIME_ASSIGNMENT ( #52, #1131, ( #1766 ) ) ;
#2645 = COORDINATED_UNIVERSAL_TIME_OFFSET ( 8, 0, .AHEAD. ) ;
#2646 = LINE ( 'NONE', #100, #1455 ) ;
#2647 = PERSON_AND_ORGANIZATION_ROLE ( 'design_owner' ) ;
#2648 = LINE ( 'NONE', #1200, #558 ) ;
#2649 = CARTESIAN_POINT ( 'NONE',  ( -25.00000000000000000, 0.000000000000000000, 1.500000000000000000 ) ) ;
#2650 = ORIENTED_EDGE ( 'NONE', *, *, #547, .F. ) ;
#2651 = ADVANCED_BREP_SHAPE_REPRESENTATION ( '', ( #3668, #2883 ), #2276 ) ;
#2652 = ORIENTED_EDGE ( 'NONE', *, *, #1923, .F. ) ;
#2653 = DIRECTION ( 'NONE',  ( 0.000000000000000000, 0.000000000000000000, -1.000000000000000000 ) ) ;
#2654 = CONTEXT_DEPENDENT_SHAPE_REPRESENTATION ( #3225, #3481 ) ;
#2655 = PERSON_AND_ORGANIZATION ( #2402, #2555 ) ;
#2656 =( LENGTH_UNIT ( ) NAMED_UNIT ( * ) SI_UNIT ( .MILLI., .METRE. ) );
#2657 = CARTESIAN_POINT ( 'NONE',  ( 137.0000000000000000, 341.8233918228440302, 170.1943057454041650 ) ) ;
#2658 = ITEM_DEFINED_TRANSFORMATION ( 'NONE', 'NONE', #2505,  #2883 ) ;
#2659 = ORIENTED_EDGE ( 'NONE', *, *, #829, .T. ) ;
#2660 = ADVANCED_FACE ( 'NONE', ( #3528 ), #2685, .T. ) ;
#2661 = CARTESIAN_POINT ( 'NONE',  ( -160.0000000000000000, 20.00000000000000000, 12.50000000000000000 ) ) ;
#2662 = CALENDAR_DATE ( 2026, 27, 7 ) ;
#2663 = CC_DESIGN_DATE_AND_TIME_ASSIGNMENT ( #1469, #30, ( #1453 ) ) ;
#2664 = APPROVAL_DATE_TIME ( #2080, #623 ) ;
#2665 = PRODUCT_DEFINITION ( '未知', '', #1581, #3648 ) ;
#2666 = DIRECTION ( 'NONE',  ( 1.000000000000000000, 0.000000000000000000, -0.000000000000000000 ) ) ;
#2667 = CARTESIAN_POINT ( 'NONE',  ( 12.00000000000000000, 0.000000000000000000, 9.000000000000000000 ) ) ;
#2668 = CALENDAR_DATE ( 2026, 27, 7 ) ;
#2669 = FACE_OUTER_BOUND ( 'NONE', #1770, .T. ) ;
#2670 = ORIENTED_EDGE ( 'NONE', *, *, #2549, .T. ) ;
#2671 = SECURITY_CLASSIFICATION_LEVEL ( 'unclassified' ) ;
#2672 = APPROVAL_STATUS ( 'not_yet_approved' ) ;
#2673 = ORIENTED_EDGE ( 'NONE', *, *, #3000, .F. ) ;
#2674 = PLANE ( 'NONE',  #1046 ) ;
#2675 = DIRECTION ( 'NONE',  ( 1.000000000000000000, 0.000000000000000000, 0.000000000000000000 ) ) ;
#2676 = DATE_AND_TIME ( #131, #3676 ) ;
#2677 = ORIENTED_EDGE ( 'NONE', *, *, #1242, .T. ) ;
#2678 = CALENDAR_DATE ( 2026, 27, 7 ) ;
#2679 = CARTESIAN_POINT ( 'NONE',  ( 125.0000000000000000, 125.0000000000000000, 110.0000000000000000 ) ) ;
#2680 = CLOSED_SHELL ( 'NONE', ( #1252, #667, #36, #1725, #953, #574 ) ) ;
#2681 = APPROVAL_STATUS ( 'not_yet_approved' ) ;
#2682 = CARTESIAN_POINT ( 'NONE',  ( 25.00000000000000000, 80.00000000000000000, 4.000000000000000000 ) ) ;
#2683 = VECTOR ( 'NONE', #1629, 1000.000000000000000 ) ;
#2684 = COORDINATED_UNIVERSAL_TIME_OFFSET ( 8, 0, .AHEAD. ) ;
#2685 = PLANE ( 'NONE',  #861 ) ;
#2686 = COORDINATED_UNIVERSAL_TIME_OFFSET ( 8, 0, .AHEAD. ) ;
#2687 = LINE ( 'NONE', #3271, #3665 ) ;
#2688 = VECTOR ( 'NONE', #2333, 1000.000000000000000 ) ;
#2689 = CC_DESIGN_APPROVAL ( #34, ( #996 ) ) ;
#2690 = CC_DESIGN_SECURITY_CLASSIFICATION ( #1534, ( #3753 ) ) ;
#2691 = EDGE_CURVE ( 'NONE', #204, #3593, #3239, .T. ) ;
#2692 = FACE_OUTER_BOUND ( 'NONE', #2269, .T. ) ;
#2693 = PERSON_AND_ORGANIZATION_ROLE ( 'classification_officer' ) ;
#2694 = CC_DESIGN_SECURITY_CLASSIFICATION ( #996, ( #3741 ) ) ;
#2695 = LOCAL_TIME ( 2, 11, 31.00000000000000000, #629 ) ;
#2696 = PRODUCT_DEFINITION_SHAPE ( 'NONE', 'NONE',  #3751 ) ;
#2697 = ORIENTED_EDGE ( 'NONE', *, *, #396, .T. ) ;
#2698 = FACE_OUTER_BOUND ( 'NONE', #579, .T. ) ;
#2699 = PRODUCT_RELATED_PRODUCT_CATEGORY ( 'detail', '', ( #2128 ) ) ;
#2700 = APPROVAL_STATUS ( 'not_yet_approved' ) ;
#2701 = CC_DESIGN_APPROVAL ( #3338, ( #3559 ) ) ;
#2702 = PRODUCT_DEFINITION_SHAPE ( 'NONE', 'NONE',  #1044 ) ;
#2703 = APPROVAL_ROLE ( '' ) ;
#2704 = ORIENTED_EDGE ( 'NONE', *, *, #2224, .F. ) ;
#2705 = SECURITY_CLASSIFICATION_LEVEL ( 'unclassified' ) ;
#2706 = CARTESIAN_POINT ( 'NONE',  ( -137.0000000000000000, 341.8233918228440302, 170.1943057454041650 ) ) ;
#2707 = PERSON ( 'NAUO-PER11', 'UNSPECIFIED', 'UNSPECIFIED', ('UNSPECIFIED'), ('UNSPECIFIED'), ('UNSPECIFIED') ) ;
#2708 = APPROVAL_STATUS ( 'not_yet_approved' ) ;
#2709 = CARTESIAN_POINT ( 'NONE',  ( -160.0000000000000000, 0.000000000000000000, 12.50000000000000000 ) ) ;
#2710 = APPROVAL_STATUS ( 'not_yet_approved' ) ;
#2711 = PERSON_AND_ORGANIZATION ( #2402, #2555 ) ;
#2712 = FACE_OUTER_BOUND ( 'NONE', #1481, .T. ) ;
#2713 = APPROVAL_DATE_TIME ( #86, #3090 ) ;
#2714 = DIRECTION ( 'NONE',  ( 0.000000000000000000, 0.000000000000000000, -1.000000000000000000 ) ) ;
#2715 = PERSON_AND_ORGANIZATION_ROLE ( 'creator' ) ;
#2716 = EDGE_CURVE ( 'NONE', #1803, #2537, #145, .T. ) ;
#2717 = FACE_OUTER_BOUND ( 'NONE', #619, .T. ) ;
#2718 = APPROVAL ( #489, '未指定' ) ;
#2719 = VERTEX_POINT ( 'NONE', #3497 ) ;
#2720 = APPROVAL_ROLE ( '' ) ;
#2721 = DIRECTION ( 'NONE',  ( 1.000000000000000000, 0.000000000000000000, 0.000000000000000000 ) ) ;
#2722 = COORDINATED_UNIVERSAL_TIME_OFFSET ( 8, 0, .AHEAD. ) ;
#2723 = SHAPE_REPRESENTATION ( 'FN-FRM-010_foot-gusset-50x8x80_CONCEPT_R0.7', ( #2883 ), #2446 ) ;
#2724 = DIRECTION ( 'NONE',  ( -1.000000000000000000, 0.000000000000000000, 0.000000000000000000 ) ) ;
#2725 = CARTESIAN_POINT ( 'NONE',  ( 15.00000000000000000, 0.000000000000000000, 15.00000000000000000 ) ) ;
#2726 = FACE_OUTER_BOUND ( 'NONE', #1164, .T. ) ;
#2727 = APPROVAL_PERSON_ORGANIZATION ( #2438, #93, #3012 ) ;
#2728 = PRODUCT ( 'FN-FST-003_solar-pivot-envelope-D8x40_PENDING_R0.7', 'FN-FST-003_solar-pivot-envelope-D8x40_PENDING_R0.7', '', ( #335 ) ) ;
#2729 = SECURITY_CLASSIFICATION_LEVEL ( 'unclassified' ) ;
#2730 = APPLICATION_PROTOCOL_DEFINITION ( 'international standard', 'config_control_design', 1994, #1509 ) ;
#2731 = LINE ( 'NONE', #1864, #923 ) ;
#2732 = LOCAL_TIME ( 2, 11, 31.00000000000000000, #1062 ) ;
#2733 = APPLICATION_PROTOCOL_DEFINITION ( 'international standard', 'config_control_design', 1994, #3156 ) ;
#2734 = ORIENTED_EDGE ( 'NONE', *, *, #384, .T. ) ;
#2735 = ORIENTED_EDGE ( 'NONE', *, *, #1511, .T. ) ;
#2736 = DATE_TIME_ROLE ( 'classification_date' ) ;
#2737 = APPROVAL_DATE_TIME ( #1573, #2773 ) ;
#2738 = CC_DESIGN_PERSON_AND_ORGANIZATION_ASSIGNMENT ( #3114, #1030, ( #3141 ) ) ;
#2739 = CARTESIAN_POINT ( 'NONE',  ( -120.0000000000000000, -77.00000000000000000, 158.0000000000000000 ) ) ;
#2740 = CC_DESIGN_PERSON_AND_ORGANIZATION_ASSIGNMENT ( #2457, #3637, ( #1639 ) ) ;
#2741 = VERTEX_POINT ( 'NONE', #611 ) ;
#2742 = CC_DESIGN_APPROVAL ( #1274, ( #2665 ) ) ;
#2743 = PERSON_AND_ORGANIZATION_ROLE ( 'classification_officer' ) ;
#2744 = APPROVAL ( #2851, '未指定' ) ;
#2745 = APPROVAL_DATE_TIME ( #1853, #2429 ) ;
#2746 = VECTOR ( 'NONE', #1283, 1000.000000000000000 ) ;
#2747 = CARTESIAN_POINT ( 'NONE',  ( 25.00000000000000000, 80.00000000000000000, -4.000000000000000000 ) ) ;
#2748 = DIRECTION ( 'NONE',  ( -0.000000000000000000, -1.000000000000000000, -0.000000000000000000 ) ) ;
#2749 = FACE_OUTER_BOUND ( 'NONE', #1818, .T. ) ;
#2750 = AXIS2_PLACEMENT_3D ( 'NONE', #2000, #844, #1135 ) ;
#2751 = ADVANCED_FACE ( 'NONE', ( #884 ), #2043, .T. ) ;
#2752 = ITEM_DEFINED_TRANSFORMATION ( 'NONE', 'NONE', #3062,  #2883 ) ;
#2753 = DATE_AND_TIME ( #368, #1812 ) ;
#2754 = SECURITY_CLASSIFICATION_LEVEL ( 'unclassified' ) ;
#2755 = AXIS2_PLACEMENT_3D ( 'NONE', #1055, #2237, #3384 ) ;
#2756 = LOCAL_TIME ( 2, 11, 31.00000000000000000, #1412 ) ;
#2757 = SECURITY_CLASSIFICATION ( '', '', #2992 ) ;
#2758 = FACE_OUTER_BOUND ( 'NONE', #1358, .T. ) ;
#2759 = PERSON ( 'NAUO-PER10', 'UNSPECIFIED', 'UNSPECIFIED', ('UNSPECIFIED'), ('UNSPECIFIED'), ('UNSPECIFIED') ) ;
#2760 = SECURITY_CLASSIFICATION_LEVEL ( 'unclassified' ) ;
#2761 = CC_DESIGN_APPROVAL ( #1230, ( #387 ) ) ;
#2762 = DATE_TIME_ROLE ( 'creation_date' ) ;
#2763 = VERTEX_POINT ( 'NONE', #299 ) ;
#2764 = CC_DESIGN_APPROVAL ( #309, ( #458 ) ) ;
#2765 = SECURITY_CLASSIFICATION ( '', '', #3666 ) ;
#2766 = PLANE ( 'NONE',  #2230 ) ;
#2767 = ORIENTED_EDGE ( 'NONE', *, *, #134, .F. ) ;
#2768 = ORGANIZATION ( 'NAUO-ORG8', 'UNSPECIFIED', 'UNSPECIFIED' ) ;
#2769 = PRODUCT ( 'FN-FRM-009_foot-end-cap-50x3x30_CONCEPT_R0.7', 'FN-FRM-009_foot-end-cap-50x3x30_CONCEPT_R0.7', '', ( #265 ) ) ;
#2770 =( REPRESENTATION_RELATIONSHIP ('NONE','NONE', #1576, #3264 ) REPRESENTATION_RELATIONSHIP_WITH_TRANSFORMATION ( #2752 )SHAPE_REPRESENTATION_RELATIONSHIP( ) );
#2771 = EDGE_CURVE ( 'NONE', #2928, #2996, #42, .T. ) ;
#2772 = COORDINATED_UNIVERSAL_TIME_OFFSET ( 8, 0, .AHEAD. ) ;
#2773 = APPROVAL ( #3393, 'UNKNOWN' ) ;
#2774 = FACE_OUTER_BOUND ( 'NONE', #63, .T. ) ;
#2775 = CARTESIAN_POINT ( 'NONE',  ( -150.0000000000000000, 0.000000000000000000, 3.000000000000000000 ) ) ;
#2776 = LINE ( 'NONE', #2490, #1899 ) ;
#2777 = CONTEXT_DEPENDENT_SHAPE_REPRESENTATION ( #1324, #766 ) ;
#2778 = APPROVAL_ROLE ( '' ) ;
#2779 = COORDINATED_UNIVERSAL_TIME_OFFSET ( 8, 0, .AHEAD. ) ;
#2780 = CARTESIAN_POINT ( 'NONE',  ( 0.000000000000000000, 35.00000000000000000, 0.000000000000000000 ) ) ;
#2781 = DATE_AND_TIME ( #267, #1347 ) ;
#2782 = VERTEX_POINT ( 'NONE', #1181 ) ;
#2783 = ITEM_DEFINED_TRANSFORMATION ( 'NONE', 'NONE', #3361,  #2883 ) ;
#2784 = ADVANCED_FACE ( 'NONE', ( #2359 ), #3513, .F. ) ;
#2785 = DIRECTION ( 'NONE',  ( 0.000000000000000000, 0.000000000000000000, -1.000000000000000000 ) ) ;
#2786 = APPROVAL_ROLE ( '' ) ;
#2787 = LINE ( 'NONE', #272, #454 ) ;
#2788 = DIRECTION ( 'NONE',  ( -1.000000000000000000, 0.000000000000000000, 0.000000000000000000 ) ) ;
#2789 = LINE ( 'NONE', #2775, #2219 ) ;
#2790 = DIRECTION ( 'NONE',  ( 1.000000000000000000, 0.000000000000000000, 0.000000000000000000 ) ) ;
#2791 = CC_DESIGN_PERSON_AND_ORGANIZATION_ASSIGNMENT ( #1392, #519, ( #1534 ) ) ;
#2792 = APPROVAL_STATUS ( 'not_yet_approved' ) ;
#2793 = PERSON_AND_ORGANIZATION ( #2402, #2555 ) ;
#2794 = CC_DESIGN_PERSON_AND_ORGANIZATION_ASSIGNMENT ( #522, #1671, ( #1581 ) ) ;
#2795 = DATE_AND_TIME ( #2285, #3260 ) ;
#2796 = COORDINATED_UNIVERSAL_TIME_OFFSET ( 8, 0, .AHEAD. ) ;
#2797 = SECURITY_CLASSIFICATION_LEVEL ( 'unclassified' ) ;
#2798 = DIRECTION ( 'NONE',  ( 0.000000000000000000, -1.000000000000000000, 0.000000000000000000 ) ) ;
#2799 = PRODUCT_DEFINITION_SHAPE ( 'NONE', 'NONE',  #2665 ) ;
#2800 = ORIENTED_EDGE ( 'NONE', *, *, #1465, .F. ) ;
#2801 = CONTEXT_DEPENDENT_SHAPE_REPRESENTATION ( #3622, #1003 ) ;
#2802 = DATE_AND_TIME ( #3379, #633 ) ;
#2803 = CARTESIAN_POINT ( 'NONE',  ( -15.00000000000000000, 3.000000000000000000, 15.00000000000000000 ) ) ;
#2804 = DESIGN_CONTEXT ( 'detailed design', #278, 'design' ) ;
#2805 = APPROVAL_STATUS ( 'not_yet_approved' ) ;
#2806 = AXIS2_PLACEMENT_3D ( 'NONE', #1502, #3565, #952 ) ;
#2807 = AXIS2_PLACEMENT_3D ( 'NONE', #2190, #1574, #973 ) ;
#2808 = COORDINATED_UNIVERSAL_TIME_OFFSET ( 8, 0, .AHEAD. ) ;
#2809 = VECTOR ( 'NONE', #2868, 1000.000000000000000 ) ;
#2810 = PERSON_AND_ORGANIZATION ( #2759, #1468 ) ;
#2811 = CALENDAR_DATE ( 2026, 27, 7 ) ;
#2812 = AXIS2_PLACEMENT_3D ( 'NONE', #3155, #1385, #526 ) ;
#2813 = DIRECTION ( 'NONE',  ( 1.000000000000000000, 0.000000000000000000, 0.000000000000000000 ) ) ;
#2814 = EDGE_CURVE ( 'NONE', #2003, #3536, #3310, .T. ) ;
#2815 = AXIS2_PLACEMENT_3D ( 'NONE', #1305, #300, #1515 ) ;
#2816 = CC_DESIGN_APPROVAL ( #908, ( #1101 ) ) ;
#2817 = CC_DESIGN_PERSON_AND_ORGANIZATION_ASSIGNMENT ( #1888, #3065, ( #1061 ) ) ;
#2818 = EDGE_LOOP ( 'NONE', ( #904, #2767 ) ) ;
#2819 = PERSON_AND_ORGANIZATION_ROLE ( 'classification_officer' ) ;
#2820 = COORDINATED_UNIVERSAL_TIME_OFFSET ( 8, 0, .AHEAD. ) ;
#2821 = CC_DESIGN_APPROVAL ( #2593, ( #3136 ) ) ;
#2822 = LOCAL_TIME ( 2, 11, 31.00000000000000000, #1710 ) ;
#2823 = CC_DESIGN_SECURITY_CLASSIFICATION ( #200, ( #3749 ) ) ;
#2824 = CC_DESIGN_APPROVAL ( #789, ( #1844 ) ) ;
#2825 = DATE_AND_TIME ( #2583, #2029 ) ;
#2826 = COORDINATED_UNIVERSAL_TIME_OFFSET ( 8, 0, .AHEAD. ) ;
#2827 = DIRECTION ( 'NONE',  ( 0.000000000000000000, 0.000000000000000000, 1.000000000000000000 ) ) ;
#2828 = ORGANIZATION ( 'NAUO-ORG29', 'UNSPECIFIED', 'UNSPECIFIED' ) ;
#2829 = CC_DESIGN_APPROVAL ( #623, ( #1353 ) ) ;
#2830 = CC_DESIGN_PERSON_AND_ORGANIZATION_ASSIGNMENT ( #3059, #133, ( #2018 ) ) ;
#2831 = DIRECTION ( 'NONE',  ( 1.000000000000000000, 0.000000000000000000, 0.000000000000000000 ) ) ;
#2832 = PRODUCT_DEFINITION_SHAPE ( 'NONE', 'NONE',  #2181 ) ;
#2833 = DATE_TIME_ROLE ( 'classification_date' ) ;
#2834 = APPROVAL_STATUS ( 'not_yet_approved' ) ;
#2835 = LINE ( 'NONE', #2867, #2016 ) ;
#2836 = DIRECTION ( 'NONE',  ( -0.000000000000000000, -0.000000000000000000, 1.000000000000000000 ) ) ;
#2837 = LINE ( 'NONE', #779, #3424 ) ;
#2838 = EDGE_CURVE ( 'NONE', #3536, #709, #1915, .T. ) ;
#2839 = ORIENTED_EDGE ( 'NONE', *, *, #215, .T. ) ;
#2840 = COORDINATED_UNIVERSAL_TIME_OFFSET ( 8, 0, .AHEAD. ) ;
#2841 =( REPRESENTATION_RELATIONSHIP ('NONE','NONE', #1576, #1817 ) REPRESENTATION_RELATIONSHIP_WITH_TRANSFORMATION ( #1145 )SHAPE_REPRESENTATION_RELATIONSHIP( ) );
#2842 = CC_DESIGN_PERSON_AND_ORGANIZATION_ASSIGNMENT ( #3163, #2538, ( #3546 ) ) ;
#2843 = SHAPE_REPRESENTATION_RELATIONSHIP ( 'NONE' , 'NONE' ,  #3264, #341 ) ;
#2844 = APPLICATION_PROTOCOL_DEFINITION ( 'international standard', 'config_control_design', 1994, #278 ) ;
#2845 = COORDINATED_UNIVERSAL_TIME_OFFSET ( 8, 0, .AHEAD. ) ;
#2846 = PERSON ( 'NAUO-PER33', 'UNSPECIFIED', 'UNSPECIFIED', ('UNSPECIFIED'), ('UNSPECIFIED'), ('UNSPECIFIED') ) ;
#2847 = SECURITY_CLASSIFICATION_LEVEL ( 'unclassified' ) ;
#2848 = CARTESIAN_POINT ( 'NONE',  ( -25.00000000000000000, 80.00000000000000000, 4.000000000000000000 ) ) ;
#2849 = DATE_TIME_ROLE ( 'classification_date' ) ;
#2850 = CALENDAR_DATE ( 2026, 27, 7 ) ;
#2851 = APPROVAL_STATUS ( 'not_yet_approved' ) ;
#2852 = APPROVAL_DATE_TIME ( #3152, #2511 ) ;
#2853 = CARTESIAN_POINT ( 'NONE',  ( 12.00000000000000000, 0.000000000000000000, 9.000000000000000000 ) ) ;
#2854 = DIRECTION ( 'NONE',  ( 0.000000000000000000, -0.000000000000000000, -1.000000000000000000 ) ) ;
#2855 = DATE_AND_TIME ( #1934, #1464 ) ;
#2856 = EDGE_LOOP ( 'NONE', ( #3161, #3120, #2069, #2531 ) ) ;
#2857 = ADVANCED_FACE ( 'NONE', ( #2774 ), #1873, .T. ) ;
#2858 = COORDINATED_UNIVERSAL_TIME_OFFSET ( 8, 0, .AHEAD. ) ;
#2859 = APPROVAL_DATE_TIME ( #1680, #2246 ) ;
#2860 = EDGE_CURVE ( 'NONE', #1610, #1156, #103, .T. ) ;
#2861 = CARTESIAN_POINT ( 'NONE',  ( 12.00000000000000000, 8.000000000000000000, 9.000000000000000000 ) ) ;
#2862 = CC_DESIGN_PERSON_AND_ORGANIZATION_ASSIGNMENT ( #3096, #2254, ( #1717 ) ) ;
#2863 = CALENDAR_DATE ( 2026, 27, 7 ) ;
#2864 = PERSON_AND_ORGANIZATION ( #2402, #2555 ) ;
#2865 = APPROVAL_PERSON_ORGANIZATION ( #1367, #1274, #3112 ) ;
#2866 = CALENDAR_DATE ( 2026, 27, 7 ) ;
#2867 = CARTESIAN_POINT ( 'NONE',  ( -160.0000000000000000, 20.00000000000000000, -12.50000000000000000 ) ) ;
#2868 = DIRECTION ( 'NONE',  ( -0.000000000000000000, -1.000000000000000000, -0.000000000000000000 ) ) ;
#2869 = LOCAL_TIME ( 2, 11, 31.00000000000000000, #575 ) ;
#2870 = AXIS2_PLACEMENT_3D ( 'NONE', #3627, #440, #1591 ) ;
#2871 = APPROVAL_STATUS ( 'not_yet_approved' ) ;
#2872 = CLOSED_SHELL ( 'NONE', ( #2857, #257, #835, #1332 ) ) ;
#2873 = VERTEX_POINT ( 'NONE', #2477 ) ;
#2874 = SHAPE_DEFINITION_REPRESENTATION ( #3020, #2365 ) ;
#2875 = AXIS2_PLACEMENT_3D ( 'NONE', #3609, #2176, #3663 ) ;
#2876 = VECTOR ( 'NONE', #3003, 1000.000000000000000 ) ;
#2877 = COORDINATED_UNIVERSAL_TIME_OFFSET ( 8, 0, .AHEAD. ) ;
#2878 = ORGANIZATION ( 'NAUO-ORG7', 'UNSPECIFIED', 'UNSPECIFIED' ) ;
#2879 = DATE_TIME_ROLE ( 'classification_date' ) ;
#2880 = CC_DESIGN_APPROVAL ( #3354, ( #1453 ) ) ;
#2881 = SECURITY_CLASSIFICATION_LEVEL ( 'unclassified' ) ;
#2882 = CALENDAR_DATE ( 2026, 27, 7 ) ;
#2883 = AXIS2_PLACEMENT_3D ( 'NONE', #1361, #160, #2229 ) ;
#2884 = CC_DESIGN_APPROVAL ( #3090, ( #757 ) ) ;
#2885 = LOCAL_TIME ( 2, 11, 31.00000000000000000, #2296 ) ;
#2886 = ADVANCED_FACE ( 'NONE', ( #2489 ), #3646, .T. ) ;
#2887 = CYLINDRICAL_SURFACE ( 'NONE', #308, 4.000000000000000000 ) ;
#2888 = LOCAL_TIME ( 2, 11, 31.00000000000000000, #1577 ) ;
#2889 = CC_DESIGN_APPROVAL ( #1032, ( #1170 ) ) ;
#2890 = PERSON_AND_ORGANIZATION_ROLE ( 'creator' ) ;
#2891 = CC_DESIGN_DATE_AND_TIME_ASSIGNMENT ( #55, #535, ( #1112 ) ) ;
#2892 = COORDINATED_UNIVERSAL_TIME_OFFSET ( 8, 0, .AHEAD. ) ;
#2893 = LINE ( 'NONE', #268, #2562 ) ;
#2894 =( REPRESENTATION_RELATIONSHIP ('NONE','NONE', #1576, #1817 ) REPRESENTATION_RELATIONSHIP_WITH_TRANSFORMATION ( #1363 )SHAPE_REPRESENTATION_RELATIONSHIP( ) );
#2895 = PLANE ( 'NONE',  #1831 ) ;
#2896 = PERSON ( 'NAUO-PER8', 'UNSPECIFIED', 'UNSPECIFIED', ('UNSPECIFIED'), ('UNSPECIFIED'), ('UNSPECIFIED') ) ;
#2897 = ORIENTED_EDGE ( 'NONE', *, *, #3000, .T. ) ;
#2898 = PERSON_AND_ORGANIZATION_ROLE ( 'design_owner' ) ;
#2899 = CONTEXT_DEPENDENT_SHAPE_REPRESENTATION ( #2841, #3706 ) ;
#2900 = DATE_AND_TIME ( #3484, #1788 ) ;
#2901 = CONTEXT_DEPENDENT_SHAPE_REPRESENTATION ( #1866, #969 ) ;
#2902 = PERSON_AND_ORGANIZATION_ROLE ( 'classification_officer' ) ;
#2903 = PERSON_AND_ORGANIZATION ( #2402, #2555 ) ;
#2904 = APPROVAL_ROLE ( '' ) ;
#2905 = CARTESIAN_POINT ( 'NONE',  ( -15.00000000000000000, 3.000000000000000000, -15.00000000000000000 ) ) ;
#2906 = ORIENTED_EDGE ( 'NONE', *, *, #3629, .T. ) ;
#2907 = CC_DESIGN_PERSON_AND_ORGANIZATION_ASSIGNMENT ( #1627, #2497, ( #258 ) ) ;
#2908 = APPROVAL ( #1795, '未指定' ) ;
#2909 = DIRECTION ( 'NONE',  ( 1.000000000000000000, 0.000000000000000000, 0.000000000000000000 ) ) ;
#2910 = PERSON_AND_ORGANIZATION ( #2402, #2555 ) ;
#2911 =( REPRESENTATION_RELATIONSHIP ('NONE','NONE', #1576, #1685 ) REPRESENTATION_RELATIONSHIP_WITH_TRANSFORMATION ( #99 )SHAPE_REPRESENTATION_RELATIONSHIP( ) );
#2912 = VERTEX_POINT ( 'NONE', #2747 ) ;
#2913 = CARTESIAN_POINT ( 'NONE',  ( 150.0000000000000000, 0.000000000000000000, 3.000000000000000000 ) ) ;
#2914 = DIRECTION ( 'NONE',  ( 1.000000000000000000, 0.000000000000000000, 0.000000000000000000 ) ) ;
#2915 = APPROVAL_ROLE ( '' ) ;
#2916 = DATE_AND_TIME ( #2009, #2572 ) ;
#2917 = APPROVAL_STATUS ( 'not_yet_approved' ) ;
#2918 = APPROVAL_DATE_TIME ( #1699, #1575 ) ;
#2919 = ITEM_DEFINED_TRANSFORMATION ( 'NONE', 'NONE', #980,  #2883 ) ;
#2920 = COORDINATED_UNIVERSAL_TIME_OFFSET ( 8, 0, .AHEAD. ) ;
#2921 = DIRECTION ( 'NONE',  ( 0.000000000000000000, -0.000000000000000000, 1.000000000000000000 ) ) ;
#2922 = FACE_OUTER_BOUND ( 'NONE', #2294, .T. ) ;
#2923 = ORIENTED_EDGE ( 'NONE', *, *, #922, .T. ) ;
#2924 = PERSON_AND_ORGANIZATION ( #2402, #2555 ) ;
#2925 = PERSON_AND_ORGANIZATION ( #287, #2571 ) ;
#2926 = LOCAL_TIME ( 2, 11, 31.00000000000000000, #809 ) ;
#2927 = EDGE_CURVE ( 'NONE', #1388, #2970, #3368, .T. ) ;
#2928 = VERTEX_POINT ( 'NONE', #3049 ) ;
#2929 = AXIS2_PLACEMENT_3D ( 'NONE', #3222, #2368, #1821 ) ;
#2930 = ORIENTED_EDGE ( 'NONE', *, *, #2399, .T. ) ;
#2931 = VECTOR ( 'NONE', #3640, 1000.000000000000000 ) ;
#2932 = CC_DESIGN_PERSON_AND_ORGANIZATION_ASSIGNMENT ( #2036, #853, ( #3682 ) ) ;
#2933 = CALENDAR_DATE ( 2026, 27, 7 ) ;
#2934 = VECTOR ( 'NONE', #2748, 1000.000000000000000 ) ;
#2935 = COORDINATED_UNIVERSAL_TIME_OFFSET ( 8, 0, .AHEAD. ) ;
#2936 = DIRECTION ( 'NONE',  ( 0.000000000000000000, 0.000000000000000000, 1.000000000000000000 ) ) ;
#2937 = DATE_TIME_ROLE ( 'classification_date' ) ;
#2938 = AXIS2_PLACEMENT_3D ( 'NONE', #2989, #374, #504 ) ;
#2939 = APPROVAL_PERSON_ORGANIZATION ( #3163, #419, #1985 ) ;
#2940 = LOCAL_TIME ( 2, 11, 31.00000000000000000, #1118 ) ;
#2941 = PERSON ( 'NAUO-PER29', 'UNSPECIFIED', 'UNSPECIFIED', ('UNSPECIFIED'), ('UNSPECIFIED'), ('UNSPECIFIED') ) ;
#2942 =( GEOMETRIC_REPRESENTATION_CONTEXT ( 3 ) GLOBAL_UNCERTAINTY_ASSIGNED_CONTEXT ( ( #2252 ) ) GLOBAL_UNIT_ASSIGNED_CONTEXT ( ( #172, #2259, #442 ) ) REPRESENTATION_CONTEXT ( 'NONE', 'WORKASPACE' ) );
#2943 = CARTESIAN_POINT ( 'NONE',  ( 0.000000000000000000, 0.000000000000000000, 0.000000000000000000 ) ) ;
#2944 = LOCAL_TIME ( 2, 11, 31.00000000000000000, #2089 ) ;
#2945 = LOCAL_TIME ( 2, 11, 31.00000000000000000, #2935 ) ;
#2946 = PRODUCT_DEFINITION_SHAPE ( 'NONE', 'NONE',  #3740 ) ;
#2947 = COORDINATED_UNIVERSAL_TIME_OFFSET ( 8, 0, .AHEAD. ) ;
#2948 = CARTESIAN_POINT ( 'NONE',  ( -12.00000000000000000, 8.000000000000000000, 9.000000000000000000 ) ) ;
#2949 = CARTESIAN_POINT ( 'NONE',  ( 25.00000000000000000, 0.000000000000000000, 1.500000000000000000 ) ) ;
#2950 = SECURITY_CLASSIFICATION ( '', '', #2797 ) ;
#2951 = ORGANIZATION ( 'NAUO-ORG3', 'UNSPECIFIED', 'UNSPECIFIED' ) ;
#2952 = ORIENTED_EDGE ( 'NONE', *, *, #2592, .F. ) ;
#2953 = CC_DESIGN_APPROVAL ( #1081, ( #1010 ) ) ;
#2954 = DATE_AND_TIME ( #2850, #1859 ) ;
#2955 = ORIENTED_EDGE ( 'NONE', *, *, #3510, .F. ) ;
#2956 = EDGE_CURVE ( 'NONE', #116, #2243, #3630, .T. ) ;
#2957 = CALENDAR_DATE ( 2026, 27, 7 ) ;
#2958 = CC_DESIGN_PERSON_AND_ORGANIZATION_ASSIGNMENT ( #1496, #3574, ( #757 ) ) ;
#2959 = PERSON_AND_ORGANIZATION_ROLE ( 'design_supplier' ) ;
#2960 = DIRECTION ( 'NONE',  ( 1.000000000000000000, 0.000000000000000000, 0.000000000000000000 ) ) ;
#2961 = APPROVAL ( #873, '未指定' ) ;
#2962 = APPROVAL_ROLE ( '' ) ;
#2963 = DIRECTION ( 'NONE',  ( 0.000000000000000000, 0.000000000000000000, -1.000000000000000000 ) ) ;
#2964 = LOCAL_TIME ( 2, 11, 31.00000000000000000, #2920 ) ;
#2965 = LINE ( 'NONE', #3550, #3372 ) ;
#2966 =( REPRESENTATION_RELATIONSHIP ('NONE','NONE', #1576, #1817 ) REPRESENTATION_RELATIONSHIP_WITH_TRANSFORMATION ( #173 )SHAPE_REPRESENTATION_RELATIONSHIP( ) );
#2967 = DATE_AND_TIME ( #589, #935 ) ;
#2968 = CARTESIAN_POINT ( 'NONE',  ( -45.00000000000000000, 8.000000000000000000, -40.00000000000000000 ) ) ;
#2969 = DIRECTION ( 'NONE',  ( 0.000000000000000000, 0.000000000000000000, 1.000000000000000000 ) ) ;
#2970 = VERTEX_POINT ( 'NONE', #753 ) ;
#2971 = COORDINATED_UNIVERSAL_TIME_OFFSET ( 8, 0, .AHEAD. ) ;
#2972 = ORIENTED_EDGE ( 'NONE', *, *, #1906, .F. ) ;
#2973 = ORIENTED_EDGE ( 'NONE', *, *, #3002, .F. ) ;
#2974 = DATE_AND_TIME ( #954, #2133 ) ;
#2975 = PRODUCT_DEFINITION_SHAPE ( 'NONE', 'NONE',  #3741 ) ;
#2976 = DIRECTION ( 'NONE',  ( 1.000000000000000000, 0.000000000000000000, 0.000000000000000000 ) ) ;
#2977 = ADVANCED_FACE ( 'NONE', ( #1828 ), #2175, .T. ) ;
#2978 = DIRECTION ( 'NONE',  ( 1.000000000000000000, 0.000000000000000000, 0.000000000000000000 ) ) ;
#2979 = APPLICATION_PROTOCOL_DEFINITION ( 'international standard', 'config_control_design', 1994, #601 ) ;
#2980 = CC_DESIGN_PERSON_AND_ORGANIZATION_ASSIGNMENT ( #129, #3056, ( #1380 ) ) ;
#2981 = DIRECTION ( 'NONE',  ( 0.000000000000000000, 0.000000000000000000, 1.000000000000000000 ) ) ;
#2982 = DIRECTION ( 'NONE',  ( -1.000000000000000000, -0.000000000000000000, -0.000000000000000000 ) ) ;
#2983 = CALENDAR_DATE ( 2026, 27, 7 ) ;
#2984 = COORDINATED_UNIVERSAL_TIME_OFFSET ( 8, 0, .AHEAD. ) ;
#2985 = APPROVAL_STATUS ( 'not_yet_approved' ) ;
#2986 = ORIENTED_EDGE ( 'NONE', *, *, #441, .T. ) ;
#2987 = DIRECTION ( 'NONE',  ( 0.000000000000000000, 0.000000000000000000, 1.000000000000000000 ) ) ;
#2988 =( LENGTH_UNIT ( ) NAMED_UNIT ( * ) SI_UNIT ( .MILLI., .METRE. ) );
#2989 = CARTESIAN_POINT ( 'NONE',  ( -25.00000000000000000, 80.00000000000000000, 4.000000000000000000 ) ) ;
#2990 =( GEOMETRIC_REPRESENTATION_CONTEXT ( 3 ) GLOBAL_UNCERTAINTY_ASSIGNED_CONTEXT ( ( #1279 ) ) GLOBAL_UNIT_ASSIGNED_CONTEXT ( ( #3298, #1845, #1472 ) ) REPRESENTATION_CONTEXT ( 'NONE', 'WORKASPACE' ) );
#2991 = ORIENTED_EDGE ( 'NONE', *, *, #112, .T. ) ;
#2992 = SECURITY_CLASSIFICATION_LEVEL ( 'unclassified' ) ;
#2993 = AXIS2_PLACEMENT_3D ( 'NONE', #2136, #106, #2403 ) ;
#2994 = CARTESIAN_POINT ( 'NONE',  ( 125.0000000000000000, 125.0000000000000000, 109.5000000000000142 ) ) ;
#2995 = CARTESIAN_POINT ( 'NONE',  ( 160.0000000000000000, 20.00000000000000000, 12.50000000000000000 ) ) ;
#2996 = VERTEX_POINT ( 'NONE', #425 ) ;
#2997 = DATE_AND_TIME ( #2487, #386 ) ;
#2998 = CARTESIAN_POINT ( 'NONE',  ( 150.0000000000000000, 32.00000000000000000, 3.000000000000000000 ) ) ;
#2999 = AXIS2_PLACEMENT_3D ( 'NONE', #2109, #2982, #2969 ) ;
#3000 = EDGE_CURVE ( 'NONE', #1254, #2719, #1603, .T. ) ;
#3001 = SECURITY_CLASSIFICATION_LEVEL ( 'unclassified' ) ;
#3002 = EDGE_CURVE ( 'NONE', #3159, #2470, #450, .T. ) ;
#3003 = DIRECTION ( 'NONE',  ( -0.000000000000000000, -0.000000000000000000, -1.000000000000000000 ) ) ;
#3004 = LINE ( 'NONE', #390, #2078 ) ;
#3005 = CALENDAR_DATE ( 2026, 27, 7 ) ;
#3006 = CARTESIAN_POINT ( 'NONE',  ( -15.00000000000000000, 3.000000000000000000, 15.00000000000000000 ) ) ;
#3007 = VECTOR ( 'NONE', #1006, 1000.000000000000000 ) ;
#3008 = ORGANIZATION ( 'NAUO-ORG16', 'UNSPECIFIED', 'UNSPECIFIED' ) ;
#3009 = ORGANIZATION ( 'NAUO-ORG31', 'UNSPECIFIED', 'UNSPECIFIED' ) ;
#3010 = CC_DESIGN_PERSON_AND_ORGANIZATION_ASSIGNMENT ( #714, #1261, ( #1914 ) ) ;
#3011 =( GEOMETRIC_REPRESENTATION_CONTEXT ( 3 ) GLOBAL_UNCERTAINTY_ASSIGNED_CONTEXT ( ( #410 ) ) GLOBAL_UNIT_ASSIGNED_CONTEXT ( ( #2656, #1533, #320 ) ) REPRESENTATION_CONTEXT ( 'NONE', 'WORKASPACE' ) );
#3012 = APPROVAL_ROLE ( '' ) ;
#3013 = LOCAL_TIME ( 2, 11, 31.00000000000000000, #1872 ) ;
#3014 = PRODUCT_DEFINITION_FORMATION_WITH_SPECIFIED_SOURCE ( '任何', '', #1035, .NOT_KNOWN. ) ;
#3015 = PRODUCT_DEFINITION_SHAPE ( 'NONE', 'NONE',  #3745 ) ;
#3016 = ORIENTED_EDGE ( 'NONE', *, *, #1069, .T. ) ;
#3017 = CARTESIAN_POINT ( 'NONE',  ( 0.000000000000000000, 0.000000000000000000, 0.000000000000000000 ) ) ;
#3018 = APPROVAL_PERSON_ORGANIZATION ( #1627, #2353, #1924 ) ;
#3019 = CC_DESIGN_APPROVAL ( #1976, ( #2765 ) ) ;
#3020 = PRODUCT_DEFINITION_SHAPE ( 'NONE', 'NONE',  #3233 ) ;
#3021 =( LENGTH_UNIT ( ) NAMED_UNIT ( * ) SI_UNIT ( .MILLI., .METRE. ) );
#3022 = PERSON_AND_ORGANIZATION_ROLE ( 'classification_officer' ) ;
#3023 = ORIENTED_EDGE ( 'NONE', *, *, #3629, .F. ) ;
#3024 = DATE_AND_TIME ( #3278, #1399 ) ;
#3025 = CARTESIAN_POINT ( 'NONE',  ( 120.0000000000000000, -83.00000000000000000, 145.0000000000000000 ) ) ;
#3026 = VERTEX_POINT ( 'NONE', #2422 ) ;
#3027 = CONTEXT_DEPENDENT_SHAPE_REPRESENTATION ( #3166, #1807 ) ;
#3028 = PLANE ( 'NONE',  #1529 ) ;
#3029 = DATE_TIME_ROLE ( 'creation_date' ) ;
#3030 = DATE_TIME_ROLE ( 'classification_date' ) ;
#3031 = DIRECTION ( 'NONE',  ( -0.000000000000000000, -1.000000000000000000, -0.000000000000000000 ) ) ;
#3032 = APPROVAL_ROLE ( '' ) ;
#3033 = CARTESIAN_POINT ( 'NONE',  ( 25.00000000000000000, 80.00000000000000000, 4.000000000000000000 ) ) ;
#3034 = APPROVAL_DATE_TIME ( #1226, #1775 ) ;
#3035 = CC_DESIGN_PERSON_AND_ORGANIZATION_ASSIGNMENT ( #998, #1887, ( #1842 ) ) ;
#3036 = ORIENTED_EDGE ( 'NONE', *, *, #1615, .F. ) ;
#3037 = CARTESIAN_POINT ( 'NONE',  ( 0.000000000000000000, 0.000000000000000000, 55.00000000000000000 ) ) ;
#3038 = CC_DESIGN_DATE_AND_TIME_ASSIGNMENT ( #1133, #880, ( #240 ) ) ;
#3039 = PERSON ( 'NAUO-PER5', 'UNSPECIFIED', 'UNSPECIFIED', ('UNSPECIFIED'), ('UNSPECIFIED'), ('UNSPECIFIED') ) ;
#3040 = APPROVAL ( #2834, '未指定' ) ;
#3041 = DATE_TIME_ROLE ( 'classification_date' ) ;
#3042 = APPROVAL_DATE_TIME ( #2442, #679 ) ;
#3043 = DIRECTION ( 'NONE',  ( 1.000000000000000000, 0.000000000000000000, 0.000000000000000000 ) ) ;
#3044 =( REPRESENTATION_RELATIONSHIP ('NONE','NONE', #1576, #1817 ) REPRESENTATION_RELATIONSHIP_WITH_TRANSFORMATION ( #1957 )SHAPE_REPRESENTATION_RELATIONSHIP( ) );
#3045 = SECURITY_CLASSIFICATION_LEVEL ( 'unclassified' ) ;
#3046 = PRODUCT_DEFINITION_SHAPE ( 'NONE', 'NONE',  #3759 ) ;
#3047 = COORDINATED_UNIVERSAL_TIME_OFFSET ( 8, 0, .AHEAD. ) ;
#3048 = CALENDAR_DATE ( 2026, 27, 7 ) ;
#3049 = CARTESIAN_POINT ( 'NONE',  ( 45.00000000000000000, 8.000000000000000000, 40.00000000000000000 ) ) ;
#3050 = LINE ( 'NONE', #426, #2934 ) ;
#3051 = DIRECTION ( 'NONE',  ( 0.000000000000000000, 0.000000000000000000, -1.000000000000000000 ) ) ;
#3052 = COORDINATED_UNIVERSAL_TIME_OFFSET ( 8, 0, .AHEAD. ) ;
#3053 = APPROVAL_STATUS ( 'not_yet_approved' ) ;
#3054 = EDGE_LOOP ( 'NONE', ( #676, #742, #514, #289 ) ) ;
#3055 = PLANE ( 'NONE',  #1950 ) ;
#3056 = PERSON_AND_ORGANIZATION_ROLE ( 'creator' ) ;
#3057 = ADVANCED_FACE ( 'NONE', ( #2210 ), #671, .T. ) ;
#3058 = EDGE_LOOP ( 'NONE', ( #1847, #1530, #2973, #1571 ) ) ;
#3059 = PERSON_AND_ORGANIZATION ( #1978, #198 ) ;
#3060 = DIRECTION ( 'NONE',  ( 1.000000000000000000, 0.000000000000000000, 0.000000000000000000 ) ) ;
#3061 = CC_DESIGN_PERSON_AND_ORGANIZATION_ASSIGNMENT ( #2351, #2902, ( #1649 ) ) ;
#3062 = AXIS2_PLACEMENT_3D ( 'NONE', #874, #2936, #955 ) ;
#3063 = PERSON_AND_ORGANIZATION ( #1460, #1060 ) ;
#3064 = AXIS2_PLACEMENT_3D ( 'NONE', #2657, #339, #3523 ) ;
#3065 = PERSON_AND_ORGANIZATION_ROLE ( 'creator' ) ;
#3066 = CLOSED_SHELL ( 'NONE', ( #1801, #3057, #3335, #64 ) ) ;
#3067 = DIRECTION ( 'NONE',  ( 0.000000000000000000, -1.000000000000000000, 0.000000000000000000 ) ) ;
#3068 = CARTESIAN_POINT ( 'NONE',  ( 0.000000000000000000, 35.00000000000000000, -4.000000000000000000 ) ) ;
#3069 = PLANE ( 'NONE',  #1953 ) ;
#3070 = VECTOR ( 'NONE', #3211, 1000.000000000000000 ) ;
#3071 = DATE_TIME_ROLE ( 'classification_date' ) ;
#3072 = DATE_TIME_ROLE ( 'creation_date' ) ;
#3073 = VECTOR ( 'NONE', #2831, 1000.000000000000000 ) ;
#3074 = APPROVAL_PERSON_ORGANIZATION ( #1690, #2321, #1115 ) ;
#3075 = CC_DESIGN_APPROVAL ( #1319, ( #2275 ) ) ;
#3076 = LINE ( 'NONE', #1878, #2076 ) ;
#3077 = CC_DESIGN_SECURITY_CLASSIFICATION ( #3175, ( #3762 ) ) ;
#3078 = AXIS2_PLACEMENT_3D ( 'NONE', #2943, #2978, #361 ) ;
#3079 = LOCAL_TIME ( 2, 11, 31.00000000000000000, #1783 ) ;
#3080 = CC_DESIGN_SECURITY_CLASSIFICATION ( #1163, ( #3014 ) ) ;
#3081 = ORIENTED_EDGE ( 'NONE', *, *, #1037, .F. ) ;
#3082 = ORIENTED_EDGE ( 'NONE', *, *, #1923, .T. ) ;
#3083 = CC_DESIGN_APPROVAL ( #1825, ( #16 ) ) ;
#3084 = SECURITY_CLASSIFICATION_LEVEL ( 'unclassified' ) ;
#3085 = LOCAL_TIME ( 2, 11, 31.00000000000000000, #2174 ) ;
#3086 = SECURITY_CLASSIFICATION_LEVEL ( 'unclassified' ) ;
#3087 = EDGE_CURVE ( 'NONE', #3026, #283, #1542, .T. ) ;
#3088 = CARTESIAN_POINT ( 'NONE',  ( 40.00000000000000000, 0.000000000000000000, 0.000000000000000000 ) ) ;
#3089 = PRODUCT ( 'FN-MNT-001_enclosure-back-strap-300x6x32_CONCEPT_R0.7', 'FN-MNT-001_enclosure-back-strap-300x6x32_CONCEPT_R0.7', '', ( #218 ) ) ;
#3090 = APPROVAL ( #1264, 'UNKNOWN' ) ;
#3091 = CC_DESIGN_PERSON_AND_ORGANIZATION_ASSIGNMENT ( #3534, #598, ( #2354 ) ) ;
#3092 = ADVANCED_BREP_SHAPE_REPRESENTATION ( '', ( #3693, #2883 ), #3011 ) ;
#3093 = DIRECTION ( 'NONE',  ( 0.000000000000000000, 0.000000000000000000, -1.000000000000000000 ) ) ;
#3094 = DESIGN_CONTEXT ( 'detailed design', #2182, 'design' ) ;
#3095 = CARTESIAN_POINT ( 'NONE',  ( 0.000000000000000000, 0.000000000000000000, 2.000000000000000000 ) ) ;
#3096 = PERSON_AND_ORGANIZATION ( #2402, #2555 ) ;
#3097 = APPROVAL_PERSON_ORGANIZATION ( #3495, #1881, #2372 ) ;
#3098 = DATE_TIME_ROLE ( 'classification_date' ) ;
#3099 = ITEM_DEFINED_TRANSFORMATION ( 'NONE', 'NONE', #918,  #2883 ) ;
#3100 = CARTESIAN_POINT ( 'NONE',  ( -45.00000000000000000, 8.000000000000000000, -40.00000000000000000 ) ) ;
#3101 =( REPRESENTATION_RELATIONSHIP ('NONE','NONE', #1576, #2723 ) REPRESENTATION_RELATIONSHIP_WITH_TRANSFORMATION ( #3694 )SHAPE_REPRESENTATION_RELATIONSHIP( ) );
#3102 = ORIENTED_EDGE ( 'NONE', *, *, #740, .T. ) ;
#3103 = APPLICATION_CONTEXT ( 'configuration controlled 3d designs of mechanical parts and assemblies' ) ;
#3104 = ORIENTED_EDGE ( 'NONE', *, *, #1517, .F. ) ;
#3105 = ADVANCED_FACE ( 'NONE', ( #2712 ), #468, .F. ) ;
#3106 = APPROVAL_ROLE ( '' ) ;
#3107 = PERSON_AND_ORGANIZATION_ROLE ( 'classification_officer' ) ;
#3108 = EDGE_CURVE ( 'NONE', #2470, #1803, #1559, .T. ) ;
#3109 = FACE_OUTER_BOUND ( 'NONE', #357, .T. ) ;
#3110 = PLANE ( 'NONE',  #2456 ) ;
#3111 = APPROVAL_DATE_TIME ( #191, #1081 ) ;
#3112 = APPROVAL_ROLE ( '' ) ;
#3113 = APPROVAL ( #924, '未指定' ) ;
#3114 = PERSON_AND_ORGANIZATION ( #3394, #3188 ) ;
#3115 = CC_DESIGN_APPROVAL ( #93, ( #1044 ) ) ;
#3116 = DIRECTION ( 'NONE',  ( -0.000000000000000000, -1.000000000000000000, -0.000000000000000000 ) ) ;
#3117 = DATE_TIME_ROLE ( 'creation_date' ) ;
#3118 = LOCAL_TIME ( 2, 11, 31.00000000000000000, #3349 ) ;
#3119 = COORDINATED_UNIVERSAL_TIME_OFFSET ( 8, 0, .AHEAD. ) ;
#3120 = ORIENTED_EDGE ( 'NONE', *, *, #2138, .F. ) ;
#3121 = APPROVAL ( #402, 'UNKNOWN' ) ;
#3122 =( REPRESENTATION_RELATIONSHIP ('NONE','NONE', #1576, #125 ) REPRESENTATION_RELATIONSHIP_WITH_TRANSFORMATION ( #336 )SHAPE_REPRESENTATION_RELATIONSHIP( ) );
#3123 =( LENGTH_UNIT ( ) NAMED_UNIT ( * ) SI_UNIT ( .MILLI., .METRE. ) );
#3124 = ORGANIZATION ( 'NAUO-ORG39', 'UNSPECIFIED', 'UNSPECIFIED' ) ;
#3125 = SECURITY_CLASSIFICATION_LEVEL ( 'unclassified' ) ;
#3126 = PERSON_AND_ORGANIZATION_ROLE ( 'classification_officer' ) ;
#3127 = CARTESIAN_POINT ( 'NONE',  ( -12.00000000000000000, 8.000000000000000000, 9.000000000000000000 ) ) ;
#3128 = CONTEXT_DEPENDENT_SHAPE_REPRESENTATION ( #293, #117 ) ;
#3129 = EDGE_CURVE ( 'NONE', #3223, #1045, #2435, .T. ) ;
#3130 = CIRCLE ( 'NONE', #2007, 4.000000000000000000 ) ;
#3131 = DATE_AND_TIME ( #2527, #3535 ) ;
#3132 = VECTOR ( 'NONE', #1740, 1000.000000000000000 ) ;
#3133 = LINE ( 'NONE', #2289, #493 ) ;
#3134 = CC_DESIGN_DATE_AND_TIME_ASSIGNMENT ( #2199, #3071, ( #2765 ) ) ;
#3135 = AXIS2_PLACEMENT_3D ( 'NONE', #385, #1539, #3284 ) ;
#3136 = SECURITY_CLASSIFICATION ( '', '', #2847 ) ;
#3137 = CC_DESIGN_SECURITY_CLASSIFICATION ( #449, ( #3755 ) ) ;
#3138 = PERSON ( 'NAUO-PER34', 'UNSPECIFIED', 'UNSPECIFIED', ('UNSPECIFIED'), ('UNSPECIFIED'), ('UNSPECIFIED') ) ;
#3139 = ORIENTED_EDGE ( 'NONE', *, *, #829, .F. ) ;
#3140 = PERSON_AND_ORGANIZATION ( #1787, #2156 ) ;
#3141 = SECURITY_CLASSIFICATION ( '', '', #2754 ) ;
#3142 = CC_DESIGN_APPROVAL ( #670, ( #1348 ) ) ;
#3143 = APPROVAL_PERSON_ORGANIZATION ( #1981, #309, #587 ) ;
#3144 = CC_DESIGN_SECURITY_CLASSIFICATION ( #3559, ( #3725 ) ) ;
#3145 = PERSON_AND_ORGANIZATION ( #2402, #2555 ) ;
#3146 = APPROVAL_ROLE ( '' ) ;
#3147 = ORGANIZATION ( 'NAUO-ORG28', 'UNSPECIFIED', 'UNSPECIFIED' ) ;
#3148 = LOCAL_TIME ( 2, 11, 31.00000000000000000, #1607 ) ;
#3149 = DIRECTION ( 'NONE',  ( 0.000000000000000000, 0.000000000000000000, 1.000000000000000000 ) ) ;
#3150 = APPROVAL_STATUS ( 'not_yet_approved' ) ;
#3151 = CALENDAR_DATE ( 2026, 27, 7 ) ;
#3152 = DATE_AND_TIME ( #1970, #2162 ) ;
#3153 = ITEM_DEFINED_TRANSFORMATION ( 'NONE', 'NONE', #2449,  #2883 ) ;
#3154 = CARTESIAN_POINT ( 'NONE',  ( -160.0000000000000000, 20.00000000000000000, 12.50000000000000000 ) ) ;
#3155 = CARTESIAN_POINT ( 'NONE',  ( -15.00000000000000000, 3.000000000000000000, 15.00000000000000000 ) ) ;
#3156 = APPLICATION_CONTEXT ( 'configuration controlled 3d designs of mechanical parts and assemblies' ) ;
#3157 = APPROVAL ( #2103, 'UNKNOWN' ) ;
#3158 = CC_DESIGN_PERSON_AND_ORGANIZATION_ASSIGNMENT ( #430, #1815, ( #1639 ) ) ;
#3159 = VERTEX_POINT ( 'NONE', #2725 ) ;
#3160 = PRODUCT_DEFINITION ( '未知', '', #2416, #235 ) ;
#3161 = ORIENTED_EDGE ( 'NONE', *, *, #2716, .T. ) ;
#3162 = CARTESIAN_POINT ( 'NONE',  ( -25.00000000000000000, 30.00000000000000000, 1.500000000000000000 ) ) ;
#3163 = PERSON_AND_ORGANIZATION ( #715, #2878 ) ;
#3164 = APPROVAL_DATE_TIME ( #1086, #2744 ) ;
#3165 = CARTESIAN_POINT ( 'NONE',  ( -25.00000000000000000, 30.00000000000000000, -1.500000000000000000 ) ) ;
#3166 =( REPRESENTATION_RELATIONSHIP ('NONE','NONE', #1576, #2365 ) REPRESENTATION_RELATIONSHIP_WITH_TRANSFORMATION ( #2472 )SHAPE_REPRESENTATION_RELATIONSHIP( ) );
#3167 = LINE ( 'NONE', #817, #2320 ) ;
#3168 = PERSON_AND_ORGANIZATION ( #2402, #2555 ) ;
#3169 = ORIENTED_EDGE ( 'NONE', *, *, #2610, .F. ) ;
#3170 = EDGE_CURVE ( 'NONE', #1528, #2470, #121, .T. ) ;
#3171 = APPLICATION_PROTOCOL_DEFINITION ( 'international standard', 'config_control_design', 1994, #999 ) ;
#3172 = ITEM_DEFINED_TRANSFORMATION ( 'NONE', 'NONE', #1693,  #2883 ) ;
#3173 = CC_DESIGN_PERSON_AND_ORGANIZATION_ASSIGNMENT ( #2711, #2143, ( #1914 ) ) ;
#3174 = CALENDAR_DATE ( 2026, 27, 7 ) ;
#3175 = SECURITY_CLASSIFICATION ( '', '', #2485 ) ;
#3176 = CARTESIAN_POINT ( 'NONE',  ( -150.0000000000000000, 32.00000000000000000, 3.000000000000000000 ) ) ;
#3177 = DATE_TIME_ROLE ( 'classification_date' ) ;
#3178 = PERSON_AND_ORGANIZATION ( #2402, #2555 ) ;
#3179 = CARTESIAN_POINT ( 'NONE',  ( 0.000000000000000000, 8.000000000000000000, 0.000000000000000000 ) ) ;
#3180 = ORIENTED_EDGE ( 'NONE', *, *, #785, .F. ) ;
#3181 = CIRCLE ( 'NONE', #1645, 3.000000000000000444 ) ;
#3182 = SECURITY_CLASSIFICATION ( '', '', #876 ) ;
#3183 = CALENDAR_DATE ( 2026, 27, 7 ) ;
#3184 = LOCAL_TIME ( 2, 11, 31.00000000000000000, #1843 ) ;
#3185 = APPROVAL_DATE_TIME ( #3203, #1597 ) ;
#3186 = PERSON_AND_ORGANIZATION ( #2445, #2951 ) ;
#3187 = CONTEXT_DEPENDENT_SHAPE_REPRESENTATION ( #2198, #2410 ) ;
#3188 = ORGANIZATION ( 'NAUO-ORG20', 'UNSPECIFIED', 'UNSPECIFIED' ) ;
#3189 = LOCAL_TIME ( 2, 11, 31.00000000000000000, #1260 ) ;
#3190 = CC_DESIGN_DATE_AND_TIME_ASSIGNMENT ( #195, #1623, ( #2950 ) ) ;
#3191 = CC_DESIGN_PERSON_AND_ORGANIZATION_ASSIGNMENT ( #1382, #2264, ( #2665 ) ) ;
#3192 = CC_DESIGN_APPROVAL ( #531, ( #1463 ) ) ;
#3193 = LOCAL_TIME ( 2, 11, 31.00000000000000000, #777 ) ;
#3194 = DATE_AND_TIME ( #2019, #951 ) ;
#3195 = DATE_AND_TIME ( #1686, #2822 ) ;
#3196 = FACE_OUTER_BOUND ( 'NONE', #3448, .T. ) ;
#3197 = DIRECTION ( 'NONE',  ( 0.000000000000000000, 0.000000000000000000, 1.000000000000000000 ) ) ;
#3198 = ORIENTED_EDGE ( 'NONE', *, *, #1223, .F. ) ;
#3199 = MECHANICAL_CONTEXT ( 'NONE', #14, 'mechanical' ) ;
#3200 = VERTEX_POINT ( 'NONE', #1510 ) ;
#3201 = LINE ( 'NONE', #3232, #3722 ) ;
#3202 = DATE_AND_TIME ( #1838, #622 ) ;
#3203 = DATE_AND_TIME ( #1997, #2945 ) ;
#3204 = DIRECTION ( 'NONE',  ( 1.000000000000000000, 0.000000000000000000, 0.000000000000000000 ) ) ;
#3205 = CALENDAR_DATE ( 2026, 27, 7 ) ;
#3206 = ORIENTED_EDGE ( 'NONE', *, *, #3108, .T. ) ;
#3207 = DATE_AND_TIME ( #281, #1794 ) ;
#3208 = PERSON ( 'NAUO-PER22', 'UNSPECIFIED', 'UNSPECIFIED', ('UNSPECIFIED'), ('UNSPECIFIED'), ('UNSPECIFIED') ) ;
#3209 = EDGE_CURVE ( 'NONE', #608, #2912, #916, .T. ) ;
#3210 = DIRECTION ( 'NONE',  ( 0.000000000000000000, -1.000000000000000000, 0.000000000000000000 ) ) ;
#3211 = DIRECTION ( 'NONE',  ( -0.000000000000000000, -1.000000000000000000, -0.000000000000000000 ) ) ;
#3212 = VERTEX_POINT ( 'NONE', #2661 ) ;
#3213 = APPROVAL ( #2871, '未指定' ) ;
#3214 = APPLICATION_PROTOCOL_DEFINITION ( 'international standard', 'config_control_design', 1994, #94 ) ;
#3215 = CONTEXT_DEPENDENT_SHAPE_REPRESENTATION ( #2050, #865 ) ;
#3216 = COORDINATED_UNIVERSAL_TIME_OFFSET ( 8, 0, .AHEAD. ) ;
#3217 = CALENDAR_DATE ( 2026, 27, 7 ) ;
#3218 = ORIENTED_EDGE ( 'NONE', *, *, #2549, .F. ) ;
#3219 = CARTESIAN_POINT ( 'NONE',  ( 40.00000000000000000, 0.000000000000000000, 4.000000000000000000 ) ) ;
#3220 = DATE_AND_TIME ( #569, #1290 ) ;
#3221 = DATE_AND_TIME ( #2052, #506 ) ;
#3222 = CARTESIAN_POINT ( 'NONE',  ( 0.000000000000000000, 402.0000000000000000, 145.0000000000000000 ) ) ;
#3223 = VERTEX_POINT ( 'NONE', #1245 ) ;
#3224 = CC_DESIGN_APPROVAL ( #1199, ( #1142 ) ) ;
#3225 =( REPRESENTATION_RELATIONSHIP ('NONE','NONE', #1576, #125 ) REPRESENTATION_RELATIONSHIP_WITH_TRANSFORMATION ( #3567 )SHAPE_REPRESENTATION_RELATIONSHIP( ) );
#3226 = DIRECTION ( 'NONE',  ( 1.000000000000000000, 0.000000000000000000, -0.000000000000000000 ) ) ;
#3227 = DIRECTION ( 'NONE',  ( 0.000000000000000000, 0.000000000000000000, 1.000000000000000000 ) ) ;
#3228 = ORIENTED_EDGE ( 'NONE', *, *, #618, .T. ) ;
#3229 = EDGE_CURVE ( 'NONE', #24, #2, #196, .T. ) ;
#3230 = APPROVAL_PERSON_ORGANIZATION ( #553, #1663, #39 ) ;
#3231 = APPROVAL ( #2616, 'UNKNOWN' ) ;
#3232 = CARTESIAN_POINT ( 'NONE',  ( -25.00000000000000000, 80.00000000000000000, 4.000000000000000000 ) ) ;
#3233 = PRODUCT_DEFINITION ( '未知', '', #3014, #3610 ) ;
#3234 = APPROVAL_STATUS ( 'not_yet_approved' ) ;
#3235 = AXIS2_PLACEMENT_3D ( 'NONE', #3557, #2059, #1516 ) ;
#3236 = PERSON_AND_ORGANIZATION_ROLE ( 'creator' ) ;
#3237 = DIRECTION ( 'NONE',  ( 1.000000000000000000, 0.000000000000000000, 0.000000000000000000 ) ) ;
#3238 = ITEM_DEFINED_TRANSFORMATION ( 'NONE', 'NONE', #1948,  #2883 ) ;
#3239 = CIRCLE ( 'NONE', #750, 7.000000000000000000 ) ;
#3240 = CC_DESIGN_APPROVAL ( #2773, ( #77 ) ) ;
#3241 = LOCAL_TIME ( 2, 11, 31.00000000000000000, #1504 ) ;
#3242 = AXIS2_PLACEMENT_3D ( 'NONE', #3358, #3658, #3381 ) ;
#3243 = CARTESIAN_POINT ( 'NONE',  ( 25.00000000000000000, 30.00000000000000000, 1.500000000000000000 ) ) ;
#3244 = CC_DESIGN_SECURITY_CLASSIFICATION ( #2950, ( #3743 ) ) ;
#3245 = LOCAL_TIME ( 2, 11, 31.00000000000000000, #660 ) ;
#3246 = DATE_AND_TIME ( #2079, #2964 ) ;
#3247 = ITEM_DEFINED_TRANSFORMATION ( 'NONE', 'NONE', #238,  #2883 ) ;
#3248 = FACE_OUTER_BOUND ( 'NONE', #907, .T. ) ;
#3249 = CARTESIAN_POINT ( 'NONE',  ( 7.000000000000000000, 8.572527594031473190E-16, 2.000000000000000000 ) ) ;
#3250 = CC_DESIGN_APPROVAL ( #3157, ( #200 ) ) ;
#3251 = CC_DESIGN_APPROVAL ( #3040, ( #2416 ) ) ;
#3252 = EDGE_LOOP ( 'NONE', ( #3392, #436, #3432, #45 ) ) ;
#3253 = LOCAL_TIME ( 2, 11, 31.00000000000000000, #3052 ) ;
#3254 = APPROVAL_STATUS ( 'not_yet_approved' ) ;
#3255 = PERSON_AND_ORGANIZATION ( #2402, #2555 ) ;
#3256 = ORIENTED_EDGE ( 'NONE', *, *, #869, .F. ) ;
#3257 = ADVANCED_BREP_SHAPE_REPRESENTATION ( '', ( #3656, #2883 ), #563 ) ;
#3258 = EDGE_CURVE ( 'NONE', #2763, #2719, #407, .T. ) ;
#3259 = CALENDAR_DATE ( 2026, 27, 7 ) ;
#3260 = LOCAL_TIME ( 2, 11, 31.00000000000000000, #1621 ) ;
#3261 = DIRECTION ( 'NONE',  ( 1.000000000000000000, 0.000000000000000000, 0.000000000000000000 ) ) ;
#3262 = CC_DESIGN_DATE_AND_TIME_ASSIGNMENT ( #3221, #1485, ( #1163 ) ) ;
#3263 = PERSON_AND_ORGANIZATION ( #2265, #2335 ) ;
#3264 = SHAPE_REPRESENTATION ( 'FN-FST-002_M6-washer-envelope-D14x2_PENDING_R0.7', ( #2883 ), #2570 ) ;
#3265 = COORDINATED_UNIVERSAL_TIME_OFFSET ( 8, 0, .AHEAD. ) ;
#3266 = CARTESIAN_POINT ( 'NONE',  ( -25.00000000000000000, 30.00000000000000000, 1.500000000000000000 ) ) ;
#3267 = APPROVAL_STATUS ( 'not_yet_approved' ) ;
#3268 = PERSON_AND_ORGANIZATION_ROLE ( 'classification_officer' ) ;
#3269 = DIRECTION ( 'NONE',  ( -0.000000000000000000, -1.000000000000000000, -0.000000000000000000 ) ) ;
#3270 = APPROVAL_ROLE ( '' ) ;
#3271 = CARTESIAN_POINT ( 'NONE',  ( 40.00000000000000000, 4.898587196589412829E-16, -4.000000000000000000 ) ) ;
#3272 = CARTESIAN_POINT ( 'NONE',  ( 120.0000000000000000, -77.00000000000000000, 158.0000000000000000 ) ) ;
#3273 = APPROVAL_ROLE ( '' ) ;
#3274 = DATE_TIME_ROLE ( 'classification_date' ) ;
#3275 = ORIENTED_EDGE ( 'NONE', *, *, #3380, .F. ) ;
#3276 = VERTEX_POINT ( 'NONE', #3243 ) ;
#3277 = DATE_AND_TIME ( #1799, #1001 ) ;
#3278 = CALENDAR_DATE ( 2026, 27, 7 ) ;
#3279 = ADVANCED_FACE ( 'NONE', ( #669 ), #977, .T. ) ;
#3280 = DIRECTION ( 'NONE',  ( 0.000000000000000000, 0.000000000000000000, 1.000000000000000000 ) ) ;
#3281 = CC_DESIGN_PERSON_AND_ORGANIZATION_ASSIGNMENT ( #1723, #2104, ( #1170 ) ) ;
#3282 = CALENDAR_DATE ( 2026, 27, 7 ) ;
#3283 = APPLICATION_CONTEXT ( 'configuration controlled 3d designs of mechanical parts and assemblies' ) ;
#3284 = DIRECTION ( 'NONE',  ( 0.000000000000000000, -0.000000000000000000, -1.000000000000000000 ) ) ;
#3285 = SECURITY_CLASSIFICATION_LEVEL ( 'unclassified' ) ;
#3286 = DIRECTION ( 'NONE',  ( 0.000000000000000000, -0.000000000000000000, -1.000000000000000000 ) ) ;
#3287 = DIRECTION ( 'NONE',  ( 0.000000000000000000, -1.000000000000000000, 0.000000000000000000 ) ) ;
#3288 = FACE_OUTER_BOUND ( 'NONE', #2856, .T. ) ;
#3289 = CC_DESIGN_SECURITY_CLASSIFICATION ( #311, ( #3761 ) ) ;
#3290 = COORDINATED_UNIVERSAL_TIME_OFFSET ( 8, 0, .AHEAD. ) ;
#3291 = APPROVAL_ROLE ( '' ) ;
#3292 = ORIENTED_EDGE ( 'NONE', *, *, #2256, .F. ) ;
#3293 = LINE ( 'NONE', #678, #3474 ) ;
#3294 = AXIS2_PLACEMENT_3D ( 'NONE', #262, #1980, #1094 ) ;
#3295 = VERTEX_POINT ( 'NONE', #635 ) ;
#3296 = DATE_TIME_ROLE ( 'classification_date' ) ;
#3297 = LOCAL_TIME ( 2, 11, 31.00000000000000000, #949 ) ;
#3298 =( LENGTH_UNIT ( ) NAMED_UNIT ( * ) SI_UNIT ( .MILLI., .METRE. ) );
#3299 = DIRECTION ( 'NONE',  ( 0.000000000000000000, 0.000000000000000000, 1.000000000000000000 ) ) ;
#3300 = SECURITY_CLASSIFICATION ( '', '', #2881 ) ;
#3301 = ORIENTED_EDGE ( 'NONE', *, *, #1357, .F. ) ;
#3302 = AXIS2_PLACEMENT_3D ( 'NONE', #3631, #1874, #3647 ) ;
#3303 = LINE ( 'NONE', #3602, #2088 ) ;
#3304 = VECTOR ( 'NONE', #555, 1000.000000000000000 ) ;
#3305 = CC_DESIGN_PERSON_AND_ORGANIZATION_ASSIGNMENT ( #1188, #627, ( #752 ) ) ;
#3306 = DATE_AND_TIME ( #729, #3189 ) ;
#3307 = ORGANIZATION ( 'NAUO-ORG32', 'UNSPECIFIED', 'UNSPECIFIED' ) ;
#3308 = PERSON ( 'NAUO-PER23', 'UNSPECIFIED', 'UNSPECIFIED', ('UNSPECIFIED'), ('UNSPECIFIED'), ('UNSPECIFIED') ) ;
#3309 = APPROVAL ( #1608, '未指定' ) ;
#3310 = LINE ( 'NONE', #3573, #805 ) ;
#3311 = CARTESIAN_POINT ( 'NONE',  ( -150.0000000000000000, 32.00000000000000000, -3.000000000000000000 ) ) ;
#3312 = UNCERTAINTY_MEASURE_WITH_UNIT (LENGTH_MEASURE( 1.000000000000000082E-05 ), #1820, 'distance_accuracy_value', 'NONE');
#3313 = DIRECTION ( 'NONE',  ( 0.000000000000000000, 1.000000000000000000, 0.000000000000000000 ) ) ;
#3314 = VECTOR ( 'NONE', #2374, 1000.000000000000000 ) ;
#3315 = LOCAL_TIME ( 2, 11, 31.00000000000000000, #108 ) ;
#3316 = CC_DESIGN_SECURITY_CLASSIFICATION ( #387, ( #1061 ) ) ;
#3317 = CC_DESIGN_PERSON_AND_ORGANIZATION_ASSIGNMENT ( #548, #1736, ( #3014 ) ) ;
#3318 = SECURITY_CLASSIFICATION_LEVEL ( 'unclassified' ) ;
#3319 = COORDINATED_UNIVERSAL_TIME_OFFSET ( 8, 0, .AHEAD. ) ;
#3320 = APPROVAL_PERSON_ORGANIZATION ( #2512, #1662, #2205 ) ;
#3321 = LOCAL_TIME ( 2, 11, 31.00000000000000000, #2892 ) ;
#3322 = EDGE_LOOP ( 'NONE', ( #307, #253 ) ) ;
#3323 = DIRECTION ( 'NONE',  ( 0.000000000000000000, 0.000000000000000000, -1.000000000000000000 ) ) ;
#3324 = CC_DESIGN_SECURITY_CLASSIFICATION ( #1169, ( #3752 ) ) ;
#3325 = CC_DESIGN_SECURITY_CLASSIFICATION ( #1170, ( #3723 ) ) ;
#3326 = APPROVAL_ROLE ( '' ) ;
#3327 = CONTEXT_DEPENDENT_SHAPE_REPRESENTATION ( #1194, #1768 ) ;
#3328 = CARTESIAN_POINT ( 'NONE',  ( -120.0000000000000000, -107.0000000000000000, -171.5000000000000000 ) ) ;
#3329 = LINE ( 'NONE', #1476, #2023 ) ;
#3330 = DATE_AND_TIME ( #406, #2888 ) ;
#3331 = LINE ( 'NONE', #3266, #625 ) ;
#3332 = CARTESIAN_POINT ( 'NONE',  ( -25.00000000000000000, 30.00000000000000000, -1.500000000000000000 ) ) ;
#3333 = DIRECTION ( 'NONE',  ( -0.000000000000000000, -0.000000000000000000, -1.000000000000000000 ) ) ;
#3334 = CARTESIAN_POINT ( 'NONE',  ( -45.00000000000000000, 8.000000000000000000, 40.00000000000000000 ) ) ;
#3335 = ADVANCED_FACE ( 'NONE', ( #1852 ), #2431, .T. ) ;
#3336 = APPROVAL_STATUS ( 'not_yet_approved' ) ;
#3337 = CARTESIAN_POINT ( 'NONE',  ( 0.000000000000000000, 35.00000000000000000, -4.000000000000000000 ) ) ;
#3338 = APPROVAL ( #1050, 'UNKNOWN' ) ;
#3339 = ORIENTED_EDGE ( 'NONE', *, *, #2956, .F. ) ;
#3340 = APPROVAL_STATUS ( 'not_yet_approved' ) ;
#3341 = DIRECTION ( 'NONE',  ( 0.000000000000000000, 0.000000000000000000, 1.000000000000000000 ) ) ;
#3342 = CC_DESIGN_PERSON_AND_ORGANIZATION_ASSIGNMENT ( #358, #438, ( #1101 ) ) ;
#3343 = DATE_AND_TIME ( #163, #2232 ) ;
#3344 = APPROVAL_DATE_TIME ( #2195, #1032 ) ;
#3345 = CARTESIAN_POINT ( 'NONE',  ( -25.00000000000000000, 0.000000000000000000, 1.500000000000000000 ) ) ;
#3346 = DIRECTION ( 'NONE',  ( -0.000000000000000000, -1.000000000000000000, -0.000000000000000000 ) ) ;
#3347 = PRODUCT ( 'FN-FRM-010_foot-gusset-50x8x80_CONCEPT_R0.7', 'FN-FRM-010_foot-gusset-50x8x80_CONCEPT_R0.7', '', ( #856 ) ) ;
#3348 = PERSON ( 'NAUO-PER31', 'UNSPECIFIED', 'UNSPECIFIED', ('UNSPECIFIED'), ('UNSPECIFIED'), ('UNSPECIFIED') ) ;
#3349 = COORDINATED_UNIVERSAL_TIME_OFFSET ( 8, 0, .AHEAD. ) ;
#3350 = EDGE_CURVE ( 'NONE', #3531, #2741, #2965, .T. ) ;
#3351 = DIRECTION ( 'NONE',  ( 0.000000000000000000, 0.000000000000000000, 1.000000000000000000 ) ) ;
#3352 = DIRECTION ( 'NONE',  ( 0.000000000000000000, 0.000000000000000000, 1.000000000000000000 ) ) ;
#3353 =( REPRESENTATION_RELATIONSHIP ('NONE','NONE', #1576, #2723 ) REPRESENTATION_RELATIONSHIP_WITH_TRANSFORMATION ( #1800 )SHAPE_REPRESENTATION_RELATIONSHIP( ) );
#3354 = APPROVAL ( #275, 'UNKNOWN' ) ;
#3355 = CC_DESIGN_PERSON_AND_ORGANIZATION_ASSIGNMENT ( #1427, #2647, ( #3347 ) ) ;
#3356 = ORIENTED_EDGE ( 'NONE', *, *, #3595, .T. ) ;
#3357 = APPROVAL_DATE_TIME ( #1936, #965 ) ;
#3358 = CARTESIAN_POINT ( 'NONE',  ( 0.000000000000000000, 80.00000000000000000, 0.000000000000000000 ) ) ;
#3359 = LOCAL_TIME ( 2, 11, 31.00000000000000000, #2947 ) ;
#3360 = SECURITY_CLASSIFICATION_LEVEL ( 'unclassified' ) ;
#3361 = AXIS2_PLACEMENT_3D ( 'NONE', #3272, #348, #124 ) ;
#3362 = AXIS2_PLACEMENT_3D ( 'NONE', #1331, #2798, #3674 ) ;
#3363 = DIRECTION ( 'NONE',  ( -0.000000000000000000, -0.000000000000000000, -1.000000000000000000 ) ) ;
#3364 = DIRECTION ( 'NONE',  ( 1.000000000000000000, 0.000000000000000000, 0.000000000000000000 ) ) ;
#3365 = VECTOR ( 'NONE', #2478, 1000.000000000000000 ) ;
#3366 = APPROVAL_STATUS ( 'not_yet_approved' ) ;
#3367 = CALENDAR_DATE ( 2026, 27, 7 ) ;
#3368 = CIRCLE ( 'NONE', #1706, 4.000000000000000000 ) ;
#3369 = CC_DESIGN_APPROVAL ( #288, ( #1232 ) ) ;
#3370 = APPROVAL_PERSON_ORGANIZATION ( #2602, #789, #3273 ) ;
#3371 = DIRECTION ( 'NONE',  ( -1.000000000000000000, -0.000000000000000000, -0.000000000000000000 ) ) ;
#3372 = VECTOR ( 'NONE', #2450, 1000.000000000000000 ) ;
#3373 = EDGE_CURVE ( 'NONE', #71, #1728, #3303, .T. ) ;
#3374 = ORGANIZATION ( 'NAUO-ORG18', 'UNSPECIFIED', 'UNSPECIFIED' ) ;
#3375 = LOCAL_TIME ( 2, 11, 31.00000000000000000, #2845 ) ;
#3376 = EDGE_LOOP ( 'NONE', ( #2313, #1535, #3692, #211 ) ) ;
#3377 = CC_DESIGN_SECURITY_CLASSIFICATION ( #1842, ( #3747 ) ) ;
#3378 = LOCAL_TIME ( 2, 11, 31.00000000000000000, #2877 ) ;
#3379 = CALENDAR_DATE ( 2026, 27, 7 ) ;
#3380 = EDGE_CURVE ( 'NONE', #132, #54, #2462, .T. ) ;
#3381 = DIRECTION ( 'NONE',  ( 0.000000000000000000, -0.000000000000000000, -1.000000000000000000 ) ) ;
#3382 = CALENDAR_DATE ( 2026, 27, 7 ) ;
#3383 = CC_DESIGN_PERSON_AND_ORGANIZATION_ASSIGNMENT ( #2624, #3268, ( #1243 ) ) ;
#3384 = DIRECTION ( 'NONE',  ( 0.000000000000000000, 0.000000000000000000, -1.000000000000000000 ) ) ;
#3385 = UNCERTAINTY_MEASURE_WITH_UNIT (LENGTH_MEASURE( 1.000000000000000082E-05 ), #1266, 'distance_accuracy_value', 'NONE');
#3386 = DIRECTION ( 'NONE',  ( 0.000000000000000000, 0.000000000000000000, 1.000000000000000000 ) ) ;
#3387 = APPROVAL_ROLE ( '' ) ;
#3388 = CC_DESIGN_APPROVAL ( #1663, ( #773 ) ) ;
#3389 = COORDINATED_UNIVERSAL_TIME_OFFSET ( 8, 0, .AHEAD. ) ;
#3390 = DIRECTION ( 'NONE',  ( 0.000000000000000000, 0.000000000000000000, -1.000000000000000000 ) ) ;
#3391 = APPROVAL_DATE_TIME ( #2293, #2718 ) ;
#3392 = ORIENTED_EDGE ( 'NONE', *, *, #3229, .F. ) ;
#3393 = APPROVAL_STATUS ( 'not_yet_approved' ) ;
#3394 = PERSON ( 'NAUO-PER20', 'UNSPECIFIED', 'UNSPECIFIED', ('UNSPECIFIED'), ('UNSPECIFIED'), ('UNSPECIFIED') ) ;
#3395 =( NAMED_UNIT ( * ) SI_UNIT ( $, .STERADIAN. ) SOLID_ANGLE_UNIT ( ) );
#3396 = ADVANCED_FACE ( 'NONE', ( #958 ), #3028, .F. ) ;
#3397 = DATE_AND_TIME ( #1036, #870 ) ;
#3398 = ITEM_DEFINED_TRANSFORMATION ( 'NONE', 'NONE', #915,  #2883 ) ;
#3399 = CC_DESIGN_DATE_AND_TIME_ASSIGNMENT ( #1665, #2004, ( #1971 ) ) ;
#3400 = CARTESIAN_POINT ( 'NONE',  ( -25.00000000000000000, 30.00000000000000000, 1.500000000000000000 ) ) ;
#3401 = PERSON_AND_ORGANIZATION ( #480, #863 ) ;
#3402 = ORIENTED_EDGE ( 'NONE', *, *, #2300, .F. ) ;
#3403 = PERSON_AND_ORGANIZATION ( #2402, #2555 ) ;
#3404 = APPROVAL_DATE_TIME ( #3131, #2121 ) ;
#3405 = LINE ( 'NONE', #3154, #987 ) ;
#3406 = CARTESIAN_POINT ( 'NONE',  ( 25.00000000000000000, 0.000000000000000000, -4.000000000000000000 ) ) ;
#3407 = PRODUCT ( 'FN-ASM-006A_structural-detail_R0.7', 'FN-ASM-006A_structural-detail_R0.7', '', ( #1930 ) ) ;
#3408 = EDGE_LOOP ( 'NONE', ( #624, #1863, #1816, #3102 ) ) ;
#3409 = COORDINATED_UNIVERSAL_TIME_OFFSET ( 8, 0, .AHEAD. ) ;
#3410 = PERSON_AND_ORGANIZATION_ROLE ( 'design_owner' ) ;
#3411 = COORDINATED_UNIVERSAL_TIME_OFFSET ( 8, 0, .AHEAD. ) ;
#3412 = DATE_AND_TIME ( #1080, #325 ) ;
#3413 = DIRECTION ( 'NONE',  ( 1.000000000000000000, 0.000000000000000000, -0.000000000000000000 ) ) ;
#3414 = CARTESIAN_POINT ( 'NONE',  ( -150.0000000000000000, 0.000000000000000000, 3.000000000000000000 ) ) ;
#3415 = DATE_AND_TIME ( #3688, #310 ) ;
#3416 = CC_DESIGN_DATE_AND_TIME_ASSIGNMENT ( #3330, #975, ( #1842 ) ) ;
#3417 = CLOSED_SHELL ( 'NONE', ( #1877, #2284, #1633, #3564, #3710, #178 ) ) ;
#3418 = APPROVAL ( #3053, '未指定' ) ;
#3419 = SECURITY_CLASSIFICATION_LEVEL ( 'unclassified' ) ;
#3420 = MECHANICAL_CONTEXT ( 'NONE', #3103, 'mechanical' ) ;
#3421 = COORDINATED_UNIVERSAL_TIME_OFFSET ( 8, 0, .AHEAD. ) ;
#3422 = LINE ( 'NONE', #2853, #2271 ) ;
#3423 =( REPRESENTATION_RELATIONSHIP ('NONE','NONE', #1576, #1968 ) REPRESENTATION_RELATIONSHIP_WITH_TRANSFORMATION ( #3153 )SHAPE_REPRESENTATION_RELATIONSHIP( ) );
#3424 = VECTOR ( 'NONE', #1972, 1000.000000000000000 ) ;
#3425 = FACE_OUTER_BOUND ( 'NONE', #3058, .T. ) ;
#3426 = PRODUCT_RELATED_PRODUCT_CATEGORY ( 'detail', '', ( #1567 ) ) ;
#3427 = VECTOR ( 'NONE', #2057, 1000.000000000000000 ) ;
#3428 = APPLICATION_PROTOCOL_DEFINITION ( 'international standard', 'config_control_design', 1994, #3690 ) ;
#3429 = PERSON_AND_ORGANIZATION ( #2402, #2555 ) ;
#3430 = ORGANIZATION ( 'NAUO-ORG17', 'UNSPECIFIED', 'UNSPECIFIED' ) ;
#3431 = CC_DESIGN_PERSON_AND_ORGANIZATION_ASSIGNMENT ( #3140, #2819, ( #3548 ) ) ;
#3432 = ORIENTED_EDGE ( 'NONE', *, *, #2691, .T. ) ;
#3433 = AXIS2_PLACEMENT_3D ( 'NONE', #1823, #691, #2172 ) ;
#3434 = ORGANIZATION ( 'NAUO-ORG13', 'UNSPECIFIED', 'UNSPECIFIED' ) ;
#3435 = APPROVAL_PERSON_ORGANIZATION ( #2655, #2015, #3451 ) ;
#3436 = ORIENTED_EDGE ( 'NONE', *, *, #1517, .T. ) ;
#3437 = APPROVAL_PERSON_ORGANIZATION ( #760, #1976, #3387 ) ;
#3438 = CONTEXT_DEPENDENT_SHAPE_REPRESENTATION ( #2911, #897 ) ;
#3439 = APPROVAL_DATE_TIME ( #1698, #2042 ) ;
#3440 = LOCAL_TIME ( 2, 11, 31.00000000000000000, #3464 ) ;
#3441 = ORIENTED_EDGE ( 'NONE', *, *, #3446, .F. ) ;
#3442 = COORDINATED_UNIVERSAL_TIME_OFFSET ( 8, 0, .AHEAD. ) ;
#3443 = CONTEXT_DEPENDENT_SHAPE_REPRESENTATION ( #2561, #3015 ) ;
#3444 = CALENDAR_DATE ( 2026, 27, 7 ) ;
#3445 = CARTESIAN_POINT ( 'NONE',  ( -45.00000000000000000, 8.000000000000000000, -40.00000000000000000 ) ) ;
#3446 = EDGE_CURVE ( 'NONE', #1793, #490, #939, .T. ) ;
#3447 = CC_DESIGN_DATE_AND_TIME_ASSIGNMENT ( #2421, #763, ( #1170 ) ) ;
#3448 = EDGE_LOOP ( 'NONE', ( #1335, #3579, #970, #1746 ) ) ;
#3449 = DATE_AND_TIME ( #223, #3378 ) ;
#3450 = DATE_AND_TIME ( #3183, #1233 ) ;
#3451 = APPROVAL_ROLE ( '' ) ;
#3452 = ORIENTED_EDGE ( 'NONE', *, *, #2927, .F. ) ;
#3453 = DIRECTION ( 'NONE',  ( 1.000000000000000000, 0.000000000000000000, 0.000000000000000000 ) ) ;
#3454 = COORDINATED_UNIVERSAL_TIME_OFFSET ( 8, 0, .AHEAD. ) ;
#3455 = PERSON_AND_ORGANIZATION ( #2402, #2555 ) ;
#3456 = CARTESIAN_POINT ( 'NONE',  ( 0.000000000000000000, 0.000000000000000000, 0.000000000000000000 ) ) ;
#3457 = SECURITY_CLASSIFICATION_LEVEL ( 'unclassified' ) ;
#3458 = ORIENTED_EDGE ( 'NONE', *, *, #2956, .T. ) ;
#3459 = SECURITY_CLASSIFICATION ( '', '', #3472 ) ;
#3460 = CC_DESIGN_PERSON_AND_ORGANIZATION_ASSIGNMENT ( #3263, #654, ( #200 ) ) ;
#3461 = PRODUCT_RELATED_PRODUCT_CATEGORY ( 'detail', '', ( #2203 ) ) ;
#3462 = DATE_TIME_ROLE ( 'classification_date' ) ;
#3463 = DATE_TIME_ROLE ( 'creation_date' ) ;
#3464 = COORDINATED_UNIVERSAL_TIME_OFFSET ( 8, 0, .AHEAD. ) ;
#3465 = COORDINATED_UNIVERSAL_TIME_OFFSET ( 8, 0, .AHEAD. ) ;
#3466 = PERSON_AND_ORGANIZATION ( #2402, #2555 ) ;
#3467 = PERSON_AND_ORGANIZATION ( #2402, #2555 ) ;
#3468 = DIRECTION ( 'NONE',  ( 1.000000000000000000, 0.000000000000000000, 0.000000000000000000 ) ) ;
#3469 = CARTESIAN_POINT ( 'NONE',  ( -150.0000000000000000, 32.00000000000000000, -3.000000000000000000 ) ) ;
#3470 = EDGE_LOOP ( 'NONE', ( #3441, #1089, #347, #1882 ) ) ;
#3471 = DATE_AND_TIME ( #349, #1459 ) ;
#3472 = SECURITY_CLASSIFICATION_LEVEL ( 'unclassified' ) ;
#3473 = ITEM_DEFINED_TRANSFORMATION ( 'NONE', 'NONE', #3064,  #2883 ) ;
#3474 = VECTOR ( 'NONE', #3116, 1000.000000000000000 ) ;
#3475 = VERTEX_POINT ( 'NONE', #1806 ) ;
#3476 = AXIS2_PLACEMENT_3D ( 'NONE', #3006, #392, #2714 ) ;
#3477 = VECTOR ( 'NONE', #3588, 1000.000000000000000 ) ;
#3478 = LOCAL_TIME ( 2, 11, 31.00000000000000000, #391 ) ;
#3479 = APPROVAL_DATE_TIME ( #3450, #1547 ) ;
#3480 = APPROVAL_PERSON_ORGANIZATION ( #1188, #2119, #546 ) ;
#3481 = PRODUCT_DEFINITION_SHAPE ( 'NONE', 'NONE',  #3760 ) ;
#3482 = LOCAL_TIME ( 2, 11, 31.00000000000000000, #2840 ) ;
#3483 = EDGE_CURVE ( 'NONE', #1254, #2084, #3331, .T. ) ;
#3484 = CALENDAR_DATE ( 2026, 27, 7 ) ;
#3485 = DIRECTION ( 'NONE',  ( 1.000000000000000000, 0.000000000000000000, 0.000000000000000000 ) ) ;
#3486 = ITEM_DEFINED_TRANSFORMATION ( 'NONE', 'NONE', #2382,  #2883 ) ;
#3487 = APPROVAL_STATUS ( 'not_yet_approved' ) ;
#3488 = LOCAL_TIME ( 2, 11, 31.00000000000000000, #1986 ) ;
#3489 = ORIENTED_EDGE ( 'NONE', *, *, #5, .T. ) ;
#3490 = APPROVAL_PERSON_ORGANIZATION ( #2451, #3654, #101 ) ;
#3491 = APPROVAL ( #2338, '未指定' ) ;
#3492 = LOCAL_TIME ( 2, 11, 31.00000000000000000, #2448 ) ;
#3493 = CC_DESIGN_SECURITY_CLASSIFICATION ( #2765, ( #1717 ) ) ;
#3494 =( REPRESENTATION_RELATIONSHIP ('NONE','NONE', #1576, #2314 ) REPRESENTATION_RELATIONSHIP_WITH_TRANSFORMATION ( #3473 )SHAPE_REPRESENTATION_RELATIONSHIP( ) );
#3495 = PERSON_AND_ORGANIZATION ( #2402, #2555 ) ;
#3496 = PERSON_AND_ORGANIZATION_ROLE ( 'design_owner' ) ;
#3497 = CARTESIAN_POINT ( 'NONE',  ( -25.00000000000000000, 0.000000000000000000, -1.500000000000000000 ) ) ;
#3498 = DIRECTION ( 'NONE',  ( 0.000000000000000000, -1.000000000000000000, 0.000000000000000000 ) ) ;
#3499 = ORIENTED_EDGE ( 'NONE', *, *, #1314, .F. ) ;
#3500 = APPROVAL_PERSON_ORGANIZATION ( #3255, #2908, #273 ) ;
#3501 = ORIENTED_EDGE ( 'NONE', *, *, #134, .T. ) ;
#3502 = PLANE ( 'NONE',  #1337 ) ;
#3503 = SHAPE_REPRESENTATION_RELATIONSHIP ( 'NONE' , 'NONE' ,  #1817, #1688 ) ;
#3504 = COORDINATED_UNIVERSAL_TIME_OFFSET ( 8, 0, .AHEAD. ) ;
#3505 = PERSON_AND_ORGANIZATION ( #2402, #2555 ) ;
#3506 = SHAPE_REPRESENTATION ( 'FN-FST-001_M6-bolt-envelope-D6x55_PENDING_R0.7', ( #2883 ), #2276 ) ;
#3507 = DIRECTION ( 'NONE',  ( 0.000000000000000000, 0.000000000000000000, 1.000000000000000000 ) ) ;
#3508 = APPROVAL_ROLE ( '' ) ;
#3509 = ORIENTED_EDGE ( 'NONE', *, *, #1588, .T. ) ;
#3510 = EDGE_CURVE ( 'NONE', #2095, #1254, #3571, .T. ) ;
#3511 = APPROVAL_DATE_TIME ( #3246, #2414 ) ;
#3512 = APPROVAL ( #2917, 'UNKNOWN' ) ;
#3513 = PLANE ( 'NONE',  #1288 ) ;
#3514 = CARTESIAN_POINT ( 'NONE',  ( -45.00000000000000000, 8.000000000000000000, -40.00000000000000000 ) ) ;
#3515 = EDGE_LOOP ( 'NONE', ( #3402, #3452 ) ) ;
#3516 = APPROVAL_ROLE ( '' ) ;
#3517 = PRODUCT_DEFINITION_SHAPE ( 'NONE', 'NONE',  #3757 ) ;
#3518 = CARTESIAN_POINT ( 'NONE',  ( 0.000000000000000000, 0.000000000000000000, 0.000000000000000000 ) ) ;
#3519 = SHAPE_REPRESENTATION_RELATIONSHIP ( 'NONE' , 'NONE' ,  #125, #1763 ) ;
#3520 = COORDINATED_UNIVERSAL_TIME_OFFSET ( 8, 0, .AHEAD. ) ;
#3521 = PERSON ( 'NAUO-PER36', 'UNSPECIFIED', 'UNSPECIFIED', ('UNSPECIFIED'), ('UNSPECIFIED'), ('UNSPECIFIED') ) ;
#3522 = APPLICATION_PROTOCOL_DEFINITION ( 'international standard', 'config_control_design', 1994, #1371 ) ;
#3523 = DIRECTION ( 'NONE',  ( 1.000000000000000000, 0.000000000000000000, 0.000000000000000000 ) ) ;
#3524 = ADVANCED_FACE ( 'NONE', ( #1259 ), #56, .F. ) ;
#3525 = DIRECTION ( 'NONE',  ( -0.000000000000000000, -1.000000000000000000, -0.000000000000000000 ) ) ;
#3526 = CC_DESIGN_APPROVAL ( #1775, ( #68 ) ) ;
#3527 = COORDINATED_UNIVERSAL_TIME_OFFSET ( 8, 0, .AHEAD. ) ;
#3528 = FACE_OUTER_BOUND ( 'NONE', #2221, .T. ) ;
#3529 = CARTESIAN_POINT ( 'NONE',  ( 0.000000000000000000, 0.000000000000000000, 0.000000000000000000 ) ) ;
#3530 = LINE ( 'NONE', #2649, #926 ) ;
#3531 = VERTEX_POINT ( 'NONE', #2420 ) ;
#3532 = EDGE_CURVE ( 'NONE', #283, #1728, #327, .T. ) ;
#3533 = AXIS2_PLACEMENT_3D ( 'NONE', #2994, #97, #3261 ) ;
#3534 = PERSON_AND_ORGANIZATION ( #2402, #2555 ) ;
#3535 = LOCAL_TIME ( 2, 11, 31.00000000000000000, #2554 ) ;
#3536 = VERTEX_POINT ( 'NONE', #2709 ) ;
#3537 = AXIS2_PLACEMENT_3D ( 'NONE', #1019, #136, #2444 ) ;
#3538 = FACE_OUTER_BOUND ( 'NONE', #902, .T. ) ;
#3539 = CC_DESIGN_PERSON_AND_ORGANIZATION_ASSIGNMENT ( #503, #193, ( #1717 ) ) ;
#3540 = DATE_AND_TIME ( #1819, #3241 ) ;
#3541 =( REPRESENTATION_RELATIONSHIP ('NONE','NONE', #1576, #2723 ) REPRESENTATION_RELATIONSHIP_WITH_TRANSFORMATION ( #2783 )SHAPE_REPRESENTATION_RELATIONSHIP( ) );
#3542 = VECTOR ( 'NONE', #2790, 1000.000000000000000 ) ;
#3543 = CARTESIAN_POINT ( 'NONE',  ( -32.00000000000000000, 388.5000000000000000, 120.0000000000000000 ) ) ;
#3544 = PERSON_AND_ORGANIZATION_ROLE ( 'classification_officer' ) ;
#3545 = VECTOR ( 'NONE', #3269, 1000.000000000000000 ) ;
#3546 = SECURITY_CLASSIFICATION ( '', '', #540 ) ;
#3547 = CC_DESIGN_APPROVAL ( #679, ( #2018 ) ) ;
#3548 = SECURITY_CLASSIFICATION ( '', '', #3084 ) ;
#3549 = APPLICATION_CONTEXT ( 'configuration controlled 3d designs of mechanical parts and assemblies' ) ;
#3550 = CARTESIAN_POINT ( 'NONE',  ( 12.00000000000000000, 8.000000000000000000, -9.000000000000000000 ) ) ;
#3551 = LOCAL_TIME ( 2, 11, 31.00000000000000000, #550 ) ;
#3552 = CC_DESIGN_APPROVAL ( #1597, ( #3233 ) ) ;
#3553 = PRODUCT_DEFINITION_SHAPE ( 'NONE', 'NONE',  #3739 ) ;
#3554 = PERSON_AND_ORGANIZATION ( #2402, #2555 ) ;
#3555 = CARTESIAN_POINT ( 'NONE',  ( 45.00000000000000000, 0.000000000000000000, 40.00000000000000000 ) ) ;
#3556 = DATE_TIME_ROLE ( 'classification_date' ) ;
#3557 = CARTESIAN_POINT ( 'NONE',  ( 0.000000000000000000, 32.00000000000000000, 0.000000000000000000 ) ) ;
#3558 = LOCAL_TIME ( 2, 11, 31.00000000000000000, #1969 ) ;
#3559 = SECURITY_CLASSIFICATION ( '', '', #188 ) ;
#3560 = PERSON_AND_ORGANIZATION_ROLE ( 'creator' ) ;
#3561 = COORDINATED_UNIVERSAL_TIME_OFFSET ( 8, 0, .AHEAD. ) ;
#3562 = EDGE_CURVE ( 'NONE', #3563, #1761, #2646, .T. ) ;
#3563 = VERTEX_POINT ( 'NONE', #1193 ) ;
#3564 = ADVANCED_FACE ( 'NONE', ( #2371 ), #749, .F. ) ;
#3565 = DIRECTION ( 'NONE',  ( 0.000000000000000000, 0.000000000000000000, 1.000000000000000000 ) ) ;
#3566 = APPROVAL ( #2434, '未指定' ) ;
#3567 = ITEM_DEFINED_TRANSFORMATION ( 'NONE', 'NONE', #2870,  #2883 ) ;
#3568 = DIRECTION ( 'NONE',  ( 1.000000000000000000, 0.000000000000000000, 0.000000000000000000 ) ) ;
#3569 = ORIENTED_EDGE ( 'NONE', *, *, #396, .F. ) ;
#3570 = CALENDAR_DATE ( 2026, 27, 7 ) ;
#3571 = LINE ( 'NONE', #713, #3675 ) ;
#3572 = CALENDAR_DATE ( 2026, 27, 7 ) ;
#3573 = CARTESIAN_POINT ( 'NONE',  ( -160.0000000000000000, 0.000000000000000000, 12.50000000000000000 ) ) ;
#3574 = PERSON_AND_ORGANIZATION_ROLE ( 'classification_officer' ) ;
#3575 = DIRECTION ( 'NONE',  ( -0.000000000000000000, -1.000000000000000000, -0.000000000000000000 ) ) ;
#3576 = PERSON ( 'NAUO-PER9', 'UNSPECIFIED', 'UNSPECIFIED', ('UNSPECIFIED'), ('UNSPECIFIED'), ('UNSPECIFIED') ) ;
#3577 = DATE_TIME_ROLE ( 'classification_date' ) ;
#3578 = CALENDAR_DATE ( 2026, 27, 7 ) ;
#3579 = ORIENTED_EDGE ( 'NONE', *, *, #1126, .F. ) ;
#3580 = CARTESIAN_POINT ( 'NONE',  ( 12.00000000000000000, 8.000000000000000000, 9.000000000000000000 ) ) ;
#3581 =( NAMED_UNIT ( * ) SI_UNIT ( $, .STERADIAN. ) SOLID_ANGLE_UNIT ( ) );
#3582 = COORDINATED_UNIVERSAL_TIME_OFFSET ( 8, 0, .AHEAD. ) ;
#3583 = APPROVAL_ROLE ( '' ) ;
#3584 = CC_DESIGN_DATE_AND_TIME_ASSIGNMENT ( #2139, #1910, ( #258 ) ) ;
#3585 = CC_DESIGN_PERSON_AND_ORGANIZATION_ASSIGNMENT ( #127, #1268, ( #1142 ) ) ;
#3586 = PRODUCT_DEFINITION_SHAPE ( 'NONE', 'NONE',  #3731 ) ;
#3587 = APPROVAL_DATE_TIME ( #690, #531 ) ;
#3588 = DIRECTION ( 'NONE',  ( 0.000000000000000000, 0.000000000000000000, -1.000000000000000000 ) ) ;
#3589 = DIRECTION ( 'NONE',  ( -0.000000000000000000, -0.000000000000000000, -1.000000000000000000 ) ) ;
#3590 = DIRECTION ( 'NONE',  ( -0.000000000000000000, -1.000000000000000000, -0.000000000000000000 ) ) ;
#3591 = PLANE ( 'NONE',  #1755 ) ;
#3592 = DATE_TIME_ROLE ( 'creation_date' ) ;
#3593 = VERTEX_POINT ( 'NONE', #2474 ) ;
#3594 = DIRECTION ( 'NONE',  ( -1.000000000000000000, -0.000000000000000000, -0.000000000000000000 ) ) ;
#3595 = EDGE_CURVE ( 'NONE', #2912, #1642, #3628, .T. ) ;
#3596 = DIRECTION ( 'NONE',  ( 1.000000000000000000, 0.000000000000000000, 0.000000000000000000 ) ) ;
#3597 = CALENDAR_DATE ( 2026, 27, 7 ) ;
#3598 = LINE ( 'NONE', #995, #254 ) ;
#3599 = VECTOR ( 'NONE', #3346, 1000.000000000000000 ) ;
#3600 = EDGE_CURVE ( 'NONE', #1300, #98, #2787, .T. ) ;
#3601 = MANIFOLD_SOLID_BREP ( '凸台-拉伸1', #3662 ) ;
#3602 = CARTESIAN_POINT ( 'NONE',  ( 12.00000000000000000, 8.000000000000000000, 9.000000000000000000 ) ) ;
#3603 = AXIS2_PLACEMENT_3D ( 'NONE', #1395, #3149, #3453 ) ;
#3604 = CC_DESIGN_SECURITY_CLASSIFICATION ( #1971, ( #3727 ) ) ;
#3605 = PERSON_AND_ORGANIZATION_ROLE ( 'creator' ) ;
#3606 = APPROVAL_PERSON_ORGANIZATION ( #2595, #1319, #583 ) ;
#3607 = APPROVAL ( #3487, 'UNKNOWN' ) ;
#3608 = CARTESIAN_POINT ( 'NONE',  ( 0.000000000000000000, 35.00000000000000000, 0.000000000000000000 ) ) ;
#3609 = CARTESIAN_POINT ( 'NONE',  ( -25.00000000000000000, 80.00000000000000000, 4.000000000000000000 ) ) ;
#3610 = DESIGN_CONTEXT ( 'detailed design', #1963, 'design' ) ;
#3611 = CARTESIAN_POINT ( 'NONE',  ( 0.000000000000000000, 4.898587196589412829E-16, -4.000000000000000000 ) ) ;
#3612 = AXIS2_PLACEMENT_3D ( 'NONE', #1785, #81, #2141 ) ;
#3613 = CC_DESIGN_SECURITY_CLASSIFICATION ( #815, ( #3735 ) ) ;
#3614 = SECURITY_CLASSIFICATION ( '', '', #3457 ) ;
#3615 = COORDINATED_UNIVERSAL_TIME_OFFSET ( 8, 0, .AHEAD. ) ;
#3616 = PERSON_AND_ORGANIZATION ( #2402, #2555 ) ;
#3617 = LOCAL_TIME ( 2, 11, 31.00000000000000000, #2772 ) ;
#3618 = APPROVAL_PERSON_ORGANIZATION ( #102, #623, #1541 ) ;
#3619 = LINE ( 'NONE', #1920, #2217 ) ;
#3620 = CC_DESIGN_APPROVAL ( #140, ( #2169 ) ) ;
#3621 = PRODUCT_DEFINITION_SHAPE ( 'NONE', 'NONE',  #3723 ) ;
#3622 =( REPRESENTATION_RELATIONSHIP ('NONE','NONE', #1576, #125 ) REPRESENTATION_RELATIONSHIP_WITH_TRANSFORMATION ( #2385 )SHAPE_REPRESENTATION_RELATIONSHIP( ) );
#3623 = DATE_AND_TIME ( #3641, #997 ) ;
#3624 = ORIENTED_EDGE ( 'NONE', *, *, #112, .F. ) ;
#3625 = APPROVAL_ROLE ( '' ) ;
#3626 = COORDINATED_UNIVERSAL_TIME_OFFSET ( 8, 0, .AHEAD. ) ;
#3627 = CARTESIAN_POINT ( 'NONE',  ( 120.0000000000000000, -107.0000000000000000, -171.5000000000000000 ) ) ;
#3628 = LINE ( 'NONE', #466, #1058 ) ;
#3629 = EDGE_CURVE ( 'NONE', #463, #3475, #3598, .T. ) ;
#3630 = LINE ( 'NONE', #1889, #4 ) ;
#3631 = CARTESIAN_POINT ( 'NONE',  ( -150.0000000000000000, 32.00000000000000000, 3.000000000000000000 ) ) ;
#3632 = CONTEXT_DEPENDENT_SHAPE_REPRESENTATION ( #1917, #2946 ) ;
#3633 = DIRECTION ( 'NONE',  ( 1.000000000000000000, 0.000000000000000000, -0.000000000000000000 ) ) ;
#3634 = CC_DESIGN_DATE_AND_TIME_ASSIGNMENT ( #2676, #3041, ( #16 ) ) ;
#3635 = CALENDAR_DATE ( 2026, 27, 7 ) ;
#3636 = CC_DESIGN_DATE_AND_TIME_ASSIGNMENT ( #3194, #2056, ( #773 ) ) ;
#3637 = PERSON_AND_ORGANIZATION_ROLE ( 'design_supplier' ) ;
#3638 = APPROVAL_STATUS ( 'not_yet_approved' ) ;
#3639 = DATE_TIME_ROLE ( 'classification_date' ) ;
#3640 = DIRECTION ( 'NONE',  ( 0.000000000000000000, 0.000000000000000000, -1.000000000000000000 ) ) ;
#3641 = CALENDAR_DATE ( 2026, 27, 7 ) ;
#3642 = ORIENTED_EDGE ( 'NONE', *, *, #1314, .T. ) ;
#3643 = MANIFOLD_SOLID_BREP ( '凸台-拉伸1', #189 ) ;
#3644 = APPROVAL_ROLE ( '' ) ;
#3645 = MANIFOLD_SOLID_BREP ( '凸台-拉伸1', #3066 ) ;
#3646 = CYLINDRICAL_SURFACE ( 'NONE', #250, 4.000000000000000000 ) ;
#3647 = DIRECTION ( 'NONE',  ( 0.000000000000000000, 0.000000000000000000, -1.000000000000000000 ) ) ;
#3648 = DESIGN_CONTEXT ( 'detailed design', #3549, 'design' ) ;
#3649 = DIRECTION ( 'NONE',  ( 0.000000000000000000, 1.000000000000000000, 0.000000000000000000 ) ) ;
#3650 = PRODUCT ( 'FN-FST-001_M6-bolt-envelope-D6x55_PENDING_R0.7', 'FN-FST-001_M6-bolt-envelope-D6x55_PENDING_R0.7', '', ( #1362 ) ) ;
#3651 = PERSON_AND_ORGANIZATION_ROLE ( 'classification_officer' ) ;
#3652 = FACE_OUTER_BOUND ( 'NONE', #3470, .T. ) ;
#3653 = EDGE_CURVE ( 'NONE', #2065, #1165, #2389, .T. ) ;
#3654 = APPROVAL ( #2710, '未指定' ) ;
#3655 = ORIENTED_EDGE ( 'NONE', *, *, #1432, .F. ) ;
#3656 = MANIFOLD_SOLID_BREP ( '凸台-拉伸1', #1093 ) ;
#3657 = COORDINATED_UNIVERSAL_TIME_OFFSET ( 8, 0, .AHEAD. ) ;
#3658 = DIRECTION ( 'NONE',  ( 0.000000000000000000, -1.000000000000000000, 0.000000000000000000 ) ) ;
#3659 = COORDINATED_UNIVERSAL_TIME_OFFSET ( 8, 0, .AHEAD. ) ;
#3660 = AXIS2_PLACEMENT_3D ( 'NONE', #3543, #911, #2960 ) ;
#3661 = DIRECTION ( 'NONE',  ( 1.000000000000000000, 0.000000000000000000, 0.000000000000000000 ) ) ;
#3662 = CLOSED_SHELL ( 'NONE', ( #2220, #1705, #3105, #783, #647, #2977 ) ) ;
#3663 = DIRECTION ( 'NONE',  ( 0.000000000000000000, 0.000000000000000000, -1.000000000000000000 ) ) ;
#3664 = CARTESIAN_POINT ( 'NONE',  ( -160.0000000000000000, 20.00000000000000000, 12.50000000000000000 ) ) ;
#3665 = VECTOR ( 'NONE', #640, 1000.000000000000000 ) ;
#3666 = SECURITY_CLASSIFICATION_LEVEL ( 'unclassified' ) ;
#3667 = DATE_AND_TIME ( #151, #1306 ) ;
#3668 = MANIFOLD_SOLID_BREP ( '凸台-拉伸1', #2872 ) ;
#3669 = PERSON_AND_ORGANIZATION ( #2402, #2555 ) ;
#3670 = CALENDAR_DATE ( 2026, 27, 7 ) ;
#3671 = AXIS2_PLACEMENT_3D ( 'NONE', #1087, #2267, #1383 ) ;
#3672 = CC_DESIGN_APPROVAL ( #3231, ( #1649 ) ) ;
#3673 = LOCAL_TIME ( 2, 11, 31.00000000000000000, #1748 ) ;
#3674 = DIRECTION ( 'NONE',  ( 0.000000000000000000, -0.000000000000000000, -1.000000000000000000 ) ) ;
#3675 = VECTOR ( 'NONE', #1490, 1000.000000000000000 ) ;
#3676 = LOCAL_TIME ( 2, 11, 31.00000000000000000, #2427 ) ;
#3677 = CC_DESIGN_APPROVAL ( #3654, ( #1061 ) ) ;
#3678 = EDGE_CURVE ( 'NONE', #2065, #709, #3329, .T. ) ;
#3679 = PERSON_AND_ORGANIZATION_ROLE ( 'classification_officer' ) ;
#3680 = VERTEX_POINT ( 'NONE', #1034 ) ;
#3681 = APPROVAL_PERSON_ORGANIZATION ( #479, #927, #3106 ) ;
#3682 = SECURITY_CLASSIFICATION ( '', '', #2598 ) ;
#3683 = CC_DESIGN_PERSON_AND_ORGANIZATION_ASSIGNMENT ( #3403, #2215, ( #2765 ) ) ;
#3684 = PRODUCT_DEFINITION_SHAPE ( 'NONE', 'NONE',  #773 ) ;
#3685 = APPROVAL_DATE_TIME ( #2522, #3338 ) ;
#3686 = CARTESIAN_POINT ( 'NONE',  ( 150.0000000000000000, 0.000000000000000000, -3.000000000000000000 ) ) ;
#3687 = DIRECTION ( 'NONE',  ( 0.000000000000000000, 0.000000000000000000, 1.000000000000000000 ) ) ;
#3688 = CALENDAR_DATE ( 2026, 27, 7 ) ;
#3689 = CONTEXT_DEPENDENT_SHAPE_REPRESENTATION ( #3494, #84 ) ;
#3690 = APPLICATION_CONTEXT ( 'configuration controlled 3d designs of mechanical parts and assemblies' ) ;
#3691 = CARTESIAN_POINT ( 'NONE',  ( 3.000000000000000444, 3.673940397442060361E-16, 0.000000000000000000 ) ) ;
#3692 = ORIENTED_EDGE ( 'NONE', *, *, #266, .F. ) ;
#3693 = MANIFOLD_SOLID_BREP ( '凸台-拉伸1', #135 ) ;
#3694 = ITEM_DEFINED_TRANSFORMATION ( 'NONE', 'NONE', #1217,  #2883 ) ;
#3695 =( LENGTH_UNIT ( ) NAMED_UNIT ( * ) SI_UNIT ( .MILLI., .METRE. ) );
#3696 = CC_DESIGN_PERSON_AND_ORGANIZATION_ASSIGNMENT ( #1675, #1641, ( #2950 ) ) ;
#3697 = CONTEXT_DEPENDENT_SHAPE_REPRESENTATION ( #2894, #1532 ) ;
#3698 = CC_DESIGN_PERSON_AND_ORGANIZATION_ASSIGNMENT ( #852, #2348, ( #3300 ) ) ;
#3699 = COORDINATED_UNIVERSAL_TIME_OFFSET ( 8, 0, .AHEAD. ) ;
#3700 = DIRECTION ( 'NONE',  ( -1.000000000000000000, 0.000000000000000000, 0.000000000000000000 ) ) ;
#3701 = CC_DESIGN_PERSON_AND_ORGANIZATION_ASSIGNMENT ( #1913, #2543, ( #1844 ) ) ;
#3702 = DATE_AND_TIME ( #2539, #739 ) ;
#3703 = PLANE ( 'NONE',  #3671 ) ;
#3704 = CARTESIAN_POINT ( 'NONE',  ( -160.0000000000000000, 20.00000000000000000, -12.50000000000000000 ) ) ;
#3705 = PERSON ( 'NAUO-PER28', 'UNSPECIFIED', 'UNSPECIFIED', ('UNSPECIFIED'), ('UNSPECIFIED'), ('UNSPECIFIED') ) ;
#3706 = PRODUCT_DEFINITION_SHAPE ( 'NONE', 'NONE',  #3755 ) ;
#3707 = EDGE_LOOP ( 'NONE', ( #1095, #1410, #1732, #866 ) ) ;
#3708 = PERSON_AND_ORGANIZATION_ROLE ( 'classification_officer' ) ;
#3709 = APPROVAL_STATUS ( 'not_yet_approved' ) ;
#3710 = ADVANCED_FACE ( 'NONE', ( #1292 ), #491, .F. ) ;
#3711 = DIRECTION ( 'NONE',  ( 0.000000000000000000, 0.000000000000000000, 1.000000000000000000 ) ) ;
#3712 = CONTEXT_DEPENDENT_SHAPE_REPRESENTATION ( #616, #1083 ) ;
#3713 = PERSON_AND_ORGANIZATION ( #2402, #2555 ) ;
#3714 = APPLICATION_PROTOCOL_DEFINITION ( 'international standard', 'config_control_design', 1994, #413 ) ;
#3715 = CC_DESIGN_DATE_AND_TIME_ASSIGNMENT ( #3667, #3098, ( #156 ) ) ;
#3716 = PERSON_AND_ORGANIZATION ( #2402, #2555 ) ;
#3717 = LINE ( 'NONE', #247, #1160 ) ;
#3718 = CARTESIAN_POINT ( 'NONE',  ( -160.0000000000000000, 0.000000000000000000, -12.50000000000000000 ) ) ;
#3719 = AXIS2_PLACEMENT_3D ( 'NONE', #1316, #3287, #1829 ) ;
#3720 = CARTESIAN_POINT ( 'NONE',  ( 160.0000000000000000, 0.000000000000000000, 12.50000000000000000 ) ) ;
#3721 = ORGANIZATION ( 'NAUO-ORG5', 'UNSPECIFIED', 'UNSPECIFIED' ) ;
#3722 = VECTOR ( 'NONE', #1733, 1000.000000000000000 ) ;
#3723 = NEXT_ASSEMBLY_USAGE_OCCURRENCE ( 'NAUO1', ' ', ' ', #2665, #342, $ ) ;
#3724 = NEXT_ASSEMBLY_USAGE_OCCURRENCE ( 'NAUO2', ' ', ' ', #2665, #1011, $ ) ;
#3725 = NEXT_ASSEMBLY_USAGE_OCCURRENCE ( 'NAUO3', ' ', ' ', #2665, #3160, $ ) ;
#3726 = NEXT_ASSEMBLY_USAGE_OCCURRENCE ( 'NAUO4', ' ', ' ', #2665, #3160, $ ) ;
#3727 = NEXT_ASSEMBLY_USAGE_OCCURRENCE ( 'NAUO5', ' ', ' ', #2665, #1011, $ ) ;
#3728 = NEXT_ASSEMBLY_USAGE_OCCURRENCE ( 'NAUO6', ' ', ' ', #2665, #3160, $ ) ;
#3729 = NEXT_ASSEMBLY_USAGE_OCCURRENCE ( 'NAUO7', ' ', ' ', #2665, #3160, $ ) ;
#3730 = NEXT_ASSEMBLY_USAGE_OCCURRENCE ( 'NAUO8', ' ', ' ', #2665, #342, $ ) ;
#3731 = NEXT_ASSEMBLY_USAGE_OCCURRENCE ( 'NAUO9', ' ', ' ', #2665, #1011, $ ) ;
#3732 = NEXT_ASSEMBLY_USAGE_OCCURRENCE ( 'NAUO10', ' ', ' ', #2665, #3160, $ ) ;
#3733 = NEXT_ASSEMBLY_USAGE_OCCURRENCE ( 'NAUO11', ' ', ' ', #2665, #3160, $ ) ;
#3734 = NEXT_ASSEMBLY_USAGE_OCCURRENCE ( 'NAUO12', ' ', ' ', #2665, #1011, $ ) ;
#3735 = NEXT_ASSEMBLY_USAGE_OCCURRENCE ( 'NAUO13', ' ', ' ', #2665, #3160, $ ) ;
#3736 = NEXT_ASSEMBLY_USAGE_OCCURRENCE ( 'NAUO14', ' ', ' ', #2665, #3160, $ ) ;
#3737 = NEXT_ASSEMBLY_USAGE_OCCURRENCE ( 'NAUO15', ' ', ' ', #2665, #167, $ ) ;
#3738 = NEXT_ASSEMBLY_USAGE_OCCURRENCE ( 'NAUO16', ' ', ' ', #2665, #2615, $ ) ;
#3739 = NEXT_ASSEMBLY_USAGE_OCCURRENCE ( 'NAUO17', ' ', ' ', #2665, #2615, $ ) ;
#3740 = NEXT_ASSEMBLY_USAGE_OCCURRENCE ( 'NAUO18', ' ', ' ', #2665, #167, $ ) ;
#3741 = NEXT_ASSEMBLY_USAGE_OCCURRENCE ( 'NAUO19', ' ', ' ', #2665, #2615, $ ) ;
#3742 = NEXT_ASSEMBLY_USAGE_OCCURRENCE ( 'NAUO20', ' ', ' ', #2665, #2615, $ ) ;
#3743 = NEXT_ASSEMBLY_USAGE_OCCURRENCE ( 'NAUO21', ' ', ' ', #2665, #1380, $ ) ;
#3744 = NEXT_ASSEMBLY_USAGE_OCCURRENCE ( 'NAUO22', ' ', ' ', #2665, #1380, $ ) ;
#3745 = NEXT_ASSEMBLY_USAGE_OCCURRENCE ( 'NAUO23', ' ', ' ', #2665, #1380, $ ) ;
#3746 = NEXT_ASSEMBLY_USAGE_OCCURRENCE ( 'NAUO24', ' ', ' ', #2665, #1380, $ ) ;
#3747 = NEXT_ASSEMBLY_USAGE_OCCURRENCE ( 'NAUO25', ' ', ' ', #2665, #3233, $ ) ;
#3748 = NEXT_ASSEMBLY_USAGE_OCCURRENCE ( 'NAUO26', ' ', ' ', #2665, #1142, $ ) ;
#3749 = NEXT_ASSEMBLY_USAGE_OCCURRENCE ( 'NAUO27', ' ', ' ', #2665, #1142, $ ) ;
#3750 = NEXT_ASSEMBLY_USAGE_OCCURRENCE ( 'NAUO28', ' ', ' ', #2665, #1142, $ ) ;
#3751 = NEXT_ASSEMBLY_USAGE_OCCURRENCE ( 'NAUO29', ' ', ' ', #2665, #1142, $ ) ;
#3752 = NEXT_ASSEMBLY_USAGE_OCCURRENCE ( 'NAUO30', ' ', ' ', #2665, #1044, $ ) ;
#3753 = NEXT_ASSEMBLY_USAGE_OCCURRENCE ( 'NAUO31', ' ', ' ', #2665, #1044, $ ) ;
#3754 = NEXT_ASSEMBLY_USAGE_OCCURRENCE ( 'NAUO32', ' ', ' ', #2665, #1044, $ ) ;
#3755 = NEXT_ASSEMBLY_USAGE_OCCURRENCE ( 'NAUO33', ' ', ' ', #2665, #1044, $ ) ;
#3756 = NEXT_ASSEMBLY_USAGE_OCCURRENCE ( 'NAUO34', ' ', ' ', #2665, #2181, $ ) ;
#3757 = NEXT_ASSEMBLY_USAGE_OCCURRENCE ( 'NAUO35', ' ', ' ', #2665, #2181, $ ) ;
#3758 = NEXT_ASSEMBLY_USAGE_OCCURRENCE ( 'NAUO36', ' ', ' ', #2665, #773, $ ) ;
#3759 = NEXT_ASSEMBLY_USAGE_OCCURRENCE ( 'NAUO37', ' ', ' ', #2665, #773, $ ) ;
#3760 = NEXT_ASSEMBLY_USAGE_OCCURRENCE ( 'NAUO38', ' ', ' ', #2665, #2181, $ ) ;
#3761 = NEXT_ASSEMBLY_USAGE_OCCURRENCE ( 'NAUO39', ' ', ' ', #2665, #2181, $ ) ;
#3762 = NEXT_ASSEMBLY_USAGE_OCCURRENCE ( 'NAUO40', ' ', ' ', #2665, #773, $ ) ;
#3763 = NEXT_ASSEMBLY_USAGE_OCCURRENCE ( 'NAUO41', ' ', ' ', #2665, #773, $ ) ;
ENDSEC;
END-ISO-10303-21;
