ISO-10303-21;
HEADER;
FILE_DESCRIPTION (( 'STEP AP203' ),
    '1' );
FILE_NAME ('FN-HAR-033_W6-soil-strain-relieved_R0.7.STEP',
    '2026-07-26T17:44:25',
    ( '' ),
    ( '' ),
    'SwSTEP 2.0',
    'SolidWorks 2022',
    '' );
FILE_SCHEMA (( 'CONFIG_CONTROL_DESIGN' ));
ENDSEC;

DATA;
#1 = CARTESIAN_POINT ( 'NONE',  ( -34.27445804899559079, -79.02070061409017399, -31.64162203212557500 ) ) ;
#2 = CARTESIAN_POINT ( 'NONE',  ( -61.90806331660795792, -106.7049338335256579, -26.12663660782846264 ) ) ;
#3 = CARTESIAN_POINT ( 'NONE',  ( -25.16246757791252264, -73.49036719067287038, -32.17409270977648816 ) ) ;
#4 = CARTESIAN_POINT ( 'NONE',  ( -43.14120448464844060, -79.34293789382363116, -31.19267570913088150 ) ) ;
#5 = CARTESIAN_POINT ( 'NONE',  ( 1.840359817573198997, -12.58399987775587014, -12.92814749388366380 ) ) ;
#6 = CARTESIAN_POINT ( 'NONE',  ( -63.39536403816584453, -126.0244746485003873, -25.87523281837900058 ) ) ;
#7 = CARTESIAN_POINT ( 'NONE',  ( -66.49647767680262689, -108.5818453041781879, -29.99387362521685318 ) ) ;
#8 = CARTESIAN_POINT ( 'NONE',  ( -65.21101403344182756, -123.9729813496946775, -26.74541576487366612 ) ) ;
#9 = CARTESIAN_POINT ( 'NONE',  ( -52.69567071080791720, -88.46272359079280534, -28.72270412159334185 ) ) ;
#10 = CARTESIAN_POINT ( 'NONE',  ( -20.78190209931501897, -63.89142184479445774, -34.86139012759210942 ) ) ;
#11 = CARTESIAN_POINT ( 'NONE',  ( -48.46630464961774720, -89.36676472452778341, -33.01274225466612222 ) ) ;
#12 = CARTESIAN_POINT ( 'NONE',  ( -45.19192225886436631, -85.41133912957643304, -30.18418958729640522 ) ) ;
#13 = CARTESIAN_POINT ( 'NONE',  ( -53.42879071774205357, -143.0243987935842256, -33.40759257334303101 ) ) ;
#14 = CARTESIAN_POINT ( 'NONE',  ( -58.40400221596114250, -101.3196337998438850, -28.41503025321747700 ) ) ;
#15 = CARTESIAN_POINT ( 'NONE',  ( -65.31708705265178594, -109.0316662122329348, -31.03459686951098462 ) ) ;
#16 = CARTESIAN_POINT ( 'NONE',  ( -62.60654612584112755, -132.8609124974727820, -27.98421841002184962 ) ) ;
#17 = CARTESIAN_POINT ( 'NONE',  ( -50.59283743651266718, -145.8322935287977486, -28.56829148668387575 ) ) ;
#18 = CARTESIAN_POINT ( 'NONE',  ( -53.30334450707483285, -141.4578764862487787, -33.01779115777569729 ) ) ;
#19 = CARTESIAN_POINT ( 'NONE',  ( -52.83558867324146746, -84.78173124682039941, -32.65176198825141540 ) ) ;
#20 = CARTESIAN_POINT ( 'NONE',  ( 1.237165758054082687, -5.221496333958298486, -9.789406839218397494 ) ) ;
#21 = CARTESIAN_POINT ( 'NONE',  ( -48.89008968901115537, -147.9786151506913825, -33.65626626535750177 ) ) ;
#22 = ADVANCED_FACE ( 'NONE', ( #4341 ), #983, .F. ) ;
#23 = CARTESIAN_POINT ( 'NONE',  ( -1.046478224299932425, -36.66601234995113856, -21.72237119232441671 ) ) ;
#24 = CARTESIAN_POINT ( 'NONE',  ( -55.21311510426497193, -95.67034831395561412, -32.07274485682113863 ) ) ;
#25 = CARTESIAN_POINT ( 'NONE',  ( -64.53876656906813025, -116.5072184869848542, -31.08992956314226319 ) ) ;
#26 = CARTESIAN_POINT ( 'NONE',  ( -57.17229776061676461, -144.3949240196337200, -30.76598389734071404 ) ) ;
#27 = CARTESIAN_POINT ( 'NONE',  ( -1.243920914749861106, -50.98356591118349002, -30.89425157533740673 ) ) ;
#28 = CARTESIAN_POINT ( 'NONE',  ( -37.63976898677429972, -76.59660475223350318, -31.20924100140617341 ) ) ;
#29 = CARTESIAN_POINT ( 'NONE',  ( -62.54146396896115334, -96.01848276515909220, -30.99377326048975689 ) ) ;
#30 = CARTESIAN_POINT ( 'NONE',  ( -22.93472643565287328, -72.48128067616542580, -32.79288435057692652 ) ) ;
#31 = CARTESIAN_POINT ( 'NONE',  ( -62.55794702682905495, -107.8091257409906945, -31.47669417848902995 ) ) ;
#32 = CARTESIAN_POINT ( 'NONE',  ( -61.13165086445844310, -135.6563760643862793, -30.51717717367257166 ) ) ;
#33 = CARTESIAN_POINT ( 'NONE',  ( -62.69636593056199558, -125.4662593006649018, -25.60861369780784713 ) ) ;
#34 = CARTESIAN_POINT ( 'NONE',  ( -52.35075639132437431, -92.67688196510259502, -32.58789122290375673 ) ) ;
#35 = CARTESIAN_POINT ( 'NONE',  ( -42.76061923383165464, -82.44957164155322005, -36.08823158942816178 ) ) ;
#36 = CARTESIAN_POINT ( 'NONE',  ( -3.999881934707780307, -0.7432707805684627411, -3.133753310386317104 ) ) ;
#37 = CARTESIAN_POINT ( 'NONE',  ( 1.662782364413884828, -6.750902189178878743, -9.053407682097141418 ) ) ;
#38 = CARTESIAN_POINT ( 'NONE',  ( -59.22571846485833191, -122.8222908199491599, -29.42940481054351665 ) ) ;
#39 = CARTESIAN_POINT ( 'NONE',  ( -26.92002225627144441, -70.24707983782165854, -31.54371670182400678 ) ) ;
#40 = CARTESIAN_POINT ( 'NONE',  ( -54.65252939926855902, -95.96269328515640495, -30.63748254550339567 ) ) ;
#41 = CARTESIAN_POINT ( 'NONE',  ( -51.35861321476831165, -87.03179759104311586, -29.08423300774669684 ) ) ;
#42 = CARTESIAN_POINT ( 'NONE',  ( -56.86459855634290506, -132.6013371658116853, -31.43650981200874739 ) ) ;
#43 = CARTESIAN_POINT ( 'NONE',  ( -60.07739878348697715, -103.9475807305274344, -30.97715302742638954 ) ) ;
#44 = CARTESIAN_POINT ( 'NONE',  ( -65.69013517402022728, -113.0378798806118112, -25.74554170228254435 ) ) ;
#45 = CARTESIAN_POINT ( 'NONE',  ( -54.28060897007201646, -86.44322181781227243, -30.63818188731696424 ) ) ;
#46 = CARTESIAN_POINT ( 'NONE',  ( -52.29366609701356339, -85.93683722640791700, -34.41700093325876253 ) ) ;
#47 = CARTESIAN_POINT ( 'NONE',  ( -61.69978729931393246, -134.1025974729863606, -27.39462097760808490 ) ) ;
#48 = CARTESIAN_POINT ( 'NONE',  ( -63.09845014499175164, -109.1351285656723178, -25.65821480563958801 ) ) ;
#49 = CARTESIAN_POINT ( 'NONE',  ( -44.63609753305085093, -79.03023682969568142, -33.99621816249626960 ) ) ;
#50 = CARTESIAN_POINT ( 'NONE',  ( -60.44338419760055814, -105.0512187869259577, -30.87055417336440755 ) ) ;
#51 = CARTESIAN_POINT ( 'NONE',  ( -17.28974016511294920, -65.65298182073667022, -30.38224193652869332 ) ) ;
#52 = CARTESIAN_POINT ( 'NONE',  ( -59.09869555668476693, -131.0060043651120054, -31.92209490306857589 ) ) ;
#53 = CARTESIAN_POINT ( 'NONE',  ( -60.58149309973390473, -109.6336949885317580, -27.77461601173866867 ) ) ;
#54 = CARTESIAN_POINT ( 'NONE',  ( -64.10108213873238014, -123.7411888861577722, -30.85269861712083284 ) ) ;
#55 = CARTESIAN_POINT ( 'NONE',  ( -54.36199847853705336, -149.1969521281187383, -29.97674837016684890 ) ) ;
#56 = CARTESIAN_POINT ( 'NONE',  ( -59.05780406082311629, -128.4237150179633602, -26.35835515953145247 ) ) ;
#57 = CARTESIAN_POINT ( 'NONE',  ( 3.589237130957223076, -23.62497466452678196, -19.04742081937354570 ) ) ;
#58 = CARTESIAN_POINT ( 'NONE',  ( -57.30413057955642842, -133.1511751795604539, -31.94465903837041765 ) ) ;
#59 = CARTESIAN_POINT ( 'NONE',  ( -58.37372850637905941, -100.1163871932252363, -27.82138581488698748 ) ) ;
#60 = CARTESIAN_POINT ( 'NONE',  ( -46.64727084890289888, -87.97013445134710707, -33.03620865082484670 ) ) ;
#61 = CARTESIAN_POINT ( 'NONE',  ( -60.18017177789307937, -132.8486361765408503, -31.87833906646998727 ) ) ;
#62 = CARTESIAN_POINT ( 'NONE',  ( -55.71081105297719915, -147.0236328126965759, -31.14168010250674001 ) ) ;
#63 = CARTESIAN_POINT ( 'NONE',  ( -15.37758542044085530, -63.61320736459029490, -36.27314193301907608 ) ) ;
#64 = CARTESIAN_POINT ( 'NONE',  ( -62.24107879022036371, -109.2239373783147585, -25.96608950774108138 ) ) ;
#65 = CARTESIAN_POINT ( 'NONE',  ( 2.375559672537598033, -17.41008931477138688, -15.35649666036034411 ) ) ;
#66 = CARTESIAN_POINT ( 'NONE',  ( -48.81783399656376332, -83.02436860875043578, -34.95899279211099042 ) ) ;
#67 = CARTESIAN_POINT ( 'NONE',  ( -20.21991138989939785, -70.52694392034160842, -32.48191915544445862 ) ) ;
#68 = CARTESIAN_POINT ( 'NONE',  ( -62.84028843123306984, -116.4581000289161210, -31.18261944493961479 ) ) ;
#69 = CARTESIAN_POINT ( 'NONE',  ( -66.69916050771705329, -110.8444680647025820, -29.83762862205400523 ) ) ;
#70 = CARTESIAN_POINT ( 'NONE',  ( -61.47571480206335082, -129.1302548210954058, -25.84143095452633787 ) ) ;
#71 = CARTESIAN_POINT ( 'NONE',  ( -46.64727084890289888, -87.97013445134710707, -33.03620865082484670 ) ) ;
#72 = CARTESIAN_POINT ( 'NONE',  ( -41.25145732452210012, -81.69468466883597557, -36.23682275244527773 ) ) ;
#73 = CARTESIAN_POINT ( 'NONE',  ( -56.27080518523036545, -145.8865231760332506, -29.48178524178916149 ) ) ;
#74 = CARTESIAN_POINT ( 'NONE',  ( -3.550060309488036303, -53.36923756762949722, -26.54559176996957603 ) ) ;
#75 = CARTESIAN_POINT ( 'NONE',  ( -55.07732377672409996, -96.49584599259303275, -30.55908199679577919 ) ) ;
#76 = CARTESIAN_POINT ( 'NONE',  ( -9.369358225291399833, -53.93145861056861889, -29.30408583002849099 ) ) ;
#77 = CARTESIAN_POINT ( 'NONE',  ( -44.04581996441909553, -85.86072710662601537, -31.31812048227103418 ) ) ;
#78 = CARTESIAN_POINT ( 'NONE',  ( -55.78343064171846066, -135.0693739019021109, -31.72138130508912113 ) ) ;
#79 = CARTESIAN_POINT ( 'NONE',  ( -14.51147713247425841, -66.20827512907203527, -31.94863252699460432 ) ) ;
#80 = CARTESIAN_POINT ( 'NONE',  ( -65.63430858759174669, -109.7685004727855613, -25.90839243445990903 ) ) ;
#81 = CARTESIAN_POINT ( 'NONE',  ( -62.75665650030462217, -97.27019642574464342, -27.96241976700558851 ) ) ;
#82 = CARTESIAN_POINT ( 'NONE',  ( -48.17903959244723211, -158.5750858821481302, -33.92164300817542966 ) ) ;
#83 = CARTESIAN_POINT ( 'NONE',  ( -8.254460215332260375, -53.14883666603810042, -32.42695421864671346 ) ) ;
#84 = CARTESIAN_POINT ( 'NONE',  ( -63.20514806271133779, -112.8148217918729728, -25.50329361008670048 ) ) ;
#85 = CARTESIAN_POINT ( 'NONE',  ( -47.57369094416149835, -89.03633817757371105, -32.28133759979714057 ) ) ;
#86 = CARTESIAN_POINT ( 'NONE',  ( -61.42415556195389570, -109.9891210207119059, -30.53727397363564933 ) ) ;
#87 = CARTESIAN_POINT ( 'NONE',  ( -54.47546219090681063, -95.08821134669537400, -29.24545527746693807 ) ) ;
#88 = CARTESIAN_POINT ( 'NONE',  ( 0.01714497081729306552, -3.213966978717990308, -9.403551276861850994 ) ) ;
#89 = CARTESIAN_POINT ( 'NONE',  ( -54.04155621395517528, -94.56732472189916905, -29.32342179170858643 ) ) ;
#90 = CARTESIAN_POINT ( 'NONE',  ( -55.62904253999417392, -144.2150787882907537, -32.81377256289092514 ) ) ;
#91 = CARTESIAN_POINT ( 'NONE',  ( -61.64047094343963096, -135.1627144726673464, -28.19203005618046021 ) ) ;
#92 = CARTESIAN_POINT ( 'NONE',  ( -56.68551509359725316, -134.1945466573862973, -26.93174341635620550 ) ) ;
#93 = CARTESIAN_POINT ( 'NONE',  ( 1.360333414023364496, -2.741604926905697237, -7.081863613384430600 ) ) ;
#94 = CARTESIAN_POINT ( 'NONE',  ( -50.26352165931468363, -143.6126357995050853, -31.82469506444730811 ) ) ;
#95 = CARTESIAN_POINT ( 'NONE',  ( -57.94757159394492163, -131.5972412488703753, -31.78038044588239686 ) ) ;
#96 = CARTESIAN_POINT ( 'NONE',  ( -7.839822705427868854, -53.33754415234688651, -27.54553510746511691 ) ) ;
#97 = CARTESIAN_POINT ( 'NONE',  ( -61.24004123258801258, -108.5280990838664366, -30.61244513427606506 ) ) ;
#98 = CARTESIAN_POINT ( 'NONE',  ( -0.6481625650294055019, -51.40545433221563343, -29.35883459978306931 ) ) ;
#99 = CARTESIAN_POINT ( 'NONE',  ( -62.62740801572831373, -132.9191831507429242, -29.48041329894940432 ) ) ;
#100 = CARTESIAN_POINT ( 'NONE',  ( -62.32776647736218223, -113.4877232872521944, -25.81800403377623354 ) ) ;
#101 = CARTESIAN_POINT ( 'NONE',  ( 3.025294533676844200, -21.46084818077869016, -17.09167639504664038 ) ) ;
#102 = CARTESIAN_POINT ( 'NONE',  ( -65.45503832588576643, -102.2459977606022505, -29.93488030537972833 ) ) ;
#103 = CARTESIAN_POINT ( 'NONE',  ( -47.57369094416149835, -89.03633817757371105, -32.28133759979714057 ) ) ;
#104 = CARTESIAN_POINT ( 'NONE',  ( -58.74747939273436970, -131.8909077765769098, -32.00776489659436663 ) ) ;
#105 = CARTESIAN_POINT ( 'NONE',  ( -65.83690946794739318, -121.3881498512100592, -29.64011010702397897 ) ) ;
#106 = CARTESIAN_POINT ( 'NONE',  ( -2.977574687425531330, -8.602991422837165558, -7.652822819549059297 ) ) ;
#107 = CARTESIAN_POINT ( 'NONE',  ( -36.76101194662572169, -81.27147695726408472, -32.88212243996962059 ) ) ;
#108 = CARTESIAN_POINT ( 'NONE',  ( -1.474858287577698768, -52.64032458662159542, -29.94084132362401363 ) ) ;
#109 = CARTESIAN_POINT ( 'NONE',  ( -49.10675740960286362, -157.5763942802614963, -31.40513259411097735 ) ) ;
#110 = CARTESIAN_POINT ( 'NONE',  ( -19.82531039651499327, -70.38171127267133897, -33.20990639910387188 ) ) ;
#111 = CARTESIAN_POINT ( 'NONE',  ( -56.24060277664457175, -98.09924256454634417, -30.33680481091727188 ) ) ;
#112 = CARTESIAN_POINT ( 'NONE',  ( -52.03985941347938393, -89.11007457932431919, -28.70683529208773876 ) ) ;
#113 = EDGE_CURVE ( 'NONE', #5586, #2392, #3302, .T. ) ;
#114 = CARTESIAN_POINT ( 'NONE',  ( -40.24202921319337634, -82.89171357314953070, -31.24988485988368225 ) ) ;
#115 = CARTESIAN_POINT ( 'NONE',  ( -56.65366437239048736, -93.05842706063253900, -27.74373781047229670 ) ) ;
#116 = CARTESIAN_POINT ( 'NONE',  ( -40.41698306541100294, -83.60710123408566119, -32.79110430746327864 ) ) ;
#117 = CARTESIAN_POINT ( 'NONE',  ( -3.000690194450124526, -19.72198989369784883, -18.38543724228811627 ) ) ;
#118 = CARTESIAN_POINT ( 'NONE',  ( -66.15729114648650011, -115.0716888571555785, -26.19272973601151477 ) ) ;
#119 = CARTESIAN_POINT ( 'NONE',  ( -63.01394191558498648, -131.0344207327226229, -30.10856356010016555 ) ) ;
#120 = CARTESIAN_POINT ( 'NONE',  ( -0.7832857751142402458, -34.05191092826989774, -25.51525363928688961 ) ) ;
#121 = CARTESIAN_POINT ( 'NONE',  ( -63.10759489192332694, -114.7413450345616610, -25.46562307583450391 ) ) ;
#122 = CARTESIAN_POINT ( 'NONE',  ( -41.01420285782098318, -83.95105511583480506, -31.99312312489172072 ) ) ;
#123 = CARTESIAN_POINT ( 'NONE',  ( -61.46388313802134462, -110.4146499699358799, -30.51897702872421547 ) ) ;
#124 = CARTESIAN_POINT ( 'NONE',  ( -60.70502270523609667, -111.9341906971545200, -27.70161952239544334 ) ) ;
#125 = CARTESIAN_POINT ( 'NONE',  ( -52.94288833137853345, -143.9117480712855581, -33.54252247686352462 ) ) ;
#126 = CARTESIAN_POINT ( 'NONE',  ( -12.77341780573752317, -60.94181981727832920, -29.13519782066983410 ) ) ;
#127 = CARTESIAN_POINT ( 'NONE',  ( -55.77195988297944496, -143.9521163044966841, -32.77608135148787483 ) ) ;
#128 = CARTESIAN_POINT ( 'NONE',  ( -9.961490440409811242, -56.16466619140895489, -34.20462225324810390 ) ) ;
#129 = CARTESIAN_POINT ( 'NONE',  ( -45.49841516767492067, -154.0153077310906440, -30.03397852258547118 ) ) ;
#130 = CARTESIAN_POINT ( 'NONE',  ( 2.899737436731892437, 1.696456640980667618, 0.000000000000000000 ) ) ;
#131 = CARTESIAN_POINT ( 'NONE',  ( -59.42014330632255792, -125.6906337036512440, -30.80596428452615854 ) ) ;
#132 = CARTESIAN_POINT ( 'NONE',  ( -50.89375058237283866, -142.4864669571381057, -31.64346609647834896 ) ) ;
#133 = CARTESIAN_POINT ( 'NONE',  ( 2.084911898334938840, 0.2807293014713165280, -2.796938461809144627 ) ) ;
#134 = CARTESIAN_POINT ( 'NONE',  ( -60.22134579464958648, -105.1612137255003887, -27.30128341765421851 ) ) ;
#135 = CARTESIAN_POINT ( 'NONE',  ( -57.49343568292481166, -131.0728212136641559, -31.27453673042651516 ) ) ;
#136 = CARTESIAN_POINT ( 'NONE',  ( -0.6171275523863190005, -0.7150407580981544831, -6.883480785707947192 ) ) ;
#137 = CARTESIAN_POINT ( 'NONE',  ( -4.818636780386015062, -52.17253432936009006, -32.86005862753324891 ) ) ;
#138 = CARTESIAN_POINT ( 'NONE',  ( -63.73738311530631506, -124.8751997644028080, -25.81930680027497971 ) ) ;
#139 = CARTESIAN_POINT ( 'NONE',  ( -54.54659249953044764, -91.91919124416760667, -28.16012253733449811 ) ) ;
#140 = CARTESIAN_POINT ( 'NONE',  ( 2.016054616341453887, -13.23553466188795014, -13.89542464097961805 ) ) ;
#141 = CARTESIAN_POINT ( 'NONE',  ( -52.92212386217286024, -85.63147585297740250, -33.81746753071440281 ) ) ;
#142 = CARTESIAN_POINT ( 'NONE',  ( -51.27792799931425094, -142.5816235584249512, -32.34299698222790198 ) ) ;
#143 = CARTESIAN_POINT ( 'NONE',  ( -53.56885824161152243, -142.7662413260644882, -33.36895529439063779 ) ) ;
#144 = CARTESIAN_POINT ( 'NONE',  ( -65.40890797623262642, -123.3078221872957556, -29.68891765461723864 ) ) ;
#145 = CARTESIAN_POINT ( 'NONE',  ( -49.72823135796351579, -152.0459105345067599, -28.81354109084732329 ) ) ;
#146 = CARTESIAN_POINT ( 'NONE',  ( -16.15182510591626652, -65.83054537938792805, -35.97216509124331196 ) ) ;
#147 = CARTESIAN_POINT ( 'NONE',  ( -58.15413261497062791, -142.4233484549672539, -29.00586901110172988 ) ) ;
#148 = CARTESIAN_POINT ( 'NONE',  ( -3.914763766142477674, -53.98229023796000092, -26.79223779320519583 ) ) ;
#149 = CARTESIAN_POINT ( 'NONE',  ( -52.37337501486989311, -93.43397727530745556, -31.01833354580721291 ) ) ;
#150 = CARTESIAN_POINT ( 'NONE',  ( -56.83669670969943866, -133.8580313009060205, -26.89380616645839694 ) ) ;
#151 = CARTESIAN_POINT ( 'NONE',  ( -47.85386645580020826, -89.20337997573861344, -31.42769454848644983 ) ) ;
#152 = CARTESIAN_POINT ( 'NONE',  ( -61.30352749266907608, -124.2581095203802590, -25.68207953508368391 ) ) ;
#153 = CARTESIAN_POINT ( 'NONE',  ( -26.34141345240523790, -74.81646049661117104, -33.63183861510302819 ) ) ;
#154 = CARTESIAN_POINT ( 'NONE',  ( -53.89367771471818713, -146.8140806299441010, -28.09471816639830877 ) ) ;
#155 = CARTESIAN_POINT ( 'NONE',  ( -66.26573924810986682, -111.9150985333588864, -26.30707518033344883 ) ) ;
#156 = CARTESIAN_POINT ( 'NONE',  ( -65.30837666906711547, -123.7181491833764824, -29.70195453416387465 ) ) ;
#157 = CARTESIAN_POINT ( 'NONE',  ( -11.37055730161103995, -56.17386805962895124, -33.23838577611441991 ) ) ;
#158 = CARTESIAN_POINT ( 'NONE',  ( -50.79204854099304356, -147.1100370262324475, -28.30852736530028224 ) ) ;
#159 = CARTESIAN_POINT ( 'NONE',  ( -22.93472643565287328, -72.48128067616542580, -32.79288435057692652 ) ) ;
#160 = CARTESIAN_POINT ( 'NONE',  ( -39.74656575677403936, -83.16894747580934677, -32.78656526660169135 ) ) ;
#161 = CARTESIAN_POINT ( 'NONE',  ( -51.65986465443239695, -91.94810622859041871, -29.70309327019735335 ) ) ;
#162 = CARTESIAN_POINT ( 'NONE',  ( -59.59805606584682636, -129.6983177778296579, -31.80286656380997101 ) ) ;
#163 = CARTESIAN_POINT ( 'NONE',  ( -39.64265361781497887, -80.83554671197275354, -30.48316156749043415 ) ) ;
#164 = CARTESIAN_POINT ( 'NONE',  ( -1.475240886735924351, -43.05431255343182784, -29.11655097384211288 ) ) ;
#165 = CARTESIAN_POINT ( 'NONE',  ( 2.557291459050429872, -28.78301345624991825, -24.32353632845942215 ) ) ;
#166 = CARTESIAN_POINT ( 'NONE',  ( -6.730209626659431343, -53.13519256307341720, -33.19694376979394690 ) ) ;
#167 = CARTESIAN_POINT ( 'NONE',  ( -0.2317452094131953744, -6.341505505260984776, -4.615133477788292637 ) ) ;
#168 = CARTESIAN_POINT ( 'NONE',  ( 1.237165758054082687, -5.221496333958298486, -9.789406839218397494 ) ) ;
#169 = CARTESIAN_POINT ( 'NONE',  ( -61.42415556195389570, -109.9891210207119059, -30.53727397363564933 ) ) ;
#170 = CARTESIAN_POINT ( 'NONE',  ( -52.66213820372769305, -139.1952316096696904, -31.14302806850844263 ) ) ;
#171 = CARTESIAN_POINT ( 'NONE',  ( -53.95696425438097776, -140.2151668649206613, -32.83757523219709640 ) ) ;
#172 = CARTESIAN_POINT ( 'NONE',  ( -24.80823674654830668, -70.73788699701886173, -31.15279861875479028 ) ) ;
#173 = CARTESIAN_POINT ( 'NONE',  ( -58.61601562236651120, -128.1140702610990445, -30.99628952605011989 ) ) ;
#174 = CARTESIAN_POINT ( 'NONE',  ( -55.11639577046018701, -143.4429804249227800, -33.16176977841297457 ) ) ;
#175 = CARTESIAN_POINT ( 'NONE',  ( -22.49745219945529229, -65.66636818817684684, -36.23475842551123804 ) ) ;
#176 = CARTESIAN_POINT ( 'NONE',  ( -2.226292318742059351, -43.27740375721845822, -28.63278838609977939 ) ) ;
#177 = CARTESIAN_POINT ( 'NONE',  ( -49.93986837738578544, -86.82278468253743142, -29.18784070785415352 ) ) ;
#178 = CARTESIAN_POINT ( 'NONE',  ( 2.070000499457692378, -1.760091560924153198, -4.517312173939026287 ) ) ;
#179 = CARTESIAN_POINT ( 'NONE',  ( -62.05667660209885383, -134.3074255174935843, -29.60306682550937296 ) ) ;
#180 = CARTESIAN_POINT ( 'NONE',  ( -58.19636317199488929, -127.4573787176090605, -30.47697760625963426 ) ) ;
#181 = CARTESIAN_POINT ( 'NONE',  ( 0.3031871246798767960, -7.775423685784437211, -13.54048566386366836 ) ) ;
#182 = CARTESIAN_POINT ( 'NONE',  ( 2.964849705960928450, -33.48469273146956482, -25.86068987490056870 ) ) ;
#183 = CARTESIAN_POINT ( 'NONE',  ( -2.992668375769730549, -9.119546340445698007, -8.141052541050912694 ) ) ;
#184 = CARTESIAN_POINT ( 'NONE',  ( -38.04839763325384183, -79.97059518353239582, -36.54082939943512542 ) ) ;
#185 = CARTESIAN_POINT ( 'NONE',  ( -63.05432559779679025, -96.79029888454175534, -28.59778950346024828 ) ) ;
#186 = CARTESIAN_POINT ( 'NONE',  ( 2.722870788284201371, -33.63892443086011497, -20.21689219658431824 ) ) ;
#187 = CARTESIAN_POINT ( 'NONE',  ( -60.64629560986012535, -113.1197391752086361, -29.19256295247081923 ) ) ;
#188 = CARTESIAN_POINT ( 'NONE',  ( -56.23603498185660499, -135.1728812133928272, -27.04617106158964646 ) ) ;
#189 = CARTESIAN_POINT ( 'NONE',  ( -50.68603973331814672, -142.8601048057493017, -31.70279729817224990 ) ) ;
#190 = CARTESIAN_POINT ( 'NONE',  ( -62.58656398352731287, -118.7934089553040309, -25.48059153384842190 ) ) ;
#191 = CARTESIAN_POINT ( 'NONE',  ( -61.32628382633468789, -109.1442621064847174, -30.57881597031907717 ) ) ;
#192 = CARTESIAN_POINT ( 'NONE',  ( -3.768817366859961826, -14.91660425625554787, -14.67432365158873253 ) ) ;
#193 = CARTESIAN_POINT ( 'NONE',  ( -63.81163978099748135, -128.8103926865362041, -29.94967851972826267 ) ) ;
#194 = CARTESIAN_POINT ( 'NONE',  ( -7.284658827901819400, -52.11087687801355628, -32.11485376518136547 ) ) ;
#195 = CARTESIAN_POINT ( 'NONE',  ( -42.98981875749864656, -159.1414942409104185, -30.56225419557824097 ) ) ;
#196 = CARTESIAN_POINT ( 'NONE',  ( -49.30027319817769182, -90.48901001093592811, -32.21087358922696353 ) ) ;
#197 = CARTESIAN_POINT ( 'NONE',  ( -57.74900221662798572, -130.4281641585599516, -31.21025994437790629 ) ) ;
#198 = CARTESIAN_POINT ( 'NONE',  ( -56.47745642800958166, -97.84090407635359554, -28.85043114173485890 ) ) ;
#199 = CARTESIAN_POINT ( 'NONE',  ( -38.59651342138575814, -81.13068138131444584, -35.91455662960569839 ) ) ;
#200 = CARTESIAN_POINT ( 'NONE',  ( -55.74807295052942635, -132.5990310739618963, -28.77545309901456605 ) ) ;
#201 = CARTESIAN_POINT ( 'NONE',  ( -59.47866640888742040, -134.0893601261781498, -26.28060567040083839 ) ) ;
#202 = CARTESIAN_POINT ( 'NONE',  ( -55.90011571539122315, -145.7772187254391838, -28.78399753422002760 ) ) ;
#203 = CARTESIAN_POINT ( 'NONE',  ( -2.489455421939780866, -3.482816145501824945, -10.36207012253733950 ) ) ;
#204 = CARTESIAN_POINT ( 'NONE',  ( -4.533291633265883469, -3.372299211708952082, -6.947933881652239130 ) ) ;
#205 = CARTESIAN_POINT ( 'NONE',  ( -0.9402979774114007538, -19.38526988368256099, -14.39758237272472385 ) ) ;
#206 = CARTESIAN_POINT ( 'NONE',  ( -61.47462863212794559, -115.4152204650863780, -30.41917018672549133 ) ) ;
#207 = CARTESIAN_POINT ( 'NONE',  ( 2.241423516271351613, -22.71861472060051312, -16.19901270180203312 ) ) ;
#208 = CARTESIAN_POINT ( 'NONE',  ( -32.94186264755244054, -78.85224665204938788, -34.85588381646910960 ) ) ;
#209 = CARTESIAN_POINT ( 'NONE',  ( -32.19364873766728863, -75.32774222696200184, -31.04654876528121221 ) ) ;
#210 = CARTESIAN_POINT ( 'NONE',  ( -55.33118193812546082, -143.0445875727820635, -33.10440145406859358 ) ) ;
#211 = CARTESIAN_POINT ( 'NONE',  ( -4.379623856044765340, -6.648349979307230484, -11.71246201237217655 ) ) ;
#212 = CARTESIAN_POINT ( 'NONE',  ( -3.000690194450124526, -19.72198989369784883, -18.38543724228811627 ) ) ;
#213 = CARTESIAN_POINT ( 'NONE',  ( -44.80249630591916343, -81.67494235326680041, -30.31191469385580817 ) ) ;
#214 = CARTESIAN_POINT ( 'NONE',  ( -57.90942566079820608, -98.39612814178678946, -32.22102738410566758 ) ) ;
#215 = CARTESIAN_POINT ( 'NONE',  ( -59.17090412838841473, -140.5739868900195404, -30.26752252425185574 ) ) ;
#216 = CARTESIAN_POINT ( 'NONE',  ( -60.92105678127444435, -114.7490690901483248, -29.91642876353819958 ) ) ;
#217 = CARTESIAN_POINT ( 'NONE',  ( -54.18677328285447459, -141.6134374988988611, -33.19972474196723766 ) ) ;
#218 = CARTESIAN_POINT ( 'NONE',  ( -3.254602153410171006, -2.817973315491822728, -9.163396182785131572 ) ) ;
#219 = CARTESIAN_POINT ( 'NONE',  ( -1.461138285120479940, -32.68550625540709120, -21.99945058995985647 ) ) ;
#220 = CARTESIAN_POINT ( 'NONE',  ( -63.92678317723674297, -102.9916548459006549, -31.62999809280769981 ) ) ;
#221 = CARTESIAN_POINT ( 'NONE',  ( -44.36617532844902456, -78.94569385756146573, -34.80102970920768968 ) ) ;
#222 = CARTESIAN_POINT ( 'NONE',  ( 2.029221132464447575, -18.06194371617817040, -14.94979287511281463 ) ) ;
#223 = CARTESIAN_POINT ( 'NONE',  ( -56.50486590237846940, -130.8929502114990555, -30.09815998481538557 ) ) ;
#224 = CARTESIAN_POINT ( 'NONE',  ( -58.92438748183882069, -123.9308673196661630, -29.49892754188017463 ) ) ;
#225 = CARTESIAN_POINT ( 'NONE',  ( -57.85181341351182738, -133.6189063849356558, -26.44740996929547450 ) ) ;
#226 = PERSON_AND_ORGANIZATION ( #7082, #1896 ) ;
#227 = CARTESIAN_POINT ( 'NONE',  ( -61.17438201053557378, -118.1373839543577446, -30.44936429056908977 ) ) ;
#228 = CARTESIAN_POINT ( 'NONE',  ( -4.231403834595404589, -8.407819258120200701, -9.063099751470309329 ) ) ;
#229 = CARTESIAN_POINT ( 'NONE',  ( -39.37029707192752426, -77.91900922688336095, -36.94579786013599687 ) ) ;
#230 = CARTESIAN_POINT ( 'NONE',  ( -32.10585071433644089, -71.01280342850002114, -34.23179723024284726 ) ) ;
#231 = CARTESIAN_POINT ( 'NONE',  ( -51.76441830156520751, -145.4570434033400659, -28.03922146423526485 ) ) ;
#232 = CARTESIAN_POINT ( 'NONE',  ( -35.05792399742449561, -80.04338749621618376, -32.21527824352936165 ) ) ;
#233 = CARTESIAN_POINT ( 'NONE',  ( -57.22951507498376600, -131.7236562311723844, -31.34179510152443981 ) ) ;
#234 = CARTESIAN_POINT ( 'NONE',  ( -60.32007817351317414, -107.6540186535171699, -27.87367636697606343 ) ) ;
#235 = CARTESIAN_POINT ( 'NONE',  ( -40.71912853402061216, -82.27292459659901169, -35.77297486688081563 ) ) ;
#236 = CARTESIAN_POINT ( 'NONE',  ( -58.82775186330468387, -124.2220952191887022, -28.00931423825112887 ) ) ;
#237 = CARTESIAN_POINT ( 'NONE',  ( -60.83824001888721966, -130.8185382719221366, -25.97550135404654625 ) ) ;
#238 = CARTESIAN_POINT ( 'NONE',  ( -4.503835279938866343, -10.77285667108743183, -12.29062974439342248 ) ) ;
#239 = CARTESIAN_POINT ( 'NONE',  ( -54.23935794638502017, -146.7111223416777648, -33.18391104134347103 ) ) ;
#240 = CARTESIAN_POINT ( 'NONE',  ( -3.999881934707780307, -0.7432707805684627411, -3.133753310386317104 ) ) ;
#241 = CARTESIAN_POINT ( 'NONE',  ( -0.6328134020486703148, -15.66576414274505069, -12.27124594478829245 ) ) ;
#242 = CLOSED_SHELL ( 'NONE', ( #22, #3407, #4272, #434 ) ) ;
#243 = CARTESIAN_POINT ( 'NONE',  ( -39.47186347306166709, -82.77736130231822642, -34.45641648422517278 ) ) ;
#244 = CARTESIAN_POINT ( 'NONE',  ( -60.69883979467181945, -120.7765928427459983, -30.53077815997724187 ) ) ;
#245 = CARTESIAN_POINT ( 'NONE',  ( -55.88138650016171027, -132.3884506782971755, -30.26138817055077723 ) ) ;
#246 = CARTESIAN_POINT ( 'NONE',  ( -48.76224864599156206, -88.36560624515998086, -34.40267051546756250 ) ) ;
#247 = CARTESIAN_POINT ( 'NONE',  ( -61.09921150910789578, -112.2448980875379476, -26.93620505254618180 ) ) ;
#248 = CC_DESIGN_APPROVAL ( #4491, ( #5787 ) ) ;
#249 = CARTESIAN_POINT ( 'NONE',  ( 4.161833115229499391, -33.39466622568468779, -23.62272726338596129 ) ) ;
#250 = CARTESIAN_POINT ( 'NONE',  ( -0.6465889161158357989, -24.19610261030308607, -23.14173798285215966 ) ) ;
#251 = CARTESIAN_POINT ( 'NONE',  ( -3.870030477355019816, -46.78079902763262510, -29.78063398214004920 ) ) ;
#252 = CARTESIAN_POINT ( 'NONE',  ( -61.13383663407905289, -105.3793106440106158, -31.37350242122641220 ) ) ;
#253 = CARTESIAN_POINT ( 'NONE',  ( -49.75619365801505722, -156.7609211833068343, -32.75018854074026819 ) ) ;
#254 = CARTESIAN_POINT ( 'NONE',  ( -2.049660518530576958, -52.08192214429087841, -26.34802401539917938 ) ) ;
#255 = CARTESIAN_POINT ( 'NONE',  ( -57.90991655856444709, -128.2690552375378559, -30.54749750003304243 ) ) ;
#256 = CARTESIAN_POINT ( 'NONE',  ( -53.36660568607568678, -143.1389343212532026, -33.42486709786425791 ) ) ;
#257 = CARTESIAN_POINT ( 'NONE',  ( -16.16141394510792395, -63.18377248971236781, -36.37325699260096457 ) ) ;
#258 = CARTESIAN_POINT ( 'NONE',  ( -2.718178410472678053, -19.30482497343089321, -16.17424281599651792 ) ) ;
#259 = CARTESIAN_POINT ( 'NONE',  ( -63.46286135440480791, -101.7590273581890443, -31.79518818124092050 ) ) ;
#260 = CARTESIAN_POINT ( 'NONE',  ( -6.730209626659431343, -53.13519256307341720, -33.19694376979394690 ) ) ;
#261 = CARTESIAN_POINT ( 'NONE',  ( -62.19991017314527681, -108.7940283274240585, -25.98962591589219784 ) ) ;
#262 = CARTESIAN_POINT ( 'NONE',  ( -56.28738367078971550, -131.4231936681625541, -30.15451507913824614 ) ) ;
#263 = CARTESIAN_POINT ( 'NONE',  ( -63.20719813379012209, -111.1773507710575473, -25.55853050217228173 ) ) ;
#264 = CARTESIAN_POINT ( 'NONE',  ( -51.31758783062835505, -143.7923858117736415, -32.95533384305549873 ) ) ;
#265 = CARTESIAN_POINT ( 'NONE',  ( -57.13970908641276480, -131.9420766125641364, -31.36502999619118626 ) ) ;
#266 = CARTESIAN_POINT ( 'NONE',  ( -4.151983044779655074, -6.560227952404487084, -7.168664957058862086 ) ) ;
#267 = CARTESIAN_POINT ( 'NONE',  ( -54.26461548201992713, -147.3964418027061356, -28.60425992453361488 ) ) ;
#268 = CARTESIAN_POINT ( 'NONE',  ( -2.201895218070354598, -10.88201591658001099, -16.53734573065472091 ) ) ;
#269 = CARTESIAN_POINT ( 'NONE',  ( -51.62246549624693159, -84.42025319638646863, -30.82822912831482398 ) ) ;
#270 = CARTESIAN_POINT ( 'NONE',  ( -57.40673501235470155, -134.6148296484422531, -26.55631907394838365 ) ) ;
#271 = CARTESIAN_POINT ( 'NONE',  ( -55.82619874430917406, -97.19704401884459344, -31.24726738734918285 ) ) ;
#272 = CARTESIAN_POINT ( 'NONE',  ( -60.22851178333839073, -122.8032457593197790, -30.62595864745102503 ) ) ;
#273 = CARTESIAN_POINT ( 'NONE',  ( -55.17387991623726151, -133.8945130648193924, -28.92828833913396380 ) ) ;
#274 = CARTESIAN_POINT ( 'NONE',  ( -51.60776756588683156, -88.43997845052098228, -34.78271802193950890 ) ) ;
#275 = CARTESIAN_POINT ( 'NONE',  ( -60.69524277158202352, -111.5079024357858941, -27.71166653617738618 ) ) ;
#276 = CARTESIAN_POINT ( 'NONE',  ( -62.57388853306376575, -125.8651878584047807, -25.63028764638771406 ) ) ;
#277 = CARTESIAN_POINT ( 'NONE',  ( -4.360494295882869409, -4.277706554993025989, -5.619527060841702948 ) ) ;
#278 = CARTESIAN_POINT ( 'NONE',  ( -4.669667542043366204, -4.942753367149220090, -8.836682690020312592 ) ) ;
#279 = CARTESIAN_POINT ( 'NONE',  ( -0.5505905129322919977, -24.67547310385878134, -16.69970398331797767 ) ) ;
#280 = CARTESIAN_POINT ( 'NONE',  ( -32.94186264755244054, -78.85224665204938788, -34.85588381646910960 ) ) ;
#281 = CARTESIAN_POINT ( 'NONE',  ( -58.89925861250545580, -127.2953491571961138, -30.92831523907472757 ) ) ;
#282 = CARTESIAN_POINT ( 'NONE',  ( 0.2972609905172080014, -9.679077080079851569, -8.297295405277434810 ) ) ;
#283 = CARTESIAN_POINT ( 'NONE',  ( 3.654045754227867704, -34.24591782905575599, -21.28608812117200344 ) ) ;
#284 = CARTESIAN_POINT ( 'NONE',  ( -61.01063253177230195, -109.8935805917814434, -27.00908580204049514 ) ) ;
#285 = CARTESIAN_POINT ( 'NONE',  ( -48.28165301693934452, -85.22507200035029484, -35.44658570471626291 ) ) ;
#286 = CARTESIAN_POINT ( 'NONE',  ( 0.03378377448597742749, -45.15475154455755558, -30.08121764860482017 ) ) ;
#287 = CARTESIAN_POINT ( 'NONE',  ( -4.144974238751657047, -11.47516400604930809, -11.79683355256149113 ) ) ;
#288 = CARTESIAN_POINT ( 'NONE',  ( -39.47664355217294485, -83.08440450367658059, -33.59137681331310432 ) ) ;
#289 = CARTESIAN_POINT ( 'NONE',  ( -66.02021590458215883, -122.1473076544741900, -28.89344506888059172 ) ) ;
#290 = CARTESIAN_POINT ( 'NONE',  ( -24.58592401210927392, -73.76175366961052760, -34.41038283010090737 ) ) ;
#291 = CARTESIAN_POINT ( 'NONE',  ( -59.93955708303139573, -121.4069832239814417, -30.07379097500583853 ) ) ;
#292 = CARTESIAN_POINT ( 'NONE',  ( -45.53429709014800153, -156.0470694294692180, -35.68086387995689535 ) ) ;
#293 = CARTESIAN_POINT ( 'NONE',  ( -3.239760456768378649, -52.50258806068523398, -32.30618800902703924 ) ) ;
#294 = CARTESIAN_POINT ( 'NONE',  ( -33.90758258507904799, -73.56861330571079804, -31.97386854317544547 ) ) ;
#295 = CARTESIAN_POINT ( 'NONE',  ( -64.72779927441243331, -120.9511252304187394, -30.76704577822420106 ) ) ;
#296 = CARTESIAN_POINT ( 'NONE',  ( -3.030062105601879718, -48.77931118717257419, -31.56899882096997345 ) ) ;
#297 = CARTESIAN_POINT ( 'NONE',  ( -58.11262849109391482, -130.8754980632853915, -26.58007538021218608 ) ) ;
#298 = CARTESIAN_POINT ( 'NONE',  ( -60.60112395691371034, -114.4652432762615746, -29.18275990094404904 ) ) ;
#299 = CARTESIAN_POINT ( 'NONE',  ( -57.46104617332905207, -134.4946984478114018, -26.54295370662785558 ) ) ;
#300 = CARTESIAN_POINT ( 'NONE',  ( -43.90646506711712505, -155.8101315653593417, -35.13802656427122173 ) ) ;
#301 = CARTESIAN_POINT ( 'NONE',  ( -61.43517735851325767, -115.9026538681686986, -30.42032340739812568 ) ) ;
#302 = CARTESIAN_POINT ( 'NONE',  ( -11.88770055680468474, -56.31871052058416183, -32.49237250303244195 ) ) ;
#303 = CARTESIAN_POINT ( 'NONE',  ( -64.07621772442905694, -125.8196957840295198, -26.34262515537950833 ) ) ;
#304 = CARTESIAN_POINT ( 'NONE',  ( 2.610161801345368904, -32.00146773159729463, -25.52386211169717001 ) ) ;
#305 = CARTESIAN_POINT ( 'NONE',  ( -53.38264347820476985, -86.03703112518006435, -30.17900229221096708 ) ) ;
#306 = CARTESIAN_POINT ( 'NONE',  ( -51.46369624676119514, -145.9739055579631213, -28.12212495768095266 ) ) ;
#307 = CARTESIAN_POINT ( 'NONE',  ( -59.59580188806921797, -122.8224529590514180, -30.14777670420657785 ) ) ;
#308 = CARTESIAN_POINT ( 'NONE',  ( -61.36469979289856269, -116.6250956523538491, -30.42606406589468193 ) ) ;
#309 = CARTESIAN_POINT ( 'NONE',  ( -52.64815124826722581, -139.0963814729935280, -29.61906879568608275 ) ) ;
#310 = CARTESIAN_POINT ( 'NONE',  ( -15.75073666867093891, -66.36543896611239290, -35.37816997369512251 ) ) ;
#311 = CARTESIAN_POINT ( 'NONE',  ( -50.69556939201012824, -142.7090885994047369, -30.16919915155667198 ) ) ;
#312 = CARTESIAN_POINT ( 'NONE',  ( -58.92400379045251668, -135.3336721411811538, -26.41045361862390095 ) ) ;
#313 = CARTESIAN_POINT ( 'NONE',  ( -52.96043648371330903, -140.7772657846377058, -32.49217642104440529 ) ) ;
#314 = CARTESIAN_POINT ( 'NONE',  ( -1.490333202912016430, -30.16314265079477508, -23.50285728645271277 ) ) ;
#315 = CARTESIAN_POINT ( 'NONE',  ( -45.42419304372146627, -79.61474412863093164, -34.51802161894105581 ) ) ;
#316 = CARTESIAN_POINT ( 'NONE',  ( -5.359323657324737589, -49.30304362846126054, -26.39345890675253870 ) ) ;
#317 = CARTESIAN_POINT ( 'NONE',  ( -23.77531242019415814, -72.90850735438165486, -35.22424539846189617 ) ) ;
#318 = CARTESIAN_POINT ( 'NONE',  ( -52.42900823292033863, -141.7707618011209831, -32.64068600530347908 ) ) ;
#319 = CARTESIAN_POINT ( 'NONE',  ( -57.51757872352369105, -129.1626988690844087, -27.62319732697648078 ) ) ;
#320 = CARTESIAN_POINT ( 'NONE',  ( -1.382267414967623953, -51.96630065160348266, -26.96227477043004228 ) ) ;
#321 = CARTESIAN_POINT ( 'NONE',  ( -59.10447195404650955, -124.5122216538994735, -27.24686984813260082 ) ) ;
#322 = CARTESIAN_POINT ( 'NONE',  ( -16.15182510591626652, -65.83054537938792805, -35.97216509124331196 ) ) ;
#323 = CARTESIAN_POINT ( 'NONE',  ( -49.86455844504093449, -82.70426413564138102, -33.68660022508728957 ) ) ;
#324 = CARTESIAN_POINT ( 'NONE',  ( -21.45749103893844278, -64.31828612083708663, -33.36406178809777145 ) ) ;
#325 = CARTESIAN_POINT ( 'NONE',  ( -47.23751709114904429, -88.07042419901792130, -33.80711906003549672 ) ) ;
#326 = CARTESIAN_POINT ( 'NONE',  ( -56.60030985033066742, -145.4382950462847646, -30.91257740590886982 ) ) ;
#327 = CARTESIAN_POINT ( 'NONE',  ( -46.27616289803729899, -87.40718183020911169, -33.80155282610306244 ) ) ;
#328 = CARTESIAN_POINT ( 'NONE',  ( -50.42959677243827343, -144.0989704518936207, -32.58710260811771775 ) ) ;
#329 = CARTESIAN_POINT ( 'NONE',  ( -15.75073666867093891, -66.36543896611239290, -35.37816997369512251 ) ) ;
#330 = CARTESIAN_POINT ( 'NONE',  ( -66.95828224679273433, -109.3741873512368699, -29.19057094136130814 ) ) ;
#331 = CARTESIAN_POINT ( 'NONE',  ( -31.79350651669300021, -72.34249686729067719, -32.01229033625726572 ) ) ;
#332 = CARTESIAN_POINT ( 'NONE',  ( -65.45869218527087696, -110.4715351779064321, -30.94136073103668139 ) ) ;
#333 = CARTESIAN_POINT ( 'NONE',  ( -44.03598262522073270, -78.73780813553339897, -34.88330879455325828 ) ) ;
#334 = CARTESIAN_POINT ( 'NONE',  ( -50.88789748797896806, -145.3276809454149259, -28.48554046530108508 ) ) ;
#335 = CARTESIAN_POINT ( 'NONE',  ( -51.89769694612508033, -140.6427559436123715, -31.35833335168536351 ) ) ;
#336 = CARTESIAN_POINT ( 'NONE',  ( -51.46369624676119514, -145.9739055579631213, -28.12212495768095266 ) ) ;
#337 = CARTESIAN_POINT ( 'NONE',  ( -51.80417614983885954, -142.9155291518624438, -32.81647079687502355 ) ) ;
#338 = CARTESIAN_POINT ( 'NONE',  ( -57.09442732144275112, -132.0515530646661091, -31.37676535646165377 ) ) ;
#339 = CARTESIAN_POINT ( 'NONE',  ( -57.79183676571457084, -91.85733069268846407, -28.16774251096419590 ) ) ;
#340 = CARTESIAN_POINT ( 'NONE',  ( -60.78786493403604396, -134.6923346010615887, -26.99715808730798017 ) ) ;
#341 = CARTESIAN_POINT ( 'NONE',  ( -3.268355497023936795, -5.350420432924819281, -11.90710113526907499 ) ) ;
#342 = CARTESIAN_POINT ( 'NONE',  ( -63.13139368640211302, -99.18083122442827460, -27.07736854460910791 ) ) ;
#343 = CARTESIAN_POINT ( 'NONE',  ( -2.137179008817538417, -12.52476862137418046, -10.48627204995312034 ) ) ;
#344 = CARTESIAN_POINT ( 'NONE',  ( -54.42572122499409204, -93.04454710454625399, -33.54120773744674011 ) ) ;
#345 = CARTESIAN_POINT ( 'NONE',  ( -59.39920778178478855, -123.5677435494479681, -30.19207276596522860 ) ) ;
#346 = CARTESIAN_POINT ( 'NONE',  ( -59.98107800126258127, -123.7497099152600128, -30.67961650886059388 ) ) ;
#347 = CARTESIAN_POINT ( 'NONE',  ( 1.608974818353461567, -5.334100747386996133, -5.422503079855424346 ) ) ;
#348 = CARTESIAN_POINT ( 'NONE',  ( -43.32238839419235887, -83.60272629257306676, -35.62127726968837749 ) ) ;
#349 = CARTESIAN_POINT ( 'NONE',  ( -59.75458631482364069, -120.6375780059603358, -27.80855558791834525 ) ) ;
#350 = CARTESIAN_POINT ( 'NONE',  ( -63.02806480892440533, -124.3308690893288713, -25.55201912960227162 ) ) ;
#351 = CARTESIAN_POINT ( 'NONE',  ( -57.35843041755779126, -131.4071504989302639, -31.30862483104781546 ) ) ;
#352 = CARTESIAN_POINT ( 'NONE',  ( -14.15096681520878441, -58.60200834390587943, -33.73414661700668660 ) ) ;
#353 = CARTESIAN_POINT ( 'NONE',  ( -65.50739162965140849, -102.7923519425092280, -27.63109790493833273 ) ) ;
#354 = CARTESIAN_POINT ( 'NONE',  ( -1.046478224299932425, -36.66601234995113856, -21.72237119232441671 ) ) ;
#355 = PLANE ( 'NONE',  #6605 ) ;
#356 = UNCERTAINTY_MEASURE_WITH_UNIT (LENGTH_MEASURE( 1.000000000000000082E-05 ), #7127, 'distance_accuracy_value', 'NONE');
#357 = CARTESIAN_POINT ( 'NONE',  ( -58.87488999348946095, -125.2614390969145006, -27.29919796344247018 ) ) ;
#358 = CARTESIAN_POINT ( 'NONE',  ( -5.084689661125763038, -57.47419043969897245, -29.46844800225755989 ) ) ;
#359 = CARTESIAN_POINT ( 'NONE',  ( -56.16025895257113376, -132.4834036747087964, -27.96565859571988355 ) ) ;
#360 = CARTESIAN_POINT ( 'NONE',  ( -51.00143972068387654, -86.89545258137545147, -35.00428188415128261 ) ) ;
#361 = CARTESIAN_POINT ( 'NONE',  ( -47.77718807868888717, -81.41405011764591393, -34.40481128681183520 ) ) ;
#362 = CARTESIAN_POINT ( 'NONE',  ( -48.43880867139843360, -82.25587688906227868, -31.24829548835228721 ) ) ;
#363 = CARTESIAN_POINT ( 'NONE',  ( -61.24608034834732706, -117.6270474406479707, -30.43943697902938439 ) ) ;
#364 = CARTESIAN_POINT ( 'NONE',  ( -49.38392729380815638, -89.64580704123584098, -33.69974488852601979 ) ) ;
#365 = CARTESIAN_POINT ( 'NONE',  ( -4.226899923208594423, -2.525334486622836216, -7.091392899225826163 ) ) ;
#366 = CARTESIAN_POINT ( 'NONE',  ( -18.50759745736379713, -69.57137044157349237, -33.76712633344970271 ) ) ;
#367 = CARTESIAN_POINT ( 'NONE',  ( 2.722870788284201371, -33.63892443086011497, -20.21689219658431824 ) ) ;
#368 = CARTESIAN_POINT ( 'NONE',  ( -48.35346343777658973, -86.27237613729619170, -35.24742698277439956 ) ) ;
#369 = CARTESIAN_POINT ( 'NONE',  ( -39.37029707192752426, -77.91900922688336095, -36.94579786013599687 ) ) ;
#370 = CARTESIAN_POINT ( 'NONE',  ( -65.38723126919168749, -116.4266123511000046, -30.74015960716693385 ) ) ;
#371 = CARTESIAN_POINT ( 'NONE',  ( -61.24855186652431627, -135.1496774130278595, -27.49400190683515177 ) ) ;
#372 = CARTESIAN_POINT ( 'NONE',  ( -0.3609812882576726722, -7.230402597672958898, -5.619627859163762729 ) ) ;
#373 = CARTESIAN_POINT ( 'NONE',  ( 1.881324985849632148, -4.706525415993374928, -5.825812235197836308 ) ) ;
#374 = CARTESIAN_POINT ( 'NONE',  ( -0.8508480103472363387, -3.250000000000000444, 0.000000000000000000 ) ) ;
#375 = CARTESIAN_POINT ( 'NONE',  ( 1.742842631667180564, -3.519591527016022958, -6.794195590820553576 ) ) ;
#376 = CARTESIAN_POINT ( 'NONE',  ( -45.17327650311648313, -81.93647159319277762, -36.02590715134306265 ) ) ;
#377 = CARTESIAN_POINT ( 'NONE',  ( -44.91079981676099209, -79.42182300318241062, -32.32636694487423767 ) ) ;
#378 = CARTESIAN_POINT ( 'NONE',  ( -59.74556911833667527, -137.0009340867208607, -27.23363219426327220 ) ) ;
#379 = CARTESIAN_POINT ( 'NONE',  ( -3.215311789293771483, -2.284927666688206127, -8.516482003193379668 ) ) ;
#380 = CARTESIAN_POINT ( 'NONE',  ( -58.68396411797069590, -91.83572554332070581, -28.55692957390854758 ) ) ;
#381 = CARTESIAN_POINT ( 'NONE',  ( -60.97404272643210277, -112.2627966355340874, -29.94514081626243396 ) ) ;
#382 = CARTESIAN_POINT ( 'NONE',  ( -48.51201483913376933, -146.4860507953864044, -30.80043958072769072 ) ) ;
#383 = CARTESIAN_POINT ( 'NONE',  ( -62.13862660363152912, -127.5515579327664284, -31.44265311238732252 ) ) ;
#384 = CARTESIAN_POINT ( 'NONE',  ( 1.407149130058894526, -8.382502752510125887, -8.480777791255082576 ) ) ;
#385 = CARTESIAN_POINT ( 'NONE',  ( -53.09250023479896896, -146.5109530189312750, -27.89304127690593305 ) ) ;
#386 = CARTESIAN_POINT ( 'NONE',  ( -57.53659112867536862, -130.9649818556746936, -31.26364862305906200 ) ) ;
#387 = CARTESIAN_POINT ( 'NONE',  ( -63.13139368640211302, -99.18083122442827460, -27.07736854460910791 ) ) ;
#388 = CARTESIAN_POINT ( 'NONE',  ( -44.36617532844902456, -78.94569385756146573, -34.80102970920768968 ) ) ;
#389 = CARTESIAN_POINT ( 'NONE',  ( -55.89485079813670865, -96.03554345321074948, -28.39028481272661608 ) ) ;
#390 = CARTESIAN_POINT ( 'NONE',  ( -3.890909846296175978, -13.54486848592055637, -15.70082717095419511 ) ) ;
#391 = CARTESIAN_POINT ( 'NONE',  ( -26.34141345240523790, -74.81646049661117104, -33.63183861510302819 ) ) ;
#392 = CARTESIAN_POINT ( 'NONE',  ( -53.68134989724313044, -137.7830488062440111, -28.62636677292481835 ) ) ;
#393 = CARTESIAN_POINT ( 'NONE',  ( -62.69438538587558440, -117.7612079593264411, -31.19029050676569170 ) ) ;
#394 = CARTESIAN_POINT ( 'NONE',  ( -56.02099512913918744, -132.8034898931628334, -28.00154567255254534 ) ) ;
#395 = CARTESIAN_POINT ( 'NONE',  ( -19.06747018729758025, -67.71122298785007843, -36.47706574088046239 ) ) ;
#396 = CARTESIAN_POINT ( 'NONE',  ( -66.05276053668447389, -103.7416185591962119, -28.25299432650960441 ) ) ;
#397 = CARTESIAN_POINT ( 'NONE',  ( -64.81524182356260155, -109.6248391168360712, -25.61834454949392992 ) ) ;
#398 = CARTESIAN_POINT ( 'NONE',  ( -62.09783416756787489, -115.1248440952750514, -30.92042582470725876 ) ) ;
#399 = CARTESIAN_POINT ( 'NONE',  ( -43.49786265039267619, -78.88508082357515150, -35.61432865431010697 ) ) ;
#400 = CARTESIAN_POINT ( 'NONE',  ( -33.01668311589445182, -79.12781662725919318, -33.95773542238832476 ) ) ;
#401 = CARTESIAN_POINT ( 'NONE',  ( 2.420708932320957185, -35.11157769102560877, -20.46829999541341749 ) ) ;
#402 = CARTESIAN_POINT ( 'NONE',  ( -55.06237491325763500, -91.35752280643681900, -34.06714417150266172 ) ) ;
#403 = CARTESIAN_POINT ( 'NONE',  ( -50.92542084044588080, -84.26456705654699419, -34.37162272571855937 ) ) ;
#404 = CARTESIAN_POINT ( 'NONE',  ( -2.484172127945392550, -3.207340884323737651, -10.05618996794539122 ) ) ;
#405 = CARTESIAN_POINT ( 'NONE',  ( -61.50393688625580779, -134.5610002680609512, -27.43753965684718921 ) ) ;
#406 = CARTESIAN_POINT ( 'NONE',  ( -50.73734378871982642, -144.8206420361853191, -33.12156292929459056 ) ) ;
#407 = CARTESIAN_POINT ( 'NONE',  ( -50.40541027356170645, -143.3610112600449895, -31.78356972549605075 ) ) ;
#408 = CARTESIAN_POINT ( 'NONE',  ( -2.123722666256888214, -8.580058410183083240, -7.128719322176537254 ) ) ;
#409 = CARTESIAN_POINT ( 'NONE',  ( 1.804611915121624888, -3.064041155556138651, -6.242128306811682847 ) ) ;
#410 = CARTESIAN_POINT ( 'NONE',  ( -64.80774262509837058, -101.6667300843663497, -30.75554713883985514 ) ) ;
#411 = CARTESIAN_POINT ( 'NONE',  ( -43.95384336245219714, -78.72063761945446458, -32.54510491723365107 ) ) ;
#412 = CARTESIAN_POINT ( 'NONE',  ( -64.41178161843615158, -124.6593304565836604, -26.29103933777787105 ) ) ;
#413 = CARTESIAN_POINT ( 'NONE',  ( -0.4896349266704834724, -0.004045222887297044226, -5.888841160602193980 ) ) ;
#414 = CARTESIAN_POINT ( 'NONE',  ( -45.91716256353455350, -79.83998606530032305, -32.91363516252810228 ) ) ;
#415 = CARTESIAN_POINT ( 'NONE',  ( -67.09462761813084342, -110.3703076142776354, -27.63914225328653274 ) ) ;
#416 = CARTESIAN_POINT ( 'NONE',  ( 2.165978600729419945, -3.083864877125433335, -2.465695401944143939 ) ) ;
#417 = CARTESIAN_POINT ( 'NONE',  ( -64.58664659087936855, -110.1906809129433782, -31.28668090606402075 ) ) ;
#418 = CARTESIAN_POINT ( 'NONE',  ( 1.576291385644110088, -5.553107286755887273, -5.674525195608620898 ) ) ;
#419 = CARTESIAN_POINT ( 'NONE',  ( -52.33273829214041939, -147.8011110686405516, -28.09768952199945247 ) ) ;
#420 = CARTESIAN_POINT ( 'NONE',  ( 1.853817384116644984, -13.92997949288285753, -13.46281365850577849 ) ) ;
#421 = CARTESIAN_POINT ( 'NONE',  ( -64.77286886213865102, -104.1301677441035309, -26.40317271366495788 ) ) ;
#422 = CARTESIAN_POINT ( 'NONE',  ( -66.51990576961507884, -107.5116177068957057, -27.12040241194205592 ) ) ;
#423 = CARTESIAN_POINT ( 'NONE',  ( -61.09247724084220721, -112.8930274696787137, -26.92491405099192647 ) ) ;
#424 = CARTESIAN_POINT ( 'NONE',  ( -51.94442323900564418, -142.6604435476420747, -32.77678077421825265 ) ) ;
#425 = CARTESIAN_POINT ( 'NONE',  ( 2.420708932320957185, -35.11157769102560877, -20.46829999541341749 ) ) ;
#426 = CARTESIAN_POINT ( 'NONE',  ( -55.68840014072464584, -133.5557307058033132, -28.08804187202656522 ) ) ;
#427 = CARTESIAN_POINT ( 'NONE',  ( -62.24680610342829823, -120.4770867892157753, -31.24826706534040355 ) ) ;
#428 = CARTESIAN_POINT ( 'NONE',  ( 0.3333237551548869915, -8.205633499679725773, -6.982720269708297955 ) ) ;
#429 = CARTESIAN_POINT ( 'NONE',  ( -62.95499635529935745, -100.5574071505848934, -31.96853003251588632 ) ) ;
#430 = CARTESIAN_POINT ( 'NONE',  ( -59.91077332981511461, -91.79613877155377111, -30.47416677301731980 ) ) ;
#431 = CARTESIAN_POINT ( 'NONE',  ( -58.86652642497740118, -129.2224841368009720, -31.55414840087645345 ) ) ;
#432 = CARTESIAN_POINT ( 'NONE',  ( -4.258436203297163658, -2.781548342607082169, -7.425012205293410439 ) ) ;
#433 = CARTESIAN_POINT ( 'NONE',  ( -55.41795956220706643, -95.19120099027330184, -32.74355250666068429 ) ) ;
#434 = ADVANCED_FACE ( 'NONE', ( #1669 ), #4961, .T. ) ;
#435 = CARTESIAN_POINT ( 'NONE',  ( -21.66155965458005284, -71.69578185346573207, -33.45871223250610171 ) ) ;
#436 = CARTESIAN_POINT ( 'NONE',  ( -19.59684683481087930, -68.91845352894557664, -36.09699553450663245 ) ) ;
#437 = CARTESIAN_POINT ( 'NONE',  ( -45.89097100074749136, -81.48414749069651464, -35.72443309078246187 ) ) ;
#438 = CARTESIAN_POINT ( 'NONE',  ( 1.247097853143204427, -20.00137358538212595, -21.35722745303735692 ) ) ;
#439 = CARTESIAN_POINT ( 'NONE',  ( -61.55317151730535130, -134.4462349341267213, -27.42671884088121814 ) ) ;
#440 = CARTESIAN_POINT ( 'NONE',  ( -50.43965652651628062, -145.3399697701479170, -33.20721914316941081 ) ) ;
#441 = CARTESIAN_POINT ( 'NONE',  ( -4.333658726435468012, -53.38679233142897829, -26.21162286118524065 ) ) ;
#442 = CARTESIAN_POINT ( 'NONE',  ( -2.961367795934168878, -42.66856222717748182, -25.95301699969719422 ) ) ;
#443 = CARTESIAN_POINT ( 'NONE',  ( -52.42900823292033863, -141.7707618011209831, -32.64068600530347908 ) ) ;
#444 = CARTESIAN_POINT ( 'NONE',  ( -65.78312119169170558, -104.7737097432182622, -30.35738118028127275 ) ) ;
#445 = CARTESIAN_POINT ( 'NONE',  ( -49.65130225391072827, -83.32907214135659046, -30.80303589938905517 ) ) ;
#446 = CARTESIAN_POINT ( 'NONE',  ( 1.669054832499715424, -7.270691287307382566, -9.512284690680077759 ) ) ;
#447 = CARTESIAN_POINT ( 'NONE',  ( -55.60575924108378132, -142.5308329180770386, -33.03134066726423157 ) ) ;
#448 = CARTESIAN_POINT ( 'NONE',  ( -62.36350438526312701, -129.1307418827394997, -26.06435170545951863 ) ) ;
#449 = CARTESIAN_POINT ( 'NONE',  ( -66.83395317303995853, -117.4230122071254385, -27.38045553119155429 ) ) ;
#450 = CARTESIAN_POINT ( 'NONE',  ( -61.63103692089654828, -104.1977382970701456, -31.79922495209500966 ) ) ;
#451 = CARTESIAN_POINT ( 'NONE',  ( 1.999096996555601580, -3.011679541402447757, -4.939420410568743591 ) ) ;
#452 = CARTESIAN_POINT ( 'NONE',  ( -4.552132947627731241, -52.08179168219702859, -25.76572471847129364 ) ) ;
#453 = CARTESIAN_POINT ( 'NONE',  ( -63.46852647636890055, -122.8262996544362551, -31.19511250247363066 ) ) ;
#454 = CARTESIAN_POINT ( 'NONE',  ( -50.27760986142683919, -143.4512691038562480, -30.28837195416707218 ) ) ;
#455 = CARTESIAN_POINT ( 'NONE',  ( -52.79178611830749901, -147.0250855311609257, -27.97388966548611933 ) ) ;
#456 = DIRECTION ( 'NONE',  ( 1.000000000000000000, 0.000000000000000000, -0.000000000000000000 ) ) ;
#457 = CARTESIAN_POINT ( 'NONE',  ( -48.53923140087510291, -81.82835320937959978, -32.03077015212912215 ) ) ;
#458 = CARTESIAN_POINT ( 'NONE',  ( -66.74965334724083732, -112.1379694618692469, -29.76656768000353637 ) ) ;
#459 = CARTESIAN_POINT ( 'NONE',  ( -61.04935430529982199, -135.6003862478721658, -27.53771186331531595 ) ) ;
#460 = CARTESIAN_POINT ( 'NONE',  ( -61.09835166775220472, -112.4526350454874688, -26.93235408169714162 ) ) ;
#461 = CARTESIAN_POINT ( 'NONE',  ( -45.46007861361080415, -153.4832925750262405, -34.66855744454185384 ) ) ;
#462 = CARTESIAN_POINT ( 'NONE',  ( 0.9442731947170085460, -42.19051017296411743, -22.39669194346428327 ) ) ;
#463 = CARTESIAN_POINT ( 'NONE',  ( -61.06884298790809140, -102.6833010841913278, -31.97287175009352111 ) ) ;
#464 = CARTESIAN_POINT ( 'NONE',  ( -0.05761859713972471153, -35.22121850257220643, -20.51409739595711912 ) ) ;
#465 = CARTESIAN_POINT ( 'NONE',  ( -65.45215242406918321, -115.6314757207379813, -30.75119294856472862 ) ) ;
#466 = CARTESIAN_POINT ( 'NONE',  ( -67.14792660022291670, -111.9252452824560464, -27.54798731754952357 ) ) ;
#467 = CARTESIAN_POINT ( 'NONE',  ( -61.89493918469474210, -108.9788806463079567, -31.10779949227140051 ) ) ;
#468 = CARTESIAN_POINT ( 'NONE',  ( -0.5211235301181214030, -25.63002358298020056, -23.62800978568063925 ) ) ;
#469 = CARTESIAN_POINT ( 'NONE',  ( -62.02315846647146458, -110.0568819677764481, -31.05113294917523348 ) ) ;
#470 = CARTESIAN_POINT ( 'NONE',  ( 3.278314462467343038, -26.19085358199586722, -18.40794245199193213 ) ) ;
#471 = CARTESIAN_POINT ( 'NONE',  ( -10.17168092638728005, -62.25952473640047202, -33.65026303602632396 ) ) ;
#472 = CARTESIAN_POINT ( 'NONE',  ( -64.45213583661001167, -99.65838050171268492, -30.32366210816345031 ) ) ;
#473 = CARTESIAN_POINT ( 'NONE',  ( -57.84249179912746541, -139.9885678318727287, -32.23948151010912255 ) ) ;
#474 = CARTESIAN_POINT ( 'NONE',  ( -12.10331527466109058, -57.14763123433083791, -30.05503005930650673 ) ) ;
#475 = CARTESIAN_POINT ( 'NONE',  ( -66.82294523321417046, -111.3131123348653659, -26.85149923195818289 ) ) ;
#476 = CARTESIAN_POINT ( 'NONE',  ( 1.760973007615427299, -5.837119386182012981, -7.074684716709998433 ) ) ;
#477 = CARTESIAN_POINT ( 'NONE',  ( -4.288960809863977097, -46.14575015365117849, -27.13065244592876013 ) ) ;
#478 = CARTESIAN_POINT ( 'NONE',  ( -66.55419071351424520, -109.0770737086293565, -29.95619412484316868 ) ) ;
#479 = CARTESIAN_POINT ( 'NONE',  ( -64.83302456622308796, -114.0639729561263493, -25.42766392250035423 ) ) ;
#480 = CARTESIAN_POINT ( 'NONE',  ( -22.57508569499146134, -72.32826181571913082, -33.54567324579370080 ) ) ;
#481 = CARTESIAN_POINT ( 'NONE',  ( -60.49476647972232968, -132.0656679135351794, -31.80516400844351921 ) ) ;
#482 = CARTESIAN_POINT ( 'NONE',  ( -60.07179298181628724, -134.8236689340622263, -26.55677651776877468 ) ) ;
#483 = CARTESIAN_POINT ( 'NONE',  ( -66.17635577704521666, -104.2204083680110784, -28.19595189664139667 ) ) ;
#484 = CARTESIAN_POINT ( 'NONE',  ( -55.41113606878445097, -94.05822001772341423, -33.33667801237537276 ) ) ;
#485 = CARTESIAN_POINT ( 'NONE',  ( -51.27792799931425094, -142.5816235584249512, -32.34299698222790198 ) ) ;
#486 = CARTESIAN_POINT ( 'NONE',  ( -47.00890177981350604, -88.44333847396663373, -31.42348447982569581 ) ) ;
#487 = CARTESIAN_POINT ( 'NONE',  ( -64.36453013564729986, -108.3294419914083448, -31.40895228357968350 ) ) ;
#488 = CARTESIAN_POINT ( 'NONE',  ( 1.091525091684734994, -19.38216257182953584, -14.38075477956448722 ) ) ;
#489 = CARTESIAN_POINT ( 'NONE',  ( -2.966706039386858063, -8.340968596071935082, -7.397194648921907145 ) ) ;
#490 = DIRECTION ( 'NONE',  ( 0.3364722870408903832, 0.6738056721971016350, -0.6578543274680836994 ) ) ;
#491 = CARTESIAN_POINT ( 'NONE',  ( -44.90601973765267729, -79.11477980182991132, -33.19140661578484952 ) ) ;
#492 = CARTESIAN_POINT ( 'NONE',  ( -42.91949144497912982, -80.81458153056537697, -36.44021953789274448 ) ) ;
#493 = CARTESIAN_POINT ( 'NONE',  ( -61.35029705058794747, -134.9165704293449437, -27.47156985883146874 ) ) ;
#494 = CARTESIAN_POINT ( 'NONE',  ( -61.09921150910789578, -112.2448980875379476, -26.93620505254618180 ) ) ;
#495 = CARTESIAN_POINT ( 'NONE',  ( -48.37331541124403600, -81.61724653674406227, -32.82233626760783096 ) ) ;
#496 = CARTESIAN_POINT ( 'NONE',  ( 3.172836915900966837, -30.63320234797646791, -19.63488732795833869 ) ) ;
#497 = CARTESIAN_POINT ( 'NONE',  ( -8.359230242916060760, -55.31624534544770455, -27.47196839774339239 ) ) ;
#498 = CARTESIAN_POINT ( 'NONE',  ( -62.55794702682905495, -107.8091257409906945, -31.47669417848902995 ) ) ;
#499 = CARTESIAN_POINT ( 'NONE',  ( -7.957681967883524443, -54.73917656887769567, -27.29947543673029742 ) ) ;
#500 = CARTESIAN_POINT ( 'NONE',  ( -62.59652065610146821, -128.7912695824236948, -31.12980246392152495 ) ) ;
#501 = CARTESIAN_POINT ( 'NONE',  ( -56.63296829470139215, -145.2367154613888829, -29.38892166563125841 ) ) ;
#502 = CARTESIAN_POINT ( 'NONE',  ( -61.66526483248276236, -118.9307787869786637, -30.95773080654352327 ) ) ;
#503 = CARTESIAN_POINT ( 'NONE',  ( -1.619601423740142820, -17.12260030879334849, -20.00724355552920386 ) ) ;
#504 = CARTESIAN_POINT ( 'NONE',  ( -48.16660094658405455, -88.73368359361560920, -33.78417292470939515 ) ) ;
#505 = CARTESIAN_POINT ( 'NONE',  ( -0.4101933875555490161, -7.688941236075095276, -6.104968529282767342 ) ) ;
#506 = CARTESIAN_POINT ( 'NONE',  ( -61.55569851615013022, -111.9258581749829062, -30.46688769213957215 ) ) ;
#507 = CARTESIAN_POINT ( 'NONE',  ( -63.75506387423126853, -121.5483608565469353, -31.15195803687107912 ) ) ;
#508 = CARTESIAN_POINT ( 'NONE',  ( -56.60030985033066742, -145.4382950462847646, -30.91257740590886982 ) ) ;
#509 = CARTESIAN_POINT ( 'NONE',  ( 2.184507719980138596, -27.27508062264234567, -23.99257495805224139 ) ) ;
#510 = CARTESIAN_POINT ( 'NONE',  ( -2.353113552966610289, -40.28310065631865911, -25.02834618435560543 ) ) ;
#511 = CARTESIAN_POINT ( 'NONE',  ( -66.19878127563350745, -105.5925675030442932, -27.30453657826969405 ) ) ;
#512 = CARTESIAN_POINT ( 'NONE',  ( 1.971687461744921155, -21.40582599013557896, -15.61142235962871005 ) ) ;
#513 = CARTESIAN_POINT ( 'NONE',  ( -58.56646083907140365, -132.3373729573737307, -32.05251321722441560 ) ) ;
#514 = CARTESIAN_POINT ( 'NONE',  ( -44.04690646060952730, -81.38011710889132644, -36.23911143390937184 ) ) ;
#515 = CARTESIAN_POINT ( 'NONE',  ( -60.83824001888721966, -130.8185382719221366, -25.97550135404654625 ) ) ;
#516 = CARTESIAN_POINT ( 'NONE',  ( 2.810698573005349754, -0.6583959995612819194, -1.351306465387734024 ) ) ;
#517 = CARTESIAN_POINT ( 'NONE',  ( -55.40013746603949585, -142.9159467298313757, -33.08602987402841933 ) ) ;
#518 = CARTESIAN_POINT ( 'NONE',  ( -63.78339396626817148, -124.7133453882415211, -25.81187437841778021 ) ) ;
#519 = CARTESIAN_POINT ( 'NONE',  ( -64.53328677086892640, -127.5666825628300955, -27.61329858047149344 ) ) ;
#520 = CARTESIAN_POINT ( 'NONE',  ( -56.37535460759768569, -132.1755031816006749, -30.93914267541460106 ) ) ;
#521 = CARTESIAN_POINT ( 'NONE',  ( -47.85386645580020826, -89.20337997573861344, -31.42769454848644983 ) ) ;
#522 = CARTESIAN_POINT ( 'NONE',  ( -63.64536061881111095, -122.0544701129656886, -31.16784009936028710 ) ) ;
#523 = CARTESIAN_POINT ( 'NONE',  ( 1.419733703347195508, -10.48202893874955421, -10.13231346118467080 ) ) ;
#524 = CARTESIAN_POINT ( 'NONE',  ( -2.204724333696151284, -40.09443845118479999, -25.93223693648494432 ) ) ;
#525 = CARTESIAN_POINT ( 'NONE',  ( 1.999096996555601580, -3.011679541402447757, -4.939420410568743591 ) ) ;
#526 = CARTESIAN_POINT ( 'NONE',  ( -43.67095702423477377, -81.19335486359126719, -36.30793249198094941 ) ) ;
#527 = CARTESIAN_POINT ( 'NONE',  ( -3.660581190464826662, -1.594986784935354729, -1.533943006174764534 ) ) ;
#528 = CARTESIAN_POINT ( 'NONE',  ( -59.39950637201789618, -123.4971753218861039, -27.18135907008406349 ) ) ;
#529 = CARTESIAN_POINT ( 'NONE',  ( -24.49613657816104251, -66.33037335727759398, -34.90888842953403071 ) ) ;
#530 = EDGE_LOOP ( 'NONE', ( #4051, #3927, #731, #6553 ) ) ;
#531 = CARTESIAN_POINT ( 'NONE',  ( -35.63097514777424379, -78.27798627025767075, -30.83515211525362432 ) ) ;
#532 = CARTESIAN_POINT ( 'NONE',  ( -62.99056080589323869, -114.1937991744214713, -31.19926858892608124 ) ) ;
#533 = CARTESIAN_POINT ( 'NONE',  ( -6.097575673364713289, -51.82442987157801184, -26.42707760512152859 ) ) ;
#534 = CARTESIAN_POINT ( 'NONE',  ( -61.17394787250433552, -132.5899913787078503, -31.43858709708616317 ) ) ;
#535 = CARTESIAN_POINT ( 'NONE',  ( -56.48906237710463074, -145.4960289223583061, -29.42572718836840551 ) ) ;
#536 = CARTESIAN_POINT ( 'NONE',  ( -57.11049924316859006, -133.6018962578882849, -31.99467808218694387 ) ) ;
#537 = CARTESIAN_POINT ( 'NONE',  ( -57.31002980601257235, -88.80654166107096614, -31.26757397101640024 ) ) ;
#538 = CARTESIAN_POINT ( 'NONE',  ( -61.99995142156279826, -116.3500783322496801, -30.92080663590883205 ) ) ;
#539 = CARTESIAN_POINT ( 'NONE',  ( -1.696893858787604126, -39.16573903781626598, -22.82998972790535674 ) ) ;
#540 = CARTESIAN_POINT ( 'NONE',  ( -41.44591928132174274, -84.29013263791127031, -32.81249612345415301 ) ) ;
#541 = CARTESIAN_POINT ( 'NONE',  ( -64.54122461817397038, -109.7183082630082964, -31.31485919356722647 ) ) ;
#542 = CARTESIAN_POINT ( 'NONE',  ( -63.98160556761944662, -129.3171220793936982, -29.20659034537042942 ) ) ;
#543 = CARTESIAN_POINT ( 'NONE',  ( -59.69229432274602942, -136.0878202497269740, -31.78278189095430761 ) ) ;
#544 = CARTESIAN_POINT ( 'NONE',  ( -1.747068878851392837, -24.80568787501985639, -17.94750330990261489 ) ) ;
#545 = CARTESIAN_POINT ( 'NONE',  ( -67.08001603563553772, -111.1722221788818104, -29.07255717230465564 ) ) ;
#546 = CARTESIAN_POINT ( 'NONE',  ( -60.87161758544630885, -110.3527665092829011, -30.00209436965348786 ) ) ;
#547 = CARTESIAN_POINT ( 'NONE',  ( -62.86430536434069438, -116.2011424836353513, -31.18246206044714341 ) ) ;
#548 = CARTESIAN_POINT ( 'NONE',  ( -66.75346754549745754, -113.1938389721582610, -29.71959512271462955 ) ) ;
#549 = CARTESIAN_POINT ( 'NONE',  ( -58.92400379045251668, -135.3336721411811538, -26.41045361862390095 ) ) ;
#550 = CARTESIAN_POINT ( 'NONE',  ( 3.088562009322827873, -24.80836361453397743, -17.83647515642584835 ) ) ;
#551 = CARTESIAN_POINT ( 'NONE',  ( -60.31845795958743395, -132.5069438669208637, -31.84605370832456472 ) ) ;
#552 = CARTESIAN_POINT ( 'NONE',  ( -53.67392513177732383, -147.1910316002828836, -28.15285897173880159 ) ) ;
#553 = CARTESIAN_POINT ( 'NONE',  ( -63.84361819221731338, -97.82791543328491457, -29.14555829287198208 ) ) ;
#554 = CARTESIAN_POINT ( 'NONE',  ( -49.99199655060041891, -144.8671140095750332, -32.71383919262487439 ) ) ;
#555 = CARTESIAN_POINT ( 'NONE',  ( -23.54593024378760546, -72.40567637665041900, -32.11933732237165628 ) ) ;
#556 = CARTESIAN_POINT ( 'NONE',  ( -61.65960750631010256, -105.4705583082443070, -26.22627552371342929 ) ) ;
#557 = CARTESIAN_POINT ( 'NONE',  ( -60.40214332708918477, -108.9414221701196936, -29.31872063500220804 ) ) ;
#558 = CARTESIAN_POINT ( 'NONE',  ( -63.18651272152882115, -110.4878443912264743, -25.58781732838265910 ) ) ;
#559 = CARTESIAN_POINT ( 'NONE',  ( 1.843058965249200654, -38.00164903841910302, -21.12372795113173751 ) ) ;
#560 = CARTESIAN_POINT ( 'NONE',  ( -65.05360874199536170, -119.2084434370233197, -25.66234136633230634 ) ) ;
#561 = CARTESIAN_POINT ( 'NONE',  ( -58.66845193094697919, -91.72328860350974367, -32.72136450579667866 ) ) ;
#562 = CARTESIAN_POINT ( 'NONE',  ( -56.75532497117340824, -144.2358975330009514, -28.56509772500482569 ) ) ;
#563 = CARTESIAN_POINT ( 'NONE',  ( -52.16750739103800072, -87.89509620013454594, -28.86215639659701182 ) ) ;
#564 = CARTESIAN_POINT ( 'NONE',  ( -2.078226353974389262, -21.15750991413781179, -20.86121185429811575 ) ) ;
#565 = CARTESIAN_POINT ( 'NONE',  ( -56.46442740863735565, -97.24827064152214007, -31.82463746498161683 ) ) ;
#566 = CARTESIAN_POINT ( 'NONE',  ( 0.8584125635584907155, -28.39412741700757081, -17.78984975663687607 ) ) ;
#567 = CARTESIAN_POINT ( 'NONE',  ( -48.52660416255845632, -151.4335053737563328, -34.79861874590937276 ) ) ;
#568 = CARTESIAN_POINT ( 'NONE',  ( -0.2473284530287207239, -20.37453161660468126, -14.63648425779683748 ) ) ;
#569 = CARTESIAN_POINT ( 'NONE',  ( -55.84868942048919394, -143.8107134927099082, -32.75580941101214449 ) ) ;
#570 = CARTESIAN_POINT ( 'NONE',  ( -66.80015600144754728, -117.6886687314681978, -27.37757691867582821 ) ) ;
#571 = CARTESIAN_POINT ( 'NONE',  ( -56.58537496317140381, -134.4152441968207370, -26.95704828043920642 ) ) ;
#572 = CARTESIAN_POINT ( 'NONE',  ( -1.026494004475987154, -51.31213801919628992, -26.68083956838693993 ) ) ;
#573 = CARTESIAN_POINT ( 'NONE',  ( -63.07292080038693882, -96.39988906779281308, -29.42449052205291338 ) ) ;
#574 = CARTESIAN_POINT ( 'NONE',  ( -53.30334450707483285, -141.4578764862487787, -33.01779115777569729 ) ) ;
#575 = CARTESIAN_POINT ( 'NONE',  ( -2.643706971617289181, -42.82885778905792762, -24.26203364685967401 ) ) ;
#576 = CARTESIAN_POINT ( 'NONE',  ( -38.76623622245629974, -82.53746996915458567, -32.79675091044095581 ) ) ;
#577 = CARTESIAN_POINT ( 'NONE',  ( -58.99447453321107560, -135.6330927932336010, -32.16239843335259962 ) ) ;
#578 = CARTESIAN_POINT ( 'NONE',  ( -67.04457699813114857, -114.9229374414896512, -28.91162104083543127 ) ) ;
#579 = CARTESIAN_POINT ( 'NONE',  ( 1.985508051135840279, -45.21995185643238813, -28.42413374402667259 ) ) ;
#580 = CARTESIAN_POINT ( 'NONE',  ( -42.62870295065524573, -79.91019533759491367, -30.66580554090316468 ) ) ;
#581 = CARTESIAN_POINT ( 'NONE',  ( -54.80210251957756640, -87.12268804377458764, -33.29815050497423812 ) ) ;
#582 = CARTESIAN_POINT ( 'NONE',  ( -43.61560862151473827, -85.86863736018595716, -32.10902938600758461 ) ) ;
#583 = CARTESIAN_POINT ( 'NONE',  ( -60.21123559148286830, -127.9903504259727356, -31.66033000680319631 ) ) ;
#584 = CARTESIAN_POINT ( 'NONE',  ( -63.50682799426977709, -129.6915000581998072, -30.00859390954243366 ) ) ;
#585 = CARTESIAN_POINT ( 'NONE',  ( -63.45791027116769101, -122.7290667929935921, -25.48459171653484390 ) ) ;
#586 = CARTESIAN_POINT ( 'NONE',  ( -51.82980619894704688, -92.19558294103994456, -32.66926948404347542 ) ) ;
#587 = CIRCLE ( 'NONE', #4724, 3.250000000000000444 ) ;
#588 = CARTESIAN_POINT ( 'NONE',  ( -52.27877365829120748, -87.80370299312703253, -34.75758948106835078 ) ) ;
#589 = CARTESIAN_POINT ( 'NONE',  ( -63.63374571778157929, -125.2333735140720421, -25.83594164239225321 ) ) ;
#590 = CARTESIAN_POINT ( 'NONE',  ( -61.01592043819124456, -136.5703084134145513, -28.32974647532588364 ) ) ;
#591 = CARTESIAN_POINT ( 'NONE',  ( -56.14387179986890430, -132.7212135626805320, -31.00047326618038568 ) ) ;
#592 = CARTESIAN_POINT ( 'NONE',  ( 1.091525091684734994, -19.38216257182953584, -14.38075477956448722 ) ) ;
#593 = LOCAL_TIME ( 1, 44, 25.00000000000000000, #5430 ) ;
#594 = CARTESIAN_POINT ( 'NONE',  ( -25.87133432956001400, -73.94923246007977014, -32.17776806526225641 ) ) ;
#595 = CARTESIAN_POINT ( 'NONE',  ( -35.32392751712004042, -74.37245524074451453, -31.92929775066407316 ) ) ;
#596 = CARTESIAN_POINT ( 'NONE',  ( -57.26911635817607049, -131.6266016665854011, -31.33145776320649034 ) ) ;
#597 = CARTESIAN_POINT ( 'NONE',  ( -60.94025069781615400, -106.9374629889995987, -30.71660962551216301 ) ) ;
#598 = CARTESIAN_POINT ( 'NONE',  ( -65.00376305227848661, -119.4885667916849030, -25.66499748367306566 ) ) ;
#599 = CARTESIAN_POINT ( 'NONE',  ( -53.57396947545134225, -86.88627442047545912, -34.09798134496485744 ) ) ;
#600 = CARTESIAN_POINT ( 'NONE',  ( -64.98660367023326501, -124.8085990512789465, -26.77676142135910808 ) ) ;
#601 = CARTESIAN_POINT ( 'NONE',  ( -57.09349892844490881, -93.63926218504073518, -27.63436080873159284 ) ) ;
#602 = CARTESIAN_POINT ( 'NONE',  ( -0.2691017752955079945, -41.57822622829327486, -28.85577256647902189 ) ) ;
#603 = CARTESIAN_POINT ( 'NONE',  ( -46.33602195932630252, -87.73772030977201553, -33.02902197961527264 ) ) ;
#604 = CARTESIAN_POINT ( 'NONE',  ( -41.53751888873269849, -82.23236124065660135, -30.34968845695662765 ) ) ;
#605 = CARTESIAN_POINT ( 'NONE',  ( -45.53429709014800153, -156.0470694294692180, -35.68086387995689535 ) ) ;
#606 = CARTESIAN_POINT ( 'NONE',  ( -60.44110168540420602, -108.4351348927857259, -27.83060479513593322 ) ) ;
#607 = CARTESIAN_POINT ( 'NONE',  ( -61.44460390726019483, -131.9071245138214010, -31.37788865127597759 ) ) ;
#608 = CARTESIAN_POINT ( 'NONE',  ( -65.58752495538080041, -123.9061200061485550, -27.45655032120404115 ) ) ;
#609 = CARTESIAN_POINT ( 'NONE',  ( -56.23603498185660499, -135.1728812133928272, -27.04617106158964646 ) ) ;
#610 = CARTESIAN_POINT ( 'NONE',  ( -50.27444718891445063, -146.8756494522077958, -33.87457758419948561 ) ) ;
#611 = CARTESIAN_POINT ( 'NONE',  ( -52.06138577865115735, -143.7406835611786562, -33.36525031659923002 ) ) ;
#612 = CARTESIAN_POINT ( 'NONE',  ( -36.38971961952321976, -77.73144856002299719, -30.73766729950751753 ) ) ;
#613 = CARTESIAN_POINT ( 'NONE',  ( -59.94601018464253883, -103.5902467132876268, -31.01398340952122368 ) ) ;
#614 = CARTESIAN_POINT ( 'NONE',  ( -63.51515767428746528, -122.6280003431984511, -31.18772251061461631 ) ) ;
#615 = CARTESIAN_POINT ( 'NONE',  ( -63.66850411170506163, -130.2026451273356713, -29.26669071073146711 ) ) ;
#616 = CARTESIAN_POINT ( 'NONE',  ( -2.125932789765518471, -52.17087439781236213, -31.44424117622334691 ) ) ;
#617 = CARTESIAN_POINT ( 'NONE',  ( -48.31629658999190013, -85.07319583185912393, -29.57169047987151345 ) ) ;
#618 = CARTESIAN_POINT ( 'NONE',  ( 1.766355498205800512, -41.96422601691704557, -22.53248910062714572 ) ) ;
#619 = CARTESIAN_POINT ( 'NONE',  ( -65.30136839906872126, -101.8041977026886826, -29.99676656982038025 ) ) ;
#620 = CARTESIAN_POINT ( 'NONE',  ( -59.64458590249682857, -104.3890556192189081, -30.39224847223411885 ) ) ;
#621 = CARTESIAN_POINT ( 'NONE',  ( -58.19283409862029544, -133.2380930883933843, -32.14568113675299088 ) ) ;
#622 = CARTESIAN_POINT ( 'NONE',  ( -62.02627329040461035, -133.5469697060597696, -30.31898558946105027 ) ) ;
#623 = CARTESIAN_POINT ( 'NONE',  ( -58.87803161157084730, -135.4341194640709887, -26.42121161071023394 ) ) ;
#624 = CARTESIAN_POINT ( 'NONE',  ( -33.35086087160618717, -79.17006018213513130, -33.15168822438909046 ) ) ;
#625 = CARTESIAN_POINT ( 'NONE',  ( -40.17403207115781782, -81.13833408523476010, -36.34010248460501913 ) ) ;
#626 = CARTESIAN_POINT ( 'NONE',  ( -55.60251839123217366, -147.0663840932240021, -29.65388865017463260 ) ) ;
#627 = CARTESIAN_POINT ( 'NONE',  ( 2.633359024974097906, -22.08973145068960520, -16.64534454842433675 ) ) ;
#628 = CARTESIAN_POINT ( 'NONE',  ( -58.81648113569663394, -124.3060481387508815, -29.52421633936651446 ) ) ;
#629 = CARTESIAN_POINT ( 'NONE',  ( -46.61207834695446195, -83.34099335933868247, -29.95419947056258536 ) ) ;
#630 = CARTESIAN_POINT ( 'NONE',  ( -19.98494971023040989, -69.77130199952786427, -31.71608954095761490 ) ) ;
#631 = CARTESIAN_POINT ( 'NONE',  ( -59.13431243224813727, -96.71707668034311212, -27.08087708106555880 ) ) ;
#632 = CARTESIAN_POINT ( 'NONE',  ( -56.58147898817817634, -133.2662167053721589, -31.51049791751784568 ) ) ;
#633 = CARTESIAN_POINT ( 'NONE',  ( -41.44591928132174274, -84.29013263791127031, -32.81249612345415301 ) ) ;
#634 = CARTESIAN_POINT ( 'NONE',  ( -64.03043335695531368, -123.8174961762304633, -25.77387055589503717 ) ) ;
#635 = CARTESIAN_POINT ( 'NONE',  ( -66.26234931450866839, -112.6918785810815109, -26.27170933047887047 ) ) ;
#636 = CARTESIAN_POINT ( 'NONE',  ( -49.77282017466914255, -156.1925566270712125, -33.46746672489628338 ) ) ;
#637 = CARTESIAN_POINT ( 'NONE',  ( -42.59331698475846650, -77.52635703570490477, -33.68647419377379038 ) ) ;
#638 = CARTESIAN_POINT ( 'NONE',  ( -51.10006167382555731, -86.75180897606482233, -29.15968200018919632 ) ) ;
#639 = CARTESIAN_POINT ( 'NONE',  ( -51.26298864682442513, -83.82505196139466364, -31.71804567329892421 ) ) ;
#640 = CARTESIAN_POINT ( 'NONE',  ( -61.24004123258801258, -108.5280990838664366, -30.61244513427606506 ) ) ;
#641 = CARTESIAN_POINT ( 'NONE',  ( -60.49345546264327567, -108.8309209906273054, -27.81074420554314486 ) ) ;
#642 = CARTESIAN_POINT ( 'NONE',  ( 0.04037513726927150631, -2.698894133000977025, -8.819666436559575828 ) ) ;
#643 = CARTESIAN_POINT ( 'NONE',  ( -50.11917527198771438, -90.37405130771968231, -29.89364964552530068 ) ) ;
#644 = CARTESIAN_POINT ( 'NONE',  ( -15.37758542044085530, -63.61320736459029490, -36.27314193301907608 ) ) ;
#645 = CARTESIAN_POINT ( 'NONE',  ( -65.39801892966717389, -124.6264414570008228, -27.48151365795375156 ) ) ;
#646 = CARTESIAN_POINT ( 'NONE',  ( -51.46527963058864685, -144.3267486325049731, -28.32468632891034588 ) ) ;
#647 = CARTESIAN_POINT ( 'NONE',  ( -58.07549544662963825, -131.2783359935436636, -31.74813333594291009 ) ) ;
#648 = CARTESIAN_POINT ( 'NONE',  ( -6.720857105103067219, -51.62670717203634041, -27.06653453451172808 ) ) ;
#649 = CARTESIAN_POINT ( 'NONE',  ( -46.33602195932630252, -87.73772030977201553, -33.02902197961527264 ) ) ;
#650 = CARTESIAN_POINT ( 'NONE',  ( -64.36453013564729986, -108.3294419914083448, -31.40895228357968350 ) ) ;
#651 = CARTESIAN_POINT ( 'NONE',  ( -65.91751108248415392, -122.6034962528078012, -28.90465435949451134 ) ) ;
#652 = CARTESIAN_POINT ( 'NONE',  ( -62.35492909372408832, -111.4271611394150057, -25.87069692128864773 ) ) ;
#653 = CARTESIAN_POINT ( 'NONE',  ( 2.799748413111754264, 0.1903887537600902624, -1.392311535054194360 ) ) ;
#654 = CARTESIAN_POINT ( 'NONE',  ( -50.23235029255144468, -83.84067009955741412, -34.56607135043675783 ) ) ;
#655 = CARTESIAN_POINT ( 'NONE',  ( -37.07584853322202889, -81.31027370458187420, -32.07346301988994952 ) ) ;
#656 = CARTESIAN_POINT ( 'NONE',  ( -59.09869555668476693, -131.0060043651120054, -31.92209490306857589 ) ) ;
#657 = CARTESIAN_POINT ( 'NONE',  ( -66.71190145632087365, -114.5401613499357580, -29.67358843687074810 ) ) ;
#658 = CARTESIAN_POINT ( 'NONE',  ( -2.840301112967561714, -15.74841304138145048, -13.53893073463312824 ) ) ;
#659 = CARTESIAN_POINT ( 'NONE',  ( -44.75215304037939745, -86.57858213424573535, -32.96734941738704094 ) ) ;
#660 = CARTESIAN_POINT ( 'NONE',  ( -48.98391943197281506, -85.62175572752455821, -35.34393023881479934 ) ) ;
#661 = CARTESIAN_POINT ( 'NONE',  ( -61.58963007258839895, -135.2792857807096709, -28.20309505387470850 ) ) ;
#662 = CARTESIAN_POINT ( 'NONE',  ( -24.93038341109856404, -73.90217335551888311, -33.64069239556363300 ) ) ;
#663 = CARTESIAN_POINT ( 'NONE',  ( -60.53435770949600681, -110.1497289127798638, -29.26682647209953458 ) ) ;
#664 = CARTESIAN_POINT ( 'NONE',  ( -37.63976898677429972, -76.59660475223350318, -31.20924100140617341 ) ) ;
#665 = CARTESIAN_POINT ( 'NONE',  ( -52.37337501486989311, -93.43397727530745556, -31.01833354580721291 ) ) ;
#666 = CARTESIAN_POINT ( 'NONE',  ( -55.72173382643315875, -91.88857326951848847, -27.97206539255421376 ) ) ;
#667 = CARTESIAN_POINT ( 'NONE',  ( -44.75215304037939745, -86.57858213424573535, -32.96734941738704094 ) ) ;
#668 = CARTESIAN_POINT ( 'NONE',  ( -6.152053164738656044, -50.09861558136044124, -30.83172951145133212 ) ) ;
#669 = CARTESIAN_POINT ( 'NONE',  ( -66.24547000391156359, -113.4756857014024547, -26.24018227933721903 ) ) ;
#670 = CARTESIAN_POINT ( 'NONE',  ( -60.04403551888391632, -138.0572082698961935, -30.76888688695664698 ) ) ;
#671 = CARTESIAN_POINT ( 'NONE',  ( -3.720455242283147612, -15.40628433851269996, -16.26858483263172772 ) ) ;
#672 = CARTESIAN_POINT ( 'NONE',  ( -63.21044736238238926, -112.5899261891102299, -25.50946675031416788 ) ) ;
#673 = CARTESIAN_POINT ( 'NONE',  ( -30.90602417232213739, -77.53623184931623769, -32.59632665370418891 ) ) ;
#674 = CARTESIAN_POINT ( 'NONE',  ( -61.56718018976166462, -112.3722078674576608, -30.45520403026643663 ) ) ;
#675 = CARTESIAN_POINT ( 'NONE',  ( -58.40400221596114250, -101.3196337998438850, -28.41503025321747700 ) ) ;
#676 = CARTESIAN_POINT ( 'NONE',  ( -53.84951742217154447, -142.2459022388631809, -33.29194088511295035 ) ) ;
#677 = CARTESIAN_POINT ( 'NONE',  ( -24.04448015990245224, -71.21801310838127108, -31.26906122884690831 ) ) ;
#678 = CARTESIAN_POINT ( 'NONE',  ( -55.42243776587000781, -144.5933846751497072, -32.86826234964712512 ) ) ;
#679 = CARTESIAN_POINT ( 'NONE',  ( -23.15518211439578167, -65.58939367164305168, -35.62061425357245525 ) ) ;
#680 = CARTESIAN_POINT ( 'NONE',  ( -52.16452157691045954, -143.0914092470096080, -28.13131306453146152 ) ) ;
#681 = CARTESIAN_POINT ( 'NONE',  ( 3.929881451277154270, -29.58389387184667640, -20.72002096780164138 ) ) ;
#682 = CARTESIAN_POINT ( 'NONE',  ( -55.21311510426497193, -95.67034831395561412, -32.07274485682113863 ) ) ;
#683 = CARTESIAN_POINT ( 'NONE',  ( -56.24322665039584734, -131.5297242274011182, -30.16599221697985556 ) ) ;
#684 = CARTESIAN_POINT ( 'NONE',  ( -58.20950763514500892, -130.9414868806651953, -31.71491829996685752 ) ) ;
#685 = CARTESIAN_POINT ( 'NONE',  ( -19.67851622572809234, -66.69073601010876473, -30.72947486127418060 ) ) ;
#686 = CARTESIAN_POINT ( 'NONE',  ( -56.95744204792561050, -132.3807830350940833, -31.41232732137705241 ) ) ;
#687 = CARTESIAN_POINT ( 'NONE',  ( -8.638385693994298009, -60.38594099835133022, -33.71204905167174104 ) ) ;
#688 = CARTESIAN_POINT ( 'NONE',  ( -49.75619365801505722, -156.7609211833068343, -32.75018854074026819 ) ) ;
#689 = CARTESIAN_POINT ( 'NONE',  ( -61.80067905366226455, -118.3795710688138314, -25.82561974219177259 ) ) ;
#690 = CARTESIAN_POINT ( 'NONE',  ( -45.46007861361080415, -153.4832925750262405, -34.66855744454185384 ) ) ;
#691 = CARTESIAN_POINT ( 'NONE',  ( -67.02253033754766420, -110.1513396098095399, -29.13670081783762100 ) ) ;
#692 = CARTESIAN_POINT ( 'NONE',  ( -59.87509301769605941, -105.1060569524761235, -30.32772055710028170 ) ) ;
#693 = CARTESIAN_POINT ( 'NONE',  ( 0.1011332355645628012, -1.940437741461310761, -7.910151867583032015 ) ) ;
#694 = CARTESIAN_POINT ( 'NONE',  ( -66.73623537091982882, -111.6166337706565486, -29.79318680512664130 ) ) ;
#695 = CARTESIAN_POINT ( 'NONE',  ( -52.33273829214041939, -147.8011110686405516, -28.09768952199945247 ) ) ;
#696 = CARTESIAN_POINT ( 'NONE',  ( -60.94025069781615400, -106.9374629889995987, -30.71660962551216301 ) ) ;
#697 = CARTESIAN_POINT ( 'NONE',  ( -2.813685969170374168, -54.42080428355703248, -30.80019753822885065 ) ) ;
#698 = CARTESIAN_POINT ( 'NONE',  ( -4.703756626345626302, -6.057186198179612902, -10.03463943868383268 ) ) ;
#699 = CARTESIAN_POINT ( 'NONE',  ( -7.269039233191703531, -58.77232602080396617, -28.78761968322074338 ) ) ;
#700 = CARTESIAN_POINT ( 'NONE',  ( -59.81613947168209222, -120.3227346530005804, -29.30356875130126681 ) ) ;
#701 = CARTESIAN_POINT ( 'NONE',  ( -57.58561785936966970, -132.1397591115225225, -26.70817583818468322 ) ) ;
#702 = CARTESIAN_POINT ( 'NONE',  ( -59.37681511154173108, -104.4591969785517591, -29.62711341774608087 ) ) ;
#703 = CARTESIAN_POINT ( 'NONE',  ( -59.49644336831180880, -97.35167640618418261, -26.97397392709108033 ) ) ;
#704 = CARTESIAN_POINT ( 'NONE',  ( -11.22933719298864297, -63.17736387765427253, -30.71687205258428932 ) ) ;
#705 = CARTESIAN_POINT ( 'NONE',  ( -48.48649692335293082, -155.5551398706833197, -29.57142152796799195 ) ) ;
#706 = CARTESIAN_POINT ( 'NONE',  ( -66.26527001183980303, -112.4320191318895610, -26.28299027942843935 ) ) ;
#707 = CARTESIAN_POINT ( 'NONE',  ( -56.55479891292943506, -144.8819542536564029, -31.63794153458350422 ) ) ;
#708 = CARTESIAN_POINT ( 'NONE',  ( -2.476678693490749872, -21.79224755759173249, -20.43966018123077788 ) ) ;
#709 = CARTESIAN_POINT ( 'NONE',  ( -62.71516340940386414, -118.0285107203781081, -25.46855805522896077 ) ) ;
#710 = CARTESIAN_POINT ( 'NONE',  ( 1.738942572244186247, -35.53979589733369693, -20.21954396741087834 ) ) ;
#711 = CARTESIAN_POINT ( 'NONE',  ( -48.16101755029993114, -89.12711092234090415, -33.02798268584679420 ) ) ;
#712 = CARTESIAN_POINT ( 'NONE',  ( -60.19293474312893011, -118.3606353593892351, -27.72648930941950240 ) ) ;
#713 = CARTESIAN_POINT ( 'NONE',  ( -50.51742786621967696, -148.1441080181241716, -34.22638242022697597 ) ) ;
#714 = CARTESIAN_POINT ( 'NONE',  ( -18.89734536647609175, -67.13292418905967907, -30.70050070323694413 ) ) ;
#715 = CARTESIAN_POINT ( 'NONE',  ( -1.091184078785454536, -41.80451038434286204, -28.71997540931491244 ) ) ;
#716 = CARTESIAN_POINT ( 'NONE',  ( -0.8508480103472355616, 3.250000000000000444, 0.000000000000000000 ) ) ;
#717 = CARTESIAN_POINT ( 'NONE',  ( -3.797248541208572359, -12.83091344662250677, -16.14072828083476097 ) ) ;
#718 = CARTESIAN_POINT ( 'NONE',  ( -57.58561785936966970, -132.1397591115225225, -26.70817583818468322 ) ) ;
#719 = CARTESIAN_POINT ( 'NONE',  ( 3.789108202827979888, -32.70253644134655246, -21.12862604310561920 ) ) ;
#720 = CARTESIAN_POINT ( 'NONE',  ( -61.52204934350243093, -114.6828072374986078, -30.42135650220134480 ) ) ;
#721 = CARTESIAN_POINT ( 'NONE',  ( 1.717399227344482915, -6.799885401378729988, -8.036448345233866419 ) ) ;
#722 = CARTESIAN_POINT ( 'NONE',  ( -59.32211468616858241, -127.9590852846602616, -31.44508155206719735 ) ) ;
#723 = CARTESIAN_POINT ( 'NONE',  ( -42.58232030679260305, -81.96427847552018875, -30.15889485875873177 ) ) ;
#724 = CARTESIAN_POINT ( 'NONE',  ( -60.69883979467181945, -120.7765928427459983, -30.53077815997724187 ) ) ;
#725 = CARTESIAN_POINT ( 'NONE',  ( 0.8508480103472358946, 3.250000000000000444, 0.000000000000000000 ) ) ;
#726 = CARTESIAN_POINT ( 'NONE',  ( -19.61660532483116981, -63.86927808762715841, -36.10067614419956072 ) ) ;
#727 = CARTESIAN_POINT ( 'NONE',  ( -34.30659502783468184, -72.62606802559682251, -33.37919155842381969 ) ) ;
#728 = CARTESIAN_POINT ( 'NONE',  ( -58.72931910664925681, -97.81263820501473560, -27.15396496583196040 ) ) ;
#729 = CARTESIAN_POINT ( 'NONE',  ( 3.335828979321815435, -33.17077530589960332, -20.52270586836481669 ) ) ;
#730 = CARTESIAN_POINT ( 'NONE',  ( -60.13555457905026458, -138.5989633332371227, -30.03681728297748776 ) ) ;
#731 = ORIENTED_EDGE ( 'NONE', *, *, #6112, .T. ) ;
#732 = CARTESIAN_POINT ( 'NONE',  ( -60.60167256495002874, -117.8896872183284756, -29.94979159558585735 ) ) ;
#733 = CARTESIAN_POINT ( 'NONE',  ( -52.94288833137853345, -143.9117480712855581, -33.54252247686352462 ) ) ;
#734 = CARTESIAN_POINT ( 'NONE',  ( 0.7688429941906055332, -23.21377174304729252, -22.97576501542734917 ) ) ;
#735 = CARTESIAN_POINT ( 'NONE',  ( -2.368028104162191116, -4.415703679546576055, -2.661650473866390865 ) ) ;
#736 = CARTESIAN_POINT ( 'NONE',  ( -47.55891899253042254, -88.66104941349217938, -33.04319093075837088 ) ) ;
#737 = CARTESIAN_POINT ( 'NONE',  ( -35.23662920868389392, -78.29828974040573542, -36.78784245961414712 ) ) ;
#738 = CARTESIAN_POINT ( 'NONE',  ( -4.683018339901497740, -5.223663115097721743, -9.147622318732308244 ) ) ;
#739 = CARTESIAN_POINT ( 'NONE',  ( -5.096034364144914619, -55.81626422514535335, -27.54246287119405778 ) ) ;
#740 = CARTESIAN_POINT ( 'NONE',  ( -60.39253794792934116, -116.8127093100086000, -29.20033301349764798 ) ) ;
#741 = CARTESIAN_POINT ( 'NONE',  ( -59.34440860423634234, -127.6265137113848027, -26.29335961739500860 ) ) ;
#742 = CARTESIAN_POINT ( 'NONE',  ( -59.45417664571658634, -121.9159919782096040, -29.37901441690128124 ) ) ;
#743 = CARTESIAN_POINT ( 'NONE',  ( -60.51731819895466913, -126.7757129565067515, -25.83885989686277895 ) ) ;
#744 = CARTESIAN_POINT ( 'NONE',  ( -58.15596046763264582, -129.3671725922436337, -31.10903868893722546 ) ) ;
#745 = CARTESIAN_POINT ( 'NONE',  ( -49.34210024599292410, -90.06740852608588455, -32.95530923887648811 ) ) ;
#746 = CARTESIAN_POINT ( 'NONE',  ( -3.300394004873935749, -2.433814551064986453, -1.481137893765541946 ) ) ;
#747 = CARTESIAN_POINT ( 'NONE',  ( -66.16226616637686675, -109.3847512553426355, -26.45423339390222850 ) ) ;
#748 = CARTESIAN_POINT ( 'NONE',  ( -65.40890797623262642, -123.3078221872957556, -29.68891765461723864 ) ) ;
#749 = CARTESIAN_POINT ( 'NONE',  ( -4.375612534421386535, -11.94393042049498455, -13.27300949637446337 ) ) ;
#750 = CARTESIAN_POINT ( 'NONE',  ( -49.85531288893545820, -148.6623061690033865, -28.57080747797120424 ) ) ;
#751 = CARTESIAN_POINT ( 'NONE',  ( -4.333658726435468012, -53.38679233142897829, -26.21162286118524065 ) ) ;
#752 = CARTESIAN_POINT ( 'NONE',  ( -57.26911635817607049, -131.6266016665854011, -31.33145776320649034 ) ) ;
#753 = CARTESIAN_POINT ( 'NONE',  ( -51.15415837642282071, -91.42671855453096441, -29.77167710309892357 ) ) ;
#754 = CARTESIAN_POINT ( 'NONE',  ( 3.455970787578872994, -41.27298121131321551, -24.40325957797224987 ) ) ;
#755 = CARTESIAN_POINT ( 'NONE',  ( -28.62758794780195615, -74.20602553206133223, -31.30605577711392229 ) ) ;
#756 = CARTESIAN_POINT ( 'NONE',  ( -64.83302456622308796, -114.0639729561263493, -25.42766392250035423 ) ) ;
#757 = CARTESIAN_POINT ( 'NONE',  ( -4.645307857625161851, -48.88451092591047598, -31.06677304723794109 ) ) ;
#758 = CARTESIAN_POINT ( 'NONE',  ( 2.952631864213959290, -42.41272717239800016, -27.44013574616714024 ) ) ;
#759 = CARTESIAN_POINT ( 'NONE',  ( 0.4426306069609907134, -33.11561267834373723, -26.12688098284532145 ) ) ;
#760 = CARTESIAN_POINT ( 'NONE',  ( -24.80823674654830668, -70.73788699701886173, -31.15279861875479028 ) ) ;
#761 = CARTESIAN_POINT ( 'NONE',  ( -6.047362547392184595, -58.62288262574664799, -30.01675119488008292 ) ) ;
#762 = CARTESIAN_POINT ( 'NONE',  ( -60.40722100354322066, -122.0739320020924339, -30.58799937625984811 ) ) ;
#763 = CARTESIAN_POINT ( 'NONE',  ( 1.746698512486881683, -13.29795491705584709, -12.48824638400309972 ) ) ;
#764 = CARTESIAN_POINT ( 'NONE',  ( -3.749552199979686140, -55.69045608627722999, -28.63648777663133060 ) ) ;
#765 = CARTESIAN_POINT ( 'NONE',  ( -54.63091350591392370, -94.38512313713616209, -28.64322068579515701 ) ) ;
#766 = CARTESIAN_POINT ( 'NONE',  ( 2.931473542684054134, -24.14856332129628669, -21.95050487813162476 ) ) ;
#767 = CARTESIAN_POINT ( 'NONE',  ( -27.98291738930739569, -69.07422183639971536, -36.41000260398512722 ) ) ;
#768 = CARTESIAN_POINT ( 'NONE',  ( -26.84654897367266813, -68.05156663254189198, -33.35837374037437542 ) ) ;
#769 = CARTESIAN_POINT ( 'NONE',  ( -62.35998034776989130, -111.8783914036413734, -25.85602648786561986 ) ) ;
#770 = CARTESIAN_POINT ( 'NONE',  ( 3.658339299857578109, -30.09873109001427238, -20.04545891498437271 ) ) ;
#771 = CARTESIAN_POINT ( 'NONE',  ( -61.85895951515367130, -134.7747550213871932, -29.64592501547996406 ) ) ;
#772 = CARTESIAN_POINT ( 'NONE',  ( -58.96554758886828296, -125.0884978251339277, -30.29220035098868635 ) ) ;
#773 = CARTESIAN_POINT ( 'NONE',  ( 3.402584214479382307, -24.30810759797222786, -21.16464817388951047 ) ) ;
#774 = CARTESIAN_POINT ( 'NONE',  ( 1.460816312429090935, -45.15160835160921948, -29.16592818080980010 ) ) ;
#775 = CARTESIAN_POINT ( 'NONE',  ( -55.22083314257776721, -142.7376019068910011, -27.32969269863131601 ) ) ;
#776 = CARTESIAN_POINT ( 'NONE',  ( -57.34815742347635847, -92.38703398374703113, -33.56128951478116562 ) ) ;
#777 = CARTESIAN_POINT ( 'NONE',  ( -61.41445980555555906, -116.1313507510478615, -30.42185271679895919 ) ) ;
#778 = CARTESIAN_POINT ( 'NONE',  ( -55.21236234333498061, -86.82839683617181947, -31.09503746652008616 ) ) ;
#779 = CARTESIAN_POINT ( 'NONE',  ( -34.72740495911298808, -80.01026412075174221, -33.02342768911216098 ) ) ;
#780 = CARTESIAN_POINT ( 'NONE',  ( -60.40214332708918477, -108.9414221701196936, -29.31872063500220804 ) ) ;
#781 = CARTESIAN_POINT ( 'NONE',  ( -56.13244950449109183, -135.3943672904864002, -27.07273871770384588 ) ) ;
#782 = CARTESIAN_POINT ( 'NONE',  ( -59.35114454132747142, -122.3323342884391991, -29.40110553059869503 ) ) ;
#783 = CARTESIAN_POINT ( 'NONE',  ( -61.01814397814816004, -125.2155235620781326, -25.73714003124394267 ) ) ;
#784 = CARTESIAN_POINT ( 'NONE',  ( -52.96043648371330903, -140.7772657846377058, -32.49217642104440529 ) ) ;
#785 = CARTESIAN_POINT ( 'NONE',  ( -61.47462863212794559, -115.4152204650863780, -30.41917018672549133 ) ) ;
#786 = CARTESIAN_POINT ( 'NONE',  ( -52.26700220353757942, -149.5530496800336664, -28.52913638574399613 ) ) ;
#787 = CARTESIAN_POINT ( 'NONE',  ( -55.67512883701786564, -146.4649420627356164, -31.86578305505608100 ) ) ;
#788 = CARTESIAN_POINT ( 'NONE',  ( -26.73270662336555503, -67.67516162717043926, -34.17788222798123599 ) ) ;
#789 = CARTESIAN_POINT ( 'NONE',  ( -59.81775993549227621, -128.7756495888502002, -25.98888668542298319 ) ) ;
#790 = CARTESIAN_POINT ( 'NONE',  ( -22.03103407112444501, -71.84825229491876541, -32.71352420105220915 ) ) ;
#791 = CARTESIAN_POINT ( 'NONE',  ( -60.27555115660912577, -122.6157386547529740, -30.61592340252845190 ) ) ;
#792 = CARTESIAN_POINT ( 'NONE',  ( -60.30873199709883892, -117.6248496684603850, -27.70727987460324115 ) ) ;
#793 = CARTESIAN_POINT ( 'NONE',  ( -24.15636239389807116, -71.90661212993452978, -36.55198983646290145 ) ) ;
#794 = CARTESIAN_POINT ( 'NONE',  ( -60.43939388170706195, -116.6618078639529159, -27.68869285708631267 ) ) ;
#795 = CARTESIAN_POINT ( 'NONE',  ( -64.71516093590261676, -115.6102022980306145, -25.39807422956438288 ) ) ;
#796 = CARTESIAN_POINT ( 'NONE',  ( -4.534492262423800213, -5.782241352293753245, -7.456332979622574797 ) ) ;
#797 = CARTESIAN_POINT ( 'NONE',  ( -2.484172127945392550, -3.207340884323737651, -10.05618996794539122 ) ) ;
#798 = DATE_AND_TIME ( #5222, #4259 ) ;
#799 = CARTESIAN_POINT ( 'NONE',  ( -5.730601331232895390, -52.08421895528245216, -32.81692032547240956 ) ) ;
#800 = CC_DESIGN_PERSON_AND_ORGANIZATION_ASSIGNMENT ( #5286, #3170, ( #2950 ) ) ;
#801 = CARTESIAN_POINT ( 'NONE',  ( -27.28411628181740767, -72.40217845672840724, -31.19640691126986098 ) ) ;
#802 = CARTESIAN_POINT ( 'NONE',  ( -53.35593638592491317, -93.65331614670039073, -32.41858692557902799 ) ) ;
#803 = CARTESIAN_POINT ( 'NONE',  ( -49.97685690594910568, -144.1179203260618920, -31.90790497683387272 ) ) ;
#804 = CARTESIAN_POINT ( 'NONE',  ( -47.79496057568744050, -87.70684685027191563, -34.46572514160203582 ) ) ;
#805 = CARTESIAN_POINT ( 'NONE',  ( -61.09196602309459223, -111.5842595858482866, -26.95213474415047727 ) ) ;
#806 = CARTESIAN_POINT ( 'NONE',  ( -52.67564553733809873, -147.7940216559405542, -33.82506272350390475 ) ) ;
#807 = CARTESIAN_POINT ( 'NONE',  ( -4.041663407182842782, -9.635622688449297257, -14.42124660763953514 ) ) ;
#808 = CARTESIAN_POINT ( 'NONE',  ( -44.91079981676099209, -79.42182300318241062, -32.32636694487423767 ) ) ;
#809 = CARTESIAN_POINT ( 'NONE',  ( -60.51194387949922771, -123.9752668814006995, -26.04420780034742933 ) ) ;
#810 = CARTESIAN_POINT ( 'NONE',  ( -59.60479531430797095, -101.3909866918825315, -31.81152262306698120 ) ) ;
#811 = CARTESIAN_POINT ( 'NONE',  ( -54.94073189703198778, -148.3630668974230105, -31.34256366921620085 ) ) ;
#812 = CARTESIAN_POINT ( 'NONE',  ( -45.29784174357518367, -86.74853175457586474, -33.77864575369336819 ) ) ;
#813 = CARTESIAN_POINT ( 'NONE',  ( -51.48417508286539856, -142.2066341596713244, -32.28442849965698969 ) ) ;
#814 = CARTESIAN_POINT ( 'NONE',  ( 0.1266015539530969403, -1.702740987241265325, -7.612621414212429549 ) ) ;
#815 = CARTESIAN_POINT ( 'NONE',  ( -56.04619141376287672, -145.8024242298504305, -31.76937944464445351 ) ) ;
#816 = CARTESIAN_POINT ( 'NONE',  ( -1.471160874298542476, -31.39669891798449441, -21.28717636788877599 ) ) ;
#817 = CARTESIAN_POINT ( 'NONE',  ( -65.50845606650814545, -111.2108898730455024, -30.89973569460874714 ) ) ;
#818 = CARTESIAN_POINT ( 'NONE',  ( -41.28493756199552678, -77.00104488666403313, -35.40921880259242016 ) ) ;
#819 = CARTESIAN_POINT ( 'NONE',  ( -50.75369549190745033, -91.24259575618751228, -32.81501291074545890 ) ) ;
#820 = CARTESIAN_POINT ( 'NONE',  ( -60.96461702760564805, -122.3139209916749905, -25.95725498945571985 ) ) ;
#821 = CARTESIAN_POINT ( 'NONE',  ( -55.60018626905868899, -133.0398009495835652, -30.33665956920872020 ) ) ;
#822 = CARTESIAN_POINT ( 'NONE',  ( -54.16983794448426437, -141.1502505551017634, -27.38768344018602363 ) ) ;
#823 = PERSON_AND_ORGANIZATION ( #7082, #1896 ) ;
#824 = CARTESIAN_POINT ( 'NONE',  ( -61.42415556195389570, -109.9891210207119059, -30.53727397363564933 ) ) ;
#825 = CARTESIAN_POINT ( 'NONE',  ( -53.67392513177732383, -147.1910316002828836, -28.15285897173880159 ) ) ;
#826 = CARTESIAN_POINT ( 'NONE',  ( -64.31017469400741504, -125.0209862826754943, -26.30635153187568065 ) ) ;
#827 = CARTESIAN_POINT ( 'NONE',  ( -0.7515336965349342924, -14.78132631284667831, -19.00883890145819777 ) ) ;
#828 = CARTESIAN_POINT ( 'NONE',  ( -65.25022351615037053, -106.4317998095359741, -26.16793680353539386 ) ) ;
#829 = CARTESIAN_POINT ( 'NONE',  ( -54.16983794448426437, -141.1502505551017634, -27.38768344018602363 ) ) ;
#830 = CARTESIAN_POINT ( 'NONE',  ( -52.22745759370422292, -93.14073880983431764, -31.87879181892167679 ) ) ;
#831 = CARTESIAN_POINT ( 'NONE',  ( -55.35652450574090011, -135.9904325531533402, -31.83567080849662645 ) ) ;
#832 = CARTESIAN_POINT ( 'NONE',  ( -50.27760986142683919, -143.4512691038562480, -30.28837195416707218 ) ) ;
#833 = CARTESIAN_POINT ( 'NONE',  ( 3.891723896586684273, -28.88418109164989644, -22.21624667302247857 ) ) ;
#834 = CARTESIAN_POINT ( 'NONE',  ( -53.58983083709172490, -137.2412937428881889, -29.35843637688346774 ) ) ;
#835 = CARTESIAN_POINT ( 'NONE',  ( -60.49791355572213547, -131.6764172196849927, -26.04954783729673906 ) ) ;
#836 = CARTESIAN_POINT ( 'NONE',  ( -3.959223399280716649, -2.430763518862291583, -2.967620270720083386 ) ) ;
#837 = CARTESIAN_POINT ( 'NONE',  ( -50.61088440278977885, -84.81646856833022241, -34.82366292794483797 ) ) ;
#838 = CARTESIAN_POINT ( 'NONE',  ( -30.71985075509374497, -70.33028236466748240, -35.77865048209698529 ) ) ;
#839 = CARTESIAN_POINT ( 'NONE',  ( -47.02650501393952709, -86.11892881283813495, -29.73800176328803957 ) ) ;
#840 = CARTESIAN_POINT ( 'NONE',  ( -2.121700353884086176, -53.23760852519313858, -27.52092003787584318 ) ) ;
#841 = CARTESIAN_POINT ( 'NONE',  ( -61.51118510683238583, -111.0497277609553350, -30.49511842862332500 ) ) ;
#842 = CARTESIAN_POINT ( 'NONE',  ( -50.68603973331814672, -142.8601048057493017, -31.70279729817224990 ) ) ;
#843 = CARTESIAN_POINT ( 'NONE',  ( -13.74389431843736809, -65.83968431097369489, -33.41871202404537655 ) ) ;
#844 = CARTESIAN_POINT ( 'NONE',  ( -61.07151870999274479, -110.9435348729310959, -26.97113032020968149 ) ) ;
#845 = CARTESIAN_POINT ( 'NONE',  ( 1.807332897492932799, -46.83043804159781587, -27.33997651161218201 ) ) ;
#846 = CARTESIAN_POINT ( 'NONE',  ( 1.056648692910836740, -42.53328612436505551, -29.19427400745101409 ) ) ;
#847 = CARTESIAN_POINT ( 'NONE',  ( -3.206068723712050428, -18.45733715308810829, -17.52074698911134476 ) ) ;
#848 = CARTESIAN_POINT ( 'NONE',  ( -26.00149638021898113, -74.68984036130950699, -34.41024185672428359 ) ) ;
#849 = CARTESIAN_POINT ( 'NONE',  ( -62.62740801572831373, -132.9191831507429242, -29.48041329894940432 ) ) ;
#850 = CARTESIAN_POINT ( 'NONE',  ( -46.59905589808096948, -87.62760348650675724, -33.80619728424801451 ) ) ;
#851 = CARTESIAN_POINT ( 'NONE',  ( -59.68943403567164552, -122.4533008167558989, -30.12694256168779106 ) ) ;
#852 = CARTESIAN_POINT ( 'NONE',  ( -1.473904040738353460, -52.88083092821170084, -29.05628762870287218 ) ) ;
#853 = CARTESIAN_POINT ( 'NONE',  ( 2.451610005108307622, -42.39868294807439497, -28.21223785448869137 ) ) ;
#854 = CARTESIAN_POINT ( 'NONE',  ( -35.32392751712004042, -74.37245524074451453, -31.92929775066407316 ) ) ;
#855 = CARTESIAN_POINT ( 'NONE',  ( -62.95499635529935745, -100.5574071505848934, -31.96853003251588632 ) ) ;
#856 = CARTESIAN_POINT ( 'NONE',  ( -65.50739162965140849, -102.7923519425092280, -27.63109790493833273 ) ) ;
#857 = CARTESIAN_POINT ( 'NONE',  ( -60.38607601510824452, -124.4081640791075642, -26.06939496787565957 ) ) ;
#858 = CARTESIAN_POINT ( 'NONE',  ( -60.64629560986012535, -113.1197391752086361, -29.19256295247081923 ) ) ;
#859 = CARTESIAN_POINT ( 'NONE',  ( -60.10999060735456112, -127.9672720647292437, -25.92500202797155140 ) ) ;
#860 = CARTESIAN_POINT ( 'NONE',  ( -61.41445980555555906, -116.1313507510478615, -30.42185271679895919 ) ) ;
#861 = CARTESIAN_POINT ( 'NONE',  ( -58.25202527981311817, -92.45584008068401261, -28.03803551147765916 ) ) ;
#862 = CARTESIAN_POINT ( 'NONE',  ( -63.75881647442742661, -126.8519735333604785, -26.39511387831177913 ) ) ;
#863 = CARTESIAN_POINT ( 'NONE',  ( -1.696456640980667396, 2.899737436731891993, 0.000000000000000000 ) ) ;
#864 = CARTESIAN_POINT ( 'NONE',  ( -47.89727832511795214, -81.32452250825330964, -32.26821081470659891 ) ) ;
#865 = CARTESIAN_POINT ( 'NONE',  ( -61.07203507874231718, -125.0404481718036465, -25.72651080877680130 ) ) ;
#866 = CARTESIAN_POINT ( 'NONE',  ( -59.80974325676110936, -121.9607443241637839, -30.10063945657237028 ) ) ;
#867 = CARTESIAN_POINT ( 'NONE',  ( -58.61601562236651120, -128.1140702610990445, -30.99628952605011989 ) ) ;
#868 = CARTESIAN_POINT ( 'NONE',  ( -58.18158029013894605, -126.2963280457418733, -28.16179142667769142 ) ) ;
#869 = CARTESIAN_POINT ( 'NONE',  ( -58.88191089553597379, -124.0369880815276673, -27.99678243554582480 ) ) ;
#870 = CARTESIAN_POINT ( 'NONE',  ( -57.23007617729528107, -138.8874493655422953, -26.81929658700780550 ) ) ;
#871 = CARTESIAN_POINT ( 'NONE',  ( -54.45193612861022103, -137.8678263500087269, -32.08069258193581419 ) ) ;
#872 = CARTESIAN_POINT ( 'NONE',  ( -4.615739920727961021, -8.491833936905729630, -10.24110317767985734 ) ) ;
#873 = CARTESIAN_POINT ( 'NONE',  ( -51.52603559460170857, -83.73519126670302626, -32.36820639516596998 ) ) ;
#874 = CARTESIAN_POINT ( 'NONE',  ( -6.359626359186199451, -51.04258046932230997, -26.89954021515767479 ) ) ;
#875 = CARTESIAN_POINT ( 'NONE',  ( -21.17824288771495844, -71.16690640663347267, -35.02340875157069888 ) ) ;
#876 = CARTESIAN_POINT ( 'NONE',  ( -51.17378769109165404, -144.0485832564666566, -32.99646750477490542 ) ) ;
#877 = CARTESIAN_POINT ( 'NONE',  ( -56.69601430258454400, -131.2185778151269062, -27.82885079652251648 ) ) ;
#878 = CARTESIAN_POINT ( 'NONE',  ( 0.8141706571032841788, -47.33012558470381492, -25.04166909206328029 ) ) ;
#879 = CARTESIAN_POINT ( 'NONE',  ( -59.21482941829359703, -124.1409100896528201, -27.22200081387934034 ) ) ;
#880 = CARTESIAN_POINT ( 'NONE',  ( -51.32467288168840724, -87.11932105481071176, -34.94359154707387916 ) ) ;
#881 = CARTESIAN_POINT ( 'NONE',  ( -42.80312542317341951, -78.46833392364735005, -35.76231251568965064 ) ) ;
#882 = CARTESIAN_POINT ( 'NONE',  ( -19.70725979177370135, -62.99706999948322306, -33.33678690506854991 ) ) ;
#883 = CARTESIAN_POINT ( 'NONE',  ( -61.00828954436020268, -119.1750620943290500, -30.47534122173414772 ) ) ;
#884 = CARTESIAN_POINT ( 'NONE',  ( -40.16211639737655759, -83.50458781058701163, -33.59423118758341076 ) ) ;
#885 = CARTESIAN_POINT ( 'NONE',  ( -63.98160556761944662, -129.3171220793936982, -29.20659034537042942 ) ) ;
#886 = CARTESIAN_POINT ( 'NONE',  ( -26.00149638021898113, -74.68984036130950699, -34.41024185672428359 ) ) ;
#887 = CARTESIAN_POINT ( 'NONE',  ( -51.20243217550722648, -142.7180817423440544, -32.36438497874090814 ) ) ;
#888 = CARTESIAN_POINT ( 'NONE',  ( -55.58424757635958713, -91.86112500017875959, -33.94488244018473466 ) ) ;
#889 = CARTESIAN_POINT ( 'NONE',  ( -2.506594658783562135, 1.335365615950397267, -3.227841131585776679 ) ) ;
#890 = CARTESIAN_POINT ( 'NONE',  ( -31.09050598281555366, -71.93039441971382075, -32.02034682330005921 ) ) ;
#891 = CARTESIAN_POINT ( 'NONE',  ( -56.30370107810220759, -91.30510474852688674, -33.82717731920884319 ) ) ;
#892 = CARTESIAN_POINT ( 'NONE',  ( -24.10153558477761493, -66.18514070961123252, -35.63687567318567773 ) ) ;
#893 = CARTESIAN_POINT ( 'NONE',  ( -42.39353395948425884, -158.5715265489508852, -30.95888890057539200 ) ) ;
#894 = CARTESIAN_POINT ( 'NONE',  ( -58.22861058999268380, -126.2183454634754867, -29.66460299034068981 ) ) ;
#895 = CARTESIAN_POINT ( 'NONE',  ( -58.85565419152266742, -131.2590400012679765, -26.20767423933610374 ) ) ;
#896 = APPLICATION_PROTOCOL_DEFINITION ( 'international standard', 'config_control_design', 1994, #2099 ) ;
#897 = CARTESIAN_POINT ( 'NONE',  ( -61.17366899829345073, -108.1240519820998713, -30.63674688574682747 ) ) ;
#898 = CARTESIAN_POINT ( 'NONE',  ( -60.79533646205950959, -96.29693922850411525, -27.25879546321868219 ) ) ;
#899 = CARTESIAN_POINT ( 'NONE',  ( -62.42995989201723717, -130.6777423984367204, -26.64456060762540801 ) ) ;
#900 = CARTESIAN_POINT ( 'NONE',  ( -64.00782263029252306, -101.5011082259533026, -26.73152634793176574 ) ) ;
#901 = CARTESIAN_POINT ( 'NONE',  ( -2.187327821698870967, -20.79213832374565740, -16.22803697389347732 ) ) ;
#902 = CARTESIAN_POINT ( 'NONE',  ( -60.90655415109168302, -114.9826881164838142, -29.91617188517298942 ) ) ;
#903 = CARTESIAN_POINT ( 'NONE',  ( -51.31758783062835505, -143.7923858117736415, -32.95533384305549873 ) ) ;
#904 = CARTESIAN_POINT ( 'NONE',  ( -55.46518084150289951, -133.2437396334744619, -28.85035140122460007 ) ) ;
#905 = CARTESIAN_POINT ( 'NONE',  ( -5.679852026709805379, -58.13449734095189569, -31.61334483154040598 ) ) ;
#906 = CARTESIAN_POINT ( 'NONE',  ( -60.30873199709883892, -117.6248496684603850, -27.70727987460324115 ) ) ;
#907 = CARTESIAN_POINT ( 'NONE',  ( -62.98645792958719625, -124.4780212170869191, -25.55893320544243252 ) ) ;
#908 = CARTESIAN_POINT ( 'NONE',  ( -57.99674405877171068, -129.7890434325046840, -31.14841954745798347 ) ) ;
#909 = CARTESIAN_POINT ( 'NONE',  ( -58.68396411797069590, -91.83572554332070581, -28.55692957390854758 ) ) ;
#910 = CARTESIAN_POINT ( 'NONE',  ( -66.64046225728532136, -108.5007737613538126, -27.03835836455322905 ) ) ;
#911 = CARTESIAN_POINT ( 'NONE',  ( -37.76160866785065195, -78.55133368938355432, -30.61403546650979024 ) ) ;
#912 = CARTESIAN_POINT ( 'NONE',  ( -50.43965652651628062, -145.3399697701479170, -33.20721914316941081 ) ) ;
#913 = CARTESIAN_POINT ( 'NONE',  ( -51.16195745524299099, -142.5259922271908977, -29.32577119870128257 ) ) ;
#914 = CARTESIAN_POINT ( 'NONE',  ( -38.11067443784632758, -81.98564796302370894, -34.49606496961333590 ) ) ;
#915 = CARTESIAN_POINT ( 'NONE',  ( -60.61688748566333373, -118.0318583244625188, -26.94758373666116569 ) ) ;
#916 = CARTESIAN_POINT ( 'NONE',  ( -10.45577684796773354, -61.82381956078969409, -34.38985448289695057 ) ) ;
#917 = CARTESIAN_POINT ( 'NONE',  ( -58.90070688344911787, -90.56787188253193221, -30.78737906169311245 ) ) ;
#918 = CARTESIAN_POINT ( 'NONE',  ( -60.40852268844359685, -95.63818464469413527, -27.38509540022205613 ) ) ;
#919 = CARTESIAN_POINT ( 'NONE',  ( -19.43070940313059225, -70.23647862500109795, -33.93789364276327802 ) ) ;
#920 = CARTESIAN_POINT ( 'NONE',  ( -23.45766977816133192, -66.25911499611747502, -36.26882781612035700 ) ) ;
#921 = CARTESIAN_POINT ( 'NONE',  ( 2.236676254449136536, -16.00512965832523804, -14.88985572521321465 ) ) ;
#922 = CARTESIAN_POINT ( 'NONE',  ( 1.999096996555601580, -3.011679541402447757, -4.939420410568743591 ) ) ;
#923 = CARTESIAN_POINT ( 'NONE',  ( -53.39283331960344015, -89.86094605955189252, -34.43590102855724666 ) ) ;
#924 = CARTESIAN_POINT ( 'NONE',  ( -67.11346058928856451, -112.4864243023757524, -29.00228866090570534 ) ) ;
#925 = CARTESIAN_POINT ( 'NONE',  ( -64.10108213873238014, -123.7411888861577722, -30.85269861712083284 ) ) ;
#926 = CARTESIAN_POINT ( 'NONE',  ( -61.38556596440319879, -94.08192832447981857, -29.17496970827266978 ) ) ;
#927 = CARTESIAN_POINT ( 'NONE',  ( -0.1466414851003969566, -5.915261567330029280, -4.090766546040327967 ) ) ;
#928 = CARTESIAN_POINT ( 'NONE',  ( 1.733040025641074955, -9.659759696222733893, -10.42505038935979300 ) ) ;
#929 = CARTESIAN_POINT ( 'NONE',  ( -52.96043648371330903, -140.7772657846377058, -32.49217642104440529 ) ) ;
#930 = CARTESIAN_POINT ( 'NONE',  ( -51.97595966087411767, -85.52369347541440447, -29.93046075289035102 ) ) ;
#931 = CARTESIAN_POINT ( 'NONE',  ( -60.06768200931409041, -136.3026165297615364, -27.15970606476533078 ) ) ;
#932 = CARTESIAN_POINT ( 'NONE',  ( -31.61307755002262709, -72.94510255495310957, -37.37913269202264388 ) ) ;
#933 = CARTESIAN_POINT ( 'NONE',  ( -56.69174315144238108, -89.43602285336990576, -29.13959551372802537 ) ) ;
#934 = CARTESIAN_POINT ( 'NONE',  ( -59.23512551998732079, -98.99331936166767321, -32.47468224672098813 ) ) ;
#935 = CARTESIAN_POINT ( 'NONE',  ( -55.88622193396504656, -132.2790047885024194, -28.73944220836398245 ) ) ;
#936 = CARTESIAN_POINT ( 'NONE',  ( -63.60627789033786428, -104.8253539388770008, -31.72508661089418780 ) ) ;
#937 = CARTESIAN_POINT ( 'NONE',  ( -50.55745580136779438, -142.9556208910115345, -30.20851851355258333 ) ) ;
#938 = CARTESIAN_POINT ( 'NONE',  ( -2.372984948208398226, -23.22837384444988373, -18.27055921286106255 ) ) ;
#939 = CARTESIAN_POINT ( 'NONE',  ( -60.51839919083654706, -121.5964106181801156, -30.56568073879554248 ) ) ;
#940 = CARTESIAN_POINT ( 'NONE',  ( -61.31910692776371263, -95.70965874475594148, -27.72185415472551995 ) ) ;
#941 = CARTESIAN_POINT ( 'NONE',  ( -65.08562230508023561, -101.4449760466908685, -27.81242862637886759 ) ) ;
#942 = CARTESIAN_POINT ( 'NONE',  ( -53.24495573684743732, -92.76188597251362467, -28.89681599787117605 ) ) ;
#943 = CARTESIAN_POINT ( 'NONE',  ( -4.659981212705557319, -6.857794744536297671, -9.735317403995125574 ) ) ;
#944 = DESIGN_CONTEXT ( 'detailed design', #1585, 'design' ) ;
#945 = CARTESIAN_POINT ( 'NONE',  ( -49.89262123289363160, -144.7571719457651795, -29.68613707437511806 ) ) ;
#946 = CARTESIAN_POINT ( 'NONE',  ( -61.83896009005194827, -122.3651829788754242, -31.31853673591053422 ) ) ;
#947 = CARTESIAN_POINT ( 'NONE',  ( -55.59112454228031908, -133.7721576780633086, -28.11370281586178876 ) ) ;
#948 = CARTESIAN_POINT ( 'NONE',  ( -64.98796502515909879, -106.9199611623124611, -31.20283262281081704 ) ) ;
#949 = AXIS2_PLACEMENT_3D ( 'NONE', #1080, #3921, #3327 ) ;
#950 = CARTESIAN_POINT ( 'NONE',  ( -47.06825795887868935, -80.99280868788224552, -34.63702155015516126 ) ) ;
#951 = CARTESIAN_POINT ( 'NONE',  ( -56.31455317043195663, -90.06594433020175927, -28.57992520339017872 ) ) ;
#952 = CARTESIAN_POINT ( 'NONE',  ( -61.52936695292420666, -106.9288296797939779, -31.24412734584069540 ) ) ;
#953 = CARTESIAN_POINT ( 'NONE',  ( -42.45523790561045985, -78.25801380654472439, -35.83032303940454710 ) ) ;
#954 = CARTESIAN_POINT ( 'NONE',  ( -0.7618428830744539137, -49.47182677066226120, -25.29385173001085363 ) ) ;
#955 = CARTESIAN_POINT ( 'NONE',  ( -50.78758242178720650, -143.4635045170753358, -32.48372051705133856 ) ) ;
#956 = CARTESIAN_POINT ( 'NONE',  ( -29.14560205328133691, -75.23803755142429850, -36.57880222009396931 ) ) ;
#957 = CARTESIAN_POINT ( 'NONE',  ( -29.48477495336668852, -71.53654320504936948, -37.34494960314784606 ) ) ;
#958 = CARTESIAN_POINT ( 'NONE',  ( -55.56555436787054703, -144.3317263236163797, -32.83046527666164138 ) ) ;
#959 = CARTESIAN_POINT ( 'NONE',  ( -66.69022374516200102, -109.0010020378997240, -27.00007435334454797 ) ) ;
#960 = CARTESIAN_POINT ( 'NONE',  ( -0.9865800608803841909, -20.69242536456004089, -15.05297330698070724 ) ) ;
#961 = CARTESIAN_POINT ( 'NONE',  ( -1.068206499088100614, -46.37741140432220277, -23.67266231892496009 ) ) ;
#962 = CARTESIAN_POINT ( 'NONE',  ( -1.355890510216420264, -27.54538001286767113, -18.88544191766720814 ) ) ;
#963 = PERSON_AND_ORGANIZATION ( #7082, #1896 ) ;
#964 = CARTESIAN_POINT ( 'NONE',  ( -50.43965652651628062, -145.3399697701479170, -33.20721914316941081 ) ) ;
#965 = CARTESIAN_POINT ( 'NONE',  ( -41.45298068284292015, -80.05245261914375021, -36.67815834154847465 ) ) ;
#966 = CARTESIAN_POINT ( 'NONE',  ( -10.84098276186468723, -55.31450781343506407, -32.26767397614359822 ) ) ;
#967 = CARTESIAN_POINT ( 'NONE',  ( -55.30477041274647831, -145.5824752114452281, -28.33203438033876154 ) ) ;
#968 = CARTESIAN_POINT ( 'NONE',  ( -23.98031170148906099, -68.00045993079409357, -37.11272126310402797 ) ) ;
#969 = CARTESIAN_POINT ( 'NONE',  ( -65.14775766255864653, -118.6512551714208570, -25.65870054156603786 ) ) ;
#970 = CARTESIAN_POINT ( 'NONE',  ( -61.64047094343963096, -135.1627144726673464, -28.19203005618046021 ) ) ;
#971 = CARTESIAN_POINT ( 'NONE',  ( -61.06884298790809140, -102.6833010841913278, -31.97287175009352111 ) ) ;
#972 = CARTESIAN_POINT ( 'NONE',  ( -60.95189520763506152, -111.6133811836074159, -29.96148780614019458 ) ) ;
#973 = CARTESIAN_POINT ( 'NONE',  ( -46.92485177915494177, -149.0972770650616894, -31.26704951193698534 ) ) ;
#974 = CARTESIAN_POINT ( 'NONE',  ( -64.32922133216591476, -108.1020391692110536, -31.42600049982084798 ) ) ;
#975 = CARTESIAN_POINT ( 'NONE',  ( -50.05890197983859480, -143.8358487843250373, -30.35083407108800202 ) ) ;
#976 = CARTESIAN_POINT ( 'NONE',  ( -2.641429970822884332, -20.57334351924597726, -16.97937574612236489 ) ) ;
#977 = CARTESIAN_POINT ( 'NONE',  ( 1.673623813704373742, -5.999276855022205091, -8.335770379922569973 ) ) ;
#978 = CARTESIAN_POINT ( 'NONE',  ( -62.45898740281245409, -97.75009396694751729, -27.32705003055093229 ) ) ;
#979 = CARTESIAN_POINT ( 'NONE',  ( -53.09564904657177209, -84.96991966978929156, -31.79292686565178627 ) ) ;
#980 = CARTESIAN_POINT ( 'NONE',  ( -61.42415556195389570, -109.9891210207119059, -30.53727397363564933 ) ) ;
#981 = CARTESIAN_POINT ( 'NONE',  ( -60.57436480440465232, -106.6982819261843360, -27.18391775029704149 ) ) ;
#982 = CARTESIAN_POINT ( 'NONE',  ( -53.97425411274698348, -138.8241614272089350, -32.21142476997580673 ) ) ;
#983 = B_SPLINE_SURFACE_WITH_KNOTS ( 'NONE', 3, 3, (
 ( #1053, #2192, #5035, #4447, #1123, #6590, #1608, #3333, #7247, #6068, #7213, #2777, #1573, #6697, #5482, #2227, #4378, #4967, #2672, #3297, #4932, #3821, #3856, #1535, #5553, #6103, #496, #2123, #425, #3263, #5518, #462, #2741, #4413, #6172, #1641, #6626, #3890, #6139, #984, #3783, #2157, #2707, #5448, #6033, #7281, #1018, #5001, #2640, #1086, #4482, #3227, #7180, #6731, #1675, #391, #4897, #5657, #5731, #2849, #3479, #1231, #5216, #1158, #4666, #4518, #160, #2373, #3371, #6914, #6765, #1710, #5071, #3445, #1819, #603, #6802, #3516, #3409, #711, #11, #5109, #2337, #1858, #2413, #5621, #4109, #3964, #2921, #6245, #1193, #2264, #565, #6208, #6320, #5180, #4592, #6358, #2812, #2299, #50, #4554, #1747, #4629, #4000, #5695, #640, #2884, #1268, #5145, #86, #123, #5768, #6838, #1784, #4034, #674, #6282, #6875, #4071, #2959, #6395, #4853, #2448, #3143, #308, #1306, #7099, #4702, #1895, #2996, #1385, #7062, #3593, #4745, #1457, #5844, #5954, #5255, #791, #272, #2041, #346, #3554, #4293, #3034, #867, #4186, #6435, #197, #5808, #5293, #4258, #3105, #2525, #752, #233, #2487, #6990, #1936, #3631, #2561, #5882, #3703, #831, #3071, #4222, #5330, #4782, #7025, #1420, #4816, #1972, #3667, #6471, #5918, #2007, #5364, #6508, #903, #5403, #406, #440, #3899, #21, #6848, #690, #4089 ),
 ( #6337, #653, #6854, #178, #1210, #1286, #5124, #6376, #4015, #4607, #2315, #2937, #4570, #3460, #1247, #3980, #5196, #6299, #140, #1763, #65, #2900, #101, #2390, #4645, #3534, #770, #729, #6261, #2978, #5235, #618, #2864, #4683, #1325, #5087, #1174, #4533, #6224, #6817, #3647, #3086, #1437, #5898, #5936, #1365, #4276, #3719, #3685, #2504, #919, #6451, #7079, #4238, #7042, #848, #5970, #5346, #4798, #4312, #2577, #1401, #6488, #2023, #5382, #1988, #288, #884, #5273, #7006, #1952, #2541, #3123, #6524, #6004, #2057, #6561, #325, #4833, #1473, #3159, #5419, #364, #2612, #3610, #4870, #7116, #1505, #3754, #4721, #6968, #5862, #3014, #214, #2466, #810, #1914, #4165, #6413, #3052, #5310, #252, #4763, #4202, #952, #3269, #2198, #1579, #467, #1681, #3790, #6703, #3934, #6109, #6040, #4904, #3197, #4938, #4453, #1542, #1058, #1614, #398, #7253, #3339, #991, #7186, #2647, #5524, #502, #7151, #1646, #3304, #4488, #5041, #3896, #6632, #2712, #2129, #4419, #2093, #5489, #6597, #3234, #4348, #4384, #4973, #431, #2678, #3827, #3862, #6074, #5592, #1024, #7219, #6145, #2163, #6669, #5559, #2747, #5006, #1093, #536, #2783, #7287, #2233, #1276, #5078, #6215, #18, #1791, #2271, #3524, #6772, #4525, #5187, #1717, #3971, #2891, #5116, #3486, #1754, #1165, #610, #3416, #5665, #5776, #4007 ),
 ( #130, #6884, #4599, #2856, #4079, #2306, #2928, #93, #5152, #6253, #1827, #1201, #2344, #168, #5738, #4561, #6845, #2380, #1238, #4041, #3452, #6290, #1130, #57, #6809, #5702, #681, #719, #1867, #5225, #2421, #2968, #4674, #6922, #6179, #3378, #5628, #572, #2819, #840, #6480, #5338, #7108, #5817, #761, #6958, #4118, #6367, #1316, #1905, #3563, #875, #3005, #317, #4156, #3114, #2457, #4711, #6404, #280, #5373, #4754, #3677, #1355, #3043, #5302, #243, #5927, #2496, #6541, #5401, #4330, #4402, #3736, #3251, #3807, #2595, #6091, #5541, #5987, #6579, #3141, #2112, #2695, #4851, #1041, #5506, #6127, #344, #484, #1524, #6615, #3772, #1560, #934, #6022, #3177, #971, #3215, #5471, #450, #4955, #6190, #1141, #3389, #1177, #31, #6857, #5127, #2245, #4573, #6820, #3909, #6714, #5090, #5639, #1801, #4464, #3463, #1692, #6746, #5568, #4500, #4018, #6155, #547, #68, #1213, #3945, #5017, #3352, #3426, #2794, #5676, #6227, #2903, #1104, #2355, #2209, #5162, #2318, #1068, #4611, #1657, #5603, #2758, #583, #1766, #5052, #2831, #5713, #7298, #656, #7264, #2282, #4536, #4053, #104, #3315, #513, #6783, #621, #1728, #3983, #2867, #6264, #1839, #1956, #5866, #217, #4802, #3497, #5238, #5200, #143, #5790, #256, #2394, #6455, #733, #5350, #1918, #2545, #4092, #4648, #6418, #2508, #292 ),
 ( #5749, #5314, #1405, #6340, #2981, #6302, #3574, #814, #693, #4767, #4169, #7046, #3090, #4206, #4686, #5828, #181, #2469, #6897, #3537, #1290, #2432, #1250, #6933, #773, #1878, #4130, #6379, #1369, #1328, #3651, #3017, #5276, #7010, #4726, #6972, #3615, #3056, #5902, #852, #1992, #2941, #4388, #3723, #3273, #7155, #471, #7084, #329, #4352, #436, #5528, #6601, #5940, #4316, #2682, #3758, #956, #5493, #1547, #3163, #5974, #7190, #4942, #2061, #2097, #995, #3831, #3238, #7223, #5386, #5458, #2133, #6044, #4874, #6008, #6636, #368, #1583, #4280, #1028, #5423, #3201, #1477, #3794, #923, #2616, #402, #888, #6078, #2651, #2717, #7120, #6528, #6565, #1509, #4908, #4977, #4242, #6492, #1441, #3689, #3127, #2581, #2027, #4837, #6184, #4494, #650, #5563, #4566, #2788, #541, #6673, #5597, #5120, #7258, #1651, #6220, #2311, #5046, #6114, #4458, #4529, #3903, #2276, #25, #4011, #2203, #3456, #3309, #6257, #1169, #2167, #5706, #507, #2752, #3866, #2239, #614, #6708, #7291, #6813, #6150, #1759, #1062, #1098, #1135, #2896, #1205, #4423, #5157, #5011, #1722, #6740, #1686, #3345, #1618, #3939, #61, #3976, #3383, #5633, #577, #2825, #5083, #6777, #3420, #5670, #2860, #3606, #1398, #210, #1796, #174, #5857, #6927, #4123, #1360, #2462, #6333, #6890, #3049, #806, #5231, #3010, #4161, #7003 ),
 ( #725, #1872, #2501, #3530, #5307, #136, #4199, #1282, #6372, #4641, #5269, #1833, #5782, #3568, #4047, #4716, #1321, #6963, #4085, #2386, #2426, #4679, #5822, #1910, #766, #5895, #6409, #2974, #249, #4759, #2934, #5744, #1949, #6448, #845, #3492, #3644, #3083, #98, #4604, #2349, #6851, #5193, #6296, #1244, #687, #916, #1985, #322, #395, #4830, #5452, #3194, #7184, #3119, #6630, #6485, #2127, #4345, #5343, #1577, #1434, #3682, #7038, #5416, #3787, #2574, #1470, #5486, #5378, #2676, #4235, #7075, #4308, #3825, #4382, #285, #6072, #5932, #4901, #3156, #360, #880, #2538, #2020, #988, #7148, #6557, #1022, #4795, #4273, #6521, #3716, #5967, #6594, #2608, #429, #4867, #7113, #2644, #1502, #2090, #2054, #3751, #6001, #948, #1539, #6037, #3231, #4936, #15, #4451, #6769, #1714, #6107, #1612, #7285, #5590, #1751, #6667, #5661, #3894, #1644, #465, #6701, #6212, #1056, #2745, #2268, #3413, #6143, #7217, #5557, #5625, #5004, #3375, #1127, #5113, #3301, #4558, #4417, #54, #4522, #3267, #6806, #3860, #500, #4971, #3337, #3968, #7251, #1090, #607, #2196, #2853, #2161, #534, #2231, #4004, #2303, #5522, #6249, #2781, #2816, #5039, #4486, #6735, #2710, #1679, #1162, #5075, #3931, #6176, #569, #127, #90, #2341, #678, #2454, #4596, #1351, #2925, #239, #4115, #4751, #4038, #6842, #1312 ),
 ( #716, #5221, #4708, #3560, #2377, #5184, #4153, #6955, #6325, #6364, #5261, #797, #203, #4192, #1788, #2418, #6401, #3002, #1824, #2964, #3599, #4633, #1902, #1235, #5299, #6880, #165, #5735, #5814, #4076, #1273, #4671, #758, #3521, #3483, #5773, #6919, #1863, #5850, #3040, #6996, #2493, #1942, #1197, #3449, #6286, #5699, #644, #2888, #5149, #2625, #1624, #7162, #4915, #3637, #2658, #2174, #4324, #6016, #3280, #6680, #2106, #3172, #1518, #1591, #965, #6644, #4396, #1069, #6573, #514, #376, #3316, #5535, #6441, #2759, #4883, #7129, #837, #6609, #4984, #3766, #4359, #3873, #3209, #6122, #5433, #5466, #5500, #5018, #5569, #1391, #7265, #2070, #6085, #1554, #3801, #410, #5888, #6051, #4430, #1035, #444, #2210, #1002, #3245, #2689, #4949, #7197, #478, #2140, #3838, #2724, #7230, #69, #694, #7299, #548, #4574, #657, #5750, #6821, #6156, #4537, #2904, #3984, #1178, #5714, #1767, #3390, #3946, #105, #5163, #2283, #2319, #1214, #4054, #3464, #144, #5604, #5677, #2356, #6265, #5091, #6228, #6858, #584, #4612, #4501, #1251, #5640, #3427, #1693, #4019, #6191, #2832, #622, #1105, #1802, #2868, #1142, #6303, #32, #3498, #5128, #2942, #6784, #5201, #1729, #4465, #6715, #1658, #3910, #3353, #2795, #5053, #2247, #6747, #815, #4649, #6380, #1329, #5829, #4170, #3652, #5387, #1442, #3690 ),
 ( #2433, #1370, #889, #5941, #6898, #3128, #2982, #1957, #5277, #218, #1291, #1840, #5239, #5351, #4207, #3616, #2395, #4093, #3575, #3538, #5791, #1879, #5903, #734, #2546, #4131, #6341, #5315, #182, #4687, #6934, #2509, #853, #774, #4768, #3018, #2470, #3091, #1919, #6419, #293, #7011, #4727, #6973, #4803, #7047, #5867, #257, #6456, #1993, #1406, #3057, #4243, #6493, #5529, #2134, #957, #2098, #2718, #3759, #1584, #369, #4424, #6566, #7156, #4875, #5494, #7121, #6009, #3795, #4281, #437, #1548, #2683, #4317, #2617, #5459, #403, #2652, #4943, #6602, #6115, #4389, #1510, #3832, #6079, #3164, #5975, #4353, #4909, #1063, #3724, #4978, #3202, #6045, #472, #6637, #996, #3239, #7224, #7191, #1029, #2062, #6674, #3274, #2168, #1619, #3867, #3310, #330, #2582, #6529, #4838, #7085, #2028, #1478, #924, #5424, #3384, #578, #5671, #4530, #4048, #2312, #6741, #1760, #4012, #1099, #3904, #2277, #2826, #6297, #1652, #651, #6185, #3940, #2753, #1687, #1207, #3347, #5047, #4567, #5708, #1136, #2204, #542, #615, #7293, #2861, #3421, #99, #5598, #6852, #6709, #2350, #6814, #5564, #1797, #6151, #2789, #7259, #5634, #6258, #2240, #5084, #2898, #4495, #5158, #4459, #26, #6778, #1245, #4605, #508, #5012, #1723, #5121, #3977, #6221, #1171, #62, #3457, #6449, #3050, #4717, #1986, #688, #2427 ),
 ( #2975, #2539, #6410, #7039, #6334, #6891, #3607, #7004, #4796, #5858, #5194, #3569, #1950, #3011, #211, #4760, #807, #4680, #5232, #1399, #4200, #1322, #1361, #250, #3084, #2502, #6486, #4642, #5344, #1283, #5896, #3645, #846, #286, #3531, #4236, #3493, #5745, #2935, #5823, #137, #4124, #5270, #2387, #5783, #1834, #4086, #5308, #726, #175, #6928, #1873, #6373, #767, #2463, #4162, #6964, #1911, #3826, #4274, #5417, #1435, #6002, #989, #881, #7185, #6595, #4972, #5523, #4383, #7114, #950, #361, #4902, #323, #5968, #7076, #6522, #3683, #2609, #3195, #2575, #1471, #4831, #4346, #2021, #6073, #3717, #917, #430, #3157, #4868, #5453, #2055, #6038, #4309, #6558, #1503, #3752, #396, #1023, #2645, #7149, #2091, #1540, #3788, #3232, #5487, #2677, #2128, #4937, #6631, #1578, #3268, #466, #2711, #7218, #2162, #4418, #5933, #3120, #5379, #6213, #2782, #570, #5662, #1715, #5626, #2232, #5076, #1613, #3338, #5591, #5040, #1128, #608, #2342, #5700, #645, #1680, #4523, #3376, #1163, #7286, #4005, #6807, #5005, #2817, #16, #2269, #2889, #1057, #3303, #2197, #5150, #1752, #3861, #91, #7252, #3414, #4487, #6736, #5558, #6108, #4452, #2304, #2854, #6770, #6668, #501, #535, #2746, #6702, #6144, #5114, #1645, #6251, #1091, #3895, #3969, #3932, #6177, #55, #4559, #1198, #3450, #4709, #6288 ),
 ( #3522, #4077, #240, #3041, #2419, #204, #1353, #4193, #3600, #278, #5736, #5815, #2494, #6402, #5223, #6365, #6997, #717, #5851, #4634, #1392, #5774, #4116, #1825, #2455, #6326, #2966, #759, #1236, #6956, #3003, #1903, #1274, #6882, #4672, #6920, #1865, #4154, #3561, #3077, #799, #166, #5300, #4752, #128, #2926, #1314, #5262, #5336, #679, #1943, #6442, #3638, #1789, #5889, #838, #2378, #4597, #6843, #4039, #3484, #5185, #4824, #4894, #2014, #2637, #388, #4374, #315, #3816, #3675, #6623, #1531, #2532, #6065, #5925, #873, #4229, #2602, #979, #7069, #5961, #2669, #2568, #7176, #6478, #4266, #1495, #1015, #1569, #6515, #3112, #4928, #5410, #3150, #4861, #941, #353, #5445, #5371, #3779, #3223, #3186, #1464, #422, #910, #6587, #3744, #6549, #7106, #5478, #2048, #4300, #3260, #2082, #5995, #7141, #6030, #4338, #2120, #5515, #4789, #7032, #3710, #1979, #1427, #2224, #1707, #3441, #6799, #1743, #2773, #5618, #4479, #8, #6136, #5106, #600, #6100, #6729, #6170, #1672, #3997, #2154, #4410, #3294, #6242, #2846, #2296, #5550, #47, #4515, #5654, #3961, #493, #6762, #1155, #4551, #459, #5032, #6205, #1083, #7278, #1190, #2738, #3405, #2704, #562, #4998, #6658, #4964, #4444, #7211, #1050, #2809, #1119, #1605, #3853, #7244, #2188, #6693, #1638, #3924, #2261, #3887, #3330, #5068, #5583 ),
 ( #3367, #527, #1816, #6947, #5728, #2484, #4626, #5213, #2918, #3551, #5177, #4068, #1855, #2334, #5805, #6911, #749, #2371, #671, #3513, #5765, #708, #2993, #4663, #4183, #4589, #6835, #120, #1892, #1781, #5841, #6872, #4742, #1303, #1933, #1228, #4032, #5252, #4145, #6987, #194, #83, #2956, #6392, #157, #2410, #1343, #2445, #6317, #1265, #3590, #788, #4106, #4699, #3031, #5290, #230, #1382, #6279, #6355, #6432, #5692, #637, #2881, #5142, #3476, #4886, #3664, #414, #2558, #3139, #864, #1488, #3102, #2004, #7096, #269, #3735, #4849, #5986, #305, #5915, #1454, #3701, #5952, #933, #2593, #2110, #380, #4813, #7133, #2074, #6468, #1969, #342, #900, #4364, #7023, #6020, #4255, #6505, #828, #7059, #6577, #1417, #5361, #2629, #3770, #5399, #2522, #2038, #3176, #4291, #5437, #4328, #5469, #6540, #4919, #4779, #2662, #1522, #3628, #7167, #4219, #969, #5327, #3213, #6613, #5879, #3068, #1697, #6648, #6195, #3249, #1595, #518, #138, #589, #3805, #2388, #2144, #1109, #4434, #6684, #448, #6055, #4400, #4505, #3357, #2763, #4643, #1005, #482, #4953, #3951, #2178, #7234, #5504, #4988, #6751, #3842, #1039, #5608, #1146, #1628, #2693, #6089, #3914, #3284, #1662, #6719, #3394, #5539, #2835, #7201, #5644, #552, #1558, #5095, #2728, #3877, #6125, #1073, #7303, #3320, #5573, #5022, #7269 ),
 ( #2214, #4469, #6160, #2799, #5057, #2251, #7040, #1436, #2428, #1987, #3646, #4797, #3085, #4681, #5897, #287, #4237, #6892, #1912, #847, #212, #6411, #5380, #6929, #5345, #2576, #4761, #1874, #3532, #1835, #3570, #2540, #176, #7005, #251, #6335, #6487, #3684, #4125, #5824, #4087, #4163, #6450, #1284, #5934, #1951, #3121, #882, #324, #5271, #1362, #768, #3051, #5784, #6374, #5233, #1323, #727, #3012, #3608, #2976, #2464, #4718, #2503, #6965, #5859, #808, #5309, #4201, #1400, #3718, #6559, #362, #5454, #4869, #6523, #3158, #5969, #1472, #6596, #7115, #2056, #4310, #6003, #1504, #951, #3196, #3753, #990, #2022, #4275, #918, #3233, #1541, #3789, #5418, #6039, #2646, #4347, #7150, #2610, #4903, #2092, #5488, #4832, #397, #7077, #4749, #3635, #2599, #6953, #2565, #7103, #1976, #1900, #756, #6362, #795, #5368, #4706, #4226, #4786, #3558, #3109, #6512, #4151, #3038, #4113, #1389, #3672, #5812, #4821, #6475, #350, #907, #7066, #2491, #5886, #5297, #276, #3000, #1349, #2452, #6399, #1310, #237, #835, #5259, #3597, #201, #7029, #5848, #1461, #6994, #1940, #312, #4190, #6439, #3075, #5334, #1424, #2529, #5922, #870, #2011, #4263, #3707, #5958, #3147, #5407, #4858, #4925, #4960, #385, #3290, #2734, #455, #1528, #7240, #419, #6096, #3256, #6061, #7173, #4994, #2117, #3812, #3326 ),
 ( #3183, #3883, #1046, #2045, #5579, #5442, #2634, #3741, #4370, #489, #4335, #6619, #2184, #7138, #6689, #5992, #5511, #2079, #1565, #1601, #976, #938, #4891, #3776, #5546, #6584, #4440, #6027, #1079, #7207, #524, #3220, #1011, #2150, #1634, #2769, #6654, #2700, #3848, #6132, #5028, #4297, #6546, #1492, #6201, #6757, #2913, #5722, #5101, #2877, #4027, #6867, #6273, #2952, #1115, #1187, #5172, #1776, #595, #1738, #2365, #3400, #1223, #4, #4063, #1151, #6794, #4511, #5137, #1703, #5650, #3436, #3920, #2328, #5686, #4583, #3957, #2257, #41, #2292, #4546, #6830, #6237, #5759, #3472, #2841, #666, #115, #2805, #5614, #3993, #631, #703, #3363, #4620, #1811, #6312, #4475, #1260, #3507, #5063, #7275, #2220, #6725, #1668, #6166, #558, #263, #4695, #5321, #3063, #7053, #2989, #6499, #6350, #1999, #4213, #5209, #1448, #1299, #3547, #6907, #5285, #3658, #190, #1338, #5356, #5247, #2552, #1849, #6426, #2441, #2478, #4774, #152, #3696, #5800, #7017, #783, #3026, #4101, #2404, #743, #859, #1963, #1376, #895, #4658, #6943, #225, #5909, #1887, #3584, #299, #4139, #4809, #5837, #3623, #4736, #6981, #6462, #1927, #4177, #5874, #1412, #822, #2516, #3097, #4249, #5980, #6084, #2687, #4357, #3872, #336, #2067, #4286, #6534, #2622, #4394, #1483, #3279, #4880, #2173, #6049, #6679, #3169, #5429 ),
 ( #374, #3243, #3799, #2588, #2138, #5534, #7126, #4322, #3134, #408, #4947, #4843, #1590, #1000, #6121, #7229, #1034, #1515, #2656, #6571, #6607, #3764, #6014, #962, #3207, #5393, #5464, #4913, #7160, #2104, #5498, #442, #7195, #477, #6642, #3837, #2723, #4983, #4429, #7090, #1701, #76, #5648, #3918, #4509, #2803, #1113, #5170, #2839, #3398, #5099, #1185, #39, #5684, #3361, #4025, #5720, #3434, #2255, #664, #6199, #6828, #3991, #6792, #2290, #2911, #4544, #1736, #4061, #2326, #6235, #629, #1774, #5135, #2875, #4581, #6271, #5026, #6755, #3955, #1221, #112, #2363, #4618, #6865, #1809, #6310, #1258, #5612, #3505, #5757, #2767, #7273, #2218, #4473, #6723, #1666, #6164, #556, #5061, #2, #2476, #1997, #261, #4137, #1925, #7015, #3061, #6979, #3582, #6424, #2949, #4693, #6941, #6386, #4734, #1961, #3694, #7051, #4247, #3024, #5872, #4175, #2514, #1336, #4211, #6348, #5283, #1885, #3621, #820, #6497, #2402, #4656, #3544, #1446, #857, #2550, #5798, #3095, #4772, #5907, #6460, #741, #1410, #3656, #297, #701, #5319, #4807, #5835, #5207, #150, #2987, #6905, #1847, #4099, #5245, #1297, #188, #781, #2439, #6532, #6148, #6706, #5391, #5044, #1133, #1481, #2620, #5945, #3205, #5595, #334, #4492, #3901, #2274, #2822, #1684, #4320, #5462, #4878, #2201, #4841, #3167, #4284, #3727, #893 ),
 ( #2031, #3381, #5978, #927, #7289, #5427, #372, #505, #7124, #3343, #1513, #7088, #2065, #6569, #3762, #5631, #6738, #4456, #6012, #3937, #960, #2786, #7256, #2750, #5009, #6182, #1649, #1096, #23, #539, #2237, #575, #5081, #4527, #6775, #1720, #3132, #2586, #648, #2894, #96, #5742, #5229, #6962, #3009, #5268, #6294, #1831, #685, #3528, #2347, #172, #2309, #1242, #5155, #2384, #5191, #209, #5668, #612, #6811, #2461, #4122, #5821, #1757, #6371, #723, #1871, #2425, #4009, #2972, #4678, #1320, #3974, #3490, #6926, #4602, #2932, #4715, #6255, #3567, #6218, #4083, #1203, #2858, #1167, #6849, #765, #4564, #6331, #4639, #3418, #5118, #59, #3454, #1794, #5704, #134, #5780, #4045, #6888, #1280, #5451, #6000, #4866, #284, #6484, #844, #5377, #805, #6447, #247, #7002, #1909, #5894, #1432, #3047, #1948, #5306, #4829, #2500, #6556, #4758, #4198, #915, #1397, #3643, #3681, #3082, #6520, #4794, #5342, #2537, #7037, #1984, #4307, #4234, #5931, #879, #321, #3118, #7074, #2573, #3155, #2019, #4271, #1469, #3715, #5966, #5415, #359, #394, #2607, #7112, #2053, #1501, #3750, #947, #3192, #2643, #4900, #4160, #6408, #1359, #3605, #5856, #3266, #2780, #4935, #6629, #3893, #7284, #2709, #3786, #2126, #2195, #1576, #7250, #5003, #1678, #7183, #1126, #987, #3930, #6142, #7147, #3374, #3230 ),
 ( #2230, #4381, #4485, #1538, #1055, #3824, #4416, #6700, #2089, #5624, #428, #1643, #4970, #7216, #6036, #4344, #2675, #5038, #1089, #3300, #568, #6593, #6071, #5485, #1021, #5521, #3336, #464, #6734, #2160, #6175, #2744, #2815, #6666, #1611, #4450, #5589, #3859, #533, #6106, #5556, #499, #4595, #1787, #6323, #126, #4003, #4557, #714, #3519, #2887, #677, #1822, #4669, #4074, #755, #6211, #6285, #2962, #6878, #5698, #6841, #163, #1196, #1271, #5112, #1861, #6248, #4037, #2302, #2924, #6805, #3448, #1234, #1713, #5183, #3482, #2376, #5771, #5734, #4632, #643, #5219, #5148, #2416, #6361, #6917, #89, #4112, #1309, #3557, #5811, #2340, #5074, #14, #1750, #2267, #4521, #6768, #3967, #1161, #3412, #5660, #606, #2852, #53, #2564, #1388, #6511, #1348, #275, #6993, #1423, #4225, #4296, #4705, #6952, #5847, #1491, #3146, #4857, #794, #5406, #7065, #906, #1460, #3037, #2010, #3706, #349, #2999, #5333, #4262, #3634, #2528, #3740, #5296, #5957, #5991, #869, #236, #1899, #5258, #1939, #2598, #3596, #3108, #3671, #2451, #7102, #2044, #2490, #4189, #200, #4785, #4820, #4150, #6545, #5367, #6398, #4748, #6438, #5885, #7028, #834, #6474, #3074, #1975, #5921, #311, #937, #4924, #454, #7137, #975, #2078, #3847, #4334, #5578, #1527, #6583, #7239, #3775, #6026, #2699, #7172, #5545, #3811 ),
 ( #6688, #3219, #5475, #4959, #3255, #6724, #418, #3325, #1564, #6618, #5441, #4369, #3882, #384, #2183, #523, #2666, #2116, #3182, #5510, #488, #2633, #1633, #6095, #4474, #5027, #6131, #6060, #7206, #1010, #4406, #2149, #6653, #1600, #1045, #4890, #3289, #2733, #4993, #4439, #1078, #2768, #7274, #2219, #1667, #3919, #5171, #4510, #3956, #630, #5100, #3471, #1737, #3, #594, #6200, #6756, #1259, #3992, #6793, #6236, #4582, #1186, #1775, #1702, #114, #6866, #6829, #5649, #4062, #2291, #2912, #77, #2876, #3435, #1810, #5685, #5136, #151, #5721, #4545, #2327, #2364, #1222, #4026, #6272, #665, #1114, #2840, #40, #4619, #6311, #3506, #1848, #5208, #2403, #5758, #702, #2951, #4657, #6906, #6165, #1150, #3362, #5613, #557, #2804, #5062, #2256, #3399, #6942, #2587, #4248, #5946, #1886, #6498, #858, #1998, #298, #4138, #3096, #4808, #1447, #4100, #6425, #5355, #4735, #3622, #4842, #6387, #2551, #7089, #1962, #1337, #742, #6349, #782, #7052, #4694, #4212, #4773, #224, #3695, #3583, #894, #3025, #5873, #5836, #6461, #5284, #2477, #262, #2988, #1411, #5320, #3657, #6980, #1926, #4176, #1375, #821, #5908, #3062, #1298, #3133, #2515, #5392, #335, #7016, #2440, #3546, #5799, #5246, #189, #4428, #2655, #407, #6533, #5463, #4982, #7125, #1514, #6083, #2172, #4912, #5979, #4321, #4393 ),
 ( #3168, #3871, #1033, #2032, #3314, #5428, #373, #3728, #2103, #476, #6570, #7159, #6678, #2066, #1623, #928, #3242, #3763, #6606, #1589, #4285, #512, #2621, #3836, #4356, #1551, #4879, #1482, #6013, #7228, #3278, #5497, #2757, #961, #3206, #3798, #6048, #999, #5533, #441, #6120, #2686, #1067, #4946, #5567, #7194, #2137, #6641, #2722, #5016, #67, #1656, #30, #5712, #6782, #3982, #1212, #2317, #6189, #6745, #2902, #655, #5089, #2866, #4017, #6856, #6263, #2940, #1103, #1176, #5161, #1765, #582, #1727, #2354, #4572, #3908, #2281, #103, #6226, #3425, #3462, #6819, #1140, #1691, #4610, #1800, #4535, #5126, #4052, #6301, #1249, #7263, #3351, #5675, #3496, #5748, #2830, #620, #692, #3388, #2208, #7297, #4463, #5638, #6713, #4499, #6154, #3944, #5602, #546, #2793, #5051, #2244, #3055, #1877, #5237, #3016, #5275, #216, #5313, #4168, #3688, #1955, #6378, #1404, #3650, #732, #3536, #1917, #2468, #5939, #1289, #291, #5827, #3573, #2393, #1327, #851, #2980, #4685, #4205, #5349, #772, #1838, #180, #255, #6932, #2507, #4766, #7045, #2431, #6491, #6339, #1991, #6454, #5199, #1440, #5789, #4129, #6896, #4725, #5901, #6971, #6417, #2544, #1368, #4801, #4091, #3614, #5865, #813, #7009, #142, #887, #3089, #4241, #4647, #955, #2026, #328, #5973, #6077, #2681, #4351, #1617, #2580, #2060 ),
 ( #2615, #2166, #6043, #6672, #922, #6527, #3237, #6635, #4422, #3865, #4279, #4976, #2132, #3126, #6113, #1476, #3722, #4836, #3200, #1582, #5422, #6564, #3272, #3162, #470, #7083, #6600, #367, #401, #4941, #5385, #4873, #7119, #7189, #6007, #5457, #4315, #1508, #3757, #1027, #4387, #1546, #2650, #4907, #7154, #2096, #3793, #994, #3830, #5492, #5527, #435, #2716, #7222, #4603, #3902, #4457, #1168, #4565, #2348, #3419, #2751, #1134, #6812, #576, #5082, #2310, #5669, #7290, #540, #4010, #1758, #6183, #3975, #5119, #649, #60, #4046, #2202, #2275, #6256, #2859, #1685, #2824, #3455, #4493, #1204, #1097, #5156, #2238, #24, #5596, #6219, #2787, #6739, #4528, #5010, #613, #6776, #5705, #5045, #3344, #3382, #5632, #1721, #2895, #97, #6850, #1795, #3938, #1061, #3308, #6149, #6707, #5562, #506, #7257, #1650, #1493, #7030, #4787, #3491, #2530, #2046, #4084, #5781, #3148, #6547, #1977, #2933, #1281, #1462, #724, #6513, #4264, #939, #6332, #4298, #3529, #2973, #5408, #3742, #4227, #5192, #5230, #3708, #173, #5959, #908, #3184, #6476, #386, #135, #5443, #351, #6295, #2635, #2385, #4640, #686, #1425, #4859, #3673, #5923, #5993, #871, #4892, #6889, #313, #3110, #5369, #2600, #1243, #7139, #1832, #7104, #2566, #4822, #7067, #5743, #2012, #2080, #3884, #5547, #2806, #1529, #3257, #3221 ) ),
 .UNSPECIFIED., .T., .F., .F.,
 ( 4, 2, 2, 2, 2, 2, 2, 2, 4 ),
 ( 4, 2, 2, 2, 2, 2, 2, 2, 2, 2, 2, 2, 2, 2, 2, 2, 2, 2, 2, 2, 2, 2, 2, 2, 2, 2, 2, 2, 2, 2, 2, 2, 2, 2, 2, 2, 2, 2, 2, 2, 2, 2, 2, 2, 2, 2, 2, 2, 2, 2, 2, 2, 2, 2, 2, 2, 2, 2, 2, 2, 2, 2, 2, 2, 2, 2, 2, 2, 2, 2, 2, 2, 2, 2, 2, 2, 2, 2, 2, 2, 2, 2, 2, 2, 2, 2, 2, 2, 2, 2, 2, 2, 2, 4 ),
 ( 0.000000000000000000, 0.1250000000000000000, 0.2500000000000000000, 0.3750000000000000000, 0.5000000000000000000, 0.6250000000000000000, 0.7500000000000000000, 0.8750000000000000000, 1.000000000000000000 ),
 ( 0.000000000000000000, 0.02329522754909640891, 0.03494284132364461337, 0.04076664821091871560, 0.04659045509819281783, 0.05208944868411372053, 0.05758844227003463018, 0.06858642944187644253, 0.09058240378556006722, 0.1127920656738070210, 0.1350017275620539747, 0.1574187805848565325, 0.1798358336076591180, 0.2018836925684370787, 0.2239315515292150671, 0.2454344120773339355, 0.2669372726254528039, 0.2886828343215942505, 0.2995556151696649461, 0.3104283960177356416, 0.3216213876463788202, 0.3328143792750219432, 0.3552003625323082447, 0.3889058013854361784, 0.4224030607575774976, 0.4391516904436481572, 0.4559003201297188168, 0.4681038509290215144, 0.4803073817283242120, 0.5047144433269296071, 0.5291215049255350023, 0.5413250357248376998, 0.5474268011244890486, 0.5535285665241403974, 0.5595549402922965765, 0.5655813140604526446, 0.5776340615967650027, 0.5896868091330772499, 0.5957131829012334290, 0.6017395566693894970, 0.6074215307001249453, 0.6131035047308603936, 0.6244674527923311791, 0.6358314008538019646, 0.6471953489152728611, 0.6581183547157818392, 0.6690413605162909283, 0.6908873721173089955, 0.7035048814520131755, 0.7098136361193652100, 0.7161223907867173555, 0.7228066029248986224, 0.7294908150630798893, 0.7361750272012611562, 0.7395171332703518452, 0.7428592393394424231, 0.7465371062832188986, 0.7502149732269952631, 0.7575707071145481031, 0.7649264410021009430, 0.7686043079458773075, 0.7722821748896537830, 0.7764489783880623719, 0.7806157818864710718, 0.7889493888832883606, 0.7972829958801055383, 0.8014497993785141272, 0.8035332011277185327, 0.8056166028769228271, 0.8089001497775156757, 0.8121836966781086353, 0.8187507904792943325, 0.8318849780816657269, 0.8450191656840371213, 0.8515862594852228185, 0.8548698063858156670, 0.8565115798361120358, 0.8581533532864085156, 0.8601551503366576812, 0.8621569473869068467, 0.8661605414874052888, 0.8741677296884020620, 0.8901821060903956084, 0.9061964824923891548, 0.9142036706933858170, 0.9182072647938841481, 0.9202090618441334247, 0.9222108588943825902, 0.9246417695539330683, 0.9270726802134836575, 0.9319345015325848358, 0.9416581441707869704, 0.9611054294471912396, 1.000000000000000000 ),
 .UNSPECIFIED. ) ;
#984 = CARTESIAN_POINT ( 'NONE',  ( -3.550060309488036303, -53.36923756762949722, -26.54559176996957603 ) ) ;
#985 = CARTESIAN_POINT ( 'NONE',  ( -48.53966542699485132, -147.0465070631767333, -30.07735128615959397 ) ) ;
#986 = CARTESIAN_POINT ( 'NONE',  ( -62.92378950269528559, -115.4549924815080146, -31.18476304919387943 ) ) ;
#987 = CARTESIAN_POINT ( 'NONE',  ( -48.53966542699485132, -147.0465070631767333, -30.07735128615959397 ) ) ;
#988 = CARTESIAN_POINT ( 'NONE',  ( -54.08490609571944674, -89.25311788110175826, -34.36445469182754664 ) ) ;
#989 = CARTESIAN_POINT ( 'NONE',  ( -42.45523790561045985, -78.25801380654472439, -35.83032303940454710 ) ) ;
#990 = CARTESIAN_POINT ( 'NONE',  ( -58.25202527981311817, -92.45584008068401261, -28.03803551147765916 ) ) ;
#991 = CARTESIAN_POINT ( 'NONE',  ( -61.99995142156279826, -116.3500783322496801, -30.92080663590883205 ) ) ;
#992 = CARTESIAN_POINT ( 'NONE',  ( -4.383936652971717862, -4.379716924143969514, -9.346286303843116983 ) ) ;
#993 = CARTESIAN_POINT ( 'NONE',  ( -54.95031199051877735, -94.66948755425642048, -32.83684619599308974 ) ) ;
#994 = CARTESIAN_POINT ( 'NONE',  ( -14.51147713247425841, -66.20827512907203527, -31.94863252699460432 ) ) ;
#995 = CARTESIAN_POINT ( 'NONE',  ( -39.99528655154880852, -81.89164086304606371, -35.81852298091479270 ) ) ;
#996 = CARTESIAN_POINT ( 'NONE',  ( -65.30136839906872126, -101.8041977026886826, -29.99676656982038025 ) ) ;
#997 = CARTESIAN_POINT ( 'NONE',  ( 1.085642781666916079, -18.59036239077259367, -20.68931657731451779 ) ) ;
#998 = CARTESIAN_POINT ( 'NONE',  ( -63.13285533252626891, -130.5157128380237452, -27.09589824043439776 ) ) ;
#999 = CARTESIAN_POINT ( 'NONE',  ( -3.303593883650401519, -51.50231489636969684, -25.51383656661561972 ) ) ;
#1000 = CARTESIAN_POINT ( 'NONE',  ( -2.162405357072608947, -10.37700751744429262, -8.756257148050705652 ) ) ;
#1001 = CARTESIAN_POINT ( 'NONE',  ( -51.60142456852591408, -143.2825780900260781, -32.87432379008828320 ) ) ;
#1002 = CARTESIAN_POINT ( 'NONE',  ( -66.10352728735951189, -106.1688924492353863, -30.20825520453590229 ) ) ;
#1003 = CARTESIAN_POINT ( 'NONE',  ( 1.842968450485628518, -3.885283285774757012, -6.033970271004760022 ) ) ;
#1004 = CARTESIAN_POINT ( 'NONE',  ( -0.6540036340044288465, -0.9565748616903997359, -7.209838115624862098 ) ) ;
#1005 = CARTESIAN_POINT ( 'NONE',  ( -60.12168589179490397, -134.7105464111847084, -26.54537685894107923 ) ) ;
#1006 = CARTESIAN_POINT ( 'NONE',  ( -66.94968853837404765, -108.5734538554185633, -27.76662579282815102 ) ) ;
#1007 = CARTESIAN_POINT ( 'NONE',  ( 1.710121537982443041, -8.892748279483868146, -10.82075362368664706 ) ) ;
#1008 = CARTESIAN_POINT ( 'NONE',  ( 2.230793815752909914, -30.25314889284161879, -18.64344803458076782 ) ) ;
#1009 = CARTESIAN_POINT ( 'NONE',  ( -63.81597855645307504, -121.2571082775545506, -31.14352282511847037 ) ) ;
#1010 = CARTESIAN_POINT ( 'NONE',  ( 0.2152655207791519809, -38.66891403830536689, -21.12587815989846618 ) ) ;
#1011 = CARTESIAN_POINT ( 'NONE',  ( -3.159890297403758819, -43.67059624382088145, -27.25249574432442046 ) ) ;
#1012 = CARTESIAN_POINT ( 'NONE',  ( -45.00000000000002132, -157.9999999999999147, -32.99999999999995026 ) ) ;
#1013 = CARTESIAN_POINT ( 'NONE',  ( -29.27847546945838531, -69.27949213002293050, -34.19164752195880652 ) ) ;
#1014 = CARTESIAN_POINT ( 'NONE',  ( -64.80774262509837058, -101.6667300843663497, -30.75554713883985514 ) ) ;
#1015 = CARTESIAN_POINT ( 'NONE',  ( -59.00930662215198197, -90.88882601982236054, -29.93584692018794513 ) ) ;
#1016 = CARTESIAN_POINT ( 'NONE',  ( -60.97411420120171499, -115.1580336015906880, -26.90968002200401088 ) ) ;
#1017 = FACE_OUTER_BOUND ( 'NONE', #5198, .T. ) ;
#1018 = CARTESIAN_POINT ( 'NONE',  ( -11.22933719298864297, -63.17736387765427253, -30.71687205258428932 ) ) ;
#1019 = CARTESIAN_POINT ( 'NONE',  ( -47.71760288034549546, -87.92906003373411750, -30.08286171967312228 ) ) ;
#1020 = CARTESIAN_POINT ( 'NONE',  ( -62.07349086816969930, -121.3191129404023201, -31.27663498646920104 ) ) ;
#1021 = CARTESIAN_POINT ( 'NONE',  ( 0.8584125635584907155, -28.39412741700757081, -17.78984975663687607 ) ) ;
#1022 = CARTESIAN_POINT ( 'NONE',  ( -56.30370107810220759, -91.30510474852688674, -33.82717731920884319 ) ) ;
#1023 = CARTESIAN_POINT ( 'NONE',  ( -66.17635577704521666, -104.2204083680110784, -28.19595189664139667 ) ) ;
#1024 = CARTESIAN_POINT ( 'NONE',  ( -58.12309839233495978, -131.1593327014716976, -31.73635341393608300 ) ) ;
#1025 = CARTESIAN_POINT ( 'NONE',  ( -4.333727774818220801, -3.559377577310892882, -8.393909201977127310 ) ) ;
#1026 = CARTESIAN_POINT ( 'NONE',  ( -50.26507874559334255, -90.33271585069604726, -33.61455495526866599 ) ) ;
#1027 = CARTESIAN_POINT ( 'NONE',  ( -3.550060309488036303, -53.36923756762949722, -26.54559176996957603 ) ) ;
#1028 = CARTESIAN_POINT ( 'NONE',  ( -49.69658896755201027, -87.10741083475673463, -35.08292462214515695 ) ) ;
#1029 = CARTESIAN_POINT ( 'NONE',  ( -66.13031569380730446, -104.5311386090881598, -29.64554435720018333 ) ) ;
#1030 = CARTESIAN_POINT ( 'NONE',  ( -2.103641132756019161, -7.908970664089173930, -14.53203886382445909 ) ) ;
#1031 = CARTESIAN_POINT ( 'NONE',  ( -6.196622396199773952, -49.53114721857046021, -28.13891784937191431 ) ) ;
#1032 = CARTESIAN_POINT ( 'NONE',  ( -66.51990576961507884, -107.5116177068957057, -27.12040241194205592 ) ) ;
#1033 = CARTESIAN_POINT ( 'NONE',  ( 2.493488910093742739, -2.234751759876520527, -2.524364910725105826 ) ) ;
#1034 = CARTESIAN_POINT ( 'NONE',  ( -2.111160540128386387, -13.64383092718777313, -11.31498275407989951 ) ) ;
#1035 = CARTESIAN_POINT ( 'NONE',  ( -65.66664165307422252, -104.3306548445658279, -30.40883889865113332 ) ) ;
#1036 = CARTESIAN_POINT ( 'NONE',  ( -63.97670472836199451, -120.4629296317097698, -25.41920483844576495 ) ) ;
#1037 = CARTESIAN_POINT ( 'NONE',  ( 1.999096996555601580, -3.011679541402447757, -4.939420410568743591 ) ) ;
#1038 = CARTESIAN_POINT ( 'NONE',  ( -56.14249020652898281, -141.5113911400598568, -32.88945988154088695 ) ) ;
#1039 = CARTESIAN_POINT ( 'NONE',  ( -59.02291752695673210, -137.1159756125290698, -26.79947107341457269 ) ) ;
#1040 = CARTESIAN_POINT ( 'NONE',  ( -65.66532940340398738, -123.5992258197252056, -27.44658794330193530 ) ) ;
#1041 = CARTESIAN_POINT ( 'NONE',  ( -52.31694542481528742, -91.10636479507292051, -33.94465202577186602 ) ) ;
#1042 = CARTESIAN_POINT ( 'NONE',  ( -57.03493331979724701, -130.5644523130380321, -30.76813035997463786 ) ) ;
#1043 = CARTESIAN_POINT ( 'NONE',  ( -1.961759870680045870, -46.44887874684138040, -23.84052115051113319 ) ) ;
#1044 = CARTESIAN_POINT ( 'NONE',  ( -64.60612996584680445, -115.7079690861783234, -31.09731839832459954 ) ) ;
#1045 = CARTESIAN_POINT ( 'NONE',  ( -2.450306042683913166, -47.70688694046868505, -24.27230377149830431 ) ) ;
#1046 = CARTESIAN_POINT ( 'NONE',  ( -2.368028104162191116, -4.415703679546576055, -2.661650473866390865 ) ) ;
#1047 = CARTESIAN_POINT ( 'NONE',  ( -2.503928869255120482, -51.46617979760103623, -25.79711265035524548 ) ) ;
#1048 = CARTESIAN_POINT ( 'NONE',  ( -58.21033734711758711, -91.23354766222419698, -28.69633777810073028 ) ) ;
#1049 = CARTESIAN_POINT ( 'NONE',  ( -60.64090186153225659, -94.13506125668180857, -32.14234739950563835 ) ) ;
#1050 = CARTESIAN_POINT ( 'NONE',  ( -55.45865890915438001, -146.5567708796978650, -28.89835289408306096 ) ) ;
#1051 = CARTESIAN_POINT ( 'NONE',  ( -61.09600784271061258, -111.8097131101069834, -26.94612585754932255 ) ) ;
#1052 = CARTESIAN_POINT ( 'NONE',  ( -27.28456669690442737, -68.10307198551785746, -34.93018053773836584 ) ) ;
#1053 = CARTESIAN_POINT ( 'NONE',  ( 3.250000000000000444, 0.000000000000000000, 0.000000000000000000 ) ) ;
#1054 = CARTESIAN_POINT ( 'NONE',  ( -61.49616975436091337, -103.8051525823400141, -31.84217922519889399 ) ) ;
#1055 = CARTESIAN_POINT ( 'NONE',  ( 0.5860920152959857576, -5.943221576280043550, -4.573601396969569244 ) ) ;
#1056 = CARTESIAN_POINT ( 'NONE',  ( -65.36118921096658596, -116.7000410715436800, -30.73751258946765930 ) ) ;
#1057 = CARTESIAN_POINT ( 'NONE',  ( -62.08663616243619288, -134.1201788601620422, -28.09518139382936042 ) ) ;
#1058 = CARTESIAN_POINT ( 'NONE',  ( -62.13754453591317883, -114.3829263585134015, -30.92654111922969662 ) ) ;
#1059 = CARTESIAN_POINT ( 'NONE',  ( -0.6055537775682993118, -46.40403767186774076, -30.54999930270247432 ) ) ;
#1060 = CARTESIAN_POINT ( 'NONE',  ( -62.16961215343098957, -112.9616773275816968, -30.94979570555199189 ) ) ;
#1061 = CARTESIAN_POINT ( 'NONE',  ( -61.42415556195389570, -109.9891210207119059, -30.53727397363564933 ) ) ;
#1062 = CARTESIAN_POINT ( 'NONE',  ( -62.13862660363152912, -127.5515579327664284, -31.44265311238732252 ) ) ;
#1063 = CARTESIAN_POINT ( 'NONE',  ( -59.76144263873951701, -92.20367776686914851, -31.87088051120556997 ) ) ;
#1064 = CARTESIAN_POINT ( 'NONE',  ( -57.07136295901288037, -141.5005615648038599, -32.43697200872571784 ) ) ;
#1065 = CARTESIAN_POINT ( 'NONE',  ( -26.92002225627144441, -70.24707983782165854, -31.54371670182400678 ) ) ;
#1066 = CARTESIAN_POINT ( 'NONE',  ( -66.55446916332347485, -116.9616135504306129, -26.66276523227377382 ) ) ;
#1067 = CARTESIAN_POINT ( 'NONE',  ( -5.849848611908408991, -55.82099724630928250, -27.14064221472879268 ) ) ;
#1068 = CARTESIAN_POINT ( 'NONE',  ( -61.65239005778632020, -123.1373169916670776, -31.35380747500401100 ) ) ;
#1069 = CARTESIAN_POINT ( 'NONE',  ( -42.91949144497912982, -80.81458153056537697, -36.44021953789274448 ) ) ;
#1070 = CARTESIAN_POINT ( 'NONE',  ( -62.57388853306376575, -125.8651878584047807, -25.63028764638771406 ) ) ;
#1071 = CARTESIAN_POINT ( 'NONE',  ( 1.718735418670105153, -5.026834033081907904, -7.333806291291304902 ) ) ;
#1072 = CARTESIAN_POINT ( 'NONE',  ( 1.659251489644435917, -15.71262455688499138, -18.15996136120538651 ) ) ;
#1073 = CARTESIAN_POINT ( 'NONE',  ( -52.26700220353757942, -149.5530496800336664, -28.52913638574399613 ) ) ;
#1074 = CARTESIAN_POINT ( 'NONE',  ( -66.21854793792262228, -121.1818091309574612, -27.38847116624596367 ) ) ;
#1075 = CARTESIAN_POINT ( 'NONE',  ( -56.82084831591971152, -131.0971375942045540, -30.82297763208909558 ) ) ;
#1076 = CARTESIAN_POINT ( 'NONE',  ( -47.57973697764318644, -88.95562271934498710, -31.42746476117398657 ) ) ;
#1077 = CARTESIAN_POINT ( 'NONE',  ( -63.75506387423126853, -121.5483608565469353, -31.15195803687107912 ) ) ;
#1078 = CARTESIAN_POINT ( 'NONE',  ( -5.603757065325368103, -53.90730382524272812, -26.39806621099363326 ) ) ;
#1079 = CARTESIAN_POINT ( 'NONE',  ( -1.682145793540926082, -36.40347575456586071, -24.16514106185767474 ) ) ;
#1080 = CARTESIAN_POINT ( 'NONE',  ( 0.000000000000000000, 0.000000000000000000, 0.000000000000000000 ) ) ;
#1081 = CARTESIAN_POINT ( 'NONE',  ( -65.68133437761528626, -110.7590844136821886, -25.85052438326674107 ) ) ;
#1082 = CARTESIAN_POINT ( 'NONE',  ( -38.61119836214454182, -78.45354686843425895, -37.05513523659570296 ) ) ;
#1083 = CARTESIAN_POINT ( 'NONE',  ( -60.46822070971661844, -136.8858925609127084, -27.66779331511197881 ) ) ;
#1084 = CARTESIAN_POINT ( 'NONE',  ( -60.65334932066767237, -117.8021099350326182, -26.94188890554060123 ) ) ;
#1085 = CARTESIAN_POINT ( 'NONE',  ( -13.50976142323065687, -58.57913864251286640, -34.29027747296295558 ) ) ;
#1086 = CARTESIAN_POINT ( 'NONE',  ( -18.91740862632199693, -69.70982347880979546, -33.04868002317500242 ) ) ;
#1087 = CARTESIAN_POINT ( 'NONE',  ( -31.44010708834642998, -75.86154830218195855, -31.17353807124100484 ) ) ;
#1088 = CARTESIAN_POINT ( 'NONE',  ( -63.01322673134866648, -113.2198616994079856, -31.21851439720960641 ) ) ;
#1089 = CARTESIAN_POINT ( 'NONE',  ( 0.007391294435523499719, -16.48355593706710565, -12.76244625840602964 ) ) ;
#1090 = CARTESIAN_POINT ( 'NONE',  ( -61.48886744749860611, -131.7938944190112238, -31.36802406407863231 ) ) ;
#1091 = CARTESIAN_POINT ( 'NONE',  ( -55.60251839123217366, -147.0663840932240021, -29.65388865017463260 ) ) ;
#1092 = B_SPLINE_CURVE_WITH_KNOTS ( 'NONE', 3,
 ( #4896, #7179, #2671, #3115, #3747, #4930, #5374, #5517, #5997, #2706, #6589, #4966, #943, #5447, #3782, #1981, #6481, #390, #1607, #7280, #5656, #564, #6662, #6207, #2298, #2740, #3889, #7212, #4481, #6764, #3855, #602, #5070, #3444, #3999, #2848, #5585, #1674, #6138, #3370, #6102, #3332, #1157, #7246, #6244, #1085, #3926, #4446, #10, #6696, #529, #5620, #1052, #2263, #1122, #4517, #2776, #2191, #5034, #2226, #2811, #3296, #1640, #1709, #5552, #1192, #49, #3963, #3408, #5108, #4553, #6801, #495, #1746, #5694, #639, #2883, #2156, #4412, #5000, #5066, #6760, #45, #3851, #5690, #1779, #1853, #6277, #4104, #4143, #4066, #4030, #3029, #81, #5803, #6390, #1341, #6353, #2482, #1741, #2332, #6797, #6240, #1814, #4661, #3511, #747, #5175, #3588, #4587, #6315, #5726, #155, #706, #635, #669, #2916, #118, #2369, #4624, #6870, #1263, #5763, #2408, #7057, #4847, #3700, #3211, #1486, #5913, #4253, #3174, #4326, #3733, #1452, #2002, #412, #826, #7131, #5359, #303, #2627, #862, #5984, #5950, #899, #2556, #5435, #6503, #5397, #6018, #4289, #340, #2591, #4740, #6985, #7094, #3626, #2036, #6538, #931, #378, #3768, #1931, #5325, #2072, #6575, #7021, #1520, #967, #2520, #4181, #6430, #1380, #4777, #5877, #3066, #267, #1967, #4217, #6466, #3662, #1144, #2797, #4503, #5502, #5055, #6717 ),
 .UNSPECIFIED., .F., .F.,
 ( 4, 2, 2, 2, 2, 2, 2, 2, 2, 2, 2, 2, 2, 2, 2, 2, 2, 2, 2, 2, 2, 2, 2, 2, 2, 2, 2, 2, 2, 2, 2, 2, 2, 2, 2, 2, 2, 2, 2, 2, 2, 2, 2, 2, 2, 2, 2, 2, 2, 2, 2, 2, 2, 2, 2, 2, 2, 2, 2, 2, 2, 2, 2, 2, 2, 2, 2, 2, 2, 2, 2, 2, 2, 2, 2, 2, 2, 2, 2, 2, 2, 2, 2, 2, 2, 2, 2, 2, 2, 2, 2, 2, 2, 4 ),
 ( 0.000000000000000000, 0.02329522754909640891, 0.03494284132364461337, 0.04076664821091871560, 0.04659045509819281783, 0.05208944868411372053, 0.05758844227003463018, 0.06858642944187644253, 0.09058240378556006722, 0.1127920656738070210, 0.1350017275620539747, 0.1574187805848565325, 0.1798358336076591180, 0.2018836925684370787, 0.2239315515292150671, 0.2454344120773339355, 0.2669372726254528039, 0.2886828343215942505, 0.2995556151696649461, 0.3104283960177356416, 0.3216213876463788202, 0.3328143792750219432, 0.3552003625323082447, 0.3889058013854361784, 0.4224030607575774976, 0.4391516904436481572, 0.4559003201297188168, 0.4681038509290215144, 0.4803073817283242120, 0.5047144433269296071, 0.5291215049255350023, 0.5413250357248376998, 0.5474268011244890486, 0.5535285665241403974, 0.5595549402922965765, 0.5655813140604526446, 0.5776340615967650027, 0.5896868091330772499, 0.5957131829012334290, 0.6017395566693894970, 0.6074215307001249453, 0.6131035047308603936, 0.6244674527923311791, 0.6358314008538019646, 0.6471953489152728611, 0.6581183547157818392, 0.6690413605162909283, 0.6908873721173089955, 0.7035048814520131755, 0.7098136361193652100, 0.7161223907867173555, 0.7228066029248986224, 0.7294908150630798893, 0.7361750272012611562, 0.7395171332703518452, 0.7428592393394424231, 0.7465371062832188986, 0.7502149732269952631, 0.7575707071145481031, 0.7649264410021009430, 0.7686043079458773075, 0.7722821748896537830, 0.7764489783880623719, 0.7806157818864710718, 0.7889493888832883606, 0.7972829958801055383, 0.8014497993785141272, 0.8035332011277185327, 0.8056166028769228271, 0.8089001497775156757, 0.8121836966781086353, 0.8187507904792943325, 0.8318849780816657269, 0.8450191656840371213, 0.8515862594852228185, 0.8548698063858156670, 0.8565115798361120358, 0.8581533532864085156, 0.8601551503366576812, 0.8621569473869068467, 0.8661605414874052888, 0.8741677296884020620, 0.8901821060903956084, 0.9061964824923891548, 0.9142036706933858170, 0.9182072647938841481, 0.9202090618441334247, 0.9222108588943825902, 0.9246417695539330683, 0.9270726802134836575, 0.9319345015325848358, 0.9416581441707869704, 0.9611054294471912396, 1.000000000000000000 ),
 .UNSPECIFIED. ) ;
#1093 = CARTESIAN_POINT ( 'NONE',  ( -57.30413057955642842, -133.1511751795604539, -31.94465903837041765 ) ) ;
#1094 = CARTESIAN_POINT ( 'NONE',  ( -47.06825795887868935, -80.99280868788224552, -34.63702155015516126 ) ) ;
#1095 = CARTESIAN_POINT ( 'NONE',  ( -61.57478148486344338, -119.4641703273285174, -30.97145538266782339 ) ) ;
#1096 = CARTESIAN_POINT ( 'NONE',  ( -0.6863374408589224540, -35.40676182436255459, -21.11727276610255188 ) ) ;
#1097 = CARTESIAN_POINT ( 'NONE',  ( -53.35593638592491317, -93.65331614670039073, -32.41858692557902799 ) ) ;
#1098 = CARTESIAN_POINT ( 'NONE',  ( -61.85349495567268008, -128.4077276444154450, -31.50220360477667114 ) ) ;
#1099 = CARTESIAN_POINT ( 'NONE',  ( -66.67204743941883294, -118.5917587067917083, -28.85547497524586902 ) ) ;
#1100 = CARTESIAN_POINT ( 'NONE',  ( -60.79983106116764446, -133.5095864050850025, -31.52347715906868331 ) ) ;
#1101 = CARTESIAN_POINT ( 'NONE',  ( -2.162405357072608947, -10.37700751744429262, -8.756257148050705652 ) ) ;
#1102 = CARTESIAN_POINT ( 'NONE',  ( -66.02687459462322295, -120.3902027567381907, -26.66026656737216527 ) ) ;
#1103 = CARTESIAN_POINT ( 'NONE',  ( -41.01420285782098318, -83.95105511583480506, -31.99312312489172072 ) ) ;
#1104 = CARTESIAN_POINT ( 'NONE',  ( -62.04043288751645235, -121.4715156313312576, -31.28222598050440340 ) ) ;
#1105 = CARTESIAN_POINT ( 'NONE',  ( -61.93073290131971476, -133.7790074729030039, -30.33971541086880208 ) ) ;
#1106 = CARTESIAN_POINT ( 'NONE',  ( -64.66195716302971164, -116.1332905057995646, -25.39219354872992440 ) ) ;
#1107 = CARTESIAN_POINT ( 'NONE',  ( 2.029221132464447575, -18.06194371617817040, -14.94979287511281463 ) ) ;
#1108 = CARTESIAN_POINT ( 'NONE',  ( -58.99447453321107560, -135.6330927932336010, -32.16239843335259962 ) ) ;
#1109 = CARTESIAN_POINT ( 'NONE',  ( -63.20487065725686904, -126.6362068116335706, -25.90793483005545284 ) ) ;
#1110 = CARTESIAN_POINT ( 'NONE',  ( -64.86965160480001202, -100.1612753671291358, -28.75156713590758883 ) ) ;
#1111 = CARTESIAN_POINT ( 'NONE',  ( -57.44539451028789045, -129.5118610476862955, -30.66392897699800102 ) ) ;
#1112 = CARTESIAN_POINT ( 'NONE',  ( -39.28248000041681109, -82.21560546858782459, -31.27690929933066855 ) ) ;
#1113 = CARTESIAN_POINT ( 'NONE',  ( -16.07162073468430563, -61.32179620678245868, -30.84995129690548410 ) ) ;
#1114 = CARTESIAN_POINT ( 'NONE',  ( -53.32698477197034492, -94.43647532327305782, -30.86788153482072872 ) ) ;
#1115 = CARTESIAN_POINT ( 'NONE',  ( -29.69350770227559622, -71.09146516134325111, -32.03034073334843868 ) ) ;
#1116 = CARTESIAN_POINT ( 'NONE',  ( -2.844574374972049124, -52.11088407329697958, -26.04796263852825788 ) ) ;
#1117 = CARTESIAN_POINT ( 'NONE',  ( -64.10865666057900114, -123.5212816472233612, -25.76249280070051029 ) ) ;
#1118 = CARTESIAN_POINT ( 'NONE',  ( -57.08512577972896196, -90.03082672992269408, -33.16766129618110881 ) ) ;
#1119 = CARTESIAN_POINT ( 'NONE',  ( -55.22647174958678562, -146.9627202571880389, -28.95873762172423582 ) ) ;
#1120 = CARTESIAN_POINT ( 'NONE',  ( -61.53394398706422663, -114.4460793837096304, -30.42293202664845353 ) ) ;
#1121 = CARTESIAN_POINT ( 'NONE',  ( -50.56098877135459446, -86.17539933418368037, -29.31774300260489596 ) ) ;
#1122 = CARTESIAN_POINT ( 'NONE',  ( -29.64683403457184951, -69.57984071172242579, -34.97157953239067751 ) ) ;
#1123 = CARTESIAN_POINT ( 'NONE',  ( 1.999096996555601580, -3.011679541402447757, -4.939420410568743591 ) ) ;
#1124 = CARTESIAN_POINT ( 'NONE',  ( -24.92635875643960119, -71.83991006576231086, -31.31103321652992832 ) ) ;
#1125 = CARTESIAN_POINT ( 'NONE',  ( 0.4641557801274494577, 0.1574216045347930915, -5.047513297010425504 ) ) ;
#1126 = CARTESIAN_POINT ( 'NONE',  ( -48.84834378309564329, -146.5320511522669449, -29.98769260921131874 ) ) ;
#1127 = CARTESIAN_POINT ( 'NONE',  ( -64.50984736321797186, -121.9960413938189419, -30.79401636397616571 ) ) ;
#1128 = CARTESIAN_POINT ( 'NONE',  ( -65.66532940340398738, -123.5992258197252056, -27.44658794330193530 ) ) ;
#1129 = CARTESIAN_POINT ( 'NONE',  ( -49.98992899824983738, -146.8498718813294772, -28.73846560719169574 ) ) ;
#1130 = CARTESIAN_POINT ( 'NONE',  ( 3.168543689408930497, -20.86263976429591338, -17.79209615235510356 ) ) ;
#1131 = CARTESIAN_POINT ( 'NONE',  ( -49.86455844504093449, -82.70426413564138102, -33.68660022508728957 ) ) ;
#1132 = CARTESIAN_POINT ( 'NONE',  ( -61.19190265278577101, -121.3789704220639578, -31.03797008840952643 ) ) ;
#1133 = CARTESIAN_POINT ( 'NONE',  ( -52.16452157691045954, -143.0914092470096080, -28.13131306453146152 ) ) ;
#1134 = CARTESIAN_POINT ( 'NONE',  ( -37.43372805518085755, -81.69204877277458365, -32.84350292329174437 ) ) ;
#1135 = CARTESIAN_POINT ( 'NONE',  ( -61.38976194947461806, -129.7150478980939283, -31.60289037628720266 ) ) ;
#1136 = CARTESIAN_POINT ( 'NONE',  ( -64.82835627462937111, -126.7140756656088314, -29.05623724577274558 ) ) ;
#1137 = CARTESIAN_POINT ( 'NONE',  ( 3.738867241434328470, -37.95214395012353492, -26.18491831936669101 ) ) ;
#1138 = CARTESIAN_POINT ( 'NONE',  ( -39.01826878822326705, -77.42678715720937532, -31.09458786328096380 ) ) ;
#1139 = CARTESIAN_POINT ( 'NONE',  ( -67.10348867116162808, -113.5580196541008036, -28.95621560558240404 ) ) ;
#1140 = CARTESIAN_POINT ( 'NONE',  ( -50.13197963411583657, -91.20909239524826262, -32.14420314287744418 ) ) ;
#1141 = CARTESIAN_POINT ( 'NONE',  ( -62.20297129282719339, -106.1562450020638124, -31.60867865850217839 ) ) ;
#1142 = CARTESIAN_POINT ( 'NONE',  ( -61.63839634822547708, -134.4785790766398179, -30.40381255630481405 ) ) ;
#1143 = CARTESIAN_POINT ( 'NONE',  ( -58.77437805086524492, -135.6602573743893743, -26.44565333013877151 ) ) ;
#1144 = CARTESIAN_POINT ( 'NONE',  ( -53.01309020964624352, -149.5091479226485660, -28.93578410677665502 ) ) ;
#1145 = CARTESIAN_POINT ( 'NONE',  ( -0.4955179800750849073, -7.613311255517803744, -13.98545216676907899 ) ) ;
#1146 = CARTESIAN_POINT ( 'NONE',  ( -58.11805064092229145, -138.9914447374898145, -27.01552267493111614 ) ) ;
#1147 = CARTESIAN_POINT ( 'NONE',  ( -54.36199847853705336, -149.1969521281187383, -29.97674837016684890 ) ) ;
#1148 = CARTESIAN_POINT ( 'NONE',  ( -51.06178861428997351, -142.9718291598385633, -32.40460482774108186 ) ) ;
#1149 = CARTESIAN_POINT ( 'NONE',  ( -6.361236757548875964, -55.11240040041808186, -26.82214853556897083 ) ) ;
#1150 = CARTESIAN_POINT ( 'NONE',  ( -60.06737069155153819, -107.0108200459306005, -29.42871747914882263 ) ) ;
#1151 = CARTESIAN_POINT ( 'NONE',  ( -44.08754056049637171, -80.06728498490022616, -31.02371847941942562 ) ) ;
#1152 = CARTESIAN_POINT ( 'NONE',  ( -57.61175656330859596, -98.87602568298966332, -31.58565764765100425 ) ) ;
#1153 = CARTESIAN_POINT ( 'NONE',  ( -65.14775766255864653, -118.6512551714208570, -25.65870054156603786 ) ) ;
#1154 = CARTESIAN_POINT ( 'NONE',  ( -65.66664165307422252, -104.3306548445658279, -30.40883889865113332 ) ) ;
#1155 = CARTESIAN_POINT ( 'NONE',  ( -61.20321487510707215, -135.2526291983852786, -27.50381770431625128 ) ) ;
#1156 = CARTESIAN_POINT ( 'NONE',  ( -58.36519998156268230, -95.46959933051788028, -27.29858080211994320 ) ) ;
#1157 = CARTESIAN_POINT ( 'NONE',  ( -8.000367162807828336, -53.65670408287318338, -32.97717611054437015 ) ) ;
#1158 = CARTESIAN_POINT ( 'NONE',  ( -38.43418485263438811, -82.32575928781658092, -32.80590386412840331 ) ) ;
#1159 = CARTESIAN_POINT ( 'NONE',  ( 0.1513451893486593147, -15.24685244709705856, -12.09162893417927975 ) ) ;
#1160 = CARTESIAN_POINT ( 'NONE',  ( -58.74747939273436970, -131.8909077765769098, -32.00776489659436663 ) ) ;
#1161 = CARTESIAN_POINT ( 'NONE',  ( -60.10015440141400944, -106.5184780821274586, -27.94597478212831732 ) ) ;
#1162 = CARTESIAN_POINT ( 'NONE',  ( -56.40258752203727255, -142.7772639865374629, -32.61049671998652855 ) ) ;
#1163 = CARTESIAN_POINT ( 'NONE',  ( -64.92341333999699771, -126.2956353098637692, -27.55051404780771307 ) ) ;
#1164 = CARTESIAN_POINT ( 'NONE',  ( -57.02946064216681776, -133.4245643783645221, -26.84561352543738977 ) ) ;
#1165 = CARTESIAN_POINT ( 'NONE',  ( -51.18574453263250490, -145.2960680127584681, -33.61386686419773895 ) ) ;
#1166 = CARTESIAN_POINT ( 'NONE',  ( 1.328342009136280533, -7.423429527781201465, -11.71025304984543247 ) ) ;
#1167 = CARTESIAN_POINT ( 'NONE',  ( -53.24495573684743732, -92.76188597251362467, -28.89681599787117605 ) ) ;
#1168 = CARTESIAN_POINT ( 'NONE',  ( -29.16304963538197370, -76.59967945217584884, -33.50971571952332795 ) ) ;
#1169 = CARTESIAN_POINT ( 'NONE',  ( -63.93233983486062755, -120.6781143189467116, -31.12825028621792001 ) ) ;
#1170 = APPROVAL_ROLE ( '' ) ;
#1171 = CARTESIAN_POINT ( 'NONE',  ( -55.86185825794111537, -146.7576287234681160, -31.10256373798853602 ) ) ;
#1172 = CARTESIAN_POINT ( 'NONE',  ( -20.28420500524496006, -66.66874390725030253, -36.96230774365034222 ) ) ;
#1173 = CARTESIAN_POINT ( 'NONE',  ( -57.21514530560217082, -95.37179807295798639, -27.55035980374083948 ) ) ;
#1174 = CARTESIAN_POINT ( 'NONE',  ( -1.063239747753141007, -50.12940343203359106, -25.55494932060902613 ) ) ;
#1175 = CARTESIAN_POINT ( 'NONE',  ( -64.45213583661001167, -99.65838050171268492, -30.32366210816345031 ) ) ;
#1176 = CARTESIAN_POINT ( 'NONE',  ( -41.67442095813694181, -84.42473509930142939, -32.01246553078256341 ) ) ;
#1177 = CARTESIAN_POINT ( 'NONE',  ( -62.47825782609690037, -107.3892324997098910, -31.50780052567568035 ) ) ;
#1178 = CARTESIAN_POINT ( 'NONE',  ( -66.48803548621044968, -117.3133391469994251, -29.61952048297993656 ) ) ;
#1179 = CARTESIAN_POINT ( 'NONE',  ( -64.88641593577629862, -112.5529426521942042, -25.47553437810836385 ) ) ;
#1180 = CARTESIAN_POINT ( 'NONE',  ( -58.29710078618013114, -100.0115961067317158, -31.43227640788771282 ) ) ;
#1181 = CARTESIAN_POINT ( 'NONE',  ( -52.89401952926926498, -88.27697383435780409, -34.62835150233532033 ) ) ;
#1182 = CARTESIAN_POINT ( 'NONE',  ( -1.279495942448860779, -24.83765680833008105, -22.90867115751669303 ) ) ;
#1183 = CARTESIAN_POINT ( 'NONE',  ( -43.44969263187661568, -85.65753068754477795, -32.90059550148065881 ) ) ;
#1184 = CARTESIAN_POINT ( 'NONE',  ( -60.18993691927050804, -118.2824037947026596, -29.23283501616804969 ) ) ;
#1185 = CARTESIAN_POINT ( 'NONE',  ( -26.03913174234613237, -69.64537441496540282, -31.53616665371932726 ) ) ;
#1186 = CARTESIAN_POINT ( 'NONE',  ( -38.30907232924661088, -81.55274101327337632, -31.32069341323825995 ) ) ;
#1187 = CARTESIAN_POINT ( 'NONE',  ( -31.09050598281555366, -71.93039441971382075, -32.02034682330005921 ) ) ;
#1188 = CARTESIAN_POINT ( 'NONE',  ( -6.360102632909238274, -57.60891325808221808, -28.29077138102315558 ) ) ;
#1189 = CARTESIAN_POINT ( 'NONE',  ( -53.30862563954568856, -150.5291583524381167, -32.49395969710932519 ) ) ;
#1190 = CARTESIAN_POINT ( 'NONE',  ( -59.57294987059164981, -138.7865224411201552, -27.87415823417603633 ) ) ;
#1191 = CARTESIAN_POINT ( 'NONE',  ( -44.38737673827679941, -80.30754344245751497, -30.96426044818900181 ) ) ;
#1192 = CARTESIAN_POINT ( 'NONE',  ( -44.31255785391202551, -78.81451636308428021, -34.07774588517438019 ) ) ;
#1193 = CARTESIAN_POINT ( 'NONE',  ( -55.21311510426497193, -95.67034831395561412, -32.07274485682113863 ) ) ;
#1194 = CARTESIAN_POINT ( 'NONE',  ( -59.16438920934662349, -123.0304574690041477, -27.93278118884306949 ) ) ;
#1195 = CARTESIAN_POINT ( 'NONE',  ( 1.696456640980667618, 2.899737436731892437, 0.000000000000000000 ) ) ;
#1196 = CARTESIAN_POINT ( 'NONE',  ( -40.59946968697756375, -81.52374559033981427, -30.41208401327410016 ) ) ;
#1197 = CARTESIAN_POINT ( 'NONE',  ( -5.608136734135250379, -56.06904828519773076, -33.26681134112069316 ) ) ;
#1198 = CARTESIAN_POINT ( 'NONE',  ( -52.71719531526897384, -151.9207155731550642, -30.41424570431336249 ) ) ;
#1199 = EDGE_CURVE ( 'NONE', #2939, #3612, #3188, .T. ) ;
#1200 = CARTESIAN_POINT ( 'NONE',  ( -50.80813213424324459, -145.4647696783858066, -28.50781338460456027 ) ) ;
#1201 = CARTESIAN_POINT ( 'NONE',  ( 1.252009132304555239, -4.196687018244577239, -8.742178116936081267 ) ) ;
#1202 = CARTESIAN_POINT ( 'NONE',  ( -52.68641430250406188, -142.6028053529400665, -33.18917656969558294 ) ) ;
#1203 = CARTESIAN_POINT ( 'NONE',  ( -51.77037250200215368, -91.15121481093919442, -29.14125926443268000 ) ) ;
#1204 = CARTESIAN_POINT ( 'NONE',  ( -52.35075639132437431, -92.67688196510259502, -32.58789122290375673 ) ) ;
#1205 = CARTESIAN_POINT ( 'NONE',  ( -60.97920025145090506, -130.8199298141411191, -31.69442890348172881 ) ) ;
#1206 = COORDINATED_UNIVERSAL_TIME_OFFSET ( 8, 0, .AHEAD. ) ;
#1207 = CARTESIAN_POINT ( 'NONE',  ( -65.63605412882567691, -123.7800307929115178, -28.93847037974153480 ) ) ;
#1208 = CARTESIAN_POINT ( 'NONE',  ( -26.59025268068693393, -70.63885132273723855, -37.42034957818142260 ) ) ;
#1209 = CARTESIAN_POINT ( 'NONE',  ( -51.24942548497030259, -88.25533511362876027, -28.88327221032205472 ) ) ;
#1210 = CARTESIAN_POINT ( 'NONE',  ( 1.965339311506802966, -2.182107930338790247, -5.106148356366699836 ) ) ;
#1211 = CARTESIAN_POINT ( 'NONE',  ( -55.98809158351604509, -88.18074577603358932, -32.96705054257103029 ) ) ;
#1212 = CARTESIAN_POINT ( 'NONE',  ( -27.38634576698635925, -75.38489499700078511, -32.82791095050895791 ) ) ;
#1213 = CARTESIAN_POINT ( 'NONE',  ( -62.75963174219485552, -117.2350792676173654, -31.18538624123653946 ) ) ;
#1214 = CARTESIAN_POINT ( 'NONE',  ( -65.57579024703605342, -122.5951404884193323, -29.66848539674376894 ) ) ;
#1215 = CARTESIAN_POINT ( 'NONE',  ( -5.757499012614778700, -48.78060132896727907, -28.86396500013873734 ) ) ;
#1216 = CARTESIAN_POINT ( 'NONE',  ( -41.78307874800636057, -84.51684667825404063, -32.82425114909919017 ) ) ;
#1217 = CARTESIAN_POINT ( 'NONE',  ( -10.45577684796773354, -61.82381956078969409, -34.38985448289695057 ) ) ;
#1218 = CARTESIAN_POINT ( 'NONE',  ( -54.67912928493880287, -148.6598225486117428, -29.89351340805850654 ) ) ;
#1219 = CARTESIAN_POINT ( 'NONE',  ( -37.43372805518085755, -81.69204877277458365, -32.84350292329174437 ) ) ;
#1220 = CARTESIAN_POINT ( 'NONE',  ( -59.49078367768432685, -104.8138614054433759, -29.59598813833160946 ) ) ;
#1221 = CARTESIAN_POINT ( 'NONE',  ( -51.51971634647811982, -88.54567418912898802, -28.82268296984749867 ) ) ;
#1222 = CARTESIAN_POINT ( 'NONE',  ( -50.33243191543644457, -91.45574672197969335, -31.27778622633996974 ) ) ;
#1223 = CARTESIAN_POINT ( 'NONE',  ( -42.17517064567713447, -78.63819519602121488, -31.34514839718852741 ) ) ;
#1224 = CARTESIAN_POINT ( 'NONE',  ( -57.74900221662798572, -130.4281641585599516, -31.21025994437790629 ) ) ;
#1225 = CARTESIAN_POINT ( 'NONE',  ( -49.05267898242976798, -89.83358404753982995, -32.97718258393858548 ) ) ;
#1226 = CARTESIAN_POINT ( 'NONE',  ( -59.91616699244568167, -135.1741994401139380, -26.59255284904053696 ) ) ;
#1227 = CARTESIAN_POINT ( 'NONE',  ( -65.67733762838153666, -122.1404421807770717, -29.65674242079588296 ) ) ;
#1228 = CARTESIAN_POINT ( 'NONE',  ( -4.251335478459761674, -48.32807129606997165, -30.87899888763572420 ) ) ;
#1229 = CARTESIAN_POINT ( 'NONE',  ( -62.89757798668142641, -107.3912890797468975, -25.77194898257023326 ) ) ;
#1230 = CARTESIAN_POINT ( 'NONE',  ( -54.56983720572738861, -95.62466509974882456, -31.48308033068849454 ) ) ;
#1231 = CARTESIAN_POINT ( 'NONE',  ( -36.76101194662572169, -81.27147695726408472, -32.88212243996962059 ) ) ;
#1232 = CARTESIAN_POINT ( 'NONE',  ( -59.63710353282176158, -121.1589154230389198, -27.83228987825100020 ) ) ;
#1233 = CARTESIAN_POINT ( 'NONE',  ( 0.1902332305745115248, -1.221265386086433091, -6.989942988274471247 ) ) ;
#1234 = CARTESIAN_POINT ( 'NONE',  ( -46.33644368912523248, -86.52922004316712901, -30.14341199045806619 ) ) ;
#1235 = CARTESIAN_POINT ( 'NONE',  ( 1.542651885240326592, -22.87904410297146640, -22.57774725642988400 ) ) ;
#1236 = CARTESIAN_POINT ( 'NONE',  ( 0.7642721736453560455, -34.46326104030065807, -26.68900780997823929 ) ) ;
#1237 = CARTESIAN_POINT ( 'NONE',  ( -54.46997772382044900, -138.7934352612125508, -27.50688956357124582 ) ) ;
#1238 = CARTESIAN_POINT ( 'NONE',  ( 1.885656912728374435, -12.58749784335348743, -14.49987691354977137 ) ) ;
#1239 = CARTESIAN_POINT ( 'NONE',  ( -57.99674405877171068, -129.7890434325046840, -31.14841954745798347 ) ) ;
#1240 = CARTESIAN_POINT ( 'NONE',  ( 1.709091107348464256, -8.057517581512746219, -9.165822598160419332 ) ) ;
#1241 = CARTESIAN_POINT ( 'NONE',  ( 2.899737436731892437, 1.696456640980667618, 0.000000000000000000 ) ) ;
#1242 = CARTESIAN_POINT ( 'NONE',  ( -27.28411628181740767, -72.40217845672840724, -31.19640691126986098 ) ) ;
#1243 = CARTESIAN_POINT ( 'NONE',  ( -52.15711644946040337, -142.2717738595319474, -32.71700265488683357 ) ) ;
#1244 = CARTESIAN_POINT ( 'NONE',  ( -5.831747829532488048, -57.79396191199997190, -32.45409363860601104 ) ) ;
#1245 = CARTESIAN_POINT ( 'NONE',  ( -56.81668285850677336, -145.0458483850341338, -30.85694397045234894 ) ) ;
#1246 = CARTESIAN_POINT ( 'NONE',  ( -60.29198671801146503, -101.0034616279495907, -26.69604265406988119 ) ) ;
#1247 = CARTESIAN_POINT ( 'NONE',  ( 1.629018557650966370, -6.483864993102019803, -9.858746783199737962 ) ) ;
#1248 = CARTESIAN_POINT ( 'NONE',  ( -66.78513042430834901, -107.8721669526952383, -29.30833014700309747 ) ) ;
#1249 = CARTESIAN_POINT ( 'NONE',  ( -55.82619874430917406, -97.19704401884459344, -31.24726738734918285 ) ) ;
#1250 = CARTESIAN_POINT ( 'NONE',  ( 2.876786235305804684, -20.06534026253913083, -19.30563206854528602 ) ) ;
#1251 = CARTESIAN_POINT ( 'NONE',  ( -62.57933899200578054, -132.1677848814074139, -30.19965201337813809 ) ) ;
#1252 = CARTESIAN_POINT ( 'NONE',  ( -50.40718752295193639, -150.9658227238489872, -28.62465848873461027 ) ) ;
#1253 = CARTESIAN_POINT ( 'NONE',  ( -56.06093608069708267, -96.71597670752844067, -31.90613702286512776 ) ) ;
#1254 = CARTESIAN_POINT ( 'NONE',  ( -14.21828541188905248, -64.55039575212761349, -35.52485805431739863 ) ) ;
#1255 = CARTESIAN_POINT ( 'NONE',  ( -55.29876971757193616, -147.5949388138683105, -29.73230702203590781 ) ) ;
#1256 = CARTESIAN_POINT ( 'NONE',  ( -38.43418485263438811, -82.32575928781658092, -32.80590386412840331 ) ) ;
#1257 = CARTESIAN_POINT ( 'NONE',  ( -53.32698477197034492, -94.43647532327305782, -30.86788153482072872 ) ) ;
#1258 = CARTESIAN_POINT ( 'NONE',  ( -55.94100123567124427, -93.62834424759959973, -27.85093932714257647 ) ) ;
#1259 = CARTESIAN_POINT ( 'NONE',  ( -30.08896228716317722, -76.54536032498424447, -32.01119418364031333 ) ) ;
#1260 = CARTESIAN_POINT ( 'NONE',  ( -62.50493748802517047, -105.2551398084256817, -25.94810566413852015 ) ) ;
#1261 = CARTESIAN_POINT ( 'NONE',  ( -21.66155965458005284, -71.69578185346573207, -33.45871223250610171 ) ) ;
#1262 = CARTESIAN_POINT ( 'NONE',  ( -45.33621401647376814, -160.1894025190144930, -30.47414982994413180 ) ) ;
#1263 = CARTESIAN_POINT ( 'NONE',  ( -65.93387212067403880, -117.2552772656566589, -26.16018417873257107 ) ) ;
#1264 = CARTESIAN_POINT ( 'NONE',  ( -55.82454641663631634, -146.1993069122162865, -31.82687024962890732 ) ) ;
#1265 = CARTESIAN_POINT ( 'NONE',  ( -23.97480445231412105, -65.86629974612343119, -34.18372163302695554 ) ) ;
#1266 = CARTESIAN_POINT ( 'NONE',  ( -62.86706949148150869, -116.9881490516005584, -25.45923834496050020 ) ) ;
#1267 = CARTESIAN_POINT ( 'NONE',  ( -11.82501649302163571, -63.22162370830027101, -30.12306813182519605 ) ) ;
#1268 = CARTESIAN_POINT ( 'NONE',  ( -61.35281174289905692, -109.3513316181883255, -30.56807692383233643 ) ) ;
#1269 = CARTESIAN_POINT ( 'NONE',  ( -60.69426983855791491, -113.4445823431273936, -27.67853447397558142 ) ) ;
#1270 = CARTESIAN_POINT ( 'NONE',  ( -53.64408667366711114, -142.6274414191976803, -33.34830859940859682 ) ) ;
#1271 = CARTESIAN_POINT ( 'NONE',  ( -40.91483556546412359, -81.75702559613804965, -30.38997346283353096 ) ) ;
#1272 = CARTESIAN_POINT ( 'NONE',  ( -0.6149339554870210112, -39.24384485037627712, -27.84292263517590627 ) ) ;
#1273 = CARTESIAN_POINT ( 'NONE',  ( 3.738867241434328470, -37.95214395012353492, -26.18491831936669101 ) ) ;
#1274 = CARTESIAN_POINT ( 'NONE',  ( 0.1712991782277434039, -42.68110466112287327, -29.39816083773116162 ) ) ;
#1275 = CARTESIAN_POINT ( 'NONE',  ( -50.44360228467380125, -146.0856352175815402, -28.61032136497918543 ) ) ;
#1276 = CARTESIAN_POINT ( 'NONE',  ( -54.70984379995861246, -138.7453554271457392, -32.63176303444613069 ) ) ;
#1277 = CARTESIAN_POINT ( 'NONE',  ( -61.40134939610560139, -109.7689162545707262, -30.54757700031467493 ) ) ;
#1278 = CARTESIAN_POINT ( 'NONE',  ( 1.745818789745158695, -6.078222440740421284, -7.324866937376808274 ) ) ;
#1279 = CARTESIAN_POINT ( 'NONE',  ( -56.51088025654605929, -134.9669127537314353, -32.15069908472222693 ) ) ;
#1280 = CARTESIAN_POINT ( 'NONE',  ( -60.71741849715518669, -107.4804556089687537, -27.13260032610918060 ) ) ;
#1281 = CARTESIAN_POINT ( 'NONE',  ( -60.91389533634385600, -119.7024035059664726, -30.49139087883704846 ) ) ;
#1282 = CARTESIAN_POINT ( 'NONE',  ( -0.7170239740636422665, -1.448260798041358210, -7.852442874726422772 ) ) ;
#1283 = CARTESIAN_POINT ( 'NONE',  ( 1.885490928903168717, -36.90473979112651648, -27.52381724821928444 ) ) ;
#1284 = CARTESIAN_POINT ( 'NONE',  ( -10.84098276186468723, -55.31450781343506407, -32.26767397614359822 ) ) ;
#1285 = CARTESIAN_POINT ( 'NONE',  ( -62.02978809508094571, -116.8548322052523361, -25.80418853208569629 ) ) ;
#1286 = CARTESIAN_POINT ( 'NONE',  ( 1.840741166687974051, -2.840391532607041025, -5.961615124242221952 ) ) ;
#1287 = CARTESIAN_POINT ( 'NONE',  ( -48.15180253421430479, -159.1446699737478525, -33.20570311915949446 ) ) ;
#1288 = ORIENTED_EDGE ( 'NONE', *, *, #2512, .T. ) ;
#1289 = CARTESIAN_POINT ( 'NONE',  ( -60.03056854303998335, -121.0028776206371646, -30.05521602673627513 ) ) ;
#1290 = CARTESIAN_POINT ( 'NONE',  ( 2.113353638769094101, -15.93141936137689285, -17.40862258896873627 ) ) ;
#1291 = CARTESIAN_POINT ( 'NONE',  ( -3.270523305311145545, -3.096252056158661059, -9.489768986400656914 ) ) ;
#1292 = CARTESIAN_POINT ( 'NONE',  ( -52.17747957904278167, -148.0613066965363203, -28.13975200200230731 ) ) ;
#1293 = CARTESIAN_POINT ( 'NONE',  ( -25.35548879487502560, -71.77043536274442204, -37.07192414053000817 ) ) ;
#1294 = CARTESIAN_POINT ( 'NONE',  ( -2.210958924445733498, -17.79096476304052032, -19.84490924523229438 ) ) ;
#1295 = CARTESIAN_POINT ( 'NONE',  ( 2.420708932320957185, -35.11157769102560877, -20.46829999541341749 ) ) ;
#1296 = CARTESIAN_POINT ( 'NONE',  ( -60.64868427305969334, -112.6811751411081275, -29.19884420543395009 ) ) ;
#1297 = CARTESIAN_POINT ( 'NONE',  ( -56.38927134547063247, -134.8421654958572162, -27.00701615771428621 ) ) ;
#1298 = CARTESIAN_POINT ( 'NONE',  ( -54.49801528692969299, -135.4794908411469692, -30.63494138824792756 ) ) ;
#1299 = CARTESIAN_POINT ( 'NONE',  ( -62.86706949148150869, -116.9881490516005584, -25.45923834496050020 ) ) ;
#1300 = CARTESIAN_POINT ( 'NONE',  ( -55.21311510426497193, -95.67034831395561412, -32.07274485682113863 ) ) ;
#1301 = CARTESIAN_POINT ( 'NONE',  ( -54.99691171923525701, -144.8820588381868788, -27.80406280971090993 ) ) ;
#1302 = CARTESIAN_POINT ( 'NONE',  ( -66.01341530077954189, -120.4939535682055691, -29.62467765127090047 ) ) ;
#1303 = CARTESIAN_POINT ( 'NONE',  ( -2.502421703682444321, -45.46859231452578598, -29.91044386822269985 ) ) ;
#1304 = CARTESIAN_POINT ( 'NONE',  ( -61.46520456839936486, -123.6896899221385979, -25.65196056289176241 ) ) ;
#1305 = CARTESIAN_POINT ( 'NONE',  ( -29.49967925898922871, -76.69115547254943976, -32.71670284390692984 ) ) ;
#1306 = CARTESIAN_POINT ( 'NONE',  ( -61.33710960819784219, -116.8740236615935260, -30.42886717499942151 ) ) ;
#1307 = CARTESIAN_POINT ( 'NONE',  ( -60.44110168540420602, -108.4351348927857259, -27.83060479513593322 ) ) ;
#1308 = CARTESIAN_POINT ( 'NONE',  ( -10.17168092638728005, -62.25952473640047202, -33.65026303602632396 ) ) ;
#1309 = CARTESIAN_POINT ( 'NONE',  ( -55.31708229825793666, -96.16876694544130544, -29.08630885246373410 ) ) ;
#1310 = CARTESIAN_POINT ( 'NONE',  ( -61.47571480206335082, -129.1302548210954058, -25.84143095452633787 ) ) ;
#1311 = CARTESIAN_POINT ( 'NONE',  ( -52.78241339751132699, -151.0838962157066874, -29.60236257713304653 ) ) ;
#1312 = CARTESIAN_POINT ( 'NONE',  ( -47.60646604051577668, -157.4284734510489727, -35.04111109942449787 ) ) ;
#1313 = PERSON_AND_ORGANIZATION ( #7082, #1896 ) ;
#1314 = CARTESIAN_POINT ( 'NONE',  ( -14.70238108962843171, -59.92399205927187467, -35.11673764797328090 ) ) ;
#1315 = CARTESIAN_POINT ( 'NONE',  ( -33.60590361414881500, -76.11971425668821212, -30.95390675743244557 ) ) ;
#1316 = CARTESIAN_POINT ( 'NONE',  ( -15.56243485192415932, -67.21985951747136312, -33.96440734927313088 ) ) ;
#1317 = CARTESIAN_POINT ( 'NONE',  ( -61.57029060021007894, -113.2801837165933705, -30.43654540870454994 ) ) ;
#1318 = CARTESIAN_POINT ( 'NONE',  ( 1.881324985849632148, -4.706525415993374928, -5.825812235197836308 ) ) ;
#1319 = CARTESIAN_POINT ( 'NONE',  ( 1.252009132304555239, -4.196687018244577239, -8.742178116936081267 ) ) ;
#1320 = CARTESIAN_POINT ( 'NONE',  ( -45.90075570417035777, -84.97262866203656984, -29.84815015280726058 ) ) ;
#1321 = CARTESIAN_POINT ( 'NONE',  ( -0.4955179800750849073, -7.613311255517803744, -13.98545216676907899 ) ) ;
#1322 = CARTESIAN_POINT ( 'NONE',  ( -1.044068180579631910, -19.87112031103896825, -21.44154228568107712 ) ) ;
#1323 = CARTESIAN_POINT ( 'NONE',  ( -32.18816393692122091, -71.36591467610041661, -33.37860336716958187 ) ) ;
#1324 = CARTESIAN_POINT ( 'NONE',  ( -47.18975713355110457, -83.91488474481464266, -29.82766193328510695 ) ) ;
#1325 = CARTESIAN_POINT ( 'NONE',  ( 0.08631706507615120871, -47.47995662680420992, -24.51724307698188454 ) ) ;
#1326 = CARTESIAN_POINT ( 'NONE',  ( -64.56153168853711577, -127.5728376768474277, -29.10136358730545325 ) ) ;
#1327 = CARTESIAN_POINT ( 'NONE',  ( -59.73079202731806703, -122.2863192334875890, -30.11758948677591263 ) ) ;
#1328 = CARTESIAN_POINT ( 'NONE',  ( 4.100494960980469727, -36.71883781250665635, -23.23992658358320895 ) ) ;
#1329 = CARTESIAN_POINT ( 'NONE',  ( -55.22188953878924167, -147.2650117910719416, -31.98428977042608423 ) ) ;
#1330 = CARTESIAN_POINT ( 'NONE',  ( -2.918251184709591772, -7.599091892068429388, -6.637907156231024786 ) ) ;
#1331 = CARTESIAN_POINT ( 'NONE',  ( -40.41698306541100294, -83.60710123408566119, -32.79110430746327864 ) ) ;
#1332 = CARTESIAN_POINT ( 'NONE',  ( -64.69157006709895086, -105.5711913368099175, -31.33262921311719040 ) ) ;
#1333 = CARTESIAN_POINT ( 'NONE',  ( -33.55350537936826072, -72.11549538459719599, -35.83596791935671888 ) ) ;
#1334 = CARTESIAN_POINT ( 'NONE',  ( -9.670559140234928464, -61.58145136943316089, -30.00672520471137616 ) ) ;
#1335 = CARTESIAN_POINT ( 'NONE',  ( -59.35114454132747142, -122.3323342884391991, -29.40110553059869503 ) ) ;
#1336 = CARTESIAN_POINT ( 'NONE',  ( -61.75932093591359262, -118.6179424719566384, -25.83080108591613921 ) ) ;
#1337 = CARTESIAN_POINT ( 'NONE',  ( -59.48665753824083424, -121.7814419594085678, -29.37207868005758016 ) ) ;
#1338 = CARTESIAN_POINT ( 'NONE',  ( -62.49038419490924667, -119.3189940914181619, -25.49128841360100850 ) ) ;
#1339 = CARTESIAN_POINT ( 'NONE',  ( -58.15596046763264582, -129.3671725922436337, -31.10903868893722546 ) ) ;
#1340 = CARTESIAN_POINT ( 'NONE',  ( -1.332950415982061543, -39.57320571622171457, -27.34387146654989209 ) ) ;
#1341 = CARTESIAN_POINT ( 'NONE',  ( -64.68717515694169151, -101.9011148215504647, -27.21409923765639149 ) ) ;
#1342 = CARTESIAN_POINT ( 'NONE',  ( -60.49394227312094330, -137.0877917275161053, -30.66318611438510544 ) ) ;
#1343 = CARTESIAN_POINT ( 'NONE',  ( -15.89373968969045414, -60.01251172056385030, -33.92912980645901655 ) ) ;
#1344 = CARTESIAN_POINT ( 'NONE',  ( -58.13619865114589658, -132.9680290266760778, -26.37858603729372931 ) ) ;
#1345 = CARTESIAN_POINT ( 'NONE',  ( -33.68503862731792253, -79.21230373701104099, -32.34564102638986327 ) ) ;
#1346 = CARTESIAN_POINT ( 'NONE',  ( -60.70644262700000127, -112.7870362862801841, -27.68680759251159884 ) ) ;
#1347 = CARTESIAN_POINT ( 'NONE',  ( 0.4114774827824596026, -49.68005896274785727, -27.59704109462930788 ) ) ;
#1348 = CARTESIAN_POINT ( 'NONE',  ( -60.68787448981850474, -111.2871459432376469, -27.71775792762996815 ) ) ;
#1349 = CARTESIAN_POINT ( 'NONE',  ( -62.31990228540485077, -126.6686327949230133, -25.67650441668957839 ) ) ;
#1350 = CARTESIAN_POINT ( 'NONE',  ( -4.585192364153289901, -6.563324073348780985, -8.318439540856559233 ) ) ;
#1351 = CARTESIAN_POINT ( 'NONE',  ( -54.98681428903720558, -145.3823794014873272, -32.98383304019213824 ) ) ;
#1352 = COORDINATED_UNIVERSAL_TIME_OFFSET ( 8, 0, .AHEAD. ) ;
#1353 = CARTESIAN_POINT ( 'NONE',  ( -4.563469803502687050, -3.628130213369593182, -7.273725165704195028 ) ) ;
#1354 = CARTESIAN_POINT ( 'NONE',  ( -39.74958773307868398, -79.85777172280603509, -30.42754658589508310 ) ) ;
#1355 = CARTESIAN_POINT ( 'NONE',  ( -38.11067443784632758, -81.98564796302370894, -34.49606496961333590 ) ) ;
#1356 = CARTESIAN_POINT ( 'NONE',  ( -61.41445980555555906, -116.1313507510478615, -30.42185271679895919 ) ) ;
#1357 = CARTESIAN_POINT ( 'NONE',  ( -55.60018626905868899, -133.0398009495835652, -30.33665956920872020 ) ) ;
#1358 = CARTESIAN_POINT ( 'NONE',  ( -36.39402167706310109, -80.96609414571733510, -34.58706232580830431 ) ) ;
#1359 = CARTESIAN_POINT ( 'NONE',  ( -54.13498862435447734, -136.8705657636625403, -28.50303564523982658 ) ) ;
#1360 = CARTESIAN_POINT ( 'NONE',  ( -54.69879259203081290, -144.2109309212694370, -33.27373611040024315 ) ) ;
#1361 = CARTESIAN_POINT ( 'NONE',  ( -0.9091212609805393585, -21.30641896124669543, -22.04466579678458871 ) ) ;
#1362 = CARTESIAN_POINT ( 'NONE',  ( -25.03121397787800362, -66.83825695009699075, -33.36584448882152287 ) ) ;
#1363 = CARTESIAN_POINT ( 'NONE',  ( -60.61047331170037467, -121.1851324612991618, -30.54770690906922681 ) ) ;
#1364 = CARTESIAN_POINT ( 'NONE',  ( -60.28582492695729655, -124.7444871110462117, -26.08987564127516734 ) ) ;
#1365 = CARTESIAN_POINT ( 'NONE',  ( -9.029353748263728718, -61.55858166804409848, -30.56285606067555349 ) ) ;
#1366 = CARTESIAN_POINT ( 'NONE',  ( -65.53093772757972602, -124.1933827557469101, -28.95204194674957776 ) ) ;
#1367 = CARTESIAN_POINT ( 'NONE',  ( -1.704263854859839000, -51.43004469883237562, -26.08038873409487124 ) ) ;
#1368 = CARTESIAN_POINT ( 'NONE',  ( -53.23866442553535450, -138.9029674272721024, -31.79108650550547921 ) ) ;
#1369 = CARTESIAN_POINT ( 'NONE',  ( 4.185360539429817450, -33.59958118306328601, -22.74341071553405058 ) ) ;
#1370 = CARTESIAN_POINT ( 'NONE',  ( -2.159556325471110760, 2.167492923817520456, -1.661252892989508512 ) ) ;
#1371 = CARTESIAN_POINT ( 'NONE',  ( -55.74712316981499072, -141.7590818438756060, -27.19384494839577826 ) ) ;
#1372 = CARTESIAN_POINT ( 'NONE',  ( -65.18631134114133374, -108.0764470265371102, -31.10591595274303955 ) ) ;
#1373 = CARTESIAN_POINT ( 'NONE',  ( -45.42419304372146627, -79.61474412863093164, -34.51802161894105581 ) ) ;
#1374 = CARTESIAN_POINT ( 'NONE',  ( -49.05267898242976798, -89.83358404753982995, -32.97718258393858548 ) ) ;
#1375 = CARTESIAN_POINT ( 'NONE',  ( -55.69503777190024607, -132.8218733761705721, -30.31122126471399980 ) ) ;
#1376 = CARTESIAN_POINT ( 'NONE',  ( -59.19059190088350420, -130.4215336228664341, -26.13022273431434428 ) ) ;
#1377 = CARTESIAN_POINT ( 'NONE',  ( -50.43965652651628062, -145.3399697701479170, -33.20721914316941081 ) ) ;
#1378 = CARTESIAN_POINT ( 'NONE',  ( -60.08331473385384669, -123.3687432622122202, -30.65722491380450876 ) ) ;
#1379 = CARTESIAN_POINT ( 'NONE',  ( -1.842819548169229105, -42.06239498871012472, -28.23695690903695521 ) ) ;
#1380 = CARTESIAN_POINT ( 'NONE',  ( -54.71686324726889694, -146.6151163672141422, -28.48570455906714827 ) ) ;
#1381 = CARTESIAN_POINT ( 'NONE',  ( -10.40690275773497753, -59.21877019467956416, -35.16180485698865255 ) ) ;
#1382 = CARTESIAN_POINT ( 'NONE',  ( -34.22676462660878371, -72.29844742535595969, -34.24994216814702952 ) ) ;
#1383 = CARTESIAN_POINT ( 'NONE',  ( -61.22023274482321398, -124.5439549537595099, -25.69788642995775874 ) ) ;
#1384 = CARTESIAN_POINT ( 'NONE',  ( -49.01945576524479264, -90.24895984570531482, -32.22972364939458600 ) ) ;
#1385 = CARTESIAN_POINT ( 'NONE',  ( -60.75479250443316914, -120.5064201041689529, -30.52032403715741538 ) ) ;
#1386 = CARTESIAN_POINT ( 'NONE',  ( -53.58983083709172490, -137.2412937428881889, -29.35843637688346774 ) ) ;
#1387 = CARTESIAN_POINT ( 'NONE',  ( -41.09952437507116940, -82.47204268463224253, -35.74924409816637194 ) ) ;
#1388 = CARTESIAN_POINT ( 'NONE',  ( -60.65789264387866098, -110.6601320807835265, -27.73683351781666673 ) ) ;
#1389 = CARTESIAN_POINT ( 'NONE',  ( -63.85813508971727259, -121.0228653533990837, -25.43216033325331438 ) ) ;
#1390 = CARTESIAN_POINT ( 'NONE',  ( -3.180113029388589752, -17.82428013910566733, -18.15480955826451392 ) ) ;
#1391 = CARTESIAN_POINT ( 'NONE',  ( -60.16877830871795396, -93.52011983506594106, -32.28406037301832043 ) ) ;
#1392 = CARTESIAN_POINT ( 'NONE',  ( -2.210958924445733498, -17.79096476304052032, -19.84490924523229438 ) ) ;
#1393 = CARTESIAN_POINT ( 'NONE',  ( -11.21398677612600636, -57.82911045952312890, -28.76334216185431103 ) ) ;
#1394 = CARTESIAN_POINT ( 'NONE',  ( -60.75661415785221919, -106.1669922064733811, -30.77537643113175392 ) ) ;
#1395 = CARTESIAN_POINT ( 'NONE',  ( 3.250000000000000444, -0.8508480103472357836, 0.000000000000000000 ) ) ;
#1396 = CARTESIAN_POINT ( 'NONE',  ( 3.933204570482016660, -28.01467789473235825, -20.47017221374559526 ) ) ;
#1397 = CARTESIAN_POINT ( 'NONE',  ( -60.53426630236390338, -118.5275899157186643, -26.96060477952357815 ) ) ;
#1398 = CARTESIAN_POINT ( 'NONE',  ( -55.40013746603949585, -142.9159467298313757, -33.08602987402841933 ) ) ;
#1399 = CARTESIAN_POINT ( 'NONE',  ( -2.055506799328736367, -15.81091846496332565, -19.17909346308870155 ) ) ;
#1400 = CARTESIAN_POINT ( 'NONE',  ( -46.54713109679077121, -80.68552378261081515, -31.87651381927565097 ) ) ;
#1401 = CARTESIAN_POINT ( 'NONE',  ( -36.44617536002941449, -81.23268020994629524, -33.69078186004929876 ) ) ;
#1402 = CARTESIAN_POINT ( 'NONE',  ( -66.78552018869416429, -117.7300380509482665, -28.86082975853502575 ) ) ;
#1403 = CARTESIAN_POINT ( 'NONE',  ( 1.417417988779312132, -43.37954118693233596, -23.01763136365996587 ) ) ;
#1404 = CARTESIAN_POINT ( 'NONE',  ( -60.72944816423432002, -116.9001129724580039, -29.93132149588052826 ) ) ;
#1405 = CARTESIAN_POINT ( 'NONE',  ( 0.8616350795476455104, 1.437681139101932404, -2.996467747243341861 ) ) ;
#1406 = CARTESIAN_POINT ( 'NONE',  ( -22.03495578703275726, -66.80370918696968374, -36.98384148786815473 ) ) ;
#1407 = CARTESIAN_POINT ( 'NONE',  ( -9.420093178742988016, -53.65958618853319706, -30.18064062997552810 ) ) ;
#1408 = CARTESIAN_POINT ( 'NONE',  ( -65.43337301345869150, -115.8834355695238116, -30.74710884625641683 ) ) ;
#1409 = CARTESIAN_POINT ( 'NONE',  ( -34.96967775411662416, -73.00989145458362373, -35.84344887138410485 ) ) ;
#1410 = CARTESIAN_POINT ( 'NONE',  ( -59.05780406082311629, -128.4237150179633602, -26.35835515953145247 ) ) ;
#1411 = CARTESIAN_POINT ( 'NONE',  ( -56.15417594770861598, -131.7433220421441717, -30.18917707184219168 ) ) ;
#1412 = CARTESIAN_POINT ( 'NONE',  ( -55.16223025201130525, -139.2558448620740990, -27.12637551156537441 ) ) ;
#1413 = CARTESIAN_POINT ( 'NONE',  ( -49.52621795457866227, -146.9119554409935517, -33.47110975229283980 ) ) ;
#1414 = CARTESIAN_POINT ( 'NONE',  ( -56.86459855634290506, -132.6013371658116853, -31.43650981200874739 ) ) ;
#1415 = CARTESIAN_POINT ( 'NONE',  ( -4.219971830017333225, -9.785964866735325174, -10.33088055350851064 ) ) ;
#1416 = CARTESIAN_POINT ( 'NONE',  ( -16.16141394510792395, -63.18377248971236781, -36.37325699260096457 ) ) ;
#1417 = CARTESIAN_POINT ( 'NONE',  ( -65.50871911765852929, -108.3114265990374747, -26.00980602958354737 ) ) ;
#1418 = CARTESIAN_POINT ( 'NONE',  ( -52.12668647192369775, -144.8288439550848352, -27.93973447505145558 ) ) ;
#1419 = CARTESIAN_POINT ( 'NONE',  ( -60.51818030097231826, -107.7286385719450408, -30.13353096348842186 ) ) ;
#1420 = CARTESIAN_POINT ( 'NONE',  ( -52.42900823292033863, -141.7707618011209831, -32.64068600530347908 ) ) ;
#1421 = CARTESIAN_POINT ( 'NONE',  ( -49.41376836557159891, -144.9552304164746772, -30.53764826088382023 ) ) ;
#1422 = CARTESIAN_POINT ( 'NONE',  ( -39.99528655154880852, -81.89164086304606371, -35.81852298091479270 ) ) ;
#1423 = CARTESIAN_POINT ( 'NONE',  ( -60.70738666633597092, -112.1377701161690652, -27.69772679873005927 ) ) ;
#1424 = CARTESIAN_POINT ( 'NONE',  ( -58.45806350030580489, -136.3421819758776223, -26.52078020446179707 ) ) ;
#1425 = CARTESIAN_POINT ( 'NONE',  ( -56.86459855634290506, -132.6013371658116853, -31.43650981200874739 ) ) ;
#1426 = CARTESIAN_POINT ( 'NONE',  ( -48.47794680046968097, -157.8184812708270499, -30.78563745684815345 ) ) ;
#1427 = CARTESIAN_POINT ( 'NONE',  ( -66.32411199932103330, -118.6584087968279846, -26.65182650636619499 ) ) ;
#1428 = CARTESIAN_POINT ( 'NONE',  ( -0.5030373874443496707, -13.34817151862022300, -10.76839605703215241 ) ) ;
#1429 = DIRECTION ( 'NONE',  ( 0.000000000000000000, 0.000000000000000000, 1.000000000000000000 ) ) ;
#1430 = CARTESIAN_POINT ( 'NONE',  ( -57.20232115292554198, -129.9752675874707961, -27.70128393458647409 ) ) ;
#1431 = CARTESIAN_POINT ( 'NONE',  ( -26.62659891465878204, -74.79529886589143928, -35.24582666378272933 ) ) ;
#1432 = CARTESIAN_POINT ( 'NONE',  ( -61.06493314914023784, -113.7849101057371399, -26.91388316635431011 ) ) ;
#1433 = LOCAL_TIME ( 1, 44, 25.00000000000000000, #4844 ) ;
#1434 = CARTESIAN_POINT ( 'NONE',  ( -37.34441337996071297, -79.56138640545289320, -36.60524949706687892 ) ) ;
#1435 = CARTESIAN_POINT ( 'NONE',  ( -40.71129549382316526, -77.19051526401314334, -36.12029799811102748 ) ) ;
#1436 = CARTESIAN_POINT ( 'NONE',  ( -4.151983044779655074, -6.560227952404487084, -7.168664957058862086 ) ) ;
#1437 = CARTESIAN_POINT ( 'NONE',  ( -4.342220116381421136, -55.81153120398142420, -27.94428352765931933 ) ) ;
#1438 = CARTESIAN_POINT ( 'NONE',  ( -65.91751108248415392, -122.6034962528078012, -28.90465435949451134 ) ) ;
#1439 = CARTESIAN_POINT ( 'NONE',  ( 1.768934014222052431, -9.313211762213141398, -12.02742542447705532 ) ) ;
#1440 = CARTESIAN_POINT ( 'NONE',  ( -56.42097293477484499, -132.0668464940251852, -30.92708742613855222 ) ) ;
#1441 = CARTESIAN_POINT ( 'NONE',  ( -63.22178272118224385, -103.5961050527953660, -31.86466880763693510 ) ) ;
#1442 = CARTESIAN_POINT ( 'NONE',  ( -49.77282017466914255, -156.1925566270712125, -33.46746672489628338 ) ) ;
#1443 = CARTESIAN_POINT ( 'NONE',  ( -43.14120448464844060, -79.34293789382363116, -31.19267570913088150 ) ) ;
#1444 = CARTESIAN_POINT ( 'NONE',  ( -65.20397928742985982, -118.0838626954833899, -30.73187946001370818 ) ) ;
#1445 = CARTESIAN_POINT ( 'NONE',  ( -12.86855603125252756, -58.55626894111985337, -34.84640832891921036 ) ) ;
#1446 = CARTESIAN_POINT ( 'NONE',  ( -60.43060279941380486, -124.2562612262705386, -26.06046053781444627 ) ) ;
#1447 = CARTESIAN_POINT ( 'NONE',  ( -60.47029484180406911, -116.1091585904019041, -29.19015534202997841 ) ) ;
#1448 = CARTESIAN_POINT ( 'NONE',  ( -62.96397051845318060, -116.2288711532722374, -25.45669322081558406 ) ) ;
#1449 = CARTESIAN_POINT ( 'NONE',  ( -50.73734378871982642, -144.8206420361853191, -33.12156292929459056 ) ) ;
#1450 = CARTESIAN_POINT ( 'NONE',  ( -61.40134939610560139, -109.7689162545707262, -30.54757700031467493 ) ) ;
#1451 = CARTESIAN_POINT ( 'NONE',  ( -6.582510604883426097, -50.64397243162639484, -30.99851133941911741 ) ) ;
#1452 = CARTESIAN_POINT ( 'NONE',  ( -64.53922779133769438, -124.1933587225332900, -26.27204461021825921 ) ) ;
#1453 = CARTESIAN_POINT ( 'NONE',  ( -0.2306398371845826689, -48.35746261589089556, -30.47028625203978081 ) ) ;
#1454 = CARTESIAN_POINT ( 'NONE',  ( -54.23878192225610917, -86.86482330266098018, -29.89374623766644490 ) ) ;
#1455 = CARTESIAN_POINT ( 'NONE',  ( -55.63445636425720409, -138.3252646979734948, -27.00382332628833026 ) ) ;
#1456 = CARTESIAN_POINT ( 'NONE',  ( -59.73079202731806703, -122.2863192334875890, -30.11758948677591263 ) ) ;
#1457 = CARTESIAN_POINT ( 'NONE',  ( -60.51839919083654706, -121.5964106181801156, -30.56568073879554248 ) ) ;
#1458 = CARTESIAN_POINT ( 'NONE',  ( -55.41717819466292383, -133.3518016793480570, -28.86316873718684661 ) ) ;
#1459 = CARTESIAN_POINT ( 'NONE',  ( -39.65235130308550282, -81.70950941182719873, -35.84049503477641707 ) ) ;
#1460 = CARTESIAN_POINT ( 'NONE',  ( -60.23323006296995885, -118.1140763848937638, -27.71963908775067509 ) ) ;
#1461 = CARTESIAN_POINT ( 'NONE',  ( -59.18260506027402101, -134.7591514496154161, -26.34959991466601537 ) ) ;
#1462 = CARTESIAN_POINT ( 'NONE',  ( -60.75479250443316914, -120.5064201041689529, -30.52032403715741538 ) ) ;
#1463 = CARTESIAN_POINT ( 'NONE',  ( -11.37055730161103995, -56.17386805962895124, -33.23838577611441991 ) ) ;
#1464 = CARTESIAN_POINT ( 'NONE',  ( -66.44911059754383587, -107.0226903994008580, -27.16416248018846602 ) ) ;
#1465 = CARTESIAN_POINT ( 'NONE',  ( -27.98696476498131602, -72.84316274449828654, -31.19192234976564393 ) ) ;
#1466 = CARTESIAN_POINT ( 'NONE',  ( -57.49343568292481166, -131.0728212136641559, -31.27453673042651516 ) ) ;
#1467 = CARTESIAN_POINT ( 'NONE',  ( -59.04803171138674145, -124.6988160312899225, -27.25967172527222715 ) ) ;
#1468 = CARTESIAN_POINT ( 'NONE',  ( -41.25491725948780442, -83.80116803090234612, -34.44517333811350568 ) ) ;
#1469 = CARTESIAN_POINT ( 'NONE',  ( -57.20232115292554198, -129.9752675874707961, -27.70128393458647409 ) ) ;
#1470 = CARTESIAN_POINT ( 'NONE',  ( -41.25145732452210012, -81.69468466883597557, -36.23682275244527773 ) ) ;
#1471 = CARTESIAN_POINT ( 'NONE',  ( -54.09788631337072928, -85.79790991125352662, -32.24733107112178487 ) ) ;
#1472 = CARTESIAN_POINT ( 'NONE',  ( -52.24979390533668777, -85.79359318830771031, -29.83020828803244839 ) ) ;
#1473 = CARTESIAN_POINT ( 'NONE',  ( -48.16660094658405455, -88.73368359361560920, -33.78417292470939515 ) ) ;
#1474 = CARTESIAN_POINT ( 'NONE',  ( 0.03378377448597742749, -45.15475154455755558, -30.08121764860482017 ) ) ;
#1475 = CARTESIAN_POINT ( 'NONE',  ( -6.564505802586487526, -58.76772508669134254, -29.27073792178232381 ) ) ;
#1476 = CARTESIAN_POINT ( 'NONE',  ( 1.710121537982443041, -8.892748279483868146, -10.82075362368664706 ) ) ;
#1477 = CARTESIAN_POINT ( 'NONE',  ( -51.60776756588683156, -88.43997845052098228, -34.78271802193950890 ) ) ;
#1478 = CARTESIAN_POINT ( 'NONE',  ( -67.10689868149711401, -111.9569615332530219, -29.02853549750038198 ) ) ;
#1479 = CARTESIAN_POINT ( 'NONE',  ( -65.36118921096658596, -116.7000410715436800, -30.73751258946765930 ) ) ;
#1480 = CARTESIAN_POINT ( 'NONE',  ( -4.325289788438322347, -50.47042708091675678, -32.21288484819056208 ) ) ;
#1481 = CARTESIAN_POINT ( 'NONE',  ( -51.88858546962517693, -143.5828977422828245, -28.20737724850411254 ) ) ;
#1482 = CARTESIAN_POINT ( 'NONE',  ( 2.109912597246587307, -34.10707355582061950, -19.91107852480381979 ) ) ;
#1483 = CARTESIAN_POINT ( 'NONE',  ( -50.63832280442554179, -147.3670775528458421, -28.35140333938803181 ) ) ;
#1484 = CARTESIAN_POINT ( 'NONE',  ( -53.21876190956345454, -140.2856200718626951, -32.42038129022523663 ) ) ;
#1485 = CARTESIAN_POINT ( 'NONE',  ( -53.65639746866686011, -87.19745008549560339, -29.36450034130463038 ) ) ;
#1486 = CARTESIAN_POINT ( 'NONE',  ( -65.37813846506215043, -120.6466893583522619, -26.17308654945135871 ) ) ;
#1487 = CARTESIAN_POINT ( 'NONE',  ( 1.848100077690878251, -29.04249058935402772, -24.79795228918267824 ) ) ;
#1488 = CARTESIAN_POINT ( 'NONE',  ( -48.53923140087510291, -81.82835320937959978, -32.03077015212912215 ) ) ;
#1489 = CARTESIAN_POINT ( 'NONE',  ( -50.05890197983859480, -143.8358487843250373, -30.35083407108800202 ) ) ;
#1490 = CARTESIAN_POINT ( 'NONE',  ( -64.60671798716059300, -110.4286528636169606, -31.27322479258215537 ) ) ;
#1491 = CARTESIAN_POINT ( 'NONE',  ( -60.58822871053268244, -115.2530001091628691, -27.67431864435089750 ) ) ;
#1492 = CARTESIAN_POINT ( 'NONE',  ( -11.27474163358138171, -55.76690171280686315, -30.67515697544266118 ) ) ;
#1493 = CARTESIAN_POINT ( 'NONE',  ( -61.56191902716956577, -113.7418098325048987, -30.42957054661943772 ) ) ;
#1494 = CARTESIAN_POINT ( 'NONE',  ( -6.820580134701287101, -51.59362469740785428, -31.95418729282992132 ) ) ;
#1495 = CARTESIAN_POINT ( 'NONE',  ( -58.50986845232626621, -90.29171977850333519, -30.08825233469508120 ) ) ;
#1496 = CARTESIAN_POINT ( 'NONE',  ( -61.35281174289905692, -109.3513316181883255, -30.56807692383233643 ) ) ;
#1497 = CARTESIAN_POINT ( 'NONE',  ( -59.21482941829359703, -124.1409100896528201, -27.22200081387934034 ) ) ;
#1498 = DIRECTION ( 'NONE',  ( 0.3364722870408901056, 0.6738056721971000806, -0.6578543274680854758 ) ) ;
#1499 = CARTESIAN_POINT ( 'NONE',  ( -50.10356569966077700, -144.3924396771875251, -29.62560954218143650 ) ) ;
#1500 = CARTESIAN_POINT ( 'NONE',  ( -6.047362547392184595, -58.62288262574664799, -30.01675119488008292 ) ) ;
#1501 = CARTESIAN_POINT ( 'NONE',  ( -55.73146385474857567, -133.4596150369784482, -28.07659464761813695 ) ) ;
#1502 = CARTESIAN_POINT ( 'NONE',  ( -64.07305813806408423, -103.4229121547615051, -31.57595525741218978 ) ) ;
#1503 = CARTESIAN_POINT ( 'NONE',  ( -65.65227330821062424, -102.3687468313090250, -28.42971713874355544 ) ) ;
#1504 = CARTESIAN_POINT ( 'NONE',  ( -55.27864166005829816, -88.90236734442541433, -28.87487286436648404 ) ) ;
#1505 = CARTESIAN_POINT ( 'NONE',  ( -53.50570193852533407, -93.18240220483475866, -33.11454420387685360 ) ) ;
#1506 = CARTESIAN_POINT ( 'NONE',  ( -38.60983006455790445, -75.88023704001186331, -36.37141227816680811 ) ) ;
#1507 = CARTESIAN_POINT ( 'NONE',  ( -39.15075878098134154, -82.88556980608949232, -33.59203053839829778 ) ) ;
#1508 = CARTESIAN_POINT ( 'NONE',  ( -2.503928869255120482, -51.46617979760103623, -25.79711265035524548 ) ) ;
#1509 = CARTESIAN_POINT ( 'NONE',  ( -61.75624113192433384, -100.0834076836350732, -32.34366695045827811 ) ) ;
#1510 = CARTESIAN_POINT ( 'NONE',  ( -54.19018360103068233, -86.61077067688907505, -33.46756350629592447 ) ) ;
#1511 = CARTESIAN_POINT ( 'NONE',  ( -60.89499977431565014, -133.2786620094966850, -31.50171900583568885 ) ) ;
#1512 = CARTESIAN_POINT ( 'NONE',  ( -65.99571514349500490, -104.6478823008691990, -27.40695405715515420 ) ) ;
#1513 = CARTESIAN_POINT ( 'NONE',  ( -0.4741516924378285092, -8.637248814757022330, -7.038785114618374195 ) ) ;
#1514 = CARTESIAN_POINT ( 'NONE',  ( -49.39110403693552342, -145.1372403947524106, -32.07846897157890709 ) ) ;
#1515 = CARTESIAN_POINT ( 'NONE',  ( -2.133256291359748147, -15.91731895611935776, -12.99713178681386871 ) ) ;
#1516 = PERSON_AND_ORGANIZATION ( #7082, #1896 ) ;
#1517 = CARTESIAN_POINT ( 'NONE',  ( -51.17378769109165404, -144.0485832564666566, -32.99646750477490542 ) ) ;
#1518 = CARTESIAN_POINT ( 'NONE',  ( -40.38380733331459993, -79.46965245838187286, -36.83292804535822285 ) ) ;
#1519 = CARTESIAN_POINT ( 'NONE',  ( -32.18816393692122091, -71.36591467610041661, -33.37860336716958187 ) ) ;
#1520 = CARTESIAN_POINT ( 'NONE',  ( -55.73595105038553754, -144.8143474752372697, -28.22022620908733970 ) ) ;
#1521 = CARTESIAN_POINT ( 'NONE',  ( -1.711791920378275655, -12.15826306332705187, -17.40156321520401406 ) ) ;
#1522 = CARTESIAN_POINT ( 'NONE',  ( -65.38468834373234984, -117.0037319994325316, -25.66007620528252531 ) ) ;
#1523 = CARTESIAN_POINT ( 'NONE',  ( -61.88647875870221071, -134.5924972468655199, -28.13882118779384456 ) ) ;
#1524 = CARTESIAN_POINT ( 'NONE',  ( -55.89417881269278610, -94.58515771600963262, -33.23405115357771678 ) ) ;
#1525 = CARTESIAN_POINT ( 'NONE',  ( -47.57563167888157807, -148.0414873222192398, -31.07498101108400945 ) ) ;
#1526 = CARTESIAN_POINT ( 'NONE',  ( -53.39283331960344015, -89.86094605955189252, -34.43590102855724666 ) ) ;
#1527 = CARTESIAN_POINT ( 'NONE',  ( -49.41376836557159891, -144.9552304164746772, -30.53764826088382023 ) ) ;
#1528 = CARTESIAN_POINT ( 'NONE',  ( -52.63969224177910178, -147.2831356817473818, -28.01482920346988337 ) ) ;
#1529 = CARTESIAN_POINT ( 'NONE',  ( -46.89858257642931960, -151.2357227523066570, -34.24057133013825904 ) ) ;
#1530 = CARTESIAN_POINT ( 'NONE',  ( -60.91609129164020686, -95.04406294712238434, -27.85723043724846448 ) ) ;
#1531 = CARTESIAN_POINT ( 'NONE',  ( -48.20739942161296909, -81.40613986410851055, -33.61390238308654688 ) ) ;
#1532 = CARTESIAN_POINT ( 'NONE',  ( -61.32628382633468789, -109.1442621064847174, -30.57881597031907717 ) ) ;
#1533 = CARTESIAN_POINT ( 'NONE',  ( -60.49248151659588757, -106.3014029655108743, -27.21239069467508642 ) ) ;
#1534 = CARTESIAN_POINT ( 'NONE',  ( -48.89008968901115537, -147.9786151506913825, -33.65626626535750177 ) ) ;
#1535 = CARTESIAN_POINT ( 'NONE',  ( 3.088562009322827873, -24.80836361453397743, -17.83647515642584835 ) ) ;
#1536 = CARTESIAN_POINT ( 'NONE',  ( 1.696456640980666730, -2.899737436731891993, 0.000000000000000000 ) ) ;
#1537 = CARTESIAN_POINT ( 'NONE',  ( -60.49097848563089030, -127.1545532837229615, -31.59737449267196396 ) ) ;
#1538 = CARTESIAN_POINT ( 'NONE',  ( 0.6743264109013701324, -5.523457966535427310, -4.053383622843329093 ) ) ;
#1539 = CARTESIAN_POINT ( 'NONE',  ( -65.07348536409998019, -107.3784756258444020, -31.16260679216982510 ) ) ;
#1540 = CARTESIAN_POINT ( 'NONE',  ( -66.75346282600253289, -107.0827713704031794, -27.89449447214694544 ) ) ;
#1541 = CARTESIAN_POINT ( 'NONE',  ( -61.88591040340657656, -98.31356897502747927, -26.89083657733156940 ) ) ;
#1542 = CARTESIAN_POINT ( 'NONE',  ( -62.14683119285402313, -114.1430896772709076, -30.92943528975870393 ) ) ;
#1543 = CARTESIAN_POINT ( 'NONE',  ( -3.412645072221606402, -50.52848140102282315, -32.19506139137410372 ) ) ;
#1544 = CARTESIAN_POINT ( 'NONE',  ( -53.50570193852533407, -93.18240220483475866, -33.11454420387685360 ) ) ;
#1545 = APPROVAL_PERSON_ORGANIZATION ( #226, #4491, #1170 ) ;
#1546 = CARTESIAN_POINT ( 'NONE',  ( -4.690709273465678564, -55.21024827957251091, -27.29233437403962270 ) ) ;
#1547 = CARTESIAN_POINT ( 'NONE',  ( -33.35318231759696772, -77.99004949173780687, -36.32925965823501002 ) ) ;
#1548 = CARTESIAN_POINT ( 'NONE',  ( -46.63108578425769934, -81.86343809471804889, -35.53874218178786037 ) ) ;
#1549 = CARTESIAN_POINT ( 'NONE',  ( -2.285845437225986654, -0.8542938628527739775, -7.141698432572590960 ) ) ;
#1550 = CARTESIAN_POINT ( 'NONE',  ( -65.08618012156598809, -124.4434611487645128, -26.76277187528076240 ) ) ;
#1551 = CARTESIAN_POINT ( 'NONE',  ( 2.891187065401338518, -29.66861087033753464, -18.84787788202013559 ) ) ;
#1552 = PERSON_AND_ORGANIZATION_ROLE ( 'design_supplier' ) ;
#1553 = CARTESIAN_POINT ( 'NONE',  ( -51.31758783062835505, -143.7923858117736415, -32.95533384305549873 ) ) ;
#1554 = CARTESIAN_POINT ( 'NONE',  ( -63.93701601138870672, -99.57404457512566864, -31.07619188742257421 ) ) ;
#1555 = CARTESIAN_POINT ( 'NONE',  ( -29.37007254703887682, -69.65608167270256956, -33.35984991531426402 ) ) ;
#1556 = CARTESIAN_POINT ( 'NONE',  ( 3.318104196223289115, -29.10726478316374966, -19.30596935213463183 ) ) ;
#1557 = CARTESIAN_POINT ( 'NONE',  ( -60.36416656090448640, -132.3932942146800542, -31.83541677148800986 ) ) ;
#1558 = CARTESIAN_POINT ( 'NONE',  ( -53.52162132780171788, -147.4507970551125311, -28.19322953466721060 ) ) ;
#1559 = CARTESIAN_POINT ( 'NONE',  ( -66.49410113531827449, -105.6273152492113496, -28.03848851108526929 ) ) ;
#1560 = CARTESIAN_POINT ( 'NONE',  ( -58.48250266020923505, -97.83265313370682748, -32.65724083732503402 ) ) ;
#1561 = CARTESIAN_POINT ( 'NONE',  ( -55.00827064632287744, -96.14949563763792639, -31.40193720698159652 ) ) ;
#1562 = CARTESIAN_POINT ( 'NONE',  ( -1.114471590866594974, -43.90056761600899904, -22.93990833005600649 ) ) ;
#1563 = CARTESIAN_POINT ( 'NONE',  ( -63.07733407066745457, -103.1792695031411995, -31.91527960682787679 ) ) ;
#1564 = CARTESIAN_POINT ( 'NONE',  ( 1.497867253144070654, -6.219644412899853592, -6.405563836637056419 ) ) ;
#1565 = CARTESIAN_POINT ( 'NONE',  ( -2.817618978075874026, -16.89167643372736549, -14.45283854013178448 ) ) ;
#1566 = CARTESIAN_POINT ( 'NONE',  ( 1.565251567432894619, -39.42341263967245624, -21.52538410945341951 ) ) ;
#1567 = CARTESIAN_POINT ( 'NONE',  ( -26.73270662336555503, -67.67516162717043926, -34.17788222798123599 ) ) ;
#1568 = CARTESIAN_POINT ( 'NONE',  ( -66.62834153367427348, -109.8406322194293097, -29.90211528769010130 ) ) ;
#1569 = CARTESIAN_POINT ( 'NONE',  ( -59.99346552335370575, -92.13416695697169700, -29.62856898783222448 ) ) ;
#1570 = CARTESIAN_POINT ( 'NONE',  ( -58.93975159105894335, -101.3454172826669719, -27.67288230045090458 ) ) ;
#1571 = CARTESIAN_POINT ( 'NONE',  ( -51.60142456852591408, -143.2825780900260781, -32.87432379008828320 ) ) ;
#1572 = PRODUCT_DEFINITION_SHAPE ( 'NONE', 'NONE',  #2950 ) ;
#1573 = CARTESIAN_POINT ( 'NONE',  ( 1.673623813704373742, -5.999276855022205091, -8.335770379922569973 ) ) ;
#1574 = CARTESIAN_POINT ( 'NONE',  ( 0.3794512676195773149, -7.494094323522881851, -6.282991035421151338 ) ) ;
#1575 = CARTESIAN_POINT ( 'NONE',  ( -62.30076983024657977, -106.5627922135186054, -31.57379280126362175 ) ) ;
#1576 = CARTESIAN_POINT ( 'NONE',  ( -49.89262123289363160, -144.7571719457651795, -29.68613707437511806 ) ) ;
#1577 = CARTESIAN_POINT ( 'NONE',  ( -35.23662920868389392, -78.29828974040573542, -36.78784245961414712 ) ) ;
#1578 = CARTESIAN_POINT ( 'NONE',  ( -67.12935689017248819, -111.1374654864323901, -27.59169434306998525 ) ) ;
#1579 = CARTESIAN_POINT ( 'NONE',  ( -61.86490892221308968, -108.7689611850095019, -31.12005814395849868 ) ) ;
#1580 = CARTESIAN_POINT ( 'NONE',  ( 0.02389430837998837362, -28.45591245394051327, -24.62347007412891031 ) ) ;
#1581 = CARTESIAN_POINT ( 'NONE',  ( -51.93975544381812881, -91.73628627191538953, -33.38498171543400872 ) ) ;
#1582 = CARTESIAN_POINT ( 'NONE',  ( 1.948147417196587572, -16.66877764700289077, -14.47398868688976670 ) ) ;
#1583 = CARTESIAN_POINT ( 'NONE',  ( -48.68614126625292471, -86.46864244753651008, -35.21170042188420268 ) ) ;
#1584 = CARTESIAN_POINT ( 'NONE',  ( -37.25381266517391055, -76.62856799182952727, -37.17450632607913974 ) ) ;
#1585 = APPLICATION_CONTEXT ( 'configuration controlled 3d designs of mechanical parts and assemblies' ) ;
#1586 = CARTESIAN_POINT ( 'NONE',  ( -59.25540769231037075, -137.0468218148977257, -31.88836409628968127 ) ) ;
#1587 = CARTESIAN_POINT ( 'NONE',  ( -2.155035895536987489, -9.599014911945854323, -8.075418215478585182 ) ) ;
#1588 = CARTESIAN_POINT ( 'NONE',  ( -62.79923258863086488, -131.3977124081455656, -27.16238034408139868 ) ) ;
#1589 = CARTESIAN_POINT ( 'NONE',  ( 1.659618579944038608, -17.33242563568054351, -14.05812164856632229 ) ) ;
#1590 = CARTESIAN_POINT ( 'NONE',  ( -2.155035895536987489, -9.599014911945854323, -8.075418215478585182 ) ) ;
#1591 = CARTESIAN_POINT ( 'NONE',  ( -40.73958719675338358, -79.66648151051823845, -36.78331042271254603 ) ) ;
#1592 = CARTESIAN_POINT ( 'NONE',  ( -39.92783565588601391, -76.01232260546271391, -33.14876739399132077 ) ) ;
#1593 = CARTESIAN_POINT ( 'NONE',  ( -11.22933719298864297, -63.17736387765427253, -30.71687205258428932 ) ) ;
#1594 = CARTESIAN_POINT ( 'NONE',  ( -59.60374779526415523, -134.2303249701998311, -32.01501538401259950 ) ) ;
#1595 = CARTESIAN_POINT ( 'NONE',  ( -63.86744154923354699, -124.4137360953718883, -25.79867345556285230 ) ) ;
#1596 = CARTESIAN_POINT ( 'NONE',  ( -65.79229684893147123, -102.8224121805019990, -28.36924215795276183 ) ) ;
#1597 = CARTESIAN_POINT ( 'NONE',  ( 1.702839941814915825, -5.270322012534759182, -7.594367543083801131 ) ) ;
#1598 = CARTESIAN_POINT ( 'NONE',  ( -3.587120436998286532, -50.21412732812521540, -25.12723333941323034 ) ) ;
#1599 = CARTESIAN_POINT ( 'NONE',  ( -59.85589484118926862, -96.85670421371834493, -32.88505509570778429 ) ) ;
#1600 = CARTESIAN_POINT ( 'NONE',  ( -1.961759870680045870, -46.44887874684138040, -23.84052115051113319 ) ) ;
#1601 = CARTESIAN_POINT ( 'NONE',  ( -2.718178410472678053, -19.30482497343089321, -16.17424281599651792 ) ) ;
#1602 = CARTESIAN_POINT ( 'NONE',  ( 2.100834888247755217, -2.593540310255659787, -4.371462200666019982 ) ) ;
#1603 = CARTESIAN_POINT ( 'NONE',  ( -52.50060744012333913, -85.21467938917476204, -30.49088916791127346 ) ) ;
#1604 = CARTESIAN_POINT ( 'NONE',  ( -66.71190145632087365, -114.5401613499357580, -29.67358843687074810 ) ) ;
#1605 = CARTESIAN_POINT ( 'NONE',  ( -55.15909555353835003, -147.0796501968627297, -28.97604217013878625 ) ) ;
#1606 = CARTESIAN_POINT ( 'NONE',  ( -60.53426630236390338, -118.5275899157186643, -26.96060477952357815 ) ) ;
#1607 = CARTESIAN_POINT ( 'NONE',  ( -3.558218010057770719, -14.71183950751714420, -16.70119581510686402 ) ) ;
#1608 = CARTESIAN_POINT ( 'NONE',  ( 1.842968450485628518, -3.885283285774757012, -6.033970271004760022 ) ) ;
#1609 = CARTESIAN_POINT ( 'NONE',  ( -0.05761859713972471153, -35.22121850257220643, -20.51409739595711912 ) ) ;
#1610 = CARTESIAN_POINT ( 'NONE',  ( -50.59781053631895986, -89.70839021302447236, -34.20943567062610668 ) ) ;
#1611 = CARTESIAN_POINT ( 'NONE',  ( -3.902603239516721612, -47.64835795154461096, -25.14232577841153926 ) ) ;
#1612 = CARTESIAN_POINT ( 'NONE',  ( -65.50845606650814545, -111.2108898730455024, -30.89973569460874714 ) ) ;
#1613 = CARTESIAN_POINT ( 'NONE',  ( -66.09331561254983001, -121.7790680785672635, -27.39893741805073191 ) ) ;
#1614 = CARTESIAN_POINT ( 'NONE',  ( -62.11363006332219783, -114.8665995109977445, -30.92210994969713056 ) ) ;
#1615 = CARTESIAN_POINT ( 'NONE',  ( 1.056648692910836740, -42.53328612436505551, -29.19427400745101409 ) ) ;
#1616 = CARTESIAN_POINT ( 'NONE',  ( -62.04493628681458262, -115.8501228700651779, -30.91920939060972628 ) ) ;
#1617 = CARTESIAN_POINT ( 'NONE',  ( -46.14533125387390555, -151.2528030701232353, -33.84518117150332728 ) ) ;
#1618 = CARTESIAN_POINT ( 'NONE',  ( -60.36416656090448640, -132.3932942146800542, -31.83541677148800986 ) ) ;
#1619 = CARTESIAN_POINT ( 'NONE',  ( -66.78513042430834901, -107.8721669526952383, -29.30833014700309747 ) ) ;
#1620 = CARTESIAN_POINT ( 'NONE',  ( -61.48886744749860611, -131.7938944190112238, -31.36802406407863231 ) ) ;
#1621 = CARTESIAN_POINT ( 'NONE',  ( -19.23286869832986667, -64.28635855832146717, -31.23064087481227347 ) ) ;
#1622 = CARTESIAN_POINT ( 'NONE',  ( -66.79382819353229195, -110.5257254111066203, -26.89746255729409796 ) ) ;
#1623 = CARTESIAN_POINT ( 'NONE',  ( 1.709091107348464256, -8.057517581512746219, -9.165822598160419332 ) ) ;
#1624 = CARTESIAN_POINT ( 'NONE',  ( -23.21655511485292323, -68.48058604217204959, -37.22898387319224867 ) ) ;
#1625 = CARTESIAN_POINT ( 'NONE',  ( -64.87458102774556323, -113.0533903083582317, -25.45789977613353017 ) ) ;
#1626 = CARTESIAN_POINT ( 'NONE',  ( -26.34141345240523790, -74.81646049661117104, -33.63183861510302819 ) ) ;
#1627 = CARTESIAN_POINT ( 'NONE',  ( -0.6794532207976778926, -6.373824912456968583, -13.02081455245380504 ) ) ;
#1628 = CARTESIAN_POINT ( 'NONE',  ( -57.63921845123397247, -139.9461964107621554, -27.13258840022196239 ) ) ;
#1629 = CARTESIAN_POINT ( 'NONE',  ( -66.93194318301051737, -116.5568650922314333, -27.39177286015548418 ) ) ;
#1630 = CARTESIAN_POINT ( 'NONE',  ( -52.48055956474593842, -140.3560732788047289, -32.00318734825337685 ) ) ;
#1631 = CARTESIAN_POINT ( 'NONE',  ( -25.16246757791252264, -73.49036719067287038, -32.17409270977648816 ) ) ;
#1632 = CARTESIAN_POINT ( 'NONE',  ( -64.68999520454556773, -114.1438394592993291, -31.12581857252595086 ) ) ;
#1633 = CARTESIAN_POINT ( 'NONE',  ( 1.605628601194072358, -23.37042772799422252, -16.01226563956812754 ) ) ;
#1634 = CARTESIAN_POINT ( 'NONE',  ( -4.733196008036886226, -47.10656131507435873, -28.36490836406174765 ) ) ;
#1635 = CARTESIAN_POINT ( 'NONE',  ( -1.572695112886255409, -49.53390596575697913, -25.05818638599592418 ) ) ;
#1636 = CARTESIAN_POINT ( 'NONE',  ( -65.25022351615037053, -106.4317998095359741, -26.16793680353539386 ) ) ;
#1637 = CARTESIAN_POINT ( 'NONE',  ( -60.16877830871795396, -93.52011983506594106, -32.28406037301832043 ) ) ;
#1638 = CARTESIAN_POINT ( 'NONE',  ( -54.07823677127601059, -148.9299489337723230, -29.25814318702946082 ) ) ;
#1639 = CARTESIAN_POINT ( 'NONE',  ( -60.02044506199475649, -121.0810471757622082, -27.05326737081759347 ) ) ;
#1640 = CARTESIAN_POINT ( 'NONE',  ( -42.28541724175978800, -77.48245552155962912, -34.49486089427855973 ) ) ;
#1641 = CARTESIAN_POINT ( 'NONE',  ( -1.572695112886255409, -49.53390596575697913, -25.05818638599592418 ) ) ;
#1642 = CARTESIAN_POINT ( 'NONE',  ( -29.32998789820898011, -74.62467033694245799, -31.27948042781028448 ) ) ;
#1643 = CARTESIAN_POINT ( 'NONE',  ( 0.3150281351870998781, -8.688014461561918367, -7.430485063512211497 ) ) ;
#1644 = CARTESIAN_POINT ( 'NONE',  ( -65.48694057953736092, -115.0935846257497559, -30.76122877344907991 ) ) ;
#1645 = CARTESIAN_POINT ( 'NONE',  ( -55.81987679182415008, -146.6856439635992331, -29.59814134918258333 ) ) ;
#1646 = CARTESIAN_POINT ( 'NONE',  ( -61.42125385325093845, -120.2771608412069213, -30.99699945261164657 ) ) ;
#1647 = CARTESIAN_POINT ( 'NONE',  ( -51.21261961451024547, -83.60451820891830721, -33.21094193274197437 ) ) ;
#1648 = CARTESIAN_POINT ( 'NONE',  ( -61.23873651404331753, -105.7519953667777344, -31.34042151100014451 ) ) ;
#1649 = CARTESIAN_POINT ( 'NONE',  ( -0.1267058475855101507, -32.78667389079936356, -19.89216093451775791 ) ) ;
#1650 = CARTESIAN_POINT ( 'NONE',  ( -61.57029060021007894, -113.2801837165933705, -30.43654540870454994 ) ) ;
#1651 = CARTESIAN_POINT ( 'NONE',  ( -64.70913558226585849, -112.6228778716100152, -31.17143076897016485 ) ) ;
#1652 = CARTESIAN_POINT ( 'NONE',  ( -66.02021590458215883, -122.1473076544741900, -28.89344506888059172 ) ) ;
#1653 = CARTESIAN_POINT ( 'NONE',  ( -54.98681428903720558, -145.3823794014873272, -32.98383304019213824 ) ) ;
#1654 = CARTESIAN_POINT ( 'NONE',  ( -2.158245940498943582, -10.90728122034184011, -9.195405805194202031 ) ) ;
#1655 = CARTESIAN_POINT ( 'NONE',  ( -66.64046225728532136, -108.5007737613538126, -27.03835836455322905 ) ) ;
#1656 = CARTESIAN_POINT ( 'NONE',  ( -22.03103407112444501, -71.84825229491876541, -32.71352420105220915 ) ) ;
#1657 = CARTESIAN_POINT ( 'NONE',  ( -61.23707308930075044, -124.7105536117318252, -31.43662173582900721 ) ) ;
#1658 = CARTESIAN_POINT ( 'NONE',  ( -56.76877460789438601, -144.4901831262375254, -31.58267229853132463 ) ) ;
#1659 = CARTESIAN_POINT ( 'NONE',  ( -64.28601481380805183, -118.8101167469325077, -25.39427550182871585 ) ) ;
#1660 = CARTESIAN_POINT ( 'NONE',  ( 3.250000000000000444, 0.000000000000000000, 0.000000000000000000 ) ) ;
#1661 = CARTESIAN_POINT ( 'NONE',  ( -54.48357808252696088, -144.6028221137019898, -33.33168463356999922 ) ) ;
#1662 = CARTESIAN_POINT ( 'NONE',  ( -54.56452264555207421, -145.6461361327856139, -27.91739189112217900 ) ) ;
#1663 = CARTESIAN_POINT ( 'NONE',  ( -67.14359654521732068, -111.6616741342618297, -27.56203487575526978 ) ) ;
#1664 = CARTESIAN_POINT ( 'NONE',  ( 1.673623813704373742, -5.999276855022205091, -8.335770379922569973 ) ) ;
#1665 = CARTESIAN_POINT ( 'NONE',  ( 1.238706043298745119, -15.35672461713093284, -12.77476087576982167 ) ) ;
#1666 = CARTESIAN_POINT ( 'NONE',  ( -61.26142658979359368, -103.8766410066151877, -26.37309700082239061 ) ) ;
#1667 = CARTESIAN_POINT ( 'NONE',  ( -8.856819471786772979, -58.64122969862197721, -28.09022816320580063 ) ) ;
#1668 = CARTESIAN_POINT ( 'NONE',  ( -63.09845014499175164, -109.1351285656723178, -25.65821480563958801 ) ) ;
#1669 = FACE_OUTER_BOUND ( 'NONE', #5788, .T. ) ;
#1670 = CARTESIAN_POINT ( 'NONE',  ( -65.69626421120281634, -112.7810227282994333, -25.75533188847246535 ) ) ;
#1671 = CARTESIAN_POINT ( 'NONE',  ( -48.13768289433809144, -83.41985472614783248, -35.39920829119781587 ) ) ;
#1672 = CARTESIAN_POINT ( 'NONE',  ( -64.57308456140638953, -126.2382062371563762, -26.83823912573259918 ) ) ;
#1673 = CARTESIAN_POINT ( 'NONE',  ( -62.27969216253936224, -120.3819407051158379, -25.51799746614218378 ) ) ;
#1674 = CARTESIAN_POINT ( 'NONE',  ( -4.674618299956285306, -49.94457380295185800, -31.71545642947982202 ) ) ;
#1675 = CARTESIAN_POINT ( 'NONE',  ( -24.93038341109856404, -73.90217335551888311, -33.64069239556363300 ) ) ;
#1676 = CARTESIAN_POINT ( 'NONE',  ( -43.39823862504138674, -83.77047396352922703, -30.25246200918596884 ) ) ;
#1677 = CARTESIAN_POINT ( 'NONE',  ( 2.113353638769094101, -15.93141936137689285, -17.40862258896873627 ) ) ;
#1678 = CARTESIAN_POINT ( 'NONE',  ( -49.45108020688371653, -145.5135522277181224, -29.81334174924653624 ) ) ;
#1679 = CARTESIAN_POINT ( 'NONE',  ( -56.80780206448174852, -142.0087155175720284, -32.50502538162106703 ) ) ;
#1680 = CARTESIAN_POINT ( 'NONE',  ( -65.28451404265503299, -125.0408764654146125, -27.49710890156104171 ) ) ;
#1681 = CARTESIAN_POINT ( 'NONE',  ( -61.95037024913146695, -109.4022246257784730, -31.08428768893098493 ) ) ;
#1682 = CARTESIAN_POINT ( 'NONE',  ( -45.63593853974253989, -80.14877165592213260, -35.06678328085272511 ) ) ;
#1683 = CARTESIAN_POINT ( 'NONE',  ( -62.08019090746648772, -110.7007241645487881, -31.02277681957808397 ) ) ;
#1684 = CARTESIAN_POINT ( 'NONE',  ( -50.36858768247917340, -146.2125863381093325, -28.63147284122961267 ) ) ;
#1685 = CARTESIAN_POINT ( 'NONE',  ( -49.34210024599292410, -90.06740852608588455, -32.95530923887648811 ) ) ;
#1686 = CARTESIAN_POINT ( 'NONE',  ( -60.49476647972232968, -132.0656679135351794, -31.80516400844351921 ) ) ;
#1687 = CARTESIAN_POINT ( 'NONE',  ( -65.68265037500297865, -123.5927931300798406, -28.93287704706551366 ) ) ;
#1688 = CARTESIAN_POINT ( 'NONE',  ( -35.08683898549119817, -76.27388776472187715, -37.36698800584294844 ) ) ;
#1689 = CARTESIAN_POINT ( 'NONE',  ( -1.177288292150214799, -28.90368548521250247, -19.33934098478729169 ) ) ;
#1690 = CARTESIAN_POINT ( 'NONE',  ( -66.98208598321923546, -109.6395844784462241, -29.17184557466393002 ) ) ;
#1691 = CARTESIAN_POINT ( 'NONE',  ( -50.67212182672835041, -91.68905975490940818, -32.08626215286651018 ) ) ;
#1692 = CARTESIAN_POINT ( 'NONE',  ( -62.99825035735573664, -113.9488520779244851, -31.20356945282064842 ) ) ;
#1693 = CARTESIAN_POINT ( 'NONE',  ( -62.30708346834840228, -132.8547109027733484, -30.25807354112383862 ) ) ;
#1694 = CARTESIAN_POINT ( 'NONE',  ( -57.23007617729528107, -138.8874493655422953, -26.81929658700780550 ) ) ;
#1695 = CARTESIAN_POINT ( 'NONE',  ( 1.843058965249200654, -38.00164903841910302, -21.12372795113173751 ) ) ;
#1696 = CARTESIAN_POINT ( 'NONE',  ( -0.8124572162031065137, -4.634474125538162070, -11.42451832921413768 ) ) ;
#1697 = CARTESIAN_POINT ( 'NONE',  ( -64.33467359937053232, -122.6376324042594348, -25.73105078668309886 ) ) ;
#1698 = CARTESIAN_POINT ( 'NONE',  ( -1.544916176057905322, -21.95823196864038707, -21.85791873455067957 ) ) ;
#1699 = CARTESIAN_POINT ( 'NONE',  ( 1.718735418670105153, -5.026834033081907904, -7.333806291291304902 ) ) ;
#1700 = CARTESIAN_POINT ( 'NONE',  ( -39.60428898726713243, -82.43904641588086690, -31.26543358470486211 ) ) ;
#1701 = CARTESIAN_POINT ( 'NONE',  ( -8.518633518929682680, -52.84411976646995157, -29.03089300826067287 ) ) ;
#1702 = CARTESIAN_POINT ( 'NONE',  ( -39.60428898726713243, -82.43904641588086690, -31.26543358470486211 ) ) ;
#1703 = CARTESIAN_POINT ( 'NONE',  ( -45.96130262904699748, -81.63368322953486711, -30.61612745768395527 ) ) ;
#1704 = CARTESIAN_POINT ( 'NONE',  ( -60.65955775433595676, -105.7989267972549641, -30.80520253385624230 ) ) ;
#1705 = CARTESIAN_POINT ( 'NONE',  ( -62.65991464756387330, -128.2896218211896553, -26.00705366925206263 ) ) ;
#1706 = CARTESIAN_POINT ( 'NONE',  ( -66.00344126088646135, -105.6995499237076075, -30.25638132270797698 ) ) ;
#1707 = CARTESIAN_POINT ( 'NONE',  ( -66.13466390560681418, -119.8083216809911704, -26.65479948409266697 ) ) ;
#1708 = CARTESIAN_POINT ( 'NONE',  ( -47.76198766247321004, -83.30236470523314551, -30.14333931128139454 ) ) ;
#1709 = CARTESIAN_POINT ( 'NONE',  ( -43.30353305339843928, -78.14785998732151029, -34.30132847460889423 ) ) ;
#1710 = CARTESIAN_POINT ( 'NONE',  ( -42.78815750480438851, -85.19935485074481107, -32.86537392526555834 ) ) ;
#1711 = CARTESIAN_POINT ( 'NONE',  ( -38.99048902329287358, -80.39230936436257480, -30.53688396235761715 ) ) ;
#1712 = CARTESIAN_POINT ( 'NONE',  ( -54.58352716492092327, -140.8598044110653689, -33.09173990421175660 ) ) ;
#1713 = CARTESIAN_POINT ( 'NONE',  ( -46.89514102310879906, -87.09161986088099638, -30.12238613884090910 ) ) ;
#1714 = CARTESIAN_POINT ( 'NONE',  ( -65.43936136015507543, -110.2268363884931688, -30.95592722785020356 ) ) ;
#1715 = CARTESIAN_POINT ( 'NONE',  ( -66.68064333601166993, -118.5482540489632015, -27.37244004070933201 ) ) ;
#1716 = CARTESIAN_POINT ( 'NONE',  ( -48.25046791877655039, -149.7056156978755155, -29.23463701627525424 ) ) ;
#1717 = CARTESIAN_POINT ( 'NONE',  ( -52.48446667260378007, -142.9729882521291415, -33.24589779161109249 ) ) ;
#1718 = CARTESIAN_POINT ( 'NONE',  ( -60.40835446799088970, -92.43522404010010973, -30.31697800688829503 ) ) ;
#1719 = CARTESIAN_POINT ( 'NONE',  ( -53.16965096886232089, -141.7084406411044597, -33.05482567578111741 ) ) ;
#1720 = CARTESIAN_POINT ( 'NONE',  ( -5.359323657324737589, -49.30304362846126054, -26.39345890675253870 ) ) ;
#1721 = CARTESIAN_POINT ( 'NONE',  ( -61.02377362694826246, -107.3287341258695022, -30.68882915466456041 ) ) ;
#1722 = CARTESIAN_POINT ( 'NONE',  ( -60.63334420867644781, -131.7150007832202903, -31.77321458672026466 ) ) ;
#1723 = CARTESIAN_POINT ( 'NONE',  ( -56.37366640420809460, -145.8463849514991466, -30.97099650490049427 ) ) ;
#1724 = CARTESIAN_POINT ( 'NONE',  ( -5.608136734135250379, -56.06904828519773076, -33.26681134112069316 ) ) ;
#1725 = CARTESIAN_POINT ( 'NONE',  ( -44.48088789283592348, -81.39910904831367588, -30.36949700274458053 ) ) ;
#1726 = CARTESIAN_POINT ( 'NONE',  ( -57.67448307168509558, -89.84862514515974397, -32.48746019026374654 ) ) ;
#1727 = CARTESIAN_POINT ( 'NONE',  ( -44.87151452916772598, -86.84422553948088819, -32.18329372416739176 ) ) ;
#1728 = CARTESIAN_POINT ( 'NONE',  ( -57.99904322585589256, -133.6931407202183379, -32.19448226536828628 ) ) ;
#1729 = CARTESIAN_POINT ( 'NONE',  ( -57.53443007886594529, -143.0656210326719986, -31.38663143141585365 ) ) ;
#1730 = CARTESIAN_POINT ( 'NONE',  ( -59.08214502294665493, -134.9835685175102356, -26.37318678408652772 ) ) ;
#1731 = CARTESIAN_POINT ( 'NONE',  ( -57.61175656330859596, -98.87602568298966332, -31.58565764765100425 ) ) ;
#1732 = CARTESIAN_POINT ( 'NONE',  ( 4.100869586139075373, -38.07903531439418998, -24.49135549872588413 ) ) ;
#1733 = CARTESIAN_POINT ( 'NONE',  ( -58.67293701497273162, -141.4219456917358286, -28.87866029659061340 ) ) ;
#1734 = CARTESIAN_POINT ( 'NONE',  ( -54.62688204659617242, -136.0868044409585877, -31.40867635736360697 ) ) ;
#1735 = CARTESIAN_POINT ( 'NONE',  ( -59.07833658554539369, -123.3740885739083808, -29.46323804061890783 ) ) ;
#1736 = CARTESIAN_POINT ( 'NONE',  ( -44.48088789283592348, -81.39910904831367588, -30.36949700274458053 ) ) ;
#1737 = CARTESIAN_POINT ( 'NONE',  ( -23.54593024378760546, -72.40567637665041900, -32.11933732237165628 ) ) ;
#1738 = CARTESIAN_POINT ( 'NONE',  ( -38.12337628740599627, -76.01528683299562772, -31.77539564709829634 ) ) ;
#1739 = CARTESIAN_POINT ( 'NONE',  ( -7.269039233191703531, -58.77232602080396617, -28.78761968322074338 ) ) ;
#1740 = CARTESIAN_POINT ( 'NONE',  ( -65.69578648747975080, -111.2591086686943527, -25.82404118006150995 ) ) ;
#1741 = CARTESIAN_POINT ( 'NONE',  ( -65.43162858819087546, -104.6016035671109279, -26.88325741294821469 ) ) ;
#1742 = CARTESIAN_POINT ( 'NONE',  ( -66.11863472026773536, -119.9049230531995534, -29.61814101413381195 ) ) ;
#1743 = CARTESIAN_POINT ( 'NONE',  ( -65.65644589640767492, -122.1611660469794742, -26.69117979434872368 ) ) ;
#1744 = CARTESIAN_POINT ( 'NONE',  ( -61.57029060021007894, -113.2801837165933705, -30.43654540870454994 ) ) ;
#1745 = CARTESIAN_POINT ( 'NONE',  ( -63.21609491907801015, -111.8735983642909559, -25.53229106634264411 ) ) ;
#1746 = CARTESIAN_POINT ( 'NONE',  ( -49.67879395762370365, -82.58417638036758035, -32.33208710902464844 ) ) ;
#1747 = CARTESIAN_POINT ( 'NONE',  ( -60.75661415785221919, -106.1669922064733811, -30.77537643113175392 ) ) ;
#1748 = CARTESIAN_POINT ( 'NONE',  ( -5.748041057153005617, -51.22565624521863015, -26.24621561231706579 ) ) ;
#1749 = CARTESIAN_POINT ( 'NONE',  ( -53.15579875357452977, -143.5246394113015924, -33.48333980502275153 ) ) ;
#1750 = CARTESIAN_POINT ( 'NONE',  ( -59.16048210799051077, -103.2337144161231492, -28.21938686283817788 ) ) ;
#1751 = CARTESIAN_POINT ( 'NONE',  ( -65.55232449207181844, -113.2389301459837014, -30.81147882367595514 ) ) ;
#1752 = CARTESIAN_POINT ( 'NONE',  ( -61.78610574438275904, -134.8266031348299805, -28.16063337591735660 ) ) ;
#1753 = CARTESIAN_POINT ( 'NONE',  ( -55.81737673312424164, -136.0618750179153835, -27.15385131830917942 ) ) ;
#1754 = CARTESIAN_POINT ( 'NONE',  ( -51.48269102683924103, -144.7741700627956618, -33.52928666596429963 ) ) ;
#1755 = CARTESIAN_POINT ( 'NONE',  ( -51.48269102683924103, -144.7741700627956618, -33.52928666596429963 ) ) ;
#1756 = COORDINATED_UNIVERSAL_TIME_OFFSET ( 8, 0, .AHEAD. ) ;
#1757 = CARTESIAN_POINT ( 'NONE',  ( -41.66782721368436881, -81.24089882900997850, -30.24443567767780650 ) ) ;
#1758 = CARTESIAN_POINT ( 'NONE',  ( -42.78815750480438851, -85.19935485074481107, -32.86537392526555834 ) ) ;
#1759 = CARTESIAN_POINT ( 'NONE',  ( -62.66185227800500002, -125.8692599994159167, -31.33806457534669931 ) ) ;
#1760 = CARTESIAN_POINT ( 'NONE',  ( -66.82033010058724187, -117.4444453843848208, -28.86350891449605882 ) ) ;
#1761 = CARTESIAN_POINT ( 'NONE',  ( 3.318878391037474618, -40.93987861220698221, -26.99043086308236994 ) ) ;
#1762 = CARTESIAN_POINT ( 'NONE',  ( -58.37551715284782006, -97.19520338174928042, -27.25066712445079631 ) ) ;
#1763 = CARTESIAN_POINT ( 'NONE',  ( 2.236676254449136536, -16.00512965832523804, -14.88985572521321465 ) ) ;
#1764 = CARTESIAN_POINT ( 'NONE',  ( -66.45037855483391809, -105.9300847714360572, -29.49165033386963941 ) ) ;
#1765 = CARTESIAN_POINT ( 'NONE',  ( -42.97649622573916162, -85.38320632000694843, -32.07058924840286096 ) ) ;
#1766 = CARTESIAN_POINT ( 'NONE',  ( -59.75582522806627850, -129.2682947327198235, -31.76584704747422450 ) ) ;
#1767 = CARTESIAN_POINT ( 'NONE',  ( -66.30452015368669549, -118.7407973140460200, -29.61235256533366211 ) ) ;
#1768 = CARTESIAN_POINT ( 'NONE',  ( -2.780799368155549178, -42.49575518994167567, -26.84920493197482116 ) ) ;
#1769 = CARTESIAN_POINT ( 'NONE',  ( -60.75661415785221919, -106.1669922064733811, -30.77537643113175392 ) ) ;
#1770 = CARTESIAN_POINT ( 'NONE',  ( -41.63589959561900145, -81.89085689119319511, -36.19923004997696836 ) ) ;
#1771 = CARTESIAN_POINT ( 'NONE',  ( -4.700994097209372669, -6.906449461435819615, -10.89743850323234753 ) ) ;
#1772 = CARTESIAN_POINT ( 'NONE',  ( -48.16101755029993114, -89.12711092234090415, -33.02798268584679420 ) ) ;
#1773 = CARTESIAN_POINT ( 'NONE',  ( -60.63853206241179095, -112.0340131827042711, -29.21137744726421559 ) ) ;
#1774 = CARTESIAN_POINT ( 'NONE',  ( -47.18975713355110457, -83.91488474481464266, -29.82766193328510695 ) ) ;
#1775 = CARTESIAN_POINT ( 'NONE',  ( -39.28248000041681109, -82.21560546858782459, -31.27690929933066855 ) ) ;
#1776 = CARTESIAN_POINT ( 'NONE',  ( -33.90758258507904799, -73.56861330571079804, -31.97386854317544547 ) ) ;
#1777 = CARTESIAN_POINT ( 'NONE',  ( -39.42733400967401991, -82.96227803364175202, -32.78646762902150158 ) ) ;
#1778 = CARTESIAN_POINT ( 'NONE',  ( -63.63374571778157929, -125.2333735140720421, -25.83594164239225321 ) ) ;
#1779 = CARTESIAN_POINT ( 'NONE',  ( -56.80169239630681943, -88.97672618424005009, -29.85530774511922658 ) ) ;
#1780 = CARTESIAN_POINT ( 'NONE',  ( -64.37458136697169664, -127.0756140952837825, -29.84679166520274762 ) ) ;
#1781 = CARTESIAN_POINT ( 'NONE',  ( -0.5158661465942298019, -37.91827946443445541, -27.35401584288119992 ) ) ;
#1782 = CARTESIAN_POINT ( 'NONE',  ( -61.85637681267907340, -102.8086872341949487, -26.19938202054191834 ) ) ;
#1783 = CARTESIAN_POINT ( 'NONE',  ( -44.87151452916772598, -86.84422553948088819, -32.18329372416739176 ) ) ;
#1784 = CARTESIAN_POINT ( 'NONE',  ( -61.52410934812351684, -111.2673798840779540, -30.48765543433696479 ) ) ;
#1785 = CARTESIAN_POINT ( 'NONE',  ( -50.11917527198771438, -90.37405130771968231, -29.89364964552530068 ) ) ;
#1786 = CARTESIAN_POINT ( 'NONE',  ( -56.07193220685182666, -137.9112865191673336, -32.69274637153284147 ) ) ;
#1787 = CARTESIAN_POINT ( 'NONE',  ( -9.601530542429719262, -57.03487425852893722, -27.98453539296124504 ) ) ;
#1788 = CARTESIAN_POINT ( 'NONE',  ( -2.464100550664349853, -4.896371104626210169, -11.84218122688388775 ) ) ;
#1789 = CARTESIAN_POINT ( 'NONE',  ( -28.58275582800256487, -68.98766369652936703, -35.72143395075171668 ) ) ;
#1790 = CARTESIAN_POINT ( 'NONE',  ( -56.88515238572567512, -133.7494781093182610, -26.88167240889120890 ) ) ;
#1791 = CARTESIAN_POINT ( 'NONE',  ( -53.16965096886232089, -141.7084406411044597, -33.05482567578111741 ) ) ;
#1792 = CARTESIAN_POINT ( 'NONE',  ( -56.28738367078971550, -131.4231936681625541, -30.15451507913824614 ) ) ;
#1793 = CARTESIAN_POINT ( 'NONE',  ( -52.96662283539987470, -142.0859803174469675, -33.11121148964807759 ) ) ;
#1794 = CARTESIAN_POINT ( 'NONE',  ( -59.67560193320888828, -103.3180503427101371, -27.46685708357326661 ) ) ;
#1795 = CARTESIAN_POINT ( 'NONE',  ( -61.35281174289905692, -109.3513316181883255, -30.56807692383233643 ) ) ;
#1796 = CARTESIAN_POINT ( 'NONE',  ( -55.19243896958107598, -143.3024100457971031, -33.14142951538646287 ) ) ;
#1797 = CARTESIAN_POINT ( 'NONE',  ( -62.05667660209885383, -134.3074255174935843, -29.60306682550937296 ) ) ;
#1798 = CARTESIAN_POINT ( 'NONE',  ( -49.67308850615075499, -86.53178303615632672, -29.25107695942488562 ) ) ;
#1799 = CARTESIAN_POINT ( 'NONE',  ( -46.63108578425769934, -81.86343809471804889, -35.53874218178786037 ) ) ;
#1800 = CARTESIAN_POINT ( 'NONE',  ( -52.22745759370422292, -93.14073880983431764, -31.87879181892167679 ) ) ;
#1801 = CARTESIAN_POINT ( 'NONE',  ( -62.98987933543826045, -111.8005248206506224, -31.26164677458862684 ) ) ;
#1802 = CARTESIAN_POINT ( 'NONE',  ( -61.88258223431988370, -133.8952563531174462, -30.35020717680156821 ) ) ;
#1803 = CARTESIAN_POINT ( 'NONE',  ( -52.63969224177910178, -147.2831356817473818, -28.01482920346988337 ) ) ;
#1804 = CARTESIAN_POINT ( 'NONE',  ( -50.19852918985458956, -90.77090412297214073, -32.87937904907305153 ) ) ;
#1805 = CARTESIAN_POINT ( 'NONE',  ( -44.63325090955684260, -83.35989247946292835, -35.89526983579492736 ) ) ;
#1806 = CARTESIAN_POINT ( 'NONE',  ( -55.75298153081834585, -146.8030085923711852, -29.61518703785390727 ) ) ;
#1807 = CARTESIAN_POINT ( 'NONE',  ( -41.78307874800636057, -84.51684667825404063, -32.82425114909919017 ) ) ;
#1808 = CARTESIAN_POINT ( 'NONE',  ( -60.62251564164252216, -114.0117732136613142, -29.18452074670177154 ) ) ;
#1809 = CARTESIAN_POINT ( 'NONE',  ( -54.54659249953044764, -91.91919124416760667, -28.16012253733449811 ) ) ;
#1810 = CARTESIAN_POINT ( 'NONE',  ( -46.72086870768045941, -88.18592167671137361, -31.41807341444886248 ) ) ;
#1811 = CARTESIAN_POINT ( 'NONE',  ( -61.85637681267907340, -102.8086872341949487, -26.19938202054191834 ) ) ;
#1812 = CARTESIAN_POINT ( 'NONE',  ( -48.46630464961774720, -89.36676472452778341, -33.01274225466612222 ) ) ;
#1813 = CARTESIAN_POINT ( 'NONE',  ( -1.499295839812236020, -31.98579347520002258, -23.49567629517811085 ) ) ;
#1814 = CARTESIAN_POINT ( 'NONE',  ( -65.95122954242272328, -107.4277566752282524, -26.60564550349531032 ) ) ;
#1815 = CARTESIAN_POINT ( 'NONE',  ( -59.09369957743410140, -140.0273016550189311, -30.99757550570553022 ) ) ;
#1816 = CARTESIAN_POINT ( 'NONE',  ( -3.959223399280716649, -2.430763518862291583, -2.967620270720083386 ) ) ;
#1817 = CARTESIAN_POINT ( 'NONE',  ( -60.51251822242650036, -99.28951789502613678, -26.66302231893863350 ) ) ;
#1818 = CARTESIAN_POINT ( 'NONE',  ( -46.39588102061529895, -88.06825878933493357, -32.25649113312748995 ) ) ;
#1819 = CARTESIAN_POINT ( 'NONE',  ( -45.39306526300990186, -87.04145164724526751, -32.99888317346170652 ) ) ;
#1820 = CARTESIAN_POINT ( 'NONE',  ( -48.52810427115627334, -88.75961805681131978, -30.03548625724362608 ) ) ;
#1821 = CARTESIAN_POINT ( 'NONE',  ( -58.56646083907140365, -132.3373729573737307, -32.05251321722441560 ) ) ;
#1822 = CARTESIAN_POINT ( 'NONE',  ( -24.92635875643960119, -71.83991006576231086, -31.31103321652992832 ) ) ;
#1823 = CARTESIAN_POINT ( 'NONE',  ( -1.227753688392341003, -31.47095625703756738, -24.17023834799280380 ) ) ;
#1824 = CARTESIAN_POINT ( 'NONE',  ( -0.9409335103505067632, -11.77067087540910961, -17.15836020095245118 ) ) ;
#1825 = CARTESIAN_POINT ( 'NONE',  ( -1.279495942448860779, -24.83765680833008105, -22.90867115751669303 ) ) ;
#1826 = CARTESIAN_POINT ( 'NONE',  ( -60.11547477381255788, -125.2973301435460201, -26.12557719992597782 ) ) ;
#1827 = CARTESIAN_POINT ( 'NONE',  ( 1.275351024205895412, -3.700516750246928055, -8.200886295800502879 ) ) ;
#1828 = CARTESIAN_POINT ( 'NONE',  ( -59.94601018464253883, -103.5902467132876268, -31.01398340952122368 ) ) ;
#1829 = CARTESIAN_POINT ( 'NONE',  ( -50.19216535210134111, -143.7387385597388061, -31.84539442159259437 ) ) ;
#1830 = CARTESIAN_POINT ( 'NONE',  ( -57.81350003528781656, -131.9276029477315717, -31.81438803750869582 ) ) ;
#1831 = CARTESIAN_POINT ( 'NONE',  ( -18.07356868977021236, -65.22354694586663015, -30.48235699609878679 ) ) ;
#1832 = CARTESIAN_POINT ( 'NONE',  ( -51.94442323900564418, -142.6604435476420747, -32.77678077421825265 ) ) ;
#1833 = CARTESIAN_POINT ( 'NONE',  ( -0.8252160855716940135, -2.990908567882701430, -9.699808961867098844 ) ) ;
#1834 = CARTESIAN_POINT ( 'NONE',  ( -12.02441771595492348, -58.69532433696829798, -35.16828877833521716 ) ) ;
#1835 = CARTESIAN_POINT ( 'NONE',  ( -1.199236644345931024, -38.28557388179265075, -26.83812849036571890 ) ) ;
#1836 = CARTESIAN_POINT ( 'NONE',  ( -62.35108944076241499, -112.7922063951170912, -25.83174881581878779 ) ) ;
#1837 = CARTESIAN_POINT ( 'NONE',  ( -65.88096705325804692, -103.6093679061597470, -29.75661708310952491 ) ) ;
#1838 = CARTESIAN_POINT ( 'NONE',  ( -58.72417878442016814, -125.8670997017758708, -30.34932901374677527 ) ) ;
#1839 = CARTESIAN_POINT ( 'NONE',  ( -55.59543767613623544, -138.8809781577773492, -32.81920438098863002 ) ) ;
#1840 = CARTESIAN_POINT ( 'NONE',  ( -3.290551540139536879, -3.645498857601530585, -10.11411875440022889 ) ) ;
#1841 = CARTESIAN_POINT ( 'NONE',  ( -8.536075012505399684, -52.59343974699200430, -29.91350604561738180 ) ) ;
#1842 = CARTESIAN_POINT ( 'NONE',  ( -49.34210024599292410, -90.06740852608588455, -32.95530923887648811 ) ) ;
#1843 = CARTESIAN_POINT ( 'NONE',  ( -0.2506356459661153169, -50.76652864909931395, -29.06361008652084266 ) ) ;
#1844 = CARTESIAN_POINT ( 'NONE',  ( -4.679794264049632169, -7.484237764367580148, -11.45410153624984240 ) ) ;
#1845 = CARTESIAN_POINT ( 'NONE',  ( -0.7323226330275242058, -47.57443786557775667, -24.32430771499887001 ) ) ;
#1846 = CARTESIAN_POINT ( 'NONE',  ( -60.47029484180406911, -116.1091585904019041, -29.19015534202997841 ) ) ;
#1847 = CARTESIAN_POINT ( 'NONE',  ( -56.58537496317140381, -134.4152441968207370, -26.95704828043920642 ) ) ;
#1848 = CARTESIAN_POINT ( 'NONE',  ( -57.29549226324409261, -99.74633304095164021, -30.12358689261638744 ) ) ;
#1849 = CARTESIAN_POINT ( 'NONE',  ( -61.90647667759585460, -122.0134544735347362, -25.57483162016147915 ) ) ;
#1850 = CARTESIAN_POINT ( 'NONE',  ( -59.65778475304365713, -124.9046398576358143, -30.75158767709788066 ) ) ;
#1851 = CARTESIAN_POINT ( 'NONE',  ( -19.82531039651499327, -70.38171127267133897, -33.20990639910387188 ) ) ;
#1852 = CARTESIAN_POINT ( 'NONE',  ( -2.632970332943551650, -22.40225366840209986, -19.76052728277563375 ) ) ;
#1853 = CARTESIAN_POINT ( 'NONE',  ( -57.33264842955680507, -89.56363697128108470, -29.69801629391267284 ) ) ;
#1854 = CARTESIAN_POINT ( 'NONE',  ( -65.53810107368124704, -122.7590440438404755, -29.67316609559223295 ) ) ;
#1855 = CARTESIAN_POINT ( 'NONE',  ( -4.616205799065489224, -7.658403290892982440, -9.435995369306422020 ) ) ;
#1856 = CARTESIAN_POINT ( 'NONE',  ( -57.46104617332905207, -134.4946984478114018, -26.54295370662785558 ) ) ;
#1857 = CARTESIAN_POINT ( 'NONE',  ( -19.32721979528019673, -69.84827651604611276, -32.33023371290029502 ) ) ;
#1858 = CARTESIAN_POINT ( 'NONE',  ( -50.19852918985458956, -90.77090412297214073, -32.87937904907305153 ) ) ;
#1859 = CARTESIAN_POINT ( 'NONE',  ( -59.40409674968149289, -103.9364708613419026, -28.15305236386620535 ) ) ;
#1860 = CARTESIAN_POINT ( 'NONE',  ( -48.35346343777658973, -86.27237613729619170, -35.24742698277439956 ) ) ;
#1861 = CARTESIAN_POINT ( 'NONE',  ( -41.83510638346378840, -82.46789518421222454, -30.33283777479352494 ) ) ;
#1862 = CARTESIAN_POINT ( 'NONE',  ( -54.07823677127601059, -148.9299489337723230, -29.25814318702946082 ) ) ;
#1863 = CARTESIAN_POINT ( 'NONE',  ( -0.8189208100261990975, -50.36817313123184192, -30.61302886468057949 ) ) ;
#1864 = DATE_TIME_ROLE ( 'classification_date' ) ;
#1865 = CARTESIAN_POINT ( 'NONE',  ( -3.030062105601879718, -48.77931118717257419, -31.56899882096997345 ) ) ;
#1866 = CARTESIAN_POINT ( 'NONE',  ( -7.839822705427868854, -53.33754415234688651, -27.54553510746511691 ) ) ;
#1867 = CARTESIAN_POINT ( 'NONE',  ( 3.654045754227867704, -34.24591782905575599, -21.28608812117200344 ) ) ;
#1868 = CARTESIAN_POINT ( 'NONE',  ( -61.17366899829345073, -108.1240519820998713, -30.63674688574682747 ) ) ;
#1869 = CARTESIAN_POINT ( 'NONE',  ( 1.691580151891835859, -14.62442432387776492, -13.03020267603194071 ) ) ;
#1870 = CARTESIAN_POINT ( 'NONE',  ( -58.25233394143101862, -130.8328261171448617, -31.70431961402903198 ) ) ;
#1871 = CARTESIAN_POINT ( 'NONE',  ( -43.19849524677084673, -82.47782953681226559, -30.10138533318654197 ) ) ;
#1872 = CARTESIAN_POINT ( 'NONE',  ( 0.3762759273179897002, 2.551314907446276870, -1.590487456311302727 ) ) ;
#1873 = CARTESIAN_POINT ( 'NONE',  ( -25.37320163078652158, -67.44356264167150528, -36.32994837972008639 ) ) ;
#1874 = CARTESIAN_POINT ( 'NONE',  ( -1.236564998620079736, -34.52014979282810714, -24.90933346454351494 ) ) ;
#1875 = CARTESIAN_POINT ( 'NONE',  ( -61.65960750631010256, -105.4705583082443070, -26.22627552371342929 ) ) ;
#1876 = CARTESIAN_POINT ( 'NONE',  ( -66.08557081408746114, -121.8449165129177487, -28.88692939615249955 ) ) ;
#1877 = CARTESIAN_POINT ( 'NONE',  ( -60.97404272643210277, -112.2627966355340874, -29.94514081626243396 ) ) ;
#1878 = CARTESIAN_POINT ( 'NONE',  ( 3.725848998425897562, -27.31236242879502285, -21.97974174081046783 ) ) ;
#1879 = CARTESIAN_POINT ( 'NONE',  ( 0.3429106091681333179, -18.90193131924444714, -21.14390240235179519 ) ) ;
#1880 = CARTESIAN_POINT ( 'NONE',  ( -44.46570290985203400, -159.9529305705306115, -30.31913612004299807 ) ) ;
#1881 = CARTESIAN_POINT ( 'NONE',  ( -46.11465040802384863, -84.08956268276543256, -35.72774604654860298 ) ) ;
#1882 = CARTESIAN_POINT ( 'NONE',  ( -5.730601331232895390, -52.08421895528245216, -32.81692032547240956 ) ) ;
#1883 = CARTESIAN_POINT ( 'NONE',  ( 0.9442731947170085460, -42.19051017296411743, -22.39669194346428327 ) ) ;
#1884 = CARTESIAN_POINT ( 'NONE',  ( -59.92053184434572444, -119.8041610979731644, -29.28293721868310229 ) ) ;
#1885 = CARTESIAN_POINT ( 'NONE',  ( -61.34854118816301138, -120.7002106172304821, -25.89057138000628200 ) ) ;
#1886 = CARTESIAN_POINT ( 'NONE',  ( -60.63853206241179095, -112.0340131827042711, -29.21137744726421559 ) ) ;
#1887 = CARTESIAN_POINT ( 'NONE',  ( -57.60921511131684269, -134.1651559836262777, -26.50659167326422860 ) ) ;
#1888 = CARTESIAN_POINT ( 'NONE',  ( -57.49343568292481166, -131.0728212136641559, -31.27453673042651516 ) ) ;
#1889 = CARTESIAN_POINT ( 'NONE',  ( -60.61047331170037467, -121.1851324612991618, -30.54770690906922681 ) ) ;
#1890 = CARTESIAN_POINT ( 'NONE',  ( -4.201241921055186346, -7.329487160918533029, -7.993891939309539119 ) ) ;
#1891 = CARTESIAN_POINT ( 'NONE',  ( -62.48971777962376706, -132.3960790286379847, -30.21875421747715507 ) ) ;
#1892 = CARTESIAN_POINT ( 'NONE',  ( -0.5992605465093242545, -35.31969745291163321, -26.19149575397576513 ) ) ;
#1893 = CARTESIAN_POINT ( 'NONE',  ( -1.520202495720887725, -4.737542878246751243, -2.569790367812577081 ) ) ;
#1894 = CARTESIAN_POINT ( 'NONE',  ( -2.383547342698057125, -49.59598516085169706, -24.82252104198099829 ) ) ;
#1895 = CARTESIAN_POINT ( 'NONE',  ( -61.00828954436020268, -119.1750620943290500, -30.47534122173414772 ) ) ;
#1896 = ORGANIZATION ( '未指定', '未指定', '' ) ;
#1897 = CARTESIAN_POINT ( 'NONE',  ( -50.37988786398914698, -90.63804508331519116, -29.86442216403581185 ) ) ;
#1898 = CARTESIAN_POINT ( 'NONE',  ( -50.66498568392150759, -87.76436237116973871, -34.93857852633099981 ) ) ;
#1899 = CARTESIAN_POINT ( 'NONE',  ( -58.66141892950910375, -124.7803305195409251, -28.04802292666686370 ) ) ;
#1900 = CARTESIAN_POINT ( 'NONE',  ( -64.86611723617969005, -113.3049892443320772, -25.44979690923210924 ) ) ;
#1901 = CARTESIAN_POINT ( 'NONE',  ( -57.57760639319041474, -142.7156126373806160, -28.35781057412237516 ) ) ;
#1902 = CARTESIAN_POINT ( 'NONE',  ( 1.247097853143204427, -20.00137358538212595, -21.35722745303735692 ) ) ;
#1903 = CARTESIAN_POINT ( 'NONE',  ( 0.5529805281944385476, -41.35194207224369478, -28.99156972364313134 ) ) ;
#1904 = CARTESIAN_POINT ( 'NONE',  ( -5.681709507005128224, -49.88460054174517921, -26.56444337198160355 ) ) ;
#1905 = CARTESIAN_POINT ( 'NONE',  ( -18.35075213163763408, -69.21919499184899394, -34.58102663765906470 ) ) ;
#1906 = CARTESIAN_POINT ( 'NONE',  ( -59.22396835168789408, -101.8531720231045767, -31.20644447663919507 ) ) ;
#1907 = CARTESIAN_POINT ( 'NONE',  ( -55.83507884030698420, -132.4966036487648466, -30.27375948485557799 ) ) ;
#1908 = CARTESIAN_POINT ( 'NONE',  ( -46.81663577573101520, -87.07743311136323427, -34.49395609112781358 ) ) ;
#1909 = CARTESIAN_POINT ( 'NONE',  ( -61.09247724084220721, -112.8930274696787137, -26.92491405099192647 ) ) ;
#1910 = CARTESIAN_POINT ( 'NONE',  ( 2.785538264769212624, -22.71146235223703869, -21.37638275764889428 ) ) ;
#1911 = CARTESIAN_POINT ( 'NONE',  ( -32.96422235118276944, -72.26129053212773101, -36.54147657960022144 ) ) ;
#1912 = CARTESIAN_POINT ( 'NONE',  ( -3.590057538668122383, -16.05432115704327600, -15.66413256006027410 ) ) ;
#1913 = CARTESIAN_POINT ( 'NONE',  ( -62.12285940231006265, -116.1142220592203955, -25.79922912227063847 ) ) ;
#1914 = CARTESIAN_POINT ( 'NONE',  ( -59.92769493628686917, -102.0767945607899776, -31.72585718440140568 ) ) ;
#1915 = CARTESIAN_POINT ( 'NONE',  ( -56.16026057294827467, -146.2279552039615567, -31.02564814761880285 ) ) ;
#1916 = CARTESIAN_POINT ( 'NONE',  ( -41.56422923960867166, -84.37037133460093230, -33.62306943338149523 ) ) ;
#1917 = CARTESIAN_POINT ( 'NONE',  ( -60.35131425623765011, -119.4193454016794504, -29.99295163692476862 ) ) ;
#1918 = CARTESIAN_POINT ( 'NONE',  ( -52.36331354220877188, -144.9519248344543598, -33.70434252915822526 ) ) ;
#1919 = CARTESIAN_POINT ( 'NONE',  ( -1.867202346488997522, -50.78584321164434101, -31.53370850472136411 ) ) ;
#1920 = CARTESIAN_POINT ( 'NONE',  ( -2.641429970822884332, -20.57334351924597726, -16.97937574612236489 ) ) ;
#1921 = CARTESIAN_POINT ( 'NONE',  ( -65.31708705265178594, -109.0316662122329348, -31.03459686951098462 ) ) ;
#1922 = CARTESIAN_POINT ( 'NONE',  ( -48.20739942161296909, -81.40613986410851055, -33.61390238308654688 ) ) ;
#1923 = CARTESIAN_POINT ( 'NONE',  ( -2.844574374972049124, -52.11088407329697958, -26.04796263852825788 ) ) ;
#1924 = CARTESIAN_POINT ( 'NONE',  ( -56.75883096728563970, -130.2617824788093799, -30.03271370344606339 ) ) ;
#1925 = CARTESIAN_POINT ( 'NONE',  ( -62.30553462450662039, -110.0941104542366418, -25.92331245236268700 ) ) ;
#1926 = CARTESIAN_POINT ( 'NONE',  ( -55.88138650016171027, -132.3884506782971755, -30.26138817055077723 ) ) ;
#1927 = CARTESIAN_POINT ( 'NONE',  ( -56.52649357424032672, -136.5003796508923983, -26.77618633595391628 ) ) ;
#1928 = CARTESIAN_POINT ( 'NONE',  ( -52.01972366119871083, -142.5232780709127667, -32.75564531724686645 ) ) ;
#1929 = CARTESIAN_POINT ( 'NONE',  ( -57.49343568292481166, -131.0728212136641559, -31.27453673042651516 ) ) ;
#1930 = CARTESIAN_POINT ( 'NONE',  ( -2.899737436731892437, -1.696456640980665842, 0.000000000000000000 ) ) ;
#1931 = CARTESIAN_POINT ( 'NONE',  ( -58.84550025575696708, -138.8889835893049849, -27.44484045455357446 ) ) ;
#1932 = CARTESIAN_POINT ( 'NONE',  ( 0.7688429941906055332, -23.21377174304729252, -22.97576501542734917 ) ) ;
#1933 = CARTESIAN_POINT ( 'NONE',  ( -3.142176885331219083, -46.63096798553730338, -30.30505999722653243 ) ) ;
#1934 = CARTESIAN_POINT ( 'NONE',  ( -57.56006124753196218, -134.2748414831604862, -26.51863518446854329 ) ) ;
#1935 = CARTESIAN_POINT ( 'NONE',  ( -1.068206499088100614, -46.37741140432220277, -23.67266231892496009 ) ) ;
#1936 = CARTESIAN_POINT ( 'NONE',  ( -56.95744204792561050, -132.3807830350940833, -31.41232732137705241 ) ) ;
#1937 = CARTESIAN_POINT ( 'NONE',  ( -60.49471137039053303, -116.1878609549792998, -27.68242391531483548 ) ) ;
#1938 = CARTESIAN_POINT ( 'NONE',  ( -49.35812145169011700, -86.88672397604435105, -35.12920007115347687 ) ) ;
#1939 = CARTESIAN_POINT ( 'NONE',  ( -58.18158029013894605, -126.2963280457418733, -28.16179142667769142 ) ) ;
#1940 = CARTESIAN_POINT ( 'NONE',  ( -59.02704977540918208, -135.1061688320552321, -26.38620000791536668 ) ) ;
#1941 = CARTESIAN_POINT ( 'NONE',  ( -53.75917821575491473, -149.4652461652634940, -29.34243182780931747 ) ) ;
#1942 = CARTESIAN_POINT ( 'NONE',  ( -4.049018708885884443, -54.43571958328267613, -32.50606363943107624 ) ) ;
#1943 = CARTESIAN_POINT ( 'NONE',  ( -24.10153558477761493, -66.18514070961123252, -35.63687567318567773 ) ) ;
#1944 = CARTESIAN_POINT ( 'NONE',  ( -48.64998810913692751, -87.84181581874233302, -29.56430584227445735 ) ) ;
#1945 = CARTESIAN_POINT ( 'NONE',  ( -60.22851178333839073, -122.8032457593197790, -30.62595864745102503 ) ) ;
#1946 = CARTESIAN_POINT ( 'NONE',  ( -45.52287566362872440, -151.5016162896029073, -33.22192760441318171 ) ) ;
#1947 = CARTESIAN_POINT ( 'NONE',  ( 2.924883780232733432, -19.52634459241997789, -17.13365860421984266 ) ) ;
#1948 = CARTESIAN_POINT ( 'NONE',  ( -60.97411420120171499, -115.1580336015906880, -26.90968002200401088 ) ) ;
#1949 = CARTESIAN_POINT ( 'NONE',  ( 3.278865005939685773, -42.59557742727491814, -25.76971703602367114 ) ) ;
#1950 = CARTESIAN_POINT ( 'NONE',  ( -4.405966365807048035, -5.215245099692272568, -10.25670154019148939 ) ) ;
#1951 = CARTESIAN_POINT ( 'NONE',  ( -14.58134241278646215, -58.78652148694079216, -32.95061447607028526 ) ) ;
#1952 = CARTESIAN_POINT ( 'NONE',  ( -41.56422923960867166, -84.37037133460093230, -33.62306943338149523 ) ) ;
#1953 = CARTESIAN_POINT ( 'NONE',  ( -3.344060079045864331, 0.9508751851590097059, -1.644660744875040992 ) ) ;
#1954 = CARTESIAN_POINT ( 'NONE',  ( -36.44617536002941449, -81.23268020994629524, -33.69078186004929876 ) ) ;
#1955 = CARTESIAN_POINT ( 'NONE',  ( -60.80701550119440668, -116.1867892223846610, -29.92168667419594286 ) ) ;
#1956 = CARTESIAN_POINT ( 'NONE',  ( -54.84141487227449119, -140.3618107939546178, -33.02197109854805745 ) ) ;
#1957 = CARTESIAN_POINT ( 'NONE',  ( -3.192013688842368691, -2.030988908423409622, -8.197050780603920117 ) ) ;
#1958 = CARTESIAN_POINT ( 'NONE',  ( -29.69350770227559622, -71.09146516134325111, -32.03034073334843868 ) ) ;
#1959 = CARTESIAN_POINT ( 'NONE',  ( -65.48694057953736092, -115.0935846257497559, -30.76122877344907991 ) ) ;
#1960 = CARTESIAN_POINT ( 'NONE',  ( -41.97751749876109528, -77.43855400741438189, -35.30324759478332908 ) ) ;
#1961 = CARTESIAN_POINT ( 'NONE',  ( -62.25991460347771778, -114.6652646185769271, -25.80270426053808563 ) ) ;
#1962 = CARTESIAN_POINT ( 'NONE',  ( -59.58195130204867240, -121.3794390531746785, -29.35187539650765132 ) ) ;
#1963 = CARTESIAN_POINT ( 'NONE',  ( -59.81775993549227621, -128.7756495888502002, -25.98888668542298319 ) ) ;
#1964 = APPROVAL_ROLE ( '' ) ;
#1965 = CARTESIAN_POINT ( 'NONE',  ( -60.22851178333839073, -122.8032457593197790, -30.62595864745102503 ) ) ;
#1966 = CARTESIAN_POINT ( 'NONE',  ( -46.96718721366083571, -157.8346660574397617, -30.00249963805234188 ) ) ;
#1967 = CARTESIAN_POINT ( 'NONE',  ( -54.18827045196201908, -147.5272531953207249, -28.62430717035078231 ) ) ;
#1968 = CARTESIAN_POINT ( 'NONE',  ( -3.292845635071669275, -4.770966808269478499, -11.32538311727516245 ) ) ;
#1969 = CARTESIAN_POINT ( 'NONE',  ( -62.45898740281245409, -97.75009396694751729, -27.32705003055093229 ) ) ;
#1970 = CARTESIAN_POINT ( 'NONE',  ( -57.75561969705412224, -133.8368254497437135, -26.47080642385301985 ) ) ;
#1971 = CARTESIAN_POINT ( 'NONE',  ( -57.31408746581897873, -99.35592322419252298, -30.95028791119633382 ) ) ;
#1972 = CARTESIAN_POINT ( 'NONE',  ( -52.15711644946040337, -142.2717738595319474, -32.71700265488683357 ) ) ;
#1973 = CARTESIAN_POINT ( 'NONE',  ( -51.37175405678858198, -141.4867099778848569, -29.97741046163877243 ) ) ;
#1974 = CARTESIAN_POINT ( 'NONE',  ( -8.402890385727763700, -60.78593738356560294, -32.92584772086030398 ) ) ;
#1975 = CARTESIAN_POINT ( 'NONE',  ( -51.37175405678858198, -141.4867099778848569, -29.97741046163877243 ) ) ;
#1976 = CARTESIAN_POINT ( 'NONE',  ( -64.87458102774556323, -113.0533903083582317, -25.45789977613353017 ) ) ;
#1977 = CARTESIAN_POINT ( 'NONE',  ( -61.17438201053557378, -118.1373839543577446, -30.44936429056908977 ) ) ;
#1978 = CARTESIAN_POINT ( 'NONE',  ( -56.04501817994088242, -145.5188142901048423, -28.74667686955534762 ) ) ;
#1979 = CARTESIAN_POINT ( 'NONE',  ( -66.40871062507942213, -118.0887994094426006, -26.65341388918205467 ) ) ;
#1980 = CARTESIAN_POINT ( 'NONE',  ( -22.19819690442518123, -68.76892628043884770, -30.98854022281461340 ) ) ;
#1981 = CARTESIAN_POINT ( 'NONE',  ( -4.526753767598458822, -10.00584525434760508, -12.68633297871835808 ) ) ;
#1982 = CARTESIAN_POINT ( 'NONE',  ( -58.10503084651944761, -127.5692954929945842, -27.48015959556388310 ) ) ;
#1983 = CARTESIAN_POINT ( 'NONE',  ( 2.168469420780021917, -43.15644998315560343, -23.50139395141221499 ) ) ;
#1984 = CARTESIAN_POINT ( 'NONE',  ( -59.47549331528887251, -123.2235100317144827, -27.16510531919151816 ) ) ;
#1985 = CARTESIAN_POINT ( 'NONE',  ( -14.21828541188905248, -64.55039575212761349, -35.52485805431739863 ) ) ;
#1986 = CARTESIAN_POINT ( 'NONE',  ( -51.24731651957476686, -154.4515616832099738, -32.33578044548205099 ) ) ;
#1987 = CARTESIAN_POINT ( 'NONE',  ( -4.201241921055186346, -7.329487160918533029, -7.993891939309539119 ) ) ;
#1988 = CARTESIAN_POINT ( 'NONE',  ( -39.15075878098134154, -82.88556980608949232, -33.59203053839829778 ) ) ;
#1989 = CARTESIAN_POINT ( 'NONE',  ( -55.86185825794111537, -146.7576287234681160, -31.10256373798853602 ) ) ;
#1990 = CARTESIAN_POINT ( 'NONE',  ( 2.768592140779927213, -20.13635070323034171, -16.45452570576469498 ) ) ;
#1991 = CARTESIAN_POINT ( 'NONE',  ( -56.64136538848593716, -131.5359650043168358, -30.86911632615271728 ) ) ;
#1992 = CARTESIAN_POINT ( 'NONE',  ( -1.886318833201430234, -53.48639840761599373, -29.34461879291469444 ) ) ;
#1993 = CARTESIAN_POINT ( 'NONE',  ( -21.05753024563039943, -66.20771005231469530, -36.90767703066474326 ) ) ;
#1994 = CARTESIAN_POINT ( 'NONE',  ( -42.17517064567713447, -78.63819519602121488, -31.34514839718852741 ) ) ;
#1995 = CARTESIAN_POINT ( 'NONE',  ( -64.54469381964067054, -121.8360545840349118, -30.78938392901393328 ) ) ;
#1996 = CARTESIAN_POINT ( 'NONE',  ( -39.19697399949953365, -75.68168940139891276, -35.66715207939392229 ) ) ;
#1997 = CARTESIAN_POINT ( 'NONE',  ( -62.09997769586673400, -107.9440520666775285, -26.04075473880786973 ) ) ;
#1998 = CARTESIAN_POINT ( 'NONE',  ( -60.62251564164252216, -114.0117732136613142, -29.18452074670177154 ) ) ;
#1999 = CARTESIAN_POINT ( 'NONE',  ( -63.14226798782033967, -114.2535716352991670, -25.47225063797478839 ) ) ;
#2000 = CARTESIAN_POINT ( 'NONE',  ( -55.78343064171846066, -135.0693739019021109, -31.72138130508912113 ) ) ;
#2001 = CARTESIAN_POINT ( 'NONE',  ( -7.465341673358769192, -51.70769897603182841, -31.31282793370670348 ) ) ;
#2002 = CARTESIAN_POINT ( 'NONE',  ( -64.45689742821764412, -124.4959051921263722, -26.28416372803356893 ) ) ;
#2003 = CARTESIAN_POINT ( 'NONE',  ( -7.453032687681674595, -56.77573532563697967, -34.18876662845340064 ) ) ;
#2004 = CARTESIAN_POINT ( 'NONE',  ( -50.41513327608628714, -83.36745671504446875, -31.30273317725022864 ) ) ;
#2005 = CARTESIAN_POINT ( 'NONE',  ( -61.76767790119455270, -122.5667112074343095, -25.59804312531806048 ) ) ;
#2006 = CARTESIAN_POINT ( 'NONE',  ( -56.21420181115557568, -97.72966433834834277, -31.17165973135946544 ) ) ;
#2007 = CARTESIAN_POINT ( 'NONE',  ( -51.74188146172327407, -143.0286789538402843, -32.83430619241111970 ) ) ;
#2008 = CARTESIAN_POINT ( 'NONE',  ( -57.34761293691089890, -128.6559694762268862, -28.36628550134498994 ) ) ;
#2009 = CARTESIAN_POINT ( 'NONE',  ( -26.31067529686823292, -73.34296857686651094, -36.61173903228159787 ) ) ;
#2010 = CARTESIAN_POINT ( 'NONE',  ( -60.06428903113424411, -119.1062501925279662, -27.74911610442704557 ) ) ;
#2011 = CARTESIAN_POINT ( 'NONE',  ( -56.75174459744631861, -139.8340055452187585, -26.93864692930088722 ) ) ;
#2012 = CARTESIAN_POINT ( 'NONE',  ( -51.17378769109165404, -144.0485832564666566, -32.99646750477490542 ) ) ;
#2013 = CARTESIAN_POINT ( 'NONE',  ( -53.95539693454583841, -86.58731891132275393, -29.98647565775375412 ) ) ;
#2014 = CARTESIAN_POINT ( 'NONE',  ( -43.35261022654800911, -78.30663964113736597, -35.03778111595040912 ) ) ;
#2015 = CARTESIAN_POINT ( 'NONE',  ( -1.696893858787604126, -39.16573903781626598, -22.82998972790535674 ) ) ;
#2016 = CARTESIAN_POINT ( 'NONE',  ( -55.78343064171846066, -135.0693739019021109, -31.72138130508912113 ) ) ;
#2017 = CARTESIAN_POINT ( 'NONE',  ( -58.75436748506131579, -125.6403078837485481, -27.32704293640742321 ) ) ;
#2018 = CARTESIAN_POINT ( 'NONE',  ( -22.11179649615345610, -71.79548546394218533, -35.12122180703269692 ) ) ;
#2019 = CARTESIAN_POINT ( 'NONE',  ( -58.10503084651944761, -127.5692954929945842, -27.48015959556388310 ) ) ;
#2020 = CARTESIAN_POINT ( 'NONE',  ( -52.89401952926926498, -88.27697383435780409, -34.62835150233532033 ) ) ;
#2021 = CARTESIAN_POINT ( 'NONE',  ( -56.75299605178589246, -88.23441419779084072, -31.43395965657468949 ) ) ;
#2022 = CARTESIAN_POINT ( 'NONE',  ( -59.15216666029407833, -93.70061203898161750, -27.77497130614018062 ) ) ;
#2023 = CARTESIAN_POINT ( 'NONE',  ( -38.14032870348873416, -82.26809235978009838, -33.61317831220228669 ) ) ;
#2024 = CARTESIAN_POINT ( 'NONE',  ( -60.59283401994708385, -137.6268780917539232, -29.93010116371988616 ) ) ;
#2025 = CARTESIAN_POINT ( 'NONE',  ( -40.16211639737655759, -83.50458781058701163, -33.59423118758341076 ) ) ;
#2026 = CARTESIAN_POINT ( 'NONE',  ( -50.57378988260555275, -143.8440880623686269, -32.54541736951176034 ) ) ;
#2027 = CARTESIAN_POINT ( 'NONE',  ( -63.93963592559411069, -106.1051277131685282, -31.59571856978934079 ) ) ;
#2028 = CARTESIAN_POINT ( 'NONE',  ( -67.08001603563553772, -111.1722221788818104, -29.07255717230465564 ) ) ;
#2029 = CARTESIAN_POINT ( 'NONE',  ( -64.60756216962292342, -121.5399509165351617, -30.78139455985528983 ) ) ;
#2030 = CARTESIAN_POINT ( 'NONE',  ( -51.20312958553333260, -83.49451348182897448, -32.49057651978530714 ) ) ;
#2031 = CARTESIAN_POINT ( 'NONE',  ( 0.8508480103472351175, -3.250000000000000444, 0.000000000000000000 ) ) ;
#2032 = CARTESIAN_POINT ( 'NONE',  ( 2.131669277037818055, -3.426989059587166153, -4.225612227393012788 ) ) ;
#2033 = PERSON_AND_ORGANIZATION_ROLE ( 'design_owner' ) ;
#2034 = CARTESIAN_POINT ( 'NONE',  ( -54.45193612861022103, -137.8678263500087269, -32.08069258193581419 ) ) ;
#2035 = CARTESIAN_POINT ( 'NONE',  ( -45.89792593704905244, -80.17344485307764046, -32.06677848974514689 ) ) ;
#2036 = CARTESIAN_POINT ( 'NONE',  ( -60.33028159145456470, -135.7243363648075274, -27.10008918226823482 ) ) ;
#2037 = CARTESIAN_POINT ( 'NONE',  ( -4.737171284037661856, -54.15672296257081086, -33.04767058399698954 ) ) ;
#2038 = CARTESIAN_POINT ( 'NONE',  ( -65.70063521633974801, -111.5220113820882091, -25.81105853322237564 ) ) ;
#2039 = CARTESIAN_POINT ( 'NONE',  ( -8.518633518929682680, -52.84411976646995157, -29.03089300826067287 ) ) ;
#2040 = CARTESIAN_POINT ( 'NONE',  ( -60.08833115561540694, -120.7356793671309845, -30.04364862170318062 ) ) ;
#2041 = CARTESIAN_POINT ( 'NONE',  ( -60.08331473385384669, -123.3687432622122202, -30.65722491380450876 ) ) ;
#2042 = CARTESIAN_POINT ( 'NONE',  ( -58.82775186330468387, -124.2220952191887022, -28.00931423825112887 ) ) ;
#2043 = CARTESIAN_POINT ( 'NONE',  ( -64.21579467743846692, -107.4250059479874295, -31.47886119979482444 ) ) ;
#2044 = CARTESIAN_POINT ( 'NONE',  ( -56.02256871647246328, -131.9602995526004179, -28.70399951424759877 ) ) ;
#2045 = CARTESIAN_POINT ( 'NONE',  ( -2.670649377359445520, -5.718876172490930720, -4.444286685065202747 ) ) ;
#2046 = CARTESIAN_POINT ( 'NONE',  ( -61.43517735851325767, -115.9026538681686986, -30.42032340739812568 ) ) ;
#2047 = CARTESIAN_POINT ( 'NONE',  ( -45.91716256353455350, -79.83998606530032305, -32.91363516252810228 ) ) ;
#2048 = CARTESIAN_POINT ( 'NONE',  ( -66.82294523321417046, -111.3131123348653659, -26.85149923195818289 ) ) ;
#2049 = CARTESIAN_POINT ( 'NONE',  ( -59.69300104587751576, -122.4102926372322884, -27.11938214628724708 ) ) ;
#2050 = CARTESIAN_POINT ( 'NONE',  ( -52.01972366119871083, -142.5232780709127667, -32.75564531724686645 ) ) ;
#2051 = CARTESIAN_POINT ( 'NONE',  ( -48.84834378309564329, -146.5320511522669449, -29.98769260921131874 ) ) ;
#2052 = CARTESIAN_POINT ( 'NONE',  ( -10.26089613504069931, -62.91618879319807434, -32.10591887475211337 ) ) ;
#2053 = CARTESIAN_POINT ( 'NONE',  ( -55.82817403851634452, -133.2420591094273732, -28.05134511655056428 ) ) ;
#2054 = CARTESIAN_POINT ( 'NONE',  ( -64.46149413100155812, -104.6940832284614089, -31.42645125142623641 ) ) ;
#2055 = CARTESIAN_POINT ( 'NONE',  ( -63.07292080038693882, -96.39988906779281308, -29.42449052205291338 ) ) ;
#2056 = CARTESIAN_POINT ( 'NONE',  ( -53.65639746866686011, -87.19745008549560339, -29.36450034130463038 ) ) ;
#2057 = CARTESIAN_POINT ( 'NONE',  ( -46.27616289803729899, -87.40718183020911169, -33.80155282610306244 ) ) ;
#2058 = CARTESIAN_POINT ( 'NONE',  ( -26.31372214811625909, -68.02565742459056253, -36.35651646116639313 ) ) ;
#2059 = CARTESIAN_POINT ( 'NONE',  ( -19.43070940313059225, -70.23647862500109795, -33.93789364276327802 ) ) ;
#2060 = CARTESIAN_POINT ( 'NONE',  ( -43.14914415070799691, -155.8096656497333470, -34.75020295848666763 ) ) ;
#2061 = CARTESIAN_POINT ( 'NONE',  ( -38.94792417672886131, -81.32576525355695196, -35.88911625824673024 ) ) ;
#2062 = CARTESIAN_POINT ( 'NONE',  ( -66.24139365336124285, -104.9841166416340457, -29.59352962326188319 ) ) ;
#2063 = CARTESIAN_POINT ( 'NONE',  ( -62.88730434752046250, -127.9248842067048884, -31.07116285973840775 ) ) ;
#2064 = CARTESIAN_POINT ( 'NONE',  ( -62.26456170788162581, -132.7411375001567251, -27.27348537963192854 ) ) ;
#2065 = CARTESIAN_POINT ( 'NONE',  ( -0.4969019770614425124, -9.374255454056516612, -7.709017661379709452 ) ) ;
#2066 = CARTESIAN_POINT ( 'NONE',  ( 1.705409452654510716, -7.543594426914155271, -8.725240019320896323 ) ) ;
#2067 = CARTESIAN_POINT ( 'NONE',  ( -51.31347021590077162, -146.2301320810227310, -28.16367215298273763 ) ) ;
#2068 = DATE_TIME_ROLE ( 'creation_date' ) ;
#2069 = CARTESIAN_POINT ( 'NONE',  ( 1.676497829724783228, -4.216548679981801939, -7.592927865872613147 ) ) ;
#2070 = CARTESIAN_POINT ( 'NONE',  ( -61.99468455724179705, -96.02983491551920281, -31.72669159977723652 ) ) ;
#2071 = CARTESIAN_POINT ( 'NONE',  ( -51.40488561859412897, -84.97042357151900660, -30.14047032143710680 ) ) ;
#2072 = CARTESIAN_POINT ( 'NONE',  ( -57.36711924806220253, -141.8025420130118164, -27.80589873800117573 ) ) ;
#2073 = CARTESIAN_POINT ( 'NONE',  ( -2.903156627325714556, -8.364921881743059728, -14.63029326852473844 ) ) ;
#2074 = CARTESIAN_POINT ( 'NONE',  ( -60.91609129164020686, -95.04406294712238434, -27.85723043724846448 ) ) ;
#2075 = CARTESIAN_POINT ( 'NONE',  ( -60.78398332429652839, -116.4125786320305451, -29.92449604298819921 ) ) ;
#2076 = CARTESIAN_POINT ( 'NONE',  ( 1.576291385644110088, -5.553107286755887273, -5.674525195608620898 ) ) ;
#2077 = CARTESIAN_POINT ( 'NONE',  ( -64.66945249572313514, -114.6601632494147509, -31.11434133536319280 ) ) ;
#2078 = CARTESIAN_POINT ( 'NONE',  ( -49.91459395967279988, -144.0881644655274272, -30.39234594456583238 ) ) ;
#2079 = CARTESIAN_POINT ( 'NONE',  ( -2.840301112967561714, -15.74841304138145048, -13.53893073463312824 ) ) ;
#2080 = CARTESIAN_POINT ( 'NONE',  ( -50.73734378871982642, -144.8206420361853191, -33.12156292929459056 ) ) ;
#2081 = CARTESIAN_POINT ( 'NONE',  ( -5.915117501321415894, -50.52835093892646512, -31.61276209444872265 ) ) ;
#2082 = CARTESIAN_POINT ( 'NONE',  ( -66.83456345499712370, -112.3458772815511963, -26.79787695867520014 ) ) ;
#2083 = CARTESIAN_POINT ( 'NONE',  ( -61.02377362694826246, -107.3287341258695022, -30.68882915466456041 ) ) ;
#2084 = CARTESIAN_POINT ( 'NONE',  ( -57.39285807234551839, -98.34147443276492595, -28.05712195381983776 ) ) ;
#2085 = CARTESIAN_POINT ( 'NONE',  ( -56.86459855634290506, -132.6013371658116853, -31.43650981200874739 ) ) ;
#2086 = ORIENTED_EDGE ( 'NONE', *, *, #6112, .F. ) ;
#2087 = CARTESIAN_POINT ( 'NONE',  ( -55.39404870791069158, -134.2068474538255600, -28.16582540917667998 ) ) ;
#2088 = CARTESIAN_POINT ( 'NONE',  ( -61.23707308930075044, -124.7105536117318252, -31.43662173582900721 ) ) ;
#2089 = CARTESIAN_POINT ( 'NONE',  ( 0.3794512676195773149, -7.494094323522881851, -6.282991035421151338 ) ) ;
#2090 = CARTESIAN_POINT ( 'NONE',  ( -64.34064224667679355, -104.2748243294306860, -31.47409166531244651 ) ) ;
#2091 = CARTESIAN_POINT ( 'NONE',  ( -66.67390143140801229, -106.5936982195989629, -27.94076586906905035 ) ) ;
#2092 = CARTESIAN_POINT ( 'NONE',  ( -64.57154936818868407, -107.2821916457787523, -25.78526709777076320 ) ) ;
#2093 = CARTESIAN_POINT ( 'NONE',  ( -60.90936546960445241, -122.5984668948475189, -31.09335098445117040 ) ) ;
#2094 = CARTESIAN_POINT ( 'NONE',  ( -4.041663407182842782, -9.635622688449297257, -14.42124660763953514 ) ) ;
#2095 = CARTESIAN_POINT ( 'NONE',  ( -60.90936546960445241, -122.5984668948475189, -31.09335098445117040 ) ) ;
#2096 = CARTESIAN_POINT ( 'NONE',  ( -9.670559140234928464, -61.58145136943316089, -30.00672520471137616 ) ) ;
#2097 = CARTESIAN_POINT ( 'NONE',  ( -39.65235130308550282, -81.70950941182719873, -35.84049503477641707 ) ) ;
#2098 = CARTESIAN_POINT ( 'NONE',  ( -31.61307755002262709, -72.94510255495310957, -37.37913269202264388 ) ) ;
#2099 = APPLICATION_CONTEXT ( 'configuration controlled 3d designs of mechanical parts and assemblies' ) ;
#2100 = CARTESIAN_POINT ( 'NONE',  ( -55.35046178178034637, -144.7244812798653300, -32.88730586004548684 ) ) ;
#2101 = APPROVAL ( #5394, '未指定' ) ;
#2102 = CARTESIAN_POINT ( 'NONE',  ( -66.61567872855560779, -116.4039702414621189, -26.67044543934324352 ) ) ;
#2103 = CARTESIAN_POINT ( 'NONE',  ( 1.799654787011367274, -5.374315078686304759, -6.580222939360103496 ) ) ;
#2104 = CARTESIAN_POINT ( 'NONE',  ( -2.111940523905586620, -39.05325843687018761, -24.50609211108235641 ) ) ;
#2105 = CARTESIAN_POINT ( 'NONE',  ( -52.01972366119871083, -142.5232780709127667, -32.75564531724686645 ) ) ;
#2106 = CARTESIAN_POINT ( 'NONE',  ( -38.61119836214454182, -78.45354686843425895, -37.05513523659570296 ) ) ;
#2107 = CARTESIAN_POINT ( 'NONE',  ( -8.860922534121344896, -53.26706668154276514, -31.74689719725589399 ) ) ;
#2108 = CARTESIAN_POINT ( 'NONE',  ( -7.269039233191703531, -58.77232602080396617, -28.78761968322074338 ) ) ;
#2109 = CARTESIAN_POINT ( 'NONE',  ( -55.74118068070316667, -142.2751686639455500, -32.99544857383938279 ) ) ;
#2110 = CARTESIAN_POINT ( 'NONE',  ( -58.21033734711758711, -91.23354766222419698, -28.69633777810073028 ) ) ;
#2111 = CARTESIAN_POINT ( 'NONE',  ( -66.75346282600253289, -107.0827713704031794, -27.89449447214694544 ) ) ;
#2112 = CARTESIAN_POINT ( 'NONE',  ( -49.69161596603500897, -89.03150679608201301, -34.31473443327661954 ) ) ;
#2113 = CARTESIAN_POINT ( 'NONE',  ( -59.98540631117703015, -105.4799636874151219, -30.29563780808833684 ) ) ;
#2114 = CARTESIAN_POINT ( 'NONE',  ( -45.25562068312206776, -86.89298841890951053, -31.36983402175773250 ) ) ;
#2115 = CARTESIAN_POINT ( 'NONE',  ( -63.22178272118224385, -103.5961050527953660, -31.86466880763693510 ) ) ;
#2116 = CARTESIAN_POINT ( 'NONE',  ( 1.344775619087335006, -14.05929143321871067, -12.20046424861631706 ) ) ;
#2117 = CARTESIAN_POINT ( 'NONE',  ( -47.61172665977920815, -155.3402769313807141, -29.40876427081821376 ) ) ;
#2118 = CARTESIAN_POINT ( 'NONE',  ( 2.473159642379872292, -1.391005390729690649, -2.607431430558054153 ) ) ;
#2119 = CARTESIAN_POINT ( 'NONE',  ( -64.98207955205276676, -105.0348485828566112, -26.30499395676427810 ) ) ;
#2120 = CARTESIAN_POINT ( 'NONE',  ( -66.64342679444962414, -116.1266338222214358, -26.67512423505271357 ) ) ;
#2121 = CARTESIAN_POINT ( 'NONE',  ( -61.06493314914023784, -113.7849101057371399, -26.91388316635431011 ) ) ;
#2122 = CARTESIAN_POINT ( 'NONE',  ( -57.35843041755779126, -131.4071504989302639, -31.30862483104781546 ) ) ;
#2123 = CARTESIAN_POINT ( 'NONE',  ( 2.722870788284201371, -33.63892443086011497, -20.21689219658431824 ) ) ;
#2124 = CARTESIAN_POINT ( 'NONE',  ( 0.4516756508087038657, -6.818943280743502200, -5.571114615063898157 ) ) ;
#2125 = CARTESIAN_POINT ( 'NONE',  ( -62.84028843123306984, -116.4581000289161210, -31.18261944493961479 ) ) ;
#2126 = CARTESIAN_POINT ( 'NONE',  ( -50.10356569966077700, -144.3924396771875251, -29.62560954218143650 ) ) ;
#2127 = CARTESIAN_POINT ( 'NONE',  ( -29.62198784537809360, -74.62891690770861430, -37.10472088156331694 ) ) ;
#2128 = CARTESIAN_POINT ( 'NONE',  ( -67.07847103803665334, -110.1007502288102557, -27.65648182551478129 ) ) ;
#2129 = CARTESIAN_POINT ( 'NONE',  ( -61.04443246204352391, -122.0320950375565587, -31.06628469762582156 ) ) ;
#2130 = CARTESIAN_POINT ( 'NONE',  ( 1.435385175180708517, -41.16004520446844595, -28.77847310533569214 ) ) ;
#2131 = CARTESIAN_POINT ( 'NONE',  ( -61.43813175293958295, -106.5323967131721901, -31.27512660220798679 ) ) ;
#2132 = CARTESIAN_POINT ( 'NONE',  ( 1.673623813704373742, -5.999276855022205091, -8.335770379922569973 ) ) ;
#2133 = CARTESIAN_POINT ( 'NONE',  ( -44.06102038063757931, -83.97241251904442549, -35.57959245779725421 ) ) ;
#2134 = CARTESIAN_POINT ( 'NONE',  ( -28.77359333187170165, -71.06733746451898526, -37.32603007846194743 ) ) ;
#2135 = CARTESIAN_POINT ( 'NONE',  ( 1.674196728793191813, -24.32411071280959902, -23.12178511823156057 ) ) ;
#2136 = CARTESIAN_POINT ( 'NONE',  ( -66.81109929725687380, -113.6730383793520787, -26.74112063537834771 ) ) ;
#2137 = CARTESIAN_POINT ( 'NONE',  ( -11.82501649302163571, -63.22162370830027101, -30.12306813182519605 ) ) ;
#2138 = CARTESIAN_POINT ( 'NONE',  ( -1.905520057705498482, -6.455769262444687406, -4.836834256606209692 ) ) ;
#2139 = CARTESIAN_POINT ( 'NONE',  ( 3.250000000000000444, 0.8508480103472357836, 0.000000000000000000 ) ) ;
#2140 = CARTESIAN_POINT ( 'NONE',  ( -66.58132091209216696, -109.3377738041221221, -29.93738625328899872 ) ) ;
#2141 = CARTESIAN_POINT ( 'NONE',  ( -53.10184771260524172, -86.63690078973399977, -29.54241050327597051 ) ) ;
#2142 = CARTESIAN_POINT ( 'NONE',  ( 3.172836915900966837, -30.63320234797646791, -19.63488732795833869 ) ) ;
#2143 = CARTESIAN_POINT ( 'NONE',  ( -0.8313215034638142820, -3.258056687612645330, -9.995669568439110364 ) ) ;
#2144 = CARTESIAN_POINT ( 'NONE',  ( -63.39536403816584453, -126.0244746485003873, -25.87523281837900058 ) ) ;
#2145 = CARTESIAN_POINT ( 'NONE',  ( -66.72243776734420351, -118.2606970265503890, -27.37356313788959028 ) ) ;
#2146 = CARTESIAN_POINT ( 'NONE',  ( 1.842968450485628518, -3.885283285774757012, -6.033970271004760022 ) ) ;
#2147 = CARTESIAN_POINT ( 'NONE',  ( -8.856819471786772979, -58.64122969862197721, -28.09022816320580063 ) ) ;
#2148 = CARTESIAN_POINT ( 'NONE',  ( -64.71121337592516909, -113.1242810519353696, -31.15401472512746395 ) ) ;
#2149 = CARTESIAN_POINT ( 'NONE',  ( -0.7602137557569205173, -42.60869119678643102, -22.47399140460134248 ) ) ;
#2150 = CARTESIAN_POINT ( 'NONE',  ( -4.137433611219869967, -45.97763049970002669, -28.01184936732567721 ) ) ;
#2151 = CARTESIAN_POINT ( 'NONE',  ( -43.90646506711712505, -155.8101315653593417, -35.13802656427122173 ) ) ;
#2152 = CARTESIAN_POINT ( 'NONE',  ( -34.22676462660878371, -72.29844742535595969, -34.24994216814702952 ) ) ;
#2153 = CARTESIAN_POINT ( 'NONE',  ( -65.78312119169170558, -104.7737097432182622, -30.35738118028127275 ) ) ;
#2154 = CARTESIAN_POINT ( 'NONE',  ( -64.04438897591168711, -127.9219058862167628, -26.92582832147778049 ) ) ;
#2155 = CARTESIAN_POINT ( 'NONE',  ( -61.01063253177230195, -109.8935805917814434, -27.00908580204049514 ) ) ;
#2156 = CARTESIAN_POINT ( 'NONE',  ( -52.19038625143559784, -84.58885462804543920, -31.36464008404331949 ) ) ;
#2157 = CARTESIAN_POINT ( 'NONE',  ( -4.690709273465678564, -55.21024827957251091, -27.29233437403962270 ) ) ;
#2158 = CARTESIAN_POINT ( 'NONE',  ( -6.097575673364713289, -51.82442987157801184, -26.42707760512152859 ) ) ;
#2159 = CARTESIAN_POINT ( 'NONE',  ( -62.45154481306425964, -119.3727359385661799, -31.21791445281210997 ) ) ;
#2160 = CARTESIAN_POINT ( 'NONE',  ( -1.172200968990960712, -39.07908458208957114, -22.06788521627353461 ) ) ;
#2161 = CARTESIAN_POINT ( 'NONE',  ( -61.21455792598145962, -132.4881936455766152, -31.42951512539394443 ) ) ;
#2162 = CARTESIAN_POINT ( 'NONE',  ( -67.10506610505835567, -114.3400993600945839, -27.44475439801345118 ) ) ;
#2163 = CARTESIAN_POINT ( 'NONE',  ( -57.94757159394492163, -131.5972412488703753, -31.78038044588239686 ) ) ;
#2164 = CARTESIAN_POINT ( 'NONE',  ( -7.944693697384402675, -55.30685685109663297, -34.06750225586451108 ) ) ;
#2165 = CARTESIAN_POINT ( 'NONE',  ( -57.90942566079820608, -98.39612814178678946, -32.22102738410566758 ) ) ;
#2166 = CARTESIAN_POINT ( 'NONE',  ( 2.810698573005349754, -0.6583959995612819194, -1.351306465387734024 ) ) ;
#2167 = CARTESIAN_POINT ( 'NONE',  ( -63.84565319401934147, -121.1119844592028016, -31.13953442526320003 ) ) ;
#2168 = CARTESIAN_POINT ( 'NONE',  ( -66.71200654992405532, -107.3803766280267382, -29.35152906343331125 ) ) ;
#2169 = CARTESIAN_POINT ( 'NONE',  ( -2.059852112131893342, 0.3538069993745657782, -5.401033436034965440 ) ) ;
#2170 = CARTESIAN_POINT ( 'NONE',  ( -2.961367795934168878, -42.66856222717748182, -25.95301699969719422 ) ) ;
#2171 = CARTESIAN_POINT ( 'NONE',  ( -66.32411199932103330, -118.6584087968279846, -26.65182650636619499 ) ) ;
#2172 = CARTESIAN_POINT ( 'NONE',  ( -48.16951259831765242, -147.2111117444118236, -32.43644365603440605 ) ) ;
#2173 = CARTESIAN_POINT ( 'NONE',  ( -48.88475658039875782, -150.2381359895454978, -28.84494177400232928 ) ) ;
#2174 = CARTESIAN_POINT ( 'NONE',  ( -28.73136024926430565, -72.05664846484395980, -37.48438190404542070 ) ) ;
#2175 = CARTESIAN_POINT ( 'NONE',  ( -64.81524182356260155, -109.6248391168360712, -25.61834454949392992 ) ) ;
#2176 = CARTESIAN_POINT ( 'NONE',  ( -19.82531039651499327, -70.38171127267133897, -33.20990639910387188 ) ) ;
#2177 = CARTESIAN_POINT ( 'NONE',  ( -60.58492742671852227, -131.8377057852180769, -31.78436711103422496 ) ) ;
#2178 = CARTESIAN_POINT ( 'NONE',  ( -59.81308119543008672, -135.4039949385944794, -26.61620937841601986 ) ) ;
#2179 = CARTESIAN_POINT ( 'NONE',  ( -65.70346694379408348, -123.4461982783707015, -27.44184627577111257 ) ) ;
#2180 = CARTESIAN_POINT ( 'NONE',  ( -56.42097293477484499, -132.0668464940251852, -30.92708742613855222 ) ) ;
#2181 = CARTESIAN_POINT ( 'NONE',  ( -22.65159023060304477, -71.77491039751164692, -32.05183411222890300 ) ) ;
#2182 = CARTESIAN_POINT ( 'NONE',  ( -64.56317596864796826, -116.2395276778585611, -31.09185958864292942 ) ) ;
#2183 = CARTESIAN_POINT ( 'NONE',  ( 1.408920699342956828, -8.893405366573734483, -8.907462122035520125 ) ) ;
#2184 = CARTESIAN_POINT ( 'NONE',  ( -2.997018313056997396, -9.381121785720527129, -8.380710154063311990 ) ) ;
#2185 = CARTESIAN_POINT ( 'NONE',  ( 1.767949726098604790, -10.06390321520869158, -11.60631376445456731 ) ) ;
#2186 = CARTESIAN_POINT ( 'NONE',  ( -59.34695525284099205, -136.4224929266320601, -26.72366951893498666 ) ) ;
#2187 = CARTESIAN_POINT ( 'NONE',  ( -40.73958719675338358, -79.66648151051823845, -36.78331042271254603 ) ) ;
#2188 = CARTESIAN_POINT ( 'NONE',  ( -54.70183674091754966, -147.8687710775617177, -29.09479462935855665 ) ) ;
#2189 = CARTESIAN_POINT ( 'NONE',  ( -60.35115050735956999, -119.5323069056796896, -26.99149026495537740 ) ) ;
#2190 = APPROVAL ( #2893, '未指定' ) ;
#2191 = CARTESIAN_POINT ( 'NONE',  ( -33.89013500298852932, -72.20697140497658495, -35.04295504375187420 ) ) ;
#2192 = CARTESIAN_POINT ( 'NONE',  ( 2.810698573005349754, -0.6583959995612819194, -1.351306465387734024 ) ) ;
#2193 = CARTESIAN_POINT ( 'NONE',  ( -22.28649118765202530, -69.90837544298314299, -31.13495334076781162 ) ) ;
#2194 = CARTESIAN_POINT ( 'NONE',  ( -60.26158405281560704, -100.8877703457031743, -32.20434248076039552 ) ) ;
#2195 = CARTESIAN_POINT ( 'NONE',  ( -49.95761953331928851, -144.6451791674344634, -29.66734832869974525 ) ) ;
#2196 = CARTESIAN_POINT ( 'NONE',  ( -61.35531363603626431, -132.1340624607585426, -31.39786496516342496 ) ) ;
#2197 = CARTESIAN_POINT ( 'NONE',  ( -61.94021443429603124, -134.4663771888908741, -28.12699122150821651 ) ) ;
#2198 = CARTESIAN_POINT ( 'NONE',  ( -61.76799881137075943, -108.1443498664187501, -31.15828609371759228 ) ) ;
#2199 = CARTESIAN_POINT ( 'NONE',  ( -4.117043969048538976, -1.770581009925843885, -6.073051222162735741 ) ) ;
#2200 = CARTESIAN_POINT ( 'NONE',  ( -61.82311814009374018, -117.8808973527475814, -30.93654430848842551 ) ) ;
#2201 = CARTESIAN_POINT ( 'NONE',  ( -49.21338878978292541, -148.1379953511317353, -28.95909220860584909 ) ) ;
#2202 = CARTESIAN_POINT ( 'NONE',  ( -47.55891899253042254, -88.66104941349217938, -33.04319093075837088 ) ) ;
#2203 = CARTESIAN_POINT ( 'NONE',  ( -64.39003672820510360, -117.8630040523427596, -31.08764203647066182 ) ) ;
#2204 = CARTESIAN_POINT ( 'NONE',  ( -64.56153168853711577, -127.5728376768474277, -29.10136358730545325 ) ) ;
#2205 = CARTESIAN_POINT ( 'NONE',  ( -2.488052323621004369, -4.321284894108658570, -11.26327342134836229 ) ) ;
#2206 = CARTESIAN_POINT ( 'NONE',  ( -31.31896610824805904, -72.95995418111249364, -31.50758469549061402 ) ) ;
#2207 = CARTESIAN_POINT ( 'NONE',  ( -64.98660367023326501, -124.8085990512789465, -26.77676142135910808 ) ) ;
#2208 = CARTESIAN_POINT ( 'NONE',  ( -60.18527887459287484, -106.2185429504992982, -30.23690264648606529 ) ) ;
#2209 = CARTESIAN_POINT ( 'NONE',  ( -61.92737146396210335, -121.9824729762794959, -31.30230477068699102 ) ) ;
#2210 = CARTESIAN_POINT ( 'NONE',  ( -66.00344126088646135, -105.6995499237076075, -30.25638132270797698 ) ) ;
#2211 = CARTESIAN_POINT ( 'NONE',  ( -59.23247976043167995, -134.6471742284159632, -26.33792458643491230 ) ) ;
#2212 = CARTESIAN_POINT ( 'NONE',  ( 2.100834888247755217, -2.593540310255659787, -4.371462200666019982 ) ) ;
#2213 = CARTESIAN_POINT ( 'NONE',  ( -61.22917844197427684, -130.1546659496259224, -31.63834607618489514 ) ) ;
#2214 = CARTESIAN_POINT ( 'NONE',  ( -2.899737436731892437, -1.696456640980665842, 0.000000000000000000 ) ) ;
#2215 = CARTESIAN_POINT ( 'NONE',  ( -63.31361373108468626, -131.0583860570434638, -27.83918876893643812 ) ) ;
#2216 = CARTESIAN_POINT ( 'NONE',  ( -57.90991655856444709, -128.2690552375378559, -30.54749750003304243 ) ) ;
#2217 = CARTESIAN_POINT ( 'NONE',  ( -12.63627714821651971, -63.09268302654081850, -29.73801628215753112 ) ) ;
#2218 = CARTESIAN_POINT ( 'NONE',  ( -59.72066016016593437, -99.69598207676224888, -26.87282435588135954 ) ) ;
#2219 = CARTESIAN_POINT ( 'NONE',  ( -7.980978725593621093, -57.48184140202692305, -27.66861972253403223 ) ) ;
#2220 = CARTESIAN_POINT ( 'NONE',  ( -62.95519393653348317, -107.8127813562741721, -25.74211937934299144 ) ) ;
#2221 = DIRECTION ( 'NONE',  ( -0.3074864685804383213, 0.7389083950399467637, 0.5995552146211567957 ) ) ;
#2222 = CARTESIAN_POINT ( 'NONE',  ( -65.63568844276530001, -114.3346827041674914, -25.70338361884353873 ) ) ;
#2223 = CARTESIAN_POINT ( 'NONE',  ( -55.38654285839713509, -88.41042315276101249, -33.62776123128952577 ) ) ;
#2224 = CARTESIAN_POINT ( 'NONE',  ( -66.27892759496357655, -118.9447327057992112, -26.65190630223096235 ) ) ;
#2225 = CARTESIAN_POINT ( 'NONE',  ( -62.58656398352731287, -118.7934089553040309, -25.48059153384842190 ) ) ;
#2226 = CARTESIAN_POINT ( 'NONE',  ( -38.12569773341394352, -74.83527614261547001, -34.95296708095565918 ) ) ;
#2227 = CARTESIAN_POINT ( 'NONE',  ( 1.710121537982443041, -8.892748279483868146, -10.82075362368664706 ) ) ;
#2228 = CARTESIAN_POINT ( 'NONE',  ( -0.05099716187924088762, -23.02666694157501226, -15.75028348464628891 ) ) ;
#2229 = CARTESIAN_POINT ( 'NONE',  ( -62.54034190899164258, -118.8300363800407524, -31.20655460918838031 ) ) ;
#2230 = CARTESIAN_POINT ( 'NONE',  ( 1.696456640980666730, -2.899737436731891993, 0.000000000000000000 ) ) ;
#2231 = CARTESIAN_POINT ( 'NONE',  ( -61.08186428525478817, -132.8189859956659973, -31.45933760695297821 ) ) ;
#2232 = CARTESIAN_POINT ( 'NONE',  ( -66.44508999082925982, -120.0000777501455786, -27.37488045883773324 ) ) ;
#2233 = CARTESIAN_POINT ( 'NONE',  ( -55.18564862932475990, -137.7832820070158277, -32.50319727559220695 ) ) ;
#2234 = CARTESIAN_POINT ( 'NONE',  ( -44.91502252124330141, -79.72434798190252536, -35.26567185916346148 ) ) ;
#2235 = CARTESIAN_POINT ( 'NONE',  ( -61.36711104630365554, -120.5503080648548320, -31.00634029321820861 ) ) ;
#2236 = APPROVAL_ROLE ( '' ) ;
#2237 = CARTESIAN_POINT ( 'NONE',  ( -1.991111208259363163, -40.40999202058430484, -23.33478336370978212 ) ) ;
#2238 = CARTESIAN_POINT ( 'NONE',  ( -54.76007459812308298, -95.14707632700262252, -32.15996326334079214 ) ) ;
#2239 = CARTESIAN_POINT ( 'NONE',  ( -63.60559341637735287, -122.2332087148691073, -31.17377843725261855 ) ) ;
#2240 = CARTESIAN_POINT ( 'NONE',  ( -60.59283401994708385, -137.6268780917539232, -29.93010116371988616 ) ) ;
#2241 = CARTESIAN_POINT ( 'NONE',  ( -60.50967137338715673, -134.2052757741811035, -31.59027879347493695 ) ) ;
#2242 = CARTESIAN_POINT ( 'NONE',  ( -2.150307319380904136, -9.342604751280987330, -7.844794856045181675 ) ) ;
#2243 = CARTESIAN_POINT ( 'NONE',  ( -66.96300180102396382, -116.0492730186070816, -28.88517235332047406 ) ) ;
#2244 = CARTESIAN_POINT ( 'NONE',  ( -60.94217930619827683, -111.3987313573618962, -29.96746003766856958 ) ) ;
#2245 = CARTESIAN_POINT ( 'NONE',  ( -62.75700755354151994, -109.0983326019100161, -31.39207984867183754 ) ) ;
#2246 = LOCAL_TIME ( 1, 44, 25.00000000000000000, #1206 ) ;
#2247 = CARTESIAN_POINT ( 'NONE',  ( -56.26577057148751493, -145.4068479066447708, -31.71261968897269412 ) ) ;
#2248 = CARTESIAN_POINT ( 'NONE',  ( -57.91255672461164750, -137.4907623740413953, -26.65217307896635290 ) ) ;
#2249 = CARTESIAN_POINT ( 'NONE',  ( 1.948147417196587572, -16.66877764700289077, -14.47398868688976670 ) ) ;
#2250 = CARTESIAN_POINT ( 'NONE',  ( -53.89788146100096355, -145.6555218327788452, -33.49027636355407367 ) ) ;
#2251 = CARTESIAN_POINT ( 'NONE',  ( -4.078108730256602144, -5.808683088918425774, -6.302523210750996085 ) ) ;
#2252 = CARTESIAN_POINT ( 'NONE',  ( 0.5529805281944385476, -41.35194207224369478, -28.99156972364313134 ) ) ;
#2253 = CARTESIAN_POINT ( 'NONE',  ( -51.20243217550722648, -142.7180817423440544, -32.36438497874090814 ) ) ;
#2254 = CARTESIAN_POINT ( 'NONE',  ( -5.246443485742783075, -53.30761138179649095, -26.18915745208453671 ) ) ;
#2255 = CARTESIAN_POINT ( 'NONE',  ( -34.84636041663438277, -74.97212381273789106, -31.38591728264592717 ) ) ;
#2256 = CARTESIAN_POINT ( 'NONE',  ( -60.53435770949600681, -110.1497289127798638, -29.26682647209953458 ) ) ;
#2257 = CARTESIAN_POINT ( 'NONE',  ( -51.10006167382555731, -86.75180897606482233, -29.15968200018919632 ) ) ;
#2258 = CARTESIAN_POINT ( 'NONE',  ( -59.94601018464253883, -103.5902467132876268, -31.01398340952122368 ) ) ;
#2259 = CARTESIAN_POINT ( 'NONE',  ( -63.45754819796456303, -125.8213464868200617, -25.86475428144788680 ) ) ;
#2260 = CARTESIAN_POINT ( 'NONE',  ( -66.28286711788409491, -107.1204910247583229, -30.11705927312056730 ) ) ;
#2261 = CARTESIAN_POINT ( 'NONE',  ( -52.78241339751132699, -151.0838962157066874, -29.60236257713304653 ) ) ;
#2262 = CARTESIAN_POINT ( 'NONE',  ( -45.33887152646985896, -81.09375655982772457, -30.76190064567286342 ) ) ;
#2263 = CARTESIAN_POINT ( 'NONE',  ( -28.93061564873047331, -69.13357791327615587, -34.95654073635526515 ) ) ;
#2264 = CARTESIAN_POINT ( 'NONE',  ( -56.06093608069708267, -96.71597670752844067, -31.90613702286512776 ) ) ;
#2265 = CARTESIAN_POINT ( 'NONE',  ( -9.601530542429719262, -57.03487425852893722, -27.98453539296124504 ) ) ;
#2266 = CARTESIAN_POINT ( 'NONE',  ( -54.05286827089145163, -141.8657556507104402, -33.23627495696931788 ) ) ;
#2267 = CARTESIAN_POINT ( 'NONE',  ( -59.40409674968149289, -103.9364708613419026, -28.15305236386620535 ) ) ;
#2268 = CARTESIAN_POINT ( 'NONE',  ( -65.20397928742985982, -118.0838626954833899, -30.73187946001370818 ) ) ;
#2269 = CARTESIAN_POINT ( 'NONE',  ( -62.32614776258095191, -133.5458859875876101, -28.04367888796718233 ) ) ;
#2270 = CARTESIAN_POINT ( 'NONE',  ( -0.4913512770069221602, -9.126172434840196246, -7.488413849966565117 ) ) ;
#2271 = CARTESIAN_POINT ( 'NONE',  ( -52.96662283539987470, -142.0859803174469675, -33.11121148964807759 ) ) ;
#2272 = CARTESIAN_POINT ( 'NONE',  ( -55.60393168682249865, -87.12200985079583404, -31.78090084535734761 ) ) ;
#2273 = CARTESIAN_POINT ( 'NONE',  ( -58.12309839233495978, -131.1593327014716976, -31.73635341393608300 ) ) ;
#2274 = CARTESIAN_POINT ( 'NONE',  ( -50.59283743651266718, -145.8322935287977486, -28.56829148668387575 ) ) ;
#2275 = CARTESIAN_POINT ( 'NONE',  ( -48.16101755029993114, -89.12711092234090415, -33.02798268584679420 ) ) ;
#2276 = CARTESIAN_POINT ( 'NONE',  ( -64.56317596864796826, -116.2395276778585611, -31.09185958864292942 ) ) ;
#2277 = CARTESIAN_POINT ( 'NONE',  ( -66.38449346744663160, -120.3483922229897303, -28.86285279703788120 ) ) ;
#2278 = CARTESIAN_POINT ( 'NONE',  ( -2.582571140278800303, -52.74229400226111864, -31.71258973106825962 ) ) ;
#2279 = CARTESIAN_POINT ( 'NONE',  ( -43.56585979242684914, -80.63846031149546434, -30.52411102958807732 ) ) ;
#2280 = CARTESIAN_POINT ( 'NONE',  ( -53.24282135207510436, -85.87258526058428743, -33.72906896215999950 ) ) ;
#2281 = CARTESIAN_POINT ( 'NONE',  ( -47.28876062917439782, -88.80023677158845885, -32.27781873780570265 ) ) ;
#2282 = CARTESIAN_POINT ( 'NONE',  ( -58.96461266366682707, -131.3463666016051548, -31.95448617707016936 ) ) ;
#2283 = CARTESIAN_POINT ( 'NONE',  ( -65.67733762838153666, -122.1404421807770717, -29.65674242079588296 ) ) ;
#2284 = CARTESIAN_POINT ( 'NONE',  ( -64.88914918307051494, -111.5630006925644437, -25.51624902032145670 ) ) ;
#2285 = CARTESIAN_POINT ( 'NONE',  ( -56.46442740863735565, -97.24827064152214007, -31.82463746498161683 ) ) ;
#2286 = CARTESIAN_POINT ( 'NONE',  ( -54.08490609571944674, -89.25311788110175826, -34.36445469182754664 ) ) ;
#2287 = CARTESIAN_POINT ( 'NONE',  ( -4.563469803502687050, -3.628130213369593182, -7.273725165704195028 ) ) ;
#2288 = CARTESIAN_POINT ( 'NONE',  ( -46.14533125387390555, -151.2528030701232353, -33.84518117150332728 ) ) ;
#2289 = CARTESIAN_POINT ( 'NONE',  ( -59.48665753824083424, -121.7814419594085678, -29.37207868005758016 ) ) ;
#2290 = CARTESIAN_POINT ( 'NONE',  ( -42.94408403581833511, -80.14983427742902222, -30.61991995200868644 ) ) ;
#2291 = CARTESIAN_POINT ( 'NONE',  ( -42.48418849406085940, -84.58876801529933687, -31.26258938740608073 ) ) ;
#2292 = CARTESIAN_POINT ( 'NONE',  ( -51.89296174889745572, -87.60373394481658238, -28.93551924148320964 ) ) ;
#2293 = CARTESIAN_POINT ( 'NONE',  ( -37.43372805518085755, -81.69204877277458365, -32.84350292329174437 ) ) ;
#2294 = CARTESIAN_POINT ( 'NONE',  ( -61.38703446102033467, -131.7076823610360634, -26.26479629204882116 ) ) ;
#2295 = CARTESIAN_POINT ( 'NONE',  ( -65.64401273383377600, -122.2917077662213643, -29.66049704101168416 ) ) ;
#2296 = CARTESIAN_POINT ( 'NONE',  ( -62.08063149268953396, -133.1923503138822014, -27.31241752735748918 ) ) ;
#2297 = CARTESIAN_POINT ( 'NONE',  ( -63.18651272152882115, -110.4878443912264743, -25.58781732838265910 ) ) ;
#2298 = CARTESIAN_POINT ( 'NONE',  ( -1.524129211928366257, -26.86139522451822970, -22.88190341093758917 ) ) ;
#2299 = CARTESIAN_POINT ( 'NONE',  ( -60.32464205383343625, -104.6728119367319323, -30.90598401328271905 ) ) ;
#2300 = CARTESIAN_POINT ( 'NONE',  ( -27.23158340012180645, -73.34766513614644623, -31.33563540361080513 ) ) ;
#2301 = CARTESIAN_POINT ( 'NONE',  ( -59.14154007279466896, -130.8961982999119584, -31.91177188653431784 ) ) ;
#2302 = CARTESIAN_POINT ( 'NONE',  ( -43.39823862504138674, -83.77047396352922703, -30.25246200918596884 ) ) ;
#2303 = CARTESIAN_POINT ( 'NONE',  ( -60.89499977431565014, -133.2786620094966850, -31.50171900583568885 ) ) ;
#2304 = CARTESIAN_POINT ( 'NONE',  ( -58.67293701497273162, -141.4219456917358286, -28.87866029659061340 ) ) ;
#2305 = CARTESIAN_POINT ( 'NONE',  ( -56.73907674597008111, -134.0756367702748548, -26.91830332818592453 ) ) ;
#2306 = CARTESIAN_POINT ( 'NONE',  ( 1.460183625401469287, -2.050752145091527812, -6.211372768329759708 ) ) ;
#2307 = CARTESIAN_POINT ( 'NONE',  ( -47.65183389898474076, -151.2186424344900786, -34.63596148877319791 ) ) ;
#2308 = CALENDAR_DATE ( 2026, 27, 7 ) ;
#2309 = CARTESIAN_POINT ( 'NONE',  ( -25.68708301310992326, -71.35323194869629049, -31.18125354037807284 ) ) ;
#2310 = CARTESIAN_POINT ( 'NONE',  ( -39.74656575677403936, -83.16894747580934677, -32.78656526660169135 ) ) ;
#2311 = CARTESIAN_POINT ( 'NONE',  ( -64.69741408424521012, -113.8875538607657063, -31.13231465362513006 ) ) ;
#2312 = CARTESIAN_POINT ( 'NONE',  ( -66.91102355656796874, -116.6128574520769376, -28.87495585702026446 ) ) ;
#2313 = CARTESIAN_POINT ( 'NONE',  ( -23.21655511485292323, -68.48058604217204959, -37.22898387319224867 ) ) ;
#2314 = CARTESIAN_POINT ( 'NONE',  ( -62.30553462450662039, -110.0941104542366418, -25.92331245236268700 ) ) ;
#2315 = CARTESIAN_POINT ( 'NONE',  ( 1.659861093884673178, -4.462421584329096191, -7.863868148790794876 ) ) ;
#2316 = CARTESIAN_POINT ( 'NONE',  ( -65.74311290808932995, -103.1420996842022362, -29.81546998959883865 ) ) ;
#2317 = CARTESIAN_POINT ( 'NONE',  ( -29.49967925898922871, -76.69115547254943976, -32.71670284390692984 ) ) ;
#2318 = CARTESIAN_POINT ( 'NONE',  ( -61.79336616439666585, -122.5574951040084954, -31.32705114097539223 ) ) ;
#2319 = CARTESIAN_POINT ( 'NONE',  ( -65.64401273383377600, -122.2917077662213643, -29.66049704101168416 ) ) ;
#2320 = CARTESIAN_POINT ( 'NONE',  ( -64.45719807796105272, -117.7279032890664610, -25.38763826609750396 ) ) ;
#2321 = CARTESIAN_POINT ( 'NONE',  ( -30.56875298154693255, -77.46479795354684939, -33.39480843588454917 ) ) ;
#2322 = CARTESIAN_POINT ( 'NONE',  ( -3.288666160231481506, -55.00109110644282140, -31.08325904050489896 ) ) ;
#2323 = CARTESIAN_POINT ( 'NONE',  ( -56.05054717514794760, -146.2782896323796251, -29.53855257814383251 ) ) ;
#2324 = CARTESIAN_POINT ( 'NONE',  ( -46.64727084890289888, -87.97013445134710707, -33.03620865082484670 ) ) ;
#2325 = CARTESIAN_POINT ( 'NONE',  ( -60.55424964797168741, -115.1570793838220652, -29.18379432510024785 ) ) ;
#2326 = CARTESIAN_POINT ( 'NONE',  ( -45.41658124998749457, -82.22164192357631407, -30.19614896645510882 ) ) ;
#2327 = CARTESIAN_POINT ( 'NONE',  ( -49.25241796278336182, -90.46446463851575004, -31.36598655091534127 ) ) ;
#2328 = CARTESIAN_POINT ( 'NONE',  ( -48.90808452044801413, -84.44419352996800399, -29.81181354068611356 ) ) ;
#2329 = CARTESIAN_POINT ( 'NONE',  ( -58.89925861250545580, -127.2953491571961138, -30.92831523907472757 ) ) ;
#2330 = CARTESIAN_POINT ( 'NONE',  ( -47.26313886016172461, -88.43533048530319718, -33.04246889892059613 ) ) ;
#2331 = CARTESIAN_POINT ( 'NONE',  ( -60.27029532350037755, -134.3718543079053234, -26.51153480946963725 ) ) ;
#2332 = CARTESIAN_POINT ( 'NONE',  ( -65.53773725707007713, -105.0766272013569420, -26.83203769187624843 ) ) ;
#2333 = CARTESIAN_POINT ( 'NONE',  ( -61.13165086445844310, -135.6563760643862793, -30.51717717367257166 ) ) ;
#2334 = CARTESIAN_POINT ( 'NONE',  ( -4.615739920727961021, -8.491833936905729630, -10.24110317767985734 ) ) ;
#2335 = CARTESIAN_POINT ( 'NONE',  ( -56.65366437239048736, -93.05842706063253900, -27.74373781047229670 ) ) ;
#2336 = CARTESIAN_POINT ( 'NONE',  ( -51.71985695407596495, -92.65487961016447116, -31.95355725265292790 ) ) ;
#2337 = CARTESIAN_POINT ( 'NONE',  ( -49.34210024599292410, -90.06740852608588455, -32.95530923887648811 ) ) ;
#2338 = CARTESIAN_POINT ( 'NONE',  ( -55.31708229825793666, -96.16876694544130544, -29.08630885246373410 ) ) ;
#2339 = CARTESIAN_POINT ( 'NONE',  ( 0.01066091405609496424, -3.475949813838052460, -9.690377629854381780 ) ) ;
#2340 = CARTESIAN_POINT ( 'NONE',  ( -56.83175100318455009, -98.40609237666399167, -28.77472641342092530 ) ) ;
#2341 = CARTESIAN_POINT ( 'NONE',  ( -55.56555436787054703, -144.3317263236163797, -32.83046527666164138 ) ) ;
#2342 = CARTESIAN_POINT ( 'NONE',  ( -65.54477883700049290, -124.0718711844855733, -27.46230580125378751 ) ) ;
#2343 = CARTESIAN_POINT ( 'NONE',  ( -56.43999315834569330, -134.7321791553002868, -26.99408061977905859 ) ) ;
#2344 = CARTESIAN_POINT ( 'NONE',  ( 1.245046435594020284, -4.449252341437818892, -9.007988032447066473 ) ) ;
#2345 = CARTESIAN_POINT ( 'NONE',  ( 1.724313752960384916, -6.556505545682364655, -7.802193380820268587 ) ) ;
#2346 = CARTESIAN_POINT ( 'NONE',  ( -52.54656368538774558, -142.8592291438863526, -33.22833676600896524 ) ) ;
#2347 = CARTESIAN_POINT ( 'NONE',  ( -23.05657853739320018, -69.44110905856277327, -31.05629474652795352 ) ) ;
#2348 = CARTESIAN_POINT ( 'NONE',  ( -33.35086087160618717, -79.17006018213513130, -33.15168822438909046 ) ) ;
#2349 = CARTESIAN_POINT ( 'NONE',  ( -1.903760326779913248, -53.23571838814064705, -30.22723183027401106 ) ) ;
#2350 = CARTESIAN_POINT ( 'NONE',  ( -62.29433017408174322, -133.7368156221589857, -29.55205803062979797 ) ) ;
#2351 = CARTESIAN_POINT ( 'NONE',  ( -51.51971634647811982, -88.54567418912898802, -28.82268296984749867 ) ) ;
#2352 = CARTESIAN_POINT ( 'NONE',  ( -66.13031569380730446, -104.5311386090881598, -29.64554435720018333 ) ) ;
#2353 = ORIENTED_EDGE ( 'NONE', *, *, #5263, .T. ) ;
#2354 = CARTESIAN_POINT ( 'NONE',  ( -45.48828878244461293, -87.33437153991465607, -32.21912059323005195 ) ) ;
#2355 = CARTESIAN_POINT ( 'NONE',  ( -61.96623032165901890, -121.8092719668700710, -31.29519922690077038 ) ) ;
#2356 = CARTESIAN_POINT ( 'NONE',  ( -65.09740234969886785, -124.5445106896898295, -29.73111392825963506 ) ) ;
#2357 = CARTESIAN_POINT ( 'NONE',  ( -7.285423792546924737, -50.98325094782942557, -29.48845671534077084 ) ) ;
#2358 = CARTESIAN_POINT ( 'NONE',  ( -49.05267898242976798, -89.83358404753982995, -32.97718258393858548 ) ) ;
#2359 = CARTESIAN_POINT ( 'NONE',  ( -39.46333037462360949, -80.75754606209366671, -36.40782614838652620 ) ) ;
#2360 = CARTESIAN_POINT ( 'NONE',  ( -4.533291633265883469, -3.372299211708952082, -6.947933881652239130 ) ) ;
#2361 = CARTESIAN_POINT ( 'NONE',  ( -11.22933719298864297, -63.17736387765427253, -30.71687205258428932 ) ) ;
#2362 = CARTESIAN_POINT ( 'NONE',  ( -57.29549226324409261, -99.74633304095164021, -30.12358689261638744 ) ) ;
#2363 = CARTESIAN_POINT ( 'NONE',  ( -52.29803633437314403, -89.39130928908879525, -28.64989957911788210 ) ) ;
#2364 = CARTESIAN_POINT ( 'NONE',  ( -49.52482290269622212, -90.71272043264598040, -31.34616005507268710 ) ) ;
#2365 = CARTESIAN_POINT ( 'NONE',  ( -39.50666726971211062, -76.85434061089378588, -31.66606962911334122 ) ) ;
#2366 = CARTESIAN_POINT ( 'NONE',  ( -60.08331473385384669, -123.3687432622122202, -30.65722491380450876 ) ) ;
#2367 = CARTESIAN_POINT ( 'NONE',  ( -43.44969263187661568, -85.65753068754477795, -32.90059550148065881 ) ) ;
#2368 = CARTESIAN_POINT ( 'NONE',  ( -4.170901145136737931, -6.808477813428055470, -7.441958254730805855 ) ) ;
#2369 = CARTESIAN_POINT ( 'NONE',  ( -66.11326486721144136, -115.6113423726973792, -26.18113739931698092 ) ) ;
#2370 = CARTESIAN_POINT ( 'NONE',  ( -56.33064083056007121, -145.2893702495900072, -31.69599412076810907 ) ) ;
#2371 = CARTESIAN_POINT ( 'NONE',  ( -3.984571151383779597, -14.25882352521860597, -15.26092606107362570 ) ) ;
#2372 = CARTESIAN_POINT ( 'NONE',  ( -42.97649622573916162, -85.38320632000694843, -32.07058924840286096 ) ) ;
#2373 = CARTESIAN_POINT ( 'NONE',  ( -40.41698306541100294, -83.60710123408566119, -32.79110430746327864 ) ) ;
#2374 = CARTESIAN_POINT ( 'NONE',  ( -59.96817896143904392, -119.6112453167250180, -27.76696873356712203 ) ) ;
#2375 = CARTESIAN_POINT ( 'NONE',  ( 1.113218352133690026, -11.75014256666809054, -15.71117093347696247 ) ) ;
#2376 = CARTESIAN_POINT ( 'NONE',  ( -48.52810427115627334, -88.75961805681131978, -30.03548625724362608 ) ) ;
#2377 = CARTESIAN_POINT ( 'NONE',  ( -2.163409774962869569, -0.1183089800705036110, -6.110541939421098689 ) ) ;
#2378 = CARTESIAN_POINT ( 'NONE',  ( -31.42841708459508965, -70.77631854498530117, -35.79651908044917263 ) ) ;
#2379 = CARTESIAN_POINT ( 'NONE',  ( -51.32261074593815664, -144.5758019452875374, -28.36432482160446611 ) ) ;
#2380 = CARTESIAN_POINT ( 'NONE',  ( 1.718267338136662659, -11.21226410741766166, -13.95465101324398027 ) ) ;
#2381 = CARTESIAN_POINT ( 'NONE',  ( -61.02377362694826246, -107.3287341258695022, -30.68882915466456041 ) ) ;
#2382 = CARTESIAN_POINT ( 'NONE',  ( -50.46838357205467673, -143.2489054534293302, -31.76520110028427268 ) ) ;
#2383 = CARTESIAN_POINT ( 'NONE',  ( -52.76151932308317782, -142.4649325834005822, -33.16829365226583803 ) ) ;
#2384 = CARTESIAN_POINT ( 'NONE',  ( -29.38134707116923749, -73.69099959586630177, -31.16363729066554811 ) ) ;
#2385 = CARTESIAN_POINT ( 'NONE',  ( -57.13970908641276480, -131.9420766125641364, -31.36502999619118626 ) ) ;
#2386 = CARTESIAN_POINT ( 'NONE',  ( 1.263899974907151558, -14.31537270586782640, -17.57457252399561298 ) ) ;
#2387 = CARTESIAN_POINT ( 'NONE',  ( -7.944693697384402675, -55.30685685109663297, -34.06750225586451108 ) ) ;
#2388 = CARTESIAN_POINT ( 'NONE',  ( -63.45754819796456303, -125.8213464868200617, -25.86475428144788680 ) ) ;
#2389 = CARTESIAN_POINT ( 'NONE',  ( -61.90806331660795792, -106.7049338335256579, -26.12663660782846264 ) ) ;
#2390 = CARTESIAN_POINT ( 'NONE',  ( 3.467980321642692321, -24.19754167229594799, -18.31979679504966896 ) ) ;
#2391 = CARTESIAN_POINT ( 'NONE',  ( -67.11346058928856451, -112.4864243023757524, -29.00228866090570534 ) ) ;
#2392 = VERTEX_POINT ( 'NONE', #5580 ) ;
#2393 = CARTESIAN_POINT ( 'NONE',  ( -59.80974325676110936, -121.9607443241637839, -30.10063945657237028 ) ) ;
#2394 = CARTESIAN_POINT ( 'NONE',  ( -53.22634780876467175, -143.3958842109838088, -33.46375451115143562 ) ) ;
#2395 = CARTESIAN_POINT ( 'NONE',  ( -2.903156627325714556, -8.364921881743059728, -14.63029326852473844 ) ) ;
#2396 = CARTESIAN_POINT ( 'NONE',  ( -53.24112127940399830, -146.2548660938544458, -27.85312857253085639 ) ) ;
#2397 = CARTESIAN_POINT ( 'NONE',  ( -55.21311510426497193, -95.67034831395561412, -32.07274485682113863 ) ) ;
#2398 = CARTESIAN_POINT ( 'NONE',  ( -20.04204900240972620, -68.33161335739431763, -36.61770762665914702 ) ) ;
#2399 = CARTESIAN_POINT ( 'NONE',  ( -47.48565966445852382, -159.9547884949736556, -31.86565423740633207 ) ) ;
#2400 = CARTESIAN_POINT ( 'NONE',  ( -27.04762895210917861, -75.26665255524052611, -33.61027187560634388 ) ) ;
#2401 = CARTESIAN_POINT ( 'NONE',  ( -53.77703962135269222, -94.93251530269290583, -30.79186418722590801 ) ) ;
#2402 = CARTESIAN_POINT ( 'NONE',  ( -60.66974512884859649, -123.4166790106624774, -26.01316507088501240 ) ) ;
#2403 = CARTESIAN_POINT ( 'NONE',  ( -58.74296633979180626, -102.7308195507008719, -29.79148183508533876 ) ) ;
#2404 = CARTESIAN_POINT ( 'NONE',  ( -60.64792417825989190, -126.3820274053147870, -25.81176007982351095 ) ) ;
#2405 = CARTESIAN_POINT ( 'NONE',  ( -57.53659112867536862, -130.9649818556746936, -31.26364862305906200 ) ) ;
#2406 = CARTESIAN_POINT ( 'NONE',  ( -52.35075639132437431, -92.67688196510259502, -32.58789122290375673 ) ) ;
#2407 = CARTESIAN_POINT ( 'NONE',  ( -52.58754229503297495, -149.0228928805601072, -28.44269571365411409 ) ) ;
#2408 = CARTESIAN_POINT ( 'NONE',  ( -65.81765411921864484, -118.1083929213794619, -26.15648928335787815 ) ) ;
#2409 = CARTESIAN_POINT ( 'NONE',  ( -66.38518596319916298, -118.1657019936549631, -29.61310081472033318 ) ) ;
#2410 = CARTESIAN_POINT ( 'NONE',  ( -14.15096681520878441, -58.60200834390587943, -33.73414661700668660 ) ) ;
#2411 = CARTESIAN_POINT ( 'NONE',  ( -50.17235186088178978, -148.1415411105684825, -28.48170601607705166 ) ) ;
#2412 = CARTESIAN_POINT ( 'NONE',  ( -39.05480418389114305, -82.60074069838809407, -31.98996498443996828 ) ) ;
#2413 = CARTESIAN_POINT ( 'NONE',  ( -50.75369549190745033, -91.24259575618751228, -32.81501291074545890 ) ) ;
#2414 = CARTESIAN_POINT ( 'NONE',  ( -60.40739010815963894, -116.9147889851184772, -27.69254593939716713 ) ) ;
#2415 = CARTESIAN_POINT ( 'NONE',  ( 0.1011332355645628012, -1.940437741461310761, -7.910151867583032015 ) ) ;
#2416 = CARTESIAN_POINT ( 'NONE',  ( -51.65986465443239695, -91.94810622859041871, -29.70309327019735335 ) ) ;
#2417 = CARTESIAN_POINT ( 'NONE',  ( -2.502421703682444321, -45.46859231452578598, -29.91044386822269985 ) ) ;
#2418 = CARTESIAN_POINT ( 'NONE',  ( -2.312263357577442058, -6.665233019037558826, -13.50922208549378567 ) ) ;
#2419 = CARTESIAN_POINT ( 'NONE',  ( -4.428009665980465748, -2.618563332866373106, -5.952982952438272690 ) ) ;
#2420 = CARTESIAN_POINT ( 'NONE',  ( -52.97377901959053048, -141.6300122327642441, -27.90941556952065028 ) ) ;
#2421 = CARTESIAN_POINT ( 'NONE',  ( 3.080706449156872306, -38.78893025448611809, -22.17583021652908926 ) ) ;
#2422 = CARTESIAN_POINT ( 'NONE',  ( -61.49303302067185228, -115.1602632262237762, -30.41952889615390276 ) ) ;
#2423 = CARTESIAN_POINT ( 'NONE',  ( 2.032854681604400415, -3.841251152466104823, -4.772692464770788234 ) ) ;
#2424 = CARTESIAN_POINT ( 'NONE',  ( -58.70874251711115477, -129.6477422025961630, -31.59232450879395770 ) ) ;
#2425 = CARTESIAN_POINT ( 'NONE',  ( -43.51890445656044903, -82.75121771389748915, -30.07092520594433083 ) ) ;
#2426 = CARTESIAN_POINT ( 'NONE',  ( 1.659251489644435917, -15.71262455688499138, -18.15996136120538651 ) ) ;
#2427 = CARTESIAN_POINT ( 'NONE',  ( -48.15180253421430479, -159.1446699737478525, -33.20570311915949446 ) ) ;
#2428 = CARTESIAN_POINT ( 'NONE',  ( -4.170901145136737931, -6.808477813428055470, -7.441958254730805855 ) ) ;
#2429 = CARTESIAN_POINT ( 'NONE',  ( -62.35010812481232279, -111.2029429137330396, -25.87861504924891065 ) ) ;
#2430 = CARTESIAN_POINT ( 'NONE',  ( -58.66353296466454736, -141.5769254400481998, -30.39151168819670090 ) ) ;
#2431 = CARTESIAN_POINT ( 'NONE',  ( -56.82084831591971152, -131.0971375942045540, -30.82297763208909558 ) ) ;
#2432 = CARTESIAN_POINT ( 'NONE',  ( 2.664898395494635697, -18.70022441637218691, -18.62362667413964346 ) ) ;
#2433 = CARTESIAN_POINT ( 'NONE',  ( -1.696456640980667396, 2.899737436731891993, 0.000000000000000000 ) ) ;
#2434 = CARTESIAN_POINT ( 'NONE',  ( -3.002294650438690926, -10.17404545360807511, -9.088555750452096405 ) ) ;
#2435 = CARTESIAN_POINT ( 'NONE',  ( 3.582259158313710667, -28.70361424385743021, -23.02869681782724243 ) ) ;
#2436 = CARTESIAN_POINT ( 'NONE',  ( -54.02184336891443195, -85.75656731498634144, -31.48139352684579251 ) ) ;
#2437 = CARTESIAN_POINT ( 'NONE',  ( 1.948147417196587572, -16.66877764700289077, -14.47398868688976670 ) ) ;
#2438 = CARTESIAN_POINT ( 'NONE',  ( -60.51552431392991593, -109.9459472429131779, -29.27479049695225299 ) ) ;
#2439 = CARTESIAN_POINT ( 'NONE',  ( -55.81737673312424164, -136.0618750179153835, -27.15385131830917942 ) ) ;
#2440 = CARTESIAN_POINT ( 'NONE',  ( -51.23489885792044873, -141.8672971576494888, -31.54626138326614537 ) ) ;
#2441 = CARTESIAN_POINT ( 'NONE',  ( -61.54289597721780325, -123.4075732023504912, -25.63785663450714480 ) ) ;
#2442 = CARTESIAN_POINT ( 'NONE',  ( -61.53394398706422663, -114.4460793837096304, -30.42293202664845353 ) ) ;
#2443 = CARTESIAN_POINT ( 'NONE',  ( -3.590057538668122383, -16.05432115704327600, -15.66413256006027410 ) ) ;
#2444 = CARTESIAN_POINT ( 'NONE',  ( -62.06846903440595753, -133.4438228054156070, -30.30996875821309544 ) ) ;
#2445 = CARTESIAN_POINT ( 'NONE',  ( -19.44433237872467402, -62.71659446659047177, -34.14680455713300233 ) ) ;
#2446 = CARTESIAN_POINT ( 'NONE',  ( -61.17466180979088364, -124.6984507965200919, -25.70661562446866810 ) ) ;
#2447 = CARTESIAN_POINT ( 'NONE',  ( 2.109912597246587307, -34.10707355582061950, -19.91107852480381979 ) ) ;
#2448 = CARTESIAN_POINT ( 'NONE',  ( -61.43517735851325767, -115.9026538681686986, -30.42032340739812568 ) ) ;
#2449 = CARTESIAN_POINT ( 'NONE',  ( -60.25374445641909915, -107.2799718444524615, -27.89589486756164405 ) ) ;
#2450 = CARTESIAN_POINT ( 'NONE',  ( 3.246962266842438716, -22.87964018196583993, -20.58043381947866379 ) ) ;
#2451 = CARTESIAN_POINT ( 'NONE',  ( -56.37611759106530229, -131.1177908820381219, -28.61264038234920548 ) ) ;
#2452 = CARTESIAN_POINT ( 'NONE',  ( -62.18708103625461092, -127.0739712009137037, -25.70146782380437500 ) ) ;
#2453 = CARTESIAN_POINT ( 'NONE',  ( -54.70183674091754966, -147.8687710775617177, -29.09479462935855665 ) ) ;
#2454 = CARTESIAN_POINT ( 'NONE',  ( -55.35046178178034637, -144.7244812798653300, -32.88730586004548684 ) ) ;
#2455 = CARTESIAN_POINT ( 'NONE',  ( -1.150870695527761667, -26.26193028861861833, -23.37702419019686673 ) ) ;
#2456 = CARTESIAN_POINT ( 'NONE',  ( -29.38134707116923749, -73.69099959586630177, -31.16363729066554811 ) ) ;
#2457 = CARTESIAN_POINT ( 'NONE',  ( -26.62659891465878204, -74.79529886589143928, -35.24582666378272933 ) ) ;
#2458 = CARTESIAN_POINT ( 'NONE',  ( -61.36469979289856269, -116.6250956523538491, -30.42606406589468193 ) ) ;
#2459 = CARTESIAN_POINT ( 'NONE',  ( 2.709143697002962980, -25.41918555677200331, -17.35315351780203486 ) ) ;
#2460 = CARTESIAN_POINT ( 'NONE',  ( -34.32706234103802245, -79.71275429216366604, -34.73366292893192764 ) ) ;
#2461 = CARTESIAN_POINT ( 'NONE',  ( -39.74958773307868398, -79.85777172280603509, -30.42754658589508310 ) ) ;
#2462 = CARTESIAN_POINT ( 'NONE',  ( -54.48357808252696088, -144.6028221137019898, -33.33168463356999922 ) ) ;
#2463 = CARTESIAN_POINT ( 'NONE',  ( -28.70588311610966770, -69.53278160716153877, -36.43450386268769847 ) ) ;
#2464 = CARTESIAN_POINT ( 'NONE',  ( -41.96676441815446168, -77.34522444552297316, -32.89561949667403695 ) ) ;
#2465 = CARTESIAN_POINT ( 'NONE',  ( -62.33709375851673684, -113.2549105043534468, -25.82218148019991943 ) ) ;
#2466 = CARTESIAN_POINT ( 'NONE',  ( -58.62796559816768394, -99.53618660260374895, -32.05593167120955655 ) ) ;
#2467 = CARTESIAN_POINT ( 'NONE',  ( -56.74482966888677282, -145.1764929857162940, -30.87539291365919425 ) ) ;
#2468 = CARTESIAN_POINT ( 'NONE',  ( -60.25300918782427573, -119.9406366846044278, -30.01132637500627354 ) ) ;
#2469 = CARTESIAN_POINT ( 'NONE',  ( 0.7897510842434567468, -10.38045532229304513, -15.09004393019958989 ) ) ;
#2470 = CARTESIAN_POINT ( 'NONE',  ( -0.6151775481711325710, -48.97532882283051947, -30.73629469896015109 ) ) ;
#2471 = CARTESIAN_POINT ( 'NONE',  ( -1.682145793540926082, -36.40347575456586071, -24.16514106185767474 ) ) ;
#2472 = CARTESIAN_POINT ( 'NONE',  ( -65.07348536409998019, -107.3784756258444020, -31.16260679216982510 ) ) ;
#2473 = CARTESIAN_POINT ( 'NONE',  ( -52.47106353685974511, -84.46410186101172712, -32.01459582983444818 ) ) ;
#2474 = CARTESIAN_POINT ( 'NONE',  ( -40.41698306541100294, -83.60710123408566119, -32.79110430746327864 ) ) ;
#2475 = CARTESIAN_POINT ( 'NONE',  ( -57.39553541612353627, -128.6083815886399293, -29.87068907518601790 ) ) ;
#2476 = CARTESIAN_POINT ( 'NONE',  ( -62.04341790354958874, -107.5362861241098642, -26.06734755944632909 ) ) ;
#2477 = CARTESIAN_POINT ( 'NONE',  ( -56.41875377729210328, -131.1044051030081334, -30.12042719655052991 ) ) ;
#2478 = CARTESIAN_POINT ( 'NONE',  ( -61.46520456839936486, -123.6896899221385979, -25.65196056289176241 ) ) ;
#2479 = APPROVAL_STATUS ( 'not_yet_approved' ) ;
#2480 = CARTESIAN_POINT ( 'NONE',  ( -58.61601562236651120, -128.1140702610990445, -30.99628952605011989 ) ) ;
#2481 = CARTESIAN_POINT ( 'NONE',  ( -4.045588437511835167, -12.62914323565987829, -12.74198623786303131 ) ) ;
#2482 = CARTESIAN_POINT ( 'NONE',  ( -65.20568174312805354, -103.6886928554135494, -26.98807726885575775 ) ) ;
#2483 = CARTESIAN_POINT ( 'NONE',  ( -2.772043837244946296, -51.94482134632715287, -32.05382964911244414 ) ) ;
#2484 = CARTESIAN_POINT ( 'NONE',  ( -4.458666271542942816, -5.019043701403036906, -6.552280854839028557 ) ) ;
#2485 = CARTESIAN_POINT ( 'NONE',  ( -0.8508480103472363387, -3.250000000000000444, 0.000000000000000000 ) ) ;
#2486 = CARTESIAN_POINT ( 'NONE',  ( -37.07584853322202889, -81.31027370458187420, -32.07346301988994952 ) ) ;
#2487 = CARTESIAN_POINT ( 'NONE',  ( -57.13970908641276480, -131.9420766125641364, -31.36502999619118626 ) ) ;
#2488 = CARTESIAN_POINT ( 'NONE',  ( -59.72772002068367669, -105.0237461071721441, -28.06006398666487556 ) ) ;
#2489 = CARTESIAN_POINT ( 'NONE',  ( -48.68614126625292471, -86.46864244753651008, -35.21170042188420268 ) ) ;
#2490 = CARTESIAN_POINT ( 'NONE',  ( -55.88622193396504656, -132.2790047885024194, -28.73944220836398245 ) ) ;
#2491 = CARTESIAN_POINT ( 'NONE',  ( -62.85549049081107142, -124.9326898415935148, -25.58118535134783045 ) ) ;
#2492 = CARTESIAN_POINT ( 'NONE',  ( -4.375612534421386535, -11.94393042049498455, -13.27300949637446337 ) ) ;
#2493 = CARTESIAN_POINT ( 'NONE',  ( -3.547149848536937267, -53.87934197623096111, -32.24522926667771117 ) ) ;
#2494 = CARTESIAN_POINT ( 'NONE',  ( -4.703756626345626302, -6.057186198179612902, -10.03463943868383268 ) ) ;
#2495 = CARTESIAN_POINT ( 'NONE',  ( -10.31753568885062222, -56.71964996793106906, -28.46931063728045785 ) ) ;
#2496 = CARTESIAN_POINT ( 'NONE',  ( -40.54046996449338280, -83.39235439138232664, -34.44436625408906139 ) ) ;
#2497 = CARTESIAN_POINT ( 'NONE',  ( -61.35281174289905692, -109.3513316181883255, -30.56807692383233643 ) ) ;
#2498 = CARTESIAN_POINT ( 'NONE',  ( -54.06405701450061940, -136.3905521981897095, -30.75388764685729370 ) ) ;
#2499 = CARTESIAN_POINT ( 'NONE',  ( -25.91792829092036143, -74.32907839952511608, -35.25759063872743582 ) ) ;
#2500 = CARTESIAN_POINT ( 'NONE',  ( -60.82391158904475503, -116.5742357348400731, -26.92076718857803286 ) ) ;
#2501 = CARTESIAN_POINT ( 'NONE',  ( 0.01380947110676616213, 1.759520337802780832, -3.088327853297832437 ) ) ;
#2502 = CARTESIAN_POINT ( 'NONE',  ( 0.02389430837998837362, -28.45591245394051327, -24.62347007412891031 ) ) ;
#2503 = CARTESIAN_POINT ( 'NONE',  ( -43.62704346818510714, -78.48797131211159694, -32.61116736912326530 ) ) ;
#2504 = CARTESIAN_POINT ( 'NONE',  ( -18.50759745736379713, -69.57137044157349237, -33.76712633344970271 ) ) ;
#2505 = CARTESIAN_POINT ( 'NONE',  ( -63.16349103315750568, -131.5517380105785605, -29.36844138853986408 ) ) ;
#2506 = CARTESIAN_POINT ( 'NONE',  ( -4.342220116381421136, -55.81153120398142420, -27.94428352765931933 ) ) ;
#2507 = CARTESIAN_POINT ( 'NONE',  ( -57.28474560043227370, -129.9303446624132050, -30.70451458612200568 ) ) ;
#2508 = CARTESIAN_POINT ( 'NONE',  ( -47.08810443017866731, -153.7012020873428355, -35.21894657801488648 ) ) ;
#2509 = CARTESIAN_POINT ( 'NONE',  ( 2.822605241156002975, -40.95337716083868429, -27.77481349106166419 ) ) ;
#2510 = CARTESIAN_POINT ( 'NONE',  ( -2.204724333696151284, -40.09443845118479999, -25.93223693648494432 ) ) ;
#2511 = CARTESIAN_POINT ( 'NONE',  ( -65.55232449207181844, -113.2389301459837014, -30.81147882367595514 ) ) ;
#2512 = EDGE_CURVE ( 'NONE', #3612, #2939, #2823, .T. ) ;
#2513 = CARTESIAN_POINT ( 'NONE',  ( -57.45594722717302716, -89.09978012654411827, -30.40711569789541002 ) ) ;
#2514 = CARTESIAN_POINT ( 'NONE',  ( -61.80067905366226455, -118.3795710688138314, -25.82561974219177259 ) ) ;
#2515 = CARTESIAN_POINT ( 'NONE',  ( -53.14611836169036252, -138.2484226712772113, -31.00793102333797790 ) ) ;
#2516 = CARTESIAN_POINT ( 'NONE',  ( -53.64967166822803080, -142.1140759201487072, -27.52643922692225686 ) ) ;
#2517 = CALENDAR_DATE ( 2026, 27, 7 ) ;
#2518 = CARTESIAN_POINT ( 'NONE',  ( -61.35281174289905692, -109.3513316181883255, -30.56807692383233643 ) ) ;
#2519 = CARTESIAN_POINT ( 'NONE',  ( -50.60602074782918436, -152.2427988060811970, -28.98224517817614654 ) ) ;
#2520 = CARTESIAN_POINT ( 'NONE',  ( -55.15947297944671845, -145.8395398854536609, -28.36985786374138030 ) ) ;
#2521 = CARTESIAN_POINT ( 'NONE',  ( -3.290551540139536879, -3.645498857601530585, -10.11411875440022889 ) ) ;
#2522 = CARTESIAN_POINT ( 'NONE',  ( -65.69578648747975080, -111.2591086686943527, -25.82404118006150995 ) ) ;
#2523 = CARTESIAN_POINT ( 'NONE',  ( -58.32019426869493373, -132.5379506497490922, -26.33452398034347652 ) ) ;
#2524 = CARTESIAN_POINT ( 'NONE',  ( -59.90849201568029514, -121.5422364482391231, -30.08018659532643113 ) ) ;
#2525 = CARTESIAN_POINT ( 'NONE',  ( -57.35843041755779126, -131.4071504989302639, -31.30862483104781546 ) ) ;
#2526 = CARTESIAN_POINT ( 'NONE',  ( -43.42645197084645048, -154.5489449674791729, -32.31243740307010626 ) ) ;
#2527 = CARTESIAN_POINT ( 'NONE',  ( -0.6793542273049111291, -51.62702213539041196, -28.47232939450335820 ) ) ;
#2528 = CARTESIAN_POINT ( 'NONE',  ( -59.23700865343826649, -122.7592250139329479, -27.91697227336140230 ) ) ;
#2529 = CARTESIAN_POINT ( 'NONE',  ( -58.13421400789629701, -137.0290577036962816, -26.59844897503288408 ) ) ;
#2530 = CARTESIAN_POINT ( 'NONE',  ( -61.47462863212794559, -115.4152204650863780, -30.41917018672549133 ) ) ;
#2531 = CARTESIAN_POINT ( 'NONE',  ( -55.37765984171798550, -146.6988042405401700, -28.91950975735429452 ) ) ;
#2532 = CARTESIAN_POINT ( 'NONE',  ( -49.55943246882834075, -82.31853297512678580, -33.11614280223866302 ) ) ;
#2533 = CARTESIAN_POINT ( 'NONE',  ( -32.19364873766728863, -75.32774222696200184, -31.04654876528121221 ) ) ;
#2534 = CARTESIAN_POINT ( 'NONE',  ( -60.58027825778469833, -121.3218590754015622, -30.55355774998364637 ) ) ;
#2535 = CARTESIAN_POINT ( 'NONE',  ( 0.2976523403217257724, -10.19133491295550265, -8.712822999137980418 ) ) ;
#2536 = CARTESIAN_POINT ( 'NONE',  ( 3.763745919249517069, -25.03174828952742459, -19.63622145241070172 ) ) ;
#2537 = CARTESIAN_POINT ( 'NONE',  ( -59.62258296928431633, -122.6798135959252676, -27.13401869410895983 ) ) ;
#2538 = CARTESIAN_POINT ( 'NONE',  ( -52.27877365829120748, -87.80370299312703253, -34.75758948106835078 ) ) ;
#2539 = CARTESIAN_POINT ( 'NONE',  ( -3.344060079045864331, 0.9508751851590097059, -1.644660744875040992 ) ) ;
#2540 = CARTESIAN_POINT ( 'NONE',  ( -1.842819548169229105, -42.06239498871012472, -28.23695690903695521 ) ) ;
#2541 = CARTESIAN_POINT ( 'NONE',  ( -42.59981878386960830, -85.01550338148267372, -33.66015860212826993 ) ) ;
#2542 = CARTESIAN_POINT ( 'NONE',  ( -65.63605412882567691, -123.7800307929115178, -28.93847037974153480 ) ) ;
#2543 = CARTESIAN_POINT ( 'NONE',  ( -47.23751709114904429, -88.07042419901792130, -33.80711906003549672 ) ) ;
#2544 = CARTESIAN_POINT ( 'NONE',  ( -53.71822362789567507, -137.9523706930016260, -31.65818788827942498 ) ) ;
#2545 = CARTESIAN_POINT ( 'NONE',  ( -52.06591171180244970, -145.4770992145015214, -33.78783762664971846 ) ) ;
#2546 = CARTESIAN_POINT ( 'NONE',  ( 0.8957726869821404092, -24.65812138950917642, -23.49999610628734104 ) ) ;
#2547 = CARTESIAN_POINT ( 'NONE',  ( -38.12337628740599627, -76.01528683299562772, -31.77539564709829634 ) ) ;
#2548 = CARTESIAN_POINT ( 'NONE',  ( -64.50984736321797186, -121.9960413938189419, -30.79401636397616571 ) ) ;
#2549 = CARTESIAN_POINT ( 'NONE',  ( -5.253383300806590661, -51.55851516980630578, -32.62212511039857787 ) ) ;
#2550 = CARTESIAN_POINT ( 'NONE',  ( -60.28582492695729655, -124.7444871110462117, -26.08987564127516734 ) ) ;
#2551 = CARTESIAN_POINT ( 'NONE',  ( -59.81613947168209222, -120.3227346530005804, -29.30356875130126681 ) ) ;
#2552 = CARTESIAN_POINT ( 'NONE',  ( -62.16248374739358695, -120.9210692603827795, -25.53480880355123617 ) ) ;
#2553 = CARTESIAN_POINT ( 'NONE',  ( 0.000000000000000000, 0.000000000000000000, 0.000000000000000000 ) ) ;
#2554 = CARTESIAN_POINT ( 'NONE',  ( -60.51839919083654706, -121.5964106181801156, -30.56568073879554248 ) ) ;
#2555 = CARTESIAN_POINT ( 'NONE',  ( -60.40852268844359685, -95.63818464469413527, -27.38509540022205613 ) ) ;
#2556 = CARTESIAN_POINT ( 'NONE',  ( -62.09313352482559623, -131.5526973845908003, -26.71358831806511347 ) ) ;
#2557 = CARTESIAN_POINT ( 'NONE',  ( 3.230704827340139307, -38.01469616676463659, -26.96416171131047790 ) ) ;
#2558 = CARTESIAN_POINT ( 'NONE',  ( -46.58463075177490964, -80.33116163699207846, -32.70916044126195033 ) ) ;
#2559 = CARTESIAN_POINT ( 'NONE',  ( -50.63832280442554179, -147.3670775528458421, -28.35140333938803181 ) ) ;
#2560 = CARTESIAN_POINT ( 'NONE',  ( -58.84314138906782432, -102.3153573543266361, -30.60136633021141250 ) ) ;
#2561 = CARTESIAN_POINT ( 'NONE',  ( -56.58147898817817634, -133.2662167053721589, -31.51049791751784568 ) ) ;
#2562 = CARTESIAN_POINT ( 'NONE',  ( -54.03609687751770707, -136.3314793994674119, -29.23612059592811718 ) ) ;
#2563 = CARTESIAN_POINT ( 'NONE',  ( 3.402584214479382307, -24.30810759797222786, -21.16464817388951047 ) ) ;
#2564 = CARTESIAN_POINT ( 'NONE',  ( -60.61717697465577004, -110.0406833865091158, -27.75834838117280512 ) ) ;
#2565 = CARTESIAN_POINT ( 'NONE',  ( -64.88991923084292068, -112.3165193476149142, -25.48461216244463756 ) ) ;
#2566 = CARTESIAN_POINT ( 'NONE',  ( -51.74188146172327407, -143.0286789538402843, -32.83430619241111970 ) ) ;
#2567 = CARTESIAN_POINT ( 'NONE',  ( -0.7832857751142402458, -34.05191092826989774, -25.51525363928688961 ) ) ;
#2568 = CARTESIAN_POINT ( 'NONE',  ( -55.21236234333498061, -86.82839683617181947, -31.09503746652008616 ) ) ;
#2569 = CARTESIAN_POINT ( 'NONE',  ( -6.720857105103067219, -51.62670717203634041, -27.06653453451172808 ) ) ;
#2570 = CARTESIAN_POINT ( 'NONE',  ( -54.45193612861022103, -137.8678263500087269, -32.08069258193581419 ) ) ;
#2571 = CARTESIAN_POINT ( 'NONE',  ( -55.29388421743238524, -134.4253746189351375, -28.19240332046601338 ) ) ;
#2572 = CARTESIAN_POINT ( 'NONE',  ( 3.168543689408930497, -20.86263976429591338, -17.79209615235510356 ) ) ;
#2573 = CARTESIAN_POINT ( 'NONE',  ( -58.75436748506131579, -125.6403078837485481, -27.32704293640742321 ) ) ;
#2574 = CARTESIAN_POINT ( 'NONE',  ( -40.52026655738194449, -81.31841774341526730, -36.30720218274711186 ) ) ;
#2575 = CARTESIAN_POINT ( 'NONE',  ( -53.78888117137856995, -85.54106252218404904, -32.34513062532643346 ) ) ;
#2576 = CARTESIAN_POINT ( 'NONE',  ( -1.678516446350750924, -30.69438345205758623, -22.79674589496407577 ) ) ;
#2577 = CARTESIAN_POINT ( 'NONE',  ( -34.39688592080147345, -79.97714074528730066, -33.83157713469497452 ) ) ;
#2578 = CARTESIAN_POINT ( 'NONE',  ( -66.27235155141822531, -120.9428873085369673, -28.87021629110298804 ) ) ;
#2579 = CARTESIAN_POINT ( 'NONE',  ( 1.687203050323811349, -8.125736862745004174, -11.21645685801349757 ) ) ;
#2580 = CARTESIAN_POINT ( 'NONE',  ( -44.70469880087367187, -153.4913849429218544, -34.27698854009555873 ) ) ;
#2581 = CARTESIAN_POINT ( 'NONE',  ( -63.83471445060897054, -105.6741580083472769, -31.63751876021751031 ) ) ;
#2582 = CARTESIAN_POINT ( 'NONE',  ( -66.98208598321923546, -109.6395844784462241, -29.17184557466393002 ) ) ;
#2583 = CARTESIAN_POINT ( 'NONE',  ( -44.08754056049637171, -80.06728498490022616, -31.02371847941942562 ) ) ;
#2584 = CARTESIAN_POINT ( 'NONE',  ( -64.63820929492577250, -121.3923830725491797, -30.77763358381733738 ) ) ;
#2585 = CARTESIAN_POINT ( 'NONE',  ( -43.00967690425276402, -78.09019305928224242, -35.10860292268486660 ) ) ;
#2586 = CARTESIAN_POINT ( 'NONE',  ( -6.359626359186199451, -51.04258046932230997, -26.89954021515767479 ) ) ;
#2587 = CARTESIAN_POINT ( 'NONE',  ( -60.60742034596759709, -111.1956768169695238, -29.23163835025843937 ) ) ;
#2588 = CARTESIAN_POINT ( 'NONE',  ( -1.824294733259192558, -6.013272437579799679, -4.286821714616885437 ) ) ;
#2589 = CARTESIAN_POINT ( 'NONE',  ( -61.24608034834732706, -117.6270474406479707, -30.43943697902938439 ) ) ;
#2590 = CARTESIAN_POINT ( 'NONE',  ( -62.52423376458754234, -99.72369846539449156, -26.65861796911524095 ) ) ;
#2591 = CARTESIAN_POINT ( 'NONE',  ( -60.68801607602038928, -134.9206693707047009, -27.01962011229383620 ) ) ;
#2592 = CARTESIAN_POINT ( 'NONE',  ( -3.295396411606235088, -3.924084698473988997, -10.42092250473217341 ) ) ;
#2593 = CARTESIAN_POINT ( 'NONE',  ( -57.20934963194059009, -90.02749381601805112, -28.98891688992993920 ) ) ;
#2594 = CARTESIAN_POINT ( 'NONE',  ( -1.355890510216420264, -27.54538001286767113, -18.88544191766720814 ) ) ;
#2595 = CARTESIAN_POINT ( 'NONE',  ( -46.81663577573101520, -87.07743311136323427, -34.49395609112781358 ) ) ;
#2596 = CARTESIAN_POINT ( 'NONE',  ( 1.520494886681292401, -5.999156857164427592, -6.169705318532135330 ) ) ;
#2597 = CARTESIAN_POINT ( 'NONE',  ( -37.54397465126069733, -80.53630909831298368, -35.99321542038314448 ) ) ;
#2598 = CARTESIAN_POINT ( 'NONE',  ( -57.91808052494484826, -127.0720719114309389, -28.22558767345042341 ) ) ;
#2599 = CARTESIAN_POINT ( 'NONE',  ( -64.88914918307051494, -111.5630006925644437, -25.51624902032145670 ) ) ;
#2600 = CARTESIAN_POINT ( 'NONE',  ( -52.22539895913263308, -142.1463072385591317, -32.69781999465252653 ) ) ;
#2601 = CARTESIAN_POINT ( 'NONE',  ( -23.97480445231412105, -65.86629974612343119, -34.18372163302695554 ) ) ;
#2602 = CARTESIAN_POINT ( 'NONE',  ( -52.47106353685974511, -84.46410186101172712, -32.01459582983444818 ) ) ;
#2603 = CARTESIAN_POINT ( 'NONE',  ( -13.53683406214527984, -60.56065264746980858, -29.46352226455885415 ) ) ;
#2604 = CARTESIAN_POINT ( 'NONE',  ( -45.00000000000002132, -157.9999999999999147, -32.99999999999995026 ) ) ;
#2605 = CARTESIAN_POINT ( 'NONE',  ( -56.16025895257113376, -132.4834036747087964, -27.96565859571988355 ) ) ;
#2606 = CARTESIAN_POINT ( 'NONE',  ( -38.45357104799246883, -82.18674272007373816, -34.48264118316224369 ) ) ;
#2607 = CARTESIAN_POINT ( 'NONE',  ( -55.97421714861080488, -132.9104449119557501, -28.01362127661240820 ) ) ;
#2608 = CARTESIAN_POINT ( 'NONE',  ( -62.58490562426990778, -99.78721449844357494, -32.08931362566642775 ) ) ;
#2609 = CARTESIAN_POINT ( 'NONE',  ( -52.83558867324146746, -84.78173124682039941, -32.65176198825141540 ) ) ;
#2610 = CARTESIAN_POINT ( 'NONE',  ( -64.35008453377406568, -105.9301076912056487, -25.90336691314135820 ) ) ;
#2611 = CARTESIAN_POINT ( 'NONE',  ( -60.69883979467181945, -120.7765928427459983, -30.53077815997724187 ) ) ;
#2612 = CARTESIAN_POINT ( 'NONE',  ( -50.26507874559334255, -90.33271585069604726, -33.61455495526866599 ) ) ;
#2613 = CARTESIAN_POINT ( 'NONE',  ( -32.96422235118276944, -72.26129053212773101, -36.54147657960022144 ) ) ;
#2614 = CARTESIAN_POINT ( 'NONE',  ( -9.029353748263728718, -61.55858166804409848, -30.56285606067555349 ) ) ;
#2615 = CARTESIAN_POINT ( 'NONE',  ( 3.250000000000000444, 0.000000000000000000, 0.000000000000000000 ) ) ;
#2616 = CARTESIAN_POINT ( 'NONE',  ( -53.96167099444668480, -90.35194566685993323, -34.31384212426416980 ) ) ;
#2617 = CARTESIAN_POINT ( 'NONE',  ( -49.88140772580175053, -83.63371223742980476, -34.66420593323828570 ) ) ;
#2618 = CARTESIAN_POINT ( 'NONE',  ( -63.66552796053491647, -125.3838899999542065, -30.92466905505979824 ) ) ;
#2619 = CARTESIAN_POINT ( 'NONE',  ( -61.20321487510707215, -135.2526291983852786, -27.50381770431625128 ) ) ;
#2620 = CARTESIAN_POINT ( 'NONE',  ( -51.46527963058864685, -144.3267486325049731, -28.32468632891034588 ) ) ;
#2621 = CARTESIAN_POINT ( 'NONE',  ( 2.241423516271351613, -22.71861472060051312, -16.19901270180203312 ) ) ;
#2622 = CARTESIAN_POINT ( 'NONE',  ( -51.02025687222764105, -146.7261366967052254, -28.24504259087430569 ) ) ;
#2623 = CALENDAR_DATE ( 2026, 27, 7 ) ;
#2624 = CARTESIAN_POINT ( 'NONE',  ( 1.717990033224553015, -3.744747658843263771, -7.057668427708497561 ) ) ;
#2625 = CARTESIAN_POINT ( 'NONE',  ( -21.26486843728187281, -67.27097557137453521, -37.06250008211188174 ) ) ;
#2626 = CARTESIAN_POINT ( 'NONE',  ( -21.45749103893844278, -64.31828612083708663, -33.36406178809777145 ) ) ;
#2627 = CARTESIAN_POINT ( 'NONE',  ( -63.88897760933162573, -126.4372065243949663, -26.37308697789402601 ) ) ;
#2628 = CARTESIAN_POINT ( 'NONE',  ( 0.3429106091681333179, -18.90193131924444714, -21.14390240235179519 ) ) ;
#2629 = CARTESIAN_POINT ( 'NONE',  ( -65.63430858759174669, -109.7685004727855613, -25.90839243445990903 ) ) ;
#2630 = CARTESIAN_POINT ( 'NONE',  ( -60.87243597802151385, -115.4539269414498222, -29.91694784261067497 ) ) ;
#2631 = CARTESIAN_POINT ( 'NONE',  ( -55.69733226499011636, -132.7157198115042149, -28.78862815435627098 ) ) ;
#2632 = CARTESIAN_POINT ( 'NONE',  ( -64.43006181753561634, -108.7877349301803065, -31.37603780264779729 ) ) ;
#2633 = CARTESIAN_POINT ( 'NONE',  ( 1.335981627867505406, -22.05747794978311660, -15.45264360131701231 ) ) ;
#2634 = CARTESIAN_POINT ( 'NONE',  ( -2.872378048227362868, -7.113390243276859870, -6.109594412627560089 ) ) ;
#2635 = CARTESIAN_POINT ( 'NONE',  ( -57.22951507498376600, -131.7236562311723844, -31.34179510152443981 ) ) ;
#2636 = CARTESIAN_POINT ( 'NONE',  ( -64.00782263029252306, -101.5011082259533026, -26.73152634793176574 ) ) ;
#2637 = CARTESIAN_POINT ( 'NONE',  ( -44.03598262522073270, -78.73780813553339897, -34.88330879455325828 ) ) ;
#2638 = CARTESIAN_POINT ( 'NONE',  ( -56.29811072999130062, -96.61116236086509446, -28.30370087003370827 ) ) ;
#2639 = CARTESIAN_POINT ( 'NONE',  ( 0.000000000000000000, 0.000000000000000000, 0.000000000000000000 ) ) ;
#2640 = CARTESIAN_POINT ( 'NONE',  ( -16.23802379154172471, -67.64672379352180087, -32.46707900977491335 ) ) ;
#2641 = CARTESIAN_POINT ( 'NONE',  ( -43.40982548110636685, -155.1173095313009469, -31.59515919902268521 ) ) ;
#2642 = CARTESIAN_POINT ( 'NONE',  ( -61.55281343943318717, -123.5277122477126426, -31.37326256336985608 ) ) ;
#2643 = CARTESIAN_POINT ( 'NONE',  ( -55.39404870791069158, -134.2068474538255600, -28.16582540917667998 ) ) ;
#2644 = CARTESIAN_POINT ( 'NONE',  ( -63.92678317723674297, -102.9916548459006549, -31.62999809280769981 ) ) ;
#2645 = CARTESIAN_POINT ( 'NONE',  ( -66.39720724184159906, -105.1640435998585161, -28.08859949400569533 ) ) ;
#2646 = CARTESIAN_POINT ( 'NONE',  ( -63.96024543184574895, -104.1446427256753537, -26.08395880639758957 ) ) ;
#2647 = CARTESIAN_POINT ( 'NONE',  ( -61.89048813174462538, -117.3644076629674657, -30.92908236247290787 ) ) ;
#2648 = CARTESIAN_POINT ( 'NONE',  ( -4.405966365807048035, -5.215245099692272568, -10.25670154019148939 ) ) ;
#2649 = CARTESIAN_POINT ( 'NONE',  ( -56.29567341708497707, -96.23490939621228790, -32.56500665838107977 ) ) ;
#2650 = CARTESIAN_POINT ( 'NONE',  ( -5.096034364144914619, -55.81626422514535335, -27.54246287119405778 ) ) ;
#2651 = CARTESIAN_POINT ( 'NONE',  ( -57.12047826314974230, -93.46147070217529063, -33.57747920157051880 ) ) ;
#2652 = CARTESIAN_POINT ( 'NONE',  ( -51.25792594598403440, -84.47378754564077497, -34.27711022723581635 ) ) ;
#2653 = CARTESIAN_POINT ( 'NONE',  ( -2.321163529395299907, -1.104253031690173303, -7.479909541738432033 ) ) ;
#2654 = CARTESIAN_POINT ( 'NONE',  ( -64.44501228988387709, -126.6567886025174516, -26.85880309462574900 ) ) ;
#2655 = CARTESIAN_POINT ( 'NONE',  ( -50.46838357205467673, -143.2489054534293302, -31.76520110028427268 ) ) ;
#2656 = CARTESIAN_POINT ( 'NONE',  ( -2.180334668532627251, -17.07583859816225313, -13.85345573871309277 ) ) ;
#2657 = CARTESIAN_POINT ( 'NONE',  ( 1.629018557650966370, -6.483864993102019803, -9.858746783199737962 ) ) ;
#2658 = CARTESIAN_POINT ( 'NONE',  ( -28.01983420851166429, -71.58236340071981374, -37.46844856491901510 ) ) ;
#2659 = CARTESIAN_POINT ( 'NONE',  ( -34.30659502783468184, -72.62606802559682251, -33.37919155842381969 ) ) ;
#2660 = CARTESIAN_POINT ( 'NONE',  ( -2.503928869255120482, -51.46617979760103623, -25.79711265035524548 ) ) ;
#2661 = CARTESIAN_POINT ( 'NONE',  ( -59.80055453227277695, -133.7667711412110805, -31.96794377583285396 ) ) ;
#2662 = CARTESIAN_POINT ( 'NONE',  ( -65.41765238287271700, -116.7326132350971193, -25.66211770882825860 ) ) ;
#2663 = CARTESIAN_POINT ( 'NONE',  ( -66.67390143140801229, -106.5936982195989629, -27.94076586906905035 ) ) ;
#2664 = CARTESIAN_POINT ( 'NONE',  ( -56.02256871647246328, -131.9602995526004179, -28.70399951424759877 ) ) ;
#2665 = CARTESIAN_POINT ( 'NONE',  ( -55.06237491325763500, -91.35752280643681900, -34.06714417150266172 ) ) ;
#2666 = CARTESIAN_POINT ( 'NONE',  ( 1.434984886982235697, -11.62151949425755504, -10.87918831321453439 ) ) ;
#2667 = CARTESIAN_POINT ( 'NONE',  ( 2.029221132464447575, -18.06194371617817040, -14.94979287511281463 ) ) ;
#2668 = CARTESIAN_POINT ( 'NONE',  ( -45.57022881998292974, -79.58920590655974081, -33.01208856761150656 ) ) ;
#2669 = CARTESIAN_POINT ( 'NONE',  ( -54.32243601788791665, -86.02162033296357890, -31.38261753696748713 ) ) ;
#2670 = CARTESIAN_POINT ( 'NONE',  ( -60.22134579464958648, -105.1612137255003887, -27.30128341765421851 ) ) ;
#2671 = CARTESIAN_POINT ( 'NONE',  ( -3.979552666994248700, -1.587017149715377107, -3.050686790553200023 ) ) ;
#2672 = CARTESIAN_POINT ( 'NONE',  ( 1.853817384116644984, -13.92997949288285753, -13.46281365850577849 ) ) ;
#2673 = CARTESIAN_POINT ( 'NONE',  ( 0.4817811854189092413, -6.596991757604526718, -5.325321590718214537 ) ) ;
#2674 = CARTESIAN_POINT ( 'NONE',  ( -61.63103692089654828, -104.1977382970701456, -31.79922495209500966 ) ) ;
#2675 = CARTESIAN_POINT ( 'NONE',  ( 0.2964781071238328791, -12.89222030096252247, -10.67014165233060119 ) ) ;
#2676 = CARTESIAN_POINT ( 'NONE',  ( -42.76061923383165464, -82.44957164155322005, -36.08823158942816178 ) ) ;
#2677 = CARTESIAN_POINT ( 'NONE',  ( -67.04191585281482446, -109.5882361472054924, -27.69149740343776855 ) ) ;
#2678 = CARTESIAN_POINT ( 'NONE',  ( -58.70874251711115477, -129.6477422025961630, -31.59232450879395770 ) ) ;
#2679 = CARTESIAN_POINT ( 'NONE',  ( -4.379623856044765340, -6.648349979307230484, -11.71246201237217655 ) ) ;
#2680 = CARTESIAN_POINT ( 'NONE',  ( -59.60479531430797095, -101.3909866918825315, -31.81152262306698120 ) ) ;
#2681 = CARTESIAN_POINT ( 'NONE',  ( -48.77798872024286680, -146.9482614297793361, -33.06764192038618688 ) ) ;
#2682 = CARTESIAN_POINT ( 'NONE',  ( -26.31067529686823292, -73.34296857686651094, -36.61173903228159787 ) ) ;
#2683 = CARTESIAN_POINT ( 'NONE',  ( -48.09450330887646174, -82.63353847144055919, -35.15602453595784027 ) ) ;
#2684 = CARTESIAN_POINT ( 'NONE',  ( 1.542651885240326592, -22.87904410297146640, -22.57774725642988400 ) ) ;
#2685 = CARTESIAN_POINT ( 'NONE',  ( -61.40474016237109112, -134.7909722118477021, -27.45942534517567069 ) ) ;
#2686 = CARTESIAN_POINT ( 'NONE',  ( -5.452834567802827159, -55.21707033105484896, -26.90733959846601309 ) ) ;
#2687 = CARTESIAN_POINT ( 'NONE',  ( -51.76441830156520751, -145.4570434033400659, -28.03922146423526485 ) ) ;
#2688 = CARTESIAN_POINT ( 'NONE',  ( -50.73734378871982642, -144.8206420361853191, -33.12156292929459056 ) ) ;
#2689 = CARTESIAN_POINT ( 'NONE',  ( -66.36212083837114051, -107.6027466398872292, -30.07398950419951333 ) ) ;
#2690 = CARTESIAN_POINT ( 'NONE',  ( -50.24427978176773024, -83.87233620292515468, -30.57715319920418651 ) ) ;
#2691 = CARTESIAN_POINT ( 'NONE',  ( 1.853817384116644984, -13.92997949288285753, -13.46281365850577849 ) ) ;
#2692 = CARTESIAN_POINT ( 'NONE',  ( 0.3762759273179897002, 2.551314907446276870, -1.590487456311302727 ) ) ;
#2693 = CARTESIAN_POINT ( 'NONE',  ( -56.63340674735329117, -141.8870863560121620, -27.38339404435505742 ) ) ;
#2694 = CARTESIAN_POINT ( 'NONE',  ( -65.65227330821062424, -102.3687468313090250, -28.42971713874355544 ) ) ;
#2695 = CARTESIAN_POINT ( 'NONE',  ( -50.59781053631895986, -89.70839021302447236, -34.20943567062610668 ) ) ;
#2696 = CARTESIAN_POINT ( 'NONE',  ( -43.14914415070799691, -155.8096656497333470, -34.75020295848666763 ) ) ;
#2697 = CARTESIAN_POINT ( 'NONE',  ( 1.335981627867505406, -22.05747794978311660, -15.45264360131701231 ) ) ;
#2698 = CARTESIAN_POINT ( 'NONE',  ( -64.69741408424521012, -113.8875538607657063, -31.13231465362513006 ) ) ;
#2699 = CARTESIAN_POINT ( 'NONE',  ( -46.92485177915494177, -149.0972770650616894, -31.26704951193698534 ) ) ;
#2700 = CARTESIAN_POINT ( 'NONE',  ( -6.881111980297877295, -50.43139821612341223, -29.33551210699842215 ) ) ;
#2701 = CARTESIAN_POINT ( 'NONE',  ( 0.000000000000000000, 0.000000000000000000, 0.000000000000000000 ) ) ;
#2702 = CARTESIAN_POINT ( 'NONE',  ( -27.64420743756384624, -68.25609084596017340, -34.17739164252358108 ) ) ;
#2703 = CARTESIAN_POINT ( 'NONE',  ( -59.18756751471855182, -92.31990767181778779, -32.57235913365035884 ) ) ;
#2704 = CARTESIAN_POINT ( 'NONE',  ( -57.57760639319041474, -142.7156126373806160, -28.35781057412237516 ) ) ;
#2705 = CARTESIAN_POINT ( 'NONE',  ( -53.71860755275145749, -93.29958491835853351, -28.81267729512160614 ) ) ;
#2706 = CARTESIAN_POINT ( 'NONE',  ( -4.627429953098328497, -5.753038720249000093, -8.577561115438435024 ) ) ;
#2707 = CARTESIAN_POINT ( 'NONE',  ( -5.096034364144914619, -55.81626422514535335, -27.54246287119405778 ) ) ;
#2708 = CARTESIAN_POINT ( 'NONE',  ( -62.95544179269396778, -114.9512292893883796, -31.18900459722736329 ) ) ;
#2709 = CARTESIAN_POINT ( 'NONE',  ( -50.32471696552333640, -144.0071611603570148, -29.56276515721845399 ) ) ;
#2710 = CARTESIAN_POINT ( 'NONE',  ( -57.07136295901288037, -141.5005615648038599, -32.43697200872571784 ) ) ;
#2711 = CARTESIAN_POINT ( 'NONE',  ( -67.15248424699700536, -112.7203687352755992, -27.50822576604700842 ) ) ;
#2712 = CARTESIAN_POINT ( 'NONE',  ( -61.08364997976836719, -121.8615447706972788, -31.05840926574378358 ) ) ;
#2713 = CARTESIAN_POINT ( 'NONE',  ( 1.885490928903168717, -36.90473979112651648, -27.52381724821928444 ) ) ;
#2714 = CARTESIAN_POINT ( 'NONE',  ( -62.04310046030754222, -110.2630693311867134, -31.04175151508660235 ) ) ;
#2715 = CC_DESIGN_APPROVAL ( #2101, ( #2950 ) ) ;
#2716 = CARTESIAN_POINT ( 'NONE',  ( -22.57508569499146134, -72.32826181571913082, -33.54567324579370080 ) ) ;
#2717 = CARTESIAN_POINT ( 'NONE',  ( -58.07745227646680775, -94.56189566298644422, -33.34136001455117793 ) ) ;
#2718 = CARTESIAN_POINT ( 'NONE',  ( -33.02504948881944102, -73.88555384525503200, -37.37183857630054007 ) ) ;
#2719 = CARTESIAN_POINT ( 'NONE',  ( -55.77195988297944496, -143.9521163044966841, -32.77608135148787483 ) ) ;
#2720 = CARTESIAN_POINT ( 'NONE',  ( -16.07162073468430563, -61.32179620678245868, -30.84995129690548410 ) ) ;
#2721 = CARTESIAN_POINT ( 'NONE',  ( -66.71815296066725409, -115.2990354114727012, -26.69164784233681331 ) ) ;
#2722 = CARTESIAN_POINT ( 'NONE',  ( -16.69966657959747991, -67.75932248377870337, -31.78081246346141242 ) ) ;
#2723 = CARTESIAN_POINT ( 'NONE',  ( -6.196622396199773952, -49.53114721857046021, -28.13891784937191431 ) ) ;
#2724 = CARTESIAN_POINT ( 'NONE',  ( -66.64802101313476612, -110.0804950093954773, -29.88579872195392539 ) ) ;
#2725 = CARTESIAN_POINT ( 'NONE',  ( -64.13816650058815583, -119.6325733814175578, -25.40469962301020956 ) ) ;
#2726 = CARTESIAN_POINT ( 'NONE',  ( 2.370139801262423962, -20.77108834668295856, -16.03297403269669985 ) ) ;
#2727 = CARTESIAN_POINT ( 'NONE',  ( 0.01380947110676616213, 1.759520337802780832, -3.088327853297832437 ) ) ;
#2728 = CARTESIAN_POINT ( 'NONE',  ( -53.21424084486468331, -147.9721755787599307, -28.27496168227001050 ) ) ;
#2729 = CARTESIAN_POINT ( 'NONE',  ( -65.88729528545391645, -122.6848091070136633, -27.42028046907273975 ) ) ;
#2730 = CARTESIAN_POINT ( 'NONE',  ( -50.42959677243827343, -144.0989704518936207, -32.58710260811771775 ) ) ;
#2731 = CARTESIAN_POINT ( 'NONE',  ( -43.42883915010318674, -85.34721720184234073, -31.29134786668542745 ) ) ;
#2732 = CARTESIAN_POINT ( 'NONE',  ( -63.93233983486062755, -120.6781143189467116, -31.12825028621792001 ) ) ;
#2733 = CARTESIAN_POINT ( 'NONE',  ( -4.215305655284839581, -51.45623338647492773, -25.55122396690304498 ) ) ;
#2734 = CARTESIAN_POINT ( 'NONE',  ( -52.85946964613675902, -146.9101506234403018, -27.95574987612561912 ) ) ;
#2735 = DIRECTION ( 'NONE',  ( -0.3074864685804383213, 0.7389083950399467637, 0.5995552146211567957 ) ) ;
#2736 = CARTESIAN_POINT ( 'NONE',  ( -59.66341220555067082, -135.7338584198615479, -26.65044566048871033 ) ) ;
#2737 = CARTESIAN_POINT ( 'NONE',  ( -57.61676225240240967, -90.57839268203088068, -33.01914221233109004 ) ) ;
#2738 = CARTESIAN_POINT ( 'NONE',  ( -59.09850336953456917, -139.7534526351666955, -27.98657730250855735 ) ) ;
#2739 = CARTESIAN_POINT ( 'NONE',  ( -60.82391158904475503, -116.5742357348400731, -26.92076718857803286 ) ) ;
#2740 = CARTESIAN_POINT ( 'NONE',  ( -1.063416072092511655, -29.60179656361838241, -23.96094875656460133 ) ) ;
#2741 = CARTESIAN_POINT ( 'NONE',  ( 0.5941479562982152629, -43.56614513308680614, -22.87682643171419627 ) ) ;
#2742 = CARTESIAN_POINT ( 'NONE',  ( -14.23189742941439739, -62.56120467527684070, -29.60282932719454152 ) ) ;
#2743 = CARTESIAN_POINT ( 'NONE',  ( -62.69619081648042425, -108.6645120068220223, -31.41906970327559989 ) ) ;
#2744 = CARTESIAN_POINT ( 'NONE',  ( -2.147433821730961867, -42.81535924043123487, -23.47765101888288797 ) ) ;
#2745 = CARTESIAN_POINT ( 'NONE',  ( -65.27406334389445419, -117.5258867998975632, -30.73210545556137419 ) ) ;
#2746 = CARTESIAN_POINT ( 'NONE',  ( -56.27080518523036545, -145.8865231760332506, -29.48178524178916149 ) ) ;
#2747 = CARTESIAN_POINT ( 'NONE',  ( -57.67751485867471928, -132.2592838445482073, -31.84899477206048957 ) ) ;
#2748 = CARTESIAN_POINT ( 'NONE',  ( -2.963241513927408644, -49.95452021407412246, -31.96134511293138303 ) ) ;
#2749 = CARTESIAN_POINT ( 'NONE',  ( -62.15488561701003078, -112.0413857050465367, -30.97407253853300446 ) ) ;
#2750 = CARTESIAN_POINT ( 'NONE',  ( -0.1130041306836798015, -27.37779826213062861, -17.68407741888622553 ) ) ;
#2751 = CARTESIAN_POINT ( 'NONE',  ( -36.76101194662572169, -81.27147695726408472, -32.88212243996962059 ) ) ;
#2752 = CARTESIAN_POINT ( 'NONE',  ( -63.72126156853489931, -121.7057546764064568, -31.15679570738312165 ) ) ;
#2753 = CARTESIAN_POINT ( 'NONE',  ( -65.77143717512294074, -123.2270615337726980, -28.92199717907085343 ) ) ;
#2754 = CARTESIAN_POINT ( 'NONE',  ( -56.40258752203727255, -142.7772639865374629, -32.61049671998652855 ) ) ;
#2755 = CARTESIAN_POINT ( 'NONE',  ( -8.112183739662899740, -52.30498291461625371, -28.89290664796108388 ) ) ;
#2756 = CARTESIAN_POINT ( 'NONE',  ( -65.44157935821553451, -123.0627631213012876, -26.71584363160701869 ) ) ;
#2757 = CARTESIAN_POINT ( 'NONE',  ( -0.2291220761828816899, -43.75274907924126921, -22.73602149976841957 ) ) ;
#2758 = CARTESIAN_POINT ( 'NONE',  ( -60.49097848563089030, -127.1545532837229615, -31.59737449267196396 ) ) ;
#2759 = CARTESIAN_POINT ( 'NONE',  ( -49.21579896249270547, -84.00665505674463418, -35.15277789907729300 ) ) ;
#2760 = CARTESIAN_POINT ( 'NONE',  ( -62.98645792958719625, -124.4780212170869191, -25.55893320544243252 ) ) ;
#2761 = CARTESIAN_POINT ( 'NONE',  ( 0.5941479562982152629, -43.56614513308680614, -22.87682643171419627 ) ) ;
#2762 = CARTESIAN_POINT ( 'NONE',  ( 2.250222317814206896, -18.48919746097929107, -19.42528687147406075 ) ) ;
#2763 = CARTESIAN_POINT ( 'NONE',  ( -60.36794255150320510, -134.1469601949982007, -26.48944934399851192 ) ) ;
#2764 = CARTESIAN_POINT ( 'NONE',  ( -63.64116515582880851, -130.1724155321374212, -27.77529336202280064 ) ) ;
#2765 = CARTESIAN_POINT ( 'NONE',  ( 1.758822410117960144, -4.559531368764784709, -6.818945683534300528 ) ) ;
#2766 = CARTESIAN_POINT ( 'NONE',  ( -48.41549452734609815, -89.70872667404054823, -31.41295732438321409 ) ) ;
#2767 = CARTESIAN_POINT ( 'NONE',  ( -58.37551715284782006, -97.19520338174928042, -27.25066712445079631 ) ) ;
#2768 = CARTESIAN_POINT ( 'NONE',  ( -6.361236757548875964, -55.11240040041808186, -26.82214853556897083 ) ) ;
#2769 = CARTESIAN_POINT ( 'NONE',  ( -5.757499012614778700, -48.78060132896727907, -28.86396500013873734 ) ) ;
#2770 = CARTESIAN_POINT ( 'NONE',  ( 1.758822410117960144, -4.559531368764784709, -6.818945683534300528 ) ) ;
#2771 = CARTESIAN_POINT ( 'NONE',  ( -65.32273531282802992, -106.8861399283672711, -26.12678447923319069 ) ) ;
#2772 = CARTESIAN_POINT ( 'NONE',  ( -50.27386978254531158, -84.61475070291447764, -34.90467568224951833 ) ) ;
#2773 = CARTESIAN_POINT ( 'NONE',  ( -65.44157935821553451, -123.0627631213012876, -26.71584363160701869 ) ) ;
#2774 = CARTESIAN_POINT ( 'NONE',  ( -61.49303302067185228, -115.1602632262237762, -30.41952889615390276 ) ) ;
#2775 = CARTESIAN_POINT ( 'NONE',  ( -59.35782230464585751, -123.6451614290860306, -27.19024523625978063 ) ) ;
#2776 = CARTESIAN_POINT ( 'NONE',  ( -31.76713389946576882, -70.89456098674266116, -35.01415815534600995 ) ) ;
#2777 = CARTESIAN_POINT ( 'NONE',  ( 1.680610951715433732, -5.753401383504606947, -8.091664324059072655 ) ) ;
#2778 = CARTESIAN_POINT ( 'NONE',  ( -40.91483556546412359, -81.75702559613804965, -30.38997346283353096 ) ) ;
#2779 = CARTESIAN_POINT ( 'NONE',  ( -51.18332551395166519, -90.16842692794487846, -34.12637091080778617 ) ) ;
#2780 = CARTESIAN_POINT ( 'NONE',  ( -51.43191245442261561, -142.0387844195929006, -29.24984506028603803 ) ) ;
#2781 = CARTESIAN_POINT ( 'NONE',  ( -60.31002687968452136, -134.6729568671188417, -31.63684944652081654 ) ) ;
#2782 = CARTESIAN_POINT ( 'NONE',  ( -66.83395317303995853, -117.4230122071254385, -27.38045553119155429 ) ) ;
#2783 = CARTESIAN_POINT ( 'NONE',  ( -56.51088025654605929, -134.9669127537314353, -32.15069908472222693 ) ) ;
#2784 = CARTESIAN_POINT ( 'NONE',  ( -52.19088802522102100, -84.29706006284098407, -32.86823888114660974 ) ) ;
#2785 = CARTESIAN_POINT ( 'NONE',  ( -62.09632348861197215, -110.9213785845484779, -31.01382306253373855 ) ) ;
#2786 = CARTESIAN_POINT ( 'NONE',  ( -0.7937293343783868860, -23.33823587004426159, -16.20486930967834027 ) ) ;
#2787 = CARTESIAN_POINT ( 'NONE',  ( -57.61175656330859596, -98.87602568298966332, -31.58565764765100425 ) ) ;
#2788 = CARTESIAN_POINT ( 'NONE',  ( -64.51710568039892735, -109.4956041178570558, -31.32885358991763169 ) ) ;
#2789 = CARTESIAN_POINT ( 'NONE',  ( -61.85895951515367130, -134.7747550213871932, -29.64592501547996406 ) ) ;
#2790 = CARTESIAN_POINT ( 'NONE',  ( -55.62904253999417392, -144.2150787882907537, -32.81377256289092514 ) ) ;
#2791 = CARTESIAN_POINT ( 'NONE',  ( -34.84636041663438277, -74.97212381273789106, -31.38591728264592717 ) ) ;
#2792 = CARTESIAN_POINT ( 'NONE',  ( -66.91102355656796874, -116.6128574520769376, -28.87495585702026446 ) ) ;
#2793 = CARTESIAN_POINT ( 'NONE',  ( -60.90460780957122466, -110.7724179720953259, -29.98682110827320102 ) ) ;
#2794 = CARTESIAN_POINT ( 'NONE',  ( -62.24680610342829823, -120.4770867892157753, -31.24826706534040355 ) ) ;
#2795 = CARTESIAN_POINT ( 'NONE',  ( -56.47652631756233177, -145.0244463056983761, -31.65828519391161677 ) ) ;
#2796 = CARTESIAN_POINT ( 'NONE',  ( -58.56457391709656690, -136.1141702655226311, -26.49537685020653299 ) ) ;
#2797 = CARTESIAN_POINT ( 'NONE',  ( -52.03418416316038275, -151.1202022045010835, -29.19889474523504447 ) ) ;
#2798 = CARTESIAN_POINT ( 'NONE',  ( -54.33842048285931980, -144.8651737299667559, -33.37089530799269710 ) ) ;
#2799 = CARTESIAN_POINT ( 'NONE',  ( -3.900535776426684365, -4.609505798625995965, -4.789181634526429754 ) ) ;
#2800 = CARTESIAN_POINT ( 'NONE',  ( -62.23122295490532707, -133.7750776003452700, -28.06398561665568891 ) ) ;
#2801 = CARTESIAN_POINT ( 'NONE',  ( -49.69356852040005634, -145.3838715275373090, -32.80057142214108268 ) ) ;
#2802 = CARTESIAN_POINT ( 'NONE',  ( -27.27341027472557400, -74.83399952950246359, -32.15356422615511178 ) ) ;
#2803 = CARTESIAN_POINT ( 'NONE',  ( -14.54193486948414993, -59.77464901358281679, -30.58495362598674205 ) ) ;
#2804 = CARTESIAN_POINT ( 'NONE',  ( -60.45261886059324752, -109.3393964837985095, -29.30005273535411803 ) ) ;
#2805 = CARTESIAN_POINT ( 'NONE',  ( -57.09349892844490881, -93.63926218504073518, -27.63436080873159284 ) ) ;
#2806 = CARTESIAN_POINT ( 'NONE',  ( -48.89008968901115537, -147.9786151506913825, -33.65626626535750177 ) ) ;
#2807 = CARTESIAN_POINT ( 'NONE',  ( -63.73738311530631506, -124.8751997644028080, -25.81930680027497971 ) ) ;
#2808 = CARTESIAN_POINT ( 'NONE',  ( -66.36212083837114051, -107.6027466398872292, -30.07398950419951333 ) ) ;
#2809 = CARTESIAN_POINT ( 'NONE',  ( -55.37765984171798550, -146.6988042405401700, -28.91950975735429452 ) ) ;
#2810 = CARTESIAN_POINT ( 'NONE',  ( -46.26788456953007511, -81.90737333739787118, -30.54040849320644213 ) ) ;
#2811 = CARTESIAN_POINT ( 'NONE',  ( -39.52749303780824874, -75.71481277686335432, -34.85900263380264619 ) ) ;
#2812 = CARTESIAN_POINT ( 'NONE',  ( -60.07739878348697715, -103.9475807305274344, -30.97715302742638954 ) ) ;
#2813 = CARTESIAN_POINT ( 'NONE',  ( -0.4616349600756176619, -36.51836420616479018, -21.04786190248854894 ) ) ;
#2814 = CARTESIAN_POINT ( 'NONE',  ( 0.8616350795476455104, 1.437681139101932404, -2.996467747243341861 ) ) ;
#2815 = CARTESIAN_POINT ( 'NONE',  ( -2.509432903062441156, -44.03517079228478792, -23.92194448300841714 ) ) ;
#2816 = CARTESIAN_POINT ( 'NONE',  ( -59.69229432274602942, -136.0878202497269740, -31.78278189095430761 ) ) ;
#2817 = CARTESIAN_POINT ( 'NONE',  ( -62.78764372688802808, -132.4077319279756466, -27.94652433462196228 ) ) ;
#2818 = CARTESIAN_POINT ( 'NONE',  ( 0.1691136365173294409, -4.686227119744505565, -2.453746385927865870 ) ) ;
#2819 = CARTESIAN_POINT ( 'NONE',  ( -1.382267414967623953, -51.96630065160348266, -26.96227477043004228 ) ) ;
#2820 = CARTESIAN_POINT ( 'NONE',  ( -44.54324150146458550, -79.50433150132573701, -35.36133787267942807 ) ) ;
#2821 = CARTESIAN_POINT ( 'NONE',  ( -58.86652642497740118, -129.2224841368009720, -31.55414840087645345 ) ) ;
#2822 = CARTESIAN_POINT ( 'NONE',  ( -50.44360228467380125, -146.0856352175815402, -28.61032136497918543 ) ) ;
#2823 = CIRCLE ( 'NONE', #4128, 3.250000000000007105 ) ;
#2824 = CARTESIAN_POINT ( 'NONE',  ( -50.19852918985458956, -90.77090412297214073, -32.87937904907305153 ) ) ;
#2825 = CARTESIAN_POINT ( 'NONE',  ( -58.56315516411571309, -136.5844122140512411, -32.26887814829748891 ) ) ;
#2826 = CARTESIAN_POINT ( 'NONE',  ( -66.27235155141822531, -120.9428873085369673, -28.87021629110298804 ) ) ;
#2827 = CARTESIAN_POINT ( 'NONE',  ( 0.3461452957920260198, -48.49685443826842857, -29.77939171089909465 ) ) ;
#2828 = CARTESIAN_POINT ( 'NONE',  ( -42.94408403581833511, -80.14983427742902222, -30.61991995200868644 ) ) ;
#2829 = CARTESIAN_POINT ( 'NONE',  ( -56.56215217380756854, -88.72687331463139060, -32.80536596583891651 ) ) ;
#2830 = CARTESIAN_POINT ( 'NONE',  ( -59.52169679010095393, -104.0355918673574962, -30.42573265155280637 ) ) ;
#2831 = CARTESIAN_POINT ( 'NONE',  ( -59.35234725607202932, -130.3494760729085726, -31.86123320238666423 ) ) ;
#2832 = CARTESIAN_POINT ( 'NONE',  ( -62.06846903440595753, -133.4438228054156070, -30.30996875821309544 ) ) ;
#2833 = CARTESIAN_POINT ( 'NONE',  ( -64.50593278287374233, -106.8373403606965866, -25.82239893580308987 ) ) ;
#2834 = CARTESIAN_POINT ( 'NONE',  ( -51.00143972068387654, -86.89545258137545147, -35.00428188415128261 ) ) ;
#2835 = CARTESIAN_POINT ( 'NONE',  ( -53.97506758538341387, -146.6734618547303626, -28.07305622405123913 ) ) ;
#2836 = CARTESIAN_POINT ( 'NONE',  ( -4.699837157912739372, -5.777007773481325437, -9.742410437092011932 ) ) ;
#2837 = CARTESIAN_POINT ( 'NONE',  ( -48.77798872024286680, -146.9482614297793361, -33.06764192038618688 ) ) ;
#2838 = CARTESIAN_POINT ( 'NONE',  ( -0.7602137557569205173, -42.60869119678643102, -22.47399140460134248 ) ) ;
#2839 = CARTESIAN_POINT ( 'NONE',  ( -20.86810078491123832, -65.70760025892050749, -31.35630404609642596 ) ) ;
#2840 = CARTESIAN_POINT ( 'NONE',  ( -53.77703962135269222, -94.93251530269290583, -30.79186418722590801 ) ) ;
#2841 = CARTESIAN_POINT ( 'NONE',  ( -55.23866527564113937, -91.31136306572280148, -28.08867620060216197 ) ) ;
#2842 = CARTESIAN_POINT ( 'NONE',  ( -56.95744204792561050, -132.3807830350940833, -31.41232732137705241 ) ) ;
#2843 = CARTESIAN_POINT ( 'NONE',  ( -61.02377362694826246, -107.3287341258695022, -30.68882915466456041 ) ) ;
#2844 = CARTESIAN_POINT ( 'NONE',  ( -65.18949226190117940, -118.3925282755954385, -25.65785255015342159 ) ) ;
#2845 = CARTESIAN_POINT ( 'NONE',  ( -63.93701601138870672, -99.57404457512566864, -31.07619188742257421 ) ) ;
#2846 = CARTESIAN_POINT ( 'NONE',  ( -62.26456170788162581, -132.7411375001567251, -27.27348537963192854 ) ) ;
#2847 = CARTESIAN_POINT ( 'NONE',  ( -62.50493748802517047, -105.2551398084256817, -25.94810566413852015 ) ) ;
#2848 = CARTESIAN_POINT ( 'NONE',  ( -3.440483248648555925, -48.26599210097524661, -31.11466423165253659 ) ) ;
#2849 = CARTESIAN_POINT ( 'NONE',  ( -33.35086087160618717, -79.17006018213513130, -33.15168822438909046 ) ) ;
#2850 = CARTESIAN_POINT ( 'NONE',  ( -42.45632815059823884, -82.97166751723433720, -30.29877253600144016 ) ) ;
#2851 = CARTESIAN_POINT ( 'NONE',  ( 0.05801150495851125494, -2.438904157259134120, -8.514172757807266123 ) ) ;
#2852 = CARTESIAN_POINT ( 'NONE',  ( -60.49345546264327567, -108.8309209906273054, -27.81074420554314486 ) ) ;
#2853 = CARTESIAN_POINT ( 'NONE',  ( -61.30614734547771150, -132.2579887762726685, -31.40894276862676193 ) ) ;
#2854 = CARTESIAN_POINT ( 'NONE',  ( -58.15413261497062791, -142.4233484549672539, -29.00586901110172988 ) ) ;
#2855 = CARTESIAN_POINT ( 'NONE',  ( -57.40443400247603023, -132.5650665458470598, -26.75263549030242061 ) ) ;
#2856 = CARTESIAN_POINT ( 'NONE',  ( 1.694042179194688913, -0.9519487693297199460, -4.702618347549201161 ) ) ;
#2857 = CARTESIAN_POINT ( 'NONE',  ( 1.423337630444970525, -2.278252909194062426, -6.504593734110242664 ) ) ;
#2858 = CARTESIAN_POINT ( 'NONE',  ( -52.27084263134962328, -91.68770754515283272, -29.06110580322613757 ) ) ;
#2859 = CARTESIAN_POINT ( 'NONE',  ( -49.05267898242976798, -89.83358404753982995, -32.97718258393858548 ) ) ;
#2860 = CARTESIAN_POINT ( 'NONE',  ( -55.74118068070316667, -142.2751686639455500, -32.99544857383938279 ) ) ;
#2861 = CARTESIAN_POINT ( 'NONE',  ( -62.98925950205322266, -132.0049040942506622, -29.40429173112199734 ) ) ;
#2862 = CARTESIAN_POINT ( 'NONE',  ( -21.26486843728187281, -67.27097557137453521, -37.06250008211188174 ) ) ;
#2863 = CARTESIAN_POINT ( 'NONE',  ( -53.56794764473804804, -90.79382043801780355, -28.37289227283894277 ) ) ;
#2864 = CARTESIAN_POINT ( 'NONE',  ( 1.417417988779312132, -43.37954118693233596, -23.01763136365996587 ) ) ;
#2865 = CARTESIAN_POINT ( 'NONE',  ( -48.09450330887646174, -82.63353847144055919, -35.15602453595784027 ) ) ;
#2866 = CARTESIAN_POINT ( 'NONE',  ( -38.72804100178004916, -82.38342621585303505, -31.99862941605453059 ) ) ;
#2867 = CARTESIAN_POINT ( 'NONE',  ( -56.97364081868443719, -136.0062515308766535, -32.45660673056942613 ) ) ;
#2868 = CARTESIAN_POINT ( 'NONE',  ( -61.73698604825467839, -134.2446957690673912, -30.38206465825423308 ) ) ;
#2869 = CARTESIAN_POINT ( 'NONE',  ( -62.18708103625461092, -127.0739712009137037, -25.70146782380437500 ) ) ;
#2870 = CARTESIAN_POINT ( 'NONE',  ( -29.16304963538197370, -76.59967945217584884, -33.50971571952332795 ) ) ;
#2871 = CARTESIAN_POINT ( 'NONE',  ( 3.331587043860507968, -27.14561250527908953, -22.77390419976530112 ) ) ;
#2872 = CARTESIAN_POINT ( 'NONE',  ( -3.250000000000000444, 0.8508480103472361167, 0.000000000000000000 ) ) ;
#2873 = CARTESIAN_POINT ( 'NONE',  ( -29.16304963538197370, -76.59967945217584884, -33.50971571952332795 ) ) ;
#2874 = CARTESIAN_POINT ( 'NONE',  ( -58.47664979390521722, -125.4437211485205665, -29.60473009198770100 ) ) ;
#2875 = CARTESIAN_POINT ( 'NONE',  ( -48.86513699754777207, -85.65759787087601751, -29.44226097525728036 ) ) ;
#2876 = CARTESIAN_POINT ( 'NONE',  ( -45.25562068312206776, -86.89298841890951053, -31.36983402175773250 ) ) ;
#2877 = CARTESIAN_POINT ( 'NONE',  ( -23.85084885051193737, -67.15142138599877342, -32.01066690230086209 ) ) ;
#2878 = CARTESIAN_POINT ( 'NONE',  ( -29.16304963538197370, -76.59967945217584884, -33.50971571952332795 ) ) ;
#2879 = CARTESIAN_POINT ( 'NONE',  ( -65.31327507802461696, -117.5489409808826906, -25.65760312519136477 ) ) ;
#2880 = CARTESIAN_POINT ( 'NONE',  ( -66.48803548621044968, -117.3133391469994251, -29.61952048297993656 ) ) ;
#2881 = CARTESIAN_POINT ( 'NONE',  ( -43.59738920254410743, -78.20552691536079237, -33.49405402653291475 ) ) ;
#2882 = CARTESIAN_POINT ( 'NONE',  ( -62.67893657135316232, -106.0951460006942852, -25.87396181939935502 ) ) ;
#2883 = CARTESIAN_POINT ( 'NONE',  ( -51.57425054542432008, -84.07772223154475455, -31.59821776174039698 ) ) ;
#2884 = CARTESIAN_POINT ( 'NONE',  ( -61.32628382633468789, -109.1442621064847174, -30.57881597031907717 ) ) ;
#2885 = CARTESIAN_POINT ( 'NONE',  ( -58.88191089553597379, -124.0369880815276673, -27.99678243554582480 ) ) ;
#2886 = CARTESIAN_POINT ( 'NONE',  ( -47.08810443017866731, -153.7012020873428355, -35.21894657801488648 ) ) ;
#2887 = CARTESIAN_POINT ( 'NONE',  ( -22.28649118765202530, -69.90837544298314299, -31.13495334076781162 ) ) ;
#2888 = CARTESIAN_POINT ( 'NONE',  ( -17.34140966514230442, -64.84740962821527432, -36.59899427611232170 ) ) ;
#2889 = CARTESIAN_POINT ( 'NONE',  ( -62.23122295490532707, -133.7750776003452700, -28.06398561665568891 ) ) ;
#2890 = CARTESIAN_POINT ( 'NONE',  ( -53.48854895523483322, -140.6731728597220581, -27.76987740290343254 ) ) ;
#2891 = CARTESIAN_POINT ( 'NONE',  ( -52.27397560280618194, -143.3561243282325677, -33.30522254479674160 ) ) ;
#2892 = CARTESIAN_POINT ( 'NONE',  ( -56.08616696488562070, -135.8940606653481495, -32.26266525962965659 ) ) ;
#2893 = APPROVAL_STATUS ( 'not_yet_approved' ) ;
#2894 = CARTESIAN_POINT ( 'NONE',  ( -7.461109237475401557, -52.77443310342290061, -27.38950679535916777 ) ) ;
#2895 = CARTESIAN_POINT ( 'NONE',  ( -61.17366899829345073, -108.1240519820998713, -30.63674688574682747 ) ) ;
#2896 = CARTESIAN_POINT ( 'NONE',  ( -61.22917844197427684, -130.1546659496259224, -31.63834607618489514 ) ) ;
#2897 = APPROVAL_DATE_TIME ( #7292, #4491 ) ;
#2898 = CARTESIAN_POINT ( 'NONE',  ( -59.17090412838841473, -140.5739868900195404, -30.26752252425185574 ) ) ;
#2899 = CARTESIAN_POINT ( 'NONE',  ( -62.36024170215025464, -112.1158207020050526, -25.84891524133658436 ) ) ;
#2900 = CARTESIAN_POINT ( 'NONE',  ( 2.768592140779927213, -20.13635070323034171, -16.45452570576469498 ) ) ;
#2901 = CARTESIAN_POINT ( 'NONE',  ( -59.76144263873951701, -92.20367776686914851, -31.87088051120556997 ) ) ;
#2902 = CARTESIAN_POINT ( 'NONE',  ( -35.05792399742449561, -80.04338749621618376, -32.21527824352936165 ) ) ;
#2903 = CARTESIAN_POINT ( 'NONE',  ( -62.07349086816969930, -121.3191129404023201, -31.27663498646920104 ) ) ;
#2904 = CARTESIAN_POINT ( 'NONE',  ( -66.57580646371079069, -116.4695197170142933, -29.63032619550585167 ) ) ;
#2905 = CARTESIAN_POINT ( 'NONE',  ( -54.11286036920004960, -144.7318088487974990, -27.62066272591344429 ) ) ;
#2906 = CARTESIAN_POINT ( 'NONE',  ( -39.74656575677403936, -83.16894747580934677, -32.78656526660169135 ) ) ;
#2907 = CARTESIAN_POINT ( 'NONE',  ( -0.6481625650294055019, -51.40545433221563343, -29.35883459978306931 ) ) ;
#2908 = CARTESIAN_POINT ( 'NONE',  ( -59.66132840163390227, -139.4497048779355737, -28.64136601301298768 ) ) ;
#2909 = CARTESIAN_POINT ( 'NONE',  ( -36.76101194662572169, -81.27147695726408472, -32.88212243996962059 ) ) ;
#2910 = CARTESIAN_POINT ( 'NONE',  ( -60.56768569857376860, -110.5605830656674300, -29.25184704347848808 ) ) ;
#2911 = CARTESIAN_POINT ( 'NONE',  ( -43.56585979242684914, -80.63846031149546434, -30.52411102958807732 ) ) ;
#2912 = CARTESIAN_POINT ( 'NONE',  ( -43.42883915010318674, -85.34721720184234073, -31.29134786668542745 ) ) ;
#2913 = CARTESIAN_POINT ( 'NONE',  ( -16.35571665628058824, -60.88609103118749744, -31.58954274376818461 ) ) ;
#2914 = CARTESIAN_POINT ( 'NONE',  ( -53.83111113474452480, -94.13811140364258279, -32.33285500187211170 ) ) ;
#2915 = CARTESIAN_POINT ( 'NONE',  ( -4.232750402608462359, -9.228547554392319441, -9.833271683335487623 ) ) ;
#2916 = CARTESIAN_POINT ( 'NONE',  ( -66.22339387001107980, -114.0038605417597921, -26.22225212711094144 ) ) ;
#2917 = CARTESIAN_POINT ( 'NONE',  ( -61.93073290131971476, -133.7790074729030039, -30.33971541086880208 ) ) ;
#2918 = CARTESIAN_POINT ( 'NONE',  ( -4.553850554898532188, -6.034274331367910804, -7.741804610906718231 ) ) ;
#2919 = CARTESIAN_POINT ( 'NONE',  ( -63.16332349472715890, -110.0335198840848818, -25.60975532301474544 ) ) ;
#2920 = CARTESIAN_POINT ( 'NONE',  ( -38.72804100178004916, -82.38342621585303505, -31.99862941605453059 ) ) ;
#2921 = CARTESIAN_POINT ( 'NONE',  ( -53.83111113474452480, -94.13811140364258279, -32.33285500187211170 ) ) ;
#2922 = CARTESIAN_POINT ( 'NONE',  ( -60.70738666633597092, -112.1377701161690652, -27.69772679873005927 ) ) ;
#2923 = CARTESIAN_POINT ( 'NONE',  ( -53.22634780876467175, -143.3958842109838088, -33.46375451115143562 ) ) ;
#2924 = CARTESIAN_POINT ( 'NONE',  ( -43.70323085756086101, -84.03969688062866794, -30.23957789708186183 ) ) ;
#2925 = CARTESIAN_POINT ( 'NONE',  ( -54.54237725189724983, -146.1770314268142101, -33.10247251840494442 ) ) ;
#2926 = CARTESIAN_POINT ( 'NONE',  ( -12.86855603125252756, -58.55626894111985337, -34.84640832891921036 ) ) ;
#2927 = CARTESIAN_POINT ( 'NONE',  ( -51.03372380365305361, -145.0764059822017202, -28.44481882376354420 ) ) ;
#2928 = CARTESIAN_POINT ( 'NONE',  ( 1.423337630444970525, -2.278252909194062426, -6.504593734110242664 ) ) ;
#2929 = CARTESIAN_POINT ( 'NONE',  ( -61.52410934812351684, -111.2673798840779540, -30.48765543433696479 ) ) ;
#2930 = CARTESIAN_POINT ( 'NONE',  ( -55.97325908755933455, -132.1726839923810246, -30.23687594371041598 ) ) ;
#2931 = CARTESIAN_POINT ( 'NONE',  ( -57.67751485867471928, -132.2592838445482073, -31.84899477206048957 ) ) ;
#2932 = CARTESIAN_POINT ( 'NONE',  ( -49.17965532905683546, -88.40943441044377948, -29.50243330071336700 ) ) ;
#2933 = CARTESIAN_POINT ( 'NONE',  ( -61.00828954436020268, -119.1750620943290500, -30.47534122173414772 ) ) ;
#2934 = CARTESIAN_POINT ( 'NONE',  ( 4.100869586139075373, -38.07903531439418998, -24.49135549872588413 ) ) ;
#2935 = CARTESIAN_POINT ( 'NONE',  ( -3.412645072221606402, -50.52848140102282315, -32.19506139137410372 ) ) ;
#2936 = CARTESIAN_POINT ( 'NONE',  ( -61.75932093591359262, -118.6179424719566384, -25.83080108591613921 ) ) ;
#2937 = CARTESIAN_POINT ( 'NONE',  ( 1.636908150470482548, -4.950297221326849240, -8.381135267297876723 ) ) ;
#2938 = CARTESIAN_POINT ( 'NONE',  ( -66.71200654992405532, -107.3803766280267382, -29.35152906343331125 ) ) ;
#2939 = VERTEX_POINT ( 'NONE', #2151 ) ;
#2940 = CARTESIAN_POINT ( 'NONE',  ( -40.67184973344544829, -83.70961465758429654, -31.98797742734313942 ) ) ;
#2941 = CARTESIAN_POINT ( 'NONE',  ( -2.762951015721542003, -54.69267670559504779, -29.92364273828441412 ) ) ;
#2942 = CARTESIAN_POINT ( 'NONE',  ( -59.09369957743410140, -140.0273016550189311, -30.99757550570553022 ) ) ;
#2943 = CARTESIAN_POINT ( 'NONE',  ( -8.113137986503700105, -52.06447657302357612, -29.77746034288480814 ) ) ;
#2944 = CARTESIAN_POINT ( 'NONE',  ( -54.76007459812308298, -95.14707632700262252, -32.15996326334079214 ) ) ;
#2945 = CARTESIAN_POINT ( 'NONE',  ( -40.52026655738194449, -81.31841774341526730, -36.30720218274711186 ) ) ;
#2946 = CARTESIAN_POINT ( 'NONE',  ( -60.13091561053863643, -138.4788666500600982, -28.53128037140008288 ) ) ;
#2947 = CARTESIAN_POINT ( 'NONE',  ( 3.172836915900966837, -30.63320234797646791, -19.63488732795833869 ) ) ;
#2948 = CARTESIAN_POINT ( 'NONE',  ( -59.64261522837698948, -121.1136333814266948, -29.33921178423898368 ) ) ;
#2949 = CARTESIAN_POINT ( 'NONE',  ( -62.35579274620666013, -112.5737784285668965, -25.83674351638872224 ) ) ;
#2950 = PRODUCT_DEFINITION ( '未知', '', #5787, #944 ) ;
#2951 = CARTESIAN_POINT ( 'NONE',  ( -59.49078367768432685, -104.8138614054433759, -29.59598813833160946 ) ) ;
#2952 = CARTESIAN_POINT ( 'NONE',  ( -28.98902257332476040, -70.65797689714388241, -32.03210547729581492 ) ) ;
#2953 = CARTESIAN_POINT ( 'NONE',  ( -50.19852918985458956, -90.77090412297214073, -32.87937904907305153 ) ) ;
#2954 = CARTESIAN_POINT ( 'NONE',  ( -53.21424084486468331, -147.9721755787599307, -28.27496168227001050 ) ) ;
#2955 = CARTESIAN_POINT ( 'NONE',  ( -66.30452015368669549, -118.7407973140460200, -29.61235256533366211 ) ) ;
#2956 = CARTESIAN_POINT ( 'NONE',  ( -8.754181410572956068, -53.66143710403972023, -32.57535545407975519 ) ) ;
#2957 = CARTESIAN_POINT ( 'NONE',  ( -56.52649357424032672, -136.5003796508923983, -26.77618633595391628 ) ) ;
#2958 = CARTESIAN_POINT ( 'NONE',  ( -3.639488231413520847, -52.13984600230308786, -25.74790126165733994 ) ) ;
#2959 = CARTESIAN_POINT ( 'NONE',  ( -61.52204934350243093, -114.6828072374986078, -30.42135650220134480 ) ) ;
#2960 = CARTESIAN_POINT ( 'NONE',  ( -60.66932906721840624, -110.8681093288642501, -27.73014309999387450 ) ) ;
#2961 = CARTESIAN_POINT ( 'NONE',  ( -54.18677328285447459, -141.6134374988988611, -33.19972474196723766 ) ) ;
#2962 = CARTESIAN_POINT ( 'NONE',  ( -32.85065243764789500, -76.66056945865629757, -31.06793694879918988 ) ) ;
#2963 = CARTESIAN_POINT ( 'NONE',  ( -56.47499038153580386, -144.7466361122876606, -28.63638960846376591 ) ) ;
#2964 = CARTESIAN_POINT ( 'NONE',  ( -0.003138797528745487092, -14.44413991375223105, -18.64708291075559643 ) ) ;
#2965 = PERSON_AND_ORGANIZATION_ROLE ( 'classification_officer' ) ;
#2966 = CARTESIAN_POINT ( 'NONE',  ( -0.2567489204791153501, -30.40201374111834554, -24.99138152204745822 ) ) ;
#2967 = CARTESIAN_POINT ( 'NONE',  ( 0.4599288108669988828, -3.932926677531253912, -1.277226169519886101 ) ) ;
#2968 = CARTESIAN_POINT ( 'NONE',  ( 2.517990967589572193, -41.70634141255478511, -23.01550760090258407 ) ) ;
#2969 = CARTESIAN_POINT ( 'NONE',  ( -61.24608034834732706, -117.6270474406479707, -30.43943697902938439 ) ) ;
#2970 = CARTESIAN_POINT ( 'NONE',  ( 1.733040025641074955, -9.659759696222733893, -10.42505038935979300 ) ) ;
#2971 = CARTESIAN_POINT ( 'NONE',  ( -52.48446667260378007, -142.9729882521291415, -33.24589779161109249 ) ) ;
#2972 = CARTESIAN_POINT ( 'NONE',  ( -44.43250632444486570, -83.56856084076238744, -29.98570941778907439 ) ) ;
#2973 = CARTESIAN_POINT ( 'NONE',  ( -60.27555115660912577, -122.6157386547529740, -30.61592340252845190 ) ) ;
#2974 = CARTESIAN_POINT ( 'NONE',  ( 3.996318207732913130, -31.83036595193639684, -23.45351712746003159 ) ) ;
#2975 = CARTESIAN_POINT ( 'NONE',  ( -2.899737436731891549, 1.696456640980668062, 0.000000000000000000 ) ) ;
#2976 = CARTESIAN_POINT ( 'NONE',  ( -39.92783565588601391, -76.01232260546271391, -33.14876739399132077 ) ) ;
#2977 = CARTESIAN_POINT ( 'NONE',  ( -61.82948746478833613, -106.2827606579377857, -26.15924333341877883 ) ) ;
#2978 = CARTESIAN_POINT ( 'NONE',  ( 2.616622596280356206, -37.65537436499742796, -21.29567956523147743 ) ) ;
#2979 = CARTESIAN_POINT ( 'NONE',  ( -65.81090740970677189, -123.0618583413023686, -28.91706327798477005 ) ) ;
#2980 = CARTESIAN_POINT ( 'NONE',  ( -59.59580188806921797, -122.8224529590514180, -30.14777670420657785 ) ) ;
#2981 = CARTESIAN_POINT ( 'NONE',  ( 0.3559958713944161302, -0.2887690117872866447, -5.710037658911232050 ) ) ;
#2982 = CARTESIAN_POINT ( 'NONE',  ( -3.133820468461595343, -1.515712348619627781, -7.528422785838295717 ) ) ;
#2983 = CARTESIAN_POINT ( 'NONE',  ( -53.68109386976436781, -145.4905751201395105, -27.73545830692966163 ) ) ;
#2984 = CARTESIAN_POINT ( 'NONE',  ( -19.06747018729758025, -67.71122298785007843, -36.47706574088046239 ) ) ;
#2985 = CARTESIAN_POINT ( 'NONE',  ( -1.679774014458028430, -20.52277227068388754, -21.28276352736545718 ) ) ;
#2986 = CARTESIAN_POINT ( 'NONE',  ( -60.61701579071445423, -111.3956645684472875, -29.22645846058190600 ) ) ;
#2987 = CARTESIAN_POINT ( 'NONE',  ( -56.73907674597008111, -134.0756367702748548, -26.91830332818592453 ) ) ;
#2988 = CARTESIAN_POINT ( 'NONE',  ( -56.24322665039584734, -131.5297242274011182, -30.16599221697985556 ) ) ;
#2989 = CARTESIAN_POINT ( 'NONE',  ( -63.20514806271133779, -112.8148217918729728, -25.50329361008670048 ) ) ;
#2990 = CARTESIAN_POINT ( 'NONE',  ( -59.22396835168789408, -101.8531720231045767, -31.20644447663919507 ) ) ;
#2991 = CARTESIAN_POINT ( 'NONE',  ( -57.63921845123397247, -139.9461964107621554, -27.13258840022196239 ) ) ;
#2992 = CARTESIAN_POINT ( 'NONE',  ( -63.50682799426977709, -129.6915000581998072, -30.00859390954243366 ) ) ;
#2993 = CARTESIAN_POINT ( 'NONE',  ( -2.328787193462579008, -23.21599850846221713, -20.96525504130869422 ) ) ;
#2994 = CARTESIAN_POINT ( 'NONE',  ( -46.11307154819071030, -154.5679830333108669, -29.64075705452532716 ) ) ;
#2995 = CARTESIAN_POINT ( 'NONE',  ( -45.48828878244461293, -87.33437153991465607, -32.21912059323005195 ) ) ;
#2996 = CARTESIAN_POINT ( 'NONE',  ( -60.91389533634385600, -119.7024035059664726, -30.49139087883704846 ) ) ;
#2997 = CARTESIAN_POINT ( 'NONE',  ( -60.62409307553923554, -114.7938529196448059, -27.67305953913882632 ) ) ;
#2998 = CARTESIAN_POINT ( 'NONE',  ( 1.677336187781662824, -47.00436329726714746, -26.45739471013648370 ) ) ;
#2999 = CARTESIAN_POINT ( 'NONE',  ( -59.63710353282176158, -121.1589154230389198, -27.83228987825100020 ) ) ;
#3000 = CARTESIAN_POINT ( 'NONE',  ( -62.51136334336794675, -126.0654464393493583, -25.64153266185767066 ) ) ;
#3001 = CARTESIAN_POINT ( 'NONE',  ( -55.45865890915438001, -146.5567708796978650, -28.89835289408306096 ) ) ;
#3002 = CARTESIAN_POINT ( 'NONE',  ( -1.417736626674549694, -10.46310422092816061, -16.35772872004442036 ) ) ;
#3003 = CARTESIAN_POINT ( 'NONE',  ( 0.9799428869685464782, -38.63360181170953211, -28.14571251206771407 ) ) ;
#3004 = CARTESIAN_POINT ( 'NONE',  ( -42.58232030679260305, -81.96427847552018875, -30.15889485875873177 ) ) ;
#3005 = CARTESIAN_POINT ( 'NONE',  ( -22.11179649615345610, -71.79548546394218533, -35.12122180703269692 ) ) ;
#3006 = CARTESIAN_POINT ( 'NONE',  ( -60.61047331170037467, -121.1851324612991618, -30.54770690906922681 ) ) ;
#3007 = CARTESIAN_POINT ( 'NONE',  ( -50.61003210130778029, -142.9960842521481652, -31.72445104112401992 ) ) ;
#3008 = CARTESIAN_POINT ( 'NONE',  ( -43.38419937171234153, -85.01890033522091983, -34.47463628073338526 ) ) ;
#3009 = CARTESIAN_POINT ( 'NONE',  ( -11.21398677612600636, -57.82911045952312890, -28.76334216185431103 ) ) ;
#3010 = CARTESIAN_POINT ( 'NONE',  ( -50.02525927415602780, -152.2057992718625030, -34.56662596222037109 ) ) ;
#3011 = CARTESIAN_POINT ( 'NONE',  ( -4.402733774614559614, -6.067541135839529254, -11.14190073129751468 ) ) ;
#3012 = CARTESIAN_POINT ( 'NONE',  ( -35.72408944173745482, -73.45996347161133144, -33.36399908825305261 ) ) ;
#3013 = CARTESIAN_POINT ( 'NONE',  ( -61.66632889436738907, -119.1319094181784948, -25.84298839507746592 ) ) ;
#3014 = CARTESIAN_POINT ( 'NONE',  ( -56.71465300611914273, -96.76687694469592316, -32.47761519860376467 ) ) ;
#3015 = CARTESIAN_POINT ( 'NONE',  ( -57.59127178154197679, -143.6186939228768722, -30.65955886399158103 ) ) ;
#3016 = CARTESIAN_POINT ( 'NONE',  ( -60.97096904698916120, -113.5986901056050726, -29.92329511185710444 ) ) ;
#3017 = CARTESIAN_POINT ( 'NONE',  ( 3.455970787578872994, -41.27298121131321551, -24.40325957797224987 ) ) ;
#3018 = CARTESIAN_POINT ( 'NONE',  ( -0.2306398371845826689, -48.35746261589089556, -30.47028625203978081 ) ) ;
#3019 = CARTESIAN_POINT ( 'NONE',  ( -52.79178611830749901, -147.0250855311609257, -27.97388966548611933 ) ) ;
#3020 = CARTESIAN_POINT ( 'NONE',  ( -61.70675921561699795, -131.2298865111241639, -31.31980808394854776 ) ) ;
#3021 = CARTESIAN_POINT ( 'NONE',  ( -1.504897489121491017, -46.44200550799020277, -30.69093072118492316 ) ) ;
#3022 = CARTESIAN_POINT ( 'NONE',  ( -18.91740862632199693, -69.70982347880979546, -33.04868002317500242 ) ) ;
#3023 = CARTESIAN_POINT ( 'NONE',  ( -59.38777166367520977, -122.1861958041579044, -29.39329414562380194 ) ) ;
#3024 = CARTESIAN_POINT ( 'NONE',  ( -61.99628437916217649, -117.1033437861097326, -25.80652394516778969 ) ) ;
#3025 = CARTESIAN_POINT ( 'NONE',  ( -57.68805334869848167, -127.8006760235076484, -29.79758248468041515 ) ) ;
#3026 = CARTESIAN_POINT ( 'NONE',  ( -60.89769094882687028, -125.6023704940789685, -25.76110187168184495 ) ) ;
#3027 = CARTESIAN_POINT ( 'NONE',  ( -61.51118510683238583, -111.0497277609553350, -30.49511842862332500 ) ) ;
#3028 = CARTESIAN_POINT ( 'NONE',  ( -53.05876467754513470, -148.2340552217686422, -28.31646624595492057 ) ) ;
#3029 = CARTESIAN_POINT ( 'NONE',  ( -61.56933252524422784, -95.22826504792972457, -28.37483188834766423 ) ) ;
#3030 = CARTESIAN_POINT ( 'NONE',  ( -55.22188953878924167, -147.2650117910719416, -31.98428977042608423 ) ) ;
#3031 = CARTESIAN_POINT ( 'NONE',  ( -29.99129343356766597, -69.72026039763076710, -34.20188909785484555 ) ) ;
#3032 = CARTESIAN_POINT ( 'NONE',  ( -57.25986126112845653, -134.9362113818126545, -26.59263608673212786 ) ) ;
#3033 = CARTESIAN_POINT ( 'NONE',  ( -10.31176453220612821, -61.60432107082221620, -29.45059434874720594 ) ) ;
#3034 = CARTESIAN_POINT ( 'NONE',  ( -58.89925861250545580, -127.2953491571961138, -30.92831523907472757 ) ) ;
#3035 = CARTESIAN_POINT ( 'NONE',  ( -60.06428903113424411, -119.1062501925279662, -27.74911610442704557 ) ) ;
#3036 = CARTESIAN_POINT ( 'NONE',  ( -42.21152821552004042, -83.04130461224725934, -35.68441235849414284 ) ) ;
#3037 = CARTESIAN_POINT ( 'NONE',  ( -60.19293474312893011, -118.3606353593892351, -27.72648930941950240 ) ) ;
#3038 = CARTESIAN_POINT ( 'NONE',  ( -64.13816650058815583, -119.6325733814175578, -25.40469962301020956 ) ) ;
#3039 = CARTESIAN_POINT ( 'NONE',  ( -4.612431555422677576, -7.383216097837002501, -9.163468550614892294 ) ) ;
#3040 = CARTESIAN_POINT ( 'NONE',  ( -2.125932789765518471, -52.17087439781236213, -31.44424117622334691 ) ) ;
#3041 = CARTESIAN_POINT ( 'NONE',  ( -4.338162874270066638, -2.134465508368804443, -5.266187754681772581 ) ) ;
#3042 = CARTESIAN_POINT ( 'NONE',  ( -40.40057840484089979, -80.30597804684852292, -30.36520991228900002 ) ) ;
#3043 = CARTESIAN_POINT ( 'NONE',  ( -38.45357104799246883, -82.18674272007373816, -34.48264118316224369 ) ) ;
#3044 = CARTESIAN_POINT ( 'NONE',  ( -60.44338419760055814, -105.0512187869259577, -30.87055417336440755 ) ) ;
#3045 = CARTESIAN_POINT ( 'NONE',  ( -55.69503777190024607, -132.8218733761705721, -30.31122126471399980 ) ) ;
#3046 = CARTESIAN_POINT ( 'NONE',  ( -48.43775934924437365, -88.13986267849004719, -34.42840529384815795 ) ) ;
#3047 = CARTESIAN_POINT ( 'NONE',  ( -61.04092071252937046, -114.2380989473482060, -26.91088847737128020 ) ) ;
#3048 = PRODUCT_RELATED_PRODUCT_CATEGORY ( 'detail', '', ( #4931 ) ) ;
#3049 = CARTESIAN_POINT ( 'NONE',  ( -53.59743384722811754, -146.1868115237974450, -33.57219577198566896 ) ) ;
#3050 = CARTESIAN_POINT ( 'NONE',  ( -53.98477043885097260, -149.9906703232494181, -31.59502348644818071 ) ) ;
#3051 = CARTESIAN_POINT ( 'NONE',  ( -27.74785589573245659, -68.63584833728283741, -33.35463197648537914 ) ) ;
#3052 = CARTESIAN_POINT ( 'NONE',  ( -60.77419108997082020, -104.2395669209877411, -31.48424746946515995 ) ) ;
#3053 = CARTESIAN_POINT ( 'NONE',  ( -53.98477043885097260, -149.9906703232494181, -31.59502348644818071 ) ) ;
#3054 = CARTESIAN_POINT ( 'NONE',  ( 2.375559672537598033, -17.41008931477138688, -15.35649666036034411 ) ) ;
#3055 = CARTESIAN_POINT ( 'NONE',  ( -60.95189520763506152, -111.6133811836074159, -29.96148780614019458 ) ) ;
#3056 = CARTESIAN_POINT ( 'NONE',  ( -0.2974351889148444950, -50.97935538443076098, -28.17705697284111110 ) ) ;
#3057 = CARTESIAN_POINT ( 'NONE',  ( -23.98031170148906099, -68.00045993079409357, -37.11272126310402797 ) ) ;
#3058 = CARTESIAN_POINT ( 'NONE',  ( -2.670649377359445520, -5.718876172490930720, -4.444286685065202747 ) ) ;
#3059 = CARTESIAN_POINT ( 'NONE',  ( -65.53065945629593614, -111.7108037906302513, -30.87475189683245347 ) ) ;
#3060 = CARTESIAN_POINT ( 'NONE',  ( -56.91164164117125779, -88.51742951511019442, -30.57101997651042780 ) ) ;
#3061 = CARTESIAN_POINT ( 'NONE',  ( -62.35010812481232279, -111.2029429137330396, -25.87861504924891065 ) ) ;
#3062 = CARTESIAN_POINT ( 'NONE',  ( -55.11241639563930761, -134.1392149441494723, -30.46807858378445033 ) ) ;
#3063 = CARTESIAN_POINT ( 'NONE',  ( -63.21592554984205492, -112.1182326602189079, -25.52400174316423076 ) ) ;
#3064 = CARTESIAN_POINT ( 'NONE',  ( -57.35843041755779126, -131.4071504989302639, -31.30862483104781546 ) ) ;
#3065 = CARTESIAN_POINT ( 'NONE',  ( -55.27892028154428772, -144.3768039469006794, -27.73070984108460380 ) ) ;
#3066 = CARTESIAN_POINT ( 'NONE',  ( -54.41651034265783693, -147.1353408985727924, -28.56445057093879569 ) ) ;
#3067 = CARTESIAN_POINT ( 'NONE',  ( -4.225362226578892155, -53.61308632525056339, -32.80480793153094510 ) ) ;
#3068 = CARTESIAN_POINT ( 'NONE',  ( -64.47381494978750993, -122.0551914419636717, -25.71367757839909984 ) ) ;
#3069 = CARTESIAN_POINT ( 'NONE',  ( -53.64967166822803080, -142.1140759201487072, -27.52643922692225686 ) ) ;
#3070 = CARTESIAN_POINT ( 'NONE',  ( -60.52564588097741449, -118.3938705559679079, -29.96218427264975048 ) ) ;
#3071 = CARTESIAN_POINT ( 'NONE',  ( -54.45193612861022103, -137.8678263500087269, -32.08069258193581419 ) ) ;
#3072 = CARTESIAN_POINT ( 'NONE',  ( 1.816999988339541794, -4.275479290705543889, -4.121014693931017270 ) ) ;
#3073 = CARTESIAN_POINT ( 'NONE',  ( -38.94792417672886131, -81.32576525355695196, -35.88911625824673024 ) ) ;
#3074 = CARTESIAN_POINT ( 'NONE',  ( -52.15273785406515827, -140.0416546245730842, -29.75738539139971195 ) ) ;
#3075 = CARTESIAN_POINT ( 'NONE',  ( -58.72219507617128187, -135.7735597202805025, -26.45799394421385387 ) ) ;
#3076 = CARTESIAN_POINT ( 'NONE',  ( -3.984571151383779597, -14.25882352521860597, -15.26092606107362570 ) ) ;
#3077 = CARTESIAN_POINT ( 'NONE',  ( -5.253383300806590661, -51.55851516980630578, -32.62212511039857787 ) ) ;
#3078 = CARTESIAN_POINT ( 'NONE',  ( -0.1130041306836798015, -27.37779826213062861, -17.68407741888622553 ) ) ;
#3079 = CARTESIAN_POINT ( 'NONE',  ( -60.27555115660912577, -122.6157386547529740, -30.61592340252845190 ) ) ;
#3080 = CARTESIAN_POINT ( 'NONE',  ( -56.52167553294799518, -131.6370903123054177, -27.87311251787711441 ) ) ;
#3081 = CARTESIAN_POINT ( 'NONE',  ( -24.49773898031053676, -73.38928307831173470, -35.24705055355348549 ) ) ;
#3082 = CARTESIAN_POINT ( 'NONE',  ( -60.24800032191587462, -120.0432759986484399, -27.01009827467660074 ) ) ;
#3083 = CARTESIAN_POINT ( 'NONE',  ( -0.2506356459661153169, -50.76652864909931395, -29.06361008652084266 ) ) ;
#3084 = CARTESIAN_POINT ( 'NONE',  ( -0.5211235301181214030, -25.63002358298020056, -23.62800978568063925 ) ) ;
#3085 = CARTESIAN_POINT ( 'NONE',  ( -4.231403834595404589, -8.407819258120200701, -9.063099751470309329 ) ) ;
#3086 = CARTESIAN_POINT ( 'NONE',  ( -3.928583979128530412, -55.20342622809015865, -27.67732914961323587 ) ) ;
#3087 = CARTESIAN_POINT ( 'NONE',  ( -62.29433017408174322, -133.7368156221589857, -29.55205803062979797 ) ) ;
#3088 = CARTESIAN_POINT ( 'NONE',  ( 2.016054616341453887, -13.23553466188795014, -13.89542464097961805 ) ) ;
#3089 = CARTESIAN_POINT ( 'NONE',  ( -51.06178861428997351, -142.9718291598385633, -32.40460482774108186 ) ) ;
#3090 = CARTESIAN_POINT ( 'NONE',  ( 0.01066091405609496424, -3.475949813838052460, -9.690377629854381780 ) ) ;
#3091 = CARTESIAN_POINT ( 'NONE',  ( -1.430506112059710011, -50.18509735533042004, -31.26635346751736222 ) ) ;
#3092 = CARTESIAN_POINT ( 'NONE',  ( -12.25521107748443228, -56.80709580535788916, -30.89577886635634130 ) ) ;
#3093 = CARTESIAN_POINT ( 'NONE',  ( -64.98796502515909879, -106.9199611623124611, -31.20283262281081704 ) ) ;
#3094 = CARTESIAN_POINT ( 'NONE',  ( -26.92492595624500140, -67.95005312507555573, -35.68296943295315060 ) ) ;
#3095 = CARTESIAN_POINT ( 'NONE',  ( -60.11547477381255788, -125.2973301435460201, -26.12557719992597782 ) ) ;
#3096 = CARTESIAN_POINT ( 'NONE',  ( -60.53616026910651016, -115.3896294577838688, -29.18475180552472992 ) ) ;
#3097 = CARTESIAN_POINT ( 'NONE',  ( -52.83246101736375522, -143.5854777451160373, -27.74723420301817711 ) ) ;
#3098 = CARTESIAN_POINT ( 'NONE',  ( -51.53077901229669067, -143.4098144226539659, -32.89447153092404363 ) ) ;
#3099 = CARTESIAN_POINT ( 'NONE',  ( -57.40637430598466295, -131.2890298603303734, -31.29654818105542091 ) ) ;
#3100 = CARTESIAN_POINT ( 'NONE',  ( -54.74653144113722902, -88.32909901839018119, -29.02980493876605550 ) ) ;
#3101 = CARTESIAN_POINT ( 'NONE',  ( -3.254602153410171006, -2.817973315491822728, -9.163396182785131572 ) ) ;
#3102 = CARTESIAN_POINT ( 'NONE',  ( -49.79815544641907366, -82.84981978560836069, -31.54803141581061965 ) ) ;
#3103 = CARTESIAN_POINT ( 'NONE',  ( -57.10625095331009504, -135.2689455625553023, -26.63080083040999924 ) ) ;
#3104 = CARTESIAN_POINT ( 'NONE',  ( -59.84489572888733022, -121.8138508142962877, -30.09339138918156209 ) ) ;
#3105 = CARTESIAN_POINT ( 'NONE',  ( -57.40637430598466295, -131.2890298603303734, -31.29654818105542091 ) ) ;
#3106 = CARTESIAN_POINT ( 'NONE',  ( 1.460977558393706133, -6.681547801500273387, -6.884180423711303121 ) ) ;
#3107 = CARTESIAN_POINT ( 'NONE',  ( 2.209457515025405883, -45.62599979170391862, -25.90988943179529258 ) ) ;
#3108 = CARTESIAN_POINT ( 'NONE',  ( -57.04064503549675891, -129.4641225183605968, -28.44318713338291005 ) ) ;
#3109 = CARTESIAN_POINT ( 'NONE',  ( -64.32904197503525268, -118.5560543080401317, -25.39204964155804944 ) ) ;
#3110 = CARTESIAN_POINT ( 'NONE',  ( -52.56309673988341302, -141.5215374075871750, -32.60314866855487992 ) ) ;
#3111 = CARTESIAN_POINT ( 'NONE',  ( -1.897387728328970624, -27.46086016041784106, -22.38678263167830806 ) ) ;
#3112 = CARTESIAN_POINT ( 'NONE',  ( -61.38556596440319879, -94.08192832447981857, -29.17496970827266978 ) ) ;
#3113 = CARTESIAN_POINT ( 'NONE',  ( -9.047382818066534327, -55.03724872473323160, -28.01357534230536572 ) ) ;
#3114 = CARTESIAN_POINT ( 'NONE',  ( -25.91792829092036143, -74.32907839952511608, -35.25759063872743582 ) ) ;
#3115 = CARTESIAN_POINT ( 'NONE',  ( -4.307328485479835045, -2.967914257700268177, -5.120337781408849764 ) ) ;
#3116 = CARTESIAN_POINT ( 'NONE',  ( -55.97421714861080488, -132.9104449119557501, -28.01362127661240820 ) ) ;
#3117 = CARTESIAN_POINT ( 'NONE',  ( -1.026494004475987154, -51.31213801919628992, -26.68083956838693993 ) ) ;
#3118 = CARTESIAN_POINT ( 'NONE',  ( -59.04803171138674145, -124.6988160312899225, -27.25967172527222715 ) ) ;
#3119 = CARTESIAN_POINT ( 'NONE',  ( -25.35548879487502560, -71.77043536274442204, -37.07192414053000817 ) ) ;
#3120 = CARTESIAN_POINT ( 'NONE',  ( -66.98607261054078776, -115.9970289001620785, -27.40186551898975154 ) ) ;
#3121 = CARTESIAN_POINT ( 'NONE',  ( -16.26650144761925887, -60.22942697436617721, -33.13388690506612022 ) ) ;
#3122 = CARTESIAN_POINT ( 'NONE',  ( -60.58027825778469833, -121.3218590754015622, -30.55355774998364637 ) ) ;
#3123 = CARTESIAN_POINT ( 'NONE',  ( -43.28377664223850729, -85.44642401490361294, -33.69216161695373302 ) ) ;
#3124 = CARTESIAN_POINT ( 'NONE',  ( -66.58434151415575286, -119.1728279959810948, -28.85548210643824874 ) ) ;
#3125 = CARTESIAN_POINT ( 'NONE',  ( 0.5744456074892354547, -46.13503797688320418, -24.01129493089828770 ) ) ;
#3126 = CARTESIAN_POINT ( 'NONE',  ( 1.662782364413884828, -6.750902189178878743, -9.053407682097141418 ) ) ;
#3127 = CARTESIAN_POINT ( 'NONE',  ( -63.60627789033786428, -104.8253539388770008, -31.72508661089418780 ) ) ;
#3128 = CARTESIAN_POINT ( 'NONE',  ( -3.099706290273958942, -1.262443476405635367, -7.188574388362869882 ) ) ;
#3129 = CARTESIAN_POINT ( 'NONE',  ( -26.49869050604299403, -69.03971545401131493, -32.03343658256439852 ) ) ;
#3130 = CARTESIAN_POINT ( 'NONE',  ( -64.39054215682962479, -122.5320225260082054, -30.81002347442282741 ) ) ;
#3131 = CARTESIAN_POINT ( 'NONE',  ( -23.15518211439578167, -65.58939367164305168, -35.62061425357245525 ) ) ;
#3132 = CARTESIAN_POINT ( 'NONE',  ( -5.681709507005128224, -49.88460054174517921, -26.56444337198160355 ) ) ;
#3133 = CARTESIAN_POINT ( 'NONE',  ( -54.06405701450061940, -136.3905521981897095, -30.75388764685729370 ) ) ;
#3134 = CARTESIAN_POINT ( 'NONE',  ( -2.093633974383250163, -8.088143978903193698, -6.639933490223755896 ) ) ;
#3135 = APPLICATION_PROTOCOL_DEFINITION ( 'international standard', 'config_control_design', 1994, #1585 ) ;
#3136 = CARTESIAN_POINT ( 'NONE',  ( -60.58027825778469833, -121.3218590754015622, -30.55355774998364637 ) ) ;
#3137 = CARTESIAN_POINT ( 'NONE',  ( -64.26010088766416573, -105.4692629215013824, -25.94706220103055472 ) ) ;
#3138 = CARTESIAN_POINT ( 'NONE',  ( -28.77359333187170165, -71.06733746451898526, -37.32603007846194743 ) ) ;
#3139 = CARTESIAN_POINT ( 'NONE',  ( -46.91518354543288893, -80.57830661504135605, -32.60175141831480516 ) ) ;
#3140 = CARTESIAN_POINT ( 'NONE',  ( -2.123722666256888214, -8.580058410183083240, -7.128719322176537254 ) ) ;
#3141 = CARTESIAN_POINT ( 'NONE',  ( -49.38490166549236449, -88.80807707520420990, -34.34661683493374795 ) ) ;
#3142 = CARTESIAN_POINT ( 'NONE',  ( -60.87161758544630885, -110.3527665092829011, -30.00209436965348786 ) ) ;
#3143 = CARTESIAN_POINT ( 'NONE',  ( -61.41445980555555906, -116.1313507510478615, -30.42185271679895919 ) ) ;
#3144 = CARTESIAN_POINT ( 'NONE',  ( -56.11202706102533710, -131.7488850656393709, -28.68082437674130603 ) ) ;
#3145 = CARTESIAN_POINT ( 'NONE',  ( -1.473904040738353460, -52.88083092821170084, -29.05628762870287218 ) ) ;
#3146 = CARTESIAN_POINT ( 'NONE',  ( -60.51990657759468917, -115.9527654708713413, -27.67993195774933213 ) ) ;
#3147 = CARTESIAN_POINT ( 'NONE',  ( -54.11286036920004960, -144.7318088487974990, -27.62066272591344429 ) ) ;
#3148 = CARTESIAN_POINT ( 'NONE',  ( -61.33710960819784219, -116.8740236615935260, -30.42886717499942151 ) ) ;
#3149 = CARTESIAN_POINT ( 'NONE',  ( -5.474283314352322627, -49.98070890171923963, -31.43218034574211828 ) ) ;
#3150 = CARTESIAN_POINT ( 'NONE',  ( -63.79312331037724704, -98.23001221619242074, -28.32467907125279893 ) ) ;
#3151 = CARTESIAN_POINT ( 'NONE',  ( 0.07998852174786050262, -28.72813809370450500, -18.16806074469796783 ) ) ;
#3152 = CARTESIAN_POINT ( 'NONE',  ( -46.09353493288290338, -160.1898684346405162, -30.86197343572867524 ) ) ;
#3153 = CARTESIAN_POINT ( 'NONE',  ( -50.74751114148794784, -143.2635976015633616, -29.44286143478637285 ) ) ;
#3154 = CARTESIAN_POINT ( 'NONE',  ( -39.47186347306166709, -82.77736130231822642, -34.45641648422517278 ) ) ;
#3155 = CARTESIAN_POINT ( 'NONE',  ( -58.37722556997242407, -126.7884614089325481, -27.41520839530391385 ) ) ;
#3156 = CARTESIAN_POINT ( 'NONE',  ( -50.34438001211459124, -86.45683284576494998, -35.12239804889532735 ) ) ;
#3157 = CARTESIAN_POINT ( 'NONE',  ( -60.40835446799088970, -92.43522404010010973, -30.31697800688829503 ) ) ;
#3158 = CARTESIAN_POINT ( 'NONE',  ( -51.40488561859412897, -84.97042357151900660, -30.14047032143710680 ) ) ;
#3159 = CARTESIAN_POINT ( 'NONE',  ( -48.48145288039066969, -88.96547590971663055, -33.76607872653460163 ) ) ;
#3160 = CARTESIAN_POINT ( 'NONE',  ( -25.37320163078652158, -67.44356264167150528, -36.32994837972008639 ) ) ;
#3161 = CARTESIAN_POINT ( 'NONE',  ( 2.616622596280356206, -37.65537436499742796, -21.29567956523147743 ) ) ;
#3162 = CARTESIAN_POINT ( 'NONE',  ( 3.088562009322827873, -24.80836361453397743, -17.83647515642584835 ) ) ;
#3163 = CARTESIAN_POINT ( 'NONE',  ( -34.74823072720064943, -78.87073628671004144, -36.21636069377613154 ) ) ;
#3164 = CARTESIAN_POINT ( 'NONE',  ( -56.56215217380756854, -88.72687331463139060, -32.80536596583891651 ) ) ;
#3165 = CARTESIAN_POINT ( 'NONE',  ( -63.99651737109021354, -124.1492048488679529, -30.86936761646968108 ) ) ;
#3166 = CARTESIAN_POINT ( 'NONE',  ( -31.42841708459508965, -70.77631854498530117, -35.79651908044917263 ) ) ;
#3167 = CARTESIAN_POINT ( 'NONE',  ( -47.58249469900599138, -150.7690015730238144, -29.42739738831862439 ) ) ;
#3168 = CARTESIAN_POINT ( 'NONE',  ( 3.250000000000000444, -0.8508480103472357836, 0.000000000000000000 ) ) ;
#3169 = CARTESIAN_POINT ( 'NONE',  ( -44.60744076190789542, -156.8160797973912679, -30.08121121734316716 ) ) ;
#3170 = PERSON_AND_ORGANIZATION_ROLE ( 'creator' ) ;
#3171 = CARTESIAN_POINT ( 'NONE',  ( -61.55569851615013022, -111.9258581749829062, -30.46688769213957215 ) ) ;
#3172 = CARTESIAN_POINT ( 'NONE',  ( -39.31856689209973865, -78.86852624749127472, -36.97315390527991497 ) ) ;
#3173 = CARTESIAN_POINT ( 'NONE',  ( -55.27864166005829816, -88.90236734442541433, -28.87487286436648404 ) ) ;
#3174 = CARTESIAN_POINT ( 'NONE',  ( -64.77511800939727493, -123.2920223842623244, -26.23916821615376449 ) ) ;
#3175 = CARTESIAN_POINT ( 'NONE',  ( -2.981246999671886666, -0.5165929090516099276, -6.152074020239162166 ) ) ;
#3176 = CARTESIAN_POINT ( 'NONE',  ( -65.70439457631226787, -112.0286483391907950, -25.78718739105902813 ) ) ;
#3177 = CARTESIAN_POINT ( 'NONE',  ( -60.60163141528297359, -101.5894180933981374, -32.10962100424249854 ) ) ;
#3178 = CARTESIAN_POINT ( 'NONE',  ( -60.65303739237106129, -108.5132978551827989, -30.08778671061170940 ) ) ;
#3179 = CARTESIAN_POINT ( 'NONE',  ( -55.56045890266963738, -133.0281476395585685, -28.82494478319203779 ) ) ;
#3180 = CARTESIAN_POINT ( 'NONE',  ( -64.39003672820510360, -117.8630040523427596, -31.08764203647066182 ) ) ;
#3181 = AXIS2_PLACEMENT_3D ( 'NONE', #1012, #2735, #490 ) ;
#3182 = CARTESIAN_POINT ( 'NONE',  ( 1.238706043298745119, -15.35672461713093284, -12.77476087576982167 ) ) ;
#3183 = CARTESIAN_POINT ( 'NONE',  ( -1.696456640980669395, -2.899737436731890661, 0.000000000000000000 ) ) ;
#3184 = CARTESIAN_POINT ( 'NONE',  ( -57.74900221662798572, -130.4281641585599516, -31.21025994437790629 ) ) ;
#3185 = CARTESIAN_POINT ( 'NONE',  ( -60.06771868249512636, -93.73986904241475315, -28.13250749701700570 ) ) ;
#3186 = CARTESIAN_POINT ( 'NONE',  ( -66.28698002521481669, -106.0561462489760345, -27.25687463897534712 ) ) ;
#3187 = CARTESIAN_POINT ( 'NONE',  ( -54.63091350591392370, -94.38512313713616209, -28.64322068579515701 ) ) ;
#3188 = CIRCLE ( 'NONE', #3181, 3.250000000000007105 ) ;
#3189 = CARTESIAN_POINT ( 'NONE',  ( -50.73734378871982642, -144.8206420361853191, -33.12156292929459056 ) ) ;
#3190 = CARTESIAN_POINT ( 'NONE',  ( -50.18178799553512448, -144.2564401844745987, -29.60340834173307201 ) ) ;
#3191 = CARTESIAN_POINT ( 'NONE',  ( -61.79336616439666585, -122.5574951040084954, -31.32705114097539223 ) ) ;
#3192 = CARTESIAN_POINT ( 'NONE',  ( -55.54212667857719765, -133.8806330763587766, -28.12664736192977699 ) ) ;
#3193 =( GEOMETRIC_REPRESENTATION_CONTEXT ( 3 ) GLOBAL_UNCERTAINTY_ASSIGNED_CONTEXT ( ( #356 ) ) GLOBAL_UNIT_ASSIGNED_CONTEXT ( ( #7127, #3729, #6500 ) ) REPRESENTATION_CONTEXT ( 'NONE', 'WORKASPACE' ) );
#3194 = CARTESIAN_POINT ( 'NONE',  ( -22.93963013563842424, -70.18425396341932299, -36.93213708171007426 ) ) ;
#3195 = CARTESIAN_POINT ( 'NONE',  ( -53.16225407515563006, -85.03668766928126388, -32.54647855079904417 ) ) ;
#3196 = CARTESIAN_POINT ( 'NONE',  ( -56.81835312226917978, -90.65625633430633457, -28.43990938609137231 ) ) ;
#3197 = CARTESIAN_POINT ( 'NONE',  ( -62.15488561701003078, -112.0413857050465367, -30.97407253853300446 ) ) ;
#3198 = CARTESIAN_POINT ( 'NONE',  ( -13.89112043443552125, -60.05293274103130585, -35.50178949764093517 ) ) ;
#3199 = CARTESIAN_POINT ( 'NONE',  ( -2.766461892540604151, -53.35168280383001616, -26.87956067875390431 ) ) ;
#3200 = CARTESIAN_POINT ( 'NONE',  ( 1.853817384116644984, -13.92997949288285753, -13.46281365850577849 ) ) ;
#3201 = CARTESIAN_POINT ( 'NONE',  ( -50.66498568392150759, -87.76436237116973871, -34.93857852633099981 ) ) ;
#3202 = CARTESIAN_POINT ( 'NONE',  ( -62.54146396896115334, -96.01848276515909220, -30.99377326048975689 ) ) ;
#3203 = CARTESIAN_POINT ( 'NONE',  ( -55.42243776587000781, -144.5933846751497072, -32.86826234964712512 ) ) ;
#3204 = CARTESIAN_POINT ( 'NONE',  ( -60.78840876578718166, -136.1827401328910128, -27.59574261059567135 ) ) ;
#3205 = CARTESIAN_POINT ( 'NONE',  ( -51.10624130330242565, -144.9510468556764806, -28.42459390522504137 ) ) ;
#3206 = CARTESIAN_POINT ( 'NONE',  ( -1.550962331131199523, -47.66891910435131052, -24.13137235301585193 ) ) ;
#3207 = CARTESIAN_POINT ( 'NONE',  ( -1.177288292150214799, -28.90368548521250247, -19.33934098478729169 ) ) ;
#3208 = CARTESIAN_POINT ( 'NONE',  ( -45.46007861361080415, -153.4832925750262405, -34.66855744454185384 ) ) ;
#3209 = CARTESIAN_POINT ( 'NONE',  ( -54.19112454266298329, -87.38308672721741743, -33.94013797194944004 ) ) ;
#3210 = CARTESIAN_POINT ( 'NONE',  ( -25.03121397787800362, -66.83825695009699075, -33.36584448882152287 ) ) ;
#3211 = CARTESIAN_POINT ( 'NONE',  ( -65.49025612221423387, -120.0709614586754270, -26.16515410064959468 ) ) ;
#3212 = CARTESIAN_POINT ( 'NONE',  ( -37.25381266517391055, -76.62856799182952727, -37.17450632607913974 ) ) ;
#3213 = CARTESIAN_POINT ( 'NONE',  ( -65.00376305227848661, -119.4885667916849030, -25.66499748367306566 ) ) ;
#3214 = CARTESIAN_POINT ( 'NONE',  ( -66.39720724184159906, -105.1640435998585161, -28.08859949400569533 ) ) ;
#3215 = CARTESIAN_POINT ( 'NONE',  ( -61.21670482301274063, -103.0533989076913315, -31.92840287028318613 ) ) ;
#3216 = CARTESIAN_POINT ( 'NONE',  ( -59.64458590249682857, -104.3890556192189081, -30.39224847223411885 ) ) ;
#3217 = CARTESIAN_POINT ( 'NONE',  ( 2.483225713066592011, -2.355470722161246755, -1.281600830237757505 ) ) ;
#3218 = CARTESIAN_POINT ( 'NONE',  ( -64.13017615493079404, -106.9805517324518149, -31.51638975215177041 ) ) ;
#3219 = CARTESIAN_POINT ( 'NONE',  ( 2.483225713066592011, -2.355470722161246755, -1.281600830237757505 ) ) ;
#3220 = CARTESIAN_POINT ( 'NONE',  ( -2.780799368155549178, -42.49575518994167567, -26.84920493197482116 ) ) ;
#3221 = CARTESIAN_POINT ( 'NONE',  ( -43.90646506711712505, -155.8101315653593417, -35.13802656427121462 ) ) ;
#3222 = CARTESIAN_POINT ( 'NONE',  ( -7.284658827901819400, -52.11087687801355628, -32.11485376518136547 ) ) ;
#3223 = CARTESIAN_POINT ( 'NONE',  ( -66.19878127563350745, -105.5925675030442932, -27.30453657826969405 ) ) ;
#3224 = CARTESIAN_POINT ( 'NONE',  ( -61.46388313802134462, -110.4146499699358799, -30.51897702872421547 ) ) ;
#3225 = CARTESIAN_POINT ( 'NONE',  ( -60.71741849715518669, -107.4804556089687537, -27.13260032610918060 ) ) ;
#3226 = CARTESIAN_POINT ( 'NONE',  ( -52.15711644946040337, -142.2717738595319474, -32.71700265488683357 ) ) ;
#3227 = CARTESIAN_POINT ( 'NONE',  ( -21.66155965458005284, -71.69578185346573207, -33.45871223250610171 ) ) ;
#3228 = CARTESIAN_POINT ( 'NONE',  ( -50.39578115971036709, -143.8828070069338878, -29.54257903973233823 ) ) ;
#3229 = CARTESIAN_POINT ( 'NONE',  ( -61.87812736735415342, -104.9737700928560429, -31.71904028896019412 ) ) ;
#3230 = CARTESIAN_POINT ( 'NONE',  ( -41.82096040755283184, -157.4249141178517277, -32.07835699182444955 ) ) ;
#3231 = CARTESIAN_POINT ( 'NONE',  ( -65.22134446858916590, -108.3108039205703079, -31.08762695424906042 ) ) ;
#3232 = CARTESIAN_POINT ( 'NONE',  ( -66.94968853837404765, -108.5734538554185633, -27.76662579282815102 ) ) ;
#3233 = CARTESIAN_POINT ( 'NONE',  ( -60.79533646205950959, -96.29693922850411525, -27.25879546321868219 ) ) ;
#3234 = CARTESIAN_POINT ( 'NONE',  ( -60.35002191721902420, -124.7207818901376868, -31.21097500320707496 ) ) ;
#3235 = CARTESIAN_POINT ( 'NONE',  ( -4.236365932962891101, -8.416564595079677247, -13.37477314122353178 ) ) ;
#3236 = CARTESIAN_POINT ( 'NONE',  ( -60.51021166447712574, -103.5061058418359465, -31.56205758261866023 ) ) ;
#3237 = CARTESIAN_POINT ( 'NONE',  ( 1.842968450485628518, -3.885283285774757012, -6.033970271004760022 ) ) ;
#3238 = CARTESIAN_POINT ( 'NONE',  ( -41.09952437507116940, -82.47204268463224253, -35.74924409816637194 ) ) ;
#3239 = CARTESIAN_POINT ( 'NONE',  ( -65.45503832588576643, -102.2459977606022505, -29.93488030537972833 ) ) ;
#3240 = CARTESIAN_POINT ( 'NONE',  ( -55.98871572665752439, -143.5513561073748861, -32.71894604406425344 ) ) ;
#3241 = CARTESIAN_POINT ( 'NONE',  ( -66.44581597653611027, -117.8242575671634995, -26.65512601656233471 ) ) ;
#3242 = CARTESIAN_POINT ( 'NONE',  ( 1.766965437975157593, -10.81459466820424176, -11.18520210443207930 ) ) ;
#3243 = CARTESIAN_POINT ( 'NONE',  ( -1.237114753375829102, -3.955914990290734234, -1.335773621891937157 ) ) ;
#3244 = CARTESIAN_POINT ( 'NONE',  ( -49.52621795457866227, -146.9119554409935517, -33.47110975229283980 ) ) ;
#3245 = CARTESIAN_POINT ( 'NONE',  ( -66.28286711788409491, -107.1204910247583229, -30.11705927312056730 ) ) ;
#3246 = CARTESIAN_POINT ( 'NONE',  ( -45.55956932098328593, -79.91312267428885718, -32.15872139414822328 ) ) ;
#3247 = CARTESIAN_POINT ( 'NONE',  ( -1.572695112886255409, -49.53390596575697913, -25.05818638599592418 ) ) ;
#3248 = CARTESIAN_POINT ( 'NONE',  ( -58.56315516411571309, -136.5844122140512411, -32.26887814829748891 ) ) ;
#3249 = CARTESIAN_POINT ( 'NONE',  ( -63.90873494166507385, -124.2643585391644336, -25.79230211269551631 ) ) ;
#3250 = CARTESIAN_POINT ( 'NONE',  ( -66.05276053668447389, -103.7416185591962119, -28.25299432650960441 ) ) ;
#3251 = CARTESIAN_POINT ( 'NONE',  ( -45.46869523790482504, -86.24365226671183393, -34.50422573174773078 ) ) ;
#3252 = CARTESIAN_POINT ( 'NONE',  ( 1.853817384116644984, -13.92997949288285753, -13.46281365850577849 ) ) ;
#3253 = CARTESIAN_POINT ( 'NONE',  ( -2.450306042683913166, -47.70688694046868505, -24.27230377149830431 ) ) ;
#3254 = CARTESIAN_POINT ( 'NONE',  ( -63.72126156853489931, -121.7057546764064568, -31.15679570738312165 ) ) ;
#3255 = CARTESIAN_POINT ( 'NONE',  ( 1.721888984672802048, -4.689233475406470397, -4.652624195045667044 ) ) ;
#3256 = CARTESIAN_POINT ( 'NONE',  ( -51.70691977967612019, -148.8451381088844983, -28.26763985048024352 ) ) ;
#3257 = CARTESIAN_POINT ( 'NONE',  ( -45.46007861361080415, -153.4832925750262405, -34.66855744454185384 ) ) ;
#3258 = CARTESIAN_POINT ( 'NONE',  ( -44.58913308260333253, -78.89122459063517567, -33.27218297579549500 ) ) ;
#3259 = CARTESIAN_POINT ( 'NONE',  ( -47.40444198406778042, -83.04382970178077983, -35.56143476312362850 ) ) ;
#3260 = CARTESIAN_POINT ( 'NONE',  ( -66.83427581247678972, -112.0830155354797029, -26.81064867038440980 ) ) ;
#3261 = CARTESIAN_POINT ( 'NONE',  ( -60.72600098622243792, -117.3118966871310960, -26.93191777165068501 ) ) ;
#3262 = CARTESIAN_POINT ( 'NONE',  ( -55.35652450574090011, -135.9904325531533402, -31.83567080849662645 ) ) ;
#3263 = CARTESIAN_POINT ( 'NONE',  ( 1.843058965249200654, -38.00164903841910302, -21.12372795113173751 ) ) ;
#3264 = CARTESIAN_POINT ( 'NONE',  ( 0.8159342508644582548, -31.13855992624786495, -18.85733922196411427 ) ) ;
#3265 = CARTESIAN_POINT ( 'NONE',  ( -60.60163141528297359, -101.5894180933981374, -32.10962100424249854 ) ) ;
#3266 = CARTESIAN_POINT ( 'NONE',  ( -52.22300052830981798, -140.5906013257357188, -29.02833370714420269 ) ) ;
#3267 = CARTESIAN_POINT ( 'NONE',  ( -63.66552796053491647, -125.3838899999542065, -30.92466905505979824 ) ) ;
#3268 = CARTESIAN_POINT ( 'NONE',  ( -67.14359654521732068, -111.6616741342618297, -27.56203487575526978 ) ) ;
#3269 = CARTESIAN_POINT ( 'NONE',  ( -61.69430060421583306, -107.7348061090169438, -31.18570706088194200 ) ) ;
#3270 = CARTESIAN_POINT ( 'NONE',  ( -4.402733774614559614, -6.067541135839529254, -11.14190073129751468 ) ) ;
#3271 = CARTESIAN_POINT ( 'NONE',  ( -61.97669353846148255, -109.6254755321408823, -31.07245357761780369 ) ) ;
#3272 = CARTESIAN_POINT ( 'NONE',  ( 2.633359024974097906, -22.08973145068960520, -16.64534454842433675 ) ) ;
#3273 = CARTESIAN_POINT ( 'NONE',  ( -5.679852026709805379, -58.13449734095189569, -31.61334483154040598 ) ) ;
#3274 = CARTESIAN_POINT ( 'NONE',  ( -66.54463060794259377, -106.4093352881917127, -29.44318916988034474 ) ) ;
#3275 = CARTESIAN_POINT ( 'NONE',  ( -61.08186428525478817, -132.8189859956659973, -31.45933760695297821 ) ) ;
#3276 = CARTESIAN_POINT ( 'NONE',  ( -9.369358225291399833, -53.93145861056861889, -29.30408583002849099 ) ) ;
#3277 = CARTESIAN_POINT ( 'NONE',  ( -66.40871062507942213, -118.0887994094426006, -26.65341388918205467 ) ) ;
#3278 = CARTESIAN_POINT ( 'NONE',  ( 0.7678131462039554656, -39.72853415900834051, -21.37398917100625795 ) ) ;
#3279 = CARTESIAN_POINT ( 'NONE',  ( -50.17235186088178978, -148.1415411105684825, -28.48170601607705166 ) ) ;
#3280 = CARTESIAN_POINT ( 'NONE',  ( -35.08683898549119817, -76.27388776472187715, -37.36698800584294844 ) ) ;
#3281 = CARTESIAN_POINT ( 'NONE',  ( -63.02806480892440533, -124.3308690893288713, -25.55201912960227162 ) ) ;
#3282 = CARTESIAN_POINT ( 'NONE',  ( -18.91740862632199693, -69.70982347880979546, -33.04868002317500242 ) ) ;
#3283 = CARTESIAN_POINT ( 'NONE',  ( -52.03385985788509061, -148.8832824910316504, -34.00311890546990412 ) ) ;
#3284 = CARTESIAN_POINT ( 'NONE',  ( -54.99691171923525701, -144.8820588381868788, -27.80406280971090993 ) ) ;
#3285 = CARTESIAN_POINT ( 'NONE',  ( -65.39801892966717389, -124.6264414570008228, -27.48151365795375156 ) ) ;
#3286 = CARTESIAN_POINT ( 'NONE',  ( -50.78758242178720650, -143.4635045170753358, -32.48372051705133856 ) ) ;
#3287 = CARTESIAN_POINT ( 'NONE',  ( -30.08896228716317722, -76.54536032498424447, -32.01119418364031333 ) ) ;
#3288 = CARTESIAN_POINT ( 'NONE',  ( -62.11995692202636121, -100.8273781309750490, -32.23133216678395740 ) ) ;
#3289 = CARTESIAN_POINT ( 'NONE',  ( -3.587120436998286532, -50.21412732812521540, -25.12723333941323034 ) ) ;
#3290 = CARTESIAN_POINT ( 'NONE',  ( -53.01123377561199845, -146.6506446568214415, -27.91493944170180086 ) ) ;
#3291 = CARTESIAN_POINT ( 'NONE',  ( -3.550060309488036303, -53.36923756762949722, -26.54559176996957603 ) ) ;
#3292 = CARTESIAN_POINT ( 'NONE',  ( -15.89373968969045414, -60.01251172056385030, -33.92912980645901655 ) ) ;
#3293 = CARTESIAN_POINT ( 'NONE',  ( -66.64439092295555156, -115.6521653166008718, -29.64580052106938979 ) ) ;
#3294 = CARTESIAN_POINT ( 'NONE',  ( -63.13285533252626891, -130.5157128380237452, -27.09589824043439776 ) ) ;
#3295 = CARTESIAN_POINT ( 'NONE',  ( -61.04092071252937046, -114.2380989473482060, -26.91088847737128020 ) ) ;
#3296 = CARTESIAN_POINT ( 'NONE',  ( -41.59977414859325506, -77.03984163398183682, -34.60055938251694840 ) ) ;
#3297 = CARTESIAN_POINT ( 'NONE',  ( 1.948147417196587572, -16.66877764700289077, -14.47398868688976670 ) ) ;
#3298 = CARTESIAN_POINT ( 'NONE',  ( 0.2053101231249022385, -24.35187872515200525, -16.26338445415364831 ) ) ;
#3299 = CARTESIAN_POINT ( 'NONE',  ( -62.47825782609690037, -107.3892324997098910, -31.50780052567568035 ) ) ;
#3300 = CARTESIAN_POINT ( 'NONE',  ( -0.1919030784034692350, -19.04808348459070544, -14.03582638202082578 ) ) ;
#3301 = CARTESIAN_POINT ( 'NONE',  ( -64.39054215682962479, -122.5320225260082054, -30.81002347442282741 ) ) ;
#3302 = CIRCLE ( 'NONE', #949, 3.250000000000000444 ) ;
#3303 = CARTESIAN_POINT ( 'NONE',  ( -62.03807396656544171, -134.2354315873245980, -28.10570260075347448 ) ) ;
#3304 = CARTESIAN_POINT ( 'NONE',  ( -61.36711104630365554, -120.5503080648548320, -31.00634029321820861 ) ) ;
#3305 = CARTESIAN_POINT ( 'NONE',  ( -19.61660532483116981, -63.86927808762715841, -36.10067614419956072 ) ) ;
#3306 = CARTESIAN_POINT ( 'NONE',  ( -62.06333921583209445, -115.6185185139527221, -30.91896014060030851 ) ) ;
#3307 = SECURITY_CLASSIFICATION ( '', '', #6287 ) ;
#3308 = CARTESIAN_POINT ( 'NONE',  ( -61.46388313802134462, -110.4146499699358799, -30.51897702872421547 ) ) ;
#3309 = CARTESIAN_POINT ( 'NONE',  ( -64.14177718303541553, -119.5350915241334775, -31.10446304403891915 ) ) ;
#3310 = CARTESIAN_POINT ( 'NONE',  ( -66.90694449509163633, -108.8698557311243604, -29.22818077554546079 ) ) ;
#3311 = CARTESIAN_POINT ( 'NONE',  ( -52.66316452517723690, -149.4210169796071739, -33.61252612274433460 ) ) ;
#3312 = CARTESIAN_POINT ( 'NONE',  ( -29.22172865079464898, -71.71157870449690108, -31.54034778742286704 ) ) ;
#3313 = CARTESIAN_POINT ( 'NONE',  ( -66.51896881249318483, -117.2584651688342632, -26.65980374397350161 ) ) ;
#3314 = CARTESIAN_POINT ( 'NONE',  ( 2.032854681604400415, -3.841251152466104823, -4.772692464770788234 ) ) ;
#3315 = CARTESIAN_POINT ( 'NONE',  ( -58.70251383672454892, -132.0023297091940151, -32.01886059451751976 ) ) ;
#3316 = CARTESIAN_POINT ( 'NONE',  ( -45.92225233894605196, -82.30214856224662867, -35.87478161628121853 ) ) ;
#3317 = CARTESIAN_POINT ( 'NONE',  ( -62.75116537589162391, -125.2856463179020352, -25.59915168123562879 ) ) ;
#3318 = CARTESIAN_POINT ( 'NONE',  ( -6.360102632909238274, -57.60891325808221808, -28.29077138102315558 ) ) ;
#3319 = CARTESIAN_POINT ( 'NONE',  ( -55.11639577046018701, -143.4429804249227800, -33.16176977841297457 ) ) ;
#3320 = CARTESIAN_POINT ( 'NONE',  ( -50.60602074782918436, -152.2427988060811970, -28.98224517817614654 ) ) ;
#3321 = CARTESIAN_POINT ( 'NONE',  ( -67.14427844990834160, -113.2563292340020382, -27.48489320490743992 ) ) ;
#3322 = CARTESIAN_POINT ( 'NONE',  ( -56.77736373070461440, -131.2041555466631166, -30.83415516088616926 ) ) ;
#3323 = CARTESIAN_POINT ( 'NONE',  ( -0.09922625096424428359, -40.00565855728039821, -21.57211499215404160 ) ) ;
#3324 = CARTESIAN_POINT ( 'NONE',  ( -58.53731656556851703, -95.12485928326259454, -33.22549542624328467 ) ) ;
#3325 = CARTESIAN_POINT ( 'NONE',  ( 1.520494886681292401, -5.999156857164427592, -6.169705318532135330 ) ) ;
#3326 = CARTESIAN_POINT ( 'NONE',  ( -44.46570290985203400, -159.9529305705306115, -30.31913612004299807 ) ) ;
#3327 = DIRECTION ( 'NONE',  ( 1.000000000000000000, 0.000000000000000000, 0.000000000000000000 ) ) ;
#3328 = CARTESIAN_POINT ( 'NONE',  ( -65.67151054374532748, -110.5104287552638453, -25.86447285803464169 ) ) ;
#3329 = CARTESIAN_POINT ( 'NONE',  ( -45.92225233894605196, -82.30214856224662867, -35.87478161628121853 ) ) ;
#3330 = CARTESIAN_POINT ( 'NONE',  ( -49.99299956845464976, -155.5209792350138969, -30.36220184518798604 ) ) ;
#3331 = CARTESIAN_POINT ( 'NONE',  ( -59.62258296928431633, -122.6798135959252676, -27.13401869410895983 ) ) ;
#3332 = CARTESIAN_POINT ( 'NONE',  ( -7.492334920995845415, -53.14201461455575526, -32.81194899422032307 ) ) ;
#3333 = CARTESIAN_POINT ( 'NONE',  ( 1.783006661520098568, -4.336494686079864991, -6.565451733904820841 ) ) ;
#3334 = CARTESIAN_POINT ( 'NONE',  ( -40.59946968697756375, -81.52374559033981427, -30.41208401327410016 ) ) ;
#3335 = CARTESIAN_POINT ( 'NONE',  ( -62.66339117096688938, -108.4493656375910575, -31.43309343398072997 ) ) ;
#3336 = CARTESIAN_POINT ( 'NONE',  ( 0.5824855337762923080, -32.52719675769781560, -19.41774497379192610 ) ) ;
#3337 = CARTESIAN_POINT ( 'NONE',  ( -61.96094309063922623, -130.5576284304548267, -31.26429662316795799 ) ) ;
#3338 = CARTESIAN_POINT ( 'NONE',  ( -65.88729528545391645, -122.6848091070136633, -27.42028046907273975 ) ) ;
#3339 = CARTESIAN_POINT ( 'NONE',  ( -62.04493628681458262, -115.8501228700651779, -30.91920939060972628 ) ) ;
#3340 = CARTESIAN_POINT ( 'NONE',  ( -50.87814189846680080, -83.37685059445531977, -33.32899423846257037 ) ) ;
#3341 = CARTESIAN_POINT ( 'NONE',  ( -62.09783416756787489, -115.1248440952750514, -30.92042582470725876 ) ) ;
#3342 = APPROVAL_DATE_TIME ( #5667, #2190 ) ;
#3343 = CARTESIAN_POINT ( 'NONE',  ( -0.4623004570555973580, -8.389938467666306465, -6.803105070642764929 ) ) ;
#3344 = CARTESIAN_POINT ( 'NONE',  ( -60.65955775433595676, -105.7989267972549641, -30.80520253385624230 ) ) ;
#3345 = CARTESIAN_POINT ( 'NONE',  ( -60.45481216999909435, -132.1664890300503430, -31.81439137475270584 ) ) ;
#3346 = PERSON_AND_ORGANIZATION_ROLE ( 'creator' ) ;
#3347 = CARTESIAN_POINT ( 'NONE',  ( -65.53093772757972602, -124.1933827557469101, -28.95204194674957776 ) ) ;
#3348 = CARTESIAN_POINT ( 'NONE',  ( -54.54237725189724983, -146.1770314268142101, -33.10247251840494442 ) ) ;
#3349 = CARTESIAN_POINT ( 'NONE',  ( -1.076898919724679438, -31.56344884150824726, -20.49301390894436636 ) ) ;
#3350 = CARTESIAN_POINT ( 'NONE',  ( -67.02752150925680041, -115.1987974029702286, -28.90419340920188063 ) ) ;
#3351 = CARTESIAN_POINT ( 'NONE',  ( -57.31408746581897873, -99.35592322419252298, -30.95028791119633382 ) ) ;
#3352 = CARTESIAN_POINT ( 'NONE',  ( -62.45154481306425964, -119.3727359385661799, -31.21791445281210997 ) ) ;
#3353 = CARTESIAN_POINT ( 'NONE',  ( -56.55479891292943506, -144.8819542536564029, -31.63794153458350422 ) ) ;
#3354 = CARTESIAN_POINT ( 'NONE',  ( -59.18260506027402101, -134.7591514496154161, -26.34959991466601537 ) ) ;
#3355 = CARTESIAN_POINT ( 'NONE',  ( 3.278314462467343038, -26.19085358199586722, -18.40794245199193213 ) ) ;
#3356 = CARTESIAN_POINT ( 'NONE',  ( -47.01018124250138186, -156.8585057590894678, -35.43774580442164535 ) ) ;
#3357 = CARTESIAN_POINT ( 'NONE',  ( -60.65663457601068842, -133.4749527736992150, -26.42460760467972847 ) ) ;
#3358 = CARTESIAN_POINT ( 'NONE',  ( -66.54639955128821782, -119.4156051046207239, -27.37175606350953672 ) ) ;
#3359 = CARTESIAN_POINT ( 'NONE',  ( -56.68965021963436612, -131.4187270191890207, -30.85674294817475527 ) ) ;
#3360 = CARTESIAN_POINT ( 'NONE',  ( -4.215305655284839581, -51.45623338647492773, -25.55122396690304498 ) ) ;
#3361 = CARTESIAN_POINT ( 'NONE',  ( -29.22172865079464898, -71.71157870449690108, -31.54034778742286704 ) ) ;
#3362 = CARTESIAN_POINT ( 'NONE',  ( -60.21757880883466640, -107.7715214446319294, -29.38148925994032012 ) ) ;
#3363 = CARTESIAN_POINT ( 'NONE',  ( -60.51251822242650036, -99.28951789502613678, -26.66302231893863350 ) ) ;
#3364 = CARTESIAN_POINT ( 'NONE',  ( 2.722870788284201371, -33.63892443086011497, -20.21689219658431824 ) ) ;
#3365 = CARTESIAN_POINT ( 'NONE',  ( -63.90873494166507385, -124.2643585391644336, -25.79230211269551631 ) ) ;
#3366 = CARTESIAN_POINT ( 'NONE',  ( -44.04690646060952730, -81.38011710889132644, -36.23911143390937184 ) ) ;
#3367 = CARTESIAN_POINT ( 'NONE',  ( -3.250000000000000444, -0.8508480103472353395, 0.000000000000000000 ) ) ;
#3368 = CARTESIAN_POINT ( 'NONE',  ( -61.52204934350243093, -114.6828072374986078, -30.42135650220134480 ) ) ;
#3369 = CARTESIAN_POINT ( 'NONE',  ( -45.96130262904699748, -81.63368322953486711, -30.61612745768395527 ) ) ;
#3370 = CARTESIAN_POINT ( 'NONE',  ( -6.036981717753938881, -51.57606993360708003, -32.28815620161424960 ) ) ;
#3371 = CARTESIAN_POINT ( 'NONE',  ( -40.76771809791299717, -83.83843414749722456, -32.79531635309961501 ) ) ;
#3372 = CARTESIAN_POINT ( 'NONE',  ( -28.62758794780195615, -74.20602553206133223, -31.30605577711392229 ) ) ;
#3373 = CARTESIAN_POINT ( 'NONE',  ( -53.56885824161152243, -142.7662413260644882, -33.36895529439063779 ) ) ;
#3374 = CARTESIAN_POINT ( 'NONE',  ( -43.40982548110636685, -155.1173095313009469, -31.59515919902268521 ) ) ;
#3375 = CARTESIAN_POINT ( 'NONE',  ( -64.54469381964067054, -121.8360545840349118, -30.78938392901393328 ) ) ;
#3376 = CARTESIAN_POINT ( 'NONE',  ( -65.04790486134807281, -125.8750824669381814, -27.53138434982053440 ) ) ;
#3377 = CARTESIAN_POINT ( 'NONE',  ( -0.4302901654926961639, -7.915367050578390185, -6.335832119734095436 ) ) ;
#3378 = CARTESIAN_POINT ( 'NONE',  ( -0.05663240104757631677, -49.34180634728511450, -25.85442857158237828 ) ) ;
#3379 = CARTESIAN_POINT ( 'NONE',  ( -53.78888117137856995, -85.54106252218404904, -32.34513062532643346 ) ) ;
#3380 = CARTESIAN_POINT ( 'NONE',  ( -61.15854026302166346, -121.5290057085237265, -31.04410453157746375 ) ) ;
#3381 = CARTESIAN_POINT ( 'NONE',  ( 0.4599288108669988828, -3.932926677531253912, -1.277226169519886101 ) ) ;
#3382 = CARTESIAN_POINT ( 'NONE',  ( -60.75661415785221919, -106.1669922064733811, -30.77537643113175392 ) ) ;
#3383 = CARTESIAN_POINT ( 'NONE',  ( -59.80055453227277695, -133.7667711412110805, -31.96794377583285396 ) ) ;
#3384 = CARTESIAN_POINT ( 'NONE',  ( -67.08695518384742229, -114.1001520960553535, -28.93638930159392686 ) ) ;
#3385 = CARTESIAN_POINT ( 'NONE',  ( 3.238880645066823938, -31.81592440980953640, -24.92068674154916152 ) ) ;
#3386 = CARTESIAN_POINT ( 'NONE',  ( -2.133256291359748147, -15.91731895611935776, -12.99713178681386871 ) ) ;
#3387 = CARTESIAN_POINT ( 'NONE',  ( -52.27075942040249146, -85.15986691102210671, -33.99698175521228194 ) ) ;
#3388 = CARTESIAN_POINT ( 'NONE',  ( -59.98540631117703015, -105.4799636874151219, -30.29563780808833684 ) ) ;
#3389 = CARTESIAN_POINT ( 'NONE',  ( -62.30076983024657977, -106.5627922135186054, -31.57379280126362175 ) ) ;
#3390 = CARTESIAN_POINT ( 'NONE',  ( -66.11863472026773536, -119.9049230531995534, -29.61814101413381195 ) ) ;
#3391 = CARTESIAN_POINT ( 'NONE',  ( -64.56623321837101059, -116.9268508344417370, -25.38798354576676175 ) ) ;
#3392 = CARTESIAN_POINT ( 'NONE',  ( 1.710121537982443041, -8.892748279483868146, -10.82075362368664706 ) ) ;
#3393 = CARTESIAN_POINT ( 'NONE',  ( -50.34438001211459124, -86.45683284576494998, -35.12239804889532735 ) ) ;
#3394 = CARTESIAN_POINT ( 'NONE',  ( -54.19793293220384811, -146.2870098157244740, -28.01403984861916996 ) ) ;
#3395 = CARTESIAN_POINT ( 'NONE',  ( -4.549672255258051301, -9.238833837607778321, -13.08203621304329189 ) ) ;
#3396 = CARTESIAN_POINT ( 'NONE',  ( -53.23866442553535450, -138.9029674272721024, -31.79108650550547921 ) ) ;
#3397 = CARTESIAN_POINT ( 'NONE',  ( -17.40332056600801991, -67.66886755066568071, -31.22779299317914337 ) ) ;
#3398 = CARTESIAN_POINT ( 'NONE',  ( -23.41493172239397680, -67.72644719984685935, -31.47378222560788430 ) ) ;
#3399 = CARTESIAN_POINT ( 'NONE',  ( -60.56768569857376860, -110.5605830656674300, -29.25184704347848808 ) ) ;
#3400 = CARTESIAN_POINT ( 'NONE',  ( -41.51625833764795459, -78.18345218086540171, -31.43388512029170201 ) ) ;
#3401 = CARTESIAN_POINT ( 'NONE',  ( -57.35843041755779126, -131.4071504989302639, -31.30862483104781546 ) ) ;
#3402 = CARTESIAN_POINT ( 'NONE',  ( -24.21476931849527503, -73.43101111379931467, -33.62755457741073428 ) ) ;
#3403 = CARTESIAN_POINT ( 'NONE',  ( -64.33467359937053232, -122.6376324042594348, -25.73105078668309886 ) ) ;
#3404 = CARTESIAN_POINT ( 'NONE',  ( -52.61757144229195404, -86.17051119331331677, -34.33696902498313364 ) ) ;
#3405 = CARTESIAN_POINT ( 'NONE',  ( -58.10083174877112100, -141.7179976700114707, -28.22840343164730115 ) ) ;
#3406 = CARTESIAN_POINT ( 'NONE',  ( -59.13431243224813727, -96.71707668034311212, -27.08087708106555880 ) ) ;
#3407 = ADVANCED_FACE ( 'NONE', ( #6655 ), #7165, .F. ) ;
#3408 = CARTESIAN_POINT ( 'NONE',  ( -45.67067780362800988, -79.72736509696562734, -33.71582839073457905 ) ) ;
#3409 = CARTESIAN_POINT ( 'NONE',  ( -47.55891899253042254, -88.66104941349217938, -33.04319093075837088 ) ) ;
#3410 = CARTESIAN_POINT ( 'NONE',  ( -12.77341780573752317, -60.94181981727832920, -29.13519782066983410 ) ) ;
#3411 = CARTESIAN_POINT ( 'NONE',  ( -56.97364081868443719, -136.0062515308766535, -32.45660673056942613 ) ) ;
#3412 = CARTESIAN_POINT ( 'NONE',  ( -60.25374445641909915, -107.2799718444524615, -27.89589486756164405 ) ) ;
#3413 = CARTESIAN_POINT ( 'NONE',  ( -65.03936656250066051, -119.2148601735150208, -30.73845234288467410 ) ) ;
#3414 = CARTESIAN_POINT ( 'NONE',  ( -61.43599698426855582, -135.6296698467257897, -28.23666880271906265 ) ) ;
#3415 = CARTESIAN_POINT ( 'NONE',  ( -56.83669670969943866, -133.8580313009060205, -26.89380616645839694 ) ) ;
#3416 = CARTESIAN_POINT ( 'NONE',  ( -49.63963847635401549, -147.9472197465316015, -34.05767833289134927 ) ) ;
#3417 = CARTESIAN_POINT ( 'NONE',  ( 1.718267338136662659, -11.21226410741766166, -13.95465101324398027 ) ) ;
#3418 = CARTESIAN_POINT ( 'NONE',  ( -57.04298639999952769, -97.75885250827379025, -28.13817672260481473 ) ) ;
#3419 = CARTESIAN_POINT ( 'NONE',  ( -34.72740495911298808, -80.01026412075174221, -33.02342768911216098 ) ) ;
#3420 = CARTESIAN_POINT ( 'NONE',  ( -56.40342351856736514, -141.0064930666974590, -32.82105087024100243 ) ) ;
#3421 = CARTESIAN_POINT ( 'NONE',  ( -62.71898660393822666, -132.6899511334440263, -29.46101449603960987 ) ) ;
#3422 = CARTESIAN_POINT ( 'NONE',  ( 3.797650308471980818, -36.40791479161052990, -25.81970568019969647 ) ) ;
#3423 = CARTESIAN_POINT ( 'NONE',  ( -61.26142658979359368, -103.8766410066151877, -26.37309700082239061 ) ) ;
#3424 = CARTESIAN_POINT ( 'NONE',  ( -45.89097100074749136, -81.48414749069651464, -35.72443309078246187 ) ) ;
#3425 = CARTESIAN_POINT ( 'NONE',  ( -48.45115641884483892, -89.76805353933893628, -32.25940578279762860 ) ) ;
#3426 = CARTESIAN_POINT ( 'NONE',  ( -62.30025270865541387, -120.1994198099605740, -31.24004287111942091 ) ) ;
#3427 = CARTESIAN_POINT ( 'NONE',  ( -62.35302470408795017, -132.7398826351651451, -30.24815080041965842 ) ) ;
#3428 = CARTESIAN_POINT ( 'NONE',  ( -64.86611723617969005, -113.3049892443320772, -25.44979690923210924 ) ) ;
#3429 = CARTESIAN_POINT ( 'NONE',  ( -59.22396835168789408, -101.8531720231045767, -31.20644447663919507 ) ) ;
#3430 = CARTESIAN_POINT ( 'NONE',  ( -37.34441337996071297, -79.56138640545289320, -36.60524949706687892 ) ) ;
#3431 = CARTESIAN_POINT ( 'NONE',  ( -0.8597695971065947296, -45.22621888708676607, -30.24907648019851436 ) ) ;
#3432 = CARTESIAN_POINT ( 'NONE',  ( -44.75215304037939745, -86.57858213424573535, -32.96734941738704094 ) ) ;
#3433 = CARTESIAN_POINT ( 'NONE',  ( -60.45261886059324752, -109.3393964837985095, -29.30005273535411803 ) ) ;
#3434 = CARTESIAN_POINT ( 'NONE',  ( -33.43119679298229840, -74.17773394942648224, -31.44794988170611916 ) ) ;
#3435 = CARTESIAN_POINT ( 'NONE',  ( -45.84841657463164921, -87.41172433398449471, -31.39477870586462771 ) ) ;
#3436 = CARTESIAN_POINT ( 'NONE',  ( -47.17470871477806327, -82.73729959715718962, -30.30709214713792576 ) ) ;
#3437 = CARTESIAN_POINT ( 'NONE',  ( -60.22851178333839073, -122.8032457593197790, -30.62595864745102503 ) ) ;
#3438 = CARTESIAN_POINT ( 'NONE',  ( -38.76623622245629974, -82.53746996915458567, -32.79675091044095581 ) ) ;
#3439 = CARTESIAN_POINT ( 'NONE',  ( -64.47381494978750993, -122.0551914419636717, -25.71367757839909984 ) ) ;
#3440 = CARTESIAN_POINT ( 'NONE',  ( -62.21444544240807062, -133.0848234612812462, -30.27816781509915245 ) ) ;
#3441 = CARTESIAN_POINT ( 'NONE',  ( -66.02687459462322295, -120.3902027567381907, -26.66026656737216527 ) ) ;
#3442 = CARTESIAN_POINT ( 'NONE',  ( -61.56191902716956577, -113.7418098325048987, -30.42957054661943772 ) ) ;
#3443 = CARTESIAN_POINT ( 'NONE',  ( -62.40920100818421901, -104.8397199106998983, -25.98718383748317962 ) ) ;
#3444 = CARTESIAN_POINT ( 'NONE',  ( -1.681095650394519581, -45.34740560080627603, -30.07976017421060888 ) ) ;
#3445 = CARTESIAN_POINT ( 'NONE',  ( -44.75215304037939745, -86.57858213424573535, -32.96734941738704094 ) ) ;
#3446 = CARTESIAN_POINT ( 'NONE',  ( -49.59333693819294098, -89.84264012387458820, -29.94809926352985485 ) ) ;
#3447 = CARTESIAN_POINT ( 'NONE',  ( 1.224081181499826032, 2.213324076456864464, -1.544510747712357857 ) ) ;
#3448 = CARTESIAN_POINT ( 'NONE',  ( -45.19192225886436631, -85.41133912957643304, -30.18418958729640522 ) ) ;
#3449 = CARTESIAN_POINT ( 'NONE',  ( -6.721076328080713758, -57.11248268680243001, -33.74578153605029485 ) ) ;
#3450 = CARTESIAN_POINT ( 'NONE',  ( -50.61545515868170497, -155.2721660156067571, -30.98545541234161504 ) ) ;
#3451 = CARTESIAN_POINT ( 'NONE',  ( -57.12425444934824270, -133.2089496879525257, -26.82203078883277314 ) ) ;
#3452 = CARTESIAN_POINT ( 'NONE',  ( 2.472613862393421513, -16.78277298692502839, -16.00256109280816474 ) ) ;
#3453 = CARTESIAN_POINT ( 'NONE',  ( 2.439559969464865308, 1.029215258641710928, -1.445116525056515000 ) ) ;
#3454 = CARTESIAN_POINT ( 'NONE',  ( -58.93975159105894335, -101.3454172826669719, -27.67288230045090458 ) ) ;
#3455 = CARTESIAN_POINT ( 'NONE',  ( -50.75369549190745033, -91.24259575618751228, -32.81501291074545890 ) ) ;
#3456 = CARTESIAN_POINT ( 'NONE',  ( -64.23260310467053102, -118.9725157553959036, -31.09657676477823074 ) ) ;
#3457 = CARTESIAN_POINT ( 'NONE',  ( -55.25272171179771163, -147.8247829602038053, -31.26079644988260497 ) ) ;
#3458 = CARTESIAN_POINT ( 'NONE',  ( -28.01983420851166429, -71.58236340071981374, -37.46844856491901510 ) ) ;
#3459 = CARTESIAN_POINT ( 'NONE',  ( -61.56622706534609080, -105.0689164516776657, -26.26164237524799816 ) ) ;
#3460 = CARTESIAN_POINT ( 'NONE',  ( 1.620155276173258718, -5.958209951443601327, -9.381575344873386513 ) ) ;
#3461 = CARTESIAN_POINT ( 'NONE',  ( -42.54755690636476118, -79.73128912128842671, -36.44994565430662448 ) ) ;
#3462 = CARTESIAN_POINT ( 'NONE',  ( -49.01945576524479264, -90.24895984570531482, -32.22972364939458600 ) ) ;
#3463 = CARTESIAN_POINT ( 'NONE',  ( -63.01322673134866648, -113.2198616994079856, -31.21851439720960641 ) ) ;
#3464 = CARTESIAN_POINT ( 'NONE',  ( -65.45336165736623002, -123.1219681801924253, -29.68354248243190696 ) ) ;
#3465 = CARTESIAN_POINT ( 'NONE',  ( -2.909865644879372937, -13.48171849692368696, -11.75994925699294491 ) ) ;
#3466 = CARTESIAN_POINT ( 'NONE',  ( -42.78815750480438851, -85.19935485074481107, -32.86537392526555834 ) ) ;
#3467 = CARTESIAN_POINT ( 'NONE',  ( 0.4880747908209125963, -49.48276713937615057, -28.48280451847631056 ) ) ;
#3468 = CARTESIAN_POINT ( 'NONE',  ( -56.63296829470139215, -145.2367154613888829, -29.38892166563125841 ) ) ;
#3469 = CARTESIAN_POINT ( 'NONE',  ( -22.57508569499146134, -72.32826181571913082, -33.54567324579370080 ) ) ;
#3470 = CARTESIAN_POINT ( 'NONE',  ( -60.60742034596759709, -111.1956768169695238, -29.23163835025843937 ) ) ;
#3471 = CARTESIAN_POINT ( 'NONE',  ( -22.65159023060304477, -71.77491039751164692, -32.05183411222890300 ) ) ;
#3472 = CARTESIAN_POINT ( 'NONE',  ( -54.24608732553816282, -90.16583642159103817, -28.33090411322603330 ) ) ;
#3473 = CARTESIAN_POINT ( 'NONE',  ( -24.93038341109856404, -73.90217335551888311, -33.64069239556363300 ) ) ;
#3474 = CARTESIAN_POINT ( 'NONE',  ( -59.81308119543008672, -135.4039949385944794, -26.61620937841601986 ) ) ;
#3475 = CARTESIAN_POINT ( 'NONE',  ( -64.63271099481632120, -126.2219423023947797, -29.80282027714797266 ) ) ;
#3476 = CARTESIAN_POINT ( 'NONE',  ( -44.58913308260333253, -78.89122459063517567, -33.27218297579549500 ) ) ;
#3477 = CARTESIAN_POINT ( 'NONE',  ( -63.20719813379012209, -111.1773507710575473, -25.55853050217228173 ) ) ;
#3478 = CARTESIAN_POINT ( 'NONE',  ( -0.2291220761828816899, -43.75274907924126921, -22.73602149976841957 ) ) ;
#3479 = CARTESIAN_POINT ( 'NONE',  ( -34.72740495911298808, -80.01026412075174221, -33.02342768911216098 ) ) ;
#3480 = CARTESIAN_POINT ( 'NONE',  ( -59.23700865343826649, -122.7592250139329479, -27.91697227336140230 ) ) ;
#3481 = CARTESIAN_POINT ( 'NONE',  ( 0.7897510842434567468, -10.38045532229304513, -15.09004393019958989 ) ) ;
#3482 = CARTESIAN_POINT ( 'NONE',  ( -47.98917110177094969, -88.20718658332482676, -30.06835506213020537 ) ) ;
#3483 = CARTESIAN_POINT ( 'NONE',  ( 1.390753901345316290, -46.55870307412300235, -28.95624415732700996 ) ) ;
#3484 = CARTESIAN_POINT ( 'NONE',  ( -39.19697399949953365, -75.68168940139891276, -35.66715207939392229 ) ) ;
#3485 = CARTESIAN_POINT ( 'NONE',  ( -49.52785606998135393, -147.6200315165246479, -28.86950986121978957 ) ) ;
#3486 = CARTESIAN_POINT ( 'NONE',  ( -51.91797860974503465, -143.9981960610396925, -33.40583240143209309 ) ) ;
#3487 = CARTESIAN_POINT ( 'NONE',  ( -57.74900221662798572, -130.4281641585599516, -31.21025994437790629 ) ) ;
#3488 = CARTESIAN_POINT ( 'NONE',  ( 1.760973007615427299, -5.837119386182012981, -7.074684716709998433 ) ) ;
#3489 = CARTESIAN_POINT ( 'NONE',  ( -55.18564862932475990, -137.7832820070158277, -32.50319727559220695 ) ) ;
#3490 = CARTESIAN_POINT ( 'NONE',  ( -47.57529212532336516, -86.69613374347248680, -29.68217063974853431 ) ) ;
#3491 = CARTESIAN_POINT ( 'NONE',  ( -61.49303302067185228, -115.1602632262237762, -30.41952889615390276 ) ) ;
#3492 = CARTESIAN_POINT ( 'NONE',  ( 0.8351310862724811157, -48.82879351184837446, -28.19380951868622276 ) ) ;
#3493 = CARTESIAN_POINT ( 'NONE',  ( -2.121427168379942163, -48.79978702982140959, -31.49448902843628773 ) ) ;
#3494 = CARTESIAN_POINT ( 'NONE',  ( -55.94100123567124427, -93.62834424759959973, -27.85093932714257647 ) ) ;
#3495 = CARTESIAN_POINT ( 'NONE',  ( -66.90694449509163633, -108.8698557311243604, -29.22818077554546079 ) ) ;
#3496 = CARTESIAN_POINT ( 'NONE',  ( -58.84314138906782432, -102.3153573543266361, -30.60136633021141250 ) ) ;
#3497 = CARTESIAN_POINT ( 'NONE',  ( -53.84951742217154447, -142.2459022388631809, -33.29194088511295035 ) ) ;
#3498 = CARTESIAN_POINT ( 'NONE',  ( -60.49394227312094330, -137.0877917275161053, -30.66318611438510544 ) ) ;
#3499 = CARTESIAN_POINT ( 'NONE',  ( -6.881111980297877295, -50.43139821612341223, -29.33551210699842215 ) ) ;
#3500 = CARTESIAN_POINT ( 'NONE',  ( -59.94601018464253883, -103.5902467132876268, -31.01398340952122368 ) ) ;
#3501 = CARTESIAN_POINT ( 'NONE',  ( 3.636539215356865196, -41.10017417408240448, -25.29944751023984395 ) ) ;
#3502 = CARTESIAN_POINT ( 'NONE',  ( -60.79918355482823245, -137.0446881501030987, -28.37857676054040112 ) ) ;
#3503 = CARTESIAN_POINT ( 'NONE',  ( -38.76623622245629974, -82.53746996915458567, -32.79675091044095581 ) ) ;
#3504 = CARTESIAN_POINT ( 'NONE',  ( -50.85803548718745049, -91.94878442157974519, -31.22034292981426873 ) ) ;
#3505 = CARTESIAN_POINT ( 'NONE',  ( -57.21514530560217082, -95.37179807295798639, -27.55035980374083948 ) ) ;
#3506 = CARTESIAN_POINT ( 'NONE',  ( -56.24060277664457175, -98.09924256454634417, -30.33680481091727188 ) ) ;
#3507 = CARTESIAN_POINT ( 'NONE',  ( -62.67893657135316232, -106.0951460006942852, -25.87396181939935502 ) ) ;
#3508 = CARTESIAN_POINT ( 'NONE',  ( -57.66493542079109602, -130.6422568128958233, -31.23133491966213526 ) ) ;
#3509 = CARTESIAN_POINT ( 'NONE',  ( -4.690709273465678564, -55.21024827957251091, -27.29233437403962270 ) ) ;
#3510 = CARTESIAN_POINT ( 'NONE',  ( -4.144974238751657047, -11.47516400604930809, -11.79683355256149113 ) ) ;
#3511 = CARTESIAN_POINT ( 'NONE',  ( -66.11983065136526250, -108.8900196344414155, -26.48939818942123381 ) ) ;
#3512 = CARTESIAN_POINT ( 'NONE',  ( -62.16348840055720615, -133.2104763242344632, -30.28934106843394858 ) ) ;
#3513 = CARTESIAN_POINT ( 'NONE',  ( -3.180113029388589752, -17.82428013910566733, -18.15480955826451392 ) ) ;
#3514 = CARTESIAN_POINT ( 'NONE',  ( -62.83223767510175151, -117.2428188986555710, -25.46079875199522391 ) ) ;
#3515 = CARTESIAN_POINT ( 'NONE',  ( -27.38634576698635925, -75.38489499700078511, -32.82791095050895791 ) ) ;
#3516 = CARTESIAN_POINT ( 'NONE',  ( -47.26313886016172461, -88.43533048530319718, -33.04246889892059613 ) ) ;
#3517 = CARTESIAN_POINT ( 'NONE',  ( -59.12448620320499515, -123.1771439391547318, -27.94141415278205187 ) ) ;
#3518 = CARTESIAN_POINT ( 'NONE',  ( -54.84141487227449119, -140.3618107939546178, -33.02197109854805745 ) ) ;
#3519 = CARTESIAN_POINT ( 'NONE',  ( -21.42487166405725674, -69.22996013539783178, -31.04317093580996456 ) ) ;
#3520 = CARTESIAN_POINT ( 'NONE',  ( -54.54714651484976429, -148.1332808309189488, -29.13519603925139734 ) ) ;
#3521 = CARTESIAN_POINT ( 'NONE',  ( 1.985508051135840279, -45.21995185643238813, -28.42413374402667259 ) ) ;
#3522 = CARTESIAN_POINT ( 'NONE',  ( -3.250000000000000444, 0.8508480103472361167, 0.000000000000000000 ) ) ;
#3523 = CARTESIAN_POINT ( 'NONE',  ( -51.10624130330242565, -144.9510468556764806, -28.42459390522504137 ) ) ;
#3524 = CARTESIAN_POINT ( 'NONE',  ( -52.89853215354150962, -142.2121091176159666, -33.13014576686496326 ) ) ;
#3525 = CARTESIAN_POINT ( 'NONE',  ( -57.61175656330859596, -98.87602568298966332, -31.58565764765100425 ) ) ;
#3526 = CARTESIAN_POINT ( 'NONE',  ( 2.131669277037818055, -3.426989059587166153, -4.225612227393012788 ) ) ;
#3527 = CARTESIAN_POINT ( 'NONE',  ( -57.11049924316859006, -133.6018962578882849, -31.99467808218694387 ) ) ;
#3528 = CARTESIAN_POINT ( 'NONE',  ( -22.19819690442518123, -68.76892628043884770, -30.98854022281461340 ) ) ;
#3529 = CARTESIAN_POINT ( 'NONE',  ( -60.36693324885758472, -122.2426979271562288, -30.59661362965680809 ) ) ;
#3530 = CARTESIAN_POINT ( 'NONE',  ( -0.3821988639730132253, 0.4518178696233217662, -5.204978267458406194 ) ) ;
#3531 = CARTESIAN_POINT ( 'NONE',  ( -0.6055537775682993118, -46.40403767186774076, -30.54999930270247432 ) ) ;
#3532 = CARTESIAN_POINT ( 'NONE',  ( -1.150831008343855544, -35.75713910856819666, -25.62246365621711419 ) ) ;
#3533 = CARTESIAN_POINT ( 'NONE',  ( -61.61726572085088094, -119.3906323387937789, -25.84980647848871982 ) ) ;
#3534 = CARTESIAN_POINT ( 'NONE',  ( 3.745021327045239712, -28.54591869598996112, -19.76406082224913163 ) ) ;
#3535 = CARTESIAN_POINT ( 'NONE',  ( -62.48779789925921335, -133.2643677398271507, -29.51025426460818579 ) ) ;
#3536 = CARTESIAN_POINT ( 'NONE',  ( -60.52564588097741449, -118.3938705559679079, -29.96218427264975048 ) ) ;
#3537 = CARTESIAN_POINT ( 'NONE',  ( 1.774741635533707340, -14.52458482400519202, -16.87042246748380236 ) ) ;
#3538 = CARTESIAN_POINT ( 'NONE',  ( -0.7515336965349342924, -14.78132631284667831, -19.00883890145819777 ) ) ;
#3539 = CARTESIAN_POINT ( 'NONE',  ( -53.09250023479896896, -146.5109530189312750, -27.89304127690593305 ) ) ;
#3540 = CARTESIAN_POINT ( 'NONE',  ( 2.931473542684054134, -24.14856332129628669, -21.95050487813162476 ) ) ;
#3541 = CARTESIAN_POINT ( 'NONE',  ( -55.81987679182415008, -146.6856439635992331, -29.59814134918258333 ) ) ;
#3542 = CARTESIAN_POINT ( 'NONE',  ( -24.21476931849527503, -73.43101111379931467, -33.62755457741073428 ) ) ;
#3543 = CARTESIAN_POINT ( 'NONE',  ( -60.41887830468965603, -116.5880345824264026, -29.19635715956585287 ) ) ;
#3544 = CARTESIAN_POINT ( 'NONE',  ( -60.51194387949922771, -123.9752668814006995, -26.04420780034742933 ) ) ;
#3545 = B_SPLINE_CURVE_WITH_KNOTS ( 'NONE', 3,
 ( #1660, #516, #6682, #2212, #1037, #6158, #1003, #7232, #6646, #1071, #3875, #3949, #4362, #6611, #446, #3392, #7301, #6749, #2691, #2249, #1107, #2726, #5571, #550, #3355, #1556, #2142, #5606, #6053, #1695, #4398, #6193, #2761, #5642, #4951, #3247, #5020, #2660, #4917, #7267, #3803, #7199, #4467, #3318, #2108, #7164, #1593, #3840, #6087, #3282, #2176, #5537, #480, #4986, #4432, #1626, #6124, #2870, #2321, #624, #6230, #107, #6343, #6936, #4651, #6860, #2906, #1331, #3986, #3577, #1216, #3466, #5093, #659, #5793, #5679, #71, #6900, #736, #5165, #4539, #2358, #1842, #1804, #4056, #586, #34, #6305, #6787, #2944, #2397, #1253, #2285, #1731, #1180, #3429, #5130, #3500, #4095, #4576, #5752, #6823, #1769, #696, #2083, #4301, #6550, #1532, #1496, #3745, #980, #3224, #5479, #4929, #7177, #4375, #3817, #1744, #3442, #1120, #3368, #2774, #6694, #6659, #777, #4719, #7041, #363, #5935, #883, #6966, #5860, #2611, #1363, #3122, #4762, #5381, #7078, #4311, #6560, #3437, #2366, #4621, #1850, #5760, #2329, #5138, #744, #5248, #1224, #3508, #2405, #1888, #4140, #3401, #596, #6274, #5723, #5102, #2842, #42, #632, #5687, #78, #4547, #4584, #6831, #3585, #784, #6463, #4250, #4737, #5981, #1928, #6982, #337, #4178, #6427, #3098, #264, #5947, #1449, #1377, #1413, #3659, #5910, #3697, #300 ),
 .UNSPECIFIED., .F., .F.,
 ( 4, 2, 2, 2, 2, 2, 2, 2, 2, 2, 2, 2, 2, 2, 2, 2, 2, 2, 2, 2, 2, 2, 2, 2, 2, 2, 2, 2, 2, 2, 2, 2, 2, 2, 2, 2, 2, 2, 2, 2, 2, 2, 2, 2, 2, 2, 2, 2, 2, 2, 2, 2, 2, 2, 2, 2, 2, 2, 2, 2, 2, 2, 2, 2, 2, 2, 2, 2, 2, 2, 2, 2, 2, 2, 2, 2, 2, 2, 2, 2, 2, 2, 2, 2, 2, 2, 2, 2, 2, 2, 2, 2, 2, 4 ),
 ( 0.000000000000000000, 0.02329522754909640891, 0.03494284132364461337, 0.04076664821091871560, 0.04659045509819281783, 0.05208944868411372053, 0.05758844227003463018, 0.06858642944187644253, 0.09058240378556006722, 0.1127920656738070210, 0.1350017275620539747, 0.1574187805848565325, 0.1798358336076591180, 0.2018836925684370787, 0.2239315515292150671, 0.2454344120773339355, 0.2669372726254528039, 0.2886828343215942505, 0.2995556151696649461, 0.3104283960177356416, 0.3216213876463788202, 0.3328143792750219432, 0.3552003625323082447, 0.3889058013854361784, 0.4224030607575774976, 0.4391516904436481572, 0.4559003201297188168, 0.4681038509290215144, 0.4803073817283242120, 0.5047144433269296071, 0.5291215049255350023, 0.5413250357248376998, 0.5474268011244890486, 0.5535285665241403974, 0.5595549402922965765, 0.5655813140604526446, 0.5776340615967650027, 0.5896868091330772499, 0.5957131829012334290, 0.6017395566693894970, 0.6074215307001249453, 0.6131035047308603936, 0.6244674527923311791, 0.6358314008538019646, 0.6471953489152728611, 0.6581183547157818392, 0.6690413605162909283, 0.6908873721173089955, 0.7035048814520131755, 0.7098136361193652100, 0.7161223907867173555, 0.7228066029248986224, 0.7294908150630798893, 0.7361750272012611562, 0.7395171332703518452, 0.7428592393394424231, 0.7465371062832188986, 0.7502149732269952631, 0.7575707071145481031, 0.7649264410021009430, 0.7686043079458773075, 0.7722821748896537830, 0.7764489783880623719, 0.7806157818864710718, 0.7889493888832883606, 0.7972829958801055383, 0.8014497993785141272, 0.8035332011277185327, 0.8056166028769228271, 0.8089001497775156757, 0.8121836966781086353, 0.8187507904792943325, 0.8318849780816657269, 0.8450191656840371213, 0.8515862594852228185, 0.8548698063858156670, 0.8565115798361120358, 0.8581533532864085156, 0.8601551503366576812, 0.8621569473869068467, 0.8661605414874052888, 0.8741677296884020620, 0.8901821060903956084, 0.9061964824923891548, 0.9142036706933858170, 0.9182072647938841481, 0.9202090618441334247, 0.9222108588943825902, 0.9246417695539330683, 0.9270726802134836575, 0.9319345015325848358, 0.9416581441707869704, 0.9611054294471912396, 1.000000000000000000 ),
 .UNSPECIFIED. ) ;
#3546 = CARTESIAN_POINT ( 'NONE',  ( -51.09941883526091289, -142.1142727642142347, -31.58481668067493331 ) ) ;
#3547 = CARTESIAN_POINT ( 'NONE',  ( -62.83223767510175151, -117.2428188986555710, -25.46079875199522391 ) ) ;
#3548 = CARTESIAN_POINT ( 'NONE',  ( -56.06093608069708267, -96.71597670752844067, -31.90613702286512776 ) ) ;
#3549 = CARTESIAN_POINT ( 'NONE',  ( -53.52162132780171788, -147.4507970551125311, -28.19322953466721060 ) ) ;
#3550 = CARTESIAN_POINT ( 'NONE',  ( -66.51929386119333287, -117.0309318535635867, -29.62254322272638873 ) ) ;
#3551 = CARTESIAN_POINT ( 'NONE',  ( -4.585192364153289901, -6.563324073348780985, -8.318439540856559233 ) ) ;
#3552 = CARTESIAN_POINT ( 'NONE',  ( -51.98272197127867855, -145.0794687684955591, -27.97920320178673848 ) ) ;
#3553 = CARTESIAN_POINT ( 'NONE',  ( -3.303593883650401519, -51.50231489636969684, -25.51383656661561972 ) ) ;
#3554 = CARTESIAN_POINT ( 'NONE',  ( -59.65778475304365713, -124.9046398576358143, -30.75158767709788066 ) ) ;
#3555 = CARTESIAN_POINT ( 'NONE',  ( -60.69524277158202352, -111.5079024357858941, -27.71166653617738618 ) ) ;
#3556 = CARTESIAN_POINT ( 'NONE',  ( -50.34562842335808597, -87.54280356990970802, -34.98841305464639362 ) ) ;
#3557 = CARTESIAN_POINT ( 'NONE',  ( -55.72423560596777747, -96.72739226582396554, -29.00517949248359173 ) ) ;
#3558 = CARTESIAN_POINT ( 'NONE',  ( -64.41495011648726177, -118.0128327143435456, -25.38871369549550749 ) ) ;
#3559 = CARTESIAN_POINT ( 'NONE',  ( -3.142176885331219083, -46.63096798553730338, -30.30505999722653243 ) ) ;
#3560 = CARTESIAN_POINT ( 'NONE',  ( -2.059852112131893342, 0.3538069993745657782, -5.401033436034965440 ) ) ;
#3561 = CARTESIAN_POINT ( 'NONE',  ( -4.325289788438322347, -50.47042708091675678, -32.21288484819056208 ) ) ;
#3562 = CARTESIAN_POINT ( 'NONE',  ( 0.07018040414860544918, -31.43398072413978994, -19.27434315064700243 ) ) ;
#3563 = CARTESIAN_POINT ( 'NONE',  ( -19.29023299681066561, -69.87382767985583598, -34.75295033982023085 ) ) ;
#3564 = CARTESIAN_POINT ( 'NONE',  ( -60.91389533634385600, -119.7024035059664726, -30.49139087883704846 ) ) ;
#3565 = CARTESIAN_POINT ( 'NONE',  ( 1.971687461744921155, -21.40582599013557896, -15.61142235962871005 ) ) ;
#3566 = CARTESIAN_POINT ( 'NONE',  ( -58.46307111345872443, -130.2918760040818995, -31.65238952878117473 ) ) ;
#3567 = CARTESIAN_POINT ( 'NONE',  ( -50.22865605340043516, -89.52245357302022910, -29.36733133005833096 ) ) ;
#3568 = CARTESIAN_POINT ( 'NONE',  ( -0.8331792874829362372, -4.073036370905358972, -10.86642137450253642 ) ) ;
#3569 = CARTESIAN_POINT ( 'NONE',  ( -4.401805513158000061, -4.934300414374771293, -9.956744446642915136 ) ) ;
#3570 = CARTESIAN_POINT ( 'NONE',  ( -1.332950415982061543, -39.57320571622171457, -27.34387146654989209 ) ) ;
#3571 = CARTESIAN_POINT ( 'NONE',  ( -52.03985941347938393, -89.11007457932431919, -28.70683529208773876 ) ) ;
#3572 = CARTESIAN_POINT ( 'NONE',  ( -65.31087341367637578, -125.0256192670634050, -28.98228896503666263 ) ) ;
#3573 = CARTESIAN_POINT ( 'NONE',  ( -59.84489572888733022, -121.8138508142962877, -30.09339138918156209 ) ) ;
#3574 = CARTESIAN_POINT ( 'NONE',  ( 0.1902332305745115248, -1.221265386086433091, -6.989942988274471247 ) ) ;
#3575 = CARTESIAN_POINT ( 'NONE',  ( -1.711791920378275655, -12.15826306332705187, -17.40156321520401406 ) ) ;
#3576 = CARTESIAN_POINT ( 'NONE',  ( -53.31503834543060805, -146.1270878943062428, -27.83331045315459562 ) ) ;
#3577 = CARTESIAN_POINT ( 'NONE',  ( -41.44591928132174274, -84.29013263791127031, -32.81249612345415301 ) ) ;
#3578 = CARTESIAN_POINT ( 'NONE',  ( -62.12433835879991051, -130.1132394363075946, -31.22923851843556164 ) ) ;
#3579 = CARTESIAN_POINT ( 'NONE',  ( -2.629631018837350176, -48.20391290588052158, -31.35032957566935607 ) ) ;
#3580 = CARTESIAN_POINT ( 'NONE',  ( -14.51147713247425841, -66.20827512907203527, -31.94863252699460432 ) ) ;
#3581 = CARTESIAN_POINT ( 'NONE',  ( -59.26884508971591714, -122.6562052023678149, -29.41935307977915670 ) ) ;
#3582 = CARTESIAN_POINT ( 'NONE',  ( -62.35998034776989130, -111.8783914036413734, -25.85602648786561986 ) ) ;
#3583 = CARTESIAN_POINT ( 'NONE',  ( -58.47664979390521722, -125.4437211485205665, -29.60473009198770100 ) ) ;
#3584 = CARTESIAN_POINT ( 'NONE',  ( -57.56006124753196218, -134.2748414831604862, -26.51863518446854329 ) ) ;
#3585 = CARTESIAN_POINT ( 'NONE',  ( -53.21876190956345454, -140.2856200718626951, -32.42038129022523663 ) ) ;
#3586 = CARTESIAN_POINT ( 'NONE',  ( -57.66493542079109602, -130.6422568128958233, -31.23133491966213526 ) ) ;
#3587 = CARTESIAN_POINT ( 'NONE',  ( -2.226292318742059351, -43.27740375721845822, -28.63278838609977939 ) ) ;
#3588 = CARTESIAN_POINT ( 'NONE',  ( -66.22346181941054510, -110.3866334418034114, -26.39024695170579093 ) ) ;
#3589 = CARTESIAN_POINT ( 'NONE',  ( -56.47652631756233177, -145.0244463056983761, -31.65828519391161677 ) ) ;
#3590 = CARTESIAN_POINT ( 'NONE',  ( -24.89073757154446653, -66.47560600494395544, -34.18090118588239079 ) ) ;
#3591 = CARTESIAN_POINT ( 'NONE',  ( -52.55389732757588206, -144.0802221198191262, -27.82294274859635763 ) ) ;
#3592 = CARTESIAN_POINT ( 'NONE',  ( -39.70390923836670538, -83.03898626119404014, -31.98090471964470893 ) ) ;
#3593 = CARTESIAN_POINT ( 'NONE',  ( -60.61047331170037467, -121.1851324612991618, -30.54770690906922681 ) ) ;
#3594 = CARTESIAN_POINT ( 'NONE',  ( -60.34180792115979841, -117.3981893374785557, -27.70185683373757257 ) ) ;
#3595 = CARTESIAN_POINT ( 'NONE',  ( -24.88370974338974051, -72.39054890589807201, -36.58193119460151621 ) ) ;
#3596 = CARTESIAN_POINT ( 'NONE',  ( -57.34761293691089890, -128.6559694762268862, -28.36628550134498994 ) ) ;
#3597 = CARTESIAN_POINT ( 'NONE',  ( -59.76732102727996221, -133.4243771984525324, -26.21406554964803348 ) ) ;
#3598 = CARTESIAN_POINT ( 'NONE',  ( -58.10083174877112100, -141.7179976700114707, -28.22840343164730115 ) ) ;
#3599 = CARTESIAN_POINT ( 'NONE',  ( 0.4585037288243304365, -15.81233751606802151, -19.33502502811816370 ) ) ;
#3600 = CARTESIAN_POINT ( 'NONE',  ( -4.635515308685947744, -4.404706911524183255, -8.219250099253908814 ) ) ;
#3601 = CARTESIAN_POINT ( 'NONE',  ( -44.43250632444486570, -83.56856084076238744, -29.98570941778907439 ) ) ;
#3602 = CARTESIAN_POINT ( 'NONE',  ( -61.56191902716956577, -113.7418098325048987, -30.42957054661943772 ) ) ;
#3603 = CARTESIAN_POINT ( 'NONE',  ( -50.82478646234115871, -142.6108201523758510, -31.66315197972003403 ) ) ;
#3604 = CARTESIAN_POINT ( 'NONE',  ( -39.13913450640780667, -82.58582537581261818, -34.46221545412381460 ) ) ;
#3605 = CARTESIAN_POINT ( 'NONE',  ( -53.68134989724313044, -137.7830488062440111, -28.62636677292481835 ) ) ;
#3606 = CARTESIAN_POINT ( 'NONE',  ( -55.60575924108378132, -142.5308329180770386, -33.03134066726423157 ) ) ;
#3607 = CARTESIAN_POINT ( 'NONE',  ( -4.258436203297163658, -2.781548342607082169, -7.425012205293410439 ) ) ;
#3608 = CARTESIAN_POINT ( 'NONE',  ( -38.53469595743339227, -75.15308967267263540, -33.24877148886419320 ) ) ;
#3609 = CARTESIAN_POINT ( 'NONE',  ( -60.66974512884859649, -123.4166790106624774, -26.01316507088501240 ) ) ;
#3610 = CARTESIAN_POINT ( 'NONE',  ( -50.83526915708653604, -90.79613175746563059, -33.54376366862439340 ) ) ;
#3611 = CARTESIAN_POINT ( 'NONE',  ( -62.15421452845792061, -134.0745527723028374, -29.58208267829215998 ) ) ;
#3612 = VERTEX_POINT ( 'NONE', #3152 ) ;
#3613 = CARTESIAN_POINT ( 'NONE',  ( -37.12582831218218615, -81.64814725862375155, -33.65188962380069171 ) ) ;
#3614 = CARTESIAN_POINT ( 'NONE',  ( -51.82284897269199320, -141.5851983289255429, -32.18850617933405545 ) ) ;
#3615 = CARTESIAN_POINT ( 'NONE',  ( 0.4114774827824596026, -49.68005896274785727, -27.59704109462930788 ) ) ;
#3616 = CARTESIAN_POINT ( 'NONE',  ( -3.114206448931148508, -7.125789998776689949, -13.58902574328882551 ) ) ;
#3617 = CARTESIAN_POINT ( 'NONE',  ( -2.372984948208398226, -23.22837384444988373, -18.27055921286106255 ) ) ;
#3618 = CARTESIAN_POINT ( 'NONE',  ( -65.43936136015507543, -110.2268363884931688, -30.95592722785020356 ) ) ;
#3619 = CARTESIAN_POINT ( 'NONE',  ( -43.35261022654800911, -78.30663964113736597, -35.03778111595040912 ) ) ;
#3620 = CARTESIAN_POINT ( 'NONE',  ( -50.19852918985458956, -90.77090412297214073, -32.87937904907305153 ) ) ;
#3621 = CARTESIAN_POINT ( 'NONE',  ( -61.09971321977158709, -121.7711100554272576, -25.93295604205701821 ) ) ;
#3622 = CARTESIAN_POINT ( 'NONE',  ( -60.18993691927050804, -118.2824037947026596, -29.23283501616804969 ) ) ;
#3623 = CARTESIAN_POINT ( 'NONE',  ( -57.15769088269725273, -135.1578709362862298, -26.61800145524532724 ) ) ;
#3624 = CARTESIAN_POINT ( 'NONE',  ( -57.99674405877171068, -129.7890434325046840, -31.14841954745798347 ) ) ;
#3625 = CARTESIAN_POINT ( 'NONE',  ( -54.12390737677058183, -146.4156529719544722, -28.03361910095899745 ) ) ;
#3626 = CARTESIAN_POINT ( 'NONE',  ( -60.38214835718772378, -135.6090885384030287, -27.08838823054282585 ) ) ;
#3627 = CARTESIAN_POINT ( 'NONE',  ( -24.93329363544629018, -68.59142373546268345, -37.16482056698816194 ) ) ;
#3628 = CARTESIAN_POINT ( 'NONE',  ( -65.31327507802461696, -117.5489409808826906, -25.65760312519136477 ) ) ;
#3629 = CARTESIAN_POINT ( 'NONE',  ( -57.15769088269725273, -135.1578709362862298, -26.61800145524532724 ) ) ;
#3630 = CARTESIAN_POINT ( 'NONE',  ( -48.15543415401580063, -89.52053825106619911, -32.27179244698418614 ) ) ;
#3631 = CARTESIAN_POINT ( 'NONE',  ( -56.86459855634290506, -132.6013371658116853, -31.43650981200874739 ) ) ;
#3632 = CARTESIAN_POINT ( 'NONE',  ( 1.419733703347195508, -10.48202893874955421, -10.13231346118467080 ) ) ;
#3633 = CARTESIAN_POINT ( 'NONE',  ( -19.59684683481087930, -68.91845352894557664, -36.09699553450663245 ) ) ;
#3634 = CARTESIAN_POINT ( 'NONE',  ( -59.27261339954971930, -122.6241439849714965, -27.90927059633546037 ) ) ;
#3635 = CARTESIAN_POINT ( 'NONE',  ( -64.88008274582878698, -111.0734530531665314, -25.53925417226173167 ) ) ;
#3636 = CARTESIAN_POINT ( 'NONE',  ( -59.09850336953456917, -139.7534526351666955, -27.98657730250855735 ) ) ;
#3637 = CARTESIAN_POINT ( 'NONE',  ( -26.59025268068693393, -70.63885132273723855, -37.42034957818142260 ) ) ;
#3638 = CARTESIAN_POINT ( 'NONE',  ( -26.92492595624500140, -67.95005312507555573, -35.68296943295315060 ) ) ;
#3639 = CARTESIAN_POINT ( 'NONE',  ( -41.66782721368436881, -81.24089882900997850, -30.24443567767780650 ) ) ;
#3640 = CARTESIAN_POINT ( 'NONE',  ( -61.46388313802134462, -110.4146499699358799, -30.51897702872421547 ) ) ;
#3641 = CARTESIAN_POINT ( 'NONE',  ( -56.15417594770861598, -131.7433220421441717, -30.18917707184219168 ) ) ;
#3642 = CARTESIAN_POINT ( 'NONE',  ( 3.789108202827979888, -32.70253644134655246, -21.12862604310561920 ) ) ;
#3643 = CARTESIAN_POINT ( 'NONE',  ( -60.49041944560983097, -118.7773342633304878, -26.96779858497315985 ) ) ;
#3644 = CARTESIAN_POINT ( 'NONE',  ( 0.4880747908209125963, -49.48276713937615057, -28.48280451847631056 ) ) ;
#3645 = CARTESIAN_POINT ( 'NONE',  ( 1.435385175180708517, -41.16004520446844595, -28.77847310533569214 ) ) ;
#3646 = CARTESIAN_POINT ( 'NONE',  ( -4.212550574362557754, -7.601368805591534716, -8.271602960308772623 ) ) ;
#3647 = CARTESIAN_POINT ( 'NONE',  ( -3.137735017808743976, -53.96896127659444176, -27.14327107335071432 ) ) ;
#3648 = CARTESIAN_POINT ( 'NONE',  ( -56.08596766931659516, -146.3601790288738300, -31.04476728345540337 ) ) ;
#3649 = CARTESIAN_POINT ( 'NONE',  ( -38.47766826102146354, -82.47419923992110569, -33.60353683644195399 ) ) ;
#3650 = CARTESIAN_POINT ( 'NONE',  ( -60.69952733685762780, -117.1459407045382619, -29.93541276572072363 ) ) ;
#3651 = CARTESIAN_POINT ( 'NONE',  ( 3.952480366867990202, -38.26769751953307264, -23.58746474658653014 ) ) ;
#3652 = CARTESIAN_POINT ( 'NONE',  ( -53.30862563954568856, -150.5291583524381167, -32.49395969710932519 ) ) ;
#3653 = CARTESIAN_POINT ( 'NONE',  ( -16.35571665628058824, -60.88609103118749744, -31.58954274376818461 ) ) ;
#3654 = CARTESIAN_POINT ( 'NONE',  ( -64.94483805663033138, -119.7878817398968465, -30.74525117990230427 ) ) ;
#3655 = CARTESIAN_POINT ( 'NONE',  ( -52.16476448242361386, -84.22394834176154177, -32.12929024515579357 ) ) ;
#3656 = CARTESIAN_POINT ( 'NONE',  ( -58.44191415700071701, -130.0482073489401387, -26.50171298697242861 ) ) ;
#3657 = CARTESIAN_POINT ( 'NONE',  ( -56.01382714477220759, -132.0768347075640463, -30.22593002991555977 ) ) ;
#3658 = CARTESIAN_POINT ( 'NONE',  ( -62.62940232259076367, -118.5495556959614731, -25.47619230580215088 ) ) ;
#3659 = CARTESIAN_POINT ( 'NONE',  ( -48.89008968901115537, -147.9786151506913825, -33.65626626535750177 ) ) ;
#3660 = CARTESIAN_POINT ( 'NONE',  ( -59.98107800126258127, -123.7497099152600128, -30.67961650886059388 ) ) ;
#3661 = CARTESIAN_POINT ( 'NONE',  ( -1.678516446350750924, -30.69438345205758623, -22.79674589496407577 ) ) ;
#3662 = CARTESIAN_POINT ( 'NONE',  ( -53.33288953315449277, -148.9764209071662435, -28.85041945034178568 ) ) ;
#3663 = CARTESIAN_POINT ( 'NONE',  ( -2.880820008133702093, -0.03799660141969767035, -5.438416359231961650 ) ) ;
#3664 = CARTESIAN_POINT ( 'NONE',  ( -45.57022881998292974, -79.58920590655974081, -33.01208856761150656 ) ) ;
#3665 = CARTESIAN_POINT ( 'NONE',  ( -61.30352749266907608, -124.2581095203802590, -25.68207953508368391 ) ) ;
#3666 = CARTESIAN_POINT ( 'NONE',  ( -60.69952733685762780, -117.1459407045382619, -29.93541276572072363 ) ) ;
#3667 = CARTESIAN_POINT ( 'NONE',  ( -52.01972366119871083, -142.5232780709127667, -32.75564531724686645 ) ) ;
#3668 = LOCAL_TIME ( 1, 44, 25.00000000000000000, #1756 ) ;
#3669 = CARTESIAN_POINT ( 'NONE',  ( -51.10511575256291650, -141.9729193369860525, -30.05284376613260022 ) ) ;
#3670 = CARTESIAN_POINT ( 'NONE',  ( -33.35318231759696772, -77.99004949173780687, -36.32925965823501002 ) ) ;
#3671 = CARTESIAN_POINT ( 'NONE',  ( -56.54646518500886287, -130.7012605372580083, -28.56897296808999798 ) ) ;
#3672 = CARTESIAN_POINT ( 'NONE',  ( -63.59873787328057659, -122.1559338488898732, -25.46485377575427123 ) ) ;
#3673 = CARTESIAN_POINT ( 'NONE',  ( -56.38661375273604648, -133.7137592306119132, -31.56174419456544200 ) ) ;
#3674 = CARTESIAN_POINT ( 'NONE',  ( -2.328787193462579008, -23.21599850846221713, -20.96525504130869422 ) ) ;
#3675 = CARTESIAN_POINT ( 'NONE',  ( -46.47748452864608737, -80.28535592773513940, -34.19938798687801551 ) ) ;
#3676 = CARTESIAN_POINT ( 'NONE',  ( -42.28691118074588928, -81.72434177758091778, -30.18605517264948546 ) ) ;
#3677 = CARTESIAN_POINT ( 'NONE',  ( -37.08126534748357273, -81.37767563305084195, -34.54428439513187499 ) ) ;
#3678 = CARTESIAN_POINT ( 'NONE',  ( -52.56309673988341302, -141.5215374075871750, -32.60314866855487992 ) ) ;
#3679 = CARTESIAN_POINT ( 'NONE',  ( -55.73146385474857567, -133.4596150369784482, -28.07659464761813695 ) ) ;
#3680 = CARTESIAN_POINT ( 'NONE',  ( -15.56243485192415932, -67.21985951747136312, -33.96440734927313088 ) ) ;
#3681 = CARTESIAN_POINT ( 'NONE',  ( -60.35115050735956999, -119.5323069056796896, -26.99149026495537740 ) ) ;
#3682 = CARTESIAN_POINT ( 'NONE',  ( -38.04839763325384183, -79.97059518353239582, -36.54082939943512542 ) ) ;
#3683 = CARTESIAN_POINT ( 'NONE',  ( -52.19088802522102100, -84.29706006284098407, -32.86823888114660974 ) ) ;
#3684 = CARTESIAN_POINT ( 'NONE',  ( -6.152053164738656044, -50.09861558136044124, -30.83172951145133212 ) ) ;
#3685 = CARTESIAN_POINT ( 'NONE',  ( -15.77638100348596772, -67.53412510326486995, -33.15334555608841072 ) ) ;
#3686 = CARTESIAN_POINT ( 'NONE',  ( -65.88249739568485097, -122.7559927840019185, -28.90863008684181423 ) ) ;
#3687 = CARTESIAN_POINT ( 'NONE',  ( 3.658339299857578109, -30.09873109001427238, -20.04545891498437271 ) ) ;
#3688 = CARTESIAN_POINT ( 'NONE',  ( -60.85142309668801630, -115.7055968348976904, -29.91791454874372391 ) ) ;
#3689 = CARTESIAN_POINT ( 'NONE',  ( -63.48648216354345664, -104.4198213737936811, -31.76949024219081963 ) ) ;
#3690 = CARTESIAN_POINT ( 'NONE',  ( -48.17903959244723211, -158.5750858821481302, -33.92164300817542966 ) ) ;
#3691 = CARTESIAN_POINT ( 'NONE',  ( -14.77743017774969836, -59.37465262840022717, -31.37115495682194677 ) ) ;
#3692 = CARTESIAN_POINT ( 'NONE',  ( -64.78439071199704813, -120.6588808796330312, -30.76091408003683370 ) ) ;
#3693 = CARTESIAN_POINT ( 'NONE',  ( -3.874953285560247540, -49.90843870418447636, -31.99873251321752576 ) ) ;
#3694 = CARTESIAN_POINT ( 'NONE',  ( -62.17498813605424601, -115.6270485506333756, -25.79865167696441475 ) ) ;
#3695 = CARTESIAN_POINT ( 'NONE',  ( -58.81648113569663394, -124.3060481387508815, -29.52421633936651446 ) ) ;
#3696 = CARTESIAN_POINT ( 'NONE',  ( -61.22023274482321398, -124.5439549537595099, -25.69788642995775874 ) ) ;
#3697 = CARTESIAN_POINT ( 'NONE',  ( -45.46007861361080415, -153.4832925750262405, -34.66855744454185384 ) ) ;
#3698 = CARTESIAN_POINT ( 'NONE',  ( -61.49303302067185228, -115.1602632262237762, -30.41952889615390276 ) ) ;
#3699 = CARTESIAN_POINT ( 'NONE',  ( -56.81835312226917978, -90.65625633430633457, -28.43990938609137231 ) ) ;
#3700 = CARTESIAN_POINT ( 'NONE',  ( -65.64134532362103869, -119.2166497487420429, -26.15845189295201223 ) ) ;
#3701 = CARTESIAN_POINT ( 'NONE',  ( -55.07926323186018180, -87.70477338072939233, -29.62468565413292865 ) ) ;
#3702 = CARTESIAN_POINT ( 'NONE',  ( -51.31347021590077162, -146.2301320810227310, -28.16367215298273763 ) ) ;
#3703 = CARTESIAN_POINT ( 'NONE',  ( -55.78343064171846066, -135.0693739019021109, -31.72138130508912113 ) ) ;
#3704 = CARTESIAN_POINT ( 'NONE',  ( -55.74807295052942635, -132.5990310739618963, -28.77545309901456605 ) ) ;
#3705 = CARTESIAN_POINT ( 'NONE',  ( -41.84074572723302055, -82.85300858397830837, -35.70555969970016719 ) ) ;
#3706 = CARTESIAN_POINT ( 'NONE',  ( -59.96817896143904392, -119.6112453167250180, -27.76696873356712203 ) ) ;
#3707 = CARTESIAN_POINT ( 'NONE',  ( -55.22083314257776721, -142.7376019068910011, -27.32969269863131601 ) ) ;
#3708 = CARTESIAN_POINT ( 'NONE',  ( -58.89925861250545580, -127.2953491571961138, -30.92831523907472757 ) ) ;
#3709 = CARTESIAN_POINT ( 'NONE',  ( -46.58463075177490964, -80.33116163699207846, -32.70916044126195033 ) ) ;
#3710 = CARTESIAN_POINT ( 'NONE',  ( -66.44581597653611027, -117.8242575671634995, -26.65512601656233471 ) ) ;
#3711 = CARTESIAN_POINT ( 'NONE',  ( -1.991111208259363163, -40.40999202058430484, -23.33478336370978212 ) ) ;
#3712 = CARTESIAN_POINT ( 'NONE',  ( -56.95744204792561050, -132.3807830350940833, -31.41232732137705241 ) ) ;
#3713 = CARTESIAN_POINT ( 'NONE',  ( -51.43191245442261561, -142.0387844195929006, -29.24984506028603803 ) ) ;
#3714 = CARTESIAN_POINT ( 'NONE',  ( 2.472613862393421513, -16.78277298692502839, -16.00256109280816474 ) ) ;
#3715 = CARTESIAN_POINT ( 'NONE',  ( -56.69601430258454400, -131.2185778151269062, -27.82885079652251648 ) ) ;
#3716 = CARTESIAN_POINT ( 'NONE',  ( -59.30444082723108323, -94.66389748443711483, -33.04550438749476626 ) ) ;
#3717 = CARTESIAN_POINT ( 'NONE',  ( -58.38905451367516264, -89.97947454379630017, -30.94300044714900011 ) ) ;
#3718 = CARTESIAN_POINT ( 'NONE',  ( -46.86792704724299341, -80.94400736763618909, -31.77679630588733772 ) ) ;
#3719 = CARTESIAN_POINT ( 'NONE',  ( -14.00682173150013199, -66.12015984385854495, -32.60869437199664844 ) ) ;
#3720 = CARTESIAN_POINT ( 'NONE',  ( -28.70588311610966770, -69.53278160716153877, -36.43450386268769847 ) ) ;
#3721 = CARTESIAN_POINT ( 'NONE',  ( -15.77638100348596772, -67.53412510326486995, -33.15334555608841072 ) ) ;
#3722 = CARTESIAN_POINT ( 'NONE',  ( 1.767949726098604790, -10.06390321520869158, -11.60631376445456731 ) ) ;
#3723 = CARTESIAN_POINT ( 'NONE',  ( -4.650930789410381294, -57.02179654032717337, -31.06096500296895613 ) ) ;
#3724 = CARTESIAN_POINT ( 'NONE',  ( -60.73430828071047216, -93.43806826697591816, -31.57180595388314615 ) ) ;
#3725 = CARTESIAN_POINT ( 'NONE',  ( -64.24937073656883513, -123.1344207422693273, -30.83028616352414275 ) ) ;
#3726 = CARTESIAN_POINT ( 'NONE',  ( -60.47740759839210511, -92.78157439506030357, -29.47412279670373536 ) ) ;
#3727 = CARTESIAN_POINT ( 'NONE',  ( -44.00214357660485121, -156.2543778875459566, -30.47610061801767145 ) ) ;
#3728 = CARTESIAN_POINT ( 'NONE',  ( 1.823170691373016794, -5.153397845143705247, -6.336707876989088106 ) ) ;
#3729 =( NAMED_UNIT ( * ) PLANE_ANGLE_UNIT ( ) SI_UNIT ( $, .RADIAN. ) );
#3730 = CARTESIAN_POINT ( 'NONE',  ( -60.48414175989139352, -121.7448750163437552, -30.57237199407491346 ) ) ;
#3731 = ADVANCED_BREP_SHAPE_REPRESENTATION ( 'FN-HAR-033_W6-soil-strain-relieved_R0.7', ( #6116, #4729 ), #3193 ) ;
#3732 = CARTESIAN_POINT ( 'NONE',  ( -31.48325298875910505, -70.94428459705521561, -33.37449521684551001 ) ) ;
#3733 = CARTESIAN_POINT ( 'NONE',  ( -64.57965117033378988, -124.0425077764816564, -26.26621804675944105 ) ) ;
#3734 = CARTESIAN_POINT ( 'NONE',  ( -21.05753024563039943, -66.20771005231469530, -36.90767703066474326 ) ) ;
#3735 = CARTESIAN_POINT ( 'NONE',  ( -52.21600802044758183, -84.95376091432932242, -30.59998992293084186 ) ) ;
#3736 = CARTESIAN_POINT ( 'NONE',  ( -44.77964474410221385, -85.83368637326232431, -34.49640062702544441 ) ) ;
#3737 = CARTESIAN_POINT ( 'NONE',  ( -59.29488218580685555, -123.9448948460972275, -30.21592729254482279 ) ) ;
#3738 = CARTESIAN_POINT ( 'NONE',  ( -49.85036382299198010, -144.1999955676579361, -30.41105510837112647 ) ) ;
#3739 = CARTESIAN_POINT ( 'NONE',  ( -63.60559341637735287, -122.2332087148691073, -31.17377843725261855 ) ) ;
#3740 = CARTESIAN_POINT ( 'NONE',  ( -59.16438920934662349, -123.0304574690041477, -27.93278118884306949 ) ) ;
#3741 = CARTESIAN_POINT ( 'NONE',  ( -2.918251184709591772, -7.599091892068429388, -6.637907156231024786 ) ) ;
#3742 = CARTESIAN_POINT ( 'NONE',  ( -60.08331473385384669, -123.3687432622122202, -30.65722491380450876 ) ) ;
#3743 = CARTESIAN_POINT ( 'NONE',  ( -47.89727832511795214, -81.32452250825330964, -32.26821081470659891 ) ) ;
#3744 = CARTESIAN_POINT ( 'NONE',  ( -66.74876073549971522, -109.7598269123086254, -26.94695720531268179 ) ) ;
#3745 = CARTESIAN_POINT ( 'NONE',  ( -61.40134939610560139, -109.7689162545707262, -30.54757700031467493 ) ) ;
#3746 = CARTESIAN_POINT ( 'NONE',  ( -59.10447195404650955, -124.5122216538994735, -27.24686984813260082 ) ) ;
#3747 = CARTESIAN_POINT ( 'NONE',  ( -4.394251980931667134, -3.448134943929699325, -5.786255006639987819 ) ) ;
#3748 = CARTESIAN_POINT ( 'NONE',  ( -49.30161445026596567, -145.7673092200811595, -29.85651559232142205 ) ) ;
#3749 = CARTESIAN_POINT ( 'NONE',  ( -61.96623032165901890, -121.8092719668700710, -31.29519922690077038 ) ) ;
#3750 = CARTESIAN_POINT ( 'NONE',  ( -55.68840014072464584, -133.5557307058033132, -28.08804187202656522 ) ) ;
#3751 = CARTESIAN_POINT ( 'NONE',  ( -64.69157006709895086, -105.5711913368099175, -31.33262921311719040 ) ) ;
#3752 = CARTESIAN_POINT ( 'NONE',  ( -65.79229684893147123, -102.8224121805019990, -28.36924215795276183 ) ) ;
#3753 = CARTESIAN_POINT ( 'NONE',  ( -57.79183676571457084, -91.85733069268846407, -28.16774251096419590 ) ) ;
#3754 = CARTESIAN_POINT ( 'NONE',  ( -53.99378238683651432, -93.66466164189343147, -33.02231367501315162 ) ) ;
#3755 = CARTESIAN_POINT ( 'NONE',  ( -40.71129549382316526, -77.19051526401314334, -36.12029799811102748 ) ) ;
#3756 = CARTESIAN_POINT ( 'NONE',  ( 3.025294533676844200, -21.46084818077869016, -17.09167639504664038 ) ) ;
#3757 = CARTESIAN_POINT ( 'NONE',  ( -2.844574374972049124, -52.11088407329697958, -26.04796263852825788 ) ) ;
#3758 = CARTESIAN_POINT ( 'NONE',  ( -27.02125633488699563, -73.81871667470119291, -36.61213969469796581 ) ) ;
#3759 = CARTESIAN_POINT ( 'NONE',  ( -35.84558345721157480, -75.72735005447577805, -37.26950319006826362 ) ) ;
#3760 = CARTESIAN_POINT ( 'NONE',  ( -2.163409774962869569, -0.1183089800705036110, -6.110541939421098689 ) ) ;
#3761 = CARTESIAN_POINT ( 'NONE',  ( -66.74876073549971522, -109.7598269123086254, -26.94695720531268179 ) ) ;
#3762 = CARTESIAN_POINT ( 'NONE',  ( -0.5066026060379805740, -10.64538424125347404, -8.777742907523807148 ) ) ;
#3763 = CARTESIAN_POINT ( 'NONE',  ( 1.746698512486881683, -13.29795491705584709, -12.48824638400309972 ) ) ;
#3764 = CARTESIAN_POINT ( 'NONE',  ( -1.958308870527313506, -23.43940079983493874, -17.46889901551879376 ) ) ;
#3765 = CARTESIAN_POINT ( 'NONE',  ( 1.629848400064264569, -5.198668308665681081, -8.635092414611275302 ) ) ;
#3766 = CARTESIAN_POINT ( 'NONE',  ( -52.29366609701356339, -85.93683722640791700, -34.41700093325876253 ) ) ;
#3767 = CARTESIAN_POINT ( 'NONE',  ( -63.61479152980410845, -102.8446300638019011, -26.23200602909135171 ) ) ;
#3768 = CARTESIAN_POINT ( 'NONE',  ( -59.52498619772793376, -137.4701438636406579, -27.28491114976208820 ) ) ;
#3769 = CARTESIAN_POINT ( 'NONE',  ( -35.84558345721157480, -75.72735005447577805, -37.26950319006826362 ) ) ;
#3770 = CARTESIAN_POINT ( 'NONE',  ( -65.67151054374532748, -110.5104287552638453, -25.86447285803464169 ) ) ;
#3771 = CARTESIAN_POINT ( 'NONE',  ( -61.78610574438275904, -134.8266031348299805, -28.16063337591735660 ) ) ;
#3772 = CARTESIAN_POINT ( 'NONE',  ( -57.23842347182085177, -96.17959646094774939, -32.94067389011060953 ) ) ;
#3773 = CARTESIAN_POINT ( 'NONE',  ( -55.60260243434628080, -132.9323962136844841, -28.81359815250582201 ) ) ;
#3774 = CARTESIAN_POINT ( 'NONE',  ( -63.84565319401934147, -121.1119844592028016, -31.13953442526320003 ) ) ;
#3775 = CARTESIAN_POINT ( 'NONE',  ( -48.51201483913376933, -146.4860507953864044, -30.80043958072769072 ) ) ;
#3776 = CARTESIAN_POINT ( 'NONE',  ( -1.817314512286866135, -27.37720218313623732, -19.68139085584005699 ) ) ;
#3777 = DIRECTION ( 'NONE',  ( 0.000000000000000000, 0.000000000000000000, 1.000000000000000000 ) ) ;
#3778 = CARTESIAN_POINT ( 'NONE',  ( -64.65876484056825291, -103.6830422506489384, -26.45459638900073784 ) ) ;
#3779 = CARTESIAN_POINT ( 'NONE',  ( -65.99571514349500490, -104.6478823008691990, -27.40695405715515420 ) ) ;
#3780 = CARTESIAN_POINT ( 'NONE',  ( -50.74763303714156848, -90.06868993428642511, -29.29411624298095518 ) ) ;
#3781 = APPROVAL_PERSON_ORGANIZATION ( #5322, #2101, #1964 ) ;
#3782 = CARTESIAN_POINT ( 'NONE',  ( -4.639757989201363841, -8.271064058572463296, -11.10763944372921941 ) ) ;
#3783 = CARTESIAN_POINT ( 'NONE',  ( -3.914763766142477674, -53.98229023796000092, -26.79223779320519583 ) ) ;
#3784 = CARTESIAN_POINT ( 'NONE',  ( -49.45108020688371653, -145.5135522277181224, -29.81334174924653624 ) ) ;
#3785 = CARTESIAN_POINT ( 'NONE',  ( -62.99825035735573664, -113.9488520779244851, -31.20356945282064842 ) ) ;
#3786 = CARTESIAN_POINT ( 'NONE',  ( -50.18178799553512448, -144.2564401844745987, -29.60340834173307201 ) ) ;
#3787 = CARTESIAN_POINT ( 'NONE',  ( -40.17403207115781782, -81.13833408523476010, -36.34010248460501913 ) ) ;
#3788 = CARTESIAN_POINT ( 'NONE',  ( -66.89135632257342934, -108.0726494464169178, -27.80742444016583903 ) ) ;
#3789 = CARTESIAN_POINT ( 'NONE',  ( -62.52423376458754234, -99.72369846539449156, -26.65861796911524095 ) ) ;
#3790 = CARTESIAN_POINT ( 'NONE',  ( -61.97669353846148255, -109.6254755321408823, -31.07245357761780369 ) ) ;
#3791 = CARTESIAN_POINT ( 'NONE',  ( -6.340876059984716484, -53.76363842737769261, -33.48548514218877870 ) ) ;
#3792 = CARTESIAN_POINT ( 'NONE',  ( -58.62796559816768394, -99.53618660260374895, -32.05593167120955655 ) ) ;
#3793 = CARTESIAN_POINT ( 'NONE',  ( -11.22933719298864297, -63.17736387765427253, -30.71687205258428932 ) ) ;
#3794 = CARTESIAN_POINT ( 'NONE',  ( -52.21587984847446506, -88.90495785077925461, -34.67033966195089079 ) ) ;
#3795 = CARTESIAN_POINT ( 'NONE',  ( -44.40380973124007369, -80.71621784998396265, -36.06922514820390546 ) ) ;
#3796 = CARTESIAN_POINT ( 'NONE',  ( 0.4585037288243304365, -15.81233751606802151, -19.33502502811816370 ) ) ;
#3797 = CARTESIAN_POINT ( 'NONE',  ( -63.75543342907097610, -128.7778098864902745, -26.97762224703058109 ) ) ;
#3798 = CARTESIAN_POINT ( 'NONE',  ( -2.383547342698057125, -49.59598516085169706, -24.82252104198099829 ) ) ;
#3799 = CARTESIAN_POINT ( 'NONE',  ( -1.520202495720887725, -4.737542878246751243, -2.569790367812577081 ) ) ;
#3800 = CARTESIAN_POINT ( 'NONE',  ( 2.799748413111754264, 0.1903887537600902624, -1.392311535054194360 ) ) ;
#3801 = CARTESIAN_POINT ( 'NONE',  ( -64.30533858276464798, -100.3919974503927648, -30.94399683182619043 ) ) ;
#3802 = CARTESIAN_POINT ( 'NONE',  ( -43.62704346818510714, -78.48797131211159694, -32.61116736912326530 ) ) ;
#3803 = CARTESIAN_POINT ( 'NONE',  ( -3.914763766142477674, -53.98229023796000092, -26.79223779320519583 ) ) ;
#3804 = CARTESIAN_POINT ( 'NONE',  ( -52.67564553733809873, -147.7940216559405542, -33.82506272350390475 ) ) ;
#3805 = CARTESIAN_POINT ( 'NONE',  ( -63.57930493248267823, -125.4166372393934807, -25.84463377086897395 ) ) ;
#3806 = CARTESIAN_POINT ( 'NONE',  ( -67.10506610505835567, -114.3400993600945839, -27.44475439801345118 ) ) ;
#3807 = CARTESIAN_POINT ( 'NONE',  ( -46.48216966669337324, -86.86783855978137581, -34.49868256895494056 ) ) ;
#3808 = CARTESIAN_POINT ( 'NONE',  ( -60.27449180166111375, -106.5819890461690278, -30.21033135126336688 ) ) ;
#3809 = CARTESIAN_POINT ( 'NONE',  ( -20.86377719652539753, -70.45296963382759259, -31.84996701251755624 ) ) ;
#3810 = CARTESIAN_POINT ( 'NONE',  ( -58.07745227646680775, -94.56189566298644422, -33.34136001455117793 ) ) ;
#3811 = CARTESIAN_POINT ( 'NONE',  ( -41.84819746578569521, -156.8553300262519770, -32.79429688084044869 ) ) ;
#3812 = CARTESIAN_POINT ( 'NONE',  ( -46.09454123664474423, -157.6086641848901593, -29.84367938898598638 ) ) ;
#3813 = CARTESIAN_POINT ( 'NONE',  ( 2.633359024974097906, -22.08973145068960520, -16.64534454842433675 ) ) ;
#3814 = CARTESIAN_POINT ( 'NONE',  ( -31.39968489945320229, -70.58352263527079629, -34.22184399885157546 ) ) ;
#3815 = CARTESIAN_POINT ( 'NONE',  ( -66.68397787782878083, -110.5887194231629564, -29.85319465706066921 ) ) ;
#3816 = CARTESIAN_POINT ( 'NONE',  ( -46.12762739814163382, -80.06195671420601911, -34.30922162660803565 ) ) ;
#3817 = CARTESIAN_POINT ( 'NONE',  ( -61.56718018976166462, -112.3722078674576608, -30.45520403026643663 ) ) ;
#3818 = CARTESIAN_POINT ( 'NONE',  ( -60.93131984772170284, -115.6247795847408071, -26.91146631934014621 ) ) ;
#3819 = EDGE_CURVE ( 'NONE', #2392, #5586, #587, .T. ) ;
#3820 = CARTESIAN_POINT ( 'NONE',  ( -56.38661375273604648, -133.7137592306119132, -31.56174419456544200 ) ) ;
#3821 = CARTESIAN_POINT ( 'NONE',  ( 2.370139801262423962, -20.77108834668295856, -16.03297403269669985 ) ) ;
#3822 = CARTESIAN_POINT ( 'NONE',  ( 0.3333237551548869915, -8.205633499679725773, -6.982720269708297955 ) ) ;
#3823 = CARTESIAN_POINT ( 'NONE',  ( -59.23512551998732079, -98.99331936166767321, -32.47468224672098813 ) ) ;
#3824 = CARTESIAN_POINT ( 'NONE',  ( 0.4817811854189092413, -6.596991757604526718, -5.325321590718214537 ) ) ;
#3825 = CARTESIAN_POINT ( 'NONE',  ( -46.84783802212758275, -84.45839059875541466, -35.63911795569600827 ) ) ;
#3826 = CARTESIAN_POINT ( 'NONE',  ( -34.37915839779431337, -73.17510764450847205, -36.54809238252884285 ) ) ;
#3827 = CARTESIAN_POINT ( 'NONE',  ( -58.46307111345872443, -130.2918760040818995, -31.65238952878117473 ) ) ;
#3828 = CARTESIAN_POINT ( 'NONE',  ( 1.567838025577532157, -34.04954007550043116, -26.61442417220842316 ) ) ;
#3829 = CARTESIAN_POINT ( 'NONE',  ( -61.76799881137075943, -108.1443498664187501, -31.15828609371759228 ) ) ;
#3830 = CARTESIAN_POINT ( 'NONE',  ( -16.23802379154172471, -67.64672379352180087, -32.46707900977491335 ) ) ;
#3831 = CARTESIAN_POINT ( 'NONE',  ( -40.71912853402061216, -82.27292459659901169, -35.77297486688081563 ) ) ;
#3832 = CARTESIAN_POINT ( 'NONE',  ( -54.80210251957756640, -87.12268804377458764, -33.29815050497423812 ) ) ;
#3833 = CARTESIAN_POINT ( 'NONE',  ( -56.05831446430028819, -143.4219432774929146, -32.70065743303992178 ) ) ;
#3834 = CARTESIAN_POINT ( 'NONE',  ( -2.180334668532627251, -17.07583859816225313, -13.85345573871309277 ) ) ;
#3835 = CARTESIAN_POINT ( 'NONE',  ( -61.79608034516463988, -133.8743838860420965, -27.37370851280219952 ) ) ;
#3836 = CARTESIAN_POINT ( 'NONE',  ( 2.709143697002962980, -25.41918555677200331, -17.35315351780203486 ) ) ;
#3837 = CARTESIAN_POINT ( 'NONE',  ( -5.848309447807408468, -48.97110455488384417, -27.97904109896286684 ) ) ;
#3838 = CARTESIAN_POINT ( 'NONE',  ( -66.62834153367427348, -109.8406322194293097, -29.90211528769010130 ) ) ;
#3839 = CARTESIAN_POINT ( 'NONE',  ( -58.13421400789629701, -137.0290577036962816, -26.59844897503288408 ) ) ;
#3840 = CARTESIAN_POINT ( 'NONE',  ( -14.51147713247425841, -66.20827512907203527, -31.94863252699460432 ) ) ;
#3841 = CARTESIAN_POINT ( 'NONE',  ( -60.08643382006609102, -133.0774221824115671, -31.90036203584484298 ) ) ;
#3842 = CARTESIAN_POINT ( 'NONE',  ( -59.34695525284099205, -136.4224929266320601, -26.72366951893498666 ) ) ;
#3843 = CARTESIAN_POINT ( 'NONE',  ( -67.02089515202612802, -109.3334426973538314, -27.70974050503849995 ) ) ;
#3844 = CARTESIAN_POINT ( 'NONE',  ( 1.767949726098604790, -10.06390321520869158, -11.60631376445456731 ) ) ;
#3845 = CARTESIAN_POINT ( 'NONE',  ( -5.603757065325368103, -53.90730382524272812, -26.39806621099363326 ) ) ;
#3846 = CARTESIAN_POINT ( 'NONE',  ( -62.77814303859358347, -102.3811337775227486, -32.01712463214735038 ) ) ;
#3847 = CARTESIAN_POINT ( 'NONE',  ( -49.85036382299198010, -144.1999955676579361, -30.41105510837112647 ) ) ;
#3848 = CARTESIAN_POINT ( 'NONE',  ( -7.285423792546924737, -50.98325094782942557, -29.48845671534077084 ) ) ;
#3849 = CARTESIAN_POINT ( 'NONE',  ( 0.9442731947170085460, -42.19051017296411743, -22.39669194346428327 ) ) ;
#3850 = CARTESIAN_POINT ( 'NONE',  ( -56.69174315144238108, -89.43602285336990576, -29.13959551372802537 ) ) ;
#3851 = CARTESIAN_POINT ( 'NONE',  ( -55.14581278759757765, -87.26658510845059880, -30.35986156032651095 ) ) ;
#3852 = CARTESIAN_POINT ( 'NONE',  ( -66.69832129060078785, -114.8124226231076221, -29.66585013593687137 ) ) ;
#3853 = CARTESIAN_POINT ( 'NONE',  ( -55.00760963623814348, -147.3420865502997685, -29.01529031440001916 ) ) ;
#3854 = CARTESIAN_POINT ( 'NONE',  ( -60.93455878322792785, -109.0713638296023049, -27.04567817089848347 ) ) ;
#3855 = CARTESIAN_POINT ( 'NONE',  ( 0.1825044657407627335, -38.93872333104290107, -27.99431757362181017 ) ) ;
#3856 = CARTESIAN_POINT ( 'NONE',  ( 2.633359024974097906, -22.08973145068960520, -16.64534454842433675 ) ) ;
#3857 = CARTESIAN_POINT ( 'NONE',  ( -3.388792408624806907, -46.45202193980476579, -24.75581061831618612 ) ) ;
#3858 = CARTESIAN_POINT ( 'NONE',  ( -55.41113606878445097, -94.05822001772341423, -33.33667801237537276 ) ) ;
#3859 = CARTESIAN_POINT ( 'NONE',  ( -5.748041057153005617, -51.22565624521863015, -26.24621561231706579 ) ) ;
#3860 = CARTESIAN_POINT ( 'NONE',  ( -62.88730434752046250, -127.9248842067048884, -31.07116285973840775 ) ) ;
#3861 = CARTESIAN_POINT ( 'NONE',  ( -61.74141434356867819, -134.9300164194837350, -28.17015151777657422 ) ) ;
#3862 = CARTESIAN_POINT ( 'NONE',  ( -58.37968140869705991, -130.5076283954380187, -31.67287800373157225 ) ) ;
#3863 = CARTESIAN_POINT ( 'NONE',  ( -17.69485335496802492, -62.64569405701828231, -35.96890518427225203 ) ) ;
#3864 = CARTESIAN_POINT ( 'NONE',  ( -61.97469187953804948, -116.6021066186487616, -30.92232158427811939 ) ) ;
#3865 = CARTESIAN_POINT ( 'NONE',  ( 1.718735418670105153, -5.026834033081907904, -7.333806291291304902 ) ) ;
#3866 = CARTESIAN_POINT ( 'NONE',  ( -63.64536061881111095, -122.0544701129656886, -31.16784009936028710 ) ) ;
#3867 = CARTESIAN_POINT ( 'NONE',  ( -66.87852682207896748, -108.6192578594898208, -29.24769748417726589 ) ) ;
#3868 = CARTESIAN_POINT ( 'NONE',  ( -61.30614734547771150, -132.2579887762726685, -31.40894276862676193 ) ) ;
#3869 = CARTESIAN_POINT ( 'NONE',  ( -23.41493172239397680, -67.72644719984685935, -31.47378222560788430 ) ) ;
#3870 = CARTESIAN_POINT ( 'NONE',  ( -66.83456345499712370, -112.3458772815511963, -26.79787695867520014 ) ) ;
#3871 = CARTESIAN_POINT ( 'NONE',  ( 2.821648732898945244, -1.507180752882654184, -1.310301395721273687 ) ) ;
#3872 = CARTESIAN_POINT ( 'NONE',  ( -51.54414793888547308, -145.8359843923298342, -28.09992036092629419 ) ) ;
#3873 = CARTESIAN_POINT ( 'NONE',  ( -53.57396947545134225, -86.88627442047545912, -34.09798134496485744 ) ) ;
#3874 = CARTESIAN_POINT ( 'NONE',  ( -64.71516093590261676, -115.6102022980306145, -25.39807422956438288 ) ) ;
#3875 = CARTESIAN_POINT ( 'NONE',  ( 1.702839941814915825, -5.270322012534759182, -7.594367543083801131 ) ) ;
#3876 = CARTESIAN_POINT ( 'NONE',  ( 1.263899974907151558, -14.31537270586782640, -17.57457252399561298 ) ) ;
#3877 = CARTESIAN_POINT ( 'NONE',  ( -53.05876467754513470, -148.2340552217686422, -28.31646624595492057 ) ) ;
#3878 = CARTESIAN_POINT ( 'NONE',  ( -64.92341333999699771, -126.2956353098637692, -27.55051404780771307 ) ) ;
#3879 = CARTESIAN_POINT ( 'NONE',  ( -50.99929625084276097, -143.0843696555513986, -32.42271459321116112 ) ) ;
#3880 = CARTESIAN_POINT ( 'NONE',  ( -44.04581996441909553, -85.86072710662601537, -31.31812048227103418 ) ) ;
#3881 = CARTESIAN_POINT ( 'NONE',  ( -64.53876656906813025, -116.5072184869848542, -31.08992956314226319 ) ) ;
#3882 = CARTESIAN_POINT ( 'NONE',  ( 1.419608966806306105, -7.641826499866231970, -7.814386243726526793 ) ) ;
#3883 = CARTESIAN_POINT ( 'NONE',  ( -2.084918606390919305, -3.617924511906019269, -1.381747336405617421 ) ) ;
#3884 = CARTESIAN_POINT ( 'NONE',  ( -50.43965652651628062, -145.3399697701479170, -33.20721914316941081 ) ) ;
#3885 = CARTESIAN_POINT ( 'NONE',  ( -65.45334848730158228, -107.8328229510556326, -26.04712852680215818 ) ) ;
#3886 = CARTESIAN_POINT ( 'NONE',  ( -66.64802101313476612, -110.0804950093954773, -29.88579872195392539 ) ) ;
#3887 = CARTESIAN_POINT ( 'NONE',  ( -52.10511832251940234, -152.1800079977798248, -29.78506931326883844 ) ) ;
#3888 = CARTESIAN_POINT ( 'NONE',  ( -60.77835063518427461, -107.8644255519298838, -27.10982480995516042 ) ) ;
#3889 = CARTESIAN_POINT ( 'NONE',  ( -0.7422513044357281764, -30.93648499907795468, -24.58080993502013456 ) ) ;
#3890 = CARTESIAN_POINT ( 'NONE',  ( -2.503928869255120482, -51.46617979760103623, -25.79711265035524548 ) ) ;
#3891 = CARTESIAN_POINT ( 'NONE',  ( -1.172200968990960712, -39.07908458208957114, -22.06788521627353461 ) ) ;
#3892 = CARTESIAN_POINT ( 'NONE',  ( -62.85995674511067932, -109.9801874026854165, -31.34261842554558086 ) ) ;
#3893 = CARTESIAN_POINT ( 'NONE',  ( -50.60777674689140326, -143.5105983337136593, -29.48242501445865216 ) ) ;
#3894 = CARTESIAN_POINT ( 'NONE',  ( -65.50265417996418194, -114.8118207842219078, -30.76712167257602459 ) ) ;
#3895 = CARTESIAN_POINT ( 'NONE',  ( -55.52688411215660125, -147.1983290582378743, -29.67338427968223158 ) ) ;
#3896 = CARTESIAN_POINT ( 'NONE',  ( -61.19190265278577101, -121.3789704220639578, -31.03797008840952643 ) ) ;
#3897 = CARTESIAN_POINT ( 'NONE',  ( -55.01191006201167966, -86.58174250944037453, -31.96145438305758546 ) ) ;
#3898 = CARTESIAN_POINT ( 'NONE',  ( -62.11363006332219783, -114.8665995109977445, -30.92210994969713056 ) ) ;
#3899 = CARTESIAN_POINT ( 'NONE',  ( -49.52621795457866227, -146.9119554409935517, -33.47110975229283980 ) ) ;
#3900 = CC_DESIGN_APPROVAL ( #2190, ( #3307 ) ) ;
#3901 = CARTESIAN_POINT ( 'NONE',  ( -50.65921782388570449, -145.7194706287378949, -28.54956988657772143 ) ) ;
#3902 = CARTESIAN_POINT ( 'NONE',  ( -26.34141345240523790, -74.81646049661117104, -33.63183861510302819 ) ) ;
#3903 = CARTESIAN_POINT ( 'NONE',  ( -64.60612996584680445, -115.7079690861783234, -31.09731839832459954 ) ) ;
#3904 = CARTESIAN_POINT ( 'NONE',  ( -66.58434151415575286, -119.1728279959810948, -28.85548210643824874 ) ) ;
#3905 = CARTESIAN_POINT ( 'NONE',  ( -53.30993419895169438, -148.3265419475931992, -33.43536748124614633 ) ) ;
#3906 = CARTESIAN_POINT ( 'NONE',  ( -11.15672502820854994, -56.08370567578230492, -29.81877632048530558 ) ) ;
#3907 = CARTESIAN_POINT ( 'NONE',  ( -64.81704673504367520, -125.4079178782273658, -26.80104767808850497 ) ) ;
#3908 = CARTESIAN_POINT ( 'NONE',  ( -46.69548579972482116, -88.31266541618745691, -32.26622001740168599 ) ) ;
#3909 = CARTESIAN_POINT ( 'NONE',  ( -62.85995674511067932, -109.9801874026854165, -31.34261842554558086 ) ) ;
#3910 = CARTESIAN_POINT ( 'NONE',  ( -56.69772256479081562, -144.6206009292134809, -31.60099971060603607 ) ) ;
#3911 = CARTESIAN_POINT ( 'NONE',  ( -64.88008274582878698, -111.0734530531665314, -25.53925417226173167 ) ) ;
#3912 = CARTESIAN_POINT ( 'NONE',  ( 3.250000000000000444, 0.000000000000000000, 0.000000000000000000 ) ) ;
#3913 = CARTESIAN_POINT ( 'NONE',  ( -60.76480472190865356, -131.3782165447049692, -31.74310479970712962 ) ) ;
#3914 = CARTESIAN_POINT ( 'NONE',  ( -55.27892028154428772, -144.3768039469006794, -27.73070984108460380 ) ) ;
#3915 = CARTESIAN_POINT ( 'NONE',  ( -65.22639292222133633, -125.2488529694423534, -27.50534576221060235 ) ) ;
#3916 = CARTESIAN_POINT ( 'NONE',  ( 1.669054832499715424, -7.270691287307382566, -9.512284690680077759 ) ) ;
#3917 = CARTESIAN_POINT ( 'NONE',  ( 1.605628601194072358, -23.37042772799422252, -16.01226563956812754 ) ) ;
#3918 = CARTESIAN_POINT ( 'NONE',  ( -11.15672502820854994, -56.08370567578230492, -29.81877632048530558 ) ) ;
#3919 = CARTESIAN_POINT ( 'NONE',  ( -11.15590284750768468, -61.46526567497375737, -29.12871389931534694 ) ) ;
#3920 = CARTESIAN_POINT ( 'NONE',  ( -47.76198766247321004, -83.30236470523314551, -30.14333931128139454 ) ) ;
#3921 = DIRECTION ( 'NONE',  ( 0.000000000000000000, 0.000000000000000000, 1.000000000000000000 ) ) ;
#3922 = CARTESIAN_POINT ( 'NONE',  ( -65.41765238287271700, -116.7326132350971193, -25.66211770882825860 ) ) ;
#3923 = CARTESIAN_POINT ( 'NONE',  ( -42.53384997059152539, -80.61596418033735745, -36.50493442200836824 ) ) ;
#3924 = CARTESIAN_POINT ( 'NONE',  ( -53.75917821575491473, -149.4652461652634940, -29.34243182780931747 ) ) ;
#3925 = CARTESIAN_POINT ( 'NONE',  ( -45.01321668333886805, -80.82086912055061134, -30.83334488830830722 ) ) ;
#3926 = CARTESIAN_POINT ( 'NONE',  ( -15.29806038965944204, -59.96825188991785893, -34.52293372721615583 ) ) ;
#3927 = ORIENTED_EDGE ( 'NONE', *, *, #113, .F. ) ;
#3928 = CARTESIAN_POINT ( 'NONE',  ( -18.89734536647609175, -67.13292418905967907, -30.70050070323694413 ) ) ;
#3929 = CARTESIAN_POINT ( 'NONE',  ( 2.664898395494635697, -18.70022441637218691, -18.62362667413964346 ) ) ;
#3930 = CARTESIAN_POINT ( 'NONE',  ( -47.59388390075484665, -148.6038992714908034, -30.35310028966476636 ) ) ;
#3931 = CARTESIAN_POINT ( 'NONE',  ( -56.05831446430028819, -143.4219432774929146, -32.70065743303992178 ) ) ;
#3932 = CARTESIAN_POINT ( 'NONE',  ( -55.14507804728617657, -147.8603784666644572, -29.77216998751083565 ) ) ;
#3933 = CARTESIAN_POINT ( 'NONE',  ( -0.3609812882576726722, -7.230402597672958898, -5.619627859163762729 ) ) ;
#3934 = CARTESIAN_POINT ( 'NONE',  ( -62.04310046030754222, -110.2630693311867134, -31.04175151508660235 ) ) ;
#3935 = CARTESIAN_POINT ( 'NONE',  ( -61.34458108747889327, -93.71984006347474860, -30.01245952428636343 ) ) ;
#3936 = CARTESIAN_POINT ( 'NONE',  ( -61.25206449988910151, -121.1014817025640014, -31.02692890464086517 ) ) ;
#3937 = CARTESIAN_POINT ( 'NONE',  ( -0.9402979774114007538, -19.38526988368256099, -14.39758237272472385 ) ) ;
#3938 = CARTESIAN_POINT ( 'NONE',  ( -61.40134939610560139, -109.7689162545707262, -30.54757700031467493 ) ) ;
#3939 = CARTESIAN_POINT ( 'NONE',  ( -60.31845795958743395, -132.5069438669208637, -31.84605370832456472 ) ) ;
#3940 = CARTESIAN_POINT ( 'NONE',  ( -65.81090740970677189, -123.0618583413023686, -28.91706327798477005 ) ) ;
#3941 = CARTESIAN_POINT ( 'NONE',  ( 2.557291459050429872, -28.78301345624991825, -24.32353632845942215 ) ) ;
#3942 = CARTESIAN_POINT ( 'NONE',  ( -1.658618369338659138, -36.60839071194965300, -23.28582451401095099 ) ) ;
#3943 = CARTESIAN_POINT ( 'NONE',  ( -66.82033010058724187, -117.4444453843848208, -28.86350891449605882 ) ) ;
#3944 = CARTESIAN_POINT ( 'NONE',  ( -60.81068430110336465, -109.7237825900687227, -30.02835435539326880 ) ) ;
#3945 = CARTESIAN_POINT ( 'NONE',  ( -62.69438538587558440, -117.7612079593264411, -31.19029050676569170 ) ) ;
#3946 = CARTESIAN_POINT ( 'NONE',  ( -66.01341530077954189, -120.4939535682055691, -29.62467765127090047 ) ) ;
#3947 = CC_DESIGN_PERSON_AND_ORGANIZATION_ASSIGNMENT ( #6881, #2965, ( #3307 ) ) ;
#3948 = CARTESIAN_POINT ( 'NONE',  ( -59.95413099009845581, -132.9847038151360721, -26.17156730916291352 ) ) ;
#3949 = CARTESIAN_POINT ( 'NONE',  ( 1.680610951715433732, -5.753401383504606947, -8.091664324059072655 ) ) ;
#3950 = CARTESIAN_POINT ( 'NONE',  ( -60.45481216999909435, -132.1664890300503430, -31.81439137475270584 ) ) ;
#3951 = CARTESIAN_POINT ( 'NONE',  ( -59.91616699244568167, -135.1741994401139380, -26.59255284904053696 ) ) ;
#3952 = CARTESIAN_POINT ( 'NONE',  ( -4.428009665980465748, -2.618563332866373106, -5.952982952438272690 ) ) ;
#3953 = CARTESIAN_POINT ( 'NONE',  ( -51.48417508286539856, -142.2066341596713244, -32.28442849965698969 ) ) ;
#3954 = CARTESIAN_POINT ( 'NONE',  ( -42.16610981654180534, -84.33792015759107130, -31.25490387653644220 ) ) ;
#3955 = CARTESIAN_POINT ( 'NONE',  ( -51.24942548497030259, -88.25533511362876027, -28.88327221032205472 ) ) ;
#3956 = CARTESIAN_POINT ( 'NONE',  ( -17.40332056600801991, -67.66886755066568071, -31.22779299317914337 ) ) ;
#3957 = CARTESIAN_POINT ( 'NONE',  ( -50.56098877135459446, -86.17539933418368037, -29.31774300260489596 ) ) ;
#3958 = CARTESIAN_POINT ( 'NONE',  ( -56.46442740863735565, -97.24827064152214007, -31.82463746498161683 ) ) ;
#3959 = CARTESIAN_POINT ( 'NONE',  ( -60.84342979319536937, -133.0305144110356252, -26.38326595575264477 ) ) ;
#3960 = CARTESIAN_POINT ( 'NONE',  ( -66.55419071351424520, -109.0770737086293565, -29.95619412484316868 ) ) ;
#3961 = CARTESIAN_POINT ( 'NONE',  ( -61.40474016237109112, -134.7909722118477021, -27.45942534517567069 ) ) ;
#3962 = CARTESIAN_POINT ( 'NONE',  ( -55.72173382643315875, -91.88857326951848847, -27.97206539255421376 ) ) ;
#3963 = CARTESIAN_POINT ( 'NONE',  ( -45.31536215194920203, -79.48669248306254076, -33.81521544773165289 ) ) ;
#3964 = CARTESIAN_POINT ( 'NONE',  ( -53.35593638592491317, -93.65331614670039073, -32.41858692557902799 ) ) ;
#3965 = CARTESIAN_POINT ( 'NONE',  ( -3.902603239516721612, -47.64835795154461096, -25.14232577841153926 ) ) ;
#3966 = CARTESIAN_POINT ( 'NONE',  ( -57.99904322585589256, -133.6931407202183379, -32.19448226536828628 ) ) ;
#3967 = CARTESIAN_POINT ( 'NONE',  ( -60.01315773393723418, -106.1323158196391887, -27.97377143662987820 ) ) ;
#3968 = CARTESIAN_POINT ( 'NONE',  ( -61.70675921561699795, -131.2298865111241639, -31.31980808394854776 ) ) ;
#3969 = CARTESIAN_POINT ( 'NONE',  ( -55.29876971757193616, -147.5949388138683105, -29.73230702203590781 ) ) ;
#3970 = CARTESIAN_POINT ( 'NONE',  ( -58.11262849109391482, -130.8754980632853915, -26.58007538021218608 ) ) ;
#3971 = CARTESIAN_POINT ( 'NONE',  ( -52.34441872274412333, -143.2282228376207343, -33.28535417995466617 ) ) ;
#3972 = CARTESIAN_POINT ( 'NONE',  ( -45.99522429098356469, -80.35990993434869267, -34.96223146428737749 ) ) ;
#3973 = CARTESIAN_POINT ( 'NONE',  ( 1.587273992832196834, -1.381163757564740191, -5.317482612639838457 ) ) ;
#3974 = CARTESIAN_POINT ( 'NONE',  ( -47.02650501393952709, -86.11892881283813495, -29.73800176328803957 ) ) ;
#3975 = CARTESIAN_POINT ( 'NONE',  ( -44.75215304037939745, -86.57858213424573535, -32.96734941738704094 ) ) ;
#3976 = CARTESIAN_POINT ( 'NONE',  ( -60.08643382006609102, -133.0774221824115671, -31.90036203584484298 ) ) ;
#3977 = CARTESIAN_POINT ( 'NONE',  ( -56.16026057294827467, -146.2279552039615567, -31.02564814761880285 ) ) ;
#3978 = CARTESIAN_POINT ( 'NONE',  ( -0.8189208100261990975, -50.36817313123184192, -30.61302886468057949 ) ) ;
#3979 = CARTESIAN_POINT ( 'NONE',  ( -2.000797552468688068, -7.144394475911844289, -5.630415193373303318 ) ) ;
#3980 = CARTESIAN_POINT ( 'NONE',  ( 1.687203050323811349, -8.125736862745004174, -11.21645685801349757 ) ) ;
#3981 = CARTESIAN_POINT ( 'NONE',  ( -67.03898601455017570, -110.3953599387089639, -29.12042600492019417 ) ) ;
#3982 = CARTESIAN_POINT ( 'NONE',  ( -26.68133052459149468, -74.94308063191282088, -32.85343537348177279 ) ) ;
#3983 = CARTESIAN_POINT ( 'NONE',  ( -57.39885472017304124, -135.0709081256506181, -32.34692517262067213 ) ) ;
#3984 = CARTESIAN_POINT ( 'NONE',  ( -66.51929386119333287, -117.0309318535635867, -29.62254322272638873 ) ) ;
#3985 = CARTESIAN_POINT ( 'NONE',  ( -64.57154936818868407, -107.2821916457787523, -25.78526709777076320 ) ) ;
#3986 = CARTESIAN_POINT ( 'NONE',  ( -40.76771809791299717, -83.83843414749722456, -32.79531635309961501 ) ) ;
#3987 = CARTESIAN_POINT ( 'NONE',  ( -54.66054098243793646, -89.75597965147127866, -34.22979770892072793 ) ) ;
#3988 = CARTESIAN_POINT ( 'NONE',  ( -0.2567489204791153501, -30.40201374111834554, -24.99138152204745822 ) ) ;
#3989 = CARTESIAN_POINT ( 'NONE',  ( 2.100834888247755217, -2.593540310255659787, -4.371462200666019982 ) ) ;
#3990 = CARTESIAN_POINT ( 'NONE',  ( -51.87850254346132317, -92.93789492747851000, -31.09061757259001979 ) ) ;
#3991 = CARTESIAN_POINT ( 'NONE',  ( -41.67074766368680372, -79.20390911080181695, -30.79753441813099002 ) ) ;
#3992 = CARTESIAN_POINT ( 'NONE',  ( -31.49654352865589857, -77.37101565940285752, -31.89168314255370973 ) ) ;
#3993 = CARTESIAN_POINT ( 'NONE',  ( -58.36519998156268230, -95.46959933051788028, -27.29858080211994320 ) ) ;
#3994 = CARTESIAN_POINT ( 'NONE',  ( -40.76771809791299717, -83.83843414749722456, -32.79531635309961501 ) ) ;
#3995 = CARTESIAN_POINT ( 'NONE',  ( -64.72940233550106370, -120.9031759599663332, -25.68590653153054859 ) ) ;
#3996 = CARTESIAN_POINT ( 'NONE',  ( -65.45336165736623002, -123.1219681801924253, -29.68354248243190696 ) ) ;
#3997 = CARTESIAN_POINT ( 'NONE',  ( -64.44501228988387709, -126.6567886025174516, -26.85880309462574900 ) ) ;
#3998 = CARTESIAN_POINT ( 'NONE',  ( -63.21592554984205492, -112.1182326602189079, -25.52400174316423076 ) ) ;
#3999 = CARTESIAN_POINT ( 'NONE',  ( -2.323537187226354828, -46.53648674676374952, -30.49799535920572779 ) ) ;
#4000 = CARTESIAN_POINT ( 'NONE',  ( -61.02377362694826246, -107.3287341258695022, -30.68882915466456041 ) ) ;
#4001 = CARTESIAN_POINT ( 'NONE',  ( -46.89514102310879906, -87.09161986088099638, -30.12238613884090910 ) ) ;
#4002 = CARTESIAN_POINT ( 'NONE',  ( -59.75582522806627850, -129.2682947327198235, -31.76584704747422450 ) ) ;
#4003 = CARTESIAN_POINT ( 'NONE',  ( -14.23189742941439739, -62.56120467527684070, -29.60282932719454152 ) ) ;
#4004 = CARTESIAN_POINT ( 'NONE',  ( -61.03543756742307380, -132.9337239336206551, -31.46983838101982656 ) ) ;
#4005 = CARTESIAN_POINT ( 'NONE',  ( -64.25100162349235688, -128.4265641247783662, -27.66234827042747568 ) ) ;
#4006 = CARTESIAN_POINT ( 'NONE',  ( -55.60157307078837619, -136.5109462271337293, -27.20980589781202852 ) ) ;
#4007 = CARTESIAN_POINT ( 'NONE',  ( -44.66378598352625318, -155.8105974809853649, -35.52585017005576873 ) ) ;
#4008 = CARTESIAN_POINT ( 'NONE',  ( -52.34441872274412333, -143.2282228376207343, -33.28535417995466617 ) ) ;
#4009 = CARTESIAN_POINT ( 'NONE',  ( -44.13109133204667955, -83.29333694991902348, -30.01375466540533310 ) ) ;
#4010 = CARTESIAN_POINT ( 'NONE',  ( -41.78307874800636057, -84.51684667825404063, -32.82425114909919017 ) ) ;
#4011 = CARTESIAN_POINT ( 'NONE',  ( -64.45664430801937783, -117.3160681942188290, -31.08659361354103723 ) ) ;
#4012 = CARTESIAN_POINT ( 'NONE',  ( -66.78552018869416429, -117.7300380509482665, -28.86082975853502575 ) ) ;
#4013 = CARTESIAN_POINT ( 'NONE',  ( -25.86126868540979729, -70.16241057034999073, -37.38768840250777714 ) ) ;
#4014 = CARTESIAN_POINT ( 'NONE',  ( -52.29803633437314403, -89.39130928908879525, -28.64989957911788210 ) ) ;
#4015 = CARTESIAN_POINT ( 'NONE',  ( 1.717990033224553015, -3.744747658843263771, -7.057668427708497561 ) ) ;
#4016 = CARTESIAN_POINT ( 'NONE',  ( -66.87852682207896748, -108.6192578594898208, -29.24769748417726589 ) ) ;
#4017 = CARTESIAN_POINT ( 'NONE',  ( -39.05480418389114305, -82.60074069838809407, -31.98996498443996828 ) ) ;
#4018 = CARTESIAN_POINT ( 'NONE',  ( -62.92378950269528559, -115.4549924815080146, -31.18476304919387943 ) ) ;
#4019 = CARTESIAN_POINT ( 'NONE',  ( -62.21444544240807062, -133.0848234612812462, -30.27816781509915245 ) ) ;
#4020 = CARTESIAN_POINT ( 'NONE',  ( -3.159890297403758819, -43.67059624382088145, -27.25249574432442046 ) ) ;
#4021 = CARTESIAN_POINT ( 'NONE',  ( -27.49579674333195101, -73.20125936087937646, -37.11684533546463882 ) ) ;
#4022 = CARTESIAN_POINT ( 'NONE',  ( -55.97005991591574769, -146.4208017307342971, -29.55944369496991087 ) ) ;
#4023 = CARTESIAN_POINT ( 'NONE',  ( -48.46630464961774720, -89.36676472452778341, -33.01274225466612222 ) ) ;
#4024 = CARTESIAN_POINT ( 'NONE',  ( -54.65252939926855902, -95.96269328515640495, -30.63748254550339567 ) ) ;
#4025 = CARTESIAN_POINT ( 'NONE',  ( -30.61660935792603055, -72.54966998126170097, -31.52188583104070219 ) ) ;
#4026 = CARTESIAN_POINT ( 'NONE',  ( -50.85803548718745049, -91.94878442157974519, -31.22034292981426873 ) ) ;
#4027 = CARTESIAN_POINT ( 'NONE',  ( -24.72460013987583594, -67.79363110099949097, -32.02179929412739057 ) ) ;
#4028 = CARTESIAN_POINT ( 'NONE',  ( -30.56875298154693255, -77.46479795354684939, -33.39480843588454917 ) ) ;
#4029 = CARTESIAN_POINT ( 'NONE',  ( -60.07179298181628724, -134.8236689340622263, -26.55677651776877468 ) ) ;
#4030 = CARTESIAN_POINT ( 'NONE',  ( -61.15082862802169927, -94.56299563580108725, -28.51610007276056535 ) ) ;
#4031 = CARTESIAN_POINT ( 'NONE',  ( -57.53443007886594529, -143.0656210326719986, -31.38663143141585365 ) ) ;
#4032 = CARTESIAN_POINT ( 'NONE',  ( -4.645307857625161851, -48.88451092591047598, -31.06677304723794109 ) ) ;
#4033 = CARTESIAN_POINT ( 'NONE',  ( -50.67212182672835041, -91.68905975490940818, -32.08626215286651018 ) ) ;
#4034 = CARTESIAN_POINT ( 'NONE',  ( -61.55569851615013022, -111.9258581749829062, -30.46688769213957215 ) ) ;
#4035 = CARTESIAN_POINT ( 'NONE',  ( -59.82804220072705448, -105.3902758253402396, -28.03034999090466073 ) ) ;
#4036 = CARTESIAN_POINT ( 'NONE',  ( -57.39885472017304124, -135.0709081256506181, -32.34692517262067213 ) ) ;
#4037 = CARTESIAN_POINT ( 'NONE',  ( -42.77959197163119853, -83.23967975745989634, -30.28140564279511793 ) ) ;
#4038 = CARTESIAN_POINT ( 'NONE',  ( -50.63991565466277223, -152.7584745740464314, -34.17340449416479231 ) ) ;
#4039 = CARTESIAN_POINT ( 'NONE',  ( -37.79151997769648830, -74.79303258773380492, -35.75901427894346796 ) ) ;
#4040 = CARTESIAN_POINT ( 'NONE',  ( -56.54072555862450855, -134.5127090331552040, -26.96844036439992465 ) ) ;
#4041 = CARTESIAN_POINT ( 'NONE',  ( 2.262631948770651213, -15.37207264434668730, -15.52391829436768234 ) ) ;
#4042 = CARTESIAN_POINT ( 'NONE',  ( -58.15596046763264582, -129.3671725922436337, -31.10903868893722546 ) ) ;
#4043 = CARTESIAN_POINT ( 'NONE',  ( -50.40541027356170645, -143.3610112600449895, -31.78356972549605075 ) ) ;
#4044 = CARTESIAN_POINT ( 'NONE',  ( -51.18574453263250490, -145.2960680127584681, -33.61386686419773895 ) ) ;
#4045 = CARTESIAN_POINT ( 'NONE',  ( -60.49248151659588757, -106.3014029655108743, -27.21239069467508642 ) ) ;
#4046 = CARTESIAN_POINT ( 'NONE',  ( -47.26313886016172461, -88.43533048530319718, -33.04246889892059613 ) ) ;
#4047 = CARTESIAN_POINT ( 'NONE',  ( -0.8124572162031065137, -4.634474125538162070, -11.42451832921413768 ) ) ;
#4048 = CARTESIAN_POINT ( 'NONE',  ( -66.96300180102396382, -116.0492730186070816, -28.88517235332047406 ) ) ;
#4049 = CARTESIAN_POINT ( 'NONE',  ( -59.72066016016593437, -99.69598207676224888, -26.87282435588135954 ) ) ;
#4050 = CARTESIAN_POINT ( 'NONE',  ( -51.93101880028714845, -84.92208942107819780, -34.08979619401111449 ) ) ;
#4051 = ORIENTED_EDGE ( 'NONE', *, *, #5263, .F. ) ;
#4052 = CARTESIAN_POINT ( 'NONE',  ( -54.56983720572738861, -95.62466509974882456, -31.48308033068849454 ) ) ;
#4053 = CARTESIAN_POINT ( 'NONE',  ( -58.83664181955882810, -131.6685809477920941, -31.98581585077483425 ) ) ;
#4054 = CARTESIAN_POINT ( 'NONE',  ( -65.53810107368124704, -122.7590440438404755, -29.67316609559223295 ) ) ;
#4055 = CARTESIAN_POINT ( 'NONE',  ( -1.567829548667983630, -35.19242434692709054, -23.43940203908384134 ) ) ;
#4056 = CARTESIAN_POINT ( 'NONE',  ( -50.75369549190745033, -91.24259575618751228, -32.81501291074545890 ) ) ;
#4057 = CARTESIAN_POINT ( 'NONE',  ( -49.32102068041090348, -85.81697649951223639, -35.29240123130007589 ) ) ;
#4058 = CARTESIAN_POINT ( 'NONE',  ( -52.71719531526897384, -151.9207155731550642, -30.41424570431336249 ) ) ;
#4059 = CARTESIAN_POINT ( 'NONE',  ( -0.2468804457994325796, -46.25622469060269992, -23.84197862491162212 ) ) ;
#4060 = CARTESIAN_POINT ( 'NONE',  ( -60.21757880883466640, -107.7715214446319294, -29.38148925994032012 ) ) ;
#4061 = CARTESIAN_POINT ( 'NONE',  ( -44.80249630591916343, -81.67494235326680041, -30.31191469385580817 ) ) ;
#4062 = CARTESIAN_POINT ( 'NONE',  ( -42.16610981654180534, -84.33792015759107130, -31.25490387653644220 ) ) ;
#4063 = CARTESIAN_POINT ( 'NONE',  ( -43.45949023371581887, -79.58161508596849387, -31.13862984214567220 ) ) ;
#4064 = CARTESIAN_POINT ( 'NONE',  ( -27.04762895210917861, -75.26665255524052611, -33.61027187560634388 ) ) ;
#4065 = CARTESIAN_POINT ( 'NONE',  ( -56.10642701875541150, -142.8732246374755448, -27.51713404513458627 ) ) ;
#4066 = CARTESIAN_POINT ( 'NONE',  ( -60.27256314044361574, -93.26072171873752836, -28.80331514686037053 ) ) ;
#4067 = CARTESIAN_POINT ( 'NONE',  ( -61.88258223431988370, -133.8952563531174462, -30.35020717680156821 ) ) ;
#4068 = CARTESIAN_POINT ( 'NONE',  ( -4.612431555422677576, -7.383216097837002501, -9.163468550614892294 ) ) ;
#4069 = CARTESIAN_POINT ( 'NONE',  ( -62.96397051845318060, -116.2288711532722374, -25.45669322081558406 ) ) ;
#4070 = CARTESIAN_POINT ( 'NONE',  ( 2.687334531944355120, -31.16767360593866343, -19.22431574093230466 ) ) ;
#4071 = CARTESIAN_POINT ( 'NONE',  ( -61.53394398706422663, -114.4460793837096304, -30.42293202664845353 ) ) ;
#4072 = CARTESIAN_POINT ( 'NONE',  ( -48.78682853504010097, -89.02665249293883676, -30.01882320239795376 ) ) ;
#4073 = CARTESIAN_POINT ( 'NONE',  ( -59.26893515646401056, -130.5675494717071672, -31.88116163592000873 ) ) ;
#4074 = CARTESIAN_POINT ( 'NONE',  ( -27.23158340012180645, -73.34766513614644623, -31.33563540361080513 ) ) ;
#4075 = CARTESIAN_POINT ( 'NONE',  ( -55.60673878493074085, -146.2963234881308097, -28.85990532492142790 ) ) ;
#4076 = CARTESIAN_POINT ( 'NONE',  ( 3.797650308471980818, -36.40791479161052990, -25.81970568019969647 ) ) ;
#4077 = CARTESIAN_POINT ( 'NONE',  ( -3.682481685204835653, 0.1025848430516306392, -1.615957158774170122 ) ) ;
#4078 = CARTESIAN_POINT ( 'NONE',  ( -44.00214357660485121, -156.2543778875459566, -30.47610061801767145 ) ) ;
#4079 = CARTESIAN_POINT ( 'NONE',  ( 1.587273992832196834, -1.381163757564740191, -5.317482612639838457 ) ) ;
#4080 = CARTESIAN_POINT ( 'NONE',  ( -61.48063343277583925, -110.6180315215206917, -30.51107762331843531 ) ) ;
#4081 = CARTESIAN_POINT ( 'NONE',  ( -42.51434033554151171, -156.0452115050262023, -34.13434576259356135 ) ) ;
#4082 = CARTESIAN_POINT ( 'NONE',  ( -58.37968140869705991, -130.5076283954380187, -31.67287800373157225 ) ) ;
#4083 = CARTESIAN_POINT ( 'NONE',  ( -51.00513777377229019, -90.34011915058886188, -29.25652210121132413 ) ) ;
#4084 = CARTESIAN_POINT ( 'NONE',  ( -61.41445980555555906, -116.1313507510478615, -30.42185271679895919 ) ) ;
#4085 = CARTESIAN_POINT ( 'NONE',  ( 0.4759340425914174166, -11.56598040223450674, -16.31055373489175864 ) ) ;
#4086 = CARTESIAN_POINT ( 'NONE',  ( -13.89112043443552125, -60.05293274103130585, -35.50178949764093517 ) ) ;
#4087 = CARTESIAN_POINT ( 'NONE',  ( -7.917182147623840649, -52.22568601979199343, -31.46024871537865408 ) ) ;
#4088 = CARTESIAN_POINT ( 'NONE',  ( -60.74551980183188249, -123.1395616088052805, -25.99857817327186282 ) ) ;
#4089 = CARTESIAN_POINT ( 'NONE',  ( -43.90646506711712505, -155.8101315653593417, -35.13802656427121462 ) ) ;
#4090 = CARTESIAN_POINT ( 'NONE',  ( -66.95828224679273433, -109.3741873512368699, -29.19057094136130814 ) ) ;
#4091 = CARTESIAN_POINT ( 'NONE',  ( -52.22139715255697467, -140.8449771475913792, -32.07601302167655888 ) ) ;
#4092 = CARTESIAN_POINT ( 'NONE',  ( -51.15321459477627286, -147.0663349216543452, -34.04534600878464090 ) ) ;
#4093 = CARTESIAN_POINT ( 'NONE',  ( -2.201895218070354598, -10.88201591658001099, -16.53734573065472091 ) ) ;
#4094 = CARTESIAN_POINT ( 'NONE',  ( -1.696456640980669395, -2.899737436731890661, 0.000000000000000000 ) ) ;
#4095 = CARTESIAN_POINT ( 'NONE',  ( -60.07739878348697715, -103.9475807305274344, -30.97715302742638954 ) ) ;
#4096 = CARTESIAN_POINT ( 'NONE',  ( -8.638385693994298009, -60.38594099835133022, -33.71204905167174104 ) ) ;
#4097 = CARTESIAN_POINT ( 'NONE',  ( -3.395980777832393827, -14.01739467652159021, -17.13380679758199676 ) ) ;
#4098 = CARTESIAN_POINT ( 'NONE',  ( -59.37681511154173108, -104.4591969785517591, -29.62711341774608087 ) ) ;
#4099 = CARTESIAN_POINT ( 'NONE',  ( -56.54072555862450855, -134.5127090331552040, -26.96844036439992465 ) ) ;
#4100 = CARTESIAN_POINT ( 'NONE',  ( -60.41887830468965603, -116.5880345824264026, -29.19635715956585287 ) ) ;
#4101 = CARTESIAN_POINT ( 'NONE',  ( -60.83620303139785079, -125.7966418889088231, -25.77347130035407829 ) ) ;
#4102 = CARTESIAN_POINT ( 'NONE',  ( -53.35593638592491317, -93.65331614670039073, -32.41858692557902799 ) ) ;
#4103 = CARTESIAN_POINT ( 'NONE',  ( -54.19793293220384811, -146.2870098157244740, -28.01403984861916996 ) ) ;
#4104 = CARTESIAN_POINT ( 'NONE',  ( -58.84663537006133538, -91.36227578157152607, -29.24638824704824813 ) ) ;
#4105 = CARTESIAN_POINT ( 'NONE',  ( -62.02627329040461035, -133.5469697060597696, -30.31898558946105027 ) ) ;
#4106 = CARTESIAN_POINT ( 'NONE',  ( -27.64420743756384624, -68.25609084596017340, -34.17739164252358108 ) ) ;
#4107 = CARTESIAN_POINT ( 'NONE',  ( -48.88475658039875782, -150.2381359895454978, -28.84494177400232928 ) ) ;
#4108 = CARTESIAN_POINT ( 'NONE',  ( -46.69548579972482116, -88.31266541618745691, -32.26622001740168599 ) ) ;
#4109 = CARTESIAN_POINT ( 'NONE',  ( -52.35075639132437431, -92.67688196510259502, -32.58789122290375673 ) ) ;
#4110 = CARTESIAN_POINT ( 'NONE',  ( -60.67711347047990245, -113.8896441068452106, -27.67516749646656038 ) ) ;
#4111 = CARTESIAN_POINT ( 'NONE',  ( 2.876786235305804684, -20.06534026253913083, -19.30563206854528602 ) ) ;
#4112 = CARTESIAN_POINT ( 'NONE',  ( -54.47546219090681063, -95.08821134669537400, -29.24545527746693807 ) ) ;
#4113 = CARTESIAN_POINT ( 'NONE',  ( -63.97670472836199451, -120.4629296317097698, -25.41920483844576495 ) ) ;
#4114 = CARTESIAN_POINT ( 'NONE',  ( -4.458666271542942816, -5.019043701403036906, -6.552280854839028557 ) ) ;
#4115 = CARTESIAN_POINT ( 'NONE',  ( -53.30993419895169438, -148.3265419475931992, -33.43536748124614633 ) ) ;
#4116 = CARTESIAN_POINT ( 'NONE',  ( -1.544916176057905322, -21.95823196864038707, -21.85791873455067957 ) ) ;
#4117 = CARTESIAN_POINT ( 'NONE',  ( -25.68708301310992326, -71.35323194869629049, -31.18125354037807284 ) ) ;
#4118 = CARTESIAN_POINT ( 'NONE',  ( -10.26089613504069931, -62.91618879319807434, -32.10591887475211337 ) ) ;
#4119 = CARTESIAN_POINT ( 'NONE',  ( -61.32628382633468789, -109.1442621064847174, -30.57881597031907717 ) ) ;
#4120 = CARTESIAN_POINT ( 'NONE',  ( 1.659618579944038608, -17.33242563568054351, -14.05812164856632229 ) ) ;
#4121 = CARTESIAN_POINT ( 'NONE',  ( 1.292547386626841988, -3.450385592412700042, -7.917475467419960999 ) ) ;
#4122 = CARTESIAN_POINT ( 'NONE',  ( -40.40057840484089979, -80.30597804684852292, -30.36520991228900002 ) ) ;
#4123 = CARTESIAN_POINT ( 'NONE',  ( -54.77011044636505943, -144.0805732299732256, -33.25456451750333287 ) ) ;
#4124 = CARTESIAN_POINT ( 'NONE',  ( -5.821807436911109690, -53.23986249371537838, -33.28213483269617257 ) ) ;
#4125 = CARTESIAN_POINT ( 'NONE',  ( -6.582510604883426097, -50.64397243162639484, -30.99851133941911741 ) ) ;
#4126 = CARTESIAN_POINT ( 'NONE',  ( -61.88345132964305151, -117.8704773779790003, -25.81648951926979052 ) ) ;
#4127 = CARTESIAN_POINT ( 'NONE',  ( -62.34631743147482297, -133.6106681570748549, -29.54071519433670190 ) ) ;
#4128 = AXIS2_PLACEMENT_3D ( 'NONE', #4995, #2221, #6133 ) ;
#4129 = CARTESIAN_POINT ( 'NONE',  ( -56.23736923717650171, -132.5022822256399877, -30.97565987069361881 ) ) ;
#4130 = CARTESIAN_POINT ( 'NONE',  ( 3.891723896586684273, -28.88418109164989644, -22.21624667302247857 ) ) ;
#4131 = CARTESIAN_POINT ( 'NONE',  ( 1.438753873264686289, -27.57050142053164876, -24.40957888674033782 ) ) ;
#4132 = CARTESIAN_POINT ( 'NONE',  ( -2.084918606390919305, -3.617924511906019269, -1.381747336405617421 ) ) ;
#4133 = CARTESIAN_POINT ( 'NONE',  ( -50.00165771561864858, -86.23512280722945889, -35.18144710231186423 ) ) ;
#4134 = CARTESIAN_POINT ( 'NONE',  ( -51.52603559460170857, -83.73519126670302626, -32.36820639516596998 ) ) ;
#4135 = CARTESIAN_POINT ( 'NONE',  ( -2.503928869255120482, -51.46617979760103623, -25.79711265035524548 ) ) ;
#4136 = CARTESIAN_POINT ( 'NONE',  ( -59.58195130204867240, -121.3794390531746785, -29.35187539650765132 ) ) ;
#4137 = CARTESIAN_POINT ( 'NONE',  ( -62.24107879022036371, -109.2239373783147585, -25.96608950774108138 ) ) ;
#4138 = CARTESIAN_POINT ( 'NONE',  ( -60.55424964797168741, -115.1570793838220652, -29.18379432510024785 ) ) ;
#4139 = CARTESIAN_POINT ( 'NONE',  ( -57.40673501235470155, -134.6148296484422531, -26.55631907394838365 ) ) ;
#4140 = CARTESIAN_POINT ( 'NONE',  ( -57.40637430598466295, -131.2890298603303734, -31.29654818105542091 ) ) ;
#4141 = CARTESIAN_POINT ( 'NONE',  ( -61.56191902716956577, -113.7418098325048987, -30.42957054661943772 ) ) ;
#4142 = CARTESIAN_POINT ( 'NONE',  ( -2.009560668711038112, -28.02050051697871069, -21.65362441050821474 ) ) ;
#4143 = CARTESIAN_POINT ( 'NONE',  ( -59.80322813095672529, -92.61175572971791325, -28.95168605517863014 ) ) ;
#4144 = CARTESIAN_POINT ( 'NONE',  ( -61.33802823240325353, -135.1830224982230106, -30.47059796542462706 ) ) ;
#4145 = CARTESIAN_POINT ( 'NONE',  ( -5.915117501321415894, -50.52835093892646512, -31.61276209444872265 ) ) ;
#4146 = CARTESIAN_POINT ( 'NONE',  ( -1.824294733259192558, -6.013272437579799679, -4.286821714616885437 ) ) ;
#4147 = CARTESIAN_POINT ( 'NONE',  ( -15.01613253344838661, -66.29639041428555402, -31.28857068199256020 ) ) ;
#4148 = CARTESIAN_POINT ( 'NONE',  ( -60.70823963275188362, -112.5695283257511647, -27.69010250086975589 ) ) ;
#4149 = CARTESIAN_POINT ( 'NONE',  ( -47.66053262296779991, -85.87245734869576097, -35.31668340996071720 ) ) ;
#4150 = CARTESIAN_POINT ( 'NONE',  ( -55.56045890266963738, -133.0281476395585685, -28.82494478319203779 ) ) ;
#4151 = CARTESIAN_POINT ( 'NONE',  ( -64.18925479921838928, -119.3573792856394817, -25.40068594179773243 ) ) ;
#4152 = CARTESIAN_POINT ( 'NONE',  ( -4.486756732774355605, -5.270614473807073708, -6.857409094090673563 ) ) ;
#4153 = CARTESIAN_POINT ( 'NONE',  ( -2.321163529395299907, -1.104253031690173303, -7.479909541738432033 ) ) ;
#4154 = CARTESIAN_POINT ( 'NONE',  ( -3.874953285560247540, -49.90843870418447636, -31.99873251321752576 ) ) ;
#4155 = CARTESIAN_POINT ( 'NONE',  ( -15.00643149268636023, -62.16193976055807724, -29.85352668057553061 ) ) ;
#4156 = CARTESIAN_POINT ( 'NONE',  ( -24.49773898031053676, -73.38928307831173470, -35.24705055355348549 ) ) ;
#4157 = CARTESIAN_POINT ( 'NONE',  ( -58.29710078618013114, -100.0115961067317158, -31.43227640788771282 ) ) ;
#4158 = CARTESIAN_POINT ( 'NONE',  ( -55.11241639563930761, -134.1392149441494723, -30.46807858378445033 ) ) ;
#4159 = CARTESIAN_POINT ( 'NONE',  ( -23.77531242019415814, -72.90850735438165486, -35.22424539846189617 ) ) ;
#4160 = CARTESIAN_POINT ( 'NONE',  ( -54.98901987410987147, -135.0841282938666268, -28.27353214636299228 ) ) ;
#4161 = CARTESIAN_POINT ( 'NONE',  ( -48.57520493556680918, -154.4937864438045381, -34.98141470861607161 ) ) ;
#4162 = CARTESIAN_POINT ( 'NONE',  ( -30.12777100495385696, -70.43936346707783969, -36.47852162942654530 ) ) ;
#4163 = CARTESIAN_POINT ( 'NONE',  ( -8.860922534121344896, -53.26706668154276514, -31.74689719725589399 ) ) ;
#4164 = CARTESIAN_POINT ( 'NONE',  ( -60.43060279941380486, -124.2562612262705386, -26.06046053781444627 ) ) ;
#4165 = CARTESIAN_POINT ( 'NONE',  ( -60.37032357918412373, -103.1449015592177574, -31.60223416748964098 ) ) ;
#4166 = CARTESIAN_POINT ( 'NONE',  ( -65.68265037500297865, -123.5927931300798406, -28.93287704706551366 ) ) ;
#4167 = CARTESIAN_POINT ( 'NONE',  ( -41.21741760450654368, -84.15553017652109702, -33.61252671612574261 ) ) ;
#4168 = CARTESIAN_POINT ( 'NONE',  ( -60.87243597802151385, -115.4539269414498222, -29.91694784261067497 ) ) ;
#4169 = CARTESIAN_POINT ( 'NONE',  ( 0.04037513726927150631, -2.698894133000977025, -8.819666436559575828 ) ) ;
#4170 = CARTESIAN_POINT ( 'NONE',  ( -53.96651821699938978, -149.4282583739951349, -32.31690420784362772 ) ) ;
#4171 = CARTESIAN_POINT ( 'NONE',  ( -53.01123377561199845, -146.6506446568214415, -27.91493944170180086 ) ) ;
#4172 = CARTESIAN_POINT ( 'NONE',  ( -65.39528324012373162, -109.7409236597609095, -30.98640398783475547 ) ) ;
#4173 = CARTESIAN_POINT ( 'NONE',  ( -59.99346552335370575, -92.13416695697169700, -29.62856898783222448 ) ) ;
#4174 = CARTESIAN_POINT ( 'NONE',  ( -49.34210024599292410, -90.06740852608588455, -32.95530923887648811 ) ) ;
#4175 = CARTESIAN_POINT ( 'NONE',  ( -61.88345132964305151, -117.8704773779790003, -25.81648951926979052 ) ) ;
#4176 = CARTESIAN_POINT ( 'NONE',  ( -55.83507884030698420, -132.4966036487648466, -30.27375948485557799 ) ) ;
#4177 = CARTESIAN_POINT ( 'NONE',  ( -56.30785215520333509, -136.9535781240527683, -26.83163996031582954 ) ) ;
#4178 = CARTESIAN_POINT ( 'NONE',  ( -51.74188146172327407, -143.0286789538402843, -32.83430619241111970 ) ) ;
#4179 = CARTESIAN_POINT ( 'NONE',  ( -61.52204934350243093, -114.6828072374986078, -30.42135650220134480 ) ) ;
#4180 = CARTESIAN_POINT ( 'NONE',  ( -2.159589376405250505, -26.63186770057792430, -21.21440385593993838 ) ) ;
#4181 = CARTESIAN_POINT ( 'NONE',  ( -54.93915680846979654, -146.2266828946112582, -28.42743134361420587 ) ) ;
#4182 = CARTESIAN_POINT ( 'NONE',  ( -3.270523305311145545, -3.096252056158661059, -9.489768986400656914 ) ) ;
#4183 = CARTESIAN_POINT ( 'NONE',  ( -1.897387728328970624, -27.46086016041784106, -22.38678263167830806 ) ) ;
#4184 = CARTESIAN_POINT ( 'NONE',  ( -60.83620303139785079, -125.7966418889088231, -25.77347130035407829 ) ) ;
#4185 = CARTESIAN_POINT ( 'NONE',  ( -43.61560862151473827, -85.86863736018595716, -32.10902938600758461 ) ) ;
#4186 = CARTESIAN_POINT ( 'NONE',  ( -58.15596046763264582, -129.3671725922436337, -31.10903868893722546 ) ) ;
#4187 = CARTESIAN_POINT ( 'NONE',  ( 1.426282108205886745, -7.399212904788436518, -7.587859371269525255 ) ) ;
#4188 = CARTESIAN_POINT ( 'NONE',  ( -52.21587984847446506, -88.90495785077925461, -34.67033966195089079 ) ) ;
#4189 = CARTESIAN_POINT ( 'NONE',  ( -55.84041313021309350, -132.3855037837203099, -28.75136977065241339 ) ) ;
#4190 = CARTESIAN_POINT ( 'NONE',  ( -58.87803161157084730, -135.4341194640709887, -26.42121161071023394 ) ) ;
#4191 = CARTESIAN_POINT ( 'NONE',  ( -3.720455242283147612, -15.40628433851269996, -16.26858483263172772 ) ) ;
#4192 = CARTESIAN_POINT ( 'NONE',  ( -2.488052323621004369, -4.321284894108658570, -11.26327342134836229 ) ) ;
#4193 = CARTESIAN_POINT ( 'NONE',  ( -4.614820322129306263, -4.148435034166316093, -7.913820693454368893 ) ) ;
#4194 = CARTESIAN_POINT ( 'NONE',  ( -8.635894345927757954, -54.47292091789729085, -27.85905410158093076 ) ) ;
#4195 = CARTESIAN_POINT ( 'NONE',  ( -53.83111113474452480, -94.13811140364258279, -32.33285500187211170 ) ) ;
#4196 = CARTESIAN_POINT ( 'NONE',  ( 2.821648732898945244, -1.507180752882654184, -1.310301395721273687 ) ) ;
#4197 = CARTESIAN_POINT ( 'NONE',  ( 2.517990967589572193, -41.70634141255478511, -23.01550760090258407 ) ) ;
#4198 = CARTESIAN_POINT ( 'NONE',  ( -60.65334932066767237, -117.8021099350326182, -26.94188890554060123 ) ) ;
#4199 = CARTESIAN_POINT ( 'NONE',  ( -0.6540036340044288465, -0.9565748616903997359, -7.209838115624862098 ) ) ;
#4200 = CARTESIAN_POINT ( 'NONE',  ( -1.619601423740142820, -17.12260030879334849, -20.00724355552920386 ) ) ;
#4201 = CARTESIAN_POINT ( 'NONE',  ( -45.89792593704905244, -80.17344485307764046, -32.06677848974514689 ) ) ;
#4202 = CARTESIAN_POINT ( 'NONE',  ( -61.43813175293958295, -106.5323967131721901, -31.27512660220798679 ) ) ;
#4203 = CARTESIAN_POINT ( 'NONE',  ( -56.52119003738322789, -145.5810371985591587, -30.93306066500633378 ) ) ;
#4204 = CARTESIAN_POINT ( 'NONE',  ( -39.47664355217294485, -83.08440450367658059, -33.59137681331310432 ) ) ;
#4205 = CARTESIAN_POINT ( 'NONE',  ( -59.39920778178478855, -123.5677435494479681, -30.19207276596522860 ) ) ;
#4206 = CARTESIAN_POINT ( 'NONE',  ( 0.006710005883346311685, -4.275998434741415721, -10.53412277210114567 ) ) ;
#4207 = CARTESIAN_POINT ( 'NONE',  ( -3.268355497023936795, -5.350420432924819281, -11.90710113526907499 ) ) ;
#4208 = CARTESIAN_POINT ( 'NONE',  ( -9.875253216423347524, -54.18898376237964243, -30.30881620288456091 ) ) ;
#4209 = CARTESIAN_POINT ( 'NONE',  ( -65.52594850048603803, -114.2833145718379910, -30.78009337934712164 ) ) ;
#4210 = CARTESIAN_POINT ( 'NONE',  ( -9.961490440409811242, -56.16466619140895489, -34.20462225324810390 ) ) ;
#4211 = CARTESIAN_POINT ( 'NONE',  ( -61.66632889436738907, -119.1319094181784948, -25.84298839507746592 ) ) ;
#4212 = CARTESIAN_POINT ( 'NONE',  ( -59.12833458045927415, -123.1894943718599222, -29.45171548073472323 ) ) ;
#4213 = CARTESIAN_POINT ( 'NONE',  ( -63.10759489192332694, -114.7413450345616610, -25.46562307583450391 ) ) ;
#4214 = DATE_AND_TIME ( #2517, #1433 ) ;
#4215 = CARTESIAN_POINT ( 'NONE',  ( -57.74900221662798572, -130.4281641585599516, -31.21025994437790629 ) ) ;
#4216 = CARTESIAN_POINT ( 'NONE',  ( -5.341972259290759695, -49.00953870490092612, -30.49313010327313833 ) ) ;
#4217 = CARTESIAN_POINT ( 'NONE',  ( -53.95803879289111649, -147.9204733281608242, -28.68487815581428180 ) ) ;
#4218 = CARTESIAN_POINT ( 'NONE',  ( 2.451610005108307622, -42.39868294807439497, -28.21223785448869137 ) ) ;
#4219 = CARTESIAN_POINT ( 'NONE',  ( -65.18949226190117940, -118.3925282755954385, -25.65785255015342159 ) ) ;
#4220 = CARTESIAN_POINT ( 'NONE',  ( -61.34447128801456017, -124.1156557785785282, -25.67439053056675036 ) ) ;
#4221 = CARTESIAN_POINT ( 'NONE',  ( -57.96623597419257834, -100.4870056108596827, -30.80862114456586554 ) ) ;
#4222 = CARTESIAN_POINT ( 'NONE',  ( -53.97425411274698348, -138.8241614272089350, -32.21142476997580673 ) ) ;
#4223 = CARTESIAN_POINT ( 'NONE',  ( -57.91808052494484826, -127.0720719114309389, -28.22558767345042341 ) ) ;
#4224 = CARTESIAN_POINT ( 'NONE',  ( -22.47500738275577703, -70.79691645756932417, -36.44212623164134612 ) ) ;
#4225 = CARTESIAN_POINT ( 'NONE',  ( -60.70823963275188362, -112.5695283257511647, -27.69010250086975589 ) ) ;
#4226 = CARTESIAN_POINT ( 'NONE',  ( -64.53167207375406633, -117.1928591835315672, -25.38734873559241123 ) ) ;
#4227 = CARTESIAN_POINT ( 'NONE',  ( -59.98107800126258127, -123.7497099152600128, -30.67961650886059388 ) ) ;
#4228 = CARTESIAN_POINT ( 'NONE',  ( -2.476678693490749872, -21.79224755759173249, -20.43966018123077788 ) ) ;
#4229 = CARTESIAN_POINT ( 'NONE',  ( -52.16476448242361386, -84.22394834176154177, -32.12929024515579357 ) ) ;
#4230 = CARTESIAN_POINT ( 'NONE',  ( -30.08340260231570440, -74.10456507714789609, -31.14004812691126745 ) ) ;
#4231 = CARTESIAN_POINT ( 'NONE',  ( -46.89858257642931960, -151.2357227523066570, -34.24057133013825904 ) ) ;
#4232 = CARTESIAN_POINT ( 'NONE',  ( -56.02099512913918744, -132.8034898931628334, -28.00154567255254534 ) ) ;
#4233 = CARTESIAN_POINT ( 'NONE',  ( -2.505211698082018934, -53.85415213481081764, -27.79787612314953194 ) ) ;
#4234 = CARTESIAN_POINT ( 'NONE',  ( -59.35782230464585751, -123.6451614290860306, -27.19024523625978063 ) ) ;
#4235 = CARTESIAN_POINT ( 'NONE',  ( -43.88501876202455065, -82.99903253039158812, -35.97416994626514963 ) ) ;
#4236 = CARTESIAN_POINT ( 'NONE',  ( -1.723123226017978515, -48.21053948566613201, -31.25818104659682106 ) ) ;
#4237 = CARTESIAN_POINT ( 'NONE',  ( -4.045588437511835167, -12.62914323565987829, -12.74198623786303131 ) ) ;
#4238 = CARTESIAN_POINT ( 'NONE',  ( -23.86690949776882320, -73.28509689705546748, -34.39244779180572209 ) ) ;
#4239 = CARTESIAN_POINT ( 'NONE',  ( -61.75840064942235585, -135.0094406307520387, -29.66792753763726864 ) ) ;
#4240 = CARTESIAN_POINT ( 'NONE',  ( 1.766355498205800512, -41.96422601691704557, -22.53248910062714572 ) ) ;
#4241 = CARTESIAN_POINT ( 'NONE',  ( -50.99929625084276097, -143.0843696555513986, -32.42271459321116112 ) ) ;
#4242 = CARTESIAN_POINT ( 'NONE',  ( -62.77814303859358347, -102.3811337775227486, -32.01712463214735038 ) ) ;
#4243 = CARTESIAN_POINT ( 'NONE',  ( -24.93329363544629018, -68.59142373546268345, -37.16482056698816194 ) ) ;
#4244 = CARTESIAN_POINT ( 'NONE',  ( -21.26918922215656238, -65.17270667218046754, -31.95029916365241363 ) ) ;
#4245 = CARTESIAN_POINT ( 'NONE',  ( -65.28617638883814323, -108.7829418908362697, -31.05230238112725161 ) ) ;
#4246 = CARTESIAN_POINT ( 'NONE',  ( -28.58275582800256487, -68.98766369652936703, -35.72143395075171668 ) ) ;
#4247 = CARTESIAN_POINT ( 'NONE',  ( -62.02978809508094571, -116.8548322052523361, -25.80418853208569629 ) ) ;
#4248 = CARTESIAN_POINT ( 'NONE',  ( -60.61701579071445423, -111.3956645684472875, -29.22645846058190600 ) ) ;
#4249 = CARTESIAN_POINT ( 'NONE',  ( -52.55389732757588206, -144.0802221198191262, -27.82294274859635763 ) ) ;
#4250 = CARTESIAN_POINT ( 'NONE',  ( -52.42900823292033863, -141.7707618011209831, -32.64068600530347908 ) ) ;
#4251 = CARTESIAN_POINT ( 'NONE',  ( -55.35652450574090011, -135.9904325531533402, -31.83567080849662645 ) ) ;
#4252 = CARTESIAN_POINT ( 'NONE',  ( -52.81332385134044927, -86.35059524237090045, -29.63631401878507532 ) ) ;
#4253 = CARTESIAN_POINT ( 'NONE',  ( -64.99555974788910362, -122.3993992256194616, -26.21111529051590949 ) ) ;
#4254 = CARTESIAN_POINT ( 'NONE',  ( -26.61797126306386829, -69.66340933233446719, -37.24570288111941352 ) ) ;
#4255 = CARTESIAN_POINT ( 'NONE',  ( -64.98207955205276676, -105.0348485828566112, -26.30499395676427810 ) ) ;
#4256 = CARTESIAN_POINT ( 'NONE',  ( -58.85565419152266742, -131.2590400012679765, -26.20767423933610374 ) ) ;
#4257 = CARTESIAN_POINT ( 'NONE',  ( -60.97947476251329135, -112.7030300298687706, -29.93633552199987236 ) ) ;
#4258 = CARTESIAN_POINT ( 'NONE',  ( -57.49343568292481166, -131.0728212136641559, -31.27453673042651516 ) ) ;
#4259 = LOCAL_TIME ( 1, 44, 25.00000000000000000, #1352 ) ;
#4260 = CARTESIAN_POINT ( 'NONE',  ( -57.04064503549675891, -129.4641225183605968, -28.44318713338291005 ) ) ;
#4261 = CARTESIAN_POINT ( 'NONE',  ( -27.02125633488699563, -73.81871667470119291, -36.61213969469796581 ) ) ;
#4262 = CARTESIAN_POINT ( 'NONE',  ( -59.37732849867779805, -122.2204965866152264, -27.88676578022911201 ) ) ;
#4263 = CARTESIAN_POINT ( 'NONE',  ( -55.74712316981499072, -141.7590818438756060, -27.19384494839577826 ) ) ;
#4264 = CARTESIAN_POINT ( 'NONE',  ( -60.58027825778469833, -121.3218590754015622, -30.55355774998364637 ) ) ;
#4265 = CARTESIAN_POINT ( 'NONE',  ( -51.62246549624693159, -84.42025319638646863, -30.82822912831482398 ) ) ;
#4266 = CARTESIAN_POINT ( 'NONE',  ( -57.45594722717302716, -89.09978012654411827, -30.40711569789541002 ) ) ;
#4267 = CARTESIAN_POINT ( 'NONE',  ( -3.010454762170575282, -44.02112656796614942, -24.69404659133244095 ) ) ;
#4268 = CARTESIAN_POINT ( 'NONE',  ( -57.13970908641276480, -131.9420766125641364, -31.36502999619118626 ) ) ;
#4269 = CARTESIAN_POINT ( 'NONE',  ( -54.13498862435447734, -136.8705657636625403, -28.50303564523982658 ) ) ;
#4270 = CARTESIAN_POINT ( 'NONE',  ( -40.17277589637905777, -83.18067104286365065, -34.44759836104523743 ) ) ;
#4271 = CARTESIAN_POINT ( 'NONE',  ( -57.51757872352369105, -129.1626988690844087, -27.62319732697648078 ) ) ;
#4272 = ADVANCED_FACE ( 'NONE', ( #1017 ), #355, .F. ) ;
#4273 = CARTESIAN_POINT ( 'NONE',  ( -57.86300711624827642, -92.95074643927752334, -33.42829383017285494 ) ) ;
#4274 = CARTESIAN_POINT ( 'NONE',  ( -37.20210055600738741, -74.98463571064330324, -36.46303327321345478 ) ) ;
#4275 = CARTESIAN_POINT ( 'NONE',  ( -59.59149943201456523, -94.34591231668865419, -27.64200885010763287 ) ) ;
#4276 = CARTESIAN_POINT ( 'NONE',  ( -10.63365789295565023, -63.13310404700828116, -31.31067597334338970 ) ) ;
#4277 = CARTESIAN_POINT ( 'NONE',  ( -55.71081105297719915, -147.0236328126965759, -31.14168010250674001 ) ) ;
#4278 = CARTESIAN_POINT ( 'NONE',  ( 1.934021122659516534, -11.87004483845589142, -13.36804860376422610 ) ) ;
#4279 = CARTESIAN_POINT ( 'NONE',  ( 1.702839941814915825, -5.270322012534759182, -7.594367543083801131 ) ) ;
#4280 = CARTESIAN_POINT ( 'NONE',  ( -49.35812145169011700, -86.88672397604435105, -35.12920007115347687 ) ) ;
#4281 = CARTESIAN_POINT ( 'NONE',  ( -44.77618192749213932, -80.90898106902221798, -35.98524295461801614 ) ) ;
#4282 = CARTESIAN_POINT ( 'NONE',  ( -61.46737256655333681, -97.71355619910252699, -32.43725756176131370 ) ) ;
#4283 = CARTESIAN_POINT ( 'NONE',  ( -45.06049548391547432, -79.38417905956535492, -34.61834232785179921 ) ) ;
#4284 = CARTESIAN_POINT ( 'NONE',  ( -45.49841516767492067, -154.0153077310906440, -30.03397852258547118 ) ) ;
#4285 = CARTESIAN_POINT ( 'NONE',  ( 1.682882592391297116, -18.71379811758495038, -14.54308908986528337 ) ) ;
#4286 = CARTESIAN_POINT ( 'NONE',  ( -51.24648441598411353, -146.3436183148602652, -28.18224743911780905 ) ) ;
#4287 = CARTESIAN_POINT ( 'NONE',  ( -60.40722100354322066, -122.0739320020924339, -30.58799937625984811 ) ) ;
#4288 = CARTESIAN_POINT ( 'NONE',  ( -53.93109325002789234, -87.47912354782017985, -29.27875669292053473 ) ) ;
#4289 = CARTESIAN_POINT ( 'NONE',  ( -60.83742870455012763, -134.5783906726557007, -26.98604784991114869 ) ) ;
#4290 = CARTESIAN_POINT ( 'NONE',  ( -3.192013688842368691, -2.030988908423409622, -8.197050780603920117 ) ) ;
#4291 = CARTESIAN_POINT ( 'NONE',  ( -65.70327222058104155, -112.2700607236895962, -25.77640128856653945 ) ) ;
#4292 = CARTESIAN_POINT ( 'NONE',  ( -60.60167256495002874, -117.8896872183284756, -29.94979159558585735 ) ) ;
#4293 = CARTESIAN_POINT ( 'NONE',  ( -59.42014330632255792, -125.6906337036512440, -30.80596428452615854 ) ) ;
#4294 = CARTESIAN_POINT ( 'NONE',  ( -58.54538911566721282, -125.1563727358881977, -28.07531310944657932 ) ) ;
#4295 = CARTESIAN_POINT ( 'NONE',  ( -61.85349495567268008, -128.4077276444154450, -31.50220360477667114 ) ) ;
#4296 = CARTESIAN_POINT ( 'NONE',  ( -60.70644262700000127, -112.7870362862801841, -27.68680759251159884 ) ) ;
#4297 = CARTESIAN_POINT ( 'NONE',  ( -9.420093178742988016, -53.65958618853319706, -30.18064062997552810 ) ) ;
#4298 = CARTESIAN_POINT ( 'NONE',  ( -60.40722100354322066, -122.0739320020924339, -30.58799937625984811 ) ) ;
#4299 = CARTESIAN_POINT ( 'NONE',  ( -53.08448225400215392, -85.75677432723986726, -30.28054638792727715 ) ) ;
#4300 = CARTESIAN_POINT ( 'NONE',  ( -66.82820627563869209, -111.5601363430281765, -26.83774907210035821 ) ) ;
#4301 = CARTESIAN_POINT ( 'NONE',  ( -61.17366899829345073, -108.1240519820998713, -30.63674688574682747 ) ) ;
#4302 = CARTESIAN_POINT ( 'NONE',  ( -59.26403404018510201, -123.9729501045768671, -27.21080842570483327 ) ) ;
#4303 = DIRECTION ( 'NONE',  ( -0.3074864685804383213, 0.7389083950399466527, 0.5995552146211567957 ) ) ;
#4304 = ORIENTED_EDGE ( 'NONE', *, *, #3819, .T. ) ;
#4305 = CARTESIAN_POINT ( 'NONE',  ( -47.59388390075484665, -148.6038992714908034, -30.35310028966476636 ) ) ;
#4306 = CARTESIAN_POINT ( 'NONE',  ( -30.15161248472989541, -77.08615983231143787, -35.07577643683523405 ) ) ;
#4307 = CARTESIAN_POINT ( 'NONE',  ( -59.39950637201789618, -123.4971753218861039, -27.18135907008406349 ) ) ;
#4308 = CARTESIAN_POINT ( 'NONE',  ( -46.11465040802384863, -84.08956268276543256, -35.72774604654860298 ) ) ;
#4309 = CARTESIAN_POINT ( 'NONE',  ( -64.86965160480001202, -100.1612753671291358, -28.75156713590758883 ) ) ;
#4310 = CARTESIAN_POINT ( 'NONE',  ( -53.93109325002789234, -87.47912354782017985, -29.27875669292053473 ) ) ;
#4311 = CARTESIAN_POINT ( 'NONE',  ( -60.36693324885758472, -122.2426979271562288, -30.59661362965680809 ) ) ;
#4312 = CARTESIAN_POINT ( 'NONE',  ( -33.01668311589445182, -79.12781662725919318, -33.95773542238832476 ) ) ;
#4313 = CARTESIAN_POINT ( 'NONE',  ( -30.83746820040084557, -70.89440114343004495, -36.49841177217538046 ) ) ;
#4314 = CARTESIAN_POINT ( 'NONE',  ( -30.23148179077173126, -77.39336405777748951, -34.19329021806490232 ) ) ;
#4315 = CARTESIAN_POINT ( 'NONE',  ( -1.870862623765544575, -50.18200330140125942, -25.30383643374492664 ) ) ;
#4316 = CARTESIAN_POINT ( 'NONE',  ( -24.88370974338974051, -72.39054890589807201, -36.58193119460151621 ) ) ;
#4317 = CARTESIAN_POINT ( 'NONE',  ( -48.81783399656376332, -83.02436860875043578, -34.95899279211099042 ) ) ;
#4318 = CARTESIAN_POINT ( 'NONE',  ( -62.59652065610146821, -128.7912695824236948, -31.12980246392152495 ) ) ;
#4319 = CARTESIAN_POINT ( 'NONE',  ( -61.04935430529982199, -135.6003862478721658, -27.53771186331531595 ) ) ;
#4320 = CARTESIAN_POINT ( 'NONE',  ( -50.14234865232235450, -146.5942830122887131, -28.69533906469942863 ) ) ;
#4321 = CARTESIAN_POINT ( 'NONE',  ( -44.07588818869719915, -153.7334719015364897, -33.65749339084506175 ) ) ;
#4322 = CARTESIAN_POINT ( 'NONE',  ( -2.074625656693015685, -7.853572081268663574, -6.398085695716706489 ) ) ;
#4323 = CARTESIAN_POINT ( 'NONE',  ( 1.659861093884673178, -4.462421584329096191, -7.863868148790794876 ) ) ;
#4324 = CARTESIAN_POINT ( 'NONE',  ( -30.85953590069310337, -73.47890863017308050, -37.50612199798532487 ) ) ;
#4325 = CARTESIAN_POINT ( 'NONE',  ( -59.59149943201456523, -94.34591231668865419, -27.64200885010763287 ) ) ;
#4326 = CARTESIAN_POINT ( 'NONE',  ( -64.69870460858767558, -123.5912113983403202, -26.24943268913500205 ) ) ;
#4327 = CARTESIAN_POINT ( 'NONE',  ( 1.460816312429090935, -45.15160835160921948, -29.16592818080980010 ) ) ;
#4328 = CARTESIAN_POINT ( 'NONE',  ( -65.69013517402022728, -113.0378798806118112, -25.74554170228254435 ) ) ;
#4329 = CARTESIAN_POINT ( 'NONE',  ( -66.89135632257342934, -108.0726494464169178, -27.80742444016583903 ) ) ;
#4330 = CARTESIAN_POINT ( 'NONE',  ( -42.67780378301191035, -84.61407557796925971, -34.46069827196158997 ) ) ;
#4331 = CARTESIAN_POINT ( 'NONE',  ( -59.13080064000978098, -102.9890721105092268, -30.52919840695500753 ) ) ;
#4332 = CARTESIAN_POINT ( 'NONE',  ( -50.55745580136779438, -142.9556208910115345, -30.20851851355258333 ) ) ;
#4333 = CARTESIAN_POINT ( 'NONE',  ( -64.46140320496142806, -109.0292542540102403, -31.35951036767815125 ) ) ;
#4334 = CARTESIAN_POINT ( 'NONE',  ( -49.70577947759807813, -144.4510646887717371, -30.45293556700490001 ) ) ;
#4335 = CARTESIAN_POINT ( 'NONE',  ( -2.977574687425531330, -8.602991422837165558, -7.652822819549059297 ) ) ;
#4336 = CARTESIAN_POINT ( 'NONE',  ( -3.914763766142477674, -53.98229023796000092, -26.79223779320519583 ) ) ;
#4337 = CARTESIAN_POINT ( 'NONE',  ( -42.59331698475846650, -77.52635703570490477, -33.68647419377379038 ) ) ;
#4338 = CARTESIAN_POINT ( 'NONE',  ( -66.71815296066725409, -115.2990354114727012, -26.69164784233681331 ) ) ;
#4339 = CARTESIAN_POINT ( 'NONE',  ( -58.37372850637905941, -100.1163871932252363, -27.82138581488698748 ) ) ;
#4340 = CARTESIAN_POINT ( 'NONE',  ( -57.09442732144275112, -132.0515530646661091, -31.37676535646165377 ) ) ;
#4341 = FACE_OUTER_BOUND ( 'NONE', #6663, .T. ) ;
#4342 = CARTESIAN_POINT ( 'NONE',  ( -49.67285805049561986, -145.1346433881242035, -29.74939925662743079 ) ) ;
#4343 = CARTESIAN_POINT ( 'NONE',  ( -61.00389741143087008, -125.5146547671584756, -31.48552030622651188 ) ) ;
#4344 = CARTESIAN_POINT ( 'NONE',  ( 0.2975742193162516647, -11.77280353505381960, -9.918060859120659600 ) ) ;
#4345 = CARTESIAN_POINT ( 'NONE',  ( -31.02934150979867312, -75.57399949115057325, -37.05385824243665382 ) ) ;
#4346 = CARTESIAN_POINT ( 'NONE',  ( -55.60393168682249865, -87.12200985079583404, -31.78090084535734761 ) ) ;
#4347 = CARTESIAN_POINT ( 'NONE',  ( -64.06637570360156531, -104.5828746782511445, -26.03682742600044264 ) ) ;
#4348 = CARTESIAN_POINT ( 'NONE',  ( -60.11610782822495480, -125.5141677055266172, -31.26259955530553825 ) ) ;
#4349 = CARTESIAN_POINT ( 'NONE',  ( -2.943106669241084550, -13.28509438326842584, -17.38924859784281907 ) ) ;
#4350 = CARTESIAN_POINT ( 'NONE',  ( -60.76742168592290483, -123.1697429749764723, -31.12237706164378537 ) ) ;
#4351 = CARTESIAN_POINT ( 'NONE',  ( -48.14054090166829525, -148.0100105548511351, -33.25485419782365426 ) ) ;
#4352 = CARTESIAN_POINT ( 'NONE',  ( -18.63155305917962323, -68.28624880170596612, -35.94018106418359082 ) ) ;
#4353 = CARTESIAN_POINT ( 'NONE',  ( -58.20228431390574286, -90.41217583854022166, -32.33378797145474692 ) ) ;
#4354 = CARTESIAN_POINT ( 'NONE',  ( -54.23935794638502017, -146.7111223416777648, -33.18391104134347103 ) ) ;
#4355 = CARTESIAN_POINT ( 'NONE',  ( -66.64342679444962414, -116.1266338222214358, -26.67512423505271357 ) ) ;
#4356 = CARTESIAN_POINT ( 'NONE',  ( 2.905055946069222461, -26.79031851789813601, -17.91282167273530135 ) ) ;
#4357 = CARTESIAN_POINT ( 'NONE',  ( -51.69125759218658800, -145.5831745167925533, -28.05936341375974763 ) ) ;
#4358 = CARTESIAN_POINT ( 'NONE',  ( -51.80417614983885954, -142.9155291518624438, -32.81647079687502355 ) ) ;
#4359 = CARTESIAN_POINT ( 'NONE',  ( -52.61757144229195404, -86.17051119331331677, -34.33696902498313364 ) ) ;
#4360 = CC_DESIGN_DATE_AND_TIME_ASSIGNMENT ( #798, #1864, ( #3307 ) ) ;
#4361 = CARTESIAN_POINT ( 'NONE',  ( -16.26650144761925887, -60.22942697436617721, -33.13388690506612022 ) ) ;
#4362 = CARTESIAN_POINT ( 'NONE',  ( 1.673623813704373742, -5.999276855022205091, -8.335770379922569973 ) ) ;
#4363 = CARTESIAN_POINT ( 'NONE',  ( -0.8024859050693546880, -2.465344174358262919, -9.097618085715778236 ) ) ;
#4364 = CARTESIAN_POINT ( 'NONE',  ( -64.28872800880314742, -102.3572535964100751, -26.61576984893391895 ) ) ;
#4365 = CARTESIAN_POINT ( 'NONE',  ( -67.07847103803665334, -110.1007502288102557, -27.65648182551478129 ) ) ;
#4366 = CARTESIAN_POINT ( 'NONE',  ( -60.78765873045629320, -109.5195630279599328, -30.03757379667965921 ) ) ;
#4367 = CARTESIAN_POINT ( 'NONE',  ( 1.112070024389934852, -18.01849133246888002, -13.86557182038773028 ) ) ;
#4368 = CARTESIAN_POINT ( 'NONE',  ( -61.75624113192433384, -100.0834076836350732, -32.34366695045827811 ) ) ;
#4369 = CARTESIAN_POINT ( 'NONE',  ( 1.426282108205886745, -7.399212904788436518, -7.587859371269525255 ) ) ;
#4370 = CARTESIAN_POINT ( 'NONE',  ( -2.936993757238715475, -7.838584248749348227, -6.889321171032182889 ) ) ;
#4371 = CARTESIAN_POINT ( 'NONE',  ( 2.370139801262423962, -20.77108834668295856, -16.03297403269669985 ) ) ;
#4372 = CARTESIAN_POINT ( 'NONE',  ( -55.07926323186018180, -87.70477338072939233, -29.62468565413292865 ) ) ;
#4373 = CARTESIAN_POINT ( 'NONE',  ( -66.58132091209216696, -109.3377738041221221, -29.93738625328899872 ) ) ;
#4374 = CARTESIAN_POINT ( 'NONE',  ( -45.06049548391547432, -79.38417905956535492, -34.61834232785179921 ) ) ;
#4375 = CARTESIAN_POINT ( 'NONE',  ( -61.55569851615013022, -111.9258581749829062, -30.46688769213957215 ) ) ;
#4376 = CARTESIAN_POINT ( 'NONE',  ( -60.85258211940409723, -116.3355415624251776, -26.91796456171532270 ) ) ;
#4377 = CARTESIAN_POINT ( 'NONE',  ( -53.21876190956345454, -140.2856200718626951, -32.42038129022523663 ) ) ;
#4378 = CARTESIAN_POINT ( 'NONE',  ( 1.767949726098604790, -10.06390321520869158, -11.60631376445456731 ) ) ;
#4379 = CARTESIAN_POINT ( 'NONE',  ( 0.5860920152959857576, -5.943221576280043550, -4.573601396969569244 ) ) ;
#4380 = CARTESIAN_POINT ( 'NONE',  ( -62.92034142645167094, -110.6542692208315515, -31.30956785558124977 ) ) ;
#4381 = CARTESIAN_POINT ( 'NONE',  ( 1.298718520745350435, -3.572089651491712203, -1.265012390213864357 ) ) ;
#4382 = CARTESIAN_POINT ( 'NONE',  ( -47.92592209999510544, -85.03098923500758133, -35.49599069348583669 ) ) ;
#4383 = CARTESIAN_POINT ( 'NONE',  ( -45.63593853974253989, -80.14877165592213260, -35.06678328085272511 ) ) ;
#4384 = CARTESIAN_POINT ( 'NONE',  ( -59.60215405301602232, -127.1333195967831671, -31.37965287188981733 ) ) ;
#4385 = CARTESIAN_POINT ( 'NONE',  ( -4.340598541501855756, -51.63769611943879312, -32.64459051950187529 ) ) ;
#4386 = CARTESIAN_POINT ( 'NONE',  ( -61.52936695292420666, -106.9288296797939779, -31.24412734584069540 ) ) ;
#4387 = CARTESIAN_POINT ( 'NONE',  ( -3.914763766142477674, -53.98229023796000092, -26.79223779320519583 ) ) ;
#4388 = CARTESIAN_POINT ( 'NONE',  ( -3.221148310526130043, -55.28398454563365050, -30.21082277884665146 ) ) ;
#4389 = CARTESIAN_POINT ( 'NONE',  ( -53.24282135207510436, -85.87258526058428743, -33.72906896215999950 ) ) ;
#4390 = CARTESIAN_POINT ( 'NONE',  ( -61.17394787250433552, -132.5899913787078503, -31.43858709708616317 ) ) ;
#4391 = CARTESIAN_POINT ( 'NONE',  ( -9.807735366720772063, -54.47187720157045732, -29.43637994123022850 ) ) ;
#4392 = CARTESIAN_POINT ( 'NONE',  ( -64.57308456140638953, -126.2382062371563762, -26.83823912573259918 ) ) ;
#4393 = CARTESIAN_POINT ( 'NONE',  ( -42.51434033554151171, -156.0452115050262023, -34.13434576259356135 ) ) ;
#4394 = CARTESIAN_POINT ( 'NONE',  ( -50.79204854099304356, -147.1100370262324475, -28.30852736530028224 ) ) ;
#4395 = CARTESIAN_POINT ( 'NONE',  ( 2.452830374666001845, -0.5472590215828607718, -2.690497950391002480 ) ) ;
#4396 = CARTESIAN_POINT ( 'NONE',  ( -42.53384997059152539, -80.61596418033735745, -36.50493442200836824 ) ) ;
#4397 = CARTESIAN_POINT ( 'NONE',  ( -46.54713109679077121, -80.68552378261081515, -31.87651381927565097 ) ) ;
#4398 = CARTESIAN_POINT ( 'NONE',  ( 1.565251567432894619, -39.42341263967245624, -21.52538410945341951 ) ) ;
#4399 = CARTESIAN_POINT ( 'NONE',  ( 0.4759340425914174166, -11.56598040223450674, -16.31055373489175864 ) ) ;
#4400 = CARTESIAN_POINT ( 'NONE',  ( -61.38703446102033467, -131.7076823610360634, -26.26479629204882116 ) ) ;
#4401 = CARTESIAN_POINT ( 'NONE',  ( -66.68064333601166993, -118.5482540489632015, -27.37244004070933201 ) ) ;
#4402 = CARTESIAN_POINT ( 'NONE',  ( -43.38419937171234153, -85.01890033522091983, -34.47463628073338526 ) ) ;
#4403 = CARTESIAN_POINT ( 'NONE',  ( -53.71822362789567507, -137.9523706930016260, -31.65818788827942498 ) ) ;
#4404 = CARTESIAN_POINT ( 'NONE',  ( -11.15590284750768468, -61.46526567497375737, -29.12871389931534694 ) ) ;
#4405 = CARTESIAN_POINT ( 'NONE',  ( -63.32436816492700871, -123.4239223813009545, -31.21855181188072947 ) ) ;
#4406 = CARTESIAN_POINT ( 'NONE',  ( -0.09922625096424428359, -40.00565855728039821, -21.57211499215404160 ) ) ;
#4407 = CARTESIAN_POINT ( 'NONE',  ( 1.702839941814915825, -5.270322012534759182, -7.594367543083801131 ) ) ;
#4408 = CARTESIAN_POINT ( 'NONE',  ( -52.21600802044758183, -84.95376091432932242, -30.59998992293084186 ) ) ;
#4409 = CARTESIAN_POINT ( 'NONE',  ( -66.46490075596410918, -108.3358550673390681, -30.01340068178223675 ) ) ;
#4410 = CARTESIAN_POINT ( 'NONE',  ( -63.75543342907097610, -128.7778098864902745, -26.97762224703058109 ) ) ;
#4411 = CARTESIAN_POINT ( 'NONE',  ( -59.91108436233420775, -104.0420507068073306, -27.39763020150180139 ) ) ;
#4412 = CARTESIAN_POINT ( 'NONE',  ( -52.48583548849153857, -84.83939062509324458, -31.25274249887285904 ) ) ;
#4413 = CARTESIAN_POINT ( 'NONE',  ( -0.2468804457994325796, -46.25622469060269992, -23.84197862491162212 ) ) ;
#4414 = CARTESIAN_POINT ( 'NONE',  ( -7.182633388940560693, -53.57725009392277116, -26.95193682950374381 ) ) ;
#4415 = CARTESIAN_POINT ( 'NONE',  ( -62.04043288751645235, -121.4715156313312576, -31.28222598050440340 ) ) ;
#4416 = CARTESIAN_POINT ( 'NONE',  ( 0.4516756508087038657, -6.818943280743502200, -5.571114615063898157 ) ) ;
#4417 = CARTESIAN_POINT ( 'NONE',  ( -64.24937073656883513, -123.1344207422693273, -30.83028616352414275 ) ) ;
#4418 = CARTESIAN_POINT ( 'NONE',  ( -67.07405993746819206, -114.8879089289496136, -27.42794804499637706 ) ) ;
#4419 = CARTESIAN_POINT ( 'NONE',  ( -60.95530042514903357, -122.4090243504545157, -31.08407010085032240 ) ) ;
#4420 = CARTESIAN_POINT ( 'NONE',  ( -4.312144517437581648, -3.302676022145595525, -8.080823251911320781 ) ) ;
#4421 = CARTESIAN_POINT ( 'NONE',  ( -61.69430060421583306, -107.7348061090169438, -31.18570706088194200 ) ) ;
#4422 = CARTESIAN_POINT ( 'NONE',  ( 1.758822410117960144, -4.559531368764784709, -6.818945683534300528 ) ) ;
#4423 = CARTESIAN_POINT ( 'NONE',  ( -60.89435703514413945, -131.0426572535963032, -31.71360638934567078 ) ) ;
#4424 = CARTESIAN_POINT ( 'NONE',  ( -40.07649167912008181, -78.33895758236705831, -36.85520225007290662 ) ) ;
#4425 = CARTESIAN_POINT ( 'NONE',  ( -58.33050642143204811, -138.9971955033058748, -32.11671391703447398 ) ) ;
#4426 = CARTESIAN_POINT ( 'NONE',  ( -7.316615454823837794, -51.20481875100168878, -28.60195151006356440 ) ) ;
#4427 = CARTESIAN_POINT ( 'NONE',  ( -66.13466390560681418, -119.8083216809911704, -26.65479948409266697 ) ) ;
#4428 = CARTESIAN_POINT ( 'NONE',  ( -50.61003210130778029, -142.9960842521481652, -31.72445104112401992 ) ) ;
#4429 = CARTESIAN_POINT ( 'NONE',  ( -7.316615454823837794, -51.20481875100168878, -28.60195151006356440 ) ) ;
#4430 = CARTESIAN_POINT ( 'NONE',  ( -65.40675665026454055, -103.4295640621085397, -30.51867411494221471 ) ) ;
#4431 = CARTESIAN_POINT ( 'NONE',  ( -64.41495011648726177, -118.0128327143435456, -25.38871369549550749 ) ) ;
#4432 = CARTESIAN_POINT ( 'NONE',  ( -24.93038341109856404, -73.90217335551888311, -33.64069239556363300 ) ) ;
#4433 = CARTESIAN_POINT ( 'NONE',  ( -0.7849718681715571744, -2.199814343147258100, -8.782648084552478807 ) ) ;
#4434 = CARTESIAN_POINT ( 'NONE',  ( -63.07262065897096903, -127.0471584642035339, -25.93142466199780927 ) ) ;
#4435 = CARTESIAN_POINT ( 'NONE',  ( -66.09331561254983001, -121.7790680785672635, -27.39893741805073191 ) ) ;
#4436 = CARTESIAN_POINT ( 'NONE',  ( -51.68836549697836347, -141.8330829611375066, -32.22654633482584785 ) ) ;
#4437 = CARTESIAN_POINT ( 'NONE',  ( -37.64949060139440462, -81.12080332722715070, -31.36238382438538608 ) ) ;
#4438 = CARTESIAN_POINT ( 'NONE',  ( -62.61988741156669391, -101.9882238991697676, -32.06964671900647801 ) ) ;
#4439 = CARTESIAN_POINT ( 'NONE',  ( -5.246443485742783075, -53.30761138179649095, -26.18915745208453671 ) ) ;
#4440 = CARTESIAN_POINT ( 'NONE',  ( -1.461138285120479940, -32.68550625540709120, -21.99945058995985647 ) ) ;
#4441 = CARTESIAN_POINT ( 'NONE',  ( 2.420708932320957185, -35.11157769102560877, -20.46829999541341749 ) ) ;
#4442 = CARTESIAN_POINT ( 'NONE',  ( -59.02291752695673210, -137.1159756125290698, -26.79947107341457269 ) ) ;
#4443 = CARTESIAN_POINT ( 'NONE',  ( -49.57153328518545976, -84.20604086413987943, -35.07012057029182728 ) ) ;
#4444 = CARTESIAN_POINT ( 'NONE',  ( -55.68038068473575208, -146.1663559734980993, -28.84082283860924178 ) ) ;
#4445 = CARTESIAN_POINT ( 'NONE',  ( -55.06098425239941463, -94.92199450318321396, -28.56010103658523747 ) ) ;
#4446 = CARTESIAN_POINT ( 'NONE',  ( -18.93967697774858649, -62.62847918137698144, -34.80686640213702532 ) ) ;
#4447 = CARTESIAN_POINT ( 'NONE',  ( 2.100834888247755217, -2.593540310255659787, -4.371462200666019982 ) ) ;
#4448 = CARTESIAN_POINT ( 'NONE',  ( 0.2964781071238328791, -12.89222030096252247, -10.67014165233060119 ) ) ;
#4449 = CARTESIAN_POINT ( 'NONE',  ( -62.20297129282719339, -106.1562450020638124, -31.60867865850217839 ) ) ;
#4450 = CARTESIAN_POINT ( 'NONE',  ( -4.782538524349713605, -49.44243545084385971, -25.70256436561185254 ) ) ;
#4451 = CARTESIAN_POINT ( 'NONE',  ( -65.37176029657631204, -109.5117518783905837, -31.00157682383738944 ) ) ;
#4452 = CARTESIAN_POINT ( 'NONE',  ( -59.66132840163390227, -139.4497048779355737, -28.64136601301298768 ) ) ;
#4453 = CARTESIAN_POINT ( 'NONE',  ( -62.16680712062273528, -113.4295028712819828, -30.94008098964324915 ) ) ;
#4454 = CARTESIAN_POINT ( 'NONE',  ( -51.87378813395756083, -84.06856239401049891, -32.97964422178752386 ) ) ;
#4455 = CARTESIAN_POINT ( 'NONE',  ( -61.66526483248276236, -118.9307787869786637, -30.95773080654352327 ) ) ;
#4456 = CARTESIAN_POINT ( 'NONE',  ( -0.6328134020486703148, -15.66576414274505069, -12.27124594478829245 ) ) ;
#4457 = CARTESIAN_POINT ( 'NONE',  ( -27.04762895210917861, -75.26665255524052611, -33.61027187560634388 ) ) ;
#4458 = CARTESIAN_POINT ( 'NONE',  ( -64.65522849977573117, -114.9355512833522539, -31.10916023749351567 ) ) ;
#4459 = CARTESIAN_POINT ( 'NONE',  ( -57.59127178154197679, -143.6186939228768722, -30.65955886399158103 ) ) ;
#4460 = CARTESIAN_POINT ( 'NONE',  ( -50.63991565466277223, -152.7584745740464314, -34.17340449416479231 ) ) ;
#4461 = CARTESIAN_POINT ( 'NONE',  ( -3.336687903898472030, -43.83827631308922435, -26.36446530147839340 ) ) ;
#4462 = CARTESIAN_POINT ( 'NONE',  ( -66.44911059754383587, -107.0226903994008580, -27.16416248018846602 ) ) ;
#4463 = CARTESIAN_POINT ( 'NONE',  ( -60.44236964269271084, -107.3425292648270073, -30.15809264881633922 ) ) ;
#4464 = CARTESIAN_POINT ( 'NONE',  ( -63.01242081079313806, -112.7416702757218019, -31.23120091515169960 ) ) ;
#4465 = CARTESIAN_POINT ( 'NONE',  ( -57.12035601113695549, -143.8404150174750100, -31.49232161411451969 ) ) ;
#4466 = CARTESIAN_POINT ( 'NONE',  ( -58.72219507617128187, -135.7735597202805025, -26.45799394421385387 ) ) ;
#4467 = CARTESIAN_POINT ( 'NONE',  ( -5.096034364144914619, -55.81626422514535335, -27.54246287119405778 ) ) ;
#4468 = CARTESIAN_POINT ( 'NONE',  ( -60.63334420867644781, -131.7150007832202903, -31.77321458672026466 ) ) ;
#4469 = CARTESIAN_POINT ( 'NONE',  ( -3.300394004873935749, -2.433814551064986453, -1.481137893765541946 ) ) ;
#4470 = CARTESIAN_POINT ( 'NONE',  ( -66.44508999082925982, -120.0000777501455786, -27.37488045883773324 ) ) ;
#4471 = CARTESIAN_POINT ( 'NONE',  ( -58.96554758886828296, -125.0884978251339277, -30.29220035098868635 ) ) ;
#4472 = CARTESIAN_POINT ( 'NONE',  ( -19.98494971023040989, -69.77130199952786427, -31.71608954095761490 ) ) ;
#4473 = CARTESIAN_POINT ( 'NONE',  ( -60.29198671801146503, -101.0034616279495907, -26.69604265406988119 ) ) ;
#4474 = CARTESIAN_POINT ( 'NONE',  ( 2.275308780654946350, -27.42222522353389991, -17.66183607723828430 ) ) ;
#4475 = CARTESIAN_POINT ( 'NONE',  ( -62.40920100818421901, -104.8397199106998983, -25.98718383748317962 ) ) ;
#4476 = CARTESIAN_POINT ( 'NONE',  ( 3.088562009322827873, -24.80836361453397743, -17.83647515642584835 ) ) ;
#4477 = CARTESIAN_POINT ( 'NONE',  ( -65.55796959326301021, -115.3901952461707197, -25.67947943916495035 ) ) ;
#4478 = CARTESIAN_POINT ( 'NONE',  ( -62.81960769351588425, -97.37160054436502321, -31.46041791537278343 ) ) ;
#4479 = CARTESIAN_POINT ( 'NONE',  ( -65.25056739900252012, -123.8206570137988649, -26.74013398082336579 ) ) ;
#4480 = CARTESIAN_POINT ( 'NONE',  ( -62.49038419490924667, -119.3189940914181619, -25.49128841360100850 ) ) ;
#4481 = CARTESIAN_POINT ( 'NONE',  ( 0.08250581356801593713, -34.89147924660614564, -26.44025178197700043 ) ) ;
#4482 = CARTESIAN_POINT ( 'NONE',  ( -19.82531039651499327, -70.38171127267133897, -33.20990639910387188 ) ) ;
#4483 = CARTESIAN_POINT ( 'NONE',  ( -5.093370057206604962, -50.03858553511611262, -25.88542766888936697 ) ) ;
#4484 = CARTESIAN_POINT ( 'NONE',  ( -62.30025270865541387, -120.1994198099605740, -31.24004287111942091 ) ) ;
#4485 = CARTESIAN_POINT ( 'NONE',  ( 1.000201634169694209, -4.313388156397069295, -2.430277089524631062 ) ) ;
#4486 = CARTESIAN_POINT ( 'NONE',  ( -58.33050642143204811, -138.9971955033058748, -32.11671391703447398 ) ) ;
#4487 = CARTESIAN_POINT ( 'NONE',  ( -61.33209429660005441, -135.8641527459878660, -28.25955630756642378 ) ) ;
#4488 = CARTESIAN_POINT ( 'NONE',  ( -61.28138954036933939, -120.9632816986168962, -31.02162284313261509 ) ) ;
#4489 = CARTESIAN_POINT ( 'NONE',  ( -43.83443526991449346, -79.08469231760514617, -35.53570134197163100 ) ) ;
#4490 = CARTESIAN_POINT ( 'NONE',  ( -61.28138954036933939, -120.9632816986168962, -31.02162284313261509 ) ) ;
#4491 = APPROVAL ( #2479, '未指定' ) ;
#4492 = CARTESIAN_POINT ( 'NONE',  ( -50.80813213424324459, -145.4647696783858066, -28.50781338460456027 ) ) ;
#4493 = CARTESIAN_POINT ( 'NONE',  ( -51.82980619894704688, -92.19558294103994456, -32.66926948404347542 ) ) ;
#4494 = CARTESIAN_POINT ( 'NONE',  ( -64.32922133216591476, -108.1020391692110536, -31.42600049982084798 ) ) ;
#4495 = CARTESIAN_POINT ( 'NONE',  ( -58.66353296466454736, -141.5769254400481998, -30.39151168819670090 ) ) ;
#4496 = CARTESIAN_POINT ( 'NONE',  ( -30.85953590069310337, -73.47890863017308050, -37.50612199798532487 ) ) ;
#4497 = CARTESIAN_POINT ( 'NONE',  ( -20.86810078491123832, -65.70760025892050749, -31.35630404609642596 ) ) ;
#4498 = CARTESIAN_POINT ( 'NONE',  ( -66.88396195227527130, -116.8765283730201503, -28.87063005756702339 ) ) ;
#4499 = CARTESIAN_POINT ( 'NONE',  ( -60.71208365380527283, -108.9118483013141230, -30.06660417483453074 ) ) ;
#4500 = CARTESIAN_POINT ( 'NONE',  ( -62.95544179269396778, -114.9512292893883796, -31.18900459722736329 ) ) ;
#4501 = CARTESIAN_POINT ( 'NONE',  ( -62.84370156017382669, -131.4856046639768010, -30.14381959558919988 ) ) ;
#4502 = CARTESIAN_POINT ( 'NONE',  ( -56.75174459744631861, -139.8340055452187585, -26.93864692930088722 ) ) ;
#4503 = CARTESIAN_POINT ( 'NONE',  ( -51.35556953517428980, -152.2114034019305109, -29.38365724572249249 ) ) ;
#4504 = CARTESIAN_POINT ( 'NONE',  ( -0.8331792874829362372, -4.073036370905358972, -10.86642137450253642 ) ) ;
#4505 = CARTESIAN_POINT ( 'NONE',  ( -60.84342979319536937, -133.0305144110356252, -26.38326595575264477 ) ) ;
#4506 = CARTESIAN_POINT ( 'NONE',  ( -4.669667542043366204, -4.942753367149220090, -8.836682690020312592 ) ) ;
#4507 = CARTESIAN_POINT ( 'NONE',  ( 2.810698573005349754, -0.6583959995612819194, -1.351306465387734024 ) ) ;
#4508 = CARTESIAN_POINT ( 'NONE',  ( -35.64506793236614612, -79.84483985761451663, -31.51101804472829215 ) ) ;
#4509 = CARTESIAN_POINT ( 'NONE',  ( -12.10331527466109058, -57.14763123433083791, -30.05503005930650673 ) ) ;
#4510 = CARTESIAN_POINT ( 'NONE',  ( -15.75630075525089424, -66.19106025343077704, -30.78659374486133160 ) ) ;
#4511 = CARTESIAN_POINT ( 'NONE',  ( -45.01321668333886805, -80.82086912055061134, -30.83334488830830722 ) ) ;
#4512 = CARTESIAN_POINT ( 'NONE',  ( -60.32464205383343625, -104.6728119367319323, -30.90598401328271905 ) ) ;
#4513 = CARTESIAN_POINT ( 'NONE',  ( -65.70327222058104155, -112.2700607236895962, -25.77640128856653945 ) ) ;
#4514 = CARTESIAN_POINT ( 'NONE',  ( -50.61088440278977885, -84.81646856833022241, -34.82366292794483797 ) ) ;
#4515 = CARTESIAN_POINT ( 'NONE',  ( -61.55317151730535130, -134.4462349341267213, -27.42671884088121814 ) ) ;
#4516 = CARTESIAN_POINT ( 'NONE',  ( -53.73657441156665726, -89.59751078089365706, -28.45652258745668917 ) ) ;
#4517 = CARTESIAN_POINT ( 'NONE',  ( -31.05976782727347540, -70.45690249996913224, -35.00024724047428037 ) ) ;
#4518 = CARTESIAN_POINT ( 'NONE',  ( -39.42733400967401991, -82.96227803364175202, -32.78646762902150158 ) ) ;
#4519 = CARTESIAN_POINT ( 'NONE',  ( -26.52741370416914535, -72.90117969474974302, -31.33839243265676444 ) ) ;
#4520 = CARTESIAN_POINT ( 'NONE',  ( 0.3559958713944161302, -0.2887690117872866447, -5.710037658911232050 ) ) ;
#4521 = CARTESIAN_POINT ( 'NONE',  ( -59.72772002068367669, -105.0237461071721441, -28.06006398666487556 ) ) ;
#4522 = CARTESIAN_POINT ( 'NONE',  ( -63.99651737109021354, -124.1492048488679529, -30.86936761646968108 ) ) ;
#4523 = CARTESIAN_POINT ( 'NONE',  ( -65.22639292222133633, -125.2488529694423534, -27.50534576221060235 ) ) ;
#4524 = CARTESIAN_POINT ( 'NONE',  ( -0.4969019770614425124, -9.374255454056516612, -7.709017661379709452 ) ) ;
#4525 = CARTESIAN_POINT ( 'NONE',  ( -52.68641430250406188, -142.6028053529400665, -33.18917656969558294 ) ) ;
#4526 = CARTESIAN_POINT ( 'NONE',  ( 1.249268673315363065, -5.755790479144996752, -10.28904358089982374 ) ) ;
#4527 = CARTESIAN_POINT ( 'NONE',  ( -3.913484147329053364, -46.38367843497658782, -25.49760505509680542 ) ) ;
#4528 = CARTESIAN_POINT ( 'NONE',  ( -59.22396835168789408, -101.8531720231045767, -31.20644447663919507 ) ) ;
#4529 = CARTESIAN_POINT ( 'NONE',  ( -64.62342915514157937, -115.4614910935885490, -31.10062038495023273 ) ) ;
#4530 = CARTESIAN_POINT ( 'NONE',  ( -66.98751125963796937, -115.7537326279239380, -28.89102021779771690 ) ) ;
#4531 = CARTESIAN_POINT ( 'NONE',  ( -3.547149848536937267, -53.87934197623096111, -32.24522926667771117 ) ) ;
#4532 = CARTESIAN_POINT ( 'NONE',  ( -1.151673546845893181, -32.86607310319700304, -21.18700044515766834 ) ) ;
#4533 = CARTESIAN_POINT ( 'NONE',  ( -1.704263854859839000, -51.43004469883237562, -26.08038873409487124 ) ) ;
#4534 = CARTESIAN_POINT ( 'NONE',  ( -66.24139365336124285, -104.9841166416340457, -29.59352962326188319 ) ) ;
#4535 = CARTESIAN_POINT ( 'NONE',  ( -53.20617083332447805, -94.12423008856602280, -31.72262964728119528 ) ) ;
#4536 = CARTESIAN_POINT ( 'NONE',  ( -58.87592909869908198, -131.5697657012145498, -31.97610978720604535 ) ) ;
#4537 = CARTESIAN_POINT ( 'NONE',  ( -66.59948215706648966, -116.2089368545155708, -29.63492378521452864 ) ) ;
#4538 = CARTESIAN_POINT ( 'NONE',  ( -59.76732102727996221, -133.4243771984525324, -26.21406554964803348 ) ) ;
#4539 = CARTESIAN_POINT ( 'NONE',  ( -48.46630464961774720, -89.36676472452778341, -33.01274225466612222 ) ) ;
#4540 = CARTESIAN_POINT ( 'NONE',  ( -22.93963013563842424, -70.18425396341932299, -36.93213708171007426 ) ) ;
#4541 = CARTESIAN_POINT ( 'NONE',  ( -0.6364989412730068796, -29.04045047644198618, -24.41904022667648988 ) ) ;
#4542 = CARTESIAN_POINT ( 'NONE',  ( -44.70469880087367187, -153.4913849429218544, -34.27698854009555873 ) ) ;
#4543 = CARTESIAN_POINT ( 'NONE',  ( -60.58270113666895185, -110.7771792999559608, -29.24436985755438201 ) ) ;
#4544 = CARTESIAN_POINT ( 'NONE',  ( -43.86239673244512716, -80.88076656208829718, -30.47558124635595789 ) ) ;
#4545 = CARTESIAN_POINT ( 'NONE',  ( -48.70184228343844524, -89.96581936561268833, -31.39860246794109955 ) ) ;
#4546 = CARTESIAN_POINT ( 'NONE',  ( -52.16750739103800072, -87.89509620013454594, -28.86215639659701182 ) ) ;
#4547 = CARTESIAN_POINT ( 'NONE',  ( -55.35652450574090011, -135.9904325531533402, -31.83567080849662645 ) ) ;
#4548 = CARTESIAN_POINT ( 'NONE',  ( -46.64727084890289888, -87.97013445134710707, -33.03620865082484670 ) ) ;
#4549 = CARTESIAN_POINT ( 'NONE',  ( -60.65663457601068842, -133.4749527736992150, -26.42460760467972847 ) ) ;
#4550 = CARTESIAN_POINT ( 'NONE',  ( -54.91308130916015529, -147.8026106296240130, -32.06565196379618499 ) ) ;
#4551 = CARTESIAN_POINT ( 'NONE',  ( -61.10088450882476252, -135.4843186569444811, -27.52633080059693782 ) ) ;
#4552 = CARTESIAN_POINT ( 'NONE',  ( -48.90808452044801413, -84.44419352996800399, -29.81181354068611356 ) ) ;
#4553 = CARTESIAN_POINT ( 'NONE',  ( -46.69633403703949170, -80.43183127138824773, -33.40056970259640678 ) ) ;
#4554 = CARTESIAN_POINT ( 'NONE',  ( -60.65955775433595676, -105.7989267972549641, -30.80520253385624230 ) ) ;
#4555 = CARTESIAN_POINT ( 'NONE',  ( -21.42487166405725674, -69.22996013539783178, -31.04317093580996456 ) ) ;
#4556 = CARTESIAN_POINT ( 'NONE',  ( -58.47421706535032371, -132.5617717196973615, -32.07543567230988657 ) ) ;
#4557 = CARTESIAN_POINT ( 'NONE',  ( -17.28974016511294920, -65.65298182073667022, -30.38224193652869332 ) ) ;
#4558 = CARTESIAN_POINT ( 'NONE',  ( -64.29737384930106714, -122.9330406937299074, -30.82324718236981553 ) ) ;
#4559 = CARTESIAN_POINT ( 'NONE',  ( -53.39088951943654138, -150.8210459010568343, -30.23356084146533718 ) ) ;
#4560 = CARTESIAN_POINT ( 'NONE',  ( -59.87121020445736264, -126.0647609004437157, -26.17761327457704112 ) ) ;
#4561 = CARTESIAN_POINT ( 'NONE',  ( 1.328342009136280533, -7.423429527781201465, -11.71025304984543247 ) ) ;
#4562 = CARTESIAN_POINT ( 'NONE',  ( 1.460183625401469287, -2.050752145091527812, -6.211372768329759708 ) ) ;
#4563 = SHAPE_DEFINITION_REPRESENTATION ( #1572, #3731 ) ;
#4564 = CARTESIAN_POINT ( 'NONE',  ( -55.06098425239941463, -94.92199450318321396, -28.56010103658523747 ) ) ;
#4565 = CARTESIAN_POINT ( 'NONE',  ( -30.56875298154693255, -77.46479795354684939, -33.39480843588454917 ) ) ;
#4566 = CARTESIAN_POINT ( 'NONE',  ( -64.46140320496142806, -109.0292542540102403, -31.35951036767815125 ) ) ;
#4567 = CARTESIAN_POINT ( 'NONE',  ( -65.31087341367637578, -125.0256192670634050, -28.98228896503666263 ) ) ;
#4568 = CARTESIAN_POINT ( 'NONE',  ( -24.17256937878396883, -69.07810185253670454, -37.29460024313802791 ) ) ;
#4569 = CARTESIAN_POINT ( 'NONE',  ( -48.86513699754777207, -85.65759787087601751, -29.44226097525728036 ) ) ;
#4570 = CARTESIAN_POINT ( 'NONE',  ( 1.629848400064264569, -5.198668308665681081, -8.635092414611275302 ) ) ;
#4571 = CARTESIAN_POINT ( 'NONE',  ( -60.73430828071047216, -93.43806826697591816, -31.57180595388314615 ) ) ;
#4572 = CARTESIAN_POINT ( 'NONE',  ( -46.39588102061529895, -88.06825878933493357, -32.25649113312748995 ) ) ;
#4573 = CARTESIAN_POINT ( 'NONE',  ( -62.78604816984102399, -109.3270758818493391, -31.37849718053968573 ) ) ;
#4574 = CARTESIAN_POINT ( 'NONE',  ( -66.74386404666019246, -113.7283726204773586, -29.69924162660201361 ) ) ;
#4575 = CARTESIAN_POINT ( 'NONE',  ( -63.15073829982963360, -123.8907174518675021, -25.53194378376778673 ) ) ;
#4576 = CARTESIAN_POINT ( 'NONE',  ( -60.32464205383343625, -104.6728119367319323, -30.90598401328271905 ) ) ;
#4577 = CARTESIAN_POINT ( 'NONE',  ( -39.10901495537758166, -80.56342393754316333, -36.44142679783622896 ) ) ;
#4578 = CARTESIAN_POINT ( 'NONE',  ( -50.61545515868170497, -155.2721660156067571, -30.98545541234161504 ) ) ;
#4579 = CARTESIAN_POINT ( 'NONE',  ( -47.26313886016172461, -88.43533048530319718, -33.04246889892059613 ) ) ;
#4580 = CARTESIAN_POINT ( 'NONE',  ( -48.70184228343844524, -89.96581936561268833, -31.39860246794109955 ) ) ;
#4581 = CARTESIAN_POINT ( 'NONE',  ( -49.67308850615075499, -86.53178303615632672, -29.25107695942488562 ) ) ;
#4582 = CARTESIAN_POINT ( 'NONE',  ( -37.64949060139440462, -81.12080332722715070, -31.36238382438538608 ) ) ;
#4583 = CARTESIAN_POINT ( 'NONE',  ( -50.28941375939416503, -85.88669935571358849, -29.39854957782378264 ) ) ;
#4584 = CARTESIAN_POINT ( 'NONE',  ( -54.45193612861022103, -137.8678263500087269, -32.08069258193581419 ) ) ;
#4585 = CARTESIAN_POINT ( 'NONE',  ( -47.55891899253042254, -88.66104941349217938, -33.04319093075837088 ) ) ;
#4586 = CARTESIAN_POINT ( 'NONE',  ( -60.12168589179490397, -134.7105464111847084, -26.54537685894107923 ) ) ;
#4587 = CARTESIAN_POINT ( 'NONE',  ( -66.24480734050602848, -110.8924170399004936, -26.36075186867780573 ) ) ;
#4588 = CARTESIAN_POINT ( 'NONE',  ( -56.26577057148751493, -145.4068479066447708, -31.71261968897269412 ) ) ;
#4589 = CARTESIAN_POINT ( 'NONE',  ( -1.490333202912016430, -30.16314265079477508, -23.50285728645271277 ) ) ;
#4590 = CARTESIAN_POINT ( 'NONE',  ( -63.18980852779325375, -113.2910659798999262, -25.49142780198566882 ) ) ;
#4591 = CARTESIAN_POINT ( 'NONE',  ( -53.66843988265252818, -94.61156116539174832, -31.64339632873107533 ) ) ;
#4592 = CARTESIAN_POINT ( 'NONE',  ( -59.52924778814832507, -102.5329333356496164, -31.12752779567820482 ) ) ;
#4593 = CARTESIAN_POINT ( 'NONE',  ( -56.83175100318455009, -98.40609237666399167, -28.77472641342092530 ) ) ;
#4594 = CARTESIAN_POINT ( 'NONE',  ( 0.006710005883346311685, -4.275998434741415721, -10.53412277210114567 ) ) ;
#4595 = CARTESIAN_POINT ( 'NONE',  ( -8.359230242916060760, -55.31624534544770455, -27.47196839774339239 ) ) ;
#4596 = CARTESIAN_POINT ( 'NONE',  ( -55.13327797119558227, -145.1185761276457242, -32.94487293416984386 ) ) ;
#4597 = CARTESIAN_POINT ( 'NONE',  ( -33.55350537936826072, -72.11549538459719599, -35.83596791935671888 ) ) ;
#4598 = CARTESIAN_POINT ( 'NONE',  ( -50.88789748797896806, -145.3276809454149259, -28.48554046530108508 ) ) ;
#4599 = CARTESIAN_POINT ( 'NONE',  ( 2.084911898334938840, 0.2807293014713165280, -2.796938461809144627 ) ) ;
#4600 = CARTESIAN_POINT ( 'NONE',  ( -48.16951259831765242, -147.2111117444118236, -32.43644365603440605 ) ) ;
#4601 = CARTESIAN_POINT ( 'NONE',  ( -59.60215405301602232, -127.1333195967831671, -31.37965287188981733 ) ) ;
#4602 = CARTESIAN_POINT ( 'NONE',  ( -48.64998810913692751, -87.84181581874233302, -29.56430584227445735 ) ) ;
#4603 = CARTESIAN_POINT ( 'NONE',  ( -24.93038341109856404, -73.90217335551888311, -33.64069239556363300 ) ) ;
#4604 = CARTESIAN_POINT ( 'NONE',  ( -1.474858287577698768, -52.64032458662159542, -29.94084132362401363 ) ) ;
#4605 = CARTESIAN_POINT ( 'NONE',  ( -56.74482966888677282, -145.1764929857162940, -30.87539291365919425 ) ) ;
#4606 = CARTESIAN_POINT ( 'NONE',  ( -62.29271245355192832, -114.1906540033415496, -25.80733427687389181 ) ) ;
#4607 = CARTESIAN_POINT ( 'NONE',  ( 1.676497829724783228, -4.216548679981801939, -7.592927865872613147 ) ) ;
#4608 = CARTESIAN_POINT ( 'NONE',  ( -49.88140772580175053, -83.63371223742980476, -34.66420593323828570 ) ) ;
#4609 = ORIENTED_EDGE ( 'NONE', *, *, #2512, .F. ) ;
#4610 = CARTESIAN_POINT ( 'NONE',  ( -51.71985695407596495, -92.65487961016447116, -31.95355725265292790 ) ) ;
#4611 = CARTESIAN_POINT ( 'NONE',  ( -61.55281343943318717, -123.5277122477126426, -31.37326256336985608 ) ) ;
#4612 = CARTESIAN_POINT ( 'NONE',  ( -63.01394191558498648, -131.0344207327226229, -30.10856356010016555 ) ) ;
#4613 = CARTESIAN_POINT ( 'NONE',  ( -2.817618978075874026, -16.89167643372736549, -14.45283854013178448 ) ) ;
#4614 = CARTESIAN_POINT ( 'NONE',  ( -24.62666300319428458, -71.28747595135421022, -37.03976063969776078 ) ) ;
#4615 = CARTESIAN_POINT ( 'NONE',  ( -55.14507804728617657, -147.8603784666644572, -29.77216998751083565 ) ) ;
#4616 = CARTESIAN_POINT ( 'NONE',  ( -26.34141345240523790, -74.81646049661117104, -33.63183861510302819 ) ) ;
#4617 = CARTESIAN_POINT ( 'NONE',  ( -60.28462324457865407, -108.1574849084375813, -29.35943890328039885 ) ) ;
#4618 = CARTESIAN_POINT ( 'NONE',  ( -53.06556831916767436, -90.23378623829300693, -28.48165112833456902 ) ) ;
#4619 = CARTESIAN_POINT ( 'NONE',  ( -55.07732377672409996, -96.49584599259303275, -30.55908199679577919 ) ) ;
#4620 = CARTESIAN_POINT ( 'NONE',  ( -61.10014563213538707, -100.6378281961216459, -26.46736617555999160 ) ) ;
#4621 = CARTESIAN_POINT ( 'NONE',  ( -59.98107800126258127, -123.7497099152600128, -30.67961650886059388 ) ) ;
#4622 = CARTESIAN_POINT ( 'NONE',  ( -5.096034364144914619, -55.81626422514535335, -27.54246287119405778 ) ) ;
#4623 = CARTESIAN_POINT ( 'NONE',  ( -53.44507386145437522, -147.5809432897399915, -28.21355615647832238 ) ) ;
#4624 = CARTESIAN_POINT ( 'NONE',  ( -66.03053958866117057, -116.4296235286592776, -26.16862097194048786 ) ) ;
#4625 = CARTESIAN_POINT ( 'NONE',  ( -56.11965951661657925, -145.6703916766190900, -31.75036224377833349 ) ) ;
#4626 = CARTESIAN_POINT ( 'NONE',  ( -4.486756732774355605, -5.270614473807073708, -6.857409094090673563 ) ) ;
#4627 = CARTESIAN_POINT ( 'NONE',  ( -51.89296174889745572, -87.60373394481658238, -28.93551924148320964 ) ) ;
#4628 = CARTESIAN_POINT ( 'NONE',  ( -7.973572663796918647, -58.77692695491659691, -28.30450144465917006 ) ) ;
#4629 = CARTESIAN_POINT ( 'NONE',  ( -60.94025069781615400, -106.9374629889995987, -30.71660962551216301 ) ) ;
#4630 = CARTESIAN_POINT ( 'NONE',  ( -59.37732849867779805, -122.2204965866152264, -27.88676578022911201 ) ) ;
#4631 = CARTESIAN_POINT ( 'NONE',  ( -58.87592909869908198, -131.5697657012145498, -31.97610978720604535 ) ) ;
#4632 = CARTESIAN_POINT ( 'NONE',  ( -49.59333693819294098, -89.84264012387458820, -29.94809926352985485 ) ) ;
#4633 = CARTESIAN_POINT ( 'NONE',  ( 1.085642781666916079, -18.59036239077259367, -20.68931657731451779 ) ) ;
#4634 = CARTESIAN_POINT ( 'NONE',  ( -2.603055354884626027, -16.49698416175165150, -18.98654363490881281 ) ) ;
#4635 = CARTESIAN_POINT ( 'NONE',  ( -42.39353395948425884, -158.5715265489508852, -30.95888890057539200 ) ) ;
#4636 = CARTESIAN_POINT ( 'NONE',  ( -60.32464205383343625, -104.6728119367319323, -30.90598401328271905 ) ) ;
#4637 = CARTESIAN_POINT ( 'NONE',  ( -44.07588818869719915, -153.7334719015364897, -33.65749339084506175 ) ) ;
#4638 = CARTESIAN_POINT ( 'NONE',  ( -54.70984379995861246, -138.7453554271457392, -32.63176303444613069 ) ) ;
#4639 = CARTESIAN_POINT ( 'NONE',  ( -56.29811072999130062, -96.61116236086509446, -28.30370087003370827 ) ) ;
#4640 = CARTESIAN_POINT ( 'NONE',  ( -57.09442732144275112, -132.0515530646661091, -31.37676535646165377 ) ) ;
#4641 = CARTESIAN_POINT ( 'NONE',  ( -0.7849718681715571744, -2.199814343147258100, -8.782648084552478807 ) ) ;
#4642 = CARTESIAN_POINT ( 'NONE',  ( 1.207718777526379128, -32.65331886096829095, -26.12882185278404634 ) ) ;
#4643 = CARTESIAN_POINT ( 'NONE',  ( -60.27029532350037755, -134.3718543079053234, -26.51153480946963725 ) ) ;
#4644 = CARTESIAN_POINT ( 'NONE',  ( -61.34854118816301138, -120.7002106172304821, -25.89057138000628200 ) ) ;
#4645 = CARTESIAN_POINT ( 'NONE',  ( 3.651572978865463170, -25.59138864609360553, -18.90306323124856291 ) ) ;
#4646 = CARTESIAN_POINT ( 'NONE',  ( -43.65880392990838743, -80.32611948700012761, -36.22973910103836914 ) ) ;
#4647 = CARTESIAN_POINT ( 'NONE',  ( -50.85843041430771194, -143.3369333424314505, -32.46329340022190735 ) ) ;
#4648 = CARTESIAN_POINT ( 'NONE',  ( -50.51742786621967696, -148.1441080181241716, -34.22638242022697597 ) ) ;
#4649 = CARTESIAN_POINT ( 'NONE',  ( -55.82454641663631634, -146.1993069122162865, -31.82687024962890732 ) ) ;
#4650 = CARTESIAN_POINT ( 'NONE',  ( -2.936993757238715475, -7.838584248749348227, -6.889321171032182889 ) ) ;
#4651 = CARTESIAN_POINT ( 'NONE',  ( -38.76623622245629974, -82.53746996915458567, -32.79675091044095581 ) ) ;
#4652 = CARTESIAN_POINT ( 'NONE',  ( -1.903760326779913248, -53.23571838814064705, -30.22723183027401106 ) ) ;
#4653 = CARTESIAN_POINT ( 'NONE',  ( -3.682481685204835653, 0.1025848430516306392, -1.615957158774170122 ) ) ;
#4654 = CARTESIAN_POINT ( 'NONE',  ( -33.35086087160618717, -79.17006018213513130, -33.15168822438909046 ) ) ;
#4655 = CARTESIAN_POINT ( 'NONE',  ( -57.91574109236757550, -100.8891023937571418, -29.98774192295671170 ) ) ;
#4656 = CARTESIAN_POINT ( 'NONE',  ( -60.55191518710764598, -123.8352571652341823, -26.03629137201291144 ) ) ;
#4657 = CARTESIAN_POINT ( 'NONE',  ( -59.70351010533912017, -105.5327969446421719, -29.53624709971909823 ) ) ;
#4658 = CARTESIAN_POINT ( 'NONE',  ( -58.32019426869493373, -132.5379506497490922, -26.33452398034347652 ) ) ;
#4659 = CARTESIAN_POINT ( 'NONE',  ( -33.35086087160618717, -79.17006018213513130, -33.15168822438909046 ) ) ;
#4660 = CARTESIAN_POINT ( 'NONE',  ( -4.105482448098026538, -6.056402720168740927, -6.594943666791951209 ) ) ;
#4661 = CARTESIAN_POINT ( 'NONE',  ( -66.01431244363681117, -107.9115221529665973, -26.56510422076280165 ) ) ;
#4662 = CARTESIAN_POINT ( 'NONE',  ( -57.80397208150262855, -142.5531863922205957, -31.31844001296625635 ) ) ;
#4663 = CARTESIAN_POINT ( 'NONE',  ( -2.038332567089410130, -26.05930069280614347, -21.94202788026644058 ) ) ;
#4664 = CARTESIAN_POINT ( 'NONE',  ( -51.24648441598411353, -146.3436183148602652, -28.18224743911780905 ) ) ;
#4665 = CARTESIAN_POINT ( 'NONE',  ( -40.01648796137512676, -83.25349044794209874, -31.98175371989027482 ) ) ;
#4666 = CARTESIAN_POINT ( 'NONE',  ( -38.76623622245629974, -82.53746996915458567, -32.79675091044095581 ) ) ;
#4667 = CARTESIAN_POINT ( 'NONE',  ( -59.03474532254693230, -123.5021251546881160, -27.96147386106984811 ) ) ;
#4668 = CARTESIAN_POINT ( 'NONE',  ( 1.774741635533707340, -14.52458482400519202, -16.87042246748380236 ) ) ;
#4669 = CARTESIAN_POINT ( 'NONE',  ( -26.52741370416914535, -72.90117969474974302, -31.33839243265676444 ) ) ;
#4670 = CARTESIAN_POINT ( 'NONE',  ( -55.22647174958678562, -146.9627202571880389, -28.95873762172423582 ) ) ;
#4671 = CARTESIAN_POINT ( 'NONE',  ( 3.318878391037474618, -40.93987861220698221, -26.99043086308236994 ) ) ;
#4672 = CARTESIAN_POINT ( 'NONE',  ( -1.504897489121491017, -46.44200550799020277, -30.69093072118492316 ) ) ;
#4673 = CARTESIAN_POINT ( 'NONE',  ( -50.65921782388570449, -145.7194706287378949, -28.54956988657772143 ) ) ;
#4674 = CARTESIAN_POINT ( 'NONE',  ( 2.168469420780021917, -43.15644998315560343, -23.50139395141221499 ) ) ;
#4675 = CARTESIAN_POINT ( 'NONE',  ( -60.48414175989139352, -121.7448750163437552, -30.57237199407491346 ) ) ;
#4676 = CARTESIAN_POINT ( 'NONE',  ( -51.23489885792044873, -141.8672971576494888, -31.54626138326614537 ) ) ;
#4677 = CARTESIAN_POINT ( 'NONE',  ( -51.91797860974503465, -143.9981960610396925, -33.40583240143209309 ) ) ;
#4678 = CARTESIAN_POINT ( 'NONE',  ( -45.32382060584536276, -84.40355429652035468, -29.90246226548752517 ) ) ;
#4679 = CARTESIAN_POINT ( 'NONE',  ( 2.250222317814206896, -18.48919746097929107, -19.42528687147406075 ) ) ;
#4680 = CARTESIAN_POINT ( 'NONE',  ( -3.395325647810313541, -12.06957693045707103, -16.42851041621897323 ) ) ;
#4681 = CARTESIAN_POINT ( 'NONE',  ( -4.232750402608462359, -9.228547554392319441, -9.833271683335487623 ) ) ;
#4682 = CARTESIAN_POINT ( 'NONE',  ( -50.72373380060889758, -87.68346353907027435, -29.00353219833369423 ) ) ;
#4683 = CARTESIAN_POINT ( 'NONE',  ( 0.5744456074892354547, -46.13503797688320418, -24.01129493089828770 ) ) ;
#4684 = CARTESIAN_POINT ( 'NONE',  ( -57.86413047912881069, -143.1052608339364838, -30.59087461163508337 ) ) ;
#4685 = CARTESIAN_POINT ( 'NONE',  ( -59.54765809707233615, -123.0080246237920534, -30.15856631045087966 ) ) ;
#4686 = CARTESIAN_POINT ( 'NONE',  ( 0.02476062853900607222, -4.828239192534502067, -11.07434723818365896 ) ) ;
#4687 = CARTESIAN_POINT ( 'NONE',  ( 3.272957418680094488, -36.49456924733723895, -26.58181019184167582 ) ) ;
#4688 = CARTESIAN_POINT ( 'NONE',  ( -2.995463785241136989, -10.71351615334581986, -9.545576896224039487 ) ) ;
#4689 = CARTESIAN_POINT ( 'NONE',  ( 2.360984713672956481, -45.45788013775778325, -26.79108635319221676 ) ) ;
#4690 = CARTESIAN_POINT ( 'NONE',  ( -59.00930662215198197, -90.88882601982236054, -29.93584692018794513 ) ) ;
#4691 = CARTESIAN_POINT ( 'NONE',  ( 3.278314462467343038, -26.19085358199586722, -18.40794245199193213 ) ) ;
#4692 = CARTESIAN_POINT ( 'NONE',  ( -60.10743048476749095, -118.7839955625799320, -29.24757038119489394 ) ) ;
#4693 = CARTESIAN_POINT ( 'NONE',  ( -62.35108944076241499, -112.7922063951170912, -25.83174881581878779 ) ) ;
#4694 = CARTESIAN_POINT ( 'NONE',  ( -59.22571846485833191, -122.8222908199491599, -29.42940481054351665 ) ) ;
#4695 = CARTESIAN_POINT ( 'NONE',  ( -63.21174342666030554, -111.4085230685834347, -25.54937159196042629 ) ) ;
#4696 = CARTESIAN_POINT ( 'NONE',  ( -60.91389533634385600, -119.7024035059664726, -30.49139087883704846 ) ) ;
#4697 = CARTESIAN_POINT ( 'NONE',  ( -58.11805064092229145, -138.9914447374898145, -27.01552267493111614 ) ) ;
#4698 = CARTESIAN_POINT ( 'NONE',  ( -65.83690946794739318, -121.3881498512100592, -29.64011010702397897 ) ) ;
#4699 = CARTESIAN_POINT ( 'NONE',  ( -29.27847546945838531, -69.27949213002293050, -34.19164752195880652 ) ) ;
#4700 = CARTESIAN_POINT ( 'NONE',  ( -1.237114753375829102, -3.955914990290734234, -1.335773621891937157 ) ) ;
#4701 = CARTESIAN_POINT ( 'NONE',  ( -26.68133052459149468, -74.94308063191282088, -32.85343537348177279 ) ) ;
#4702 = CARTESIAN_POINT ( 'NONE',  ( -61.17438201053557378, -118.1373839543577446, -30.44936429056908977 ) ) ;
#4703 = CARTESIAN_POINT ( 'NONE',  ( -60.61717697465577004, -110.0406833865091158, -27.75834838117280512 ) ) ;
#4704 = CARTESIAN_POINT ( 'NONE',  ( -1.886318833201430234, -53.48639840761599373, -29.34461879291469444 ) ) ;
#4705 = CARTESIAN_POINT ( 'NONE',  ( -60.69426983855791491, -113.4445823431273936, -27.67853447397558142 ) ) ;
#4706 = CARTESIAN_POINT ( 'NONE',  ( -64.56623321837101059, -116.9268508344417370, -25.38798354576676175 ) ) ;
#4707 = CARTESIAN_POINT ( 'NONE',  ( -3.660581190464826662, -1.594986784935354729, -1.533943006174764534 ) ) ;
#4708 = CARTESIAN_POINT ( 'NONE',  ( -1.675506661131282105, 1.708204579298508774, -3.204371835182544981 ) ) ;
#4709 = CARTESIAN_POINT ( 'NONE',  ( -49.10675740960286362, -157.5763942802614963, -31.40513259411097735 ) ) ;
#4710 = CARTESIAN_POINT ( 'NONE',  ( -0.6863374408589224540, -35.40676182436255459, -21.11727276610255188 ) ) ;
#4711 = CARTESIAN_POINT ( 'NONE',  ( -28.74658961052570305, -76.18058283153825982, -35.17347920485134694 ) ) ;
#4712 = CARTESIAN_POINT ( 'NONE',  ( -60.08331473385384669, -123.3687432622122202, -30.65722491380450876 ) ) ;
#4713 = CARTESIAN_POINT ( 'NONE',  ( 2.905055946069222461, -26.79031851789813601, -17.91282167273530135 ) ) ;
#4714 = CARTESIAN_POINT ( 'NONE',  ( -0.3665753460850681988, -50.00437565303803211, -26.12859226457254991 ) ) ;
#4715 = CARTESIAN_POINT ( 'NONE',  ( -49.43387007823579182, -88.68397147025517313, -29.47227050168964269 ) ) ;
#4716 = CARTESIAN_POINT ( 'NONE',  ( -0.6794532207976778926, -6.373824912456968583, -13.02081455245380504 ) ) ;
#4717 = CARTESIAN_POINT ( 'NONE',  ( -53.32080744503275582, -151.0927414875692989, -31.77287399912826515 ) ) ;
#4718 = CARTESIAN_POINT ( 'NONE',  ( -42.63787994945985815, -77.79682866128895569, -32.79407942243981466 ) ) ;
#4719 = CARTESIAN_POINT ( 'NONE',  ( -61.36469979289856269, -116.6250956523538491, -30.42606406589468193 ) ) ;
#4720 = CARTESIAN_POINT ( 'NONE',  ( -57.62267112846929251, -95.98032359341563335, -27.44776617351377013 ) ) ;
#4721 = CARTESIAN_POINT ( 'NONE',  ( -54.95031199051877735, -94.66948755425642048, -32.83684619599308974 ) ) ;
#4722 = CARTESIAN_POINT ( 'NONE',  ( -65.19450536002933916, -125.4453107127264673, -28.99941727773201094 ) ) ;
#4723 = CARTESIAN_POINT ( 'NONE',  ( -21.29208523803566067, -71.54331141201269872, -34.20390026395998007 ) ) ;
#4724 = AXIS2_PLACEMENT_3D ( 'NONE', #2639, #1429, #5481 ) ;
#4725 = CARTESIAN_POINT ( 'NONE',  ( -55.85882739679992426, -133.3812582311838923, -31.07633679666527371 ) ) ;
#4726 = CARTESIAN_POINT ( 'NONE',  ( 1.677336187781662824, -47.00436329726714746, -26.45739471013648370 ) ) ;
#4727 = CARTESIAN_POINT ( 'NONE',  ( -4.737171284037661856, -54.15672296257081086, -33.04767058399698954 ) ) ;
#4728 = CARTESIAN_POINT ( 'NONE',  ( -1.999738511294819832, -38.85481601692521281, -25.40976882452946839 ) ) ;
#4729 = AXIS2_PLACEMENT_3D ( 'NONE', #2553, #7091, #7018 ) ;
#4730 = CARTESIAN_POINT ( 'NONE',  ( -65.22134446858916590, -108.3108039205703079, -31.08762695424906042 ) ) ;
#4731 = CARTESIAN_POINT ( 'NONE',  ( -46.47748452864608737, -80.28535592773513940, -34.19938798687801551 ) ) ;
#4732 = CARTESIAN_POINT ( 'NONE',  ( -40.76771809791299717, -83.83843414749722456, -32.79531635309961501 ) ) ;
#4733 = CARTESIAN_POINT ( 'NONE',  ( -57.68805334869848167, -127.8006760235076484, -29.79758248468041515 ) ) ;
#4734 = CARTESIAN_POINT ( 'NONE',  ( -62.29271245355192832, -114.1906540033415496, -25.80733427687389181 ) ) ;
#4735 = CARTESIAN_POINT ( 'NONE',  ( -60.29781159580860361, -117.5424193613723531, -29.21487902724282293 ) ) ;
#4736 = CARTESIAN_POINT ( 'NONE',  ( -57.10625095331009504, -135.2689455625553023, -26.63080083040999924 ) ) ;
#4737 = CARTESIAN_POINT ( 'NONE',  ( -52.22539895913263308, -142.1463072385591317, -32.69781999465252653 ) ) ;
#4738 = CARTESIAN_POINT ( 'NONE',  ( -59.42014330632255792, -125.6906337036512440, -30.80596428452615854 ) ) ;
#4739 = CARTESIAN_POINT ( 'NONE',  ( -58.80110070729897132, -137.5820068363571238, -26.85197726213523595 ) ) ;
#4740 = CARTESIAN_POINT ( 'NONE',  ( -60.63323202151681102, -135.0453849347294408, -27.03206135393600107 ) ) ;
#4741 = CARTESIAN_POINT ( 'NONE',  ( -2.506594658783562135, 1.335365615950397267, -3.227841131585776679 ) ) ;
#4742 = CARTESIAN_POINT ( 'NONE',  ( -1.475240886735924351, -43.05431255343182784, -29.11655097384211288 ) ) ;
#4743 = CARTESIAN_POINT ( 'NONE',  ( -59.19059190088350420, -130.4215336228664341, -26.13022273431434428 ) ) ;
#4744 = CARTESIAN_POINT ( 'NONE',  ( -40.67184973344544829, -83.70961465758429654, -31.98797742734313942 ) ) ;
#4745 = CARTESIAN_POINT ( 'NONE',  ( -60.58027825778469833, -121.3218590754015622, -30.55355774998364637 ) ) ;
#4746 = CARTESIAN_POINT ( 'NONE',  ( -52.64340701173119186, -92.99156334924639111, -29.55752668659366122 ) ) ;
#4747 = CARTESIAN_POINT ( 'NONE',  ( -29.14560205328133691, -75.23803755142429850, -36.57880222009396931 ) ) ;
#4748 = CARTESIAN_POINT ( 'NONE',  ( -55.17387991623726151, -133.8945130648193924, -28.92828833913396380 ) ) ;
#4749 = CARTESIAN_POINT ( 'NONE',  ( -64.87302829498754875, -110.8300243026743459, -25.55143756800882571 ) ) ;
#4750 = CARTESIAN_POINT ( 'NONE',  ( -49.99299956845464976, -155.5209792350138969, -30.36220184518798604 ) ) ;
#4751 = CARTESIAN_POINT ( 'NONE',  ( -52.66316452517723690, -149.4210169796071739, -33.61252612274433460 ) ) ;
#4752 = CARTESIAN_POINT ( 'NONE',  ( -8.839261280807344079, -55.17786634710153493, -33.89669732612707520 ) ) ;
#4753 = CARTESIAN_POINT ( 'NONE',  ( -45.90075570417035777, -84.97262866203656984, -29.84815015280726058 ) ) ;
#4754 = CARTESIAN_POINT ( 'NONE',  ( -36.39402167706310109, -80.96609414571733510, -34.58706232580830431 ) ) ;
#4755 = CARTESIAN_POINT ( 'NONE',  ( -60.51839919083654706, -121.5964106181801156, -30.56568073879554248 ) ) ;
#4756 = CARTESIAN_POINT ( 'NONE',  ( -47.52846390892782580, -148.2693029794395443, -32.62567780674731921 ) ) ;
#4757 = CARTESIAN_POINT ( 'NONE',  ( -49.38490166549236449, -88.80807707520420990, -34.34661683493374795 ) ) ;
#4758 = CARTESIAN_POINT ( 'NONE',  ( -60.72600098622243792, -117.3118966871310960, -26.93191777165068501 ) ) ;
#4759 = CARTESIAN_POINT ( 'NONE',  ( 4.212696973589332927, -36.52039539255661538, -24.14360329702523700 ) ) ;
#4760 = CARTESIAN_POINT ( 'NONE',  ( -4.236365932962891101, -8.416564595079677247, -13.37477314122353178 ) ) ;
#4761 = CARTESIAN_POINT ( 'NONE',  ( -1.499295839812236020, -31.98579347520002258, -23.49567629517811085 ) ) ;
#4762 = CARTESIAN_POINT ( 'NONE',  ( -60.51839919083654706, -121.5964106181801156, -30.56568073879554248 ) ) ;
#4763 = CARTESIAN_POINT ( 'NONE',  ( -61.23873651404331753, -105.7519953667777344, -31.34042151100014451 ) ) ;
#4764 = CARTESIAN_POINT ( 'NONE',  ( -61.24193634177852630, -136.1911076338177793, -29.78256559286577598 ) ) ;
#4765 = CARTESIAN_POINT ( 'NONE',  ( -14.00682173150013199, -66.12015984385854495, -32.60869437199664844 ) ) ;
#4766 = CARTESIAN_POINT ( 'NONE',  ( -57.03493331979724701, -130.5644523130380321, -30.76813035997463786 ) ) ;
#4767 = CARTESIAN_POINT ( 'NONE',  ( 0.05801150495851125494, -2.438904157259134120, -8.514172757807266123 ) ) ;
#4768 = CARTESIAN_POINT ( 'NONE',  ( 0.8467434192618111810, -46.46256666079182907, -29.67997729578670629 ) ) ;
#4769 = CARTESIAN_POINT ( 'NONE',  ( -54.39446966365073877, -144.2301600178431613, -27.54631397471401755 ) ) ;
#4770 = CARTESIAN_POINT ( 'NONE',  ( -65.50265417996418194, -114.8118207842219078, -30.76712167257602459 ) ) ;
#4771 = CARTESIAN_POINT ( 'NONE',  ( -53.09564904657177209, -84.96991966978929156, -31.79292686565178627 ) ) ;
#4772 = CARTESIAN_POINT ( 'NONE',  ( -60.05535877119648802, -125.4885208010828279, -26.13829763930679562 ) ) ;
#4773 = CARTESIAN_POINT ( 'NONE',  ( -59.07833658554539369, -123.3740885739083808, -29.46323804061890783 ) ) ;
#4774 = CARTESIAN_POINT ( 'NONE',  ( -61.34447128801456017, -124.1156557785785282, -25.67439053056675036 ) ) ;
#4775 = CARTESIAN_POINT ( 'NONE',  ( -60.75479250443316914, -120.5064201041689529, -30.52032403715741538 ) ) ;
#4776 = CARTESIAN_POINT ( 'NONE',  ( -3.241405261779529479, -45.63800590441041294, -29.40603766763562277 ) ) ;
#4777 = CARTESIAN_POINT ( 'NONE',  ( -54.63566877821808276, -146.7564424352421213, -28.50711396187629987 ) ) ;
#4778 = CARTESIAN_POINT ( 'NONE',  ( 3.272957418680094488, -36.49456924733723895, -26.58181019184167582 ) ) ;
#4779 = CARTESIAN_POINT ( 'NONE',  ( -65.50837677375562862, -115.9236493339220715, -25.67062695629715563 ) ) ;
#4780 = CARTESIAN_POINT ( 'NONE',  ( -57.30516640943264406, -134.8377699288605243, -26.58139939739003310 ) ) ;
#4781 = CARTESIAN_POINT ( 'NONE',  ( -60.85232854307972872, -110.1356078833629653, -30.01086631169836494 ) ) ;
#4782 = CARTESIAN_POINT ( 'NONE',  ( -52.96043648371330903, -140.7772657846377058, -32.49217642104440529 ) ) ;
#4783 = CARTESIAN_POINT ( 'NONE',  ( -48.81751161007876760, -145.9722799831350528, -30.71118592974318773 ) ) ;
#4784 = CARTESIAN_POINT ( 'NONE',  ( -30.55177440933013600, -76.17366806316678662, -36.51047777442418862 ) ) ;
#4785 = CARTESIAN_POINT ( 'NONE',  ( -55.69733226499011636, -132.7157198115042149, -28.78862815435627098 ) ) ;
#4786 = CARTESIAN_POINT ( 'NONE',  ( -64.45719807796105272, -117.7279032890664610, -25.38763826609750396 ) ) ;
#4787 = CARTESIAN_POINT ( 'NONE',  ( -61.52204934350243093, -114.6828072374986078, -30.42135650220134480 ) ) ;
#4788 = CARTESIAN_POINT ( 'NONE',  ( -4.597060644041174093, -6.839463971508885187, -8.608621107317839360 ) ) ;
#4789 = CARTESIAN_POINT ( 'NONE',  ( -66.55446916332347485, -116.9616135504306129, -26.66276523227377382 ) ) ;
#4790 = CARTESIAN_POINT ( 'NONE',  ( -49.17965532905683546, -88.40943441044377948, -29.50243330071336700 ) ) ;
#4791 = CARTESIAN_POINT ( 'NONE',  ( -59.65778475304365713, -124.9046398576358143, -30.75158767709788066 ) ) ;
#4792 = CARTESIAN_POINT ( 'NONE',  ( 0.3459076189818661162, -7.961899437838841465, -6.747971223944694508 ) ) ;
#4793 = CARTESIAN_POINT ( 'NONE',  ( -0.05663240104757631677, -49.34180634728511450, -25.85442857158237828 ) ) ;
#4794 = CARTESIAN_POINT ( 'NONE',  ( -59.89603978346447377, -121.6078491633582388, -27.07782851808211078 ) ) ;
#4795 = CARTESIAN_POINT ( 'NONE',  ( -57.34815742347635847, -92.38703398374703113, -33.56128951478116562 ) ) ;
#4796 = CARTESIAN_POINT ( 'NONE',  ( -4.333727774818220801, -3.559377577310892882, -8.393909201977127310 ) ) ;
#4797 = CARTESIAN_POINT ( 'NONE',  ( -4.227532537256588618, -8.136826300918787780, -8.802425700976034051 ) ) ;
#4798 = CARTESIAN_POINT ( 'NONE',  ( -30.23148179077173126, -77.39336405777748951, -34.19329021806490232 ) ) ;
#4799 = CARTESIAN_POINT ( 'NONE',  ( -57.17229776061676461, -144.3949240196337200, -30.76598389734071404 ) ) ;
#4800 = CARTESIAN_POINT ( 'NONE',  ( -47.54414704089935384, -88.28576064941066193, -33.80504426171960830 ) ) ;
#4801 = CARTESIAN_POINT ( 'NONE',  ( -52.48055956474593842, -140.3560732788047289, -32.00318734825337685 ) ) ;
#4802 = CARTESIAN_POINT ( 'NONE',  ( -54.05286827089145163, -141.8657556507104402, -33.23627495696931788 ) ) ;
#4803 = CARTESIAN_POINT ( 'NONE',  ( -7.453032687681674595, -56.77573532563697967, -34.18876662845340064 ) ) ;
#4804 = CARTESIAN_POINT ( 'NONE',  ( -39.50666726971211062, -76.85434061089378588, -31.66606962911334122 ) ) ;
#4805 = CARTESIAN_POINT ( 'NONE',  ( -63.62347302030420337, -102.1657152777011532, -31.73895477257317310 ) ) ;
#4806 = CARTESIAN_POINT ( 'NONE',  ( -14.70238108962843171, -59.92399205927187467, -35.11673764797328090 ) ) ;
#4807 = CARTESIAN_POINT ( 'NONE',  ( -57.12425444934824270, -133.2089496879525257, -26.82203078883277314 ) ) ;
#4808 = CARTESIAN_POINT ( 'NONE',  ( -60.49496195833449974, -115.8586753996490017, -29.18794021473078715 ) ) ;
#4809 = CARTESIAN_POINT ( 'NONE',  ( -57.30516640943264406, -134.8377699288605243, -26.58139939739003310 ) ) ;
#4810 = CARTESIAN_POINT ( 'NONE',  ( -56.38661375273604648, -133.7137592306119132, -31.56174419456544200 ) ) ;
#4811 = CARTESIAN_POINT ( 'NONE',  ( -63.35103389178205191, -102.0043245721152374, -26.33870649022817645 ) ) ;
#4812 = CARTESIAN_POINT ( 'NONE',  ( -1.430506112059710011, -50.18509735533042004, -31.26635346751736222 ) ) ;
#4813 = CARTESIAN_POINT ( 'NONE',  ( -59.61299073855974484, -93.08934450246412950, -28.27480312252503580 ) ) ;
#4814 = CARTESIAN_POINT ( 'NONE',  ( -62.16248374739358695, -120.9210692603827795, -25.53480880355123617 ) ) ;
#4815 = CARTESIAN_POINT ( 'NONE',  ( -59.87509301769605941, -105.1060569524761235, -30.32772055710028170 ) ) ;
#4816 = CARTESIAN_POINT ( 'NONE',  ( -52.22539895913263308, -142.1463072385591317, -32.69781999465252653 ) ) ;
#4817 = CC_DESIGN_PERSON_AND_ORGANIZATION_ASSIGNMENT ( #963, #1552, ( #5787 ) ) ;
#4818 = CARTESIAN_POINT ( 'NONE',  ( -54.66966360869081143, -134.9927954604277147, -29.06408975145906481 ) ) ;
#4819 = CARTESIAN_POINT ( 'NONE',  ( -21.52610135534656877, -70.17875758517183726, -36.34834590938847754 ) ) ;
#4820 = CARTESIAN_POINT ( 'NONE',  ( -55.60260243434628080, -132.9323962136844841, -28.81359815250582201 ) ) ;
#4821 = CARTESIAN_POINT ( 'NONE',  ( -63.22965780517553469, -123.5990226784837773, -25.51944938219480363 ) ) ;
#4822 = CARTESIAN_POINT ( 'NONE',  ( -51.60142456852591408, -143.2825780900260781, -32.87432379008828320 ) ) ;
#4823 = CARTESIAN_POINT ( 'NONE',  ( -35.64422013565560121, -73.15275924611098901, -34.24648530700051197 ) ) ;
#4824 = CARTESIAN_POINT ( 'NONE',  ( -41.97751749876109528, -77.43855400741438189, -35.30324759478332908 ) ) ;
#4825 = CARTESIAN_POINT ( 'NONE',  ( -18.07356868977021236, -65.22354694586663015, -30.48235699609878679 ) ) ;
#4826 = CARTESIAN_POINT ( 'NONE',  ( -43.90646506711712505, -155.8101315653593417, -35.13802656427121462 ) ) ;
#4827 = CARTESIAN_POINT ( 'NONE',  ( -54.98901987410987147, -135.0841282938666268, -28.27353214636299228 ) ) ;
#4828 = CARTESIAN_POINT ( 'NONE',  ( 1.313429165591801784, -45.96562438698853725, -24.51570113147533547 ) ) ;
#4829 = CARTESIAN_POINT ( 'NONE',  ( -60.85258211940409723, -116.3355415624251776, -26.91796456171532270 ) ) ;
#4830 = CARTESIAN_POINT ( 'NONE',  ( -20.04204900240972620, -68.33161335739431763, -36.61770762665914702 ) ) ;
#4831 = CARTESIAN_POINT ( 'NONE',  ( -55.01191006201167966, -86.58174250944037453, -31.96145438305758546 ) ) ;
#4832 = CARTESIAN_POINT ( 'NONE',  ( -64.73731624033770515, -108.6774640653128188, -25.68014057416218066 ) ) ;
#4833 = CARTESIAN_POINT ( 'NONE',  ( -47.54414704089935384, -88.28576064941066193, -33.80504426171960830 ) ) ;
#4834 = CARTESIAN_POINT ( 'NONE',  ( -56.37366640420809460, -145.8463849514991466, -30.97099650490049427 ) ) ;
#4835 = CARTESIAN_POINT ( 'NONE',  ( 3.745021327045239712, -28.54591869598996112, -19.76406082224913163 ) ) ;
#4836 = CARTESIAN_POINT ( 'NONE',  ( 1.840359817573198997, -12.58399987775587014, -12.92814749388366380 ) ) ;
#4837 = CARTESIAN_POINT ( 'NONE',  ( -64.13017615493079404, -106.9805517324518149, -31.51638975215177041 ) ) ;
#4838 = CARTESIAN_POINT ( 'NONE',  ( -67.03898601455017570, -110.3953599387089639, -29.12042600492019417 ) ) ;
#4839 = CARTESIAN_POINT ( 'NONE',  ( -64.29737384930106714, -122.9330406937299074, -30.82324718236981553 ) ) ;
#4840 = CARTESIAN_POINT ( 'NONE',  ( -49.55943246882834075, -82.31853297512678580, -33.11614280223866302 ) ) ;
#4841 = CARTESIAN_POINT ( 'NONE',  ( -48.25046791877655039, -149.7056156978755155, -29.23463701627525424 ) ) ;
#4842 = CARTESIAN_POINT ( 'NONE',  ( -60.10743048476749095, -118.7839955625799320, -29.24757038119489394 ) ) ;
#4843 = CARTESIAN_POINT ( 'NONE',  ( -2.150307319380904136, -9.342604751280987330, -7.844794856045181675 ) ) ;
#4844 = COORDINATED_UNIVERSAL_TIME_OFFSET ( 8, 0, .AHEAD. ) ;
#4845 = CARTESIAN_POINT ( 'NONE',  ( -61.24004123258801258, -108.5280990838664366, -30.61244513427606506 ) ) ;
#4846 = CARTESIAN_POINT ( 'NONE',  ( -26.84654897367266813, -68.05156663254189198, -33.35837374037437542 ) ) ;
#4847 = CARTESIAN_POINT ( 'NONE',  ( -65.68886037065820460, -118.9334261169256450, -26.15708393634925244 ) ) ;
#4848 = CARTESIAN_POINT ( 'NONE',  ( -29.48477495336668852, -71.53654320504936948, -37.34494960314784606 ) ) ;
#4849 = CARTESIAN_POINT ( 'NONE',  ( -52.50060744012333913, -85.21467938917476204, -30.49088916791127346 ) ) ;
#4850 = CARTESIAN_POINT ( 'NONE',  ( -2.093633974383250163, -8.088143978903193698, -6.639933490223755896 ) ) ;
#4851 = CARTESIAN_POINT ( 'NONE',  ( -51.18332551395166519, -90.16842692794487846, -34.12637091080778617 ) ) ;
#4852 = CARTESIAN_POINT ( 'NONE',  ( -60.91816640524412918, -110.9729937118546843, -29.98040373155026828 ) ) ;
#4853 = CARTESIAN_POINT ( 'NONE',  ( -61.47462863212794559, -115.4152204650863780, -30.41917018672549133 ) ) ;
#4854 = APPROVAL_PERSON_ORGANIZATION ( #1313, #2190, #2236 ) ;
#4855 = CARTESIAN_POINT ( 'NONE',  ( 1.446737102815135900, -6.922168631694659346, -7.126202952265836110 ) ) ;
#4856 = CARTESIAN_POINT ( 'NONE',  ( -62.66185227800500002, -125.8692599994159167, -31.33806457534669931 ) ) ;
#4857 = CARTESIAN_POINT ( 'NONE',  ( -60.49471137039053303, -116.1878609549792998, -27.68242391531483548 ) ) ;
#4858 = CARTESIAN_POINT ( 'NONE',  ( -53.53561294147610283, -145.7445460358662501, -27.77426891207405291 ) ) ;
#4859 = CARTESIAN_POINT ( 'NONE',  ( -56.58147898817817634, -133.2662167053721589, -31.51049791751784568 ) ) ;
#4860 = CARTESIAN_POINT ( 'NONE',  ( -29.99129343356766597, -69.72026039763076710, -34.20188909785484555 ) ) ;
#4861 = CARTESIAN_POINT ( 'NONE',  ( -64.76947655553269101, -100.5767375634976020, -27.94168264078732733 ) ) ;
#4862 = CARTESIAN_POINT ( 'NONE',  ( -19.67851622572809234, -66.69073601010876473, -30.72947486127418060 ) ) ;
#4863 = CARTESIAN_POINT ( 'NONE',  ( -57.26911635817607049, -131.6266016665854011, -31.33145776320649034 ) ) ;
#4864 = CARTESIAN_POINT ( 'NONE',  ( -54.77994908600553003, -135.5275270298805310, -28.32947817066385099 ) ) ;
#4865 = CARTESIAN_POINT ( 'NONE',  ( -8.598978150687042188, -61.37406852499334775, -31.34638820158820849 ) ) ;
#4866 = CARTESIAN_POINT ( 'NONE',  ( -60.93455878322792785, -109.0713638296023049, -27.04567817089848347 ) ) ;
#4867 = CARTESIAN_POINT ( 'NONE',  ( -63.46286135440480791, -101.7590273581890443, -31.79518818124092050 ) ) ;
#4868 = CARTESIAN_POINT ( 'NONE',  ( -61.34458108747889327, -93.71984006347474860, -30.01245952428636343 ) ) ;
#4869 = CARTESIAN_POINT ( 'NONE',  ( -50.24427978176773024, -83.87233620292515468, -30.57715319920418651 ) ) ;
#4870 = CARTESIAN_POINT ( 'NONE',  ( -51.93975544381812881, -91.73628627191538953, -33.38498171543400872 ) ) ;
#4871 = CARTESIAN_POINT ( 'NONE',  ( -9.078243632417317244, -56.30036344770357459, -34.41889553471197161 ) ) ;
#4872 = CARTESIAN_POINT ( 'NONE',  ( -3.137735017808743976, -53.96896127659444176, -27.14327107335071432 ) ) ;
#4873 = CARTESIAN_POINT ( 'NONE',  ( 0.9442731947170085460, -42.19051017296411743, -22.39669194346428327 ) ) ;
#4874 = CARTESIAN_POINT ( 'NONE',  ( -46.24608690108075137, -85.09504522378124136, -35.43733479750774507 ) ) ;
#4875 = CARTESIAN_POINT ( 'NONE',  ( -42.20237297485055450, -79.54443315606251019, -36.51452505723924702 ) ) ;
#4876 = CARTESIAN_POINT ( 'NONE',  ( -59.30444082723108323, -94.66389748443711483, -33.04550438749476626 ) ) ;
#4877 = CARTESIAN_POINT ( 'NONE',  ( -61.10088450882476252, -135.4843186569444811, -27.52633080059693782 ) ) ;
#4878 = CARTESIAN_POINT ( 'NONE',  ( -49.52785606998135393, -147.6200315165246479, -28.86950986121978957 ) ) ;
#4879 = CARTESIAN_POINT ( 'NONE',  ( 2.687334531944355120, -31.16767360593866343, -19.22431574093230466 ) ) ;
#4880 = CARTESIAN_POINT ( 'NONE',  ( -49.85531288893545820, -148.6623061690033865, -28.57080747797120424 ) ) ;
#4881 = DATE_AND_TIME ( #2623, #593 ) ;
#4882 = CARTESIAN_POINT ( 'NONE',  ( 2.070000499457692378, -1.760091560924153198, -4.517312173939026287 ) ) ;
#4883 = CARTESIAN_POINT ( 'NONE',  ( -49.57153328518545976, -84.20604086413987943, -35.07012057029182728 ) ) ;
#4884 = CARTESIAN_POINT ( 'NONE',  ( -48.43880867139843360, -82.25587688906227868, -31.24829548835228721 ) ) ;
#4885 = CARTESIAN_POINT ( 'NONE',  ( 0.4911972170878889932, -20.32496796408890205, -21.79354698219905728 ) ) ;
#4886 = CARTESIAN_POINT ( 'NONE',  ( -44.90601973765267729, -79.11477980182991132, -33.19140661578484952 ) ) ;
#4887 = CARTESIAN_POINT ( 'NONE',  ( -60.35131425623765011, -119.4193454016794504, -29.99295163692476862 ) ) ;
#4888 = CARTESIAN_POINT ( 'NONE',  ( 2.899737436731891549, -1.696456640980668062, 0.000000000000000000 ) ) ;
#4889 = CARTESIAN_POINT ( 'NONE',  ( -53.96167099444668480, -90.35194566685993323, -34.31384212426416980 ) ) ;
#4890 = CARTESIAN_POINT ( 'NONE',  ( -3.290055135517664819, -49.58935858106862327, -24.91466957105353330 ) ) ;
#4891 = CARTESIAN_POINT ( 'NONE',  ( -2.180278895093836766, -24.61150642670176580, -18.75129936780742312 ) ) ;
#4892 = CARTESIAN_POINT ( 'NONE',  ( -53.97425411274698348, -138.8241614272089350, -32.21142476997580673 ) ) ;
#4893 = CARTESIAN_POINT ( 'NONE',  ( -64.28872800880314742, -102.3572535964100751, -26.61576984893391895 ) ) ;
#4894 = CARTESIAN_POINT ( 'NONE',  ( -43.00967690425276402, -78.09019305928224242, -35.10860292268486660 ) ) ;
#4895 = CARTESIAN_POINT ( 'NONE',  ( -49.95900370995446593, -89.24068620470244184, -29.40457920953846482 ) ) ;
#4896 = CARTESIAN_POINT ( 'NONE',  ( -3.250000000000000444, 4.158455393585458477E-16, 0.000000000000000000 ) ) ;
#4897 = CARTESIAN_POINT ( 'NONE',  ( -27.04762895210917861, -75.26665255524052611, -33.61027187560634388 ) ) ;
#4898 = CARTESIAN_POINT ( 'NONE',  ( -41.82096040755283184, -157.4249141178517277, -32.07835699182444955 ) ) ;
#4899 = CARTESIAN_POINT ( 'NONE',  ( -62.78604816984102399, -109.3270758818493391, -31.37849718053968573 ) ) ;
#4900 = CARTESIAN_POINT ( 'NONE',  ( -55.29388421743238524, -134.4253746189351375, -28.19240332046601338 ) ) ;
#4901 = CARTESIAN_POINT ( 'NONE',  ( -50.00165771561864858, -86.23512280722945889, -35.18144710231186423 ) ) ;
#4902 = CARTESIAN_POINT ( 'NONE',  ( -49.17532631489370942, -82.26977009572067345, -33.92960250465959149 ) ) ;
#4903 = CARTESIAN_POINT ( 'NONE',  ( -64.50593278287374233, -106.8373403606965866, -25.82239893580308987 ) ) ;
#4904 = CARTESIAN_POINT ( 'NONE',  ( -62.13735430586816477, -111.5889197144317251, -30.98863456801671390 ) ) ;
#4905 = CARTESIAN_POINT ( 'NONE',  ( -0.9091212609805393585, -21.30641896124669543, -22.04466579678458871 ) ) ;
#4906 = CARTESIAN_POINT ( 'NONE',  ( -61.04443246204352391, -122.0320950375565587, -31.06628469762582156 ) ) ;
#4907 = CARTESIAN_POINT ( 'NONE',  ( -6.360102632909238274, -57.60891325808221808, -28.29077138102315558 ) ) ;
#4908 = CARTESIAN_POINT ( 'NONE',  ( -62.11995692202636121, -100.8273781309750490, -32.23133216678395740 ) ) ;
#4909 = CARTESIAN_POINT ( 'NONE',  ( -59.24622043081539857, -91.59006511125853933, -32.02534046605438078 ) ) ;
#4910 = CARTESIAN_POINT ( 'NONE',  ( -56.26587046642843148, -143.0344997412891246, -32.64621904744397085 ) ) ;
#4911 = CARTESIAN_POINT ( 'NONE',  ( -65.63849462411745606, -103.2472179667235537, -27.57298182404655051 ) ) ;
#4912 = CARTESIAN_POINT ( 'NONE',  ( -47.52846390892782580, -148.2693029794395443, -32.62567780674731921 ) ) ;
#4913 = CARTESIAN_POINT ( 'NONE',  ( -1.443775003527909773, -35.39232028223053561, -22.58444238018395467 ) ) ;
#4914 = CARTESIAN_POINT ( 'NONE',  ( -46.89858257642931960, -151.2357227523066570, -34.24057133013825904 ) ) ;
#4915 = CARTESIAN_POINT ( 'NONE',  ( -25.86126868540979729, -70.16241057034999073, -37.38768840250777714 ) ) ;
#4916 = CARTESIAN_POINT ( 'NONE',  ( -38.53469595743339227, -75.15308967267263540, -33.24877148886419320 ) ) ;
#4917 = CARTESIAN_POINT ( 'NONE',  ( -2.844574374972049124, -52.11088407329697958, -26.04796263852825788 ) ) ;
#4918 = CARTESIAN_POINT ( 'NONE',  ( -0.8252160855716940135, -2.990908567882701430, -9.699808961867098844 ) ) ;
#4919 = CARTESIAN_POINT ( 'NONE',  ( -65.55796959326301021, -115.3901952461707197, -25.67947943916495035 ) ) ;
#4920 = CARTESIAN_POINT ( 'NONE',  ( -67.12935689017248819, -111.1374654864323901, -27.59169434306998525 ) ) ;
#4921 = CARTESIAN_POINT ( 'NONE',  ( -60.92105678127444435, -114.7490690901483248, -29.91642876353819958 ) ) ;
#4922 = CARTESIAN_POINT ( 'NONE',  ( -55.27207524101260816, -133.6767882015057580, -28.90196505194880672 ) ) ;
#4923 = CARTESIAN_POINT ( 'NONE',  ( -55.58424757635958713, -91.86112500017875959, -33.94488244018473466 ) ) ;
#4924 = CARTESIAN_POINT ( 'NONE',  ( -50.34787290909743973, -143.3271417481352898, -30.26830736781160169 ) ) ;
#4925 = CARTESIAN_POINT ( 'NONE',  ( -53.31503834543060805, -146.1270878943062428, -27.83331045315459562 ) ) ;
#4926 = CARTESIAN_POINT ( 'NONE',  ( 1.783006661520098568, -4.336494686079864991, -6.565451733904820841 ) ) ;
#4927 = CARTESIAN_POINT ( 'NONE',  ( -50.41513327608628714, -83.36745671504446875, -31.30273317725022864 ) ) ;
#4928 = CARTESIAN_POINT ( 'NONE',  ( -61.81955812272474304, -94.74687135110349345, -29.02780962196980141 ) ) ;
#4929 = CARTESIAN_POINT ( 'NONE',  ( -61.51118510683238583, -111.0497277609553350, -30.49511842862332500 ) ) ;
#4930 = CARTESIAN_POINT ( 'NONE',  ( -4.495978952404413143, -4.195671456555993828, -6.750107368245633843 ) ) ;
#4931 = PRODUCT ( 'FN-HAR-033_W6-soil-strain-relieved_R0.7', 'FN-HAR-033_W6-soil-strain-relieved_R0.7', '', ( #7054 ) ) ;
#4932 = CARTESIAN_POINT ( 'NONE',  ( 2.029221132464447575, -18.06194371617817040, -14.94979287511281463 ) ) ;
#4933 = CARTESIAN_POINT ( 'NONE',  ( 1.000201634169694209, -4.313388156397069295, -2.430277089524631062 ) ) ;
#4934 = CARTESIAN_POINT ( 'NONE',  ( -62.96970706338397861, -114.6876372028067408, -31.19207480878471728 ) ) ;
#4935 = CARTESIAN_POINT ( 'NONE',  ( -51.16195745524299099, -142.5259922271908977, -29.32577119870128257 ) ) ;
#4936 = CARTESIAN_POINT ( 'NONE',  ( -65.28617638883814323, -108.7829418908362697, -31.05230238112725161 ) ) ;
#4937 = CARTESIAN_POINT ( 'NONE',  ( -67.09462761813084342, -110.3703076142776354, -27.63914225328653274 ) ) ;
#4938 = CARTESIAN_POINT ( 'NONE',  ( -62.16961215343098957, -112.9616773275816968, -30.94979570555199189 ) ) ;
#4939 = CARTESIAN_POINT ( 'NONE',  ( -0.6465889161158357989, -24.19610261030308607, -23.14173798285215966 ) ) ;
#4940 = CARTESIAN_POINT ( 'NONE',  ( -61.13383663407905289, -105.3793106440106158, -31.37350242122641220 ) ) ;
#4941 = CARTESIAN_POINT ( 'NONE',  ( 1.843058965249200654, -38.00164903841910302, -21.12372795113173751 ) ) ;
#4942 = CARTESIAN_POINT ( 'NONE',  ( -38.59651342138575814, -81.13068138131444584, -35.91455662960569839 ) ) ;
#4943 = CARTESIAN_POINT ( 'NONE',  ( -51.93101880028714845, -84.92208942107819780, -34.08979619401111449 ) ) ;
#4944 = CARTESIAN_POINT ( 'NONE',  ( -56.80780206448174852, -142.0087155175720284, -32.50502538162106703 ) ) ;
#4945 = CARTESIAN_POINT ( 'NONE',  ( -66.82712579362957683, -113.1387472408529362, -26.76192915521517079 ) ) ;
#4946 = CARTESIAN_POINT ( 'NONE',  ( -7.086411142181143319, -57.61083190602726489, -27.83942465227148588 ) ) ;
#4947 = CARTESIAN_POINT ( 'NONE',  ( -2.134713645086742773, -8.836541381479879220, -7.374871170393338282 ) ) ;
#4948 = CARTESIAN_POINT ( 'NONE',  ( -43.90646506711712505, -155.8101315653593417, -35.13802656427121462 ) ) ;
#4949 = CARTESIAN_POINT ( 'NONE',  ( -66.46490075596410918, -108.3358550673390681, -30.01340068178223675 ) ) ;
#4950 = CARTESIAN_POINT ( 'NONE',  ( -51.11684093945387275, -84.69493371137976112, -30.24838508395648873 ) ) ;
#4951 = CARTESIAN_POINT ( 'NONE',  ( -0.7323226330275242058, -47.57443786557775667, -24.32430771499887001 ) ) ;
#4952 = CARTESIAN_POINT ( 'NONE',  ( -57.64921743218627626, -138.5201178079113333, -32.49890787975008521 ) ) ;
#4953 = CARTESIAN_POINT ( 'NONE',  ( -59.97129198966968744, -135.0503665295616997, -26.57981487941199816 ) ) ;
#4954 = CARTESIAN_POINT ( 'NONE',  ( -66.80015600144754728, -117.6886687314681978, -27.37757691867582821 ) ) ;
#4955 = CARTESIAN_POINT ( 'NONE',  ( -61.87812736735415342, -104.9737700928560429, -31.71904028896019412 ) ) ;
#4956 = CARTESIAN_POINT ( 'NONE',  ( -58.72417878442016814, -125.8670997017758708, -30.34932901374677527 ) ) ;
#4957 = CARTESIAN_POINT ( 'NONE',  ( 1.344824426680315321, -34.56936737320637576, -19.90913765485996123 ) ) ;
#4958 = CARTESIAN_POINT ( 'NONE',  ( -57.12047826314974230, -93.46147070217529063, -33.57747920157051880 ) ) ;
#4959 = CARTESIAN_POINT ( 'NONE',  ( 1.816999988339541794, -4.275479290705543889, -4.121014693931017270 ) ) ;
#4960 = CARTESIAN_POINT ( 'NONE',  ( -53.24112127940399830, -146.2548660938544458, -27.85312857253085639 ) ) ;
#4961 = PLANE ( 'NONE',  #5431 ) ;
#4962 = CARTESIAN_POINT ( 'NONE',  ( -19.44433237872467402, -62.71659446659047177, -34.14680455713300233 ) ) ;
#4963 = CARTESIAN_POINT ( 'NONE',  ( -66.74386404666019246, -113.7283726204773586, -29.69924162660201361 ) ) ;
#4964 = CARTESIAN_POINT ( 'NONE',  ( -55.90011571539122315, -145.7772187254391838, -28.78399753422002760 ) ) ;
#4965 = CARTESIAN_POINT ( 'NONE',  ( -61.07979588550983863, -111.1561197558071257, -26.96445025032002718 ) ) ;
#4966 = CARTESIAN_POINT ( 'NONE',  ( -4.656134356667708474, -6.580111935659163969, -9.452939493853451225 ) ) ;
#4967 = CARTESIAN_POINT ( 'NONE',  ( 1.840359817573198997, -12.58399987775587014, -12.92814749388366380 ) ) ;
#4968 = CARTESIAN_POINT ( 'NONE',  ( -0.2473284530287207239, -20.37453161660468126, -14.63648425779683748 ) ) ;
#4969 = CARTESIAN_POINT ( 'NONE',  ( -62.83763381194164310, -109.7690109593426229, -31.35370817778432340 ) ) ;
#4970 = CARTESIAN_POINT ( 'NONE',  ( 0.3090390126048895292, -8.932986901084673192, -7.650165279185841882 ) ) ;
#4971 = CARTESIAN_POINT ( 'NONE',  ( -62.12433835879991051, -130.1132394363075946, -31.22923851843556164 ) ) ;
#4972 = CARTESIAN_POINT ( 'NONE',  ( -44.54324150146458550, -79.50433150132573701, -35.36133787267942807 ) ) ;
#4973 = CARTESIAN_POINT ( 'NONE',  ( -59.32211468616858241, -127.9590852846602616, -31.44508155206719735 ) ) ;
#4974 = CARTESIAN_POINT ( 'NONE',  ( -5.821807436911109690, -53.23986249371537838, -33.28213483269617257 ) ) ;
#4975 = CARTESIAN_POINT ( 'NONE',  ( -62.16680712062273528, -113.4295028712819828, -30.94008098964324915 ) ) ;
#4976 = CARTESIAN_POINT ( 'NONE',  ( 1.680610951715433732, -5.753401383504606947, -8.091664324059072655 ) ) ;
#4977 = CARTESIAN_POINT ( 'NONE',  ( -62.61988741156669391, -101.9882238991697676, -32.06964671900647801 ) ) ;
#4978 = CARTESIAN_POINT ( 'NONE',  ( -61.20200893069578285, -94.07044331279293203, -31.42474293991089240 ) ) ;
#4979 = CARTESIAN_POINT ( 'NONE',  ( -55.84868942048919394, -143.8107134927099082, -32.75580941101214449 ) ) ;
#4980 = CARTESIAN_POINT ( 'NONE',  ( -2.134713645086742773, -8.836541381479879220, -7.374871170393338282 ) ) ;
#4981 = CARTESIAN_POINT ( 'NONE',  ( -64.04438897591168711, -127.9219058862167628, -26.92582832147778049 ) ) ;
#4982 = CARTESIAN_POINT ( 'NONE',  ( -49.97685690594910568, -144.1179203260618920, -31.90790497683387272 ) ) ;
#4983 = CARTESIAN_POINT ( 'NONE',  ( -6.927911523245485981, -50.64422495144972203, -28.44895899331485367 ) ) ;
#4984 = CARTESIAN_POINT ( 'NONE',  ( -51.63544030520042583, -85.48005346187916587, -34.57774968868382359 ) ) ;
#4985 = CARTESIAN_POINT ( 'NONE',  ( -62.90180575088525927, -124.7732028699031588, -25.57320948036020170 ) ) ;
#4986 = CARTESIAN_POINT ( 'NONE',  ( -24.21476931849527503, -73.43101111379931467, -33.62755457741073428 ) ) ;
#4987 = CARTESIAN_POINT ( 'NONE',  ( -60.89435703514413945, -131.0426572535963032, -31.71360638934567078 ) ) ;
#4988 = CARTESIAN_POINT ( 'NONE',  ( -59.61120887760930032, -135.8482864817429174, -26.66246650122115369 ) ) ;
#4989 = CARTESIAN_POINT ( 'NONE',  ( -65.44855060783400802, -124.4387130824042913, -27.47499782835691562 ) ) ;
#4990 = CARTESIAN_POINT ( 'NONE',  ( -57.28474560043227370, -129.9303446624132050, -30.70451458612200568 ) ) ;
#4991 = CARTESIAN_POINT ( 'NONE',  ( 2.076236670669860285, -26.06073975479901605, -17.12008669246657178 ) ) ;
#4992 = CARTESIAN_POINT ( 'NONE',  ( -64.54122461817397038, -109.7183082630082964, -31.31485919356722647 ) ) ;
#4993 = CARTESIAN_POINT ( 'NONE',  ( -4.552132947627731241, -52.08179168219702859, -25.76572471847129364 ) ) ;
#4994 = CARTESIAN_POINT ( 'NONE',  ( -49.72823135796351579, -152.0459105345067599, -28.81354109084732329 ) ) ;
#4995 = CARTESIAN_POINT ( 'NONE',  ( -45.00000000000002132, -157.9999999999999147, -32.99999999999995026 ) ) ;
#4996 = CARTESIAN_POINT ( 'NONE',  ( -59.61120887760930032, -135.8482864817429174, -26.66246650122115369 ) ) ;
#4997 = CARTESIAN_POINT ( 'NONE',  ( -66.69916050771705329, -110.8444680647025820, -29.83762862205400523 ) ) ;
#4998 = CARTESIAN_POINT ( 'NONE',  ( -56.47499038153580386, -144.7466361122876606, -28.63638960846376591 ) ) ;
#4999 = CARTESIAN_POINT ( 'NONE',  ( -61.08729815491599879, -113.1147904004526907, -26.92173614275972682 ) ) ;
#5000 = CARTESIAN_POINT ( 'NONE',  ( -53.09006565028695945, -85.36334699851458652, -31.03673662678953349 ) ) ;
#5001 = CARTESIAN_POINT ( 'NONE',  ( -14.51147713247425841, -66.20827512907203527, -31.94863252699460432 ) ) ;
#5002 = CARTESIAN_POINT ( 'NONE',  ( -61.21670482301274063, -103.0533989076913315, -31.92840287028318613 ) ) ;
#5003 = CARTESIAN_POINT ( 'NONE',  ( -49.67285805049561986, -145.1346433881242035, -29.74939925662743079 ) ) ;
#5004 = CARTESIAN_POINT ( 'NONE',  ( -64.60756216962292342, -121.5399509165351617, -30.78139455985528983 ) ) ;
#5005 = CARTESIAN_POINT ( 'NONE',  ( -63.31361373108468626, -131.0583860570434638, -27.83918876893643812 ) ) ;
#5006 = CARTESIAN_POINT ( 'NONE',  ( -57.58532531281689870, -132.4814607689428101, -31.87254635783710910 ) ) ;
#5007 = CARTESIAN_POINT ( 'NONE',  ( -22.49745219945529229, -65.66636818817684684, -36.23475842551123804 ) ) ;
#5008 = CARTESIAN_POINT ( 'NONE',  ( -62.14683119285402313, -114.1430896772709076, -30.92943528975870393 ) ) ;
#5009 = CARTESIAN_POINT ( 'NONE',  ( 0.07998852174786050262, -28.72813809370450500, -18.16806074469796783 ) ) ;
#5010 = CARTESIAN_POINT ( 'NONE',  ( -59.52924778814832507, -102.5329333356496164, -31.12752779567820482 ) ) ;
#5011 = CARTESIAN_POINT ( 'NONE',  ( -60.72123936942850264, -131.4903143315686123, -31.75305963326712089 ) ) ;
#5012 = CARTESIAN_POINT ( 'NONE',  ( -56.52119003738322789, -145.5810371985591587, -30.93306066500633378 ) ) ;
#5013 = CARTESIAN_POINT ( 'NONE',  ( -49.18050211767594959, -155.0554883217281485, -34.58652529586286306 ) ) ;
#5014 = CARTESIAN_POINT ( 'NONE',  ( -26.03913174234613237, -69.64537441496540282, -31.53616665371932726 ) ) ;
#5015 = CARTESIAN_POINT ( 'NONE',  ( -66.27892759496357655, -118.9447327057992112, -26.65190630223096235 ) ) ;
#5016 = CARTESIAN_POINT ( 'NONE',  ( -19.32721979528019673, -69.84827651604611276, -32.33023371290029502 ) ) ;
#5017 = CARTESIAN_POINT ( 'NONE',  ( -62.54034190899164258, -118.8300363800407524, -31.20655460918838031 ) ) ;
#5018 = CARTESIAN_POINT ( 'NONE',  ( -58.66845193094697919, -91.72328860350974367, -32.72136450579667866 ) ) ;
#5019 = CARTESIAN_POINT ( 'NONE',  ( -60.49791355572213547, -131.6764172196849927, -26.04954783729673906 ) ) ;
#5020 = CARTESIAN_POINT ( 'NONE',  ( -1.870862623765544575, -50.18200330140125942, -25.30383643374492664 ) ) ;
#5021 = CARTESIAN_POINT ( 'NONE',  ( -0.3821988639730132253, 0.4518178696233217662, -5.204978267458406194 ) ) ;
#5022 = CARTESIAN_POINT ( 'NONE',  ( -46.96718721366083571, -157.8346660574397617, -30.00249963805234188 ) ) ;
#5023 = CARTESIAN_POINT ( 'NONE',  ( -65.54477883700049290, -124.0718711844855733, -27.46230580125378751 ) ) ;
#5024 = CARTESIAN_POINT ( 'NONE',  ( -55.66272826230351001, -133.8256222033355129, -31.12881030694394013 ) ) ;
#5025 = CARTESIAN_POINT ( 'NONE',  ( -6.755525466971628923, -55.70932988064082991, -27.03415383954898488 ) ) ;
#5026 = CARTESIAN_POINT ( 'NONE',  ( -50.46960567962656796, -87.40242938582819932, -29.06317874414394709 ) ) ;
#5027 = CARTESIAN_POINT ( 'NONE',  ( 2.230793815752909914, -30.25314889284161879, -18.64344803458076782 ) ) ;
#5028 = CARTESIAN_POINT ( 'NONE',  ( -8.536075012505399684, -52.59343974699200430, -29.91350604561738180 ) ) ;
#5029 = CARTESIAN_POINT ( 'NONE',  ( 1.710121537982443041, -8.892748279483868146, -10.82075362368664706 ) ) ;
#5030 = CARTESIAN_POINT ( 'NONE',  ( -65.70439457631226787, -112.0286483391907950, -25.78718739105902813 ) ) ;
#5031 = CARTESIAN_POINT ( 'NONE',  ( -55.96479726813362987, -88.94093401803031895, -33.47323022169545936 ) ) ;
#5032 = CARTESIAN_POINT ( 'NONE',  ( -60.89366551898800139, -135.9492609972598700, -27.57223019674036024 ) ) ;
#5033 = CARTESIAN_POINT ( 'NONE',  ( -47.17470871477806327, -82.73729959715718962, -30.30709214713792576 ) ) ;
#5034 = CARTESIAN_POINT ( 'NONE',  ( -35.30694894488610913, -73.08132535034731347, -35.04496708919230485 ) ) ;
#5035 = CARTESIAN_POINT ( 'NONE',  ( 2.473159642379872292, -1.391005390729690649, -2.607431430558054153 ) ) ;
#5036 = CARTESIAN_POINT ( 'NONE',  ( -37.00108533174451253, -79.09650890578558347, -30.70792399682160578 ) ) ;
#5037 = CARTESIAN_POINT ( 'NONE',  ( -56.80324202027649250, -95.64078769863030516, -33.03714169539980361 ) ) ;
#5038 = CARTESIAN_POINT ( 'NONE',  ( 0.1513451893486593147, -15.24685244709705856, -12.09162893417927975 ) ) ;
#5039 = CARTESIAN_POINT ( 'NONE',  ( -59.25540769231037075, -137.0468218148977257, -31.88836409628968127 ) ) ;
#5040 = CARTESIAN_POINT ( 'NONE',  ( -65.70346694379408348, -123.4461982783707015, -27.44184627577111257 ) ) ;
#5041 = CARTESIAN_POINT ( 'NONE',  ( -61.25206449988910151, -121.1014817025640014, -31.02692890464086517 ) ) ;
#5042 = CARTESIAN_POINT ( 'NONE',  ( -58.38905451367516264, -89.97947454379630017, -30.94300044714900011 ) ) ;
#5043 = CARTESIAN_POINT ( 'NONE',  ( -61.42125385325093845, -120.2771608412069213, -30.99699945261164657 ) ) ;
#5044 = CARTESIAN_POINT ( 'NONE',  ( -52.97377901959053048, -141.6300122327642441, -27.90941556952065028 ) ) ;
#5045 = CARTESIAN_POINT ( 'NONE',  ( -60.44338419760055814, -105.0512187869259577, -30.87055417336440755 ) ) ;
#5046 = CARTESIAN_POINT ( 'NONE',  ( -64.68999520454556773, -114.1438394592993291, -31.12581857252595086 ) ) ;
#5047 = CARTESIAN_POINT ( 'NONE',  ( -65.47697764446276381, -124.4008463241620319, -28.95926956457692825 ) ) ;
#5048 = CARTESIAN_POINT ( 'NONE',  ( -55.13327797119558227, -145.1185761276457242, -32.94487293416984386 ) ) ;
#5049 = CARTESIAN_POINT ( 'NONE',  ( -41.01637271526531237, -78.74993218579304255, -30.87743232542954885 ) ) ;
#5050 = CARTESIAN_POINT ( 'NONE',  ( -44.77618192749213932, -80.90898106902221798, -35.98524295461801614 ) ) ;
#5051 = CARTESIAN_POINT ( 'NONE',  ( -60.91816640524412918, -110.9729937118546843, -29.98040373155026828 ) ) ;
#5052 = CARTESIAN_POINT ( 'NONE',  ( -59.59805606584682636, -129.6983177778296579, -31.80286656380997101 ) ) ;
#5053 = CARTESIAN_POINT ( 'NONE',  ( -56.33064083056007121, -145.2893702495900072, -31.69599412076810907 ) ) ;
#5054 = CARTESIAN_POINT ( 'NONE',  ( -64.80069472433537214, -114.5755435885634057, -25.41580938278877966 ) ) ;
#5055 = CARTESIAN_POINT ( 'NONE',  ( -47.72256700706525834, -157.8265736641333774, -30.39406854745024944 ) ) ;
#5056 = CARTESIAN_POINT ( 'NONE',  ( -60.72123936942850264, -131.4903143315686123, -31.75305963326712089 ) ) ;
#5057 = CARTESIAN_POINT ( 'NONE',  ( -3.982428977207934206, -5.078650727767323403, -5.408192804569554646 ) ) ;
#5058 = CARTESIAN_POINT ( 'NONE',  ( -62.08663616243619288, -134.1201788601620422, -28.09518139382936042 ) ) ;
#5059 = CARTESIAN_POINT ( 'NONE',  ( -56.51145855602259616, -131.8500712134743935, -30.90320975716648277 ) ) ;
#5060 = CARTESIAN_POINT ( 'NONE',  ( 0.9353767203147737019, -35.95351686212872977, -20.29412760517810099 ) ) ;
#5061 = CARTESIAN_POINT ( 'NONE',  ( -61.82948746478833613, -106.2827606579377857, -26.15924333341877883 ) ) ;
#5062 = CARTESIAN_POINT ( 'NONE',  ( -60.51552431392991593, -109.9459472429131779, -29.27479049695225299 ) ) ;
#5063 = CARTESIAN_POINT ( 'NONE',  ( -62.75933873349122649, -106.5317409354918112, -25.83792305760159991 ) ) ;
#5064 = CARTESIAN_POINT ( 'NONE',  ( 1.842968450485628518, -3.885283285774757012, -6.033970271004760022 ) ) ;
#5065 = CARTESIAN_POINT ( 'NONE',  ( -63.57930493248267823, -125.4166372393934807, -25.84463377086897395 ) ) ;
#5066 = CARTESIAN_POINT ( 'NONE',  ( -53.39779170897836735, -85.63574231037162576, -30.93233876407740368 ) ) ;
#5067 = CARTESIAN_POINT ( 'NONE',  ( -40.38380733331459993, -79.46965245838187286, -36.83292804535822285 ) ) ;
#5068 = CARTESIAN_POINT ( 'NONE',  ( -48.47794680046968097, -157.8184812708270499, -30.78563745684815345 ) ) ;
#5069 = CARTESIAN_POINT ( 'NONE',  ( -50.28941375939416503, -85.88669935571358849, -29.39854957782378264 ) ) ;
#5070 = CARTESIAN_POINT ( 'NONE',  ( -0.6519708542540904039, -42.86770860727735055, -29.25735590578663903 ) ) ;
#5071 = CARTESIAN_POINT ( 'NONE',  ( -43.44969263187661568, -85.65753068754477795, -32.90059550148065881 ) ) ;
#5072 = CARTESIAN_POINT ( 'NONE',  ( -4.782538524349713605, -49.44243545084385971, -25.70256436561185254 ) ) ;
#5073 = CARTESIAN_POINT ( 'NONE',  ( -59.35234725607202932, -130.3494760729085726, -31.86123320238666423 ) ) ;
#5074 = CARTESIAN_POINT ( 'NONE',  ( -57.82694909465462985, -100.1277393435650396, -28.55430415416174128 ) ) ;
#5075 = CARTESIAN_POINT ( 'NONE',  ( -56.26587046642843148, -143.0344997412891246, -32.64621904744397085 ) ) ;
#5076 = CARTESIAN_POINT ( 'NONE',  ( -66.21854793792262228, -121.1818091309574612, -27.38847116624596367 ) ) ;
#5077 = CARTESIAN_POINT ( 'NONE',  ( -0.4741516924378285092, -8.637248814757022330, -7.038785114618374195 ) ) ;
#5078 = CARTESIAN_POINT ( 'NONE',  ( -53.95696425438097776, -140.2151668649206613, -32.83757523219709640 ) ) ;
#5079 = CARTESIAN_POINT ( 'NONE',  ( -47.77718807868888717, -81.41405011764591393, -34.40481128681183520 ) ) ;
#5080 = CARTESIAN_POINT ( 'NONE',  ( 1.245046435594020284, -4.449252341437818892, -9.007988032447066473 ) ) ;
#5081 = CARTESIAN_POINT ( 'NONE',  ( -3.010454762170575282, -44.02112656796614942, -24.69404659133244095 ) ) ;
#5082 = CARTESIAN_POINT ( 'NONE',  ( -39.42733400967401991, -82.96227803364175202, -32.78646762902150158 ) ) ;
#5083 = CARTESIAN_POINT ( 'NONE',  ( -57.64921743218627626, -138.5201178079113333, -32.49890787975008521 ) ) ;
#5084 = CARTESIAN_POINT ( 'NONE',  ( -60.13555457905026458, -138.5989633332371227, -30.03681728297748776 ) ) ;
#5085 = CARTESIAN_POINT ( 'NONE',  ( -0.02683809837293138489, -49.12931381619632276, -30.05727899586406693 ) ) ;
#5086 = CARTESIAN_POINT ( 'NONE',  ( -1.443775003527909773, -35.39232028223053561, -22.58444238018395467 ) ) ;
#5087 = CARTESIAN_POINT ( 'NONE',  ( -0.7618428830744539137, -49.47182677066226120, -25.29385173001085363 ) ) ;
#5088 = CARTESIAN_POINT ( 'NONE',  ( -67.08695518384742229, -114.1001520960553535, -28.93638930159392686 ) ) ;
#5089 = CARTESIAN_POINT ( 'NONE',  ( -37.74162779817953606, -81.73595028692540154, -32.03511622278279702 ) ) ;
#5090 = CARTESIAN_POINT ( 'NONE',  ( -62.92034142645167094, -110.6542692208315515, -31.30956785558124977 ) ) ;
#5091 = CARTESIAN_POINT ( 'NONE',  ( -64.63271099481632120, -126.2219423023947797, -29.80282027714797266 ) ) ;
#5092 = CARTESIAN_POINT ( 'NONE',  ( -64.87302829498754875, -110.8300243026743459, -25.55143756800882571 ) ) ;
#5093 = CARTESIAN_POINT ( 'NONE',  ( -43.44969263187661568, -85.65753068754477795, -32.90059550148065881 ) ) ;
#5094 = CARTESIAN_POINT ( 'NONE',  ( 0.8351310862724811157, -48.82879351184837446, -28.19380951868622276 ) ) ;
#5095 = CARTESIAN_POINT ( 'NONE',  ( -53.44507386145437522, -147.5809432897399915, -28.21355615647832238 ) ) ;
#5096 = CARTESIAN_POINT ( 'NONE',  ( -3.797248541208572359, -12.83091344662250677, -16.14072828083476097 ) ) ;
#5097 = CARTESIAN_POINT ( 'NONE',  ( 1.840359817573198997, -12.58399987775587014, -12.92814749388366380 ) ) ;
#5098 = CARTESIAN_POINT ( 'NONE',  ( -40.54822801991112158, -83.11449198789844672, -31.24708208712998569 ) ) ;
#5099 = CARTESIAN_POINT ( 'NONE',  ( -24.27939797227505636, -68.38047127255073576, -31.50108720198265644 ) ) ;
#5100 = CARTESIAN_POINT ( 'NONE',  ( -20.86377719652539753, -70.45296963382759259, -31.84996701251755624 ) ) ;
#5101 = CARTESIAN_POINT ( 'NONE',  ( -21.26918922215656238, -65.17270667218046754, -31.95029916365241363 ) ) ;
#5102 = CARTESIAN_POINT ( 'NONE',  ( -57.09442732144275112, -132.0515530646661091, -31.37676535646165377 ) ) ;
#5103 = CARTESIAN_POINT ( 'NONE',  ( -58.29710078618013114, -100.0115961067317158, -31.43227640788771282 ) ) ;
#5104 = CARTESIAN_POINT ( 'NONE',  ( -63.20487065725686904, -126.6362068116335706, -25.90793483005545284 ) ) ;
#5105 = CARTESIAN_POINT ( 'NONE',  ( -65.26378912542919863, -102.9730125383275805, -30.57685073155661115 ) ) ;
#5106 = CARTESIAN_POINT ( 'NONE',  ( -65.08618012156598809, -124.4434611487645128, -26.76277187528076240 ) ) ;
#5107 = CARTESIAN_POINT ( 'NONE',  ( -62.75933873349122649, -106.5317409354918112, -25.83792305760159991 ) ) ;
#5108 = CARTESIAN_POINT ( 'NONE',  ( -46.35612907495826818, -80.19655917559904879, -33.50919103393499654 ) ) ;
#5109 = CARTESIAN_POINT ( 'NONE',  ( -49.05267898242976798, -89.83358404753982995, -32.97718258393858548 ) ) ;
#5110 = CARTESIAN_POINT ( 'NONE',  ( -46.33644368912523248, -86.52922004316712901, -30.14341199045806619 ) ) ;
#5111 = CARTESIAN_POINT ( 'NONE',  ( -58.96461266366682707, -131.3463666016051548, -31.95448617707016936 ) ) ;
#5112 = CARTESIAN_POINT ( 'NONE',  ( -41.53751888873269849, -82.23236124065660135, -30.34968845695662765 ) ) ;
#5113 = CARTESIAN_POINT ( 'NONE',  ( -64.43157077059541393, -122.3504311737230807, -30.80447526686194948 ) ) ;
#5114 = CARTESIAN_POINT ( 'NONE',  ( -55.97005991591574769, -146.4208017307342971, -29.55944369496991087 ) ) ;
#5115 = CARTESIAN_POINT ( 'NONE',  ( -51.88858546962517693, -143.5828977422828245, -28.20737724850411254 ) ) ;
#5116 = CARTESIAN_POINT ( 'NONE',  ( -52.06138577865115735, -143.7406835611786562, -33.36525031659923002 ) ) ;
#5117 = CARTESIAN_POINT ( 'NONE',  ( -50.27444718891445063, -146.8756494522077958, -33.87457758419948561 ) ) ;
#5118 = CARTESIAN_POINT ( 'NONE',  ( -57.39285807234551839, -98.34147443276492595, -28.05712195381983776 ) ) ;
#5119 = CARTESIAN_POINT ( 'NONE',  ( -45.39306526300990186, -87.04145164724526751, -32.99888317346170652 ) ) ;
#5120 = CARTESIAN_POINT ( 'NONE',  ( -64.65890053224305234, -111.1479722410845170, -31.23481933350864992 ) ) ;
#5121 = CARTESIAN_POINT ( 'NONE',  ( -56.30802798138859089, -145.9640242847541174, -30.98770165497695928 ) ) ;
#5122 = CARTESIAN_POINT ( 'NONE',  ( 1.390753901345316290, -46.55870307412300235, -28.95624415732700996 ) ) ;
#5123 = CARTESIAN_POINT ( 'NONE',  ( -61.02771232033351367, -103.1048804193806490, -26.45373534532503612 ) ) ;
#5124 = CARTESIAN_POINT ( 'NONE',  ( 1.804611915121624888, -3.064041155556138651, -6.242128306811682847 ) ) ;
#5125 = CARTESIAN_POINT ( 'NONE',  ( -54.19018360103068233, -86.61077067688907505, -33.46756350629592447 ) ) ;
#5126 = CARTESIAN_POINT ( 'NONE',  ( -53.66843988265252818, -94.61156116539174832, -31.64339632873107533 ) ) ;
#5127 = CARTESIAN_POINT ( 'NONE',  ( -62.69619081648042425, -108.6645120068220223, -31.41906970327559989 ) ) ;
#5128 = CARTESIAN_POINT ( 'NONE',  ( -60.04403551888391632, -138.0572082698961935, -30.76888688695664698 ) ) ;
#5129 = CARTESIAN_POINT ( 'NONE',  ( -59.47866640888742040, -134.0893601261781498, -26.28060567040083839 ) ) ;
#5130 = CARTESIAN_POINT ( 'NONE',  ( -59.52924778814832507, -102.5329333356496164, -31.12752779567820482 ) ) ;
#5131 = CARTESIAN_POINT ( 'NONE',  ( -4.768947394777647730, -56.70499257735172449, -31.91734565791845668 ) ) ;
#5132 = CARTESIAN_POINT ( 'NONE',  ( -61.43599698426855582, -135.6296698467257897, -28.23666880271906265 ) ) ;
#5133 = CARTESIAN_POINT ( 'NONE',  ( -46.33602195932630252, -87.73772030977201553, -33.02902197961527264 ) ) ;
#5134 = CARTESIAN_POINT ( 'NONE',  ( -60.63285857345363894, -111.8200727585831658, -29.21607383229650168 ) ) ;
#5135 = CARTESIAN_POINT ( 'NONE',  ( -48.31629658999190013, -85.07319583185912393, -29.57169047987151345 ) ) ;
#5136 = CARTESIAN_POINT ( 'NONE',  ( -47.57973697764318644, -88.95562271934498710, -31.42746476117398657 ) ) ;
#5137 = CARTESIAN_POINT ( 'NONE',  ( -45.33887152646985896, -81.09375655982772457, -30.76190064567286342 ) ) ;
#5138 = CARTESIAN_POINT ( 'NONE',  ( -58.61601562236651120, -128.1140702610990445, -30.99628952605011989 ) ) ;
#5139 = CARTESIAN_POINT ( 'NONE',  ( -50.75369549190745033, -91.24259575618751228, -32.81501291074545890 ) ) ;
#5140 = CARTESIAN_POINT ( 'NONE',  ( -60.36794255150320510, -134.1469601949982007, -26.48944934399851192 ) ) ;
#5141 = CARTESIAN_POINT ( 'NONE',  ( -65.77496143397566186, -121.6879906451600419, -29.64619215500075455 ) ) ;
#5142 = CARTESIAN_POINT ( 'NONE',  ( -43.92974614942046685, -78.43318109960713969, -33.42420926395256231 ) ) ;
#5143 = CARTESIAN_POINT ( 'NONE',  ( -62.09646602306661123, -103.6066700262191489, -26.11029486655285581 ) ) ;
#5144 = CARTESIAN_POINT ( 'NONE',  ( -53.20617083332447805, -94.12423008856602280, -31.72262964728119528 ) ) ;
#5145 = CARTESIAN_POINT ( 'NONE',  ( -61.40134939610560139, -109.7689162545707262, -30.54757700031467493 ) ) ;
#5146 = CARTESIAN_POINT ( 'NONE',  ( -49.32006440029768868, -89.56836849978274984, -29.97492311862281156 ) ) ;
#5147 = CARTESIAN_POINT ( 'NONE',  ( 0.1266015539530969403, -1.702740987241265325, -7.612621414212429549 ) ) ;
#5148 = CARTESIAN_POINT ( 'NONE',  ( -51.15415837642282071, -91.42671855453096441, -29.77167710309892357 ) ) ;
#5149 = CARTESIAN_POINT ( 'NONE',  ( -20.28420500524496006, -66.66874390725030253, -36.96230774365034222 ) ) ;
#5150 = CARTESIAN_POINT ( 'NONE',  ( -61.88647875870221071, -134.5924972468655199, -28.13882118779384456 ) ) ;
#5151 = CARTESIAN_POINT ( 'NONE',  ( -60.23319523769659867, -124.9167097509403703, -26.10089499407447633 ) ) ;
#5152 = CARTESIAN_POINT ( 'NONE',  ( 1.335040623462586451, -2.970544176782432100, -7.357514783884068876 ) ) ;
#5153 = CARTESIAN_POINT ( 'NONE',  ( -53.14611836169036252, -138.2484226712772113, -31.00793102333797790 ) ) ;
#5154 = CARTESIAN_POINT ( 'NONE',  ( 1.694042179194688913, -0.9519487693297199460, -4.702618347549201161 ) ) ;
#5155 = CARTESIAN_POINT ( 'NONE',  ( -27.98696476498131602, -72.84316274449828654, -31.19192234976564393 ) ) ;
#5156 = CARTESIAN_POINT ( 'NONE',  ( -53.83111113474452480, -94.13811140364258279, -32.33285500187211170 ) ) ;
#5157 = CARTESIAN_POINT ( 'NONE',  ( -60.76480472190865356, -131.3782165447049692, -31.74310479970712962 ) ) ;
#5158 = CARTESIAN_POINT ( 'NONE',  ( -57.86413047912881069, -143.1052608339364838, -30.59087461163508337 ) ) ;
#5159 = CARTESIAN_POINT ( 'NONE',  ( -62.19991017314527681, -108.7940283274240585, -25.98962591589219784 ) ) ;
#5160 = CARTESIAN_POINT ( 'NONE',  ( -61.20200893069578285, -94.07044331279293203, -31.42474293991089240 ) ) ;
#5161 = CARTESIAN_POINT ( 'NONE',  ( -42.00192825640404237, -84.66332202190716316, -32.02543286481687801 ) ) ;
#5162 = CARTESIAN_POINT ( 'NONE',  ( -61.83896009005194827, -122.3651829788754242, -31.31853673591053422 ) ) ;
#5163 = CARTESIAN_POINT ( 'NONE',  ( -65.77496143397566186, -121.6879906451600419, -29.64619215500075455 ) ) ;
#5164 = CARTESIAN_POINT ( 'NONE',  ( -6.120025088160203630, -49.33385539519365182, -29.02468127321508362 ) ) ;
#5165 = CARTESIAN_POINT ( 'NONE',  ( -48.16101755029993114, -89.12711092234090415, -33.02798268584679420 ) ) ;
#5166 = CARTESIAN_POINT ( 'NONE',  ( -29.62198784537809360, -74.62891690770861430, -37.10472088156331694 ) ) ;
#5167 = CARTESIAN_POINT ( 'NONE',  ( -61.33209429660005441, -135.8641527459878660, -28.25955630756642378 ) ) ;
#5168 = CARTESIAN_POINT ( 'NONE',  ( 1.843058965249200654, -38.00164903841910302, -21.12372795113173751 ) ) ;
#5169 = CARTESIAN_POINT ( 'NONE',  ( -55.86718362123348669, -97.55913227985477931, -30.40977757133678594 ) ) ;
#5170 = CARTESIAN_POINT ( 'NONE',  ( -19.23286869832986667, -64.28635855832146717, -31.23064087481227347 ) ) ;
#5171 = CARTESIAN_POINT ( 'NONE',  ( -12.63627714821651971, -63.09268302654081850, -29.73801628215753112 ) ) ;
#5172 = CARTESIAN_POINT ( 'NONE',  ( -31.79350651669300021, -72.34249686729067719, -32.01229033625726572 ) ) ;
#5173 = CARTESIAN_POINT ( 'NONE',  ( -16.23802379154172471, -67.64672379352180087, -32.46707900977491335 ) ) ;
#5174 = CARTESIAN_POINT ( 'NONE',  ( -54.41883024350221376, -145.9018610454681095, -27.95571819326272944 ) ) ;
#5175 = CARTESIAN_POINT ( 'NONE',  ( -66.21013563962252135, -110.1351278337862283, -26.40571503167365819 ) ) ;
#5176 = CARTESIAN_POINT ( 'NONE',  ( -57.12035601113695549, -143.8404150174750100, -31.49232161411451969 ) ) ;
#5177 = CARTESIAN_POINT ( 'NONE',  ( -4.597060644041174093, -6.839463971508885187, -8.608621107317839360 ) ) ;
#5178 = CARTESIAN_POINT ( 'NONE',  ( -61.10014563213538707, -100.6378281961216459, -26.46736617555999160 ) ) ;
#5179 = CARTESIAN_POINT ( 'NONE',  ( 0.1221908912282164972, -42.41679432901119640, -22.26089478630142082 ) ) ;
#5180 = CARTESIAN_POINT ( 'NONE',  ( -59.22396835168789408, -101.8531720231045767, -31.20644447663919507 ) ) ;
#5181 = CARTESIAN_POINT ( 'NONE',  ( -54.04155621395517528, -94.56732472189916905, -29.32342179170858643 ) ) ;
#5182 = CARTESIAN_POINT ( 'NONE',  ( 0.02476062853900607222, -4.828239192534502067, -11.07434723818365896 ) ) ;
#5183 = CARTESIAN_POINT ( 'NONE',  ( -47.71760288034549546, -87.92906003373411750, -30.08286171967312228 ) ) ;
#5184 = CARTESIAN_POINT ( 'NONE',  ( -2.285845437225986654, -0.8542938628527739775, -7.141698432572590960 ) ) ;
#5185 = CARTESIAN_POINT ( 'NONE',  ( -41.28493756199552678, -77.00104488666403313, -35.40921880259242016 ) ) ;
#5186 = CARTESIAN_POINT ( 'NONE',  ( -58.44191415700071701, -130.0482073489401387, -26.50171298697242861 ) ) ;
#5187 = CARTESIAN_POINT ( 'NONE',  ( -52.54656368538774558, -142.8592291438863526, -33.22833676600896524 ) ) ;
#5188 = CARTESIAN_POINT ( 'NONE',  ( -61.43517735851325767, -115.9026538681686986, -30.42032340739812568 ) ) ;
#5189 = CARTESIAN_POINT ( 'NONE',  ( -55.31112766832017513, -133.6968423786819642, -30.41438363645305643 ) ) ;
#5190 = CARTESIAN_POINT ( 'NONE',  ( -60.35002191721902420, -124.7207818901376868, -31.21097500320707496 ) ) ;
#5191 = CARTESIAN_POINT ( 'NONE',  ( -30.08340260231570440, -74.10456507714789609, -31.14004812691126745 ) ) ;
#5192 = CARTESIAN_POINT ( 'NONE',  ( -59.65778475304365713, -124.9046398576358143, -30.75158767709788066 ) ) ;
#5193 = CARTESIAN_POINT ( 'NONE',  ( -3.288666160231481506, -55.00109110644282140, -31.08325904050489896 ) ) ;
#5194 = CARTESIAN_POINT ( 'NONE',  ( -4.383936652971717862, -4.379716924143969514, -9.346286303843116983 ) ) ;
#5195 = CARTESIAN_POINT ( 'NONE',  ( -61.46227312666992759, -120.1721220994220687, -25.87248562410774966 ) ) ;
#5196 = CARTESIAN_POINT ( 'NONE',  ( 1.768934014222052431, -9.313211762213141398, -12.02742542447705532 ) ) ;
#5197 = CARTESIAN_POINT ( 'NONE',  ( -67.10689868149711401, -111.9569615332530219, -29.02853549750038198 ) ) ;
#5198 = EDGE_LOOP ( 'NONE', ( #7144, #4609 ) ) ;
#5199 = CARTESIAN_POINT ( 'NONE',  ( -56.51145855602259616, -131.8500712134743935, -30.90320975716648277 ) ) ;
#5200 = CARTESIAN_POINT ( 'NONE',  ( -53.64408667366711114, -142.6274414191976803, -33.34830859940859682 ) ) ;
#5201 = CARTESIAN_POINT ( 'NONE',  ( -57.80397208150262855, -142.5531863922205957, -31.31844001296625635 ) ) ;
#5202 = CARTESIAN_POINT ( 'NONE',  ( -52.85946964613675902, -146.9101506234403018, -27.95574987612561912 ) ) ;
#5203 = CARTESIAN_POINT ( 'NONE',  ( -26.78457192175339330, -72.72369301531860231, -37.11020002453805944 ) ) ;
#5204 = CARTESIAN_POINT ( 'NONE',  ( -56.19765306797145854, -146.0169419371966342, -29.50061288810498183 ) ) ;
#5205 = CARTESIAN_POINT ( 'NONE',  ( -21.66155965458005284, -71.69578185346573207, -33.45871223250610171 ) ) ;
#5206 = CARTESIAN_POINT ( 'NONE',  ( -49.25241796278336182, -90.46446463851575004, -31.36598655091534127 ) ) ;
#5207 = CARTESIAN_POINT ( 'NONE',  ( -56.88515238572567512, -133.7494781093182610, -26.88167240889120890 ) ) ;
#5208 = CARTESIAN_POINT ( 'NONE',  ( -57.91574109236757550, -100.8891023937571418, -29.98774192295671170 ) ) ;
#5209 = CARTESIAN_POINT ( 'NONE',  ( -63.01844616443330693, -115.7289947021286736, -25.45784437574075909 ) ) ;
#5210 = CARTESIAN_POINT ( 'NONE',  ( -9.670559140234928464, -61.58145136943316089, -30.00672520471137616 ) ) ;
#5211 = CARTESIAN_POINT ( 'NONE',  ( -3.900535776426684365, -4.609505798625995965, -4.789181634526429754 ) ) ;
#5212 = CARTESIAN_POINT ( 'NONE',  ( -62.84370156017382669, -131.4856046639768010, -30.14381959558919988 ) ) ;
#5213 = CARTESIAN_POINT ( 'NONE',  ( -4.534492262423800213, -5.782241352293753245, -7.456332979622574797 ) ) ;
#5214 = CARTESIAN_POINT ( 'NONE',  ( -56.95086297827143795, -135.6029070463520441, -26.66955100095451670 ) ) ;
#5215 = CARTESIAN_POINT ( 'NONE',  ( -20.21991138989939785, -70.52694392034160842, -32.48191915544445862 ) ) ;
#5216 = CARTESIAN_POINT ( 'NONE',  ( -37.43372805518085755, -81.69204877277458365, -32.84350292329174437 ) ) ;
#5217 = CARTESIAN_POINT ( 'NONE',  ( -59.27261339954971930, -122.6241439849714965, -27.90927059633546037 ) ) ;
#5218 = CARTESIAN_POINT ( 'NONE',  ( 0.3031871246798767960, -7.775423685784437211, -13.54048566386366836 ) ) ;
#5219 = CARTESIAN_POINT ( 'NONE',  ( -50.37988786398914698, -90.63804508331519116, -29.86442216403581185 ) ) ;
#5220 = CARTESIAN_POINT ( 'NONE',  ( -3.250000000000000444, -0.8508480103472353395, 0.000000000000000000 ) ) ;
#5221 = CARTESIAN_POINT ( 'NONE',  ( -1.320767861140603738, 2.528328668387177292, -1.649038964744672819 ) ) ;
#5222 = CALENDAR_DATE ( 2026, 27, 7 ) ;
#5223 = CARTESIAN_POINT ( 'NONE',  ( -4.679794264049632169, -7.484237764367580148, -11.45410153624984240 ) ) ;
#5224 = CARTESIAN_POINT ( 'NONE',  ( -0.1466414851003969566, -5.915261567330029280, -4.090766546040327967 ) ) ;
#5225 = CARTESIAN_POINT ( 'NONE',  ( 3.299993094036335339, -37.28807994764430589, -21.81156691774949152 ) ) ;
#5226 = CARTESIAN_POINT ( 'NONE',  ( -61.17438201053557378, -118.1373839543577446, -30.44936429056908977 ) ) ;
#5227 = CARTESIAN_POINT ( 'NONE',  ( 1.766965437975157593, -10.81459466820424176, -11.18520210443207930 ) ) ;
#5228 = CARTESIAN_POINT ( 'NONE',  ( -52.27397560280618194, -143.3561243282325677, -33.30522254479674160 ) ) ;
#5229 = CARTESIAN_POINT ( 'NONE',  ( -9.047382818066534327, -55.03724872473323160, -28.01357534230536572 ) ) ;
#5230 = CARTESIAN_POINT ( 'NONE',  ( -59.42014330632255792, -125.6906337036512440, -30.80596428452615854 ) ) ;
#5231 = CARTESIAN_POINT ( 'NONE',  ( -52.03385985788509061, -148.8832824910316504, -34.00311890546990412 ) ) ;
#5232 = CARTESIAN_POINT ( 'NONE',  ( -2.943106669241084550, -13.28509438326842584, -17.38924859784281907 ) ) ;
#5233 = CARTESIAN_POINT ( 'NONE',  ( -31.48325298875910505, -70.94428459705521561, -33.37449521684551001 ) ) ;
#5234 = CARTESIAN_POINT ( 'NONE',  ( -45.71879355121419763, -82.49910630809193890, -30.13658926227170909 ) ) ;
#5235 = CARTESIAN_POINT ( 'NONE',  ( 2.362689988661834217, -39.11829112033658618, -21.67677904790058463 ) ) ;
#5236 = CARTESIAN_POINT ( 'NONE',  ( -63.66850411170506163, -130.2026451273356713, -29.26669071073146711 ) ) ;
#5237 = CARTESIAN_POINT ( 'NONE',  ( -60.97947476251329135, -112.7030300298687706, -29.93633552199987236 ) ) ;
#5238 = CARTESIAN_POINT ( 'NONE',  ( -53.78131825090859763, -142.3728959957180962, -33.31063629529568004 ) ) ;
#5239 = CARTESIAN_POINT ( 'NONE',  ( -3.295396411606235088, -3.924084698473988997, -10.42092250473217341 ) ) ;
#5240 = CARTESIAN_POINT ( 'NONE',  ( -47.61172665977920815, -155.3402769313807141, -29.40876427081821376 ) ) ;
#5241 = CARTESIAN_POINT ( 'NONE',  ( -43.88501876202455065, -82.99903253039158812, -35.97416994626514963 ) ) ;
#5242 = CARTESIAN_POINT ( 'NONE',  ( 1.031261115466970857, -37.22573011758603201, -27.69791907108320572 ) ) ;
#5243 = CARTESIAN_POINT ( 'NONE',  ( -1.572695112886255409, -49.53390596575697913, -25.05818638599592418 ) ) ;
#5244 = CARTESIAN_POINT ( 'NONE',  ( -60.33112239621025452, -117.2978247427318763, -29.20958486435388934 ) ) ;
#5245 = CARTESIAN_POINT ( 'NONE',  ( -56.43999315834569330, -134.7321791553002868, -26.99408061977905859 ) ) ;
#5246 = CARTESIAN_POINT ( 'NONE',  ( -50.82478646234115871, -142.6108201523758510, -31.66315197972003403 ) ) ;
#5247 = CARTESIAN_POINT ( 'NONE',  ( -62.27969216253936224, -120.3819407051158379, -25.51799746614218378 ) ) ;
#5248 = CARTESIAN_POINT ( 'NONE',  ( -57.99674405877171068, -129.7890434325046840, -31.14841954745798347 ) ) ;
#5249 = CARTESIAN_POINT ( 'NONE',  ( -22.57508569499146134, -72.32826181571913082, -33.54567324579370080 ) ) ;
#5250 = CARTESIAN_POINT ( 'NONE',  ( -4.227532537256588618, -8.136826300918787780, -8.802425700976034051 ) ) ;
#5251 = CARTESIAN_POINT ( 'NONE',  ( -64.98552699062506122, -124.9613755648777698, -29.74768745077043164 ) ) ;
#5252 = CARTESIAN_POINT ( 'NONE',  ( -5.474283314352322627, -49.98070890171923963, -31.43218034574211828 ) ) ;
#5253 = CARTESIAN_POINT ( 'NONE',  ( -44.60744076190789542, -156.8160797973912679, -30.08121121734316716 ) ) ;
#5254 = CARTESIAN_POINT ( 'NONE',  ( -2.678485499777947698, -50.23460317076892778, -25.05272354688082359 ) ) ;
#5255 = CARTESIAN_POINT ( 'NONE',  ( -60.36693324885758472, -122.2426979271562288, -30.59661362965680809 ) ) ;
#5256 = CARTESIAN_POINT ( 'NONE',  ( -60.51990657759468917, -115.9527654708713413, -27.67993195774933213 ) ) ;
#5257 = CARTESIAN_POINT ( 'NONE',  ( -2.762951015721542003, -54.69267670559504779, -29.92364273828441412 ) ) ;
#5258 = CARTESIAN_POINT ( 'NONE',  ( -58.54538911566721282, -125.1563727358881977, -28.07531310944657932 ) ) ;
#5259 = CARTESIAN_POINT ( 'NONE',  ( -59.95413099009845581, -132.9847038151360721, -26.17156730916291352 ) ) ;
#5260 = CARTESIAN_POINT ( 'NONE',  ( -55.68038068473575208, -146.1663559734980993, -28.84082283860924178 ) ) ;
#5261 = CARTESIAN_POINT ( 'NONE',  ( -2.463047857718549505, -2.664636741080878668, -9.433704141491062956 ) ) ;
#5262 = CARTESIAN_POINT ( 'NONE',  ( -18.43502157677249897, -62.54036389616350533, -35.46692824714104120 ) ) ;
#5263 = EDGE_CURVE ( 'NONE', #2392, #3612, #1092, .T. ) ;
#5264 = CARTESIAN_POINT ( 'NONE',  ( -44.13109133204667955, -83.29333694991902348, -30.01375466540533310 ) ) ;
#5265 = CARTESIAN_POINT ( 'NONE',  ( -61.55569851615013022, -111.9258581749829062, -30.46688769213957215 ) ) ;
#5266 = CARTESIAN_POINT ( 'NONE',  ( -49.39110403693552342, -145.1372403947524106, -32.07846897157890709 ) ) ;
#5267 = CARTESIAN_POINT ( 'NONE',  ( -44.77964474410221385, -85.83368637326232431, -34.49640062702544441 ) ) ;
#5268 = CARTESIAN_POINT ( 'NONE',  ( -13.53683406214527984, -60.56065264746980858, -29.46352226455885415 ) ) ;
#5269 = CARTESIAN_POINT ( 'NONE',  ( -0.8024859050693546880, -2.465344174358262919, -9.097618085715778236 ) ) ;
#5270 = CARTESIAN_POINT ( 'NONE',  ( -6.340876059984716484, -53.76363842737769261, -33.48548514218877870 ) ) ;
#5271 = CARTESIAN_POINT ( 'NONE',  ( -24.13164977803640454, -66.21847519584797226, -33.36982132881367846 ) ) ;
#5272 = CARTESIAN_POINT ( 'NONE',  ( -62.35579274620666013, -112.5737784285668965, -25.83674351638872224 ) ) ;
#5273 = CARTESIAN_POINT ( 'NONE',  ( -40.52123333800501825, -83.72581317915965826, -33.59750958130751286 ) ) ;
#5274 = CARTESIAN_POINT ( 'NONE',  ( -57.03102541099570288, -144.6546807955651559, -30.80202535549788578 ) ) ;
#5275 = CARTESIAN_POINT ( 'NONE',  ( -60.95703093371638204, -114.0541167937278146, -29.91906010359562629 ) ) ;
#5276 = CARTESIAN_POINT ( 'NONE',  ( 3.102067399448384499, -42.76325749654822772, -24.88168659317764764 ) ) ;
#5277 = CARTESIAN_POINT ( 'NONE',  ( -3.215311789293771483, -2.284927666688206127, -8.516482003193379668 ) ) ;
#5278 = CARTESIAN_POINT ( 'NONE',  ( -2.966706039386858063, -8.340968596071935082, -7.397194648921907145 ) ) ;
#5279 = CARTESIAN_POINT ( 'NONE',  ( -61.62051609003398767, -131.4549183249787347, -31.33879928776417501 ) ) ;
#5280 = CARTESIAN_POINT ( 'NONE',  ( -50.22468623722517123, -82.78161692971677610, -32.86225833771906935 ) ) ;
#5281 = CARTESIAN_POINT ( 'NONE',  ( -39.74656575677403936, -83.16894747580934677, -32.78656526660169135 ) ) ;
#5282 = CARTESIAN_POINT ( 'NONE',  ( -58.22861058999268380, -126.2183454634754867, -29.66460299034068981 ) ) ;
#5283 = CARTESIAN_POINT ( 'NONE',  ( -61.46227312666992759, -120.1721220994220687, -25.87248562410774966 ) ) ;
#5284 = CARTESIAN_POINT ( 'NONE',  ( -56.50486590237846940, -130.8929502114990555, -30.09815998481538557 ) ) ;
#5285 = CARTESIAN_POINT ( 'NONE',  ( -62.71516340940386414, -118.0285107203781081, -25.46855805522896077 ) ) ;
#5286 = PERSON_AND_ORGANIZATION ( #7082, #1896 ) ;
#5287 = CARTESIAN_POINT ( 'NONE',  ( -61.57029060021007894, -113.2801837165933705, -30.43654540870454994 ) ) ;
#5288 = CARTESIAN_POINT ( 'NONE',  ( -3.870030477355019816, -46.78079902763262510, -29.78063398214004920 ) ) ;
#5289 = CARTESIAN_POINT ( 'NONE',  ( -62.30708346834840228, -132.8547109027733484, -30.25807354112383862 ) ) ;
#5290 = CARTESIAN_POINT ( 'NONE',  ( -31.39968489945320229, -70.58352263527079629, -34.22184399885157546 ) ) ;
#5291 = CARTESIAN_POINT ( 'NONE',  ( -55.16223025201130525, -139.2558448620740990, -27.12637551156537441 ) ) ;
#5292 = CARTESIAN_POINT ( 'NONE',  ( -1.550962331131199523, -47.66891910435131052, -24.13137235301585193 ) ) ;
#5293 = CARTESIAN_POINT ( 'NONE',  ( -57.53659112867536862, -130.9649818556746936, -31.26364862305906200 ) ) ;
#5294 = CARTESIAN_POINT ( 'NONE',  ( -59.16048210799051077, -103.2337144161231492, -28.21938686283817788 ) ) ;
#5295 = CARTESIAN_POINT ( 'NONE',  ( -46.24608690108075137, -85.09504522378124136, -35.43733479750774507 ) ) ;
#5296 = CARTESIAN_POINT ( 'NONE',  ( -59.12448620320499515, -123.1771439391547318, -27.94141415278205187 ) ) ;
#5297 = CARTESIAN_POINT ( 'NONE',  ( -62.69636593056199558, -125.4662593006649018, -25.60861369780784713 ) ) ;
#5298 = CARTESIAN_POINT ( 'NONE',  ( -4.616205799065489224, -7.658403290892982440, -9.435995369306422020 ) ) ;
#5299 = CARTESIAN_POINT ( 'NONE',  ( 1.674196728793191813, -24.32411071280959902, -23.12178511823156057 ) ) ;
#5300 = CARTESIAN_POINT ( 'NONE',  ( -7.246552915042700604, -53.65197106170663233, -33.37899676700898510 ) ) ;
#5301 = CARTESIAN_POINT ( 'NONE',  ( -45.32382060584536276, -84.40355429652035468, -29.90246226548752517 ) ) ;
#5302 = CARTESIAN_POINT ( 'NONE',  ( -39.13913450640780667, -82.58582537581261818, -34.46221545412381460 ) ) ;
#5303 = CARTESIAN_POINT ( 'NONE',  ( -61.24004123258801258, -108.5280990838664366, -30.61244513427606506 ) ) ;
#5304 = CARTESIAN_POINT ( 'NONE',  ( -56.10518368037099890, -131.8600381867962028, -30.20186499718927919 ) ) ;
#5305 = CARTESIAN_POINT ( 'NONE',  ( 2.262631948770651213, -15.37207264434668730, -15.52391829436768234 ) ) ;
#5306 = CARTESIAN_POINT ( 'NONE',  ( -60.93131984772170284, -115.6247795847408071, -26.91146631934014621 ) ) ;
#5307 = CARTESIAN_POINT ( 'NONE',  ( -0.4896349266704834724, -0.004045222887297044226, -5.888841160602193980 ) ) ;
#5308 = CARTESIAN_POINT ( 'NONE',  ( -17.69485335496802492, -62.64569405701828231, -35.96890518427225203 ) ) ;
#5309 = CARTESIAN_POINT ( 'NONE',  ( -45.55956932098328593, -79.91312267428885718, -32.15872139414822328 ) ) ;
#5310 = CARTESIAN_POINT ( 'NONE',  ( -60.90136208402407902, -104.6224738864367936, -31.44547053864048181 ) ) ;
#5311 = CARTESIAN_POINT ( 'NONE',  ( -51.24731651957476686, -154.4515616832099738, -32.33578044548205099 ) ) ;
#5312 = CARTESIAN_POINT ( 'NONE',  ( 2.362689988661834217, -39.11829112033658618, -21.67677904790058463 ) ) ;
#5313 = CARTESIAN_POINT ( 'NONE',  ( -60.90655415109168302, -114.9826881164838142, -29.91617188517298942 ) ) ;
#5314 = CARTESIAN_POINT ( 'NONE',  ( 1.224081181499826032, 2.213324076456864464, -1.544510747712357857 ) ) ;
#5315 = CARTESIAN_POINT ( 'NONE',  ( 2.610161801345368904, -32.00146773159729463, -25.52386211169717001 ) ) ;
#5316 = CARTESIAN_POINT ( 'NONE',  ( -2.957991482566826758, -12.35382530584267435, -10.89186839331179080 ) ) ;
#5317 = CARTESIAN_POINT ( 'NONE',  ( -64.79700728035770396, -106.0163189005135678, -31.28784386768081305 ) ) ;
#5318 = CARTESIAN_POINT ( 'NONE',  ( -25.99375779027483802, -67.37022074425658502, -35.66825829090455358 ) ) ;
#5319 = CARTESIAN_POINT ( 'NONE',  ( -57.40443400247603023, -132.5650665458470598, -26.75263549030242061 ) ) ;
#5320 = CARTESIAN_POINT ( 'NONE',  ( -56.10518368037099890, -131.8600381867962028, -30.20186499718927919 ) ) ;
#5321 = CARTESIAN_POINT ( 'NONE',  ( -63.21609491907801015, -111.8735983642909559, -25.53229106634264411 ) ) ;
#5322 = PERSON_AND_ORGANIZATION ( #7082, #1896 ) ;
#5323 = CARTESIAN_POINT ( 'NONE',  ( -57.22951507498376600, -131.7236562311723844, -31.34179510152443981 ) ) ;
#5324 = CARTESIAN_POINT ( 'NONE',  ( -4.078108730256602144, -5.808683088918425774, -6.302523210750996085 ) ) ;
#5325 = CARTESIAN_POINT ( 'NONE',  ( -58.36886091038427082, -139.8498245229644397, -27.55958285136526342 ) ) ;
#5326 = CARTESIAN_POINT ( 'NONE',  ( -3.099706290273958942, -1.262443476405635367, -7.188574388362869882 ) ) ;
#5327 = CARTESIAN_POINT ( 'NONE',  ( -65.05360874199536170, -119.2084434370233197, -25.66234136633230634 ) ) ;
#5328 = CARTESIAN_POINT ( 'NONE',  ( -57.60921511131684269, -134.1651559836262777, -26.50659167326422860 ) ) ;
#5329 = CARTESIAN_POINT ( 'NONE',  ( -60.03056854303998335, -121.0028776206371646, -30.05521602673627513 ) ) ;
#5330 = CARTESIAN_POINT ( 'NONE',  ( -53.21876190956345454, -140.2856200718626951, -32.42038129022523663 ) ) ;
#5331 = CARTESIAN_POINT ( 'NONE',  ( 1.408920699342956828, -8.893405366573734483, -8.907462122035520125 ) ) ;
#5332 = CARTESIAN_POINT ( 'NONE',  ( -49.69658896755201027, -87.10741083475673463, -35.08292462214515695 ) ) ;
#5333 = CARTESIAN_POINT ( 'NONE',  ( -59.44433969973943732, -121.9535259755185734, -27.87256285715820070 ) ) ;
#5334 = CARTESIAN_POINT ( 'NONE',  ( -58.56457391709656690, -136.1141702655226311, -26.49537685020653299 ) ) ;
#5335 = CARTESIAN_POINT ( 'NONE',  ( -60.24887168815688909, -137.3582808909241919, -27.71784503738893690 ) ) ;
#5336 = CARTESIAN_POINT ( 'NONE',  ( -20.32025931126121421, -63.77882315454534989, -35.54765667390950057 ) ) ;
#5337 = CARTESIAN_POINT ( 'NONE',  ( -48.38321164366008276, -87.55611721442483031, -29.59428975383689675 ) ) ;
#5338 = CARTESIAN_POINT ( 'NONE',  ( -3.322121660344165672, -55.08519621259068799, -28.35738617100794912 ) ) ;
#5339 = CARTESIAN_POINT ( 'NONE',  ( -60.07739878348697715, -103.9475807305274344, -30.97715302742638954 ) ) ;
#5340 = CARTESIAN_POINT ( 'NONE',  ( 0.3090390126048895292, -8.932986901084673192, -7.650165279185841882 ) ) ;
#5341 = CARTESIAN_POINT ( 'NONE',  ( -46.48216966669337324, -86.86783855978137581, -34.49868256895494056 ) ) ;
#5342 = CARTESIAN_POINT ( 'NONE',  ( -59.69300104587751576, -122.4102926372322884, -27.11938214628724708 ) ) ;
#5343 = CARTESIAN_POINT ( 'NONE',  ( -33.83678961824583808, -77.40873157252281089, -36.89541430393288834 ) ) ;
#5344 = CARTESIAN_POINT ( 'NONE',  ( 1.567838025577532157, -34.04954007550043116, -26.61442417220842316 ) ) ;
#5345 = CARTESIAN_POINT ( 'NONE',  ( -2.009560668711038112, -28.02050051697871069, -21.65362441050821474 ) ) ;
#5346 = CARTESIAN_POINT ( 'NONE',  ( -28.82642001177471869, -76.50820343180224370, -34.30272859513972605 ) ) ;
#5347 = CARTESIAN_POINT ( 'NONE',  ( -61.45216736734040097, -135.7162437885208135, -29.73547692696731914 ) ) ;
#5348 = CARTESIAN_POINT ( 'NONE',  ( 3.102475292397728346, -34.68335948471752062, -20.71705602341595664 ) ) ;
#5349 = CARTESIAN_POINT ( 'NONE',  ( -59.29488218580685555, -123.9448948460972275, -30.21592729254482279 ) ) ;
#5350 = CARTESIAN_POINT ( 'NONE',  ( -52.79926370824105675, -144.1709445862804273, -33.58254664537467704 ) ) ;
#5351 = CARTESIAN_POINT ( 'NONE',  ( -3.292845635071669275, -4.770966808269478499, -11.32538311727516245 ) ) ;
#5352 = CARTESIAN_POINT ( 'NONE',  ( -28.98902257332476040, -70.65797689714388241, -32.03210547729581492 ) ) ;
#5353 = CARTESIAN_POINT ( 'NONE',  ( -65.55259361064152301, -112.7248240231258904, -30.83062346775852802 ) ) ;
#5354 = CARTESIAN_POINT ( 'NONE',  ( -47.52060088323128184, -80.95681956972904914, -33.85778016843487137 ) ) ;
#5355 = CARTESIAN_POINT ( 'NONE',  ( -60.33112239621025452, -117.2978247427318763, -29.20958486435388934 ) ) ;
#5356 = CARTESIAN_POINT ( 'NONE',  ( -62.43968836275215040, -119.5834549233450730, -25.49738950480706734 ) ) ;
#5357 = CARTESIAN_POINT ( 'NONE',  ( -61.56718018976166462, -112.3722078674576608, -30.45520403026643663 ) ) ;
#5358 = CARTESIAN_POINT ( 'NONE',  ( -59.15216666029407833, -93.70061203898161750, -27.77497130614018062 ) ) ;
#5359 = CARTESIAN_POINT ( 'NONE',  ( -64.13729746650412267, -125.6146321825237209, -26.33290097976819766 ) ) ;
#5360 = CARTESIAN_POINT ( 'NONE',  ( 1.438753873264686289, -27.57050142053164876, -24.40957888674033782 ) ) ;
#5361 = CARTESIAN_POINT ( 'NONE',  ( -65.59919904544521785, -109.2792655075290327, -25.94043801428923146 ) ) ;
#5362 = CARTESIAN_POINT ( 'NONE',  ( -51.54414793888547308, -145.8359843923298342, -28.09992036092629419 ) ) ;
#5363 = CARTESIAN_POINT ( 'NONE',  ( -59.54765809707233615, -123.0080246237920534, -30.15856631045087966 ) ) ;
#5364 = CARTESIAN_POINT ( 'NONE',  ( -51.60142456852591408, -143.2825780900260781, -32.87432379008828320 ) ) ;
#5365 = CARTESIAN_POINT ( 'NONE',  ( -55.84041313021309350, -132.3855037837203099, -28.75136977065241339 ) ) ;
#5366 = CARTESIAN_POINT ( 'NONE',  ( -4.650930789410381294, -57.02179654032717337, -31.06096500296895613 ) ) ;
#5367 = CARTESIAN_POINT ( 'NONE',  ( -55.41717819466292383, -133.3518016793480570, -28.86316873718684661 ) ) ;
#5368 = CARTESIAN_POINT ( 'NONE',  ( -64.66195716302971164, -116.1332905057995646, -25.39219354872992440 ) ) ;
#5369 = CARTESIAN_POINT ( 'NONE',  ( -52.42900823292033863, -141.7707618011209831, -32.64068600530347908 ) ) ;
#5370 = CARTESIAN_POINT ( 'NONE',  ( -56.75532497117340824, -144.2358975330009514, -28.56509772500482569 ) ) ;
#5371 = CARTESIAN_POINT ( 'NONE',  ( -65.88117762432899838, -104.1683585513652588, -27.46152086913215129 ) ) ;
#5372 = CARTESIAN_POINT ( 'NONE',  ( -0.7634671155905021767, -16.87114812498764849, -13.00564927265628867 ) ) ;
#5373 = CARTESIAN_POINT ( 'NONE',  ( -34.32706234103802245, -79.71275429216366604, -34.73366292893192764 ) ) ;
#5374 = CARTESIAN_POINT ( 'NONE',  ( -4.525113268138520439, -4.449372343588333223, -7.065567129897434739 ) ) ;
#5375 = CARTESIAN_POINT ( 'NONE',  ( -55.54212667857719765, -133.8806330763587766, -28.12664736192977699 ) ) ;
#5376 = CARTESIAN_POINT ( 'NONE',  ( 3.080706449156872306, -38.78893025448611809, -22.17583021652908926 ) ) ;
#5377 = CARTESIAN_POINT ( 'NONE',  ( -61.07979588550983863, -111.1561197558071257, -26.96445025032002718 ) ) ;
#5378 = CARTESIAN_POINT ( 'NONE',  ( -42.38546710629542247, -82.26504988993686140, -36.12553819093548668 ) ) ;
#5379 = CARTESIAN_POINT ( 'NONE',  ( -66.93194318301051737, -116.5568650922314333, -27.39177286015548418 ) ) ;
#5380 = CARTESIAN_POINT ( 'NONE',  ( -2.472036349193353910, -23.81420692494236846, -20.26483528400284584 ) ) ;
#5381 = CARTESIAN_POINT ( 'NONE',  ( -60.48414175989139352, -121.7448750163437552, -30.57237199407491346 ) ) ;
#5382 = CARTESIAN_POINT ( 'NONE',  ( -38.47766826102146354, -82.47419923992110569, -33.60353683644195399 ) ) ;
#5383 = CARTESIAN_POINT ( 'NONE',  ( -56.81668285850677336, -145.0458483850341338, -30.85694397045234894 ) ) ;
#5384 = CARTESIAN_POINT ( 'NONE',  ( -40.52123333800501825, -83.72581317915965826, -33.59750958130751286 ) ) ;
#5385 = CARTESIAN_POINT ( 'NONE',  ( 1.565251567432894619, -39.42341263967245624, -21.52538410945341951 ) ) ;
#5386 = CARTESIAN_POINT ( 'NONE',  ( -42.21152821552004042, -83.04130461224725934, -35.68441235849414284 ) ) ;
#5387 = CARTESIAN_POINT ( 'NONE',  ( -51.25283139364388774, -153.8848237145877818, -33.05453683585884761 ) ) ;
#5388 = CARTESIAN_POINT ( 'NONE',  ( -43.45949023371581887, -79.58161508596849387, -31.13862984214567220 ) ) ;
#5389 = CARTESIAN_POINT ( 'NONE',  ( -65.27406334389445419, -117.5258867998975632, -30.73210545556137419 ) ) ;
#5390 = CARTESIAN_POINT ( 'NONE',  ( -37.79151997769648830, -74.79303258773380492, -35.75901427894346796 ) ) ;
#5391 = CARTESIAN_POINT ( 'NONE',  ( -53.48854895523483322, -140.6731728597220581, -27.76987740290343254 ) ) ;
#5392 = CARTESIAN_POINT ( 'NONE',  ( -52.66213820372769305, -139.1952316096696904, -31.14302806850844263 ) ) ;
#5393 = CARTESIAN_POINT ( 'NONE',  ( -1.076898919724679438, -31.56344884150824726, -20.49301390894436636 ) ) ;
#5394 = APPROVAL_STATUS ( 'not_yet_approved' ) ;
#5395 = CARTESIAN_POINT ( 'NONE',  ( -60.36693324885758472, -122.2426979271562288, -30.59661362965680809 ) ) ;
#5396 = CARTESIAN_POINT ( 'NONE',  ( -27.74785589573245659, -68.63584833728283741, -33.35463197648537914 ) ) ;
#5397 = CARTESIAN_POINT ( 'NONE',  ( -61.08201144833392249, -134.0106720405201486, -26.93157892840035572 ) ) ;
#5398 = CARTESIAN_POINT ( 'NONE',  ( -3.114206448931148508, -7.125789998776689949, -13.58902574328882551 ) ) ;
#5399 = CARTESIAN_POINT ( 'NONE',  ( -65.68133437761528626, -110.7590844136821886, -25.85052438326674107 ) ) ;
#5400 = CARTESIAN_POINT ( 'NONE',  ( -6.927911523245485981, -50.64422495144972203, -28.44895899331485367 ) ) ;
#5401 = CARTESIAN_POINT ( 'NONE',  ( -41.61148573780855742, -84.00467058201756743, -34.44802454580896267 ) ) ;
#5402 = CARTESIAN_POINT ( 'NONE',  ( -60.25300918782427573, -119.9406366846044278, -30.01132637500627354 ) ) ;
#5403 = CARTESIAN_POINT ( 'NONE',  ( -51.17378769109165404, -144.0485832564666566, -32.99646750477490542 ) ) ;
#5404 = CARTESIAN_POINT ( 'NONE',  ( -58.66141892950910375, -124.7803305195409251, -28.04802292666686370 ) ) ;
#5405 = CARTESIAN_POINT ( 'NONE',  ( 4.120372752874594369, -32.03026188723724488, -22.59855746856272063 ) ) ;
#5406 = CARTESIAN_POINT ( 'NONE',  ( -60.40739010815963894, -116.9147889851184772, -27.69254593939716713 ) ) ;
#5407 = CARTESIAN_POINT ( 'NONE',  ( -53.68109386976436781, -145.4905751201395105, -27.73545830692966163 ) ) ;
#5408 = CARTESIAN_POINT ( 'NONE',  ( -60.22851178333839073, -122.8032457593197790, -30.62595864745102503 ) ) ;
#5409 = CARTESIAN_POINT ( 'NONE',  ( -49.79815544641907366, -82.84981978560836069, -31.54803141581061965 ) ) ;
#5410 = CARTESIAN_POINT ( 'NONE',  ( -63.05432559779679025, -96.79029888454175534, -28.59778950346024828 ) ) ;
#5411 = CARTESIAN_POINT ( 'NONE',  ( -43.19849524677084673, -82.47782953681226559, -30.10138533318654197 ) ) ;
#5412 = CARTESIAN_POINT ( 'NONE',  ( -51.74188146172327407, -143.0286789538402843, -32.83430619241111970 ) ) ;
#5413 = CARTESIAN_POINT ( 'NONE',  ( -49.95761953331928851, -144.6451791674344634, -29.66734832869974525 ) ) ;
#5414 = CARTESIAN_POINT ( 'NONE',  ( -40.54046996449338280, -83.39235439138232664, -34.44436625408906139 ) ) ;
#5415 = CARTESIAN_POINT ( 'NONE',  ( -56.25167467295612767, -132.2710513176793370, -27.94218685940530378 ) ) ;
#5416 = CARTESIAN_POINT ( 'NONE',  ( -39.46333037462360949, -80.75754606209366671, -36.40782614838652620 ) ) ;
#5417 = CARTESIAN_POINT ( 'NONE',  ( -38.60983006455790445, -75.88023704001186331, -36.37141227816680811 ) ) ;
#5418 = CARTESIAN_POINT ( 'NONE',  ( -63.35103389178205191, -102.0043245721152374, -26.33870649022817645 ) ) ;
#5419 = CARTESIAN_POINT ( 'NONE',  ( -49.08590219961472911, -89.41820824937435930, -33.72464151848259206 ) ) ;
#5420 = CARTESIAN_POINT ( 'NONE',  ( 1.207718777526379128, -32.65331886096829095, -26.12882185278404634 ) ) ;
#5421 = CARTESIAN_POINT ( 'NONE',  ( -10.63365789295565023, -63.13310404700828116, -31.31067597334338970 ) ) ;
#5422 = CARTESIAN_POINT ( 'NONE',  ( 2.029221132464447575, -18.06194371617817040, -14.94979287511281463 ) ) ;
#5423 = CARTESIAN_POINT ( 'NONE',  ( -50.34562842335808597, -87.54280356990970802, -34.98841305464639362 ) ) ;
#5424 = CARTESIAN_POINT ( 'NONE',  ( -67.10348867116162808, -113.5580196541008036, -28.95621560558240404 ) ) ;
#5425 = CARTESIAN_POINT ( 'NONE',  ( -60.64775290344985592, -96.45024003197204365, -32.67525305878031361 ) ) ;
#5426 = CARTESIAN_POINT ( 'NONE',  ( -61.69978729931393246, -134.1025974729863606, -27.39462097760808490 ) ) ;
#5427 = CARTESIAN_POINT ( 'NONE',  ( -0.3320796676289800020, -7.005141371157470154, -5.372197546508165722 ) ) ;
#5428 = CARTESIAN_POINT ( 'NONE',  ( 1.915366528410916924, -4.487136022300796334, -5.565962097428681865 ) ) ;
#5429 = CARTESIAN_POINT ( 'NONE',  ( -42.98981875749864656, -159.1414942409104185, -30.56225419557824097 ) ) ;
#5430 = COORDINATED_UNIVERSAL_TIME_OFFSET ( 8, 0, .AHEAD. ) ;
#5431 = AXIS2_PLACEMENT_3D ( 'NONE', #2701, #3777, #456 ) ;
#5432 = CARTESIAN_POINT ( 'NONE',  ( 1.840741166687974051, -2.840391532607041025, -5.961615124242221952 ) ) ;
#5433 = CARTESIAN_POINT ( 'NONE',  ( -55.96479726813362987, -88.94093401803031895, -33.47323022169545936 ) ) ;
#5434 = CARTESIAN_POINT ( 'NONE',  ( -19.70725979177370135, -62.99706999948322306, -33.33678690506854991 ) ) ;
#5435 = CARTESIAN_POINT ( 'NONE',  ( -61.55399575053849048, -132.8858259555961752, -26.82837566769228488 ) ) ;
#5436 = CARTESIAN_POINT ( 'NONE',  ( -18.12258052435920064, -64.40522144921756365, -36.62796843413007508 ) ) ;
#5437 = CARTESIAN_POINT ( 'NONE',  ( -65.69626421120281634, -112.7810227282994333, -25.75533188847246535 ) ) ;
#5438 = CARTESIAN_POINT ( 'NONE',  ( -60.81068430110336465, -109.7237825900687227, -30.02835435539326880 ) ) ;
#5439 = CARTESIAN_POINT ( 'NONE',  ( -50.69556939201012824, -142.7090885994047369, -30.16919915155667198 ) ) ;
#5440 = CARTESIAN_POINT ( 'NONE',  ( -64.62342915514157937, -115.4614910935885490, -31.10062038495023273 ) ) ;
#5441 = CARTESIAN_POINT ( 'NONE',  ( 1.446737102815135900, -6.922168631694659346, -7.126202952265836110 ) ) ;
#5442 = CARTESIAN_POINT ( 'NONE',  ( -2.845378898676373058, -6.874640469789496500, -5.840166823374201677 ) ) ;
#5443 = CARTESIAN_POINT ( 'NONE',  ( -57.40637430598466295, -131.2890298603303734, -31.29654818105542091 ) ) ;
#5444 = CARTESIAN_POINT ( 'NONE',  ( -41.91461073519099045, -77.07863838129964051, -33.79189996244147665 ) ) ;
#5445 = CARTESIAN_POINT ( 'NONE',  ( -65.63849462411745606, -103.2472179667235537, -27.57298182404655051 ) ) ;
#5446 = CARTESIAN_POINT ( 'NONE',  ( -49.43387007823579182, -88.68397147025517313, -29.47227050168964269 ) ) ;
#5447 = CARTESIAN_POINT ( 'NONE',  ( -4.658367008968665957, -7.699141699170774622, -10.56927084045610243 ) ) ;
#5448 = CARTESIAN_POINT ( 'NONE',  ( -6.360102632909238274, -57.60891325808221808, -28.29077138102315558 ) ) ;
#5449 = CARTESIAN_POINT ( 'NONE',  ( -44.88549942864842279, -152.8889585906581772, -31.15284618090500501 ) ) ;
#5450 = CARTESIAN_POINT ( 'NONE',  ( -58.48250266020923505, -97.83265313370682748, -32.65724083732503402 ) ) ;
#5451 = CARTESIAN_POINT ( 'NONE',  ( -60.77835063518427461, -107.8644255519298838, -27.10982480995516042 ) ) ;
#5452 = CARTESIAN_POINT ( 'NONE',  ( -21.98566011904537376, -69.57309862421770674, -36.84561583822578257 ) ) ;
#5453 = CARTESIAN_POINT ( 'NONE',  ( -61.79315715722813707, -94.37729312490039035, -29.86266454240564627 ) ) ;
#5454 = CARTESIAN_POINT ( 'NONE',  ( -49.65130225391072827, -83.32907214135659046, -30.80303589938905517 ) ) ;
#5455 = CARTESIAN_POINT ( 'NONE',  ( -42.80312542317341951, -78.46833392364735005, -35.76231251568965064 ) ) ;
#5456 = CARTESIAN_POINT ( 'NONE',  ( -26.70891213723200153, -75.14841011348026711, -34.39263280070372275 ) ) ;
#5457 = CARTESIAN_POINT ( 'NONE',  ( -1.572695112886255409, -49.53390596575697913, -25.05818638599592418 ) ) ;
#5458 = CARTESIAN_POINT ( 'NONE',  ( -43.32238839419235887, -83.60272629257306676, -35.62127726968837749 ) ) ;
#5459 = CARTESIAN_POINT ( 'NONE',  ( -50.23235029255144468, -83.84067009955741412, -34.56607135043675783 ) ) ;
#5460 = CARTESIAN_POINT ( 'NONE',  ( -61.35531363603626431, -132.1340624607585426, -31.39786496516342496 ) ) ;
#5461 = CARTESIAN_POINT ( 'NONE',  ( -64.93430335885524585, -124.9954314601898915, -26.78397590681019835 ) ) ;
#5462 = CARTESIAN_POINT ( 'NONE',  ( -49.98992899824983738, -146.8498718813294772, -28.73846560719169574 ) ) ;
#5463 = CARTESIAN_POINT ( 'NONE',  ( -50.19216535210134111, -143.7387385597388061, -31.84539442159259437 ) ) ;
#5464 = CARTESIAN_POINT ( 'NONE',  ( -1.151673546845893181, -32.86607310319700304, -21.18700044515766834 ) ) ;
#5465 = CARTESIAN_POINT ( 'NONE',  ( -51.94442323900564418, -142.6604435476420747, -32.77678077421825265 ) ) ;
#5466 = CARTESIAN_POINT ( 'NONE',  ( -57.08512577972896196, -90.03082672992269408, -33.16766129618110881 ) ) ;
#5467 = CARTESIAN_POINT ( 'NONE',  ( -61.88591040340657656, -98.31356897502747927, -26.89083657733156940 ) ) ;
#5468 = CARTESIAN_POINT ( 'NONE',  ( 2.443576219066151189, -19.87115881421842900, -20.10942812645271616 ) ) ;
#5469 = CARTESIAN_POINT ( 'NONE',  ( -65.66381421419353615, -113.8126241619519874, -25.71843540345927437 ) ) ;
#5470 = CARTESIAN_POINT ( 'NONE',  ( -67.04191585281482446, -109.5882361472054924, -27.69149740343776855 ) ) ;
#5471 = CARTESIAN_POINT ( 'NONE',  ( -61.49616975436091337, -103.8051525823400141, -31.84217922519889399 ) ) ;
#5472 = CARTESIAN_POINT ( 'NONE',  ( -60.95703093371638204, -114.0541167937278146, -29.91906010359562629 ) ) ;
#5473 = CARTESIAN_POINT ( 'NONE',  ( -49.26593223431089541, -145.2086184701202001, -30.58061854487657172 ) ) ;
#5474 = CARTESIAN_POINT ( 'NONE',  ( -63.93963592559411069, -106.1051277131685282, -31.59571856978934079 ) ) ;
#5475 = CARTESIAN_POINT ( 'NONE',  ( 2.165978600729419945, -3.083864877125433335, -2.465695401944143939 ) ) ;
#5476 = CARTESIAN_POINT ( 'NONE',  ( 1.680610951715433732, -5.753401383504606947, -8.091664324059072655 ) ) ;
#5477 = CARTESIAN_POINT ( 'NONE',  ( -51.32284770811551766, -84.15559044096036700, -30.94551482681254129 ) ) ;
#5478 = CARTESIAN_POINT ( 'NONE',  ( -66.80571116935347220, -110.7947204049520877, -26.88141774118924943 ) ) ;
#5479 = CARTESIAN_POINT ( 'NONE',  ( -61.48063343277583925, -110.6180315215206917, -30.51107762331843531 ) ) ;
#5480 = CARTESIAN_POINT ( 'NONE',  ( -61.09196602309459223, -111.5842595858482866, -26.95213474415047727 ) ) ;
#5481 = DIRECTION ( 'NONE',  ( 1.000000000000000000, 0.000000000000000000, 0.000000000000000000 ) ) ;
#5482 = CARTESIAN_POINT ( 'NONE',  ( 1.669054832499715424, -7.270691287307382566, -9.512284690680077759 ) ) ;
#5483 = CARTESIAN_POINT ( 'NONE',  ( 0.6743264109013701324, -5.523457966535427310, -4.053383622843329093 ) ) ;
#5484 = CARTESIAN_POINT ( 'NONE',  ( -62.86430536434069438, -116.2011424836353513, -31.18246206044714341 ) ) ;
#5485 = CARTESIAN_POINT ( 'NONE',  ( 0.6608047603641516998, -27.04307062205479895, -17.28605965989137516 ) ) ;
#5486 = CARTESIAN_POINT ( 'NONE',  ( -41.63589959561900145, -81.89085689119319511, -36.19923004997696836 ) ) ;
#5487 = CARTESIAN_POINT ( 'NONE',  ( -67.02089515202612802, -109.3334426973538314, -27.70974050503849995 ) ) ;
#5488 = CARTESIAN_POINT ( 'NONE',  ( -64.68850894741396473, -108.2089746621610260, -25.71357647050566442 ) ) ;
#5489 = CARTESIAN_POINT ( 'NONE',  ( -60.76742168592290483, -123.1697429749764723, -31.12237706164378537 ) ) ;
#5490 = CARTESIAN_POINT ( 'NONE',  ( -2.055506799328736367, -15.81091846496332565, -19.17909346308870155 ) ) ;
#5491 = CARTESIAN_POINT ( 'NONE',  ( -60.90136208402407902, -104.6224738864367936, -31.44547053864048181 ) ) ;
#5492 = CARTESIAN_POINT ( 'NONE',  ( -18.91740862632199693, -69.70982347880979546, -33.04868002317500242 ) ) ;
#5493 = CARTESIAN_POINT ( 'NONE',  ( -30.55177440933013600, -76.17366806316678662, -36.51047777442418862 ) ) ;
#5494 = CARTESIAN_POINT ( 'NONE',  ( -42.54755690636476118, -79.73128912128842671, -36.44994565430662448 ) ) ;
#5495 = CARTESIAN_POINT ( 'NONE',  ( -1.417736626674549694, -10.46310422092816061, -16.35772872004442036 ) ) ;
#5496 = CARTESIAN_POINT ( 'NONE',  ( -66.83427581247678972, -112.0830155354797029, -26.81064867038440980 ) ) ;
#5497 = CARTESIAN_POINT ( 'NONE',  ( 0.1221908912282164972, -42.41679432901119640, -22.26089478630142082 ) ) ;
#5498 = CARTESIAN_POINT ( 'NONE',  ( -2.353113552966610289, -40.28310065631865911, -25.02834618435560543 ) ) ;
#5499 = CARTESIAN_POINT ( 'NONE',  ( -51.53077901229669067, -143.4098144226539659, -32.89447153092404363 ) ) ;
#5500 = CARTESIAN_POINT ( 'NONE',  ( -57.61676225240240967, -90.57839268203088068, -33.01914221233109004 ) ) ;
#5501 = CARTESIAN_POINT ( 'NONE',  ( -35.72408944173745482, -73.45996347161133144, -33.36399908825305261 ) ) ;
#5502 = CARTESIAN_POINT ( 'NONE',  ( -49.23974824590379029, -155.5380595528486083, -29.96681168657799077 ) ) ;
#5503 = CARTESIAN_POINT ( 'NONE',  ( -54.91190738839750196, -143.8204015375517884, -33.21650932423314373 ) ) ;
#5504 = CARTESIAN_POINT ( 'NONE',  ( -59.66341220555067082, -135.7338584198615479, -26.65044566048871033 ) ) ;
#5505 = CARTESIAN_POINT ( 'NONE',  ( -66.98607261054078776, -115.9970289001620785, -27.40186551898975154 ) ) ;
#5506 = CARTESIAN_POINT ( 'NONE',  ( -52.86505169861327857, -91.58426260208254632, -33.84599813072701124 ) ) ;
#5507 = CARTESIAN_POINT ( 'NONE',  ( -51.82284897269199320, -141.5851983289255429, -32.18850617933405545 ) ) ;
#5508 = CARTESIAN_POINT ( 'NONE',  ( -3.290055135517664819, -49.58935858106862327, -24.91466957105353330 ) ) ;
#5509 = CARTESIAN_POINT ( 'NONE',  ( -63.51515767428746528, -122.6280003431984511, -31.18772251061461631 ) ) ;
#5510 = CARTESIAN_POINT ( 'NONE',  ( 1.112070024389934852, -18.01849133246888002, -13.86557182038773028 ) ) ;
#5511 = CARTESIAN_POINT ( 'NONE',  ( -2.909865644879372937, -13.48171849692368696, -11.75994925699294491 ) ) ;
#5512 = CARTESIAN_POINT ( 'NONE',  ( 1.948147417196587572, -16.66877764700289077, -14.47398868688976670 ) ) ;
#5513 = CARTESIAN_POINT ( 'NONE',  ( -32.10585071433644089, -71.01280342850002114, -34.23179723024284726 ) ) ;
#5514 = CARTESIAN_POINT ( 'NONE',  ( -66.73623537091982882, -111.6166337706565486, -29.79318680512664130 ) ) ;
#5515 = CARTESIAN_POINT ( 'NONE',  ( -66.61567872855560779, -116.4039702414621189, -26.67044543934324352 ) ) ;
#5516 = CARTESIAN_POINT ( 'NONE',  ( -61.04018656059457015, -110.3101036993234771, -26.99268902398034342 ) ) ;
#5517 = CARTESIAN_POINT ( 'NONE',  ( -4.574656292276553238, -4.965338193230034669, -7.685076836538470957 ) ) ;
#5518 = CARTESIAN_POINT ( 'NONE',  ( 1.565251567432894619, -39.42341263967245624, -21.52538410945341951 ) ) ;
#5519 = CARTESIAN_POINT ( 'NONE',  ( -2.509432903062441156, -44.03517079228478792, -23.92194448300841714 ) ) ;
#5520 = CARTESIAN_POINT ( 'NONE',  ( -62.96814395384027563, -111.3375709202506840, -31.27940604898147470 ) ) ;
#5521 = CARTESIAN_POINT ( 'NONE',  ( 0.8159342508644582548, -31.13855992624786495, -18.85733922196411427 ) ) ;
#5522 = CARTESIAN_POINT ( 'NONE',  ( -60.79983106116764446, -133.5095864050850025, -31.52347715906868331 ) ) ;
#5523 = CARTESIAN_POINT ( 'NONE',  ( -44.91502252124330141, -79.72434798190252536, -35.26567185916346148 ) ) ;
#5524 = CARTESIAN_POINT ( 'NONE',  ( -61.82311814009374018, -117.8808973527475814, -30.93654430848842551 ) ) ;
#5525 = CARTESIAN_POINT ( 'NONE',  ( -4.023493585571874753, -1.285975277250428039, -5.370785288144612757 ) ) ;
#5526 = CARTESIAN_POINT ( 'NONE',  ( -61.89493918469474210, -108.9788806463079567, -31.10779949227140051 ) ) ;
#5527 = CARTESIAN_POINT ( 'NONE',  ( -19.82531039651499327, -70.38171127267133897, -33.20990639910387188 ) ) ;
#5528 = CARTESIAN_POINT ( 'NONE',  ( -21.52610135534656877, -70.17875758517183726, -36.34834590938847754 ) ) ;
#5529 = CARTESIAN_POINT ( 'NONE',  ( -27.34563404555370525, -70.13434893109487689, -37.27663652434496555 ) ) ;
#5530 = CARTESIAN_POINT ( 'NONE',  ( -61.44460390726019483, -131.9071245138214010, -31.37788865127597759 ) ) ;
#5531 = CARTESIAN_POINT ( 'NONE',  ( -4.863192717746571248, -47.28048657074368322, -27.48232656259113327 ) ) ;
#5532 = CARTESIAN_POINT ( 'NONE',  ( -66.76558926120583237, -110.0141824699246200, -26.92996952014483369 ) ) ;
#5533 = CARTESIAN_POINT ( 'NONE',  ( -3.639488231413520847, -52.13984600230308786, -25.74790126165733994 ) ) ;
#5534 = CARTESIAN_POINT ( 'NONE',  ( -2.000797552468688068, -7.144394475911844289, -5.630415193373303318 ) ) ;
#5535 = CARTESIAN_POINT ( 'NONE',  ( -47.40444198406778042, -83.04382970178077983, -35.56143476312362850 ) ) ;
#5536 = CARTESIAN_POINT ( 'NONE',  ( -64.73731624033770515, -108.6774640653128188, -25.68014057416218066 ) ) ;
#5537 = CARTESIAN_POINT ( 'NONE',  ( -21.66155965458005284, -71.69578185346573207, -33.45871223250610171 ) ) ;
#5538 = CARTESIAN_POINT ( 'NONE',  ( -48.57520493556680918, -154.4937864438045381, -34.98141470861607161 ) ) ;
#5539 = CARTESIAN_POINT ( 'NONE',  ( -54.12390737677058183, -146.4156529719544722, -28.03361910095899745 ) ) ;
#5540 = CARTESIAN_POINT ( 'NONE',  ( -65.28451404265503299, -125.0408764654146125, -27.49710890156104171 ) ) ;
#5541 = CARTESIAN_POINT ( 'NONE',  ( -47.79496057568744050, -87.70684685027191563, -34.46572514160203582 ) ) ;
#5542 = CARTESIAN_POINT ( 'NONE',  ( -48.14054090166829525, -148.0100105548511351, -33.25485419782365426 ) ) ;
#5543 = CARTESIAN_POINT ( 'NONE',  ( -45.84841657463164921, -87.41172433398449471, -31.39477870586462771 ) ) ;
#5544 = CARTESIAN_POINT ( 'NONE',  ( -64.14177718303541553, -119.5350915241334775, -31.10446304403891915 ) ) ;
#5545 = CARTESIAN_POINT ( 'NONE',  ( -43.42645197084645048, -154.5489449674791729, -32.31243740307010626 ) ) ;
#5546 = CARTESIAN_POINT ( 'NONE',  ( -1.648398963936925643, -28.74414120854451937, -20.12519768904001438 ) ) ;
#5547 = CARTESIAN_POINT ( 'NONE',  ( -49.52621795457866227, -146.9119554409935517, -33.47110975229283980 ) ) ;
#5548 = CARTESIAN_POINT ( 'NONE',  ( -43.59738920254410743, -78.20552691536079237, -33.49405402653291475 ) ) ;
#5549 = CARTESIAN_POINT ( 'NONE',  ( -66.59948215706648966, -116.2089368545155708, -29.63492378521452864 ) ) ;
#5550 = CARTESIAN_POINT ( 'NONE',  ( -61.79608034516463988, -133.8743838860420965, -27.37370851280219952 ) ) ;
#5551 = CARTESIAN_POINT ( 'NONE',  ( -60.49041944560983097, -118.7773342633304878, -26.96779858497315985 ) ) ;
#5552 = CARTESIAN_POINT ( 'NONE',  ( -43.64117818798424508, -78.36991037037225283, -34.23099518995148571 ) ) ;
#5553 = CARTESIAN_POINT ( 'NONE',  ( 3.278314462467343038, -26.19085358199586722, -18.40794245199193213 ) ) ;
#5554 = CARTESIAN_POINT ( 'NONE',  ( -10.48203041651583511, -58.16585782067804899, -28.32035706945911713 ) ) ;
#5555 = CARTESIAN_POINT ( 'NONE',  ( -62.90187409092541770, -110.4283565844867212, -31.32020893191617716 ) ) ;
#5556 = CARTESIAN_POINT ( 'NONE',  ( -7.182633388940560693, -53.57725009392277116, -26.95193682950374381 ) ) ;
#5557 = CARTESIAN_POINT ( 'NONE',  ( -64.72779927441243331, -120.9511252304187394, -30.76704577822420106 ) ) ;
#5558 = CARTESIAN_POINT ( 'NONE',  ( -60.79918355482823245, -137.0446881501030987, -28.37857676054040112 ) ) ;
#5559 = CARTESIAN_POINT ( 'NONE',  ( -57.81350003528781656, -131.9276029477315717, -31.81438803750869582 ) ) ;
#5560 = CARTESIAN_POINT ( 'NONE',  ( -2.121427168379942163, -48.79978702982140959, -31.49448902843628773 ) ) ;
#5561 = CARTESIAN_POINT ( 'NONE',  ( -60.37032357918412373, -103.1449015592177574, -31.60223416748964098 ) ) ;
#5562 = CARTESIAN_POINT ( 'NONE',  ( -61.52410934812351684, -111.2673798840779540, -30.48765543433696479 ) ) ;
#5563 = CARTESIAN_POINT ( 'NONE',  ( -64.43006181753561634, -108.7877349301803065, -31.37603780264779729 ) ) ;
#5564 = CARTESIAN_POINT ( 'NONE',  ( -62.15421452845792061, -134.0745527723028374, -29.58208267829215998 ) ) ;
#5565 = CARTESIAN_POINT ( 'NONE',  ( -2.463047857718549505, -2.664636741080878668, -9.433704141491062956 ) ) ;
#5566 = CARTESIAN_POINT ( 'NONE',  ( -1.958308870527313506, -23.43940079983493874, -17.46889901551879376 ) ) ;
#5567 = CARTESIAN_POINT ( 'NONE',  ( -7.973572663796918647, -58.77692695491659691, -28.30450144465917006 ) ) ;
#5568 = CARTESIAN_POINT ( 'NONE',  ( -62.96970706338397861, -114.6876372028067408, -31.19207480878471728 ) ) ;
#5569 = CARTESIAN_POINT ( 'NONE',  ( -59.18756751471855182, -92.31990767181778779, -32.57235913365035884 ) ) ;
#5570 = CARTESIAN_POINT ( 'NONE',  ( -62.31990228540485077, -126.6686327949230133, -25.67650441668957839 ) ) ;
#5571 = CARTESIAN_POINT ( 'NONE',  ( 2.633359024974097906, -22.08973145068960520, -16.64534454842433675 ) ) ;
#5572 = CARTESIAN_POINT ( 'NONE',  ( -55.19243896958107598, -143.3024100457971031, -33.14142951538646287 ) ) ;
#5573 = CARTESIAN_POINT ( 'NONE',  ( -48.48649692335293082, -155.5551398706833197, -29.57142152796799195 ) ) ;
#5574 = CARTESIAN_POINT ( 'NONE',  ( -65.58752495538080041, -123.9061200061485550, -27.45655032120404115 ) ) ;
#5575 = CARTESIAN_POINT ( 'NONE',  ( -55.05598102689085493, -135.1718350500727297, -31.29206352545601533 ) ) ;
#5576 = CARTESIAN_POINT ( 'NONE',  ( -41.52337338029342106, -83.84145126255749858, -31.24547288467076100 ) ) ;
#5577 = CARTESIAN_POINT ( 'NONE',  ( -63.48648216354345664, -104.4198213737936811, -31.76949024219081963 ) ) ;
#5578 = CARTESIAN_POINT ( 'NONE',  ( -49.63308179494552519, -144.5768885890967113, -30.47401141781808320 ) ) ;
#5579 = CARTESIAN_POINT ( 'NONE',  ( -2.751150855770648107, -6.171045473544530147, -5.015637758298159277 ) ) ;
#5580 = CARTESIAN_POINT ( 'NONE',  ( -3.250000000000000444, 4.158455393585458477E-16, 0.000000000000000000 ) ) ;
#5581 = CARTESIAN_POINT ( 'NONE',  ( -65.70063521633974801, -111.5220113820882091, -25.81105853322237564 ) ) ;
#5582 = CARTESIAN_POINT ( 'NONE',  ( -36.49328932906215073, -77.17374320824281142, -37.26839485639656857 ) ) ;
#5583 = CARTESIAN_POINT ( 'NONE',  ( -46.85085584929201730, -160.1903343502665393, -31.24979704151323290 ) ) ;
#5584 = CARTESIAN_POINT ( 'NONE',  ( -59.51278685365236498, -123.0871980570042581, -27.15718253503409940 ) ) ;
#5585 = CARTESIAN_POINT ( 'NONE',  ( -3.837684981613521007, -48.83191105654152864, -31.31788593410395904 ) ) ;
#5586 = VERTEX_POINT ( 'NONE', #3912 ) ;
#5587 = CARTESIAN_POINT ( 'NONE',  ( 0.6608047603641516998, -27.04307062205479895, -17.28605965989137516 ) ) ;
#5588 = CARTESIAN_POINT ( 'NONE',  ( -62.90667913556423230, -115.6912612945516656, -31.18363443034339255 ) ) ;
#5589 = CARTESIAN_POINT ( 'NONE',  ( -5.093370057206604962, -50.03858553511611262, -25.88542766888936697 ) ) ;
#5590 = CARTESIAN_POINT ( 'NONE',  ( -65.55259361064152301, -112.7248240231258904, -30.83062346775852802 ) ) ;
#5591 = CARTESIAN_POINT ( 'NONE',  ( -65.81559310120927364, -122.9883651879146953, -27.42833545260461037 ) ) ;
#5592 = CARTESIAN_POINT ( 'NONE',  ( -58.20950763514500892, -130.9414868806651953, -31.71491829996685752 ) ) ;
#5593 = CARTESIAN_POINT ( 'NONE',  ( -53.16225407515563006, -85.03668766928126388, -32.54647855079904417 ) ) ;
#5594 = CARTESIAN_POINT ( 'NONE',  ( -49.38392729380815638, -89.64580704123584098, -33.69974488852601979 ) ) ;
#5595 = CARTESIAN_POINT ( 'NONE',  ( -51.03372380365305361, -145.0764059822017202, -28.44481882376354420 ) ) ;
#5596 = CARTESIAN_POINT ( 'NONE',  ( -56.06093608069708267, -96.71597670752844067, -31.90613702286512776 ) ) ;
#5597 = CARTESIAN_POINT ( 'NONE',  ( -64.60671798716059300, -110.4286528636169606, -31.27322479258215537 ) ) ;
#5598 = CARTESIAN_POINT ( 'NONE',  ( -62.48779789925921335, -133.2643677398271507, -29.51025426460818579 ) ) ;
#5599 = CARTESIAN_POINT ( 'NONE',  ( -60.31002687968452136, -134.6729568671188417, -31.63684944652081654 ) ) ;
#5600 = CARTESIAN_POINT ( 'NONE',  ( -28.51872196402127813, -71.27711307571836130, -31.54433467406679625 ) ) ;
#5601 = CARTESIAN_POINT ( 'NONE',  ( -66.98751125963796937, -115.7537326279239380, -28.89102021779771690 ) ) ;
#5602 = CARTESIAN_POINT ( 'NONE',  ( -60.85232854307972872, -110.1356078833629653, -30.01086631169836494 ) ) ;
#5603 = CARTESIAN_POINT ( 'NONE',  ( -61.00389741143087008, -125.5146547671584756, -31.48552030622651188 ) ) ;
#5604 = CARTESIAN_POINT ( 'NONE',  ( -65.30837666906711547, -123.7181491833764824, -29.70195453416387465 ) ) ;
#5605 = CARTESIAN_POINT ( 'NONE',  ( -59.02704977540918208, -135.1061688320552321, -26.38620000791536668 ) ) ;
#5606 = CARTESIAN_POINT ( 'NONE',  ( 2.722870788284201371, -33.63892443086011497, -20.21689219658431824 ) ) ;
#5607 = CARTESIAN_POINT ( 'NONE',  ( -56.40342351856736514, -141.0064930666974590, -32.82105087024100243 ) ) ;
#5608 = CARTESIAN_POINT ( 'NONE',  ( -58.80110070729897132, -137.5820068363571238, -26.85197726213523595 ) ) ;
#5609 = CARTESIAN_POINT ( 'NONE',  ( -62.32614776258095191, -133.5458859875876101, -28.04367888796718233 ) ) ;
#5610 = CARTESIAN_POINT ( 'NONE',  ( -50.57378988260555275, -143.8440880623686269, -32.54541736951176034 ) ) ;
#5611 = CARTESIAN_POINT ( 'NONE',  ( -15.75630075525089424, -66.19106025343077704, -30.78659374486133160 ) ) ;
#5612 = CARTESIAN_POINT ( 'NONE',  ( -56.37404542670498842, -94.19528243670333723, -27.75206592970883079 ) ) ;
#5613 = CARTESIAN_POINT ( 'NONE',  ( -60.28462324457865407, -108.1574849084375813, -29.35943890328039885 ) ) ;
#5614 = CARTESIAN_POINT ( 'NONE',  ( -57.94954116049316895, -94.84536341798401793, -27.41163095218965395 ) ) ;
#5615 = CARTESIAN_POINT ( 'NONE',  ( -0.7323226330275242058, -47.57443786557775667, -24.32430771499887001 ) ) ;
#5616 = CARTESIAN_POINT ( 'NONE',  ( -65.66381421419353615, -113.8126241619519874, -25.71843540345927437 ) ) ;
#5617 = CARTESIAN_POINT ( 'NONE',  ( -66.10352728735951189, -106.1688924492353863, -30.20825520453590229 ) ) ;
#5618 = CARTESIAN_POINT ( 'NONE',  ( -65.36697586022002326, -123.3649266204501913, -26.72499482237497048 ) ) ;
#5619 = CARTESIAN_POINT ( 'NONE',  ( -51.35861321476831165, -87.03179759104311586, -29.08423300774669684 ) ) ;
#5620 = CARTESIAN_POINT ( 'NONE',  ( -26.36323220682019652, -67.52269118571351214, -34.92307025944289478 ) ) ;
#5621 = CARTESIAN_POINT ( 'NONE',  ( -51.82980619894704688, -92.19558294103994456, -32.66926948404347542 ) ) ;
#5622 = CARTESIAN_POINT ( 'NONE',  ( -44.60612610821726065, -84.85587839902238727, -30.20393632604526957 ) ) ;
#5623 = CARTESIAN_POINT ( 'NONE',  ( -58.19283409862029544, -133.2380930883933843, -32.14568113675299088 ) ) ;
#5624 = CARTESIAN_POINT ( 'NONE',  ( 0.3459076189818661162, -7.961899437838841465, -6.747971223944694508 ) ) ;
#5625 = CARTESIAN_POINT ( 'NONE',  ( -64.63820929492577250, -121.3923830725491797, -30.77763358381733738 ) ) ;
#5626 = CARTESIAN_POINT ( 'NONE',  ( -66.54639955128821782, -119.4156051046207239, -27.37175606350953672 ) ) ;
#5627 = CARTESIAN_POINT ( 'NONE',  ( -0.4623004570555973580, -8.389938467666306465, -6.803105070642764929 ) ) ;
#5628 = CARTESIAN_POINT ( 'NONE',  ( -0.3665753460850681988, -50.00437565303803211, -26.12859226457254991 ) ) ;
#5629 = CARTESIAN_POINT ( 'NONE',  ( -54.09788631337072928, -85.79790991125352662, -32.24733107112178487 ) ) ;
#5630 = CARTESIAN_POINT ( 'NONE',  ( -61.08364997976836719, -121.8615447706972788, -31.05840926574378358 ) ) ;
#5631 = CARTESIAN_POINT ( 'NONE',  ( -0.5043688720372138112, -12.23336051479423325, -9.997864516914418687 ) ) ;
#5632 = CARTESIAN_POINT ( 'NONE',  ( -60.94025069781615400, -106.9374629889995987, -30.71660962551216301 ) ) ;
#5633 = CARTESIAN_POINT ( 'NONE',  ( -59.60374779526415523, -134.2303249701998311, -32.01501538401259950 ) ) ;
#5634 = CARTESIAN_POINT ( 'NONE',  ( -61.45216736734040097, -135.7162437885208135, -29.73547692696731914 ) ) ;
#5635 = CARTESIAN_POINT ( 'NONE',  ( 2.952631864213959290, -42.41272717239800016, -27.44013574616714024 ) ) ;
#5636 = CARTESIAN_POINT ( 'NONE',  ( -14.54193486948414993, -59.77464901358281679, -30.58495362598674205 ) ) ;
#5637 = CARTESIAN_POINT ( 'NONE',  ( -63.35535706860868999, -97.39738402718813859, -30.71826996259615328 ) ) ;
#5638 = CARTESIAN_POINT ( 'NONE',  ( -60.51818030097231826, -107.7286385719450408, -30.13353096348842186 ) ) ;
#5639 = CARTESIAN_POINT ( 'NONE',  ( -62.96814395384027563, -111.3375709202506840, -31.27940604898147470 ) ) ;
#5640 = CARTESIAN_POINT ( 'NONE',  ( -62.48971777962376706, -132.3960790286379847, -30.21875421747715507 ) ) ;
#5641 = CARTESIAN_POINT ( 'NONE',  ( -64.32904197503525268, -118.5560543080401317, -25.39204964155804944 ) ) ;
#5642 = CARTESIAN_POINT ( 'NONE',  ( -0.2468804457994325796, -46.25622469060269992, -23.84197862491162212 ) ) ;
#5643 = CARTESIAN_POINT ( 'NONE',  ( -51.32467288168840724, -87.11932105481071176, -34.94359154707387916 ) ) ;
#5644 = CARTESIAN_POINT ( 'NONE',  ( -53.74169667849263732, -147.0753202731401927, -28.13500568345785524 ) ) ;
#5645 = CARTESIAN_POINT ( 'NONE',  ( -1.150870695527761667, -26.26193028861861833, -23.37702419019686673 ) ) ;
#5646 = CARTESIAN_POINT ( 'NONE',  ( 1.680610951715433732, -5.753401383504606947, -8.091664324059072655 ) ) ;
#5647 = CARTESIAN_POINT ( 'NONE',  ( -7.980978725593621093, -57.48184140202692305, -27.66861972253403223 ) ) ;
#5648 = CARTESIAN_POINT ( 'NONE',  ( -9.807735366720772063, -54.47187720157045732, -29.43637994123022850 ) ) ;
#5649 = CARTESIAN_POINT ( 'NONE',  ( -41.52337338029342106, -83.84145126255749858, -31.24547288467076100 ) ) ;
#5650 = CARTESIAN_POINT ( 'NONE',  ( -46.26788456953007511, -81.90737333739787118, -30.54040849320644213 ) ) ;
#5651 = CARTESIAN_POINT ( 'NONE',  ( -60.75661415785221919, -106.1669922064733811, -30.77537643113175392 ) ) ;
#5652 = CARTESIAN_POINT ( 'NONE',  ( -65.50871911765852929, -108.3114265990374747, -26.00980602958354737 ) ) ;
#5653 = CARTESIAN_POINT ( 'NONE',  ( -41.80034298303007745, -80.23490582998336151, -36.62388857033921141 ) ) ;
#5654 = CARTESIAN_POINT ( 'NONE',  ( -61.50393688625580779, -134.5610002680609512, -27.43753965684718921 ) ) ;
#5655 = CARTESIAN_POINT ( 'NONE',  ( -59.49644336831180880, -97.35167640618418261, -26.97397392709108033 ) ) ;
#5656 = CARTESIAN_POINT ( 'NONE',  ( -2.557297464520019048, -18.44281916444600355, -19.43820545998411475 ) ) ;
#5657 = CARTESIAN_POINT ( 'NONE',  ( -29.16304963538197370, -76.59967945217584884, -33.50971571952332795 ) ) ;
#5658 = CARTESIAN_POINT ( 'NONE',  ( -0.1919030784034692350, -19.04808348459070544, -14.03582638202082578 ) ) ;
#5659 = CARTESIAN_POINT ( 'NONE',  ( -51.15321459477627286, -147.0663349216543452, -34.04534600878464090 ) ) ;
#5660 = CARTESIAN_POINT ( 'NONE',  ( -60.32007817351317414, -107.6540186535171699, -27.87367636697606343 ) ) ;
#5661 = CARTESIAN_POINT ( 'NONE',  ( -65.52594850048603803, -114.2833145718379910, -30.78009337934712164 ) ) ;
#5662 = CARTESIAN_POINT ( 'NONE',  ( -66.72243776734420351, -118.2606970265503890, -27.37356313788959028 ) ) ;
#5663 = CC_DESIGN_PERSON_AND_ORGANIZATION_ASSIGNMENT ( #1516, #3346, ( #5787 ) ) ;
#5664 = CARTESIAN_POINT ( 'NONE',  ( -47.58249469900599138, -150.7690015730238144, -29.42739738831862439 ) ) ;
#5665 = CARTESIAN_POINT ( 'NONE',  ( -47.65183389898474076, -151.2186424344900786, -34.63596148877319791 ) ) ;
#5666 = CARTESIAN_POINT ( 'NONE',  ( 1.885656912728374435, -12.58749784335348743, -14.49987691354977137 ) ) ;
#5667 = DATE_AND_TIME ( #2308, #3668 ) ;
#5668 = CARTESIAN_POINT ( 'NONE',  ( -33.60590361414881500, -76.11971425668821212, -30.95390675743244557 ) ) ;
#5669 = CARTESIAN_POINT ( 'NONE',  ( -40.41698306541100294, -83.60710123408566119, -32.79110430746327864 ) ) ;
#5670 = CARTESIAN_POINT ( 'NONE',  ( -56.14249020652898281, -141.5113911400598568, -32.88945988154088695 ) ) ;
#5671 = CARTESIAN_POINT ( 'NONE',  ( -67.02752150925680041, -115.1987974029702286, -28.90419340920188063 ) ) ;
#5672 = CARTESIAN_POINT ( 'NONE',  ( -17.34140966514230442, -64.84740962821527432, -36.59899427611232170 ) ) ;
#5673 = CARTESIAN_POINT ( 'NONE',  ( -62.09997769586673400, -107.9440520666775285, -26.04075473880786973 ) ) ;
#5674 = CARTESIAN_POINT ( 'NONE',  ( -64.81232619540854500, -100.4975772958699309, -30.18857466947944346 ) ) ;
#5675 = CARTESIAN_POINT ( 'NONE',  ( -57.96623597419257834, -100.4870056108596827, -30.80862114456586554 ) ) ;
#5676 = CARTESIAN_POINT ( 'NONE',  ( -62.16205967311051239, -120.8967711484534817, -31.26190582622848879 ) ) ;
#5677 = CARTESIAN_POINT ( 'NONE',  ( -65.25669779637931356, -123.9241255120608116, -29.70891207755654051 ) ) ;
#5678 = CARTESIAN_POINT ( 'NONE',  ( -62.51136334336794675, -126.0654464393493583, -25.64153266185767066 ) ) ;
#5679 = CARTESIAN_POINT ( 'NONE',  ( -46.33602195932630252, -87.73772030977201553, -33.02902197961527264 ) ) ;
#5680 = CARTESIAN_POINT ( 'NONE',  ( -47.92592209999510544, -85.03098923500758133, -35.49599069348583669 ) ) ;
#5681 = CARTESIAN_POINT ( 'NONE',  ( -57.33818758980802244, -143.9492148682010964, -29.20995172158164976 ) ) ;
#5682 = CARTESIAN_POINT ( 'NONE',  ( -45.39306526300990186, -87.04145164724526751, -32.99888317346170652 ) ) ;
#5683 = CARTESIAN_POINT ( 'NONE',  ( -58.92438748183882069, -123.9308673196661630, -29.49892754188017463 ) ) ;
#5684 = CARTESIAN_POINT ( 'NONE',  ( -28.51872196402127813, -71.27711307571836130, -31.54433467406679625 ) ) ;
#5685 = CARTESIAN_POINT ( 'NONE',  ( -47.00890177981350604, -88.44333847396663373, -31.42348447982569581 ) ) ;
#5686 = CARTESIAN_POINT ( 'NONE',  ( -49.46688811858625456, -85.02094324585573304, -29.64404413343724087 ) ) ;
#5687 = CARTESIAN_POINT ( 'NONE',  ( -56.38661375273604648, -133.7137592306119132, -31.56174419456544200 ) ) ;
#5688 = CARTESIAN_POINT ( 'NONE',  ( -34.72740495911298808, -80.01026412075174221, -33.02342768911216098 ) ) ;
#5689 = CARTESIAN_POINT ( 'NONE',  ( -63.78339396626817148, -124.7133453882415211, -25.81187437841778021 ) ) ;
#5690 = CARTESIAN_POINT ( 'NONE',  ( -55.70827168209589786, -87.82819851617747986, -30.18623086442813630 ) ) ;
#5691 = CARTESIAN_POINT ( 'NONE',  ( -51.25283139364388774, -153.8848237145877818, -33.05453683585884761 ) ) ;
#5692 = CARTESIAN_POINT ( 'NONE',  ( -41.91461073519099045, -77.07863838129964051, -33.79189996244147665 ) ) ;
#5693 = CARTESIAN_POINT ( 'NONE',  ( -63.05676578963218049, -108.6910616558745062, -25.68473636878882260 ) ) ;
#5694 = CARTESIAN_POINT ( 'NONE',  ( -50.31990975665573274, -83.07453682238062243, -32.08249575748464366 ) ) ;
#5695 = CARTESIAN_POINT ( 'NONE',  ( -61.17366899829345073, -108.1240519820998713, -30.63674688574682747 ) ) ;
#5696 = CARTESIAN_POINT ( 'NONE',  ( -53.12125264708012651, -93.51364562175751871, -29.48054155098206763 ) ) ;
#5697 = CARTESIAN_POINT ( 'NONE',  ( -60.21123559148286830, -127.9903504259727356, -31.66033000680319631 ) ) ;
#5698 = CARTESIAN_POINT ( 'NONE',  ( -37.00108533174451253, -79.09650890578558347, -30.70792399682160578 ) ) ;
#5699 = CARTESIAN_POINT ( 'NONE',  ( -11.52096608997359795, -60.98367600700616720, -35.38627909923874171 ) ) ;
#5700 = CARTESIAN_POINT ( 'NONE',  ( -65.44855060783400802, -124.4387130824042913, -27.47499782835691562 ) ) ;
#5701 = CARTESIAN_POINT ( 'NONE',  ( -59.74337710460490314, -126.4524785997525385, -26.20536277070671716 ) ) ;
#5702 = CARTESIAN_POINT ( 'NONE',  ( 3.933204570482016660, -28.01467789473235825, -20.47017221374559526 ) ) ;
#5703 = CARTESIAN_POINT ( 'NONE',  ( -60.11610782822495480, -125.5141677055266172, -31.26259955530553825 ) ) ;
#5704 = CARTESIAN_POINT ( 'NONE',  ( -59.91108436233420775, -104.0420507068073306, -27.39763020150180139 ) ) ;
#5705 = CARTESIAN_POINT ( 'NONE',  ( -60.32464205383343625, -104.6728119367319323, -30.90598401328271905 ) ) ;
#5706 = CARTESIAN_POINT ( 'NONE',  ( -63.81597855645307504, -121.2571082775545506, -31.14352282511847037 ) ) ;
#5707 = CALENDAR_DATE ( 2026, 27, 7 ) ;
#5708 = CARTESIAN_POINT ( 'NONE',  ( -65.19450536002933916, -125.4453107127264673, -28.99941727773201094 ) ) ;
#5709 = CARTESIAN_POINT ( 'NONE',  ( -28.73136024926430565, -72.05664846484395980, -37.48438190404542070 ) ) ;
#5710 = CARTESIAN_POINT ( 'NONE',  ( -62.32882203487208272, -110.5343747133662760, -25.90407173601006008 ) ) ;
#5711 = CARTESIAN_POINT ( 'NONE',  ( -44.40380973124007369, -80.71621784998396265, -36.06922514820390546 ) ) ;
#5712 = CARTESIAN_POINT ( 'NONE',  ( -24.56262913922172331, -73.57692533054319028, -32.86266136301573937 ) ) ;
#5713 = CARTESIAN_POINT ( 'NONE',  ( -59.26893515646401056, -130.5675494717071672, -31.88116163592000873 ) ) ;
#5714 = CARTESIAN_POINT ( 'NONE',  ( -66.38518596319916298, -118.1657019936549631, -29.61310081472033318 ) ) ;
#5715 = CARTESIAN_POINT ( 'NONE',  ( -46.09454123664474423, -157.6086641848901593, -29.84367938898598638 ) ) ;
#5716 = CARTESIAN_POINT ( 'NONE',  ( -48.28165301693934452, -85.22507200035029484, -35.44658570471626291 ) ) ;
#5717 = CARTESIAN_POINT ( 'NONE',  ( -55.52688411215660125, -147.1983290582378743, -29.67338427968223158 ) ) ;
#5718 = CARTESIAN_POINT ( 'NONE',  ( 1.565251567432894619, -39.42341263967245624, -21.52538410945341951 ) ) ;
#5719 = CARTESIAN_POINT ( 'NONE',  ( -50.33243191543644457, -91.45574672197969335, -31.27778622633996974 ) ) ;
#5720 = CARTESIAN_POINT ( 'NONE',  ( -31.31896610824805904, -72.95995418111249364, -31.50758469549061402 ) ) ;
#5721 = CARTESIAN_POINT ( 'NONE',  ( -48.41549452734609815, -89.70872667404054823, -31.41295732438321409 ) ) ;
#5722 = CARTESIAN_POINT ( 'NONE',  ( -19.60120140668046318, -63.78437609495854588, -31.87420188699267953 ) ) ;
#5723 = CARTESIAN_POINT ( 'NONE',  ( -57.13970908641276480, -131.9420766125641364, -31.36502999619118626 ) ) ;
#5724 = CARTESIAN_POINT ( 'NONE',  ( -41.78307874800636057, -84.51684667825404063, -32.82425114909919017 ) ) ;
#5725 = CARTESIAN_POINT ( 'NONE',  ( -59.76710183718307690, -135.5054591629944127, -26.62664701560333214 ) ) ;
#5726 = CARTESIAN_POINT ( 'NONE',  ( -66.26366990476320495, -111.6708803370280663, -26.31934331150860729 ) ) ;
#5727 = CARTESIAN_POINT ( 'NONE',  ( -61.63839634822547708, -134.4785790766398179, -30.40381255630481405 ) ) ;
#5728 = CARTESIAN_POINT ( 'NONE',  ( -4.360494295882869409, -4.277706554993025989, -5.619527060841702948 ) ) ;
#5729 = CARTESIAN_POINT ( 'NONE',  ( -62.95519393653348317, -107.8127813562741721, -25.74211937934299144 ) ) ;
#5730 = CARTESIAN_POINT ( 'NONE',  ( -4.691792514476211373, -53.99561919932556009, -26.44120451305967734 ) ) ;
#5731 = CARTESIAN_POINT ( 'NONE',  ( -30.56875298154693255, -77.46479795354684939, -33.39480843588454917 ) ) ;
#5732 = CARTESIAN_POINT ( 'NONE',  ( -55.72423560596777747, -96.72739226582396554, -29.00517949248359173 ) ) ;
#5733 = CARTESIAN_POINT ( 'NONE',  ( -58.70251383672454892, -132.0023297091940151, -32.01886059451751976 ) ) ;
#5734 = CARTESIAN_POINT ( 'NONE',  ( -49.32006440029768868, -89.56836849978274984, -29.97492311862281156 ) ) ;
#5735 = CARTESIAN_POINT ( 'NONE',  ( 3.238880645066823938, -31.81592440980953640, -24.92068674154916152 ) ) ;
#5736 = CARTESIAN_POINT ( 'NONE',  ( -4.683018339901497740, -5.223663115097721743, -9.147622318732308244 ) ) ;
#5737 = CARTESIAN_POINT ( 'NONE',  ( -60.05535877119648802, -125.4885208010828279, -26.13829763930679562 ) ) ;
#5738 = CARTESIAN_POINT ( 'NONE',  ( 1.249268673315363065, -5.755790479144996752, -10.28904358089982374 ) ) ;
#5739 = CARTESIAN_POINT ( 'NONE',  ( -60.94025069781615400, -106.9374629889995987, -30.71660962551216301 ) ) ;
#5740 = CARTESIAN_POINT ( 'NONE',  ( -49.83166524000292696, -144.3718728161396143, -31.95012865986667805 ) ) ;
#5741 = CARTESIAN_POINT ( 'NONE',  ( -49.63963847635401549, -147.9472197465316015, -34.05767833289134927 ) ) ;
#5742 = CARTESIAN_POINT ( 'NONE',  ( -8.635894345927757954, -54.47292091789729085, -27.85905410158093076 ) ) ;
#5743 = CARTESIAN_POINT ( 'NONE',  ( -51.31758783062835505, -143.7923858117736415, -32.95533384305549873 ) ) ;
#5744 = CARTESIAN_POINT ( 'NONE',  ( 3.636539215356865196, -41.10017417408240448, -25.29944751023984395 ) ) ;
#5745 = CARTESIAN_POINT ( 'NONE',  ( -2.963241513927408644, -49.95452021407412246, -31.96134511293138303 ) ) ;
#5746 = CARTESIAN_POINT ( 'NONE',  ( -61.92425096137996832, -117.6037197076567367, -25.81259140230978488 ) ) ;
#5747 = CARTESIAN_POINT ( 'NONE',  ( -50.92542084044588080, -84.26456705654699419, -34.37162272571855937 ) ) ;
#5748 = CARTESIAN_POINT ( 'NONE',  ( -59.13080064000978098, -102.9890721105092268, -30.52919840695500753 ) ) ;
#5749 = CARTESIAN_POINT ( 'NONE',  ( 1.696456640980667618, 2.899737436731892437, 0.000000000000000000 ) ) ;
#5750 = CARTESIAN_POINT ( 'NONE',  ( -66.69832129060078785, -114.8124226231076221, -29.66585013593687137 ) ) ;
#5751 = CARTESIAN_POINT ( 'NONE',  ( -2.997018313056997396, -9.381121785720527129, -8.380710154063311990 ) ) ;
#5752 = CARTESIAN_POINT ( 'NONE',  ( -60.44338419760055814, -105.0512187869259577, -30.87055417336440755 ) ) ;
#5753 = CARTESIAN_POINT ( 'NONE',  ( 1.807332897492932799, -46.83043804159781587, -27.33997651161218201 ) ) ;
#5754 = CARTESIAN_POINT ( 'NONE',  ( -4.635515308685947744, -4.404706911524183255, -8.219250099253908814 ) ) ;
#5755 = CARTESIAN_POINT ( 'NONE',  ( 3.318104196223289115, -29.10726478316374966, -19.30596935213463183 ) ) ;
#5756 = CARTESIAN_POINT ( 'NONE',  ( -60.29781159580860361, -117.5424193613723531, -29.21487902724282293 ) ) ;
#5757 = CARTESIAN_POINT ( 'NONE',  ( -57.62267112846929251, -95.98032359341563335, -27.44776617351377013 ) ) ;
#5758 = CARTESIAN_POINT ( 'NONE',  ( -59.01274996450668198, -103.4083555402964549, -29.72367227391462308 ) ) ;
#5759 = CARTESIAN_POINT ( 'NONE',  ( -53.73657441156665726, -89.59751078089365706, -28.45652258745668917 ) ) ;
#5760 = CARTESIAN_POINT ( 'NONE',  ( -59.42014330632255792, -125.6906337036512440, -30.80596428452615854 ) ) ;
#5761 = CARTESIAN_POINT ( 'NONE',  ( -36.76101194662572169, -81.27147695726408472, -32.88212243996962059 ) ) ;
#5762 = CARTESIAN_POINT ( 'NONE',  ( -53.97506758538341387, -146.6734618547303626, -28.07305622405123913 ) ) ;
#5763 = CARTESIAN_POINT ( 'NONE',  ( -65.89576327705206893, -117.5488415386455614, -26.15854810599374503 ) ) ;
#5764 = CARTESIAN_POINT ( 'NONE',  ( -56.98070446547110635, -144.0997033528589384, -31.52811885459228591 ) ) ;
#5765 = CARTESIAN_POINT ( 'NONE',  ( -2.903636004594304598, -19.09467356585148679, -19.03150167473593157 ) ) ;
#5766 = CARTESIAN_POINT ( 'NONE',  ( -62.75745264562189618, -117.7553772424567313, -25.46537173951633193 ) ) ;
#5767 = CARTESIAN_POINT ( 'NONE',  ( -41.67442095813694181, -84.42473509930142939, -32.01246553078256341 ) ) ;
#5768 = CARTESIAN_POINT ( 'NONE',  ( -61.48063343277583925, -110.6180315215206917, -30.51107762331843531 ) ) ;
#5769 = CARTESIAN_POINT ( 'NONE',  ( -60.65789264387866098, -110.6601320807835265, -27.73683351781666673 ) ) ;
#5770 = CARTESIAN_POINT ( 'NONE',  ( -52.06591171180244970, -145.4770992145015214, -33.78783762664971846 ) ) ;
#5771 = CARTESIAN_POINT ( 'NONE',  ( -48.78682853504010097, -89.02665249293883676, -30.01882320239795376 ) ) ;
#5772 = CARTESIAN_POINT ( 'NONE',  ( -2.903636004594304598, -19.09467356585148679, -19.03150167473593157 ) ) ;
#5773 = CARTESIAN_POINT ( 'NONE',  ( 0.3461452957920260198, -48.49685443826842857, -29.77939171089909465 ) ) ;
#5774 = CARTESIAN_POINT ( 'NONE',  ( -1.679774014458028430, -20.52277227068388754, -21.28276352736545718 ) ) ;
#5775 = CARTESIAN_POINT ( 'NONE',  ( 0.8508480103472351175, -3.250000000000000444, 0.000000000000000000 ) ) ;
#5776 = CARTESIAN_POINT ( 'NONE',  ( -46.21545842634792933, -153.4752002071306549, -35.06012634898813474 ) ) ;
#5777 = CARTESIAN_POINT ( 'NONE',  ( -61.56718018976166462, -112.3722078674576608, -30.45520403026643663 ) ) ;
#5778 = CARTESIAN_POINT ( 'NONE',  ( -51.63647160144758175, -141.1298159523774132, -31.43221163590775902 ) ) ;
#5779 = CARTESIAN_POINT ( 'NONE',  ( -52.89853215354150962, -142.2121091176159666, -33.13014576686496326 ) ) ;
#5780 = CARTESIAN_POINT ( 'NONE',  ( -60.31702616701443276, -105.5383349954576460, -27.27061311518630049 ) ) ;
#5781 = CARTESIAN_POINT ( 'NONE',  ( -61.36469979289856269, -116.6250956523538491, -30.42606406589468193 ) ) ;
#5782 = CARTESIAN_POINT ( 'NONE',  ( -0.8313215034638142820, -3.258056687612645330, -9.995669568439110364 ) ) ;
#5783 = CARTESIAN_POINT ( 'NONE',  ( -9.078243632417317244, -56.30036344770357459, -34.41889553471197161 ) ) ;
#5784 = CARTESIAN_POINT ( 'NONE',  ( -29.37007254703887682, -69.65608167270256956, -33.35984991531426402 ) ) ;
#5785 = CARTESIAN_POINT ( 'NONE',  ( -56.37404542670498842, -94.19528243670333723, -27.75206592970883079 ) ) ;
#5786 = CARTESIAN_POINT ( 'NONE',  ( -62.00753071823378093, -134.4240877501281375, -29.61368580154556440 ) ) ;
#5787 = PRODUCT_DEFINITION_FORMATION_WITH_SPECIFIED_SOURCE ( '任何', '', #4931, .NOT_KNOWN. ) ;
#5788 = EDGE_LOOP ( 'NONE', ( #6415, #4304 ) ) ;
#5789 = CARTESIAN_POINT ( 'NONE',  ( -56.37535460759768569, -132.1755031816006749, -30.93914267541460106 ) ) ;
#5790 = CARTESIAN_POINT ( 'NONE',  ( -53.42879071774205357, -143.0243987935842256, -33.40759257334303101 ) ) ;
#5791 = CARTESIAN_POINT ( 'NONE',  ( -0.2807478790277018743, -16.13023126402078233, -19.75151407729684649 ) ) ;
#5792 = CARTESIAN_POINT ( 'NONE',  ( -2.872378048227362868, -7.113390243276859870, -6.109594412627560089 ) ) ;
#5793 = CARTESIAN_POINT ( 'NONE',  ( -45.39306526300990186, -87.04145164724526751, -32.99888317346170652 ) ) ;
#5794 = CARTESIAN_POINT ( 'NONE',  ( -31.02934150979867312, -75.57399949115057325, -37.05385824243665382 ) ) ;
#5795 = CARTESIAN_POINT ( 'NONE',  ( 0.4426306069609907134, -33.11561267834373723, -26.12688098284532145 ) ) ;
#5796 = CARTESIAN_POINT ( 'NONE',  ( -30.56875298154693255, -77.46479795354684939, -33.39480843588454917 ) ) ;
#5797 = CARTESIAN_POINT ( 'NONE',  ( -59.80476567762399043, -105.9074376202817689, -29.50663996859996629 ) ) ;
#5798 = CARTESIAN_POINT ( 'NONE',  ( -60.23319523769659867, -124.9167097509403703, -26.10089499407447633 ) ) ;
#5799 = CARTESIAN_POINT ( 'NONE',  ( -50.89375058237283866, -142.4864669571381057, -31.64346609647834896 ) ) ;
#5800 = CARTESIAN_POINT ( 'NONE',  ( -61.17466180979088364, -124.6984507965200919, -25.70661562446866810 ) ) ;
#5801 = CARTESIAN_POINT ( 'NONE',  ( -59.52924778814832507, -102.5329333356496164, -31.12752779567820482 ) ) ;
#5802 = CARTESIAN_POINT ( 'NONE',  ( -3.982428977207934206, -5.078650727767323403, -5.408192804569554646 ) ) ;
#5803 = CARTESIAN_POINT ( 'NONE',  ( -63.46225849838968713, -98.70542172031035477, -27.70102380793095165 ) ) ;
#5804 = CARTESIAN_POINT ( 'NONE',  ( -62.35302470408795017, -132.7398826351651451, -30.24815080041965842 ) ) ;
#5805 = CARTESIAN_POINT ( 'NONE',  ( -4.599721714353095514, -9.057890352777343779, -10.76117735120859642 ) ) ;
#5806 = CARTESIAN_POINT ( 'NONE',  ( -51.02025687222764105, -146.7261366967052254, -28.24504259087430569 ) ) ;
#5807 = CARTESIAN_POINT ( 'NONE',  ( -7.086411142181143319, -57.61083190602726489, -27.83942465227148588 ) ) ;
#5808 = CARTESIAN_POINT ( 'NONE',  ( -57.66493542079109602, -130.6422568128958233, -31.23133491966213526 ) ) ;
#5809 = CARTESIAN_POINT ( 'NONE',  ( -47.98917110177094969, -88.20718658332482676, -30.06835506213020537 ) ) ;
#5810 = CARTESIAN_POINT ( 'NONE',  ( 3.952480366867990202, -38.26769751953307264, -23.58746474658653014 ) ) ;
#5811 = CARTESIAN_POINT ( 'NONE',  ( -56.47745642800958166, -97.84090407635359554, -28.85043114173485890 ) ) ;
#5812 = CARTESIAN_POINT ( 'NONE',  ( -63.45791027116769101, -122.7290667929935921, -25.48459171653484390 ) ) ;
#5813 = CARTESIAN_POINT ( 'NONE',  ( -4.251335478459761674, -48.32807129606997165, -30.87899888763572420 ) ) ;
#5814 = CARTESIAN_POINT ( 'NONE',  ( 3.549692970190119201, -33.33704458768320933, -25.18618058507509261 ) ) ;
#5815 = CARTESIAN_POINT ( 'NONE',  ( -4.699837157912739372, -5.777007773481325437, -9.742410437092011932 ) ) ;
#5816 = CARTESIAN_POINT ( 'NONE',  ( -0.1267058475855101507, -32.78667389079936356, -19.89216093451775791 ) ) ;
#5817 = CARTESIAN_POINT ( 'NONE',  ( -5.084689661125763038, -57.47419043969897245, -29.46844800225755989 ) ) ;
#5818 = CARTESIAN_POINT ( 'NONE',  ( -60.75479250443316914, -120.5064201041689529, -30.52032403715741538 ) ) ;
#5819 = CARTESIAN_POINT ( 'NONE',  ( -49.09074825761791061, -145.6521655646906481, -32.16625487979326437 ) ) ;
#5820 = CARTESIAN_POINT ( 'NONE',  ( -42.67780378301191035, -84.61407557796925971, -34.46069827196158997 ) ) ;
#5821 = CARTESIAN_POINT ( 'NONE',  ( -41.35391057271822746, -81.00396681675340460, -30.27430429337977813 ) ) ;
#5822 = CARTESIAN_POINT ( 'NONE',  ( 2.443576219066151189, -19.87115881421842900, -20.10942812645271616 ) ) ;
#5823 = CARTESIAN_POINT ( 'NONE',  ( -4.340598541501855756, -51.63769611943879312, -32.64459051950187529 ) ) ;
#5824 = CARTESIAN_POINT ( 'NONE',  ( -7.465341673358769192, -51.70769897603182841, -31.31282793370670348 ) ) ;
#5825 = CARTESIAN_POINT ( 'NONE',  ( -53.06556831916767436, -90.23378623829300693, -28.48165112833456902 ) ) ;
#5826 = CARTESIAN_POINT ( 'NONE',  ( -62.98925950205322266, -132.0049040942506622, -29.40429173112199734 ) ) ;
#5827 = CARTESIAN_POINT ( 'NONE',  ( -59.90849201568029514, -121.5422364482391231, -30.08018659532643113 ) ) ;
#5828 = CARTESIAN_POINT ( 'NONE',  ( 0.1413592529517695429, -6.544768227987835196, -12.61521820909641711 ) ) ;
#5829 = CARTESIAN_POINT ( 'NONE',  ( -54.91308130916015529, -147.8026106296240130, -32.06565196379618499 ) ) ;
#5830 = CARTESIAN_POINT ( 'NONE',  ( -1.648398963936925643, -28.74414120854451937, -20.12519768904001438 ) ) ;
#5831 = CARTESIAN_POINT ( 'NONE',  ( -61.96094309063922623, -130.5576284304548267, -31.26429662316795799 ) ) ;
#5832 = CARTESIAN_POINT ( 'NONE',  ( -65.08562230508023561, -101.4449760466908685, -27.81242862637886759 ) ) ;
#5833 = CARTESIAN_POINT ( 'NONE',  ( -1.870862623765544575, -50.18200330140125942, -25.30383643374492664 ) ) ;
#5834 = CARTESIAN_POINT ( 'NONE',  ( -59.01274996450668198, -103.4083555402964549, -29.72367227391462308 ) ) ;
#5835 = CARTESIAN_POINT ( 'NONE',  ( -57.02946064216681776, -133.4245643783645221, -26.84561352543738977 ) ) ;
#5836 = CARTESIAN_POINT ( 'NONE',  ( -56.92231249127508619, -129.8452666198674024, -29.99089002200391718 ) ) ;
#5837 = CARTESIAN_POINT ( 'NONE',  ( -57.25986126112845653, -134.9362113818126545, -26.59263608673212786 ) ) ;
#5838 = CARTESIAN_POINT ( 'NONE',  ( -58.89925861250545580, -127.2953491571961138, -30.92831523907472757 ) ) ;
#5839 = CARTESIAN_POINT ( 'NONE',  ( -51.28595492880944562, -151.1565081932954797, -28.79542691333704241 ) ) ;
#5840 = CARTESIAN_POINT ( 'NONE',  ( -65.25669779637931356, -123.9241255120608116, -29.70891207755654051 ) ) ;
#5841 = CARTESIAN_POINT ( 'NONE',  ( -0.6149339554870210112, -39.24384485037627712, -27.84292263517590627 ) ) ;
#5842 = CARTESIAN_POINT ( 'NONE',  ( -60.51731819895466913, -126.7757129565067515, -25.83885989686277895 ) ) ;
#5843 = CARTESIAN_POINT ( 'NONE',  ( -5.849848611908408991, -55.82099724630928250, -27.14064221472879268 ) ) ;
#5844 = CARTESIAN_POINT ( 'NONE',  ( -60.48414175989139352, -121.7448750163437552, -30.57237199407491346 ) ) ;
#5845 = CARTESIAN_POINT ( 'NONE',  ( -60.58822871053268244, -115.2530001091628691, -27.67431864435089750 ) ) ;
#5846 = CARTESIAN_POINT ( 'NONE',  ( 4.100494960980469727, -36.71883781250665635, -23.23992658358320895 ) ) ;
#5847 = CARTESIAN_POINT ( 'NONE',  ( -60.62409307553923554, -114.7938529196448059, -27.67305953913882632 ) ) ;
#5848 = CARTESIAN_POINT ( 'NONE',  ( -59.23247976043167995, -134.6471742284159632, -26.33792458643491230 ) ) ;
#5849 = CARTESIAN_POINT ( 'NONE',  ( -4.553850554898532188, -6.034274331367910804, -7.741804610906718231 ) ) ;
#5850 = CARTESIAN_POINT ( 'NONE',  ( -1.243920914749861106, -50.98356591118349002, -30.89425157533740673 ) ) ;
#5851 = CARTESIAN_POINT ( 'NONE',  ( -3.395980777832393827, -14.01739467652159021, -17.13380679758199676 ) ) ;
#5852 = CARTESIAN_POINT ( 'NONE',  ( -0.7937293343783868860, -23.33823587004426159, -16.20486930967834027 ) ) ;
#5853 = CARTESIAN_POINT ( 'NONE',  ( -61.33710960819784219, -116.8740236615935260, -30.42886717499942151 ) ) ;
#5854 = CARTESIAN_POINT ( 'NONE',  ( -54.49801528692969299, -135.4794908411469692, -30.63494138824792756 ) ) ;
#5855 = CARTESIAN_POINT ( 'NONE',  ( -41.61148573780855742, -84.00467058201756743, -34.44802454580896267 ) ) ;
#5856 = CARTESIAN_POINT ( 'NONE',  ( -52.72535579923646765, -139.6430667079791874, -28.88901581421182385 ) ) ;
#5857 = CARTESIAN_POINT ( 'NONE',  ( -54.97479014798061314, -143.7044173360018249, -33.19967029648412193 ) ) ;
#5858 = CARTESIAN_POINT ( 'NONE',  ( -4.369672092822050047, -4.098324951830717211, -9.027186983018845368 ) ) ;
#5859 = CARTESIAN_POINT ( 'NONE',  ( -44.60075735717406076, -79.19096902091202139, -32.40199806006858552 ) ) ;
#5860 = CARTESIAN_POINT ( 'NONE',  ( -60.75479250443316914, -120.5064201041689529, -30.52032403715741538 ) ) ;
#5861 = CARTESIAN_POINT ( 'NONE',  ( -60.55191518710764598, -123.8352571652341823, -26.03629137201291144 ) ) ;
#5862 = CARTESIAN_POINT ( 'NONE',  ( -56.29567341708497707, -96.23490939621228790, -32.56500665838107977 ) ) ;
#5863 = CARTESIAN_POINT ( 'NONE',  ( -62.71898660393822666, -132.6899511334440263, -29.46101449603960987 ) ) ;
#5864 = CARTESIAN_POINT ( 'NONE',  ( -42.59981878386960830, -85.01550338148267372, -33.66015860212826993 ) ) ;
#5865 = CARTESIAN_POINT ( 'NONE',  ( -51.68836549697836347, -141.8330829611375066, -32.22654633482584785 ) ) ;
#5866 = CARTESIAN_POINT ( 'NONE',  ( -54.58352716492092327, -140.8598044110653689, -33.09173990421175660 ) ) ;
#5867 = CARTESIAN_POINT ( 'NONE',  ( -12.29550015323566292, -60.58441109229528365, -35.63697645260788249 ) ) ;
#5868 = CARTESIAN_POINT ( 'NONE',  ( -52.56325071068444998, -147.4124282066772764, -28.03543889625543883 ) ) ;
#5869 = CARTESIAN_POINT ( 'NONE',  ( -64.07305813806408423, -103.4229121547615051, -31.57595525741218978 ) ) ;
#5870 = CARTESIAN_POINT ( 'NONE',  ( -64.76947655553269101, -100.5767375634976020, -27.94168264078732733 ) ) ;
#5871 = CARTESIAN_POINT ( 'NONE',  ( -51.82980619894704688, -92.19558294103994456, -32.66926948404347542 ) ) ;
#5872 = CARTESIAN_POINT ( 'NONE',  ( -61.92425096137996832, -117.6037197076567367, -25.81259140230978488 ) ) ;
#5873 = CARTESIAN_POINT ( 'NONE',  ( -57.39553541612353627, -128.6083815886399293, -29.87068907518601790 ) ) ;
#5874 = CARTESIAN_POINT ( 'NONE',  ( -55.63445636425720409, -138.3252646979734948, -27.00382332628833026 ) ) ;
#5875 = CARTESIAN_POINT ( 'NONE',  ( -60.27555115660912577, -122.6157386547529740, -30.61592340252845190 ) ) ;
#5876 = CARTESIAN_POINT ( 'NONE',  ( -2.472036349193353910, -23.81420692494236846, -20.26483528400284584 ) ) ;
#5877 = CARTESIAN_POINT ( 'NONE',  ( -54.48408421403971147, -147.0190202651641016, -28.54687165259104376 ) ) ;
#5878 = CARTESIAN_POINT ( 'NONE',  ( 0.8957726869821404092, -24.65812138950917642, -23.49999610628734104 ) ) ;
#5879 = CARTESIAN_POINT ( 'NONE',  ( -64.72940233550106370, -120.9031759599663332, -25.68590653153054859 ) ) ;
#5880 = CARTESIAN_POINT ( 'NONE',  ( -61.54289597721780325, -123.4075732023504912, -25.63785663450714480 ) ) ;
#5881 = CARTESIAN_POINT ( 'NONE',  ( -50.13197963411583657, -91.20909239524826262, -32.14420314287744418 ) ) ;
#5882 = CARTESIAN_POINT ( 'NONE',  ( -56.38661375273604648, -133.7137592306119132, -31.56174419456544200 ) ) ;
#5883 = CARTESIAN_POINT ( 'NONE',  ( -44.89101430275378846, -152.3222206219271584, -31.87160257126370766 ) ) ;
#5884 = CARTESIAN_POINT ( 'NONE',  ( -47.30959684675584498, -85.67607291544753423, -35.34851807509112831 ) ) ;
#5885 = CARTESIAN_POINT ( 'NONE',  ( -54.66966360869081143, -134.9927954604277147, -29.06408975145906481 ) ) ;
#5886 = CARTESIAN_POINT ( 'NONE',  ( -62.75116537589162391, -125.2856463179020352, -25.59915168123562879 ) ) ;
#5887 = CARTESIAN_POINT ( 'NONE',  ( -55.00760963623814348, -147.3420865502997685, -29.01529031440001916 ) ) ;
#5888 = CARTESIAN_POINT ( 'NONE',  ( -64.96605435959988029, -102.0979385904878285, -30.69461718109512205 ) ) ;
#5889 = CARTESIAN_POINT ( 'NONE',  ( -29.30237463557603661, -69.43942102581407028, -35.74126996692650238 ) ) ;
#5890 = CARTESIAN_POINT ( 'NONE',  ( -0.5043688720372138112, -12.23336051479423325, -9.997864516914418687 ) ) ;
#5891 = CARTESIAN_POINT ( 'NONE',  ( -59.52924778814832507, -102.5329333356496164, -31.12752779567820482 ) ) ;
#5892 = CARTESIAN_POINT ( 'NONE',  ( -51.09941883526091289, -142.1142727642142347, -31.58481668067493331 ) ) ;
#5893 = CARTESIAN_POINT ( 'NONE',  ( -2.121700353884086176, -53.23760852519313858, -27.52092003787584318 ) ) ;
#5894 = CARTESIAN_POINT ( 'NONE',  ( -61.08729815491599879, -113.1147904004526907, -26.92173614275972682 ) ) ;
#5895 = CARTESIAN_POINT ( 'NONE',  ( 3.331587043860507968, -27.14561250527908953, -22.77390419976530112 ) ) ;
#5896 = CARTESIAN_POINT ( 'NONE',  ( 1.846982284135608277, -38.35647741343745309, -27.94758669092744441 ) ) ;
#5897 = CARTESIAN_POINT ( 'NONE',  ( -4.219971830017333225, -9.785964866735325174, -10.33088055350851064 ) ) ;
#5898 = CARTESIAN_POINT ( 'NONE',  ( -5.633794123637333229, -57.60699461013717126, -28.74211810977482529 ) ) ;
#5899 = CARTESIAN_POINT ( 'NONE',  ( -55.25272171179771163, -147.8247829602038053, -31.26079644988260497 ) ) ;
#5900 = CARTESIAN_POINT ( 'NONE',  ( -44.63279155159107603, -86.31293872901058251, -33.75140511060669013 ) ) ;
#5901 = CARTESIAN_POINT ( 'NONE',  ( -55.66272826230351001, -133.8256222033355129, -31.12881030694394013 ) ) ;
#5902 = CARTESIAN_POINT ( 'NONE',  ( -0.6793542273049111291, -51.62702213539041196, -28.47232939450335820 ) ) ;
#5903 = CARTESIAN_POINT ( 'NONE',  ( 0.4911972170878889932, -20.32496796408890205, -21.79354698219905728 ) ) ;
#5904 = CARTESIAN_POINT ( 'NONE',  ( -27.38464500914409427, -69.63441734366368507, -32.03372755190071075 ) ) ;
#5905 = CARTESIAN_POINT ( 'NONE',  ( -55.77503804997687098, -90.78760561946972985, -33.95994265483498964 ) ) ;
#5906 = CARTESIAN_POINT ( 'NONE',  ( -61.81955812272474304, -94.74687135110349345, -29.02780962196980141 ) ) ;
#5907 = CARTESIAN_POINT ( 'NONE',  ( -59.87121020445736264, -126.0647609004437157, -26.17761327457704112 ) ) ;
#5908 = CARTESIAN_POINT ( 'NONE',  ( -55.31112766832017513, -133.6968423786819642, -30.41438363645305643 ) ) ;
#5909 = CARTESIAN_POINT ( 'NONE',  ( -57.75561969705412224, -133.8368254497437135, -26.47080642385301985 ) ) ;
#5910 = CARTESIAN_POINT ( 'NONE',  ( -46.89858257642931960, -151.2357227523066570, -34.24057133013825904 ) ) ;
#5911 = CARTESIAN_POINT ( 'NONE',  ( -56.58147898817817634, -133.2662167053721589, -31.51049791751784568 ) ) ;
#5912 = CARTESIAN_POINT ( 'NONE',  ( -56.31455317043195663, -90.06594433020175927, -28.57992520339017872 ) ) ;
#5913 = CARTESIAN_POINT ( 'NONE',  ( -65.13079023790716349, -121.8109081346171507, -26.19606716320702944 ) ) ;
#5914 = CARTESIAN_POINT ( 'NONE',  ( -2.159556325471110760, 2.167492923817520456, -1.661252892989508512 ) ) ;
#5915 = CARTESIAN_POINT ( 'NONE',  ( -53.95539693454583841, -86.58731891132275393, -29.98647565775375412 ) ) ;
#5916 = CARTESIAN_POINT ( 'NONE',  ( -60.10999060735456112, -127.9672720647292437, -25.92500202797155140 ) ) ;
#5917 = CARTESIAN_POINT ( 'NONE',  ( -60.44236964269271084, -107.3425292648270073, -30.15809264881633922 ) ) ;
#5918 = CARTESIAN_POINT ( 'NONE',  ( -51.80417614983885954, -142.9155291518624438, -32.81647079687502355 ) ) ;
#5919 = CARTESIAN_POINT ( 'NONE',  ( -49.91459395967279988, -144.0881644655274272, -30.39234594456583238 ) ) ;
#5920 = CARTESIAN_POINT ( 'NONE',  ( -36.84452775757522858, -80.12786641038613311, -36.04879670220753241 ) ) ;
#5921 = CARTESIAN_POINT ( 'NONE',  ( -51.10511575256291650, -141.9729193369860525, -30.05284376613260022 ) ) ;
#5922 = CARTESIAN_POINT ( 'NONE',  ( -57.91255672461164750, -137.4907623740413953, -26.65217307896635290 ) ) ;
#5923 = CARTESIAN_POINT ( 'NONE',  ( -55.78343064171846066, -135.0693739019021109, -31.72138130508912113 ) ) ;
#5924 = CARTESIAN_POINT ( 'NONE',  ( -2.038332567089410130, -26.05930069280614347, -21.94202788026644058 ) ) ;
#5925 = CARTESIAN_POINT ( 'NONE',  ( -51.20312958553333260, -83.49451348182897448, -32.49057651978530714 ) ) ;
#5926 = CARTESIAN_POINT ( 'NONE',  ( -3.913484147329053364, -46.38367843497658782, -25.49760505509680542 ) ) ;
#5927 = CARTESIAN_POINT ( 'NONE',  ( -40.17277589637905777, -83.18067104286365065, -34.44759836104523743 ) ) ;
#5928 = CARTESIAN_POINT ( 'NONE',  ( -57.22951507498376600, -131.7236562311723844, -31.34179510152443981 ) ) ;
#5929 = CARTESIAN_POINT ( 'NONE',  ( -55.59112454228031908, -133.7721576780633086, -28.11370281586178876 ) ) ;
#5930 = CARTESIAN_POINT ( 'NONE',  ( -28.74658961052570305, -76.18058283153825982, -35.17347920485134694 ) ) ;
#5931 = CARTESIAN_POINT ( 'NONE',  ( -59.26403404018510201, -123.9729501045768671, -27.21080842570483327 ) ) ;
#5932 = CARTESIAN_POINT ( 'NONE',  ( -49.32102068041090348, -85.81697649951223639, -35.29240123130007589 ) ) ;
#5933 = CARTESIAN_POINT ( 'NONE',  ( -67.01023392775329057, -115.7186235285424800, -27.40775867348673600 ) ) ;
#5934 = CARTESIAN_POINT ( 'NONE',  ( -11.88770055680468474, -56.31871052058416183, -32.49237250303244195 ) ) ;
#5935 = CARTESIAN_POINT ( 'NONE',  ( -61.17438201053557378, -118.1373839543577446, -30.44936429056908977 ) ) ;
#5936 = CARTESIAN_POINT ( 'NONE',  ( -6.564505802586487526, -58.76772508669134254, -29.27073792178232381 ) ) ;
#5937 = CARTESIAN_POINT ( 'NONE',  ( -64.82835627462937111, -126.7140756656088314, -29.05623724577274558 ) ) ;
#5938 = CARTESIAN_POINT ( 'NONE',  ( 0.08631706507615120871, -47.47995662680420992, -24.51724307698188454 ) ) ;
#5939 = CARTESIAN_POINT ( 'NONE',  ( -60.08833115561540694, -120.7356793671309845, -30.04364862170318062 ) ) ;
#5940 = CARTESIAN_POINT ( 'NONE',  ( -24.15636239389807116, -71.90661212993452978, -36.55198983646290145 ) ) ;
#5941 = CARTESIAN_POINT ( 'NONE',  ( -2.880820008133702093, -0.03799660141969767035, -5.438416359231961650 ) ) ;
#5942 = CARTESIAN_POINT ( 'NONE',  ( -24.72460013987583594, -67.79363110099949097, -32.02179929412739057 ) ) ;
#5943 = CARTESIAN_POINT ( 'NONE',  ( -65.53469548064403227, -114.0208707071157193, -30.78736446649818603 ) ) ;
#5944 = CARTESIAN_POINT ( 'NONE',  ( -7.246552915042700604, -53.65197106170663233, -33.37899676700898510 ) ) ;
#5945 = CARTESIAN_POINT ( 'NONE',  ( -51.32261074593815664, -144.5758019452875374, -28.36432482160446611 ) ) ;
#5946 = CARTESIAN_POINT ( 'NONE',  ( -60.63285857345363894, -111.8200727585831658, -29.21607383229650168 ) ) ;
#5947 = CARTESIAN_POINT ( 'NONE',  ( -51.17378769109165404, -144.0485832564666566, -32.99646750477490542 ) ) ;
#5948 = CARTESIAN_POINT ( 'NONE',  ( -61.52410934812351684, -111.2673798840779540, -30.48765543433696479 ) ) ;
#5949 = CARTESIAN_POINT ( 'NONE',  ( -64.06637570360156531, -104.5828746782511445, -26.03682742600044264 ) ) ;
#5950 = CARTESIAN_POINT ( 'NONE',  ( -63.05946890716704445, -128.9542758846149013, -26.52098697624505164 ) ) ;
#5951 = CARTESIAN_POINT ( 'NONE',  ( -22.03495578703275726, -66.80370918696968374, -36.98384148786815473 ) ) ;
#5952 = CARTESIAN_POINT ( 'NONE',  ( -55.62669801691018989, -88.27466251489407512, -29.45748010654985549 ) ) ;
#5953 = CARTESIAN_POINT ( 'NONE',  ( -61.90647667759585460, -122.0134544735347362, -25.57483162016147915 ) ) ;
#5954 = CARTESIAN_POINT ( 'NONE',  ( -60.40722100354322066, -122.0739320020924339, -30.58799937625984811 ) ) ;
#5955 = CARTESIAN_POINT ( 'NONE',  ( -41.84819746578569521, -156.8553300262519770, -32.79429688084044869 ) ) ;
#5956 = CARTESIAN_POINT ( 'NONE',  ( -0.2974351889148444950, -50.97935538443076098, -28.17705697284111110 ) ) ;
#5957 = CARTESIAN_POINT ( 'NONE',  ( -59.03474532254693230, -123.5021251546881160, -27.96147386106984811 ) ) ;
#5958 = CARTESIAN_POINT ( 'NONE',  ( -54.39446966365073877, -144.2301600178431613, -27.54631397471401755 ) ) ;
#5959 = CARTESIAN_POINT ( 'NONE',  ( -58.15596046763264582, -129.3671725922436337, -31.10903868893722546 ) ) ;
#5960 = CARTESIAN_POINT ( 'NONE',  ( -55.62669801691018989, -88.27466251489407512, -29.45748010654985549 ) ) ;
#5961 = CARTESIAN_POINT ( 'NONE',  ( -54.02184336891443195, -85.75656731498634144, -31.48139352684579251 ) ) ;
#5962 = CARTESIAN_POINT ( 'NONE',  ( -36.38971961952321976, -77.73144856002299719, -30.73766729950751753 ) ) ;
#5963 = CARTESIAN_POINT ( 'NONE',  ( -51.53077901229669067, -143.4098144226539659, -32.89447153092404363 ) ) ;
#5964 = CARTESIAN_POINT ( 'NONE',  ( -52.72535579923646765, -139.6430667079791874, -28.88901581421182385 ) ) ;
#5965 = CARTESIAN_POINT ( 'NONE',  ( -3.322121660344165672, -55.08519621259068799, -28.35738617100794912 ) ) ;
#5966 = CARTESIAN_POINT ( 'NONE',  ( -56.52167553294799518, -131.6370903123054177, -27.87311251787711441 ) ) ;
#5967 = CARTESIAN_POINT ( 'NONE',  ( -60.64775290344985592, -96.45024003197204365, -32.67525305878031361 ) ) ;
#5968 = CARTESIAN_POINT ( 'NONE',  ( -50.87814189846680080, -83.37685059445531977, -33.32899423846257037 ) ) ;
#5969 = CARTESIAN_POINT ( 'NONE',  ( -51.97595966087411767, -85.52369347541440447, -29.93046075289035102 ) ) ;
#5970 = CARTESIAN_POINT ( 'NONE',  ( -26.70891213723200153, -75.14841011348026711, -34.39263280070372275 ) ) ;
#5971 = CARTESIAN_POINT ( 'NONE',  ( -30.12777100495385696, -70.43936346707783969, -36.47852162942654530 ) ) ;
#5972 = CARTESIAN_POINT ( 'NONE',  ( -23.86690949776882320, -73.28509689705546748, -34.39244779180572209 ) ) ;
#5973 = CARTESIAN_POINT ( 'NONE',  ( -49.99199655060041891, -144.8671140095750332, -32.71383919262487439 ) ) ;
#5974 = CARTESIAN_POINT ( 'NONE',  ( -36.84452775757522858, -80.12786641038613311, -36.04879670220753241 ) ) ;
#5975 = CARTESIAN_POINT ( 'NONE',  ( -57.67448307168509558, -89.84862514515974397, -32.48746019026374654 ) ) ;
#5976 = CARTESIAN_POINT ( 'NONE',  ( -65.37176029657631204, -109.5117518783905837, -31.00157682383738944 ) ) ;
#5977 = CARTESIAN_POINT ( 'NONE',  ( -54.32243601788791665, -86.02162033296357890, -31.38261753696748713 ) ) ;
#5978 = CARTESIAN_POINT ( 'NONE',  ( 0.1691136365173294409, -4.686227119744505565, -2.453746385927865870 ) ) ;
#5979 = CARTESIAN_POINT ( 'NONE',  ( -45.52287566362872440, -151.5016162896029073, -33.22192760441318171 ) ) ;
#5980 = CARTESIAN_POINT ( 'NONE',  ( -52.12668647192369775, -144.8288439550848352, -27.93973447505145558 ) ) ;
#5981 = CARTESIAN_POINT ( 'NONE',  ( -52.15711644946040337, -142.2717738595319474, -32.71700265488683357 ) ) ;
#5982 = CARTESIAN_POINT ( 'NONE',  ( -61.48063343277583925, -110.6180315215206917, -30.51107762331843531 ) ) ;
#5983 = CARTESIAN_POINT ( 'NONE',  ( -14.58134241278646215, -58.78652148694079216, -32.95061447607028526 ) ) ;
#5984 = CARTESIAN_POINT ( 'NONE',  ( -63.35215181173778376, -128.1057638537031949, -26.46644099536492334 ) ) ;
#5985 = CARTESIAN_POINT ( 'NONE',  ( 2.964849705960928450, -33.48469273146956482, -25.86068987490056870 ) ) ;
#5986 = CARTESIAN_POINT ( 'NONE',  ( -53.08448225400215392, -85.75677432723986726, -30.28054638792727715 ) ) ;
#5987 = CARTESIAN_POINT ( 'NONE',  ( -48.43775934924437365, -88.13986267849004719, -34.42840529384815795 ) ) ;
#5988 = CARTESIAN_POINT ( 'NONE',  ( -60.18527887459287484, -106.2185429504992982, -30.23690264648606529 ) ) ;
#5989 = CARTESIAN_POINT ( 'NONE',  ( -49.70577947759807813, -144.4510646887717371, -30.45293556700490001 ) ) ;
#5990 = CARTESIAN_POINT ( 'NONE',  ( -61.38976194947461806, -129.7150478980939283, -31.60289037628720266 ) ) ;
#5991 = CARTESIAN_POINT ( 'NONE',  ( -58.98768326569840781, -123.6687014840385075, -27.97244808875608157 ) ) ;
#5992 = CARTESIAN_POINT ( 'NONE',  ( -2.957991482566826758, -12.35382530584267435, -10.89186839331179080 ) ) ;
#5993 = CARTESIAN_POINT ( 'NONE',  ( -55.35652450574090011, -135.9904325531533402, -31.83567080849662645 ) ) ;
#5994 = CARTESIAN_POINT ( 'NONE',  ( -53.38264347820476985, -86.03703112518006435, -30.17900229221096708 ) ) ;
#5995 = CARTESIAN_POINT ( 'NONE',  ( -66.82712579362957683, -113.1387472408529362, -26.76192915521517079 ) ) ;
#5996 = CARTESIAN_POINT ( 'NONE',  ( -51.77037250200215368, -91.15121481093919442, -29.14125926443268000 ) ) ;
#5997 = CARTESIAN_POINT ( 'NONE',  ( -4.594682931792239522, -5.219490621446047030, -7.980527355080313967 ) ) ;
#5998 = CARTESIAN_POINT ( 'NONE',  ( -55.82817403851634452, -133.2420591094273732, -28.05134511655056428 ) ) ;
#5999 = CARTESIAN_POINT ( 'NONE',  ( -61.92737146396210335, -121.9824729762794959, -31.30230477068699102 ) ) ;
#6000 = CARTESIAN_POINT ( 'NONE',  ( -60.88803897935013509, -108.6656697405172309, -27.06587380629913753 ) ) ;
#6001 = CARTESIAN_POINT ( 'NONE',  ( -64.79700728035770396, -106.0163189005135678, -31.28784386768081305 ) ) ;
#6002 = CARTESIAN_POINT ( 'NONE',  ( -41.41007296770521151, -77.62176328107202039, -36.01767040433622924 ) ) ;
#6003 = CARTESIAN_POINT ( 'NONE',  ( -54.74653144113722902, -88.32909901839018119, -29.02980493876605550 ) ) ;
#6004 = CARTESIAN_POINT ( 'NONE',  ( -45.29784174357518367, -86.74853175457586474, -33.77864575369336819 ) ) ;
#6005 = CARTESIAN_POINT ( 'NONE',  ( -41.41007296770521151, -77.62176328107202039, -36.01767040433622924 ) ) ;
#6006 = CARTESIAN_POINT ( 'NONE',  ( 3.467980321642692321, -24.19754167229594799, -18.31979679504966896 ) ) ;
#6007 = CARTESIAN_POINT ( 'NONE',  ( -0.7323226330275242058, -47.57443786557775667, -24.32430771499887001 ) ) ;
#6008 = CARTESIAN_POINT ( 'NONE',  ( -47.30959684675584498, -85.67607291544753423, -35.34851807509112831 ) ) ;
#6009 = CARTESIAN_POINT ( 'NONE',  ( -43.65880392990838743, -80.32611948700012761, -36.22973910103836914 ) ) ;
#6010 = CARTESIAN_POINT ( 'NONE',  ( -2.446394077372624931, -2.389934285664359503, -9.108262336085921618 ) ) ;
#6011 = CARTESIAN_POINT ( 'NONE',  ( -60.89366551898800139, -135.9492609972598700, -27.57223019674036024 ) ) ;
#6012 = CARTESIAN_POINT ( 'NONE',  ( -0.7634671155905021767, -16.87114812498764849, -13.00564927265628867 ) ) ;
#6013 = CARTESIAN_POINT ( 'NONE',  ( 1.738942572244186247, -35.53979589733369693, -20.21954396741087834 ) ) ;
#6014 = CARTESIAN_POINT ( 'NONE',  ( -1.747068878851392837, -24.80568787501985639, -17.94750330990261489 ) ) ;
#6015 = CARTESIAN_POINT ( 'NONE',  ( 1.620155276173258718, -5.958209951443601327, -9.381575344873386513 ) ) ;
#6016 = CARTESIAN_POINT ( 'NONE',  ( -32.26979831228995721, -74.42640904721167772, -37.48586876763868503 ) ) ;
#6017 = CARTESIAN_POINT ( 'NONE',  ( -7.917182147623840649, -52.22568601979199343, -31.46024871537865408 ) ) ;
#6018 = CARTESIAN_POINT ( 'NONE',  ( -60.98504131140715145, -134.2372258904458420, -26.95307789353886108 ) ) ;
#6019 = CARTESIAN_POINT ( 'NONE',  ( -3.239760456768378649, -52.50258806068523398, -32.30618800902703924 ) ) ;
#6020 = CARTESIAN_POINT ( 'NONE',  ( -64.77286886213865102, -104.1301677441035309, -26.40317271366495788 ) ) ;
#6021 = CARTESIAN_POINT ( 'NONE',  ( -61.74141434356867819, -134.9300164194837350, -28.17015151777657422 ) ) ;
#6022 = CARTESIAN_POINT ( 'NONE',  ( -60.26158405281560704, -100.8877703457031743, -32.20434248076039552 ) ) ;
#6023 = CARTESIAN_POINT ( 'NONE',  ( -60.90460780957122466, -110.7724179720953259, -29.98682110827320102 ) ) ;
#6024 = CARTESIAN_POINT ( 'NONE',  ( -49.63308179494552519, -144.5768885890967113, -30.47401141781808320 ) ) ;
#6025 = CARTESIAN_POINT ( 'NONE',  ( -60.65921365242940055, -98.07918963092042475, -32.66593404025616820 ) ) ;
#6026 = CARTESIAN_POINT ( 'NONE',  ( -47.57563167888157807, -148.0414873222192398, -31.07498101108400945 ) ) ;
#6027 = CARTESIAN_POINT ( 'NONE',  ( -1.567829548667983630, -35.19242434692709054, -23.43940203908384134 ) ) ;
#6028 = CARTESIAN_POINT ( 'NONE',  ( 3.250000000000000444, 0.000000000000000000, 0.000000000000000000 ) ) ;
#6029 = CARTESIAN_POINT ( 'NONE',  ( -8.254460215332260375, -53.14883666603810042, -32.42695421864671346 ) ) ;
#6030 = CARTESIAN_POINT ( 'NONE',  ( -66.75661269970997580, -114.7531824681404231, -26.70598003285808275 ) ) ;
#6031 = CARTESIAN_POINT ( 'NONE',  ( -59.67560193320888828, -103.3180503427101371, -27.46685708357326661 ) ) ;
#6032 = CARTESIAN_POINT ( 'NONE',  ( -57.40637430598466295, -131.2890298603303734, -31.29654818105542091 ) ) ;
#6033 = CARTESIAN_POINT ( 'NONE',  ( -7.269039233191703531, -58.77232602080396617, -28.78761968322074338 ) ) ;
#6034 = CARTESIAN_POINT ( 'NONE',  ( 1.298718520745350435, -3.572089651491712203, -1.265012390213864357 ) ) ;
#6035 = CARTESIAN_POINT ( 'NONE',  ( -62.16205967311051239, -120.8967711484534817, -31.26190582622848879 ) ) ;
#6036 = CARTESIAN_POINT ( 'NONE',  ( 0.2976523403217257724, -10.19133491295550265, -8.712822999137980418 ) ) ;
#6037 = CARTESIAN_POINT ( 'NONE',  ( -65.18631134114133374, -108.0764470265371102, -31.10591595274303955 ) ) ;
#6038 = CARTESIAN_POINT ( 'NONE',  ( -63.84361819221731338, -97.82791543328491457, -29.14555829287198208 ) ) ;
#6039 = CARTESIAN_POINT ( 'NONE',  ( -63.61479152980410845, -102.8446300638019011, -26.23200602909135171 ) ) ;
#6040 = CARTESIAN_POINT ( 'NONE',  ( -62.09632348861197215, -110.9213785845484779, -31.01382306253373855 ) ) ;
#6041 = CARTESIAN_POINT ( 'NONE',  ( -12.02441771595492348, -58.69532433696829798, -35.16828877833521716 ) ) ;
#6042 = CARTESIAN_POINT ( 'NONE',  ( -59.92769493628686917, -102.0767945607899776, -31.72585718440140568 ) ) ;
#6043 = CARTESIAN_POINT ( 'NONE',  ( 2.473159642379872292, -1.391005390729690649, -2.607431430558054153 ) ) ;
#6044 = CARTESIAN_POINT ( 'NONE',  ( -45.52286247756492799, -84.71856498465656671, -35.48762298573543461 ) ) ;
#6045 = CARTESIAN_POINT ( 'NONE',  ( -63.35535706860868999, -97.39738402718813859, -30.71826996259615328 ) ) ;
#6046 = CARTESIAN_POINT ( 'NONE',  ( -1.320767861140603738, 2.528328668387177292, -1.649038964744672819 ) ) ;
#6047 = CARTESIAN_POINT ( 'NONE',  ( -65.25056739900252012, -123.8206570137988649, -26.74013398082336579 ) ) ;
#6048 = CARTESIAN_POINT ( 'NONE',  ( -2.678485499777947698, -50.23460317076892778, -25.05272354688082359 ) ) ;
#6049 = CARTESIAN_POINT ( 'NONE',  ( -48.21179936629356888, -151.3067360615811765, -29.03680460559529308 ) ) ;
#6050 = CARTESIAN_POINT ( 'NONE',  ( -52.22539895913263308, -142.1463072385591317, -32.69781999465252653 ) ) ;
#6051 = CARTESIAN_POINT ( 'NONE',  ( -65.26378912542919863, -102.9730125383275805, -30.57685073155661115 ) ) ;
#6052 = CARTESIAN_POINT ( 'NONE',  ( -46.86792704724299341, -80.94400736763618909, -31.77679630588733772 ) ) ;
#6053 = CARTESIAN_POINT ( 'NONE',  ( 2.420708932320957185, -35.11157769102560877, -20.46829999541341749 ) ) ;
#6054 = CARTESIAN_POINT ( 'NONE',  ( -54.69879259203081290, -144.2109309212694370, -33.27373611040024315 ) ) ;
#6055 = CARTESIAN_POINT ( 'NONE',  ( -61.72706445150820542, -130.8397719588496670, -26.19322297481642181 ) ) ;
#6056 = CARTESIAN_POINT ( 'NONE',  ( -67.07405993746819206, -114.8879089289496136, -27.42794804499637706 ) ) ;
#6057 = CARTESIAN_POINT ( 'NONE',  ( -60.72944816423432002, -116.9001129724580039, -29.93132149588052826 ) ) ;
#6058 = CARTESIAN_POINT ( 'NONE',  ( -46.72086870768045941, -88.18592167671137361, -31.41807341444886248 ) ) ;
#6059 = CARTESIAN_POINT ( 'NONE',  ( -63.98701453661417560, -120.3908692860898100, -31.12163561880201712 ) ) ;
#6060 = CARTESIAN_POINT ( 'NONE',  ( 1.344824426680315321, -34.56936737320637576, -19.90913765485996123 ) ) ;
#6061 = CARTESIAN_POINT ( 'NONE',  ( -51.38683502436546036, -149.3720184782906415, -28.35516562330069945 ) ) ;
#6062 = CARTESIAN_POINT ( 'NONE',  ( 3.172836915900966837, -30.63320234797646791, -19.63488732795833869 ) ) ;
#6063 = CARTESIAN_POINT ( 'NONE',  ( -39.85801207611695673, -75.74793615232781008, -34.05085318821137719 ) ) ;
#6064 = CARTESIAN_POINT ( 'NONE',  ( -64.30533858276464798, -100.3919974503927648, -30.94399683182619043 ) ) ;
#6065 = CARTESIAN_POINT ( 'NONE',  ( -50.22468623722517123, -82.78161692971677610, -32.86225833771906935 ) ) ;
#6066 = CARTESIAN_POINT ( 'NONE',  ( -60.76164200368626211, -117.0552463147010513, -26.92768524175536626 ) ) ;
#6067 = CARTESIAN_POINT ( 'NONE',  ( -51.31758783062835505, -143.7923858117736415, -32.95533384305549873 ) ) ;
#6068 = CARTESIAN_POINT ( 'NONE',  ( 1.718735418670105153, -5.026834033081907904, -7.333806291291304902 ) ) ;
#6069 = CARTESIAN_POINT ( 'NONE',  ( 0.3150281351870998781, -8.688014461561918367, -7.430485063512211497 ) ) ;
#6070 = CARTESIAN_POINT ( 'NONE',  ( -62.13304811953440776, -121.0371965808489847, -31.26666915475924924 ) ) ;
#6071 = CARTESIAN_POINT ( 'NONE',  ( 0.2053101231249022385, -24.35187872515200525, -16.26338445415364831 ) ) ;
#6072 = CARTESIAN_POINT ( 'NONE',  ( -48.98391943197281506, -85.62175572752455821, -35.34393023881479934 ) ) ;
#6073 = CARTESIAN_POINT ( 'NONE',  ( -57.31002980601257235, -88.80654166107096614, -31.26757397101640024 ) ) ;
#6074 = CARTESIAN_POINT ( 'NONE',  ( -58.25233394143101862, -130.8328261171448617, -31.70431961402903198 ) ) ;
#6075 = CARTESIAN_POINT ( 'NONE',  ( -1.044068180579631910, -19.87112031103896825, -21.44154228568107712 ) ) ;
#6076 = CARTESIAN_POINT ( 'NONE',  ( -61.95037024913146695, -109.4022246257784730, -31.08428768893098493 ) ) ;
#6077 = CARTESIAN_POINT ( 'NONE',  ( -49.69356852040005634, -145.3838715275373090, -32.80057142214108268 ) ) ;
#6078 = CARTESIAN_POINT ( 'NONE',  ( -56.61376156858791830, -92.91346863873133088, -33.70001836633363723 ) ) ;
#6079 = CARTESIAN_POINT ( 'NONE',  ( -55.98809158351604509, -88.18074577603358932, -32.96705054257103029 ) ) ;
#6080 = CARTESIAN_POINT ( 'NONE',  ( -2.464100550664349853, -4.896371104626210169, -11.84218122688388775 ) ) ;
#6081 = CARTESIAN_POINT ( 'NONE',  ( -2.074625656693015685, -7.853572081268663574, -6.398085695716706489 ) ) ;
#6082 = CARTESIAN_POINT ( 'NONE',  ( -61.35029705058794747, -134.9165704293449437, -27.47156985883146874 ) ) ;
#6083 = CARTESIAN_POINT ( 'NONE',  ( -49.09074825761791061, -145.6521655646906481, -32.16625487979326437 ) ) ;
#6084 = CARTESIAN_POINT ( 'NONE',  ( -51.98272197127867855, -145.0794687684955591, -27.97920320178673848 ) ) ;
#6085 = CARTESIAN_POINT ( 'NONE',  ( -62.81960769351588425, -97.37160054436502321, -31.46041791537278343 ) ) ;
#6086 = CARTESIAN_POINT ( 'NONE',  ( -64.53167207375406633, -117.1928591835315672, -25.38734873559241123 ) ) ;
#6087 = CARTESIAN_POINT ( 'NONE',  ( -16.23802379154172471, -67.64672379352180087, -32.46707900977491335 ) ) ;
#6088 = CARTESIAN_POINT ( 'NONE',  ( -60.18017177789307937, -132.8486361765408503, -31.87833906646998727 ) ) ;
#6089 = CARTESIAN_POINT ( 'NONE',  ( -56.10642701875541150, -142.8732246374755448, -27.51713404513458627 ) ) ;
#6090 = CARTESIAN_POINT ( 'NONE',  ( -67.01023392775329057, -115.7186235285424800, -27.40775867348673600 ) ) ;
#6091 = CARTESIAN_POINT ( 'NONE',  ( -47.47756545072527956, -87.50049163794388107, -34.47664823007392698 ) ) ;
#6092 = CARTESIAN_POINT ( 'NONE',  ( -51.41570074537929003, -142.3314386014479282, -32.30385954290870387 ) ) ;
#6093 = CARTESIAN_POINT ( 'NONE',  ( -31.49654352865589857, -77.37101565940285752, -31.89168314255370973 ) ) ;
#6094 = CARTESIAN_POINT ( 'NONE',  ( -64.51710568039892735, -109.4956041178570558, -31.32885358991763169 ) ) ;
#6095 = CARTESIAN_POINT ( 'NONE',  ( 2.076236670669860285, -26.06073975479901605, -17.12008669246657178 ) ) ;
#6096 = CARTESIAN_POINT ( 'NONE',  ( -52.17747957904278167, -148.0613066965363203, -28.13975200200230731 ) ) ;
#6097 = CARTESIAN_POINT ( 'NONE',  ( -1.870862623765544575, -50.18200330140125942, -25.30383643374492664 ) ) ;
#6098 = CARTESIAN_POINT ( 'NONE',  ( -8.754181410572956068, -53.66143710403972023, -32.57535545407975519 ) ) ;
#6099 = CARTESIAN_POINT ( 'NONE',  ( -66.66526313766055978, -115.3602941771775647, -29.65202783313043255 ) ) ;
#6100 = CARTESIAN_POINT ( 'NONE',  ( -64.93430335885524585, -124.9954314601898915, -26.78397590681019835 ) ) ;
#6101 = CARTESIAN_POINT ( 'NONE',  ( -57.04298639999952769, -97.75885250827379025, -28.13817672260481473 ) ) ;
#6102 = CARTESIAN_POINT ( 'NONE',  ( -6.507630079567357839, -52.09754791664800422, -32.46588704532689462 ) ) ;
#6103 = CARTESIAN_POINT ( 'NONE',  ( 3.318104196223289115, -29.10726478316374966, -19.30596935213463183 ) ) ;
#6104 = CARTESIAN_POINT ( 'NONE',  ( 0.007391294435523499719, -16.48355593706710565, -12.76244625840602964 ) ) ;
#6105 = CARTESIAN_POINT ( 'NONE',  ( -57.23842347182085177, -96.17959646094774939, -32.94067389011060953 ) ) ;
#6106 = CARTESIAN_POINT ( 'NONE',  ( -6.814998189995167266, -53.00048615490555193, -26.77991832247654003 ) ) ;
#6107 = CARTESIAN_POINT ( 'NONE',  ( -65.45869218527087696, -110.4715351779064321, -30.94136073103668139 ) ) ;
#6108 = CARTESIAN_POINT ( 'NONE',  ( -60.13091561053863643, -138.4788666500600982, -28.53128037140008288 ) ) ;
#6109 = CARTESIAN_POINT ( 'NONE',  ( -62.08019090746648772, -110.7007241645487881, -31.02277681957808397 ) ) ;
#6110 = CARTESIAN_POINT ( 'NONE',  ( -3.672371625343288759, 0.1058423366804481514, -3.192422819165590564 ) ) ;
#6111 = CARTESIAN_POINT ( 'NONE',  ( -52.47405518894453280, -92.21302512037088661, -33.29699062688583666 ) ) ;
#6112 = EDGE_CURVE ( 'NONE', #5586, #2939, #3545, .T. ) ;
#6113 = CARTESIAN_POINT ( 'NONE',  ( 1.669054832499715424, -7.270691287307382566, -9.512284690680077759 ) ) ;
#6114 = CARTESIAN_POINT ( 'NONE',  ( -64.66945249572313514, -114.6601632494147509, -31.11434133536319280 ) ) ;
#6115 = CARTESIAN_POINT ( 'NONE',  ( -52.92212386217286024, -85.63147585297740250, -33.81746753071440281 ) ) ;
#6116 = MANIFOLD_SOLID_BREP ( '扫描1', #242 ) ;
#6117 = CARTESIAN_POINT ( 'NONE',  ( -61.21455792598145962, -132.4881936455766152, -31.42951512539394443 ) ) ;
#6118 = CARTESIAN_POINT ( 'NONE',  ( -24.27939797227505636, -68.38047127255073576, -31.50108720198265644 ) ) ;
#6119 = CARTESIAN_POINT ( 'NONE',  ( -66.75661269970997580, -114.7531824681404231, -26.70598003285808275 ) ) ;
#6120 = CARTESIAN_POINT ( 'NONE',  ( -4.691792514476211373, -53.99561919932556009, -26.44120451305967734 ) ) ;
#6121 = CARTESIAN_POINT ( 'NONE',  ( -2.158245940498943582, -10.90728122034184011, -9.195405805194202031 ) ) ;
#6122 = CARTESIAN_POINT ( 'NONE',  ( -55.38654285839713509, -88.41042315276101249, -33.62776123128952577 ) ) ;
#6123 = CARTESIAN_POINT ( 'NONE',  ( -64.89128058495947471, -111.8204110323886908, -25.50501493030529332 ) ) ;
#6124 = CARTESIAN_POINT ( 'NONE',  ( -27.04762895210917861, -75.26665255524052611, -33.61027187560634388 ) ) ;
#6125 = CARTESIAN_POINT ( 'NONE',  ( -52.58754229503297495, -149.0228928805601072, -28.44269571365411409 ) ) ;
#6126 = CARTESIAN_POINT ( 'NONE',  ( -64.25100162349235688, -128.4265641247783662, -27.66234827042747568 ) ) ;
#6127 = CARTESIAN_POINT ( 'NONE',  ( -53.92420251993092251, -92.55861917437044895, -33.64313947101076963 ) ) ;
#6128 = CARTESIAN_POINT ( 'NONE',  ( -56.95018943288513924, -130.7768852303536278, -30.78979183559269472 ) ) ;
#6129 = CARTESIAN_POINT ( 'NONE',  ( -25.87133432956001400, -73.94923246007977014, -32.17776806526225641 ) ) ;
#6130 = CARTESIAN_POINT ( 'NONE',  ( -64.65522849977573117, -114.9355512833522539, -31.10916023749351567 ) ) ;
#6131 = CARTESIAN_POINT ( 'NONE',  ( 1.993851200378077948, -31.71519653448776666, -19.08279108198792073 ) ) ;
#6132 = CARTESIAN_POINT ( 'NONE',  ( -8.113137986503700105, -52.06447657302357612, -29.77746034288480814 ) ) ;
#6133 = DIRECTION ( 'NONE',  ( 0.3364722870408903832, 0.6738056721971016350, -0.6578543274680836994 ) ) ;
#6134 = CARTESIAN_POINT ( 'NONE',  ( -65.59919904544521785, -109.2792655075290327, -25.94043801428923146 ) ) ;
#6135 = CARTESIAN_POINT ( 'NONE',  ( -41.45298068284292015, -80.05245261914375021, -36.67815834154847465 ) ) ;
#6136 = CARTESIAN_POINT ( 'NONE',  ( -65.13040089016712386, -124.2784649960112233, -26.75645307764935765 ) ) ;
#6137 = CARTESIAN_POINT ( 'NONE',  ( -59.89603978346447377, -121.6078491633582388, -27.07782851808211078 ) ) ;
#6138 = CARTESIAN_POINT ( 'NONE',  ( -5.120203644879868676, -50.49938900992160740, -31.91282347131964414 ) ) ;
#6139 = CARTESIAN_POINT ( 'NONE',  ( -2.844574374972049124, -52.11088407329697958, -26.04796263852825788 ) ) ;
#6140 = CARTESIAN_POINT ( 'NONE',  ( -1.482948794170027229, -40.34743980393818674, -22.55553997176349057 ) ) ;
#6141 = CARTESIAN_POINT ( 'NONE',  ( -62.98987933543826045, -111.8005248206506224, -31.26164677458862684 ) ) ;
#6142 = CARTESIAN_POINT ( 'NONE',  ( -46.93703358466022024, -149.6608602001383588, -30.54596381394680193 ) ) ;
#6143 = CARTESIAN_POINT ( 'NONE',  ( -64.94483805663033138, -119.7878817398968465, -30.74525117990230427 ) ) ;
#6144 = CARTESIAN_POINT ( 'NONE',  ( -56.05054717514794760, -146.2782896323796251, -29.53855257814383251 ) ) ;
#6145 = CARTESIAN_POINT ( 'NONE',  ( -57.98685169372236459, -131.4994429038046349, -31.77035402741645953 ) ) ;
#6146 = CARTESIAN_POINT ( 'NONE',  ( -61.79315715722813707, -94.37729312490039035, -29.86266454240564627 ) ) ;
#6147 = CARTESIAN_POINT ( 'NONE',  ( -61.89048813174462538, -117.3644076629674657, -30.92908236247290787 ) ) ;
#6148 = CARTESIAN_POINT ( 'NONE',  ( -54.93663657471166317, -137.8705372414800649, -27.38343986867770496 ) ) ;
#6149 = CARTESIAN_POINT ( 'NONE',  ( -61.48063343277583925, -110.6180315215206917, -30.51107762331843531 ) ) ;
#6150 = CARTESIAN_POINT ( 'NONE',  ( -62.89994595742544448, -125.0431316466039391, -31.29302664447594751 ) ) ;
#6151 = CARTESIAN_POINT ( 'NONE',  ( -62.00753071823378093, -134.4240877501281375, -29.61368580154556440 ) ) ;
#6152 = CARTESIAN_POINT ( 'NONE',  ( -2.028141183648258128, -7.378080767672567930, -5.889699285277496976 ) ) ;
#6153 = CARTESIAN_POINT ( 'NONE',  ( -62.08063149268953396, -133.1923503138822014, -27.31241752735748918 ) ) ;
#6154 = CARTESIAN_POINT ( 'NONE',  ( -60.78765873045629320, -109.5195630279599328, -30.03757379667965921 ) ) ;
#6155 = CARTESIAN_POINT ( 'NONE',  ( -62.90667913556423230, -115.6912612945516656, -31.18363443034339255 ) ) ;
#6156 = CARTESIAN_POINT ( 'NONE',  ( -66.64439092295555156, -115.6521653166008718, -29.64580052106938979 ) ) ;
#6157 = CARTESIAN_POINT ( 'NONE',  ( -64.18925479921838928, -119.3573792856394817, -25.40068594179773243 ) ) ;
#6158 = CARTESIAN_POINT ( 'NONE',  ( 1.878053847549445488, -3.663763777453918902, -5.763788610835452353 ) ) ;
#6159 = CARTESIAN_POINT ( 'NONE',  ( -50.02525927415602780, -152.2057992718625030, -34.56662596222037109 ) ) ;
#6160 = CARTESIAN_POINT ( 'NONE',  ( -3.591304922949484002, -3.258751841916806224, -2.861179759300589431 ) ) ;
#6161 = CARTESIAN_POINT ( 'NONE',  ( -62.60654612584112755, -132.8609124974727820, -27.98421841002184962 ) ) ;
#6162 = CARTESIAN_POINT ( 'NONE',  ( -58.19636317199488929, -127.4573787176090605, -30.47697760625963426 ) ) ;
#6163 = CARTESIAN_POINT ( 'NONE',  ( 0.2152655207791519809, -38.66891403830536689, -21.12587815989846618 ) ) ;
#6164 = CARTESIAN_POINT ( 'NONE',  ( -61.56622706534609080, -105.0689164516776657, -26.26164237524799816 ) ) ;
#6165 = CARTESIAN_POINT ( 'NONE',  ( -59.98685290838781725, -106.6470668536760229, -29.45283973075232353 ) ) ;
#6166 = CARTESIAN_POINT ( 'NONE',  ( -63.16332349472715890, -110.0335198840848818, -25.60975532301474544 ) ) ;
#6167 = CARTESIAN_POINT ( 'NONE',  ( -0.2468804457994325796, -46.25622469060269992, -23.84197862491162212 ) ) ;
#6168 = CARTESIAN_POINT ( 'NONE',  ( -64.84584833882165356, -120.3336012363596694, -25.67550871720652239 ) ) ;
#6169 = CARTESIAN_POINT ( 'NONE',  ( -49.21579896249270547, -84.00665505674463418, -35.15277789907729300 ) ) ;
#6170 = CARTESIAN_POINT ( 'NONE',  ( -64.75707141069229067, -125.6149169195586666, -26.81001749238001963 ) ) ;
#6171 = CARTESIAN_POINT ( 'NONE',  ( -49.46688811858625456, -85.02094324585573304, -29.64404413343724087 ) ) ;
#6172 = CARTESIAN_POINT ( 'NONE',  ( -0.7323226330275242058, -47.57443786557775667, -24.32430771499887001 ) ) ;
#6173 = CARTESIAN_POINT ( 'NONE',  ( -43.70323085756086101, -84.03969688062866794, -30.23957789708186183 ) ) ;
#6174 = CARTESIAN_POINT ( 'NONE',  ( -59.01224535906052893, -131.2261307135231903, -31.94298150926261215 ) ) ;
#6175 = CARTESIAN_POINT ( 'NONE',  ( -1.482948794170027229, -40.34743980393818674, -22.55553997176349057 ) ) ;
#6176 = CARTESIAN_POINT ( 'NONE',  ( -55.98871572665752439, -143.5513561073748861, -32.71894604406425344 ) ) ;
#6177 = CARTESIAN_POINT ( 'NONE',  ( -54.67912928493880287, -148.6598225486117428, -29.89351340805850654 ) ) ;
#6178 = CARTESIAN_POINT ( 'NONE',  ( -0.4101933875555490161, -7.688941236075095276, -6.104968529282767342 ) ) ;
#6179 = CARTESIAN_POINT ( 'NONE',  ( 0.8141706571032841788, -47.33012558470381492, -25.04166909206328029 ) ) ;
#6180 = CARTESIAN_POINT ( 'NONE',  ( -59.91077332981511461, -91.79613877155377111, -30.47416677301731980 ) ) ;
#6181 = CARTESIAN_POINT ( 'NONE',  ( -48.48145288039066969, -88.96547590971663055, -33.76607872653460163 ) ) ;
#6182 = CARTESIAN_POINT ( 'NONE',  ( 0.07018040414860544918, -31.43398072413978994, -19.27434315064700243 ) ) ;
#6183 = CARTESIAN_POINT ( 'NONE',  ( -43.44969263187661568, -85.65753068754477795, -32.90059550148065881 ) ) ;
#6184 = CARTESIAN_POINT ( 'NONE',  ( -64.21579467743846692, -107.4250059479874295, -31.47886119979482444 ) ) ;
#6185 = CARTESIAN_POINT ( 'NONE',  ( -65.88249739568485097, -122.7559927840019185, -28.90863008684181423 ) ) ;
#6186 = CARTESIAN_POINT ( 'NONE',  ( 3.549692970190119201, -33.33704458768320933, -25.18618058507509261 ) ) ;
#6187 = CARTESIAN_POINT ( 'NONE',  ( -41.67074766368680372, -79.20390911080181695, -30.79753441813099002 ) ) ;
#6188 = CARTESIAN_POINT ( 'NONE',  ( -41.49257884497917814, -79.15035474339572374, -36.63777263755891056 ) ) ;
#6189 = CARTESIAN_POINT ( 'NONE',  ( -30.90602417232213739, -77.53623184931623769, -32.59632665370418891 ) ) ;
#6190 = CARTESIAN_POINT ( 'NONE',  ( -61.98992245868265627, -105.3559436493693795, -31.68193889246486705 ) ) ;
#6191 = CARTESIAN_POINT ( 'NONE',  ( -62.16348840055720615, -133.2104763242344632, -30.28934106843394858 ) ) ;
#6192 = CARTESIAN_POINT ( 'NONE',  ( -59.38104157573258846, -134.3119332316395287, -26.30325117728282081 ) ) ;
#6193 = CARTESIAN_POINT ( 'NONE',  ( 0.9442731947170085460, -42.19051017296411743, -22.39669194346428327 ) ) ;
#6194 = CARTESIAN_POINT ( 'NONE',  ( -0.6171275523863190005, -0.7150407580981544831, -6.883480785707947192 ) ) ;
#6195 = CARTESIAN_POINT ( 'NONE',  ( -64.03043335695531368, -123.8174961762304633, -25.77387055589503717 ) ) ;
#6196 = CARTESIAN_POINT ( 'NONE',  ( 0.1712991782277434039, -42.68110466112287327, -29.39816083773116162 ) ) ;
#6197 = CARTESIAN_POINT ( 'NONE',  ( 3.250000000000000444, 0.000000000000000000, 0.000000000000000000 ) ) ;
#6198 = CARTESIAN_POINT ( 'NONE',  ( -42.48418849406085940, -84.58876801529933687, -31.26258938740608073 ) ) ;
#6199 = CARTESIAN_POINT ( 'NONE',  ( -39.01826878822326705, -77.42678715720937532, -31.09458786328096380 ) ) ;
#6200 = CARTESIAN_POINT ( 'NONE',  ( -27.27341027472557400, -74.83399952950246359, -32.15356422615511178 ) ) ;
#6201 = CARTESIAN_POINT ( 'NONE',  ( -12.25521107748443228, -56.80709580535788916, -30.89577886635634130 ) ) ;
#6202 = CARTESIAN_POINT ( 'NONE',  ( -42.78815750480438851, -85.19935485074481107, -32.86537392526555834 ) ) ;
#6203 = CARTESIAN_POINT ( 'NONE',  ( -62.36350438526312701, -129.1307418827394997, -26.06435170545951863 ) ) ;
#6204 = CARTESIAN_POINT ( 'NONE',  ( -51.63544030520042583, -85.48005346187916587, -34.57774968868382359 ) ) ;
#6205 = CARTESIAN_POINT ( 'NONE',  ( -60.78840876578718166, -136.1827401328910128, -27.59574261059567135 ) ) ;
#6206 = CARTESIAN_POINT ( 'NONE',  ( -57.94954116049316895, -94.84536341798401793, -27.41163095218965395 ) ) ;
#6207 = CARTESIAN_POINT ( 'NONE',  ( -1.658914254769135566, -25.44847875056811048, -22.42534951889156503 ) ) ;
#6208 = CARTESIAN_POINT ( 'NONE',  ( -57.61175656330859596, -98.87602568298966332, -31.58565764765100425 ) ) ;
#6209 = CARTESIAN_POINT ( 'NONE',  ( -39.64265361781497887, -80.83554671197275354, -30.48316156749043415 ) ) ;
#6210 = CARTESIAN_POINT ( 'NONE',  ( -52.79926370824105675, -144.1709445862804273, -33.58254664537467704 ) ) ;
#6211 = CARTESIAN_POINT ( 'NONE',  ( -29.32998789820898011, -74.62467033694245799, -31.27948042781028448 ) ) ;
#6212 = CARTESIAN_POINT ( 'NONE',  ( -65.38723126919168749, -116.4266123511000046, -30.74015960716693385 ) ) ;
#6213 = CARTESIAN_POINT ( 'NONE',  ( -66.90009706737795625, -116.8549034133268663, -27.38756295068808555 ) ) ;
#6214 = CARTESIAN_POINT ( 'NONE',  ( -56.13244950449109183, -135.3943672904864002, -27.07273871770384588 ) ) ;
#6215 = CARTESIAN_POINT ( 'NONE',  ( -53.69947581486965049, -140.7095544216840324, -32.90833982041225880 ) ) ;
#6216 = CARTESIAN_POINT ( 'NONE',  ( -49.17532631489370942, -82.26977009572067345, -33.92960250465959149 ) ) ;
#6217 = CARTESIAN_POINT ( 'NONE',  ( 1.360333414023364496, -2.741604926905697237, -7.081863613384430600 ) ) ;
#6218 = CARTESIAN_POINT ( 'NONE',  ( -50.74763303714156848, -90.06868993428642511, -29.29411624298095518 ) ) ;
#6219 = CARTESIAN_POINT ( 'NONE',  ( -56.46442740863735565, -97.24827064152214007, -31.82463746498161683 ) ) ;
#6220 = CARTESIAN_POINT ( 'NONE',  ( -64.71121337592516909, -113.1242810519353696, -31.15401472512746395 ) ) ;
#6221 = CARTESIAN_POINT ( 'NONE',  ( -56.08596766931659516, -146.3601790288738300, -31.04476728345540337 ) ) ;
#6222 = CARTESIAN_POINT ( 'NONE',  ( -6.721076328080713758, -57.11248268680243001, -33.74578153605029485 ) ) ;
#6223 = CARTESIAN_POINT ( 'NONE',  ( -61.09971321977158709, -121.7711100554272576, -25.93295604205701821 ) ) ;
#6224 = CARTESIAN_POINT ( 'NONE',  ( -2.049660518530576958, -52.08192214429087841, -26.34802401539917938 ) ) ;
#6225 = CARTESIAN_POINT ( 'NONE',  ( -67.06821548591992155, -110.9122185670954792, -29.08800620718367469 ) ) ;
#6226 = CARTESIAN_POINT ( 'NONE',  ( -48.15543415401580063, -89.52053825106619911, -32.27179244698418614 ) ) ;
#6227 = CARTESIAN_POINT ( 'NONE',  ( -62.13304811953440776, -121.0371965808489847, -31.26666915475924924 ) ) ;
#6228 = CARTESIAN_POINT ( 'NONE',  ( -64.37458136697169664, -127.0756140952837825, -29.84679166520274762 ) ) ;
#6229 = CARTESIAN_POINT ( 'NONE',  ( -64.68850894741396473, -108.2089746621610260, -25.71357647050566442 ) ) ;
#6230 = CARTESIAN_POINT ( 'NONE',  ( -34.72740495911298808, -80.01026412075174221, -33.02342768911216098 ) ) ;
#6231 = CARTESIAN_POINT ( 'NONE',  ( 4.212696973589332927, -36.52039539255661538, -24.14360329702523700 ) ) ;
#6232 = CARTESIAN_POINT ( 'NONE',  ( 0.9799428869685464782, -38.63360181170953211, -28.14571251206771407 ) ) ;
#6233 = CARTESIAN_POINT ( 'NONE',  ( -42.78815750480438851, -85.19935485074481107, -32.86537392526555834 ) ) ;
#6234 = CARTESIAN_POINT ( 'NONE',  ( -60.60112395691371034, -114.4652432762615746, -29.18275990094404904 ) ) ;
#6235 = CARTESIAN_POINT ( 'NONE',  ( -45.71879355121419763, -82.49910630809193890, -30.13658926227170909 ) ) ;
#6236 = CARTESIAN_POINT ( 'NONE',  ( -35.64506793236614612, -79.84483985761451663, -31.51101804472829215 ) ) ;
#6237 = CARTESIAN_POINT ( 'NONE',  ( -52.95772353214272954, -88.74626797273245415, -28.65491259986414008 ) ) ;
#6238 = CARTESIAN_POINT ( 'NONE',  ( -46.33602195932630252, -87.73772030977201553, -33.02902197961527264 ) ) ;
#6239 = CARTESIAN_POINT ( 'NONE',  ( -63.86744154923354699, -124.4137360953718883, -25.79867345556285230 ) ) ;
#6240 = CARTESIAN_POINT ( 'NONE',  ( -65.80485766902141620, -106.4711430886716528, -26.69182955910427069 ) ) ;
#6241 = CARTESIAN_POINT ( 'NONE',  ( -56.76877460789438601, -144.4901831262375254, -31.58267229853132463 ) ) ;
#6242 = CARTESIAN_POINT ( 'NONE',  ( -62.79923258863086488, -131.3977124081455656, -27.16238034408139868 ) ) ;
#6243 = CARTESIAN_POINT ( 'NONE',  ( -63.21174342666030554, -111.4085230685834347, -25.54937159196042629 ) ) ;
#6244 = CARTESIAN_POINT ( 'NONE',  ( -10.66602387101042559, -56.16926712551894951, -33.72150401468126546 ) ) ;
#6245 = CARTESIAN_POINT ( 'NONE',  ( -54.76007459812308298, -95.14707632700262252, -32.15996326334079214 ) ) ;
#6246 = CARTESIAN_POINT ( 'NONE',  ( -59.44433969973943732, -121.9535259755185734, -27.87256285715820070 ) ) ;
#6247 = CARTESIAN_POINT ( 'NONE',  ( -52.36331354220877188, -144.9519248344543598, -33.70434252915822526 ) ) ;
#6248 = CARTESIAN_POINT ( 'NONE',  ( -42.45632815059823884, -82.97166751723433720, -30.29877253600144016 ) ) ;
#6249 = CARTESIAN_POINT ( 'NONE',  ( -60.50967137338715673, -134.2052757741811035, -31.59027879347493695 ) ) ;
#6250 = CC_DESIGN_SECURITY_CLASSIFICATION ( #3307, ( #5787 ) ) ;
#6251 = CARTESIAN_POINT ( 'NONE',  ( -55.75298153081834585, -146.8030085923711852, -29.61518703785390727 ) ) ;
#6252 = CARTESIAN_POINT ( 'NONE',  ( -54.93663657471166317, -137.8705372414800649, -27.38343986867770496 ) ) ;
#6253 = CARTESIAN_POINT ( 'NONE',  ( 1.292547386626841988, -3.450385592412700042, -7.917475467419960999 ) ) ;
#6254 = CARTESIAN_POINT ( 'NONE',  ( -46.21545842634792933, -153.4752002071306549, -35.06012634898813474 ) ) ;
#6255 = CARTESIAN_POINT ( 'NONE',  ( -49.95900370995446593, -89.24068620470244184, -29.40457920953846482 ) ) ;
#6256 = CARTESIAN_POINT ( 'NONE',  ( -48.46630464961774720, -89.36676472452778341, -33.01274225466612222 ) ) ;
#6257 = CARTESIAN_POINT ( 'NONE',  ( -63.98701453661417560, -120.3908692860898100, -31.12163561880201712 ) ) ;
#6258 = CARTESIAN_POINT ( 'NONE',  ( -61.24193634177852630, -136.1911076338177793, -29.78256559286577598 ) ) ;
#6259 = CARTESIAN_POINT ( 'NONE',  ( -9.643486501313367043, -59.59993736447225388, -34.83348041311148791 ) ) ;
#6260 = CARTESIAN_POINT ( 'NONE',  ( -55.02286383844192130, -92.48453928490711462, -28.05610980789502662 ) ) ;
#6261 = CARTESIAN_POINT ( 'NONE',  ( 3.102475292397728346, -34.68335948471752062, -20.71705602341595664 ) ) ;
#6262 = CARTESIAN_POINT ( 'NONE',  ( -40.07649167912008181, -78.33895758236705831, -36.85520225007290662 ) ) ;
#6263 = CARTESIAN_POINT ( 'NONE',  ( -40.01648796137512676, -83.25349044794209874, -31.98175371989027482 ) ) ;
#6264 = CARTESIAN_POINT ( 'NONE',  ( -56.07193220685182666, -137.9112865191673336, -32.69274637153284147 ) ) ;
#6265 = CARTESIAN_POINT ( 'NONE',  ( -64.98552699062506122, -124.9613755648777698, -29.74768745077043164 ) ) ;
#6266 = CARTESIAN_POINT ( 'NONE',  ( -4.137433611219869967, -45.97763049970002669, -28.01184936732567721 ) ) ;
#6267 = CARTESIAN_POINT ( 'NONE',  ( -46.84783802212758275, -84.45839059875541466, -35.63911795569600827 ) ) ;
#6268 = CARTESIAN_POINT ( 'NONE',  ( -56.48906237710463074, -145.4960289223583061, -29.42572718836840551 ) ) ;
#6269 = CARTESIAN_POINT ( 'NONE',  ( -16.23802379154172471, -67.64672379352180087, -32.46707900977491335 ) ) ;
#6270 = CARTESIAN_POINT ( 'NONE',  ( -60.49496195833449974, -115.8586753996490017, -29.18794021473078715 ) ) ;
#6271 = CARTESIAN_POINT ( 'NONE',  ( -49.93986837738578544, -86.82278468253743142, -29.18784070785415352 ) ) ;
#6272 = CARTESIAN_POINT ( 'NONE',  ( -51.87850254346132317, -92.93789492747851000, -31.09061757259001979 ) ) ;
#6273 = CARTESIAN_POINT ( 'NONE',  ( -27.38464500914409427, -69.63441734366368507, -32.03372755190071075 ) ) ;
#6274 = CARTESIAN_POINT ( 'NONE',  ( -57.22951507498376600, -131.7236562311723844, -31.34179510152443981 ) ) ;
#6275 = CARTESIAN_POINT ( 'NONE',  ( -51.82980619894704688, -92.19558294103994456, -32.66926948404347542 ) ) ;
#6276 = CARTESIAN_POINT ( 'NONE',  ( -59.97129198966968744, -135.0503665295616997, -26.57981487941199816 ) ) ;
#6277 = CARTESIAN_POINT ( 'NONE',  ( -58.36010289972192311, -90.76263372036376609, -29.39229505639790574 ) ) ;
#6278 = CARTESIAN_POINT ( 'NONE',  ( -66.57580646371079069, -116.4695197170142933, -29.63032619550585167 ) ) ;
#6279 = CARTESIAN_POINT ( 'NONE',  ( -35.64422013565560121, -73.15275924611098901, -34.24648530700051197 ) ) ;
#6280 = CARTESIAN_POINT ( 'NONE',  ( -52.95772353214272954, -88.74626797273245415, -28.65491259986414008 ) ) ;
#6281 = CARTESIAN_POINT ( 'NONE',  ( 1.069495334218045546, -38.34792371184077098, -20.95177633703200115 ) ) ;
#6282 = CARTESIAN_POINT ( 'NONE',  ( -61.57029060021007894, -113.2801837165933705, -30.43654540870454994 ) ) ;
#6283 = CARTESIAN_POINT ( 'NONE',  ( -60.43939388170706195, -116.6618078639529159, -27.68869285708631267 ) ) ;
#6284 = CARTESIAN_POINT ( 'NONE',  ( 0.1413592529517695429, -6.544768227987835196, -12.61521820909641711 ) ) ;
#6285 = CARTESIAN_POINT ( 'NONE',  ( -31.44010708834642998, -75.86154830218195855, -31.17353807124100484 ) ) ;
#6286 = CARTESIAN_POINT ( 'NONE',  ( -9.643486501313367043, -59.59993736447225388, -34.83348041311148791 ) ) ;
#6287 = SECURITY_CLASSIFICATION_LEVEL ( 'unclassified' ) ;
#6288 = CARTESIAN_POINT ( 'NONE',  ( -47.48565966445852382, -159.9547884949736556, -31.86565423740633207 ) ) ;
#6289 = CARTESIAN_POINT ( 'NONE',  ( -56.38927134547063247, -134.8421654958572162, -27.00701615771428621 ) ) ;
#6290 = CARTESIAN_POINT ( 'NONE',  ( 2.924883780232733432, -19.52634459241997789, -17.13365860421984266 ) ) ;
#6291 = CARTESIAN_POINT ( 'NONE',  ( -61.53394398706422663, -114.4460793837096304, -30.42293202664845353 ) ) ;
#6292 = CARTESIAN_POINT ( 'NONE',  ( 1.823170691373016794, -5.153397845143705247, -6.336707876989088106 ) ) ;
#6293 = CARTESIAN_POINT ( 'NONE',  ( -44.66378598352625318, -155.8105974809853649, -35.52585017005576873 ) ) ;
#6294 = CARTESIAN_POINT ( 'NONE',  ( -15.00643149268636023, -62.16193976055807724, -29.85352668057553061 ) ) ;
#6295 = CARTESIAN_POINT ( 'NONE',  ( -57.26911635817607049, -131.6266016665854011, -31.33145776320649034 ) ) ;
#6296 = CARTESIAN_POINT ( 'NONE',  ( -4.768947394777647730, -56.70499257735172449, -31.91734565791845668 ) ) ;
#6297 = CARTESIAN_POINT ( 'NONE',  ( -66.08557081408746114, -121.8449165129177487, -28.88692939615249955 ) ) ;
#6298 = CARTESIAN_POINT ( 'NONE',  ( -50.46960567962656796, -87.40242938582819932, -29.06317874414394709 ) ) ;
#6299 = CARTESIAN_POINT ( 'NONE',  ( 1.934021122659516534, -11.87004483845589142, -13.36804860376422610 ) ) ;
#6300 = CARTESIAN_POINT ( 'NONE',  ( -66.54463060794259377, -106.4093352881917127, -29.44318916988034474 ) ) ;
#6301 = CARTESIAN_POINT ( 'NONE',  ( -55.00827064632287744, -96.14949563763792639, -31.40193720698159652 ) ) ;
#6302 = CARTESIAN_POINT ( 'NONE',  ( 0.2274537938214868937, -0.9847947642205806540, -6.673729155706554117 ) ) ;
#6303 = CARTESIAN_POINT ( 'NONE',  ( -61.33802823240325353, -135.1830224982230106, -30.47059796542462706 ) ) ;
#6304 = CARTESIAN_POINT ( 'NONE',  ( -51.70691977967612019, -148.8451381088844983, -28.26763985048024352 ) ) ;
#6305 = CARTESIAN_POINT ( 'NONE',  ( -53.35593638592491317, -93.65331614670039073, -32.41858692557902799 ) ) ;
#6306 = CARTESIAN_POINT ( 'NONE',  ( 3.996318207732913130, -31.83036595193639684, -23.45351712746003159 ) ) ;
#6307 = CARTESIAN_POINT ( 'NONE',  ( -57.05991593266734441, -144.4617973074854262, -29.28019099421644356 ) ) ;
#6308 = CARTESIAN_POINT ( 'NONE',  ( 3.088562009322827873, -24.80836361453397743, -17.83647515642584835 ) ) ;
#6309 = CARTESIAN_POINT ( 'NONE',  ( -58.74296633979180626, -102.7308195507008719, -29.79148183508533876 ) ) ;
#6310 = CARTESIAN_POINT ( 'NONE',  ( -55.02286383844192130, -92.48453928490711462, -28.05610980789502662 ) ) ;
#6311 = CARTESIAN_POINT ( 'NONE',  ( -55.86718362123348669, -97.55913227985477931, -30.40977757133678594 ) ) ;
#6312 = CARTESIAN_POINT ( 'NONE',  ( -62.09646602306661123, -103.6066700262191489, -26.11029486655285581 ) ) ;
#6313 = CARTESIAN_POINT ( 'NONE',  ( -18.91740862632199693, -69.70982347880979546, -33.04868002317500242 ) ) ;
#6314 = CARTESIAN_POINT ( 'NONE',  ( -1.150831008343855544, -35.75713910856819666, -25.62246365621711419 ) ) ;
#6315 = CARTESIAN_POINT ( 'NONE',  ( -66.25317319284660300, -111.1583658935201555, -26.34623813720581254 ) ) ;
#6316 = CARTESIAN_POINT ( 'NONE',  ( -56.04619141376287672, -145.8024242298504305, -31.76937944464445351 ) ) ;
#6317 = CARTESIAN_POINT ( 'NONE',  ( -21.24354488736882374, -64.00402053504356559, -34.17512358127471828 ) ) ;
#6318 = CARTESIAN_POINT ( 'NONE',  ( -63.17974067547078931, -113.5306056015433143, -25.48613997223030836 ) ) ;
#6319 = CARTESIAN_POINT ( 'NONE',  ( -48.45115641884483892, -89.76805353933893628, -32.25940578279762860 ) ) ;
#6320 = CARTESIAN_POINT ( 'NONE',  ( -58.29710078618013114, -100.0115961067317158, -31.43227640788771282 ) ) ;
#6321 = CARTESIAN_POINT ( 'NONE',  ( -60.58149309973390473, -109.6336949885317580, -27.77461601173866867 ) ) ;
#6322 = CARTESIAN_POINT ( 'NONE',  ( -53.78131825090859763, -142.3728959957180962, -33.31063629529568004 ) ) ;
#6323 = CARTESIAN_POINT ( 'NONE',  ( -10.48203041651583511, -58.16585782067804899, -28.32035706945911713 ) ) ;
#6324 = CARTESIAN_POINT ( 'NONE',  ( -0.5158661465942298019, -37.91827946443445541, -27.35401584288119992 ) ) ;
#6325 = CARTESIAN_POINT ( 'NONE',  ( -2.405570356181582437, -1.863654939632700014, -8.463640918881635500 ) ) ;
#6326 = CARTESIAN_POINT ( 'NONE',  ( -0.6364989412730068796, -29.04045047644198618, -24.41904022667648988 ) ) ;
#6327 = CARTESIAN_POINT ( 'NONE',  ( -59.34440860423634234, -127.6265137113848027, -26.29335961739500860 ) ) ;
#6328 = CARTESIAN_POINT ( 'NONE',  ( -56.06093608069708267, -96.71597670752844067, -31.90613702286512776 ) ) ;
#6329 = CARTESIAN_POINT ( 'NONE',  ( 1.915366528410916924, -4.487136022300796334, -5.565962097428681865 ) ) ;
#6330 = CARTESIAN_POINT ( 'NONE',  ( -57.98685169372236459, -131.4994429038046349, -31.77035402741645953 ) ) ;
#6331 = CARTESIAN_POINT ( 'NONE',  ( -55.89485079813670865, -96.03554345321074948, -28.39028481272661608 ) ) ;
#6332 = CARTESIAN_POINT ( 'NONE',  ( -60.48414175989139352, -121.7448750163437552, -30.57237199407491346 ) ) ;
#6333 = CARTESIAN_POINT ( 'NONE',  ( -54.33842048285931980, -144.8651737299667559, -33.37089530799269710 ) ) ;
#6334 = CARTESIAN_POINT ( 'NONE',  ( -4.117043969048538976, -1.770581009925843885, -6.073051222162735741 ) ) ;
#6335 = CARTESIAN_POINT ( 'NONE',  ( -4.956545960488303315, -48.45809171944964788, -30.31842204606672553 ) ) ;
#6336 = CARTESIAN_POINT ( 'NONE',  ( -62.25991460347771778, -114.6652646185769271, -25.80270426053808563 ) ) ;
#6337 = CARTESIAN_POINT ( 'NONE',  ( 3.250000000000000444, 0.8508480103472357836, 0.000000000000000000 ) ) ;
#6338 = CARTESIAN_POINT ( 'NONE',  ( -67.04457699813114857, -114.9229374414896512, -28.91162104083543127 ) ) ;
#6339 = CARTESIAN_POINT ( 'NONE',  ( -56.68965021963436612, -131.4187270191890207, -30.85674294817475527 ) ) ;
#6340 = CARTESIAN_POINT ( 'NONE',  ( 0.4641557801274494577, 0.1574216045347930915, -5.047513297010425504 ) ) ;
#6341 = CARTESIAN_POINT ( 'NONE',  ( 1.848100077690878251, -29.04249058935402772, -24.79795228918267824 ) ) ;
#6342 = CARTESIAN_POINT ( 'NONE',  ( -2.751150855770648107, -6.171045473544530147, -5.015637758298159277 ) ) ;
#6343 = CARTESIAN_POINT ( 'NONE',  ( -37.43372805518085755, -81.69204877277458365, -32.84350292329174437 ) ) ;
#6344 = CARTESIAN_POINT ( 'NONE',  ( -5.831747829532488048, -57.79396191199997190, -32.45409363860601104 ) ) ;
#6345 = CARTESIAN_POINT ( 'NONE',  ( -2.603055354884626027, -16.49698416175165150, -18.98654363490881281 ) ) ;
#6346 = CARTESIAN_POINT ( 'NONE',  ( 2.370139801262423962, -20.77108834668295856, -16.03297403269669985 ) ) ;
#6347 = CARTESIAN_POINT ( 'NONE',  ( -60.06737069155153819, -107.0108200459306005, -29.42871747914882263 ) ) ;
#6348 = CARTESIAN_POINT ( 'NONE',  ( -61.61726572085088094, -119.3906323387937789, -25.84980647848871982 ) ) ;
#6349 = CARTESIAN_POINT ( 'NONE',  ( -59.38777166367520977, -122.1861958041579044, -29.39329414562380194 ) ) ;
#6350 = CARTESIAN_POINT ( 'NONE',  ( -63.17974067547078931, -113.5306056015433143, -25.48613997223030836 ) ) ;
#6351 = CARTESIAN_POINT ( 'NONE',  ( -38.43418485263438811, -82.32575928781658092, -32.80590386412840331 ) ) ;
#6352 = CARTESIAN_POINT ( 'NONE',  ( -54.56452264555207421, -145.6461361327856139, -27.91739189112217900 ) ) ;
#6353 = CARTESIAN_POINT ( 'NONE',  ( -65.08307823510983781, -103.2376970965790832, -27.04284714696953529 ) ) ;
#6354 = CARTESIAN_POINT ( 'NONE',  ( -62.57933899200578054, -132.1677848814074139, -30.19965201337813809 ) ) ;
#6355 = CARTESIAN_POINT ( 'NONE',  ( -38.45987548913139165, -74.87751969749713510, -34.14691988296785752 ) ) ;
#6356 = CARTESIAN_POINT ( 'NONE',  ( -48.21179936629356888, -151.3067360615811765, -29.03680460559529308 ) ) ;
#6357 = CARTESIAN_POINT ( 'NONE',  ( -16.69966657959747991, -67.75932248377870337, -31.78081246346141242 ) ) ;
#6358 = CARTESIAN_POINT ( 'NONE',  ( -59.94601018464253883, -103.5902467132876268, -31.01398340952122368 ) ) ;
#6359 = CARTESIAN_POINT ( 'NONE',  ( -60.10015440141400944, -106.5184780821274586, -27.94597478212831732 ) ) ;
#6360 = CARTESIAN_POINT ( 'NONE',  ( 4.185360539429817450, -33.59958118306328601, -22.74341071553405058 ) ) ;
#6361 = CARTESIAN_POINT ( 'NONE',  ( -52.64340701173119186, -92.99156334924639111, -29.55752668659366122 ) ) ;
#6362 = CARTESIAN_POINT ( 'NONE',  ( -64.80069472433537214, -114.5755435885634057, -25.41580938278877966 ) ) ;
#6363 = CARTESIAN_POINT ( 'NONE',  ( -55.15909555353835003, -147.0796501968627297, -28.97604217013878625 ) ) ;
#6364 = CARTESIAN_POINT ( 'NONE',  ( -2.446394077372624931, -2.389934285664359503, -9.108262336085921618 ) ) ;
#6365 = CARTESIAN_POINT ( 'NONE',  ( -4.549672255258051301, -9.238833837607778321, -13.08203621304329189 ) ) ;
#6366 = CARTESIAN_POINT ( 'NONE',  ( -41.35391057271822746, -81.00396681675340460, -30.27430429337977813 ) ) ;
#6367 = CARTESIAN_POINT ( 'NONE',  ( -13.74389431843736809, -65.83968431097369489, -33.41871202404537655 ) ) ;
#6368 = CARTESIAN_POINT ( 'NONE',  ( -61.00828954436020268, -119.1750620943290500, -30.47534122173414772 ) ) ;
#6369 = CARTESIAN_POINT ( 'NONE',  ( 1.682882592391297116, -18.71379811758495038, -14.54308908986528337 ) ) ;
#6370 = CARTESIAN_POINT ( 'NONE',  ( 1.275351024205895412, -3.700516750246928055, -8.200886295800502879 ) ) ;
#6371 = CARTESIAN_POINT ( 'NONE',  ( -42.28691118074588928, -81.72434177758091778, -30.18605517264948546 ) ) ;
#6372 = CARTESIAN_POINT ( 'NONE',  ( -0.7422265472907930706, -1.690878011308239559, -8.159539548391636643 ) ) ;
#6373 = CARTESIAN_POINT ( 'NONE',  ( -26.31372214811625909, -68.02565742459056253, -36.35651646116639313 ) ) ;
#6374 = CARTESIAN_POINT ( 'NONE',  ( -30.07947846535918401, -70.09273098892961684, -33.36522137440516644 ) ) ;
#6375 = CARTESIAN_POINT ( 'NONE',  ( -46.61207834695446195, -83.34099335933868247, -29.95419947056258536 ) ) ;
#6376 = CARTESIAN_POINT ( 'NONE',  ( 1.742842631667180564, -3.519591527016022958, -6.794195590820553576 ) ) ;
#6377 = CARTESIAN_POINT ( 'NONE',  ( -66.38449346744663160, -120.3483922229897303, -28.86285279703788120 ) ) ;
#6378 = CARTESIAN_POINT ( 'NONE',  ( -60.78398332429652839, -116.4125786320305451, -29.92449604298819921 ) ) ;
#6379 = CARTESIAN_POINT ( 'NONE',  ( 4.120372752874594369, -32.03026188723724488, -22.59855746856272063 ) ) ;
#6380 = CARTESIAN_POINT ( 'NONE',  ( -55.67512883701786564, -146.4649420627356164, -31.86578305505608100 ) ) ;
#6381 = CARTESIAN_POINT ( 'NONE',  ( -2.845378898676373058, -6.874640469789496500, -5.840166823374201677 ) ) ;
#6382 = CARTESIAN_POINT ( 'NONE',  ( -21.98566011904537376, -69.57309862421770674, -36.84561583822578257 ) ) ;
#6383 = CARTESIAN_POINT ( 'NONE',  ( -58.50986845232626621, -90.29171977850333519, -30.08825233469508120 ) ) ;
#6384 = CARTESIAN_POINT ( 'NONE',  ( -4.690709273465678564, -55.21024827957251091, -27.29233437403962270 ) ) ;
#6385 = CARTESIAN_POINT ( 'NONE',  ( -59.45417664571658634, -121.9159919782096040, -29.37901441690128124 ) ) ;
#6386 = CARTESIAN_POINT ( 'NONE',  ( -62.32776647736218223, -113.4877232872521944, -25.81800403377623354 ) ) ;
#6387 = CARTESIAN_POINT ( 'NONE',  ( -59.92053184434572444, -119.8041610979731644, -29.28293721868310229 ) ) ;
#6388 = CARTESIAN_POINT ( 'NONE',  ( -59.65778475304365713, -124.9046398576358143, -30.75158767709788066 ) ) ;
#6389 = CARTESIAN_POINT ( 'NONE',  ( -1.199236644345931024, -38.28557388179265075, -26.83812849036571890 ) ) ;
#6390 = CARTESIAN_POINT ( 'NONE',  ( -64.38864959291259993, -101.0389228947254452, -27.33660449435954831 ) ) ;
#6391 = CARTESIAN_POINT ( 'NONE',  ( -65.09740234969886785, -124.5445106896898295, -29.73111392825963506 ) ) ;
#6392 = CARTESIAN_POINT ( 'NONE',  ( -10.29187829934461007, -55.18170364298115516, -32.99400386862109968 ) ) ;
#6393 = CARTESIAN_POINT ( 'NONE',  ( -61.01814397814816004, -125.2155235620781326, -25.73714003124394267 ) ) ;
#6394 = CARTESIAN_POINT ( 'NONE',  ( -5.452834567802827159, -55.21707033105484896, -26.90733959846601309 ) ) ;
#6395 = CARTESIAN_POINT ( 'NONE',  ( -61.49303302067185228, -115.1602632262237762, -30.41952889615390276 ) ) ;
#6396 = CARTESIAN_POINT ( 'NONE',  ( -57.82694909465462985, -100.1277393435650396, -28.55430415416174128 ) ) ;
#6397 = CARTESIAN_POINT ( 'NONE',  ( 3.102067399448384499, -42.76325749654822772, -24.88168659317764764 ) ) ;
#6398 = CARTESIAN_POINT ( 'NONE',  ( -55.27207524101260816, -133.6767882015057580, -28.90196505194880672 ) ) ;
#6399 = CARTESIAN_POINT ( 'NONE',  ( -61.77286347548504608, -128.2998500995955737, -25.78140693663019078 ) ) ;
#6400 = CARTESIAN_POINT ( 'NONE',  ( -60.46822070971661844, -136.8858925609127084, -27.66779331511197881 ) ) ;
#6401 = CARTESIAN_POINT ( 'NONE',  ( -2.103641132756019161, -7.908970664089173930, -14.53203886382445909 ) ) ;
#6402 = CARTESIAN_POINT ( 'NONE',  ( -4.700994097209372669, -6.906449461435819615, -10.89743850323234753 ) ) ;
#6403 = CARTESIAN_POINT ( 'NONE',  ( -23.05657853739320018, -69.44110905856277327, -31.05629474652795352 ) ) ;
#6404 = CARTESIAN_POINT ( 'NONE',  ( -30.15161248472989541, -77.08615983231143787, -35.07577643683523405 ) ) ;
#6405 = CARTESIAN_POINT ( 'NONE',  ( -56.46442740863735565, -97.24827064152214007, -31.82463746498161683 ) ) ;
#6406 = CARTESIAN_POINT ( 'NONE',  ( -51.89769694612508033, -140.6427559436123715, -31.35833335168536351 ) ) ;
#6407 = CARTESIAN_POINT ( 'NONE',  ( -47.47756545072527956, -87.50049163794388107, -34.47664823007392698 ) ) ;
#6408 = CARTESIAN_POINT ( 'NONE',  ( -54.77994908600553003, -135.5275270298805310, -28.32947817066385099 ) ) ;
#6409 = CARTESIAN_POINT ( 'NONE',  ( 3.582259158313710667, -28.70361424385743021, -23.02869681782724243 ) ) ;
#6410 = CARTESIAN_POINT ( 'NONE',  ( -3.672371625343288759, 0.1058423366804481514, -3.192422819165590564 ) ) ;
#6411 = CARTESIAN_POINT ( 'NONE',  ( -2.632970332943551650, -22.40225366840209986, -19.76052728277563375 ) ) ;
#6412 = CARTESIAN_POINT ( 'NONE',  ( -60.38607601510824452, -124.4081640791075642, -26.06939496787565957 ) ) ;
#6413 = CARTESIAN_POINT ( 'NONE',  ( -60.51021166447712574, -103.5061058418359465, -31.56205758261866023 ) ) ;
#6414 = CARTESIAN_POINT ( 'NONE',  ( -62.19733045481039824, -133.9710416287078090, -29.57296525332349901 ) ) ;
#6415 = ORIENTED_EDGE ( 'NONE', *, *, #113, .T. ) ;
#6416 = CARTESIAN_POINT ( 'NONE',  ( -1.063239747753141007, -50.12940343203359106, -25.55494932060902613 ) ) ;
#6417 = CARTESIAN_POINT ( 'NONE',  ( -54.62688204659617242, -136.0868044409585877, -31.40867635736360697 ) ) ;
#6418 = CARTESIAN_POINT ( 'NONE',  ( -48.52660416255845632, -151.4335053737563328, -34.79861874590937276 ) ) ;
#6419 = CARTESIAN_POINT ( 'NONE',  ( -2.772043837244946296, -51.94482134632715287, -32.05382964911244414 ) ) ;
#6420 = CARTESIAN_POINT ( 'NONE',  ( -1.817314512286866135, -27.37720218313623732, -19.68139085584005699 ) ) ;
#6421 = CARTESIAN_POINT ( 'NONE',  ( -64.46149413100155812, -104.6940832284614089, -31.42645125142623641 ) ) ;
#6422 = CARTESIAN_POINT ( 'NONE',  ( -18.43502157677249897, -62.54036389616350533, -35.46692824714104120 ) ) ;
#6423 = CARTESIAN_POINT ( 'NONE',  ( -52.35075639132437431, -92.67688196510259502, -32.58789122290375673 ) ) ;
#6424 = CARTESIAN_POINT ( 'NONE',  ( -62.36024170215025464, -112.1158207020050526, -25.84891524133658436 ) ) ;
#6425 = CARTESIAN_POINT ( 'NONE',  ( -60.39253794792934116, -116.8127093100086000, -29.20033301349764798 ) ) ;
#6426 = CARTESIAN_POINT ( 'NONE',  ( -61.76767790119455270, -122.5667112074343095, -25.59804312531806048 ) ) ;
#6427 = CARTESIAN_POINT ( 'NONE',  ( -51.60142456852591408, -143.2825780900260781, -32.87432379008828320 ) ) ;
#6428 = CARTESIAN_POINT ( 'NONE',  ( -61.00828954436020268, -119.1750620943290500, -30.47534122173414772 ) ) ;
#6429 = CARTESIAN_POINT ( 'NONE',  ( -3.591304922949484002, -3.258751841916806224, -2.861179759300589431 ) ) ;
#6430 = CARTESIAN_POINT ( 'NONE',  ( -54.86532308085065779, -146.3559882300426409, -28.44676221294021445 ) ) ;
#6431 = CARTESIAN_POINT ( 'NONE',  ( 0.8467434192618111810, -46.46256666079182907, -29.67997729578670629 ) ) ;
#6432 = CARTESIAN_POINT ( 'NONE',  ( -39.85801207611695673, -75.74793615232781008, -34.05085318821137719 ) ) ;
#6433 = CARTESIAN_POINT ( 'NONE',  ( -57.85181341351182738, -133.6189063849356558, -26.44740996929547450 ) ) ;
#6434 = CARTESIAN_POINT ( 'NONE',  ( -25.27484281008785416, -74.04259304142723863, -32.87100196102635152 ) ) ;
#6435 = CARTESIAN_POINT ( 'NONE',  ( -57.99674405877171068, -129.7890434325046840, -31.14841954745798347 ) ) ;
#6436 = CARTESIAN_POINT ( 'NONE',  ( 1.407149130058894526, -8.382502752510125887, -8.480777791255082576 ) ) ;
#6437 = CARTESIAN_POINT ( 'NONE',  ( -18.63155305917962323, -68.28624880170596612, -35.94018106418359082 ) ) ;
#6438 = CARTESIAN_POINT ( 'NONE',  ( -54.87488073916928499, -134.5509070035756736, -29.00865318481940491 ) ) ;
#6439 = CARTESIAN_POINT ( 'NONE',  ( -58.77437805086524492, -135.6602573743893743, -26.44565333013877151 ) ) ;
#6440 = CARTESIAN_POINT ( 'NONE',  ( -4.599721714353095514, -9.057890352777343779, -10.76117735120859642 ) ) ;
#6441 = CARTESIAN_POINT ( 'NONE',  ( -48.13768289433809144, -83.41985472614783248, -35.39920829119781587 ) ) ;
#6442 = CARTESIAN_POINT ( 'NONE',  ( -25.99375779027483802, -67.37022074425658502, -35.66825829090455358 ) ) ;
#6443 = CARTESIAN_POINT ( 'NONE',  ( -0.9865800608803841909, -20.69242536456004089, -15.05297330698070724 ) ) ;
#6444 = CARTESIAN_POINT ( 'NONE',  ( -60.65955775433595676, -105.7989267972549641, -30.80520253385624230 ) ) ;
#6445 = CARTESIAN_POINT ( 'NONE',  ( 2.493488910093742739, -2.234751759876520527, -2.524364910725105826 ) ) ;
#6446 = CARTESIAN_POINT ( 'NONE',  ( -21.17824288771495844, -71.16690640663347267, -35.02340875157069888 ) ) ;
#6447 = CARTESIAN_POINT ( 'NONE',  ( -61.09600784271061258, -111.8097131101069834, -26.94612585754932255 ) ) ;
#6448 = CARTESIAN_POINT ( 'NONE',  ( 2.360984713672956481, -45.45788013775778325, -26.79108635319221676 ) ) ;
#6449 = CARTESIAN_POINT ( 'NONE',  ( -54.94073189703198778, -148.3630668974230105, -31.34256366921620085 ) ) ;
#6450 = CARTESIAN_POINT ( 'NONE',  ( -9.346849326970440686, -53.78251222173607005, -31.88315120510512557 ) ) ;
#6451 = CARTESIAN_POINT ( 'NONE',  ( -21.29208523803566067, -71.54331141201269872, -34.20390026395998007 ) ) ;
#6452 = CARTESIAN_POINT ( 'NONE',  ( -66.67204743941883294, -118.5917587067917083, -28.85547497524586902 ) ) ;
#6453 = CARTESIAN_POINT ( 'NONE',  ( -43.28377664223850729, -85.44642401490361294, -33.69216161695373302 ) ) ;
#6454 = CARTESIAN_POINT ( 'NONE',  ( -56.55138102262978350, -131.7537604293661673, -30.89256149899652470 ) ) ;
#6455 = CARTESIAN_POINT ( 'NONE',  ( -53.15579875357452977, -143.5246394113015924, -33.48333980502275153 ) ) ;
#6456 = CARTESIAN_POINT ( 'NONE',  ( -18.12258052435920064, -64.40522144921756365, -36.62796843413007508 ) ) ;
#6457 = CARTESIAN_POINT ( 'NONE',  ( -23.85084885051193737, -67.15142138599877342, -32.01066690230086209 ) ) ;
#6458 = CARTESIAN_POINT ( 'NONE',  ( -65.45215242406918321, -115.6314757207379813, -30.75119294856472862 ) ) ;
#6459 = CARTESIAN_POINT ( 'NONE',  ( -46.12762739814163382, -80.06195671420601911, -34.30922162660803565 ) ) ;
#6460 = CARTESIAN_POINT ( 'NONE',  ( -59.74337710460490314, -126.4524785997525385, -26.20536277070671716 ) ) ;
#6461 = CARTESIAN_POINT ( 'NONE',  ( -56.75883096728563970, -130.2617824788093799, -30.03271370344606339 ) ) ;
#6462 = CARTESIAN_POINT ( 'NONE',  ( -56.84584674559174289, -135.8265315131564535, -26.69585384092643565 ) ) ;
#6463 = CARTESIAN_POINT ( 'NONE',  ( -52.56309673988341302, -141.5215374075871750, -32.60314866855487992 ) ) ;
#6464 = CARTESIAN_POINT ( 'NONE',  ( -56.95744204792561050, -132.3807830350940833, -31.41232732137705241 ) ) ;
#6465 = CARTESIAN_POINT ( 'NONE',  ( -56.63340674735329117, -141.8870863560121620, -27.38339404435505742 ) ) ;
#6466 = CARTESIAN_POINT ( 'NONE',  ( -53.80295559619744949, -148.1836680263438097, -28.72583114260315895 ) ) ;
#6467 = CARTESIAN_POINT ( 'NONE',  ( -0.6151775481711325710, -48.97532882283051947, -30.73629469896015109 ) ) ;
#6468 = CARTESIAN_POINT ( 'NONE',  ( -61.31910692776371263, -95.70965874475594148, -27.72185415472551995 ) ) ;
#6469 = CARTESIAN_POINT ( 'NONE',  ( -52.83246101736375522, -143.5854777451160373, -27.74723420301817711 ) ) ;
#6470 = CARTESIAN_POINT ( 'NONE',  ( -59.52169679010095393, -104.0355918673574962, -30.42573265155280637 ) ) ;
#6471 = CARTESIAN_POINT ( 'NONE',  ( -51.94442323900564418, -142.6604435476420747, -32.77678077421825265 ) ) ;
#6472 = CARTESIAN_POINT ( 'NONE',  ( -50.13627705813438240, -143.7000993918441907, -30.32877247040590518 ) ) ;
#6473 = CARTESIAN_POINT ( 'NONE',  ( 3.725848998425897562, -27.31236242879502285, -21.97974174081046783 ) ) ;
#6474 = CARTESIAN_POINT ( 'NONE',  ( -52.64815124826722581, -139.0963814729935280, -29.61906879568608275 ) ) ;
#6475 = CARTESIAN_POINT ( 'NONE',  ( -63.15073829982963360, -123.8907174518675021, -25.53194378376778673 ) ) ;
#6476 = CARTESIAN_POINT ( 'NONE',  ( -57.66493542079109602, -130.6422568128958233, -31.23133491966213526 ) ) ;
#6477 = CARTESIAN_POINT ( 'NONE',  ( -59.57294987059164981, -138.7865224411201552, -27.87415823417603633 ) ) ;
#6478 = CARTESIAN_POINT ( 'NONE',  ( -56.91164164117125779, -88.51742951511019442, -30.57101997651042780 ) ) ;
#6479 = CARTESIAN_POINT ( 'NONE',  ( -43.51890445656044903, -82.75121771389748915, -30.07092520594433083 ) ) ;
#6480 = CARTESIAN_POINT ( 'NONE',  ( -2.505211698082018934, -53.85415213481081764, -27.79787612314953194 ) ) ;
#6481 = CARTESIAN_POINT ( 'NONE',  ( -4.374628246299210765, -11.19323896749752656, -13.69412115639695671 ) ) ;
#6482 = CARTESIAN_POINT ( 'NONE',  ( -55.87994493959869402, -133.1248757697504743, -28.03800047824828923 ) ) ;
#6483 = CARTESIAN_POINT ( 'NONE',  ( -18.35075213163763408, -69.21919499184899394, -34.58102663765906470 ) ) ;
#6484 = CARTESIAN_POINT ( 'NONE',  ( -61.04018656059457015, -110.3101036993234771, -26.99268902398034342 ) ) ;
#6485 = CARTESIAN_POINT ( 'NONE',  ( -27.49579674333195101, -73.20125936087937646, -37.11684533546463882 ) ) ;
#6486 = CARTESIAN_POINT ( 'NONE',  ( 0.4367344110880498897, -29.85449081255893944, -25.13290618099700779 ) ) ;
#6487 = CARTESIAN_POINT ( 'NONE',  ( -5.341972259290759695, -49.00953870490092612, -30.49313010327313833 ) ) ;
#6488 = CARTESIAN_POINT ( 'NONE',  ( -37.12582831218218615, -81.64814725862375155, -33.65188962380069171 ) ) ;
#6489 = CARTESIAN_POINT ( 'NONE',  ( -53.32080744503275582, -151.0927414875692989, -31.77287399912826515 ) ) ;
#6490 = CARTESIAN_POINT ( 'NONE',  ( -22.21544495433004585, -72.17524295527283584, -34.29846214101048218 ) ) ;
#6491 = CARTESIAN_POINT ( 'NONE',  ( -56.77736373070461440, -131.2041555466631166, -30.83415516088616926 ) ) ;
#6492 = CARTESIAN_POINT ( 'NONE',  ( -63.07733407066745457, -103.1792695031411995, -31.91527960682787679 ) ) ;
#6493 = CARTESIAN_POINT ( 'NONE',  ( -26.61797126306386829, -69.66340933233446719, -37.24570288111941352 ) ) ;
#6494 = CARTESIAN_POINT ( 'NONE',  ( -19.60120140668046318, -63.78437609495854588, -31.87420188699267953 ) ) ;
#6495 = CARTESIAN_POINT ( 'NONE',  ( -58.83624755586203037, -94.08376896158026170, -33.17156997116978800 ) ) ;
#6496 = CARTESIAN_POINT ( 'NONE',  ( -30.71985075509374497, -70.33028236466748240, -35.77865048209698529 ) ) ;
#6497 = CARTESIAN_POINT ( 'NONE',  ( -60.74551980183188249, -123.1395616088052805, -25.99857817327186282 ) ) ;
#6498 = CARTESIAN_POINT ( 'NONE',  ( -60.64868427305969334, -112.6811751411081275, -29.19884420543395009 ) ) ;
#6499 = CARTESIAN_POINT ( 'NONE',  ( -63.18980852779325375, -113.2910659798999262, -25.49142780198566882 ) ) ;
#6500 =( NAMED_UNIT ( * ) SI_UNIT ( $, .STERADIAN. ) SOLID_ANGLE_UNIT ( ) );
#6501 = CARTESIAN_POINT ( 'NONE',  ( -61.33710960819784219, -116.8740236615935260, -30.42886717499942151 ) ) ;
#6502 = CARTESIAN_POINT ( 'NONE',  ( -63.96024543184574895, -104.1446427256753537, -26.08395880639758957 ) ) ;
#6503 = CARTESIAN_POINT ( 'NONE',  ( -61.36863303435011119, -133.3336515437907224, -26.86851256601861238 ) ) ;
#6504 = CARTESIAN_POINT ( 'NONE',  ( -27.34563404555370525, -70.13434893109487689, -37.27663652434496555 ) ) ;
#6505 = CARTESIAN_POINT ( 'NONE',  ( -65.07975937064512095, -105.5053721018446709, -26.25712132659733911 ) ) ;
#6506 = CARTESIAN_POINT ( 'NONE',  ( -56.30785215520333509, -136.9535781240527683, -26.83163996031582954 ) ) ;
#6507 = CARTESIAN_POINT ( 'NONE',  ( -59.93955708303139573, -121.4069832239814417, -30.07379097500583853 ) ) ;
#6508 = CARTESIAN_POINT ( 'NONE',  ( -51.53077901229669067, -143.4098144226539659, -32.89447153092404363 ) ) ;
#6509 = CARTESIAN_POINT ( 'NONE',  ( -56.54646518500886287, -130.7012605372580083, -28.56897296808999798 ) ) ;
#6510 = CARTESIAN_POINT ( 'NONE',  ( -34.74823072720064943, -78.87073628671004144, -36.21636069377613154 ) ) ;
#6511 = CARTESIAN_POINT ( 'NONE',  ( -60.66932906721840624, -110.8681093288642501, -27.73014309999387450 ) ) ;
#6512 = CARTESIAN_POINT ( 'NONE',  ( -64.28601481380805183, -118.8101167469325077, -25.39427550182871585 ) ) ;
#6513 = CARTESIAN_POINT ( 'NONE',  ( -60.61047331170037467, -121.1851324612991618, -30.54770690906922681 ) ) ;
#6514 = CARTESIAN_POINT ( 'NONE',  ( -10.29187829934461007, -55.18170364298115516, -32.99400386862109968 ) ) ;
#6515 = CARTESIAN_POINT ( 'NONE',  ( -60.47740759839210511, -92.78157439506030357, -29.47412279670373536 ) ) ;
#6516 = CARTESIAN_POINT ( 'NONE',  ( -7.461109237475401557, -52.77443310342290061, -27.38950679535916777 ) ) ;
#6517 = CARTESIAN_POINT ( 'NONE',  ( -51.80417614983885954, -142.9155291518624438, -32.81647079687502355 ) ) ;
#6518 = CARTESIAN_POINT ( 'NONE',  ( -52.22300052830981798, -140.5906013257357188, -29.02833370714420269 ) ) ;
#6519 = CARTESIAN_POINT ( 'NONE',  ( 3.929881451277154270, -29.58389387184667640, -20.72002096780164138 ) ) ;
#6520 = CARTESIAN_POINT ( 'NONE',  ( -60.02044506199475649, -121.0810471757622082, -27.05326737081759347 ) ) ;
#6521 = CARTESIAN_POINT ( 'NONE',  ( -58.83624755586203037, -94.08376896158026170, -33.17156997116978800 ) ) ;
#6522 = CARTESIAN_POINT ( 'NONE',  ( -51.87378813395756083, -84.06856239401049891, -32.97964422178752386 ) ) ;
#6523 = CARTESIAN_POINT ( 'NONE',  ( -51.11684093945387275, -84.69493371137976112, -30.24838508395648873 ) ) ;
#6524 = CARTESIAN_POINT ( 'NONE',  ( -44.63279155159107603, -86.31293872901058251, -33.75140511060669013 ) ) ;
#6525 = CARTESIAN_POINT ( 'NONE',  ( -1.723123226017978515, -48.21053948566613201, -31.25818104659682106 ) ) ;
#6526 = CARTESIAN_POINT ( 'NONE',  ( 3.335828979321815435, -33.17077530589960332, -20.52270586836481669 ) ) ;
#6527 = CARTESIAN_POINT ( 'NONE',  ( 1.878053847549445488, -3.663763777453918902, -5.763788610835452353 ) ) ;
#6528 = CARTESIAN_POINT ( 'NONE',  ( -59.85589484118926862, -96.85670421371834493, -32.88505509570778429 ) ) ;
#6529 = CARTESIAN_POINT ( 'NONE',  ( -67.02253033754766420, -110.1513396098095399, -29.13670081783762100 ) ) ;
#6530 = CARTESIAN_POINT ( 'NONE',  ( -64.43157077059541393, -122.3504311737230807, -30.80447526686194948 ) ) ;
#6531 = CARTESIAN_POINT ( 'NONE',  ( -55.78984534728160583, -87.38173451746088460, -30.91498162230641356 ) ) ;
#6532 = CARTESIAN_POINT ( 'NONE',  ( -55.60157307078837619, -136.5109462271337293, -27.20980589781202852 ) ) ;
#6533 = CARTESIAN_POINT ( 'NONE',  ( -50.26352165931468363, -143.6126357995050853, -31.82469506444730811 ) ) ;
#6534 = CARTESIAN_POINT ( 'NONE',  ( -51.09592960418025598, -146.5984466627600682, -28.22401919711753138 ) ) ;
#6535 = APPROVAL_DATE_TIME ( #4214, #2101 ) ;
#6536 = CARTESIAN_POINT ( 'NONE',  ( -53.97425411274698348, -138.8241614272089350, -32.21142476997580673 ) ) ;
#6537 = CARTESIAN_POINT ( 'NONE',  ( -44.60075735717406076, -79.19096902091202139, -32.40199806006858552 ) ) ;
#6538 = CARTESIAN_POINT ( 'NONE',  ( -60.17359270823934736, -136.0707601878040123, -27.13556274605689111 ) ) ;
#6539 = CARTESIAN_POINT ( 'NONE',  ( -0.2807478790277018743, -16.13023126402078233, -19.75151407729684649 ) ) ;
#6540 = CARTESIAN_POINT ( 'NONE',  ( -65.63568844276530001, -114.3346827041674914, -25.70338361884353873 ) ) ;
#6541 = CARTESIAN_POINT ( 'NONE',  ( -41.25491725948780442, -83.80116803090234612, -34.44517333811350568 ) ) ;
#6542 = CARTESIAN_POINT ( 'NONE',  ( -59.68943403567164552, -122.4533008167558989, -30.12694256168779106 ) ) ;
#6543 = CARTESIAN_POINT ( 'NONE',  ( -56.37611759106530229, -131.1177908820381219, -28.61264038234920548 ) ) ;
#6544 = CARTESIAN_POINT ( 'NONE',  ( -64.45664430801937783, -117.3160681942188290, -31.08659361354103723 ) ) ;
#6545 = CARTESIAN_POINT ( 'NONE',  ( -55.46518084150289951, -133.2437396334744619, -28.85035140122460007 ) ) ;
#6546 = CARTESIAN_POINT ( 'NONE',  ( -9.875253216423347524, -54.18898376237964243, -30.30881620288456091 ) ) ;
#6547 = CARTESIAN_POINT ( 'NONE',  ( -61.24608034834732706, -117.6270474406479707, -30.43943697902938439 ) ) ;
#6548 = CARTESIAN_POINT ( 'NONE',  ( -59.61299073855974484, -93.08934450246412950, -28.27480312252503580 ) ) ;
#6549 = CARTESIAN_POINT ( 'NONE',  ( -66.76558926120583237, -110.0141824699246200, -26.92996952014483369 ) ) ;
#6550 = CARTESIAN_POINT ( 'NONE',  ( -61.24004123258801258, -108.5280990838664366, -30.61244513427606506 ) ) ;
#6551 = CARTESIAN_POINT ( 'NONE',  ( -59.47549331528887251, -123.2235100317144827, -27.16510531919151816 ) ) ;
#6552 = CARTESIAN_POINT ( 'NONE',  ( -49.52621795457866227, -146.9119554409935517, -33.47110975229283980 ) ) ;
#6553 = ORIENTED_EDGE ( 'NONE', *, *, #1199, .T. ) ;
#6554 = CARTESIAN_POINT ( 'NONE',  ( -58.37722556997242407, -126.7884614089325481, -27.41520839530391385 ) ) ;
#6555 = CARTESIAN_POINT ( 'NONE',  ( -37.08126534748357273, -81.37767563305084195, -34.54428439513187499 ) ) ;
#6556 = CARTESIAN_POINT ( 'NONE',  ( -60.76164200368626211, -117.0552463147010513, -26.92768524175536626 ) ) ;
#6557 = CARTESIAN_POINT ( 'NONE',  ( -55.77503804997687098, -90.78760561946972985, -33.95994265483498964 ) ) ;
#6558 = CARTESIAN_POINT ( 'NONE',  ( -65.20367298058332040, -101.0256926169153218, -28.61795475942216882 ) ) ;
#6559 = CARTESIAN_POINT ( 'NONE',  ( -47.81929332595566251, -81.72595031174391522, -31.46767114487328243 ) ) ;
#6560 = CARTESIAN_POINT ( 'NONE',  ( -60.27555115660912577, -122.6157386547529740, -30.61592340252845190 ) ) ;
#6561 = CARTESIAN_POINT ( 'NONE',  ( -46.59905589808096948, -87.62760348650675724, -33.80619728424801451 ) ) ;
#6562 = CARTESIAN_POINT ( 'NONE',  ( -37.20210055600738741, -74.98463571064330324, -36.46303327321345478 ) ) ;
#6563 = CARTESIAN_POINT ( 'NONE',  ( -3.928583979128530412, -55.20342622809015865, -27.67732914961323587 ) ) ;
#6564 = CARTESIAN_POINT ( 'NONE',  ( 2.370139801262423962, -20.77108834668295856, -16.03297403269669985 ) ) ;
#6565 = CARTESIAN_POINT ( 'NONE',  ( -60.65921365242940055, -98.07918963092042475, -32.66593404025616820 ) ) ;
#6566 = CARTESIAN_POINT ( 'NONE',  ( -41.13824821905804185, -78.94987368479550582, -36.69514832546669680 ) ) ;
#6567 = CARTESIAN_POINT ( 'NONE',  ( -1.675506661131282105, 1.708204579298508774, -3.204371835182544981 ) ) ;
#6568 = CARTESIAN_POINT ( 'NONE',  ( -65.78776552602678862, -121.5666248272706156, -26.67845674801495903 ) ) ;
#6569 = CARTESIAN_POINT ( 'NONE',  ( -0.5075323209336967123, -10.12875899424131632, -8.359405101206164090 ) ) ;
#6570 = CARTESIAN_POINT ( 'NONE',  ( 1.745818789745158695, -6.078222440740421284, -7.324866937376808274 ) ) ;
#6571 = CARTESIAN_POINT ( 'NONE',  ( -2.207336749847093493, -19.51403709156696564, -15.47009275948859575 ) ) ;
#6572 = CARTESIAN_POINT ( 'NONE',  ( 1.636908150470482548, -4.950297221326849240, -8.381135267297876723 ) ) ;
#6573 = CARTESIAN_POINT ( 'NONE',  ( -43.67095702423477377, -81.19335486359126719, -36.30793249198094941 ) ) ;
#6574 = CARTESIAN_POINT ( 'NONE',  ( -64.35008453377406568, -105.9301076912056487, -25.90336691314135820 ) ) ;
#6575 = CARTESIAN_POINT ( 'NONE',  ( -56.84201670597291667, -142.7944186374280946, -27.93747230962847894 ) ) ;
#6576 = CARTESIAN_POINT ( 'NONE',  ( -33.02504948881944102, -73.88555384525503200, -37.37183857630054007 ) ) ;
#6577 = CARTESIAN_POINT ( 'NONE',  ( -65.45334848730158228, -107.8328229510556326, -26.04712852680215818 ) ) ;
#6578 = CARTESIAN_POINT ( 'NONE',  ( -61.94021443429603124, -134.4663771888908741, -28.12699122150821651 ) ) ;
#6579 = CARTESIAN_POINT ( 'NONE',  ( -48.76224864599156206, -88.36560624515998086, -34.40267051546756250 ) ) ;
#6580 = CARTESIAN_POINT ( 'NONE',  ( -60.71208365380527283, -108.9118483013141230, -30.06660417483453074 ) ) ;
#6581 = CARTESIAN_POINT ( 'NONE',  ( -54.87488073916928499, -134.5509070035756736, -29.00865318481940491 ) ) ;
#6582 = CARTESIAN_POINT ( 'NONE',  ( -64.70913558226585849, -112.6228778716100152, -31.17143076897016485 ) ) ;
#6583 = CARTESIAN_POINT ( 'NONE',  ( -49.26593223431089541, -145.2086184701202001, -30.58061854487657172 ) ) ;
#6584 = CARTESIAN_POINT ( 'NONE',  ( -1.471160874298542476, -31.39669891798449441, -21.28717636788877599 ) ) ;
#6585 = CARTESIAN_POINT ( 'NONE',  ( 1.878053847549445488, -3.663763777453918902, -5.763788610835452353 ) ) ;
#6586 = CARTESIAN_POINT ( 'NONE',  ( -54.23878192225610917, -86.86482330266098018, -29.89374623766644490 ) ) ;
#6587 = CARTESIAN_POINT ( 'NONE',  ( -66.69022374516200102, -109.0010020378997240, -27.00007435334454797 ) ) ;
#6588 = CARTESIAN_POINT ( 'NONE',  ( -60.31702616701443276, -105.5383349954576460, -27.27061311518630049 ) ) ;
#6589 = CARTESIAN_POINT ( 'NONE',  ( -4.640039491971335472, -6.031563543303303909, -8.878121713025073802 ) ) ;
#6590 = CARTESIAN_POINT ( 'NONE',  ( 1.878053847549445488, -3.663763777453918902, -5.763788610835452353 ) ) ;
#6591 = CARTESIAN_POINT ( 'NONE',  ( -46.93703358466022024, -149.6608602001383588, -30.54596381394680193 ) ) ;
#6592 = CARTESIAN_POINT ( 'NONE',  ( -53.92420251993092251, -92.55861917437044895, -33.64313947101076963 ) ) ;
#6593 = CARTESIAN_POINT ( 'NONE',  ( -0.05099716187924088762, -23.02666694157501226, -15.75028348464628891 ) ) ;
#6594 = CARTESIAN_POINT ( 'NONE',  ( -61.46737256655333681, -97.71355619910252699, -32.43725756176131370 ) ) ;
#6595 = CARTESIAN_POINT ( 'NONE',  ( -43.83443526991449346, -79.08469231760514617, -35.53570134197163100 ) ) ;
#6596 = CARTESIAN_POINT ( 'NONE',  ( -52.81332385134044927, -86.35059524237090045, -29.63631401878507532 ) ) ;
#6597 = CARTESIAN_POINT ( 'NONE',  ( -60.66727381671829988, -123.5545249844227982, -31.14330572517636142 ) ) ;
#6598 = CARTESIAN_POINT ( 'NONE',  ( 1.846982284135608277, -38.35647741343745309, -27.94758669092744441 ) ) ;
#6599 = CARTESIAN_POINT ( 'NONE',  ( -60.66727381671829988, -123.5545249844227982, -31.14330572517636142 ) ) ;
#6600 = CARTESIAN_POINT ( 'NONE',  ( 3.172836915900966837, -30.63320234797646791, -19.63488732795833869 ) ) ;
#6601 = CARTESIAN_POINT ( 'NONE',  ( -22.47500738275577703, -70.79691645756932417, -36.44212623164134612 ) ) ;
#6602 = CARTESIAN_POINT ( 'NONE',  ( -52.27075942040249146, -85.15986691102210671, -33.99698175521228194 ) ) ;
#6603 = CARTESIAN_POINT ( 'NONE',  ( -47.60646604051577668, -157.4284734510489727, -35.04111109942449787 ) ) ;
#6604 = CARTESIAN_POINT ( 'NONE',  ( -64.75707141069229067, -125.6149169195586666, -26.81001749238001963 ) ) ;
#6605 = AXIS2_PLACEMENT_3D ( 'NONE', #2604, #4303, #1498 ) ;
#6606 = CARTESIAN_POINT ( 'NONE',  ( 1.691580151891835859, -14.62442432387776492, -13.03020267603194071 ) ) ;
#6607 = CARTESIAN_POINT ( 'NONE',  ( -2.187327821698870967, -20.79213832374565740, -16.22803697389347732 ) ) ;
#6608 = CARTESIAN_POINT ( 'NONE',  ( -52.15711644946040337, -142.2717738595319474, -32.71700265488683357 ) ) ;
#6609 = CARTESIAN_POINT ( 'NONE',  ( -51.29207949062897853, -85.24977171615303462, -34.66014010309476845 ) ) ;
#6610 = CARTESIAN_POINT ( 'NONE',  ( -30.07947846535918401, -70.09273098892961684, -33.36522137440516644 ) ) ;
#6611 = CARTESIAN_POINT ( 'NONE',  ( 1.662782364413884828, -6.750902189178878743, -9.053407682097141418 ) ) ;
#6612 = CARTESIAN_POINT ( 'NONE',  ( 0.08270626263966039671, -10.21154940755770824, -15.63184287802655703 ) ) ;
#6613 = CARTESIAN_POINT ( 'NONE',  ( -64.84584833882165356, -120.3336012363596694, -25.67550871720652239 ) ) ;
#6614 = CARTESIAN_POINT ( 'NONE',  ( -67.15248424699700536, -112.7203687352755992, -27.50822576604700842 ) ) ;
#6615 = CARTESIAN_POINT ( 'NONE',  ( -56.80324202027649250, -95.64078769863030516, -33.03714169539980361 ) ) ;
#6616 = CARTESIAN_POINT ( 'NONE',  ( 1.993851200378077948, -31.71519653448776666, -19.08279108198792073 ) ) ;
#6617 = CARTESIAN_POINT ( 'NONE',  ( -64.23260310467053102, -118.9725157553959036, -31.09657676477823074 ) ) ;
#6618 = CARTESIAN_POINT ( 'NONE',  ( 1.460977558393706133, -6.681547801500273387, -6.884180423711303121 ) ) ;
#6619 = CARTESIAN_POINT ( 'NONE',  ( -2.992668375769730549, -9.119546340445698007, -8.141052541050912694 ) ) ;
#6620 = CARTESIAN_POINT ( 'NONE',  ( 3.278314462467343038, -26.19085358199586722, -18.40794245199193213 ) ) ;
#6621 = CARTESIAN_POINT ( 'NONE',  ( -65.07975937064512095, -105.5053721018446709, -26.25712132659733911 ) ) ;
#6622 = CARTESIAN_POINT ( 'NONE',  ( -51.29207949062897853, -85.24977171615303462, -34.66014010309476845 ) ) ;
#6623 = CARTESIAN_POINT ( 'NONE',  ( -47.52060088323128184, -80.95681956972904914, -33.85778016843487137 ) ) ;
#6624 = CARTESIAN_POINT ( 'NONE',  ( -51.00513777377229019, -90.34011915058886188, -29.25652210121132413 ) ) ;
#6625 = CARTESIAN_POINT ( 'NONE',  ( -52.96043648371330903, -140.7772657846377058, -32.49217642104440529 ) ) ;
#6626 = CARTESIAN_POINT ( 'NONE',  ( -1.870862623765544575, -50.18200330140125942, -25.30383643374492664 ) ) ;
#6627 = CARTESIAN_POINT ( 'NONE',  ( 0.4003640580859146869, -7.270843970886448737, -6.053477789839369905 ) ) ;
#6628 = CARTESIAN_POINT ( 'NONE',  ( -61.65239005778632020, -123.1373169916670776, -31.35380747500401100 ) ) ;
#6629 = CARTESIAN_POINT ( 'NONE',  ( -50.74751114148794784, -143.2635976015633616, -29.44286143478637285 ) ) ;
#6630 = CARTESIAN_POINT ( 'NONE',  ( -26.78457192175339330, -72.72369301531860231, -37.11020002453805944 ) ) ;
#6631 = CARTESIAN_POINT ( 'NONE',  ( -67.12013269681780514, -110.8898534899929018, -27.60668198997499800 ) ) ;
#6632 = CARTESIAN_POINT ( 'NONE',  ( -61.15854026302166346, -121.5290057085237265, -31.04410453157746375 ) ) ;
#6633 = CARTESIAN_POINT ( 'NONE',  ( -4.818636780386015062, -52.17253432936009006, -32.86005862753324891 ) ) ;
#6634 = CARTESIAN_POINT ( 'NONE',  ( -56.71465300611914273, -96.76687694469592316, -32.47761519860376467 ) ) ;
#6635 = CARTESIAN_POINT ( 'NONE',  ( 1.783006661520098568, -4.336494686079864991, -6.565451733904820841 ) ) ;
#6636 = CARTESIAN_POINT ( 'NONE',  ( -47.66053262296779991, -85.87245734869576097, -35.31668340996071720 ) ) ;
#6637 = CARTESIAN_POINT ( 'NONE',  ( -64.81232619540854500, -100.4975772958699309, -30.18857466947944346 ) ) ;
#6638 = CARTESIAN_POINT ( 'NONE',  ( -2.489455421939780866, -3.482816145501824945, -10.36207012253733950 ) ) ;
#6639 = CARTESIAN_POINT ( 'NONE',  ( -5.848309447807408468, -48.97110455488384417, -27.97904109896286684 ) ) ;
#6640 = CARTESIAN_POINT ( 'NONE',  ( -65.65644589640767492, -122.1611660469794742, -26.69117979434872368 ) ) ;
#6641 = CARTESIAN_POINT ( 'NONE',  ( -15.01613253344838661, -66.29639041428555402, -31.28857068199256020 ) ) ;
#6642 = CARTESIAN_POINT ( 'NONE',  ( -4.863192717746571248, -47.28048657074368322, -27.48232656259113327 ) ) ;
#6643 = CARTESIAN_POINT ( 'NONE',  ( 1.965339311506802966, -2.182107930338790247, -5.106148356366699836 ) ) ;
#6644 = CARTESIAN_POINT ( 'NONE',  ( -41.80034298303007745, -80.23490582998336151, -36.62388857033921141 ) ) ;
#6645 = CARTESIAN_POINT ( 'NONE',  ( -52.24979390533668777, -85.79359318830771031, -29.83020828803244839 ) ) ;
#6646 = CARTESIAN_POINT ( 'NONE',  ( 1.758822410117960144, -4.559531368764784709, -6.818945683534300528 ) ) ;
#6647 = CARTESIAN_POINT ( 'NONE',  ( -60.97920025145090506, -130.8199298141411191, -31.69442890348172881 ) ) ;
#6648 = CARTESIAN_POINT ( 'NONE',  ( -64.10865666057900114, -123.5212816472233612, -25.76249280070051029 ) ) ;
#6649 = CARTESIAN_POINT ( 'NONE',  ( -65.81559310120927364, -122.9883651879146953, -27.42833545260461037 ) ) ;
#6650 = CARTESIAN_POINT ( 'NONE',  ( 1.783006661520098568, -4.336494686079864991, -6.565451733904820841 ) ) ;
#6651 = CARTESIAN_POINT ( 'NONE',  ( -41.18910371589488761, -83.58946221582391445, -31.24498188251187258 ) ) ;
#6652 = CARTESIAN_POINT ( 'NONE',  ( -63.22257627673607061, -123.8259704921166531, -31.23587049031724305 ) ) ;
#6653 = CARTESIAN_POINT ( 'NONE',  ( -1.114471590866594974, -43.90056761600899904, -22.93990833005600649 ) ) ;
#6654 = CARTESIAN_POINT ( 'NONE',  ( -6.120025088160203630, -49.33385539519365182, -29.02468127321508362 ) ) ;
#6655 = FACE_OUTER_BOUND ( 'NONE', #530, .T. ) ;
#6656 = CARTESIAN_POINT ( 'NONE',  ( -21.24354488736882374, -64.00402053504356559, -34.17512358127471828 ) ) ;
#6657 = CARTESIAN_POINT ( 'NONE',  ( -66.75346754549745754, -113.1938389721582610, -29.71959512271462955 ) ) ;
#6658 = CARTESIAN_POINT ( 'NONE',  ( -56.04501817994088242, -145.5188142901048423, -28.74667686955534762 ) ) ;
#6659 = CARTESIAN_POINT ( 'NONE',  ( -61.43517735851325767, -115.9026538681686986, -30.42032340739812568 ) ) ;
#6660 = CARTESIAN_POINT ( 'NONE',  ( -60.61688748566333373, -118.0318583244625188, -26.94758373666116569 ) ) ;
#6661 = CC_DESIGN_PERSON_AND_ORGANIZATION_ASSIGNMENT ( #823, #2033, ( #4931 ) ) ;
#6662 = CARTESIAN_POINT ( 'NONE',  ( -1.936851684760242387, -22.58711523855130210, -21.41158688792968690 ) ) ;
#6663 = EDGE_LOOP ( 'NONE', ( #6895, #2353, #1288, #2086 ) ) ;
#6664 = CARTESIAN_POINT ( 'NONE',  ( -7.957681967883524443, -54.73917656887769567, -27.29947543673029742 ) ) ;
#6665 = CARTESIAN_POINT ( 'NONE',  ( -52.31694542481528742, -91.10636479507292051, -33.94465202577186602 ) ) ;
#6666 = CARTESIAN_POINT ( 'NONE',  ( -3.388792408624806907, -46.45202193980476579, -24.75581061831618612 ) ) ;
#6667 = CARTESIAN_POINT ( 'NONE',  ( -65.53469548064403227, -114.0208707071157193, -30.78736446649818603 ) ) ;
#6668 = CARTESIAN_POINT ( 'NONE',  ( -57.05991593266734441, -144.4617973074854262, -29.28019099421644356 ) ) ;
#6669 = CARTESIAN_POINT ( 'NONE',  ( -57.85844523805067041, -131.8173067311030593, -31.80297256624381319 ) ) ;
#6670 = CARTESIAN_POINT ( 'NONE',  ( -4.401805513158000061, -4.934300414374771293, -9.956744446642915136 ) ) ;
#6671 = CARTESIAN_POINT ( 'NONE',  ( -62.13754453591317883, -114.3829263585134015, -30.92654111922969662 ) ) ;
#6672 = CARTESIAN_POINT ( 'NONE',  ( 2.100834888247755217, -2.593540310255659787, -4.371462200666019982 ) ) ;
#6673 = CARTESIAN_POINT ( 'NONE',  ( -64.58664659087936855, -110.1906809129433782, -31.28668090606402075 ) ) ;
#6674 = CARTESIAN_POINT ( 'NONE',  ( -66.45037855483391809, -105.9300847714360572, -29.49165033386963941 ) ) ;
#6675 = CARTESIAN_POINT ( 'NONE',  ( -2.381456243200822609, -1.612891643234763972, -8.145560041160525344 ) ) ;
#6676 = CARTESIAN_POINT ( 'NONE',  ( -2.111940523905586620, -39.05325843687018761, -24.50609211108235641 ) ) ;
#6677 = CARTESIAN_POINT ( 'NONE',  ( -65.88117762432899838, -104.1683585513652588, -27.46152086913215129 ) ) ;
#6678 = CARTESIAN_POINT ( 'NONE',  ( 1.717399227344482915, -6.799885401378729988, -8.036448345233866419 ) ) ;
#6679 = CARTESIAN_POINT ( 'NONE',  ( -46.11307154819071030, -154.5679830333108669, -29.64075705452532716 ) ) ;
#6680 = CARTESIAN_POINT ( 'NONE',  ( -36.49328932906215073, -77.17374320824281142, -37.26839485639656857 ) ) ;
#6681 = CARTESIAN_POINT ( 'NONE',  ( -63.85813508971727259, -121.0228653533990837, -25.43216033325331438 ) ) ;
#6682 = CARTESIAN_POINT ( 'NONE',  ( 2.473159642379872292, -1.391005390729690649, -2.607431430558054153 ) ) ;
#6683 = CARTESIAN_POINT ( 'NONE',  ( 0.8508480103472358946, 3.250000000000000444, 0.000000000000000000 ) ) ;
#6684 = CARTESIAN_POINT ( 'NONE',  ( -62.65991464756387330, -128.2896218211896553, -26.00705366925206263 ) ) ;
#6685 = CARTESIAN_POINT ( 'NONE',  ( -65.04790486134807281, -125.8750824669381814, -27.53138434982053440 ) ) ;
#6686 = CARTESIAN_POINT ( 'NONE',  ( -52.22139715255697467, -140.8449771475913792, -32.07601302167655888 ) ) ;
#6687 = CARTESIAN_POINT ( 'NONE',  ( 1.344775619087335006, -14.05929143321871067, -12.20046424861631706 ) ) ;
#6688 = CARTESIAN_POINT ( 'NONE',  ( 2.899737436731891549, -1.696456640980668062, 0.000000000000000000 ) ) ;
#6689 = CARTESIAN_POINT ( 'NONE',  ( -2.995463785241136989, -10.71351615334581986, -9.545576896224039487 ) ) ;
#6690 = CARTESIAN_POINT ( 'NONE',  ( 0.5941479562982152629, -43.56614513308680614, -22.87682643171419627 ) ) ;
#6691 = CARTESIAN_POINT ( 'NONE',  ( -61.72706445150820542, -130.8397719588496670, -26.19322297481642181 ) ) ;
#6692 = CARTESIAN_POINT ( 'NONE',  ( -54.19112454266298329, -87.38308672721741743, -33.94013797194944004 ) ) ;
#6693 = CARTESIAN_POINT ( 'NONE',  ( -54.54714651484976429, -148.1332808309189488, -29.13519603925139734 ) ) ;
#6694 = CARTESIAN_POINT ( 'NONE',  ( -61.47462863212794559, -115.4152204650863780, -30.41917018672549133 ) ) ;
#6695 = CARTESIAN_POINT ( 'NONE',  ( -60.24800032191587462, -120.0432759986484399, -27.01009827467660074 ) ) ;
#6696 = CARTESIAN_POINT ( 'NONE',  ( -23.56499328335495136, -65.72784670888323433, -34.90216794329970895 ) ) ;
#6697 = CARTESIAN_POINT ( 'NONE',  ( 1.662782364413884828, -6.750902189178878743, -9.053407682097141418 ) ) ;
#6698 = CARTESIAN_POINT ( 'NONE',  ( -24.04448015990245224, -71.21801310838127108, -31.26906122884690831 ) ) ;
#6699 = CARTESIAN_POINT ( 'NONE',  ( -61.98992245868265627, -105.3559436493693795, -31.68193889246486705 ) ) ;
#6700 = CARTESIAN_POINT ( 'NONE',  ( 0.4003640580859146869, -7.270843970886448737, -6.053477789839369905 ) ) ;
#6701 = CARTESIAN_POINT ( 'NONE',  ( -65.43337301345869150, -115.8834355695238116, -30.74710884625641683 ) ) ;
#6702 = CARTESIAN_POINT ( 'NONE',  ( -56.19765306797145854, -146.0169419371966342, -29.50061288810498183 ) ) ;
#6703 = CARTESIAN_POINT ( 'NONE',  ( -62.02315846647146458, -110.0568819677764481, -31.05113294917523348 ) ) ;
#6704 = CARTESIAN_POINT ( 'NONE',  ( -58.90070688344911787, -90.56787188253193221, -30.78737906169311245 ) ) ;
#6705 = CARTESIAN_POINT ( 'NONE',  ( -62.13735430586816477, -111.5889197144317251, -30.98863456801671390 ) ) ;
#6706 = CARTESIAN_POINT ( 'NONE',  ( -54.46997772382044900, -138.7934352612125508, -27.50688956357124582 ) ) ;
#6707 = CARTESIAN_POINT ( 'NONE',  ( -61.51118510683238583, -111.0497277609553350, -30.49511842862332500 ) ) ;
#6708 = CARTESIAN_POINT ( 'NONE',  ( -63.46852647636890055, -122.8262996544362551, -31.19511250247363066 ) ) ;
#6709 = CARTESIAN_POINT ( 'NONE',  ( -62.34631743147482297, -133.6106681570748549, -29.54071519433670190 ) ) ;
#6710 = CARTESIAN_POINT ( 'NONE',  ( -61.03543756742307380, -132.9337239336206551, -31.46983838101982656 ) ) ;
#6711 = CARTESIAN_POINT ( 'NONE',  ( -33.43119679298229840, -74.17773394942648224, -31.44794988170611916 ) ) ;
#6712 = CARTESIAN_POINT ( 'NONE',  ( -66.80571116935347220, -110.7947204049520877, -26.88141774118924943 ) ) ;
#6713 = CARTESIAN_POINT ( 'NONE',  ( -60.65303739237106129, -108.5132978551827989, -30.08778671061170940 ) ) ;
#6714 = CARTESIAN_POINT ( 'NONE',  ( -62.90187409092541770, -110.4283565844867212, -31.32020893191617716 ) ) ;
#6715 = CARTESIAN_POINT ( 'NONE',  ( -56.98070446547110635, -144.0997033528589384, -31.52811885459228591 ) ) ;
#6716 = CARTESIAN_POINT ( 'NONE',  ( -64.84436037214140924, -110.1037245982295474, -25.58998434969562297 ) ) ;
#6717 = CARTESIAN_POINT ( 'NONE',  ( -46.09353493288290338, -160.1898684346405162, -30.86197343572867524 ) ) ;
#6718 = CARTESIAN_POINT ( 'NONE',  ( -57.16659915047418394, -139.5045041444882941, -32.62245785270362575 ) ) ;
#6719 = CARTESIAN_POINT ( 'NONE',  ( -54.41883024350221376, -145.9018610454681095, -27.95571819326272944 ) ) ;
#6720 = CARTESIAN_POINT ( 'NONE',  ( -62.78764372688802808, -132.4077319279756466, -27.94652433462196228 ) ) ;
#6721 = CARTESIAN_POINT ( 'NONE',  ( 2.473159642379872292, -1.391005390729690649, -2.607431430558054153 ) ) ;
#6722 = CARTESIAN_POINT ( 'NONE',  ( -27.97729465118639069, -75.26681239857337857, -32.12601825879429640 ) ) ;
#6723 = CARTESIAN_POINT ( 'NONE',  ( -61.02771232033351367, -103.1048804193806490, -26.45373534532503612 ) ) ;
#6724 = CARTESIAN_POINT ( 'NONE',  ( 1.608974818353461567, -5.334100747386996133, -5.422503079855424346 ) ) ;
#6725 = CARTESIAN_POINT ( 'NONE',  ( -63.05676578963218049, -108.6910616558745062, -25.68473636878882260 ) ) ;
#6726 = CARTESIAN_POINT ( 'NONE',  ( 3.318104196223289115, -29.10726478316374966, -19.30596935213463183 ) ) ;
#6727 = CARTESIAN_POINT ( 'NONE',  ( -65.50837677375562862, -115.9236493339220715, -25.67062695629715563 ) ) ;
#6728 = CARTESIAN_POINT ( 'NONE',  ( -45.17327650311648313, -81.93647159319277762, -36.02590715134306265 ) ) ;
#6729 = CARTESIAN_POINT ( 'NONE',  ( -64.81704673504367520, -125.4079178782273658, -26.80104767808850497 ) ) ;
#6730 = CARTESIAN_POINT ( 'NONE',  ( -62.43968836275215040, -119.5834549233450730, -25.49738950480706734 ) ) ;
#6731 = CARTESIAN_POINT ( 'NONE',  ( -24.21476931849527503, -73.43101111379931467, -33.62755457741073428 ) ) ;
#6732 = CARTESIAN_POINT ( 'NONE',  ( -42.77959197163119853, -83.23967975745989634, -30.28140564279511793 ) ) ;
#6733 = CARTESIAN_POINT ( 'NONE',  ( -62.75700755354151994, -109.0983326019100161, -31.39207984867183754 ) ) ;
#6734 = CARTESIAN_POINT ( 'NONE',  ( -0.4616349600756176619, -36.51836420616479018, -21.04786190248854894 ) ) ;
#6735 = CARTESIAN_POINT ( 'NONE',  ( -57.84249179912746541, -139.9885678318727287, -32.23948151010912255 ) ) ;
#6736 = CARTESIAN_POINT ( 'NONE',  ( -61.01592043819124456, -136.5703084134145513, -28.32974647532588364 ) ) ;
#6737 = CARTESIAN_POINT ( 'NONE',  ( -49.08590219961472911, -89.41820824937435930, -33.72464151848259206 ) ) ;
#6738 = CARTESIAN_POINT ( 'NONE',  ( -0.5030373874443496707, -13.34817151862022300, -10.76839605703215241 ) ) ;
#6739 = CARTESIAN_POINT ( 'NONE',  ( -58.29710078618013114, -100.0115961067317158, -31.43227640788771282 ) ) ;
#6740 = CARTESIAN_POINT ( 'NONE',  ( -60.58492742671852227, -131.8377057852180769, -31.78436711103422496 ) ) ;
#6741 = CARTESIAN_POINT ( 'NONE',  ( -66.88396195227527130, -116.8765283730201503, -28.87063005756702339 ) ) ;
#6742 = CARTESIAN_POINT ( 'NONE',  ( -32.26979831228995721, -74.42640904721167772, -37.48586876763868503 ) ) ;
#6743 = CARTESIAN_POINT ( 'NONE',  ( -1.905520057705498482, -6.455769262444687406, -4.836834256606209692 ) ) ;
#6744 = CARTESIAN_POINT ( 'NONE',  ( -42.20237297485055450, -79.54443315606251019, -36.51452505723924702 ) ) ;
#6745 = CARTESIAN_POINT ( 'NONE',  ( -33.68503862731792253, -79.21230373701104099, -32.34564102638986327 ) ) ;
#6746 = CARTESIAN_POINT ( 'NONE',  ( -62.99056080589323869, -114.1937991744214713, -31.19926858892608124 ) ) ;
#6747 = CARTESIAN_POINT ( 'NONE',  ( -56.11965951661657925, -145.6703916766190900, -31.75036224377833349 ) ) ;
#6748 = CARTESIAN_POINT ( 'NONE',  ( -61.77286347548504608, -128.2998500995955737, -25.78140693663019078 ) ) ;
#6749 = CARTESIAN_POINT ( 'NONE',  ( 1.840359817573198997, -12.58399987775587014, -12.92814749388366380 ) ) ;
#6750 = CARTESIAN_POINT ( 'NONE',  ( -54.77011044636505943, -144.0805732299732256, -33.25456451750333287 ) ) ;
#6751 = CARTESIAN_POINT ( 'NONE',  ( -59.45351989749068622, -136.1922593783481261, -26.69889529537342909 ) ) ;
#6752 = CARTESIAN_POINT ( 'NONE',  ( -4.373643958177034108, -10.44254751450006680, -14.11523281641945005 ) ) ;
#6753 = CARTESIAN_POINT ( 'NONE',  ( -56.23736923717650171, -132.5022822256399877, -30.97565987069361881 ) ) ;
#6754 = CARTESIAN_POINT ( 'NONE',  ( -40.24202921319337634, -82.89171357314953070, -31.24988485988368225 ) ) ;
#6755 = CARTESIAN_POINT ( 'NONE',  ( -50.72373380060889758, -87.68346353907027435, -29.00353219833369423 ) ) ;
#6756 = CARTESIAN_POINT ( 'NONE',  ( -27.97729465118639069, -75.26681239857337857, -32.12601825879429640 ) ) ;
#6757 = CARTESIAN_POINT ( 'NONE',  ( -14.77743017774969836, -59.37465262840022717, -31.37115495682194677 ) ) ;
#6758 = CARTESIAN_POINT ( 'NONE',  ( -60.44338419760055814, -105.0512187869259577, -30.87055417336440755 ) ) ;
#6759 = CARTESIAN_POINT ( 'NONE',  ( -63.07262065897096903, -127.0471584642035339, -25.93142466199780927 ) ) ;
#6760 = CARTESIAN_POINT ( 'NONE',  ( -53.98862015173013873, -86.17194311315454058, -30.73393459229977154 ) ) ;
#6761 = CARTESIAN_POINT ( 'NONE',  ( -65.40675665026454055, -103.4295640621085397, -30.51867411494221471 ) ) ;
#6762 = CARTESIAN_POINT ( 'NONE',  ( -61.24855186652431627, -135.1496774130278595, -27.49400190683515177 ) ) ;
#6763 = CARTESIAN_POINT ( 'NONE',  ( -54.24608732553816282, -90.16583642159103817, -28.33090411322603330 ) ) ;
#6764 = CARTESIAN_POINT ( 'NONE',  ( 0.2576974844363705830, -37.57200479101024371, -27.52596745698220460 ) ) ;
#6765 = CARTESIAN_POINT ( 'NONE',  ( -41.78307874800636057, -84.51684667825404063, -32.82425114909919017 ) ) ;
#6766 = CARTESIAN_POINT ( 'NONE',  ( -32.85065243764789500, -76.66056945865629757, -31.06793694879918988 ) ) ;
#6767 = CARTESIAN_POINT ( 'NONE',  ( -58.83664181955882810, -131.6685809477920941, -31.98581585077483425 ) ) ;
#6768 = CARTESIAN_POINT ( 'NONE',  ( -59.82804220072705448, -105.3902758253402396, -28.03034999090466073 ) ) ;
#6769 = CARTESIAN_POINT ( 'NONE',  ( -65.39528324012373162, -109.7409236597609095, -30.98640398783475547 ) ) ;
#6770 = CARTESIAN_POINT ( 'NONE',  ( -57.33818758980802244, -143.9492148682010964, -29.20995172158164976 ) ) ;
#6771 = CARTESIAN_POINT ( 'NONE',  ( -0.5075323209336967123, -10.12875899424131632, -8.359405101206164090 ) ) ;
#6772 = CARTESIAN_POINT ( 'NONE',  ( -52.76151932308317782, -142.4649325834005822, -33.16829365226583803 ) ) ;
#6773 = CARTESIAN_POINT ( 'NONE',  ( -56.75299605178589246, -88.23441419779084072, -31.43395965657468949 ) ) ;
#6774 = CARTESIAN_POINT ( 'NONE',  ( 1.438909917311546494, -8.627998947049515976, -12.55844868299357664 ) ) ;
#6775 = CARTESIAN_POINT ( 'NONE',  ( -4.446613721603400293, -47.55222153822359132, -25.86605891687123560 ) ) ;
#6776 = CARTESIAN_POINT ( 'NONE',  ( -60.07739878348697715, -103.9475807305274344, -30.97715302742638954 ) ) ;
#6777 = CARTESIAN_POINT ( 'NONE',  ( -57.16659915047418394, -139.5045041444882941, -32.62245785270362575 ) ) ;
#6778 = CARTESIAN_POINT ( 'NONE',  ( -57.03102541099570288, -144.6546807955651559, -30.80202535549788578 ) ) ;
#6779 = CARTESIAN_POINT ( 'NONE',  ( -4.049018708885884443, -54.43571958328267613, -32.50606363943107624 ) ) ;
#6780 = CARTESIAN_POINT ( 'NONE',  ( -43.86239673244512716, -80.88076656208829718, -30.47558124635595789 ) ) ;
#6781 = CARTESIAN_POINT ( 'NONE',  ( -51.25792594598403440, -84.47378754564077497, -34.27711022723581635 ) ) ;
#6782 = CARTESIAN_POINT ( 'NONE',  ( -25.27484281008785416, -74.04259304142723863, -32.87100196102635152 ) ) ;
#6783 = CARTESIAN_POINT ( 'NONE',  ( -58.47421706535032371, -132.5617717196973615, -32.07543567230988657 ) ) ;
#6784 = CARTESIAN_POINT ( 'NONE',  ( -58.59327029040418466, -141.0279787389012824, -31.12056337249539695 ) ) ;
#6785 = CC_DESIGN_DATE_AND_TIME_ASSIGNMENT ( #4881, #2068, ( #2950 ) ) ;
#6786 = CARTESIAN_POINT ( 'NONE',  ( -63.59873787328057659, -122.1559338488898732, -25.46485377575427123 ) ) ;
#6787 = CARTESIAN_POINT ( 'NONE',  ( -53.83111113474452480, -94.13811140364258279, -32.33285500187211170 ) ) ;
#6788 = CARTESIAN_POINT ( 'NONE',  ( 2.785538264769212624, -22.71146235223703869, -21.37638275764889428 ) ) ;
#6789 = CARTESIAN_POINT ( 'NONE',  ( 0.7642721736453560455, -34.46326104030065807, -26.68900780997823929 ) ) ;
#6790 = CARTESIAN_POINT ( 'NONE',  ( -56.55138102262978350, -131.7537604293661673, -30.89256149899652470 ) ) ;
#6791 = CARTESIAN_POINT ( 'NONE',  ( -59.12833458045927415, -123.1894943718599222, -29.45171548073472323 ) ) ;
#6792 = CARTESIAN_POINT ( 'NONE',  ( -42.62870295065524573, -79.91019533759491367, -30.66580554090316468 ) ) ;
#6793 = CARTESIAN_POINT ( 'NONE',  ( -34.27445804899559079, -79.02070061409017399, -31.64162203212557500 ) ) ;
#6794 = CARTESIAN_POINT ( 'NONE',  ( -44.38737673827679941, -80.30754344245751497, -30.96426044818900181 ) ) ;
#6795 = CARTESIAN_POINT ( 'NONE',  ( -39.74656575677403936, -83.16894747580934677, -32.78656526660169135 ) ) ;
#6796 = CARTESIAN_POINT ( 'NONE',  ( -65.27255774161095303, -117.8392179084568738, -25.65729246801398844 ) ) ;
#6797 = CARTESIAN_POINT ( 'NONE',  ( -65.72450239589194609, -106.0121836562901478, -26.73623669090254396 ) ) ;
#6798 = CARTESIAN_POINT ( 'NONE',  ( -53.96651821699938978, -149.4282583739951349, -32.31690420784362772 ) ) ;
#6799 = CARTESIAN_POINT ( 'NONE',  ( -65.78776552602678862, -121.5666248272706156, -26.67845674801495903 ) ) ;
#6800 = CARTESIAN_POINT ( 'NONE',  ( -55.23866527564113937, -91.31136306572280148, -28.08867620060216197 ) ) ;
#6801 = CARTESIAN_POINT ( 'NONE',  ( -47.70893960417461699, -81.14067103899118649, -33.06299549157073869 ) ) ;
#6802 = CARTESIAN_POINT ( 'NONE',  ( -46.64727084890289888, -87.97013445134710707, -33.03620865082484670 ) ) ;
#6803 = CARTESIAN_POINT ( 'NONE',  ( 0.5824855337762923080, -32.52719675769781560, -19.41774497379192610 ) ) ;
#6804 = CARTESIAN_POINT ( 'NONE',  ( -53.36660568607568678, -143.1389343212532026, -33.42486709786425791 ) ) ;
#6805 = CARTESIAN_POINT ( 'NONE',  ( -44.60612610821726065, -84.85587839902238727, -30.20393632604526957 ) ) ;
#6806 = CARTESIAN_POINT ( 'NONE',  ( -63.42180815266804217, -126.2211945702904643, -30.96859610122902851 ) ) ;
#6807 = CARTESIAN_POINT ( 'NONE',  ( -63.64116515582880851, -130.1724155321374212, -27.77529336202280064 ) ) ;
#6808 = CARTESIAN_POINT ( 'NONE',  ( -50.36858768247917340, -146.2125863381093325, -28.63147284122961267 ) ) ;
#6809 = CARTESIAN_POINT ( 'NONE',  ( 3.763745919249517069, -25.03174828952742459, -19.63622145241070172 ) ) ;
#6810 = CARTESIAN_POINT ( 'NONE',  ( -57.58532531281689870, -132.4814607689428101, -31.87254635783710910 ) ) ;
#6811 = CARTESIAN_POINT ( 'NONE',  ( -37.76160866785065195, -78.55133368938355432, -30.61403546650979024 ) ) ;
#6812 = CARTESIAN_POINT ( 'NONE',  ( -38.43418485263438811, -82.32575928781658092, -32.80590386412840331 ) ) ;
#6813 = CARTESIAN_POINT ( 'NONE',  ( -63.22257627673607061, -123.8259704921166531, -31.23587049031724305 ) ) ;
#6814 = CARTESIAN_POINT ( 'NONE',  ( -62.19733045481039824, -133.9710416287078090, -29.57296525332349901 ) ) ;
#6815 = CARTESIAN_POINT ( 'NONE',  ( -11.52096608997359795, -60.98367600700616720, -35.38627909923874171 ) ) ;
#6816 = CARTESIAN_POINT ( 'NONE',  ( -45.41658124998749457, -82.22164192357631407, -30.19614896645510882 ) ) ;
#6817 = CARTESIAN_POINT ( 'NONE',  ( -2.766461892540604151, -53.35168280383001616, -26.87956067875390431 ) ) ;
#6818 = CARTESIAN_POINT ( 'NONE',  ( -58.20228431390574286, -90.41217583854022166, -32.33378797145474692 ) ) ;
#6819 = CARTESIAN_POINT ( 'NONE',  ( -49.30027319817769182, -90.48901001093592811, -32.21087358922696353 ) ) ;
#6820 = CARTESIAN_POINT ( 'NONE',  ( -62.83763381194164310, -109.7690109593426229, -31.35370817778432340 ) ) ;
#6821 = CARTESIAN_POINT ( 'NONE',  ( -66.66526313766055978, -115.3602941771775647, -29.65202783313043255 ) ) ;
#6822 = CARTESIAN_POINT ( 'NONE',  ( -58.45806350030580489, -136.3421819758776223, -26.52078020446179707 ) ) ;
#6823 = CARTESIAN_POINT ( 'NONE',  ( -60.65955775433595676, -105.7989267972549641, -30.80520253385624230 ) ) ;
#6824 = CARTESIAN_POINT ( 'NONE',  ( -33.83678961824583808, -77.40873157252281089, -36.89541430393288834 ) ) ;
#6825 = CARTESIAN_POINT ( 'NONE',  ( -4.614820322129306263, -4.148435034166316093, -7.913820693454368893 ) ) ;
#6826 = CARTESIAN_POINT ( 'NONE',  ( -47.55891899253042254, -88.66104941349217938, -33.04319093075837088 ) ) ;
#6827 = CARTESIAN_POINT ( 'NONE',  ( -49.52482290269622212, -90.71272043264598040, -31.34616005507268710 ) ) ;
#6828 = CARTESIAN_POINT ( 'NONE',  ( -41.01637271526531237, -78.74993218579304255, -30.87743232542954885 ) ) ;
#6829 = CARTESIAN_POINT ( 'NONE',  ( -41.18910371589488761, -83.58946221582391445, -31.24498188251187258 ) ) ;
#6830 = CARTESIAN_POINT ( 'NONE',  ( -52.69567071080791720, -88.46272359079280534, -28.72270412159334185 ) ) ;
#6831 = CARTESIAN_POINT ( 'NONE',  ( -53.97425411274698348, -138.8241614272089350, -32.21142476997580673 ) ) ;
#6832 = CARTESIAN_POINT ( 'NONE',  ( -48.16101755029993114, -89.12711092234090415, -33.02798268584679420 ) ) ;
#6833 = CARTESIAN_POINT ( 'NONE',  ( -65.38468834373234984, -117.0037319994325316, -25.66007620528252531 ) ) ;
#6834 = CARTESIAN_POINT ( 'NONE',  ( -58.59327029040418466, -141.0279787389012824, -31.12056337249539695 ) ) ;
#6835 = CARTESIAN_POINT ( 'NONE',  ( -1.227753688392341003, -31.47095625703756738, -24.17023834799280380 ) ) ;
#6836 = CARTESIAN_POINT ( 'NONE',  ( -63.14226798782033967, -114.2535716352991670, -25.47225063797478839 ) ) ;
#6837 = CARTESIAN_POINT ( 'NONE',  ( -37.74162779817953606, -81.73595028692540154, -32.03511622278279702 ) ) ;
#6838 = CARTESIAN_POINT ( 'NONE',  ( -61.51118510683238583, -111.0497277609553350, -30.49511842862332500 ) ) ;
#6839 = CARTESIAN_POINT ( 'NONE',  ( -60.01315773393723418, -106.1323158196391887, -27.97377143662987820 ) ) ;
#6840 = CARTESIAN_POINT ( 'NONE',  ( -55.59543767613623544, -138.8809781577773492, -32.81920438098863002 ) ) ;
#6841 = CARTESIAN_POINT ( 'NONE',  ( -38.99048902329287358, -80.39230936436257480, -30.53688396235761715 ) ) ;
#6842 = CARTESIAN_POINT ( 'NONE',  ( -49.18050211767594959, -155.0554883217281485, -34.58652529586286306 ) ) ;
#6843 = CARTESIAN_POINT ( 'NONE',  ( -34.96967775411662416, -73.00989145458362373, -35.84344887138410485 ) ) ;
#6844 = CARTESIAN_POINT ( 'NONE',  ( -50.14234865232235450, -146.5942830122887131, -28.69533906469942863 ) ) ;
#6845 = CARTESIAN_POINT ( 'NONE',  ( 1.438909917311546494, -8.627998947049515976, -12.55844868299357664 ) ) ;
#6846 = CARTESIAN_POINT ( 'NONE',  ( -56.41875377729210328, -131.1044051030081334, -30.12042719655052991 ) ) ;
#6847 = CARTESIAN_POINT ( 'NONE',  ( -57.85844523805067041, -131.8173067311030593, -31.80297256624381319 ) ) ;
#6848 = CARTESIAN_POINT ( 'NONE',  ( -46.89858257642931960, -151.2357227523066570, -34.24057133013825904 ) ) ;
#6849 = CARTESIAN_POINT ( 'NONE',  ( -53.71860755275145749, -93.29958491835853351, -28.81267729512160614 ) ) ;
#6850 = CARTESIAN_POINT ( 'NONE',  ( -61.32628382633468789, -109.1442621064847174, -30.57881597031907717 ) ) ;
#6851 = CARTESIAN_POINT ( 'NONE',  ( -2.813685969170374168, -54.42080428355703248, -30.80019753822885065 ) ) ;
#6852 = CARTESIAN_POINT ( 'NONE',  ( -62.44088748674863609, -133.3796520310037579, -29.52032504708010308 ) ) ;
#6853 = CARTESIAN_POINT ( 'NONE',  ( -61.99628437916217649, -117.1033437861097326, -25.80652394516778969 ) ) ;
#6854 = CARTESIAN_POINT ( 'NONE',  ( 2.452830374666001845, -0.5472590215828607718, -2.690497950391002480 ) ) ;
#6855 = CARTESIAN_POINT ( 'NONE',  ( -43.27601706675835658, -80.12212619991819906, -36.30754721919131356 ) ) ;
#6856 = CARTESIAN_POINT ( 'NONE',  ( -39.70390923836670538, -83.03898626119404014, -31.98090471964470893 ) ) ;
#6857 = CARTESIAN_POINT ( 'NONE',  ( -62.66339117096688938, -108.4493656375910575, -31.43309343398072997 ) ) ;
#6858 = CARTESIAN_POINT ( 'NONE',  ( -63.81163978099748135, -128.8103926865362041, -29.94967851972826267 ) ) ;
#6859 = CARTESIAN_POINT ( 'NONE',  ( -2.180278895093836766, -24.61150642670176580, -18.75129936780742312 ) ) ;
#6860 = CARTESIAN_POINT ( 'NONE',  ( -39.42733400967401991, -82.96227803364175202, -32.78646762902150158 ) ) ;
#6861 = CARTESIAN_POINT ( 'NONE',  ( -42.38546710629542247, -82.26504988993686140, -36.12553819093548668 ) ) ;
#6862 = CARTESIAN_POINT ( 'NONE',  ( -53.39088951943654138, -150.8210459010568343, -30.23356084146533718 ) ) ;
#6863 = CARTESIAN_POINT ( 'NONE',  ( -6.360102632909238274, -57.60891325808221808, -28.29077138102315558 ) ) ;
#6864 = CARTESIAN_POINT ( 'NONE',  ( -59.70351010533912017, -105.5327969446421719, -29.53624709971909823 ) ) ;
#6865 = CARTESIAN_POINT ( 'NONE',  ( -53.56794764473804804, -90.79382043801780355, -28.37289227283894277 ) ) ;
#6866 = CARTESIAN_POINT ( 'NONE',  ( -40.54822801991112158, -83.11449198789844672, -31.24708208712998569 ) ) ;
#6867 = CARTESIAN_POINT ( 'NONE',  ( -26.49869050604299403, -69.03971545401131493, -32.03343658256439852 ) ) ;
#6868 = CARTESIAN_POINT ( 'NONE',  ( -45.39306526300990186, -87.04145164724526751, -32.99888317346170652 ) ) ;
#6869 = CARTESIAN_POINT ( 'NONE',  ( -3.206068723712050428, -18.45733715308810829, -17.52074698911134476 ) ) ;
#6870 = CARTESIAN_POINT ( 'NONE',  ( -66.00018353614397881, -116.7038511204473252, -26.16526082231288441 ) ) ;
#6871 = CARTESIAN_POINT ( 'NONE',  ( -65.57579024703605342, -122.5951404884193323, -29.66848539674376894 ) ) ;
#6872 = CARTESIAN_POINT ( 'NONE',  ( -1.091184078785454536, -41.80451038434286204, -28.71997540931491244 ) ) ;
#6873 = CARTESIAN_POINT ( 'NONE',  ( -63.01844616443330693, -115.7289947021286736, -25.45784437574075909 ) ) ;
#6874 = CARTESIAN_POINT ( 'NONE',  ( 0.7678131462039554656, -39.72853415900834051, -21.37398917100625795 ) ) ;
#6875 = CARTESIAN_POINT ( 'NONE',  ( -61.56191902716956577, -113.7418098325048987, -30.42957054661943772 ) ) ;
#6876 = CARTESIAN_POINT ( 'NONE',  ( -60.23323006296995885, -118.1140763848937638, -27.71963908775067509 ) ) ;
#6877 = CARTESIAN_POINT ( 'NONE',  ( 0.2274537938214868937, -0.9847947642205806540, -6.673729155706554117 ) ) ;
#6878 = CARTESIAN_POINT ( 'NONE',  ( -35.63097514777424379, -78.27798627025767075, -30.83515211525362432 ) ) ;
#6879 = CARTESIAN_POINT ( 'NONE',  ( -0.5992605465093242545, -35.31969745291163321, -26.19149575397576513 ) ) ;
#6880 = CARTESIAN_POINT ( 'NONE',  ( 2.184507719980138596, -27.27508062264234567, -23.99257495805224139 ) ) ;
#6881 = PERSON_AND_ORGANIZATION ( #7082, #1896 ) ;
#6882 = CARTESIAN_POINT ( 'NONE',  ( -0.8597695971065947296, -45.22621888708676607, -30.24907648019851436 ) ) ;
#6883 = CARTESIAN_POINT ( 'NONE',  ( -49.21338878978292541, -148.1379953511317353, -28.95909220860584909 ) ) ;
#6884 = CARTESIAN_POINT ( 'NONE',  ( 2.439559969464865308, 1.029215258641710928, -1.445116525056515000 ) ) ;
#6885 = CARTESIAN_POINT ( 'NONE',  ( -57.66493542079109602, -130.6422568128958233, -31.23133491966213526 ) ) ;
#6886 = CARTESIAN_POINT ( 'NONE',  ( 1.799654787011367274, -5.374315078686304759, -6.580222939360103496 ) ) ;
#6887 = CARTESIAN_POINT ( 'NONE',  ( -53.69947581486965049, -140.7095544216840324, -32.90833982041225880 ) ) ;
#6888 = CARTESIAN_POINT ( 'NONE',  ( -60.57436480440465232, -106.6982819261843360, -27.18391775029704149 ) ) ;
#6889 = CARTESIAN_POINT ( 'NONE',  ( -53.21876190956345454, -140.2856200718626951, -32.42038129022523663 ) ) ;
#6890 = CARTESIAN_POINT ( 'NONE',  ( -53.89788146100096355, -145.6555218327788452, -33.49027636355407367 ) ) ;
#6891 = CARTESIAN_POINT ( 'NONE',  ( -4.226899923208594423, -2.525334486622836216, -7.091392899225826163 ) ) ;
#6892 = CARTESIAN_POINT ( 'NONE',  ( -3.768817366859961826, -14.91660425625554787, -14.67432365158873253 ) ) ;
#6893 = CARTESIAN_POINT ( 'NONE',  ( -60.96461702760564805, -122.3139209916749905, -25.95725498945571985 ) ) ;
#6894 = CARTESIAN_POINT ( 'NONE',  ( -41.13824821905804185, -78.94987368479550582, -36.69514832546669680 ) ) ;
#6895 = ORIENTED_EDGE ( 'NONE', *, *, #3819, .F. ) ;
#6896 = CARTESIAN_POINT ( 'NONE',  ( -56.14387179986890430, -132.7212135626805320, -31.00047326618038568 ) ) ;
#6897 = CARTESIAN_POINT ( 'NONE',  ( 1.113218352133690026, -11.75014256666809054, -15.71117093347696247 ) ) ;
#6898 = CARTESIAN_POINT ( 'NONE',  ( -2.981246999671886666, -0.5165929090516099276, -6.152074020239162166 ) ) ;
#6899 = CARTESIAN_POINT ( 'NONE',  ( -4.733196008036886226, -47.10656131507435873, -28.36490836406174765 ) ) ;
#6900 = CARTESIAN_POINT ( 'NONE',  ( -47.26313886016172461, -88.43533048530319718, -33.04246889892059613 ) ) ;
#6901 = CARTESIAN_POINT ( 'NONE',  ( 3.278865005939685773, -42.59557742727491814, -25.76971703602367114 ) ) ;
#6902 = CARTESIAN_POINT ( 'NONE',  ( -4.338162874270066638, -2.134465508368804443, -5.266187754681772581 ) ) ;
#6903 = CARTESIAN_POINT ( 'NONE',  ( -39.42733400967401991, -82.96227803364175202, -32.78646762902150158 ) ) ;
#6904 = CARTESIAN_POINT ( 'NONE',  ( -60.53616026910651016, -115.3896294577838688, -29.18475180552472992 ) ) ;
#6905 = CARTESIAN_POINT ( 'NONE',  ( -56.68551509359725316, -134.1945466573862973, -26.93174341635620550 ) ) ;
#6906 = CARTESIAN_POINT ( 'NONE',  ( -59.80476567762399043, -105.9074376202817689, -29.50663996859996629 ) ) ;
#6907 = CARTESIAN_POINT ( 'NONE',  ( -62.75745264562189618, -117.7553772424567313, -25.46537173951633193 ) ) ;
#6908 = CARTESIAN_POINT ( 'NONE',  ( -54.76007459812308298, -95.14707632700262252, -32.15996326334079214 ) ) ;
#6909 = CARTESIAN_POINT ( 'NONE',  ( -4.212550574362557754, -7.601368805591534716, -8.271602960308772623 ) ) ;
#6910 = CARTESIAN_POINT ( 'NONE',  ( -56.69772256479081562, -144.6206009292134809, -31.60099971060603607 ) ) ;
#6911 = CARTESIAN_POINT ( 'NONE',  ( -4.503835279938866343, -10.77285667108743183, -12.29062974439342248 ) ) ;
#6912 = CARTESIAN_POINT ( 'NONE',  ( -51.09592960418025598, -146.5984466627600682, -28.22401919711753138 ) ) ;
#6913 = CARTESIAN_POINT ( 'NONE',  ( -24.56262913922172331, -73.57692533054319028, -32.86266136301573937 ) ) ;
#6914 = CARTESIAN_POINT ( 'NONE',  ( -41.44591928132174274, -84.29013263791127031, -32.81249612345415301 ) ) ;
#6915 = CARTESIAN_POINT ( 'NONE',  ( -58.98768326569840781, -123.6687014840385075, -27.97244808875608157 ) ) ;
#6916 = CARTESIAN_POINT ( 'NONE',  ( -45.52286247756492799, -84.71856498465656671, -35.48762298573543461 ) ) ;
#6917 = CARTESIAN_POINT ( 'NONE',  ( -53.12125264708012651, -93.51364562175751871, -29.48054155098206763 ) ) ;
#6918 = CARTESIAN_POINT ( 'NONE',  ( -46.85085584929201730, -160.1903343502665393, -31.24979704151323290 ) ) ;
#6919 = CARTESIAN_POINT ( 'NONE',  ( -0.02683809837293138489, -49.12931381619632276, -30.05727899586406693 ) ) ;
#6920 = CARTESIAN_POINT ( 'NONE',  ( -2.629631018837350176, -48.20391290588052158, -31.35032957566935607 ) ) ;
#6921 = CARTESIAN_POINT ( 'NONE',  ( -0.3320796676289800020, -7.005141371157470154, -5.372197546508165722 ) ) ;
#6922 = CARTESIAN_POINT ( 'NONE',  ( 1.313429165591801784, -45.96562438698853725, -24.51570113147533547 ) ) ;
#6923 = CARTESIAN_POINT ( 'NONE',  ( -54.76007459812308298, -95.14707632700262252, -32.15996326334079214 ) ) ;
#6924 = CARTESIAN_POINT ( 'NONE',  ( 1.705409452654510716, -7.543594426914155271, -8.725240019320896323 ) ) ;
#6925 = CARTESIAN_POINT ( 'NONE',  ( 1.335040623462586451, -2.970544176782432100, -7.357514783884068876 ) ) ;
#6926 = CARTESIAN_POINT ( 'NONE',  ( -48.38321164366008276, -87.55611721442483031, -29.59428975383689675 ) ) ;
#6927 = CARTESIAN_POINT ( 'NONE',  ( -54.91190738839750196, -143.8204015375517884, -33.21650932423314373 ) ) ;
#6928 = CARTESIAN_POINT ( 'NONE',  ( -23.45766977816133192, -66.25911499611747502, -36.26882781612035700 ) ) ;
#6929 = CARTESIAN_POINT ( 'NONE',  ( -2.159589376405250505, -26.63186770057792430, -21.21440385593993838 ) ) ;
#6930 = CARTESIAN_POINT ( 'NONE',  ( -62.17498813605424601, -115.6270485506333756, -25.79865167696441475 ) ) ;
#6931 = CARTESIAN_POINT ( 'NONE',  ( -65.77143717512294074, -123.2270615337726980, -28.92199717907085343 ) ) ;
#6932 = CARTESIAN_POINT ( 'NONE',  ( -57.44539451028789045, -129.5118610476862955, -30.66392897699800102 ) ) ;
#6933 = CARTESIAN_POINT ( 'NONE',  ( 3.246962266842438716, -22.87964018196583993, -20.58043381947866379 ) ) ;
#6934 = CARTESIAN_POINT ( 'NONE',  ( 3.230704827340139307, -38.01469616676463659, -26.96416171131047790 ) ) ;
#6935 = CARTESIAN_POINT ( 'NONE',  ( -51.38683502436546036, -149.3720184782906415, -28.35516562330069945 ) ) ;
#6936 = CARTESIAN_POINT ( 'NONE',  ( -38.43418485263438811, -82.32575928781658092, -32.80590386412840331 ) ) ;
#6937 = CARTESIAN_POINT ( 'NONE',  ( 4.161833115229499391, -33.39466622568468779, -23.62272726338596129 ) ) ;
#6938 = CARTESIAN_POINT ( 'NONE',  ( -63.79312331037724704, -98.23001221619242074, -28.32467907125279893 ) ) ;
#6939 = CARTESIAN_POINT ( 'NONE',  ( 0.5941479562982152629, -43.56614513308680614, -22.87682643171419627 ) ) ;
#6940 = CARTESIAN_POINT ( 'NONE',  ( -59.98685290838781725, -106.6470668536760229, -29.45283973075232353 ) ) ;
#6941 = CARTESIAN_POINT ( 'NONE',  ( -62.33709375851673684, -113.2549105043534468, -25.82218148019991943 ) ) ;
#6942 = CARTESIAN_POINT ( 'NONE',  ( -60.58270113666895185, -110.7771792999559608, -29.24436985755438201 ) ) ;
#6943 = CARTESIAN_POINT ( 'NONE',  ( -58.13619865114589658, -132.9680290266760778, -26.37858603729372931 ) ) ;
#6944 = CARTESIAN_POINT ( 'NONE',  ( -61.36469979289856269, -116.6250956523538491, -30.42606406589468193 ) ) ;
#6945 = CARTESIAN_POINT ( 'NONE',  ( -1.236564998620079736, -34.52014979282810714, -24.90933346454351494 ) ) ;
#6946 = CARTESIAN_POINT ( 'NONE',  ( -61.73698604825467839, -134.2446957690673912, -30.38206465825423308 ) ) ;
#6947 = CARTESIAN_POINT ( 'NONE',  ( -4.276494096689603452, -3.801363007031731911, -4.974487808135927835 ) ) ;
#6948 = CARTESIAN_POINT ( 'NONE',  ( -51.69125759218658800, -145.5831745167925533, -28.05936341375974763 ) ) ;
#6949 = CARTESIAN_POINT ( 'NONE',  ( -47.28876062917439782, -88.80023677158845885, -32.27781873780570265 ) ) ;
#6950 = CARTESIAN_POINT ( 'NONE',  ( -60.68787448981850474, -111.2871459432376469, -27.71775792762996815 ) ) ;
#6951 = CARTESIAN_POINT ( 'NONE',  ( -44.06102038063757931, -83.97241251904442549, -35.57959245779725421 ) ) ;
#6952 = CARTESIAN_POINT ( 'NONE',  ( -60.67711347047990245, -113.8896441068452106, -27.67516749646656038 ) ) ;
#6953 = CARTESIAN_POINT ( 'NONE',  ( -64.89128058495947471, -111.8204110323886908, -25.50501493030529332 ) ) ;
#6954 = CARTESIAN_POINT ( 'NONE',  ( -4.276494096689603452, -3.801363007031731911, -4.974487808135927835 ) ) ;
#6955 = CARTESIAN_POINT ( 'NONE',  ( -2.381456243200822609, -1.612891643234763972, -8.145560041160525344 ) ) ;
#6956 = CARTESIAN_POINT ( 'NONE',  ( 1.031261115466970857, -37.22573011758603201, -27.69791907108320572 ) ) ;
#6957 = CARTESIAN_POINT ( 'NONE',  ( -2.643706971617289181, -42.82885778905792762, -24.26203364685967401 ) ) ;
#6958 = CARTESIAN_POINT ( 'NONE',  ( -8.598978150687042188, -61.37406852499334775, -31.34638820158820849 ) ) ;
#6959 = CARTESIAN_POINT ( 'NONE',  ( -59.98107800126258127, -123.7497099152600128, -30.67961650886059388 ) ) ;
#6960 = CARTESIAN_POINT ( 'NONE',  ( 2.891187065401338518, -29.66861087033753464, -18.84787788202013559 ) ) ;
#6961 = CARTESIAN_POINT ( 'NONE',  ( -45.46869523790482504, -86.24365226671183393, -34.50422573174773078 ) ) ;
#6962 = CARTESIAN_POINT ( 'NONE',  ( -10.31753568885062222, -56.71964996793106906, -28.46931063728045785 ) ) ;
#6963 = CARTESIAN_POINT ( 'NONE',  ( 0.08270626263966039671, -10.21154940755770824, -15.63184287802655703 ) ) ;
#6964 = CARTESIAN_POINT ( 'NONE',  ( -30.83746820040084557, -70.89440114343004495, -36.49841177217538046 ) ) ;
#6965 = CARTESIAN_POINT ( 'NONE',  ( -43.95384336245219714, -78.72063761945446458, -32.54510491723365107 ) ) ;
#6966 = CARTESIAN_POINT ( 'NONE',  ( -60.91389533634385600, -119.7024035059664726, -30.49139087883704846 ) ) ;
#6967 = CARTESIAN_POINT ( 'NONE',  ( -62.04341790354958874, -107.5362861241098642, -26.06734755944632909 ) ) ;
#6968 = CARTESIAN_POINT ( 'NONE',  ( -55.41795956220706643, -95.19120099027330184, -32.74355250666068429 ) ) ;
#6969 = CARTESIAN_POINT ( 'NONE',  ( -56.30802798138859089, -145.9640242847541174, -30.98770165497695928 ) ) ;
#6970 = CARTESIAN_POINT ( 'NONE',  ( -38.14032870348873416, -82.26809235978009838, -33.61317831220228669 ) ) ;
#6971 = CARTESIAN_POINT ( 'NONE',  ( -55.05598102689085493, -135.1718350500727297, -31.29206352545601533 ) ) ;
#6972 = CARTESIAN_POINT ( 'NONE',  ( 0.7443206510806446019, -49.01929673776493956, -27.30888561751287469 ) ) ;
#6973 = CARTESIAN_POINT ( 'NONE',  ( -6.324141880553531436, -55.75382399459461169, -33.75158658543206514 ) ) ;
#6974 = CARTESIAN_POINT ( 'NONE',  ( -53.53561294147610283, -145.7445460358662501, -27.77426891207405291 ) ) ;
#6975 = CARTESIAN_POINT ( 'NONE',  ( -64.34064224667679355, -104.2748243294306860, -31.47409166531244651 ) ) ;
#6976 = CARTESIAN_POINT ( 'NONE',  ( -20.32025931126121421, -63.77882315454534989, -35.54765667390950057 ) ) ;
#6977 = CARTESIAN_POINT ( 'NONE',  ( -41.44591928132174274, -84.29013263791127031, -32.81249612345415301 ) ) ;
#6978 = CARTESIAN_POINT ( 'NONE',  ( -56.92231249127508619, -129.8452666198674024, -29.99089002200391718 ) ) ;
#6979 = CARTESIAN_POINT ( 'NONE',  ( -62.35492909372408832, -111.4271611394150057, -25.87069692128864773 ) ) ;
#6980 = CARTESIAN_POINT ( 'NONE',  ( -55.97325908755933455, -132.1726839923810246, -30.23687594371041598 ) ) ;
#6981 = CARTESIAN_POINT ( 'NONE',  ( -56.95086297827143795, -135.6029070463520441, -26.66955100095451670 ) ) ;
#6982 = CARTESIAN_POINT ( 'NONE',  ( -51.94442323900564418, -142.6604435476420747, -32.77678077421825265 ) ) ;
#6983 = CARTESIAN_POINT ( 'NONE',  ( -57.53659112867536862, -130.9649818556746936, -31.26364862305906200 ) ) ;
#6984 = CARTESIAN_POINT ( 'NONE',  ( -53.74169667849263732, -147.0753202731401927, -28.13500568345785524 ) ) ;
#6985 = CARTESIAN_POINT ( 'NONE',  ( -60.53081653097719794, -135.2768361758111553, -27.05510564262558759 ) ) ;
#6986 = CARTESIAN_POINT ( 'NONE',  ( -12.29550015323566292, -60.58441109229528365, -35.63697645260788249 ) ) ;
#6987 = CARTESIAN_POINT ( 'NONE',  ( -6.820580134701287101, -51.59362469740785428, -31.95418729282992132 ) ) ;
#6988 = CARTESIAN_POINT ( 'NONE',  ( -60.64792417825989190, -126.3820274053147870, -25.81176007982351095 ) ) ;
#6989 = CARTESIAN_POINT ( 'NONE',  ( -42.00192825640404237, -84.66332202190716316, -32.02543286481687801 ) ) ;
#6990 = CARTESIAN_POINT ( 'NONE',  ( -57.09442732144275112, -132.0515530646661091, -31.37676535646165377 ) ) ;
#6991 = CARTESIAN_POINT ( 'NONE',  ( -59.75458631482364069, -120.6375780059603358, -27.80855558791834525 ) ) ;
#6992 = CARTESIAN_POINT ( 'NONE',  ( -13.84995270352274588, -65.05237821547480337, -34.88129704214484406 ) ) ;
#6993 = CARTESIAN_POINT ( 'NONE',  ( -60.70502270523609667, -111.9341906971545200, -27.70161952239544334 ) ) ;
#6994 = CARTESIAN_POINT ( 'NONE',  ( -59.08214502294665493, -134.9835685175102356, -26.37318678408652772 ) ) ;
#6995 = CARTESIAN_POINT ( 'NONE',  ( -52.10511832251940234, -152.1800079977798248, -29.78506931326883844 ) ) ;
#6996 = CARTESIAN_POINT ( 'NONE',  ( -2.582571140278800303, -52.74229400226111864, -31.71258973106825962 ) ) ;
#6997 = CARTESIAN_POINT ( 'NONE',  ( -4.373643958177034108, -10.44254751450006680, -14.11523281641945005 ) ) ;
#6998 = CARTESIAN_POINT ( 'NONE',  ( -47.57529212532336516, -86.69613374347248680, -29.68217063974853431 ) ) ;
#6999 = CARTESIAN_POINT ( 'NONE',  ( -60.36693324885758472, -122.2426979271562288, -30.59661362965680809 ) ) ;
#7000 = CARTESIAN_POINT ( 'NONE',  ( -56.01382714477220759, -132.0768347075640463, -30.22593002991555977 ) ) ;
#7001 = CARTESIAN_POINT ( 'NONE',  ( -49.69161596603500897, -89.03150679608201301, -34.31473443327661954 ) ) ;
#7002 = CARTESIAN_POINT ( 'NONE',  ( -61.09835166775220472, -112.4526350454874688, -26.93235408169714162 ) ) ;
#7003 = CARTESIAN_POINT ( 'NONE',  ( -47.01018124250138186, -156.8585057590894678, -35.43774580442164535 ) ) ;
#7004 = CARTESIAN_POINT ( 'NONE',  ( -4.312144517437581648, -3.302676022145595525, -8.080823251911320781 ) ) ;
#7005 = CARTESIAN_POINT ( 'NONE',  ( -3.241405261779529479, -45.63800590441041294, -29.40603766763562277 ) ) ;
#7006 = CARTESIAN_POINT ( 'NONE',  ( -41.21741760450654368, -84.15553017652109702, -33.61252671612574261 ) ) ;
#7007 = CARTESIAN_POINT ( 'NONE',  ( -2.899737436731891549, 1.696456640980668062, 0.000000000000000000 ) ) ;
#7008 = CARTESIAN_POINT ( 'NONE',  ( -28.82642001177471869, -76.50820343180224370, -34.30272859513972605 ) ) ;
#7009 = CARTESIAN_POINT ( 'NONE',  ( -51.41570074537929003, -142.3314386014479282, -32.30385954290870387 ) ) ;
#7010 = CARTESIAN_POINT ( 'NONE',  ( 2.209457515025405883, -45.62599979170391862, -25.90988943179529258 ) ) ;
#7011 = CARTESIAN_POINT ( 'NONE',  ( -4.225362226578892155, -53.61308632525056339, -32.80480793153094510 ) ) ;
#7012 = CARTESIAN_POINT ( 'NONE',  ( -11.27474163358138171, -55.76690171280686315, -30.67515697544266118 ) ) ;
#7013 = CARTESIAN_POINT ( 'NONE',  ( -62.58490562426990778, -99.78721449844357494, -32.08931362566642775 ) ) ;
#7014 = CARTESIAN_POINT ( 'NONE',  ( -8.839261280807344079, -55.17786634710153493, -33.89669732612707520 ) ) ;
#7015 = CARTESIAN_POINT ( 'NONE',  ( -62.32882203487208272, -110.5343747133662760, -25.90407173601006008 ) ) ;
#7016 = CARTESIAN_POINT ( 'NONE',  ( -51.63647160144758175, -141.1298159523774132, -31.43221163590775902 ) ) ;
#7017 = CARTESIAN_POINT ( 'NONE',  ( -61.07203507874231718, -125.0404481718036465, -25.72651080877680130 ) ) ;
#7018 = DIRECTION ( 'NONE',  ( 1.000000000000000000, 0.000000000000000000, 0.000000000000000000 ) ) ;
#7019 = CARTESIAN_POINT ( 'NONE',  ( -61.46388313802134462, -110.4146499699358799, -30.51897702872421547 ) ) ;
#7020 = CARTESIAN_POINT ( 'NONE',  ( -4.956545960488303315, -48.45809171944964788, -30.31842204606672553 ) ) ;
#7021 = CARTESIAN_POINT ( 'NONE',  ( -56.01712262635884798, -144.3063507399508012, -28.14790378304471474 ) ) ;
#7022 = CARTESIAN_POINT ( 'NONE',  ( -3.133820468461595343, -1.515712348619627781, -7.528422785838295717 ) ) ;
#7023 = CARTESIAN_POINT ( 'NONE',  ( -64.65876484056825291, -103.6830422506489384, -26.45459638900073784 ) ) ;
#7024 = CARTESIAN_POINT ( 'NONE',  ( -60.89769094882687028, -125.6023704940789685, -25.76110187168184495 ) ) ;
#7025 = CARTESIAN_POINT ( 'NONE',  ( -52.56309673988341302, -141.5215374075871750, -32.60314866855487992 ) ) ;
#7026 = CARTESIAN_POINT ( 'NONE',  ( 1.721888984672802048, -4.689233475406470397, -4.652624195045667044 ) ) ;
#7027 = CARTESIAN_POINT ( 'NONE',  ( -3.221148310526130043, -55.28398454563365050, -30.21082277884665146 ) ) ;
#7028 = CARTESIAN_POINT ( 'NONE',  ( -54.03609687751770707, -136.3314793994674119, -29.23612059592811718 ) ) ;
#7029 = CARTESIAN_POINT ( 'NONE',  ( -59.38104157573258846, -134.3119332316395287, -26.30325117728282081 ) ) ;
#7030 = CARTESIAN_POINT ( 'NONE',  ( -61.53394398706422663, -114.4460793837096304, -30.42293202664845353 ) ) ;
#7031 = CARTESIAN_POINT ( 'NONE',  ( -54.93146704246965584, -147.4735631009014867, -29.03505818422323870 ) ) ;
#7032 = CARTESIAN_POINT ( 'NONE',  ( -66.51896881249318483, -117.2584651688342632, -26.65980374397350161 ) ) ;
#7033 = CARTESIAN_POINT ( 'NONE',  ( -0.5066026060379805740, -10.64538424125347404, -8.777742907523807148 ) ) ;
#7034 = CARTESIAN_POINT ( 'NONE',  ( -58.61601562236651120, -128.1140702610990445, -30.99628952605011989 ) ) ;
#7035 = CARTESIAN_POINT ( 'NONE',  ( 0.2975742193162516647, -11.77280353505381960, -9.918060859120659600 ) ) ;
#7036 = CARTESIAN_POINT ( 'NONE',  ( 3.589237130957223076, -23.62497466452678196, -19.04742081937354570 ) ) ;
#7037 = CARTESIAN_POINT ( 'NONE',  ( -59.51278685365236498, -123.0871980570042581, -27.15718253503409940 ) ) ;
#7038 = CARTESIAN_POINT ( 'NONE',  ( -39.10901495537758166, -80.56342393754316333, -36.44142679783622896 ) ) ;
#7039 = CARTESIAN_POINT ( 'NONE',  ( -4.023493585571874753, -1.285975277250428039, -5.370785288144612757 ) ) ;
#7040 = CARTESIAN_POINT ( 'NONE',  ( -4.105482448098026538, -6.056402720168740927, -6.594943666791951209 ) ) ;
#7041 = CARTESIAN_POINT ( 'NONE',  ( -61.33710960819784219, -116.8740236615935260, -30.42886717499942151 ) ) ;
#7042 = CARTESIAN_POINT ( 'NONE',  ( -24.58592401210927392, -73.76175366961052760, -34.41038283010090737 ) ) ;
#7043 = CARTESIAN_POINT ( 'NONE',  ( -65.47697764446276381, -124.4008463241620319, -28.95926956457692825 ) ) ;
#7044 = CARTESIAN_POINT ( 'NONE',  ( 3.651572978865463170, -25.59138864609360553, -18.90306323124856291 ) ) ;
#7045 = CARTESIAN_POINT ( 'NONE',  ( -56.95018943288513924, -130.7768852303536278, -30.78979183559269472 ) ) ;
#7046 = CARTESIAN_POINT ( 'NONE',  ( 0.01714497081729306552, -3.213966978717990308, -9.403551276861850994 ) ) ;
#7047 = CARTESIAN_POINT ( 'NONE',  ( -10.40690275773497753, -59.21877019467956416, -35.16180485698865255 ) ) ;
#7048 = CARTESIAN_POINT ( 'NONE',  ( -41.51625833764795459, -78.18345218086540171, -31.43388512029170201 ) ) ;
#7049 = CARTESIAN_POINT ( 'NONE',  ( -65.03936656250066051, -119.2148601735150208, -30.73845234288467410 ) ) ;
#7050 = CARTESIAN_POINT ( 'NONE',  ( -53.41293993975197196, -85.23445349556318718, -31.68567523594383673 ) ) ;
#7051 = CARTESIAN_POINT ( 'NONE',  ( -62.12285940231006265, -116.1142220592203955, -25.79922912227063847 ) ) ;
#7052 = CARTESIAN_POINT ( 'NONE',  ( -59.26884508971591714, -122.6562052023678149, -29.41935307977915670 ) ) ;
#7053 = CARTESIAN_POINT ( 'NONE',  ( -63.21044736238238926, -112.5899261891102299, -25.50946675031416788 ) ) ;
#7054 = MECHANICAL_CONTEXT ( 'NONE', #2099, 'mechanical' ) ;
#7055 = CARTESIAN_POINT ( 'NONE',  ( -60.69883979467181945, -120.7765928427459983, -30.53077815997724187 ) ) ;
#7056 = CARTESIAN_POINT ( 'NONE',  ( -41.96676441815446168, -77.34522444552297316, -32.89561949667403695 ) ) ;
#7057 = CARTESIAN_POINT ( 'NONE',  ( -65.77823414381903433, -118.3700272904317217, -26.15605721537404804 ) ) ;
#7058 = CARTESIAN_POINT ( 'NONE',  ( -6.324141880553531436, -55.75382399459461169, -33.75158658543206514 ) ) ;
#7059 = CARTESIAN_POINT ( 'NONE',  ( -65.32273531282802992, -106.8861399283672711, -26.12678447923319069 ) ) ;
#7060 = CARTESIAN_POINT ( 'NONE',  ( -56.84584674559174289, -135.8265315131564535, -26.69585384092643565 ) ) ;
#7061 = CARTESIAN_POINT ( 'NONE',  ( -60.97096904698916120, -113.5986901056050726, -29.92329511185710444 ) ) ;
#7062 = CARTESIAN_POINT ( 'NONE',  ( -60.69883979467181945, -120.7765928427459983, -30.53077815997724187 ) ) ;
#7063 = CARTESIAN_POINT ( 'NONE',  ( -50.34787290909743973, -143.3271417481352898, -30.26830736781160169 ) ) ;
#7064 = CARTESIAN_POINT ( 'NONE',  ( 0.7443206510806446019, -49.01929673776493956, -27.30888561751287469 ) ) ;
#7065 = CARTESIAN_POINT ( 'NONE',  ( -60.34180792115979841, -117.3981893374785557, -27.70185683373757257 ) ) ;
#7066 = CARTESIAN_POINT ( 'NONE',  ( -62.90180575088525927, -124.7732028699031588, -25.57320948036020170 ) ) ;
#7067 = CARTESIAN_POINT ( 'NONE',  ( -51.53077901229669067, -143.4098144226539659, -32.89447153092404363 ) ) ;
#7068 = CARTESIAN_POINT ( 'NONE',  ( -46.91518354543288893, -80.57830661504135605, -32.60175141831480516 ) ) ;
#7069 = CARTESIAN_POINT ( 'NONE',  ( -53.41293993975197196, -85.23445349556318718, -31.68567523594383673 ) ) ;
#7070 = CARTESIAN_POINT ( 'NONE',  ( -4.446613721603400293, -47.55222153822359132, -25.86605891687123560 ) ) ;
#7071 = CARTESIAN_POINT ( 'NONE',  ( -57.53659112867536862, -130.9649818556746936, -31.26364862305906200 ) ) ;
#7072 = CARTESIAN_POINT ( 'NONE',  ( -56.25167467295612767, -132.2710513176793370, -27.94218685940530378 ) ) ;
#7073 = CARTESIAN_POINT ( 'NONE',  ( -19.29023299681066561, -69.87382767985583598, -34.75295033982023085 ) ) ;
#7074 = CARTESIAN_POINT ( 'NONE',  ( -58.87488999348946095, -125.2614390969145006, -27.29919796344247018 ) ) ;
#7075 = CARTESIAN_POINT ( 'NONE',  ( -44.63325090955684260, -83.35989247946292835, -35.89526983579492736 ) ) ;
#7076 = CARTESIAN_POINT ( 'NONE',  ( -51.21261961451024547, -83.60451820891830721, -33.21094193274197437 ) ) ;
#7077 = CARTESIAN_POINT ( 'NONE',  ( -64.84436037214140924, -110.1037245982295474, -25.58998434969562297 ) ) ;
#7078 = CARTESIAN_POINT ( 'NONE',  ( -60.40722100354322066, -122.0739320020924339, -30.58799937625984811 ) ) ;
#7079 = CARTESIAN_POINT ( 'NONE',  ( -22.21544495433004585, -72.17524295527283584, -34.29846214101048218 ) ) ;
#7080 = CARTESIAN_POINT ( 'NONE',  ( -62.44088748674863609, -133.3796520310037579, -29.52032504708010308 ) ) ;
#7081 = CARTESIAN_POINT ( 'NONE',  ( -34.39688592080147345, -79.97714074528730066, -33.83157713469497452 ) ) ;
#7082 = PERSON ( '未指定', '未指定', '未指定', ('未指定'), ('未指定'), ('未指定') ) ;
#7083 = CARTESIAN_POINT ( 'NONE',  ( 3.318104196223289115, -29.10726478316374966, -19.30596935213463183 ) ) ;
#7084 = CARTESIAN_POINT ( 'NONE',  ( -13.84995270352274588, -65.05237821547480337, -34.88129704214484406 ) ) ;
#7085 = CARTESIAN_POINT ( 'NONE',  ( -67.06821548591992155, -110.9122185670954792, -29.08800620718367469 ) ) ;
#7086 = CARTESIAN_POINT ( 'NONE',  ( -57.86300711624827642, -92.95074643927752334, -33.42829383017285494 ) ) ;
#7087 = CARTESIAN_POINT ( 'NONE',  ( -29.30237463557603661, -69.43942102581407028, -35.74126996692650238 ) ) ;
#7088 = CARTESIAN_POINT ( 'NONE',  ( -0.4913512770069221602, -9.126172434840196246, -7.488413849966565117 ) ) ;
#7089 = CARTESIAN_POINT ( 'NONE',  ( -59.64261522837698948, -121.1136333814266948, -29.33921178423898368 ) ) ;
#7090 = CARTESIAN_POINT ( 'NONE',  ( -8.112183739662899740, -52.30498291461625371, -28.89290664796108388 ) ) ;
#7091 = DIRECTION ( 'NONE',  ( 0.000000000000000000, 0.000000000000000000, 1.000000000000000000 ) ) ;
#7092 = CARTESIAN_POINT ( 'NONE',  ( -57.26911635817607049, -131.6266016665854011, -31.33145776320649034 ) ) ;
#7093 = CARTESIAN_POINT ( 'NONE',  ( -47.81929332595566251, -81.72595031174391522, -31.46767114487328243 ) ) ;
#7094 = CARTESIAN_POINT ( 'NONE',  ( -60.48515835614507097, -135.3790441806898457, -27.06523235995979348 ) ) ;
#7095 = CARTESIAN_POINT ( 'NONE',  ( -1.867202346488997522, -50.78584321164434101, -31.53370850472136411 ) ) ;
#7096 = CARTESIAN_POINT ( 'NONE',  ( -51.32284770811551766, -84.15559044096036700, -30.94551482681254129 ) ) ;
#7097 = CARTESIAN_POINT ( 'NONE',  ( -4.288960809863977097, -46.14575015365117849, -27.13065244592876013 ) ) ;
#7098 = CARTESIAN_POINT ( 'NONE',  ( -60.94217930619827683, -111.3987313573618962, -29.96746003766856958 ) ) ;
#7099 = CARTESIAN_POINT ( 'NONE',  ( -61.24608034834732706, -117.6270474406479707, -30.43943697902938439 ) ) ;
#7100 = CARTESIAN_POINT ( 'NONE',  ( 1.419608966806306105, -7.641826499866231970, -7.814386243726526793 ) ) ;
#7101 = CARTESIAN_POINT ( 'NONE',  ( -62.89994595742544448, -125.0431316466039391, -31.29302664447594751 ) ) ;
#7102 = CARTESIAN_POINT ( 'NONE',  ( -56.11202706102533710, -131.7488850656393709, -28.68082437674130603 ) ) ;
#7103 = CARTESIAN_POINT ( 'NONE',  ( -64.88641593577629862, -112.5529426521942042, -25.47553437810836385 ) ) ;
#7104 = CARTESIAN_POINT ( 'NONE',  ( -51.80417614983885954, -142.9155291518624438, -32.81647079687502355 ) ) ;
#7105 = CARTESIAN_POINT ( 'NONE',  ( -43.92974614942046685, -78.43318109960713969, -33.42420926395256231 ) ) ;
#7106 = CARTESIAN_POINT ( 'NONE',  ( -66.79382819353229195, -110.5257254111066203, -26.89746255729409796 ) ) ;
#7107 = CARTESIAN_POINT ( 'NONE',  ( -50.22865605340043516, -89.52245357302022910, -29.36733133005833096 ) ) ;
#7108 = CARTESIAN_POINT ( 'NONE',  ( -3.749552199979686140, -55.69045608627722999, -28.63648777663133060 ) ) ;
#7109 = CARTESIAN_POINT ( 'NONE',  ( -52.22539895913263308, -142.1463072385591317, -32.69781999465252653 ) ) ;
#7110 = CARTESIAN_POINT ( 'NONE',  ( -49.74638053392931170, -145.0086282161161932, -29.72822147084560385 ) ) ;
#7111 = CARTESIAN_POINT ( 'NONE',  ( 3.299993094036335339, -37.28807994764430589, -21.81156691774949152 ) ) ;
#7112 = CARTESIAN_POINT ( 'NONE',  ( -55.87994493959869402, -133.1248757697504743, -28.03800047824828923 ) ) ;
#7113 = CARTESIAN_POINT ( 'NONE',  ( -63.62347302030420337, -102.1657152777011532, -31.73895477257317310 ) ) ;
#7114 = CARTESIAN_POINT ( 'NONE',  ( -45.99522429098356469, -80.35990993434869267, -34.96223146428737749 ) ) ;
#7115 = CARTESIAN_POINT ( 'NONE',  ( -53.10184771260524172, -86.63690078973399977, -29.54241050327597051 ) ) ;
#7116 = CARTESIAN_POINT ( 'NONE',  ( -52.47405518894453280, -92.21302512037088661, -33.29699062688583666 ) ) ;
#7117 = CARTESIAN_POINT ( 'NONE',  ( -34.37915839779431337, -73.17510764450847205, -36.54809238252884285 ) ) ;
#7118 = CARTESIAN_POINT ( 'NONE',  ( -5.633794123637333229, -57.60699461013717126, -28.74211810977482529 ) ) ;
#7119 = CARTESIAN_POINT ( 'NONE',  ( 0.5941479562982152629, -43.56614513308680614, -22.87682643171419627 ) ) ;
#7120 = CARTESIAN_POINT ( 'NONE',  ( -58.53731656556851703, -95.12485928326259454, -33.22549542624328467 ) ) ;
#7121 = CARTESIAN_POINT ( 'NONE',  ( -43.27601706675835658, -80.12212619991819906, -36.30754721919131356 ) ) ;
#7122 = CARTESIAN_POINT ( 'NONE',  ( -63.42180815266804217, -126.2211945702904643, -30.96859610122902851 ) ) ;
#7123 = CARTESIAN_POINT ( 'NONE',  ( -66.82820627563869209, -111.5601363430281765, -26.83774907210035821 ) ) ;
#7124 = CARTESIAN_POINT ( 'NONE',  ( -0.4302901654926961639, -7.915367050578390185, -6.335832119734095436 ) ) ;
#7125 = CARTESIAN_POINT ( 'NONE',  ( -49.83166524000292696, -144.3718728161396143, -31.95012865986667805 ) ) ;
#7126 = CARTESIAN_POINT ( 'NONE',  ( -2.028141183648258128, -7.378080767672567930, -5.889699285277496976 ) ) ;
#7127 =( LENGTH_UNIT ( ) NAMED_UNIT ( * ) SI_UNIT ( .MILLI., .METRE. ) );
#7128 = CARTESIAN_POINT ( 'NONE',  ( -51.74188146172327407, -143.0286789538402843, -32.83430619241111970 ) ) ;
#7129 = CARTESIAN_POINT ( 'NONE',  ( -50.27386978254531158, -84.61475070291447764, -34.90467568224951833 ) ) ;
#7130 = CARTESIAN_POINT ( 'NONE',  ( -42.63787994945985815, -77.79682866128895569, -32.79407942243981466 ) ) ;
#7131 = CARTESIAN_POINT ( 'NONE',  ( -64.25680414566896559, -125.2060343497916932, -26.31430483883958615 ) ) ;
#7132 = CARTESIAN_POINT ( 'NONE',  ( 2.822605241156002975, -40.95337716083868429, -27.77481349106166419 ) ) ;
#7133 = CARTESIAN_POINT ( 'NONE',  ( -60.06771868249512636, -93.73986904241475315, -28.13250749701700570 ) ) ;
#7134 = CARTESIAN_POINT ( 'NONE',  ( -60.85142309668801630, -115.7055968348976904, -29.91791454874372391 ) ) ;
#7135 = CARTESIAN_POINT ( 'NONE',  ( -52.15273785406515827, -140.0416546245730842, -29.75738539139971195 ) ) ;
#7136 = CARTESIAN_POINT ( 'NONE',  ( -64.65890053224305234, -111.1479722410845170, -31.23481933350864992 ) ) ;
#7137 = CARTESIAN_POINT ( 'NONE',  ( -50.13627705813438240, -143.7000993918441907, -30.32877247040590518 ) ) ;
#7138 = CARTESIAN_POINT ( 'NONE',  ( -3.002294650438690926, -10.17404545360807511, -9.088555750452096405 ) ) ;
#7139 = CARTESIAN_POINT ( 'NONE',  ( -52.01972366119871083, -142.5232780709127667, -32.75564531724686645 ) ) ;
#7140 = CARTESIAN_POINT ( 'NONE',  ( -38.45987548913139165, -74.87751969749713510, -34.14691988296785752 ) ) ;
#7141 = CARTESIAN_POINT ( 'NONE',  ( -66.81109929725687380, -113.6730383793520787, -26.74112063537834771 ) ) ;
#7142 = CARTESIAN_POINT ( 'NONE',  ( -52.27084263134962328, -91.68770754515283272, -29.06110580322613757 ) ) ;
#7143 = CARTESIAN_POINT ( 'NONE',  ( -56.58147898817817634, -133.2662167053721589, -31.51049791751784568 ) ) ;
#7144 = ORIENTED_EDGE ( 'NONE', *, *, #1199, .F. ) ;
#7145 = CARTESIAN_POINT ( 'NONE',  ( -50.32471696552333640, -144.0071611603570148, -29.56276515721845399 ) ) ;
#7146 = CARTESIAN_POINT ( 'NONE',  ( -54.42572122499409204, -93.04454710454625399, -33.54120773744674011 ) ) ;
#7147 = CARTESIAN_POINT ( 'NONE',  ( -44.88549942864842279, -152.8889585906581772, -31.15284618090500501 ) ) ;
#7148 = CARTESIAN_POINT ( 'NONE',  ( -54.66054098243793646, -89.75597965147127866, -34.22979770892072793 ) ) ;
#7149 = CARTESIAN_POINT ( 'NONE',  ( -66.49410113531827449, -105.6273152492113496, -28.03848851108526929 ) ) ;
#7150 = CARTESIAN_POINT ( 'NONE',  ( -64.26010088766416573, -105.4692629215013824, -25.94706220103055472 ) ) ;
#7151 = CARTESIAN_POINT ( 'NONE',  ( -61.57478148486344338, -119.4641703273285174, -30.97145538266782339 ) ) ;
#7152 = CARTESIAN_POINT ( 'NONE',  ( -4.369672092822050047, -4.098324951830717211, -9.027186983018845368 ) ) ;
#7153 = CARTESIAN_POINT ( 'NONE',  ( -60.95530042514903357, -122.4090243504545157, -31.08407010085032240 ) ) ;
#7154 = CARTESIAN_POINT ( 'NONE',  ( -7.269039233191703531, -58.77232602080396617, -28.78761968322074338 ) ) ;
#7155 = CARTESIAN_POINT ( 'NONE',  ( -8.402890385727763700, -60.78593738356560294, -32.92584772086030398 ) ) ;
#7156 = CARTESIAN_POINT ( 'NONE',  ( -41.49257884497917814, -79.15035474339572374, -36.63777263755891056 ) ) ;
#7157 = CARTESIAN_POINT ( 'NONE',  ( -0.003138797528745487092, -14.44413991375223105, -18.64708291075559643 ) ) ;
#7158 = CARTESIAN_POINT ( 'NONE',  ( -66.28698002521481669, -106.0561462489760345, -27.25687463897534712 ) ) ;
#7159 = CARTESIAN_POINT ( 'NONE',  ( 1.724313752960384916, -6.556505545682364655, -7.802193380820268587 ) ) ;
#7160 = CARTESIAN_POINT ( 'NONE',  ( -1.658618369338659138, -36.60839071194965300, -23.28582451401095099 ) ) ;
#7161 = CARTESIAN_POINT ( 'NONE',  ( -48.89008968901115537, -147.9786151506913825, -33.65626626535750177 ) ) ;
#7162 = CARTESIAN_POINT ( 'NONE',  ( -24.17256937878396883, -69.07810185253670454, -37.29460024313802791 ) ) ;
#7163 = CARTESIAN_POINT ( 'NONE',  ( -24.13164977803640454, -66.21847519584797226, -33.36982132881367846 ) ) ;
#7164 = CARTESIAN_POINT ( 'NONE',  ( -9.670559140234928464, -61.58145136943316089, -30.00672520471137616 ) ) ;
#7165 = B_SPLINE_SURFACE_WITH_KNOTS ( 'NONE', 3, 3, (
 ( #6028, #7241, #2118, #1602, #525, #6585, #5064, #4926, #2770, #7208, #4407, #5476, #977, #7174, #7276, #5029, #2185, #5, #420, #5512, #2667, #4371, #3813, #4476, #6620, #6726, #6062, #3364, #4441, #559, #1566, #3849, #6690, #6167, #5615, #1635, #6097, #1047, #1116, #3291, #4336, #3509, #4622, #1188, #1739, #5210, #704, #79, #5173, #6313, #1851, #1261, #5249, #3402, #3473, #153, #4064, #2878, #4028, #4659, #5688, #5761, #2293, #6351, #3438, #1777, #6795, #116, #3994, #633, #5724, #6202, #2367, #667, #6868, #6238, #4548, #2330, #4585, #6832, #1812, #1225, #745, #2953, #5139, #6275, #2406, #4102, #2914, #6908, #1300, #3548, #3958, #1152, #5103, #2990, #5801, #2258, #43, #4512, #6758, #1704, #5651, #597, #2843, #897, #4845, #191, #2518, #1450, #824, #7019, #5982, #3027, #5948, #3171, #5357, #5287, #4141, #2442, #4179, #3698, #785, #301, #860, #6944, #6501, #2589, #227, #6428, #4696, #4775, #7055, #1889, #3136, #2554, #3730, #4287, #5395, #5875, #1965, #1378, #3660, #6388, #4738, #5838, #2480, #1339, #3624, #4215, #3586, #6983, #1929, #3099, #3064, #7092, #5323, #265, #338, #6464, #1414, #5911, #4810, #2000, #4251, #2034, #6536, #1484, #929, #7196, #443, #6050, #6608, #2105, #5465, #4358, #7128, #1001, #5499, #1553, #1517, #2688, #964, #3244, #7161, #4914, #3208, #4948 ),
 ( #2139, #3800, #4395, #4882, #6643, #5432, #409, #375, #2624, #2069, #4323, #6572, #3765, #6015, #2657, #2579, #1439, #4278, #3088, #921, #3054, #1990, #3756, #6006, #7044, #4835, #3687, #6526, #5348, #3161, #5312, #4240, #1403, #3125, #5938, #954, #6416, #1367, #254, #3199, #4872, #6563, #2506, #7118, #1475, #2614, #5421, #4765, #3721, #366, #2059, #4723, #6490, #5972, #290, #886, #5456, #7008, #4314, #400, #7081, #1954, #3613, #6970, #3649, #1507, #4204, #2025, #5384, #4167, #1916, #5864, #6453, #5900, #812, #327, #850, #2543, #4800, #504, #6181, #6737, #5594, #1026, #7221, #1581, #6111, #1544, #7188, #993, #433, #2649, #6634, #2165, #3792, #2680, #6042, #5561, #3236, #7288, #5491, #4940, #1648, #2131, #4386, #4421, #3829, #7255, #5526, #6076, #3271, #469, #2714, #1683, #2785, #6705, #2749, #1060, #4975, #5008, #6671, #3898, #3341, #3306, #1616, #538, #3864, #6147, #2200, #4455, #1095, #5043, #2235, #4490, #3936, #1132, #3380, #5630, #4906, #7153, #2095, #4350, #6599, #5190, #5703, #4601, #722, #2821, #2424, #3566, #4082, #1870, #684, #2273, #647, #6330, #95, #6847, #1830, #2931, #6810, #58, #3527, #1279, #2892, #3489, #4638, #171, #6887, #574, #1719, #1793, #5779, #2383, #1202, #2346, #2971, #4008, #5228, #611, #4677, #1755, #4044, #5117, #5741, #2307, #6254, #6293 ),
 ( #1241, #3453, #133, #5154, #3973, #4562, #2857, #6217, #6925, #4121, #6370, #1319, #5080, #20, #4526, #1166, #6774, #3417, #5666, #5305, #3714, #1947, #2572, #7036, #2536, #1396, #6519, #3642, #283, #7111, #5376, #4197, #1983, #4828, #878, #4793, #4714, #3117, #320, #5893, #4233, #5965, #764, #358, #1500, #4865, #2052, #843, #3680, #6483, #7073, #6446, #2018, #4159, #3081, #2499, #1431, #5930, #4306, #208, #2460, #1358, #6555, #914, #2606, #3604, #3154, #4270, #5414, #1468, #5855, #5820, #3008, #5267, #6961, #5341, #1908, #6407, #804, #3046, #246, #4757, #7001, #1610, #2779, #6665, #7283, #6592, #7146, #3858, #7249, #5037, #6105, #5450, #3823, #2194, #3265, #463, #5002, #1054, #2674, #3229, #6699, #4449, #1575, #3299, #498, #3335, #2743, #6733, #4899, #4969, #3892, #5555, #4380, #5520, #6141, #7182, #1088, #3785, #532, #4934, #2708, #986, #5588, #5484, #2125, #7215, #393, #2229, #2159, #4484, #427, #6035, #6070, #1020, #4415, #3749, #5999, #946, #3191, #6628, #2642, #2088, #4343, #1537, #5697, #4002, #162, #5073, #4073, #2301, #52, #6174, #5111, #4631, #6767, #1160, #5733, #1821, #4556, #5623, #3966, #4036, #3411, #1786, #6840, #3518, #1712, #2961, #2266, #676, #6322, #1270, #3373, #13, #6804, #2923, #1749, #125, #6210, #6247, #5770, #5659, #713, #567, #2886, #605 ),
 ( #1195, #3447, #2814, #1125, #4520, #6877, #1233, #5147, #2415, #2851, #642, #88, #2339, #4594, #5182, #6284, #5218, #3481, #2375, #4668, #1677, #3929, #4111, #2450, #2563, #6473, #833, #5405, #6360, #5846, #5810, #754, #6397, #3107, #2998, #7064, #1347, #5956, #2527, #3145, #4704, #5257, #7027, #5366, #905, #1974, #1308, #6992, #310, #6437, #3633, #4819, #4224, #793, #3595, #2009, #4261, #4747, #4784, #3670, #6510, #5920, #2597, #199, #3073, #1459, #1422, #235, #1387, #3705, #3036, #348, #6951, #6916, #5295, #5884, #4149, #1860, #2489, #1938, #5332, #3556, #1898, #274, #4188, #1526, #4889, #2665, #4923, #7171, #4958, #3810, #3324, #1599, #6025, #4368, #3288, #4438, #3846, #1563, #2115, #5577, #936, #7238, #5474, #3218, #2043, #974, #487, #2632, #4333, #6094, #4992, #417, #1490, #7136, #7205, #6582, #2148, #2698, #1632, #2077, #6130, #5440, #1044, #2182, #3881, #6544, #3180, #6617, #5544, #6059, #2732, #3774, #1009, #1077, #3254, #522, #3739, #5509, #453, #4405, #6652, #7101, #4856, #383, #4295, #5990, #2213, #6647, #4987, #3913, #5056, #4468, #2177, #481, #3950, #1557, #551, #6088, #3841, #2661, #1594, #1108, #3248, #4952, #6718, #5607, #1038, #2109, #447, #517, #7200, #5572, #3319, #7302, #5503, #6750, #6054, #1661, #2798, #2250, #7166, #3804, #3283, #6159, #5538, #3356 ),
 ( #6683, #2692, #2727, #5021, #413, #6194, #1004, #7268, #7233, #4433, #4363, #4918, #2143, #4504, #1696, #1627, #1145, #6612, #4399, #3876, #1072, #2762, #5468, #6788, #3540, #2871, #2435, #6306, #6937, #6231, #1732, #3501, #6901, #4689, #5753, #5094, #3467, #1843, #2907, #108, #4652, #697, #2322, #5131, #6344, #4096, #1217, #1254, #146, #2984, #2398, #6382, #4540, #4614, #1293, #5203, #4021, #5166, #5794, #6824, #737, #3430, #184, #4577, #2359, #625, #2945, #72, #1770, #6861, #35, #5241, #1805, #1881, #6267, #5680, #5716, #660, #4057, #4133, #3393, #2834, #5643, #588, #1181, #2286, #3987, #5905, #891, #776, #7086, #6495, #4876, #5425, #4282, #7013, #855, #259, #4805, #220, #5869, #6975, #6421, #1332, #5317, #3093, #2472, #1372, #4730, #4245, #1921, #5976, #4172, #3618, #332, #817, #3059, #5353, #2511, #5943, #4209, #4770, #1959, #6458, #1408, #370, #1479, #5389, #1444, #7049, #3654, #3692, #295, #2584, #2029, #1995, #2548, #6530, #3130, #4839, #3725, #925, #3165, #2618, #7122, #2063, #4318, #3578, #5831, #3020, #5279, #1620, #5530, #5460, #3868, #6117, #4390, #3275, #6710, #1511, #1100, #2241, #5599, #543, #1586, #4425, #473, #1064, #4944, #2754, #4910, #3833, #3240, #4979, #2719, #2790, #958, #3203, #2100, #5048, #1653, #3348, #4354, #3905, #3311, #4460, #5013, #6603 ),
 ( #7294, #6046, #6567, #2169, #3760, #1549, #2653, #6675, #7260, #6010, #5565, #404, #6638, #2205, #6080, #7192, #1030, #5495, #7225, #7157, #3796, #997, #438, #2684, #2135, #509, #3941, #3385, #6186, #3422, #1137, #1761, #5635, #579, #5122, #2827, #5085, #3978, #27, #616, #2278, #4531, #6779, #1724, #6222, #6259, #6815, #63, #5672, #1172, #2862, #2313, #4568, #4013, #1208, #3458, #5709, #4496, #6742, #1688, #5582, #1082, #7243, #5067, #2187, #6135, #5653, #3923, #492, #526, #3366, #6728, #3329, #3259, #1671, #6169, #4443, #2772, #4514, #6622, #6204, #46, #3404, #599, #6692, #2223, #5031, #1118, #2737, #561, #2703, #1637, #1049, #7277, #4478, #2845, #6064, #1014, #7210, #5105, #6761, #1154, #2153, #1706, #5617, #2260, #2808, #4409, #7, #3960, #4373, #1568, #3886, #3815, #4997, #5514, #458, #6657, #4963, #1604, #3852, #6099, #3293, #5549, #6278, #3550, #2880, #2409, #2955, #1742, #1302, #4698, #5141, #1227, #2295, #6871, #1854, #3996, #748, #156, #5840, #6391, #5251, #3475, #1780, #193, #2992, #119, #5212, #6354, #1891, #5804, #5289, #3440, #3512, #2444, #4105, #2917, #4067, #6946, #5727, #4144, #2333, #1342, #670, #1815, #6834, #4662, #4031, #5176, #5764, #6241, #6910, #707, #3589, #2370, #4588, #4625, #6316, #1264, #787, #3030, #4550, #6798, #1189, #5691, #636, #82 ),
 ( #863, #5914, #4741, #3663, #3175, #5326, #7022, #4290, #379, #3101, #4182, #2521, #2592, #1968, #341, #5398, #2073, #268, #1521, #827, #6539, #2628, #4885, #1932, #5878, #5360, #1487, #304, #5985, #4778, #2557, #7132, #4218, #4327, #6431, #1453, #6467, #4812, #7095, #2483, #6019, #3067, #2037, #7058, #2003, #1381, #6986, #1416, #5436, #3734, #5951, #968, #3627, #4254, #6504, #3138, #4848, #932, #6576, #3769, #3212, #229, #6262, #6894, #6188, #6744, #3461, #6855, #4646, #5711, #5050, #3424, #1799, #2865, #66, #4608, #654, #5747, #6781, #4050, #3387, #141, #2280, #5125, #581, #1211, #2829, #1726, #6818, #7296, #2901, #4571, #5160, #29, #5637, #1175, #5674, #619, #102, #2316, #1837, #2352, #4534, #1764, #6300, #2938, #1248, #4016, #3495, #4090, #1690, #691, #3981, #6225, #545, #5197, #2391, #1139, #5088, #6338, #3350, #5601, #2243, #2792, #4498, #3943, #1402, #6452, #3124, #6377, #2578, #1876, #289, #1438, #3686, #2979, #6931, #4166, #2542, #1366, #7043, #3572, #4722, #5937, #1326, #885, #5236, #2505, #5826, #5863, #849, #3535, #7080, #4127, #3087, #6414, #3611, #179, #5786, #771, #4239, #5347, #4764, #2024, #730, #215, #2430, #4684, #3015, #4799, #5274, #5383, #2467, #326, #4203, #4834, #6969, #1915, #3648, #1989, #4277, #5899, #811, #3053, #6489, #5311, #253, #1287 ),
 ( #7007, #1953, #6110, #5525, #2199, #365, #432, #4420, #1025, #7152, #992, #6670, #2648, #3270, #2679, #3235, #2094, #7220, #4349, #5490, #503, #6075, #4905, #4939, #468, #1580, #7187, #5420, #3828, #2713, #6598, #2130, #1615, #1474, #1059, #6525, #5560, #2748, #1543, #4385, #6633, #4974, #3791, #2164, #4871, #6041, #3198, #3863, #3305, #5007, #920, #3160, #2058, #7254, #3720, #5971, #4313, #2613, #7117, #6562, #1506, #3755, #6005, #953, #5455, #399, #4489, #2820, #2234, #1682, #3972, #1094, #5079, #6216, #1131, #3340, #1647, #4454, #2784, #19, #5593, #3379, #5629, #3897, #2272, #6773, #537, #5042, #6704, #6180, #1718, #3935, #6146, #573, #553, #1110, #7270, #2694, #1596, #3250, #483, #3214, #1559, #2663, #2111, #4329, #1006, #3843, #5470, #4365, #415, #7235, #4920, #1663, #7168, #6614, #3321, #3806, #6056, #6090, #5505, #1629, #7202, #449, #4954, #2145, #4401, #3358, #4470, #1074, #4435, #2729, #6649, #2179, #1040, #5574, #5023, #4989, #3285, #5540, #3915, #6685, #3878, #519, #6126, #2764, #2215, #6720, #6161, #5609, #2800, #5058, #7304, #6578, #1523, #3771, #6021, #970, #661, #5132, #5167, #590, #3502, #2946, #2908, #1733, #147, #5681, #6307, #3468, #6268, #73, #5204, #2323, #4022, #3541, #1806, #626, #5717, #1255, #4615, #1218, #1147, #6862, #4058, #4578, #109, #2399 ),
 ( #2872, #4653, #36, #6902, #3952, #2360, #2287, #6825, #5754, #4506, #738, #2836, #698, #1771, #1844, #3395, #6752, #5096, #4097, #6345, #1294, #2985, #1698, #1182, #5645, #4541, #3988, #5795, #6789, #5242, #6232, #2252, #6196, #3431, #3021, #3579, #296, #3693, #1480, #2549, #1882, #260, #5944, #7014, #4210, #1445, #4806, #6422, #6976, #3131, #892, #5318, #3094, #4246, #7087, #6496, #3166, #1333, #1409, #5390, #1996, #818, #1960, #2585, #3619, #333, #221, #4283, #1373, #6459, #4731, #5354, #1922, #4840, #5280, #2030, #4134, #3655, #2473, #4771, #7050, #2436, #5977, #778, #6531, #3060, #2513, #6383, #4690, #4173, #3726, #926, #5906, #185, #6938, #5870, #5832, #856, #4911, #6677, #1512, #511, #7158, #4462, #1032, #1655, #959, #3761, #5532, #1622, #6712, #475, #7123, #5496, #3870, #4945, #2136, #6119, #2721, #4355, #2102, #1066, #3313, #3241, #3277, #2171, #5015, #4427, #1102, #6568, #6640, #2756, #7227, #6047, #7193, #7262, #1550, #2207, #5461, #3907, #6604, #4392, #2654, #4981, #3797, #998, #1588, #2064, #6153, #3835, #5426, #439, #405, #2685, #6082, #371, #2619, #4877, #4319, #6011, #3204, #6400, #5335, #6477, #3636, #3598, #1901, #5370, #2963, #1978, #202, #5260, #4075, #3001, #2531, #4670, #6363, #5887, #7031, #2453, #3520, #1862, #1941, #1311, #6995, #4750, #1426, #6918 ),
 ( #5220, #4707, #836, #6954, #277, #4114, #4152, #796, #5849, #1350, #4788, #3039, #5298, #872, #6440, #238, #2492, #3076, #4191, #1390, #5772, #4228, #3674, #5924, #3111, #314, #1823, #2567, #6879, #6324, #1272, #715, #164, #2417, #3559, #5813, #757, #3149, #2081, #1494, #3222, #6029, #6098, #6514, #1463, #352, #3292, #4962, #6656, #2601, #7209, #1567, #2702, #1013, #4860, #3814, #5513, #2152, #4823, #7140, #6063, #5444, #4337, #5548, #7105, #3258, #491, #2668, #2047, #3709, #7068, #3743, #457, #5409, #4927, #5477, #4265, #4408, #1603, #4299, #5994, #2013, #6586, #4372, #5960, #3850, #7175, #1048, #909, #6548, #3185, #1530, #940, #978, #387, #2636, #4893, #3778, #421, #2119, #6621, #1636, #2771, #3885, #5652, #6134, #80, #3328, #1081, #1740, #5581, #5030, #4513, #1670, #44, #5616, #2222, #4477, #6727, #3922, #6833, #2879, #6796, #2844, #1153, #560, #598, #6168, #3995, #3439, #3403, #1117, #634, #3365, #6239, #5689, #2807, #1778, #5065, #2259, #6, #5104, #6759, #1705, #6203, #6691, #2294, #3959, #4549, #5140, #2331, #4586, #4029, #6276, #1226, #3474, #5725, #2736, #4996, #7242, #2186, #4442, #4739, #4697, #2991, #6465, #4065, #3065, #1301, #6352, #5174, #4103, #3625, #5762, #154, #6984, #825, #3549, #4623, #2954, #3028, #2407, #786, #5839, #2519, #705, #1966, #1262 ),
 ( #1930, #746, #6429, #5211, #5802, #5324, #4660, #266, #2368, #1890, #6909, #5250, #228, #2915, #1415, #3510, #2481, #192, #2443, #6869, #117, #1852, #5876, #4180, #4142, #3661, #1813, #6945, #6314, #6389, #1340, #1379, #3587, #4776, #5288, #7020, #4216, #668, #1451, #2001, #6017, #2107, #7198, #966, #302, #5983, #4361, #5434, #2626, #7163, #3210, #4846, #5396, #1555, #6610, #3732, #1519, #2659, #5501, #4916, #1592, #7056, #7130, #3802, #411, #6537, #377, #3246, #2035, #4397, #6052, #7093, #4884, #445, #2690, #4950, #2071, #930, #6645, #4252, #2141, #1485, #4288, #3100, #3173, #5912, #3699, #339, #861, #5358, #4325, #2555, #898, #5467, #2590, #4811, #3767, #6502, #5949, #3137, #6574, #2833, #3985, #6229, #5536, #2175, #6716, #5092, #3911, #2284, #6123, #7266, #1179, #1625, #3428, #479, #5054, #3874, #1106, #3391, #6086, #2320, #4431, #5641, #1659, #6157, #2725, #1036, #6681, #6786, #585, #7300, #4575, #3281, #2760, #4985, #7231, #3317, #33, #1070, #5678, #5570, #2869, #6748, #70, #515, #5019, #3948, #4538, #5129, #6192, #2211, #3354, #1730, #5605, #549, #623, #1143, #4466, #2796, #6822, #3839, #2248, #1694, #4502, #1371, #775, #4769, #2905, #2983, #6974, #3576, #2396, #3539, #4171, #5202, #3019, #1803, #5868, #695, #1292, #6304, #6935, #1252, #145, #5240, #5715, #1880 ),
 ( #4094, #4132, #735, #3058, #6342, #6381, #5792, #1330, #4650, #5278, #106, #183, #5751, #2434, #4688, #5316, #3465, #658, #4613, #258, #1920, #3617, #6859, #6420, #5830, #816, #219, #4055, #2471, #4728, #2510, #1768, #4020, #6266, #6899, #1215, #5164, #3499, #2357, #2943, #1841, #1407, #4208, #7012, #3092, #3691, #3653, #6494, #4244, #6457, #5942, #3129, #5904, #5352, #1958, #890, #331, #294, #854, #2547, #4804, #7048, #1994, #1443, #5388, #2583, #1191, #3925, #2262, #3369, #2810, #5033, #1708, #4552, #6171, #5069, #1121, #638, #5619, #4627, #563, #9, #6280, #4516, #6763, #6800, #3962, #2335, #601, #6206, #1156, #3406, #5655, #1817, #5178, #1782, #5143, #3443, #2847, #2882, #5107, #1229, #5729, #5693, #48, #2919, #2297, #3477, #6243, #1745, #3998, #672, #84, #4590, #6318, #6836, #121, #6873, #4069, #1266, #3514, #5766, #709, #7279, #2225, #4480, #6730, #1673, #4814, #5953, #2005, #5880, #1304, #4220, #3665, #1383, #2446, #865, #6393, #7024, #4184, #6988, #5842, #5916, #789, #4743, #4256, #2523, #1344, #6433, #1970, #5328, #1934, #1856, #270, #4780, #3032, #3629, #3103, #5214, #7060, #2957, #6506, #1455, #5291, #829, #3069, #6469, #3591, #1418, #3552, #231, #6948, #5362, #306, #3702, #4664, #6912, #5806, #158, #2559, #2411, #750, #4107, #6356, #2994, #5253, #195 ),
 ( #2485, #4700, #1893, #4146, #6743, #3979, #6152, #6081, #4850, #3140, #4980, #2242, #1587, #1101, #1654, #343, #7295, #3386, #3834, #7226, #901, #5566, #544, #2594, #1689, #3349, #4532, #5086, #3942, #6676, #510, #2170, #4461, #7097, #5531, #6639, #1031, #5400, #4426, #2755, #2039, #3276, #4391, #3906, #474, #5636, #2720, #1621, #4497, #3869, #6118, #5014, #1065, #5600, #3312, #7261, #2206, #6711, #2791, #28, #1138, #5049, #6187, #580, #2828, #2279, #6780, #1725, #213, #6816, #5234, #6375, #1324, #617, #4569, #1798, #177, #6298, #4682, #1209, #2351, #3571, #4014, #5825, #2863, #139, #6260, #3494, #5785, #1173, #4720, #1762, #728, #4049, #1246, #5123, #3423, #3459, #1875, #2977, #2389, #6967, #5673, #5159, #64, #2314, #5710, #2429, #652, #769, #2899, #5272, #1836, #2465, #100, #4606, #6336, #6930, #1913, #1285, #6853, #5746, #4126, #689, #2936, #3013, #3533, #5195, #4644, #6223, #6893, #4088, #3609, #5861, #809, #4164, #6412, #1364, #5151, #1826, #5737, #4560, #5701, #6327, #56, #5186, #3970, #718, #2855, #3451, #1164, #1790, #3415, #2305, #92, #571, #4040, #2343, #6289, #609, #6214, #1753, #4006, #6252, #1237, #2890, #2420, #680, #5115, #646, #2379, #3523, #2927, #4598, #1200, #4673, #17, #1275, #6808, #6844, #1129, #3485, #6883, #1716, #5664, #129, #4078, #4635 ),
 ( #5775, #2967, #2818, #5224, #167, #6921, #3933, #6178, #3377, #5627, #5077, #2270, #4524, #6771, #7033, #5890, #1428, #241, #5372, #205, #6443, #5852, #279, #3078, #3151, #3562, #5816, #4710, #354, #2015, #3711, #6957, #4267, #5926, #7070, #316, #1904, #874, #2569, #6516, #1866, #4194, #3113, #2495, #1393, #2603, #4155, #4825, #4862, #1980, #6403, #760, #4117, #801, #1465, #2456, #4230, #2533, #1315, #5962, #911, #1354, #3042, #6366, #3639, #3676, #3004, #5411, #6479, #5264, #3601, #5301, #4753, #839, #6998, #5337, #1944, #4790, #5446, #4895, #7107, #3780, #6624, #5996, #7142, #942, #2705, #3187, #4445, #389, #2638, #6101, #2084, #4339, #1570, #6031, #4411, #2670, #6588, #1533, #981, #3225, #3888, #7245, #3854, #2155, #5516, #7178, #4965, #5480, #1051, #494, #460, #423, #4999, #2121, #3295, #1016, #3818, #4376, #2739, #6066, #3261, #1084, #6660, #1606, #5551, #2189, #6695, #1639, #6137, #2049, #3331, #5584, #6551, #528, #2775, #4302, #1497, #3746, #1467, #357, #2017, #6554, #1982, #319, #1430, #877, #3080, #7072, #2605, #4232, #3116, #6482, #5998, #3679, #426, #5929, #5375, #2087, #2571, #4827, #4864, #4269, #392, #5964, #6518, #3713, #913, #3153, #7181, #3228, #7145, #3190, #1499, #5413, #945, #7110, #4342, #3784, #3748, #2051, #985, #4305, #6591, #5449, #2641, #4898 ),
 ( #1536, #6034, #4933, #5483, #4379, #2673, #2124, #6627, #1574, #4792, #3822, #6069, #5340, #282, #2535, #7035, #4448, #1159, #6104, #5658, #4968, #2228, #3298, #5587, #566, #3264, #6803, #1609, #2813, #3891, #6140, #7214, #5519, #3857, #3965, #5072, #4483, #1748, #2158, #7248, #4414, #6664, #497, #2265, #5554, #3410, #2742, #51, #3928, #4555, #2193, #6698, #1124, #4519, #2300, #3372, #1642, #1087, #6766, #531, #5036, #1711, #6209, #3334, #2778, #604, #7282, #2850, #6732, #1676, #6173, #5622, #12, #5110, #4001, #1019, #5809, #1820, #4072, #5146, #3446, #1785, #1897, #753, #161, #4746, #5696, #5181, #87, #2338, #5732, #198, #4593, #6396, #675, #5294, #1859, #2488, #4035, #6839, #6359, #2449, #234, #1307, #641, #6321, #4703, #5769, #2960, #6950, #3555, #124, #2922, #4148, #1346, #1269, #4110, #2997, #5845, #5256, #1937, #6283, #2414, #3594, #792, #6876, #712, #3035, #2374, #6991, #1232, #6246, #4630, #5217, #3480, #1194, #3517, #4667, #6915, #2885, #2042, #5404, #4294, #868, #4223, #2008, #4260, #6509, #6543, #3144, #2664, #935, #5365, #3704, #2631, #3773, #3179, #904, #1458, #4922, #273, #6581, #4818, #2562, #1386, #309, #7135, #1973, #3669, #5439, #4332, #7063, #832, #6472, #1489, #5919, #3738, #5989, #6024, #1421, #5473, #4783, #382, #1525, #973, #5883, #2526, #5955 ),
 ( #4888, #3217, #416, #3072, #7026, #347, #2076, #2596, #7170, #3106, #4855, #4187, #7100, #6436, #5331, #3632, #7204, #6687, #1665, #4367, #592, #2697, #3917, #4991, #7237, #1008, #6616, #4957, #5060, #6163, #3323, #2838, #1562, #1043, #3253, #5508, #1598, #3360, #452, #2254, #3845, #1149, #5025, #5647, #2147, #4404, #2217, #5611, #3397, #4472, #3809, #2181, #555, #1631, #6129, #2802, #6722, #3287, #6093, #1, #4508, #4437, #7272, #1112, #1700, #6754, #5098, #6651, #5576, #3954, #6198, #2731, #3880, #2114, #5543, #6058, #486, #1076, #521, #2766, #4580, #5206, #6827, #5719, #3504, #3990, #149, #1257, #2401, #4024, #75, #5169, #111, #2362, #4655, #6309, #5834, #4098, #1220, #6864, #5797, #6940, #6347, #4060, #4617, #780, #3433, #2438, #663, #2910, #4543, #3470, #2986, #5134, #1773, #1296, #187, #1808, #6234, #2325, #6904, #6270, #1846, #3543, #740, #5244, #5756, #1184, #4692, #1884, #700, #2948, #4136, #2289, #6385, #3023, #1335, #3581, #38, #6791, #1735, #5683, #628, #2874, #5282, #4733, #2475, #6978, #1924, #223, #6846, #1792, #683, #3641, #5304, #7000, #2930, #245, #1907, #3045, #1357, #5189, #4158, #5854, #2498, #5153, #170, #6406, #5778, #4676, #5892, #132, #3603, #842, #3007, #2382, #4043, #94, #1829, #803, #5740, #5266, #5819, #4600, #4756, #1946, #4637, #4081 ),
 ( #1395, #4196, #6445, #3526, #2423, #6329, #1318, #6292, #6886, #3488, #1278, #2345, #721, #6924, #1240, #2970, #5227, #763, #1869, #4120, #6369, #3565, #207, #2459, #4713, #6960, #4070, #2447, #710, #6281, #6874, #5179, #3478, #1935, #5292, #1894, #5254, #3553, #2958, #751, #5730, #6394, #5843, #5807, #4628, #3033, #1267, #4147, #6357, #1857, #5215, #790, #159, #6913, #6434, #4701, #3515, #1305, #673, #1345, #232, #2486, #6837, #2920, #2412, #3592, #4665, #4744, #122, #5767, #6989, #2372, #4185, #1783, #2995, #1818, #4108, #6949, #85, #3630, #6319, #1384, #196, #5881, #4033, #2336, #830, #5144, #4591, #1230, #1561, #271, #2006, #1971, #4221, #2560, #4331, #6470, #3216, #4815, #2113, #5988, #3808, #5917, #1419, #3178, #6580, #4366, #5438, #4781, #3142, #6023, #4852, #7098, #972, #381, #4257, #7061, #5472, #4921, #902, #2630, #7134, #7169, #2075, #6057, #3666, #4292, #3070, #4887, #5402, #2040, #5329, #6507, #2524, #3104, #866, #1456, #6542, #307, #5363, #345, #3737, #4471, #4956, #6162, #2216, #1111, #4990, #1042, #6128, #1075, #3322, #3359, #7271, #6790, #5059, #2180, #520, #6753, #591, #7305, #5024, #5575, #1734, #4403, #3396, #1630, #6686, #5507, #4436, #3953, #6092, #485, #2253, #1148, #3879, #7203, #3286, #5610, #2730, #554, #2801, #2837, #5542, #2288, #4542, #2696 ),
 ( #6197, #4507, #6721, #3989, #451, #7236, #2146, #6650, #2765, #1699, #1597, #5646, #1664, #37, #3916, #1007, #3844, #5097, #3252, #2437, #222, #6346, #627, #6308, #4691, #5755, #2947, #186, #1295, #5168, #5718, #1883, #6939, #4059, #1845, #5243, #5833, #4135, #1923, #74, #148, #6384, #739, #6863, #699, #1334, #2361, #3580, #6269, #3022, #110, #5205, #3469, #3542, #662, #4616, #2400, #2873, #5796, #4654, #779, #2909, #1219, #1256, #3503, #6903, #5281, #2474, #4732, #6977, #1807, #6233, #1183, #3432, #5682, #5133, #2324, #4579, #6826, #1772, #4023, #1374, #4174, #3620, #819, #5871, #6423, #802, #4195, #6923, #682, #6328, #6405, #3525, #4157, #1906, #5891, #1828, #5339, #4636, #3044, #6444, #1394, #5739, #2381, #1868, #5303, #4119, #2497, #1277, #169, #3640, #4080, #841, #2929, #5265, #5777, #1317, #3602, #6291, #720, #2422, #206, #5188, #1356, #2458, #5853, #2969, #5226, #6368, #3564, #5818, #244, #3006, #2534, #4755, #4675, #762, #6999, #3079, #1945, #4712, #6959, #4791, #131, #281, #7034, #4042, #1239, #3487, #6885, #7071, #1466, #6032, #2122, #4863, #5928, #4268, #4340, #3712, #2085, #7143, #3820, #2016, #3262, #2570, #982, #4377, #6625, #3678, #318, #7109, #3226, #2050, #424, #6517, #5412, #1571, #5963, #6067, #876, #3189, #912, #6552, #1534, #4231, #461, #4826 ) ),
 .UNSPECIFIED., .T., .F., .F.,
 ( 4, 2, 2, 2, 2, 2, 2, 2, 4 ),
 ( 4, 2, 2, 2, 2, 2, 2, 2, 2, 2, 2, 2, 2, 2, 2, 2, 2, 2, 2, 2, 2, 2, 2, 2, 2, 2, 2, 2, 2, 2, 2, 2, 2, 2, 2, 2, 2, 2, 2, 2, 2, 2, 2, 2, 2, 2, 2, 2, 2, 2, 2, 2, 2, 2, 2, 2, 2, 2, 2, 2, 2, 2, 2, 2, 2, 2, 2, 2, 2, 2, 2, 2, 2, 2, 2, 2, 2, 2, 2, 2, 2, 2, 2, 2, 2, 2, 2, 2, 2, 2, 2, 2, 2, 4 ),
 ( 0.000000000000000000, 0.1250000000000000000, 0.2500000000000000000, 0.3750000000000000000, 0.5000000000000000000, 0.6250000000000000000, 0.7500000000000000000, 0.8750000000000000000, 1.000000000000000000 ),
 ( 0.000000000000000000, 0.02329522754909640891, 0.03494284132364461337, 0.04076664821091871560, 0.04659045509819281783, 0.05208944868411372053, 0.05758844227003463018, 0.06858642944187644253, 0.09058240378556006722, 0.1127920656738070210, 0.1350017275620539747, 0.1574187805848565325, 0.1798358336076591180, 0.2018836925684370787, 0.2239315515292150671, 0.2454344120773339355, 0.2669372726254528039, 0.2886828343215942505, 0.2995556151696649461, 0.3104283960177356416, 0.3216213876463788202, 0.3328143792750219432, 0.3552003625323082447, 0.3889058013854361784, 0.4224030607575774976, 0.4391516904436481572, 0.4559003201297188168, 0.4681038509290215144, 0.4803073817283242120, 0.5047144433269296071, 0.5291215049255350023, 0.5413250357248376998, 0.5474268011244890486, 0.5535285665241403974, 0.5595549402922965765, 0.5655813140604526446, 0.5776340615967650027, 0.5896868091330772499, 0.5957131829012334290, 0.6017395566693894970, 0.6074215307001249453, 0.6131035047308603936, 0.6244674527923311791, 0.6358314008538019646, 0.6471953489152728611, 0.6581183547157818392, 0.6690413605162909283, 0.6908873721173089955, 0.7035048814520131755, 0.7098136361193652100, 0.7161223907867173555, 0.7228066029248986224, 0.7294908150630798893, 0.7361750272012611562, 0.7395171332703518452, 0.7428592393394424231, 0.7465371062832188986, 0.7502149732269952631, 0.7575707071145481031, 0.7649264410021009430, 0.7686043079458773075, 0.7722821748896537830, 0.7764489783880623719, 0.7806157818864710718, 0.7889493888832883606, 0.7972829958801055383, 0.8014497993785141272, 0.8035332011277185327, 0.8056166028769228271, 0.8089001497775156757, 0.8121836966781086353, 0.8187507904792943325, 0.8318849780816657269, 0.8450191656840371213, 0.8515862594852228185, 0.8548698063858156670, 0.8565115798361120358, 0.8581533532864085156, 0.8601551503366576812, 0.8621569473869068467, 0.8661605414874052888, 0.8741677296884020620, 0.8901821060903956084, 0.9061964824923891548, 0.9142036706933858170, 0.9182072647938841481, 0.9202090618441334247, 0.9222108588943825902, 0.9246417695539330683, 0.9270726802134836575, 0.9319345015325848358, 0.9416581441707869704, 0.9611054294471912396, 1.000000000000000000 ),
 .UNSPECIFIED. ) ;
#7166 = CARTESIAN_POINT ( 'NONE',  ( -53.59743384722811754, -146.1868115237974450, -33.57219577198566896 ) ) ;
#7167 = CARTESIAN_POINT ( 'NONE',  ( -65.27255774161095303, -117.8392179084568738, -25.65729246801398844 ) ) ;
#7168 = CARTESIAN_POINT ( 'NONE',  ( -67.14792660022291670, -111.9252452824560464, -27.54798731754952357 ) ) ;
#7169 = CARTESIAN_POINT ( 'NONE',  ( -60.80701550119440668, -116.1867892223846610, -29.92168667419594286 ) ) ;
#7170 = CARTESIAN_POINT ( 'NONE',  ( 1.497867253144070654, -6.219644412899853592, -6.405563836637056419 ) ) ;
#7171 = CARTESIAN_POINT ( 'NONE',  ( -56.61376156858791830, -92.91346863873133088, -33.70001836633363723 ) ) ;
#7172 = CARTESIAN_POINT ( 'NONE',  ( -44.89101430275378846, -152.3222206219271584, -31.87160257126370766 ) ) ;
#7173 = CARTESIAN_POINT ( 'NONE',  ( -50.40718752295193639, -150.9658227238489872, -28.62465848873461027 ) ) ;
#7174 = CARTESIAN_POINT ( 'NONE',  ( 1.662782364413884828, -6.750902189178878743, -9.053407682097141418 ) ) ;
#7175 = CARTESIAN_POINT ( 'NONE',  ( -57.20934963194059009, -90.02749381601805112, -28.98891688992993920 ) ) ;
#7176 = CARTESIAN_POINT ( 'NONE',  ( -55.78984534728160583, -87.38173451746088460, -30.91498162230641356 ) ) ;
#7177 = CARTESIAN_POINT ( 'NONE',  ( -61.52410934812351684, -111.2673798840779540, -30.48765543433696479 ) ) ;
#7178 = CARTESIAN_POINT ( 'NONE',  ( -61.07151870999274479, -110.9435348729310959, -26.97113032020968149 ) ) ;
#7179 = CARTESIAN_POINT ( 'NONE',  ( -3.671531437834831380, -0.7462009709418619963, -1.574950082474467328 ) ) ;
#7180 = CARTESIAN_POINT ( 'NONE',  ( -22.57508569499146134, -72.32826181571913082, -33.54567324579370080 ) ) ;
#7181 = CARTESIAN_POINT ( 'NONE',  ( -50.60777674689140326, -143.5105983337136593, -29.48242501445865216 ) ) ;
#7182 = CARTESIAN_POINT ( 'NONE',  ( -63.01242081079313806, -112.7416702757218019, -31.23120091515169960 ) ) ;
#7183 = CARTESIAN_POINT ( 'NONE',  ( -49.30161445026596567, -145.7673092200811595, -29.85651559232142205 ) ) ;
#7184 = CARTESIAN_POINT ( 'NONE',  ( -24.62666300319428458, -71.28747595135421022, -37.03976063969776078 ) ) ;
#7185 = CARTESIAN_POINT ( 'NONE',  ( -43.49786265039267619, -78.88508082357515150, -35.61432865431010697 ) ) ;
#7186 = CARTESIAN_POINT ( 'NONE',  ( -61.97469187953804948, -116.6021066186487616, -30.92232158427811939 ) ) ;
#7187 = CARTESIAN_POINT ( 'NONE',  ( 0.4367344110880498897, -29.85449081255893944, -25.13290618099700779 ) ) ;
#7188 = CARTESIAN_POINT ( 'NONE',  ( -53.99378238683651432, -93.66466164189343147, -33.02231367501315162 ) ) ;
#7189 = CARTESIAN_POINT ( 'NONE',  ( -0.2468804457994325796, -46.25622469060269992, -23.84197862491162212 ) ) ;
#7190 = CARTESIAN_POINT ( 'NONE',  ( -37.54397465126069733, -80.53630909831298368, -35.99321542038314448 ) ) ;
#7191 = CARTESIAN_POINT ( 'NONE',  ( -65.88096705325804692, -103.6093679061597470, -29.75661708310952491 ) ) ;
#7192 = CARTESIAN_POINT ( 'NONE',  ( -2.312263357577442058, -6.665233019037558826, -13.50922208549378567 ) ) ;
#7193 = CARTESIAN_POINT ( 'NONE',  ( -65.21101403344182756, -123.9729813496946775, -26.74541576487366612 ) ) ;
#7194 = CARTESIAN_POINT ( 'NONE',  ( -10.31176453220612821, -61.60432107082221620, -29.45059434874720594 ) ) ;
#7195 = CARTESIAN_POINT ( 'NONE',  ( -3.336687903898472030, -43.83827631308922435, -26.36446530147839340 ) ) ;
#7196 = CARTESIAN_POINT ( 'NONE',  ( -52.56309673988341302, -141.5215374075871750, -32.60314866855487992 ) ) ;
#7197 = CARTESIAN_POINT ( 'NONE',  ( -66.49647767680262689, -108.5818453041781879, -29.99387362521685318 ) ) ;
#7198 = CARTESIAN_POINT ( 'NONE',  ( -9.346849326970440686, -53.78251222173607005, -31.88315120510512557 ) ) ;
#7199 = CARTESIAN_POINT ( 'NONE',  ( -4.690709273465678564, -55.21024827957251091, -27.29233437403962270 ) ) ;
#7200 = CARTESIAN_POINT ( 'NONE',  ( -55.33118193812546082, -143.0445875727820635, -33.10440145406859358 ) ) ;
#7201 = CARTESIAN_POINT ( 'NONE',  ( -53.89367771471818713, -146.8140806299441010, -28.09471816639830877 ) ) ;
#7202 = CARTESIAN_POINT ( 'NONE',  ( -66.90009706737795625, -116.8549034133268663, -27.38756295068808555 ) ) ;
#7203 = CARTESIAN_POINT ( 'NONE',  ( -50.85843041430771194, -143.3369333424314505, -32.46329340022190735 ) ) ;
#7204 = CARTESIAN_POINT ( 'NONE',  ( 1.434984886982235697, -11.62151949425755504, -10.87918831321453439 ) ) ;
#7205 = CARTESIAN_POINT ( 'NONE',  ( -64.68297916784686663, -111.6347233746660947, -31.21183308154803271 ) ) ;
#7206 = CARTESIAN_POINT ( 'NONE',  ( 0.9353767203147737019, -35.95351686212872977, -20.29412760517810099 ) ) ;
#7207 = CARTESIAN_POINT ( 'NONE',  ( -1.999738511294819832, -38.85481601692521281, -25.40976882452946839 ) ) ;
#7208 = CARTESIAN_POINT ( 'NONE',  ( 1.718735418670105153, -5.026834033081907904, -7.333806291291304902 ) ) ;
#7209 = CARTESIAN_POINT ( 'NONE',  ( -24.89073757154446653, -66.47560600494395544, -34.18090118588239079 ) ) ;
#7210 = CARTESIAN_POINT ( 'NONE',  ( -64.96605435959988029, -102.0979385904878285, -30.69461718109512205 ) ) ;
#7211 = CARTESIAN_POINT ( 'NONE',  ( -55.60673878493074085, -146.2963234881308097, -28.85990532492142790 ) ) ;
#7212 = CARTESIAN_POINT ( 'NONE',  ( -0.1703275840766247662, -33.58376180330681393, -25.82106731106610553 ) ) ;
#7213 = CARTESIAN_POINT ( 'NONE',  ( 1.702839941814915825, -5.270322012534759182, -7.594367543083801131 ) ) ;
#7214 = CARTESIAN_POINT ( 'NONE',  ( -2.147433821730961867, -42.81535924043123487, -23.47765101888288797 ) ) ;
#7215 = CARTESIAN_POINT ( 'NONE',  ( -62.75963174219485552, -117.2350792676173654, -31.18538624123653946 ) ) ;
#7216 = CARTESIAN_POINT ( 'NONE',  ( 0.2972609905172080014, -9.679077080079851569, -8.297295405277434810 ) ) ;
#7217 = CARTESIAN_POINT ( 'NONE',  ( -64.78439071199704813, -120.6588808796330312, -30.76091408003683370 ) ) ;
#7218 = CARTESIAN_POINT ( 'NONE',  ( -67.14427844990834160, -113.2563292340020382, -27.48489320490743992 ) ) ;
#7219 = CARTESIAN_POINT ( 'NONE',  ( -58.07549544662963825, -131.2783359935436636, -31.74813333594291009 ) ) ;
#7220 = CARTESIAN_POINT ( 'NONE',  ( -3.395325647810313541, -12.06957693045707103, -16.42851041621897323 ) ) ;
#7221 = CARTESIAN_POINT ( 'NONE',  ( -50.83526915708653604, -90.79613175746563059, -33.54376366862439340 ) ) ;
#7222 = CARTESIAN_POINT ( 'NONE',  ( -24.21476931849527503, -73.43101111379931467, -33.62755457741073428 ) ) ;
#7223 = CARTESIAN_POINT ( 'NONE',  ( -41.84074572723302055, -82.85300858397830837, -35.70555969970016719 ) ) ;
#7224 = CARTESIAN_POINT ( 'NONE',  ( -65.74311290808932995, -103.1420996842022362, -29.81546998959883865 ) ) ;
#7225 = CARTESIAN_POINT ( 'NONE',  ( -0.9409335103505067632, -11.77067087540910961, -17.15836020095245118 ) ) ;
#7226 = CARTESIAN_POINT ( 'NONE',  ( -2.207336749847093493, -19.51403709156696564, -15.47009275948859575 ) ) ;
#7227 = CARTESIAN_POINT ( 'NONE',  ( -65.36697586022002326, -123.3649266204501913, -26.72499482237497048 ) ) ;
#7228 = CARTESIAN_POINT ( 'NONE',  ( 1.069495334218045546, -38.34792371184077098, -20.95177633703200115 ) ) ;
#7229 = CARTESIAN_POINT ( 'NONE',  ( -2.137179008817538417, -12.52476862137418046, -10.48627204995312034 ) ) ;
#7230 = CARTESIAN_POINT ( 'NONE',  ( -66.68397787782878083, -110.5887194231629564, -29.85319465706066921 ) ) ;
#7231 = CARTESIAN_POINT ( 'NONE',  ( -62.85549049081107142, -124.9326898415935148, -25.58118535134783045 ) ) ;
#7232 = CARTESIAN_POINT ( 'NONE',  ( 1.783006661520098568, -4.336494686079864991, -6.565451733904820841 ) ) ;
#7233 = CARTESIAN_POINT ( 'NONE',  ( -0.7422265472907930706, -1.690878011308239559, -8.159539548391636643 ) ) ;
#7234 = CARTESIAN_POINT ( 'NONE',  ( -59.76710183718307690, -135.5054591629944127, -26.62664701560333214 ) ) ;
#7235 = CARTESIAN_POINT ( 'NONE',  ( -67.12013269681780514, -110.8898534899929018, -27.60668198997499800 ) ) ;
#7236 = CARTESIAN_POINT ( 'NONE',  ( 1.878053847549445488, -3.663763777453918902, -5.763788610835452353 ) ) ;
#7237 = CARTESIAN_POINT ( 'NONE',  ( 2.275308780654946350, -27.42222522353389991, -17.66183607723828430 ) ) ;
#7238 = CARTESIAN_POINT ( 'NONE',  ( -63.83471445060897054, -105.6741580083472769, -31.63751876021751031 ) ) ;
#7239 = CARTESIAN_POINT ( 'NONE',  ( -48.81751161007876760, -145.9722799831350528, -30.71118592974318773 ) ) ;
#7240 = CARTESIAN_POINT ( 'NONE',  ( -52.56325071068444998, -147.4124282066772764, -28.03543889625543883 ) ) ;
#7241 = CARTESIAN_POINT ( 'NONE',  ( 2.810698573005349754, -0.6583959995612819194, -1.351306465387734024 ) ) ;
#7242 = CARTESIAN_POINT ( 'NONE',  ( -59.45351989749068622, -136.1922593783481261, -26.69889529537342909 ) ) ;
#7243 = CARTESIAN_POINT ( 'NONE',  ( -39.31856689209973865, -78.86852624749127472, -36.97315390527991497 ) ) ;
#7244 = CARTESIAN_POINT ( 'NONE',  ( -54.93146704246965584, -147.4735631009014867, -29.03505818422323870 ) ) ;
#7245 = CARTESIAN_POINT ( 'NONE',  ( -60.88803897935013509, -108.6656697405172309, -27.06587380629913753 ) ) ;
#7246 = CARTESIAN_POINT ( 'NONE',  ( -9.565569790075976186, -55.17978499504134504, -33.44535059737408744 ) ) ;
#7247 = CARTESIAN_POINT ( 'NONE',  ( 1.758822410117960144, -4.559531368764784709, -6.818945683534300528 ) ) ;
#7248 = CARTESIAN_POINT ( 'NONE',  ( -6.814998189995167266, -53.00048615490555193, -26.77991832247654003 ) ) ;
#7249 = CARTESIAN_POINT ( 'NONE',  ( -55.89417881269278610, -94.58515771600963262, -33.23405115357771678 ) ) ;
#7250 = CARTESIAN_POINT ( 'NONE',  ( -49.74638053392931170, -145.0086282161161932, -29.72822147084560385 ) ) ;
#7251 = CARTESIAN_POINT ( 'NONE',  ( -61.62051609003398767, -131.4549183249787347, -31.33879928776417501 ) ) ;
#7252 = CARTESIAN_POINT ( 'NONE',  ( -61.58963007258839895, -135.2792857807096709, -28.20309505387470850 ) ) ;
#7253 = CARTESIAN_POINT ( 'NONE',  ( -62.06333921583209445, -115.6185185139527221, -30.91896014060030851 ) ) ;
#7254 = CARTESIAN_POINT ( 'NONE',  ( -27.98291738930739569, -69.07422183639971536, -36.41000260398512722 ) ) ;
#7255 = CARTESIAN_POINT ( 'NONE',  ( -61.86490892221308968, -108.7689611850095019, -31.12005814395849868 ) ) ;
#7256 = CARTESIAN_POINT ( 'NONE',  ( -0.5505905129322919977, -24.67547310385878134, -16.69970398331797767 ) ) ;
#7257 = CARTESIAN_POINT ( 'NONE',  ( -61.56718018976166462, -112.3722078674576608, -30.45520403026643663 ) ) ;
#7258 = CARTESIAN_POINT ( 'NONE',  ( -64.68297916784686663, -111.6347233746660947, -31.21183308154803271 ) ) ;
#7259 = CARTESIAN_POINT ( 'NONE',  ( -61.75840064942235585, -135.0094406307520387, -29.66792753763726864 ) ) ;
#7260 = CARTESIAN_POINT ( 'NONE',  ( -2.405570356181582437, -1.863654939632700014, -8.463640918881635500 ) ) ;
#7261 = CARTESIAN_POINT ( 'NONE',  ( -30.61660935792603055, -72.54966998126170097, -31.52188583104070219 ) ) ;
#7262 = CARTESIAN_POINT ( 'NONE',  ( -65.13040089016712386, -124.2784649960112233, -26.75645307764935765 ) ) ;
#7263 = CARTESIAN_POINT ( 'NONE',  ( -56.21420181115557568, -97.72966433834834277, -31.17165973135946544 ) ) ;
#7264 = CARTESIAN_POINT ( 'NONE',  ( -59.01224535906052893, -131.2261307135231903, -31.94298150926261215 ) ) ;
#7265 = CARTESIAN_POINT ( 'NONE',  ( -60.64090186153225659, -94.13506125668180857, -32.14234739950563835 ) ) ;
#7266 = CARTESIAN_POINT ( 'NONE',  ( -64.88991923084292068, -112.3165193476149142, -25.48461216244463756 ) ) ;
#7267 = CARTESIAN_POINT ( 'NONE',  ( -3.550060309488036303, -53.36923756762949722, -26.54559176996957603 ) ) ;
#7268 = CARTESIAN_POINT ( 'NONE',  ( -0.7170239740636422665, -1.448260798041358210, -7.852442874726422772 ) ) ;
#7269 = CARTESIAN_POINT ( 'NONE',  ( -45.33621401647376814, -160.1894025190144930, -30.47414982994413180 ) ) ;
#7270 = CARTESIAN_POINT ( 'NONE',  ( -65.20367298058332040, -101.0256926169153218, -28.61795475942216882 ) ) ;
#7271 = CARTESIAN_POINT ( 'NONE',  ( -56.64136538848593716, -131.5359650043168358, -30.86911632615271728 ) ) ;
#7272 = CARTESIAN_POINT ( 'NONE',  ( -38.30907232924661088, -81.55274101327337632, -31.32069341323825995 ) ) ;
#7273 = CARTESIAN_POINT ( 'NONE',  ( -58.72931910664925681, -97.81263820501473560, -27.15396496583196040 ) ) ;
#7274 = CARTESIAN_POINT ( 'NONE',  ( -6.755525466971628923, -55.70932988064082991, -27.03415383954898488 ) ) ;
#7275 = CARTESIAN_POINT ( 'NONE',  ( -62.89757798668142641, -107.3912890797468975, -25.77194898257023326 ) ) ;
#7276 = CARTESIAN_POINT ( 'NONE',  ( 1.669054832499715424, -7.270691287307382566, -9.512284690680077759 ) ) ;
#7277 = CARTESIAN_POINT ( 'NONE',  ( -61.99468455724179705, -96.02983491551920281, -31.72669159977723652 ) ) ;
#7278 = CARTESIAN_POINT ( 'NONE',  ( -60.24887168815688909, -137.3582808909241919, -27.71784503738893690 ) ) ;
#7279 = CARTESIAN_POINT ( 'NONE',  ( -62.62940232259076367, -118.5495556959614731, -25.47619230580215088 ) ) ;
#7280 = CARTESIAN_POINT ( 'NONE',  ( -2.891584192136607889, -17.16063215042865764, -18.57067659658666159 ) ) ;
#7281 = CARTESIAN_POINT ( 'NONE',  ( -9.670559140234928464, -61.58145136943316089, -30.00672520471137616 ) ) ;
#7282 = CARTESIAN_POINT ( 'NONE',  ( -41.83510638346378840, -82.46789518421222454, -30.33283777479352494 ) ) ;
#7283 = CARTESIAN_POINT ( 'NONE',  ( -52.86505169861327857, -91.58426260208254632, -33.84599813072701124 ) ) ;
#7284 = CARTESIAN_POINT ( 'NONE',  ( -50.39578115971036709, -143.8828070069338878, -29.54257903973233823 ) ) ;
#7285 = CARTESIAN_POINT ( 'NONE',  ( -65.53065945629593614, -111.7108037906302513, -30.87475189683245347 ) ) ;
#7286 = CARTESIAN_POINT ( 'NONE',  ( -64.53328677086892640, -127.5666825628300955, -27.61329858047149344 ) ) ;
#7287 = CARTESIAN_POINT ( 'NONE',  ( -56.08616696488562070, -135.8940606653481495, -32.26266525962965659 ) ) ;
#7288 = CARTESIAN_POINT ( 'NONE',  ( -60.77419108997082020, -104.2395669209877411, -31.48424746946515995 ) ) ;
#7289 = CARTESIAN_POINT ( 'NONE',  ( -0.2317452094131953744, -6.341505505260984776, -4.615133477788292637 ) ) ;
#7290 = CARTESIAN_POINT ( 'NONE',  ( -40.76771809791299717, -83.83843414749722456, -32.79531635309961501 ) ) ;
#7291 = CARTESIAN_POINT ( 'NONE',  ( -63.32436816492700871, -123.4239223813009545, -31.21855181188072947 ) ) ;
#7292 = DATE_AND_TIME ( #5707, #2246 ) ;
#7293 = CARTESIAN_POINT ( 'NONE',  ( -63.16349103315750568, -131.5517380105785605, -29.36844138853986408 ) ) ;
#7294 = CARTESIAN_POINT ( 'NONE',  ( -0.8508480103472355616, 3.250000000000000444, 0.000000000000000000 ) ) ;
#7295 = CARTESIAN_POINT ( 'NONE',  ( -2.111160540128386387, -13.64383092718777313, -11.31498275407989951 ) ) ;
#7296 = CARTESIAN_POINT ( 'NONE',  ( -59.24622043081539857, -91.59006511125853933, -32.02534046605438078 ) ) ;
#7297 = CARTESIAN_POINT ( 'NONE',  ( -60.27449180166111375, -106.5819890461690278, -30.21033135126336688 ) ) ;
#7298 = CARTESIAN_POINT ( 'NONE',  ( -59.14154007279466896, -130.8961982999119584, -31.91177188653431784 ) ) ;
#7299 = CARTESIAN_POINT ( 'NONE',  ( -66.74965334724083732, -112.1379694618692469, -29.76656768000353637 ) ) ;
#7300 = CARTESIAN_POINT ( 'NONE',  ( -63.22965780517553469, -123.5990226784837773, -25.51944938219480363 ) ) ;
#7301 = CARTESIAN_POINT ( 'NONE',  ( 1.767949726098604790, -10.06390321520869158, -11.60631376445456731 ) ) ;
#7302 = CARTESIAN_POINT ( 'NONE',  ( -54.97479014798061314, -143.7044173360018249, -33.19967029648412193 ) ) ;
#7303 = CARTESIAN_POINT ( 'NONE',  ( -51.28595492880944562, -151.1565081932954797, -28.79542691333704241 ) ) ;
#7304 = CARTESIAN_POINT ( 'NONE',  ( -62.03807396656544171, -134.2354315873245980, -28.10570260075347448 ) ) ;
#7305 = CARTESIAN_POINT ( 'NONE',  ( -55.85882739679992426, -133.3812582311838923, -31.07633679666527371 ) ) ;
ENDSEC;
END-ISO-10303-21;
