ISO-10303-21;
HEADER;
FILE_DESCRIPTION (( 'STEP AP203' ),
    '1' );
FILE_NAME ('FN-ASM-003_internal-layout-ports-harness_R0.5.STEP',
    '2026-07-26T13:54:55',
    ( '' ),
    ( '' ),
    'SwSTEP 2.0',
    'SolidWorks 2022',
    '' );
FILE_SCHEMA (( 'CONFIG_CONTROL_DESIGN' ));
ENDSEC;

DATA;
#1 = VECTOR ( 'NONE', #7876, 1000.000000000000000 ) ;
#2 = AXIS2_PLACEMENT_3D ( 'NONE', #2352, #840, #7618 ) ;
#3 = CARTESIAN_POINT ( 'NONE',  ( -60.14999999999999858, 5.000000000000000000, 30.60000000000000142 ) ) ;
#4 = CARTESIAN_POINT ( 'NONE',  ( -60.00000000000000000, 3.000000000000000000, -42.50000000000000000 ) ) ;
#5 = PERSON_AND_ORGANIZATION_ROLE ( 'design_owner' ) ;
#7 = ORIENTED_EDGE ( 'NONE', *, *, #4544, .T. ) ;
#6 = EDGE_CURVE ( 'NONE', #515, #4845, #3011, .T. ) ;
#8 = APPROVAL_DATE_TIME ( #6848, #91 ) ;
#9 = CIRCLE ( 'NONE', #5570, 1.750000000000005107 ) ;
#10 = SHAPE_REPRESENTATION ( 'FN-HLD-003_battery-tray-zone_R0.5', ( #7312 ), #3051 ) ;
#11 = EDGE_CURVE ( 'NONE', #753, #5206, #723, .T. ) ;
#12 = VERTEX_POINT ( 'NONE', #8432 ) ;
#13 = VERTEX_POINT ( 'NONE', #5771 ) ;
#14 = VECTOR ( 'NONE', #8578, 1000.000000000000000 ) ;
#15 = LINE ( 'NONE', #2761, #5793 ) ;
#16 = AXIS2_PLACEMENT_3D ( 'NONE', #8207, #6811, #7527 ) ;
#17 = CARTESIAN_POINT ( 'NONE',  ( 6.000000000000000000, 6.000000000000000000, 6.000000000000000000 ) ) ;
#18 = CARTESIAN_POINT ( 'NONE',  ( -39.75000000000000000, 2.500000000000000000, -79.00000000000000000 ) ) ;
#19 = EDGE_LOOP ( 'NONE', ( #2684, #4630, #4776, #3518 ) ) ;
#20 = APPROVAL_PERSON_ORGANIZATION ( #2980, #3809, #3023 ) ;
#21 = AXIS2_PLACEMENT_3D ( 'NONE', #1005, #4611, #3720 ) ;
#22 = CARTESIAN_POINT ( 'NONE',  ( -33.00000000000000000, 0.000000000000000000, -30.50000000000000000 ) ) ;
#23 = PERSON ( 'NAUO-PER21', 'UNSPECIFIED', 'UNSPECIFIED', ('UNSPECIFIED'), ('UNSPECIFIED'), ('UNSPECIFIED') ) ;
#24 = PERSON_AND_ORGANIZATION ( #5260, #6155 ) ;
#25 = DATE_AND_TIME ( #6859, #7472 ) ;
#26 = ORIENTED_EDGE ( 'NONE', *, *, #1823, .F. ) ;
#27 = LOCAL_TIME ( 21, 54, 55.00000000000000000, #2139 ) ;
#28 = CC_DESIGN_PERSON_AND_ORGANIZATION_ASSIGNMENT ( #1729, #5651, ( #1356 ) ) ;
#29 = DIRECTION ( 'NONE',  ( 0.000000000000000000, 0.000000000000000000, 1.000000000000000000 ) ) ;
#30 = ORIENTED_EDGE ( 'NONE', *, *, #2649, .F. ) ;
#31 = PRODUCT_DEFINITION_SHAPE ( 'NONE', 'NONE',  #8865 ) ;
#32 = CARTESIAN_POINT ( 'NONE',  ( -3.750000000000000000, 2.500000000000000000, -8.250000000000000000 ) ) ;
#33 = CC_DESIGN_APPROVAL ( #8416, ( #1910 ) ) ;
#35 = AXIS2_PLACEMENT_3D ( 'NONE', #6874, #4865, #3448 ) ;
#34 = DATE_AND_TIME ( #2097, #5019 ) ;
#36 = VERTEX_POINT ( 'NONE', #874 ) ;
#37 = CARTESIAN_POINT ( 'NONE',  ( 60.14999999999999858, 0.000000000000000000, -81.75000000000000000 ) ) ;
#38 = ADVANCED_BREP_SHAPE_REPRESENTATION ( '', ( #8090, #7312 ), #6885 ) ;
#39 = CC_DESIGN_PERSON_AND_ORGANIZATION_ASSIGNMENT ( #5514, #6818, ( #5713 ) ) ;
#40 = DIRECTION ( 'NONE',  ( -1.000000000000000000, 0.000000000000000000, 0.000000000000000000 ) ) ;
#41 = ORIENTED_EDGE ( 'NONE', *, *, #1010, .F. ) ;
#42 = APPROVAL_PERSON_ORGANIZATION ( #2709, #4462, #4171 ) ;
#43 = EDGE_CURVE ( 'NONE', #3654, #7223, #7656, .T. ) ;
#44 = PLANE ( 'NONE',  #3008 ) ;
#45 = DIRECTION ( 'NONE',  ( 1.000000000000000000, 0.000000000000000000, 0.000000000000000000 ) ) ;
#46 = CARTESIAN_POINT ( 'NONE',  ( -19.00000000000000000, 0.000000000000000000, 9.000000000000000000 ) ) ;
#47 = CARTESIAN_POINT ( 'NONE',  ( 60.00000000000000000, 3.000000000000000000, -42.50000000000000000 ) ) ;
#48 = LOCAL_TIME ( 21, 54, 55.00000000000000000, #1454 ) ;
#49 = VECTOR ( 'NONE', #7402, 1000.000000000000000 ) ;
#50 = CALENDAR_DATE ( 2026, 26, 7 ) ;
#51 = DIRECTION ( 'NONE',  ( 0.000000000000000000, 0.000000000000000000, -1.000000000000000000 ) ) ;
#52 = DIRECTION ( 'NONE',  ( 1.000000000000000000, 0.000000000000000000, -0.000000000000000000 ) ) ;
#53 = CC_DESIGN_PERSON_AND_ORGANIZATION_ASSIGNMENT ( #4396, #1015, ( #684 ) ) ;
#54 = LOCAL_TIME ( 21, 54, 55.00000000000000000, #4966 ) ;
#55 = CYLINDRICAL_SURFACE ( 'NONE', #2358, 1.750000000000005107 ) ;
#56 = EDGE_CURVE ( 'NONE', #7625, #6231, #2299, .T. ) ;
#57 = DIRECTION ( 'NONE',  ( 1.000000000000000000, 0.000000000000000000, 0.000000000000000000 ) ) ;
#59 = ORIENTED_EDGE ( 'NONE', *, *, #7575, .T. ) ;
#58 = APPLICATION_CONTEXT ( 'configuration controlled 3d designs of mechanical parts and assemblies' ) ;
#60 = PERSON_AND_ORGANIZATION ( #5260, #6155 ) ;
#61 = VERTEX_POINT ( 'NONE', #2938 ) ;
#62 = SECURITY_CLASSIFICATION ( '', '', #8257 ) ;
#63 = CARTESIAN_POINT ( 'NONE',  ( 54.00000000000000000, 0.000000000000000000, -81.50000000000000000 ) ) ;
#64 = DIRECTION ( 'NONE',  ( -0.000000000000000000, -1.000000000000000000, -0.000000000000000000 ) ) ;
#65 = EDGE_CURVE ( 'NONE', #765, #7055, #3548, .T. ) ;
#66 = CARTESIAN_POINT ( 'NONE',  ( 9.500000000000000000, 0.000000000000000000, 1.500000000000000000 ) ) ;
#67 = EDGE_LOOP ( 'NONE', ( #1781, #3794, #4578, #182 ) ) ;
#68 = DIRECTION ( 'NONE',  ( 0.000000000000000000, 0.000000000000000000, -1.000000000000000000 ) ) ;
#69 = DIRECTION ( 'NONE',  ( 1.000000000000000000, 0.000000000000000000, 0.000000000000000000 ) ) ;
#70 = ADVANCED_FACE ( 'NONE', ( #3592 ), #5012, .F. ) ;
#71 = APPROVAL_ROLE ( '' ) ;
#72 = ORIENTED_EDGE ( 'NONE', *, *, #5011, .F. ) ;
#73 = PERSON_AND_ORGANIZATION_ROLE ( 'classification_officer' ) ;
#74 = ORIENTED_EDGE ( 'NONE', *, *, #8411, .T. ) ;
#75 = ORIENTED_EDGE ( 'NONE', *, *, #7874, .F. ) ;
#76 = FACE_OUTER_BOUND ( 'NONE', #7574, .T. ) ;
#77 = VECTOR ( 'NONE', #7968, 1000.000000000000000 ) ;
#78 = ORIENTED_EDGE ( 'NONE', *, *, #6443, .F. ) ;
#79 = DIRECTION ( 'NONE',  ( -1.000000000000000000, 0.000000000000000000, -0.000000000000000000 ) ) ;
#80 = COORDINATED_UNIVERSAL_TIME_OFFSET ( 8, 0, .AHEAD. ) ;
#81 = LINE ( 'NONE', #8457, #613 ) ;
#82 = DIRECTION ( 'NONE',  ( 0.000000000000000000, 0.000000000000000000, -1.000000000000000000 ) ) ;
#83 = EDGE_CURVE ( 'NONE', #8540, #5652, #966, .T. ) ;
#84 = ORIENTED_EDGE ( 'NONE', *, *, #7239, .T. ) ;
#85 = VECTOR ( 'NONE', #7353, 1000.000000000000000 ) ;
#86 = FACE_OUTER_BOUND ( 'NONE', #8309, .T. ) ;
#87 = CARTESIAN_POINT ( 'NONE',  ( 96.00000000000000000, 14.00000000000000000, -9.000000000000000000 ) ) ;
#88 = CARTESIAN_POINT ( 'NONE',  ( 25.50000000000000000, 0.000000000000000000, 60.00000000000000000 ) ) ;
#89 = VECTOR ( 'NONE', #1569, 1000.000000000000000 ) ;
#90 = FACE_OUTER_BOUND ( 'NONE', #3995, .T. ) ;
#91 = APPROVAL ( #5463, '未指定' ) ;
#92 = APPROVAL_DATE_TIME ( #7690, #2001 ) ;
#93 = DIRECTION ( 'NONE',  ( -1.000000000000000000, -0.000000000000000000, -0.000000000000000000 ) ) ;
#94 = CARTESIAN_POINT ( 'NONE',  ( -6.500000000000000000, 2.500000000000000000, -19.50000000000000000 ) ) ;
#95 = DIRECTION ( 'NONE',  ( -1.000000000000000000, -0.000000000000000000, -0.000000000000000000 ) ) ;
#96 = CARTESIAN_POINT ( 'NONE',  ( 8.750000000000000000, 0.000000000000000000, -8.250000000000000000 ) ) ;
#97 = CALENDAR_DATE ( 2026, 26, 7 ) ;
#98 = ORIENTED_EDGE ( 'NONE', *, *, #2490, .F. ) ;
#99 = CC_DESIGN_PERSON_AND_ORGANIZATION_ASSIGNMENT ( #6915, #1525, ( #4599 ) ) ;
#100 = DIRECTION ( 'NONE',  ( -0.000000000000000000, -0.000000000000000000, 1.000000000000000000 ) ) ;
#101 = PRODUCT_DEFINITION_SHAPE ( 'NONE', 'NONE',  #7571 ) ;
#102 = VECTOR ( 'NONE', #3332, 1000.000000000000000 ) ;
#103 = CARTESIAN_POINT ( 'NONE',  ( 45.00000000000000000, 36.00000000000000000, -29.00000000000000000 ) ) ;
#104 = CARTESIAN_POINT ( 'NONE',  ( 54.00000000000000000, 3.600000000000000089, -83.10000000000000853 ) ) ;
#105 = EDGE_LOOP ( 'NONE', ( #6355, #2914, #8844, #7099 ) ) ;
#106 = APPLICATION_CONTEXT ( 'configuration controlled 3d designs of mechanical parts and assemblies' ) ;
#107 = CYLINDRICAL_SURFACE ( 'NONE', #1301, 1.750000000000001554 ) ;
#108 = PERSON_AND_ORGANIZATION_ROLE ( 'creator' ) ;
#109 = SHAPE_DEFINITION_REPRESENTATION ( #6732, #7594 ) ;
#110 = SECURITY_CLASSIFICATION_LEVEL ( 'unclassified' ) ;
#111 = ORIENTED_EDGE ( 'NONE', *, *, #6798, .T. ) ;
#112 = EDGE_CURVE ( 'NONE', #2404, #5926, #2891, .T. ) ;
#113 = VERTEX_POINT ( 'NONE', #6487 ) ;
#114 = DIRECTION ( 'NONE',  ( -1.000000000000000000, 0.000000000000000000, 0.000000000000000000 ) ) ;
#116 = ORIENTED_EDGE ( 'NONE', *, *, #5167, .F. ) ;
#115 = ADVANCED_FACE ( 'NONE', ( #5904 ), #413, .F. ) ;
#117 = CARTESIAN_POINT ( 'NONE',  ( -39.75000000000000000, 0.000000000000000000, -79.00000000000000000 ) ) ;
#118 = SHAPE_REPRESENTATION_RELATIONSHIP ( 'NONE' , 'NONE' ,  #2489, #1767 ) ;
#119 = APPROVAL_ROLE ( '' ) ;
#120 = EDGE_CURVE ( 'NONE', #6671, #3273, #7210, .T. ) ;
#121 = VERTEX_POINT ( 'NONE', #544 ) ;
#122 = EDGE_CURVE ( 'NONE', #8271, #2955, #4531, .T. ) ;
#123 = CARTESIAN_POINT ( 'NONE',  ( 33.00000000000000000, 40.00000000000000000, 30.50000000000000000 ) ) ;
#124 = CARTESIAN_POINT ( 'NONE',  ( -20.25000000000000000, 2.500000000000000000, -76.00000000000000000 ) ) ;
#125 = VERTEX_POINT ( 'NONE', #455 ) ;
#126 = FACE_OUTER_BOUND ( 'NONE', #2048, .T. ) ;
#127 = VECTOR ( 'NONE', #3201, 1000.000000000000000 ) ;
#128 = DIRECTION ( 'NONE',  ( 0.000000000000000000, 0.000000000000000000, 1.000000000000000000 ) ) ;
#129 = CARTESIAN_POINT ( 'NONE',  ( 35.75000000000000000, 2.500000000000000000, 83.00000000000000000 ) ) ;
#130 = ITEM_DEFINED_TRANSFORMATION ( 'NONE', 'NONE', #5028,  #7312 ) ;
#131 = CARTESIAN_POINT ( 'NONE',  ( 4.500000000000000000, 2.500000000000000000, -13.00000000000000000 ) ) ;
#132 = LINE ( 'NONE', #2974, #6250 ) ;
#133 = ORIENTED_EDGE ( 'NONE', *, *, #7239, .F. ) ;
#134 = CC_DESIGN_DATE_AND_TIME_ASSIGNMENT ( #8444, #5023, ( #1356 ) ) ;
#135 = EDGE_CURVE ( 'NONE', #3706, #7442, #5193, .T. ) ;
#136 = CARTESIAN_POINT ( 'NONE',  ( -60.14999999999999858, 7.000000000000000000, 78.25000000000000000 ) ) ;
#137 = FACE_OUTER_BOUND ( 'NONE', #8545, .T. ) ;
#138 = DATE_AND_TIME ( #7029, #1339 ) ;
#139 = DIRECTION ( 'NONE',  ( -0.000000000000000000, -1.000000000000000000, -0.000000000000000000 ) ) ;
#140 = CARTESIAN_POINT ( 'NONE',  ( 54.00000000000000000, 3.600000000000000089, 83.10000000000000853 ) ) ;
#141 = CIRCLE ( 'NONE', #2010, 1.600000000000004086 ) ;
#142 = CARTESIAN_POINT ( 'NONE',  ( -136.0000000000000000, 0.000000000000000000, 96.50000000000000000 ) ) ;
#143 = ADVANCED_FACE ( 'NONE', ( #2616 ), #4485, .F. ) ;
#144 = CARTESIAN_POINT ( 'NONE',  ( 3.500000000000003109, 2.500000000000000000, 12.25000000000000000 ) ) ;
#145 = ORIENTED_EDGE ( 'NONE', *, *, #7874, .T. ) ;
#146 = CARTESIAN_POINT ( 'NONE',  ( -3.750000000000000000, 0.000000000000000000, -12.75000000000000000 ) ) ;
#147 = PERSON_AND_ORGANIZATION_ROLE ( 'design_owner' ) ;
#148 = SECURITY_CLASSIFICATION_LEVEL ( 'unclassified' ) ;
#149 = VECTOR ( 'NONE', #2249, 1000.000000000000000 ) ;
#150 = ORIENTED_EDGE ( 'NONE', *, *, #2592, .T. ) ;
#151 = ITEM_DEFINED_TRANSFORMATION ( 'NONE', 'NONE', #4035,  #7312 ) ;
#152 = ORIENTED_EDGE ( 'NONE', *, *, #1380, .T. ) ;
#153 = VECTOR ( 'NONE', #6185, 1000.000000000000000 ) ;
#154 = DIRECTION ( 'NONE',  ( 0.000000000000000000, 1.000000000000000000, 0.000000000000000000 ) ) ;
#155 = ORIENTED_EDGE ( 'NONE', *, *, #6341, .F. ) ;
#156 = APPROVAL_PERSON_ORGANIZATION ( #3637, #1299, #2157 ) ;
#157 = VECTOR ( 'NONE', #4029, 1000.000000000000000 ) ;
#158 = CARTESIAN_POINT ( 'NONE',  ( -60.14999999999999858, 0.000000000000000000, -30.60000000000000142 ) ) ;
#159 = EDGE_CURVE ( 'NONE', #6823, #3313, #6658, .T. ) ;
#160 = EDGE_CURVE ( 'NONE', #3381, #4247, #1891, .T. ) ;
#161 = DATE_AND_TIME ( #209, #4178 ) ;
#162 = VECTOR ( 'NONE', #4682, 1000.000000000000000 ) ;
#163 = CC_DESIGN_APPROVAL ( #2301, ( #3881 ) ) ;
#164 = ORIENTED_EDGE ( 'NONE', *, *, #5945, .T. ) ;
#165 = LINE ( 'NONE', #2823, #3470 ) ;
#166 = CARTESIAN_POINT ( 'NONE',  ( 118.2500000000000000, 28.00000000000000000, 119.4500000000000028 ) ) ;
#167 = EDGE_LOOP ( 'NONE', ( #3874, #1947 ) ) ;
#168 = LINE ( 'NONE', #6291, #7369 ) ;
#169 = DIRECTION ( 'NONE',  ( 0.000000000000000000, 1.000000000000000000, 0.000000000000000000 ) ) ;
#171 = EDGE_CURVE ( 'NONE', #2771, #1861, #5811, .T. ) ;
#170 = APPLICATION_CONTEXT ( 'configuration controlled 3d designs of mechanical parts and assemblies' ) ;
#172 = APPROVAL_PERSON_ORGANIZATION ( #758, #312, #660 ) ;
#173 = AXIS2_PLACEMENT_3D ( 'NONE', #6189, #7567, #5513 ) ;
#174 = DIRECTION ( 'NONE',  ( 0.000000000000000000, 1.000000000000000000, 0.000000000000000000 ) ) ;
#175 = COORDINATED_UNIVERSAL_TIME_OFFSET ( 8, 0, .AHEAD. ) ;
#176 = PRODUCT_DEFINITION_SHAPE ( 'NONE', 'NONE',  #7212 ) ;
#177 = CONTEXT_DEPENDENT_SHAPE_REPRESENTATION ( #8114, #6954 ) ;
#178 = DIRECTION ( 'NONE',  ( -0.000000000000000000, -1.000000000000000000, -0.000000000000000000 ) ) ;
#179 = APPROVAL_PERSON_ORGANIZATION ( #4698, #2780, #2937 ) ;
#180 = DIRECTION ( 'NONE',  ( 0.000000000000000000, 1.000000000000000000, 0.000000000000000000 ) ) ;
#181 = UNCERTAINTY_MEASURE_WITH_UNIT (LENGTH_MEASURE( 1.000000000000000082E-05 ), #2843, 'distance_accuracy_value', 'NONE');
#182 = ORIENTED_EDGE ( 'NONE', *, *, #550, .T. ) ;
#183 = AXIS2_PLACEMENT_3D ( 'NONE', #123, #4992, #5571 ) ;
#184 = CARTESIAN_POINT ( 'NONE',  ( 39.75000000000000000, 2.500000000000000000, 83.00000000000000000 ) ) ;
#185 = CC_DESIGN_SECURITY_CLASSIFICATION ( #622, ( #8865 ) ) ;
#186 = CARTESIAN_POINT ( 'NONE',  ( 60.00000000000000000, 3.000000000000000000, 42.50000000000000000 ) ) ;
#187 =( LENGTH_UNIT ( ) NAMED_UNIT ( * ) SI_UNIT ( .MILLI., .METRE. ) );
#188 = PERSON_AND_ORGANIZATION_ROLE ( 'design_supplier' ) ;
#189 = CC_DESIGN_PERSON_AND_ORGANIZATION_ASSIGNMENT ( #5867, #2498, ( #5772 ) ) ;
#190 = CARTESIAN_POINT ( 'NONE',  ( -6.000000000000000000, 6.000000000000000000, -6.000000000000000000 ) ) ;
#191 = FACE_OUTER_BOUND ( 'NONE', #7974, .T. ) ;
#192 = CC_DESIGN_SECURITY_CLASSIFICATION ( #4054, ( #8872 ) ) ;
#193 = EDGE_CURVE ( 'NONE', #6713, #6088, #5232, .T. ) ;
#194 = LINE ( 'NONE', #6269, #4071 ) ;
#195 = DIRECTION ( 'NONE',  ( -1.000000000000000000, 0.000000000000000000, -0.000000000000000000 ) ) ;
#196 = APPROVAL_ROLE ( '' ) ;
#197 = CC_DESIGN_SECURITY_CLASSIFICATION ( #6334, ( #8874 ) ) ;
#198 = PERSON_AND_ORGANIZATION ( #5260, #6155 ) ;
#199 = APPROVAL ( #6140, '未指定' ) ;
#200 = ORIENTED_EDGE ( 'NONE', *, *, #7622, .T. ) ;
#201 = SECURITY_CLASSIFICATION_LEVEL ( 'unclassified' ) ;
#202 = VERTEX_POINT ( 'NONE', #4569 ) ;
#203 = ORIENTED_EDGE ( 'NONE', *, *, #7881, .F. ) ;
#204 = ORIENTED_EDGE ( 'NONE', *, *, #7622, .F. ) ;
#205 = CARTESIAN_POINT ( 'NONE',  ( 25.50000000000000000, 2.500000000000000000, 47.00000000000000000 ) ) ;
#206 = VERTEX_POINT ( 'NONE', #1055 ) ;
#207 = LOCAL_TIME ( 21, 54, 55.00000000000000000, #5241 ) ;
#208 = DIRECTION ( 'NONE',  ( -0.000000000000000000, 1.000000000000000000, -0.000000000000000000 ) ) ;
#209 = CALENDAR_DATE ( 2026, 26, 7 ) ;
#210 = ORIENTED_EDGE ( 'NONE', *, *, #7162, .F. ) ;
#211 = CARTESIAN_POINT ( 'NONE',  ( 57.50000000000000000, 0.000000000000000000, -85.00000000000000000 ) ) ;
#212 = APPROVAL ( #8061, '未指定' ) ;
#213 = CARTESIAN_POINT ( 'NONE',  ( 28.00000000000000000, 3.000000000000000000, 15.50000000000000000 ) ) ;
#214 = ORIENTED_EDGE ( 'NONE', *, *, #3168, .F. ) ;
#215 = CARTESIAN_POINT ( 'NONE',  ( -33.00000000000000000, 40.00000000000000000, 30.50000000000000000 ) ) ;
#216 = CARTESIAN_POINT ( 'NONE',  ( 57.50000000000000000, 0.000000000000000000, 85.00000000000000000 ) ) ;
#217 = AXIS2_PLACEMENT_3D ( 'NONE', #4704, #1241, #7433 ) ;
#218 = LINE ( 'NONE', #7730, #7302 ) ;
#219 = DATE_AND_TIME ( #2241, #8316 ) ;
#220 = CALENDAR_DATE ( 2026, 26, 7 ) ;
#221 = LINE ( 'NONE', #313, #307 ) ;
#222 = EDGE_CURVE ( 'NONE', #5204, #5550, #3772, .T. ) ;
#223 = LINE ( 'NONE', #6390, #4397 ) ;
#224 = ORIENTED_EDGE ( 'NONE', *, *, #6998, .T. ) ;
#225 = ADVANCED_FACE ( 'NONE', ( #3118 ), #2574, .F. ) ;
#226 = CIRCLE ( 'NONE', #5949, 1.600000000000004086 ) ;
#227 = CARTESIAN_POINT ( 'NONE',  ( -1.750000000000000000, 2.500000000000000000, 10.50000000000000000 ) ) ;
#228 = LINE ( 'NONE', #2978, #3452 ) ;
#229 = DATE_AND_TIME ( #789, #1917 ) ;
#230 = ORIENTED_EDGE ( 'NONE', *, *, #538, .T. ) ;
#231 = DIRECTION ( 'NONE',  ( 0.000000000000000000, 0.000000000000000000, -1.000000000000000000 ) ) ;
#232 = LINE ( 'NONE', #8399, #3368 ) ;
#233 = EDGE_LOOP ( 'NONE', ( #1158, #526, #2994, #3912 ) ) ;
#234 = CARTESIAN_POINT ( 'NONE',  ( -28.00000000000000000, 3.000000000000000000, 15.50000000000000000 ) ) ;
#235 = CALENDAR_DATE ( 2026, 26, 7 ) ;
#236 = ORIENTED_EDGE ( 'NONE', *, *, #3087, .T. ) ;
#237 = PERSON_AND_ORGANIZATION_ROLE ( 'design_supplier' ) ;
#238 = PERSON ( 'NAUO-PER8', 'UNSPECIFIED', 'UNSPECIFIED', ('UNSPECIFIED'), ('UNSPECIFIED'), ('UNSPECIFIED') ) ;
#239 = ORIENTED_EDGE ( 'NONE', *, *, #3168, .T. ) ;
#240 = CALENDAR_DATE ( 2026, 26, 7 ) ;
#241 = ORIENTED_EDGE ( 'NONE', *, *, #11, .F. ) ;
#242 = VECTOR ( 'NONE', #3985, 1000.000000000000000 ) ;
#243 = EDGE_CURVE ( 'NONE', #202, #2555, #3249, .T. ) ;
#244 = CARTESIAN_POINT ( 'NONE',  ( -1.000000000000000000, 2.500000000000000000, 12.25000000000000000 ) ) ;
#245 = SHAPE_REPRESENTATION ( 'FN-ASM-003_internal-layout-ports-harness_R0.5', ( #2480, #1330, #3897, #6864, #35, #1481, #5028, #2332, #8007, #7319, #6149, #3756, #8458, #462, #2907, #1618, #7884, #8482, #4035, #770, #4179, #4608, #173, #323 ), #4743 ) ;
#246 = ORIENTED_EDGE ( 'NONE', *, *, #6008, .F. ) ;
#247 = CC_DESIGN_DATE_AND_TIME_ASSIGNMENT ( #3466, #8803, ( #3901 ) ) ;
#248 = PRODUCT_DEFINITION_SHAPE ( 'NONE', 'NONE',  #6032 ) ;
#249 = LINE ( 'NONE', #5699, #4549 ) ;
#250 = CARTESIAN_POINT ( 'NONE',  ( 3.500000000000002220, 2.500000000000000000, -7.750000000000000000 ) ) ;
#251 = SHAPE_REPRESENTATION_RELATIONSHIP ( 'NONE' , 'NONE' ,  #4853, #4096 ) ;
#252 = SECURITY_CLASSIFICATION_LEVEL ( 'unclassified' ) ;
#253 = ORIENTED_EDGE ( 'NONE', *, *, #2954, .F. ) ;
#254 = ORIENTED_EDGE ( 'NONE', *, *, #6639, .T. ) ;
#255 = PLANE ( 'NONE',  #4465 ) ;
#256 = DIRECTION ( 'NONE',  ( -0.000000000000000000, 1.000000000000000000, -0.000000000000000000 ) ) ;
#257 = VERTEX_POINT ( 'NONE', #502 ) ;
#258 = LINE ( 'NONE', #2236, #8699 ) ;
#259 = DIRECTION ( 'NONE',  ( 0.000000000000000000, 1.000000000000000000, 0.000000000000000000 ) ) ;
#260 = EDGE_CURVE ( 'NONE', #8106, #2686, #5146, .T. ) ;
#261 = CARTESIAN_POINT ( 'NONE',  ( -8.500000000000000000, 2.500000000000000000, 13.00000000000000000 ) ) ;
#262 = CALENDAR_DATE ( 2026, 26, 7 ) ;
#263 = PERSON_AND_ORGANIZATION ( #805, #2491 ) ;
#264 = CARTESIAN_POINT ( 'NONE',  ( -24.25000000000000000, 2.500000000000000000, -72.00000000000000000 ) ) ;
#265 = CARTESIAN_POINT ( 'NONE',  ( -158.9499999999999886, 3.000000000000000000, -119.4500000000000028 ) ) ;
#266 = CLOSED_SHELL ( 'NONE', ( #3413, #1575, #4878, #5491, #8206, #2420 ) ) ;
#267 = ORIENTED_EDGE ( 'NONE', *, *, #5036, .T. ) ;
#268 = DIRECTION ( 'NONE',  ( -1.000000000000000000, 0.000000000000000000, 0.000000000000000000 ) ) ;
#269 = EDGE_CURVE ( 'NONE', #1242, #483, #5942, .T. ) ;
#270 = DIRECTION ( 'NONE',  ( -0.000000000000000000, 1.000000000000000000, -0.000000000000000000 ) ) ;
#271 = EDGE_CURVE ( 'NONE', #8848, #7987, #3450, .T. ) ;
#272 = MECHANICAL_CONTEXT ( 'NONE', #6215, 'mechanical' ) ;
#273 = ORIENTED_EDGE ( 'NONE', *, *, #7681, .T. ) ;
#274 = VECTOR ( 'NONE', #6245, 1000.000000000000000 ) ;
#275 = CARTESIAN_POINT ( 'NONE',  ( 39.00000000000000000, 36.00000000000000000, -19.50000000000000000 ) ) ;
#276 = DIRECTION ( 'NONE',  ( 0.000000000000000000, -1.000000000000000000, 0.000000000000000000 ) ) ;
#277 = VERTEX_POINT ( 'NONE', #2487 ) ;
#278 = EDGE_CURVE ( 'NONE', #7987, #8848, #9, .T. ) ;
#279 = FACE_OUTER_BOUND ( 'NONE', #4582, .T. ) ;
#280 = PERSON_AND_ORGANIZATION ( #5260, #6155 ) ;
#281 = ADVANCED_FACE ( 'NONE', ( #1226 ), #3944, .F. ) ;
#282 = VERTEX_POINT ( 'NONE', #589 ) ;
#283 = MECHANICAL_CONTEXT ( 'NONE', #2111, 'mechanical' ) ;
#284 = ORIENTED_EDGE ( 'NONE', *, *, #5179, .T. ) ;
#285 = COORDINATED_UNIVERSAL_TIME_OFFSET ( 8, 0, .AHEAD. ) ;
#286 = ORIENTED_EDGE ( 'NONE', *, *, #6341, .T. ) ;
#287 = ORIENTED_EDGE ( 'NONE', *, *, #7940, .T. ) ;
#288 = DIRECTION ( 'NONE',  ( 0.000000000000000000, 0.000000000000000000, -1.000000000000000000 ) ) ;
#289 = ORIENTED_EDGE ( 'NONE', *, *, #2089, .F. ) ;
#290 = CARTESIAN_POINT ( 'NONE',  ( 39.00000000000000000, 0.000000000000000000, 21.30000000000000071 ) ) ;
#291 = AXIS2_PLACEMENT_3D ( 'NONE', #6594, #5291, #7942 ) ;
#292 = FACE_OUTER_BOUND ( 'NONE', #8362, .T. ) ;
#293 =( NAMED_UNIT ( * ) SI_UNIT ( $, .STERADIAN. ) SOLID_ANGLE_UNIT ( ) );
#294 = COORDINATED_UNIVERSAL_TIME_OFFSET ( 8, 0, .AHEAD. ) ;
#295 = AXIS2_PLACEMENT_3D ( 'NONE', #2557, #3883, #6602 ) ;
#296 = ORIENTED_EDGE ( 'NONE', *, *, #4431, .T. ) ;
#297 = ORIENTED_EDGE ( 'NONE', *, *, #725, .F. ) ;
#298 = CC_DESIGN_DATE_AND_TIME_ASSIGNMENT ( #5093, #4379, ( #3488 ) ) ;
#299 = DIRECTION ( 'NONE',  ( -1.000000000000000000, -0.000000000000000000, -0.000000000000000000 ) ) ;
#300 = LOCAL_TIME ( 21, 54, 55.00000000000000000, #7440 ) ;
#301 = VECTOR ( 'NONE', #8011, 1000.000000000000000 ) ;
#302 = LINE ( 'NONE', #4334, #5698 ) ;
#303 = ORIENTED_EDGE ( 'NONE', *, *, #4061, .F. ) ;
#304 = CARTESIAN_POINT ( 'NONE',  ( 9.000000000000000000, 0.000000000000000000, -52.00000000000000000 ) ) ;
#305 = CARTESIAN_POINT ( 'NONE',  ( 60.14999999999999858, 7.000000000000000000, 78.25000000000000000 ) ) ;
#306 = EDGE_CURVE ( 'NONE', #2394, #1369, #4786, .T. ) ;
#307 = VECTOR ( 'NONE', #8424, 1000.000000000000000 ) ;
#308 = LOCAL_TIME ( 21, 54, 55.00000000000000000, #509 ) ;
#309 = LINE ( 'NONE', #5090, #7438 ) ;
#311 = AXIS2_PLACEMENT_3D ( 'NONE', #489, #7778, #1667 ) ;
#310 = PERSON_AND_ORGANIZATION_ROLE ( 'design_owner' ) ;
#312 = APPROVAL ( #6191, '未指定' ) ;
#313 = CARTESIAN_POINT ( 'NONE',  ( -20.25000000000000000, 2.500000000000000000, 66.00000000000000000 ) ) ;
#314 = EDGE_CURVE ( 'NONE', #1821, #3526, #7510, .T. ) ;
#315 = DIRECTION ( 'NONE',  ( -0.000000000000000000, -1.000000000000000000, -0.000000000000000000 ) ) ;
#316 = SECURITY_CLASSIFICATION ( '', '', #8783 ) ;
#317 = DIRECTION ( 'NONE',  ( -0.000000000000000000, -0.000000000000000000, 1.000000000000000000 ) ) ;
#318 = ORIENTED_EDGE ( 'NONE', *, *, #2868, .T. ) ;
#319 = PLANE ( 'NONE',  #3982 ) ;
#320 = DIRECTION ( 'NONE',  ( 0.000000000000000000, 0.000000000000000000, -1.000000000000000000 ) ) ;
#321 = APPROVAL_PERSON_ORGANIZATION ( #5616, #8126, #7678 ) ;
#322 = APPROVAL_STATUS ( 'not_yet_approved' ) ;
#323 = AXIS2_PLACEMENT_3D ( 'NONE', #6856, #2681, #1998 ) ;
#324 = ORIENTED_EDGE ( 'NONE', *, *, #8287, .F. ) ;
#325 = CARTESIAN_POINT ( 'NONE',  ( 0.000000000000000000, 0.000000000000000000, -7.750000000000000000 ) ) ;
#326 = CC_DESIGN_DATE_AND_TIME_ASSIGNMENT ( #7384, #1274, ( #3881 ) ) ;
#327 = SECURITY_CLASSIFICATION ( '', '', #3083 ) ;
#328 = CARTESIAN_POINT ( 'NONE',  ( -20.25000000000000000, 2.500000000000000000, 66.00000000000000000 ) ) ;
#329 = ORIENTED_EDGE ( 'NONE', *, *, #848, .T. ) ;
#330 = CARTESIAN_POINT ( 'NONE',  ( 8.500000000000000000, 2.500000000000000000, 6.000000000000000000 ) ) ;
#331 = APPLICATION_PROTOCOL_DEFINITION ( 'international standard', 'config_control_design', 1994, #988 ) ;
#332 = ORIENTED_EDGE ( 'NONE', *, *, #4073, .T. ) ;
#333 = DATE_AND_TIME ( #2217, #7179 ) ;
#334 = ORIENTED_EDGE ( 'NONE', *, *, #1295, .T. ) ;
#335 = COORDINATED_UNIVERSAL_TIME_OFFSET ( 8, 0, .AHEAD. ) ;
#336 = ORIENTED_EDGE ( 'NONE', *, *, #6396, .F. ) ;
#337 = LOCAL_TIME ( 21, 54, 55.00000000000000000, #2572 ) ;
#338 = EDGE_CURVE ( 'NONE', #2282, #5113, #3984, .T. ) ;
#339 = CARTESIAN_POINT ( 'NONE',  ( -33.00000000000000000, 40.00000000000000000, -30.50000000000000000 ) ) ;
#340 = ORIENTED_EDGE ( 'NONE', *, *, #6025, .T. ) ;
#341 = CARTESIAN_POINT ( 'NONE',  ( 68.25000000000000000, 28.00000000000000000, 119.4500000000000028 ) ) ;
#342 = EDGE_CURVE ( 'NONE', #8254, #12, #8098, .T. ) ;
#343 = LOCAL_TIME ( 21, 54, 55.00000000000000000, #2195 ) ;
#344 = DIRECTION ( 'NONE',  ( 0.000000000000000000, 0.000000000000000000, -1.000000000000000000 ) ) ;
#345 = PERSON_AND_ORGANIZATION_ROLE ( 'design_owner' ) ;
#346 = ORIENTED_EDGE ( 'NONE', *, *, #8772, .T. ) ;
#347 = ORIENTED_EDGE ( 'NONE', *, *, #1332, .T. ) ;
#348 = LINE ( 'NONE', #3839, #6887 ) ;
#349 = SECURITY_CLASSIFICATION ( '', '', #3957 ) ;
#350 = CARTESIAN_POINT ( 'NONE',  ( 0.7500000000000006661, 2.500000000000000000, -8.250000000000000000 ) ) ;
#351 = AXIS2_PLACEMENT_3D ( 'NONE', #3292, #1898, #3950 ) ;
#352 = ORIENTED_EDGE ( 'NONE', *, *, #7112, .T. ) ;
#353 = DIRECTION ( 'NONE',  ( 0.000000000000000000, 0.000000000000000000, 1.000000000000000000 ) ) ;
#354 = AXIS2_PLACEMENT_3D ( 'NONE', #7803, #2408, #5786 ) ;
#355 = DIRECTION ( 'NONE',  ( -1.000000000000000000, -0.000000000000000000, -0.000000000000000000 ) ) ;
#356 = COORDINATED_UNIVERSAL_TIME_OFFSET ( 8, 0, .AHEAD. ) ;
#357 = CIRCLE ( 'NONE', #4496, 1.600000000000004086 ) ;
#358 = CALENDAR_DATE ( 2026, 26, 7 ) ;
#359 = ADVANCED_FACE ( 'NONE', ( #3329 ), #636, .F. ) ;
#360 = CARTESIAN_POINT ( 'NONE',  ( 60.14999999999999858, 5.000000000000000000, -78.25000000000000000 ) ) ;
#361 = CARTESIAN_POINT ( 'NONE',  ( -28.00000000000000000, 3.000000000000000000, 15.50000000000000000 ) ) ;
#362 = CARTESIAN_POINT ( 'NONE',  ( -60.14999999999999858, 5.000000000000000000, -80.00000000000000000 ) ) ;
#363 = EDGE_LOOP ( 'NONE', ( #1382, #8507 ) ) ;
#364 = AXIS2_PLACEMENT_3D ( 'NONE', #5748, #603, #3750 ) ;
#365 = CC_DESIGN_DATE_AND_TIME_ASSIGNMENT ( #2298, #2206, ( #5751 ) ) ;
#366 = DIRECTION ( 'NONE',  ( 0.000000000000000000, 0.000000000000000000, -1.000000000000000000 ) ) ;
#367 = CARTESIAN_POINT ( 'NONE',  ( 3.500000000000003109, 2.500000000000000000, -7.750000000000000000 ) ) ;
#368 = APPROVAL_ROLE ( '' ) ;
#369 = CARTESIAN_POINT ( 'NONE',  ( -45.00000000000000000, 36.00000000000000000, 29.00000000000000000 ) ) ;
#370 = CARTESIAN_POINT ( 'NONE',  ( -6.000000000000000000, 6.000000000000000000, 6.000000000000000000 ) ) ;
#371 = CARTESIAN_POINT ( 'NONE',  ( -158.9499999999999886, 91.09999999999999432, -119.4500000000000028 ) ) ;
#372 = DIRECTION ( 'NONE',  ( 0.000000000000000000, 0.000000000000000000, -1.000000000000000000 ) ) ;
#373 = DATE_AND_TIME ( #4574, #6580 ) ;
#374 = CC_DESIGN_DATE_AND_TIME_ASSIGNMENT ( #8454, #1697, ( #461 ) ) ;
#375 = VECTOR ( 'NONE', #5524, 1000.000000000000000 ) ;
#376 = DATE_TIME_ROLE ( 'creation_date' ) ;
#377 = EDGE_LOOP ( 'NONE', ( #5594, #3463 ) ) ;
#378 = APPROVAL_STATUS ( 'not_yet_approved' ) ;
#379 = EDGE_LOOP ( 'NONE', ( #3263, #743, #6984, #2583 ) ) ;
#380 = VECTOR ( 'NONE', #8196, 1000.000000000000000 ) ;
#381 = CIRCLE ( 'NONE', #670, 1.799999999999999600 ) ;
#382 = DIRECTION ( 'NONE',  ( 0.000000000000000000, 0.000000000000000000, -1.000000000000000000 ) ) ;
#383 = VERTEX_POINT ( 'NONE', #6124 ) ;
#384 = DIRECTION ( 'NONE',  ( 0.000000000000000000, -0.000000000000000000, -1.000000000000000000 ) ) ;
#385 = CARTESIAN_POINT ( 'NONE',  ( -136.0000000000000000, 0.000000000000000000, -96.50000000000000000 ) ) ;
#386 = AXIS2_PLACEMENT_3D ( 'NONE', #1404, #7511, #52 ) ;
#387 = ADVANCED_FACE ( 'NONE', ( #5539 ), #2149, .F. ) ;
#388 = SHAPE_DEFINITION_REPRESENTATION ( #2984, #6048 ) ;
#389 = EDGE_LOOP ( 'NONE', ( #556, #517, #3691, #4760 ) ) ;
#390 = EDGE_CURVE ( 'NONE', #2088, #4596, #5499, .T. ) ;
#391 = ORIENTED_EDGE ( 'NONE', *, *, #7196, .T. ) ;
#392 = EDGE_CURVE ( 'NONE', #8208, #6145, #3591, .T. ) ;
#393 = CYLINDRICAL_SURFACE ( 'NONE', #7356, 3.250000000000002665 ) ;
#394 = CARTESIAN_POINT ( 'NONE',  ( -9.500000000000000000, 2.500000000000000000, -22.50000000000000000 ) ) ;
#395 = ORIENTED_EDGE ( 'NONE', *, *, #8146, .F. ) ;
#396 = VECTOR ( 'NONE', #5194, 1000.000000000000000 ) ;
#397 = DIRECTION ( 'NONE',  ( 0.000000000000000000, 0.000000000000000000, -1.000000000000000000 ) ) ;
#399 = ADVANCED_FACE ( 'NONE', ( #1402, #4120 ), #6794, .F. ) ;
#398 = APPLICATION_CONTEXT ( 'configuration controlled 3d designs of mechanical parts and assemblies' ) ;
#400 = CARTESIAN_POINT ( 'NONE',  ( -60.00000000000000000, 3.000000000000000000, 42.50000000000000000 ) ) ;
#401 = APPROVAL_STATUS ( 'not_yet_approved' ) ;
#402 = ADVANCED_FACE ( 'NONE', ( #3457 ), #5358, .T. ) ;
#403 = COORDINATED_UNIVERSAL_TIME_OFFSET ( 8, 0, .AHEAD. ) ;
#404 = CARTESIAN_POINT ( 'NONE',  ( -24.25000000000000000, 0.000000000000000000, -83.00000000000000000 ) ) ;
#405 = DIRECTION ( 'NONE',  ( 0.000000000000000000, 0.000000000000000000, -1.000000000000000000 ) ) ;
#406 = PLANE ( 'NONE',  #689 ) ;
#407 = ORIENTED_EDGE ( 'NONE', *, *, #4091, .F. ) ;
#408 = AXIS2_PLACEMENT_3D ( 'NONE', #7371, #5896, #445 ) ;
#409 = CARTESIAN_POINT ( 'NONE',  ( -39.00000000000000000, 38.00000000000000000, -17.69999999999999929 ) ) ;
#410 = PLANE ( 'NONE',  #7010 ) ;
#411 = VECTOR ( 'NONE', #6787, 1000.000000000000000 ) ;
#412 = DATE_TIME_ROLE ( 'creation_date' ) ;
#413 = PLANE ( 'NONE',  #3579 ) ;
#414 = CC_DESIGN_PERSON_AND_ORGANIZATION_ASSIGNMENT ( #2970, #5581, ( #6476 ) ) ;
#415 = FACE_BOUND ( 'NONE', #6601, .T. ) ;
#416 = AXIS2_PLACEMENT_3D ( 'NONE', #1098, #3810, #3899 ) ;
#417 = CARTESIAN_POINT ( 'NONE',  ( -158.9499999999999886, 0.000000000000000000, 119.4500000000000028 ) ) ;
#418 = DIRECTION ( 'NONE',  ( 0.000000000000000000, 0.000000000000000000, -1.000000000000000000 ) ) ;
#419 = APPROVAL_ROLE ( '' ) ;
#420 = ORIENTED_EDGE ( 'NONE', *, *, #7940, .F. ) ;
#421 = PERSON_AND_ORGANIZATION ( #5260, #6155 ) ;
#422 = VERTEX_POINT ( 'NONE', #733 ) ;
#423 = CALENDAR_DATE ( 2026, 26, 7 ) ;
#424 = ORIENTED_EDGE ( 'NONE', *, *, #4002, .T. ) ;
#425 = EDGE_CURVE ( 'NONE', #5117, #2632, #2469, .T. ) ;
#426 = DIRECTION ( 'NONE',  ( -0.000000000000000000, 1.000000000000000000, -0.000000000000000000 ) ) ;
#427 = ORIENTED_EDGE ( 'NONE', *, *, #512, .T. ) ;
#428 = DIRECTION ( 'NONE',  ( 0.000000000000000000, 0.000000000000000000, -1.000000000000000000 ) ) ;
#429 = CARTESIAN_POINT ( 'NONE',  ( -16.25000000000000000, 2.500000000000000000, -76.00000000000000000 ) ) ;
#430 = COORDINATED_UNIVERSAL_TIME_OFFSET ( 8, 0, .AHEAD. ) ;
#431 = EDGE_LOOP ( 'NONE', ( #7894, #3622 ) ) ;
#432 = ORIENTED_EDGE ( 'NONE', *, *, #7627, .T. ) ;
#433 = PLANE ( 'NONE',  #8033 ) ;
#434 = DIRECTION ( 'NONE',  ( 0.000000000000000000, 0.000000000000000000, -1.000000000000000000 ) ) ;
#435 = ORIENTED_EDGE ( 'NONE', *, *, #6836, .T. ) ;
#436 = CC_DESIGN_PERSON_AND_ORGANIZATION_ASSIGNMENT ( #2193, #5365, ( #897 ) ) ;
#437 = AXIS2_PLACEMENT_3D ( 'NONE', #4228, #2170, #7083 ) ;
#438 = DIRECTION ( 'NONE',  ( -1.000000000000000000, 0.000000000000000000, -0.000000000000000000 ) ) ;
#439 = ADVANCED_FACE ( 'NONE', ( #4160 ), #782, .F. ) ;
#440 = CARTESIAN_POINT ( 'NONE',  ( 28.00000000000000000, 0.000000000000000000, 15.50000000000000000 ) ) ;
#441 = DATE_AND_TIME ( #3318, #1471 ) ;
#442 = AXIS2_PLACEMENT_3D ( 'NONE', #6528, #5855, #8618 ) ;
#443 = VECTOR ( 'NONE', #3989, 1000.000000000000000 ) ;
#444 = CARTESIAN_POINT ( 'NONE',  ( 14.50000000000000000, 2.500000000000000000, -7.750000000000000000 ) ) ;
#445 = DIRECTION ( 'NONE',  ( 0.000000000000000000, 0.000000000000000000, 1.000000000000000000 ) ) ;
#446 = EDGE_CURVE ( 'NONE', #2189, #1419, #7377, .T. ) ;
#447 = VERTEX_POINT ( 'NONE', #6699 ) ;
#448 = PLANE ( 'NONE',  #7675 ) ;
#449 = ORIENTED_EDGE ( 'NONE', *, *, #8607, .T. ) ;
#450 = LOCAL_TIME ( 21, 54, 55.00000000000000000, #2495 ) ;
#451 = VECTOR ( 'NONE', #6425, 1000.000000000000000 ) ;
#452 = FACE_OUTER_BOUND ( 'NONE', #8137, .T. ) ;
#453 = CARTESIAN_POINT ( 'NONE',  ( -28.00000000000000000, 3.000000000000000000, -15.50000000000000000 ) ) ;
#454 = DATE_AND_TIME ( #3771, #6748 ) ;
#455 = CARTESIAN_POINT ( 'NONE',  ( -39.00000000000000000, 0.000000000000000000, 18.24999999999999645 ) ) ;
#456 = LOCAL_TIME ( 21, 54, 55.00000000000000000, #356 ) ;
#457 = VECTOR ( 'NONE', #1390, 1000.000000000000000 ) ;
#458 = CARTESIAN_POINT ( 'NONE',  ( -3.000000000000000000, 2.500000000000000000, -19.50000000000000000 ) ) ;
#459 = DESIGN_CONTEXT ( 'detailed design', #7365, 'design' ) ;
#460 = FACE_OUTER_BOUND ( 'NONE', #4664, .T. ) ;
#461 = SECURITY_CLASSIFICATION ( '', '', #252 ) ;
#462 = AXIS2_PLACEMENT_3D ( 'NONE', #2063, #8274, #8085 ) ;
#463 = CARTESIAN_POINT ( 'NONE',  ( 4.500000000000000000, 2.500000000000000000, 2.000000000000000000 ) ) ;
#464 = PERSON_AND_ORGANIZATION_ROLE ( 'classification_officer' ) ;
#465 = ORIENTED_EDGE ( 'NONE', *, *, #4488, .F. ) ;
#466 = PERSON_AND_ORGANIZATION_ROLE ( 'design_supplier' ) ;
#467 = ORIENTED_EDGE ( 'NONE', *, *, #4657, .F. ) ;
#468 = CALENDAR_DATE ( 2026, 26, 7 ) ;
#469 = VERTEX_POINT ( 'NONE', #2792 ) ;
#470 = VECTOR ( 'NONE', #7100, 1000.000000000000000 ) ;
#471 = ORIENTED_EDGE ( 'NONE', *, *, #7308, .F. ) ;
#472 = EDGE_CURVE ( 'NONE', #6378, #1469, #5452, .T. ) ;
#473 = CC_DESIGN_APPROVAL ( #8695, ( #327 ) ) ;
#474 = DIRECTION ( 'NONE',  ( 0.000000000000000000, 0.000000000000000000, -1.000000000000000000 ) ) ;
#475 = VERTEX_POINT ( 'NONE', #2108 ) ;
#476 = LINE ( 'NONE', #4453, #735 ) ;
#477 = DIRECTION ( 'NONE',  ( 0.000000000000000000, -1.000000000000000000, 0.000000000000000000 ) ) ;
#478 = CC_DESIGN_PERSON_AND_ORGANIZATION_ASSIGNMENT ( #4330, #5121, ( #5225 ) ) ;
#479 = CC_DESIGN_APPROVAL ( #2112, ( #3484 ) ) ;
#480 = EDGE_LOOP ( 'NONE', ( #8714, #4008, #1690, #6090 ) ) ;
#481 =( NAMED_UNIT ( * ) SI_UNIT ( $, .STERADIAN. ) SOLID_ANGLE_UNIT ( ) );
#482 = COORDINATED_UNIVERSAL_TIME_OFFSET ( 8, 0, .AHEAD. ) ;
#483 = VERTEX_POINT ( 'NONE', #4075 ) ;
#484 = EDGE_LOOP ( 'NONE', ( #4269, #7528, #3357, #286 ) ) ;
#485 = CARTESIAN_POINT ( 'NONE',  ( 23.00000000000000000, 10.00000000000000000, -10.50000000000000000 ) ) ;
#486 = EDGE_LOOP ( 'NONE', ( #5916, #3971, #7858, #4960 ) ) ;
#487 = LOCAL_TIME ( 21, 54, 55.00000000000000000, #3149 ) ;
#488 = CARTESIAN_POINT ( 'NONE',  ( 25.50000000000000000, 2.500000000000000000, 47.00000000000000000 ) ) ;
#489 = CARTESIAN_POINT ( 'NONE',  ( 35.75000000000000000, 2.500000000000000000, 83.00000000000000000 ) ) ;
#490 = APPROVAL_DATE_TIME ( #7328, #1426 ) ;
#491 = CC_DESIGN_PERSON_AND_ORGANIZATION_ASSIGNMENT ( #8267, #2055, ( #8409 ) ) ;
#492 = ORGANIZATION ( 'NAUO-ORG18', 'UNSPECIFIED', 'UNSPECIFIED' ) ;
#493 = LINE ( 'NONE', #404, #1591 ) ;
#494 = ORIENTED_EDGE ( 'NONE', *, *, #269, .T. ) ;
#495 = DIRECTION ( 'NONE',  ( 1.000000000000000000, -0.000000000000000000, 0.000000000000000000 ) ) ;
#496 = PLANE ( 'NONE',  #6944 ) ;
#497 = CC_DESIGN_SECURITY_CLASSIFICATION ( #5772, ( #8883 ) ) ;
#498 = CARTESIAN_POINT ( 'NONE',  ( -21.25000000000000000, 0.000000000000000000, -10.50000000000000000 ) ) ;
#499 = LINE ( 'NONE', #5190, #1882 ) ;
#500 = EDGE_CURVE ( 'NONE', #2898, #7946, #4830, .T. ) ;
#501 = PERSON_AND_ORGANIZATION ( #5260, #6155 ) ;
#502 = CARTESIAN_POINT ( 'NONE',  ( 39.00000000000000000, 36.00000000000000000, 17.69999999999999929 ) ) ;
#503 = EDGE_CURVE ( 'NONE', #3309, #5736, #8387, .T. ) ;
#504 = DIRECTION ( 'NONE',  ( 0.000000000000000000, 0.000000000000000000, -1.000000000000000000 ) ) ;
#505 = EDGE_CURVE ( 'NONE', #6231, #6667, #7111, .T. ) ;
#506 = AXIS2_PLACEMENT_3D ( 'NONE', #3704, #5124, #7811 ) ;
#507 = DIRECTION ( 'NONE',  ( -1.000000000000000000, 0.000000000000000000, -0.000000000000000000 ) ) ;
#508 = LINE ( 'NONE', #5153, #7865 ) ;
#509 = COORDINATED_UNIVERSAL_TIME_OFFSET ( 8, 0, .AHEAD. ) ;
#510 = EDGE_CURVE ( 'NONE', #8346, #4848, #3714, .T. ) ;
#511 = AXIS2_PLACEMENT_3D ( 'NONE', #3385, #5551, #2848 ) ;
#513 = ORIENTED_EDGE ( 'NONE', *, *, #3375, .T. ) ;
#512 = EDGE_CURVE ( 'NONE', #7228, #2356, #6973, .T. ) ;
#514 = PERSON_AND_ORGANIZATION ( #5260, #6155 ) ;
#515 = VERTEX_POINT ( 'NONE', #3630 ) ;
#516 = SECURITY_CLASSIFICATION_LEVEL ( 'unclassified' ) ;
#517 = ORIENTED_EDGE ( 'NONE', *, *, #6460, .T. ) ;
#518 = ORIENTED_EDGE ( 'NONE', *, *, #65, .T. ) ;
#519 = DIRECTION ( 'NONE',  ( 1.000000000000000000, 0.000000000000000000, 0.000000000000000000 ) ) ;
#520 = ORIENTED_EDGE ( 'NONE', *, *, #3509, .F. ) ;
#521 =( REPRESENTATION_RELATIONSHIP ('NONE','NONE', #245, #2489 ) REPRESENTATION_RELATIONSHIP_WITH_TRANSFORMATION ( #8385 )SHAPE_REPRESENTATION_RELATIONSHIP( ) );
#522 = DIRECTION ( 'NONE',  ( -0.000000000000000000, -1.000000000000000000, -0.000000000000000000 ) ) ;
#523 = AXIS2_PLACEMENT_3D ( 'NONE', #8419, #4338, #3707 ) ;
#524 = CARTESIAN_POINT ( 'NONE',  ( -13.00000000000000000, 0.000000000000000000, 35.00000000000000000 ) ) ;
#525 = CALENDAR_DATE ( 2026, 26, 7 ) ;
#526 = ORIENTED_EDGE ( 'NONE', *, *, #1389, .T. ) ;
#527 = ORIENTED_EDGE ( 'NONE', *, *, #2137, .F. ) ;
#528 = CC_DESIGN_PERSON_AND_ORGANIZATION_ASSIGNMENT ( #8150, #5327, ( #2226 ) ) ;
#529 = DIRECTION ( 'NONE',  ( -0.000000000000000000, -1.000000000000000000, -0.000000000000000000 ) ) ;
#530 = ORIENTED_EDGE ( 'NONE', *, *, #3088, .F. ) ;
#531 = CARTESIAN_POINT ( 'NONE',  ( 8.750000000000000000, 0.000000000000000000, -12.75000000000000000 ) ) ;
#532 = CARTESIAN_POINT ( 'NONE',  ( 68.00000000000000000, 19.99999999999999645, 53.00000000000000000 ) ) ;
#533 = CALENDAR_DATE ( 2026, 26, 7 ) ;
#534 = VERTEX_POINT ( 'NONE', #7782 ) ;
#535 = CYLINDRICAL_SURFACE ( 'NONE', #896, 1.600000000000004086 ) ;
#536 = VECTOR ( 'NONE', #3859, 1000.000000000000000 ) ;
#537 = CARTESIAN_POINT ( 'NONE',  ( -78.75000000000000000, 28.00000000000000000, 124.4500000000000028 ) ) ;
#538 = EDGE_CURVE ( 'NONE', #3807, #7710, #2928, .T. ) ;
#539 = CARTESIAN_POINT ( 'NONE',  ( 28.00000000000000000, 3.000000000000000000, 15.50000000000000000 ) ) ;
#540 = AXIS2_PLACEMENT_3D ( 'NONE', #2286, #259, #7728 ) ;
#541 = CARTESIAN_POINT ( 'NONE',  ( 57.50000000000000000, 0.000000000000000000, 85.00000000000000000 ) ) ;
#542 = CARTESIAN_POINT ( 'NONE',  ( 0.000000000000000000, 0.000000000000000000, 0.000000000000000000 ) ) ;
#543 = DATE_TIME_ROLE ( 'classification_date' ) ;
#544 = CARTESIAN_POINT ( 'NONE',  ( 2.250000000000000000, 0.000000000000000000, -10.50000000000000000 ) ) ;
#545 = ORIENTED_EDGE ( 'NONE', *, *, #4950, .F. ) ;
#546 = CARTESIAN_POINT ( 'NONE',  ( -45.00000000000000000, 0.000000000000000000, -29.00000000000000000 ) ) ;
#547 = EDGE_CURVE ( 'NONE', #2205, #713, #1535, .T. ) ;
#548 = VECTOR ( 'NONE', #4632, 1000.000000000000000 ) ;
#549 = CARTESIAN_POINT ( 'NONE',  ( -33.00000000000000000, 40.00000000000000000, -30.50000000000000000 ) ) ;
#550 = EDGE_CURVE ( 'NONE', #2305, #1167, #221, .T. ) ;
#551 = PLANE ( 'NONE',  #1877 ) ;
#552 = APPLICATION_PROTOCOL_DEFINITION ( 'international standard', 'config_control_design', 1994, #6037 ) ;
#553 = APPROVAL_STATUS ( 'not_yet_approved' ) ;
#554 = EDGE_LOOP ( 'NONE', ( #5418, #7611, #6579, #3852 ) ) ;
#555 = CONTEXT_DEPENDENT_SHAPE_REPRESENTATION ( #7993, #1057 ) ;
#556 = ORIENTED_EDGE ( 'NONE', *, *, #4410, .T. ) ;
#557 = ORIENTED_EDGE ( 'NONE', *, *, #3304, .T. ) ;
#558 = DIRECTION ( 'NONE',  ( 1.000000000000000000, 0.000000000000000000, 0.000000000000000000 ) ) ;
#559 = ORIENTED_EDGE ( 'NONE', *, *, #6879, .T. ) ;
#560 = EDGE_CURVE ( 'NONE', #813, #2898, #5629, .T. ) ;
#561 = CARTESIAN_POINT ( 'NONE',  ( -39.00000000000000000, 36.00000000000000000, -17.69999999999999929 ) ) ;
#562 = CARTESIAN_POINT ( 'NONE',  ( -138.0327499999999930, 91.09999999999999432, -98.50000000000000000 ) ) ;
#563 = CARTESIAN_POINT ( 'NONE',  ( 3.750000000000000000, 18.00000000000000000, 61.50000000000000000 ) ) ;
#564 = PERSON_AND_ORGANIZATION ( #5260, #6155 ) ;
#565 = DATE_AND_TIME ( #6681, #6190 ) ;
#566 = ORIENTED_EDGE ( 'NONE', *, *, #5304, .F. ) ;
#567 = APPLICATION_CONTEXT ( 'configuration controlled 3d designs of mechanical parts and assemblies' ) ;
#568 = LINE ( 'NONE', #3312, #8359 ) ;
#569 = EDGE_LOOP ( 'NONE', ( #6186, #6234, #3296, #30 ) ) ;
#570 = DIRECTION ( 'NONE',  ( -0.000000000000000000, -1.000000000000000000, -0.000000000000000000 ) ) ;
#571 = PERSON_AND_ORGANIZATION ( #5260, #6155 ) ;
#572 = VECTOR ( 'NONE', #2292, 1000.000000000000000 ) ;
#573 = ORIENTED_EDGE ( 'NONE', *, *, #5841, .F. ) ;
#574 = AXIS2_PLACEMENT_3D ( 'NONE', #1142, #8744, #4614 ) ;
#575 = FACE_OUTER_BOUND ( 'NONE', #3825, .T. ) ;
#576 = VECTOR ( 'NONE', #1997, 1000.000000000000000 ) ;
#577 = ADVANCED_BREP_SHAPE_REPRESENTATION ( '', ( #6837, #7312 ), #906 ) ;
#578 = LINE ( 'NONE', #2141, #3283 ) ;
#579 = ADVANCED_FACE ( 'NONE', ( #8332, #3671, #3015, #1671, #865 ), #5762, .T. ) ;
#580 = CARTESIAN_POINT ( 'NONE',  ( -33.00000000000000000, 0.000000000000000000, 30.50000000000000000 ) ) ;
#581 = VECTOR ( 'NONE', #1794, 1000.000000000000000 ) ;
#582 = CARTESIAN_POINT ( 'NONE',  ( -60.00000000000000000, 3.000000000000000000, -42.50000000000000000 ) ) ;
#583 = EDGE_LOOP ( 'NONE', ( #7363, #1995, #6640, #3924 ) ) ;
#584 = CARTESIAN_POINT ( 'NONE',  ( -1.750000000000000000, 2.500000000000000000, 10.50000000000000000 ) ) ;
#585 = AXIS2_PLACEMENT_3D ( 'NONE', #1725, #3778, #3907 ) ;
#586 = CC_DESIGN_PERSON_AND_ORGANIZATION_ASSIGNMENT ( #2553, #8725, ( #5027 ) ) ;
#587 = AXIS2_PLACEMENT_3D ( 'NONE', #7224, #3789, #8722 ) ;
#588 = SECURITY_CLASSIFICATION_LEVEL ( 'unclassified' ) ;
#589 = CARTESIAN_POINT ( 'NONE',  ( 9.000000000000000000, 2.500000000000000000, 35.00000000000000000 ) ) ;
#590 = DIRECTION ( 'NONE',  ( 0.000000000000000000, -1.000000000000000000, 0.000000000000000000 ) ) ;
#591 = LOCAL_TIME ( 21, 54, 55.00000000000000000, #8105 ) ;
#592 = AXIS2_PLACEMENT_3D ( 'NONE', #7830, #2530, #1808 ) ;
#593 = CARTESIAN_POINT ( 'NONE',  ( 60.14999999999999858, 7.000000000000000000, 30.60000000000000142 ) ) ;
#594 = DIRECTION ( 'NONE',  ( -1.000000000000000000, 0.000000000000000000, 0.000000000000000000 ) ) ;
#595 = PERSON_AND_ORGANIZATION ( #5260, #6155 ) ;
#596 = LOCAL_TIME ( 21, 54, 55.00000000000000000, #1880 ) ;
#597 = APPROVAL_STATUS ( 'not_yet_approved' ) ;
#598 = CIRCLE ( 'NONE', #6722, 1.799999999999999600 ) ;
#599 = ORIENTED_EDGE ( 'NONE', *, *, #1681, .F. ) ;
#600 = ORIENTED_EDGE ( 'NONE', *, *, #2379, .T. ) ;
#601 = APPROVAL ( #5910, '未指定' ) ;
#602 = ORIENTED_EDGE ( 'NONE', *, *, #2003, .T. ) ;
#603 = DIRECTION ( 'NONE',  ( -1.000000000000000000, 0.000000000000000000, 0.000000000000000000 ) ) ;
#604 = PRODUCT_DEFINITION_SHAPE ( 'NONE', 'NONE',  #6062 ) ;
#605 = LINE ( 'NONE', #6716, #2943 ) ;
#606 = ORIENTED_EDGE ( 'NONE', *, *, #726, .T. ) ;
#607 = LOCAL_TIME ( 21, 54, 55.00000000000000000, #482 ) ;
#608 =( GEOMETRIC_REPRESENTATION_CONTEXT ( 3 ) GLOBAL_UNCERTAINTY_ASSIGNED_CONTEXT ( ( #2881 ) ) GLOBAL_UNIT_ASSIGNED_CONTEXT ( ( #4508, #5212, #3700 ) ) REPRESENTATION_CONTEXT ( 'NONE', 'WORKASPACE' ) );
#609 = LINE ( 'NONE', #3347, #8604 ) ;
#610 = LINE ( 'NONE', #6052, #7859 ) ;
#611 = CARTESIAN_POINT ( 'NONE',  ( -3.250000000000000000, 18.00000000000000000, -65.00000000000000000 ) ) ;
#612 = PERSON_AND_ORGANIZATION_ROLE ( 'design_owner' ) ;
#613 = VECTOR ( 'NONE', #6203, 1000.000000000000000 ) ;
#614 = EDGE_CURVE ( 'NONE', #3746, #765, #6254, .T. ) ;
#615 = APPROVAL_PERSON_ORGANIZATION ( #5279, #4999, #3954 ) ;
#616 = VERTEX_POINT ( 'NONE', #4254 ) ;
#617 = ADVANCED_FACE ( 'NONE', ( #3539 ), #7735, .F. ) ;
#618 = DIRECTION ( 'NONE',  ( 1.000000000000000000, 0.000000000000000000, 0.000000000000000000 ) ) ;
#620 = ORIENTED_EDGE ( 'NONE', *, *, #3672, .T. ) ;
#619 = EDGE_CURVE ( 'NONE', #3233, #3262, #2244, .T. ) ;
#621 = PLANE ( 'NONE',  #4532 ) ;
#622 = SECURITY_CLASSIFICATION ( '', '', #6344 ) ;
#623 = CARTESIAN_POINT ( 'NONE',  ( 8.500000000000000000, 2.500000000000000000, -13.00000000000000000 ) ) ;
#624 = CALENDAR_DATE ( 2026, 26, 7 ) ;
#625 = CARTESIAN_POINT ( 'NONE',  ( -60.14999999999999858, 5.000000000000000000, 81.75000000000000000 ) ) ;
#626 = DIRECTION ( 'NONE',  ( 0.000000000000000000, 0.000000000000000000, -1.000000000000000000 ) ) ;
#627 = CARTESIAN_POINT ( 'NONE',  ( -8.500000000000000000, 2.500000000000000000, 6.000000000000000000 ) ) ;
#628 = DIRECTION ( 'NONE',  ( 0.000000000000000000, -0.000000000000000000, -1.000000000000000000 ) ) ;
#629 = DIRECTION ( 'NONE',  ( 0.000000000000000000, 0.000000000000000000, 1.000000000000000000 ) ) ;
#630 = CARTESIAN_POINT ( 'NONE',  ( -3.000000000000000000, 0.000000000000000000, -19.50000000000000000 ) ) ;
#631 = CC_DESIGN_APPROVAL ( #5054, ( #8202 ) ) ;
#632 = VERTEX_POINT ( 'NONE', #2338 ) ;
#633 = LINE ( 'NONE', #4117, #5300 ) ;
#634 = EDGE_CURVE ( 'NONE', #61, #8373, #5050, .T. ) ;
#635 = APPROVAL_ROLE ( '' ) ;
#636 = PLANE ( 'NONE',  #4724 ) ;
#637 = APPLICATION_CONTEXT ( 'configuration controlled 3d designs of mechanical parts and assemblies' ) ;
#638 = CYLINDRICAL_SURFACE ( 'NONE', #6660, 1.750000000000001554 ) ;
#639 = AXIS2_PLACEMENT_3D ( 'NONE', #7221, #6541, #474 ) ;
#640 = CC_DESIGN_PERSON_AND_ORGANIZATION_ASSIGNMENT ( #2543, #1860, ( #327 ) ) ;
#641 = FACE_OUTER_BOUND ( 'NONE', #8108, .T. ) ;
#642 = CARTESIAN_POINT ( 'NONE',  ( 39.00000000000000000, 5.000000000000000000, -18.24999999999999645 ) ) ;
#643 = SHAPE_DEFINITION_REPRESENTATION ( #4176, #7610 ) ;
#644 = ORIENTED_EDGE ( 'NONE', *, *, #3561, .T. ) ;
#645 = PERSON_AND_ORGANIZATION ( #5260, #6155 ) ;
#646 = SHAPE_REPRESENTATION ( 'FN-HLD-004_cn3791-clip-zone_R0.5', ( #7312 ), #5308 ) ;
#647 = ORIENTED_EDGE ( 'NONE', *, *, #3757, .T. ) ;
#648 = VERTEX_POINT ( 'NONE', #1496 ) ;
#649 = VECTOR ( 'NONE', #5215, 1000.000000000000000 ) ;
#650 = VERTEX_POINT ( 'NONE', #4210 ) ;
#651 = CARTESIAN_POINT ( 'NONE',  ( -23.00000000000000000, 10.00000000000000000, 10.50000000000000000 ) ) ;
#652 = DESIGN_CONTEXT ( 'detailed design', #4913, 'design' ) ;
#653 = DIRECTION ( 'NONE',  ( -0.000000000000000000, -1.000000000000000000, -0.000000000000000000 ) ) ;
#654 = ORIENTED_EDGE ( 'NONE', *, *, #3836, .F. ) ;
#655 = EDGE_CURVE ( 'NONE', #6672, #5781, #6927, .T. ) ;
#656 = DIRECTION ( 'NONE',  ( 0.000000000000000000, 0.000000000000000000, -1.000000000000000000 ) ) ;
#657 = VERTEX_POINT ( 'NONE', #5582 ) ;
#658 = CARTESIAN_POINT ( 'NONE',  ( 60.14999999999999858, 7.000000000000000000, -30.60000000000000142 ) ) ;
#659 = DIRECTION ( 'NONE',  ( 1.000000000000000000, 0.000000000000000000, 0.000000000000000000 ) ) ;
#660 = APPROVAL_ROLE ( '' ) ;
#661 = PERSON_AND_ORGANIZATION ( #1427, #3629 ) ;
#662 = EDGE_LOOP ( 'NONE', ( #2008, #8679, #8443, #150 ) ) ;
#663 = VERTEX_POINT ( 'NONE', #3581 ) ;
#664 = VECTOR ( 'NONE', #6442, 1000.000000000000000 ) ;
#665 = DIRECTION ( 'NONE',  ( 1.000000000000000000, 0.000000000000000000, -0.000000000000000000 ) ) ;
#666 = ORIENTED_EDGE ( 'NONE', *, *, #4695, .F. ) ;
#667 = DIRECTION ( 'NONE',  ( 1.000000000000000000, 0.000000000000000000, 0.000000000000000000 ) ) ;
#668 = EDGE_CURVE ( 'NONE', #2518, #3785, #4295, .T. ) ;
#669 = EDGE_CURVE ( 'NONE', #7390, #4511, #7020, .T. ) ;
#670 = AXIS2_PLACEMENT_3D ( 'NONE', #275, #4353, #1721 ) ;
#671 = CARTESIAN_POINT ( 'NONE',  ( -20.00000000000000000, 2.500000000000000000, -60.00000000000000000 ) ) ;
#672 = COORDINATED_UNIVERSAL_TIME_OFFSET ( 8, 0, .AHEAD. ) ;
#673 = ORIENTED_EDGE ( 'NONE', *, *, #122, .F. ) ;
#674 = DIRECTION ( 'NONE',  ( 0.000000000000000000, 1.000000000000000000, 0.000000000000000000 ) ) ;
#675 = DIRECTION ( 'NONE',  ( 0.000000000000000000, 0.000000000000000000, -1.000000000000000000 ) ) ;
#676 = DIRECTION ( 'NONE',  ( 1.000000000000000000, -0.000000000000000000, 0.000000000000000000 ) ) ;
#677 = DIRECTION ( 'NONE',  ( 1.000000000000000000, 0.000000000000000000, 0.000000000000000000 ) ) ;
#678 = ADVANCED_FACE ( 'NONE', ( #2426 ), #1044, .F. ) ;
#679 = VECTOR ( 'NONE', #4814, 1000.000000000000000 ) ;
#680 = DIRECTION ( 'NONE',  ( -0.000000000000000000, -0.000000000000000000, 1.000000000000000000 ) ) ;
#681 = ADVANCED_FACE ( 'NONE', ( #5893 ), #1759, .F. ) ;
#682 = VERTEX_POINT ( 'NONE', #5804 ) ;
#683 = DIRECTION ( 'NONE',  ( 0.000000000000000000, -0.000000000000000000, -1.000000000000000000 ) ) ;
#684 = PRODUCT ( 'FN-HAR-014_W6-soil-rs485_R0.5', 'FN-HAR-014_W6-soil-rs485_R0.5', '', ( #8711 ) ) ;
#685 = PERSON_AND_ORGANIZATION ( #6225, #2344 ) ;
#686 = CARTESIAN_POINT ( 'NONE',  ( -14.50000000000000000, 0.000000000000000000, 7.750000000000000000 ) ) ;
#687 = VECTOR ( 'NONE', #6339, 1000.000000000000000 ) ;
#688 = DIRECTION ( 'NONE',  ( 0.000000000000000000, -0.000000000000000000, -1.000000000000000000 ) ) ;
#689 = AXIS2_PLACEMENT_3D ( 'NONE', #5185, #5897, #1804 ) ;
#690 = VECTOR ( 'NONE', #5004, 1000.000000000000000 ) ;
#691 = DIRECTION ( 'NONE',  ( -0.000000000000000000, -0.000000000000000000, 1.000000000000000000 ) ) ;
#692 = DIRECTION ( 'NONE',  ( -0.000000000000000000, -1.000000000000000000, -0.000000000000000000 ) ) ;
#693 = CALENDAR_DATE ( 2026, 26, 7 ) ;
#695 = ORIENTED_EDGE ( 'NONE', *, *, #738, .T. ) ;
#694 = APPLICATION_CONTEXT ( 'configuration controlled 3d designs of mechanical parts and assemblies' ) ;
#696 = SHAPE_DEFINITION_REPRESENTATION ( #2762, #3049 ) ;
#697 = CC_DESIGN_PERSON_AND_ORGANIZATION_ASSIGNMENT ( #7533, #4851, ( #62 ) ) ;
#698 = VERTEX_POINT ( 'NONE', #3194 ) ;
#699 = PERSON_AND_ORGANIZATION ( #4192, #939 ) ;
#700 = ORIENTED_EDGE ( 'NONE', *, *, #3087, .F. ) ;
#701 = CARTESIAN_POINT ( 'NONE',  ( -36.00000000000000000, 3.000000000000000000, 33.50000000000000000 ) ) ;
#702 = CIRCLE ( 'NONE', #2995, 3.250000000000002665 ) ;
#703 = CARTESIAN_POINT ( 'NONE',  ( 60.14999999999999858, 0.000000000000000000, 30.60000000000000142 ) ) ;
#704 = CARTESIAN_POINT ( 'NONE',  ( -138.0327499999999930, 3.000000000000000000, -98.50000000000000000 ) ) ;
#705 = ORIENTED_EDGE ( 'NONE', *, *, #6350, .F. ) ;
#706 = FACE_OUTER_BOUND ( 'NONE', #5542, .T. ) ;
#707 = CALENDAR_DATE ( 2026, 26, 7 ) ;
#708 = APPROVAL ( #4006, '未指定' ) ;
#709 = ORIENTED_EDGE ( 'NONE', *, *, #7459, .F. ) ;
#710 = DATE_TIME_ROLE ( 'classification_date' ) ;
#711 = EDGE_LOOP ( 'NONE', ( #1412, #7272, #4012, #8594, #5110, #5186, #4360, #8157 ) ) ;
#712 = ADVANCED_FACE ( 'NONE', ( #1801 ), #7866, .F. ) ;
#713 = VERTEX_POINT ( 'NONE', #1883 ) ;
#714 = CLOSED_SHELL ( 'NONE', ( #359, #2702, #7845, #1407, #6451, #6613, #4655, #402, #2971, #70, #8218, #8326 ) ) ;
#715 = CARTESIAN_POINT ( 'NONE',  ( -36.00000000000000000, 3.000000000000000000, 33.50000000000000000 ) ) ;
#716 = ORIENTED_EDGE ( 'NONE', *, *, #7705, .F. ) ;
#717 = DIRECTION ( 'NONE',  ( -1.000000000000000000, -0.000000000000000000, -0.000000000000000000 ) ) ;
#718 = PLANE ( 'NONE',  #4459 ) ;
#719 = DATE_AND_TIME ( #3362, #5584 ) ;
#720 = CARTESIAN_POINT ( 'NONE',  ( -33.00000000000000000, 0.000000000000000000, 30.50000000000000000 ) ) ;
#721 = CC_DESIGN_PERSON_AND_ORGANIZATION_ASSIGNMENT ( #3106, #6384, ( #1115 ) ) ;
#722 = FACE_OUTER_BOUND ( 'NONE', #5065, .T. ) ;
#723 = CIRCLE ( 'NONE', #6845, 1.750000000000001554 ) ;
#724 = ORIENTED_EDGE ( 'NONE', *, *, #4657, .T. ) ;
#725 = EDGE_CURVE ( 'NONE', #5171, #5781, #493, .T. ) ;
#726 = EDGE_CURVE ( 'NONE', #202, #7946, #1091, .T. ) ;
#727 = CARTESIAN_POINT ( 'NONE',  ( 19.00000000000000000, 15.00000000000000000, 9.000000000000000000 ) ) ;
#728 = CARTESIAN_POINT ( 'NONE',  ( -126.0000000000000000, 3.000000000000000000, 45.00000000000000000 ) ) ;
#729 = DIRECTION ( 'NONE',  ( 0.000000000000000000, 0.000000000000000000, -1.000000000000000000 ) ) ;
#730 = CARTESIAN_POINT ( 'NONE',  ( 54.00000000000000000, 3.600000000000000089, -81.50000000000000000 ) ) ;
#731 = VECTOR ( 'NONE', #1810, 1000.000000000000000 ) ;
#732 = CALENDAR_DATE ( 2026, 26, 7 ) ;
#733 = CARTESIAN_POINT ( 'NONE',  ( -78.75000000000000000, 28.00000000000000000, 119.4500000000000028 ) ) ;
#734 = ADVANCED_FACE ( 'NONE', ( #7822 ), #1218, .F. ) ;
#735 = VECTOR ( 'NONE', #4547, 1000.000000000000000 ) ;
#736 = CARTESIAN_POINT ( 'NONE',  ( -6.000000000000000000, 0.000000000000000000, 6.000000000000000000 ) ) ;
#737 = UNCERTAINTY_MEASURE_WITH_UNIT (LENGTH_MEASURE( 1.000000000000000082E-05 ), #1696, 'distance_accuracy_value', 'NONE');
#738 = EDGE_CURVE ( 'NONE', #7055, #3379, #3804, .T. ) ;
#739 = AXIS2_PLACEMENT_3D ( 'NONE', #1858, #6532, #2399 ) ;
#740 = CARTESIAN_POINT ( 'NONE',  ( -8.500000000000000000, 2.500000000000000000, 2.000000000000000000 ) ) ;
#741 = LINE ( 'NONE', #5409, #5290 ) ;
#742 =( NAMED_UNIT ( * ) SI_UNIT ( $, .STERADIAN. ) SOLID_ANGLE_UNIT ( ) );
#743 = ORIENTED_EDGE ( 'NONE', *, *, #1380, .F. ) ;
#744 = PERSON_AND_ORGANIZATION ( #5260, #6155 ) ;
#745 = AXIS2_PLACEMENT_3D ( 'NONE', #1132, #3150, #3108 ) ;
#746 = VERTEX_POINT ( 'NONE', #3936 ) ;
#747 =( GEOMETRIC_REPRESENTATION_CONTEXT ( 3 ) GLOBAL_UNCERTAINTY_ASSIGNED_CONTEXT ( ( #3948 ) ) GLOBAL_UNIT_ASSIGNED_CONTEXT ( ( #6263, #5679, #2887 ) ) REPRESENTATION_CONTEXT ( 'NONE', 'WORKASPACE' ) );
#748 = CIRCLE ( 'NONE', #7429, 1.750000000000001554 ) ;
#749 = CARTESIAN_POINT ( 'NONE',  ( -57.50000000000000000, 1.600000000000000089, 85.00000000000000000 ) ) ;
#750 = DESIGN_CONTEXT ( 'detailed design', #988, 'design' ) ;
#751 = CARTESIAN_POINT ( 'NONE',  ( 4.500000000000000000, 0.000000000000000000, -13.00000000000000000 ) ) ;
#752 = CARTESIAN_POINT ( 'NONE',  ( 45.00000000000000000, 36.00000000000000000, -29.00000000000000000 ) ) ;
#753 = VERTEX_POINT ( 'NONE', #360 ) ;
#754 = SECURITY_CLASSIFICATION ( '', '', #3862 ) ;
#755 = AXIS2_PLACEMENT_3D ( 'NONE', #4429, #7873, #320 ) ;
#756 = CARTESIAN_POINT ( 'NONE',  ( -28.00000000000000000, 0.000000000000000000, -15.50000000000000000 ) ) ;
#757 = ORIENTED_EDGE ( 'NONE', *, *, #4977, .T. ) ;
#758 = PERSON_AND_ORGANIZATION ( #5260, #6155 ) ;
#759 = ADVANCED_FACE ( 'NONE', ( #7284 ), #4561, .F. ) ;
#760 = APPROVAL_STATUS ( 'not_yet_approved' ) ;
#761 = EDGE_LOOP ( 'NONE', ( #8109, #8227, #7091, #2142 ) ) ;
#762 = ORIENTED_EDGE ( 'NONE', *, *, #3786, .T. ) ;
#763 = APPROVAL_PERSON_ORGANIZATION ( #1480, #6824, #1430 ) ;
#764 = CARTESIAN_POINT ( 'NONE',  ( -39.00000000000000000, 3.000000000000000000, 18.24999999999999645 ) ) ;
#765 = VERTEX_POINT ( 'NONE', #3848 ) ;
#766 = CC_DESIGN_PERSON_AND_ORGANIZATION_ASSIGNMENT ( #645, #8243, ( #8331 ) ) ;
#767 = DIRECTION ( 'NONE',  ( 0.000000000000000000, -1.000000000000000000, 0.000000000000000000 ) ) ;
#768 = LOCAL_TIME ( 21, 54, 55.00000000000000000, #7853 ) ;
#770 = AXIS2_PLACEMENT_3D ( 'NONE', #611, #4847, #5424 ) ;
#769 = COORDINATED_UNIVERSAL_TIME_OFFSET ( 8, 0, .AHEAD. ) ;
#771 = DIRECTION ( 'NONE',  ( 0.000000000000000000, -1.000000000000000000, 0.000000000000000000 ) ) ;
#772 = CARTESIAN_POINT ( 'NONE',  ( -20.00000000000000000, 2.500000000000000000, -57.00000000000000000 ) ) ;
#773 = VERTEX_POINT ( 'NONE', #444 ) ;
#774 = LOCAL_TIME ( 21, 54, 55.00000000000000000, #2579 ) ;
#775 = DIRECTION ( 'NONE',  ( 1.000000000000000000, 0.000000000000000000, -0.000000000000000000 ) ) ;
#776 = CARTESIAN_POINT ( 'NONE',  ( 126.0000000000000000, 3.000000000000000000, -45.00000000000000000 ) ) ;
#777 = DIRECTION ( 'NONE',  ( 0.000000000000000000, -0.000000000000000000, -1.000000000000000000 ) ) ;
#778 = CC_DESIGN_PERSON_AND_ORGANIZATION_ASSIGNMENT ( #2381, #4341, ( #5373 ) ) ;
#779 = CARTESIAN_POINT ( 'NONE',  ( 39.00000000000000000, 0.000000000000000000, 19.50000000000000000 ) ) ;
#780 = CC_DESIGN_APPROVAL ( #1299, ( #6419 ) ) ;
#781 = DATE_AND_TIME ( #2927, #8496 ) ;
#782 = PLANE ( 'NONE',  #7447 ) ;
#783 = DIRECTION ( 'NONE',  ( 1.000000000000000000, 0.000000000000000000, 0.000000000000000000 ) ) ;
#784 = APPROVAL_PERSON_ORGANIZATION ( #7443, #4243, #8860 ) ;
#785 = FACE_OUTER_BOUND ( 'NONE', #8214, .T. ) ;
#786 = PRODUCT_RELATED_PRODUCT_CATEGORY ( 'detail', '', ( #5373 ) ) ;
#787 = EDGE_CURVE ( 'NONE', #7716, #5641, #4305, .T. ) ;
#788 = CARTESIAN_POINT ( 'NONE',  ( -45.00000000000000000, 36.00000000000000000, -29.00000000000000000 ) ) ;
#789 = CALENDAR_DATE ( 2026, 26, 7 ) ;
#790 = ADVANCED_FACE ( 'NONE', ( #3761 ), #2525, .T. ) ;
#791 = COORDINATED_UNIVERSAL_TIME_OFFSET ( 8, 0, .AHEAD. ) ;
#792 = ORIENTED_EDGE ( 'NONE', *, *, #1989, .T. ) ;
#793 = CC_DESIGN_APPROVAL ( #971, ( #6481 ) ) ;
#794 = LINE ( 'NONE', #2439, #5221 ) ;
#795 = VECTOR ( 'NONE', #3420, 1000.000000000000000 ) ;
#796 = CARTESIAN_POINT ( 'NONE',  ( -19.00000000000000000, 0.000000000000000000, -9.000000000000000000 ) ) ;
#797 = FACE_OUTER_BOUND ( 'NONE', #3991, .T. ) ;
#798 = ORIENTED_EDGE ( 'NONE', *, *, #5962, .T. ) ;
#799 = APPROVAL_PERSON_ORGANIZATION ( #699, #2333, #6803 ) ;
#800 = ADVANCED_FACE ( 'NONE', ( #1842 ), #3892, .F. ) ;
#801 = CARTESIAN_POINT ( 'NONE',  ( 13.00000000000000000, 2.500000000000000000, -56.00000000000000000 ) ) ;
#802 = APPROVAL_DATE_TIME ( #5689, #3135 ) ;
#803 = ADVANCED_FACE ( 'NONE', ( #7914 ), #535, .F. ) ;
#804 = CALENDAR_DATE ( 2026, 26, 7 ) ;
#805 = PERSON ( 'NAUO-PER4', 'UNSPECIFIED', 'UNSPECIFIED', ('UNSPECIFIED'), ('UNSPECIFIED'), ('UNSPECIFIED') ) ;
#806 = APPROVAL_ROLE ( '' ) ;
#807 = VERTEX_POINT ( 'NONE', #6608 ) ;
#808 = CARTESIAN_POINT ( 'NONE',  ( 54.00000000000000000, 1.599999999999999867, -81.50000000000000000 ) ) ;
#809 = AXIS2_PLACEMENT_3D ( 'NONE', #3727, #6624, #5274 ) ;
#810 = ORIENTED_EDGE ( 'NONE', *, *, #2429, .T. ) ;
#811 = CARTESIAN_POINT ( 'NONE',  ( 13.00000000000000000, 2.500000000000000000, -56.00000000000000000 ) ) ;
#812 = PERSON_AND_ORGANIZATION ( #5260, #6155 ) ;
#813 = VERTEX_POINT ( 'NONE', #5263 ) ;
#814 = APPROVAL ( #760, 'UNKNOWN' ) ;
#815 = CARTESIAN_POINT ( 'NONE',  ( -20.25000000000000000, 0.000000000000000000, 66.00000000000000000 ) ) ;
#816 = DIRECTION ( 'NONE',  ( -0.000000000000000000, -0.000000000000000000, 1.000000000000000000 ) ) ;
#817 = ORIENTED_EDGE ( 'NONE', *, *, #3221, .F. ) ;
#818 = DIRECTION ( 'NONE',  ( 0.000000000000000000, 1.000000000000000000, 0.000000000000000000 ) ) ;
#819 =( NAMED_UNIT ( * ) SI_UNIT ( $, .STERADIAN. ) SOLID_ANGLE_UNIT ( ) );
#820 = APPLICATION_CONTEXT ( 'configuration controlled 3d designs of mechanical parts and assemblies' ) ;
#821 = PLANE ( 'NONE',  #1748 ) ;
#822 = COORDINATED_UNIVERSAL_TIME_OFFSET ( 8, 0, .AHEAD. ) ;
#823 = DIRECTION ( 'NONE',  ( 1.000000000000000000, 0.000000000000000000, 0.000000000000000000 ) ) ;
#824 = EDGE_CURVE ( 'NONE', #5415, #1167, #7995, .T. ) ;
#825 = DIRECTION ( 'NONE',  ( 0.000000000000000000, -1.000000000000000000, 0.000000000000000000 ) ) ;
#826 = VERTEX_POINT ( 'NONE', #6111 ) ;
#827 = VECTOR ( 'NONE', #8738, 1000.000000000000000 ) ;
#828 = DIRECTION ( 'NONE',  ( -0.000000000000000000, 1.000000000000000000, -0.000000000000000000 ) ) ;
#829 = CARTESIAN_POINT ( 'NONE',  ( -57.50000000000000000, 0.000000000000000000, 85.00000000000000000 ) ) ;
#830 = ORIENTED_EDGE ( 'NONE', *, *, #6187, .T. ) ;
#831 = PERSON_AND_ORGANIZATION_ROLE ( 'design_owner' ) ;
#832 = VERTEX_POINT ( 'NONE', #4147 ) ;
#833 = DIRECTION ( 'NONE',  ( -0.000000000000000000, -1.000000000000000000, -0.000000000000000000 ) ) ;
#834 = PRODUCT ( 'FN-ENV-002_carrier-installed-height_R0.5', 'FN-ENV-002_carrier-installed-height_R0.5', '', ( #4576 ) ) ;
#835 = EDGE_CURVE ( 'NONE', #4460, #7739, #1971, .T. ) ;
#836 = DIRECTION ( 'NONE',  ( 1.000000000000000000, 0.000000000000000000, 0.000000000000000000 ) ) ;
#837 = EDGE_CURVE ( 'NONE', #5717, #2852, #8044, .T. ) ;
#838 = DIRECTION ( 'NONE',  ( 0.000000000000000000, 1.000000000000000000, 0.000000000000000000 ) ) ;
#839 = ORIENTED_EDGE ( 'NONE', *, *, #5036, .F. ) ;
#840 = DIRECTION ( 'NONE',  ( 0.000000000000000000, -1.000000000000000000, 0.000000000000000000 ) ) ;
#841 = PERSON_AND_ORGANIZATION_ROLE ( 'classification_officer' ) ;
#842 = AXIS2_PLACEMENT_3D ( 'NONE', #5631, #7694, #7069 ) ;
#843 = COORDINATED_UNIVERSAL_TIME_OFFSET ( 8, 0, .AHEAD. ) ;
#844 = ORIENTED_EDGE ( 'NONE', *, *, #4140, .F. ) ;
#845 = APPROVAL_STATUS ( 'not_yet_approved' ) ;
#846 = ORIENTED_EDGE ( 'NONE', *, *, #7336, .T. ) ;
#847 = VERTEX_POINT ( 'NONE', #625 ) ;
#848 = EDGE_CURVE ( 'NONE', #4322, #3381, #3633, .T. ) ;
#849 = FACE_OUTER_BOUND ( 'NONE', #2947, .T. ) ;
#850 = ORIENTED_EDGE ( 'NONE', *, *, #1881, .F. ) ;
#851 = DIRECTION ( 'NONE',  ( 0.000000000000000000, 0.000000000000000000, 1.000000000000000000 ) ) ;
#852 = AXIS2_PLACEMENT_3D ( 'NONE', #7805, #1652, #6328 ) ;
#853 = CALENDAR_DATE ( 2026, 26, 7 ) ;
#854 = ORIENTED_EDGE ( 'NONE', *, *, #5063, .T. ) ;
#855 = CARTESIAN_POINT ( 'NONE',  ( 51.74999999999998579, 28.00000000000000000, 119.4500000000000028 ) ) ;
#856 = CARTESIAN_POINT ( 'NONE',  ( -54.00000000000000000, 0.000000000000000000, 83.10000000000000853 ) ) ;
#857 = VERTEX_POINT ( 'NONE', #2099 ) ;
#858 = CARTESIAN_POINT ( 'NONE',  ( -54.00000000000000000, 0.000000000000000000, -83.10000000000000853 ) ) ;
#859 = CIRCLE ( 'NONE', #1854, 1.799999999999999600 ) ;
#860 = LINE ( 'NONE', #3575, #4108 ) ;
#861 = DIRECTION ( 'NONE',  ( 1.000000000000000000, 0.000000000000000000, -0.000000000000000000 ) ) ;
#862 = APPROVAL_STATUS ( 'not_yet_approved' ) ;
#863 = APPROVAL_STATUS ( 'not_yet_approved' ) ;
#864 = EDGE_CURVE ( 'NONE', #7978, #277, #1754, .T. ) ;
#865 = FACE_OUTER_BOUND ( 'NONE', #8852, .T. ) ;
#866 = CARTESIAN_POINT ( 'NONE',  ( -39.00000000000000000, 3.000000000000000000, -19.50000000000000000 ) ) ;
#867 = APPLICATION_CONTEXT ( 'configuration controlled 3d designs of mechanical parts and assemblies' ) ;
#868 = ORIENTED_EDGE ( 'NONE', *, *, #4488, .T. ) ;
#869 = APPROVAL ( #5157, '未指定' ) ;
#870 = CARTESIAN_POINT ( 'NONE',  ( 138.0327499999999930, 3.000000000000000000, 0.000000000000000000 ) ) ;
#871 = LINE ( 'NONE', #5677, #8156 ) ;
#872 = VERTEX_POINT ( 'NONE', #2781 ) ;
#873 = DATE_AND_TIME ( #3547, #7600 ) ;
#874 = CARTESIAN_POINT ( 'NONE',  ( 28.00000000000000000, 0.000000000000000000, -15.50000000000000000 ) ) ;
#875 = PLANE ( 'NONE',  #5645 ) ;
#876 = AXIS2_PLACEMENT_3D ( 'NONE', #2552, #2639, #5922 ) ;
#877 = DIRECTION ( 'NONE',  ( 0.000000000000000000, -1.000000000000000000, 0.000000000000000000 ) ) ;
#878 = CARTESIAN_POINT ( 'NONE',  ( 39.75000000000000000, 0.000000000000000000, 83.00000000000000000 ) ) ;
#879 = DIRECTION ( 'NONE',  ( 0.000000000000000000, 0.000000000000000000, -1.000000000000000000 ) ) ;
#880 = APPROVAL_ROLE ( '' ) ;
#881 = APPROVAL ( #6533, '未指定' ) ;
#882 = DATE_AND_TIME ( #1594, #7606 ) ;
#883 = AXIS2_PLACEMENT_3D ( 'NONE', #5236, #7344, #3163 ) ;
#884 = COORDINATED_UNIVERSAL_TIME_OFFSET ( 8, 0, .AHEAD. ) ;
#885 = ORIENTED_EDGE ( 'NONE', *, *, #560, .T. ) ;
#886 = VECTOR ( 'NONE', #2851, 1000.000000000000000 ) ;
#887 = EDGE_LOOP ( 'NONE', ( #8113, #4043, #7603, #8013 ) ) ;
#888 = LINE ( 'NONE', #8308, #6488 ) ;
#889 = ORIENTED_EDGE ( 'NONE', *, *, #8089, .F. ) ;
#890 = APPROVAL_PERSON_ORGANIZATION ( #1960, #199, #8166 ) ;
#891 = VECTOR ( 'NONE', #5809, 1000.000000000000000 ) ;
#892 = CARTESIAN_POINT ( 'NONE',  ( -85.25000000000000000, 28.00000000000000000, 124.4500000000000028 ) ) ;
#893 = ADVANCED_FACE ( 'NONE', ( #8131, #5310, #3487, #6786, #3406 ), #7457, .F. ) ;
#894 =( NAMED_UNIT ( * ) PLANE_ANGLE_UNIT ( ) SI_UNIT ( $, .RADIAN. ) );
#895 = DATE_AND_TIME ( #7052, #7593 ) ;
#896 = AXIS2_PLACEMENT_3D ( 'NONE', #2566, #4520, #7240 ) ;
#897 = PRODUCT_DEFINITION_FORMATION_WITH_SPECIFIED_SOURCE ( '任何', '', #7033, .NOT_KNOWN. ) ;
#898 = ORIENTED_EDGE ( 'NONE', *, *, #6373, .T. ) ;
#899 = EDGE_CURVE ( 'NONE', #2931, #2712, #4645, .T. ) ;
#900 = PLANE ( 'NONE',  #183 ) ;
#901 = FACE_OUTER_BOUND ( 'NONE', #8644, .T. ) ;
#902 = ORIENTED_EDGE ( 'NONE', *, *, #5518, .F. ) ;
#903 = CARTESIAN_POINT ( 'NONE',  ( -158.9499999999999886, 3.000000000000000000, 119.4500000000000028 ) ) ;
#904 = DIRECTION ( 'NONE',  ( 0.000000000000000000, 0.000000000000000000, -1.000000000000000000 ) ) ;
#905 = LOCAL_TIME ( 21, 54, 55.00000000000000000, #8027 ) ;
#906 =( GEOMETRIC_REPRESENTATION_CONTEXT ( 3 ) GLOBAL_UNCERTAINTY_ASSIGNED_CONTEXT ( ( #2428 ) ) GLOBAL_UNIT_ASSIGNED_CONTEXT ( ( #4154, #8324, #4781 ) ) REPRESENTATION_CONTEXT ( 'NONE', 'WORKASPACE' ) );
#907 = CARTESIAN_POINT ( 'NONE',  ( 0.7500000000000006661, 0.000000000000000000, 12.75000000000000000 ) ) ;
#908 = APPROVAL_ROLE ( '' ) ;
#909 = PRODUCT ( 'FN-HAR-015_W7-gnss-coax_R0.5', 'FN-HAR-015_W7-gnss-coax_R0.5', '', ( #6450 ) ) ;
#910 = APPROVAL_DATE_TIME ( #2835, #6634 ) ;
#911 = CARTESIAN_POINT ( 'NONE',  ( -9.500000000000000000, 0.000000000000000000, -19.50000000000000000 ) ) ;
#912 = APPROVAL_PERSON_ORGANIZATION ( #7086, #2840, #3690 ) ;
#913 = CARTESIAN_POINT ( 'NONE',  ( 13.00000000000000000, 0.000000000000000000, -56.00000000000000000 ) ) ;
#914 = UNCERTAINTY_MEASURE_WITH_UNIT (LENGTH_MEASURE( 1.000000000000000082E-05 ), #4837, 'distance_accuracy_value', 'NONE');
#915 = ORIENTED_EDGE ( 'NONE', *, *, #269, .F. ) ;
#916 = DIRECTION ( 'NONE',  ( 0.000000000000000000, 0.000000000000000000, -1.000000000000000000 ) ) ;
#917 = LOCAL_TIME ( 21, 54, 55.00000000000000000, #7875 ) ;
#918 = AXIS2_PLACEMENT_3D ( 'NONE', #5301, #6779, #3481 ) ;
#919 = LINE ( 'NONE', #8286, #6150 ) ;
#920 = ADVANCED_FACE ( 'NONE', ( #3363 ), #7543, .F. ) ;
#921 = APPROVAL_DATE_TIME ( #138, #2780 ) ;
#922 = ORIENTED_EDGE ( 'NONE', *, *, #5841, .T. ) ;
#923 = CC_DESIGN_DATE_AND_TIME_ASSIGNMENT ( #7964, #3158, ( #8045 ) ) ;
#924 = CYLINDRICAL_SURFACE ( 'NONE', #958, 8.249999999999992895 ) ;
#925 = CC_DESIGN_APPROVAL ( #7293, ( #3488 ) ) ;
#926 = CARTESIAN_POINT ( 'NONE',  ( -19.00000000000000000, 0.000000000000000000, 9.000000000000000000 ) ) ;
#927 = ORIENTED_EDGE ( 'NONE', *, *, #1555, .T. ) ;
#928 = CARTESIAN_POINT ( 'NONE',  ( -60.00000000000000000, 0.000000000000000000, -42.50000000000000000 ) ) ;
#929 = PERSON_AND_ORGANIZATION_ROLE ( 'creator' ) ;
#930 = APPROVAL_PERSON_ORGANIZATION ( #3129, #8355, #5822 ) ;
#931 = ORIENTED_EDGE ( 'NONE', *, *, #4328, .F. ) ;
#932 = DATE_AND_TIME ( #8442, #4038 ) ;
#933 = ORIENTED_EDGE ( 'NONE', *, *, #2122, .F. ) ;
#934 = DATE_AND_TIME ( #6366, #1789 ) ;
#935 = ORIENTED_EDGE ( 'NONE', *, *, #4185, .T. ) ;
#936 = EDGE_CURVE ( 'NONE', #4383, #6403, #2734, .T. ) ;
#937 = CARTESIAN_POINT ( 'NONE',  ( -20.25000000000000000, 2.500000000000000000, -76.00000000000000000 ) ) ;
#938 = VERTEX_POINT ( 'NONE', #8088 ) ;
#939 = ORGANIZATION ( 'NAUO-ORG23', 'UNSPECIFIED', 'UNSPECIFIED' ) ;
#940 = DIRECTION ( 'NONE',  ( 0.000000000000000000, 0.000000000000000000, -1.000000000000000000 ) ) ;
#941 = CARTESIAN_POINT ( 'NONE',  ( 158.9499999999999886, 3.000000000000000000, -119.4500000000000028 ) ) ;
#942 = DATE_TIME_ROLE ( 'creation_date' ) ;
#943 = AXIS2_PLACEMENT_3D ( 'NONE', #3264, #4629, #6809 ) ;
#944 = ORIENTED_EDGE ( 'NONE', *, *, #6943, .T. ) ;
#945 = VERTEX_POINT ( 'NONE', #7409 ) ;
#946 = DIRECTION ( 'NONE',  ( -1.000000000000000000, -0.000000000000000000, -0.000000000000000000 ) ) ;
#947 = VECTOR ( 'NONE', #4933, 1000.000000000000000 ) ;
#948 = DIRECTION ( 'NONE',  ( -0.000000000000000000, -1.000000000000000000, -0.000000000000000000 ) ) ;
#949 = ORIENTED_EDGE ( 'NONE', *, *, #5726, .T. ) ;
#950 = ADVANCED_FACE ( 'NONE', ( #5441, #5489, #6738, #5350, #8181 ), #4777, .F. ) ;
#951 = DIRECTION ( 'NONE',  ( 1.000000000000000000, 0.000000000000000000, 0.000000000000000000 ) ) ;
#952 = CARTESIAN_POINT ( 'NONE',  ( -19.00000000000000000, 15.00000000000000000, 9.000000000000000000 ) ) ;
#953 = ADVANCED_FACE ( 'NONE', ( #575 ), #1300, .F. ) ;
#954 = DIRECTION ( 'NONE',  ( 0.000000000000000000, 0.000000000000000000, -1.000000000000000000 ) ) ;
#955 = APPLICATION_PROTOCOL_DEFINITION ( 'international standard', 'config_control_design', 1994, #6734 ) ;
#956 = CARTESIAN_POINT ( 'NONE',  ( 39.00000000000000000, 38.00000000000000000, -17.69999999999999929 ) ) ;
#957 = DIRECTION ( 'NONE',  ( -0.000000000000000000, -0.000000000000000000, 1.000000000000000000 ) ) ;
#958 = AXIS2_PLACEMENT_3D ( 'NONE', #7079, #8531, #3773 ) ;
#959 = EDGE_CURVE ( 'NONE', #1278, #5706, #1392, .T. ) ;
#960 = ORIENTED_EDGE ( 'NONE', *, *, #5197, .F. ) ;
#961 = ADVANCED_FACE ( 'NONE', ( #4022 ), #5394, .F. ) ;
#962 = VECTOR ( 'NONE', #5930, 1000.000000000000000 ) ;
#963 = CARTESIAN_POINT ( 'NONE',  ( 54.00000000000000000, 0.000000000000000000, 81.50000000000000000 ) ) ;
#964 = FACE_BOUND ( 'NONE', #4450, .T. ) ;
#965 = MECHANICAL_CONTEXT ( 'NONE', #1315, 'mechanical' ) ;
#966 = LINE ( 'NONE', #2347, #3020 ) ;
#967 = LINE ( 'NONE', #3025, #3813 ) ;
#968 = PLANE ( 'NONE',  #7785 ) ;
#969 = ORIENTED_EDGE ( 'NONE', *, *, #6728, .F. ) ;
#970 = CARTESIAN_POINT ( 'NONE',  ( 8.500000000000000000, 0.000000000000000000, 6.000000000000000000 ) ) ;
#971 = APPROVAL ( #4233, 'UNKNOWN' ) ;
#972 = COORDINATED_UNIVERSAL_TIME_OFFSET ( 8, 0, .AHEAD. ) ;
#973 = APPROVAL_STATUS ( 'not_yet_approved' ) ;
#974 = AXIS2_PLACEMENT_3D ( 'NONE', #265, #1712, #3016 ) ;
#975 = VERTEX_POINT ( 'NONE', #37 ) ;
#976 = DATE_AND_TIME ( #1019, #8655 ) ;
#977 = ORIENTED_EDGE ( 'NONE', *, *, #1026, .F. ) ;
#978 = AXIS2_PLACEMENT_3D ( 'NONE', #7775, #5753, #2283 ) ;
#979 = DIRECTION ( 'NONE',  ( 0.000000000000000000, 0.000000000000000000, -1.000000000000000000 ) ) ;
#980 = ORIENTED_EDGE ( 'NONE', *, *, #7817, .T. ) ;
#981 = CARTESIAN_POINT ( 'NONE',  ( -138.0327499999999930, 3.000000000000000000, 0.000000000000000000 ) ) ;
#982 = AXIS2_PLACEMENT_3D ( 'NONE', #5397, #680, #3411 ) ;
#983 = CARTESIAN_POINT ( 'NONE',  ( -16.25000000000000000, 2.500000000000000000, 62.00000000000000000 ) ) ;
#984 = APPROVAL ( #7798, '未指定' ) ;
#985 = EDGE_CURVE ( 'NONE', #5706, #534, #5704, .T. ) ;
#986 = SHAPE_REPRESENTATION_RELATIONSHIP ( 'NONE' , 'NONE' ,  #10, #7720 ) ;
#987 = APPROVAL_DATE_TIME ( #161, #1253 ) ;
#988 = APPLICATION_CONTEXT ( 'configuration controlled 3d designs of mechanical parts and assemblies' ) ;
#989 = ORIENTED_EDGE ( 'NONE', *, *, #5676, .F. ) ;
#990 = VERTEX_POINT ( 'NONE', #855 ) ;
#991 = DIRECTION ( 'NONE',  ( -0.000000000000000000, -0.000000000000000000, 1.000000000000000000 ) ) ;
#992 = DIRECTION ( 'NONE',  ( 0.000000000000000000, 0.000000000000000000, 1.000000000000000000 ) ) ;
#993 = ORIENTED_EDGE ( 'NONE', *, *, #899, .T. ) ;
#994 = VECTOR ( 'NONE', #851, 1000.000000000000000 ) ;
#995 = LINE ( 'NONE', #6423, #687 ) ;
#996 = DIRECTION ( 'NONE',  ( 0.000000000000000000, 0.000000000000000000, -1.000000000000000000 ) ) ;
#997 = PLANE ( 'NONE',  #311 ) ;
#998 = PERSON_AND_ORGANIZATION ( #5260, #6155 ) ;
#999 = CC_DESIGN_PERSON_AND_ORGANIZATION_ASSIGNMENT ( #6272, #147, ( #1474 ) ) ;
#1000 = COORDINATED_UNIVERSAL_TIME_OFFSET ( 8, 0, .AHEAD. ) ;
#1001 = DIRECTION ( 'NONE',  ( 0.000000000000000000, -1.000000000000000000, 0.000000000000000000 ) ) ;
#1002 = LINE ( 'NONE', #4424, #3677 ) ;
#1003 = ORIENTED_EDGE ( 'NONE', *, *, #4567, .T. ) ;
#1004 = CARTESIAN_POINT ( 'NONE',  ( 118.2500000000000000, 28.00000000000000000, 124.4500000000000028 ) ) ;
#1005 = CARTESIAN_POINT ( 'NONE',  ( -39.00000000000000000, 0.000000000000000000, 19.50000000000000000 ) ) ;
#1006 = ADVANCED_FACE ( 'NONE', ( #4198 ), #255, .F. ) ;
#1007 = PERSON_AND_ORGANIZATION ( #5260, #6155 ) ;
#1008 = ORIENTED_EDGE ( 'NONE', *, *, #3835, .F. ) ;
#1009 = CARTESIAN_POINT ( 'NONE',  ( -13.00000000000000000, 2.500000000000000000, 39.00000000000000000 ) ) ;
#1010 = EDGE_CURVE ( 'NONE', #4929, #6459, #81, .T. ) ;
#1011 = DESIGN_CONTEXT ( 'detailed design', #8288, 'design' ) ;
#1012 = DIRECTION ( 'NONE',  ( 1.000000000000000000, 0.000000000000000000, 0.000000000000000000 ) ) ;
#1013 = ORIENTED_EDGE ( 'NONE', *, *, #4455, .T. ) ;
#1014 = CARTESIAN_POINT ( 'NONE',  ( -60.14999999999999858, 7.000000000000000000, 32.35000000000000142 ) ) ;
#1015 = PERSON_AND_ORGANIZATION_ROLE ( 'design_owner' ) ;
#1016 = ORIENTED_EDGE ( 'NONE', *, *, #3300, .F. ) ;
#1017 = PERSON_AND_ORGANIZATION ( #5260, #6155 ) ;
#1018 = EDGE_LOOP ( 'NONE', ( #7585, #6242, #915, #654 ) ) ;
#1019 = CALENDAR_DATE ( 2026, 26, 7 ) ;
#1020 = ORIENTED_EDGE ( 'NONE', *, *, #2957, .T. ) ;
#1021 = CARTESIAN_POINT ( 'NONE',  ( -60.14999999999999858, 0.000000000000000000, -30.60000000000000142 ) ) ;
#1022 = ORIENTED_EDGE ( 'NONE', *, *, #5039, .F. ) ;
#1023 = CARTESIAN_POINT ( 'NONE',  ( -20.25000000000000000, 0.000000000000000000, -83.00000000000000000 ) ) ;
#1024 = CIRCLE ( 'NONE', #7570, 8.249999999999992895 ) ;
#1025 = FACE_OUTER_BOUND ( 'NONE', #4580, .T. ) ;
#1026 = EDGE_CURVE ( 'NONE', #4848, #3788, #4954, .T. ) ;
#1027 = CALENDAR_DATE ( 2026, 26, 7 ) ;
#1028 = EDGE_LOOP ( 'NONE', ( #3084, #6454, #1450, #6409 ) ) ;
#1029 = VERTEX_POINT ( 'NONE', #211 ) ;
#1030 = CARTESIAN_POINT ( 'NONE',  ( -3.750000000000000000, 2.500000000000000000, -12.75000000000000000 ) ) ;
#1031 = CC_DESIGN_APPROVAL ( #3774, ( #2693 ) ) ;
#1032 = CIRCLE ( 'NONE', #8304, 3.250000000000002665 ) ;
#1033 = CC_DESIGN_DATE_AND_TIME_ASSIGNMENT ( #5059, #7076, ( #6032 ) ) ;
#1034 = LINE ( 'NONE', #8647, #3038 ) ;
#1035 = EDGE_LOOP ( 'NONE', ( #296, #8169, #8397, #8678 ) ) ;
#1036 = CARTESIAN_POINT ( 'NONE',  ( 51.74999999999998579, 28.00000000000000000, 124.4500000000000028 ) ) ;
#1037 = VECTOR ( 'NONE', #8827, 1000.000000000000000 ) ;
#1038 = APPROVAL_PERSON_ORGANIZATION ( #4065, #2079, #119 ) ;
#1039 = DIRECTION ( 'NONE',  ( 0.000000000000000000, 0.000000000000000000, -1.000000000000000000 ) ) ;
#1041 = AXIS2_PLACEMENT_3D ( 'NONE', #1398, #7374, #3980 ) ;
#1040 = DATE_AND_TIME ( #3711, #8620 ) ;
#1042 = PERSON_AND_ORGANIZATION_ROLE ( 'classification_officer' ) ;
#1043 = ORIENTED_EDGE ( 'NONE', *, *, #7352, .F. ) ;
#1044 = PLANE ( 'NONE',  #5850 ) ;
#1045 = LINE ( 'NONE', #5673, #1981 ) ;
#1046 = CC_DESIGN_APPROVAL ( #5780, ( #6166 ) ) ;
#1047 = CARTESIAN_POINT ( 'NONE',  ( -36.00000000000000000, 3.000000000000000000, 33.50000000000000000 ) ) ;
#1048 =( GEOMETRIC_REPRESENTATION_CONTEXT ( 3 ) GLOBAL_UNCERTAINTY_ASSIGNED_CONTEXT ( ( #8335 ) ) GLOBAL_UNIT_ASSIGNED_CONTEXT ( ( #1366, #4749, #481 ) ) REPRESENTATION_CONTEXT ( 'NONE', 'WORKASPACE' ) );
#1049 = VERTEX_POINT ( 'NONE', #3527 ) ;
#1050 = CC_DESIGN_DATE_AND_TIME_ASSIGNMENT ( #895, #942, ( #6166 ) ) ;
#1051 = DIRECTION ( 'NONE',  ( 0.000000000000000000, -1.000000000000000000, 0.000000000000000000 ) ) ;
#1052 = LINE ( 'NONE', #367, #891 ) ;
#1053 = LOCAL_TIME ( 21, 54, 55.00000000000000000, #4882 ) ;
#1054 = APPROVAL_STATUS ( 'not_yet_approved' ) ;
#1055 = CARTESIAN_POINT ( 'NONE',  ( -23.00000000000000000, 0.000000000000000000, 10.50000000000000000 ) ) ;
#1056 = DIRECTION ( 'NONE',  ( -1.000000000000000000, 0.000000000000000000, 0.000000000000000000 ) ) ;
#1057 = PRODUCT_DEFINITION_SHAPE ( 'NONE', 'NONE',  #8881 ) ;
#1058 = EDGE_CURVE ( 'NONE', #3702, #5593, #6287, .T. ) ;
#1059 = APPROVAL_PERSON_ORGANIZATION ( #2615, #8229, #4032 ) ;
#1060 = CARTESIAN_POINT ( 'NONE',  ( -20.00000000000000000, 0.000000000000000000, -57.00000000000000000 ) ) ;
#1061 = DIRECTION ( 'NONE',  ( -0.000000000000000000, -0.000000000000000000, 1.000000000000000000 ) ) ;
#1062 = PERSON_AND_ORGANIZATION ( #5260, #6155 ) ;
#1063 = EDGE_CURVE ( 'NONE', #7889, #1627, #165, .T. ) ;
#1064 = COORDINATED_UNIVERSAL_TIME_OFFSET ( 8, 0, .AHEAD. ) ;
#1065 = EDGE_LOOP ( 'NONE', ( #2004, #5728, #6538, #8822 ) ) ;
#1066 = CALENDAR_DATE ( 2026, 26, 7 ) ;
#1067 = ORIENTED_EDGE ( 'NONE', *, *, #1986, .F. ) ;
#1068 = LOCAL_TIME ( 21, 54, 55.00000000000000000, #403 ) ;
#1069 = DIRECTION ( 'NONE',  ( 1.000000000000000000, -0.000000000000000000, 0.000000000000000000 ) ) ;
#1070 = ORIENTED_EDGE ( 'NONE', *, *, #4189, .T. ) ;
#1071 = ADVANCED_FACE ( 'NONE', ( #2915 ), #7587, .T. ) ;
#1072 = CARTESIAN_POINT ( 'NONE',  ( 0.000000000000000000, 2.500000000000000000, 0.000000000000000000 ) ) ;
#1073 = ADVANCED_FACE ( 'NONE', ( #3659 ), #2961, .F. ) ;
#1074 = CC_DESIGN_APPROVAL ( #7680, ( #6476 ) ) ;
#1075 = DIRECTION ( 'NONE',  ( 0.000000000000000000, 0.000000000000000000, 1.000000000000000000 ) ) ;
#1076 = ORIENTED_EDGE ( 'NONE', *, *, #7196, .F. ) ;
#1077 = DATE_AND_TIME ( #4550, #2178 ) ;
#1078 = ORIENTED_EDGE ( 'NONE', *, *, #4918, .F. ) ;
#1079 = ORIENTED_EDGE ( 'NONE', *, *, #3221, .T. ) ;
#1080 = DIRECTION ( 'NONE',  ( -0.000000000000000000, 1.000000000000000000, -0.000000000000000000 ) ) ;
#1081 = ADVANCED_FACE ( 'NONE', ( #6065 ), #718, .F. ) ;
#1082 = DIRECTION ( 'NONE',  ( -0.000000000000000000, -1.000000000000000000, -0.000000000000000000 ) ) ;
#1083 = ORIENTED_EDGE ( 'NONE', *, *, #1666, .F. ) ;
#1084 = CARTESIAN_POINT ( 'NONE',  ( -1.750000000000000000, 2.500000000000000000, 10.50000000000000000 ) ) ;
#1085 = DIRECTION ( 'NONE',  ( 1.000000000000000000, 0.000000000000000000, -0.000000000000000000 ) ) ;
#1086 = MECHANICAL_CONTEXT ( 'NONE', #567, 'mechanical' ) ;
#1087 = CC_DESIGN_DATE_AND_TIME_ASSIGNMENT ( #6994, #3606, ( #5620 ) ) ;
#1088 = EDGE_CURVE ( 'NONE', #3663, #4969, #5528, .T. ) ;
#1089 = VECTOR ( 'NONE', #4175, 1000.000000000000000 ) ;
#1090 = APPROVAL_ROLE ( '' ) ;
#1091 = LINE ( 'NONE', #7957, #5992 ) ;
#1092 = FACE_OUTER_BOUND ( 'NONE', #1836, .T. ) ;
#1093 = VECTOR ( 'NONE', #8851, 1000.000000000000000 ) ;
#1094 = VECTOR ( 'NONE', #288, 1000.000000000000000 ) ;
#1095 = FACE_OUTER_BOUND ( 'NONE', #4279, .T. ) ;
#1096 = ORIENTED_EDGE ( 'NONE', *, *, #6388, .F. ) ;
#1097 = AXIS2_PLACEMENT_3D ( 'NONE', #6510, #4461, #3140 ) ;
#1098 = CARTESIAN_POINT ( 'NONE',  ( -39.00000000000000000, 0.000000000000000000, 19.50000000000000000 ) ) ;
#1099 = CARTESIAN_POINT ( 'NONE',  ( -28.50000000000000000, 0.000000000000000000, -57.00000000000000000 ) ) ;
#1100 = VECTOR ( 'NONE', #8112, 1000.000000000000000 ) ;
#1101 = PERSON_AND_ORGANIZATION_ROLE ( 'creator' ) ;
#1102 = EDGE_CURVE ( 'NONE', #6403, #4850, #1660, .T. ) ;
#1103 = AXIS2_PLACEMENT_3D ( 'NONE', #3122, #8533, #6445 ) ;
#1104 = CARTESIAN_POINT ( 'NONE',  ( -1.000000000000000000, 2.500000000000000000, 12.25000000000000000 ) ) ;
#1105 = DIRECTION ( 'NONE',  ( -0.000000000000000000, -1.000000000000000000, -0.000000000000000000 ) ) ;
#1106 = VECTOR ( 'NONE', #6224, 1000.000000000000000 ) ;
#1107 = DIRECTION ( 'NONE',  ( 0.000000000000000000, -1.000000000000000000, 0.000000000000000000 ) ) ;
#1108 =( REPRESENTATION_RELATIONSHIP ('NONE','NONE', #245, #6676 ) REPRESENTATION_RELATIONSHIP_WITH_TRANSFORMATION ( #2858 )SHAPE_REPRESENTATION_RELATIONSHIP( ) );
#1109 = FACE_OUTER_BOUND ( 'NONE', #4897, .T. ) ;
#1110 = PERSON_AND_ORGANIZATION ( #5260, #6155 ) ;
#1111 = CALENDAR_DATE ( 2026, 26, 7 ) ;
#1112 = ORIENTED_EDGE ( 'NONE', *, *, #1552, .F. ) ;
#1113 = APPROVAL_DATE_TIME ( #5160, #5755 ) ;
#1114 = ORIENTED_EDGE ( 'NONE', *, *, #3847, .T. ) ;
#1115 = PRODUCT_DEFINITION ( '未知', '', #2322, #8071 ) ;
#1116 = EDGE_CURVE ( 'NONE', #5559, #2043, #5618, .T. ) ;
#1117 = CARTESIAN_POINT ( 'NONE',  ( -28.50000000000000000, 2.500000000000000000, -60.00000000000000000 ) ) ;
#1118 = VERTEX_POINT ( 'NONE', #8319 ) ;
#1119 = FACE_OUTER_BOUND ( 'NONE', #7696, .T. ) ;
#1120 = CYLINDRICAL_SURFACE ( 'NONE', #5283, 1.750000000000005107 ) ;
#1121 = CALENDAR_DATE ( 2026, 26, 7 ) ;
#1122 = ORIENTED_EDGE ( 'NONE', *, *, #4493, .T. ) ;
#1123 = ADVANCED_FACE ( 'NONE', ( #2140 ), #2869, .F. ) ;
#1124 = EDGE_LOOP ( 'NONE', ( #2818, #2992, #8461, #6710 ) ) ;
#1125 = FACE_OUTER_BOUND ( 'NONE', #8436, .T. ) ;
#1126 = CYLINDRICAL_SURFACE ( 'NONE', #6292, 1.750000000000001554 ) ;
#1127 = VERTEX_POINT ( 'NONE', #1483 ) ;
#1128 = AXIS2_PLACEMENT_3D ( 'NONE', #6622, #504, #4533 ) ;
#1129 = DIRECTION ( 'NONE',  ( 0.000000000000000000, 1.000000000000000000, 0.000000000000000000 ) ) ;
#1130 = CARTESIAN_POINT ( 'NONE',  ( 39.00000000000000000, 36.00000000000000000, 19.50000000000000000 ) ) ;
#1131 = DATE_AND_TIME ( #8693, #596 ) ;
#1132 = CARTESIAN_POINT ( 'NONE',  ( -57.50000000000000000, 35.00000000000000000, 85.00000000000000000 ) ) ;
#1133 = CIRCLE ( 'NONE', #4119, 1.750000000000001554 ) ;
#1134 = CARTESIAN_POINT ( 'NONE',  ( 19.00000000000000000, 15.00000000000000000, -9.000000000000000000 ) ) ;
#1135 = DIRECTION ( 'NONE',  ( 0.000000000000000000, -1.000000000000000000, 0.000000000000000000 ) ) ;
#1136 = ORIENTED_EDGE ( 'NONE', *, *, #1363, .T. ) ;
#1137 = APPROVAL ( #5329, 'UNKNOWN' ) ;
#1138 = CYLINDRICAL_SURFACE ( 'NONE', #6548, 1.799999999999999600 ) ;
#1139 = CARTESIAN_POINT ( 'NONE',  ( -60.14999999999999858, 0.000000000000000000, 81.75000000000000000 ) ) ;
#1140 = EDGE_CURVE ( 'NONE', #2043, #4929, #8374, .T. ) ;
#1141 = PERSON_AND_ORGANIZATION ( #5260, #6155 ) ;
#1142 = CARTESIAN_POINT ( 'NONE',  ( -14.50000000000000000, 2.500000000000000000, 7.750000000000000000 ) ) ;
#1143 = CARTESIAN_POINT ( 'NONE',  ( -28.50000000000000000, 0.000000000000000000, -57.00000000000000000 ) ) ;
#1144 = CC_DESIGN_PERSON_AND_ORGANIZATION_ASSIGNMENT ( #24, #6232, ( #6168 ) ) ;
#1145 = VECTOR ( 'NONE', #4203, 1000.000000000000000 ) ;
#1146 = AXIS2_PLACEMENT_3D ( 'NONE', #2612, #6744, #2740 ) ;
#1147 = DIRECTION ( 'NONE',  ( -0.000000000000000000, 1.000000000000000000, -0.000000000000000000 ) ) ;
#1148 = CARTESIAN_POINT ( 'NONE',  ( -14.50000000000000000, 2.500000000000000000, 12.25000000000000000 ) ) ;
#1149 = DATE_AND_TIME ( #3256, #450 ) ;
#1150 = ORIENTED_EDGE ( 'NONE', *, *, #2039, .T. ) ;
#1151 = COORDINATED_UNIVERSAL_TIME_OFFSET ( 8, 0, .AHEAD. ) ;
#1152 = ORIENTED_EDGE ( 'NONE', *, *, #1555, .F. ) ;
#1153 = COORDINATED_UNIVERSAL_TIME_OFFSET ( 8, 0, .AHEAD. ) ;
#1154 = ORIENTED_EDGE ( 'NONE', *, *, #4646, .T. ) ;
#1155 = EDGE_LOOP ( 'NONE', ( #1564, #1422 ) ) ;
#1156 = CLOSED_SHELL ( 'NONE', ( #3276, #1219, #7818, #6142, #1879, #6073, #5635, #2407, #143, #7540 ) ) ;
#1157 = DIRECTION ( 'NONE',  ( 0.000000000000000000, 0.000000000000000000, 1.000000000000000000 ) ) ;
#1158 = ORIENTED_EDGE ( 'NONE', *, *, #3408, .T. ) ;
#1159 = AXIS2_PLACEMENT_3D ( 'NONE', #6335, #5573, #6377 ) ;
#1160 = DIRECTION ( 'NONE',  ( 0.000000000000000000, -0.000000000000000000, -1.000000000000000000 ) ) ;
#1161 = PRODUCT_DEFINITION ( '未知', '', #4599, #5824 ) ;
#1162 = CARTESIAN_POINT ( 'NONE',  ( 6.000000000000000000, 6.000000000000000000, 6.000000000000000000 ) ) ;
#1163 = PERSON_AND_ORGANIZATION ( #5260, #6155 ) ;
#1164 = VERTEX_POINT ( 'NONE', #7723 ) ;
#1165 = ORIENTED_EDGE ( 'NONE', *, *, #3375, .F. ) ;
#1166 = PLANE ( 'NONE',  #295 ) ;
#1167 = VERTEX_POINT ( 'NONE', #815 ) ;
#1168 = CARTESIAN_POINT ( 'NONE',  ( -45.00000000000000000, 36.00000000000000000, 29.00000000000000000 ) ) ;
#1169 = ADVANCED_FACE ( 'NONE', ( #6244 ), #900, .F. ) ;
#1170 = DIRECTION ( 'NONE',  ( -0.000000000000000000, 1.000000000000000000, -0.000000000000000000 ) ) ;
#1171 = APPLICATION_PROTOCOL_DEFINITION ( 'international standard', 'config_control_design', 1994, #694 ) ;
#1172 = EDGE_CURVE ( 'NONE', #1821, #7685, #4908, .T. ) ;
#1173 = VECTOR ( 'NONE', #7516, 1000.000000000000000 ) ;
#1174 = DIRECTION ( 'NONE',  ( 0.000000000000000000, 0.000000000000000000, -1.000000000000000000 ) ) ;
#1175 = CIRCLE ( 'NONE', #587, 1.250000000000004663 ) ;
#1176 = CARTESIAN_POINT ( 'NONE',  ( -158.9499999999999886, 0.000000000000000000, -119.4500000000000028 ) ) ;
#1177 = DIRECTION ( 'NONE',  ( -0.000000000000000000, -1.000000000000000000, -0.000000000000000000 ) ) ;
#1178 = EDGE_CURVE ( 'NONE', #5204, #7450, #4244, .T. ) ;
#1179 = APPROVAL_PERSON_ORGANIZATION ( #5770, #8179, #368 ) ;
#1180 = VECTOR ( 'NONE', #2240, 1000.000000000000000 ) ;
#1181 = FACE_OUTER_BOUND ( 'NONE', #5549, .T. ) ;
#1182 = CARTESIAN_POINT ( 'NONE',  ( 60.14999999999999858, 5.000000000000000000, -32.35000000000000142 ) ) ;
#1183 = CALENDAR_DATE ( 2026, 26, 7 ) ;
#1184 = VECTOR ( 'NONE', #95, 1000.000000000000000 ) ;
#1185 = DIRECTION ( 'NONE',  ( -0.000000000000000000, -1.000000000000000000, -0.000000000000000000 ) ) ;
#1186 = CC_DESIGN_APPROVAL ( #8718, ( #1755 ) ) ;
#1187 = CARTESIAN_POINT ( 'NONE',  ( -3.000000000000000000, 2.500000000000000000, -22.50000000000000000 ) ) ;
#1188 = LINE ( 'NONE', #4438, #7660 ) ;
#1189 = EDGE_CURVE ( 'NONE', #7306, #1278, #348, .T. ) ;
#1190 = LOCAL_TIME ( 21, 54, 55.00000000000000000, #430 ) ;
#1191 = PLANE ( 'NONE',  #585 ) ;
#1192 = CALENDAR_DATE ( 2026, 26, 7 ) ;
#1193 = PERSON_AND_ORGANIZATION_ROLE ( 'creator' ) ;
#1194 = CC_DESIGN_PERSON_AND_ORGANIZATION_ASSIGNMENT ( #5548, #5010, ( #1399 ) ) ;
#1195 = ORIENTED_EDGE ( 'NONE', *, *, #1523, .F. ) ;
#1196 = PERSON_AND_ORGANIZATION_ROLE ( 'classification_officer' ) ;
#1197 = EDGE_LOOP ( 'NONE', ( #3239, #1150 ) ) ;
#1198 = ORIENTED_EDGE ( 'NONE', *, *, #4767, .F. ) ;
#1199 = CC_DESIGN_APPROVAL ( #5112, ( #2226 ) ) ;
#1200 = LINE ( 'NONE', #339, #3097 ) ;
#1201 = ORIENTED_EDGE ( 'NONE', *, *, #8833, .T. ) ;
#1202 = CARTESIAN_POINT ( 'NONE',  ( 39.75000000000000000, 2.500000000000000000, 62.00000000000000000 ) ) ;
#1203 = CARTESIAN_POINT ( 'NONE',  ( 110.0000000000000000, 28.00000000000000000, 119.4500000000000028 ) ) ;
#1204 = ORGANIZATION ( 'NAUO-ORG2', 'UNSPECIFIED', 'UNSPECIFIED' ) ;
#1205 = COORDINATED_UNIVERSAL_TIME_OFFSET ( 8, 0, .AHEAD. ) ;
#1206 = ORIENTED_EDGE ( 'NONE', *, *, #338, .F. ) ;
#1207 = ADVANCED_FACE ( 'NONE', ( #7276 ), #1700, .F. ) ;
#1208 = ORIENTED_EDGE ( 'NONE', *, *, #5149, .T. ) ;
#1209 = CARTESIAN_POINT ( 'NONE',  ( 0.000000000000000000, 0.000000000000000000, 0.000000000000000000 ) ) ;
#1210 = ORIENTED_EDGE ( 'NONE', *, *, #6609, .F. ) ;
#1211 = ORGANIZATION ( 'NAUO-ORG6', 'UNSPECIFIED', 'UNSPECIFIED' ) ;
#1212 = DIRECTION ( 'NONE',  ( 1.000000000000000000, 0.000000000000000000, 0.000000000000000000 ) ) ;
#1213 = FACE_OUTER_BOUND ( 'NONE', #8364, .T. ) ;
#1214 = APPROVAL_ROLE ( '' ) ;
#1215 = CC_DESIGN_APPROVAL ( #814, ( #6334 ) ) ;
#1216 = ORIENTED_EDGE ( 'NONE', *, *, #2517, .F. ) ;
#1217 = CIRCLE ( 'NONE', #6913, 1.750000000000005107 ) ;
#1218 = CYLINDRICAL_SURFACE ( 'NONE', #4018, 1.600000000000004086 ) ;
#1219 = ADVANCED_FACE ( 'NONE', ( #1282 ), #433, .F. ) ;
#1220 = LINE ( 'NONE', #537, #6972 ) ;
#1221 = EDGE_CURVE ( 'NONE', #3405, #5783, #7183, .T. ) ;
#1222 = FACE_OUTER_BOUND ( 'NONE', #2839, .T. ) ;
#1223 = DIRECTION ( 'NONE',  ( 1.000000000000000000, 0.000000000000000000, -0.000000000000000000 ) ) ;
#1224 = CARTESIAN_POINT ( 'NONE',  ( -14.50000000000000000, 2.500000000000000000, 12.25000000000000000 ) ) ;
#1225 = COORDINATED_UNIVERSAL_TIME_OFFSET ( 8, 0, .AHEAD. ) ;
#1226 = FACE_OUTER_BOUND ( 'NONE', #105, .T. ) ;
#1227 = EDGE_CURVE ( 'NONE', #7556, #4433, #2375, .T. ) ;
#1228 = CIRCLE ( 'NONE', #2520, 8.250000000000014211 ) ;
#1229 = CARTESIAN_POINT ( 'NONE',  ( 25.50000000000000000, 0.000000000000000000, 60.00000000000000000 ) ) ;
#1230 = VECTOR ( 'NONE', #8297, 1000.000000000000000 ) ;
#1231 = EDGE_CURVE ( 'NONE', #8373, #3270, #7191, .T. ) ;
#1232 = CARTESIAN_POINT ( 'NONE',  ( -14.50000000000000000, 2.500000000000000000, 7.750000000000000000 ) ) ;
#1233 = CARTESIAN_POINT ( 'NONE',  ( -33.00000000000000000, 40.00000000000000000, 30.50000000000000000 ) ) ;
#1234 = CALENDAR_DATE ( 2026, 26, 7 ) ;
#1235 = EDGE_LOOP ( 'NONE', ( #8648, #5924, #989, #8317 ) ) ;
#1236 = APPROVAL_ROLE ( '' ) ;
#1237 = ORIENTED_EDGE ( 'NONE', *, *, #8285, .F. ) ;
#1238 = CALENDAR_DATE ( 2026, 26, 7 ) ;
#1239 = ORIENTED_EDGE ( 'NONE', *, *, #7714, .T. ) ;
#1240 = ORIENTED_EDGE ( 'NONE', *, *, #4382, .T. ) ;
#1241 = DIRECTION ( 'NONE',  ( -1.000000000000000000, 0.000000000000000000, 0.000000000000000000 ) ) ;
#1242 = VERTEX_POINT ( 'NONE', #5795 ) ;
#1243 = APPROVAL ( #5760, 'UNKNOWN' ) ;
#1244 = DIRECTION ( 'NONE',  ( 0.000000000000000000, 0.000000000000000000, 1.000000000000000000 ) ) ;
#1245 = AXIS2_PLACEMENT_3D ( 'NONE', #6789, #676, #3409 ) ;
#1246 = CARTESIAN_POINT ( 'NONE',  ( 9.000000000000000000, 2.500000000000000000, -56.00000000000000000 ) ) ;
#1247 = PERSON_AND_ORGANIZATION ( #5260, #6155 ) ;
#1248 = ADVANCED_FACE ( 'NONE', ( #2513 ), #5084, .F. ) ;
#1249 = ITEM_DEFINED_TRANSFORMATION ( 'NONE', 'NONE', #8007,  #7312 ) ;
#1250 = ORIENTED_EDGE ( 'NONE', *, *, #5790, .T. ) ;
#1251 = DIRECTION ( 'NONE',  ( 0.000000000000000000, 0.000000000000000000, 1.000000000000000000 ) ) ;
#1252 = ORIENTED_EDGE ( 'NONE', *, *, #3597, .T. ) ;
#1253 = APPROVAL ( #3094, '未指定' ) ;
#1254 = DIRECTION ( 'NONE',  ( -1.000000000000000000, -0.000000000000000000, -0.000000000000000000 ) ) ;
#1255 = AXIS2_PLACEMENT_3D ( 'NONE', #4121, #7419, #6842 ) ;
#1256 = CARTESIAN_POINT ( 'NONE',  ( -138.0327499999999930, 91.09999999999999432, 98.50000000000000000 ) ) ;
#1257 = COORDINATED_UNIVERSAL_TIME_OFFSET ( 8, 0, .AHEAD. ) ;
#1258 = ORIENTED_EDGE ( 'NONE', *, *, #4867, .F. ) ;
#1259 = DIRECTION ( 'NONE',  ( 0.000000000000000000, 0.000000000000000000, -1.000000000000000000 ) ) ;
#1260 = EDGE_LOOP ( 'NONE', ( #155, #1584, #2264, #798 ) ) ;
#1261 = DIRECTION ( 'NONE',  ( 0.000000000000000000, 0.000000000000000000, -1.000000000000000000 ) ) ;
#1262 = DIRECTION ( 'NONE',  ( -1.000000000000000000, -0.000000000000000000, -0.000000000000000000 ) ) ;
#1263 = DIRECTION ( 'NONE',  ( 0.000000000000000000, 0.000000000000000000, 1.000000000000000000 ) ) ;
#1264 = CC_DESIGN_PERSON_AND_ORGANIZATION_ASSIGNMENT ( #5410, #8148, ( #7212 ) ) ;
#1265 = CARTESIAN_POINT ( 'NONE',  ( 19.00000000000000000, 0.000000000000000000, 9.000000000000000000 ) ) ;
#1266 = DATE_AND_TIME ( #732, #5043 ) ;
#1267 = DIRECTION ( 'NONE',  ( 0.000000000000000000, -1.000000000000000000, 0.000000000000000000 ) ) ;
#1268 = APPLICATION_CONTEXT ( 'configuration controlled 3d designs of mechanical parts and assemblies' ) ;
#1269 = LINE ( 'NONE', #3250, #7095 ) ;
#1270 = VECTOR ( 'NONE', #6461, 1000.000000000000000 ) ;
#1271 = FACE_OUTER_BOUND ( 'NONE', #6933, .T. ) ;
#1272 = EDGE_CURVE ( 'NONE', #8110, #2801, #8111, .T. ) ;
#1273 = FACE_OUTER_BOUND ( 'NONE', #3558, .T. ) ;
#1274 = DATE_TIME_ROLE ( 'classification_date' ) ;
#1275 = EDGE_LOOP ( 'NONE', ( #6731, #1991, #7572, #6181 ) ) ;
#1276 = PERSON_AND_ORGANIZATION_ROLE ( 'creator' ) ;
#1277 = ADVANCED_FACE ( 'NONE', ( #8509, #3099, #7143, #7855, #3182, #3343, #1746, #2415, #1125 ), #1993, .F. ) ;
#1278 = VERTEX_POINT ( 'NONE', #7948 ) ;
#1279 = CALENDAR_DATE ( 2026, 26, 7 ) ;
#1280 = EDGE_LOOP ( 'NONE', ( #336, #1078, #6764, #3216 ) ) ;
#1281 = ORIENTED_EDGE ( 'NONE', *, *, #634, .F. ) ;
#1282 = FACE_OUTER_BOUND ( 'NONE', #887, .T. ) ;
#1283 = VECTOR ( 'NONE', #5229, 1000.000000000000000 ) ;
#1284 = FACE_OUTER_BOUND ( 'NONE', #484, .T. ) ;
#1285 = VERTEX_POINT ( 'NONE', #6044 ) ;
#1286 = DIRECTION ( 'NONE',  ( 0.000000000000000000, 0.000000000000000000, -1.000000000000000000 ) ) ;
#1287 = DIRECTION ( 'NONE',  ( 0.000000000000000000, -1.000000000000000000, 0.000000000000000000 ) ) ;
#1288 = PERSON_AND_ORGANIZATION ( #5260, #6155 ) ;
#1289 = APPROVAL_STATUS ( 'not_yet_approved' ) ;
#1290 = DATE_AND_TIME ( #5340, #7050 ) ;
#1291 = ORIENTED_EDGE ( 'NONE', *, *, #260, .T. ) ;
#1292 = DIRECTION ( 'NONE',  ( 0.000000000000000000, 0.000000000000000000, -1.000000000000000000 ) ) ;
#1293 = VERTEX_POINT ( 'NONE', #1834 ) ;
#1294 = FACE_OUTER_BOUND ( 'NONE', #5280, .T. ) ;
#1295 = EDGE_CURVE ( 'NONE', #1293, #3781, #2524, .T. ) ;
#1296 = LINE ( 'NONE', #623, #4726 ) ;
#1297 = PERSON_AND_ORGANIZATION_ROLE ( 'design_owner' ) ;
#1298 = ORIENTED_EDGE ( 'NONE', *, *, #7273, .T. ) ;
#1299 = APPROVAL ( #7654, '未指定' ) ;
#1300 = PLANE ( 'NONE',  #2027 ) ;
#1301 = AXIS2_PLACEMENT_3D ( 'NONE', #658, #2767, #8210 ) ;
#1302 = LINE ( 'NONE', #5529, #411 ) ;
#1303 = CARTESIAN_POINT ( 'NONE',  ( -1.000000000000000000, 2.500000000000000000, 7.750000000000000000 ) ) ;
#1304 = FACE_BOUND ( 'NONE', #5005, .T. ) ;
#1305 = LINE ( 'NONE', #584, #157 ) ;
#1306 = AXIS2_PLACEMENT_3D ( 'NONE', #453, #3770, #6617 ) ;
#1307 = VECTOR ( 'NONE', #7989, 1000.000000000000000 ) ;
#1308 = CARTESIAN_POINT ( 'NONE',  ( 39.00000000000000000, 3.000000000000000000, -19.50000000000000000 ) ) ;
#1309 = DIRECTION ( 'NONE',  ( -1.000000000000000000, -0.000000000000000000, -0.000000000000000000 ) ) ;
#1310 = APPROVAL_PERSON_ORGANIZATION ( #4839, #5112, #4127 ) ;
#1311 = VECTOR ( 'NONE', #7149, 1000.000000000000000 ) ;
#1312 = DIRECTION ( 'NONE',  ( 0.000000000000000000, -0.000000000000000000, -1.000000000000000000 ) ) ;
#1313 = CARTESIAN_POINT ( 'NONE',  ( -54.00000000000000000, 1.599999999999999867, -83.10000000000000853 ) ) ;
#1314 = CALENDAR_DATE ( 2026, 26, 7 ) ;
#1315 = APPLICATION_CONTEXT ( 'configuration controlled 3d designs of mechanical parts and assemblies' ) ;
#1316 = CC_DESIGN_APPROVAL ( #6112, ( #1115 ) ) ;
#1317 = APPROVAL_ROLE ( '' ) ;
#1318 = ORIENTED_EDGE ( 'NONE', *, *, #2517, .T. ) ;
#1319 = APPROVAL_DATE_TIME ( #4087, #2333 ) ;
#1320 = ORIENTED_EDGE ( 'NONE', *, *, #4185, .F. ) ;
#1321 = ORIENTED_EDGE ( 'NONE', *, *, #1666, .T. ) ;
#1322 = CARTESIAN_POINT ( 'NONE',  ( 35.75000000000000000, 2.500000000000000000, 83.00000000000000000 ) ) ;
#1323 = PRODUCT ( 'FN-ENC-004_open-tray_4PORT-NOMINAL_R0.5', 'FN-ENC-004_open-tray_4PORT-NOMINAL_R0.5', '', ( #2486 ) ) ;
#1324 = APPROVAL ( #4005, '未指定' ) ;
#1325 = CARTESIAN_POINT ( 'NONE',  ( 35.75000000000000000, 0.000000000000000000, 83.00000000000000000 ) ) ;
#1326 = ORIENTED_EDGE ( 'NONE', *, *, #7336, .F. ) ;
#1327 = ADVANCED_FACE ( 'NONE', ( #3795 ), #393, .F. ) ;
#1328 = LOCAL_TIME ( 21, 54, 55.00000000000000000, #7041 ) ;
#1329 = EDGE_CURVE ( 'NONE', #7122, #872, #6418, .T. ) ;
#1330 = AXIS2_PLACEMENT_3D ( 'NONE', #3410, #1929, #1437 ) ;
#1331 = CARTESIAN_POINT ( 'NONE',  ( -28.50000000000000000, 2.500000000000000000, -57.00000000000000000 ) ) ;
#1332 = EDGE_CURVE ( 'NONE', #6403, #7012, #4512, .T. ) ;
#1333 = CARTESIAN_POINT ( 'NONE',  ( 101.7500000000000000, 28.00000000000000000, 124.4500000000000028 ) ) ;
#1334 = CALENDAR_DATE ( 2026, 26, 7 ) ;
#1335 = CALENDAR_DATE ( 2026, 26, 7 ) ;
#1336 = ADVANCED_BREP_SHAPE_REPRESENTATION ( '', ( #8361, #7312 ), #6172 ) ;
#1337 = DATE_AND_TIME ( #2087, #2500 ) ;
#1338 = EDGE_LOOP ( 'NONE', ( #449, #3338, #6470, #2774 ) ) ;
#1339 = LOCAL_TIME ( 21, 54, 55.00000000000000000, #2845 ) ;
#1340 = ORIENTED_EDGE ( 'NONE', *, *, #2337, .F. ) ;
#1341 = ADVANCED_FACE ( 'NONE', ( #3052 ), #6468, .F. ) ;
#1342 = CARTESIAN_POINT ( 'NONE',  ( 138.0327499999999930, 91.09999999999999432, 98.50000000000000000 ) ) ;
#1343 = ORIENTED_EDGE ( 'NONE', *, *, #7492, .F. ) ;
#1344 = EDGE_CURVE ( 'NONE', #7142, #6512, #7612, .T. ) ;
#1345 = LINE ( 'NONE', #8219, #375 ) ;
#1346 = LOCAL_TIME ( 21, 54, 55.00000000000000000, #1940 ) ;
#1347 =( NAMED_UNIT ( * ) SI_UNIT ( $, .STERADIAN. ) SOLID_ANGLE_UNIT ( ) );
#1348 = APPLICATION_PROTOCOL_DEFINITION ( 'international standard', 'config_control_design', 1994, #8222 ) ;
#1349 = DIRECTION ( 'NONE',  ( -1.000000000000000000, 0.000000000000000000, 0.000000000000000000 ) ) ;
#1350 = CC_DESIGN_SECURITY_CLASSIFICATION ( #5189, ( #8873 ) ) ;
#1351 = CARTESIAN_POINT ( 'NONE',  ( -21.25000000000000000, 2.500000000000000000, -6.500000000000000000 ) ) ;
#1352 = FACE_OUTER_BOUND ( 'NONE', #5627, .T. ) ;
#1353 = DIRECTION ( 'NONE',  ( 1.000000000000000000, 0.000000000000000000, 0.000000000000000000 ) ) ;
#1354 = CC_DESIGN_PERSON_AND_ORGANIZATION_ASSIGNMENT ( #4828, #3063, ( #3775 ) ) ;
#1355 = DIRECTION ( 'NONE',  ( -0.000000000000000000, -1.000000000000000000, -0.000000000000000000 ) ) ;
#1356 = SECURITY_CLASSIFICATION ( '', '', #2950 ) ;
#1357 = DIRECTION ( 'NONE',  ( 0.000000000000000000, 0.000000000000000000, -1.000000000000000000 ) ) ;
#1358 = APPROVAL_ROLE ( '' ) ;
#1359 = DIRECTION ( 'NONE',  ( -0.000000000000000000, -1.000000000000000000, -0.000000000000000000 ) ) ;
#1360 = LINE ( 'NONE', #6213, #1541 ) ;
#1361 = ORGANIZATION ( 'NAUO-ORG21', 'UNSPECIFIED', 'UNSPECIFIED' ) ;
#1362 = DIRECTION ( 'NONE',  ( 0.000000000000000000, -1.000000000000000000, 0.000000000000000000 ) ) ;
#1363 = EDGE_CURVE ( 'NONE', #2118, #447, #2162, .T. ) ;
#1364 = LINE ( 'NONE', #2026, #5434 ) ;
#1365 = APPROVAL_ROLE ( '' ) ;
#1366 =( LENGTH_UNIT ( ) NAMED_UNIT ( * ) SI_UNIT ( .MILLI., .METRE. ) );
#1367 = ORIENTED_EDGE ( 'NONE', *, *, #4874, .F. ) ;
#1368 = DATE_AND_TIME ( #2670, #3334 ) ;
#1369 = VERTEX_POINT ( 'NONE', #6850 ) ;
#1370 = DATE_AND_TIME ( #8200, #1936 ) ;
#1371 = ORIENTED_EDGE ( 'NONE', *, *, #8501, .T. ) ;
#1372 = CARTESIAN_POINT ( 'NONE',  ( -36.00000000000000000, 0.000000000000000000, -33.50000000000000000 ) ) ;
#1373 = LINE ( 'NONE', #5420, #1100 ) ;
#1374 = LINE ( 'NONE', #2765, #1599 ) ;
#1375 = ORIENTED_EDGE ( 'NONE', *, *, #8830, .T. ) ;
#1376 = DIRECTION ( 'NONE',  ( 0.000000000000000000, 0.000000000000000000, 1.000000000000000000 ) ) ;
#1377 = DIRECTION ( 'NONE',  ( 1.000000000000000000, 0.000000000000000000, 0.000000000000000000 ) ) ;
#1378 = CC_DESIGN_PERSON_AND_ORGANIZATION_ASSIGNMENT ( #3820, #4440, ( #909 ) ) ;
#1379 = DATE_TIME_ROLE ( 'creation_date' ) ;
#1380 = EDGE_CURVE ( 'NONE', #8217, #206, #1456, .T. ) ;
#1381 = APPROVAL_STATUS ( 'not_yet_approved' ) ;
#1382 = ORIENTED_EDGE ( 'NONE', *, *, #4431, .F. ) ;
#1383 = AXIS2_PLACEMENT_3D ( 'NONE', #8574, #4263, #5724 ) ;
#1384 = DIRECTION ( 'NONE',  ( 0.000000000000000000, 0.000000000000000000, -1.000000000000000000 ) ) ;
#1385 = EDGE_LOOP ( 'NONE', ( #8637, #6899, #4752, #2960 ) ) ;
#1386 = AXIS2_PLACEMENT_3D ( 'NONE', #6472, #169, #353 ) ;
#1387 = PLANE ( 'NONE',  #2679 ) ;
#1388 = AXIS2_PLACEMENT_3D ( 'NONE', #8484, #7703, #1586 ) ;
#1389 = EDGE_CURVE ( 'NONE', #2363, #2035, #4047, .T. ) ;
#1390 = DIRECTION ( 'NONE',  ( -0.000000000000000000, -1.000000000000000000, -0.000000000000000000 ) ) ;
#1391 = PERSON_AND_ORGANIZATION ( #5260, #6155 ) ;
#1392 = LINE ( 'NONE', #4110, #3188 ) ;
#1393 = DIRECTION ( 'NONE',  ( 0.000000000000000000, 0.000000000000000000, -1.000000000000000000 ) ) ;
#1394 = ORIENTED_EDGE ( 'NONE', *, *, #6460, .F. ) ;
#1395 = CARTESIAN_POINT ( 'NONE',  ( 0.000000000000000000, 0.000000000000000000, 0.000000000000000000 ) ) ;
#1396 = SHAPE_REPRESENTATION_RELATIONSHIP ( 'NONE' , 'NONE' ,  #6982, #38 ) ;
#1397 = CARTESIAN_POINT ( 'NONE',  ( 158.9499999999999886, 3.000000000000000000, 119.4500000000000028 ) ) ;
#1398 = CARTESIAN_POINT ( 'NONE',  ( 6.500000000000000000, 2.500000000000000000, 22.50000000000000000 ) ) ;
#1399 = PRODUCT ( 'FN-SUP-002_edge-support-pad_DRAFT_R0.5', 'FN-SUP-002_edge-support-pad_DRAFT_R0.5', '', ( #965 ) ) ;
#1400 = CIRCLE ( 'NONE', #6379, 1.750000000000005107 ) ;
#1401 = DATE_TIME_ROLE ( 'classification_date' ) ;
#1402 = FACE_OUTER_BOUND ( 'NONE', #7713, .T. ) ;
#1403 = AXIS2_PLACEMENT_3D ( 'NONE', #7413, #6741, #2696 ) ;
#1404 = CARTESIAN_POINT ( 'NONE',  ( -60.00000000000000000, 3.000000000000000000, -42.50000000000000000 ) ) ;
#1405 = AXIS2_PLACEMENT_3D ( 'NONE', #5455, #3417, #2071 ) ;
#1406 = FACE_OUTER_BOUND ( 'NONE', #1521, .T. ) ;
#1407 = ADVANCED_FACE ( 'NONE', ( #2895 ), #4754, .F. ) ;
#1408 = CARTESIAN_POINT ( 'NONE',  ( -33.00000000000000000, 40.00000000000000000, -30.50000000000000000 ) ) ;
#1409 = ORIENTED_EDGE ( 'NONE', *, *, #1978, .F. ) ;
#1410 = PERSON_AND_ORGANIZATION ( #5260, #6155 ) ;
#1411 = AXIS2_PLACEMENT_3D ( 'NONE', #361, #495, #1261 ) ;
#1412 = ORIENTED_EDGE ( 'NONE', *, *, #472, .F. ) ;
#1413 = CC_DESIGN_DATE_AND_TIME_ASSIGNMENT ( #4710, #5383, ( #8624 ) ) ;
#1414 = DIRECTION ( 'NONE',  ( 0.000000000000000000, 0.000000000000000000, -1.000000000000000000 ) ) ;
#1415 = FACE_OUTER_BOUND ( 'NONE', #1065, .T. ) ;
#1416 = DIRECTION ( 'NONE',  ( 0.000000000000000000, -1.000000000000000000, 0.000000000000000000 ) ) ;
#1417 = ORIENTED_EDGE ( 'NONE', *, *, #7562, .F. ) ;
#1418 = LINE ( 'NONE', #801, #6428 ) ;
#1419 = VERTEX_POINT ( 'NONE', #1372 ) ;
#1420 = CALENDAR_DATE ( 2026, 26, 7 ) ;
#1421 = VERTEX_POINT ( 'NONE', #8348 ) ;
#1422 = ORIENTED_EDGE ( 'NONE', *, *, #5847, .T. ) ;
#1423 = ORIENTED_EDGE ( 'NONE', *, *, #390, .F. ) ;
#1424 = CARTESIAN_POINT ( 'NONE',  ( 54.00000000000000000, 1.599999999999999867, 79.90000000000000568 ) ) ;
#1425 = EDGE_LOOP ( 'NONE', ( #3424, #7360, #7707, #3736 ) ) ;
#1426 = APPROVAL ( #4017, '未指定' ) ;
#1427 = PERSON ( 'NAUO-PER12', 'UNSPECIFIED', 'UNSPECIFIED', ('UNSPECIFIED'), ('UNSPECIFIED'), ('UNSPECIFIED') ) ;
#1428 = DIRECTION ( 'NONE',  ( 0.000000000000000000, 0.000000000000000000, -1.000000000000000000 ) ) ;
#1429 =( NAMED_UNIT ( * ) SI_UNIT ( $, .STERADIAN. ) SOLID_ANGLE_UNIT ( ) );
#1430 = APPROVAL_ROLE ( '' ) ;
#1431 = CARTESIAN_POINT ( 'NONE',  ( -54.00000000000000000, 3.600000000000000089, 83.10000000000000853 ) ) ;
#1432 = LINE ( 'NONE', #6020, #2267 ) ;
#1433 = APPROVAL ( #5348, '未指定' ) ;
#1434 = ORIENTED_EDGE ( 'NONE', *, *, #2614, .T. ) ;
#1435 = ADVANCED_FACE ( 'NONE', ( #2713 ), #2209, .F. ) ;
#1436 = DIRECTION ( 'NONE',  ( 0.000000000000000000, 1.000000000000000000, -0.000000000000000000 ) ) ;
#1437 = DIRECTION ( 'NONE',  ( 1.000000000000000000, 0.000000000000000000, 0.000000000000000000 ) ) ;
#1438 =( REPRESENTATION_RELATIONSHIP ('NONE','NONE', #245, #7275 ) REPRESENTATION_RELATIONSHIP_WITH_TRANSFORMATION ( #151 )SHAPE_REPRESENTATION_RELATIONSHIP( ) );
#1439 = DIRECTION ( 'NONE',  ( -0.000000000000000000, -0.000000000000000000, 1.000000000000000000 ) ) ;
#1440 = EDGE_CURVE ( 'NONE', #3994, #6060, #6936, .T. ) ;
#1441 = DIRECTION ( 'NONE',  ( -1.000000000000000000, 0.000000000000000000, -0.000000000000000000 ) ) ;
#1442 = APPROVAL_DATE_TIME ( #5671, #4622 ) ;
#1443 = CARTESIAN_POINT ( 'NONE',  ( -19.00000000000000000, 15.00000000000000000, -9.000000000000000000 ) ) ;
#1444 = CARTESIAN_POINT ( 'NONE',  ( -158.9499999999999886, 91.09999999999999432, 119.4500000000000028 ) ) ;
#1445 = EDGE_CURVE ( 'NONE', #8689, #4368, #3369, .T. ) ;
#1446 = VECTOR ( 'NONE', #2125, 1000.000000000000000 ) ;
#1447 = CARTESIAN_POINT ( 'NONE',  ( 60.14999999999999858, 5.000000000000000000, -30.60000000000000142 ) ) ;
#1448 = PLANE ( 'NONE',  #2744 ) ;
#1449 = VECTOR ( 'NONE', #529, 1000.000000000000000 ) ;
#1450 = ORIENTED_EDGE ( 'NONE', *, *, #2202, .T. ) ;
#1451 = PERSON_AND_ORGANIZATION ( #5260, #6155 ) ;
#1452 = APPROVAL_STATUS ( 'not_yet_approved' ) ;
#1453 = ORIENTED_EDGE ( 'NONE', *, *, #7174, .F. ) ;
#1454 = COORDINATED_UNIVERSAL_TIME_OFFSET ( 8, 0, .AHEAD. ) ;
#1455 = AXIS2_PLACEMENT_3D ( 'NONE', #7698, #270, #4880 ) ;
#1456 = LINE ( 'NONE', #651, #1089 ) ;
#1457 = DESIGN_CONTEXT ( 'detailed design', #637, 'design' ) ;
#1458 = CARTESIAN_POINT ( 'NONE',  ( -8.750000000000000000, 0.000000000000000000, 8.250000000000000000 ) ) ;
#1459 = CARTESIAN_POINT ( 'NONE',  ( -33.00000000000000000, 40.00000000000000000, 30.50000000000000000 ) ) ;
#1460 = ORIENTED_EDGE ( 'NONE', *, *, #5737, .T. ) ;
#1461 = CC_DESIGN_SECURITY_CLASSIFICATION ( #316, ( #5446 ) ) ;
#1462 = VECTOR ( 'NONE', #5398, 1000.000000000000000 ) ;
#1463 = CARTESIAN_POINT ( 'NONE',  ( 9.000000000000000000, 2.500000000000000000, 39.00000000000000000 ) ) ;
#1464 = PRODUCT_RELATED_PRODUCT_CATEGORY ( 'detail', '', ( #1323 ) ) ;
#1465 = DATE_AND_TIME ( #2353, #6294 ) ;
#1466 = PERSON_AND_ORGANIZATION_ROLE ( 'creator' ) ;
#1467 = ORIENTED_EDGE ( 'NONE', *, *, #3675, .T. ) ;
#1468 = COORDINATED_UNIVERSAL_TIME_OFFSET ( 8, 0, .AHEAD. ) ;
#1469 = VERTEX_POINT ( 'NONE', #7522 ) ;
#1470 = ORIENTED_EDGE ( 'NONE', *, *, #2145, .F. ) ;
#1471 = LOCAL_TIME ( 21, 54, 55.00000000000000000, #5307 ) ;
#1472 = DIRECTION ( 'NONE',  ( 1.000000000000000000, 0.000000000000000000, -0.000000000000000000 ) ) ;
#1473 = ORIENTED_EDGE ( 'NONE', *, *, #3529, .F. ) ;
#1474 = PRODUCT ( 'FN-HAR-016_W8-xls1-rf_R0.5', 'FN-HAR-016_W8-xls1-rf_R0.5', '', ( #7753 ) ) ;
#1475 = DIRECTION ( 'NONE',  ( -1.000000000000000000, 0.000000000000000000, 0.000000000000000000 ) ) ;
#1476 = VECTOR ( 'NONE', #8415, 1000.000000000000000 ) ;
#1477 = LOCAL_TIME ( 21, 54, 55.00000000000000000, #5035 ) ;
#1478 = ADVANCED_FACE ( 'NONE', ( #7482 ), #5419, .F. ) ;
#1479 =( NAMED_UNIT ( * ) PLANE_ANGLE_UNIT ( ) SI_UNIT ( $, .RADIAN. ) );
#1481 = AXIS2_PLACEMENT_3D ( 'NONE', #776, #2873, #6072 ) ;
#1480 = PERSON_AND_ORGANIZATION ( #5260, #6155 ) ;
#1482 = VERTEX_POINT ( 'NONE', #6092 ) ;
#1483 = CARTESIAN_POINT ( 'NONE',  ( 6.000000000000000000, 0.000000000000000000, -6.000000000000000000 ) ) ;
#1484 = CARTESIAN_POINT ( 'NONE',  ( -8.500000000000000000, 0.000000000000000000, 6.000000000000000000 ) ) ;
#1485 = ORIENTED_EDGE ( 'NONE', *, *, #7423, .F. ) ;
#1486 = APPROVAL_PERSON_ORGANIZATION ( #421, #8695, #1236 ) ;
#1487 = ORIENTED_EDGE ( 'NONE', *, *, #6396, .T. ) ;
#1488 = DIRECTION ( 'NONE',  ( 1.000000000000000000, 0.000000000000000000, 0.000000000000000000 ) ) ;
#1489 = DIRECTION ( 'NONE',  ( 0.000000000000000000, 0.000000000000000000, -1.000000000000000000 ) ) ;
#1490 = CARTESIAN_POINT ( 'NONE',  ( -14.50000000000000000, 0.000000000000000000, 12.25000000000000000 ) ) ;
#1491 = ADVANCED_FACE ( 'NONE', ( #8158 ), #4223, .F. ) ;
#1492 = LOCAL_TIME ( 21, 54, 55.00000000000000000, #5941 ) ;
#1493 = VECTOR ( 'NONE', #3141, 1000.000000000000000 ) ;
#1494 = DATE_AND_TIME ( #5538, #7194 ) ;
#1495 = EDGE_CURVE ( 'NONE', #6906, #5506, #6806, .T. ) ;
#1496 = CARTESIAN_POINT ( 'NONE',  ( 8.500000000000000000, 0.000000000000000000, 6.000000000000000000 ) ) ;
#1497 = CARTESIAN_POINT ( 'NONE',  ( -60.14999999999999858, 7.000000000000000000, -28.84999999999999787 ) ) ;
#1498 = ORIENTED_EDGE ( 'NONE', *, *, #7006, .F. ) ;
#1499 = APPROVAL_PERSON_ORGANIZATION ( #1708, #1243, #1090 ) ;
#1500 = CARTESIAN_POINT ( 'NONE',  ( -36.00000000000000000, 3.000000000000000000, -33.50000000000000000 ) ) ;
#1501 = DIRECTION ( 'NONE',  ( 0.000000000000000000, -1.000000000000000000, 0.000000000000000000 ) ) ;
#1503 = EDGE_LOOP ( 'NONE', ( #5464, #6995, #606, #8552 ) ) ;
#1502 = EDGE_CURVE ( 'NONE', #3958, #1516, #15, .T. ) ;
#1504 = COORDINATED_UNIVERSAL_TIME_OFFSET ( 8, 0, .AHEAD. ) ;
#1505 = ORIENTED_EDGE ( 'NONE', *, *, #8002, .F. ) ;
#1506 = CC_DESIGN_PERSON_AND_ORGANIZATION_ASSIGNMENT ( #1288, #6679, ( #4102 ) ) ;
#1507 = CARTESIAN_POINT ( 'NONE',  ( -39.00000000000000000, 3.000000000000000000, 19.50000000000000000 ) ) ;
#1508 = LINE ( 'NONE', #4266, #6505 ) ;
#1509 = DIRECTION ( 'NONE',  ( 0.000000000000000000, -0.000000000000000000, -1.000000000000000000 ) ) ;
#1510 = EDGE_LOOP ( 'NONE', ( #792, #566, #2593, #5694 ) ) ;
#1511 = APPROVAL_PERSON_ORGANIZATION ( #5867, #1137, #3170 ) ;
#1512 = CARTESIAN_POINT ( 'NONE',  ( -28.00000000000000000, 0.000000000000000000, 15.50000000000000000 ) ) ;
#1513 = COORDINATED_UNIVERSAL_TIME_OFFSET ( 8, 0, .AHEAD. ) ;
#1514 = ORIENTED_EDGE ( 'NONE', *, *, #787, .T. ) ;
#1515 = COORDINATED_UNIVERSAL_TIME_OFFSET ( 8, 0, .AHEAD. ) ;
#1516 = VERTEX_POINT ( 'NONE', #8203 ) ;
#1517 = CONTEXT_DEPENDENT_SHAPE_REPRESENTATION ( #1723, #3399 ) ;
#1518 = VERTEX_POINT ( 'NONE', #2080 ) ;
#1519 = ORIENTED_EDGE ( 'NONE', *, *, #446, .F. ) ;
#1520 = DIRECTION ( 'NONE',  ( 0.000000000000000000, -1.000000000000000000, 0.000000000000000000 ) ) ;
#1521 = EDGE_LOOP ( 'NONE', ( #1763, #4551, #7839, #5925 ) ) ;
#1522 = LINE ( 'NONE', #3655, #7539 ) ;
#1523 = EDGE_CURVE ( 'NONE', #3098, #2542, #1955, .T. ) ;
#1524 = AXIS2_PLACEMENT_3D ( 'NONE', #4667, #2081, #4090 ) ;
#1525 = PERSON_AND_ORGANIZATION_ROLE ( 'creator' ) ;
#1526 = EDGE_LOOP ( 'NONE', ( #5287, #850 ) ) ;
#1527 = CARTESIAN_POINT ( 'NONE',  ( -33.00000000000000000, 40.00000000000000000, -30.50000000000000000 ) ) ;
#1528 = CC_DESIGN_DATE_AND_TIME_ASSIGNMENT ( #882, #6318, ( #6605 ) ) ;
#1529 = CARTESIAN_POINT ( 'NONE',  ( 39.00000000000000000, 36.00000000000000000, 19.50000000000000000 ) ) ;
#1530 = ORIENTED_EDGE ( 'NONE', *, *, #5676, .T. ) ;
#1531 = DIRECTION ( 'NONE',  ( 0.000000000000000000, 0.000000000000000000, 1.000000000000000000 ) ) ;
#1532 = LINE ( 'NONE', #4916, #6011 ) ;
#1533 = APPROVAL_ROLE ( '' ) ;
#1534 = APPROVAL_STATUS ( 'not_yet_approved' ) ;
#1535 = LINE ( 'NONE', #2196, #4163 ) ;
#1536 = CARTESIAN_POINT ( 'NONE',  ( -57.50000000000000000, 1.600000000000000089, 85.00000000000000000 ) ) ;
#1537 = ORIENTED_EDGE ( 'NONE', *, *, #4552, .T. ) ;
#1538 = AXIS2_PLACEMENT_3D ( 'NONE', #2850, #877, #4425 ) ;
#1539 = APPROVAL ( #6626, '未指定' ) ;
#1540 = DIRECTION ( 'NONE',  ( -1.000000000000000000, 0.000000000000000000, 0.000000000000000000 ) ) ;
#1541 = VECTOR ( 'NONE', #4077, 1000.000000000000000 ) ;
#1542 = LINE ( 'NONE', #186, #2883 ) ;
#1543 = APPLICATION_PROTOCOL_DEFINITION ( 'international standard', 'config_control_design', 1994, #6215 ) ;
#1544 = VECTOR ( 'NONE', #667, 1000.000000000000000 ) ;
#1545 = DIRECTION ( 'NONE',  ( 0.000000000000000000, -1.000000000000000000, 0.000000000000000000 ) ) ;
#1546 = FACE_OUTER_BOUND ( 'NONE', #2406, .T. ) ;
#1547 = VECTOR ( 'NONE', #1105, 1000.000000000000000 ) ;
#1548 = LINE ( 'NONE', #2805, #3803 ) ;
#1549 = EDGE_CURVE ( 'NONE', #4383, #5995, #6182, .T. ) ;
#1550 = CARTESIAN_POINT ( 'NONE',  ( -4.500000000000000000, 0.000000000000000000, 13.00000000000000000 ) ) ;
#1551 = ORIENTED_EDGE ( 'NONE', *, *, #7770, .T. ) ;
#1552 = EDGE_CURVE ( 'NONE', #6205, #6088, #3388, .T. ) ;
#1553 = DIRECTION ( 'NONE',  ( 0.000000000000000000, 0.000000000000000000, -1.000000000000000000 ) ) ;
#1554 = COORDINATED_UNIVERSAL_TIME_OFFSET ( 8, 0, .AHEAD. ) ;
#1555 = EDGE_CURVE ( 'NONE', #3313, #8483, #794, .T. ) ;
#1556 = APPROVAL_DATE_TIME ( #333, #984 ) ;
#1557 = VERTEX_POINT ( 'NONE', #6489 ) ;
#1558 = DATE_AND_TIME ( #240, #7481 ) ;
#1559 = EDGE_LOOP ( 'NONE', ( #7933, #8155, #7988, #5081 ) ) ;
#1560 = DIRECTION ( 'NONE',  ( -0.000000000000000000, 1.000000000000000000, -0.000000000000000000 ) ) ;
#1561 = VERTEX_POINT ( 'NONE', #1680 ) ;
#1562 = CARTESIAN_POINT ( 'NONE',  ( 39.00000000000000000, 0.000000000000000000, -19.50000000000000000 ) ) ;
#1563 = APPROVAL_STATUS ( 'not_yet_approved' ) ;
#1564 = ORIENTED_EDGE ( 'NONE', *, *, #8192, .T. ) ;
#1565 = ORIENTED_EDGE ( 'NONE', *, *, #2836, .T. ) ;
#1566 = DIRECTION ( 'NONE',  ( -1.000000000000000000, 0.000000000000000000, 0.000000000000000000 ) ) ;
#1567 = DIRECTION ( 'NONE',  ( -0.000000000000000000, -0.000000000000000000, 1.000000000000000000 ) ) ;
#1568 = ADVANCED_FACE ( 'NONE', ( #1546 ), #5813, .T. ) ;
#1569 = DIRECTION ( 'NONE',  ( 1.000000000000000000, 0.000000000000000000, 0.000000000000000000 ) ) ;
#1570 = VECTOR ( 'NONE', #4427, 1000.000000000000000 ) ;
#1571 = CARTESIAN_POINT ( 'NONE',  ( -60.14999999999999858, 7.000000000000000000, -32.35000000000000142 ) ) ;
#1572 = DIRECTION ( 'NONE',  ( 0.000000000000000000, 0.000000000000000000, -1.000000000000000000 ) ) ;
#1573 = DATE_AND_TIME ( #7689, #5164 ) ;
#1574 = CC_DESIGN_PERSON_AND_ORGANIZATION_ASSIGNMENT ( #2889, #831, ( #2254 ) ) ;
#1575 = ADVANCED_FACE ( 'NONE', ( #6985 ), #7791, .F. ) ;
#1576 = DATE_AND_TIME ( #2289, #54 ) ;
#1577 = DIRECTION ( 'NONE',  ( -0.000000000000000000, -1.000000000000000000, -0.000000000000000000 ) ) ;
#1578 = CARTESIAN_POINT ( 'NONE',  ( 14.50000000000000000, 2.500000000000000000, -7.750000000000000000 ) ) ;
#1579 = ORIENTED_EDGE ( 'NONE', *, *, #4598, .F. ) ;
#1580 = DIRECTION ( 'NONE',  ( -0.000000000000000000, -0.000000000000000000, 1.000000000000000000 ) ) ;
#1581 = DIRECTION ( 'NONE',  ( -0.000000000000000000, -0.000000000000000000, 1.000000000000000000 ) ) ;
#1582 = APPROVAL_STATUS ( 'not_yet_approved' ) ;
#1583 = ADVANCED_FACE ( 'NONE', ( #3724 ), #924, .F. ) ;
#1584 = ORIENTED_EDGE ( 'NONE', *, *, #5566, .F. ) ;
#1585 = ORIENTED_EDGE ( 'NONE', *, *, #4000, .T. ) ;
#1586 = DIRECTION ( 'NONE',  ( 0.000000000000000000, 0.000000000000000000, 1.000000000000000000 ) ) ;
#1587 = VECTOR ( 'NONE', #2259, 1000.000000000000000 ) ;
#1588 = CARTESIAN_POINT ( 'NONE',  ( -9.000000000000000000, 2.500000000000000000, 56.00000000000000000 ) ) ;
#1589 = EDGE_LOOP ( 'NONE', ( #8804, #241 ) ) ;
#1590 = DIRECTION ( 'NONE',  ( 0.000000000000000000, -1.000000000000000000, 0.000000000000000000 ) ) ;
#1591 = VECTOR ( 'NONE', #5935, 1000.000000000000000 ) ;
#1592 = DATE_AND_TIME ( #7709, #1886 ) ;
#1593 = EDGE_LOOP ( 'NONE', ( #2083, #7265, #4638, #4318 ) ) ;
#1594 = CALENDAR_DATE ( 2026, 26, 7 ) ;
#1595 = VECTOR ( 'NONE', #6083, 1000.000000000000000 ) ;
#1596 = ORIENTED_EDGE ( 'NONE', *, *, #3953, .F. ) ;
#1597 = EDGE_LOOP ( 'NONE', ( #340, #2888, #3573, #7007 ) ) ;
#1598 = EDGE_CURVE ( 'NONE', #1627, #8282, #3683, .T. ) ;
#1599 = VECTOR ( 'NONE', #656, 1000.000000000000000 ) ;
#1600 = ADVANCED_FACE ( 'NONE', ( #3640 ), #875, .F. ) ;
#1601 = LINE ( 'NONE', #2132, #8381 ) ;
#1602 = EDGE_LOOP ( 'NONE', ( #4766, #59, #1609, #2759 ) ) ;
#1603 = CC_DESIGN_SECURITY_CLASSIFICATION ( #2603, ( #8014 ) ) ;
#1604 = AXIS2_PLACEMENT_3D ( 'NONE', #2105, #3940, #8792 ) ;
#1605 = CARTESIAN_POINT ( 'NONE',  ( -16.25000000000000000, 2.500000000000000000, 66.00000000000000000 ) ) ;
#1606 = DATE_AND_TIME ( #1027, #1617 ) ;
#1607 = ADVANCED_FACE ( 'NONE', ( #4391 ), #3119, .F. ) ;
#1608 = APPROVAL_PERSON_ORGANIZATION ( #8086, #1433, #3973 ) ;
#1609 = ORIENTED_EDGE ( 'NONE', *, *, #4490, .F. ) ;
#1610 = VECTOR ( 'NONE', #7366, 1000.000000000000000 ) ;
#1611 = ADVANCED_FACE ( 'NONE', ( #191 ), #5061, .F. ) ;
#1612 = DIRECTION ( 'NONE',  ( -1.000000000000000000, -0.000000000000000000, -0.000000000000000000 ) ) ;
#1613 = PLANE ( 'NONE',  #1159 ) ;
#1614 = ORIENTED_EDGE ( 'NONE', *, *, #8603, .F. ) ;
#1615 = LINE ( 'NONE', #215, #4819 ) ;
#1616 = DIRECTION ( 'NONE',  ( -1.000000000000000000, -0.000000000000000000, -0.000000000000000000 ) ) ;
#1617 = LOCAL_TIME ( 21, 54, 55.00000000000000000, #7005 ) ;
#1618 = AXIS2_PLACEMENT_3D ( 'NONE', #7530, #2719, #659 ) ;
#1619 = LINE ( 'NONE', #8382, #6441 ) ;
#1620 = SHAPE_DEFINITION_REPRESENTATION ( #2833, #8194 ) ;
#1621 = PRODUCT ( 'FN-BAT-003_battery-envelope_USER-MEASURED_R0.5', 'FN-BAT-003_battery-envelope_USER-MEASURED_R0.5', '', ( #283 ) ) ;
#1622 = COORDINATED_UNIVERSAL_TIME_OFFSET ( 8, 0, .AHEAD. ) ;
#1623 = DIRECTION ( 'NONE',  ( 0.000000000000000000, -1.000000000000000000, 0.000000000000000000 ) ) ;
#1624 = PRODUCT_DEFINITION_FORMATION_WITH_SPECIFIED_SOURCE ( '任何', '', #1621, .NOT_KNOWN. ) ;
#1625 = FACE_OUTER_BOUND ( 'NONE', #583, .T. ) ;
#1626 = UNCERTAINTY_MEASURE_WITH_UNIT (LENGTH_MEASURE( 1.000000000000000082E-05 ), #4144, 'distance_accuracy_value', 'NONE');
#1627 = VERTEX_POINT ( 'NONE', #5642 ) ;
#1628 = CC_DESIGN_PERSON_AND_ORGANIZATION_ASSIGNMENT ( #7670, #8405, ( #5620 ) ) ;
#1629 = CARTESIAN_POINT ( 'NONE',  ( 60.00000000000000000, 28.00000000000000000, 98.50000000000000000 ) ) ;
#1630 = CC_DESIGN_APPROVAL ( #8857, ( #5751 ) ) ;
#1631 = AXIS2_PLACEMENT_3D ( 'NONE', #4100, #4060, #8081 ) ;
#1632 = PLANE ( 'NONE',  #3876 ) ;
#1633 = PERSON_AND_ORGANIZATION ( #5260, #6155 ) ;
#1634 = CARTESIAN_POINT ( 'NONE',  ( 9.500000000000000000, 2.500000000000000000, 4.500000000000000000 ) ) ;
#1635 = FACE_OUTER_BOUND ( 'NONE', #4883, .T. ) ;
#1636 = LINE ( 'NONE', #5709, #1180 ) ;
#1637 = PRODUCT_RELATED_PRODUCT_CATEGORY ( 'detail', '', ( #4963 ) ) ;
#1638 = EDGE_CURVE ( 'NONE', #3003, #5478, #2091, .T. ) ;
#1639 = LINE ( 'NONE', #4354, #2076 ) ;
#1640 = ORIENTED_EDGE ( 'NONE', *, *, #7333, .F. ) ;
#1641 = FACE_OUTER_BOUND ( 'NONE', #5387, .T. ) ;
#1642 = DATE_AND_TIME ( #7084, #5723 ) ;
#1643 = CIRCLE ( 'NONE', #354, 1.600000000000004086 ) ;
#1644 = FACE_BOUND ( 'NONE', #377, .T. ) ;
#1645 = PERSON_AND_ORGANIZATION_ROLE ( 'creator' ) ;
#1646 = VECTOR ( 'NONE', #6082, 1000.000000000000000 ) ;
#1647 = EDGE_LOOP ( 'NONE', ( #1394, #224, #3968, #5495 ) ) ;
#1648 = SECURITY_CLASSIFICATION_LEVEL ( 'unclassified' ) ;
#1649 = VERTEX_POINT ( 'NONE', #5015 ) ;
#1650 = CARTESIAN_POINT ( 'NONE',  ( -28.50000000000000000, 2.500000000000000000, -60.00000000000000000 ) ) ;
#1651 = ORIENTED_EDGE ( 'NONE', *, *, #5945, .F. ) ;
#1652 = DIRECTION ( 'NONE',  ( 0.000000000000000000, -1.000000000000000000, 0.000000000000000000 ) ) ;
#1653 = CC_DESIGN_PERSON_AND_ORGANIZATION_ASSIGNMENT ( #1110, #2578, ( #4307 ) ) ;
#1654 = DIRECTION ( 'NONE',  ( -0.000000000000000000, -1.000000000000000000, -0.000000000000000000 ) ) ;
#1655 = ADVANCED_FACE ( 'NONE', ( #1635 ), #7834, .F. ) ;
#1656 = SHAPE_REPRESENTATION_RELATIONSHIP ( 'NONE' , 'NONE' ,  #646, #8034 ) ;
#1657 = APPROVAL_DATE_TIME ( #1606, #5780 ) ;
#1658 = ORIENTED_EDGE ( 'NONE', *, *, #8336, .F. ) ;
#1659 = ORIENTED_EDGE ( 'NONE', *, *, #3568, .F. ) ;
#1660 = LINE ( 'NONE', #5661, #1897 ) ;
#1661 = FACE_OUTER_BOUND ( 'NONE', #2846, .T. ) ;
#1662 = ORIENTED_EDGE ( 'NONE', *, *, #2932, .F. ) ;
#1663 = DIRECTION ( 'NONE',  ( -1.000000000000000000, 0.000000000000000000, -0.000000000000000000 ) ) ;
#1664 = CARTESIAN_POINT ( 'NONE',  ( -6.000000000000000000, 6.000000000000000000, 6.000000000000000000 ) ) ;
#1665 = AXIS2_PLACEMENT_3D ( 'NONE', #7483, #7392, #8809 ) ;
#1666 = EDGE_CURVE ( 'NONE', #3309, #3702, #381, .T. ) ;
#1667 = DIRECTION ( 'NONE',  ( -1.000000000000000000, 0.000000000000000000, -0.000000000000000000 ) ) ;
#1668 = DATE_TIME_ROLE ( 'classification_date' ) ;
#1669 = EDGE_CURVE ( 'NONE', #7679, #632, #7167, .T. ) ;
#1670 = DATE_AND_TIME ( #6517, #6616 ) ;
#1671 = FACE_BOUND ( 'NONE', #1155, .T. ) ;
#1672 = DIRECTION ( 'NONE',  ( 0.000000000000000000, 0.000000000000000000, -1.000000000000000000 ) ) ;
#1673 = VECTOR ( 'NONE', #8246, 1000.000000000000000 ) ;
#1674 = ORIENTED_EDGE ( 'NONE', *, *, #7549, .T. ) ;
#1675 = VECTOR ( 'NONE', #4731, 1000.000000000000000 ) ;
#1676 = CARTESIAN_POINT ( 'NONE',  ( -1.750000000000000000, 2.500000000000000000, 10.50000000000000000 ) ) ;
#1677 = CARTESIAN_POINT ( 'NONE',  ( -20.25000000000000000, 2.500000000000000000, 66.00000000000000000 ) ) ;
#1678 = SHAPE_DEFINITION_REPRESENTATION ( #248, #4236 ) ;
#1679 = EDGE_LOOP ( 'NONE', ( #1003, #4306, #7672, #6310 ) ) ;
#1680 = CARTESIAN_POINT ( 'NONE',  ( -21.25000000000000000, 0.000000000000000000, -6.500000000000000000 ) ) ;
#1681 = EDGE_CURVE ( 'NONE', #4511, #121, #967, .T. ) ;
#1682 = DIRECTION ( 'NONE',  ( 0.000000000000000000, -1.000000000000000000, 0.000000000000000000 ) ) ;
#1683 = ORIENTED_EDGE ( 'NONE', *, *, #1739, .F. ) ;
#1684 = CARTESIAN_POINT ( 'NONE',  ( 0.000000000000000000, 0.000000000000000000, 0.000000000000000000 ) ) ;
#1685 = APPLICATION_PROTOCOL_DEFINITION ( 'international standard', 'config_control_design', 1994, #2064 ) ;
#1686 = COORDINATED_UNIVERSAL_TIME_OFFSET ( 8, 0, .AHEAD. ) ;
#1687 = CC_DESIGN_PERSON_AND_ORGANIZATION_ASSIGNMENT ( #2436, #2393, ( #3344 ) ) ;
#1688 = ORIENTED_EDGE ( 'NONE', *, *, #5254, .T. ) ;
#1689 = PERSON_AND_ORGANIZATION ( #4078, #7912 ) ;
#1690 = ORIENTED_EDGE ( 'NONE', *, *, #5947, .F. ) ;
#1691 = VECTOR ( 'NONE', #8463, 1000.000000000000000 ) ;
#1692 = LINE ( 'NONE', #8544, #8209 ) ;
#1693 = ORIENTED_EDGE ( 'NONE', *, *, #3844, .F. ) ;
#1694 = CARTESIAN_POINT ( 'NONE',  ( -60.14999999999999858, 7.000000000000000000, 80.00000000000000000 ) ) ;
#1695 = PLANE ( 'NONE',  #3537 ) ;
#1696 =( LENGTH_UNIT ( ) NAMED_UNIT ( * ) SI_UNIT ( .MILLI., .METRE. ) );
#1697 = DATE_TIME_ROLE ( 'classification_date' ) ;
#1698 = ORIENTED_EDGE ( 'NONE', *, *, #6304, .F. ) ;
#1699 = EDGE_LOOP ( 'NONE', ( #5103, #7833, #1375, #1201 ) ) ;
#1700 = CYLINDRICAL_SURFACE ( 'NONE', #4184, 1.600000000000004086 ) ;
#1701 = CC_DESIGN_PERSON_AND_ORGANIZATION_ASSIGNMENT ( #1391, #2184, ( #1161 ) ) ;
#1702 = DIRECTION ( 'NONE',  ( -0.000000000000000000, 1.000000000000000000, -0.000000000000000000 ) ) ;
#1703 = ORIENTED_EDGE ( 'NONE', *, *, #2954, .T. ) ;
#1704 = AXIS2_PLACEMENT_3D ( 'NONE', #1562, #7632, #3566 ) ;
#1705 = DIRECTION ( 'NONE',  ( 0.000000000000000000, -1.000000000000000000, 0.000000000000000000 ) ) ;
#1706 = DIRECTION ( 'NONE',  ( 0.000000000000000000, 0.000000000000000000, -1.000000000000000000 ) ) ;
#1707 = APPROVAL_STATUS ( 'not_yet_approved' ) ;
#1708 = PERSON_AND_ORGANIZATION ( #238, #2782 ) ;
#1709 = DIRECTION ( 'NONE',  ( 0.000000000000000000, -1.000000000000000000, 0.000000000000000000 ) ) ;
#1710 = ADVANCED_FACE ( 'NONE', ( #2253 ), #7123, .F. ) ;
#1711 = VECTOR ( 'NONE', #1051, 1000.000000000000000 ) ;
#1712 = DIRECTION ( 'NONE',  ( 0.000000000000000000, 0.000000000000000000, 1.000000000000000000 ) ) ;
#1713 = FACE_OUTER_BOUND ( 'NONE', #8447, .T. ) ;
#1714 = ORIENTED_EDGE ( 'NONE', *, *, #8692, .F. ) ;
#1715 = EDGE_CURVE ( 'NONE', #2677, #813, #7032, .T. ) ;
#1716 = DIRECTION ( 'NONE',  ( 0.000000000000000000, 0.000000000000000000, -1.000000000000000000 ) ) ;
#1717 = CARTESIAN_POINT ( 'NONE',  ( 39.00000000000000000, 3.000000000000000000, -20.75000000000000355 ) ) ;
#1718 = APPROVAL_DATE_TIME ( #5810, #3281 ) ;
#1719 = DIRECTION ( 'NONE',  ( -1.000000000000000000, 0.000000000000000000, 0.000000000000000000 ) ) ;
#1720 = EDGE_CURVE ( 'NONE', #1728, #5415, #4656, .T. ) ;
#1721 = DIRECTION ( 'NONE',  ( 0.000000000000000000, 0.000000000000000000, -1.000000000000000000 ) ) ;
#1722 = LINE ( 'NONE', #4489, #8543 ) ;
#1723 =( REPRESENTATION_RELATIONSHIP ('NONE','NONE', #245, #646 ) REPRESENTATION_RELATIONSHIP_WITH_TRANSFORMATION ( #2474 )SHAPE_REPRESENTATION_RELATIONSHIP( ) );
#1724 = AXIS2_PLACEMENT_3D ( 'NONE', #5166, #5788, #1160 ) ;
#1725 = CARTESIAN_POINT ( 'NONE',  ( -16.25000000000000000, 2.500000000000000000, 66.00000000000000000 ) ) ;
#1726 = APPROVAL_ROLE ( '' ) ;
#1727 = CALENDAR_DATE ( 2026, 26, 7 ) ;
#1728 = VERTEX_POINT ( 'NONE', #7378 ) ;
#1729 = PERSON_AND_ORGANIZATION ( #6953, #6623 ) ;
#1730 = ORIENTED_EDGE ( 'NONE', *, *, #1189, .F. ) ;
#1731 = AXIS2_PLACEMENT_3D ( 'NONE', #7896, #477, #4548 ) ;
#1732 = EDGE_CURVE ( 'NONE', #8069, #857, #1269, .T. ) ;
#1733 = CARTESIAN_POINT ( 'NONE',  ( -138.0327499999999930, 91.09999999999999432, -98.50000000000000000 ) ) ;
#1734 = ORIENTED_EDGE ( 'NONE', *, *, #4674, .F. ) ;
#1735 = AXIS2_PLACEMENT_3D ( 'NONE', #4473, #6561, #8696 ) ;
#1736 = APPROVAL ( #3735, 'UNKNOWN' ) ;
#1737 = AXIS2_PLACEMENT_3D ( 'NONE', #4692, #6211, #7552 ) ;
#1738 = DIRECTION ( 'NONE',  ( 0.000000000000000000, 1.000000000000000000, 0.000000000000000000 ) ) ;
#1739 = EDGE_CURVE ( 'NONE', #8208, #4285, #8006, .T. ) ;
#1740 = AXIS2_PLACEMENT_3D ( 'NONE', #7650, #6305, #4259 ) ;
#1741 = LINE ( 'NONE', #88, #3401 ) ;
#1742 = SECURITY_CLASSIFICATION_LEVEL ( 'unclassified' ) ;
#1743 = ORIENTED_EDGE ( 'NONE', *, *, #6879, .F. ) ;
#1744 = ORIENTED_EDGE ( 'NONE', *, *, #8275, .F. ) ;
#1745 = AXIS2_PLACEMENT_3D ( 'NONE', #1443, #6079, #2070 ) ;
#1746 = FACE_BOUND ( 'NONE', #2231, .T. ) ;
#1747 = APPROVAL_PERSON_ORGANIZATION ( #8801, #8823, #6084 ) ;
#1748 = AXIS2_PLACEMENT_3D ( 'NONE', #4251, #6967, #861 ) ;
#1749 = PERSON ( 'NAUO-PER13', 'UNSPECIFIED', 'UNSPECIFIED', ('UNSPECIFIED'), ('UNSPECIFIED'), ('UNSPECIFIED') ) ;
#1750 = LINE ( 'NONE', #5126, #8004 ) ;
#1751 = ORIENTED_EDGE ( 'NONE', *, *, #1912, .F. ) ;
#1752 = CARTESIAN_POINT ( 'NONE',  ( 39.00000000000000000, 0.000000000000000000, -19.50000000000000000 ) ) ;
#1753 = EDGE_CURVE ( 'NONE', #765, #7556, #2488, .T. ) ;
#1754 = CIRCLE ( 'NONE', #3324, 1.250000000000004663 ) ;
#1755 = SECURITY_CLASSIFICATION ( '', '', #6516 ) ;
#1756 = DIRECTION ( 'NONE',  ( 0.000000000000000000, -1.000000000000000000, 0.000000000000000000 ) ) ;
#1757 = APPROVAL_DATE_TIME ( #6474, #6112 ) ;
#1758 = PERSON_AND_ORGANIZATION_ROLE ( 'classification_officer' ) ;
#1759 = PLANE ( 'NONE',  #7566 ) ;
#1760 = DIRECTION ( 'NONE',  ( 0.000000000000000000, -1.000000000000000000, 0.000000000000000000 ) ) ;
#1761 = LOCAL_TIME ( 21, 54, 55.00000000000000000, #4145 ) ;
#1762 = DIRECTION ( 'NONE',  ( 0.000000000000000000, -0.000000000000000000, -1.000000000000000000 ) ) ;
#1763 = ORIENTED_EDGE ( 'NONE', *, *, #726, .F. ) ;
#1764 = CARTESIAN_POINT ( 'NONE',  ( -20.25000000000000000, 2.500000000000000000, -72.00000000000000000 ) ) ;
#1765 = EDGE_CURVE ( 'NONE', #7088, #3223, #8705, .T. ) ;
#1766 = FACE_OUTER_BOUND ( 'NONE', #8349, .T. ) ;
#1767 = ADVANCED_BREP_SHAPE_REPRESENTATION ( '', ( #8340, #7312 ), #7738 ) ;
#1768 = EDGE_CURVE ( 'NONE', #5217, #8580, #4570, .T. ) ;
#1769 = LOCAL_TIME ( 21, 54, 55.00000000000000000, #3909 ) ;
#1770 = APPROVAL_ROLE ( '' ) ;
#1771 = DIRECTION ( 'NONE',  ( -0.000000000000000000, -0.000000000000000000, 1.000000000000000000 ) ) ;
#1772 = CARTESIAN_POINT ( 'NONE',  ( -24.25000000000000000, 2.500000000000000000, -79.00000000000000000 ) ) ;
#1773 = EDGE_CURVE ( 'NONE', #4584, #5750, #1943, .T. ) ;
#1774 = CC_DESIGN_APPROVAL ( #1958, ( #8045 ) ) ;
#1775 = FACE_OUTER_BOUND ( 'NONE', #4363, .T. ) ;
#1776 = ADVANCED_FACE ( 'NONE', ( #6573 ), #3160, .F. ) ;
#1777 = DIRECTION ( 'NONE',  ( 0.000000000000000000, 1.000000000000000000, 0.000000000000000000 ) ) ;
#1778 = APPLICATION_PROTOCOL_DEFINITION ( 'international standard', 'config_control_design', 1994, #7877 ) ;
#1779 = ORIENTED_EDGE ( 'NONE', *, *, #135, .F. ) ;
#1780 = PERSON_AND_ORGANIZATION ( #5260, #6155 ) ;
#1781 = ORIENTED_EDGE ( 'NONE', *, *, #4767, .T. ) ;
#1782 = DATE_AND_TIME ( #7890, #8063 ) ;
#1783 = EDGE_LOOP ( 'NONE', ( #4093, #7320, #7937, #2630 ) ) ;
#1784 = CC_DESIGN_SECURITY_CLASSIFICATION ( #5614, ( #8871 ) ) ;
#1785 = LINE ( 'NONE', #1117, #2371 ) ;
#1786 = VERTEX_POINT ( 'NONE', #546 ) ;
#1787 = APPLICATION_CONTEXT ( 'configuration controlled 3d designs of mechanical parts and assemblies' ) ;
#1788 = DIRECTION ( 'NONE',  ( -0.000000000000000000, -0.000000000000000000, 1.000000000000000000 ) ) ;
#1789 = LOCAL_TIME ( 21, 54, 55.00000000000000000, #3650 ) ;
#1790 = CARTESIAN_POINT ( 'NONE',  ( 23.00000000000000000, 10.00000000000000000, 10.50000000000000000 ) ) ;
#1791 = APPROVAL_STATUS ( 'not_yet_approved' ) ;
#1792 = ORIENTED_EDGE ( 'NONE', *, *, #1638, .F. ) ;
#1793 = DIRECTION ( 'NONE',  ( 0.000000000000000000, 0.000000000000000000, -1.000000000000000000 ) ) ;
#1794 = DIRECTION ( 'NONE',  ( 1.000000000000000000, 0.000000000000000000, 0.000000000000000000 ) ) ;
#1795 = ORIENTED_EDGE ( 'NONE', *, *, #7053, .T. ) ;
#1796 = DIRECTION ( 'NONE',  ( 1.000000000000000000, -0.000000000000000000, 0.000000000000000000 ) ) ;
#1797 = EDGE_CURVE ( 'NONE', #7446, #847, #4965, .T. ) ;
#1798 = DIRECTION ( 'NONE',  ( 0.000000000000000000, -0.000000000000000000, -1.000000000000000000 ) ) ;
#1799 = CALENDAR_DATE ( 2026, 26, 7 ) ;
#1800 = CC_DESIGN_PERSON_AND_ORGANIZATION_ASSIGNMENT ( #5200, #1193, ( #2457 ) ) ;
#1801 = FACE_OUTER_BOUND ( 'NONE', #1028, .T. ) ;
#1802 = PLANE ( 'NONE',  #7542 ) ;
#1803 = DESIGN_CONTEXT ( 'detailed design', #2064, 'design' ) ;
#1804 = DIRECTION ( 'NONE',  ( 0.000000000000000000, 0.000000000000000000, -1.000000000000000000 ) ) ;
#1805 = ORIENTED_EDGE ( 'NONE', *, *, #8386, .T. ) ;
#1806 = CIRCLE ( 'NONE', #2953, 1.750000000000001554 ) ;
#1807 = CARTESIAN_POINT ( 'NONE',  ( -39.00000000000000000, 38.00000000000000000, -19.50000000000000000 ) ) ;
#1808 = DIRECTION ( 'NONE',  ( 0.000000000000000000, -0.000000000000000000, -1.000000000000000000 ) ) ;
#1809 = PERSON_AND_ORGANIZATION_ROLE ( 'design_owner' ) ;
#1810 = DIRECTION ( 'NONE',  ( 0.000000000000000000, 0.000000000000000000, -1.000000000000000000 ) ) ;
#1811 = AXIS2_PLACEMENT_3D ( 'NONE', #1009, #5683, #6312 ) ;
#1812 = PLANE ( 'NONE',  #1128 ) ;
#1813 = CC_DESIGN_PERSON_AND_ORGANIZATION_ASSIGNMENT ( #8489, #7619, ( #7300 ) ) ;
#1814 = CARTESIAN_POINT ( 'NONE',  ( -39.75000000000000000, 0.000000000000000000, -83.00000000000000000 ) ) ;
#1815 = LINE ( 'NONE', #7837, #4158 ) ;
#1816 = APPROVAL_DATE_TIME ( #1149, #881 ) ;
#1817 = ORIENTED_EDGE ( 'NONE', *, *, #6235, .F. ) ;
#1818 = CALENDAR_DATE ( 2026, 26, 7 ) ;
#1819 = ORIENTED_EDGE ( 'NONE', *, *, #7053, .F. ) ;
#1820 = DATE_AND_TIME ( #423, #5766 ) ;
#1821 = VERTEX_POINT ( 'NONE', #8057 ) ;
#1822 = ORIENTED_EDGE ( 'NONE', *, *, #6212, .T. ) ;
#1823 = EDGE_CURVE ( 'NONE', #2341, #3233, #5856, .T. ) ;
#1824 = LINE ( 'NONE', #2452, #4213 ) ;
#1825 = VERTEX_POINT ( 'NONE', #2575 ) ;
#1826 = AXIS2_PLACEMENT_3D ( 'NONE', #8174, #767, #2911 ) ;
#1827 = DIRECTION ( 'NONE',  ( 0.000000000000000000, 1.000000000000000000, 0.000000000000000000 ) ) ;
#1828 = ADVANCED_FACE ( 'NONE', ( #3290 ), #2535, .F. ) ;
#1829 = FACE_OUTER_BOUND ( 'NONE', #2628, .T. ) ;
#1830 = SHAPE_REPRESENTATION_RELATIONSHIP ( 'NONE' , 'NONE' ,  #7594, #8596 ) ;
#1831 = DATE_AND_TIME ( #5251, #6457 ) ;
#1832 = ORIENTED_EDGE ( 'NONE', *, *, #8037, .F. ) ;
#1833 = CIRCLE ( 'NONE', #1403, 1.750000000000001554 ) ;
#1834 = CARTESIAN_POINT ( 'NONE',  ( 39.00000000000000000, 3.000000000000000000, 18.24999999999999645 ) ) ;
#1835 = DIRECTION ( 'NONE',  ( 0.000000000000000000, 0.000000000000000000, -1.000000000000000000 ) ) ;
#1836 = EDGE_LOOP ( 'NONE', ( #1020, #5919, #673, #6324 ) ) ;
#1837 = VECTOR ( 'NONE', #3904, 1000.000000000000000 ) ;
#1838 = DIRECTION ( 'NONE',  ( 0.000000000000000000, 0.000000000000000000, -1.000000000000000000 ) ) ;
#1839 = LINE ( 'NONE', #7861, #1887 ) ;
#1840 = PERSON_AND_ORGANIZATION_ROLE ( 'creator' ) ;
#1841 = PRODUCT_DEFINITION_SHAPE ( 'NONE', 'NONE',  #8879 ) ;
#1842 = FACE_OUTER_BOUND ( 'NONE', #5686, .T. ) ;
#1843 = VERTEX_POINT ( 'NONE', #1229 ) ;
#1844 = DIRECTION ( 'NONE',  ( 0.000000000000000000, -1.000000000000000000, 0.000000000000000000 ) ) ;
#1845 = LINE ( 'NONE', #7997, #8690 ) ;
#1846 = PRODUCT_DEFINITION ( '未知', '', #2912, #2255 ) ;
#1847 = CARTESIAN_POINT ( 'NONE',  ( -78.75000000000000000, 28.00000000000000000, 98.50000000000000000 ) ) ;
#1848 = EDGE_CURVE ( 'NONE', #7329, #6667, #4486, .T. ) ;
#1849 = FACE_OUTER_BOUND ( 'NONE', #1510, .T. ) ;
#1850 = PERSON_AND_ORGANIZATION_ROLE ( 'creator' ) ;
#1851 = DIRECTION ( 'NONE',  ( 0.000000000000000000, -1.000000000000000000, 0.000000000000000000 ) ) ;
#1852 = CARTESIAN_POINT ( 'NONE',  ( -28.50000000000000000, 2.500000000000000000, 47.00000000000000000 ) ) ;
#1853 = VECTOR ( 'NONE', #4113, 1000.000000000000000 ) ;
#1854 = AXIS2_PLACEMENT_3D ( 'NONE', #6931, #6351, #8428 ) ;
#1855 = CARTESIAN_POINT ( 'NONE',  ( 110.0000000000000000, 28.00000000000000000, 124.4500000000000028 ) ) ;
#1856 = CLOSED_SHELL ( 'NONE', ( #7547, #4080, #1169, #5984, #5323, #5742 ) ) ;
#1857 = EDGE_CURVE ( 'NONE', #2404, #4848, #1896, .T. ) ;
#1858 = CARTESIAN_POINT ( 'NONE',  ( 39.00000000000000000, 5.000000000000000000, -19.50000000000000000 ) ) ;
#1859 = PERSON_AND_ORGANIZATION ( #5260, #6155 ) ;
#1860 = PERSON_AND_ORGANIZATION_ROLE ( 'classification_officer' ) ;
#1861 = VERTEX_POINT ( 'NONE', #3208 ) ;
#1862 = ITEM_DEFINED_TRANSFORMATION ( 'NONE', 'NONE', #4608,  #7312 ) ;
#1863 = ORIENTED_EDGE ( 'NONE', *, *, #936, .T. ) ;
#1864 = ORIENTED_EDGE ( 'NONE', *, *, #5304, .T. ) ;
#1865 = CARTESIAN_POINT ( 'NONE',  ( -9.000000000000000000, 0.000000000000000000, 56.00000000000000000 ) ) ;
#1866 = ORIENTED_EDGE ( 'NONE', *, *, #8833, .F. ) ;
#1867 = DIRECTION ( 'NONE',  ( -0.000000000000000000, -0.000000000000000000, 1.000000000000000000 ) ) ;
#1868 = FACE_BOUND ( 'NONE', #363, .T. ) ;
#1869 = EDGE_CURVE ( 'NONE', #7088, #8580, #6659, .T. ) ;
#1870 = SHAPE_REPRESENTATION_RELATIONSHIP ( 'NONE' , 'NONE' ,  #8535, #1336 ) ;
#1871 = APPROVAL_DATE_TIME ( #1918, #2291 ) ;
#1872 = ORIENTED_EDGE ( 'NONE', *, *, #3721, .T. ) ;
#1873 = ADVANCED_FACE ( 'NONE', ( #4615, #7967, #6529, #415, #7924 ), #1812, .T. ) ;
#1874 = ORIENTED_EDGE ( 'NONE', *, *, #120, .F. ) ;
#1875 = FACE_OUTER_BOUND ( 'NONE', #5849, .T. ) ;
#1876 = ORIENTED_EDGE ( 'NONE', *, *, #1102, .F. ) ;
#1877 = AXIS2_PLACEMENT_3D ( 'NONE', #1233, #4491, #418 ) ;
#1878 = LINE ( 'NONE', #6645, #3252 ) ;
#1879 = ADVANCED_FACE ( 'NONE', ( #5905 ), #8668, .F. ) ;
#1880 = COORDINATED_UNIVERSAL_TIME_OFFSET ( 8, 0, .AHEAD. ) ;
#1881 = EDGE_CURVE ( 'NONE', #3260, #2431, #1400, .T. ) ;
#1882 = VECTOR ( 'NONE', #3245, 1000.000000000000000 ) ;
#1883 = CARTESIAN_POINT ( 'NONE',  ( 138.0327499999999930, 3.000000000000030198, 98.50000000000000000 ) ) ;
#1884 = CARTESIAN_POINT ( 'NONE',  ( 0.000000000000000000, 0.000000000000000000, 0.000000000000000000 ) ) ;
#1885 = DIRECTION ( 'NONE',  ( -0.000000000000000000, -1.000000000000000000, -0.000000000000000000 ) ) ;
#1886 = LOCAL_TIME ( 21, 54, 55.00000000000000000, #5557 ) ;
#1887 = VECTOR ( 'NONE', #7237, 1000.000000000000000 ) ;
#1888 = PLANE ( 'NONE',  #6670 ) ;
#1889 = CARTESIAN_POINT ( 'NONE',  ( -28.00000000000000000, 0.000000000000000000, 15.50000000000000000 ) ) ;
#1890 = DATE_AND_TIME ( #4118, #917 ) ;
#1891 = LINE ( 'NONE', #5318, #5000 ) ;
#1892 =( REPRESENTATION_RELATIONSHIP ('NONE','NONE', #245, #7610 ) REPRESENTATION_RELATIONSHIP_WITH_TRANSFORMATION ( #1862 )SHAPE_REPRESENTATION_RELATIONSHIP( ) );
#1893 = LOCAL_TIME ( 21, 54, 55.00000000000000000, #80 ) ;
#1894 = AXIS2_PLACEMENT_3D ( 'NONE', #6736, #6826, #2650 ) ;
#1895 = APPROVAL ( #2582, 'UNKNOWN' ) ;
#1896 = LINE ( 'NONE', #7211, #1547 ) ;
#1897 = VECTOR ( 'NONE', #8269, 1000.000000000000000 ) ;
#1898 = DIRECTION ( 'NONE',  ( 0.000000000000000000, 0.000000000000000000, 1.000000000000000000 ) ) ;
#1899 = EDGE_CURVE ( 'NONE', #2363, #3050, #8092, .T. ) ;
#1900 = LOCAL_TIME ( 21, 54, 55.00000000000000000, #5701 ) ;
#1901 = CYLINDRICAL_SURFACE ( 'NONE', #739, 1.250000000000004663 ) ;
#1902 = COORDINATED_UNIVERSAL_TIME_OFFSET ( 8, 0, .AHEAD. ) ;
#1903 = ORIENTED_EDGE ( 'NONE', *, *, #3197, .F. ) ;
#1904 = APPLICATION_PROTOCOL_DEFINITION ( 'international standard', 'config_control_design', 1994, #867 ) ;
#1905 = VERTEX_POINT ( 'NONE', #94 ) ;
#1906 = APPROVAL_STATUS ( 'not_yet_approved' ) ;
#1907 = EDGE_LOOP ( 'NONE', ( #8492, #1371, #513, #5024 ) ) ;
#1908 = VECTOR ( 'NONE', #5885, 1000.000000000000000 ) ;
#1909 = ORIENTED_EDGE ( 'NONE', *, *, #7938, .F. ) ;
#1910 = PRODUCT_DEFINITION ( '未知', '', #8325, #4500 ) ;
#1911 = CC_DESIGN_APPROVAL ( #4999, ( #7034 ) ) ;
#1912 = EDGE_CURVE ( 'NONE', #847, #7446, #2560, .T. ) ;
#1913 = DIRECTION ( 'NONE',  ( 1.000000000000000000, 0.000000000000000000, 0.000000000000000000 ) ) ;
#1914 = ORIENTED_EDGE ( 'NONE', *, *, #614, .T. ) ;
#1915 = PLANE ( 'NONE',  #1724 ) ;
#1916 = CARTESIAN_POINT ( 'NONE',  ( 3.500000000000003109, 2.500000000000000000, 12.25000000000000000 ) ) ;
#1917 = LOCAL_TIME ( 21, 54, 55.00000000000000000, #6354 ) ;
#1918 = DATE_AND_TIME ( #1121, #905 ) ;
#1919 = DATE_AND_TIME ( #358, #5759 ) ;
#1920 = ORIENTED_EDGE ( 'NONE', *, *, #959, .T. ) ;
#1921 = DIRECTION ( 'NONE',  ( -1.000000000000000000, 0.000000000000000000, 0.000000000000000000 ) ) ;
#1922 = ORIENTED_EDGE ( 'NONE', *, *, #3719, .T. ) ;
#1923 = APPROVAL ( #3513, '未指定' ) ;
#1924 = VECTOR ( 'NONE', #948, 1000.000000000000000 ) ;
#1925 = AXIS2_PLACEMENT_3D ( 'NONE', #5431, #2050, #1251 ) ;
#1926 = CARTESIAN_POINT ( 'NONE',  ( -28.50000000000000000, 0.000000000000000000, 47.00000000000000000 ) ) ;
#1927 = PLANE ( 'NONE',  #1894 ) ;
#1928 = APPROVAL_ROLE ( '' ) ;
#1929 = DIRECTION ( 'NONE',  ( 0.000000000000000000, 0.000000000000000000, 1.000000000000000000 ) ) ;
#1930 = ORIENTED_EDGE ( 'NONE', *, *, #5292, .T. ) ;
#1931 = DIRECTION ( 'NONE',  ( 0.000000000000000000, 0.000000000000000000, 1.000000000000000000 ) ) ;
#1932 = ORIENTED_EDGE ( 'NONE', *, *, #835, .T. ) ;
#1933 = CARTESIAN_POINT ( 'NONE',  ( -24.25000000000000000, 0.000000000000000000, -79.00000000000000000 ) ) ;
#1934 = EDGE_CURVE ( 'NONE', #1118, #4511, #6173, .T. ) ;
#1935 = DIRECTION ( 'NONE',  ( -1.000000000000000000, 0.000000000000000000, 0.000000000000000000 ) ) ;
#1936 = LOCAL_TIME ( 21, 54, 55.00000000000000000, #8154 ) ;
#1937 = FACE_OUTER_BOUND ( 'NONE', #6778, .T. ) ;
#1938 = ADVANCED_FACE ( 'NONE', ( #7553 ), #4787, .F. ) ;
#1939 = DIRECTION ( 'NONE',  ( -0.000000000000000000, -0.000000000000000000, 1.000000000000000000 ) ) ;
#1940 = COORDINATED_UNIVERSAL_TIME_OFFSET ( 8, 0, .AHEAD. ) ;
#1941 = CARTESIAN_POINT ( 'NONE',  ( 57.50000000000000000, 0.000000000000000000, 85.00000000000000000 ) ) ;
#1942 = VERTEX_POINT ( 'NONE', #2019 ) ;
#1943 = LINE ( 'NONE', #1187, #4816 ) ;
#1944 = DIRECTION ( 'NONE',  ( 0.000000000000000000, 0.000000000000000000, 1.000000000000000000 ) ) ;
#1945 = CARTESIAN_POINT ( 'NONE',  ( 33.00000000000000000, 0.000000000000000000, 30.50000000000000000 ) ) ;
#1946 = PERSON_AND_ORGANIZATION ( #5260, #6155 ) ;
#1947 = ORIENTED_EDGE ( 'NONE', *, *, #5906, .F. ) ;
#1948 = DATE_TIME_ROLE ( 'creation_date' ) ;
#1949 = ORIENTED_EDGE ( 'NONE', *, *, #3871, .T. ) ;
#1950 = ORIENTED_EDGE ( 'NONE', *, *, #7253, .F. ) ;
#1951 = ORIENTED_EDGE ( 'NONE', *, *, #4277, .F. ) ;
#1952 = EDGE_CURVE ( 'NONE', #2686, #3706, #2748, .T. ) ;
#1953 = FACE_OUTER_BOUND ( 'NONE', #1425, .T. ) ;
#1954 = ORIENTED_EDGE ( 'NONE', *, *, #2012, .T. ) ;
#1955 = CIRCLE ( 'NONE', #7504, 1.250000000000004663 ) ;
#1956 = PLANE ( 'NONE',  #16 ) ;
#1957 = PLANE ( 'NONE',  #4860 ) ;
#1958 = APPROVAL ( #322, '未指定' ) ;
#1959 = APPROVAL_ROLE ( '' ) ;
#1960 = PERSON_AND_ORGANIZATION ( #5260, #6155 ) ;
#1961 = CALENDAR_DATE ( 2026, 26, 7 ) ;
#1962 = ORIENTED_EDGE ( 'NONE', *, *, #1172, .F. ) ;
#1963 = CYLINDRICAL_SURFACE ( 'NONE', #918, 3.250000000000002665 ) ;
#1964 = EDGE_LOOP ( 'NONE', ( #1872, #1409, #8302, #5586 ) ) ;
#1965 = AXIS2_PLACEMENT_3D ( 'NONE', #4522, #6695, #7286 ) ;
#1966 = DIRECTION ( 'NONE',  ( 1.000000000000000000, 0.000000000000000000, 0.000000000000000000 ) ) ;
#1967 = DIRECTION ( 'NONE',  ( 0.000000000000000000, -0.000000000000000000, -1.000000000000000000 ) ) ;
#1968 = DATE_AND_TIME ( #8654, #3325 ) ;
#1969 = AXIS2_PLACEMENT_3D ( 'NONE', #4680, #5389, #6239 ) ;
#1970 = APPROVAL ( #4411, '未指定' ) ;
#1971 = LINE ( 'NONE', #720, #6588 ) ;
#1972 = LINE ( 'NONE', #4861, #2134 ) ;
#1973 = CARTESIAN_POINT ( 'NONE',  ( 39.00000000000000000, 0.000000000000000000, -20.75000000000000355 ) ) ;
#1974 = PLANE ( 'NONE',  #2284 ) ;
#1975 = DIRECTION ( 'NONE',  ( -1.000000000000000000, -0.000000000000000000, -0.000000000000000000 ) ) ;
#1976 = EDGE_CURVE ( 'NONE', #7223, #7679, #2838, .T. ) ;
#1977 = ITEM_DEFINED_TRANSFORMATION ( 'NONE', 'NONE', #3897,  #7312 ) ;
#1978 = EDGE_CURVE ( 'NONE', #3130, #807, #8839, .T. ) ;
#1979 = CARTESIAN_POINT ( 'NONE',  ( -57.50000000000000000, 35.00000000000000000, -85.00000000000000000 ) ) ;
#1980 = DIRECTION ( 'NONE',  ( 0.000000000000000000, 0.000000000000000000, -1.000000000000000000 ) ) ;
#1981 = VECTOR ( 'NONE', #7736, 1000.000000000000000 ) ;
#1982 = EDGE_CURVE ( 'NONE', #2341, #1728, #4831, .T. ) ;
#1983 = CARTESIAN_POINT ( 'NONE',  ( 39.00000000000000000, 5.000000000000000000, 18.24999999999999645 ) ) ;
#1984 = DIRECTION ( 'NONE',  ( -1.000000000000000000, 0.000000000000000000, -0.000000000000000000 ) ) ;
#1985 = CALENDAR_DATE ( 2026, 26, 7 ) ;
#1987 = ORIENTED_EDGE ( 'NONE', *, *, #5962, .F. ) ;
#1986 = EDGE_CURVE ( 'NONE', #5422, #5155, #5500, .T. ) ;
#1988 = DATE_TIME_ROLE ( 'classification_date' ) ;
#1989 = EDGE_CURVE ( 'NONE', #5113, #5343, #6751, .T. ) ;
#1990 = ORIENTED_EDGE ( 'NONE', *, *, #160, .T. ) ;
#1991 = ORIENTED_EDGE ( 'NONE', *, *, #314, .F. ) ;
#1992 = ORIENTED_EDGE ( 'NONE', *, *, #8527, .F. ) ;
#1993 = PLANE ( 'NONE',  #506 ) ;
#1994 = PLANE ( 'NONE',  #217 ) ;
#1995 = ORIENTED_EDGE ( 'NONE', *, *, #5405, .T. ) ;
#1996 = CYLINDRICAL_SURFACE ( 'NONE', #2745, 1.750000000000005107 ) ;
#1997 = DIRECTION ( 'NONE',  ( -0.000000000000000000, -0.000000000000000000, 1.000000000000000000 ) ) ;
#1998 = DIRECTION ( 'NONE',  ( 1.000000000000000000, 0.000000000000000000, 0.000000000000000000 ) ) ;
#1999 = DATE_TIME_ROLE ( 'creation_date' ) ;
#2000 = ORIENTED_EDGE ( 'NONE', *, *, #7051, .T. ) ;
#2001 = APPROVAL ( #1534, 'UNKNOWN' ) ;
#2002 = DIRECTION ( 'NONE',  ( -1.000000000000000000, 0.000000000000000000, -0.000000000000000000 ) ) ;
#2003 = EDGE_CURVE ( 'NONE', #8256, #8483, #2794, .T. ) ;
#2004 = ORIENTED_EDGE ( 'NONE', *, *, #8099, .F. ) ;
#2005 = CARTESIAN_POINT ( 'NONE',  ( -60.00000000000000000, 3.000000000000000000, -42.50000000000000000 ) ) ;
#2006 = LINE ( 'NONE', #3278, #6592 ) ;
#2007 = APPROVAL_ROLE ( '' ) ;
#2008 = ORIENTED_EDGE ( 'NONE', *, *, #5870, .T. ) ;
#2009 = CARTESIAN_POINT ( 'NONE',  ( -39.00000000000000000, 38.00000000000000000, 19.50000000000000000 ) ) ;
#2010 = AXIS2_PLACEMENT_3D ( 'NONE', #5963, #8075, #4634 ) ;
#2011 = LINE ( 'NONE', #6204, #5836 ) ;
#2012 = EDGE_CURVE ( 'NONE', #975, #469, #8829, .T. ) ;
#2013 = CARTESIAN_POINT ( 'NONE',  ( -4.500000000000000000, 0.000000000000000000, 13.00000000000000000 ) ) ;
#2014 = DIRECTION ( 'NONE',  ( 0.000000000000000000, 0.000000000000000000, 1.000000000000000000 ) ) ;
#2015 = LINE ( 'NONE', #4736, #4964 ) ;
#2016 = DIRECTION ( 'NONE',  ( -0.000000000000000000, -0.000000000000000000, 1.000000000000000000 ) ) ;
#2017 = DATE_TIME_ROLE ( 'classification_date' ) ;
#2018 = DIRECTION ( 'NONE',  ( -0.000000000000000000, -0.000000000000000000, 1.000000000000000000 ) ) ;
#2019 = CARTESIAN_POINT ( 'NONE',  ( -8.500000000000000000, 0.000000000000000000, 13.00000000000000000 ) ) ;
#2020 = CC_DESIGN_APPROVAL ( #7863, ( #8384 ) ) ;
#2021 = AXIS2_PLACEMENT_3D ( 'NONE', #730, #6746, #1357 ) ;
#2022 = PRODUCT_RELATED_PRODUCT_CATEGORY ( 'detail', '', ( #4102 ) ) ;
#2023 = CARTESIAN_POINT ( 'NONE',  ( -39.75000000000000000, 0.000000000000000000, -79.00000000000000000 ) ) ;
#2024 = EDGE_CURVE ( 'NONE', #5284, #6205, #5359, .T. ) ;
#2025 = AXIS2_PLACEMENT_3D ( 'NONE', #6976, #828, #2247 ) ;
#2026 = CARTESIAN_POINT ( 'NONE',  ( -57.50000000000000000, 0.000000000000000000, 85.00000000000000000 ) ) ;
#2027 = AXIS2_PLACEMENT_3D ( 'NONE', #3321, #6019, #2655 ) ;
#2028 = DATE_AND_TIME ( #1234, #7165 ) ;
#2029 =( NAMED_UNIT ( * ) PLANE_ANGLE_UNIT ( ) SI_UNIT ( $, .RADIAN. ) );
#2030 = VERTEX_POINT ( 'NONE', #1444 ) ;
#2031 = APPROVAL_PERSON_ORGANIZATION ( #1946, #212, #3577 ) ;
#2032 = CALENDAR_DATE ( 2026, 26, 7 ) ;
#2033 = VECTOR ( 'NONE', #8733, 1000.000000000000000 ) ;
#2034 = ORIENTED_EDGE ( 'NONE', *, *, #2721, .T. ) ;
#2035 = VERTEX_POINT ( 'NONE', #4162 ) ;
#2036 = CARTESIAN_POINT ( 'NONE',  ( 60.14999999999999858, 7.000000000000000000, -80.00000000000000000 ) ) ;
#2037 = PRODUCT_DEFINITION_SHAPE ( 'NONE', 'NONE',  #6419 ) ;
#2038 = FACE_OUTER_BOUND ( 'NONE', #4666, .T. ) ;
#2039 = EDGE_CURVE ( 'NONE', #832, #125, #4527, .T. ) ;
#2040 = CC_DESIGN_APPROVAL ( #199, ( #7466 ) ) ;
#2041 = APPROVAL_PERSON_ORGANIZATION ( #812, #8707, #2690 ) ;
#2042 = CARTESIAN_POINT ( 'NONE',  ( -54.00000000000000000, 3.600000000000000089, -79.90000000000000568 ) ) ;
#2043 = VERTEX_POINT ( 'NONE', #2665 ) ;
#2044 = CARTESIAN_POINT ( 'NONE',  ( 60.14999999999999858, 0.000000000000000000, 81.75000000000000000 ) ) ;
#2045 =( LENGTH_UNIT ( ) NAMED_UNIT ( * ) SI_UNIT ( .MILLI., .METRE. ) );
#2046 = COORDINATED_UNIVERSAL_TIME_OFFSET ( 8, 0, .AHEAD. ) ;
#2047 = DATE_AND_TIME ( #2130, #5482 ) ;
#2048 = EDGE_LOOP ( 'NONE', ( #647, #8777, #4988, #1864 ) ) ;
#2049 = LOCAL_TIME ( 21, 54, 55.00000000000000000, #8065 ) ;
#2050 = DIRECTION ( 'NONE',  ( 0.000000000000000000, 1.000000000000000000, 0.000000000000000000 ) ) ;
#2051 = ORIENTED_EDGE ( 'NONE', *, *, #4808, .T. ) ;
#2052 = FACE_OUTER_BOUND ( 'NONE', #233, .T. ) ;
#2053 = LOCAL_TIME ( 21, 54, 55.00000000000000000, #7339 ) ;
#2054 = LINE ( 'NONE', #6017, #4308 ) ;
#2055 = PERSON_AND_ORGANIZATION_ROLE ( 'design_owner' ) ;
#2056 = ORIENTED_EDGE ( 'NONE', *, *, #5947, .T. ) ;
#2057 = CARTESIAN_POINT ( 'NONE',  ( -39.00000000000000000, 0.000000000000000000, -19.50000000000000000 ) ) ;
#2058 = CARTESIAN_POINT ( 'NONE',  ( -57.50000000000000000, 0.000000000000000000, -85.00000000000000000 ) ) ;
#2059 = DIRECTION ( 'NONE',  ( 1.000000000000000000, -0.000000000000000000, 0.000000000000000000 ) ) ;
#2060 = ADVANCED_FACE ( 'NONE', ( #8101 ), #638, .F. ) ;
#2061 = ORIENTED_EDGE ( 'NONE', *, *, #7562, .T. ) ;
#2062 = DIRECTION ( 'NONE',  ( -0.000000000000000000, -0.000000000000000000, 1.000000000000000000 ) ) ;
#2063 = CARTESIAN_POINT ( 'NONE',  ( 28.00000000000000000, 13.99999999999999822, -55.00000000000000000 ) ) ;
#2064 = APPLICATION_CONTEXT ( 'configuration controlled 3d designs of mechanical parts and assemblies' ) ;
#2065 = CARTESIAN_POINT ( 'NONE',  ( -136.0000000000000000, 5.000000000000000000, -96.50000000000000000 ) ) ;
#2066 = LOCAL_TIME ( 21, 54, 55.00000000000000000, #1153 ) ;
#2067 = FACE_BOUND ( 'NONE', #2581, .T. ) ;
#2068 = CC_DESIGN_DATE_AND_TIME_ASSIGNMENT ( #7985, #3923, ( #1910 ) ) ;
#2069 = PERSON_AND_ORGANIZATION_ROLE ( 'classification_officer' ) ;
#2070 = DIRECTION ( 'NONE',  ( 1.000000000000000000, 0.000000000000000000, -0.000000000000000000 ) ) ;
#2071 = DIRECTION ( 'NONE',  ( 0.000000000000000000, 0.000000000000000000, -1.000000000000000000 ) ) ;
#2072 = ADVANCED_BREP_SHAPE_REPRESENTATION ( '', ( #8283, #7312 ), #1048 ) ;
#2073 = DIRECTION ( 'NONE',  ( -0.000000000000000000, 1.000000000000000000, -0.000000000000000000 ) ) ;
#2074 = DIRECTION ( 'NONE',  ( -0.000000000000000000, -1.000000000000000000, -0.000000000000000000 ) ) ;
#2075 = PERSON_AND_ORGANIZATION ( #5260, #6155 ) ;
#2076 = VECTOR ( 'NONE', #5727, 1000.000000000000000 ) ;
#2077 = ORIENTED_EDGE ( 'NONE', *, *, #8750, .F. ) ;
#2078 = EDGE_LOOP ( 'NONE', ( #666, #5294, #7796, #5060 ) ) ;
#2079 = APPROVAL ( #3443, '未指定' ) ;
#2080 = CARTESIAN_POINT ( 'NONE',  ( -136.0000000000000000, 0.000000000000000000, 96.50000000000000000 ) ) ;
#2081 = DIRECTION ( 'NONE',  ( 0.000000000000000000, 0.000000000000000000, -1.000000000000000000 ) ) ;
#2082 = DIRECTION ( 'NONE',  ( 0.000000000000000000, 1.000000000000000000, 0.000000000000000000 ) ) ;
#2083 = ORIENTED_EDGE ( 'NONE', *, *, #4105, .F. ) ;
#2084 = CARTESIAN_POINT ( 'NONE',  ( 60.14999999999999858, 0.000000000000000000, -30.60000000000000142 ) ) ;
#2085 = APPLICATION_PROTOCOL_DEFINITION ( 'international standard', 'config_control_design', 1994, #3716 ) ;
#2086 = VECTOR ( 'NONE', #519, 1000.000000000000000 ) ;
#2087 = CALENDAR_DATE ( 2026, 26, 7 ) ;
#2088 = VERTEX_POINT ( 'NONE', #7471 ) ;
#2089 = EDGE_CURVE ( 'NONE', #3003, #2312, #1360, .T. ) ;
#2090 = ORIENTED_EDGE ( 'NONE', *, *, #6798, .F. ) ;
#2091 = CIRCLE ( 'NONE', #4528, 1.799999999999999600 ) ;
#2092 = CARTESIAN_POINT ( 'NONE',  ( -8.500000000000000000, 2.500000000000000000, 13.00000000000000000 ) ) ;
#2094 = ORIENTED_EDGE ( 'NONE', *, *, #8440, .T. ) ;
#2093 = ADVANCED_FACE ( 'NONE', ( #6795 ), #2245, .F. ) ;
#2095 = CIRCLE ( 'NONE', #4370, 1.250000000000004663 ) ;
#2096 = CARTESIAN_POINT ( 'NONE',  ( -114.7499999999999858, 28.00000000000000000, 124.4500000000000028 ) ) ;
#2097 = CALENDAR_DATE ( 2026, 26, 7 ) ;
#2098 = EDGE_CURVE ( 'NONE', #3381, #7907, #1002, .T. ) ;
#2099 = CARTESIAN_POINT ( 'NONE',  ( 136.0000000000000000, 5.000000000000000000, -96.50000000000000000 ) ) ;
#2100 = CARTESIAN_POINT ( 'NONE',  ( -8.750000000000000000, 2.500000000000000000, 8.250000000000000000 ) ) ;
#2101 = ORIENTED_EDGE ( 'NONE', *, *, #7006, .T. ) ;
#2102 = VECTOR ( 'NONE', #6701, 1000.000000000000000 ) ;
#2103 = CARTESIAN_POINT ( 'NONE',  ( 60.14999999999999858, 0.000000000000000000, -30.60000000000000142 ) ) ;
#2104 = PLANE ( 'NONE',  #6535 ) ;
#2105 = CARTESIAN_POINT ( 'NONE',  ( -39.00000000000000000, 36.00000000000000000, 19.50000000000000000 ) ) ;
#2106 = PRODUCT_DEFINITION_SHAPE ( 'NONE', 'NONE',  #8876 ) ;
#2107 = APPROVAL_ROLE ( '' ) ;
#2108 = CARTESIAN_POINT ( 'NONE',  ( 23.00000000000000000, 0.000000000000000000, -10.50000000000000000 ) ) ;
#2109 = VECTOR ( 'NONE', #7776, 1000.000000000000000 ) ;
#2110 = DIRECTION ( 'NONE',  ( 0.000000000000000000, 1.000000000000000000, 0.000000000000000000 ) ) ;
#2111 = APPLICATION_CONTEXT ( 'configuration controlled 3d designs of mechanical parts and assemblies' ) ;
#2112 = APPROVAL ( #3248, '未指定' ) ;
#2113 = CARTESIAN_POINT ( 'NONE',  ( 118.2500000000000000, 28.00000000000000000, 98.50000000000000000 ) ) ;
#2114 = LINE ( 'NONE', #6035, #5007 ) ;
#2115 = VERTEX_POINT ( 'NONE', #3631 ) ;
#2116 = DATE_TIME_ROLE ( 'creation_date' ) ;
#2117 = CONTEXT_DEPENDENT_SHAPE_REPRESENTATION ( #8765, #3133 ) ;
#2118 = VERTEX_POINT ( 'NONE', #8473 ) ;
#2119 = DIRECTION ( 'NONE',  ( -0.000000000000000000, 1.000000000000000000, -0.000000000000000000 ) ) ;
#2120 = CIRCLE ( 'NONE', #8118, 1.250000000000004663 ) ;
#2121 = DIRECTION ( 'NONE',  ( -0.000000000000000000, -1.000000000000000000, -0.000000000000000000 ) ) ;
#2122 = EDGE_CURVE ( 'NONE', #773, #5328, #3673, .T. ) ;
#2123 = CARTESIAN_POINT ( 'NONE',  ( -20.25000000000000000, 2.500000000000000000, -71.99999999999998579 ) ) ;
#2124 = ORIENTED_EDGE ( 'NONE', *, *, #6253, .F. ) ;
#2125 = DIRECTION ( 'NONE',  ( -1.000000000000000000, -0.000000000000000000, -0.000000000000000000 ) ) ;
#2126 = DIRECTION ( 'NONE',  ( 1.000000000000000000, 0.000000000000000000, 0.000000000000000000 ) ) ;
#2127 = ORIENTED_EDGE ( 'NONE', *, *, #1010, .T. ) ;
#2128 = COORDINATED_UNIVERSAL_TIME_OFFSET ( 8, 0, .AHEAD. ) ;
#2129 = ORIENTED_EDGE ( 'NONE', *, *, #4530, .T. ) ;
#2130 = CALENDAR_DATE ( 2026, 26, 7 ) ;
#2131 = ORIENTED_EDGE ( 'NONE', *, *, #1495, .T. ) ;
#2132 = CARTESIAN_POINT ( 'NONE',  ( 36.00000000000000000, 0.000000000000000000, 33.50000000000000000 ) ) ;
#2133 = ORIENTED_EDGE ( 'NONE', *, *, #3062, .F. ) ;
#2134 = VECTOR ( 'NONE', #6739, 1000.000000000000000 ) ;
#2135 = PLANE ( 'NONE',  #5360 ) ;
#2136 = ADVANCED_FACE ( 'NONE', ( #2340 ), #4344, .F. ) ;
#2137 = EDGE_CURVE ( 'NONE', #2686, #6564, #8425, .T. ) ;
#2138 =( LENGTH_UNIT ( ) NAMED_UNIT ( * ) SI_UNIT ( .MILLI., .METRE. ) );
#2139 = COORDINATED_UNIVERSAL_TIME_OFFSET ( 8, 0, .AHEAD. ) ;
#2140 = FACE_OUTER_BOUND ( 'NONE', #5138, .T. ) ;
#2141 = CARTESIAN_POINT ( 'NONE',  ( 57.50000000000000000, 35.00000000000000000, -85.00000000000000000 ) ) ;
#2142 = ORIENTED_EDGE ( 'NONE', *, *, #4835, .T. ) ;
#2143 = CARTESIAN_POINT ( 'NONE',  ( -39.00000000000000000, 5.000000000000000000, -19.50000000000000000 ) ) ;
#2144 = CARTESIAN_POINT ( 'NONE',  ( -126.0000000000000000, 3.000000000000000000, -45.00000000000000000 ) ) ;
#2145 = EDGE_CURVE ( 'NONE', #2801, #8069, #4968, .T. ) ;
#2146 = CYLINDRICAL_SURFACE ( 'NONE', #7814, 1.750000000000001554 ) ;
#2147 = LINE ( 'NONE', #907, #2169 ) ;
#2148 = DATE_TIME_ROLE ( 'classification_date' ) ;
#2149 = PLANE ( 'NONE',  #1745 ) ;
#2150 = AXIS2_PLACEMENT_3D ( 'NONE', #7321, #3840, #3751 ) ;
#2151 = DIRECTION ( 'NONE',  ( 0.000000000000000000, -1.000000000000000000, 0.000000000000000000 ) ) ;
#2152 = EDGE_LOOP ( 'NONE', ( #5792, #6780, #41, #3125 ) ) ;
#2153 = AXIS2_PLACEMENT_3D ( 'NONE', #5423, #5512, #6139 ) ;
#2154 = DIRECTION ( 'NONE',  ( -0.000000000000000000, -1.000000000000000000, -0.000000000000000000 ) ) ;
#2155 = CARTESIAN_POINT ( 'NONE',  ( -13.00000000000000000, 0.000000000000000000, 56.00000000000000000 ) ) ;
#2156 = ORIENTED_EDGE ( 'NONE', *, *, #3247, .F. ) ;
#2157 = APPROVAL_ROLE ( '' ) ;
#2158 = CC_DESIGN_PERSON_AND_ORGANIZATION_ASSIGNMENT ( #685, #3415, ( #6183 ) ) ;
#2159 = ORIENTED_EDGE ( 'NONE', *, *, #5960, .T. ) ;
#2160 = APPROVAL_PERSON_ORGANIZATION ( #4182, #6655, #6942 ) ;
#2161 = VECTOR ( 'NONE', #1581, 1000.000000000000000 ) ;
#2162 = LINE ( 'NONE', #5595, #7641 ) ;
#2163 = CARTESIAN_POINT ( 'NONE',  ( -3.750000000000000000, 0.000000000000000000, -8.250000000000000000 ) ) ;
#2164 = EDGE_CURVE ( 'NONE', #2852, #2414, #5953, .T. ) ;
#2165 = AXIS2_PLACEMENT_3D ( 'NONE', #6841, #7470, #8140 ) ;
#2166 = CARTESIAN_POINT ( 'NONE',  ( 60.14999999999999858, 0.000000000000000000, 80.00000000000000000 ) ) ;
#2167 = ORIENTED_EDGE ( 'NONE', *, *, #1638, .T. ) ;
#2168 = CC_DESIGN_APPROVAL ( #8136, ( #7212 ) ) ;
#2169 = VECTOR ( 'NONE', #6877, 1000.000000000000000 ) ;
#2170 = DIRECTION ( 'NONE',  ( 0.000000000000000000, -1.000000000000000000, 0.000000000000000000 ) ) ;
#2171 = PERSON_AND_ORGANIZATION ( #5260, #6155 ) ;
#2172 = PERSON_AND_ORGANIZATION_ROLE ( 'creator' ) ;
#2173 = CC_DESIGN_DATE_AND_TIME_ASSIGNMENT ( #7188, #3792, ( #7883 ) ) ;
#2174 = VERTEX_POINT ( 'NONE', #5095 ) ;
#2175 = PERSON_AND_ORGANIZATION_ROLE ( 'classification_officer' ) ;
#2176 = ORIENTED_EDGE ( 'NONE', *, *, #2806, .F. ) ;
#2177 =( REPRESENTATION_RELATIONSHIP ('NONE','NONE', #245, #8535 ) REPRESENTATION_RELATIONSHIP_WITH_TRANSFORMATION ( #8363 )SHAPE_REPRESENTATION_RELATIONSHIP( ) );
#2178 = LOCAL_TIME ( 21, 54, 55.00000000000000000, #7315 ) ;
#2179 = CARTESIAN_POINT ( 'NONE',  ( 57.50000000000000000, 0.000000000000000000, -85.00000000000000000 ) ) ;
#2180 = ORIENTED_EDGE ( 'NONE', *, *, #5690, .T. ) ;
#2181 = LINE ( 'NONE', #3743, #6970 ) ;
#2182 = PERSON ( 'NAUO-PER6', 'UNSPECIFIED', 'UNSPECIFIED', ('UNSPECIFIED'), ('UNSPECIFIED'), ('UNSPECIFIED') ) ;
#2183 = APPROVAL_PERSON_ORGANIZATION ( #7609, #3167, #7745 ) ;
#2184 = PERSON_AND_ORGANIZATION_ROLE ( 'creator' ) ;
#2185 = ORIENTED_EDGE ( 'NONE', *, *, #6499, .F. ) ;
#2186 = CARTESIAN_POINT ( 'NONE',  ( 25.50000000000000000, 2.500000000000000000, 60.00000000000000000 ) ) ;
#2187 = CC_DESIGN_PERSON_AND_ORGANIZATION_ASSIGNMENT ( #1062, #4537, ( #4307 ) ) ;
#2188 = PLANE ( 'NONE',  #5980 ) ;
#2189 = VERTEX_POINT ( 'NONE', #6430 ) ;
#2190 = LOCAL_TIME ( 21, 54, 55.00000000000000000, #6219 ) ;
#2191 = CARTESIAN_POINT ( 'NONE',  ( -1.750000000000000000, 2.500000000000000000, 6.500000000000000000 ) ) ;
#2192 = CARTESIAN_POINT ( 'NONE',  ( -57.50000000000000000, 35.00000000000000000, 85.00000000000000000 ) ) ;
#2193 = PERSON_AND_ORGANIZATION ( #5260, #6155 ) ;
#2194 = APPROVAL_PERSON_ORGANIZATION ( #7151, #7293, #7864 ) ;
#2195 = COORDINATED_UNIVERSAL_TIME_OFFSET ( 8, 0, .AHEAD. ) ;
#2196 = CARTESIAN_POINT ( 'NONE',  ( 0.000000000000000000, 3.000000000000000000, 98.50000000000000000 ) ) ;
#2197 = EDGE_CURVE ( 'NONE', #7450, #1905, #132, .T. ) ;
#2198 = FACE_OUTER_BOUND ( 'NONE', #5072, .T. ) ;
#2199 = EDGE_LOOP ( 'NONE', ( #8441, #7008, #3142, #8610 ) ) ;
#2200 = EDGE_CURVE ( 'NONE', #6085, #8271, #7823, .T. ) ;
#2201 = LOCAL_TIME ( 21, 54, 55.00000000000000000, #3217 ) ;
#2202 = EDGE_CURVE ( 'NONE', #8373, #3663, #4296, .T. ) ;
#2203 = PLANE ( 'NONE',  #6483 ) ;
#2204 = FACE_BOUND ( 'NONE', #3865, .T. ) ;
#2205 = VERTEX_POINT ( 'NONE', #2294 ) ;
#2206 = DATE_TIME_ROLE ( 'classification_date' ) ;
#2207 = ORIENTED_EDGE ( 'NONE', *, *, #1952, .F. ) ;
#2208 = ORGANIZATION ( 'NAUO-ORG19', 'UNSPECIFIED', 'UNSPECIFIED' ) ;
#2209 = PLANE ( 'NONE',  #7072 ) ;
#2210 = DIRECTION ( 'NONE',  ( -0.000000000000000000, 1.000000000000000000, -0.000000000000000000 ) ) ;
#2211 = DIRECTION ( 'NONE',  ( -0.000000000000000000, -0.000000000000000000, 1.000000000000000000 ) ) ;
#2212 = ORIENTED_EDGE ( 'NONE', *, *, #6284, .T. ) ;
#2213 = CARTESIAN_POINT ( 'NONE',  ( 39.00000000000000000, 36.00000000000000000, 21.30000000000000071 ) ) ;
#2214 = DATE_AND_TIME ( #235, #3044 ) ;
#2215 = VECTOR ( 'NONE', #8351, 1000.000000000000000 ) ;
#2216 = VECTOR ( 'NONE', #833, 1000.000000000000000 ) ;
#2217 = CALENDAR_DATE ( 2026, 26, 7 ) ;
#2218 = EDGE_CURVE ( 'NONE', #3394, #4247, #223, .T. ) ;
#2219 = ORIENTED_EDGE ( 'NONE', *, *, #3145, .T. ) ;
#2220 = CONTEXT_DEPENDENT_SHAPE_REPRESENTATION ( #1108, #2106 ) ;
#2221 = ORIENTED_EDGE ( 'NONE', *, *, #6882, .F. ) ;
#2222 = ORIENTED_EDGE ( 'NONE', *, *, #6253, .T. ) ;
#2223 = VECTOR ( 'NONE', #5075, 1000.000000000000000 ) ;
#2224 = PLANE ( 'NONE',  #2506 ) ;
#2225 = VERTEX_POINT ( 'NONE', #7022 ) ;
#2226 = PRODUCT_DEFINITION ( '未知', '', #5316, #1011 ) ;
#2227 = CARTESIAN_POINT ( 'NONE',  ( -60.14999999999999858, 0.000000000000000000, -28.84999999999999787 ) ) ;
#2228 =( NAMED_UNIT ( * ) PLANE_ANGLE_UNIT ( ) SI_UNIT ( $, .RADIAN. ) );
#2229 = APPROVAL_ROLE ( '' ) ;
#2230 = AXIS2_PLACEMENT_3D ( 'NONE', #1855, #4572, #2397 ) ;
#2231 = EDGE_LOOP ( 'NONE', ( #5834, #4464 ) ) ;
#2232 = DIRECTION ( 'NONE',  ( 0.000000000000000000, 0.000000000000000000, 1.000000000000000000 ) ) ;
#2233 = CARTESIAN_POINT ( 'NONE',  ( -13.00000000000000000, 0.000000000000000000, 56.00000000000000000 ) ) ;
#2234 = ORIENTED_EDGE ( 'NONE', *, *, #8850, .T. ) ;
#2235 = VECTOR ( 'NONE', #3596, 1000.000000000000000 ) ;
#2236 = CARTESIAN_POINT ( 'NONE',  ( 14.50000000000000000, 2.500000000000000000, -7.750000000000000000 ) ) ;
#2237 = PLANE ( 'NONE',  #3661 ) ;
#2238 = EDGE_CURVE ( 'NONE', #7408, #4627, #1045, .T. ) ;
#2239 = VECTOR ( 'NONE', #8691, 1000.000000000000000 ) ;
#2240 = DIRECTION ( 'NONE',  ( 0.000000000000000000, 0.000000000000000000, -1.000000000000000000 ) ) ;
#2241 = CALENDAR_DATE ( 2026, 26, 7 ) ;
#2242 = APPROVAL_STATUS ( 'not_yet_approved' ) ;
#2243 = MANIFOLD_SOLID_BREP ( '凸台-拉伸1', #7264 ) ;
#2244 = LINE ( 'NONE', #264, #4004 ) ;
#2245 = PLANE ( 'NONE',  #6808 ) ;
#2246 = ORIENTED_EDGE ( 'NONE', *, *, #2098, .T. ) ;
#2247 = DIRECTION ( 'NONE',  ( 0.000000000000000000, 0.000000000000000000, -1.000000000000000000 ) ) ;
#2248 = ADVANCED_FACE ( 'NONE', ( #1625 ), #5583, .F. ) ;
#2249 = DIRECTION ( 'NONE',  ( 0.000000000000000000, 0.000000000000000000, -1.000000000000000000 ) ) ;
#2250 = ADVANCED_FACE ( 'NONE', ( #2198 ), #6300, .F. ) ;
#2251 = APPROVAL_DATE_TIME ( #8345, #8857 ) ;
#2252 = VERTEX_POINT ( 'NONE', #8520 ) ;
#2253 = FACE_OUTER_BOUND ( 'NONE', #7141, .T. ) ;
#2254 = PRODUCT ( 'FN-PLT-005_fr4-5MM_8HOLE-NOMINAL_R0.5', 'FN-PLT-005_fr4-5MM_8HOLE-NOMINAL_R0.5', '', ( #272 ) ) ;
#2255 = DESIGN_CONTEXT ( 'detailed design', #1268, 'design' ) ;
#2256 = CARTESIAN_POINT ( 'NONE',  ( -16.25000000000000000, 0.000000000000000000, -76.00000000000000000 ) ) ;
#2257 = ORIENTED_EDGE ( 'NONE', *, *, #8448, .F. ) ;
#2258 = EDGE_CURVE ( 'NONE', #1285, #826, #8854, .T. ) ;
#2259 = DIRECTION ( 'NONE',  ( 0.000000000000000000, 1.000000000000000000, -0.000000000000000000 ) ) ;
#2260 = PERSON_AND_ORGANIZATION ( #5260, #6155 ) ;
#2261 = AXIS2_PLACEMENT_3D ( 'NONE', #866, #3763, #8334 ) ;
#2262 = EDGE_CURVE ( 'NONE', #5415, #5479, #4256, .T. ) ;
#2263 = APPROVAL_ROLE ( '' ) ;
#2264 = ORIENTED_EDGE ( 'NONE', *, *, #3180, .T. ) ;
#2265 = CONTEXT_DEPENDENT_SHAPE_REPRESENTATION ( #1438, #1841 ) ;
#2266 = VERTEX_POINT ( 'NONE', #8388 ) ;
#2267 = VECTOR ( 'NONE', #2926, 1000.000000000000000 ) ;
#2268 = CARTESIAN_POINT ( 'NONE',  ( -39.00000000000000000, 36.00000000000000000, -19.50000000000000000 ) ) ;
#2269 = EDGE_LOOP ( 'NONE', ( #2295, #5787, #2373, #7769 ) ) ;
#2270 = CARTESIAN_POINT ( 'NONE',  ( -39.00000000000000000, 3.000000000000000000, -19.50000000000000000 ) ) ;
#2271 = VECTOR ( 'NONE', #2956, 1000.000000000000000 ) ;
#2272 = MANIFOLD_SOLID_BREP ( '凸台-拉伸3', #7271 ) ;
#2273 =( LENGTH_UNIT ( ) NAMED_UNIT ( * ) SI_UNIT ( .MILLI., .METRE. ) );
#2274 = APPROVAL_DATE_TIME ( #8412, #8126 ) ;
#2275 = EDGE_LOOP ( 'NONE', ( #2859, #6411, #757, #8630, #8032, #5648, #1530, #329, #2246, #6285 ) ) ;
#2276 = CC_DESIGN_PERSON_AND_ORGANIZATION_ASSIGNMENT ( #6657, #4652, ( #7758 ) ) ;
#2277 = CARTESIAN_POINT ( 'NONE',  ( 0.000000000000000000, 0.000000000000000000, 0.000000000000000000 ) ) ;
#2278 = VECTOR ( 'NONE', #4150, 1000.000000000000000 ) ;
#2279 = PERSON ( 'NAUO-PER10', 'UNSPECIFIED', 'UNSPECIFIED', ('UNSPECIFIED'), ('UNSPECIFIED'), ('UNSPECIFIED') ) ;
#2280 = FACE_OUTER_BOUND ( 'NONE', #5974, .T. ) ;
#2282 = VERTEX_POINT ( 'NONE', #913 ) ;
#2281 = VECTOR ( 'NONE', #3447, 1000.000000000000000 ) ;
#2283 = DIRECTION ( 'NONE',  ( -1.000000000000000000, 0.000000000000000000, 0.000000000000000000 ) ) ;
#2284 = AXIS2_PLACEMENT_3D ( 'NONE', #8095, #5447, #5981 ) ;
#2285 = CLOSED_SHELL ( 'NONE', ( #6026, #439, #3988, #6508, #4058, #1071, #3682, #2093, #8464, #1655 ) ) ;
#2286 = CARTESIAN_POINT ( 'NONE',  ( -60.14999999999999858, 0.000000000000000000, 30.60000000000000142 ) ) ;
#2287 = DIRECTION ( 'NONE',  ( 1.000000000000000000, 0.000000000000000000, 0.000000000000000000 ) ) ;
#2288 = PERSON_AND_ORGANIZATION ( #5260, #6155 ) ;
#2289 = CALENDAR_DATE ( 2026, 26, 7 ) ;
#2290 = VECTOR ( 'NONE', #7554, 1000.000000000000000 ) ;
#2291 = APPROVAL ( #5213, '未指定' ) ;
#2292 = DIRECTION ( 'NONE',  ( 1.000000000000000000, 0.000000000000000000, 0.000000000000000000 ) ) ;
#2293 = ADVANCED_FACE ( 'NONE', ( #7332 ), #6519, .F. ) ;
#2294 = CARTESIAN_POINT ( 'NONE',  ( -138.0327499999999930, 3.000000000000030198, 98.50000000000000000 ) ) ;
#2295 = ORIENTED_EDGE ( 'NONE', *, *, #342, .F. ) ;
#2296 = CARTESIAN_POINT ( 'NONE',  ( 23.00000000000000000, 10.00000000000000000, -10.50000000000000000 ) ) ;
#2297 = CARTESIAN_POINT ( 'NONE',  ( 60.00000000000000000, 28.00000000000000000, 124.4500000000000028 ) ) ;
#2298 = DATE_AND_TIME ( #5639, #2190 ) ;
#2299 = LINE ( 'NONE', #4390, #2733 ) ;
#2300 = CARTESIAN_POINT ( 'NONE',  ( -39.00000000000000000, 36.00000000000000000, -19.50000000000000000 ) ) ;
#2301 = APPROVAL ( #862, '未指定' ) ;
#2302 = AXIS2_PLACEMENT_3D ( 'NONE', #1790, #6637, #5338 ) ;
#2303 = EDGE_CURVE ( 'NONE', #3270, #5559, #3109, .T. ) ;
#2304 = PLANE ( 'NONE',  #3645 ) ;
#2305 = VERTEX_POINT ( 'NONE', #8047 ) ;
#2306 = CARTESIAN_POINT ( 'NONE',  ( 136.0000000000000000, 5.000000000000000000, 96.50000000000000000 ) ) ;
#2307 = CALENDAR_DATE ( 2026, 26, 7 ) ;
#2308 = APPROVAL_ROLE ( '' ) ;
#2309 = CIRCLE ( 'NONE', #1455, 1.750000000000001554 ) ;
#2310 = ORIENTED_EDGE ( 'NONE', *, *, #2164, .F. ) ;
#2311 = COORDINATED_UNIVERSAL_TIME_OFFSET ( 8, 0, .AHEAD. ) ;
#2312 = VERTEX_POINT ( 'NONE', #4563 ) ;
#2313 = EDGE_CURVE ( 'NONE', #632, #1127, #7241, .T. ) ;
#2314 = CARTESIAN_POINT ( 'NONE',  ( -9.500000000000000000, 2.500000000000000000, -19.50000000000000000 ) ) ;
#2315 = VECTOR ( 'NONE', #2018, 1000.000000000000000 ) ;
#2316 = ORIENTED_EDGE ( 'NONE', *, *, #7916, .F. ) ;
#2317 = CC_DESIGN_APPROVAL ( #1324, ( #6062 ) ) ;
#2318 = VECTOR ( 'NONE', #5668, 1000.000000000000000 ) ;
#2319 = CARTESIAN_POINT ( 'NONE',  ( 60.14999999999999858, 5.000000000000000000, -81.75000000000000000 ) ) ;
#2320 = CARTESIAN_POINT ( 'NONE',  ( 158.9499999999999886, 3.000000000000000000, 119.4500000000000028 ) ) ;
#2321 = APPROVAL_DATE_TIME ( #6283, #5507 ) ;
#2322 = PRODUCT_DEFINITION_FORMATION_WITH_SPECIFIED_SOURCE ( '任何', '', #7676, .NOT_KNOWN. ) ;
#2323 = ORIENTED_EDGE ( 'NONE', *, *, #2089, .T. ) ;
#2324 = VECTOR ( 'NONE', #5971, 1000.000000000000000 ) ;
#2325 = ORIENTED_EDGE ( 'NONE', *, *, #668, .F. ) ;
#2326 = CARTESIAN_POINT ( 'NONE',  ( -19.00000000000000000, 0.000000000000000000, -9.000000000000000000 ) ) ;
#2327 = DIRECTION ( 'NONE',  ( 0.000000000000000000, -1.000000000000000000, 0.000000000000000000 ) ) ;
#2328 = ORIENTED_EDGE ( 'NONE', *, *, #8675, .F. ) ;
#2329 = CARTESIAN_POINT ( 'NONE',  ( 54.00000000000000000, 0.000000000000000000, -83.10000000000000853 ) ) ;
#2330 = DIRECTION ( 'NONE',  ( 0.000000000000000000, 0.000000000000000000, -1.000000000000000000 ) ) ;
#2331 = CC_DESIGN_APPROVAL ( #5507, ( #461 ) ) ;
#2332 = AXIS2_PLACEMENT_3D ( 'NONE', #6922, #128, #4733 ) ;
#2333 = APPROVAL ( #1452, 'UNKNOWN' ) ;
#2334 = CARTESIAN_POINT ( 'NONE',  ( -4.000000000000000000, 2.500000000000000000, -56.00000000000000000 ) ) ;
#2335 = PERSON_AND_ORGANIZATION_ROLE ( 'design_supplier' ) ;
#2336 = APPROVAL_DATE_TIME ( #4422, #7558 ) ;
#2337 = EDGE_CURVE ( 'NONE', #698, #6804, #3893, .T. ) ;
#2338 = CARTESIAN_POINT ( 'NONE',  ( 6.000000000000000000, 0.000000000000000000, 6.000000000000000000 ) ) ;
#2339 = CC_DESIGN_SECURITY_CLASSIFICATION ( #327, ( #7034 ) ) ;
#2340 = FACE_OUTER_BOUND ( 'NONE', #8785, .T. ) ;
#2341 = VERTEX_POINT ( 'NONE', #1933 ) ;
#2342 = CC_DESIGN_PERSON_AND_ORGANIZATION_ASSIGNMENT ( #1410, #4793, ( #3901 ) ) ;
#2343 = DIRECTION ( 'NONE',  ( 1.000000000000000000, -0.000000000000000000, 0.000000000000000000 ) ) ;
#2344 = ORGANIZATION ( 'NAUO-ORG3', 'UNSPECIFIED', 'UNSPECIFIED' ) ;
#2345 = FACE_OUTER_BOUND ( 'NONE', #67, .T. ) ;
#2346 = DATE_AND_TIME ( #8480, #6313 ) ;
#2347 = CARTESIAN_POINT ( 'NONE',  ( -19.00000000000000000, 15.00000000000000000, 9.000000000000000000 ) ) ;
#2348 = DIRECTION ( 'NONE',  ( 1.000000000000000000, -0.000000000000000000, 0.000000000000000000 ) ) ;
#2349 = CC_DESIGN_APPROVAL ( #7558, ( #5614 ) ) ;
#2350 = DIRECTION ( 'NONE',  ( -0.000000000000000000, 1.000000000000000000, -0.000000000000000000 ) ) ;
#2351 = ORIENTED_EDGE ( 'NONE', *, *, #6175, .F. ) ;
#2352 = CARTESIAN_POINT ( 'NONE',  ( 0.000000000000000000, 0.000000000000000000, 0.000000000000000000 ) ) ;
#2353 = CALENDAR_DATE ( 2026, 26, 7 ) ;
#2354 = CC_DESIGN_PERSON_AND_ORGANIZATION_ASSIGNMENT ( #6066, #6783, ( #7878 ) ) ;
#2355 = LOCAL_TIME ( 21, 54, 55.00000000000000000, #285 ) ;
#2356 = VERTEX_POINT ( 'NONE', #8565 ) ;
#2357 = COORDINATED_UNIVERSAL_TIME_OFFSET ( 8, 0, .AHEAD. ) ;
#2358 = AXIS2_PLACEMENT_3D ( 'NONE', #593, #5407, #3333 ) ;
#2359 = ORIENTED_EDGE ( 'NONE', *, *, #4719, .F. ) ;
#2360 = DATE_AND_TIME ( #3559, #3081 ) ;
#2361 = ORIENTED_EDGE ( 'NONE', *, *, #8395, .F. ) ;
#2362 = CARTESIAN_POINT ( 'NONE',  ( -60.00000000000000000, 3.000000000000000000, 42.50000000000000000 ) ) ;
#2363 = VERTEX_POINT ( 'NONE', #8737 ) ;
#2364 = CIRCLE ( 'NONE', #5773, 1.600000000000004086 ) ;
#2365 = DIRECTION ( 'NONE',  ( 0.000000000000000000, 0.000000000000000000, -1.000000000000000000 ) ) ;
#2366 = DIRECTION ( 'NONE',  ( 0.000000000000000000, 0.000000000000000000, -1.000000000000000000 ) ) ;
#2367 = CC_DESIGN_PERSON_AND_ORGANIZATION_ASSIGNMENT ( #4756, #2822, ( #6440 ) ) ;
#2368 = EDGE_CURVE ( 'NONE', #3130, #5378, #4647, .T. ) ;
#2369 =( NAMED_UNIT ( * ) PLANE_ANGLE_UNIT ( ) SI_UNIT ( $, .RADIAN. ) );
#2370 = PERSON_AND_ORGANIZATION ( #5260, #6155 ) ;
#2371 = VECTOR ( 'NONE', #4501, 1000.000000000000000 ) ;
#2372 = VERTEX_POINT ( 'NONE', #6612 ) ;
#2373 = ORIENTED_EDGE ( 'NONE', *, *, #6067, .T. ) ;
#2374 = ADVANCED_FACE ( 'NONE', ( #4475 ), #2427, .F. ) ;
#2375 = LINE ( 'NONE', #3996, #4472 ) ;
#2376 = CARTESIAN_POINT ( 'NONE',  ( 39.00000000000000000, 0.000000000000000000, -19.50000000000000000 ) ) ;
#2377 = VERTEX_POINT ( 'NONE', #1176 ) ;
#2378 = CARTESIAN_POINT ( 'NONE',  ( 0.000000000000000000, 2.500000000000000000, 0.000000000000000000 ) ) ;
#2379 = EDGE_CURVE ( 'NONE', #3050, #5309, #7958, .T. ) ;
#2380 = DIRECTION ( 'NONE',  ( -0.000000000000000000, -0.000000000000000000, 1.000000000000000000 ) ) ;
#2381 = PERSON_AND_ORGANIZATION ( #5260, #6155 ) ;
#2382 = ADVANCED_FACE ( 'NONE', ( #3850, #5805, #3241, #8697, #4521, #5846, #3152, #5135, #6478 ), #2567, .T. ) ;
#2383 = APPROVAL_STATUS ( 'not_yet_approved' ) ;
#2384 = MANIFOLD_SOLID_BREP ( '切除-拉伸1', #6123 ) ;
#2385 = VECTOR ( 'NONE', #4886, 1000.000000000000000 ) ;
#2386 = DIRECTION ( 'NONE',  ( 0.000000000000000000, 0.000000000000000000, -1.000000000000000000 ) ) ;
#2387 = CARTESIAN_POINT ( 'NONE',  ( -3.750000000000000000, 2.500000000000000000, 12.75000000000000000 ) ) ;
#2388 = LINE ( 'NONE', #103, #2235 ) ;
#2389 = VERTEX_POINT ( 'NONE', #7203 ) ;
#2390 = AXIS2_PLACEMENT_3D ( 'NONE', #7013, #8462, #1663 ) ;
#2391 = CARTESIAN_POINT ( 'NONE',  ( -23.00000000000000000, 10.00000000000000000, 10.50000000000000000 ) ) ;
#2392 = DIRECTION ( 'NONE',  ( 0.000000000000000000, 0.000000000000000000, 1.000000000000000000 ) ) ;
#2393 = PERSON_AND_ORGANIZATION_ROLE ( 'creator' ) ;
#2394 = VERTEX_POINT ( 'NONE', #8658 ) ;
#2395 = CC_DESIGN_PERSON_AND_ORGANIZATION_ASSIGNMENT ( #4636, #1042, ( #5614 ) ) ;
#2396 = DIRECTION ( 'NONE',  ( 1.000000000000000000, -0.000000000000000000, 0.000000000000000000 ) ) ;
#2397 = DIRECTION ( 'NONE',  ( -1.000000000000000000, 0.000000000000000000, 0.000000000000000000 ) ) ;
#2398 = EDGE_LOOP ( 'NONE', ( #4191, #236, #5335, #5097 ) ) ;
#2399 = DIRECTION ( 'NONE',  ( 0.000000000000000000, 0.000000000000000000, -1.000000000000000000 ) ) ;
#2400 = CALENDAR_DATE ( 2026, 26, 7 ) ;
#2401 = ORIENTED_EDGE ( 'NONE', *, *, #5937, .F. ) ;
#2402 = PERSON_AND_ORGANIZATION ( #5260, #6155 ) ;
#2403 = VECTOR ( 'NONE', #2830, 1000.000000000000000 ) ;
#2404 = VERTEX_POINT ( 'NONE', #1134 ) ;
#2405 = PERSON_AND_ORGANIZATION_ROLE ( 'classification_officer' ) ;
#2406 = EDGE_LOOP ( 'NONE', ( #8567, #599, #2949, #8632, #1258, #1423, #4405, #4668 ) ) ;
#2407 = ADVANCED_FACE ( 'NONE', ( #1092 ), #7996, .F. ) ;
#2408 = DIRECTION ( 'NONE',  ( 0.000000000000000000, 1.000000000000000000, 0.000000000000000000 ) ) ;
#2409 = ORIENTED_EDGE ( 'NONE', *, *, #6462, .F. ) ;
#2410 = LINE ( 'NONE', #5118, #5858 ) ;
#2411 = DIRECTION ( 'NONE',  ( 0.000000000000000000, -0.000000000000000000, -1.000000000000000000 ) ) ;
#2412 = PERSON_AND_ORGANIZATION ( #5260, #6155 ) ;
#2413 = ORIENTED_EDGE ( 'NONE', *, *, #3145, .F. ) ;
#2414 = VERTEX_POINT ( 'NONE', #7915 ) ;
#2415 = FACE_BOUND ( 'NONE', #5214, .T. ) ;
#2416 = LINE ( 'NONE', #7192, #1493 ) ;
#2417 = ORIENTED_EDGE ( 'NONE', *, *, #1765, .T. ) ;
#2418 = EDGE_CURVE ( 'NONE', #2088, #657, #2477, .T. ) ;
#2419 = CARTESIAN_POINT ( 'NONE',  ( 136.0000000000000000, 5.000000000000000000, -96.50000000000000000 ) ) ;
#2420 = ADVANCED_FACE ( 'NONE', ( #5184 ), #1802, .T. ) ;
#2421 = AXIS2_PLACEMENT_3D ( 'NONE', #8605, #6562, #3196 ) ;
#2422 = DIRECTION ( 'NONE',  ( 0.000000000000000000, 0.000000000000000000, -1.000000000000000000 ) ) ;
#2423 = COORDINATED_UNIVERSAL_TIME_OFFSET ( 8, 0, .AHEAD. ) ;
#2424 = SECURITY_CLASSIFICATION_LEVEL ( 'unclassified' ) ;
#2425 = MANIFOLD_SOLID_BREP ( '凸台-拉伸1', #4412 ) ;
#2426 = FACE_OUTER_BOUND ( 'NONE', #6916, .T. ) ;
#2427 = PLANE ( 'NONE',  #408 ) ;
#2428 = UNCERTAINTY_MEASURE_WITH_UNIT (LENGTH_MEASURE( 1.000000000000000082E-05 ), #4154, 'distance_accuracy_value', 'NONE');
#2429 = EDGE_CURVE ( 'NONE', #422, #6584, #1220, .T. ) ;
#2430 = LINE ( 'NONE', #2163, #6089 ) ;
#2431 = VERTEX_POINT ( 'NONE', #6070 ) ;
#2432 = DIRECTION ( 'NONE',  ( 0.000000000000000000, -1.000000000000000000, 0.000000000000000000 ) ) ;
#2433 = VECTOR ( 'NONE', #7546, 1000.000000000000000 ) ;
#2434 = CARTESIAN_POINT ( 'NONE',  ( -23.00000000000000000, 10.00000000000000000, 10.50000000000000000 ) ) ;
#2435 = CLOSED_SHELL ( 'NONE', ( #6962, #4227, #7525, #5471, #4332, #8622, #6669, #1938, #950, #8322, #2819, #1776, #3887, #3360 ) ) ;
#2436 = PERSON_AND_ORGANIZATION ( #5260, #6155 ) ;
#2437 = DIRECTION ( 'NONE',  ( -0.000000000000000000, -0.000000000000000000, 1.000000000000000000 ) ) ;
#2438 = CIRCLE ( 'NONE', #2725, 8.249999999999992895 ) ;
#2439 = CARTESIAN_POINT ( 'NONE',  ( 60.00000000000000000, 0.000000000000000000, 42.50000000000000000 ) ) ;
#2440 = MANIFOLD_SOLID_BREP ( '凸台-拉伸3', #1156 ) ;
#2441 = DIRECTION ( 'NONE',  ( 0.000000000000000000, 0.000000000000000000, -1.000000000000000000 ) ) ;
#2442 = DIRECTION ( 'NONE',  ( 1.000000000000000000, -0.000000000000000000, 0.000000000000000000 ) ) ;
#2443 = DATE_AND_TIME ( #1192, #7015 ) ;
#2444 = ORIENTED_EDGE ( 'NONE', *, *, #5063, .F. ) ;
#2445 = CALENDAR_DATE ( 2026, 26, 7 ) ;
#2446 = VECTOR ( 'NONE', #8472, 1000.000000000000000 ) ;
#2447 = VERTEX_POINT ( 'NONE', #7458 ) ;
#2448 = DATE_AND_TIME ( #468, #2066 ) ;
#2449 = ORIENTED_EDGE ( 'NONE', *, *, #8440, .F. ) ;
#2450 = VECTOR ( 'NONE', #8488, 1000.000000000000000 ) ;
#2451 = ADVANCED_FACE ( 'NONE', ( #4111 ), #2736, .F. ) ;
#2452 = CARTESIAN_POINT ( 'NONE',  ( -19.00000000000000000, 15.00000000000000000, 9.000000000000000000 ) ) ;
#2453 = VERTEX_POINT ( 'NONE', #4778 ) ;
#2454 = CARTESIAN_POINT ( 'NONE',  ( -25.50000000000000000, 2.500000000000000000, 44.00000000000000000 ) ) ;
#2455 = VECTOR ( 'NONE', #2483, 1000.000000000000000 ) ;
#2456 = DIRECTION ( 'NONE',  ( -0.000000000000000000, -1.000000000000000000, -0.000000000000000000 ) ) ;
#2457 = PRODUCT_DEFINITION ( '未知', '', #7034, #459 ) ;
#2458 = AXIS2_PLACEMENT_3D ( 'NONE', #1331, #5421, #8486 ) ;
#2459 = DATE_AND_TIME ( #7270, #607 ) ;
#2460 = ORIENTED_EDGE ( 'NONE', *, *, #7225, .F. ) ;
#2461 = VECTOR ( 'NONE', #5008, 1000.000000000000000 ) ;
#2462 = ORIENTED_EDGE ( 'NONE', *, *, #8498, .T. ) ;
#2463 = CARTESIAN_POINT ( 'NONE',  ( -3.750000000000000000, 2.500000000000000000, 8.250000000000000000 ) ) ;
#2464 = APPROVAL_PERSON_ORGANIZATION ( #2989, #1539, #8579 ) ;
#2465 = VECTOR ( 'NONE', #2874, 1000.000000000000000 ) ;
#2466 = LINE ( 'NONE', #485, #1449 ) ;
#2467 = VERTEX_POINT ( 'NONE', #7500 ) ;
#2468 = CARTESIAN_POINT ( 'NONE',  ( 19.00000000000000000, 0.000000000000000000, -9.000000000000000000 ) ) ;
#2469 = CIRCLE ( 'NONE', #5140, 1.799999999999999600 ) ;
#2470 = APPROVAL_PERSON_ORGANIZATION ( #4378, #8549, #7862 ) ;
#2471 = DIRECTION ( 'NONE',  ( 0.000000000000000000, 0.000000000000000000, -1.000000000000000000 ) ) ;
#2472 = COORDINATED_UNIVERSAL_TIME_OFFSET ( 8, 0, .AHEAD. ) ;
#2473 = PRODUCT_RELATED_PRODUCT_CATEGORY ( 'detail', '', ( #7033 ) ) ;
#2474 = ITEM_DEFINED_TRANSFORMATION ( 'NONE', 'NONE', #3756,  #7312 ) ;
#2475 = MANIFOLD_SOLID_BREP ( '凸台-拉伸6', #6402 ) ;
#2476 = CARTESIAN_POINT ( 'NONE',  ( 39.00000000000000000, 38.00000000000000000, -19.50000000000000000 ) ) ;
#2477 = LINE ( 'NONE', #2526, #7971 ) ;
#2478 = LOCAL_TIME ( 21, 54, 55.00000000000000000, #6857 ) ;
#2479 = DIRECTION ( 'NONE',  ( -0.000000000000000000, -1.000000000000000000, -0.000000000000000000 ) ) ;
#2480 = AXIS2_PLACEMENT_3D ( 'NONE', #3433, #8117, #2126 ) ;
#2481 = ORIENTED_EDGE ( 'NONE', *, *, #112, .F. ) ;
#2482 = DIRECTION ( 'NONE',  ( 1.000000000000000000, 0.000000000000000000, -0.000000000000000000 ) ) ;
#2483 = DIRECTION ( 'NONE',  ( -0.000000000000000000, -0.000000000000000000, 1.000000000000000000 ) ) ;
#2484 = EDGE_CURVE ( 'NONE', #5206, #753, #1133, .T. ) ;
#2485 = CC_DESIGN_APPROVAL ( #2840, ( #6605 ) ) ;
#2486 = MECHANICAL_CONTEXT ( 'NONE', #7583, 'mechanical' ) ;
#2487 = CARTESIAN_POINT ( 'NONE',  ( -39.00000000000000000, 0.000000000000000000, -18.24999999999999645 ) ) ;
#2488 = LINE ( 'NONE', #7880, #396 ) ;
#2489 = SHAPE_REPRESENTATION ( 'FN-PCB-004_carrier_ROTATED-CCW_4HOLE_R0.5', ( #7312 ), #7738 ) ;
#2490 = EDGE_CURVE ( 'NONE', #5378, #7306, #1302, .T. ) ;
#2491 = ORGANIZATION ( 'NAUO-ORG4', 'UNSPECIFIED', 'UNSPECIFIED' ) ;
#2492 = CIRCLE ( 'NONE', #7468, 3.250000000000002665 ) ;
#2493 = DIRECTION ( 'NONE',  ( 1.000000000000000000, -0.000000000000000000, 0.000000000000000000 ) ) ;
#2494 = CARTESIAN_POINT ( 'NONE',  ( -60.14999999999999858, 7.000000000000000000, 81.75000000000000000 ) ) ;
#2495 = COORDINATED_UNIVERSAL_TIME_OFFSET ( 8, 0, .AHEAD. ) ;
#2496 = APPROVAL_ROLE ( '' ) ;
#2497 = VERTEX_POINT ( 'NONE', #6159 ) ;
#2498 = PERSON_AND_ORGANIZATION_ROLE ( 'classification_officer' ) ;
#2499 = ORIENTED_EDGE ( 'NONE', *, *, #4294, .F. ) ;
#2500 = LOCAL_TIME ( 21, 54, 55.00000000000000000, #6144 ) ;
#2501 = ORIENTED_EDGE ( 'NONE', *, *, #4000, .F. ) ;
#2502 = LINE ( 'NONE', #2362, #6064 ) ;
#2503 = ORIENTED_EDGE ( 'NONE', *, *, #5666, .T. ) ;
#2504 = CARTESIAN_POINT ( 'NONE',  ( 57.50000000000000000, 1.600000000000000089, -85.00000000000000000 ) ) ;
#2505 = CC_DESIGN_SECURITY_CLASSIFICATION ( #1356, ( #8877 ) ) ;
#2506 = AXIS2_PLACEMENT_3D ( 'NONE', #937, #6278, #1472 ) ;
#2507 = LINE ( 'NONE', #7984, #5997 ) ;
#2508 = VECTOR ( 'NONE', #5457, 1000.000000000000000 ) ;
#2509 =( LENGTH_UNIT ( ) NAMED_UNIT ( * ) SI_UNIT ( .MILLI., .METRE. ) );
#2510 = PERSON_AND_ORGANIZATION ( #5260, #6155 ) ;
#2511 = ORIENTED_EDGE ( 'NONE', *, *, #3835, .T. ) ;
#2512 = EDGE_LOOP ( 'NONE', ( #2644, #2499 ) ) ;
#2513 = FACE_OUTER_BOUND ( 'NONE', #1338, .T. ) ;
#2514 = VECTOR ( 'NONE', #3787, 1000.000000000000000 ) ;
#2515 = CC_DESIGN_PERSON_AND_ORGANIZATION_ASSIGNMENT ( #2798, #6759, ( #2912 ) ) ;
#2516 = CARTESIAN_POINT ( 'NONE',  ( 28.00000000000000000, 3.000000000000000000, -15.50000000000000000 ) ) ;
#2517 = EDGE_CURVE ( 'NONE', #6091, #4936, #1432, .T. ) ;
#2518 = VERTEX_POINT ( 'NONE', #3407 ) ;
#2519 = CARTESIAN_POINT ( 'NONE',  ( 8.500000000000000000, 2.500000000000000000, 6.000000000000000000 ) ) ;
#2520 = AXIS2_PLACEMENT_3D ( 'NONE', #7309, #5826, #7263 ) ;
#2521 = LINE ( 'NONE', #5222, #4166 ) ;
#2522 = DATE_TIME_ROLE ( 'creation_date' ) ;
#2523 = VECTOR ( 'NONE', #7036, 1000.000000000000000 ) ;
#2524 = CIRCLE ( 'NONE', #1097, 1.250000000000004663 ) ;
#2525 = PLANE ( 'NONE',  #6571 ) ;
#2526 = CARTESIAN_POINT ( 'NONE',  ( -1.750000000000000000, 2.500000000000000000, -6.500000000000000888 ) ) ;
#2527 = EDGE_CURVE ( 'NONE', #6584, #2225, #6395, .T. ) ;
#2528 = DIRECTION ( 'NONE',  ( 1.000000000000000000, 0.000000000000000000, 0.000000000000000000 ) ) ;
#2529 = CARTESIAN_POINT ( 'NONE',  ( 14.50000000000000000, 2.500000000000000000, -12.25000000000000000 ) ) ;
#2530 = DIRECTION ( 'NONE',  ( 0.000000000000000000, -1.000000000000000000, 0.000000000000000000 ) ) ;
#2531 = DATE_TIME_ROLE ( 'creation_date' ) ;
#2532 = CARTESIAN_POINT ( 'NONE',  ( -20.25000000000000000, 2.500000000000000000, -72.00000000000000000 ) ) ;
#2533 = AXIS2_PLACEMENT_3D ( 'NONE', #5774, #2396, #5104 ) ;
#2534 = APPLICATION_CONTEXT ( 'configuration controlled 3d designs of mechanical parts and assemblies' ) ;
#2535 = PLANE ( 'NONE',  #7381 ) ;
#2536 = VECTOR ( 'NONE', #8420, 1000.000000000000000 ) ;
#2537 = ADVANCED_FACE ( 'NONE', ( #8788 ), #8828, .F. ) ;
#2538 = LINE ( 'NONE', #740, #7236 ) ;
#2539 = EDGE_CURVE ( 'NONE', #2394, #3273, #578, .T. ) ;
#2540 = CYLINDRICAL_SURFACE ( 'NONE', #883, 1.600000000000004086 ) ;
#2541 = DATE_AND_TIME ( #5154, #308 ) ;
#2542 = VERTEX_POINT ( 'NONE', #6829 ) ;
#2543 = PERSON_AND_ORGANIZATION ( #5260, #6155 ) ;
#2544 = EDGE_LOOP ( 'NONE', ( #4238, #1744, #3519, #3171 ) ) ;
#2545 = CALENDAR_DATE ( 2026, 26, 7 ) ;
#2546 = ORIENTED_EDGE ( 'NONE', *, *, #5295, .T. ) ;
#2547 = ORIENTED_EDGE ( 'NONE', *, *, #425, .F. ) ;
#2548 = LINE ( 'NONE', #6501, #2514 ) ;
#2549 = ORIENTED_EDGE ( 'NONE', *, *, #547, .F. ) ;
#2550 = ADVANCED_FACE ( 'NONE', ( #722 ), #3445, .F. ) ;
#2551 = LINE ( 'NONE', #5248, #6700 ) ;
#2552 = CARTESIAN_POINT ( 'NONE',  ( -158.9499999999999886, 3.000000000000000000, 119.4500000000000028 ) ) ;
#2553 = PERSON_AND_ORGANIZATION ( #5260, #6155 ) ;
#2554 = ORIENTED_EDGE ( 'NONE', *, *, #6075, .T. ) ;
#2555 = VERTEX_POINT ( 'NONE', #2783 ) ;
#2556 = AXIS2_PLACEMENT_3D ( 'NONE', #952, #904, #5128 ) ;
#2557 = CARTESIAN_POINT ( 'NONE',  ( -9.500000000000000000, 2.500000000000000000, 1.500000000000000000 ) ) ;
#2558 = ORIENTED_EDGE ( 'NONE', *, *, #4230, .T. ) ;
#2559 = CIRCLE ( 'NONE', #982, 3.250000000000002665 ) ;
#2560 = CIRCLE ( 'NONE', #1255, 1.750000000000001554 ) ;
#2561 = FACE_OUTER_BOUND ( 'NONE', #6237, .T. ) ;
#2562 = DIRECTION ( 'NONE',  ( -1.000000000000000000, -0.000000000000000000, -0.000000000000000000 ) ) ;
#2563 = PERSON_AND_ORGANIZATION ( #5260, #6155 ) ;
#2564 = CC_DESIGN_DATE_AND_TIME_ASSIGNMENT ( #1820, #7304, ( #5907 ) ) ;
#2565 = ORIENTED_EDGE ( 'NONE', *, *, #899, .F. ) ;
#2566 = CARTESIAN_POINT ( 'NONE',  ( -54.00000000000000000, 3.600000000000000089, -81.50000000000000000 ) ) ;
#2567 = PLANE ( 'NONE',  #6392 ) ;
#2568 = CARTESIAN_POINT ( 'NONE',  ( -158.9499999999999886, 3.000000000000000000, -119.4500000000000028 ) ) ;
#2569 = CARTESIAN_POINT ( 'NONE',  ( 60.00000000000000000, 3.000000000000000000, 42.50000000000000000 ) ) ;
#2570 = DIRECTION ( 'NONE',  ( 1.000000000000000000, -0.000000000000000000, 0.000000000000000000 ) ) ;
#2571 = CC_DESIGN_PERSON_AND_ORGANIZATION_ASSIGNMENT ( #8403, #237, ( #4034 ) ) ;
#2572 = COORDINATED_UNIVERSAL_TIME_OFFSET ( 8, 0, .AHEAD. ) ;
#2573 = EDGE_CURVE ( 'NONE', #7122, #2518, #8225, .T. ) ;
#2574 = PLANE ( 'NONE',  #7003 ) ;
#2575 = CARTESIAN_POINT ( 'NONE',  ( 51.74999999999998579, 28.00000000000000000, 98.50000000000000000 ) ) ;
#2576 = CARTESIAN_POINT ( 'NONE',  ( 60.14999999999999858, 5.000000000000000000, 80.00000000000000000 ) ) ;
#2577 = DIRECTION ( 'NONE',  ( -0.000000000000000000, -0.000000000000000000, 1.000000000000000000 ) ) ;
#2578 = PERSON_AND_ORGANIZATION_ROLE ( 'creator' ) ;
#2579 = COORDINATED_UNIVERSAL_TIME_OFFSET ( 8, 0, .AHEAD. ) ;
#2580 = VECTOR ( 'NONE', #5621, 1000.000000000000000 ) ;
#2581 = EDGE_LOOP ( 'NONE', ( #6649, #5522 ) ) ;
#2582 = APPROVAL_STATUS ( 'not_yet_approved' ) ;
#2583 = ORIENTED_EDGE ( 'NONE', *, *, #2658, .T. ) ;
#2584 = CC_DESIGN_PERSON_AND_ORGANIZATION_ASSIGNMENT ( #5818, #8842, ( #4687 ) ) ;
#2585 = ORIENTED_EDGE ( 'NONE', *, *, #2649, .T. ) ;
#2586 = EDGE_CURVE ( 'NONE', #4969, #5385, #7544, .T. ) ;
#2587 = DIRECTION ( 'NONE',  ( 1.000000000000000000, -0.000000000000000000, 0.000000000000000000 ) ) ;
#2588 = ORIENTED_EDGE ( 'NONE', *, *, #7121, .F. ) ;
#2589 = DIRECTION ( 'NONE',  ( 0.000000000000000000, 0.000000000000000000, 1.000000000000000000 ) ) ;
#2590 = FACE_OUTER_BOUND ( 'NONE', #8802, .T. ) ;
#2591 = PERSON_AND_ORGANIZATION ( #5260, #6155 ) ;
#2592 = EDGE_CURVE ( 'NONE', #7142, #5966, #8132, .T. ) ;
#2593 = ORIENTED_EDGE ( 'NONE', *, *, #6013, .F. ) ;
#2594 = AXIS2_PLACEMENT_3D ( 'NONE', #3007, #6553, #4514 ) ;
#2595 = CARTESIAN_POINT ( 'NONE',  ( -39.00000000000000000, 36.00000000000000000, -21.30000000000000071 ) ) ;
#2597 = EDGE_LOOP ( 'NONE', ( #5330, #7070, #600, #902 ) ) ;
#2596 = EDGE_CURVE ( 'NONE', #3706, #5253, #2011, .T. ) ;
#2598 = CIRCLE ( 'NONE', #8144, 1.750000000000005107 ) ;
#2599 = FACE_OUTER_BOUND ( 'NONE', #5243, .T. ) ;
#2600 = VECTOR ( 'NONE', #8161, 1000.000000000000000 ) ;
#2601 = CARTESIAN_POINT ( 'NONE',  ( 13.00000000000000000, 2.500000000000000000, 39.00000000000000000 ) ) ;
#2602 = APPROVAL_STATUS ( 'not_yet_approved' ) ;
#2603 = SECURITY_CLASSIFICATION ( '', '', #4229 ) ;
#2604 = VECTOR ( 'NONE', #4618, 1000.000000000000000 ) ;
#2605 = PERSON ( 'NAUO-PER9', 'UNSPECIFIED', 'UNSPECIFIED', ('UNSPECIFIED'), ('UNSPECIFIED'), ('UNSPECIFIED') ) ;
#2606 = DIRECTION ( 'NONE',  ( 0.000000000000000000, -0.000000000000000000, -1.000000000000000000 ) ) ;
#2607 = CARTESIAN_POINT ( 'NONE',  ( -9.500000000000000000, 0.000000000000000000, -19.50000000000000000 ) ) ;
#2608 = CARTESIAN_POINT ( 'NONE',  ( -57.50000000000000000, 35.00000000000000000, -85.00000000000000000 ) ) ;
#2609 = CC_DESIGN_DATE_AND_TIME_ASSIGNMENT ( #1370, #5369, ( #7486 ) ) ;
#2610 = CC_DESIGN_SECURITY_CLASSIFICATION ( #6440, ( #3048 ) ) ;
#2611 = AXIS2_PLACEMENT_3D ( 'NONE', #2924, #5625, #1572 ) ;
#2612 = CARTESIAN_POINT ( 'NONE',  ( -9.500000000000000000, 2.500000000000000000, -22.50000000000000000 ) ) ;
#2613 = CARTESIAN_POINT ( 'NONE',  ( -28.00000000000000000, 3.000000000000000000, 15.50000000000000000 ) ) ;
#2614 = EDGE_CURVE ( 'NONE', #6231, #1905, #8270, .T. ) ;
#2615 = PERSON_AND_ORGANIZATION ( #8264, #1204 ) ;
#2616 = FACE_OUTER_BOUND ( 'NONE', #2078, .T. ) ;
#2617 = CC_DESIGN_SECURITY_CLASSIFICATION ( #7878, ( #4599 ) ) ;
#2618 = DIRECTION ( 'NONE',  ( 0.000000000000000000, -0.000000000000000000, -1.000000000000000000 ) ) ;
#2619 = CC_DESIGN_PERSON_AND_ORGANIZATION_ASSIGNMENT ( #8015, #7932, ( #7034 ) ) ;
#2620 = VECTOR ( 'NONE', #1612, 1000.000000000000000 ) ;
#2621 = DIRECTION ( 'NONE',  ( 0.000000000000000000, -1.000000000000000000, 0.000000000000000000 ) ) ;
#2622 = APPROVAL_PERSON_ORGANIZATION ( #8643, #2291, #5339 ) ;
#2623 = APPROVAL_PERSON_ORGANIZATION ( #3908, #3774, #419 ) ;
#2624 = LINE ( 'NONE', #8060, #7724 ) ;
#2625 = DATE_AND_TIME ( #4619, #6721 ) ;
#2626 = ORIENTED_EDGE ( 'NONE', *, *, #1088, .F. ) ;
#2627 = APPLICATION_PROTOCOL_DEFINITION ( 'international standard', 'config_control_design', 1994, #8288 ) ;
#2628 = EDGE_LOOP ( 'NONE', ( #5954, #8258, #7190, #1866, #5519, #3482, #4662, #2565, #6860, #7780 ) ) ;
#2629 = CALENDAR_DATE ( 2026, 26, 7 ) ;
#2630 = ORIENTED_EDGE ( 'NONE', *, *, #7666, .T. ) ;
#2631 = VECTOR ( 'NONE', #7636, 1000.000000000000000 ) ;
#2632 = VERTEX_POINT ( 'NONE', #7589 ) ;
#2633 = DESIGN_CONTEXT ( 'detailed design', #2534, 'design' ) ;
#2634 = CC_DESIGN_SECURITY_CLASSIFICATION ( #4887, ( #5316 ) ) ;
#2635 = PLANE ( 'NONE',  #943 ) ;
#2636 = EDGE_LOOP ( 'NONE', ( #2982, #3068 ) ) ;
#2637 = CARTESIAN_POINT ( 'NONE',  ( 28.50000000000000000, 2.500000000000000000, 47.00000000000000000 ) ) ;
#2638 = PRODUCT_DEFINITION ( '未知', '', #3048, #652 ) ;
#2639 = DIRECTION ( 'NONE',  ( 0.000000000000000000, 0.000000000000000000, -1.000000000000000000 ) ) ;
#2640 = CARTESIAN_POINT ( 'NONE',  ( 53.50000000000000000, 18.00000000000000000, -44.50000000000000000 ) ) ;
#2641 = APPROVAL_PERSON_ORGANIZATION ( #8836, #3858, #635 ) ;
#2642 = PERSON_AND_ORGANIZATION_ROLE ( 'creator' ) ;
#2643 = COORDINATED_UNIVERSAL_TIME_OFFSET ( 8, 0, .AHEAD. ) ;
#2644 = ORIENTED_EDGE ( 'NONE', *, *, #3564, .F. ) ;
#2645 = CARTESIAN_POINT ( 'NONE',  ( 60.14999999999999858, 7.000000000000000000, -78.25000000000000000 ) ) ;
#2646 = ORIENTED_EDGE ( 'NONE', *, *, #1058, .T. ) ;
#2647 = CC_DESIGN_SECURITY_CLASSIFICATION ( #3488, ( #8870 ) ) ;
#2648 = DIRECTION ( 'NONE',  ( -1.000000000000000000, 0.000000000000000000, 0.000000000000000000 ) ) ;
#2649 = EDGE_CURVE ( 'NONE', #7987, #3569, #1972, .T. ) ;
#2650 = DIRECTION ( 'NONE',  ( 0.000000000000000000, 0.000000000000000000, -1.000000000000000000 ) ) ;
#2651 = APPROVAL_DATE_TIME ( #1131, #1433 ) ;
#2652 = EDGE_CURVE ( 'NONE', #6367, #1482, #2438, .T. ) ;
#2653 = LOCAL_TIME ( 21, 54, 55.00000000000000000, #5784 ) ;
#2654 = VECTOR ( 'NONE', #2976, 1000.000000000000000 ) ;
#2655 = DIRECTION ( 'NONE',  ( 0.000000000000000000, 0.000000000000000000, 1.000000000000000000 ) ) ;
#2656 = DIRECTION ( 'NONE',  ( 0.000000000000000000, 0.000000000000000000, -1.000000000000000000 ) ) ;
#2657 = DIRECTION ( 'NONE',  ( 0.000000000000000000, -1.000000000000000000, 0.000000000000000000 ) ) ;
#2658 = EDGE_CURVE ( 'NONE', #6095, #6494, #3322, .T. ) ;
#2659 = AXIS2_PLACEMENT_3D ( 'NONE', #2268, #5696, #979 ) ;
#2660 = CARTESIAN_POINT ( 'NONE',  ( 0.000000000000000000, 36.00000000000000000, 0.000000000000000000 ) ) ;
#2661 = EDGE_CURVE ( 'NONE', #3788, #5652, #302, .T. ) ;
#2662 = FACE_OUTER_BOUND ( 'NONE', #3647, .T. ) ;
#2663 = ITEM_DEFINED_TRANSFORMATION ( 'NONE', 'NONE', #1330,  #7312 ) ;
#2664 = CARTESIAN_POINT ( 'NONE',  ( 0.000000000000000000, 91.09999999999999432, 0.000000000000000000 ) ) ;
#2665 = CARTESIAN_POINT ( 'NONE',  ( -8.500000000000000000, 2.500000000000000000, 13.00000000000000000 ) ) ;
#2666 = PLANE ( 'NONE',  #7944 ) ;
#2667 = PLANE ( 'NONE',  #6288 ) ;
#2668 = APPROVAL_STATUS ( 'not_yet_approved' ) ;
#2669 = ORIENTED_EDGE ( 'NONE', *, *, #5658, .T. ) ;
#2670 = CALENDAR_DATE ( 2026, 26, 7 ) ;
#2671 = CC_DESIGN_PERSON_AND_ORGANIZATION_ASSIGNMENT ( #5693, #4321, ( #8202 ) ) ;
#2672 = ORIENTED_EDGE ( 'NONE', *, *, #3062, .T. ) ;
#2673 = EDGE_LOOP ( 'NONE', ( #7501, #1321, #2646, #8242 ) ) ;
#2674 = ORIENTED_EDGE ( 'NONE', *, *, #8770, .T. ) ;
#2675 = DIRECTION ( 'NONE',  ( -0.000000000000000000, -0.000000000000000000, 1.000000000000000000 ) ) ;
#2676 = CARTESIAN_POINT ( 'NONE',  ( 4.500000000000000000, 0.000000000000000000, -13.00000000000000000 ) ) ;
#2677 = VERTEX_POINT ( 'NONE', #4956 ) ;
#2678 = FACE_OUTER_BOUND ( 'NONE', #4325, .T. ) ;
#2679 = AXIS2_PLACEMENT_3D ( 'NONE', #6825, #8127, #79 ) ;
#2680 = CARTESIAN_POINT ( 'NONE',  ( 33.00000000000000000, 40.00000000000000000, 30.50000000000000000 ) ) ;
#2681 = DIRECTION ( 'NONE',  ( 0.000000000000000000, 0.000000000000000000, 1.000000000000000000 ) ) ;
#2682 = CALENDAR_DATE ( 2026, 26, 7 ) ;
#2683 = EDGE_CURVE ( 'NONE', #6104, #7145, #7725, .T. ) ;
#2684 = ORIENTED_EDGE ( 'NONE', *, *, #8719, .T. ) ;
#2685 = CARTESIAN_POINT ( 'NONE',  ( -82.00000000000000000, 28.00000000000000000, 98.50000000000000000 ) ) ;
#2686 = VERTEX_POINT ( 'NONE', #2870 ) ;
#2687 = PRODUCT_DEFINITION_SHAPE ( 'NONE', 'NONE',  #6166 ) ;
#2688 = DIRECTION ( 'NONE',  ( -1.000000000000000000, 0.000000000000000000, -0.000000000000000000 ) ) ;
#2689 = DIRECTION ( 'NONE',  ( 0.000000000000000000, 0.000000000000000000, -1.000000000000000000 ) ) ;
#2690 = APPROVAL_ROLE ( '' ) ;
#2691 = VECTOR ( 'NONE', #5435, 1000.000000000000000 ) ;
#2692 = CARTESIAN_POINT ( 'NONE',  ( 8.750000000000000000, 2.500000000000000000, -8.250000000000000000 ) ) ;
#2693 = PRODUCT_DEFINITION ( '未知', '', #4307, #1803 ) ;
#2694 = DIRECTION ( 'NONE',  ( 0.000000000000000000, 0.000000000000000000, -1.000000000000000000 ) ) ;
#2695 = ADVANCED_FACE ( 'NONE', ( #7773 ), #2188, .F. ) ;
#2696 = DIRECTION ( 'NONE',  ( 0.000000000000000000, 0.000000000000000000, -1.000000000000000000 ) ) ;
#2697 = DIRECTION ( 'NONE',  ( 0.000000000000000000, 0.000000000000000000, 1.000000000000000000 ) ) ;
#2698 = PLANE ( 'NONE',  #6815 ) ;
#2699 = VERTEX_POINT ( 'NONE', #5041 ) ;
#2700 = LINE ( 'NONE', #6077, #3594 ) ;
#2701 = DIRECTION ( 'NONE',  ( 0.000000000000000000, 1.000000000000000000, 0.000000000000000000 ) ) ;
#2702 = ADVANCED_FACE ( 'NONE', ( #1661 ), #3528, .F. ) ;
#2703 = CARTESIAN_POINT ( 'NONE',  ( 60.14999999999999858, 0.000000000000000000, -80.00000000000000000 ) ) ;
#2704 = AXIS2_PLACEMENT_3D ( 'NONE', #6974, #3066, #7646 ) ;
#2705 = UNCERTAINTY_MEASURE_WITH_UNIT (LENGTH_MEASURE( 1.000000000000000082E-05 ), #2138, 'distance_accuracy_value', 'NONE');
#2706 = FACE_OUTER_BOUND ( 'NONE', #6550, .T. ) ;
#2707 = CARTESIAN_POINT ( 'NONE',  ( 9.000000000000000000, 0.000000000000000000, 39.00000000000000000 ) ) ;
#2708 = COORDINATED_UNIVERSAL_TIME_OFFSET ( 8, 0, .AHEAD. ) ;
#2709 = PERSON_AND_ORGANIZATION ( #5260, #6155 ) ;
#2710 = ORIENTED_EDGE ( 'NONE', *, *, #5630, .T. ) ;
#2711 = ORIENTED_EDGE ( 'NONE', *, *, #7926, .F. ) ;
#2712 = VERTEX_POINT ( 'NONE', #5662 ) ;
#2713 = FACE_OUTER_BOUND ( 'NONE', #4151, .T. ) ;
#2714 = AXIS2_PLACEMENT_3D ( 'NONE', #2660, #4070, #6696 ) ;
#2715 = LINE ( 'NONE', #5286, #3652 ) ;
#2716 = DIRECTION ( 'NONE',  ( 0.000000000000000000, -1.000000000000000000, 0.000000000000000000 ) ) ;
#2717 = EDGE_LOOP ( 'NONE', ( #4139, #2090, #3299, #922 ) ) ;
#2718 = DIRECTION ( 'NONE',  ( -0.000000000000000000, -1.000000000000000000, -0.000000000000000000 ) ) ;
#2719 = DIRECTION ( 'NONE',  ( 0.000000000000000000, 0.000000000000000000, 1.000000000000000000 ) ) ;
#2720 = MECHANICAL_CONTEXT ( 'NONE', #398, 'mechanical' ) ;
#2721 = EDGE_CURVE ( 'NONE', #5443, #7889, #3705, .T. ) ;
#2722 = APPROVAL_ROLE ( '' ) ;
#2723 = ORIENTED_EDGE ( 'NONE', *, *, #5244, .T. ) ;
#2724 = ORIENTED_EDGE ( 'NONE', *, *, #5377, .F. ) ;
#2725 = AXIS2_PLACEMENT_3D ( 'NONE', #4067, #3976, #6694 ) ;
#2726 = LINE ( 'NONE', #2092, #6763 ) ;
#2727 = VERTEX_POINT ( 'NONE', #6919 ) ;
#2728 = CC_DESIGN_DATE_AND_TIME_ASSIGNMENT ( #1077, #5831, ( #7453 ) ) ;
#2729 = CARTESIAN_POINT ( 'NONE',  ( 21.25000000000000000, 0.000000000000000000, 10.50000000000000000 ) ) ;
#2730 = LINE ( 'NONE', #5436, #2033 ) ;
#2731 = APPROVAL_DATE_TIME ( #719, #6824 ) ;
#2732 = ORIENTED_EDGE ( 'NONE', *, *, #1739, .T. ) ;
#2733 = VECTOR ( 'NONE', #7120, 1000.000000000000000 ) ;
#2734 = LINE ( 'NONE', #2692, #7445 ) ;
#2735 = VECTOR ( 'NONE', #3831, 1000.000000000000000 ) ;
#2736 = PLANE ( 'NONE',  #7691 ) ;
#2737 = DIRECTION ( 'NONE',  ( 0.000000000000000000, 0.000000000000000000, -1.000000000000000000 ) ) ;
#2738 = VECTOR ( 'NONE', #1567, 1000.000000000000000 ) ;
#2739 = DIRECTION ( 'NONE',  ( 1.000000000000000000, 0.000000000000000000, 0.000000000000000000 ) ) ;
#2740 = DIRECTION ( 'NONE',  ( 1.000000000000000000, 0.000000000000000000, -0.000000000000000000 ) ) ;
#2741 = VECTOR ( 'NONE', #8234, 1000.000000000000000 ) ;
#2742 = APPROVAL ( #3668, '未指定' ) ;
#2743 = FACE_BOUND ( 'NONE', #1197, .T. ) ;
#2744 = AXIS2_PLACEMENT_3D ( 'NONE', #3421, #8240, #8841 ) ;
#2745 = AXIS2_PLACEMENT_3D ( 'NONE', #4092, #2716, #6852 ) ;
#2746 = CALENDAR_DATE ( 2026, 26, 7 ) ;
#2747 = CARTESIAN_POINT ( 'NONE',  ( -36.00000000000000000, 3.000000000000000000, -33.50000000000000000 ) ) ;
#2748 = LINE ( 'NONE', #6126, #5362 ) ;
#2749 = VECTOR ( 'NONE', #8837, 1000.000000000000000 ) ;
#2750 = LOCAL_TIME ( 21, 54, 55.00000000000000000, #8537 ) ;
#2751 = VECTOR ( 'NONE', #2287, 1000.000000000000000 ) ;
#2752 = LINE ( 'NONE', #6174, #3960 ) ;
#2753 = EDGE_CURVE ( 'NONE', #3793, #3394, #4993, .T. ) ;
#2754 = DIRECTION ( 'NONE',  ( -1.000000000000000000, -0.000000000000000000, -0.000000000000000000 ) ) ;
#2755 = LOCAL_TIME ( 21, 54, 55.00000000000000000, #2472 ) ;
#2756 = APPROVAL_DATE_TIME ( #1368, #6202 ) ;
#2757 =( GEOMETRIC_REPRESENTATION_CONTEXT ( 3 ) GLOBAL_UNCERTAINTY_ASSIGNED_CONTEXT ( ( #5541 ) ) GLOBAL_UNIT_ASSIGNED_CONTEXT ( ( #2273, #6240, #6330 ) ) REPRESENTATION_CONTEXT ( 'NONE', 'WORKASPACE' ) );
#2758 = ADVANCED_FACE ( 'NONE', ( #5749 ), #1613, .T. ) ;
#2759 = ORIENTED_EDGE ( 'NONE', *, *, #6282, .F. ) ;
#2760 = ORIENTED_EDGE ( 'NONE', *, *, #112, .T. ) ;
#2761 = CARTESIAN_POINT ( 'NONE',  ( 158.9499999999999886, 0.000000000000000000, 119.4500000000000028 ) ) ;
#2762 = PRODUCT_DEFINITION_SHAPE ( 'NONE', 'NONE',  #1846 ) ;
#2763 = LINE ( 'NONE', #3997, #4069 ) ;
#2764 = LOCAL_TIME ( 21, 54, 55.00000000000000000, #1205 ) ;
#2765 = CARTESIAN_POINT ( 'NONE',  ( 13.00000000000000000, 2.500000000000000000, 39.00000000000000000 ) ) ;
#2766 = EDGE_LOOP ( 'NONE', ( #1298, #7349, #6758, #2000 ) ) ;
#2767 = DIRECTION ( 'NONE',  ( 0.000000000000000000, -1.000000000000000000, 0.000000000000000000 ) ) ;
#2768 = ORIENTED_EDGE ( 'NONE', *, *, #7986, .F. ) ;
#2769 = APPROVAL_STATUS ( 'not_yet_approved' ) ;
#2770 = ITEM_DEFINED_TRANSFORMATION ( 'NONE', 'NONE', #462,  #7312 ) ;
#2771 = VERTEX_POINT ( 'NONE', #124 ) ;
#2772 = CC_DESIGN_SECURITY_CLASSIFICATION ( #6171, ( #4034 ) ) ;
#2773 = CARTESIAN_POINT ( 'NONE',  ( -9.500000000000000000, 0.000000000000000000, -22.50000000000000000 ) ) ;
#2774 = ORIENTED_EDGE ( 'NONE', *, *, #7121, .T. ) ;
#2775 = LINE ( 'NONE', #2096, #679 ) ;
#2776 = CC_DESIGN_SECURITY_CLASSIFICATION ( #3905, ( #3344 ) ) ;
#2777 = EDGE_CURVE ( 'NONE', #4433, #383, #6289, .T. ) ;
#2778 = SHAPE_DEFINITION_REPRESENTATION ( #4326, #8535 ) ;
#2779 = ORIENTED_EDGE ( 'NONE', *, *, #1934, .T. ) ;
#2780 = APPROVAL ( #6397, '未指定' ) ;
#2781 = CARTESIAN_POINT ( 'NONE',  ( -3.750000000000000000, 0.000000000000000000, 8.250000000000000000 ) ) ;
#2782 = ORGANIZATION ( 'NAUO-ORG8', 'UNSPECIFIED', 'UNSPECIFIED' ) ;
#2783 = CARTESIAN_POINT ( 'NONE',  ( -1.000000000000000000, 2.500000000000000000, 7.750000000000000000 ) ) ;
#2784 = ORIENTED_EDGE ( 'NONE', *, *, #8434, .F. ) ;
#2785 = VERTEX_POINT ( 'NONE', #3621 ) ;
#2786 = DIRECTION ( 'NONE',  ( 0.000000000000000000, -1.000000000000000000, 0.000000000000000000 ) ) ;
#2787 = DIRECTION ( 'NONE',  ( 1.000000000000000000, 0.000000000000000000, 0.000000000000000000 ) ) ;
#2788 = DIRECTION ( 'NONE',  ( 0.000000000000000000, -1.000000000000000000, 0.000000000000000000 ) ) ;
#2789 = LOCAL_TIME ( 21, 54, 55.00000000000000000, #335 ) ;
#2790 = LINE ( 'NONE', #8096, #1462 ) ;
#2791 = DATE_AND_TIME ( #50, #3623 ) ;
#2792 = CARTESIAN_POINT ( 'NONE',  ( 60.14999999999999858, 0.000000000000000000, -78.25000000000000000 ) ) ;
#2793 = EDGE_CURVE ( 'NONE', #5593, #5736, #6990, .T. ) ;
#2794 = LINE ( 'NONE', #3373, #3812 ) ;
#2795 = CARTESIAN_POINT ( 'NONE',  ( 0.000000000000000000, 0.000000000000000000, 0.000000000000000000 ) ) ;
#2796 = LINE ( 'NONE', #6799, #8601 ) ;
#2797 = ORIENTED_EDGE ( 'NONE', *, *, #5650, .T. ) ;
#2798 = PERSON_AND_ORGANIZATION ( #5260, #6155 ) ;
#2799 = CIRCLE ( 'NONE', #5210, 1.750000000000001554 ) ;
#2800 = CONTEXT_DEPENDENT_SHAPE_REPRESENTATION ( #3277, #8639 ) ;
#2801 = VERTEX_POINT ( 'NONE', #8417 ) ;
#2802 = CARTESIAN_POINT ( 'NONE',  ( 8.750000000000000000, 2.500000000000000000, -8.250000000000000000 ) ) ;
#2803 = DESIGN_CONTEXT ( 'detailed design', #6734, 'design' ) ;
#2804 = EDGE_CURVE ( 'NONE', #2467, #4901, #7011, .T. ) ;
#2805 = CARTESIAN_POINT ( 'NONE',  ( -36.00000000000000000, 3.000000000000000000, 33.50000000000000000 ) ) ;
#2806 = EDGE_CURVE ( 'NONE', #5443, #4627, #5086, .T. ) ;
#2807 = CARTESIAN_POINT ( 'NONE',  ( -20.25000000000000000, 0.000000000000000000, -72.00000000000000000 ) ) ;
#2808 = ORIENTED_EDGE ( 'NONE', *, *, #2200, .F. ) ;
#2809 = DIRECTION ( 'NONE',  ( 0.000000000000000000, 1.000000000000000000, 0.000000000000000000 ) ) ;
#2810 =( NAMED_UNIT ( * ) PLANE_ANGLE_UNIT ( ) SI_UNIT ( $, .RADIAN. ) );
#2811 = APPROVAL_DATE_TIME ( #4849, #7852 ) ;
#2812 = ORIENTED_EDGE ( 'NONE', *, *, #5839, .F. ) ;
#2813 = SECURITY_CLASSIFICATION_LEVEL ( 'unclassified' ) ;
#2814 = EDGE_LOOP ( 'NONE', ( #4057, #4367, #5746, #3478 ) ) ;
#2815 = VECTOR ( 'NONE', #7296, 1000.000000000000000 ) ;
#2816 = EDGE_CURVE ( 'NONE', #5385, #1942, #8460, .T. ) ;
#2817 = DIRECTION ( 'NONE',  ( -0.000000000000000000, 1.000000000000000000, -0.000000000000000000 ) ) ;
#2818 = ORIENTED_EDGE ( 'NONE', *, *, #3844, .T. ) ;
#2819 = ADVANCED_FACE ( 'NONE', ( #2280 ), #4284, .F. ) ;
#2820 = AXIS2_PLACEMENT_3D ( 'NONE', #2378, #1705, #7061 ) ;
#2821 = DIRECTION ( 'NONE',  ( 0.000000000000000000, 0.000000000000000000, 1.000000000000000000 ) ) ;
#2822 = PERSON_AND_ORGANIZATION_ROLE ( 'classification_officer' ) ;
#2823 = CARTESIAN_POINT ( 'NONE',  ( -28.00000000000000000, 3.000000000000000000, -15.50000000000000000 ) ) ;
#2824 = ADVANCED_BREP_SHAPE_REPRESENTATION ( '', ( #5399, #7312 ), #8475 ) ;
#2825 = CARTESIAN_POINT ( 'NONE',  ( -6.499999999999999112, 2.500000000000000000, -19.50000000000000000 ) ) ;
#2826 = EDGE_LOOP ( 'NONE', ( #3734, #5038 ) ) ;
#2827 = LINE ( 'NONE', #3531, #5526 ) ;
#2828 = CARTESIAN_POINT ( 'NONE',  ( 96.00000000000000000, 16.99999999999999645, -9.000000000000000000 ) ) ;
#2829 = CC_DESIGN_DATE_AND_TIME_ASSIGNMENT ( #976, #4274, ( #8202 ) ) ;
#2830 = DIRECTION ( 'NONE',  ( -1.000000000000000000, -0.000000000000000000, -0.000000000000000000 ) ) ;
#2831 = ORIENTED_EDGE ( 'NONE', *, *, #7001, .F. ) ;
#2832 = PLANE ( 'NONE',  #4020 ) ;
#2833 = PRODUCT_DEFINITION_SHAPE ( 'NONE', 'NONE',  #1115 ) ;
#2834 = AXIS2_PLACEMENT_3D ( 'NONE', #5987, #8746, #3946 ) ;
#2835 = DATE_AND_TIME ( #7019, #343 ) ;
#2836 = EDGE_CURVE ( 'NONE', #257, #7456, #7998, .T. ) ;
#2837 = DIRECTION ( 'NONE',  ( 0.000000000000000000, -0.000000000000000000, -1.000000000000000000 ) ) ;
#2838 = LINE ( 'NONE', #736, #4807 ) ;
#2839 = EDGE_LOOP ( 'NONE', ( #5873, #8855, #5681, #8306 ) ) ;
#2840 = APPROVAL ( #973, '未指定' ) ;
#2841 = LINE ( 'NONE', #4879, #1570 ) ;
#2842 = LINE ( 'NONE', #2155, #5718 ) ;
#2843 =( LENGTH_UNIT ( ) NAMED_UNIT ( * ) SI_UNIT ( .MILLI., .METRE. ) );
#2844 = VERTEX_POINT ( 'NONE', #3572 ) ;
#2845 = COORDINATED_UNIVERSAL_TIME_OFFSET ( 8, 0, .AHEAD. ) ;
#2846 = EDGE_LOOP ( 'NONE', ( #3037, #5433, #1434, #7427 ) ) ;
#2847 = ORIENTED_EDGE ( 'NONE', *, *, #5191, .F. ) ;
#2848 = DIRECTION ( 'NONE',  ( 0.000000000000000000, 0.000000000000000000, -1.000000000000000000 ) ) ;
#2849 = AXIS2_PLACEMENT_3D ( 'NONE', #7355, #1827, #1244 ) ;
#2850 = CARTESIAN_POINT ( 'NONE',  ( -60.14999999999999858, 7.000000000000000000, -30.60000000000000142 ) ) ;
#2851 = DIRECTION ( 'NONE',  ( 0.000000000000000000, 0.000000000000000000, -1.000000000000000000 ) ) ;
#2852 = VERTEX_POINT ( 'NONE', #856 ) ;
#2853 = LINE ( 'NONE', #1463, #576 ) ;
#2854 = PERSON_AND_ORGANIZATION ( #5260, #6155 ) ;
#2855 = PRODUCT_RELATED_PRODUCT_CATEGORY ( 'detail', '', ( #909 ) ) ;
#2856 = APPLICATION_PROTOCOL_DEFINITION ( 'international standard', 'config_control_design', 1994, #5756 ) ;
#2857 = VERTEX_POINT ( 'NONE', #166 ) ;
#2858 = ITEM_DEFINED_TRANSFORMATION ( 'NONE', 'NONE', #1618,  #7312 ) ;
#2859 = ORIENTED_EDGE ( 'NONE', *, *, #6999, .T. ) ;
#2860 = AXIS2_PLACEMENT_3D ( 'NONE', #1764, #6435, #4524 ) ;
#2861 = CLOSED_SHELL ( 'NONE', ( #3915, #3043, #7080, #3195, #1828, #7494 ) ) ;
#2862 = DIRECTION ( 'NONE',  ( 0.000000000000000000, 0.000000000000000000, -1.000000000000000000 ) ) ;
#2863 = ORIENTED_EDGE ( 'NONE', *, *, #8470, .F. ) ;
#2864 = CARTESIAN_POINT ( 'NONE',  ( -45.00000000000000000, 36.00000000000000000, -29.00000000000000000 ) ) ;
#2865 = ADVANCED_FACE ( 'NONE', ( #901 ), #2963, .F. ) ;
#2866 = DATE_TIME_ROLE ( 'classification_date' ) ;
#2867 = ORIENTED_EDGE ( 'NONE', *, *, #392, .F. ) ;
#2868 = EDGE_CURVE ( 'NONE', #7329, #4584, #7949, .T. ) ;
#2869 = CYLINDRICAL_SURFACE ( 'NONE', #7465, 3.250000000000002665 ) ;
#2870 = CARTESIAN_POINT ( 'NONE',  ( -57.50000000000000000, 1.600000000000000089, 85.00000000000000000 ) ) ;
#2871 = ORIENTED_EDGE ( 'NONE', *, *, #619, .T. ) ;
#2872 = CARTESIAN_POINT ( 'NONE',  ( -9.500000000000000000, 2.500000000000000000, -19.50000000000000000 ) ) ;
#2873 = DIRECTION ( 'NONE',  ( 0.000000000000000000, 0.000000000000000000, 1.000000000000000000 ) ) ;
#2874 = DIRECTION ( 'NONE',  ( -0.000000000000000000, -0.000000000000000000, 1.000000000000000000 ) ) ;
#2875 = PERSON_AND_ORGANIZATION_ROLE ( 'classification_officer' ) ;
#2876 = VECTOR ( 'NONE', #3289, 1000.000000000000000 ) ;
#2877 = APPROVAL_ROLE ( '' ) ;
#2878 = VECTOR ( 'NONE', #4670, 1000.000000000000000 ) ;
#2879 = CARTESIAN_POINT ( 'NONE',  ( -39.75000000000000000, 2.500000000000000000, -83.00000000000000000 ) ) ;
#2880 = DIRECTION ( 'NONE',  ( 0.000000000000000000, 0.000000000000000000, -1.000000000000000000 ) ) ;
#2881 = UNCERTAINTY_MEASURE_WITH_UNIT (LENGTH_MEASURE( 1.000000000000000082E-05 ), #4508, 'distance_accuracy_value', 'NONE');
#2882 = ORIENTED_EDGE ( 'NONE', *, *, #6400, .T. ) ;
#2883 = VECTOR ( 'NONE', #7208, 1000.000000000000000 ) ;
#2884 = CARTESIAN_POINT ( 'NONE',  ( -136.0000000000000000, 5.000000000000000000, 96.50000000000000000 ) ) ;
#2885 = ADVANCED_FACE ( 'NONE', ( #1875 ), #5256, .F. ) ;
#2886 = LINE ( 'NONE', #829, #2161 ) ;
#2887 =( NAMED_UNIT ( * ) SI_UNIT ( $, .STERADIAN. ) SOLID_ANGLE_UNIT ( ) );
#2888 = ORIENTED_EDGE ( 'NONE', *, *, #2973, .F. ) ;
#2889 = PERSON_AND_ORGANIZATION ( #5260, #6155 ) ;
#2890 = AXIS2_PLACEMENT_3D ( 'NONE', #2664, #1267, #2837 ) ;
#2891 = LINE ( 'NONE', #7789, #7717 ) ;
#2892 = LOCAL_TIME ( 21, 54, 55.00000000000000000, #2708 ) ;
#2893 = AXIS2_PLACEMENT_3D ( 'NONE', #400, #2471, #3890 ) ;
#2894 = CC_DESIGN_PERSON_AND_ORGANIZATION_ASSIGNMENT ( #2075, #6709, ( #4887 ) ) ;
#2895 = FACE_OUTER_BOUND ( 'NONE', #4750, .T. ) ;
#2896 = LINE ( 'NONE', #5597, #8084 ) ;
#2897 = FACE_OUTER_BOUND ( 'NONE', #2766, .T. ) ;
#2898 = VERTEX_POINT ( 'NONE', #5928 ) ;
#2899 = LOCAL_TIME ( 21, 54, 55.00000000000000000, #769 ) ;
#2900 = LINE ( 'NONE', #928, #5853 ) ;
#2901 = APPROVAL_DATE_TIME ( #1592, #6655 ) ;
#2902 = PERSON_AND_ORGANIZATION_ROLE ( 'classification_officer' ) ;
#2903 = ORIENTED_EDGE ( 'NONE', *, *, #6115, .T. ) ;
#2904 = APPROVAL_ROLE ( '' ) ;
#2905 = ORIENTED_EDGE ( 'NONE', *, *, #6414, .T. ) ;
#2906 = APPROVAL_PERSON_ORGANIZATION ( #3745, #5507, #5791 ) ;
#2907 = AXIS2_PLACEMENT_3D ( 'NONE', #532, #8453, #7096 ) ;
#2908 = DIRECTION ( 'NONE',  ( -0.000000000000000000, -0.000000000000000000, 1.000000000000000000 ) ) ;
#2909 = ORIENTED_EDGE ( 'NONE', *, *, #3818, .F. ) ;
#2910 = PRODUCT_DEFINITION ( '未知', '', #5446, #2803 ) ;
#2911 = DIRECTION ( 'NONE',  ( 0.000000000000000000, -0.000000000000000000, -1.000000000000000000 ) ) ;
#2912 = PRODUCT_DEFINITION_FORMATION_WITH_SPECIFIED_SOURCE ( '任何', '', #834, .NOT_KNOWN. ) ;
#2913 = APPLICATION_PROTOCOL_DEFINITION ( 'international standard', 'config_control_design', 1994, #820 ) ;
#2914 = ORIENTED_EDGE ( 'NONE', *, *, #4755, .T. ) ;
#2915 = FACE_OUTER_BOUND ( 'NONE', #6337, .T. ) ;
#2916 = DIRECTION ( 'NONE',  ( -1.000000000000000000, 0.000000000000000000, 0.000000000000000000 ) ) ;
#2917 = VERTEX_POINT ( 'NONE', #350 ) ;
#2918 = EDGE_CURVE ( 'NONE', #7889, #36, #6642, .T. ) ;
#2919 = LOCAL_TIME ( 21, 54, 55.00000000000000000, #822 ) ;
#2920 = CARTESIAN_POINT ( 'NONE',  ( -3.750000000000000000, 2.500000000000000000, -8.250000000000000000 ) ) ;
#2921 = CARTESIAN_POINT ( 'NONE',  ( -3.000000000000000000, 2.500000000000000000, -22.50000000000000000 ) ) ;
#2922 = EDGE_CURVE ( 'NONE', #945, #648, #4416, .T. ) ;
#2923 = EDGE_CURVE ( 'NONE', #6178, #3793, #7856, .T. ) ;
#2924 = CARTESIAN_POINT ( 'NONE',  ( -60.14999999999999858, 7.000000000000000000, 80.00000000000000000 ) ) ;
#2925 = PERSON_AND_ORGANIZATION_ROLE ( 'classification_officer' ) ;
#2926 = DIRECTION ( 'NONE',  ( -0.000000000000000000, -1.000000000000000000, -0.000000000000000000 ) ) ;
#2927 = CALENDAR_DATE ( 2026, 26, 7 ) ;
#2928 = LINE ( 'NONE', #5714, #2446 ) ;
#2929 = DIRECTION ( 'NONE',  ( -1.000000000000000000, 0.000000000000000000, -0.000000000000000000 ) ) ;
#2930 = ADVANCED_FACE ( 'NONE', ( #7232 ), #1126, .F. ) ;
#2931 = VERTEX_POINT ( 'NONE', #5216 ) ;
#2932 = EDGE_CURVE ( 'NONE', #7485, #7142, #3185, .T. ) ;
#2933 = APPROVAL_PERSON_ORGANIZATION ( #5955, #1895, #5202 ) ;
#2934 = CIRCLE ( 'NONE', #7913, 8.249999999999992895 ) ;
#2935 = LINE ( 'NONE', #136, #2290 ) ;
#2936 = CARTESIAN_POINT ( 'NONE',  ( -60.14999999999999858, 7.000000000000000000, -30.60000000000000142 ) ) ;
#2937 = APPROVAL_ROLE ( '' ) ;
#2938 = CARTESIAN_POINT ( 'NONE',  ( 8.500000000000000000, 2.500000000000000000, -13.00000000000000000 ) ) ;
#2939 = ORGANIZATION ( 'NAUO-ORG22', 'UNSPECIFIED', 'UNSPECIFIED' ) ;
#2940 = CARTESIAN_POINT ( 'NONE',  ( -6.000000000000000000, 0.000000000000000000, 6.000000000000000000 ) ) ;
#2941 = LINE ( 'NONE', #6939, #2523 ) ;
#2942 = ORIENTED_EDGE ( 'NONE', *, *, #1332, .F. ) ;
#2943 = VECTOR ( 'NONE', #8160, 1000.000000000000000 ) ;
#2944 = CARTESIAN_POINT ( 'NONE',  ( -45.00000000000000000, 0.000000000000000000, 29.00000000000000000 ) ) ;
#2945 = CC_DESIGN_PERSON_AND_ORGANIZATION_ASSIGNMENT ( #263, #5001, ( #622 ) ) ;
#2946 = DATE_AND_TIME ( #2307, #5577 ) ;
#2947 = EDGE_LOOP ( 'NONE', ( #3869, #2061, #4050, #1734 ) ) ;
#2948 = PERSON_AND_ORGANIZATION ( #5260, #6155 ) ;
#2949 = ORIENTED_EDGE ( 'NONE', *, *, #1934, .F. ) ;
#2950 = SECURITY_CLASSIFICATION_LEVEL ( 'unclassified' ) ;
#2951 = ORIENTED_EDGE ( 'NONE', *, *, #1753, .T. ) ;
#2952 = CARTESIAN_POINT ( 'NONE',  ( -54.00000000000000000, 0.000000000000000000, -81.50000000000000000 ) ) ;
#2953 = AXIS2_PLACEMENT_3D ( 'NONE', #2576, #1147, #2441 ) ;
#2954 = EDGE_CURVE ( 'NONE', #7012, #7347, #1034, .T. ) ;
#2955 = VERTEX_POINT ( 'NONE', #4555 ) ;
#2956 = DIRECTION ( 'NONE',  ( 0.000000000000000000, 0.000000000000000000, -1.000000000000000000 ) ) ;
#2957 = EDGE_CURVE ( 'NONE', #3962, #7902, #1750, .T. ) ;
#2958 = COORDINATED_UNIVERSAL_TIME_OFFSET ( 8, 0, .AHEAD. ) ;
#2959 = EDGE_LOOP ( 'NONE', ( #5326, #8245 ) ) ;
#2960 = ORIENTED_EDGE ( 'NONE', *, *, #6325, .T. ) ;
#2961 = PLANE ( 'NONE',  #4604 ) ;
#2962 = VECTOR ( 'NONE', #5345, 1000.000000000000000 ) ;
#2963 = PLANE ( 'NONE',  #2594 ) ;
#2964 = ORIENTED_EDGE ( 'NONE', *, *, #160, .F. ) ;
#2965 = CYLINDRICAL_SURFACE ( 'NONE', #523, 1.750000000000001554 ) ;
#2966 = PLANE ( 'NONE',  #2820 ) ;
#2967 = DIRECTION ( 'NONE',  ( 1.000000000000000000, 0.000000000000000000, 0.000000000000000000 ) ) ;
#2968 = APPLICATION_PROTOCOL_DEFINITION ( 'international standard', 'config_control_design', 1994, #106 ) ;
#2969 = CC_DESIGN_DATE_AND_TIME_ASSIGNMENT ( #4271, #3644, ( #7437 ) ) ;
#2970 = PERSON_AND_ORGANIZATION ( #2182, #1211 ) ;
#2971 = ADVANCED_FACE ( 'NONE', ( #5175 ), #1166, .F. ) ;
#2972 = CARTESIAN_POINT ( 'NONE',  ( 0.000000000000000000, 0.000000000000000000, 0.000000000000000000 ) ) ;
#2973 = EDGE_CURVE ( 'NONE', #6358, #475, #2466, .T. ) ;
#2974 = CARTESIAN_POINT ( 'NONE',  ( -6.499999999999999112, 2.500000000000000000, 4.500000000000000000 ) ) ;
#2975 = EDGE_LOOP ( 'NONE', ( #1822, #6761 ) ) ;
#2976 = DIRECTION ( 'NONE',  ( 1.000000000000000000, 0.000000000000000000, 0.000000000000000000 ) ) ;
#2977 = AXIS2_PLACEMENT_3D ( 'NONE', #8795, #590, #5148 ) ;
#2978 = CARTESIAN_POINT ( 'NONE',  ( 45.00000000000000000, 0.000000000000000000, 29.00000000000000000 ) ) ;
#2979 = EDGE_CURVE ( 'NONE', #2542, #832, #3232, .T. ) ;
#2980 = PERSON_AND_ORGANIZATION ( #5260, #6155 ) ;
#2981 = VECTOR ( 'NONE', #5665, 1000.000000000000000 ) ;
#2982 = ORIENTED_EDGE ( 'NONE', *, *, #6338, .T. ) ;
#2983 = CARTESIAN_POINT ( 'NONE',  ( -28.00000000000000000, 3.000000000000000000, 15.50000000000000000 ) ) ;
#2984 = PRODUCT_DEFINITION_SHAPE ( 'NONE', 'NONE',  #5225 ) ;
#2985 = DIRECTION ( 'NONE',  ( 0.000000000000000000, 0.000000000000000000, 1.000000000000000000 ) ) ;
#2986 = VERTEX_POINT ( 'NONE', #4595 ) ;
#2987 =( REPRESENTATION_RELATIONSHIP ('NONE','NONE', #245, #3331 ) REPRESENTATION_RELATIONSHIP_WITH_TRANSFORMATION ( #5317 )SHAPE_REPRESENTATION_RELATIONSHIP( ) );
#2988 = DIRECTION ( 'NONE',  ( -1.000000000000000000, 0.000000000000000000, -0.000000000000000000 ) ) ;
#2989 = PERSON_AND_ORGANIZATION ( #5260, #6155 ) ;
#2990 = EDGE_LOOP ( 'NONE', ( #3041, #432 ) ) ;
#2991 = PERSON_AND_ORGANIZATION ( #5260, #6155 ) ;
#2992 = ORIENTED_EDGE ( 'NONE', *, *, #1495, .F. ) ;
#2993 = ITEM_DEFINED_TRANSFORMATION ( 'NONE', 'NONE', #7884,  #7312 ) ;
#2994 = ORIENTED_EDGE ( 'NONE', *, *, #6212, .F. ) ;
#2995 = AXIS2_PLACEMENT_3D ( 'NONE', #6955, #8370, #8313 ) ;
#2996 = CC_DESIGN_PERSON_AND_ORGANIZATION_ASSIGNMENT ( #4579, #6629, ( #6058 ) ) ;
#2997 = CARTESIAN_POINT ( 'NONE',  ( 60.14999999999999858, 7.000000000000000000, -30.60000000000000142 ) ) ;
#2998 = ORIENTED_EDGE ( 'NONE', *, *, #5630, .F. ) ;
#2999 = DIRECTION ( 'NONE',  ( -1.000000000000000000, -0.000000000000000000, -0.000000000000000000 ) ) ;
#3000 = LINE ( 'NONE', #5700, #6141 ) ;
#3001 = ADVANCED_FACE ( 'NONE', ( #8557 ), #6511, .T. ) ;
#3002 = PERSON_AND_ORGANIZATION_ROLE ( 'classification_officer' ) ;
#3003 = VERTEX_POINT ( 'NONE', #2595 ) ;
#3004 = ORIENTED_EDGE ( 'NONE', *, *, #2683, .T. ) ;
#3005 = DIRECTION ( 'NONE',  ( -1.000000000000000000, 0.000000000000000000, -0.000000000000000000 ) ) ;
#3006 = CC_DESIGN_PERSON_AND_ORGANIZATION_ASSIGNMENT ( #2412, #345, ( #8247 ) ) ;
#3007 = CARTESIAN_POINT ( 'NONE',  ( -45.00000000000000000, 36.00000000000000000, -29.00000000000000000 ) ) ;
#3009 = ORIENTED_EDGE ( 'NONE', *, *, #6499, .T. ) ;
#3008 = AXIS2_PLACEMENT_3D ( 'NONE', #1395, #8272, #628 ) ;
#3010 = DIRECTION ( 'NONE',  ( -0.000000000000000000, -1.000000000000000000, -0.000000000000000000 ) ) ;
#3011 = CIRCLE ( 'NONE', #5266, 3.250000000000002665 ) ;
#3012 = PLANE ( 'NONE',  #2556 ) ;
#3013 = CARTESIAN_POINT ( 'NONE',  ( -28.00000000000000000, 3.000000000000000000, -15.50000000000000000 ) ) ;
#3014 = PERSON_AND_ORGANIZATION ( #5260, #6155 ) ;
#3015 = FACE_BOUND ( 'NONE', #3082, .T. ) ;
#3016 = DIRECTION ( 'NONE',  ( 1.000000000000000000, 0.000000000000000000, -0.000000000000000000 ) ) ;
#3017 = VERTEX_POINT ( 'NONE', #7812 ) ;
#3018 = CC_DESIGN_PERSON_AND_ORGANIZATION_ASSIGNMENT ( #6241, #6827, ( #4599 ) ) ;
#3019 = LINE ( 'NONE', #870, #4562 ) ;
#3020 = VECTOR ( 'NONE', #139, 1000.000000000000000 ) ;
#3021 = PLANE ( 'NONE',  #7295 ) ;
#3022 = SHAPE_REPRESENTATION_RELATIONSHIP ( 'NONE' , 'NONE' ,  #8194, #4526 ) ;
#3023 = APPROVAL_ROLE ( '' ) ;
#3024 = DIRECTION ( 'NONE',  ( -0.000000000000000000, -1.000000000000000000, -0.000000000000000000 ) ) ;
#3025 = CARTESIAN_POINT ( 'NONE',  ( 2.250000000000000000, 0.000000000000000000, 10.50000000000000000 ) ) ;
#3026 = VECTOR ( 'NONE', #8724, 1000.000000000000000 ) ;
#3027 = EDGE_CURVE ( 'NONE', #6145, #8208, #8497, .T. ) ;
#3028 = CARTESIAN_POINT ( 'NONE',  ( -39.00000000000000000, 3.000000000000000000, 19.50000000000000000 ) ) ;
#3029 = VERTEX_POINT ( 'NONE', #394 ) ;
#3030 = CARTESIAN_POINT ( 'NONE',  ( -6.499999999999999112, 2.500000000000000000, 1.500000000000000000 ) ) ;
#3031 = COORDINATED_UNIVERSAL_TIME_OFFSET ( 8, 0, .AHEAD. ) ;
#3032 = EDGE_CURVE ( 'NONE', #5412, #4946, #2416, .T. ) ;
#3033 = ORIENTED_EDGE ( 'NONE', *, *, #1869, .T. ) ;
#3034 = SECURITY_CLASSIFICATION_LEVEL ( 'unclassified' ) ;
#3035 = CIRCLE ( 'NONE', #21, 1.799999999999999600 ) ;
#3036 = ORIENTED_EDGE ( 'NONE', *, *, #6350, .T. ) ;
#3037 = ORIENTED_EDGE ( 'NONE', *, *, #7435, .F. ) ;
#3038 = VECTOR ( 'NONE', #5796, 1000.000000000000000 ) ;
#3039 = AXIS2_PLACEMENT_3D ( 'NONE', #2476, #6477, #5182 ) ;
#3040 = FACE_OUTER_BOUND ( 'NONE', #5682, .T. ) ;
#3041 = ORIENTED_EDGE ( 'NONE', *, *, #6, .T. ) ;
#3043 = ADVANCED_FACE ( 'NONE', ( #8593 ), #7493, .F. ) ;
#3042 = APPLICATION_CONTEXT ( 'configuration controlled 3d designs of mechanical parts and assemblies' ) ;
#3044 = LOCAL_TIME ( 21, 54, 55.00000000000000000, #8356 ) ;
#3045 = CARTESIAN_POINT ( 'NONE',  ( -1.750000000000000000, 2.500000000000000000, 10.50000000000000000 ) ) ;
#3046 = CYLINDRICAL_SURFACE ( 'NONE', #7152, 1.250000000000004663 ) ;
#3047 = PERSON_AND_ORGANIZATION_ROLE ( 'design_supplier' ) ;
#3049 = SHAPE_REPRESENTATION ( 'FN-ENV-002_carrier-installed-height_R0.5', ( #7312 ), #8475 ) ;
#3048 = PRODUCT_DEFINITION_FORMATION_WITH_SPECIFIED_SOURCE ( '任何', '', #8097, .NOT_KNOWN. ) ;
#3050 = VERTEX_POINT ( 'NONE', #1424 ) ;
#3051 =( GEOMETRIC_REPRESENTATION_CONTEXT ( 3 ) GLOBAL_UNCERTAINTY_ASSIGNED_CONTEXT ( ( #1626 ) ) GLOBAL_UNIT_ASSIGNED_CONTEXT ( ( #4144, #894, #5879 ) ) REPRESENTATION_CONTEXT ( 'NONE', 'WORKASPACE' ) );
#3052 = FACE_OUTER_BOUND ( 'NONE', #6643, .T. ) ;
#3053 = DIRECTION ( 'NONE',  ( 0.000000000000000000, 0.000000000000000000, 1.000000000000000000 ) ) ;
#3054 = EDGE_LOOP ( 'NONE', ( #3155, #3541, #1340, #2133, #709, #6047, #6711, #5807, #6362, #1903 ) ) ;
#3055 = DIRECTION ( 'NONE',  ( 0.000000000000000000, 0.000000000000000000, -1.000000000000000000 ) ) ;
#3056 = ADVANCED_BREP_SHAPE_REPRESENTATION ( '', ( #8102, #7312 ), #7879 ) ;
#3057 = CARTESIAN_POINT ( 'NONE',  ( -138.0327499999999930, 91.09999999999999432, -98.50000000000000000 ) ) ;
#3058 = CC_DESIGN_SECURITY_CLASSIFICATION ( #7453, ( #8325 ) ) ;
#3059 = DIRECTION ( 'NONE',  ( -0.000000000000000000, -1.000000000000000000, -0.000000000000000000 ) ) ;
#3060 = COORDINATED_UNIVERSAL_TIME_OFFSET ( 8, 0, .AHEAD. ) ;
#3061 = APPROVAL ( #8793, 'UNKNOWN' ) ;
#3062 = EDGE_CURVE ( 'NONE', #5750, #698, #8124, .T. ) ;
#3063 = PERSON_AND_ORGANIZATION_ROLE ( 'classification_officer' ) ;
#3064 = DIRECTION ( 'NONE',  ( 0.000000000000000000, 0.000000000000000000, -1.000000000000000000 ) ) ;
#3065 = CC_DESIGN_SECURITY_CLASSIFICATION ( #3901, ( #2912 ) ) ;
#3066 = DIRECTION ( 'NONE',  ( 1.000000000000000000, -0.000000000000000000, 0.000000000000000000 ) ) ;
#3067 = CARTESIAN_POINT ( 'NONE',  ( 36.00000000000000000, 3.000000000000000000, 33.50000000000000000 ) ) ;
#3068 = ORIENTED_EDGE ( 'NONE', *, *, #8371, .T. ) ;
#3069 = CARTESIAN_POINT ( 'NONE',  ( -3.750000000000000000, 2.500000000000000000, -12.75000000000000000 ) ) ;
#3070 = CC_DESIGN_SECURITY_CLASSIFICATION ( #8045, ( #3484 ) ) ;
#3071 = FACE_OUTER_BOUND ( 'NONE', #6057, .T. ) ;
#3072 = APPLICATION_PROTOCOL_DEFINITION ( 'international standard', 'config_control_design', 1994, #7583 ) ;
#3073 = EDGE_CURVE ( 'NONE', #7114, #6358, #7535, .T. ) ;
#3074 = ORIENTED_EDGE ( 'NONE', *, *, #669, .T. ) ;
#3075 = DIRECTION ( 'NONE',  ( 1.000000000000000000, 0.000000000000000000, 0.000000000000000000 ) ) ;
#3076 = SECURITY_CLASSIFICATION ( '', '', #7644 ) ;
#3077 = VECTOR ( 'NONE', #1292, 1000.000000000000000 ) ;
#3078 = PLANE ( 'NONE',  #809 ) ;
#3079 = LINE ( 'NONE', #970, #5426 ) ;
#3080 = PERSON_AND_ORGANIZATION ( #5260, #6155 ) ;
#3081 = LOCAL_TIME ( 21, 54, 55.00000000000000000, #4942 ) ;
#3082 = EDGE_LOOP ( 'NONE', ( #3437, #284 ) ) ;
#3083 = SECURITY_CLASSIFICATION_LEVEL ( 'unclassified' ) ;
#3084 = ORIENTED_EDGE ( 'NONE', *, *, #7653, .F. ) ;
#3085 = APPROVAL_DATE_TIME ( #1558, #1736 ) ;
#3086 = ORIENTED_EDGE ( 'NONE', *, *, #4217, .T. ) ;
#3087 = EDGE_CURVE ( 'NONE', #753, #469, #5342, .T. ) ;
#3088 = EDGE_CURVE ( 'NONE', #8082, #2174, #5752, .T. ) ;
#3089 = DIRECTION ( 'NONE',  ( 0.000000000000000000, 1.000000000000000000, 0.000000000000000000 ) ) ;
#3090 = ORIENTED_EDGE ( 'NONE', *, *, #4817, .T. ) ;
#3091 = FACE_OUTER_BOUND ( 'NONE', #8022, .T. ) ;
#3092 = FACE_OUTER_BOUND ( 'NONE', #2275, .T. ) ;
#3093 =( NAMED_UNIT ( * ) PLANE_ANGLE_UNIT ( ) SI_UNIT ( $, .RADIAN. ) );
#3094 = APPROVAL_STATUS ( 'not_yet_approved' ) ;
#3095 = VERTEX_POINT ( 'NONE', #6195 ) ;
#3096 = ADVANCED_FACE ( 'NONE', ( #6861 ), #8776, .F. ) ;
#3097 = VECTOR ( 'NONE', #5871, 1000.000000000000000 ) ;
#3098 = VERTEX_POINT ( 'NONE', #764 ) ;
#3099 = FACE_BOUND ( 'NONE', #2959, .T. ) ;
#3100 = VECTOR ( 'NONE', #5174, 1000.000000000000000 ) ;
#3101 = ADVANCED_FACE ( 'NONE', ( #76 ), #3439, .T. ) ;
#3102 = DIRECTION ( 'NONE',  ( 1.000000000000000000, 0.000000000000000000, 0.000000000000000000 ) ) ;
#3103 = ORIENTED_EDGE ( 'NONE', *, *, #655, .F. ) ;
#3104 = CARTESIAN_POINT ( 'NONE',  ( -1.750000000000000000, 0.000000000000000000, 10.50000000000000000 ) ) ;
#3105 = CARTESIAN_POINT ( 'NONE',  ( 39.00000000000000000, 38.00000000000000000, -19.50000000000000000 ) ) ;
#3106 = PERSON_AND_ORGANIZATION ( #5260, #6155 ) ;
#3107 = APPROVAL_STATUS ( 'not_yet_approved' ) ;
#3108 = DIRECTION ( 'NONE',  ( 0.000000000000000000, 0.000000000000000000, -1.000000000000000000 ) ) ;
#3109 = LINE ( 'NONE', #6651, #8568 ) ;
#3110 = APPLICATION_CONTEXT ( 'configuration controlled 3d designs of mechanical parts and assemblies' ) ;
#3111 = LINE ( 'NONE', #142, #5220 ) ;
#3112 = EDGE_LOOP ( 'NONE', ( #6785, #8201, #287, #8259 ) ) ;
#3113 = VECTOR ( 'NONE', #3798, 1000.000000000000000 ) ;
#3114 = CARTESIAN_POINT ( 'NONE',  ( -23.00000000000000000, 0.000000000000000000, -10.50000000000000000 ) ) ;
#3115 = FACE_OUTER_BOUND ( 'NONE', #6904, .T. ) ;
#3116 = ADVANCED_FACE ( 'NONE', ( #6683 ), #1963, .F. ) ;
#3117 = COORDINATED_UNIVERSAL_TIME_OFFSET ( 8, 0, .AHEAD. ) ;
#3118 = FACE_OUTER_BOUND ( 'NONE', #5869, .T. ) ;
#3119 = PLANE ( 'NONE',  #1811 ) ;
#3120 = VECTOR ( 'NONE', #6563, 1000.000000000000000 ) ;
#3121 = PRODUCT_RELATED_PRODUCT_CATEGORY ( 'detail', '', ( #6168 ) ) ;
#3122 = CARTESIAN_POINT ( 'NONE',  ( -39.00000000000000000, 0.000000000000000000, 19.50000000000000000 ) ) ;
#3123 = CARTESIAN_POINT ( 'NONE',  ( 0.000000000000000000, 3.000000000000000000, -98.50000000000000000 ) ) ;
#3124 = SHAPE_DEFINITION_REPRESENTATION ( #8835, #6982 ) ;
#3125 = ORIENTED_EDGE ( 'NONE', *, *, #3942, .T. ) ;
#3126 = APPLICATION_PROTOCOL_DEFINITION ( 'international standard', 'config_control_design', 1994, #1268 ) ;
#3127 = VECTOR ( 'NONE', #6876, 1000.000000000000000 ) ;
#3128 = ORIENTED_EDGE ( 'NONE', *, *, #2262, .F. ) ;
#3129 = PERSON_AND_ORGANIZATION ( #7380, #2208 ) ;
#3130 = VERTEX_POINT ( 'NONE', #8031 ) ;
#3131 = CARTESIAN_POINT ( 'NONE',  ( -13.00000000000000000, 2.500000000000000000, 56.00000000000000000 ) ) ;
#3132 = ORIENTED_EDGE ( 'NONE', *, *, #1982, .T. ) ;
#3133 = PRODUCT_DEFINITION_SHAPE ( 'NONE', 'NONE',  #8883 ) ;
#3134 = PLANE ( 'NONE',  #4015 ) ;
#3135 = APPROVAL ( #5068, '未指定' ) ;
#3136 = LINE ( 'NONE', #8588, #4430 ) ;
#3137 = PERSON_AND_ORGANIZATION ( #5260, #6155 ) ;
#3138 = ORIENTED_EDGE ( 'NONE', *, *, #8089, .T. ) ;
#3139 = ORIENTED_EDGE ( 'NONE', *, *, #6914, .F. ) ;
#3140 = DIRECTION ( 'NONE',  ( 0.000000000000000000, 0.000000000000000000, -1.000000000000000000 ) ) ;
#3141 = DIRECTION ( 'NONE',  ( -1.000000000000000000, -0.000000000000000000, -0.000000000000000000 ) ) ;
#3142 = ORIENTED_EDGE ( 'NONE', *, *, #7649, .F. ) ;
#3143 = CIRCLE ( 'NONE', #5964, 1.750000000000005107 ) ;
#3144 = LINE ( 'NONE', #3886, #4797 ) ;
#3145 = EDGE_CURVE ( 'NONE', #2225, #6584, #2492, .T. ) ;
#3146 = CARTESIAN_POINT ( 'NONE',  ( -28.50000000000000000, 0.000000000000000000, 47.00000000000000000 ) ) ;
#3147 = COORDINATED_UNIVERSAL_TIME_OFFSET ( 8, 0, .AHEAD. ) ;
#3148 = EDGE_CURVE ( 'NONE', #8727, #7679, #4011, .T. ) ;
#3149 = COORDINATED_UNIVERSAL_TIME_OFFSET ( 8, 0, .AHEAD. ) ;
#3150 = DIRECTION ( 'NONE',  ( 1.000000000000000000, -0.000000000000000000, 0.000000000000000000 ) ) ;
#3151 = VECTOR ( 'NONE', #3979, 1000.000000000000000 ) ;
#3152 = FACE_BOUND ( 'NONE', #4684, .T. ) ;
#3153 = DESIGN_CONTEXT ( 'detailed design', #5986, 'design' ) ;
#3154 = FACE_OUTER_BOUND ( 'NONE', #5819, .T. ) ;
#3155 = ORIENTED_EDGE ( 'NONE', *, *, #738, .F. ) ;
#3156 = LINE ( 'NONE', #1004, #8726 ) ;
#3157 = DIRECTION ( 'NONE',  ( 0.000000000000000000, 0.000000000000000000, -1.000000000000000000 ) ) ;
#3158 = DATE_TIME_ROLE ( 'classification_date' ) ;
#3159 = CARTESIAN_POINT ( 'NONE',  ( -57.50000000000000000, 1.600000000000000089, 85.00000000000000000 ) ) ;
#3160 = CYLINDRICAL_SURFACE ( 'NONE', #2977, 1.250000000000004663 ) ;
#3161 = EDGE_CURVE ( 'NONE', #2377, #5956, #6105, .T. ) ;
#3162 = DIRECTION ( 'NONE',  ( -1.000000000000000000, -0.000000000000000000, -0.000000000000000000 ) ) ;
#3163 = DIRECTION ( 'NONE',  ( 0.000000000000000000, 0.000000000000000000, -1.000000000000000000 ) ) ;
#3164 = CALENDAR_DATE ( 2026, 26, 7 ) ;
#3165 = ORIENTED_EDGE ( 'NONE', *, *, #1116, .F. ) ;
#3166 = APPROVAL_STATUS ( 'not_yet_approved' ) ;
#3167 = APPROVAL ( #5721, '未指定' ) ;
#3168 = EDGE_CURVE ( 'NONE', #7145, #4086, #8650, .T. ) ;
#3169 = ORIENTED_EDGE ( 'NONE', *, *, #3311, .T. ) ;
#3170 = APPROVAL_ROLE ( '' ) ;
#3171 = ORIENTED_EDGE ( 'NONE', *, *, #1669, .F. ) ;
#3172 = AXIS2_PLACEMENT_3D ( 'NONE', #234, #3554, #2988 ) ;
#3173 = PLANE ( 'NONE',  #5346 ) ;
#3174 = ORIENTED_EDGE ( 'NONE', *, *, #6175, .T. ) ;
#3175 = CARTESIAN_POINT ( 'NONE',  ( 14.50000000000000000, 2.500000000000000000, -12.25000000000000000 ) ) ;
#3176 = CIRCLE ( 'NONE', #4299, 1.750000000000001554 ) ;
#3177 = CARTESIAN_POINT ( 'NONE',  ( 6.500000000000000888, 0.000000000000000000, 4.500000000000000000 ) ) ;
#3178 = CALENDAR_DATE ( 2026, 26, 7 ) ;
#3179 = EDGE_LOOP ( 'NONE', ( #1514, #4062, #7755, #8305 ) ) ;
#3180 = EDGE_CURVE ( 'NONE', #113, #2986, #8342, .T. ) ;
#3181 = VERTEX_POINT ( 'NONE', #6147 ) ;
#3182 = FACE_BOUND ( 'NONE', #167, .T. ) ;
#3183 = APPROVAL_PERSON_ORGANIZATION ( #2591, #8416, #6596 ) ;
#3184 = AXIS2_PLACEMENT_3D ( 'NONE', #6167, #4072, #6792 ) ;
#3185 = LINE ( 'NONE', #5886, #4720 ) ;
#3186 = ORIENTED_EDGE ( 'NONE', *, *, #6943, .F. ) ;
#3187 = LINE ( 'NONE', #8035, #3113 ) ;
#3188 = VECTOR ( 'NONE', #8786, 1000.000000000000000 ) ;
#3189 = VECTOR ( 'NONE', #1001, 1000.000000000000000 ) ;
#3190 = LOCAL_TIME ( 21, 54, 55.00000000000000000, #175 ) ;
#3191 = DIRECTION ( 'NONE',  ( 0.000000000000000000, -1.000000000000000000, 0.000000000000000000 ) ) ;
#3193 =( GEOMETRIC_REPRESENTATION_CONTEXT ( 3 ) GLOBAL_UNCERTAINTY_ASSIGNED_CONTEXT ( ( #7695 ) ) GLOBAL_UNIT_ASSIGNED_CONTEXT ( ( #8128, #4722, #1347 ) ) REPRESENTATION_CONTEXT ( 'NONE', 'WORKASPACE' ) );
#3192 = PERSON_AND_ORGANIZATION ( #5260, #6155 ) ;
#3194 = CARTESIAN_POINT ( 'NONE',  ( -9.500000000000000000, 0.000000000000000000, -22.50000000000000000 ) ) ;
#3195 = ADVANCED_FACE ( 'NONE', ( #3356 ), #5480, .F. ) ;
#3196 = DIRECTION ( 'NONE',  ( -1.000000000000000000, 0.000000000000000000, -0.000000000000000000 ) ) ;
#3197 = EDGE_CURVE ( 'NONE', #3379, #383, #568, .T. ) ;
#3198 = APPROVAL_PERSON_ORGANIZATION ( #8551, #5780, #3701 ) ;
#3199 = LINE ( 'NONE', #3242, #6952 ) ;
#3200 = ORIENTED_EDGE ( 'NONE', *, *, #2418, .F. ) ;
#3201 = DIRECTION ( 'NONE',  ( -0.000000000000000000, -1.000000000000000000, -0.000000000000000000 ) ) ;
#3202 = LINE ( 'NONE', #1099, #4013 ) ;
#3203 = VECTOR ( 'NONE', #4333, 1000.000000000000000 ) ;
#3204 = LOCAL_TIME ( 21, 54, 55.00000000000000000, #7216 ) ;
#3205 = SECURITY_CLASSIFICATION_LEVEL ( 'unclassified' ) ;
#3206 = CARTESIAN_POINT ( 'NONE',  ( -60.00000000000000000, 0.000000000000000000, 42.50000000000000000 ) ) ;
#3207 = EDGE_CURVE ( 'NONE', #2043, #1942, #2726, .T. ) ;
#3208 = CARTESIAN_POINT ( 'NONE',  ( -20.25000000000000000, 2.500000000000000000, -83.00000000000000000 ) ) ;
#3209 = EDGE_CURVE ( 'NONE', #1482, #6367, #2934, .T. ) ;
#3210 = APPROVAL_PERSON_ORGANIZATION ( #8572, #2112, #1770 ) ;
#3211 = CARTESIAN_POINT ( 'NONE',  ( 25.50000000000000000, 2.500000000000000000, 60.00000000000000000 ) ) ;
#3212 = DIRECTION ( 'NONE',  ( 0.000000000000000000, 0.000000000000000000, 1.000000000000000000 ) ) ;
#3213 = DATE_AND_TIME ( #5237, #7158 ) ;
#3214 = ORIENTED_EDGE ( 'NONE', *, *, #7681, .F. ) ;
#3215 = CALENDAR_DATE ( 2026, 26, 7 ) ;
#3216 = ORIENTED_EDGE ( 'NONE', *, *, #985, .T. ) ;
#3217 = COORDINATED_UNIVERSAL_TIME_OFFSET ( 8, 0, .AHEAD. ) ;
#3218 = EDGE_LOOP ( 'NONE', ( #6587, #4753, #8365, #84 ) ) ;
#3219 = ORGANIZATION ( 'NAUO-ORG5', 'UNSPECIFIED', 'UNSPECIFIED' ) ;
#3220 = ORIENTED_EDGE ( 'NONE', *, *, #1178, .T. ) ;
#3221 = EDGE_CURVE ( 'NONE', #5641, #7716, #7908, .T. ) ;
#3222 = LINE ( 'NONE', #5918, #1093 ) ;
#3223 = VERTEX_POINT ( 'NONE', #205 ) ;
#3224 = CC_DESIGN_PERSON_AND_ORGANIZATION_ASSIGNMENT ( #1689, #2405, ( #6481 ) ) ;
#3225 = DIRECTION ( 'NONE',  ( 0.000000000000000000, 1.000000000000000000, 0.000000000000000000 ) ) ;
#3226 = CC_DESIGN_SECURITY_CLASSIFICATION ( #6481, ( #8876 ) ) ;
#3227 = AXIS2_PLACEMENT_3D ( 'NONE', #2952, #154, #4190 ) ;
#3228 = FACE_OUTER_BOUND ( 'NONE', #2717, .T. ) ;
#3229 = APPROVAL_STATUS ( 'not_yet_approved' ) ;
#3230 = EDGE_LOOP ( 'NONE', ( #6146, #204, #6306, #4541 ) ) ;
#3231 = ORIENTED_EDGE ( 'NONE', *, *, #1848, .F. ) ;
#3232 = LINE ( 'NONE', #7905, #1307 ) ;
#3233 = VERTEX_POINT ( 'NONE', #3653 ) ;
#3234 = CC_DESIGN_PERSON_AND_ORGANIZATION_ASSIGNMENT ( #2510, #7359, ( #8325 ) ) ;
#3235 = CARTESIAN_POINT ( 'NONE',  ( 60.14999999999999858, 7.000000000000000000, 32.35000000000000142 ) ) ;
#3236 = ADVANCED_FACE ( 'NONE', ( #3563 ), #2224, .F. ) ;
#3237 = CARTESIAN_POINT ( 'NONE',  ( -25.50000000000000000, 0.000000000000000000, -57.00000000000000711 ) ) ;
#3238 = CALENDAR_DATE ( 2026, 26, 7 ) ;
#3239 = ORIENTED_EDGE ( 'NONE', *, *, #6462, .T. ) ;
#3240 = DIRECTION ( 'NONE',  ( -0.000000000000000000, -1.000000000000000000, -0.000000000000000000 ) ) ;
#3241 = FACE_BOUND ( 'NONE', #8183, .T. ) ;
#3242 = CARTESIAN_POINT ( 'NONE',  ( -3.750000000000000000, 2.500000000000000000, 12.75000000000000000 ) ) ;
#3243 = CARTESIAN_POINT ( 'NONE',  ( -39.75000000000000000, 2.500000000000000000, -83.00000000000000000 ) ) ;
#3244 = CC_DESIGN_PERSON_AND_ORGANIZATION_ASSIGNMENT ( #7731, #2335, ( #2322 ) ) ;
#3245 = DIRECTION ( 'NONE',  ( 1.000000000000000000, 0.000000000000000000, 0.000000000000000000 ) ) ;
#3246 = VECTOR ( 'NONE', #653, 1000.000000000000000 ) ;
#3247 = EDGE_CURVE ( 'NONE', #3546, #4444, #8656, .T. ) ;
#3248 = APPROVAL_STATUS ( 'not_yet_approved' ) ;
#3249 = LINE ( 'NONE', #1104, #8143 ) ;
#3250 = CARTESIAN_POINT ( 'NONE',  ( 136.0000000000000000, 5.000000000000000000, 96.50000000000000000 ) ) ;
#3251 = DESIGN_CONTEXT ( 'detailed design', #8590, 'design' ) ;
#3252 = VECTOR ( 'NONE', #1838, 1000.000000000000000 ) ;
#3253 = CARTESIAN_POINT ( 'NONE',  ( 39.00000000000000000, 38.00000000000000000, 21.30000000000000071 ) ) ;
#3254 = ADVANCED_FACE ( 'NONE', ( #849 ), #3695, .F. ) ;
#3255 = CARTESIAN_POINT ( 'NONE',  ( -54.00000000000000000, 0.000000000000000000, -81.50000000000000000 ) ) ;
#3256 = CALENDAR_DATE ( 2026, 26, 7 ) ;
#3257 = EDGE_LOOP ( 'NONE', ( #5505, #75, #8149, #2131 ) ) ;
#3258 = DATE_AND_TIME ( #1727, #5889 ) ;
#3259 = EDGE_CURVE ( 'NONE', #3029, #3746, #6368, .T. ) ;
#3260 = VERTEX_POINT ( 'NONE', #7090 ) ;
#3261 = ITEM_DEFINED_TRANSFORMATION ( 'NONE', 'NONE', #173,  #7312 ) ;
#3262 = VERTEX_POINT ( 'NONE', #5611 ) ;
#3263 = ORIENTED_EDGE ( 'NONE', *, *, #7604, .T. ) ;
#3264 = CARTESIAN_POINT ( 'NONE',  ( 35.75000000000000000, 2.500000000000000000, 62.00000000000000000 ) ) ;
#3265 = ORIENTED_EDGE ( 'NONE', *, *, #6891, .T. ) ;
#3266 = PLANE ( 'NONE',  #3726 ) ;
#3267 = LINE ( 'NONE', #1916, #2735 ) ;
#3268 = SHAPE_DEFINITION_REPRESENTATION ( #6807, #5209 ) ;
#3269 = ORIENTED_EDGE ( 'NONE', *, *, #5411, .F. ) ;
#3270 = VERTEX_POINT ( 'NONE', #7576 ) ;
#3271 = AXIS2_PLACEMENT_3D ( 'NONE', #7364, #7234, #2648 ) ;
#3272 = DIRECTION ( 'NONE',  ( 0.000000000000000000, -1.000000000000000000, 0.000000000000000000 ) ) ;
#3273 = VERTEX_POINT ( 'NONE', #2179 ) ;
#3274 = CARTESIAN_POINT ( 'NONE',  ( 28.50000000000000000, 2.500000000000000000, 44.00000000000000000 ) ) ;
#3275 = EDGE_CURVE ( 'NONE', #7114, #3674, #5654, .T. ) ;
#3276 = ADVANCED_FACE ( 'NONE', ( #7000 ), #4945, .F. ) ;
#3277 =( REPRESENTATION_RELATIONSHIP ('NONE','NONE', #245, #5102 ) REPRESENTATION_RELATIONSHIP_WITH_TRANSFORMATION ( #5416 )SHAPE_REPRESENTATION_RELATIONSHIP( ) );
#3278 = CARTESIAN_POINT ( 'NONE',  ( 35.75000000000000000, 2.500000000000000000, 62.00000000000000000 ) ) ;
#3279 = DATE_AND_TIME ( #533, #2755 ) ;
#3280 = ORIENTED_EDGE ( 'NONE', *, *, #1848, .T. ) ;
#3281 = APPROVAL ( #8528, '未指定' ) ;
#3282 = CARTESIAN_POINT ( 'NONE',  ( 2.250000000000000444, 2.500000000000000000, 6.500000000000000000 ) ) ;
#3283 = VECTOR ( 'NONE', #6114, 1000.000000000000000 ) ;
#3284 = DIRECTION ( 'NONE',  ( -1.000000000000000000, -0.000000000000000000, -0.000000000000000000 ) ) ;
#3285 = DIRECTION ( 'NONE',  ( -1.000000000000000000, 0.000000000000000000, 0.000000000000000000 ) ) ;
#3286 = CARTESIAN_POINT ( 'NONE',  ( -13.00000000000000000, 0.000000000000000000, 35.00000000000000000 ) ) ;
#3287 = PLANE ( 'NONE',  #1041 ) ;
#3288 = APPROVAL_DATE_TIME ( #7417, #8229 ) ;
#3289 = DIRECTION ( 'NONE',  ( 1.000000000000000000, 0.000000000000000000, 0.000000000000000000 ) ) ;
#3290 = FACE_OUTER_BOUND ( 'NONE', #1385, .T. ) ;
#3291 = CC_DESIGN_PERSON_AND_ORGANIZATION_ASSIGNMENT ( #4560, #7283, ( #3048 ) ) ;
#3292 = CARTESIAN_POINT ( 'NONE',  ( 0.000000000000000000, 2.500000000000000000, -12.25000000000000000 ) ) ;
#3293 = DIRECTION ( 'NONE',  ( 0.000000000000000000, 1.000000000000000000, 0.000000000000000000 ) ) ;
#3294 = APPROVAL_STATUS ( 'not_yet_approved' ) ;
#3295 = PERSON_AND_ORGANIZATION ( #5260, #6155 ) ;
#3296 = ORIENTED_EDGE ( 'NONE', *, *, #4024, .F. ) ;
#3297 = COORDINATED_UNIVERSAL_TIME_OFFSET ( 8, 0, .AHEAD. ) ;
#3298 = VERTEX_POINT ( 'NONE', #1650 ) ;
#3299 = ORIENTED_EDGE ( 'NONE', *, *, #3786, .F. ) ;
#3300 = EDGE_CURVE ( 'NONE', #3302, #7133, #888, .T. ) ;
#3301 = DIRECTION ( 'NONE',  ( 0.000000000000000000, 0.000000000000000000, 1.000000000000000000 ) ) ;
#3302 = VERTEX_POINT ( 'NONE', #6410 ) ;
#3303 = LINE ( 'NONE', #8767, #4437 ) ;
#3304 = EDGE_CURVE ( 'NONE', #5783, #3405, #2364, .T. ) ;
#3305 = FACE_BOUND ( 'NONE', #4275, .T. ) ;
#3306 = APPLICATION_PROTOCOL_DEFINITION ( 'international standard', 'config_control_design', 1994, #5986 ) ;
#3307 = PERSON_AND_ORGANIZATION_ROLE ( 'design_owner' ) ;
#3308 = VECTOR ( 'NONE', #1590, 1000.000000000000000 ) ;
#3309 = VERTEX_POINT ( 'NONE', #8407 ) ;
#3310 = VECTOR ( 'NONE', #3796, 1000.000000000000000 ) ;
#3311 = EDGE_CURVE ( 'NONE', #5478, #3003, #4924, .T. ) ;
#3312 = CARTESIAN_POINT ( 'NONE',  ( 6.500000000000000000, 0.000000000000000000, 22.50000000000000000 ) ) ;
#3313 = VERTEX_POINT ( 'NONE', #7715 ) ;
#3314 = CIRCLE ( 'NONE', #291, 1.750000000000001554 ) ;
#3315 = CARTESIAN_POINT ( 'NONE',  ( -21.25000000000000000, 0.000000000000000000, -6.500000000000000000 ) ) ;
#3316 = AXIS2_PLACEMENT_3D ( 'NONE', #7484, #7564, #4180 ) ;
#3317 = FACE_OUTER_BOUND ( 'NONE', #8584, .T. ) ;
#3318 = CALENDAR_DATE ( 2026, 26, 7 ) ;
#3319 = CC_DESIGN_APPROVAL ( #601, ( #754 ) ) ;
#3320 = VECTOR ( 'NONE', #2577, 1000.000000000000000 ) ;
#3321 = CARTESIAN_POINT ( 'NONE',  ( 136.0000000000000000, 5.000000000000000000, 96.50000000000000000 ) ) ;
#3322 = LINE ( 'NONE', #4683, #7849 ) ;
#3323 = CARTESIAN_POINT ( 'NONE',  ( -33.00000000000000000, 40.00000000000000000, 30.50000000000000000 ) ) ;
#3324 = AXIS2_PLACEMENT_3D ( 'NONE', #2057, #674, #1931 ) ;
#3325 = LOCAL_TIME ( 21, 54, 55.00000000000000000, #1257 ) ;
#3326 = APPROVAL ( #1381, 'UNKNOWN' ) ;
#3327 = FACE_OUTER_BOUND ( 'NONE', #3884, .T. ) ;
#3328 = CARTESIAN_POINT ( 'NONE',  ( -39.00000000000000000, 36.00000000000000000, 21.30000000000000071 ) ) ;
#3329 = FACE_OUTER_BOUND ( 'NONE', #3112, .T. ) ;
#3331 = SHAPE_REPRESENTATION ( 'FN-SUP-002_edge-support-pad_DRAFT_R0.5', ( #7312 ), #7879 ) ;
#3330 = APPROVAL_PERSON_ORGANIZATION ( #6773, #708, #5476 ) ;
#3332 = DIRECTION ( 'NONE',  ( 0.000000000000000000, 1.000000000000000000, 0.000000000000000000 ) ) ;
#3333 = DIRECTION ( 'NONE',  ( 0.000000000000000000, 0.000000000000000000, -1.000000000000000000 ) ) ;
#3334 = LOCAL_TIME ( 21, 54, 55.00000000000000000, #8845 ) ;
#3335 = EDGE_CURVE ( 'NONE', #8282, #7408, #8366, .T. ) ;
#3336 = LINE ( 'NONE', #788, #4436 ) ;
#3337 = APPROVAL_DATE_TIME ( #6129, #2301 ) ;
#3338 = ORIENTED_EDGE ( 'NONE', *, *, #7148, .F. ) ;
#3339 = COORDINATED_UNIVERSAL_TIME_OFFSET ( 8, 0, .AHEAD. ) ;
#3340 = EDGE_LOOP ( 'NONE', ( #4133, #3553, #1252, #424 ) ) ;
#3341 = ORIENTED_EDGE ( 'NONE', *, *, #1720, .F. ) ;
#3342 = ORIENTED_EDGE ( 'NONE', *, *, #3754, .T. ) ;
#3343 = FACE_BOUND ( 'NONE', #3834, .T. ) ;
#3344 = PRODUCT_DEFINITION_FORMATION_WITH_SPECIFIED_SOURCE ( '任何', '', #1323, .NOT_KNOWN. ) ;
#3345 = DIRECTION ( 'NONE',  ( 1.000000000000000000, 0.000000000000000000, 0.000000000000000000 ) ) ;
#3346 = ORIENTED_EDGE ( 'NONE', *, *, #510, .F. ) ;
#3347 = CARTESIAN_POINT ( 'NONE',  ( 138.0327499999999930, 91.09999999999999432, 98.50000000000000000 ) ) ;
#3348 = DIRECTION ( 'NONE',  ( 0.000000000000000000, -1.000000000000000000, 0.000000000000000000 ) ) ;
#3349 = DATE_AND_TIME ( #6724, #3731 ) ;
#3350 = EDGE_CURVE ( 'NONE', #3181, #2372, #1601, .T. ) ;
#3351 = CC_DESIGN_SECURITY_CLASSIFICATION ( #6476, ( #8867 ) ) ;
#3352 = CALENDAR_DATE ( 2026, 26, 7 ) ;
#3353 = EDGE_CURVE ( 'NONE', #7710, #657, #3520, .T. ) ;
#3354 = COORDINATED_UNIVERSAL_TIME_OFFSET ( 8, 0, .AHEAD. ) ;
#3355 = ORIENTED_EDGE ( 'NONE', *, *, #2586, .T. ) ;
#3356 = FACE_OUTER_BOUND ( 'NONE', #6319, .T. ) ;
#3357 = ORIENTED_EDGE ( 'NONE', *, *, #547, .T. ) ;
#3358 = LOCAL_TIME ( 21, 54, 55.00000000000000000, #3354 ) ;
#3359 = CARTESIAN_POINT ( 'NONE',  ( -28.50000000000000000, 2.500000000000000000, 47.00000000000000000 ) ) ;
#3360 = ADVANCED_FACE ( 'NONE', ( #5563 ), #7628, .F. ) ;
#3361 = CARTESIAN_POINT ( 'NONE',  ( 60.14999999999999858, 5.000000000000000000, 32.35000000000000142 ) ) ;
#3362 = CALENDAR_DATE ( 2026, 26, 7 ) ;
#3363 = FACE_OUTER_BOUND ( 'NONE', #2269, .T. ) ;
#3364 = CARTESIAN_POINT ( 'NONE',  ( -8.500000000000000000, 0.000000000000000000, 2.000000000000000000 ) ) ;
#3365 = LINE ( 'NONE', #727, #2281 ) ;
#3366 = CC_DESIGN_SECURITY_CLASSIFICATION ( #7486, ( #8884 ) ) ;
#3367 = LINE ( 'NONE', #7415, #3151 ) ;
#3368 = VECTOR ( 'NONE', #838, 1000.000000000000000 ) ;
#3369 = CIRCLE ( 'NONE', #6784, 1.600000000000004086 ) ;
#3370 = DIRECTION ( 'NONE',  ( 0.000000000000000000, 0.000000000000000000, 1.000000000000000000 ) ) ;
#3371 = DATE_AND_TIME ( #2746, #1346 ) ;
#3372 = CARTESIAN_POINT ( 'NONE',  ( -39.00000000000000000, 38.00000000000000000, 21.30000000000000071 ) ) ;
#3373 = CARTESIAN_POINT ( 'NONE',  ( 60.00000000000000000, 3.000000000000000000, -42.50000000000000000 ) ) ;
#3374 = FACE_OUTER_BOUND ( 'NONE', #7518, .T. ) ;
#3375 = EDGE_CURVE ( 'NONE', #8716, #7485, #6950, .T. ) ;
#3376 = CARTESIAN_POINT ( 'NONE',  ( -21.25000000000000000, 2.500000000000000000, -6.500000000000000000 ) ) ;
#3377 = APPROVAL_DATE_TIME ( #5325, #8136 ) ;
#3378 = AXIS2_PLACEMENT_3D ( 'NONE', #370, #8433, #7747 ) ;
#3379 = VERTEX_POINT ( 'NONE', #3738 ) ;
#3380 = APPROVAL_STATUS ( 'not_yet_approved' ) ;
#3381 = VERTEX_POINT ( 'NONE', #7936 ) ;
#3382 = ORIENTED_EDGE ( 'NONE', *, *, #5149, .F. ) ;
#3383 = ORIENTED_EDGE ( 'NONE', *, *, #4373, .T. ) ;
#3384 = CC_DESIGN_PERSON_AND_ORGANIZATION_ASSIGNMENT ( #7711, #2902, ( #6605 ) ) ;
#3385 = CARTESIAN_POINT ( 'NONE',  ( -54.00000000000000000, 3.600000000000000089, -81.50000000000000000 ) ) ;
#3386 = CARTESIAN_POINT ( 'NONE',  ( -9.500000000000000000, 2.500000000000000000, 4.500000000000000000 ) ) ;
#3387 = ORIENTED_EDGE ( 'NONE', *, *, #7938, .T. ) ;
#3388 = CIRCLE ( 'NONE', #3945, 1.750000000000001554 ) ;
#3389 =( REPRESENTATION_RELATIONSHIP ('NONE','NONE', #245, #10 ) REPRESENTATION_RELATIONSHIP_WITH_TRANSFORMATION ( #8518 )SHAPE_REPRESENTATION_RELATIONSHIP( ) );
#3390 = DIRECTION ( 'NONE',  ( 0.000000000000000000, 1.000000000000000000, 0.000000000000000000 ) ) ;
#3391 = VERTEX_POINT ( 'NONE', #7134 ) ;
#3392 = CARTESIAN_POINT ( 'NONE',  ( -39.00000000000000000, 0.000000000000000000, 17.69999999999999929 ) ) ;
#3393 = COORDINATED_UNIVERSAL_TIME_OFFSET ( 8, 0, .AHEAD. ) ;
#3394 = VERTEX_POINT ( 'NONE', #1865 ) ;
#3395 = ORIENTED_EDGE ( 'NONE', *, *, #2816, .T. ) ;
#3396 = DIRECTION ( 'NONE',  ( -0.000000000000000000, -0.000000000000000000, 1.000000000000000000 ) ) ;
#3397 = ORIENTED_EDGE ( 'NONE', *, *, #3570, .T. ) ;
#3398 = CC_DESIGN_DATE_AND_TIME_ASSIGNMENT ( #7108, #1668, ( #6301 ) ) ;
#3399 = PRODUCT_DEFINITION_SHAPE ( 'NONE', 'NONE',  #8872 ) ;
#3400 = CARTESIAN_POINT ( 'NONE',  ( -20.25000000000000000, 2.500000000000000000, -76.00000000000000000 ) ) ;
#3401 = VECTOR ( 'NONE', #1439, 1000.000000000000000 ) ;
#3402 = LINE ( 'NONE', #671, #457 ) ;
#3403 = DATE_TIME_ROLE ( 'creation_date' ) ;
#3404 = VECTOR ( 'NONE', #1177, 1000.000000000000000 ) ;
#3405 = VERTEX_POINT ( 'NONE', #8680 ) ;
#3406 = FACE_OUTER_BOUND ( 'NONE', #5887, .T. ) ;
#3407 = CARTESIAN_POINT ( 'NONE',  ( -8.750000000000000000, 2.500000000000000000, 8.250000000000000000 ) ) ;
#3408 = EDGE_CURVE ( 'NONE', #3050, #2363, #4930, .T. ) ;
#3409 = DIRECTION ( 'NONE',  ( 0.000000000000000000, 0.000000000000000000, -1.000000000000000000 ) ) ;
#3410 = CARTESIAN_POINT ( 'NONE',  ( 0.000000000000000000, 0.000000000000000000, 0.000000000000000000 ) ) ;
#3411 = DIRECTION ( 'NONE',  ( -1.000000000000000000, 0.000000000000000000, 0.000000000000000000 ) ) ;
#3412 = VECTOR ( 'NONE', #405, 1000.000000000000000 ) ;
#3413 = ADVANCED_FACE ( 'NONE', ( #3040 ), #3173, .F. ) ;
#3414 = FACE_OUTER_BOUND ( 'NONE', #4810, .T. ) ;
#3415 = PERSON_AND_ORGANIZATION_ROLE ( 'classification_officer' ) ;
#3416 = DIRECTION ( 'NONE',  ( -1.000000000000000000, 0.000000000000000000, -0.000000000000000000 ) ) ;
#3417 = DIRECTION ( 'NONE',  ( -0.000000000000000000, 1.000000000000000000, -0.000000000000000000 ) ) ;
#3418 = UNCERTAINTY_MEASURE_WITH_UNIT (LENGTH_MEASURE( 1.000000000000000082E-05 ), #7075, 'distance_accuracy_value', 'NONE');
#3419 = VECTOR ( 'NONE', #2999, 1000.000000000000000 ) ;
#3420 = DIRECTION ( 'NONE',  ( -1.000000000000000000, -0.000000000000000000, -0.000000000000000000 ) ) ;
#3421 = CARTESIAN_POINT ( 'NONE',  ( 0.000000000000000000, 2.500000000000000000, 0.000000000000000000 ) ) ;
#3422 = SECURITY_CLASSIFICATION_LEVEL ( 'unclassified' ) ;
#3423 = DATE_AND_TIME ( #7477, #2049 ) ;
#3424 = ORIENTED_EDGE ( 'NONE', *, *, #1869, .F. ) ;
#3425 = EDGE_LOOP ( 'NONE', ( #949, #1473, #7976, #4126 ) ) ;
#3426 = CARTESIAN_POINT ( 'NONE',  ( -21.25000000000000000, 2.500000000000000000, -6.500000000000000000 ) ) ;
#3427 = DESIGN_CONTEXT ( 'detailed design', #820, 'design' ) ;
#3428 = LINE ( 'NONE', #1325, #2086 ) ;
#3429 = DIRECTION ( 'NONE',  ( 0.000000000000000000, 0.000000000000000000, -1.000000000000000000 ) ) ;
#3430 = ORIENTED_EDGE ( 'NONE', *, *, #2918, .T. ) ;
#3431 = LINE ( 'NONE', #7565, #6703 ) ;
#3432 = CC_DESIGN_DATE_AND_TIME_ASSIGNMENT ( #3782, #7840, ( #327 ) ) ;
#3433 = CARTESIAN_POINT ( 'NONE',  ( 0.000000000000000000, 0.000000000000000000, 0.000000000000000000 ) ) ;
#3434 = EDGE_CURVE ( 'NONE', #5122, #990, #1228, .T. ) ;
#3435 = DATE_AND_TIME ( #1420, #3895 ) ;
#3436 = DATE_TIME_ROLE ( 'classification_date' ) ;
#3437 = ORIENTED_EDGE ( 'NONE', *, *, #2793, .T. ) ;
#3438 =( REPRESENTATION_RELATIONSHIP ('NONE','NONE', #245, #3331 ) REPRESENTATION_RELATIONSHIP_WITH_TRANSFORMATION ( #4920 )SHAPE_REPRESENTATION_RELATIONSHIP( ) );
#3439 = PLANE ( 'NONE',  #7759 ) ;
#3440 = ORIENTED_EDGE ( 'NONE', *, *, #8563, .T. ) ;
#3441 = CARTESIAN_POINT ( 'NONE',  ( 68.25000000000000000, 28.00000000000000000, 124.4500000000000028 ) ) ;
#3442 = EDGE_CURVE ( 'NONE', #3298, #5217, #1785, .T. ) ;
#3443 = APPROVAL_STATUS ( 'not_yet_approved' ) ;
#3444 = DIRECTION ( 'NONE',  ( 0.000000000000000000, 0.000000000000000000, 1.000000000000000000 ) ) ;
#3445 = PLANE ( 'NONE',  #5120 ) ;
#3446 = ORIENTED_EDGE ( 'NONE', *, *, #2258, .F. ) ;
#3447 = DIRECTION ( 'NONE',  ( -0.000000000000000000, -1.000000000000000000, -0.000000000000000000 ) ) ;
#3448 = DIRECTION ( 'NONE',  ( 1.000000000000000000, 0.000000000000000000, 0.000000000000000000 ) ) ;
#3449 = DIRECTION ( 'NONE',  ( 1.000000000000000000, 0.000000000000000000, 0.000000000000000000 ) ) ;
#3450 = CIRCLE ( 'NONE', #442, 1.750000000000005107 ) ;
#3451 = PLANE ( 'NONE',  #6582 ) ;
#3452 = VECTOR ( 'NONE', #7742, 1000.000000000000000 ) ;
#3453 = PERSON ( 'NAUO-PER11', 'UNSPECIFIED', 'UNSPECIFIED', ('UNSPECIFIED'), ('UNSPECIFIED'), ('UNSPECIFIED') ) ;
#3454 = EDGE_CURVE ( 'NONE', #7685, #7205, #1200, .T. ) ;
#3455 = ITEM_DEFINED_TRANSFORMATION ( 'NONE', 'NONE', #6864,  #7312 ) ;
#3456 = EDGE_CURVE ( 'NONE', #1049, #515, #5739, .T. ) ;
#3457 = FACE_OUTER_BOUND ( 'NONE', #3054, .T. ) ;
#3458 = DIRECTION ( 'NONE',  ( -0.000000000000000000, -0.000000000000000000, 1.000000000000000000 ) ) ;
#3459 = CC_DESIGN_SECURITY_CLASSIFICATION ( #7437, ( #7300 ) ) ;
#3460 = VECTOR ( 'NONE', #5496, 1000.000000000000000 ) ;
#3461 = PLANE ( 'NONE',  #3776 ) ;
#3462 = CARTESIAN_POINT ( 'NONE',  ( -6.000000000000000000, 0.000000000000000000, 6.000000000000000000 ) ) ;
#3464 = ADVANCED_FACE ( 'NONE', ( #8636 ), #7180, .F. ) ;
#3463 = ORIENTED_EDGE ( 'NONE', *, *, #8619, .F. ) ;
#3465 = CC_DESIGN_APPROVAL ( #1426, ( #2638 ) ) ;
#3466 = DATE_AND_TIME ( #2032, #4612 ) ;
#3467 = ORIENTED_EDGE ( 'NONE', *, *, #4552, .F. ) ;
#3468 = DIRECTION ( 'NONE',  ( 0.000000000000000000, 0.000000000000000000, -1.000000000000000000 ) ) ;
#3469 = PRODUCT_DEFINITION_SHAPE ( 'NONE', 'NONE',  #8875 ) ;
#3470 = VECTOR ( 'NONE', #946, 1000.000000000000000 ) ;
#3471 = CARTESIAN_POINT ( 'NONE',  ( -25.50000000000000000, 2.500000000000000000, 47.00000000000000000 ) ) ;
#3472 = LOCAL_TIME ( 21, 54, 55.00000000000000000, #2958 ) ;
#3473 = DIRECTION ( 'NONE',  ( 0.000000000000000000, 0.000000000000000000, -1.000000000000000000 ) ) ;
#3474 = PLANE ( 'NONE',  #8742 ) ;
#3475 = DIRECTION ( 'NONE',  ( 0.000000000000000000, 0.000000000000000000, 1.000000000000000000 ) ) ;
#3476 = APPROVAL_ROLE ( '' ) ;
#3477 = CALENDAR_DATE ( 2026, 26, 7 ) ;
#3478 = ORIENTED_EDGE ( 'NONE', *, *, #3568, .T. ) ;
#3479 = CC_DESIGN_APPROVAL ( #2780, ( #4887 ) ) ;
#3480 = CC_DESIGN_PERSON_AND_ORGANIZATION_ASSIGNMENT ( #3129, #1196, ( #5907 ) ) ;
#3481 = DIRECTION ( 'NONE',  ( -1.000000000000000000, 0.000000000000000000, 0.000000000000000000 ) ) ;
#3482 = ORIENTED_EDGE ( 'NONE', *, *, #8079, .F. ) ;
#3483 = FACE_OUTER_BOUND ( 'NONE', #1699, .T. ) ;
#3484 = PRODUCT_DEFINITION_FORMATION_WITH_SPECIFIED_SOURCE ( '任何', '', #1399, .NOT_KNOWN. ) ;
#3485 = EDGE_CURVE ( 'NONE', #4985, #3302, #2502, .T. ) ;
#3486 = CALENDAR_DATE ( 2026, 26, 7 ) ;
#3487 = FACE_BOUND ( 'NONE', #7531, .T. ) ;
#3488 = SECURITY_CLASSIFICATION ( '', '', #7821 ) ;
#3489 = CC_DESIGN_DATE_AND_TIME_ASSIGNMENT ( #4055, #1379, ( #5713 ) ) ;
#3490 = DIRECTION ( 'NONE',  ( -0.000000000000000000, -1.000000000000000000, -0.000000000000000000 ) ) ;
#3491 = ORIENTED_EDGE ( 'NONE', *, *, #3802, .T. ) ;
#3492 = EDGE_CURVE ( 'NONE', #3807, #6597, #3873, .T. ) ;
#3493 = PLANE ( 'NONE',  #3557 ) ;
#3494 = DIRECTION ( 'NONE',  ( 1.000000000000000000, 0.000000000000000000, 0.000000000000000000 ) ) ;
#3495 = CARTESIAN_POINT ( 'NONE',  ( -36.00000000000000000, 3.000000000000000000, 33.50000000000000000 ) ) ;
#3496 = CC_DESIGN_APPROVAL ( #8355, ( #5907 ) ) ;
#3497 = FACE_OUTER_BOUND ( 'NONE', #3783, .T. ) ;
#3498 = COORDINATED_UNIVERSAL_TIME_OFFSET ( 8, 0, .AHEAD. ) ;
#3499 = DIRECTION ( 'NONE',  ( -0.000000000000000000, -1.000000000000000000, -0.000000000000000000 ) ) ;
#3500 = DIRECTION ( 'NONE',  ( 0.000000000000000000, -1.000000000000000000, 0.000000000000000000 ) ) ;
#3501 = AXIS2_PLACEMENT_3D ( 'NONE', #244, #6909, #5029 ) ;
#3502 = CC_DESIGN_PERSON_AND_ORGANIZATION_ASSIGNMENT ( #7425, #2875, ( #3881 ) ) ;
#3503 = CARTESIAN_POINT ( 'NONE',  ( -33.00000000000000000, 40.00000000000000000, 30.50000000000000000 ) ) ;
#3504 = CYLINDRICAL_SURFACE ( 'NONE', #6712, 1.750000000000001554 ) ;
#3505 = COORDINATED_UNIVERSAL_TIME_OFFSET ( 8, 0, .AHEAD. ) ;
#3506 = EDGE_LOOP ( 'NONE', ( #7701, #1537 ) ) ;
#3507 = DIRECTION ( 'NONE',  ( 0.000000000000000000, 0.000000000000000000, -1.000000000000000000 ) ) ;
#3508 = CARTESIAN_POINT ( 'NONE',  ( -158.9499999999999886, 91.09999999999999432, 119.4500000000000028 ) ) ;
#3509 = EDGE_CURVE ( 'NONE', #4368, #8689, #1643, .T. ) ;
#3510 = DIRECTION ( 'NONE',  ( 0.000000000000000000, 0.000000000000000000, 1.000000000000000000 ) ) ;
#3511 = ORIENTED_EDGE ( 'NONE', *, *, #4904, .T. ) ;
#3512 = DIRECTION ( 'NONE',  ( -1.000000000000000000, -0.000000000000000000, -0.000000000000000000 ) ) ;
#3513 = APPROVAL_STATUS ( 'not_yet_approved' ) ;
#3514 = EDGE_CURVE ( 'NONE', #2844, #2030, #2548, .T. ) ;
#3515 = COORDINATED_UNIVERSAL_TIME_OFFSET ( 8, 0, .AHEAD. ) ;
#3516 = VERTEX_POINT ( 'NONE', #1733 ) ;
#3517 = ITEM_DEFINED_TRANSFORMATION ( 'NONE', 'NONE', #8458,  #7312 ) ;
#3518 = ORIENTED_EDGE ( 'NONE', *, *, #222, .T. ) ;
#3519 = ORIENTED_EDGE ( 'NONE', *, *, #2313, .F. ) ;
#3520 = LINE ( 'NONE', #7673, #5777 ) ;
#3521 = ORIENTED_EDGE ( 'NONE', *, *, #7459, .T. ) ;
#3522 = CIRCLE ( 'NONE', #7085, 8.250000000000014211 ) ;
#3523 = LINE ( 'NONE', #3400, #8838 ) ;
#3524 =( NAMED_UNIT ( * ) PLANE_ANGLE_UNIT ( ) SI_UNIT ( $, .RADIAN. ) );
#3525 = APPROVAL_DATE_TIME ( #34, #2079 ) ;
#3526 = VERTEX_POINT ( 'NONE', #4545 ) ;
#3527 = CARTESIAN_POINT ( 'NONE',  ( -121.2500000000000000, 28.00000000000000000, 119.4500000000000028 ) ) ;
#3528 = PLANE ( 'NONE',  #7136 ) ;
#3529 = EDGE_CURVE ( 'NONE', #616, #7808, #1692, .T. ) ;
#3530 = ORIENTED_EDGE ( 'NONE', *, *, #2303, .F. ) ;
#3531 = CARTESIAN_POINT ( 'NONE',  ( -45.00000000000000000, 36.00000000000000000, 29.00000000000000000 ) ) ;
#3532 = ADVANCED_FACE ( 'NONE', ( #8585 ), #7893, .F. ) ;
#3533 = VECTOR ( 'NONE', #2479, 1000.000000000000000 ) ;
#3534 = CYLINDRICAL_SURFACE ( 'NONE', #2611, 1.750000000000001554 ) ;
#3535 = CC_DESIGN_DATE_AND_TIME_ASSIGNMENT ( #5367, #1988, ( #4887 ) ) ;
#3536 = PRODUCT_DEFINITION_SHAPE ( 'NONE', 'NONE',  #8866 ) ;
#3537 = AXIS2_PLACEMENT_3D ( 'NONE', #3744, #8550, #2411 ) ;
#3538 = DATE_TIME_ROLE ( 'classification_date' ) ;
#3539 = FACE_OUTER_BOUND ( 'NONE', #6041, .T. ) ;
#3540 = CARTESIAN_POINT ( 'NONE',  ( 39.75000000000000000, 2.500000000000000000, 83.00000000000000000 ) ) ;
#3541 = ORIENTED_EDGE ( 'NONE', *, *, #7281, .F. ) ;
#3542 = CARTESIAN_POINT ( 'NONE',  ( 21.25000000000000000, 2.500000000000000000, 10.50000000000000000 ) ) ;
#3543 = DIRECTION ( 'NONE',  ( 0.000000000000000000, 0.000000000000000000, -1.000000000000000000 ) ) ;
#3544 = SHAPE_REPRESENTATION_RELATIONSHIP ( 'NONE' , 'NONE' ,  #4820, #7290 ) ;
#3546 = VERTEX_POINT ( 'NONE', #5116 ) ;
#3545 = APPLICATION_CONTEXT ( 'configuration controlled 3d designs of mechanical parts and assemblies' ) ;
#3547 = CALENDAR_DATE ( 2026, 26, 7 ) ;
#3548 = LINE ( 'NONE', #6439, #4428 ) ;
#3549 = CC_DESIGN_DATE_AND_TIME_ASSIGNMENT ( #8221, #3403, ( #1161 ) ) ;
#3550 = DIRECTION ( 'NONE',  ( 0.000000000000000000, 1.000000000000000000, 0.000000000000000000 ) ) ;
#3551 = LINE ( 'NONE', #3508, #2385 ) ;
#3552 = CARTESIAN_POINT ( 'NONE',  ( -3.000000000000000000, 0.000000000000000000, -22.50000000000000000 ) ) ;
#3553 = ORIENTED_EDGE ( 'NONE', *, *, #4609, .T. ) ;
#3554 = DIRECTION ( 'NONE',  ( 0.000000000000000000, 0.000000000000000000, -1.000000000000000000 ) ) ;
#3555 = PERSON_AND_ORGANIZATION_ROLE ( 'classification_officer' ) ;
#3556 = CALENDAR_DATE ( 2026, 26, 7 ) ;
#3557 = AXIS2_PLACEMENT_3D ( 'NONE', #4153, #4780, #7461 ) ;
#3558 = EDGE_LOOP ( 'NONE', ( #3265, #1114, #7617, #3993, #5517, #5547, #2417, #435, #5203, #7305 ) ) ;
#3559 = CALENDAR_DATE ( 2026, 26, 7 ) ;
#3560 = ORIENTED_EDGE ( 'NONE', *, *, #3836, .T. ) ;
#3561 = EDGE_CURVE ( 'NONE', #5926, #8540, #1824, .T. ) ;
#3562 = EDGE_CURVE ( 'NONE', #5155, #13, #4914, .T. ) ;
#3563 = FACE_OUTER_BOUND ( 'NONE', #1280, .T. ) ;
#3565 = EDGE_LOOP ( 'NONE', ( #7945, #7684, #5702, #602 ) ) ;
#3564 = EDGE_CURVE ( 'NONE', #2785, #5422, #7634, .T. ) ;
#3566 = DIRECTION ( 'NONE',  ( 0.000000000000000000, 0.000000000000000000, 1.000000000000000000 ) ) ;
#3567 = APPROVAL_DATE_TIME ( #4281, #1970 ) ;
#3568 = EDGE_CURVE ( 'NONE', #6975, #632, #3222, .T. ) ;
#3569 = VERTEX_POINT ( 'NONE', #6135 ) ;
#3570 = EDGE_CURVE ( 'NONE', #8106, #4355, #605, .T. ) ;
#3571 = CARTESIAN_POINT ( 'NONE',  ( 39.00000000000000000, 38.00000000000000000, -21.30000000000000071 ) ) ;
#3572 = CARTESIAN_POINT ( 'NONE',  ( -158.9499999999999886, 91.09999999999999432, -119.4500000000000028 ) ) ;
#3573 = ORIENTED_EDGE ( 'NONE', *, *, #3073, .F. ) ;
#3574 = LINE ( 'NONE', #2920, #89 ) ;
#3575 = CARTESIAN_POINT ( 'NONE',  ( 60.14999999999999858, 7.000000000000000000, -32.35000000000000142 ) ) ;
#3576 = CARTESIAN_POINT ( 'NONE',  ( 57.50000000000000000, 35.00000000000000000, 85.00000000000000000 ) ) ;
#3577 = APPROVAL_ROLE ( '' ) ;
#3578 = VECTOR ( 'NONE', #7068, 1000.000000000000000 ) ;
#3579 = AXIS2_PLACEMENT_3D ( 'NONE', #369, #5985, #8056 ) ;
#3580 = APPROVAL_DATE_TIME ( #6387, #7680 ) ;
#3581 = CARTESIAN_POINT ( 'NONE',  ( -57.50000000000000000, 35.00000000000000000, 85.00000000000000000 ) ) ;
#3582 = CARTESIAN_POINT ( 'NONE',  ( -20.25000000000000000, 2.500000000000000000, -72.00000000000001421 ) ) ;
#3583 = ORIENTED_EDGE ( 'NONE', *, *, #3454, .F. ) ;
#3584 = CC_DESIGN_DATE_AND_TIME_ASSIGNMENT ( #1290, #3436, ( #4054 ) ) ;
#3585 = EDGE_CURVE ( 'NONE', #3994, #3130, #2763, .T. ) ;
#3586 = AXIS2_PLACEMENT_3D ( 'NONE', #7161, #8702, #7247 ) ;
#3587 = DIRECTION ( 'NONE',  ( 0.000000000000000000, 0.000000000000000000, -1.000000000000000000 ) ) ;
#3588 = VECTOR ( 'NONE', #4225, 1000.000000000000000 ) ;
#3589 = DIRECTION ( 'NONE',  ( -1.000000000000000000, 0.000000000000000000, 0.000000000000000000 ) ) ;
#3590 = APPLICATION_PROTOCOL_DEFINITION ( 'international standard', 'config_control_design', 1994, #8590 ) ;
#3591 = CIRCLE ( 'NONE', #6718, 1.250000000000004663 ) ;
#3592 = FACE_OUTER_BOUND ( 'NONE', #1679, .T. ) ;
#3593 = APPROVAL_PERSON_ORGANIZATION ( #7301, #869, #2496 ) ;
#3594 = VECTOR ( 'NONE', #6024, 1000.000000000000000 ) ;
#3595 = DIRECTION ( 'NONE',  ( 0.000000000000000000, 0.000000000000000000, 1.000000000000000000 ) ) ;
#3596 = DIRECTION ( 'NONE',  ( -0.000000000000000000, -1.000000000000000000, -0.000000000000000000 ) ) ;
#3597 = EDGE_CURVE ( 'NONE', #6975, #8030, #7524, .T. ) ;
#3598 = CIRCLE ( 'NONE', #2025, 1.799999999999999600 ) ;
#3599 = CARTESIAN_POINT ( 'NONE',  ( -54.00000000000000000, 1.599999999999999867, 83.10000000000000853 ) ) ;
#3600 = ORIENTED_EDGE ( 'NONE', *, *, #11, .T. ) ;
#3601 = LOCAL_TIME ( 21, 54, 55.00000000000000000, #4289 ) ;
#3602 = CARTESIAN_POINT ( 'NONE',  ( -25.50000000000000000, 2.500000000000000000, -57.00000000000000000 ) ) ;
#3603 = APPLICATION_PROTOCOL_DEFINITION ( 'international standard', 'config_control_design', 1994, #6958 ) ;
#3604 = CALENDAR_DATE ( 2026, 26, 7 ) ;
#3605 = VERTEX_POINT ( 'NONE', #5334 ) ;
#3606 = DATE_TIME_ROLE ( 'classification_date' ) ;
#3607 = ORIENTED_EDGE ( 'NONE', *, *, #8619, .T. ) ;
#3608 = ORIENTED_EDGE ( 'NONE', *, *, #2592, .F. ) ;
#3609 = CC_DESIGN_APPROVAL ( #312, ( #4034 ) ) ;
#3610 = APPROVAL_PERSON_ORGANIZATION ( #3080, #5078, #1726 ) ;
#3611 = DIRECTION ( 'NONE',  ( 1.000000000000000000, 0.000000000000000000, 0.000000000000000000 ) ) ;
#3612 = ORIENTED_EDGE ( 'NONE', *, *, #4115, .T. ) ;
#3613 = PRODUCT ( 'FN-HLD-003_battery-tray-zone_R0.5', 'FN-HLD-003_battery-tray-zone_R0.5', '', ( #3864 ) ) ;
#3614 = DIRECTION ( 'NONE',  ( 0.000000000000000000, -1.000000000000000000, 0.000000000000000000 ) ) ;
#3615 = CC_DESIGN_PERSON_AND_ORGANIZATION_ASSIGNMENT ( #4083, #6800, ( #897 ) ) ;
#3616 = ADVANCED_FACE ( 'NONE', ( #1953 ), #6632, .F. ) ;
#3617 = LOCAL_TIME ( 21, 54, 55.00000000000000000, #6668 ) ;
#3618 = COORDINATED_UNIVERSAL_TIME_OFFSET ( 8, 0, .AHEAD. ) ;
#3619 = ORIENTED_EDGE ( 'NONE', *, *, #4918, .T. ) ;
#3620 = DIRECTION ( 'NONE',  ( -1.000000000000000000, 0.000000000000000000, 0.000000000000000000 ) ) ;
#3621 = CARTESIAN_POINT ( 'NONE',  ( -60.14999999999999858, 5.000000000000000000, -32.35000000000000142 ) ) ;
#3622 = ORIENTED_EDGE ( 'NONE', *, *, #1552, .T. ) ;
#3623 = LOCAL_TIME ( 21, 54, 55.00000000000000000, #6027 ) ;
#3624 = CARTESIAN_POINT ( 'NONE',  ( 8.750000000000000000, 2.500000000000000000, -8.250000000000000000 ) ) ;
#3625 = DIRECTION ( 'NONE',  ( 0.000000000000000000, -1.000000000000000000, 0.000000000000000000 ) ) ;
#3626 = ADVANCED_FACE ( 'NONE', ( #1415 ), #2635, .F. ) ;
#3627 = LINE ( 'NONE', #129, #7586 ) ;
#3628 = APPROVAL_STATUS ( 'not_yet_approved' ) ;
#3629 = ORGANIZATION ( 'NAUO-ORG12', 'UNSPECIFIED', 'UNSPECIFIED' ) ;
#3630 = CARTESIAN_POINT ( 'NONE',  ( -121.2500000000000000, 28.00000000000000000, 98.50000000000000000 ) ) ;
#3631 = CARTESIAN_POINT ( 'NONE',  ( 28.50000000000000000, 0.000000000000000000, 60.00000000000000000 ) ) ;
#3632 = ORIENTED_EDGE ( 'NONE', *, *, #2658, .F. ) ;
#3633 = LINE ( 'NONE', #4822, #8752 ) ;
#3634 = CARTESIAN_POINT ( 'NONE',  ( -136.0000000000000000, 5.000000000000000000, 96.50000000000000000 ) ) ;
#3635 = DIRECTION ( 'NONE',  ( 0.000000000000000000, 0.000000000000000000, -1.000000000000000000 ) ) ;
#3636 =( NAMED_UNIT ( * ) PLANE_ANGLE_UNIT ( ) SI_UNIT ( $, .RADIAN. ) );
#3637 = PERSON_AND_ORGANIZATION ( #5260, #6155 ) ;
#3638 = DIRECTION ( 'NONE',  ( -0.000000000000000000, -0.000000000000000000, 1.000000000000000000 ) ) ;
#3639 = LOCAL_TIME ( 21, 54, 55.00000000000000000, #7177 ) ;
#3640 = FACE_OUTER_BOUND ( 'NONE', #8542, .T. ) ;
#3641 = ADVANCED_FACE ( 'NONE', ( #1284 ), #6046, .F. ) ;
#3642 = DIRECTION ( 'NONE',  ( 0.000000000000000000, 1.000000000000000000, 0.000000000000000000 ) ) ;
#3643 = PLANE ( 'NONE',  #4293 ) ;
#3644 = DATE_TIME_ROLE ( 'classification_date' ) ;
#3645 = AXIS2_PLACEMENT_3D ( 'NONE', #144, #5600, #3510 ) ;
#3646 = VECTOR ( 'NONE', #299, 1000.000000000000000 ) ;
#3647 = EDGE_LOOP ( 'NONE', ( #6148, #6138, #520, #6110 ) ) ;
#3648 = APPLICATION_PROTOCOL_DEFINITION ( 'international standard', 'config_control_design', 1994, #3110 ) ;
#3649 = APPROVAL ( #6680, '未指定' ) ;
#3650 = COORDINATED_UNIVERSAL_TIME_OFFSET ( 8, 0, .AHEAD. ) ;
#3651 = ORIENTED_EDGE ( 'NONE', *, *, #1445, .T. ) ;
#3652 = VECTOR ( 'NONE', #558, 1000.000000000000000 ) ;
#3653 = CARTESIAN_POINT ( 'NONE',  ( -24.25000000000000000, 2.500000000000000000, -79.00000000000000000 ) ) ;
#3654 = VERTEX_POINT ( 'NONE', #8021 ) ;
#3655 = CARTESIAN_POINT ( 'NONE',  ( -57.50000000000000000, 0.000000000000000000, -85.00000000000000000 ) ) ;
#3656 = DIRECTION ( 'NONE',  ( 0.000000000000000000, 0.000000000000000000, 1.000000000000000000 ) ) ;
#3657 = PERSON_AND_ORGANIZATION ( #5260, #6155 ) ;
#3658 = ORIENTED_EDGE ( 'NONE', *, *, #7765, .F. ) ;
#3659 = FACE_OUTER_BOUND ( 'NONE', #6542, .T. ) ;
#3660 = PRODUCT_RELATED_PRODUCT_CATEGORY ( 'detail', '', ( #4738 ) ) ;
#3661 = AXIS2_PLACEMENT_3D ( 'NONE', #3057, #5754, #7860 ) ;
#3662 = DIRECTION ( 'NONE',  ( 0.000000000000000000, 1.000000000000000000, 0.000000000000000000 ) ) ;
#3663 = VERTEX_POINT ( 'NONE', #2676 ) ;
#3664 = ORIENTED_EDGE ( 'NONE', *, *, #120, .T. ) ;
#3665 = LINE ( 'NONE', #2191, #4389 ) ;
#3666 = CARTESIAN_POINT ( 'NONE',  ( 9.500000000000000000, 0.000000000000000000, 4.500000000000000000 ) ) ;
#3667 = CARTESIAN_POINT ( 'NONE',  ( -19.00000000000000000, 15.00000000000000000, 9.000000000000000000 ) ) ;
#3668 = APPROVAL_STATUS ( 'not_yet_approved' ) ;
#3669 = AXIS2_PLACEMENT_3D ( 'NONE', #8609, #1935, #6520 ) ;
#3670 = ADVANCED_BREP_SHAPE_REPRESENTATION ( '', ( #2475, #7312 ), #747 ) ;
#3671 = FACE_BOUND ( 'NONE', #3506, .T. ) ;
#3672 = EDGE_CURVE ( 'NONE', #1649, #3569, #5638, .T. ) ;
#3673 = LINE ( 'NONE', #1578, #4815 ) ;
#3674 = VERTEX_POINT ( 'NONE', #5470 ) ;
#3675 = EDGE_CURVE ( 'NONE', #5914, #1843, #1373, .T. ) ;
#3676 = DIRECTION ( 'NONE',  ( -1.000000000000000000, -0.000000000000000000, -0.000000000000000000 ) ) ;
#3677 = VECTOR ( 'NONE', #7783, 1000.000000000000000 ) ;
#3678 = CARTESIAN_POINT ( 'NONE',  ( 0.000000000000000000, 0.000000000000000000, 0.000000000000000000 ) ) ;
#3679 = SHAPE_REPRESENTATION_RELATIONSHIP ( 'NONE' , 'NONE' ,  #7275, #6540 ) ;
#3680 = PERSON_AND_ORGANIZATION ( #5260, #6155 ) ;
#3681 = CARTESIAN_POINT ( 'NONE',  ( -118.0000000000000000, 28.00000000000000000, 98.50000000000000000 ) ) ;
#3682 = ADVANCED_FACE ( 'NONE', ( #8205 ), #1994, .F. ) ;
#3683 = LINE ( 'NONE', #2983, #664 ) ;
#3684 = PRODUCT_DEFINITION_SHAPE ( 'NONE', 'NONE',  #8869 ) ;
#3685 = CARTESIAN_POINT ( 'NONE',  ( -28.00000000000000000, 3.000000000000000000, 15.50000000000000000 ) ) ;
#3686 = ORIENTED_EDGE ( 'NONE', *, *, #6400, .F. ) ;
#3687 = LINE ( 'NONE', #8401, #8001 ) ;
#3688 = CALENDAR_DATE ( 2026, 26, 7 ) ;
#3689 = VECTOR ( 'NONE', #315, 1000.000000000000000 ) ;
#3690 = APPROVAL_ROLE ( '' ) ;
#3691 = ORIENTED_EDGE ( 'NONE', *, *, #3209, .F. ) ;
#3692 = APPROVAL_ROLE ( '' ) ;
#3693 = ORIENTED_EDGE ( 'NONE', *, *, #4384, .T. ) ;
#3694 = CIRCLE ( 'NONE', #1704, 1.799999999999999600 ) ;
#3695 = CYLINDRICAL_SURFACE ( 'NONE', #7923, 1.750000000000001554 ) ;
#3696 = ORIENTED_EDGE ( 'NONE', *, *, #8239, .F. ) ;
#3697 = CC_DESIGN_PERSON_AND_ORGANIZATION_ASSIGNMENT ( #4220, #6265, ( #5751 ) ) ;
#3698 = LINE ( 'NONE', #7677, #3842 ) ;
#3699 = CARTESIAN_POINT ( 'NONE',  ( -24.25000000000000000, 2.500000000000000000, -83.00000000000000000 ) ) ;
#3700 =( NAMED_UNIT ( * ) SI_UNIT ( $, .STERADIAN. ) SOLID_ANGLE_UNIT ( ) );
#3701 = APPROVAL_ROLE ( '' ) ;
#3702 = VERTEX_POINT ( 'NONE', #8072 ) ;
#3703 = ORIENTED_EDGE ( 'NONE', *, *, #7734, .T. ) ;
#3704 = CARTESIAN_POINT ( 'NONE',  ( 0.000000000000000000, 5.000000000000000000, 0.000000000000000000 ) ) ;
#3705 = LINE ( 'NONE', #213, #7414 ) ;
#3706 = VERTEX_POINT ( 'NONE', #4757 ) ;
#3707 = DIRECTION ( 'NONE',  ( 0.000000000000000000, 0.000000000000000000, -1.000000000000000000 ) ) ;
#3708 = FACE_OUTER_BOUND ( 'NONE', #6997, .T. ) ;
#3709 = ADVANCED_FACE ( 'NONE', ( #2038 ), #3961, .F. ) ;
#3710 = CARTESIAN_POINT ( 'NONE',  ( 8.500000000000000000, 2.500000000000000000, 6.000000000000000000 ) ) ;
#3711 = CALENDAR_DATE ( 2026, 26, 7 ) ;
#3712 = CALENDAR_DATE ( 2026, 26, 7 ) ;
#3713 = VECTOR ( 'NONE', #3024, 1000.000000000000000 ) ;
#3714 = LINE ( 'NONE', #5003, #8315 ) ;
#3715 = CARTESIAN_POINT ( 'NONE',  ( -136.0000000000000000, 5.000000000000000000, 96.50000000000000000 ) ) ;
#3716 = APPLICATION_CONTEXT ( 'configuration controlled 3d designs of mechanical parts and assemblies' ) ;
#3717 = EDGE_LOOP ( 'NONE', ( #7430, #4705, #2409, #2351 ) ) ;
#3718 = CARTESIAN_POINT ( 'NONE',  ( 60.14999999999999858, 0.000000000000000000, -32.35000000000000142 ) ) ;
#3719 = EDGE_CURVE ( 'NONE', #3391, #113, #2715, .T. ) ;
#3720 = DIRECTION ( 'NONE',  ( 0.000000000000000000, 0.000000000000000000, 1.000000000000000000 ) ) ;
#3721 = EDGE_CURVE ( 'NONE', #6060, #807, #3428, .T. ) ;
#3722 = COORDINATED_UNIVERSAL_TIME_OFFSET ( 8, 0, .AHEAD. ) ;
#3723 = ORIENTED_EDGE ( 'NONE', *, *, #8338, .T. ) ;
#3724 = FACE_OUTER_BOUND ( 'NONE', #1647, .T. ) ;
#3725 = AXIS2_PLACEMENT_3D ( 'NONE', #4094, #1287, #68 ) ;
#3726 = AXIS2_PLACEMENT_3D ( 'NONE', #1072, #6503, #384 ) ;
#3727 = CARTESIAN_POINT ( 'NONE',  ( 2.250000000000000000, 2.500000000000000000, 10.50000000000000000 ) ) ;
#3728 = EDGE_CURVE ( 'NONE', #1861, #5171, #4049, .T. ) ;
#3729 = LINE ( 'NONE', #7794, #1587 ) ;
#3730 = COORDINATED_UNIVERSAL_TIME_OFFSET ( 8, 0, .AHEAD. ) ;
#3731 = LOCAL_TIME ( 21, 54, 55.00000000000000000, #4671 ) ;
#3732 = APPLICATION_PROTOCOL_DEFINITION ( 'international standard', 'config_control_design', 1994, #2111 ) ;
#3733 = VECTOR ( 'NONE', #2754, 1000.000000000000000 ) ;
#3734 = ORIENTED_EDGE ( 'NONE', *, *, #4490, .T. ) ;
#3735 = APPROVAL_STATUS ( 'not_yet_approved' ) ;
#3736 = ORIENTED_EDGE ( 'NONE', *, *, #1768, .T. ) ;
#3737 = ORIENTED_EDGE ( 'NONE', *, *, #835, .F. ) ;
#3738 = CARTESIAN_POINT ( 'NONE',  ( 6.500000000000000000, 0.000000000000000000, 22.50000000000000000 ) ) ;
#3739 = VECTOR ( 'NONE', #178, 1000.000000000000000 ) ;
#3740 = ORIENTED_EDGE ( 'NONE', *, *, #8729, .F. ) ;
#3741 = APPROVAL_PERSON_ORGANIZATION ( #8734, #7368, #1214 ) ;
#3742 = VECTOR ( 'NONE', #1975, 1000.000000000000000 ) ;
#3743 = CARTESIAN_POINT ( 'NONE',  ( -158.9499999999999886, 0.000000000000000000, -119.4500000000000028 ) ) ;
#3744 = CARTESIAN_POINT ( 'NONE',  ( 0.000000000000000000, 0.000000000000000000, 0.000000000000000000 ) ) ;
#3745 = PERSON_AND_ORGANIZATION ( #5260, #6155 ) ;
#3746 = VERTEX_POINT ( 'NONE', #3386 ) ;
#3747 = PRODUCT_DEFINITION_FORMATION_WITH_SPECIFIED_SOURCE ( '任何', '', #6168, .NOT_KNOWN. ) ;
#3748 = EDGE_LOOP ( 'NONE', ( #3752, #7400, #3231, #1320 ) ) ;
#3749 = APPROVAL ( #7490, 'UNKNOWN' ) ;
#3750 = DIRECTION ( 'NONE',  ( 0.000000000000000000, 0.000000000000000000, 1.000000000000000000 ) ) ;
#3751 = DIRECTION ( 'NONE',  ( 1.000000000000000000, 0.000000000000000000, -0.000000000000000000 ) ) ;
#3752 = ORIENTED_EDGE ( 'NONE', *, *, #2614, .F. ) ;
#3753 = DIRECTION ( 'NONE',  ( 0.000000000000000000, 0.000000000000000000, -1.000000000000000000 ) ) ;
#3754 = EDGE_CURVE ( 'NONE', #4523, #1786, #4799, .T. ) ;
#3755 = CC_DESIGN_APPROVAL ( #3809, ( #6032 ) ) ;
#3756 = AXIS2_PLACEMENT_3D ( 'NONE', #87, #2014, #1353 ) ;
#3757 = EDGE_CURVE ( 'NONE', #5343, #4393, #5958, .T. ) ;
#3758 = CARTESIAN_POINT ( 'NONE',  ( 13.00000000000000000, 0.000000000000000000, 39.00000000000000000 ) ) ;
#3759 = PERSON_AND_ORGANIZATION ( #5260, #6155 ) ;
#3760 = CC_DESIGN_PERSON_AND_ORGANIZATION_ASSIGNMENT ( #1017, #2172, ( #7571 ) ) ;
#3761 = FACE_OUTER_BOUND ( 'NONE', #7559, .T. ) ;
#3762 = CC_DESIGN_SECURITY_CLASSIFICATION ( #6605, ( #1624 ) ) ;
#3763 = DIRECTION ( 'NONE',  ( -0.000000000000000000, 1.000000000000000000, -0.000000000000000000 ) ) ;
#3764 = UNCERTAINTY_MEASURE_WITH_UNIT (LENGTH_MEASURE( 1.000000000000000082E-05 ), #187, 'distance_accuracy_value', 'NONE');
#3765 = DIRECTION ( 'NONE',  ( -1.000000000000000000, -0.000000000000000000, -0.000000000000000000 ) ) ;
#3766 = EDGE_LOOP ( 'NONE', ( #5663, #5240 ) ) ;
#3767 = PLANE ( 'NONE',  #5264 ) ;
#3768 = APPROVAL_PERSON_ORGANIZATION ( #501, #3281, #8703 ) ;
#3769 = AXIS2_PLACEMENT_3D ( 'NONE', #715, #1384, #2002 ) ;
#3770 = DIRECTION ( 'NONE',  ( 0.000000000000000000, 0.000000000000000000, 1.000000000000000000 ) ) ;
#3771 = CALENDAR_DATE ( 2026, 26, 7 ) ;
#3772 = LINE ( 'NONE', #7292, #5142 ) ;
#3773 = DIRECTION ( 'NONE',  ( -1.000000000000000000, 0.000000000000000000, 0.000000000000000000 ) ) ;
#3774 = APPROVAL ( #7255, '未指定' ) ;
#3775 = SECURITY_CLASSIFICATION ( '', '', #8233 ) ;
#3776 = AXIS2_PLACEMENT_3D ( 'NONE', #2795, #1362, #6034 ) ;
#3777 = LINE ( 'NONE', #6576, #3933 ) ;
#3778 = DIRECTION ( 'NONE',  ( -1.000000000000000000, 0.000000000000000000, 0.000000000000000000 ) ) ;
#3779 = APPROVAL_ROLE ( '' ) ;
#3780 = APPROVAL_PERSON_ORGANIZATION ( #8213, #814, #2722 ) ;
#3781 = VERTEX_POINT ( 'NONE', #4934 ) ;
#3782 = DATE_AND_TIME ( #3215, #7749 ) ;
#3783 = EDGE_LOOP ( 'NONE', ( #7002, #4678, #7193, #6507 ) ) ;
#3784 = DATE_AND_TIME ( #1066, #3639 ) ;
#3785 = VERTEX_POINT ( 'NONE', #1458 ) ;
#3786 = EDGE_CURVE ( 'NONE', #2030, #7228, #3551, .T. ) ;
#3787 = DIRECTION ( 'NONE',  ( -0.000000000000000000, -0.000000000000000000, 1.000000000000000000 ) ) ;
#3788 = VERTEX_POINT ( 'NONE', #796 ) ;
#3789 = DIRECTION ( 'NONE',  ( 0.000000000000000000, 1.000000000000000000, 0.000000000000000000 ) ) ;
#3790 = EDGE_CURVE ( 'NONE', #6906, #3914, #1548, .T. ) ;
#3791 = CARTESIAN_POINT ( 'NONE',  ( -20.00000000000000000, 0.000000000000000000, -60.00000000000000000 ) ) ;
#3792 = DATE_TIME_ROLE ( 'classification_date' ) ;
#3793 = VERTEX_POINT ( 'NONE', #5806 ) ;
#3794 = ORIENTED_EDGE ( 'NONE', *, *, #5687, .T. ) ;
#3795 = FACE_OUTER_BOUND ( 'NONE', #554, .T. ) ;
#3796 = DIRECTION ( 'NONE',  ( -0.000000000000000000, -1.000000000000000000, -0.000000000000000000 ) ) ;
#3797 = ORIENTED_EDGE ( 'NONE', *, *, #7777, .T. ) ;
#3798 = DIRECTION ( 'NONE',  ( -0.000000000000000000, -1.000000000000000000, -0.000000000000000000 ) ) ;
#3799 = CARTESIAN_POINT ( 'NONE',  ( -24.25000000000000000, 2.500000000000000000, -72.00000000000000000 ) ) ;
#3800 = APPROVAL_ROLE ( '' ) ;
#3801 = CONTEXT_DEPENDENT_SHAPE_REPRESENTATION ( #3389, #5596 ) ;
#3802 = EDGE_CURVE ( 'NONE', #5926, #3788, #2896, .T. ) ;
#3803 = VECTOR ( 'NONE', #836, 1000.000000000000000 ) ;
#3804 = LINE ( 'NONE', #7153, #8300 ) ;
#3805 = DIRECTION ( 'NONE',  ( 0.000000000000000000, 0.000000000000000000, -1.000000000000000000 ) ) ;
#3806 = CARTESIAN_POINT ( 'NONE',  ( 158.9499999999999886, 0.000000000000000000, 119.4500000000000028 ) ) ;
#3807 = VERTEX_POINT ( 'NONE', #6986 ) ;
#3808 = VECTOR ( 'NONE', #5840, 1000.000000000000000 ) ;
#3809 = APPROVAL ( #1582, '未指定' ) ;
#3810 = DIRECTION ( 'NONE',  ( 0.000000000000000000, 1.000000000000000000, 0.000000000000000000 ) ) ;
#3811 = DIRECTION ( 'NONE',  ( 1.000000000000000000, 0.000000000000000000, 0.000000000000000000 ) ) ;
#3812 = VECTOR ( 'NONE', #8235, 1000.000000000000000 ) ;
#3813 = VECTOR ( 'NONE', #8398, 1000.000000000000000 ) ;
#3814 = PERSON_AND_ORGANIZATION ( #5260, #6155 ) ;
#3815 = CARTESIAN_POINT ( 'NONE',  ( 136.0000000000000000, 0.000000000000000000, 96.50000000000000000 ) ) ;
#3816 = DIRECTION ( 'NONE',  ( -0.000000000000000000, -1.000000000000000000, -0.000000000000000000 ) ) ;
#3817 = CARTESIAN_POINT ( 'NONE',  ( -60.14999999999999858, 0.000000000000000000, 32.35000000000000142 ) ) ;
#3818 = EDGE_CURVE ( 'NONE', #650, #3663, #8350, .T. ) ;
#3819 = DIRECTION ( 'NONE',  ( 0.000000000000000000, 0.000000000000000000, -1.000000000000000000 ) ) ;
#3820 = PERSON_AND_ORGANIZATION ( #5260, #6155 ) ;
#3821 = VERTEX_POINT ( 'NONE', #6479 ) ;
#3822 = DATE_AND_TIME ( #1111, #3204 ) ;
#3823 = VERTEX_POINT ( 'NONE', #8521 ) ;
#3824 = APPROVAL_DATE_TIME ( #1782, #1137 ) ;
#3825 = EDGE_LOOP ( 'NONE', ( #494, #7103, #4812, #6812 ) ) ;
#3826 = ORIENTED_EDGE ( 'NONE', *, *, #6008, .T. ) ;
#3827 = DIRECTION ( 'NONE',  ( 0.000000000000000000, 0.000000000000000000, -1.000000000000000000 ) ) ;
#3828 = ORIENTED_EDGE ( 'NONE', *, *, #8204, .T. ) ;
#3829 = DIRECTION ( 'NONE',  ( 0.000000000000000000, 1.000000000000000000, -0.000000000000000000 ) ) ;
#3830 = VECTOR ( 'NONE', #3805, 1000.000000000000000 ) ;
#3831 = DIRECTION ( 'NONE',  ( -0.000000000000000000, -1.000000000000000000, -0.000000000000000000 ) ) ;
#3832 = EDGE_CURVE ( 'NONE', #3821, #3807, #1508, .T. ) ;
#3833 = SECURITY_CLASSIFICATION_LEVEL ( 'unclassified' ) ;
#3834 = EDGE_LOOP ( 'NONE', ( #5692, #1751 ) ) ;
#3835 = EDGE_CURVE ( 'NONE', #5284, #6713, #4941, .T. ) ;
#3836 = EDGE_CURVE ( 'NONE', #1518, #1242, #3111, .T. ) ;
#3837 = ORIENTED_EDGE ( 'NONE', *, *, #503, .T. ) ;
#3838 = AXIS2_PLACEMENT_3D ( 'NONE', #4381, #7113, #5763 ) ;
#3839 = CARTESIAN_POINT ( 'NONE',  ( 35.75000000000000000, 0.000000000000000000, 62.00000000000000000 ) ) ;
#3840 = DIRECTION ( 'NONE',  ( 0.000000000000000000, 0.000000000000000000, 1.000000000000000000 ) ) ;
#3841 = ORIENTED_EDGE ( 'NONE', *, *, #5167, .T. ) ;
#3842 = VECTOR ( 'NONE', #5032, 1000.000000000000000 ) ;
#3843 = CARTESIAN_POINT ( 'NONE',  ( -20.25000000000000000, 0.000000000000000000, 66.00000000000000000 ) ) ;
#3844 = EDGE_CURVE ( 'NONE', #1419, #5506, #8296, .T. ) ;
#3845 = DIRECTION ( 'NONE',  ( 1.000000000000000000, 0.000000000000000000, 0.000000000000000000 ) ) ;
#3846 = APPROVAL_DATE_TIME ( #3279, #7368 ) ;
#3847 = EDGE_CURVE ( 'NONE', #682, #7485, #7658, .T. ) ;
#3848 = CARTESIAN_POINT ( 'NONE',  ( 6.500000000000000888, 2.500000000000000000, 4.500000000000000000 ) ) ;
#3849 = CIRCLE ( 'NONE', #8576, 1.250000000000004663 ) ;
#3850 = FACE_BOUND ( 'NONE', #6264, .T. ) ;
#3851 = DIRECTION ( 'NONE',  ( -0.000000000000000000, -0.000000000000000000, 1.000000000000000000 ) ) ;
#3852 = ORIENTED_EDGE ( 'NONE', *, *, #3456, .F. ) ;
#3853 = CARTESIAN_POINT ( 'NONE',  ( -3.000000000000000000, 2.500000000000000000, -19.50000000000000000 ) ) ;
#3854 = LINE ( 'NONE', #1889, #2455 ) ;
#3855 = VECTOR ( 'NONE', #2154, 1000.000000000000000 ) ;
#3856 = PERSON_AND_ORGANIZATION_ROLE ( 'creator' ) ;
#3857 = CARTESIAN_POINT ( 'NONE',  ( -1.000000000000000000, 2.500000000000000000, 12.25000000000000000 ) ) ;
#3858 = APPROVAL ( #3943, '未指定' ) ;
#3859 = DIRECTION ( 'NONE',  ( 1.000000000000000000, 0.000000000000000000, 0.000000000000000000 ) ) ;
#3860 = LINE ( 'NONE', #8010, #2815 ) ;
#3861 = CARTESIAN_POINT ( 'NONE',  ( -6.499999999999999112, 0.000000000000000000, 1.500000000000000000 ) ) ;
#3862 = SECURITY_CLASSIFICATION_LEVEL ( 'unclassified' ) ;
#3863 = ORIENTED_EDGE ( 'NONE', *, *, #4493, .F. ) ;
#3864 = MECHANICAL_CONTEXT ( 'NONE', #867, 'mechanical' ) ;
#3865 = EDGE_LOOP ( 'NONE', ( #8775, #3651 ) ) ;
#3866 = CONTEXT_DEPENDENT_SHAPE_REPRESENTATION ( #3999, #6031 ) ;
#3867 = ORIENTED_EDGE ( 'NONE', *, *, #8268, .F. ) ;
#3868 = VECTOR ( 'NONE', #4181, 1000.000000000000000 ) ;
#3869 = ORIENTED_EDGE ( 'NONE', *, *, #6965, .T. ) ;
#3870 = CC_DESIGN_DATE_AND_TIME_ASSIGNMENT ( #8119, #1999, ( #7466 ) ) ;
#3871 = EDGE_CURVE ( 'NONE', #5412, #4523, #2388, .T. ) ;
#3872 = AXIS2_PLACEMENT_3D ( 'NONE', #4201, #6961, #7637 ) ;
#3873 = LINE ( 'NONE', #6589, #2223 ) ;
#3874 = ORIENTED_EDGE ( 'NONE', *, *, #8204, .F. ) ;
#3875 = CARTESIAN_POINT ( 'NONE',  ( -4.000000000000000000, 0.000000000000000000, -52.00000000000000000 ) ) ;
#3876 = AXIS2_PLACEMENT_3D ( 'NONE', #3678, #1501, #4303 ) ;
#3877 = FACE_BOUND ( 'NONE', #3966, .T. ) ;
#3878 =( NAMED_UNIT ( * ) SI_UNIT ( $, .STERADIAN. ) SOLID_ANGLE_UNIT ( ) );
#3879 = PERSON_AND_ORGANIZATION_ROLE ( 'design_supplier' ) ;
#3880 = ORIENTED_EDGE ( 'NONE', *, *, #5566, .T. ) ;
#3881 = SECURITY_CLASSIFICATION ( '', '', #3422 ) ;
#3882 = VECTOR ( 'NONE', #1939, 1000.000000000000000 ) ;
#3883 = DIRECTION ( 'NONE',  ( 0.000000000000000000, 0.000000000000000000, 1.000000000000000000 ) ) ;
#3884 = EDGE_LOOP ( 'NONE', ( #4215, #4796, #4219, #391 ) ) ;
#3885 = CC_DESIGN_PERSON_AND_ORGANIZATION_ASSIGNMENT ( #6707, #5, ( #7033 ) ) ;
#3886 = CARTESIAN_POINT ( 'NONE',  ( -13.00000000000000000, 2.500000000000000000, 35.00000000000000000 ) ) ;
#3887 = ADVANCED_FACE ( 'NONE', ( #4224 ), #7615, .F. ) ;
#3888 = APPLICATION_CONTEXT ( 'configuration controlled 3d designs of mechanical parts and assemblies' ) ;
#3889 = CC_DESIGN_APPROVAL ( #4479, ( #3048 ) ) ;
#3890 = DIRECTION ( 'NONE',  ( -1.000000000000000000, 0.000000000000000000, -0.000000000000000000 ) ) ;
#3891 = APPLICATION_PROTOCOL_DEFINITION ( 'international standard', 'config_control_design', 1994, #4913 ) ;
#3892 = CYLINDRICAL_SURFACE ( 'NONE', #3039, 1.799999999999999600 ) ;
#3893 = LINE ( 'NONE', #2607, #6966 ) ;
#3894 = ADVANCED_FACE ( 'NONE', ( #1713 ), #6268, .F. ) ;
#3895 = LOCAL_TIME ( 21, 54, 55.00000000000000000, #3515 ) ;
#3896 = CARTESIAN_POINT ( 'NONE',  ( -39.00000000000000000, 5.000000000000000000, -18.24999999999999645 ) ) ;
#3897 = AXIS2_PLACEMENT_3D ( 'NONE', #728, #4114, #7503 ) ;
#3898 = EDGE_CURVE ( 'NONE', #7347, #872, #2430, .T. ) ;
#3899 = DIRECTION ( 'NONE',  ( 0.000000000000000000, 0.000000000000000000, 1.000000000000000000 ) ) ;
#3900 = CARTESIAN_POINT ( 'NONE',  ( -136.0000000000000000, 5.000000000000000000, -96.50000000000000000 ) ) ;
#3901 = SECURITY_CLASSIFICATION ( '', '', #7519 ) ;
#3902 = CALENDAR_DATE ( 2026, 26, 7 ) ;
#3903 = CARTESIAN_POINT ( 'NONE',  ( 0.000000000000000000, 3.000000000000000000, 0.000000000000000000 ) ) ;
#3904 = DIRECTION ( 'NONE',  ( -0.000000000000000000, -1.000000000000000000, -0.000000000000000000 ) ) ;
#3905 = SECURITY_CLASSIFICATION ( '', '', #7832 ) ;
#3906 = CARTESIAN_POINT ( 'NONE',  ( -19.00000000000000000, 15.00000000000000000, -9.000000000000000000 ) ) ;
#3907 = DIRECTION ( 'NONE',  ( 0.000000000000000000, 0.000000000000000000, 1.000000000000000000 ) ) ;
#3908 = PERSON_AND_ORGANIZATION ( #5260, #6155 ) ;
#3909 = COORDINATED_UNIVERSAL_TIME_OFFSET ( 8, 0, .AHEAD. ) ;
#3910 = ORIENTED_EDGE ( 'NONE', *, *, #8779, .T. ) ;
#3911 = DATE_TIME_ROLE ( 'classification_date' ) ;
#3912 = ORIENTED_EDGE ( 'NONE', *, *, #2379, .F. ) ;
#3913 = CC_DESIGN_SECURITY_CLASSIFICATION ( #3775, ( #8868 ) ) ;
#3914 = VERTEX_POINT ( 'NONE', #3067 ) ;
#3915 = ADVANCED_FACE ( 'NONE', ( #5764 ), #7156, .F. ) ;
#3916 = CARTESIAN_POINT ( 'NONE',  ( -121.2500000000000000, 28.00000000000000000, 124.4500000000000028 ) ) ;
#3917 = ORIENTED_EDGE ( 'NONE', *, *, #3454, .T. ) ;
#3918 = CARTESIAN_POINT ( 'NONE',  ( -136.0000000000000000, 5.000000000000000000, 96.50000000000000000 ) ) ;
#3919 = LOCAL_TIME ( 21, 54, 55.00000000000000000, #6776 ) ;
#3920 = PLANE ( 'NONE',  #2302 ) ;
#3921 = CC_DESIGN_PERSON_AND_ORGANIZATION_ASSIGNMENT ( #3295, #5504, ( #2912 ) ) ;
#3922 =( LENGTH_UNIT ( ) NAMED_UNIT ( * ) SI_UNIT ( .MILLI., .METRE. ) );
#3923 = DATE_TIME_ROLE ( 'creation_date' ) ;
#3924 = ORIENTED_EDGE ( 'NONE', *, *, #8506, .F. ) ;
#3925 = EDGE_LOOP ( 'NONE', ( #7233, #7274 ) ) ;
#3926 = LOCAL_TIME ( 21, 54, 55.00000000000000000, #3297 ) ;
#3927 = DIRECTION ( 'NONE',  ( 0.000000000000000000, -1.000000000000000000, 0.000000000000000000 ) ) ;
#3928 = ORIENTED_EDGE ( 'NONE', *, *, #2003, .F. ) ;
#3929 = LINE ( 'NONE', #488, #7526 ) ;
#3930 = VECTOR ( 'NONE', #8260, 1000.000000000000000 ) ;
#3931 = PLANE ( 'NONE',  #4314 ) ;
#3932 = PERSON_AND_ORGANIZATION_ROLE ( 'creator' ) ;
#3933 = VECTOR ( 'NONE', #3162, 1000.000000000000000 ) ;
#3934 = CC_DESIGN_PERSON_AND_ORGANIZATION_ASSIGNMENT ( #4905, #6867, ( #4738 ) ) ;
#3935 = ORIENTED_EDGE ( 'NONE', *, *, #3832, .F. ) ;
#3936 = CARTESIAN_POINT ( 'NONE',  ( 138.0327499999999930, 3.000000000000030198, -98.50000000000000000 ) ) ;
#3937 = DIRECTION ( 'NONE',  ( 0.000000000000000000, -0.000000000000000000, -1.000000000000000000 ) ) ;
#3938 = LINE ( 'NONE', #7372, #3956 ) ;
#3939 = LINE ( 'NONE', #3286, #3127 ) ;
#3940 = DIRECTION ( 'NONE',  ( -0.000000000000000000, 1.000000000000000000, -0.000000000000000000 ) ) ;
#3941 = CC_DESIGN_PERSON_AND_ORGANIZATION_ASSIGNMENT ( #3192, #1840, ( #3048 ) ) ;
#3942 = EDGE_CURVE ( 'NONE', #4929, #5634, #7561, .T. ) ;
#3943 = APPROVAL_STATUS ( 'not_yet_approved' ) ;
#3944 = PLANE ( 'NONE',  #1737 ) ;
#3945 = AXIS2_PLACEMENT_3D ( 'NONE', #6894, #4842, #7560 ) ;
#3946 = DIRECTION ( 'NONE',  ( 0.000000000000000000, 0.000000000000000000, -1.000000000000000000 ) ) ;
#3947 = EDGE_CURVE ( 'NONE', #5297, #6671, #5509, .T. ) ;
#3948 = UNCERTAINTY_MEASURE_WITH_UNIT (LENGTH_MEASURE( 1.000000000000000082E-05 ), #6263, 'distance_accuracy_value', 'NONE');
#3949 = VECTOR ( 'NONE', #996, 1000.000000000000000 ) ;
#3950 = DIRECTION ( 'NONE',  ( 1.000000000000000000, 0.000000000000000000, -0.000000000000000000 ) ) ;
#3951 = PLANE ( 'NONE',  #5712 ) ;
#3952 = DATE_TIME_ROLE ( 'creation_date' ) ;
#3953 = EDGE_CURVE ( 'NONE', #3654, #8727, #4177, .T. ) ;
#3954 = APPROVAL_ROLE ( '' ) ;
#3955 = EDGE_LOOP ( 'NONE', ( #2316, #2501, #5282, #7444 ) ) ;
#3956 = VECTOR ( 'NONE', #5938, 1000.000000000000000 ) ;
#3957 = SECURITY_CLASSIFICATION_LEVEL ( 'unclassified' ) ;
#3958 = VERTEX_POINT ( 'NONE', #3806 ) ;
#3959 = ORIENTED_EDGE ( 'NONE', *, *, #7627, .F. ) ;
#3960 = VECTOR ( 'NONE', #691, 1000.000000000000000 ) ;
#3961 = PLANE ( 'NONE',  #1524 ) ;
#3962 = VERTEX_POINT ( 'NONE', #4564 ) ;
#3963 = CARTESIAN_POINT ( 'NONE',  ( -60.14999999999999858, 5.000000000000000000, -78.25000000000000000 ) ) ;
#3964 = CARTESIAN_POINT ( 'NONE',  ( 39.00000000000000000, 0.000000000000000000, 19.50000000000000000 ) ) ;
#3965 = APPROVAL_DATE_TIME ( #2459, #3649 ) ;
#3966 = EDGE_LOOP ( 'NONE', ( #7629, #4041 ) ) ;
#3967 = COORDINATED_UNIVERSAL_TIME_OFFSET ( 8, 0, .AHEAD. ) ;
#3968 = ORIENTED_EDGE ( 'NONE', *, *, #7325, .T. ) ;
#3969 = CC_DESIGN_DATE_AND_TIME_ASSIGNMENT ( #1919, #8600, ( #5614 ) ) ;
#3970 = CARTESIAN_POINT ( 'NONE',  ( -36.00000000000000000, 3.000000000000000000, -33.50000000000000000 ) ) ;
#3971 = ORIENTED_EDGE ( 'NONE', *, *, #342, .T. ) ;
#3972 = LINE ( 'NONE', #1926, #7106 ) ;
#3973 = APPROVAL_ROLE ( '' ) ;
#3974 = DIRECTION ( 'NONE',  ( 0.000000000000000000, 0.000000000000000000, -1.000000000000000000 ) ) ;
#3975 = AXIS2_PLACEMENT_3D ( 'NONE', #7266, #3225, #6677 ) ;
#3976 = DIRECTION ( 'NONE',  ( -0.000000000000000000, -0.000000000000000000, 1.000000000000000000 ) ) ;
#3977 = EDGE_CURVE ( 'NONE', #6085, #1469, #3938, .T. ) ;
#3978 = CARTESIAN_POINT ( 'NONE',  ( -8.750000000000000000, 0.000000000000000000, 12.75000000000000000 ) ) ;
#3979 = DIRECTION ( 'NONE',  ( -0.000000000000000000, -0.000000000000000000, 1.000000000000000000 ) ) ;
#3980 = DIRECTION ( 'NONE',  ( -1.000000000000000000, 0.000000000000000000, -0.000000000000000000 ) ) ;
#3981 = DATE_AND_TIME ( #6793, #8189 ) ;
#3982 = AXIS2_PLACEMENT_3D ( 'NONE', #2391, #2343, #7919 ) ;
#3983 = CLOSED_SHELL ( 'NONE', ( #2293, #7375, #4152, #8121, #225, #6782 ) ) ;
#3984 = LINE ( 'NONE', #7418, #6862 ) ;
#3985 = DIRECTION ( 'NONE',  ( -0.000000000000000000, -0.000000000000000000, 1.000000000000000000 ) ) ;
#3986 = EDGE_CURVE ( 'NONE', #3785, #4174, #5228, .T. ) ;
#3987 = LINE ( 'NONE', #2023, #380 ) ;
#3988 = ADVANCED_FACE ( 'NONE', ( #7959 ), #7204, .F. ) ;
#3989 = DIRECTION ( 'NONE',  ( -0.000000000000000000, -0.000000000000000000, 1.000000000000000000 ) ) ;
#3990 = PERSON_AND_ORGANIZATION ( #5260, #6155 ) ;
#3991 = EDGE_LOOP ( 'NONE', ( #303, #1698, #2328, #3737 ) ) ;
#3992 = SECURITY_CLASSIFICATION_LEVEL ( 'unclassified' ) ;
#3993 = ORIENTED_EDGE ( 'NONE', *, *, #1344, .T. ) ;
#3994 = VERTEX_POINT ( 'NONE', #5267 ) ;
#3995 = EDGE_LOOP ( 'NONE', ( #8244, #230, #6193, #5042, #830, #2212, #4625, #4714 ) ) ;
#3996 = CARTESIAN_POINT ( 'NONE',  ( 6.500000000000000000, 2.500000000000000000, 22.50000000000000000 ) ) ;
#3997 = CARTESIAN_POINT ( 'NONE',  ( 35.75000000000000000, 2.500000000000000000, 83.00000000000000000 ) ) ;
#3998 = ORIENTED_EDGE ( 'NONE', *, *, #3871, .F. ) ;
#4000 = EDGE_CURVE ( 'NONE', #2986, #3516, #5353, .T. ) ;
#3999 =( REPRESENTATION_RELATIONSHIP ('NONE','NONE', #245, #8194 ) REPRESENTATION_RELATIONSHIP_WITH_TRANSFORMATION ( #4984 )SHAPE_REPRESENTATION_RELATIONSHIP( ) );
#4001 = CARTESIAN_POINT ( 'NONE',  ( -8.500000000000000000, 2.500000000000000000, 2.000000000000000000 ) ) ;
#4002 = EDGE_CURVE ( 'NONE', #8030, #3654, #1845, .T. ) ;
#4003 = DIRECTION ( 'NONE',  ( 0.000000000000000000, 0.000000000000000000, -1.000000000000000000 ) ) ;
#4004 = VECTOR ( 'NONE', #4967, 1000.000000000000000 ) ;
#4005 = APPROVAL_STATUS ( 'not_yet_approved' ) ;
#4006 = APPROVAL_STATUS ( 'not_yet_approved' ) ;
#4007 = CIRCLE ( 'NONE', #8595, 1.799999999999999600 ) ;
#4008 = ORIENTED_EDGE ( 'NONE', *, *, #4217, .F. ) ;
#4009 = CONTEXT_DEPENDENT_SHAPE_REPRESENTATION ( #4345, #3684 ) ;
#4010 = ORIENTED_EDGE ( 'NONE', *, *, #6325, .F. ) ;
#4011 = LINE ( 'NONE', #5386, #6896 ) ;
#4012 = ORIENTED_EDGE ( 'NONE', *, *, #500, .F. ) ;
#4013 = VECTOR ( 'NONE', #3811, 1000.000000000000000 ) ;
#4014 = CARTESIAN_POINT ( 'NONE',  ( 6.000000000000000000, 6.000000000000000000, 6.000000000000000000 ) ) ;
#4015 = AXIS2_PLACEMENT_3D ( 'NONE', #3918, #5961, #7313 ) ;
#4016 = DIRECTION ( 'NONE',  ( -0.000000000000000000, -1.000000000000000000, -0.000000000000000000 ) ) ;
#4017 = APPROVAL_STATUS ( 'not_yet_approved' ) ;
#4018 = AXIS2_PLACEMENT_3D ( 'NONE', #8564, #1709, #5975 ) ;
#4019 = LOCAL_TIME ( 21, 54, 55.00000000000000000, #1902 ) ;
#4020 = AXIS2_PLACEMENT_3D ( 'NONE', #5536, #8277, #4869 ) ;
#4021 = ORIENTED_EDGE ( 'NONE', *, *, #3564, .T. ) ;
#4022 = FACE_OUTER_BOUND ( 'NONE', #6536, .T. ) ;
#4023 = CARTESIAN_POINT ( 'NONE',  ( -8.500000000000000000, 2.500000000000000000, 2.000000000000000000 ) ) ;
#4024 = EDGE_CURVE ( 'NONE', #3569, #1649, #4804, .T. ) ;
#4025 = CARTESIAN_POINT ( 'NONE',  ( -36.00000000000000000, 0.000000000000000000, 33.50000000000000000 ) ) ;
#4026 = VECTOR ( 'NONE', #771, 1000.000000000000000 ) ;
#4027 = APPROVAL_PERSON_ORGANIZATION ( #8040, #4479, #1928 ) ;
#4028 = DIRECTION ( 'NONE',  ( 0.000000000000000000, 0.000000000000000000, 1.000000000000000000 ) ) ;
#4029 = DIRECTION ( 'NONE',  ( -0.000000000000000000, -1.000000000000000000, -0.000000000000000000 ) ) ;
#4030 = PRODUCT_RELATED_PRODUCT_CATEGORY ( 'detail', '', ( #1621 ) ) ;
#4031 = PRODUCT_DEFINITION_SHAPE ( 'NONE', 'NONE',  #1161 ) ;
#4032 = APPROVAL_ROLE ( '' ) ;
#4033 = CARTESIAN_POINT ( 'NONE',  ( -9.500000000000000000, 2.500000000000000000, 4.500000000000000000 ) ) ;
#4034 = PRODUCT_DEFINITION_FORMATION_WITH_SPECIFIED_SOURCE ( '任何', '', #6878, .NOT_KNOWN. ) ;
#4035 = AXIS2_PLACEMENT_3D ( 'NONE', #2640, #3475, #4803 ) ;
#4036 = CARTESIAN_POINT ( 'NONE',  ( -1.750000000000000000, 0.000000000000000000, 6.500000000000000000 ) ) ;
#4037 = CARTESIAN_POINT ( 'NONE',  ( -23.00000000000000000, 10.00000000000000000, -10.50000000000000000 ) ) ;
#4038 = LOCAL_TIME ( 21, 54, 55.00000000000000000, #5691 ) ;
#4039 = PLANE ( 'NONE',  #4870 ) ;
#4040 = MECHANICAL_CONTEXT ( 'NONE', #6037, 'mechanical' ) ;
#4041 = ORIENTED_EDGE ( 'NONE', *, *, #6998, .F. ) ;
#4042 = COORDINATED_UNIVERSAL_TIME_OFFSET ( 8, 0, .AHEAD. ) ;
#4043 = ORIENTED_EDGE ( 'NONE', *, *, #1715, .T. ) ;
#4044 = ORIENTED_EDGE ( 'NONE', *, *, #2122, .T. ) ;
#4045 = CC_DESIGN_PERSON_AND_ORGANIZATION_ASSIGNMENT ( #7643, #4917, ( #6301 ) ) ;
#4046 = ORIENTED_EDGE ( 'NONE', *, *, #3757, .F. ) ;
#4047 = LINE ( 'NONE', #140, #947 ) ;
#4048 = CC_DESIGN_SECURITY_CLASSIFICATION ( #6322, ( #8863 ) ) ;
#4049 = LINE ( 'NONE', #6766, #3246 ) ;
#4050 = ORIENTED_EDGE ( 'NONE', *, *, #4221, .F. ) ;
#4051 = FACE_OUTER_BOUND ( 'NONE', #4899, .T. ) ;
#4052 = CARTESIAN_POINT ( 'NONE',  ( 0.000000000000000000, 0.000000000000000000, 0.000000000000000000 ) ) ;
#4053 = DATE_AND_TIME ( #1334, #300 ) ;
#4054 = SECURITY_CLASSIFICATION ( '', '', #8773 ) ;
#4055 = DATE_AND_TIME ( #1335, #6884 ) ;
#4056 = DATE_TIME_ROLE ( 'classification_date' ) ;
#4057 = ORIENTED_EDGE ( 'NONE', *, *, #2313, .T. ) ;
#4058 = ADVANCED_FACE ( 'NONE', ( #6022 ), #496, .F. ) ;
#4059 = ORIENTED_EDGE ( 'NONE', *, *, #171, .T. ) ;
#4060 = DIRECTION ( 'NONE',  ( 0.000000000000000000, 1.000000000000000000, 0.000000000000000000 ) ) ;
#4062 = ORIENTED_EDGE ( 'NONE', *, *, #5444, .T. ) ;
#4061 = EDGE_CURVE ( 'NONE', #7205, #4460, #4477, .T. ) ;
#4063 = VECTOR ( 'NONE', #4730, 1000.000000000000000 ) ;
#4064 = CARTESIAN_POINT ( 'NONE',  ( -4.500000000000000000, 2.500000000000000000, 13.00000000000000000 ) ) ;
#4065 = PERSON_AND_ORGANIZATION ( #5260, #6155 ) ;
#4066 = DIRECTION ( 'NONE',  ( 0.000000000000000000, -1.000000000000000000, 0.000000000000000000 ) ) ;
#4067 = CARTESIAN_POINT ( 'NONE',  ( 110.0000000000000000, 28.00000000000000000, 98.50000000000000000 ) ) ;
#4068 = PLANE ( 'NONE',  #1245 ) ;
#4069 = VECTOR ( 'NONE', #3345, 1000.000000000000000 ) ;
#4070 = DIRECTION ( 'NONE',  ( 0.000000000000000000, -1.000000000000000000, 0.000000000000000000 ) ) ;
#4071 = VECTOR ( 'NONE', #5685, 1000.000000000000000 ) ;
#4072 = DIRECTION ( 'NONE',  ( -0.000000000000000000, -0.000000000000000000, 1.000000000000000000 ) ) ;
#4073 = EDGE_CURVE ( 'NONE', #1369, #2118, #8659, .T. ) ;
#4074 = SECURITY_CLASSIFICATION_LEVEL ( 'unclassified' ) ;
#4075 = CARTESIAN_POINT ( 'NONE',  ( 136.0000000000000000, 0.000000000000000000, -96.50000000000000000 ) ) ;
#4076 = AXIS2_PLACEMENT_3D ( 'NONE', #4324, #1520, #4237 ) ;
#4077 = DIRECTION ( 'NONE',  ( 0.000000000000000000, -1.000000000000000000, 0.000000000000000000 ) ) ;
#4078 = PERSON ( 'NAUO-PER15', 'UNSPECIFIED', 'UNSPECIFIED', ('UNSPECIFIED'), ('UNSPECIFIED'), ('UNSPECIFIED') ) ;
#4079 = CC_DESIGN_PERSON_AND_ORGANIZATION_ASSIGNMENT ( #1007, #6437, ( #8045 ) ) ;
#4080 = ADVANCED_FACE ( 'NONE', ( #3154 ), #448, .F. ) ;
#4081 = LINE ( 'NONE', #6797, #795 ) ;
#4082 = DIRECTION ( 'NONE',  ( -0.000000000000000000, 1.000000000000000000, -0.000000000000000000 ) ) ;
#4083 = PERSON_AND_ORGANIZATION ( #5260, #6155 ) ;
#4084 = SHAPE_REPRESENTATION_RELATIONSHIP ( 'NONE' , 'NONE' ,  #6676, #4948 ) ;
#4085 = APPROVAL_DATE_TIME ( #6086, #4462 ) ;
#4086 = VERTEX_POINT ( 'NONE', #5848 ) ;
#4087 = DATE_AND_TIME ( #1279, #4775 ) ;
#4088 = ORIENTED_EDGE ( 'NONE', *, *, #2586, .F. ) ;
#4089 = DIRECTION ( 'NONE',  ( 0.000000000000000000, -1.000000000000000000, 0.000000000000000000 ) ) ;
#4090 = DIRECTION ( 'NONE',  ( -1.000000000000000000, 0.000000000000000000, -0.000000000000000000 ) ) ;
#4091 = EDGE_CURVE ( 'NONE', #5481, #4460, #4607, .T. ) ;
#4092 = CARTESIAN_POINT ( 'NONE',  ( -60.14999999999999858, 7.000000000000000000, 30.60000000000000142 ) ) ;
#4093 = ORIENTED_EDGE ( 'NONE', *, *, #8275, .T. ) ;
#4094 = CARTESIAN_POINT ( 'NONE',  ( -39.00000000000000000, 38.00000000000000000, -19.50000000000000000 ) ) ;
#4095 = PERSON_AND_ORGANIZATION ( #5260, #6155 ) ;
#4096 = ADVANCED_BREP_SHAPE_REPRESENTATION ( '', ( #8375, #7312 ), #4172 ) ;
#4097 = AXIS2_PLACEMENT_3D ( 'NONE', #8141, #4693, #6255 ) ;
#4098 = ITEM_DEFINED_TRANSFORMATION ( 'NONE', 'NONE', #2907,  #7312 ) ;
#4099 = ORIENTED_EDGE ( 'NONE', *, *, #5794, .T. ) ;
#4100 = CARTESIAN_POINT ( 'NONE',  ( -60.14999999999999858, 0.000000000000000000, 80.00000000000000000 ) ) ;
#4101 = EDGE_LOOP ( 'NONE', ( #2219, #6480 ) ) ;
#4102 = PRODUCT ( 'FN-ASM-003_internal-layout-ports-harness_R0.5', 'FN-ASM-003_internal-layout-ports-harness_R0.5', '', ( #6053 ) ) ;
#4103 = CARTESIAN_POINT ( 'NONE',  ( 45.00000000000000000, 36.00000000000000000, 29.00000000000000000 ) ) ;
#4104 = ADVANCED_FACE ( 'NONE', ( #1095 ), #406, .F. ) ;
#4105 = EDGE_CURVE ( 'NONE', #826, #277, #7242, .T. ) ;
#4106 = LINE ( 'NONE', #1256, #2324 ) ;
#4107 = APPROVAL_STATUS ( 'not_yet_approved' ) ;
#4108 = VECTOR ( 'NONE', #6293, 1000.000000000000000 ) ;
#4109 = ORIENTED_EDGE ( 'NONE', *, *, #2145, .T. ) ;
#4110 = CARTESIAN_POINT ( 'NONE',  ( -16.25000000000000000, 0.000000000000000000, 66.00000000000000000 ) ) ;
#4111 = FACE_OUTER_BOUND ( 'NONE', #5083, .T. ) ;
#4112 = ORIENTED_EDGE ( 'NONE', *, *, #2368, .T. ) ;
#4113 = DIRECTION ( 'NONE',  ( -0.000000000000000000, -1.000000000000000000, 0.000000000000000000 ) ) ;
#4114 = DIRECTION ( 'NONE',  ( 0.000000000000000000, 0.000000000000000000, 1.000000000000000000 ) ) ;
#4115 = EDGE_CURVE ( 'NONE', #2266, #1421, #3199, .T. ) ;
#4116 = FACE_BOUND ( 'NONE', #6160, .T. ) ;
#4117 = CARTESIAN_POINT ( 'NONE',  ( -57.50000000000000000, 35.00000000000000000, 85.00000000000000000 ) ) ;
#4118 = CALENDAR_DATE ( 2026, 26, 7 ) ;
#4119 = AXIS2_PLACEMENT_3D ( 'NONE', #5442, #5395, #1393 ) ;
#4120 = FACE_BOUND ( 'NONE', #3955, .T. ) ;
#4121 = CARTESIAN_POINT ( 'NONE',  ( -60.14999999999999858, 5.000000000000000000, 80.00000000000000000 ) ) ;
#4122 = DIRECTION ( 'NONE',  ( -0.000000000000000000, -1.000000000000000000, -0.000000000000000000 ) ) ;
#4123 = LINE ( 'NONE', #8147, #7579 ) ;
#4124 = CLOSED_SHELL ( 'NONE', ( #4921, #1478, #8357, #1207, #1435, #4361, #1710, #8052, #893, #7897, #734, #7599, #803, #6866 ) ) ;
#4125 =( NAMED_UNIT ( * ) PLANE_ANGLE_UNIT ( ) SI_UNIT ( $, .RADIAN. ) );
#4126 = ORIENTED_EDGE ( 'NONE', *, *, #7705, .T. ) ;
#4127 = APPROVAL_ROLE ( '' ) ;
#4128 = APPROVAL ( #845, 'UNKNOWN' ) ;
#4129 = ORIENTED_EDGE ( 'NONE', *, *, #1952, .T. ) ;
#4130 = DIRECTION ( 'NONE',  ( 0.000000000000000000, 0.000000000000000000, -1.000000000000000000 ) ) ;
#4131 = DIRECTION ( 'NONE',  ( 1.000000000000000000, -0.000000000000000000, 0.000000000000000000 ) ) ;
#4132 = CARTESIAN_POINT ( 'NONE',  ( -36.00000000000000000, 0.000000000000000000, 33.50000000000000000 ) ) ;
#4133 = ORIENTED_EDGE ( 'NONE', *, *, #3953, .T. ) ;
#4134 = DIRECTION ( 'NONE',  ( -0.000000000000000000, -1.000000000000000000, -0.000000000000000000 ) ) ;
#4135 = APPLICATION_PROTOCOL_DEFINITION ( 'international standard', 'config_control_design', 1994, #8700 ) ;
#4136 = PERSON_AND_ORGANIZATION_ROLE ( 'creator' ) ;
#4137 = PRODUCT_RELATED_PRODUCT_CATEGORY ( 'detail', '', ( #8247 ) ) ;
#4138 = CALENDAR_DATE ( 2026, 26, 7 ) ;
#4139 = ORIENTED_EDGE ( 'NONE', *, *, #5355, .T. ) ;
#4140 = EDGE_CURVE ( 'NONE', #2844, #2377, #8698, .T. ) ;
#4141 = DIRECTION ( 'NONE',  ( -1.000000000000000000, 0.000000000000000000, 0.000000000000000000 ) ) ;
#4142 = VERTEX_POINT ( 'NONE', #7334 ) ;
#4143 = DIRECTION ( 'NONE',  ( 0.000000000000000000, -1.000000000000000000, 0.000000000000000000 ) ) ;
#4144 =( LENGTH_UNIT ( ) NAMED_UNIT ( * ) SI_UNIT ( .MILLI., .METRE. ) );
#4145 = COORDINATED_UNIVERSAL_TIME_OFFSET ( 8, 0, .AHEAD. ) ;
#4146 = AXIS2_PLACEMENT_3D ( 'NONE', #1529, #256, #4245 ) ;
#4147 = CARTESIAN_POINT ( 'NONE',  ( -39.00000000000000000, 0.000000000000000000, 20.75000000000000355 ) ) ;
#4148 = CC_DESIGN_PERSON_AND_ORGANIZATION_ASSIGNMENT ( #5861, #7795, ( #2693 ) ) ;
#4149 = VECTOR ( 'NONE', #5829, 1000.000000000000000 ) ;
#4150 = DIRECTION ( 'NONE',  ( -1.000000000000000000, -0.000000000000000000, -0.000000000000000000 ) ) ;
#4151 = EDGE_LOOP ( 'NONE', ( #8513, #527, #8735, #3397 ) ) ;
#4152 = ADVANCED_FACE ( 'NONE', ( #1222 ), #6653, .F. ) ;
#4153 = CARTESIAN_POINT ( 'NONE',  ( -4.000000000000000000, 2.500000000000000000, -52.00000000000000000 ) ) ;
#4154 =( LENGTH_UNIT ( ) NAMED_UNIT ( * ) SI_UNIT ( .MILLI., .METRE. ) );
#4155 = DIRECTION ( 'NONE',  ( -1.000000000000000000, -0.000000000000000000, -0.000000000000000000 ) ) ;
#4156 = APPROVAL_PERSON_ORGANIZATION ( #1859, #881, #7215 ) ;
#4157 = DIRECTION ( 'NONE',  ( -0.000000000000000000, -1.000000000000000000, -0.000000000000000000 ) ) ;
#4158 = VECTOR ( 'NONE', #1061, 1000.000000000000000 ) ;
#4159 = DATE_TIME_ROLE ( 'classification_date' ) ;
#4160 = FACE_OUTER_BOUND ( 'NONE', #7434, .T. ) ;
#4161 = ADVANCED_FACE ( 'NONE', ( #126 ), #3493, .F. ) ;
#4162 = CARTESIAN_POINT ( 'NONE',  ( 54.00000000000000000, 0.000000000000000000, 83.10000000000000853 ) ) ;
#4163 = VECTOR ( 'NONE', #6345, 1000.000000000000000 ) ;
#4164 = APPROVAL_PERSON_ORGANIZATION ( #4366, #1253, #5745 ) ;
#4165 = EDGE_CURVE ( 'NONE', #2555, #6378, #5532, .T. ) ;
#4166 = VECTOR ( 'NONE', #3059, 1000.000000000000000 ) ;
#4167 = ADVANCED_FACE ( 'NONE', ( #7502 ), #44, .T. ) ;
#4168 = DIRECTION ( 'NONE',  ( -0.000000000000000000, 1.000000000000000000, -0.000000000000000000 ) ) ;
#4169 = CARTESIAN_POINT ( 'NONE',  ( -9.500000000000000000, 2.500000000000000000, -19.50000000000000000 ) ) ;
#4170 = LOCAL_TIME ( 21, 54, 55.00000000000000000, #3147 ) ;
#4171 = APPROVAL_ROLE ( '' ) ;
#4172 =( GEOMETRIC_REPRESENTATION_CONTEXT ( 3 ) GLOBAL_UNCERTAINTY_ASSIGNED_CONTEXT ( ( #6256 ) ) GLOBAL_UNIT_ASSIGNED_CONTEXT ( ( #2509, #2369, #293 ) ) REPRESENTATION_CONTEXT ( 'NONE', 'WORKASPACE' ) );
#4173 = SECURITY_CLASSIFICATION_LEVEL ( 'unclassified' ) ;
#4174 = VERTEX_POINT ( 'NONE', #6832 ) ;
#4175 = DIRECTION ( 'NONE',  ( -0.000000000000000000, -1.000000000000000000, -0.000000000000000000 ) ) ;
#4176 = PRODUCT_DEFINITION_SHAPE ( 'NONE', 'NONE',  #4687 ) ;
#4177 = LINE ( 'NONE', #6897, #8236 ) ;
#4178 = LOCAL_TIME ( 21, 54, 55.00000000000000000, #7097 ) ;
#4179 = AXIS2_PLACEMENT_3D ( 'NONE', #563, #7488, #69 ) ;
#4180 = DIRECTION ( 'NONE',  ( 1.000000000000000000, 0.000000000000000000, -0.000000000000000000 ) ) ;
#4181 = DIRECTION ( 'NONE',  ( -0.000000000000000000, -0.000000000000000000, 1.000000000000000000 ) ) ;
#4182 = PERSON_AND_ORGANIZATION ( #5260, #6155 ) ;
#4183 = CALENDAR_DATE ( 2026, 26, 7 ) ;
#4184 = AXIS2_PLACEMENT_3D ( 'NONE', #7230, #4703, #6552 ) ;
#4185 = EDGE_CURVE ( 'NONE', #1905, #7329, #8228, .T. ) ;
#4186 = CALENDAR_DATE ( 2026, 26, 7 ) ;
#4187 = ORIENTED_EDGE ( 'NONE', *, *, #4602, .T. ) ;
#4188 = LOCAL_TIME ( 21, 54, 55.00000000000000000, #2357 ) ;
#4189 = EDGE_CURVE ( 'NONE', #5781, #4936, #4685, .T. ) ;
#4190 = DIRECTION ( 'NONE',  ( 0.000000000000000000, 0.000000000000000000, 1.000000000000000000 ) ) ;
#4191 = ORIENTED_EDGE ( 'NONE', *, *, #2484, .T. ) ;
#4192 = PERSON ( 'NAUO-PER23', 'UNSPECIFIED', 'UNSPECIFIED', ('UNSPECIFIED'), ('UNSPECIFIED'), ('UNSPECIFIED') ) ;
#4193 = PRODUCT_RELATED_PRODUCT_CATEGORY ( 'detail', '', ( #834 ) ) ;
#4194 = LINE ( 'NONE', #4103, #8546 ) ;
#4195 = LOCAL_TIME ( 21, 54, 55.00000000000000000, #8616 ) ;
#4196 = APPLICATION_PROTOCOL_DEFINITION ( 'international standard', 'config_control_design', 1994, #3888 ) ;
#4197 = ORIENTED_EDGE ( 'NONE', *, *, #2596, .T. ) ;
#4198 = FACE_OUTER_BOUND ( 'NONE', #8067, .T. ) ;
#4199 = LOCAL_TIME ( 21, 54, 55.00000000000000000, #3498 ) ;
#4200 = AXIS2_PLACEMENT_3D ( 'NONE', #3970, #6730, #665 ) ;
#4201 = CARTESIAN_POINT ( 'NONE',  ( -39.00000000000000000, 5.000000000000000000, 19.50000000000000000 ) ) ;
#4202 = ORIENTED_EDGE ( 'NONE', *, *, #8434, .T. ) ;
#4203 = DIRECTION ( 'NONE',  ( 1.000000000000000000, 0.000000000000000000, 0.000000000000000000 ) ) ;
#4204 = CARTESIAN_POINT ( 'NONE',  ( 0.000000000000000000, 0.000000000000000000, 0.000000000000000000 ) ) ;
#4205 = FACE_OUTER_BOUND ( 'NONE', #2597, .T. ) ;
#4206 = APPROVAL ( #6154, '未指定' ) ;
#4207 = APPROVAL_PERSON_ORGANIZATION ( #1689, #971, #8541 ) ;
#4208 = CARTESIAN_POINT ( 'NONE',  ( -60.00000000000000000, 0.000000000000000000, -42.50000000000000000 ) ) ;
#4209 = PERSON_AND_ORGANIZATION ( #7831, #3219 ) ;
#4210 = CARTESIAN_POINT ( 'NONE',  ( 8.500000000000000000, 0.000000000000000000, -13.00000000000000000 ) ) ;
#4211 = DIRECTION ( 'NONE',  ( 0.000000000000000000, 0.000000000000000000, 1.000000000000000000 ) ) ;
#4212 = UNCERTAINTY_MEASURE_WITH_UNIT (LENGTH_MEASURE( 1.000000000000000082E-05 ), #5615, 'distance_accuracy_value', 'NONE');
#4213 = VECTOR ( 'NONE', #5162, 1000.000000000000000 ) ;
#4214 = CC_DESIGN_APPROVAL ( #2333, ( #7486 ) ) ;
#4215 = ORIENTED_EDGE ( 'NONE', *, *, #5390, .T. ) ;
#4216 = DIRECTION ( 'NONE',  ( 0.000000000000000000, -1.000000000000000000, 0.000000000000000000 ) ) ;
#4217 = EDGE_CURVE ( 'NONE', #8508, #8346, #3365, .T. ) ;
#4218 = CARTESIAN_POINT ( 'NONE',  ( -3.750000000000000000, 0.000000000000000000, -8.250000000000000000 ) ) ;
#4219 = ORIENTED_EDGE ( 'NONE', *, *, #3073, .T. ) ;
#4220 = PERSON_AND_ORGANIZATION ( #5260, #6155 ) ;
#4221 = EDGE_CURVE ( 'NONE', #6422, #7638, #5400, .T. ) ;
#4222 = ORIENTED_EDGE ( 'NONE', *, *, #824, .T. ) ;
#4223 = CYLINDRICAL_SURFACE ( 'NONE', #8534, 1.750000000000001554 ) ;
#4224 = FACE_OUTER_BOUND ( 'NONE', #1593, .T. ) ;
#4225 = DIRECTION ( 'NONE',  ( 1.000000000000000000, 0.000000000000000000, 0.000000000000000000 ) ) ;
#4226 = EDGE_LOOP ( 'NONE', ( #5564, #518, #695, #6038 ) ) ;
#4227 = ADVANCED_FACE ( 'NONE', ( #8185 ), #6162, .F. ) ;
#4228 = CARTESIAN_POINT ( 'NONE',  ( -39.00000000000000000, 38.00000000000000000, 19.50000000000000000 ) ) ;
#4229 = SECURITY_CLASSIFICATION_LEVEL ( 'unclassified' ) ;
#4230 = EDGE_CURVE ( 'NONE', #7521, #282, #5492, .T. ) ;
#4231 = APPROVAL_DATE_TIME ( #6407, #312 ) ;
#4232 = VECTOR ( 'NONE', #5137, 1000.000000000000000 ) ;
#4233 = APPROVAL_STATUS ( 'not_yet_approved' ) ;
#4234 = ORIENTED_EDGE ( 'NONE', *, *, #5058, .T. ) ;
#4235 = ORIENTED_EDGE ( 'NONE', *, *, #1063, .T. ) ;
#4236 = SHAPE_REPRESENTATION ( 'FN-PLT-005_fr4-5MM_8HOLE-NOMINAL_R0.5', ( #7312 ), #2757 ) ;
#4237 = DIRECTION ( 'NONE',  ( 0.000000000000000000, 0.000000000000000000, -1.000000000000000000 ) ) ;
#4238 = ORIENTED_EDGE ( 'NONE', *, *, #1976, .F. ) ;
#4239 = LINE ( 'NONE', #3045, #7261 ) ;
#4240 = AXIS2_PLACEMENT_3D ( 'NONE', #6356, #2348, #231 ) ;
#4241 = CALENDAR_DATE ( 2026, 26, 7 ) ;
#4242 = ORIENTED_EDGE ( 'NONE', *, *, #4867, .T. ) ;
#4243 = APPROVAL ( #3107, 'UNKNOWN' ) ;
#4244 = LINE ( 'NONE', #6960, #1908 ) ;
#4245 = DIRECTION ( 'NONE',  ( 0.000000000000000000, 0.000000000000000000, -1.000000000000000000 ) ) ;
#4246 = VECTOR ( 'NONE', #1309, 1000.000000000000000 ) ;
#4247 = VERTEX_POINT ( 'NONE', #6206 ) ;
#4248 = CARTESIAN_POINT ( 'NONE',  ( -60.14999999999999858, 0.000000000000000000, 80.00000000000000000 ) ) ;
#4249 = CARTESIAN_POINT ( 'NONE',  ( 0.7500000000000006661, 2.500000000000000000, 12.75000000000000000 ) ) ;
#4250 = VECTOR ( 'NONE', #1966, 1000.000000000000000 ) ;
#4251 = CARTESIAN_POINT ( 'NONE',  ( -8.750000000000000000, 2.500000000000000000, 8.250000000000000000 ) ) ;
#4252 = PERSON_AND_ORGANIZATION_ROLE ( 'creator' ) ;
#4253 = CALENDAR_DATE ( 2026, 26, 7 ) ;
#4254 = CARTESIAN_POINT ( 'NONE',  ( -45.00000000000000000, 36.00000000000000000, 29.00000000000000000 ) ) ;
#4255 = EDGE_CURVE ( 'NONE', #7946, #6378, #5445, .T. ) ;
#4256 = LINE ( 'NONE', #3582, #6822 ) ;
#4257 = ORIENTED_EDGE ( 'NONE', *, *, #2923, .F. ) ;
#4258 = DIRECTION ( 'NONE',  ( -0.000000000000000000, -0.000000000000000000, 1.000000000000000000 ) ) ;
#4259 = DIRECTION ( 'NONE',  ( 0.000000000000000000, 0.000000000000000000, 1.000000000000000000 ) ) ;
#4260 = ORIENTED_EDGE ( 'NONE', *, *, #3161, .F. ) ;
#4261 = PERSON_AND_ORGANIZATION ( #5260, #6155 ) ;
#4262 = VERTEX_POINT ( 'NONE', #6873 ) ;
#4263 = DIRECTION ( 'NONE',  ( 0.000000000000000000, -1.000000000000000000, 0.000000000000000000 ) ) ;
#4264 = ADVANCED_FACE ( 'NONE', ( #86 ), #6921, .F. ) ;
#4265 = AXIS2_PLACEMENT_3D ( 'NONE', #7718, #6280, #940 ) ;
#4266 = CARTESIAN_POINT ( 'NONE',  ( -1.750000000000000000, 2.500000000000000000, -10.50000000000000000 ) ) ;
#4267 = EDGE_CURVE ( 'NONE', #4946, #616, #2827, .T. ) ;
#4268 = DIRECTION ( 'NONE',  ( 0.000000000000000000, 0.000000000000000000, -1.000000000000000000 ) ) ;
#4269 = ORIENTED_EDGE ( 'NONE', *, *, #7662, .T. ) ;
#4270 = LINE ( 'NONE', #2306, #2450 ) ;
#4271 = DATE_AND_TIME ( #3688, #5863 ) ;
#4272 = PERSON_AND_ORGANIZATION_ROLE ( 'design_owner' ) ;
#4273 = ORIENTED_EDGE ( 'NONE', *, *, #5650, .F. ) ;
#4274 = DATE_TIME_ROLE ( 'classification_date' ) ;
#4275 = EDGE_LOOP ( 'NONE', ( #960, #8289 ) ) ;
#4276 = VECTOR ( 'NONE', #1355, 1000.000000000000000 ) ;
#4277 = EDGE_CURVE ( 'NONE', #5506, #3181, #4864, .T. ) ;
#4278 = DIRECTION ( 'NONE',  ( 0.000000000000000000, 1.000000000000000000, 0.000000000000000000 ) ) ;
#4279 = EDGE_LOOP ( 'NONE', ( #6847, #4257, #2460, #5173 ) ) ;
#4280 = CARTESIAN_POINT ( 'NONE',  ( -28.50000000000000000, 0.000000000000000000, -60.00000000000000000 ) ) ;
#4281 = DATE_AND_TIME ( #7140, #1477 ) ;
#4282 = ORIENTED_EDGE ( 'NONE', *, *, #4637, .T. ) ;
#4283 = CARTESIAN_POINT ( 'NONE',  ( -8.500000000000000000, 2.500000000000000000, 13.00000000000000000 ) ) ;
#4284 = CYLINDRICAL_SURFACE ( 'NONE', #3872, 1.250000000000004663 ) ;
#4285 = VERTEX_POINT ( 'NONE', #1973 ) ;
#4286 = FACE_OUTER_BOUND ( 'NONE', #6369, .T. ) ;
#4287 = CARTESIAN_POINT ( 'NONE',  ( 28.00000000000000000, 0.000000000000000000, 15.50000000000000000 ) ) ;
#4288 = LINE ( 'NONE', #3013, #8613 ) ;
#4289 = COORDINATED_UNIVERSAL_TIME_OFFSET ( 8, 0, .AHEAD. ) ;
#4290 = VECTOR ( 'NONE', #823, 1000.000000000000000 ) ;
#4291 = VECTOR ( 'NONE', #1771, 1000.000000000000000 ) ;
#4292 = COORDINATED_UNIVERSAL_TIME_OFFSET ( 8, 0, .AHEAD. ) ;
#4293 = AXIS2_PLACEMENT_3D ( 'NONE', #5067, #879, #195 ) ;
#4294 = EDGE_CURVE ( 'NONE', #5422, #2785, #1833, .T. ) ;
#4295 = LINE ( 'NONE', #6299, #3739 ) ;
#4296 = LINE ( 'NONE', #5716, #3689 ) ;
#4297 = UNCERTAINTY_MEASURE_WITH_UNIT (LENGTH_MEASURE( 1.000000000000000082E-05 ), #7517, 'distance_accuracy_value', 'NONE');
#4298 = EDGE_LOOP ( 'NONE', ( #8846, #7635, #1909, #3086 ) ) ;
#4299 = AXIS2_PLACEMENT_3D ( 'NONE', #5108, #3293, #7930 ) ;
#4300 = APPROVAL ( #2769, '未指定' ) ;
#4301 = DIRECTION ( 'NONE',  ( 0.000000000000000000, -1.000000000000000000, 0.000000000000000000 ) ) ;
#4302 = AXIS2_PLACEMENT_3D ( 'NONE', #4800, #2082, #8853 ) ;
#4303 = DIRECTION ( 'NONE',  ( 0.000000000000000000, -0.000000000000000000, -1.000000000000000000 ) ) ;
#4304 = PERSON_AND_ORGANIZATION ( #5260, #6155 ) ;
#4305 = CIRCLE ( 'NONE', #8745, 1.600000000000004086 ) ;
#4306 = ORIENTED_EDGE ( 'NONE', *, *, #222, .F. ) ;
#4307 = PRODUCT_DEFINITION_FORMATION_WITH_SPECIFIED_SOURCE ( '任何', '', #909, .NOT_KNOWN. ) ;
#4308 = VECTOR ( 'NONE', #6690, 1000.000000000000000 ) ;
#4309 = DIRECTION ( 'NONE',  ( 0.000000000000000000, 0.000000000000000000, -1.000000000000000000 ) ) ;
#4310 = DESIGN_CONTEXT ( 'detailed design', #5082, 'design' ) ;
#4311 = LINE ( 'NONE', #3685, #1230 ) ;
#4312 = ORIENTED_EDGE ( 'NONE', *, *, #5106, .T. ) ;
#4313 = LOCAL_TIME ( 21, 54, 55.00000000000000000, #3060 ) ;
#4314 = AXIS2_PLACEMENT_3D ( 'NONE', #6108, #5488, #8177 ) ;
#4315 = FACE_OUTER_BOUND ( 'NONE', #761, .T. ) ;
#4316 = PERSON_AND_ORGANIZATION_ROLE ( 'design_supplier' ) ;
#4317 = PRODUCT_RELATED_PRODUCT_CATEGORY ( 'detail', '', ( #8097 ) ) ;
#4318 = ORIENTED_EDGE ( 'NONE', *, *, #5275, .F. ) ;
#4319 = APPROVAL_ROLE ( '' ) ;
#4320 = ORIENTED_EDGE ( 'NONE', *, *, #3311, .F. ) ;
#4321 = PERSON_AND_ORGANIZATION_ROLE ( 'classification_officer' ) ;
#4322 = VERTEX_POINT ( 'NONE', #5396 ) ;
#4323 = CC_DESIGN_APPROVAL ( #7852, ( #3747 ) ) ;
#4324 = CARTESIAN_POINT ( 'NONE',  ( 39.00000000000000000, 5.000000000000000000, 19.50000000000000000 ) ) ;
#4325 = EDGE_LOOP ( 'NONE', ( #7391, #6133, #1579, #2185 ) ) ;
#4326 = PRODUCT_DEFINITION_SHAPE ( 'NONE', 'NONE',  #2638 ) ;
#4327 = DIRECTION ( 'NONE',  ( -0.000000000000000000, -1.000000000000000000, -0.000000000000000000 ) ) ;
#4328 = EDGE_CURVE ( 'NONE', #5634, #945, #8133, .T. ) ;
#4329 = LOCAL_TIME ( 21, 54, 55.00000000000000000, #6179 ) ;
#4330 = PERSON_AND_ORGANIZATION ( #5260, #6155 ) ;
#4331 = ORIENTED_EDGE ( 'NONE', *, *, #6286, .F. ) ;
#4332 = ADVANCED_FACE ( 'NONE', ( #1352 ), #4068, .F. ) ;
#4333 = DIRECTION ( 'NONE',  ( 0.000000000000000000, -1.000000000000000000, 0.000000000000000000 ) ) ;
#4334 = CARTESIAN_POINT ( 'NONE',  ( -19.00000000000000000, 0.000000000000000000, 9.000000000000000000 ) ) ;
#4335 = ORIENTED_EDGE ( 'NONE', *, *, #6025, .F. ) ;
#4336 = CC_DESIGN_APPROVAL ( #3858, ( #3905 ) ) ;
#4337 = AXIS2_PLACEMENT_3D ( 'NONE', #4463, #1702, #5837 ) ;
#4338 = DIRECTION ( 'NONE',  ( 0.000000000000000000, -1.000000000000000000, 0.000000000000000000 ) ) ;
#4339 = LINE ( 'NONE', #216, #3949 ) ;
#4340 = DIRECTION ( 'NONE',  ( 0.000000000000000000, 0.000000000000000000, -1.000000000000000000 ) ) ;
#4341 = PERSON_AND_ORGANIZATION_ROLE ( 'design_owner' ) ;
#4342 = APPROVAL_PERSON_ORGANIZATION ( #4209, #2001, #7067 ) ;
#4343 = DIRECTION ( 'NONE',  ( 0.000000000000000000, 0.000000000000000000, -1.000000000000000000 ) ) ;
#4344 = PLANE ( 'NONE',  #974 ) ;
#4345 =( REPRESENTATION_RELATIONSHIP ('NONE','NONE', #245, #3049 ) REPRESENTATION_RELATIONSHIP_WITH_TRANSFORMATION ( #1249 )SHAPE_REPRESENTATION_RELATIONSHIP( ) );
#4346 = ORIENTED_EDGE ( 'NONE', *, *, #1989, .F. ) ;
#4347 = ORGANIZATION ( 'NAUO-ORG17', 'UNSPECIFIED', 'UNSPECIFIED' ) ;
#4348 = LINE ( 'NONE', #4926, #7066 ) ;
#4349 = LINE ( 'NONE', #96, #149 ) ;
#4350 = PERSON_AND_ORGANIZATION_ROLE ( 'creator' ) ;
#4351 = DIRECTION ( 'NONE',  ( -1.000000000000000000, 0.000000000000000000, 0.000000000000000000 ) ) ;
#4352 = CC_DESIGN_PERSON_AND_ORGANIZATION_ASSIGNMENT ( #60, #8198, ( #5316 ) ) ;
#4353 = DIRECTION ( 'NONE',  ( -0.000000000000000000, 1.000000000000000000, -0.000000000000000000 ) ) ;
#4354 = CARTESIAN_POINT ( 'NONE',  ( -13.00000000000000000, 2.500000000000000000, 56.00000000000000000 ) ) ;
#4355 = VERTEX_POINT ( 'NONE', #2058 ) ;
#4356 = CARTESIAN_POINT ( 'NONE',  ( 2.250000000000000444, 2.500000000000000000, 6.500000000000000000 ) ) ;
#4357 = APPROVAL_DATE_TIME ( #2946, #1923 ) ;
#4358 = AXIS2_PLACEMENT_3D ( 'NONE', #7792, #2211, #7616 ) ;
#4359 = PERSON_AND_ORGANIZATION_ROLE ( 'design_supplier' ) ;
#4360 = ORIENTED_EDGE ( 'NONE', *, *, #2957, .F. ) ;
#4361 = ADVANCED_FACE ( 'NONE', ( #4374 ), #7060, .F. ) ;
#4362 = DIRECTION ( 'NONE',  ( 0.000000000000000000, 0.000000000000000000, -1.000000000000000000 ) ) ;
#4363 = EDGE_LOOP ( 'NONE', ( #6675, #6633, #3074, #6432 ) ) ;
#4364 = LINE ( 'NONE', #892, #2271 ) ;
#4365 = CARTESIAN_POINT ( 'NONE',  ( -136.0000000000000000, 0.000000000000000000, -96.50000000000000000 ) ) ;
#4366 = PERSON_AND_ORGANIZATION ( #5260, #6155 ) ;
#4367 = ORIENTED_EDGE ( 'NONE', *, *, #7666, .F. ) ;
#4368 = VERTEX_POINT ( 'NONE', #2329 ) ;
#4369 = CARTESIAN_POINT ( 'NONE',  ( -8.500000000000000000, 2.500000000000000000, 6.000000000000000000 ) ) ;
#4370 = AXIS2_PLACEMENT_3D ( 'NONE', #1752, #1129, #6513 ) ;
#4371 = CARTESIAN_POINT ( 'NONE',  ( -9.000000000000000000, 2.500000000000000000, 56.00000000000000000 ) ) ;
#4372 = EDGE_LOOP ( 'NONE', ( #4260, #116, #5161, #8017 ) ) ;
#4373 = EDGE_CURVE ( 'NONE', #4433, #5204, #995, .T. ) ;
#4374 = FACE_OUTER_BOUND ( 'NONE', #4676, .T. ) ;
#4375 = LINE ( 'NONE', #2419, #6648 ) ;
#4376 = ADVANCED_FACE ( 'NONE', ( #5623 ), #5664, .F. ) ;
#4377 = LINE ( 'NONE', #3710, #451 ) ;
#4378 = PERSON_AND_ORGANIZATION ( #5260, #6155 ) ;
#4379 = DATE_TIME_ROLE ( 'classification_date' ) ;
#4380 = CARTESIAN_POINT ( 'NONE',  ( 0.000000000000000000, 0.000000000000000000, -12.25000000000000000 ) ) ;
#4381 = CARTESIAN_POINT ( 'NONE',  ( -1.750000000000000000, 2.500000000000000000, -10.50000000000000000 ) ) ;
#4382 = EDGE_CURVE ( 'NONE', #6940, #773, #168, .T. ) ;
#4383 = VERTEX_POINT ( 'NONE', #3624 ) ;
#4384 = EDGE_CURVE ( 'NONE', #5481, #4979, #1615, .T. ) ;
#4385 = DIRECTION ( 'NONE',  ( 0.000000000000000000, 0.000000000000000000, -1.000000000000000000 ) ) ;
#4386 = VECTOR ( 'NONE', #7341, 1000.000000000000000 ) ;
#4387 = FACE_OUTER_BOUND ( 'NONE', #5821, .T. ) ;
#4388 = CALENDAR_DATE ( 2026, 26, 7 ) ;
#4389 = VECTOR ( 'NONE', #6380, 1000.000000000000000 ) ;
#4390 = CARTESIAN_POINT ( 'NONE',  ( -6.499999999999999112, 0.000000000000000000, 4.500000000000000000 ) ) ;
#4391 = FACE_OUTER_BOUND ( 'NONE', #4769, .T. ) ;
#4392 = LINE ( 'NONE', #3253, #6652 ) ;
#4393 = VERTEX_POINT ( 'NONE', #304 ) ;
#4394 = LINE ( 'NONE', #2944, #8295 ) ;
#4395 = CC_DESIGN_PERSON_AND_ORGANIZATION_ASSIGNMENT ( #5955, #5915, ( #349 ) ) ;
#4396 = PERSON_AND_ORGANIZATION ( #5260, #6155 ) ;
#4397 = VECTOR ( 'NONE', #1672, 1000.000000000000000 ) ;
#4398 = DATE_TIME_ROLE ( 'classification_date' ) ;
#4399 = ORIENTED_EDGE ( 'NONE', *, *, #1857, .T. ) ;
#4400 = APPROVAL_DATE_TIME ( #934, #971 ) ;
#4401 = ORIENTED_EDGE ( 'NONE', *, *, #7604, .F. ) ;
#4402 = VECTOR ( 'NONE', #1788, 1000.000000000000000 ) ;
#4403 = ADVANCED_FACE ( 'NONE', ( #5044 ), #2965, .F. ) ;
#4404 = DIRECTION ( 'NONE',  ( -1.000000000000000000, 0.000000000000000000, -0.000000000000000000 ) ) ;
#4405 = ORIENTED_EDGE ( 'NONE', *, *, #8411, .F. ) ;
#4406 = DIRECTION ( 'NONE',  ( -0.000000000000000000, -0.000000000000000000, 1.000000000000000000 ) ) ;
#4407 = DIRECTION ( 'NONE',  ( -0.000000000000000000, -1.000000000000000000, -0.000000000000000000 ) ) ;
#4408 = ADVANCED_BREP_SHAPE_REPRESENTATION ( '', ( #2243, #7312 ), #4735 ) ;
#4409 = CC_DESIGN_PERSON_AND_ORGANIZATION_ASSIGNMENT ( #5733, #4359, ( #1624 ) ) ;
#4410 = EDGE_CURVE ( 'NONE', #938, #2857, #7941, .T. ) ;
#4411 = APPROVAL_STATUS ( 'not_yet_approved' ) ;
#4412 = CLOSED_SHELL ( 'NONE', ( #6526, #5761, #7035, #678, #6662, #5136 ) ) ;
#4413 = ORIENTED_EDGE ( 'NONE', *, *, #1026, .T. ) ;
#4414 = ORIENTED_EDGE ( 'NONE', *, *, #8779, .F. ) ;
#4415 = CARTESIAN_POINT ( 'NONE',  ( 4.500000000000000000, 2.500000000000000000, 6.000000000000000000 ) ) ;
#4416 = LINE ( 'NONE', #5968, #581 ) ;
#4417 = EDGE_LOOP ( 'NONE', ( #6817, #3169, #2323, #3467 ) ) ;
#4418 = LINE ( 'NONE', #7014, #4658 ) ;
#4419 = DIRECTION ( 'NONE',  ( 0.000000000000000000, 0.000000000000000000, -1.000000000000000000 ) ) ;
#4420 = PERSON_AND_ORGANIZATION ( #5260, #6155 ) ;
#4421 = CC_DESIGN_PERSON_AND_ORGANIZATION_ASSIGNMENT ( #2171, #4316, ( #8014 ) ) ;
#4422 = DATE_AND_TIME ( #7399, #487 ) ;
#4423 = CARTESIAN_POINT ( 'NONE',  ( -138.0327499999999930, 91.09999999999999432, 98.50000000000000000 ) ) ;
#4424 = CARTESIAN_POINT ( 'NONE',  ( -13.00000000000000000, 2.500000000000000000, 39.00000000000000000 ) ) ;
#4425 = DIRECTION ( 'NONE',  ( 0.000000000000000000, 0.000000000000000000, -1.000000000000000000 ) ) ;
#4426 = ORIENTED_EDGE ( 'NONE', *, *, #3148, .T. ) ;
#4427 = DIRECTION ( 'NONE',  ( -1.000000000000000000, -0.000000000000000000, -0.000000000000000000 ) ) ;
#4428 = VECTOR ( 'NONE', #1545, 1000.000000000000000 ) ;
#4429 = CARTESIAN_POINT ( 'NONE',  ( 60.14999999999999858, 5.000000000000000000, 80.00000000000000000 ) ) ;
#4430 = VECTOR ( 'NONE', #2456, 1000.000000000000000 ) ;
#4431 = EDGE_CURVE ( 'NONE', #990, #5122, #3522, .T. ) ;
#4432 = PERSON_AND_ORGANIZATION ( #5260, #6155 ) ;
#4433 = VERTEX_POINT ( 'NONE', #8323 ) ;
#4434 = DIRECTION ( 'NONE',  ( -0.000000000000000000, 1.000000000000000000, -0.000000000000000000 ) ) ;
#4435 = EDGE_CURVE ( 'NONE', #2699, #7390, #3665, .T. ) ;
#4436 = VECTOR ( 'NONE', #6756, 1000.000000000000000 ) ;
#4437 = VECTOR ( 'NONE', #3390, 1000.000000000000000 ) ;
#4438 = CARTESIAN_POINT ( 'NONE',  ( 138.0327499999999930, 91.09999999999999432, -98.50000000000000000 ) ) ;
#4439 = CARTESIAN_POINT ( 'NONE',  ( 6.500000000000000000, 2.500000000000000000, 22.50000000000000000 ) ) ;
#4440 = PERSON_AND_ORGANIZATION_ROLE ( 'design_owner' ) ;
#4441 = APPROVAL_PERSON_ORGANIZATION ( #280, #3135, #880 ) ;
#4442 = APPROVAL_DATE_TIME ( #3258, #4999 ) ;
#4443 = AXIS2_PLACEMENT_3D ( 'NONE', #3255, #1777, #3212 ) ;
#4444 = VERTEX_POINT ( 'NONE', #858 ) ;
#4445 = APPROVAL_DATE_TIME ( #7043, #5054 ) ;
#4446 = VERTEX_POINT ( 'NONE', #8379 ) ;
#4447 = CC_DESIGN_PERSON_AND_ORGANIZATION_ASSIGNMENT ( #699, #5465, ( #7486 ) ) ;
#4448 = DIRECTION ( 'NONE',  ( 1.000000000000000000, 0.000000000000000000, -0.000000000000000000 ) ) ;
#4449 = AXIS2_PLACEMENT_3D ( 'NONE', #7645, #1623, #4343 ) ;
#4450 = EDGE_LOOP ( 'NONE', ( #868, #8123 ) ) ;
#4451 = APPROVAL_PERSON_ORGANIZATION ( #998, #8718, #908 ) ;
#4452 = VECTOR ( 'NONE', #1706, 1000.000000000000000 ) ;
#4453 = CARTESIAN_POINT ( 'NONE',  ( -4.000000000000000000, 2.500000000000000000, -52.00000000000000000 ) ) ;
#4454 = DIRECTION ( 'NONE',  ( 0.000000000000000000, -1.000000000000000000, 0.000000000000000000 ) ) ;
#4455 = EDGE_CURVE ( 'NONE', #773, #813, #258, .T. ) ;
#4456 = PERSON_AND_ORGANIZATION ( #5260, #6155 ) ;
#4457 = ORIENTED_EDGE ( 'NONE', *, *, #7900, .F. ) ;
#4458 = CC_DESIGN_APPROVAL ( #1970, ( #7318 ) ) ;
#4459 = AXIS2_PLACEMENT_3D ( 'NONE', #8782, #5391, #1967 ) ;
#4460 = VERTEX_POINT ( 'NONE', #5707 ) ;
#4461 = DIRECTION ( 'NONE',  ( -0.000000000000000000, 1.000000000000000000, -0.000000000000000000 ) ) ;
#4462 = APPROVAL ( #553, '未指定' ) ;
#4463 = CARTESIAN_POINT ( 'NONE',  ( 39.00000000000000000, 3.000000000000000000, -19.50000000000000000 ) ) ;
#4464 = ORIENTED_EDGE ( 'NONE', *, *, #271, .F. ) ;
#4465 = AXIS2_PLACEMENT_3D ( 'NONE', #6917, #3620, #2232 ) ;
#4466 = LINE ( 'NONE', #1168, #2239 ) ;
#4467 = CC_DESIGN_APPROVAL ( #3167, ( #6021 ) ) ;
#4468 = PLANE ( 'NONE',  #7871 ) ;
#4469 = COORDINATED_UNIVERSAL_TIME_OFFSET ( 8, 0, .AHEAD. ) ;
#4470 = PRODUCT_DEFINITION_SHAPE ( 'NONE', 'NONE',  #8882 ) ;
#4471 = DATE_TIME_ROLE ( 'classification_date' ) ;
#4472 = VECTOR ( 'NONE', #6714, 1000.000000000000000 ) ;
#4473 = CARTESIAN_POINT ( 'NONE',  ( 4.500000000000000000, 2.500000000000000000, 6.000000000000000000 ) ) ;
#4474 = LOCAL_TIME ( 21, 54, 55.00000000000000000, #4613 ) ;
#4475 = FACE_OUTER_BOUND ( 'NONE', #4298, .T. ) ;
#4476 = UNCERTAINTY_MEASURE_WITH_UNIT (LENGTH_MEASURE( 1.000000000000000082E-05 ), #2045, 'distance_accuracy_value', 'NONE');
#4477 = LINE ( 'NONE', #580, #3120 ) ;
#4478 = VERTEX_POINT ( 'NONE', #7104 ) ;
#4479 = APPROVAL ( #401, '未指定' ) ;
#4480 = DIRECTION ( 'NONE',  ( -1.000000000000000000, 0.000000000000000000, 0.000000000000000000 ) ) ;
#4481 = EDGE_LOOP ( 'NONE', ( #3446, #7671 ) ) ;
#4482 = AXIS2_PLACEMENT_3D ( 'NONE', #1209, #3272, #8730 ) ;
#4483 = PLANE ( 'NONE',  #7732 ) ;
#4484 = CALENDAR_DATE ( 2026, 26, 7 ) ;
#4485 = PLANE ( 'NONE',  #574 ) ;
#4486 = LINE ( 'NONE', #458, #1837 ) ;
#4487 = ORGANIZATION ( 'NAUO-ORG14', 'UNSPECIFIED', 'UNSPECIFIED' ) ;
#4488 = EDGE_CURVE ( 'NONE', #2414, #2852, #226, .T. ) ;
#4489 = CARTESIAN_POINT ( 'NONE',  ( -19.00000000000000000, 15.00000000000000000, 9.000000000000000000 ) ) ;
#4490 = EDGE_CURVE ( 'NONE', #2174, #8082, #8538, .T. ) ;
#4491 = DIRECTION ( 'NONE',  ( 1.000000000000000000, -0.000000000000000000, 0.000000000000000000 ) ) ;
#4492 = SHAPE_DEFINITION_REPRESENTATION ( #5670, #5102 ) ;
#4493 = EDGE_CURVE ( 'NONE', #2917, #4383, #3574, .T. ) ;
#4494 = ORIENTED_EDGE ( 'NONE', *, *, #725, .T. ) ;
#4495 = PERSON_AND_ORGANIZATION_ROLE ( 'creator' ) ;
#4496 = AXIS2_PLACEMENT_3D ( 'NONE', #963, #8392, #5544 ) ;
#4497 = EDGE_LOOP ( 'NONE', ( #3395, #6893, #3165, #5257 ) ) ;
#4498 = SECURITY_CLASSIFICATION_LEVEL ( 'unclassified' ) ;
#4499 = ORIENTED_EDGE ( 'NONE', *, *, #7765, .T. ) ;
#4500 = DESIGN_CONTEXT ( 'detailed design', #6907, 'design' ) ;
#4501 = DIRECTION ( 'NONE',  ( -0.000000000000000000, -1.000000000000000000, -0.000000000000000000 ) ) ;
#4502 = ORIENTED_EDGE ( 'NONE', *, *, #1063, .F. ) ;
#4503 = ADVANCED_FACE ( 'NONE', ( #4286 ), #5088, .F. ) ;
#4504 = EDGE_CURVE ( 'NONE', #2372, #1419, #4418, .T. ) ;
#4505 = LINE ( 'NONE', #7850, #548 ) ;
#4506 = ADVANCED_FACE ( 'NONE', ( #7687 ), #3012, .F. ) ;
#4507 = DIRECTION ( 'NONE',  ( -0.000000000000000000, -0.000000000000000000, 1.000000000000000000 ) ) ;
#4508 =( LENGTH_UNIT ( ) NAMED_UNIT ( * ) SI_UNIT ( .MILLI., .METRE. ) );
#4509 = APPROVAL_DATE_TIME ( #8589, #4788 ) ;
#4510 = ORIENTED_EDGE ( 'NONE', *, *, #8729, .T. ) ;
#4511 = VERTEX_POINT ( 'NONE', #7105 ) ;
#4512 = LINE ( 'NONE', #1030, #3646 ) ;
#4513 = PERSON ( 'NAUO-PER17', 'UNSPECIFIED', 'UNSPECIFIED', ('UNSPECIFIED'), ('UNSPECIFIED'), ('UNSPECIFIED') ) ;
#4514 = DIRECTION ( 'NONE',  ( 1.000000000000000000, 0.000000000000000000, -0.000000000000000000 ) ) ;
#4515 = ORIENTED_EDGE ( 'NONE', *, *, #8239, .T. ) ;
#4516 = DIRECTION ( 'NONE',  ( 1.000000000000000000, 0.000000000000000000, 0.000000000000000000 ) ) ;
#4517 = DIRECTION ( 'NONE',  ( -0.000000000000000000, -1.000000000000000000, -0.000000000000000000 ) ) ;
#4518 = DATE_TIME_ROLE ( 'creation_date' ) ;
#4519 = CC_DESIGN_PERSON_AND_ORGANIZATION_ASSIGNMENT ( #2615, #2069, ( #6322 ) ) ;
#4520 = DIRECTION ( 'NONE',  ( 0.000000000000000000, -1.000000000000000000, 0.000000000000000000 ) ) ;
#4521 = FACE_BOUND ( 'NONE', #7178, .T. ) ;
#4522 = CARTESIAN_POINT ( 'NONE',  ( 60.14999999999999858, 0.000000000000000000, 30.60000000000000142 ) ) ;
#4523 = VERTEX_POINT ( 'NONE', #7816 ) ;
#4524 = DIRECTION ( 'NONE',  ( 0.000000000000000000, 0.000000000000000000, 1.000000000000000000 ) ) ;
#4525 = PLANE ( 'NONE',  #592 ) ;
#4526 = ADVANCED_BREP_SHAPE_REPRESENTATION ( '', ( #2440, #7312 ), #6600 ) ;
#4527 = CIRCLE ( 'NONE', #4097, 1.250000000000004663 ) ;
#4528 = AXIS2_PLACEMENT_3D ( 'NONE', #2300, #4434, #4309 ) ;
#4529 = COORDINATED_UNIVERSAL_TIME_OFFSET ( 8, 0, .AHEAD. ) ;
#4530 = EDGE_CURVE ( 'NONE', #7716, #4444, #6424, .T. ) ;
#4531 = LINE ( 'NONE', #3857, #2876 ) ;
#4532 = AXIS2_PLACEMENT_3D ( 'NONE', #3359, #6061, #2688 ) ;
#4533 = DIRECTION ( 'NONE',  ( -1.000000000000000000, 0.000000000000000000, -0.000000000000000000 ) ) ;
#4534 = VECTOR ( 'NONE', #3075, 1000.000000000000000 ) ;
#4535 = DIRECTION ( 'NONE',  ( 1.000000000000000000, 0.000000000000000000, 0.000000000000000000 ) ) ;
#4536 = FACE_OUTER_BOUND ( 'NONE', #8418, .T. ) ;
#4537 = PERSON_AND_ORGANIZATION_ROLE ( 'design_supplier' ) ;
#4538 = DATE_AND_TIME ( #1818, #774 ) ;
#4539 = ORIENTED_EDGE ( 'NONE', *, *, #1986, .T. ) ;
#4540 = APPROVAL_DATE_TIME ( #5994, #1895 ) ;
#4541 = ORIENTED_EDGE ( 'NONE', *, *, #2804, .T. ) ;
#4542 = PRODUCT_RELATED_PRODUCT_CATEGORY ( 'detail', '', ( #684 ) ) ;
#4543 = ORIENTED_EDGE ( 'NONE', *, *, #5799, .T. ) ;
#4544 = EDGE_CURVE ( 'NONE', #990, #1825, #6964, .T. ) ;
#4545 = CARTESIAN_POINT ( 'NONE',  ( 33.00000000000000000, 0.000000000000000000, -30.50000000000000000 ) ) ;
#4546 = ORIENTED_EDGE ( 'NONE', *, *, #2868, .F. ) ;
#4547 = DIRECTION ( 'NONE',  ( -0.000000000000000000, -1.000000000000000000, -0.000000000000000000 ) ) ;
#4548 = DIRECTION ( 'NONE',  ( 0.000000000000000000, -0.000000000000000000, -1.000000000000000000 ) ) ;
#4549 = VECTOR ( 'NONE', #5565, 1000.000000000000000 ) ;
#4550 = CALENDAR_DATE ( 2026, 26, 7 ) ;
#4551 = ORIENTED_EDGE ( 'NONE', *, *, #5790, .F. ) ;
#4552 = EDGE_CURVE ( 'NONE', #4262, #2312, #6382, .T. ) ;
#4553 = ORIENTED_EDGE ( 'NONE', *, *, #3561, .F. ) ;
#4554 = DIRECTION ( 'NONE',  ( -1.000000000000000000, 0.000000000000000000, -0.000000000000000000 ) ) ;
#4555 = CARTESIAN_POINT ( 'NONE',  ( 3.500000000000003109, 2.500000000000000000, 12.25000000000000000 ) ) ;
#4556 = ORIENTED_EDGE ( 'NONE', *, *, #2793, .F. ) ;
#4557 = DIRECTION ( 'NONE',  ( -1.000000000000000000, -0.000000000000000000, -0.000000000000000000 ) ) ;
#4558 = CLOSED_SHELL ( 'NONE', ( #5902, #2885, #2695, #4104, #3532, #6843, #3101, #1607, #5458, #8652, #4161, #8093 ) ) ;
#4559 = LINE ( 'NONE', #3799, #8016 ) ;
#4560 = PERSON_AND_ORGANIZATION ( #5260, #6155 ) ;
#4561 = PLANE ( 'NONE',  #745 ) ;
#4562 = VECTOR ( 'NONE', #3587, 1000.000000000000000 ) ;
#4563 = CARTESIAN_POINT ( 'NONE',  ( -39.00000000000000000, 0.000000000000000000, -21.30000000000000071 ) ) ;
#4564 = CARTESIAN_POINT ( 'NONE',  ( -14.50000000000000000, 0.000000000000000000, 12.25000000000000000 ) ) ;
#4565 = CARTESIAN_POINT ( 'NONE',  ( -20.25000000000000000, 2.500000000000000000, -76.00000000000000000 ) ) ;
#4566 = CARTESIAN_POINT ( 'NONE',  ( -4.000000000000000000, 2.500000000000000000, -52.00000000000000000 ) ) ;
#4567 = EDGE_CURVE ( 'NONE', #383, #5550, #5045, .T. ) ;
#4568 = APPROVAL_DATE_TIME ( #7209, #2112 ) ;
#4569 = CARTESIAN_POINT ( 'NONE',  ( -1.000000000000000000, 2.500000000000000000, -12.25000000000000000 ) ) ;
#4570 = LINE ( 'NONE', #1143, #242 ) ;
#4571 = CC_DESIGN_PERSON_AND_ORGANIZATION_ASSIGNMENT ( #4456, #4590, ( #7453 ) ) ;
#4572 = DIRECTION ( 'NONE',  ( 0.000000000000000000, 0.000000000000000000, -1.000000000000000000 ) ) ;
#4573 = LINE ( 'NONE', #463, #5857 ) ;
#4574 = CALENDAR_DATE ( 2026, 26, 7 ) ;
#4575 = ORIENTED_EDGE ( 'NONE', *, *, #1899, .F. ) ;
#4576 = MECHANICAL_CONTEXT ( 'NONE', #3042, 'mechanical' ) ;
#4577 = VECTOR ( 'NONE', #4654, 1000.000000000000000 ) ;
#4578 = ORIENTED_EDGE ( 'NONE', *, *, #5799, .F. ) ;
#4579 = PERSON_AND_ORGANIZATION ( #23, #1361 ) ;
#4580 = EDGE_LOOP ( 'NONE', ( #4494, #3103, #1096, #4855 ) ) ;
#4581 = VECTOR ( 'NONE', #1654, 1000.000000000000000 ) ;
#4582 = EDGE_LOOP ( 'NONE', ( #297, #1992, #7403, #5448, #1730, #7804, #4991, #6417, #1198, #7652, #3341, #4702, #246, #6102 ) ) ;
#4583 = CARTESIAN_POINT ( 'NONE',  ( 54.00000000000000000, 1.599999999999999867, 81.50000000000000000 ) ) ;
#4584 = VERTEX_POINT ( 'NONE', #2921 ) ;
#4585 = VECTOR ( 'NONE', #3499, 1000.000000000000000 ) ;
#4586 = LINE ( 'NONE', #6635, #8159 ) ;
#4587 = CC_DESIGN_PERSON_AND_ORGANIZATION_ASSIGNMENT ( #5933, #4643, ( #2910 ) ) ;
#4588 = VECTOR ( 'NONE', #5230, 1000.000000000000000 ) ;
#4589 = CARTESIAN_POINT ( 'NONE',  ( -3.750000000000000000, 2.500000000000000000, -12.75000000000000000 ) ) ;
#4590 = PERSON_AND_ORGANIZATION_ROLE ( 'classification_officer' ) ;
#4591 = ORIENTED_EDGE ( 'NONE', *, *, #4024, .T. ) ;
#4592 = ORIENTED_EDGE ( 'NONE', *, *, #8371, .F. ) ;
#4593 = CC_DESIGN_APPROVAL ( #5078, ( #4687 ) ) ;
#4594 = CIRCLE ( 'NONE', #755, 1.750000000000001554 ) ;
#4595 = CARTESIAN_POINT ( 'NONE',  ( 138.0327499999999930, 91.09999999999999432, -98.50000000000000000 ) ) ;
#4596 = VERTEX_POINT ( 'NONE', #3104 ) ;
#4597 = CARTESIAN_POINT ( 'NONE',  ( -57.50000000000000000, 35.00000000000000000, 85.00000000000000000 ) ) ;
#4598 = EDGE_CURVE ( 'NONE', #2252, #5866, #5667, .T. ) ;
#4599 = PRODUCT_DEFINITION_FORMATION_WITH_SPECIFIED_SOURCE ( '任何', '', #4738, .NOT_KNOWN. ) ;
#4600 = PLANE ( 'NONE',  #5875 ) ;
#4601 = PERSON_AND_ORGANIZATION ( #5260, #6155 ) ;
#4602 = EDGE_CURVE ( 'NONE', #2785, #13, #5708, .T. ) ;
#4603 = DIRECTION ( 'NONE',  ( 1.000000000000000000, -0.000000000000000000, 0.000000000000000000 ) ) ;
#4604 = AXIS2_PLACEMENT_3D ( 'NONE', #2186, #5040, #3005 ) ;
#4605 = DIRECTION ( 'NONE',  ( 0.000000000000000000, 1.000000000000000000, 0.000000000000000000 ) ) ;
#4606 = APPROVAL_PERSON_ORGANIZATION ( #3657, #1970, #2229 ) ;
#4607 = LINE ( 'NONE', #7917, #3533 ) ;
#4608 = AXIS2_PLACEMENT_3D ( 'NONE', #4762, #8769, #1377 ) ;
#4609 = EDGE_CURVE ( 'NONE', #8727, #6975, #5798, .T. ) ;
#4610 = CARTESIAN_POINT ( 'NONE',  ( -28.50000000000000000, 2.500000000000000000, 44.00000000000000000 ) ) ;
#4611 = DIRECTION ( 'NONE',  ( 0.000000000000000000, 1.000000000000000000, 0.000000000000000000 ) ) ;
#4612 = LOCAL_TIME ( 21, 54, 55.00000000000000000, #4042 ) ;
#4613 = COORDINATED_UNIVERSAL_TIME_OFFSET ( 8, 0, .AHEAD. ) ;
#4614 = DIRECTION ( 'NONE',  ( 1.000000000000000000, 0.000000000000000000, -0.000000000000000000 ) ) ;
#4615 = FACE_BOUND ( 'NONE', #2990, .T. ) ;
#4616 = CC_DESIGN_SECURITY_CLASSIFICATION ( #5751, ( #6021 ) ) ;
#4617 = DIRECTION ( 'NONE',  ( 1.000000000000000000, 0.000000000000000000, -0.000000000000000000 ) ) ;
#4618 = DIRECTION ( 'NONE',  ( -0.000000000000000000, -1.000000000000000000, -0.000000000000000000 ) ) ;
#4619 = CALENDAR_DATE ( 2026, 26, 7 ) ;
#4620 = ORIENTED_EDGE ( 'NONE', *, *, #6556, .F. ) ;
#4621 = DATE_AND_TIME ( #2445, #1769 ) ;
#4622 = APPROVAL ( #7551, 'UNKNOWN' ) ;
#4623 = ORIENTED_EDGE ( 'NONE', *, *, #6775, .T. ) ;
#4624 = CALENDAR_DATE ( 2026, 26, 7 ) ;
#4625 = ORIENTED_EDGE ( 'NONE', *, *, #4435, .T. ) ;
#4626 = ORGANIZATION ( 'NAUO-ORG11', 'UNSPECIFIED', 'UNSPECIFIED' ) ;
#4627 = VERTEX_POINT ( 'NONE', #4287 ) ;
#4628 = VERTEX_POINT ( 'NONE', #8559 ) ;
#4629 = DIRECTION ( 'NONE',  ( 0.000000000000000000, 0.000000000000000000, 1.000000000000000000 ) ) ;
#4630 = ORIENTED_EDGE ( 'NONE', *, *, #7435, .T. ) ;
#4631 =( REPRESENTATION_RELATIONSHIP ('NONE','NONE', #245, #4853 ) REPRESENTATION_RELATIONSHIP_WITH_TRANSFORMATION ( #4675 )SHAPE_REPRESENTATION_RELATIONSHIP( ) );
#4632 = DIRECTION ( 'NONE',  ( -0.000000000000000000, -0.000000000000000000, 1.000000000000000000 ) ) ;
#4633 = APPROVAL_PERSON_ORGANIZATION ( #5693, #5054, #3692 ) ;
#4634 = DIRECTION ( 'NONE',  ( 0.000000000000000000, 0.000000000000000000, -1.000000000000000000 ) ) ;
#4635 = CALENDAR_DATE ( 2026, 26, 7 ) ;
#4636 = PERSON_AND_ORGANIZATION ( #2279, #6752 ) ;
#4637 = EDGE_CURVE ( 'NONE', #7774, #4086, #6340, .T. ) ;
#4638 = ORIENTED_EDGE ( 'NONE', *, *, #6226, .T. ) ;
#4639 = CARTESIAN_POINT ( 'NONE',  ( -158.9499999999999886, 0.000000000000000000, 119.4500000000000028 ) ) ;
#4640 = ORIENTED_EDGE ( 'NONE', *, *, #1221, .F. ) ;
#4641 = LINE ( 'NONE', #5261, #5934 ) ;
#4642 = CARTESIAN_POINT ( 'NONE',  ( 9.000000000000000000, 2.500000000000000000, -52.00000000000000000 ) ) ;
#4643 = PERSON_AND_ORGANIZATION_ROLE ( 'creator' ) ;
#4644 = ORIENTED_EDGE ( 'NONE', *, *, #8692, .T. ) ;
#4645 = LINE ( 'NONE', #8223, #162 ) ;
#4646 = EDGE_CURVE ( 'NONE', #857, #483, #4375, .T. ) ;
#4647 = LINE ( 'NONE', #5311, #3830 ) ;
#4648 = EDGE_CURVE ( 'NONE', #7442, #1029, #4339, .T. ) ;
#4649 = DIRECTION ( 'NONE',  ( -0.000000000000000000, -0.000000000000000000, 1.000000000000000000 ) ) ;
#4650 = CARTESIAN_POINT ( 'NONE',  ( 39.00000000000000000, 0.000000000000000000, 19.50000000000000000 ) ) ;
#4651 = CARTESIAN_POINT ( 'NONE',  ( -28.00000000000000000, 0.000000000000000000, -15.50000000000000000 ) ) ;
#4652 = PERSON_AND_ORGANIZATION_ROLE ( 'classification_officer' ) ;
#4653 = ADVANCED_FACE ( 'NONE', ( #3708 ), #2237, .T. ) ;
#4654 = DIRECTION ( 'NONE',  ( 0.000000000000000000, 0.000000000000000000, -1.000000000000000000 ) ) ;
#4655 = ADVANCED_FACE ( 'NONE', ( #8515 ), #2966, .F. ) ;
#4656 = LINE ( 'NONE', #5273, #2102 ) ;
#4657 = EDGE_CURVE ( 'NONE', #1421, #2453, #4996, .T. ) ;
#4658 = VECTOR ( 'NONE', #1616, 1000.000000000000000 ) ;
#4659 = CARTESIAN_POINT ( 'NONE',  ( 8.750000000000000000, 0.000000000000000000, -8.250000000000000000 ) ) ;
#4660 = CARTESIAN_POINT ( 'NONE',  ( -45.00000000000000000, 0.000000000000000000, 29.00000000000000000 ) ) ;
#4661 = APPROVAL_DATE_TIME ( #2625, #8823 ) ;
#4662 = ORIENTED_EDGE ( 'NONE', *, *, #8501, .F. ) ;
#4663 = COORDINATED_UNIVERSAL_TIME_OFFSET ( 8, 0, .AHEAD. ) ;
#4664 = EDGE_LOOP ( 'NONE', ( #5159, #4499, #2558, #1453 ) ) ;
#4665 = ORIENTED_EDGE ( 'NONE', *, *, #7986, .T. ) ;
#4666 = EDGE_LOOP ( 'NONE', ( #846, #8321, #6802, #7491 ) ) ;
#4667 = CARTESIAN_POINT ( 'NONE',  ( -45.00000000000000000, 36.00000000000000000, 29.00000000000000000 ) ) ;
#4668 = ORIENTED_EDGE ( 'NONE', *, *, #4770, .F. ) ;
#4669 = CARTESIAN_POINT ( 'NONE',  ( -60.14999999999999858, 7.000000000000000000, 30.60000000000000142 ) ) ;
#4670 = DIRECTION ( 'NONE',  ( 0.000000000000000000, 0.000000000000000000, -1.000000000000000000 ) ) ;
#4671 = COORDINATED_UNIVERSAL_TIME_OFFSET ( 8, 0, .AHEAD. ) ;
#4672 = VECTOR ( 'NONE', #3816, 1000.000000000000000 ) ;
#4673 = PERSON_AND_ORGANIZATION ( #5260, #6155 ) ;
#4674 = EDGE_CURVE ( 'NONE', #8130, #6422, #860, .T. ) ;
#4675 = ITEM_DEFINED_TRANSFORMATION ( 'NONE', 'NONE', #6149,  #7312 ) ;
#4676 = EDGE_LOOP ( 'NONE', ( #1551, #1779, #2207, #5838 ) ) ;
#4677 = DIRECTION ( 'NONE',  ( 0.000000000000000000, -0.000000000000000000, -1.000000000000000000 ) ) ;
#4678 = ORIENTED_EDGE ( 'NONE', *, *, #3942, .F. ) ;
#4679 = CC_DESIGN_PERSON_AND_ORGANIZATION_ASSIGNMENT ( #8629, #6581, ( #3613 ) ) ;
#4680 = CARTESIAN_POINT ( 'NONE',  ( 54.00000000000000000, 3.600000000000000089, 81.50000000000000000 ) ) ;
#4681 = PERSON_AND_ORGANIZATION_ROLE ( 'classification_officer' ) ;
#4682 = DIRECTION ( 'NONE',  ( -1.000000000000000000, -0.000000000000000000, -0.000000000000000000 ) ) ;
#4683 = CARTESIAN_POINT ( 'NONE',  ( -23.00000000000000000, 10.00000000000000000, -10.50000000000000000 ) ) ;
#4684 = EDGE_LOOP ( 'NONE', ( #4591, #620 ) ) ;
#4685 = LINE ( 'NONE', #6248, #6687 ) ;
#4686 = DIRECTION ( 'NONE',  ( -1.000000000000000000, 0.000000000000000000, 0.000000000000000000 ) ) ;
#4687 = PRODUCT_DEFINITION ( '未知', '', #8465, #750 ) ;
#4688 = CARTESIAN_POINT ( 'NONE',  ( -6.000000000000000000, 0.000000000000000000, -6.000000000000000000 ) ) ;
#4689 = CONTEXT_DEPENDENT_SHAPE_REPRESENTATION ( #6666, #7748 ) ;
#4690 = AXIS2_PLACEMENT_3D ( 'NONE', #1629, #4258, #268 ) ;
#4691 = CLOSED_SHELL ( 'NONE', ( #5066, #7169, #800, #7421, #115, #3709, #1600, #2865, #6646, #579, #920, #8608, #6486, #617 ) ) ;
#4692 = CARTESIAN_POINT ( 'NONE',  ( 25.50000000000000000, 2.500000000000000000, 60.00000000000000000 ) ) ;
#4693 = DIRECTION ( 'NONE',  ( 0.000000000000000000, 1.000000000000000000, 0.000000000000000000 ) ) ;
#4694 = CARTESIAN_POINT ( 'NONE',  ( 60.14999999999999858, 5.000000000000000000, 81.75000000000000000 ) ) ;
#4695 = EDGE_CURVE ( 'NONE', #2555, #6085, #7952, .T. ) ;
#4696 = FACE_OUTER_BOUND ( 'NONE', #3748, .T. ) ;
#4697 = DATE_TIME_ROLE ( 'creation_date' ) ;
#4698 = PERSON_AND_ORGANIZATION ( #5260, #6155 ) ;
#4699 = EDGE_CURVE ( 'NONE', #282, #7031, #3144, .T. ) ;
#4700 = EDGE_LOOP ( 'NONE', ( #4862, #7801 ) ) ;
#4701 = EDGE_LOOP ( 'NONE', ( #6315, #817 ) ) ;
#4702 = ORIENTED_EDGE ( 'NONE', *, *, #1982, .F. ) ;
#4703 = DIRECTION ( 'NONE',  ( 0.000000000000000000, -1.000000000000000000, 0.000000000000000000 ) ) ;
#4704 = CARTESIAN_POINT ( 'NONE',  ( 0.7500000000000006661, 2.500000000000000000, 12.75000000000000000 ) ) ;
#4705 = ORIENTED_EDGE ( 'NONE', *, *, #2979, .T. ) ;
#4706 = DIRECTION ( 'NONE',  ( 0.000000000000000000, -1.000000000000000000, 0.000000000000000000 ) ) ;
#4707 = CARTESIAN_POINT ( 'NONE',  ( -20.00000000000000000, 2.500000000000000000, -57.00000000000000000 ) ) ;
#4708 = VECTOR ( 'NONE', #7330, 1000.000000000000000 ) ;
#4709 = PERSON_AND_ORGANIZATION_ROLE ( 'creator' ) ;
#4710 = DATE_AND_TIME ( #707, #7170 ) ;
#4711 = CIRCLE ( 'NONE', #2153, 1.799999999999999600 ) ;
#4712 = APPROVAL_DATE_TIME ( #6427, #4243 ) ;
#4713 = ORIENTED_EDGE ( 'NONE', *, *, #2922, .T. ) ;
#4714 = ORIENTED_EDGE ( 'NONE', *, *, #4758, .T. ) ;
#4715 = DIRECTION ( 'NONE',  ( 0.000000000000000000, -1.000000000000000000, 0.000000000000000000 ) ) ;
#4716 = ORIENTED_EDGE ( 'NONE', *, *, #2202, .F. ) ;
#4717 = VECTOR ( 'NONE', #7214, 1000.000000000000000 ) ;
#4718 = LINE ( 'NONE', #7452, #1544 ) ;
#4719 = EDGE_CURVE ( 'NONE', #7386, #648, #6604, .T. ) ;
#4720 = VECTOR ( 'NONE', #3102, 1000.000000000000000 ) ;
#4721 = EDGE_CURVE ( 'NONE', #8580, #4142, #3972, .T. ) ;
#4722 =( NAMED_UNIT ( * ) PLANE_ANGLE_UNIT ( ) SI_UNIT ( $, .RADIAN. ) );
#4723 = DATE_AND_TIME ( #5437, #1761 ) ;
#4724 = AXIS2_PLACEMENT_3D ( 'NONE', #4033, #626, #6029 ) ;
#4725 = CC_DESIGN_APPROVAL ( #3135, ( #7437 ) ) ;
#4726 = VECTOR ( 'NONE', #4016, 1000.000000000000000 ) ;
#4727 = CC_DESIGN_DATE_AND_TIME_ASSIGNMENT ( #3822, #2116, ( #1846 ) ) ;
#4728 = EDGE_CURVE ( 'NONE', #8271, #3962, #4641, .T. ) ;
#4729 = DIRECTION ( 'NONE',  ( 1.000000000000000000, 0.000000000000000000, 0.000000000000000000 ) ) ;
#4730 = DIRECTION ( 'NONE',  ( 0.000000000000000000, 1.000000000000000000, 0.000000000000000000 ) ) ;
#4731 = DIRECTION ( 'NONE',  ( 0.000000000000000000, 0.000000000000000000, -1.000000000000000000 ) ) ;
#4732 = AXIS2_PLACEMENT_3D ( 'NONE', #2009, #7370, #3974 ) ;
#4733 = DIRECTION ( 'NONE',  ( 1.000000000000000000, 0.000000000000000000, 0.000000000000000000 ) ) ;
#4734 = CC_DESIGN_SECURITY_CLASSIFICATION ( #1755, ( #2322 ) ) ;
#4735 =( GEOMETRIC_REPRESENTATION_CONTEXT ( 3 ) GLOBAL_UNCERTAINTY_ASSIGNED_CONTEXT ( ( #737 ) ) GLOBAL_UNIT_ASSIGNED_CONTEXT ( ( #1696, #3093, #5169 ) ) REPRESENTATION_CONTEXT ( 'NONE', 'WORKASPACE' ) );
#4736 = CARTESIAN_POINT ( 'NONE',  ( -28.50000000000000000, 2.500000000000000000, -60.00000000000000000 ) ) ;
#4737 = CARTESIAN_POINT ( 'NONE',  ( -8.750000000000000000, 2.500000000000000000, 12.75000000000000000 ) ) ;
#4738 = PRODUCT ( 'FN-HAR-009_W1-pv-input_R0.5', 'FN-HAR-009_W1-pv-input_R0.5', '', ( #5392 ) ) ;
#4739 = CALENDAR_DATE ( 2026, 26, 7 ) ;
#4740 = CARTESIAN_POINT ( 'NONE',  ( -3.750000000000000000, 2.500000000000000000, -8.250000000000000000 ) ) ;
#4741 = LOCAL_TIME ( 21, 54, 55.00000000000000000, #4806 ) ;
#4742 = ADVANCED_FACE ( 'NONE', ( #2561 ), #5888, .F. ) ;
#4743 =( GEOMETRIC_REPRESENTATION_CONTEXT ( 3 ) GLOBAL_UNCERTAINTY_ASSIGNED_CONTEXT ( ( #4476 ) ) GLOBAL_UNIT_ASSIGNED_CONTEXT ( ( #2045, #2810, #6814 ) ) REPRESENTATION_CONTEXT ( 'NONE', 'WORKASPACE' ) );
#4744 = CARTESIAN_POINT ( 'NONE',  ( -4.000000000000000000, 0.000000000000000000, -52.00000000000000000 ) ) ;
#4745 = CARTESIAN_POINT ( 'NONE',  ( 23.00000000000000000, 0.000000000000000000, 10.50000000000000000 ) ) ;
#4746 = APPROVAL_PERSON_ORGANIZATION ( #198, #984, #2263 ) ;
#4747 = DIRECTION ( 'NONE',  ( -0.000000000000000000, -1.000000000000000000, -0.000000000000000000 ) ) ;
#4748 = COORDINATED_UNIVERSAL_TIME_OFFSET ( 8, 0, .AHEAD. ) ;
#4749 =( NAMED_UNIT ( * ) PLANE_ANGLE_UNIT ( ) SI_UNIT ( $, .RADIAN. ) );
#4750 = EDGE_LOOP ( 'NONE', ( #420, #6603, #352, #4940 ) ) ;
#4751 = APPLICATION_PROTOCOL_DEFINITION ( 'international standard', 'config_control_design', 1994, #1787 ) ;
#4752 = ORIENTED_EDGE ( 'NONE', *, *, #7802, .T. ) ;
#4753 = ORIENTED_EDGE ( 'NONE', *, *, #8575, .F. ) ;
#4754 = PLANE ( 'NONE',  #5921 ) ;
#4755 = EDGE_CURVE ( 'NONE', #3223, #4142, #3929, .T. ) ;
#4756 = PERSON_AND_ORGANIZATION ( #5260, #6155 ) ;
#4757 = CARTESIAN_POINT ( 'NONE',  ( 57.50000000000000000, 1.600000000000000089, 85.00000000000000000 ) ) ;
#4758 = EDGE_CURVE ( 'NONE', #7390, #3821, #1878, .T. ) ;
#4759 = FACE_OUTER_BOUND ( 'NONE', #1783, .T. ) ;
#4760 = ORIENTED_EDGE ( 'NONE', *, *, #7325, .F. ) ;
#4761 = CARTESIAN_POINT ( 'NONE',  ( 28.50000000000000000, 2.500000000000000000, 44.00000000000000000 ) ) ;
#4762 = CARTESIAN_POINT ( 'NONE',  ( 22.25000000000000000, 18.00000000000000000, -36.00000000000000000 ) ) ;
#4763 = ORGANIZATION ( 'NAUO-ORG7', 'UNSPECIFIED', 'UNSPECIFIED' ) ;
#4764 = APPLICATION_PROTOCOL_DEFINITION ( 'international standard', 'config_control_design', 1994, #6447 ) ;
#4765 = DATE_TIME_ROLE ( 'classification_date' ) ;
#4766 = ORIENTED_EDGE ( 'NONE', *, *, #1797, .T. ) ;
#4767 = EDGE_CURVE ( 'NONE', #1167, #7351, #8732, .T. ) ;
#4768 = DIRECTION ( 'NONE',  ( -0.000000000000000000, -1.000000000000000000, -0.000000000000000000 ) ) ;
#4769 = EDGE_LOOP ( 'NONE', ( #2401, #5785, #1990, #6959 ) ) ;
#4770 = EDGE_CURVE ( 'NONE', #6597, #1561, #8651, .T. ) ;
#4771 = CC_DESIGN_SECURITY_CLASSIFICATION ( #5620, ( #8879 ) ) ;
#4772 = LINE ( 'NONE', #6781, #8100 ) ;
#4773 = FACE_OUTER_BOUND ( 'NONE', #6290, .T. ) ;
#4774 = CALENDAR_DATE ( 2026, 26, 7 ) ;
#4775 = LOCAL_TIME ( 21, 54, 55.00000000000000000, #791 ) ;
#4776 = ORIENTED_EDGE ( 'NONE', *, *, #1178, .F. ) ;
#4777 = PLANE ( 'NONE',  #7021 ) ;
#4778 = CARTESIAN_POINT ( 'NONE',  ( 0.7500000000000006661, 0.000000000000000000, 12.75000000000000000 ) ) ;
#4779 = EDGE_LOOP ( 'NONE', ( #3440, #5606, #2808, #7354 ) ) ;
#4780 = DIRECTION ( 'NONE',  ( 0.000000000000000000, 0.000000000000000000, -1.000000000000000000 ) ) ;
#4781 =( NAMED_UNIT ( * ) SI_UNIT ( $, .STERADIAN. ) SOLID_ANGLE_UNIT ( ) );
#4782 = CC_DESIGN_DATE_AND_TIME_ASSIGNMENT ( #6905, #4765, ( #62 ) ) ;
#4783 = FACE_OUTER_BOUND ( 'NONE', #8162, .T. ) ;
#4784 = FACE_BOUND ( 'NONE', #8721, .T. ) ;
#4785 = APPROVAL_DATE_TIME ( #3371, #3858 ) ;
#4786 = LINE ( 'NONE', #1979, #2741 ) ;
#4787 = PLANE ( 'NONE',  #386 ) ;
#4788 = APPROVAL ( #1791, '未指定' ) ;
#4789 = LINE ( 'NONE', #6754, #6336 ) ;
#4790 = EDGE_CURVE ( 'NONE', #8848, #1649, #6685, .T. ) ;
#4791 = LINE ( 'NONE', #642, #1173 ) ;
#4792 =( REPRESENTATION_RELATIONSHIP ('NONE','NONE', #245, #5209 ) REPRESENTATION_RELATIONSHIP_WITH_TRANSFORMATION ( #2770 )SHAPE_REPRESENTATION_RELATIONSHIP( ) );
#4793 = PERSON_AND_ORGANIZATION_ROLE ( 'classification_officer' ) ;
#4794 = ADVANCED_FACE ( 'NONE', ( #6015 ), #5218, .F. ) ;
#4795 = ORIENTED_EDGE ( 'NONE', *, *, #8037, .T. ) ;
#4796 = ORIENTED_EDGE ( 'NONE', *, *, #5576, .T. ) ;
#4797 = VECTOR ( 'NONE', #4557, 1000.000000000000000 ) ;
#4798 = CARTESIAN_POINT ( 'NONE',  ( -9.500000000000000000, 2.500000000000000000, -19.50000000000000000 ) ) ;
#4799 = LINE ( 'NONE', #6094, #85 ) ;
#4800 = CARTESIAN_POINT ( 'NONE',  ( 54.00000000000000000, 0.000000000000000000, 81.50000000000000000 ) ) ;
#4801 = ORIENTED_EDGE ( 'NONE', *, *, #1116, .T. ) ;
#4802 = CARTESIAN_POINT ( 'NONE',  ( -13.00000000000000000, 2.500000000000000000, 56.00000000000000000 ) ) ;
#4803 = DIRECTION ( 'NONE',  ( 1.000000000000000000, 0.000000000000000000, 0.000000000000000000 ) ) ;
#4804 = CIRCLE ( 'NONE', #1965, 1.750000000000001554 ) ;
#4805 = APPROVAL ( #1707, '未指定' ) ;
#4806 = COORDINATED_UNIVERSAL_TIME_OFFSET ( 8, 0, .AHEAD. ) ;
#4807 = VECTOR ( 'NONE', #8280, 1000.000000000000000 ) ;
#4808 = EDGE_CURVE ( 'NONE', #4285, #6769, #2095, .T. ) ;
#4809 = ORIENTED_EDGE ( 'NONE', *, *, #4435, .F. ) ;
#4810 = EDGE_LOOP ( 'NONE', ( #6929, #4932, #7608, #6628 ) ) ;
#4811 = CARTESIAN_POINT ( 'NONE',  ( 23.00000000000000000, 10.00000000000000000, 10.50000000000000000 ) ) ;
#4812 = ORIENTED_EDGE ( 'NONE', *, *, #1732, .F. ) ;
#4813 = PRODUCT_DEFINITION_SHAPE ( 'NONE', 'NONE',  #8874 ) ;
#4814 = DIRECTION ( 'NONE',  ( 0.000000000000000000, 0.000000000000000000, -1.000000000000000000 ) ) ;
#4815 = VECTOR ( 'NONE', #6346, 1000.000000000000000 ) ;
#4816 = VECTOR ( 'NONE', #6030, 1000.000000000000000 ) ;
#4817 = EDGE_CURVE ( 'NONE', #616, #3823, #4466, .T. ) ;
#4818 = DATE_AND_TIME ( #3486, #2899 ) ;
#4819 = VECTOR ( 'NONE', #4958, 1000.000000000000000 ) ;
#4820 = SHAPE_REPRESENTATION ( 'FN-HAR-013_W5-tilt-rs485_R0.5', ( #7312 ), #5006 ) ;
#4821 = EDGE_CURVE ( 'NONE', #7556, #3379, #3187, .T. ) ;
#4822 = CARTESIAN_POINT ( 'NONE',  ( -9.000000000000000000, 2.500000000000000000, 56.00000000000000000 ) ) ;
#4823 = DIRECTION ( 'NONE',  ( 0.000000000000000000, 0.000000000000000000, 1.000000000000000000 ) ) ;
#4824 = ORIENTED_EDGE ( 'NONE', *, *, #7734, .F. ) ;
#4825 = DIRECTION ( 'NONE',  ( 0.000000000000000000, 0.000000000000000000, 1.000000000000000000 ) ) ;
#4826 = LINE ( 'NONE', #46, #7077 ) ;
#4827 = DIRECTION ( 'NONE',  ( 0.000000000000000000, 0.000000000000000000, -1.000000000000000000 ) ) ;
#4828 = PERSON_AND_ORGANIZATION ( #7398, #4763 ) ;
#4829 = AXIS2_PLACEMENT_3D ( 'NONE', #627, #2059, #2656 ) ;
#4830 = LINE ( 'NONE', #4380, #5298 ) ;
#4831 = LINE ( 'NONE', #5540, #7515 ) ;
#4832 = CIRCLE ( 'NONE', #5931, 1.600000000000004086 ) ;
#4833 = PERSON ( 'NAUO-PER1', 'UNSPECIFIED', 'UNSPECIFIED', ('UNSPECIFIED'), ('UNSPECIFIED'), ('UNSPECIFIED') ) ;
#4834 = CARTESIAN_POINT ( 'NONE',  ( 68.25000000000000000, 28.00000000000000000, 98.50000000000000000 ) ) ;
#4835 = EDGE_CURVE ( 'NONE', #3262, #1728, #7324, .T. ) ;
#4836 = LINE ( 'NONE', #6177, #1595 ) ;
#4837 =( LENGTH_UNIT ( ) NAMED_UNIT ( * ) SI_UNIT ( .MILLI., .METRE. ) );
#4838 = ORIENTED_EDGE ( 'NONE', *, *, #1881, .T. ) ;
#4839 = PERSON_AND_ORGANIZATION ( #5260, #6155 ) ;
#4840 = ORIENTED_EDGE ( 'NONE', *, *, #655, .T. ) ;
#4841 = CC_DESIGN_PERSON_AND_ORGANIZATION_ASSIGNMENT ( #3814, #1809, ( #1323 ) ) ;
#4842 = DIRECTION ( 'NONE',  ( 0.000000000000000000, 1.000000000000000000, 0.000000000000000000 ) ) ;
#4843 = DIRECTION ( 'NONE',  ( -0.000000000000000000, -1.000000000000000000, -0.000000000000000000 ) ) ;
#4844 = PLANE ( 'NONE',  #3316 ) ;
#4845 = VERTEX_POINT ( 'NONE', #6555 ) ;
#4846 = DIRECTION ( 'NONE',  ( 0.000000000000000000, -1.000000000000000000, 0.000000000000000000 ) ) ;
#4847 = DIRECTION ( 'NONE',  ( 0.000000000000000000, 0.000000000000000000, 1.000000000000000000 ) ) ;
#4848 = VERTEX_POINT ( 'NONE', #2468 ) ;
#4849 = DATE_AND_TIME ( #4183, #4881 ) ;
#4850 = VERTEX_POINT ( 'NONE', #531 ) ;
#4851 = PERSON_AND_ORGANIZATION_ROLE ( 'classification_officer' ) ;
#4852 = VERTEX_POINT ( 'NONE', #3274 ) ;
#4853 = SHAPE_REPRESENTATION ( 'FN-BAT-003_battery-envelope_USER-MEASURED_R0.5', ( #7312 ), #4172 ) ;
#4854 = DIRECTION ( 'NONE',  ( 0.000000000000000000, 0.000000000000000000, -1.000000000000000000 ) ) ;
#4855 = ORIENTED_EDGE ( 'NONE', *, *, #3728, .T. ) ;
#4856 = CC_DESIGN_PERSON_AND_ORGANIZATION_ASSIGNMENT ( #571, #4681, ( #316 ) ) ;
#4857 = DIRECTION ( 'NONE',  ( 1.000000000000000000, 0.000000000000000000, -0.000000000000000000 ) ) ;
#4858 = COORDINATED_UNIVERSAL_TIME_OFFSET ( 8, 0, .AHEAD. ) ;
#4859 = DIRECTION ( 'NONE',  ( 0.000000000000000000, 0.000000000000000000, -1.000000000000000000 ) ) ;
#4860 = AXIS2_PLACEMENT_3D ( 'NONE', #7184, #5877, #1075 ) ;
#4861 = CARTESIAN_POINT ( 'NONE',  ( 60.14999999999999858, 7.000000000000000000, 28.84999999999999787 ) ) ;
#4862 = ORIENTED_EDGE ( 'NONE', *, *, #864, .T. ) ;
#4863 = ADVANCED_FACE ( 'NONE', ( #2599 ), #5303, .F. ) ;
#4864 = LINE ( 'NONE', #4025, #6363 ) ;
#4865 = DIRECTION ( 'NONE',  ( 0.000000000000000000, 0.000000000000000000, 1.000000000000000000 ) ) ;
#4866 = CARTESIAN_POINT ( 'NONE',  ( 54.00000000000000000, 3.600000000000000089, 81.50000000000000000 ) ) ;
#4867 = EDGE_CURVE ( 'NONE', #4596, #4901, #8597, .T. ) ;
#4868 = LOCAL_TIME ( 21, 54, 55.00000000000000000, #3730 ) ;
#4869 = DIRECTION ( 'NONE',  ( 0.000000000000000000, -0.000000000000000000, -1.000000000000000000 ) ) ;
#4870 = AXIS2_PLACEMENT_3D ( 'NONE', #4169, #8751, #8197 ) ;
#4871 = PERSON_AND_ORGANIZATION_ROLE ( 'classification_officer' ) ;
#4872 = DIRECTION ( 'NONE',  ( 0.000000000000000000, -0.000000000000000000, -1.000000000000000000 ) ) ;
#4873 = DIRECTION ( 'NONE',  ( -0.000000000000000000, -0.000000000000000000, 1.000000000000000000 ) ) ;
#4874 = EDGE_CURVE ( 'NONE', #257, #2632, #1345, .T. ) ;
#4875 = CC_DESIGN_APPROVAL ( #2742, ( #2910 ) ) ;
#4876 = CIRCLE ( 'NONE', #5439, 3.250000000000002665 ) ;
#4877 = ORIENTED_EDGE ( 'NONE', *, *, #4874, .T. ) ;
#4878 = ADVANCED_FACE ( 'NONE', ( #8263 ), #2135, .F. ) ;
#4879 = CARTESIAN_POINT ( 'NONE',  ( -24.25000000000000000, 2.500000000000000000, -83.00000000000000000 ) ) ;
#4880 = DIRECTION ( 'NONE',  ( 0.000000000000000000, 0.000000000000000000, -1.000000000000000000 ) ) ;
#4881 = LOCAL_TIME ( 21, 54, 55.00000000000000000, #6100 ) ;
#4882 = COORDINATED_UNIVERSAL_TIME_OFFSET ( 8, 0, .AHEAD. ) ;
#4883 = EDGE_LOOP ( 'NONE', ( #6246, #4824, #1658, #6391 ) ) ;
#4884 = DIRECTION ( 'NONE',  ( 0.000000000000000000, 0.000000000000000000, -1.000000000000000000 ) ) ;
#4885 = PRODUCT_DEFINITION_SHAPE ( 'NONE', 'NONE',  #8864 ) ;
#4886 = DIRECTION ( 'NONE',  ( 1.000000000000000000, 0.000000000000000000, 0.000000000000000000 ) ) ;
#4887 = SECURITY_CLASSIFICATION ( '', '', #3992 ) ;
#4888 = CARTESIAN_POINT ( 'NONE',  ( 0.000000000000000000, 0.000000000000000000, 0.000000000000000000 ) ) ;
#4889 = ORIENTED_EDGE ( 'NONE', *, *, #8175, .T. ) ;
#4890 = LINE ( 'NONE', #1014, #3308 ) ;
#4891 = CC_DESIGN_PERSON_AND_ORGANIZATION_ASSIGNMENT ( #8213, #73, ( #6334 ) ) ;
#4892 = DATE_TIME_ROLE ( 'creation_date' ) ;
#4893 = ADVANCED_FACE ( 'NONE', ( #6912 ), #1387, .F. ) ;
#4894 = ORIENTED_EDGE ( 'NONE', *, *, #4790, .F. ) ;
#4895 = CALENDAR_DATE ( 2026, 26, 7 ) ;
#4896 = ORIENTED_EDGE ( 'NONE', *, *, #1329, .F. ) ;
#4897 = EDGE_LOOP ( 'NONE', ( #26, #3132, #5201, #8390 ) ) ;
#4898 = APPROVAL_PERSON_ORGANIZATION ( #6657, #3061, #8190 ) ;
#4899 = EDGE_LOOP ( 'NONE', ( #133, #3269, #5881, #3138 ) ) ;
#4900 = DIRECTION ( 'NONE',  ( 0.000000000000000000, -1.000000000000000000, 0.000000000000000000 ) ) ;
#4901 = VERTEX_POINT ( 'NONE', #2729 ) ;
#4902 = LINE ( 'NONE', #1605, #1270 ) ;
#4903 = CC_DESIGN_APPROVAL ( #3061, ( #7758 ) ) ;
#4904 = EDGE_CURVE ( 'NONE', #3823, #5412, #4194, .T. ) ;
#4905 = PERSON_AND_ORGANIZATION ( #5260, #6155 ) ;
#4906 = ORIENTED_EDGE ( 'NONE', *, *, #1976, .T. ) ;
#4907 = VERTEX_POINT ( 'NONE', #811 ) ;
#4908 = LINE ( 'NONE', #1527, #2631 ) ;
#4909 = LOCAL_TIME ( 21, 54, 55.00000000000000000, #1622 ) ;
#4910 = CARTESIAN_POINT ( 'NONE',  ( 60.14999999999999858, 7.000000000000000000, 81.75000000000000000 ) ) ;
#4911 = ORIENTED_EDGE ( 'NONE', *, *, #7253, .T. ) ;
#4912 = CARTESIAN_POINT ( 'NONE',  ( -54.00000000000000000, 0.000000000000000000, 81.50000000000000000 ) ) ;
#4913 = APPLICATION_CONTEXT ( 'configuration controlled 3d designs of mechanical parts and assemblies' ) ;
#4914 = CIRCLE ( 'NONE', #8368, 1.750000000000005107 ) ;
#4915 = CC_DESIGN_SECURITY_CLASSIFICATION ( #8202, ( #8878 ) ) ;
#4916 = CARTESIAN_POINT ( 'NONE',  ( -21.25000000000000000, 2.500000000000000000, -6.500000000000000000 ) ) ;
#4917 = PERSON_AND_ORGANIZATION_ROLE ( 'classification_officer' ) ;
#4918 = EDGE_CURVE ( 'NONE', #7037, #2771, #3523, .T. ) ;
#4919 = VECTOR ( 'NONE', #2675, 1000.000000000000000 ) ;
#4920 = ITEM_DEFINED_TRANSFORMATION ( 'NONE', 'NONE', #1481,  #7312 ) ;
#4921 = ADVANCED_FACE ( 'NONE', ( #2052 ), #7580, .F. ) ;
#4922 = DIRECTION ( 'NONE',  ( -1.000000000000000000, -0.000000000000000000, -0.000000000000000000 ) ) ;
#4923 = DIRECTION ( 'NONE',  ( 0.000000000000000000, 0.000000000000000000, -1.000000000000000000 ) ) ;
#4924 = CIRCLE ( 'NONE', #2659, 1.799999999999999600 ) ;
#4925 = EDGE_LOOP ( 'NONE', ( #1565, #164, #2831, #1367 ) ) ;
#4926 = CARTESIAN_POINT ( 'NONE',  ( -39.00000000000000000, 5.000000000000000000, -20.75000000000000355 ) ) ;
#4927 = DIRECTION ( 'NONE',  ( 1.000000000000000000, 0.000000000000000000, 0.000000000000000000 ) ) ;
#4929 = VERTEX_POINT ( 'NONE', #4064 ) ;
#4928 = ADVANCED_FACE ( 'NONE', ( #3483 ), #5483, .F. ) ;
#4930 = CIRCLE ( 'NONE', #8667, 1.600000000000004086 ) ;
#4931 = PERSON_AND_ORGANIZATION_ROLE ( 'creator' ) ;
#4932 = ORIENTED_EDGE ( 'NONE', *, *, #2777, .F. ) ;
#4933 = DIRECTION ( 'NONE',  ( 0.000000000000000000, -1.000000000000000000, 0.000000000000000000 ) ) ;
#4934 = CARTESIAN_POINT ( 'NONE',  ( 39.00000000000000000, 3.000000000000000000, 20.75000000000000355 ) ) ;
#4935 = FACE_OUTER_BOUND ( 'NONE', #7591, .T. ) ;
#4936 = VERTEX_POINT ( 'NONE', #117 ) ;
#4937 = LINE ( 'NONE', #7663, #5002 ) ;
#4938 = DATE_TIME_ROLE ( 'classification_date' ) ;
#4939 = CALENDAR_DATE ( 2026, 26, 7 ) ;
#4940 = ORIENTED_EDGE ( 'NONE', *, *, #2337, .T. ) ;
#4941 = CIRCLE ( 'NONE', #6788, 1.750000000000001554 ) ;
#4942 = COORDINATED_UNIVERSAL_TIME_OFFSET ( 8, 0, .AHEAD. ) ;
#4943 = EDGE_LOOP ( 'NONE', ( #6097, #3139, #4994, #111 ) ) ;
#4944 = ORIENTED_EDGE ( 'NONE', *, *, #7916, .T. ) ;
#4945 = PLANE ( 'NONE',  #3501 ) ;
#4946 = VERTEX_POINT ( 'NONE', #2864 ) ;
#4947 = CARTESIAN_POINT ( 'NONE',  ( 9.500000000000000000, 2.500000000000000000, 1.500000000000000000 ) ) ;
#4948 = ADVANCED_BREP_SHAPE_REPRESENTATION ( '', ( #8391, #7312 ), #7171 ) ;
#4949 = AXIS2_PLACEMENT_3D ( 'NONE', #2703, #2110, #4211 ) ;
#4950 = EDGE_CURVE ( 'NONE', #3095, #2414, #4772, .T. ) ;
#4951 = SHAPE_REPRESENTATION_RELATIONSHIP ( 'NONE' , 'NONE' ,  #4236, #5684 ) ;
#4952 = DATE_AND_TIME ( #4241, #768 ) ;
#4953 = EDGE_LOOP ( 'NONE', ( #395, #1950, #1614, #5123 ) ) ;
#4954 = LINE ( 'NONE', #2326, #7316 ) ;
#4955 = CC_DESIGN_PERSON_AND_ORGANIZATION_ASSIGNMENT ( #7668, #1645, ( #1624 ) ) ;
#4956 = CARTESIAN_POINT ( 'NONE',  ( 3.500000000000003109, 0.000000000000000000, -7.750000000000000000 ) ) ;
#4957 = ORIENTED_EDGE ( 'NONE', *, *, #7575, .F. ) ;
#4958 = DIRECTION ( 'NONE',  ( 1.000000000000000000, 0.000000000000000000, 0.000000000000000000 ) ) ;
#4959 = CARTESIAN_POINT ( 'NONE',  ( -20.25000000000000000, 2.500000000000000000, 66.00000000000000000 ) ) ;
#4960 = ORIENTED_EDGE ( 'NONE', *, *, #6067, .F. ) ;
#4961 = DIRECTION ( 'NONE',  ( 0.000000000000000000, 0.000000000000000000, 1.000000000000000000 ) ) ;
#4962 = CALENDAR_DATE ( 2026, 26, 7 ) ;
#4963 = PRODUCT ( 'FN-ZON-003_fuse-service-disconnect_R0.5', 'FN-ZON-003_fuse-service-disconnect_R0.5', '', ( #6506 ) ) ;
#4964 = VECTOR ( 'NONE', #7463, 1000.000000000000000 ) ;
#4965 = CIRCLE ( 'NONE', #2834, 1.750000000000001554 ) ;
#4966 = COORDINATED_UNIVERSAL_TIME_OFFSET ( 8, 0, .AHEAD. ) ;
#4967 = DIRECTION ( 'NONE',  ( -0.000000000000000000, -0.000000000000000000, 1.000000000000000000 ) ) ;
#4968 = LINE ( 'NONE', #3715, #690 ) ;
#4969 = VERTEX_POINT ( 'NONE', #8083 ) ;
#4970 = CC_DESIGN_PERSON_AND_ORGANIZATION_ASSIGNMENT ( #2260, #7664, ( #7300 ) ) ;
#4971 = CARTESIAN_POINT ( 'NONE',  ( -33.00000000000000000, 0.000000000000000000, -30.50000000000000000 ) ) ;
#4972 = FACE_BOUND ( 'NONE', #2975, .T. ) ;
#4973 =( NAMED_UNIT ( * ) SI_UNIT ( $, .STERADIAN. ) SOLID_ANGLE_UNIT ( ) );
#4974 = APPLICATION_PROTOCOL_DEFINITION ( 'international standard', 'config_control_design', 1994, #1315 ) ;
#4975 = ORIENTED_EDGE ( 'NONE', *, *, #4637, .F. ) ;
#4976 = DIRECTION ( 'NONE',  ( 1.000000000000000000, 0.000000000000000000, 0.000000000000000000 ) ) ;
#4977 = EDGE_CURVE ( 'NONE', #3017, #4446, #6733, .T. ) ;
#4978 = LINE ( 'NONE', #6314, #6247 ) ;
#4979 = VERTEX_POINT ( 'NONE', #7404 ) ;
#4980 = PLANE ( 'NONE',  #7289 ) ;
#4981 = SECURITY_CLASSIFICATION_LEVEL ( 'unclassified' ) ;
#4982 = ADVANCED_FACE ( 'NONE', ( #1294 ), #621, .F. ) ;
#4983 = DATE_AND_TIME ( #3556, #5599 ) ;
#4984 = ITEM_DEFINED_TRANSFORMATION ( 'NONE', 'NONE', #770,  #7312 ) ;
#4985 = VERTEX_POINT ( 'NONE', #2005 ) ;
#4986 = VECTOR ( 'NONE', #5141, 1000.000000000000000 ) ;
#4987 = CARTESIAN_POINT ( 'NONE',  ( -54.00000000000000000, 1.599999999999999867, -81.50000000000000000 ) ) ;
#4988 = ORIENTED_EDGE ( 'NONE', *, *, #4977, .F. ) ;
#4989 = FACE_OUTER_BOUND ( 'NONE', #5569, .T. ) ;
#4990 = MECHANICAL_CONTEXT ( 'NONE', #7299, 'mechanical' ) ;
#4991 = ORIENTED_EDGE ( 'NONE', *, *, #3721, .F. ) ;
#4992 = DIRECTION ( 'NONE',  ( -1.000000000000000000, 0.000000000000000000, 0.000000000000000000 ) ) ;
#4993 = LINE ( 'NONE', #2233, #274 ) ;
#4994 = ORIENTED_EDGE ( 'NONE', *, *, #512, .F. ) ;
#4995 = CARTESIAN_POINT ( 'NONE',  ( 60.00000000000000000, 28.00000000000000000, 119.4500000000000028 ) ) ;
#4996 = LINE ( 'NONE', #4249, #2981 ) ;
#4997 = LINE ( 'NONE', #3576, #5014 ) ;
#4998 = DATE_TIME_ROLE ( 'creation_date' ) ;
#4999 = APPROVAL ( #3166, '未指定' ) ;
#5000 = VECTOR ( 'NONE', #8666, 1000.000000000000000 ) ;
#5001 = PERSON_AND_ORGANIZATION_ROLE ( 'classification_officer' ) ;
#5002 = VECTOR ( 'NONE', #1553, 1000.000000000000000 ) ;
#5003 = CARTESIAN_POINT ( 'NONE',  ( 19.00000000000000000, 0.000000000000000000, 9.000000000000000000 ) ) ;
#5004 = DIRECTION ( 'NONE',  ( 1.000000000000000000, 0.000000000000000000, 0.000000000000000000 ) ) ;
#5005 = EDGE_LOOP ( 'NONE', ( #705, #1083 ) ) ;
#5006 =( GEOMETRIC_REPRESENTATION_CONTEXT ( 3 ) GLOBAL_UNCERTAINTY_ASSIGNED_CONTEXT ( ( #8706 ) ) GLOBAL_UNIT_ASSIGNED_CONTEXT ( ( #7743, #3636, #7699 ) ) REPRESENTATION_CONTEXT ( 'NONE', 'WORKASPACE' ) );
#5007 = VECTOR ( 'NONE', #8800, 1000.000000000000000 ) ;
#5008 = DIRECTION ( 'NONE',  ( 0.000000000000000000, 0.000000000000000000, -1.000000000000000000 ) ) ;
#5009 = CARTESIAN_POINT ( 'NONE',  ( 6.000000000000000000, 6.000000000000000000, -6.000000000000000000 ) ) ;
#5010 = PERSON_AND_ORGANIZATION_ROLE ( 'design_owner' ) ;
#5011 = EDGE_CURVE ( 'NONE', #447, #6671, #4718, .T. ) ;
#5012 = PLANE ( 'NONE',  #6566 ) ;
#5013 = APPROVAL_PERSON_ORGANIZATION ( #6903, #4300, #71 ) ;
#5014 = VECTOR ( 'NONE', #4340, 1000.000000000000000 ) ;
#5015 = CARTESIAN_POINT ( 'NONE',  ( 60.14999999999999858, 0.000000000000000000, 32.35000000000000142 ) ) ;
#5016 = VECTOR ( 'NONE', #3676, 1000.000000000000000 ) ;
#5017 = LINE ( 'NONE', #104, #7071 ) ;
#5018 = ORIENTED_EDGE ( 'NONE', *, *, #4719, .T. ) ;
#5019 = LOCAL_TIME ( 21, 54, 55.00000000000000000, #672 ) ;
#5020 = FACE_OUTER_BOUND ( 'NONE', #6630, .T. ) ;
#5021 = CALENDAR_DATE ( 2026, 26, 7 ) ;
#5022 = DATE_AND_TIME ( #8303, #8485 ) ;
#5023 = DATE_TIME_ROLE ( 'classification_date' ) ;
#5024 = ORIENTED_EDGE ( 'NONE', *, *, #3847, .F. ) ;
#5025 = CC_DESIGN_PERSON_AND_ORGANIZATION_ASSIGNMENT ( #5382, #4709, ( #6062 ) ) ;
#5026 = EDGE_CURVE ( 'NONE', #5122, #6277, #6107, .T. ) ;
#5027 = PRODUCT_DEFINITION_FORMATION_WITH_SPECIFIED_SOURCE ( '任何', '', #8247, .NOT_KNOWN. ) ;
#5028 = AXIS2_PLACEMENT_3D ( 'NONE', #8134, #6833, #5575 ) ;
#5029 = DIRECTION ( 'NONE',  ( 0.000000000000000000, 0.000000000000000000, -1.000000000000000000 ) ) ;
#5030 = ORIENTED_EDGE ( 'NONE', *, *, #4602, .F. ) ;
#5031 = PRODUCT_DEFINITION_SHAPE ( 'NONE', 'NONE',  #8868 ) ;
#5032 = DIRECTION ( 'NONE',  ( 0.000000000000000000, 1.000000000000000000, 0.000000000000000000 ) ) ;
#5033 = DIRECTION ( 'NONE',  ( -0.000000000000000000, -0.000000000000000000, 1.000000000000000000 ) ) ;
#5034 = LOCAL_TIME ( 21, 54, 55.00000000000000000, #7557 ) ;
#5035 = COORDINATED_UNIVERSAL_TIME_OFFSET ( 8, 0, .AHEAD. ) ;
#5036 = EDGE_CURVE ( 'NONE', #7012, #7122, #6152, .T. ) ;
#5037 = ORIENTED_EDGE ( 'NONE', *, *, #5255, .T. ) ;
#5038 = ORIENTED_EDGE ( 'NONE', *, *, #3088, .T. ) ;
#5039 = EDGE_CURVE ( 'NONE', #2389, #4845, #2775, .T. ) ;
#5040 = DIRECTION ( 'NONE',  ( 0.000000000000000000, 0.000000000000000000, -1.000000000000000000 ) ) ;
#5041 = CARTESIAN_POINT ( 'NONE',  ( 21.25000000000000000, 2.500000000000000000, 6.500000000000000000 ) ) ;
#5042 = ORIENTED_EDGE ( 'NONE', *, *, #5139, .T. ) ;
#5043 = LOCAL_TIME ( 21, 54, 55.00000000000000000, #5402 ) ;
#5044 = FACE_OUTER_BOUND ( 'NONE', #2398, .T. ) ;
#5045 = LINE ( 'NONE', #3666, #2109 ) ;
#5046 = CARTESIAN_POINT ( 'NONE',  ( 0.000000000000000000, 0.000000000000000000, 0.000000000000000000 ) ) ;
#5047 = APPROVAL_DATE_TIME ( #1040, #4805 ) ;
#5048 = CC_DESIGN_APPROVAL ( #1243, ( #6042 ) ) ;
#5049 = APPROVAL_DATE_TIME ( #565, #7293 ) ;
#5050 = LINE ( 'NONE', #131, #7420 ) ;
#5051 = ADVANCED_FACE ( 'NONE', ( #7537 ), #6865, .F. ) ;
#5052 = DIRECTION ( 'NONE',  ( -0.000000000000000000, -1.000000000000000000, -0.000000000000000000 ) ) ;
#5053 = ORIENTED_EDGE ( 'NONE', *, *, #1272, .T. ) ;
#5054 = APPROVAL ( #5114, 'UNKNOWN' ) ;
#5055 = CC_DESIGN_APPROVAL ( #4128, ( #5620 ) ) ;
#5056 = PLANE ( 'NONE',  #6262 ) ;
#5057 = DIRECTION ( 'NONE',  ( 0.000000000000000000, 0.000000000000000000, -1.000000000000000000 ) ) ;
#5058 = EDGE_CURVE ( 'NONE', #2727, #2917, #3698, .T. ) ;
#5059 = DATE_AND_TIME ( #7700, #1053 ) ;
#5060 = ORIENTED_EDGE ( 'NONE', *, *, #3977, .F. ) ;
#5061 = PLANE ( 'NONE',  #2533 ) ;
#5062 = CC_DESIGN_PERSON_AND_ORGANIZATION_ASSIGNMENT ( #2991, #4272, ( #1621 ) ) ;
#5063 = EDGE_CURVE ( 'NONE', #5366, #2225, #4364, .T. ) ;
#5064 = LINE ( 'NONE', #1588, #2215 ) ;
#5065 = EDGE_LOOP ( 'NONE', ( #6040, #2449, #7906, #6132 ) ) ;
#5066 = ADVANCED_FACE ( 'NONE', ( #5613 ), #7004, .F. ) ;
#5067 = CARTESIAN_POINT ( 'NONE',  ( -24.25000000000000000, 2.500000000000000000, -72.00000000000000000 ) ) ;
#5068 = APPROVAL_STATUS ( 'not_yet_approved' ) ;
#5069 = CIRCLE ( 'NONE', #4358, 3.250000000000002665 ) ;
#5070 = ORIENTED_EDGE ( 'NONE', *, *, #5352, .T. ) ;
#5071 = PERSON_AND_ORGANIZATION ( #5260, #6155 ) ;
#5072 = EDGE_LOOP ( 'NONE', ( #2903, #5341, #3935, #6572 ) ) ;
#5073 = CONTEXT_DEPENDENT_SHAPE_REPRESENTATION ( #2177, #8041 ) ;
#5074 = ORIENTED_EDGE ( 'NONE', *, *, #314, .T. ) ;
#5075 = DIRECTION ( 'NONE',  ( -0.000000000000000000, -1.000000000000000000, -0.000000000000000000 ) ) ;
#5076 = EDGE_LOOP ( 'NONE', ( #8728, #4088, #2626, #2909, #1485, #7869, #931, #2361 ) ) ;
#5077 = CYLINDRICAL_SURFACE ( 'NONE', #8570, 1.750000000000001554 ) ;
#5078 = APPROVAL ( #5779, '未指定' ) ;
#5079 = CARTESIAN_POINT ( 'NONE',  ( -9.500000000000000000, 0.000000000000000000, 4.500000000000000000 ) ) ;
#5080 = PERSON_AND_ORGANIZATION ( #5260, #6155 ) ;
#5081 = ORIENTED_EDGE ( 'NONE', *, *, #6226, .F. ) ;
#5082 = APPLICATION_CONTEXT ( 'configuration controlled 3d designs of mechanical parts and assemblies' ) ;
#5083 = EDGE_LOOP ( 'NONE', ( #5332, #3530, #7126, #3355 ) ) ;
#5084 = PLANE ( 'NONE',  #364 ) ;
#5085 = AXIS2_PLACEMENT_3D ( 'NONE', #4248, #7686, #6963 ) ;
#5086 = LINE ( 'NONE', #8320, #2580 ) ;
#5087 = ORIENTED_EDGE ( 'NONE', *, *, #171, .F. ) ;
#5088 = PLANE ( 'NONE',  #7960 ) ;
#5089 = EDGE_CURVE ( 'NONE', #6863, #7037, #4902, .T. ) ;
#5090 = CARTESIAN_POINT ( 'NONE',  ( -136.0000000000000000, 5.000000000000000000, -96.50000000000000000 ) ) ;
#5091 = APPROVAL_DATE_TIME ( #7198, #8549 ) ;
#5092 = EDGE_CURVE ( 'NONE', #826, #1285, #2120, .T. ) ;
#5093 = DATE_AND_TIME ( #5131, #8791 ) ;
#5094 = DIRECTION ( 'NONE',  ( 0.000000000000000000, 0.000000000000000000, 1.000000000000000000 ) ) ;
#5095 = CARTESIAN_POINT ( 'NONE',  ( -60.14999999999999858, 0.000000000000000000, 78.25000000000000000 ) ) ;
#5096 = CARTESIAN_POINT ( 'NONE',  ( -36.00000000000000000, 0.000000000000000000, 33.50000000000000000 ) ) ;
#5097 = ORIENTED_EDGE ( 'NONE', *, *, #7714, .F. ) ;
#5098 = DIRECTION ( 'NONE',  ( 0.000000000000000000, -1.000000000000000000, 0.000000000000000000 ) ) ;
#5099 = VECTOR ( 'NONE', #5269, 1000.000000000000000 ) ;
#5100 = CARTESIAN_POINT ( 'NONE',  ( 60.14999999999999858, 5.000000000000000000, -28.84999999999999787 ) ) ;
#5101 = PERSON_AND_ORGANIZATION_ROLE ( 'design_supplier' ) ;
#5102 = SHAPE_REPRESENTATION ( 'FN-HAR-016_W8-xls1-rf_R0.5', ( #7312 ), #906 ) ;
#5103 = ORIENTED_EDGE ( 'NONE', *, *, #3442, .F. ) ;
#5104 = DIRECTION ( 'NONE',  ( 0.000000000000000000, 0.000000000000000000, -1.000000000000000000 ) ) ;
#5105 = DESIGN_CONTEXT ( 'detailed design', #3110, 'design' ) ;
#5106 = EDGE_CURVE ( 'NONE', #5253, #1029, #8450, .T. ) ;
#5107 = LINE ( 'NONE', #1060, #7222 ) ;
#5108 = CARTESIAN_POINT ( 'NONE',  ( -60.14999999999999858, 0.000000000000000000, -80.00000000000000000 ) ) ;
#5109 = DATE_AND_TIME ( #2400, #2750 ) ;
#5110 = ORIENTED_EDGE ( 'NONE', *, *, #1715, .F. ) ;
#5111 = APPROVAL_DATE_TIME ( #5913, #8695 ) ;
#5112 = APPROVAL ( #597, '未指定' ) ;
#5113 = VERTEX_POINT ( 'NONE', #6412 ) ;
#5114 = APPROVAL_STATUS ( 'not_yet_approved' ) ;
#5115 = ORIENTED_EDGE ( 'NONE', *, *, #5678, .T. ) ;
#5116 = CARTESIAN_POINT ( 'NONE',  ( -54.00000000000000000, 0.000000000000000000, -79.90000000000000568 ) ) ;
#5117 = VERTEX_POINT ( 'NONE', #290 ) ;
#5118 = CARTESIAN_POINT ( 'NONE',  ( -23.00000000000000000, 10.00000000000000000, 10.50000000000000000 ) ) ;
#5119 = LINE ( 'NONE', #2320, #7246 ) ;
#5120 = AXIS2_PLACEMENT_3D ( 'NONE', #1351, #5490, #2694 ) ;
#5121 = PERSON_AND_ORGANIZATION_ROLE ( 'creator' ) ;
#5122 = VERTEX_POINT ( 'NONE', #341 ) ;
#5123 = ORIENTED_EDGE ( 'NONE', *, *, #2238, .F. ) ;
#5124 = DIRECTION ( 'NONE',  ( 0.000000000000000000, -1.000000000000000000, 0.000000000000000000 ) ) ;
#5125 = CC_DESIGN_DATE_AND_TIME_ASSIGNMENT ( #1968, #2522, ( #2910 ) ) ;
#5126 = CARTESIAN_POINT ( 'NONE',  ( -1.000000000000000000, 0.000000000000000000, 12.25000000000000000 ) ) ;
#5127 = ORIENTED_EDGE ( 'NONE', *, *, #3898, .T. ) ;
#5128 = DIRECTION ( 'NONE',  ( -1.000000000000000000, 0.000000000000000000, -0.000000000000000000 ) ) ;
#5129 = CYLINDRICAL_SURFACE ( 'NONE', #5585, 1.799999999999999600 ) ;
#5130 = PERSON_AND_ORGANIZATION_ROLE ( 'creator' ) ;
#5131 = CALENDAR_DATE ( 2026, 26, 7 ) ;
#5132 = VECTOR ( 'NONE', #4155, 1000.000000000000000 ) ;
#5133 = CARTESIAN_POINT ( 'NONE',  ( -23.00000000000000000, 10.00000000000000000, -10.50000000000000000 ) ) ;
#5134 = ADVANCED_FACE ( 'NONE', ( #8502 ), #5077, .F. ) ;
#5135 = FACE_BOUND ( 'NONE', #431, .T. ) ;
#5136 = ADVANCED_FACE ( 'NONE', ( #4989 ), #5657, .T. ) ;
#5137 = DIRECTION ( 'NONE',  ( -1.000000000000000000, -0.000000000000000000, -0.000000000000000000 ) ) ;
#5138 = EDGE_LOOP ( 'NONE', ( #1022, #6466, #7854, #3959 ) ) ;
#5139 = EDGE_CURVE ( 'NONE', #657, #6549, #4239, .T. ) ;
#5140 = AXIS2_PLACEMENT_3D ( 'NONE', #6170, #2701, #5404 ) ;
#5141 = DIRECTION ( 'NONE',  ( 0.000000000000000000, -1.000000000000000000, 0.000000000000000000 ) ) ;
#5142 = VECTOR ( 'NONE', #1185, 1000.000000000000000 ) ;
#5143 = FACE_OUTER_BOUND ( 'NONE', #4226, .T. ) ;
#5144 = VECTOR ( 'NONE', #2718, 1000.000000000000000 ) ;
#5145 = DATE_AND_TIME ( #3902, #6471 ) ;
#5146 = LINE ( 'NONE', #3159, #4291 ) ;
#5147 = EDGE_CURVE ( 'NONE', #872, #3785, #5741, .T. ) ;
#5148 = DIRECTION ( 'NONE',  ( 0.000000000000000000, 0.000000000000000000, -1.000000000000000000 ) ) ;
#5149 = EDGE_CURVE ( 'NONE', #1029, #4355, #1522, .T. ) ;
#5150 = VECTOR ( 'NONE', #5270, 1000.000000000000000 ) ;
#5151 = VECTOR ( 'NONE', #1416, 1000.000000000000000 ) ;
#5152 = DIRECTION ( 'NONE',  ( 0.000000000000000000, -1.000000000000000000, 0.000000000000000000 ) ) ;
#5153 = CARTESIAN_POINT ( 'NONE',  ( 6.000000000000000000, 6.000000000000000000, -6.000000000000000000 ) ) ;
#5154 = CALENDAR_DATE ( 2026, 26, 7 ) ;
#5155 = VERTEX_POINT ( 'NONE', #2227 ) ;
#5156 = APPROVAL_PERSON_ORGANIZATION ( #2402, #7087, #5864 ) ;
#5157 = APPROVAL_STATUS ( 'not_yet_approved' ) ;
#5158 = CIRCLE ( 'NONE', #3184, 8.250000000000014211 ) ;
#5159 = ORIENTED_EDGE ( 'NONE', *, *, #8781, .F. ) ;
#5160 = DATE_AND_TIME ( #2629, #207 ) ;
#5161 = ORIENTED_EDGE ( 'NONE', *, *, #1502, .F. ) ;
#5162 = DIRECTION ( 'NONE',  ( -0.000000000000000000, -0.000000000000000000, 1.000000000000000000 ) ) ;
#5163 = ORIENTED_EDGE ( 'NONE', *, *, #5726, .F. ) ;
#5164 = LOCAL_TIME ( 21, 54, 55.00000000000000000, #7065 ) ;
#5165 = CC_DESIGN_DATE_AND_TIME_ASSIGNMENT ( #2791, #543, ( #6183 ) ) ;
#5166 = CARTESIAN_POINT ( 'NONE',  ( 0.000000000000000000, 40.00000000000000000, 0.000000000000000000 ) ) ;
#5167 = EDGE_CURVE ( 'NONE', #1516, #2377, #2181, .T. ) ;
#5168 = CARTESIAN_POINT ( 'NONE',  ( 23.00000000000000000, 10.00000000000000000, 10.50000000000000000 ) ) ;
#5169 =( NAMED_UNIT ( * ) SI_UNIT ( $, .STERADIAN. ) SOLID_ANGLE_UNIT ( ) );
#5170 = APPLICATION_PROTOCOL_DEFINITION ( 'international standard', 'config_control_design', 1994, #8820 ) ;
#5171 = VERTEX_POINT ( 'NONE', #1023 ) ;
#5172 = APPROVAL_PERSON_ORGANIZATION ( #4673, #7852, #3476 ) ;
#5173 = ORIENTED_EDGE ( 'NONE', *, *, #5401, .T. ) ;
#5174 = DIRECTION ( 'NONE',  ( -0.000000000000000000, -1.000000000000000000, 0.000000000000000000 ) ) ;
#5175 = FACE_OUTER_BOUND ( 'NONE', #19, .T. ) ;
#5176 = EDGE_LOOP ( 'NONE', ( #8530, #8408, #8558, #7623 ) ) ;
#5177 = CARTESIAN_POINT ( 'NONE',  ( -1.750000000000000000, 0.000000000000000000, 10.50000000000000000 ) ) ;
#5178 = LOCAL_TIME ( 21, 54, 55.00000000000000000, #3339 ) ;
#5179 = EDGE_CURVE ( 'NONE', #5736, #5593, #3694, .T. ) ;
#5180 = LINE ( 'NONE', #7910, #8164 ) ;
#5181 = SHAPE_DEFINITION_REPRESENTATION ( #6238, #7275 ) ;
#5182 = DIRECTION ( 'NONE',  ( 0.000000000000000000, 0.000000000000000000, -1.000000000000000000 ) ) ;
#5183 = CC_DESIGN_SECURITY_CLASSIFICATION ( #6183, ( #8864 ) ) ;
#5184 = FACE_OUTER_BOUND ( 'NONE', #2544, .T. ) ;
#5185 = CARTESIAN_POINT ( 'NONE',  ( -13.00000000000000000, 2.500000000000000000, 56.00000000000000000 ) ) ;
#5186 = ORIENTED_EDGE ( 'NONE', *, *, #7273, .F. ) ;
#5187 = CARTESIAN_POINT ( 'NONE',  ( -20.00000000000000000, 2.500000000000000000, -60.00000000000000000 ) ) ;
#5188 = CC_DESIGN_DATE_AND_TIME_ASSIGNMENT ( #2541, #8627, ( #2693 ) ) ;
#5189 = SECURITY_CLASSIFICATION ( '', '', #2813 ) ;
#5190 = CARTESIAN_POINT ( 'NONE',  ( 25.50000000000000000, 0.000000000000000000, 60.00000000000000000 ) ) ;
#5191 = EDGE_CURVE ( 'NONE', #3273, #2118, #249, .T. ) ;
#5192 = COORDINATED_UNIVERSAL_TIME_OFFSET ( 8, 0, .AHEAD. ) ;
#5193 = LINE ( 'NONE', #7249, #1 ) ;
#5194 = DIRECTION ( 'NONE',  ( -0.000000000000000000, -0.000000000000000000, 1.000000000000000000 ) ) ;
#5195 = APPROVAL_PERSON_ORGANIZATION ( #7533, #3326, #806 ) ;
#5196 = LINE ( 'NONE', #328, #8524 ) ;
#5197 = EDGE_CURVE ( 'NONE', #5366, #422, #702, .T. ) ;
#5198 = DIRECTION ( 'NONE',  ( -0.000000000000000000, -0.000000000000000000, 1.000000000000000000 ) ) ;
#5199 = DATE_AND_TIME ( #3164, #4868 ) ;
#5200 = PERSON_AND_ORGANIZATION ( #5260, #6155 ) ;
#5201 = ORIENTED_EDGE ( 'NONE', *, *, #4835, .F. ) ;
#5202 = APPROVAL_ROLE ( '' ) ;
#5203 = ORIENTED_EDGE ( 'NONE', *, *, #6443, .T. ) ;
#5204 = VERTEX_POINT ( 'NONE', #4947 ) ;
#5205 = DIRECTION ( 'NONE',  ( -0.000000000000000000, -1.000000000000000000, -0.000000000000000000 ) ) ;
#5206 = VERTEX_POINT ( 'NONE', #2319 ) ;
#5207 = VECTOR ( 'NONE', #8763, 1000.000000000000000 ) ;
#5208 = CARTESIAN_POINT ( 'NONE',  ( -60.00000000000000000, 0.000000000000000000, 42.50000000000000000 ) ) ;
#5209 = SHAPE_REPRESENTATION ( 'FN-ZON-003_fuse-service-disconnect_R0.5', ( #7312 ), #4735 ) ;
#5210 = AXIS2_PLACEMENT_3D ( 'NONE', #2166, #3642, #2985 ) ;
#5211 = DIRECTION ( 'NONE',  ( 0.000000000000000000, -1.000000000000000000, 0.000000000000000000 ) ) ;
#5212 =( NAMED_UNIT ( * ) PLANE_ANGLE_UNIT ( ) SI_UNIT ( $, .RADIAN. ) );
#5213 = APPROVAL_STATUS ( 'not_yet_approved' ) ;
#5214 = EDGE_LOOP ( 'NONE', ( #2711, #1008 ) ) ;
#5215 = DIRECTION ( 'NONE',  ( -0.000000000000000000, -0.000000000000000000, 1.000000000000000000 ) ) ;
#5216 = CARTESIAN_POINT ( 'NONE',  ( 28.50000000000000000, 0.000000000000000000, 44.00000000000000000 ) ) ;
#5217 = VERTEX_POINT ( 'NONE', #4280 ) ;
#5218 = PLANE ( 'NONE',  #8231 ) ;
#5219 = EDGE_CURVE ( 'NONE', #5429, #2205, #7092, .T. ) ;
#5220 = VECTOR ( 'NONE', #6431, 1000.000000000000000 ) ;
#5221 = VECTOR ( 'NONE', #7657, 1000.000000000000000 ) ;
#5222 = CARTESIAN_POINT ( 'NONE',  ( 36.00000000000000000, 3.000000000000000000, -33.50000000000000000 ) ) ;
#5223 = DATE_AND_TIME ( #6647, #6591 ) ;
#5224 = AXIS2_PLACEMENT_3D ( 'NONE', #6116, #7592, #775 ) ;
#5225 = PRODUCT_DEFINITION ( '未知', '', #5027, #3427 ) ;
#5226 = DIRECTION ( 'NONE',  ( 1.000000000000000000, 0.000000000000000000, -0.000000000000000000 ) ) ;
#5227 = DIRECTION ( 'NONE',  ( 0.000000000000000000, -1.000000000000000000, 0.000000000000000000 ) ) ;
#5228 = LINE ( 'NONE', #3978, #7667 ) ;
#5229 = DIRECTION ( 'NONE',  ( -0.000000000000000000, -1.000000000000000000, -0.000000000000000000 ) ) ;
#5230 = DIRECTION ( 'NONE',  ( 0.000000000000000000, 0.000000000000000000, -1.000000000000000000 ) ) ;
#5231 = PERSON_AND_ORGANIZATION_ROLE ( 'design_supplier' ) ;
#5232 = LINE ( 'NONE', #7966, #7857 ) ;
#5233 = CARTESIAN_POINT ( 'NONE',  ( 0.000000000000000000, 2.500000000000000000, 0.000000000000000000 ) ) ;
#5234 = CC_DESIGN_DATE_AND_TIME_ASSIGNMENT ( #7541, #8826, ( #7878 ) ) ;
#5235 = CARTESIAN_POINT ( 'NONE',  ( 54.00000000000000000, 1.599999999999999867, -79.90000000000000568 ) ) ;
#5236 = CARTESIAN_POINT ( 'NONE',  ( 54.00000000000000000, 3.600000000000000089, -81.50000000000000000 ) ) ;
#5237 = CALENDAR_DATE ( 2026, 26, 7 ) ;
#5238 = DATE_AND_TIME ( #3604, #4188 ) ;
#5239 = PERSON ( 'NAUO-PER18', 'UNSPECIFIED', 'UNSPECIFIED', ('UNSPECIFIED'), ('UNSPECIFIED'), ('UNSPECIFIED') ) ;
#5240 = ORIENTED_EDGE ( 'NONE', *, *, #5715, .F. ) ;
#5241 = COORDINATED_UNIVERSAL_TIME_OFFSET ( 8, 0, .AHEAD. ) ;
#5242 = ORIENTED_EDGE ( 'NONE', *, *, #2238, .T. ) ;
#5243 = EDGE_LOOP ( 'NONE', ( #3200, #6949, #7809, #7757 ) ) ;
#5244 = EDGE_CURVE ( 'NONE', #13, #5155, #3143, .T. ) ;
#5245 = DIRECTION ( 'NONE',  ( -0.000000000000000000, -0.000000000000000000, 1.000000000000000000 ) ) ;
#5246 = ORIENTED_EDGE ( 'NONE', *, *, #3032, .T. ) ;
#5247 =( REPRESENTATION_RELATIONSHIP ('NONE','NONE', #245, #6048 ) REPRESENTATION_RELATIONSHIP_WITH_TRANSFORMATION ( #4098 )SHAPE_REPRESENTATION_RELATIONSHIP( ) );
#5248 = CARTESIAN_POINT ( 'NONE',  ( -158.9499999999999886, 0.000000000000000000, 119.4500000000000028 ) ) ;
#5249 = ADVANCED_FACE ( 'NONE', ( #1119 ), #8640, .F. ) ;
#5250 = LINE ( 'NONE', #1246, #4149 ) ;
#5251 = CALENDAR_DATE ( 2026, 26, 7 ) ;
#5252 = ORIENTED_EDGE ( 'NONE', *, *, #3300, .T. ) ;
#5253 = VERTEX_POINT ( 'NONE', #2504 ) ;
#5254 = EDGE_CURVE ( 'NONE', #8455, #6823, #6593, .T. ) ;
#5255 = EDGE_CURVE ( 'NONE', #5479, #2305, #4505, .T. ) ;
#5256 = PLANE ( 'NONE',  #2150 ) ;
#5257 = ORIENTED_EDGE ( 'NONE', *, *, #5978, .T. ) ;
#5258 = VECTOR ( 'NONE', #3829, 1000.000000000000000 ) ;
#5259 = MANIFOLD_SOLID_BREP ( '凸台-拉伸1', #2861 ) ;
#5260 = PERSON ( '未指定', '未指定', '未指定', ('未指定'), ('未指定'), ('未指定') ) ;
#5261 = CARTESIAN_POINT ( 'NONE',  ( -14.50000000000000000, 2.500000000000000000, 12.25000000000000000 ) ) ;
#5262 = PERSON_AND_ORGANIZATION_ROLE ( 'design_supplier' ) ;
#5263 = CARTESIAN_POINT ( 'NONE',  ( 14.50000000000000000, 0.000000000000000000, -7.750000000000000000 ) ) ;
#5264 = AXIS2_PLACEMENT_3D ( 'NONE', #3853, #4480, #5768 ) ;
#5265 = DIRECTION ( 'NONE',  ( 0.000000000000000000, -0.000000000000000000, -1.000000000000000000 ) ) ;
#5266 = AXIS2_PLACEMENT_3D ( 'NONE', #3681, #3638, #1719 ) ;
#5267 = CARTESIAN_POINT ( 'NONE',  ( 35.75000000000000000, 2.500000000000000000, 83.00000000000000000 ) ) ;
#5268 = CC_DESIGN_PERSON_AND_ORGANIZATION_ASSIGNMENT ( #1141, #3856, ( #7631 ) ) ;
#5269 = DIRECTION ( 'NONE',  ( -0.000000000000000000, -1.000000000000000000, -0.000000000000000000 ) ) ;
#5270 = DIRECTION ( 'NONE',  ( 0.000000000000000000, -1.000000000000000000, 0.000000000000000000 ) ) ;
#5271 = APPROVAL_DATE_TIME ( #8665, #1958 ) ;
#5272 = DIRECTION ( 'NONE',  ( 0.000000000000000000, 0.000000000000000000, -1.000000000000000000 ) ) ;
#5273 = CARTESIAN_POINT ( 'NONE',  ( -24.25000000000000000, 0.000000000000000000, -72.00000000000000000 ) ) ;
#5274 = DIRECTION ( 'NONE',  ( 0.000000000000000000, 0.000000000000000000, 1.000000000000000000 ) ) ;
#5275 = EDGE_CURVE ( 'NONE', #277, #7978, #5537, .T. ) ;
#5276 = CARTESIAN_POINT ( 'NONE',  ( 21.25000000000000000, 2.500000000000000000, 6.500000000000000000 ) ) ;
#5277 = SECURITY_CLASSIFICATION_LEVEL ( 'unclassified' ) ;
#5278 = ORIENTED_EDGE ( 'NONE', *, *, #8772, .F. ) ;
#5279 = PERSON_AND_ORGANIZATION ( #5260, #6155 ) ;
#5280 = EDGE_LOOP ( 'NONE', ( #5993, #7256, #3033, #7243 ) ) ;
#5281 = COORDINATED_UNIVERSAL_TIME_OFFSET ( 8, 0, .AHEAD. ) ;
#5282 = ORIENTED_EDGE ( 'NONE', *, *, #3180, .F. ) ;
#5283 = AXIS2_PLACEMENT_3D ( 'NONE', #6545, #4846, #4003 ) ;
#5284 = VERTEX_POINT ( 'NONE', #3963 ) ;
#5285 = MANIFOLD_SOLID_BREP ( '凸台-拉伸3', #2285 ) ;
#5286 = CARTESIAN_POINT ( 'NONE',  ( -138.0327499999999930, 91.09999999999999432, 98.50000000000000000 ) ) ;
#5287 = ORIENTED_EDGE ( 'NONE', *, *, #6125, .F. ) ;
#5288 = CARTESIAN_POINT ( 'NONE',  ( 4.500000000000000000, 2.500000000000000000, -13.00000000000000000 ) ) ;
#5289 = APPROVAL_PERSON_ORGANIZATION ( #7621, #5605, #2308 ) ;
#5290 = VECTOR ( 'NONE', #692, 1000.000000000000000 ) ;
#5291 = DIRECTION ( 'NONE',  ( -0.000000000000000000, 1.000000000000000000, -0.000000000000000000 ) ) ;
#5292 = EDGE_CURVE ( 'NONE', #469, #975, #7829, .T. ) ;
#5293 = APPROVAL_ROLE ( '' ) ;
#5294 = ORIENTED_EDGE ( 'NONE', *, *, #4165, .T. ) ;
#5295 = EDGE_CURVE ( 'NONE', #2712, #682, #7939, .T. ) ;
#5296 = DATE_AND_TIME ( #1961, #1068 ) ;
#5297 = VERTEX_POINT ( 'NONE', #8587 ) ;
#5298 = VECTOR ( 'NONE', #4922, 1000.000000000000000 ) ;
#5299 = CC_DESIGN_APPROVAL ( #212, ( #897 ) ) ;
#5300 = VECTOR ( 'NONE', #8232, 1000.000000000000000 ) ;
#5301 = CARTESIAN_POINT ( 'NONE',  ( -82.00000000000000000, 28.00000000000000000, 124.4500000000000028 ) ) ;
#5302 = EDGE_LOOP ( 'NONE', ( #4413, #6456, #2481, #4399 ) ) ;
#5303 = PLANE ( 'NONE',  #7231 ) ;
#5304 = EDGE_CURVE ( 'NONE', #3017, #5343, #476, .T. ) ;
#5305 = CC_DESIGN_SECURITY_CLASSIFICATION ( #6301, ( #897 ) ) ;
#5306 = DIRECTION ( 'NONE',  ( 0.000000000000000000, 0.000000000000000000, 1.000000000000000000 ) ) ;
#5308 =( GEOMETRIC_REPRESENTATION_CONTEXT ( 3 ) GLOBAL_UNCERTAINTY_ASSIGNED_CONTEXT ( ( #6796 ) ) GLOBAL_UNIT_ASSIGNED_CONTEXT ( ( #7187, #6546, #5830 ) ) REPRESENTATION_CONTEXT ( 'NONE', 'WORKASPACE' ) );
#5307 = COORDINATED_UNIVERSAL_TIME_OFFSET ( 8, 0, .AHEAD. ) ;
#5309 = VERTEX_POINT ( 'NONE', #6543 ) ;
#5310 = FACE_BOUND ( 'NONE', #4701, .T. ) ;
#5311 = CARTESIAN_POINT ( 'NONE',  ( 39.75000000000000000, 2.500000000000000000, 83.00000000000000000 ) ) ;
#5312 = CC_DESIGN_APPROVAL ( #8126, ( #5027 ) ) ;
#5313 = CARTESIAN_POINT ( 'NONE',  ( -138.0327499999999930, 91.09999999999999432, -98.50000000000000000 ) ) ;
#5314 = CARTESIAN_POINT ( 'NONE',  ( 0.000000000000000000, 10.00000000000000000, 0.000000000000000000 ) ) ;
#5315 = DIRECTION ( 'NONE',  ( 1.000000000000000000, -0.000000000000000000, 0.000000000000000000 ) ) ;
#5316 = PRODUCT_DEFINITION_FORMATION_WITH_SPECIFIED_SOURCE ( '任何', '', #8331, .NOT_KNOWN. ) ;
#5317 = ITEM_DEFINED_TRANSFORMATION ( 'NONE', 'NONE', #35,  #7312 ) ;
#5318 = CARTESIAN_POINT ( 'NONE',  ( -9.000000000000000000, 2.500000000000000000, 39.00000000000000000 ) ) ;
#5319 = CC_DESIGN_PERSON_AND_ORGANIZATION_ASSIGNMENT ( #1708, #1758, ( #6042 ) ) ;
#5320 = DIRECTION ( 'NONE',  ( 0.000000000000000000, 0.000000000000000000, -1.000000000000000000 ) ) ;
#5321 = LOCAL_TIME ( 21, 54, 55.00000000000000000, #1504 ) ;
#5322 = CARTESIAN_POINT ( 'NONE',  ( -39.75000000000000000, 2.500000000000000000, -79.00000000000000000 ) ) ;
#5323 = ADVANCED_FACE ( 'NONE', ( #3091 ), #1915, .F. ) ;
#5324 = DIRECTION ( 'NONE',  ( 0.000000000000000000, 0.000000000000000000, 1.000000000000000000 ) ) ;
#5325 = DATE_AND_TIME ( #6757, #5874 ) ;
#5326 = ORIENTED_EDGE ( 'NONE', *, *, #6965, .F. ) ;
#5327 = PERSON_AND_ORGANIZATION_ROLE ( 'creator' ) ;
#5328 = VERTEX_POINT ( 'NONE', #3175 ) ;
#5329 = APPROVAL_STATUS ( 'not_yet_approved' ) ;
#5330 = ORIENTED_EDGE ( 'NONE', *, *, #1389, .F. ) ;
#5331 = APPROVAL_PERSON_ORGANIZATION ( #4828, #6634, #2107 ) ;
#5332 = ORIENTED_EDGE ( 'NONE', *, *, #5978, .F. ) ;
#5333 = CC_DESIGN_PERSON_AND_ORGANIZATION_ASSIGNMENT ( #7899, #2642, ( #1910 ) ) ;
#5334 = CARTESIAN_POINT ( 'NONE',  ( 35.75000000000000000, 2.500000000000000000, 66.00000000000000000 ) ) ;
#5335 = ORIENTED_EDGE ( 'NONE', *, *, #2012, .F. ) ;
#5336 = LINE ( 'NONE', #2637, #6575 ) ;
#5337 = CC_DESIGN_APPROVAL ( #1895, ( #349 ) ) ;
#5338 = DIRECTION ( 'NONE',  ( 0.000000000000000000, 0.000000000000000000, 1.000000000000000000 ) ) ;
#5339 = APPROVAL_ROLE ( '' ) ;
#5340 = CALENDAR_DATE ( 2026, 26, 7 ) ;
#5341 = ORIENTED_EDGE ( 'NONE', *, *, #3492, .F. ) ;
#5342 = LINE ( 'NONE', #2645, #6753 ) ;
#5343 = VERTEX_POINT ( 'NONE', #3875 ) ;
#5344 = CC_DESIGN_PERSON_AND_ORGANIZATION_ASSIGNMENT ( #8301, #929, ( #8014 ) ) ;
#5345 = DIRECTION ( 'NONE',  ( 0.000000000000000000, -1.000000000000000000, 0.000000000000000000 ) ) ;
#5346 = AXIS2_PLACEMENT_3D ( 'NONE', #7980, #1069, #382 ) ;
#5347 = DIRECTION ( 'NONE',  ( 1.000000000000000000, 0.000000000000000000, 0.000000000000000000 ) ) ;
#5348 = APPROVAL_STATUS ( 'not_yet_approved' ) ;
#5349 = PERSON ( 'NAUO-PER22', 'UNSPECIFIED', 'UNSPECIFIED', ('UNSPECIFIED'), ('UNSPECIFIED'), ('UNSPECIFIED') ) ;
#5350 = FACE_BOUND ( 'NONE', #8762, .T. ) ;
#5351 = DIRECTION ( 'NONE',  ( -0.000000000000000000, -0.000000000000000000, 1.000000000000000000 ) ) ;
#5352 = EDGE_CURVE ( 'NONE', #2955, #6940, #5920, .T. ) ;
#5353 = LINE ( 'NONE', #5313, #827 ) ;
#5354 = PLANE ( 'NONE',  #6122 ) ;
#5355 = EDGE_CURVE ( 'NONE', #5956, #3958, #2551, .T. ) ;
#5356 = LINE ( 'NONE', #5449, #3742 ) ;
#5357 = APPROVAL_DATE_TIME ( #3981, #3061 ) ;
#5358 = PLANE ( 'NONE',  #2165 ) ;
#5359 = LINE ( 'NONE', #6928, #7235 ) ;
#5360 = AXIS2_PLACEMENT_3D ( 'NONE', #4014, #1475, #7496 ) ;
#5361 = LINE ( 'NONE', #1983, #1646 ) ;
#5362 = VECTOR ( 'NONE', #783, 1000.000000000000000 ) ;
#5363 = VECTOR ( 'NONE', #4976, 1000.000000000000000 ) ;
#5364 = CARTESIAN_POINT ( 'NONE',  ( 14.50000000000000000, 2.500000000000000000, -7.750000000000000000 ) ) ;
#5365 = PERSON_AND_ORGANIZATION_ROLE ( 'design_supplier' ) ;
#5366 = VERTEX_POINT ( 'NONE', #7983 ) ;
#5367 = DATE_AND_TIME ( #6039, #5178 ) ;
#5368 = ORIENTED_EDGE ( 'NONE', *, *, #5106, .F. ) ;
#5369 = DATE_TIME_ROLE ( 'classification_date' ) ;
#5370 = ORIENTED_EDGE ( 'NONE', *, *, #1773, .F. ) ;
#5371 = ORIENTED_EDGE ( 'NONE', *, *, #3350, .F. ) ;
#5372 = CARTESIAN_POINT ( 'NONE',  ( 54.00000000000000000, 1.599999999999999867, -81.50000000000000000 ) ) ;
#5373 = PRODUCT ( 'FN-HAR-011_W3-battery-to-fuse_R0.5', 'FN-HAR-011_W3-battery-to-fuse_R0.5', '', ( #5669 ) ) ;
#5374 = ADVANCED_FACE ( 'NONE', ( #7895 ), #3134, .F. ) ;
#5375 = DESIGN_CONTEXT ( 'detailed design', #170, 'design' ) ;
#5376 = DIRECTION ( 'NONE',  ( 0.000000000000000000, 0.000000000000000000, -1.000000000000000000 ) ) ;
#5377 = EDGE_CURVE ( 'NONE', #6769, #4285, #1175, .T. ) ;
#5378 = VERTEX_POINT ( 'NONE', #1202 ) ;
#5379 = CYLINDRICAL_SURFACE ( 'NONE', #7154, 1.250000000000004663 ) ;
#5380 = DIRECTION ( 'NONE',  ( -0.000000000000000000, -1.000000000000000000, -0.000000000000000000 ) ) ;
#5381 = PRODUCT_RELATED_PRODUCT_CATEGORY ( 'detail', '', ( #8331 ) ) ;
#5382 = PERSON_AND_ORGANIZATION ( #5260, #6155 ) ;
#5383 = DATE_TIME_ROLE ( 'classification_date' ) ;
#5384 = PERSON_AND_ORGANIZATION_ROLE ( 'classification_officer' ) ;
#5385 = VERTEX_POINT ( 'NONE', #8547 ) ;
#5386 = CARTESIAN_POINT ( 'NONE',  ( -6.000000000000000000, 6.000000000000000000, 6.000000000000000000 ) ) ;
#5387 = EDGE_LOOP ( 'NONE', ( #5242, #2176, #4273, #8073 ) ) ;
#5388 = MANIFOLD_SOLID_BREP ( '切除-拉伸1', #5408 ) ;
#5389 = DIRECTION ( 'NONE',  ( 0.000000000000000000, -1.000000000000000000, 0.000000000000000000 ) ) ;
#5390 = EDGE_CURVE ( 'NONE', #6095, #8217, #2410, .T. ) ;
#5391 = DIRECTION ( 'NONE',  ( 0.000000000000000000, -1.000000000000000000, 0.000000000000000000 ) ) ;
#5392 = MECHANICAL_CONTEXT ( 'NONE', #8049, 'mechanical' ) ;
#5393 = ORIENTED_EDGE ( 'NONE', *, *, #1227, .T. ) ;
#5394 = PLANE ( 'NONE',  #6444 ) ;
#5395 = DIRECTION ( 'NONE',  ( -0.000000000000000000, 1.000000000000000000, -0.000000000000000000 ) ) ;
#5396 = CARTESIAN_POINT ( 'NONE',  ( -9.000000000000000000, 2.500000000000000000, 56.00000000000000000 ) ) ;
#5397 = CARTESIAN_POINT ( 'NONE',  ( -82.00000000000000000, 28.00000000000000000, 119.4500000000000028 ) ) ;
#5398 = DIRECTION ( 'NONE',  ( 1.000000000000000000, 0.000000000000000000, 0.000000000000000000 ) ) ;
#5399 = MANIFOLD_SOLID_BREP ( '凸台-拉伸1', #7981 ) ;
#5400 = CIRCLE ( 'NONE', #7268, 1.750000000000005107 ) ;
#5401 = EDGE_CURVE ( 'NONE', #7031, #7047, #4586, .T. ) ;
#5402 = COORDINATED_UNIVERSAL_TIME_OFFSET ( 8, 0, .AHEAD. ) ;
#5403 = ADVANCED_FACE ( 'NONE', ( #7182 ), #3266, .F. ) ;
#5404 = DIRECTION ( 'NONE',  ( 0.000000000000000000, 0.000000000000000000, 1.000000000000000000 ) ) ;
#5405 = EDGE_CURVE ( 'NONE', #7351, #6060, #6049, .T. ) ;
#5406 = CARTESIAN_POINT ( 'NONE',  ( -60.14999999999999858, 5.000000000000000000, 30.60000000000000142 ) ) ;
#5407 = DIRECTION ( 'NONE',  ( 0.000000000000000000, -1.000000000000000000, 0.000000000000000000 ) ) ;
#5408 = CLOSED_SHELL ( 'NONE', ( #1327, #3116, #7979, #5825, #4376, #6996, #6686, #2136, #3001, #790, #1873, #2758, #4653, #399, #3641, #1583, #8180, #4742, #1123 ) ) ;
#5409 = CARTESIAN_POINT ( 'NONE',  ( -8.750000000000000000, 2.500000000000000000, 12.75000000000000000 ) ) ;
#5410 = PERSON_AND_ORGANIZATION ( #5260, #6155 ) ;
#5412 = VERTEX_POINT ( 'NONE', #752 ) ;
#5411 = EDGE_CURVE ( 'NONE', #7907, #4907, #1374, .T. ) ;
#5413 = DATE_AND_TIME ( #5991, #4329 ) ;
#5414 = ADVANCED_FACE ( 'NONE', ( #2678 ), #1996, .F. ) ;
#5415 = VERTEX_POINT ( 'NONE', #2807 ) ;
#5416 = ITEM_DEFINED_TRANSFORMATION ( 'NONE', 'NONE', #323,  #7312 ) ;
#5417 = ORIENTED_EDGE ( 'NONE', *, *, #6304, .T. ) ;
#5418 = ORIENTED_EDGE ( 'NONE', *, *, #8328, .T. ) ;
#5419 = CYLINDRICAL_SURFACE ( 'NONE', #511, 1.600000000000004086 ) ;
#5420 = CARTESIAN_POINT ( 'NONE',  ( 25.50000000000000000, 2.500000000000000000, 60.00000000000000000 ) ) ;
#5421 = DIRECTION ( 'NONE',  ( 0.000000000000000000, 0.000000000000000000, -1.000000000000000000 ) ) ;
#5422 = VERTEX_POINT ( 'NONE', #6096 ) ;
#5423 = CARTESIAN_POINT ( 'NONE',  ( -39.00000000000000000, 0.000000000000000000, -19.50000000000000000 ) ) ;
#5424 = DIRECTION ( 'NONE',  ( 1.000000000000000000, 0.000000000000000000, 0.000000000000000000 ) ) ;
#5425 = DATE_AND_TIME ( #804, #6448 ) ;
#5426 = VECTOR ( 'NONE', #6271, 1000.000000000000000 ) ;
#5427 = APPROVAL_ROLE ( '' ) ;
#5428 = EDGE_LOOP ( 'NONE', ( #4623, #3214, #2077, #1154 ) ) ;
#5429 = VERTEX_POINT ( 'NONE', #704 ) ;
#5430 = CC_DESIGN_PERSON_AND_ORGANIZATION_ASSIGNMENT ( #661, #5384, ( #5189 ) ) ;
#5431 = CARTESIAN_POINT ( 'NONE',  ( 60.14999999999999858, 0.000000000000000000, 80.00000000000000000 ) ) ;
#5432 = EDGE_CURVE ( 'NONE', #4478, #4852, #5336, .T. ) ;
#5433 = ORIENTED_EDGE ( 'NONE', *, *, #56, .T. ) ;
#5434 = VECTOR ( 'NONE', #57, 1000.000000000000000 ) ;
#5435 = DIRECTION ( 'NONE',  ( -0.000000000000000000, -0.000000000000000000, 1.000000000000000000 ) ) ;
#5436 = CARTESIAN_POINT ( 'NONE',  ( -28.50000000000000000, 0.000000000000000000, -60.00000000000000000 ) ) ;
#5437 = CALENDAR_DATE ( 2026, 26, 7 ) ;
#5438 = APPROVAL_PERSON_ORGANIZATION ( #7128, #601, #3779 ) ;
#5439 = AXIS2_PLACEMENT_3D ( 'NONE', #8054, #2016, #7508 ) ;
#5440 = ORIENTED_EDGE ( 'NONE', *, *, #4950, .T. ) ;
#5441 = FACE_BOUND ( 'NONE', #8810, .T. ) ;
#5442 = CARTESIAN_POINT ( 'NONE',  ( 60.14999999999999858, 5.000000000000000000, -80.00000000000000000 ) ) ;
#5443 = VERTEX_POINT ( 'NONE', #5472 ) ;
#5444 = EDGE_CURVE ( 'NONE', #5641, #3546, #8250, .T. ) ;
#5445 = LINE ( 'NONE', #8831, #2433 ) ;
#5446 = PRODUCT_DEFINITION_FORMATION_WITH_SPECIFIED_SOURCE ( '任何', '', #5373, .NOT_KNOWN. ) ;
#5447 = DIRECTION ( 'NONE',  ( -1.000000000000000000, 0.000000000000000000, 0.000000000000000000 ) ) ;
#5448 = ORIENTED_EDGE ( 'NONE', *, *, #959, .F. ) ;
#5449 = CARTESIAN_POINT ( 'NONE',  ( -23.00000000000000000, 0.000000000000000000, -10.50000000000000000 ) ) ;
#5450 = PRODUCT_DEFINITION_SHAPE ( 'NONE', 'NONE',  #2226 ) ;
#5451 = CALENDAR_DATE ( 2026, 26, 7 ) ;
#5452 = LINE ( 'NONE', #686, #5872 ) ;
#5453 = CC_DESIGN_APPROVAL ( #4300, ( #5713 ) ) ;
#5454 =( GEOMETRIC_REPRESENTATION_CONTEXT ( 3 ) GLOBAL_UNCERTAINTY_ASSIGNED_CONTEXT ( ( #6347 ) ) GLOBAL_UNIT_ASSIGNED_CONTEXT ( ( #3922, #8843, #4973 ) ) REPRESENTATION_CONTEXT ( 'NONE', 'WORKASPACE' ) );
#5455 = CARTESIAN_POINT ( 'NONE',  ( 54.00000000000000000, 1.599999999999999867, 81.50000000000000000 ) ) ;
#5456 = CC_DESIGN_DATE_AND_TIME_ASSIGNMENT ( #2214, #4938, ( #2603 ) ) ;
#5457 = DIRECTION ( 'NONE',  ( 0.000000000000000000, 0.000000000000000000, -1.000000000000000000 ) ) ;
#5458 = ADVANCED_FACE ( 'NONE', ( #4051 ), #1956, .F. ) ;
#5459 = APPROVAL_PERSON_ORGANIZATION ( #1451, #6202, #1317 ) ;
#5460 = PLANE ( 'NONE',  #8748 ) ;
#5461 = SHAPE_REPRESENTATION_RELATIONSHIP ( 'NONE' , 'NONE' ,  #6048, #2072 ) ;
#5462 = ORIENTED_EDGE ( 'NONE', *, *, #634, .T. ) ;
#5463 = APPROVAL_STATUS ( 'not_yet_approved' ) ;
#5464 = ORIENTED_EDGE ( 'NONE', *, *, #4165, .F. ) ;
#5465 = PERSON_AND_ORGANIZATION_ROLE ( 'classification_officer' ) ;
#5466 = EDGE_LOOP ( 'NONE', ( #1498, #3797, #2554, #6760 ) ) ;
#5467 = PERSON ( 'NAUO-PER14', 'UNSPECIFIED', 'UNSPECIFIED', ('UNSPECIFIED'), ('UNSPECIFIED'), ('UNSPECIFIED') ) ;
#5468 = DIRECTION ( 'NONE',  ( 0.000000000000000000, 0.000000000000000000, -1.000000000000000000 ) ) ;
#5469 = CC_DESIGN_APPROVAL ( #8229, ( #6322 ) ) ;
#5470 = CARTESIAN_POINT ( 'NONE',  ( 23.00000000000000000, 0.000000000000000000, 10.50000000000000000 ) ) ;
#5471 = ADVANCED_FACE ( 'NONE', ( #5510 ), #5379, .F. ) ;
#5472 = CARTESIAN_POINT ( 'NONE',  ( 28.00000000000000000, 3.000000000000000000, 15.50000000000000000 ) ) ;
#5473 = ORIENTED_EDGE ( 'NONE', *, *, #3562, .F. ) ;
#5474 = DIRECTION ( 'NONE',  ( -0.000000000000000000, -1.000000000000000000, -0.000000000000000000 ) ) ;
#5475 = LOCAL_TIME ( 21, 54, 55.00000000000000000, #4292 ) ;
#5476 = APPROVAL_ROLE ( '' ) ;
#5477 = COORDINATED_UNIVERSAL_TIME_OFFSET ( 8, 0, .AHEAD. ) ;
#5478 = VERTEX_POINT ( 'NONE', #561 ) ;
#5479 = VERTEX_POINT ( 'NONE', #2123 ) ;
#5480 = PLANE ( 'NONE',  #4200 ) ;
#5481 = VERTEX_POINT ( 'NONE', #1459 ) ;
#5482 = LOCAL_TIME ( 21, 54, 55.00000000000000000, #8168 ) ;
#5483 = PLANE ( 'NONE',  #7810 ) ;
#5484 = AXIS2_PLACEMENT_3D ( 'NONE', #7343, #5501, #1312 ) ;
#5485 =( LENGTH_UNIT ( ) NAMED_UNIT ( * ) SI_UNIT ( .MILLI., .METRE. ) );
#5486 = APPROVAL_STATUS ( 'not_yet_approved' ) ;
#5487 = CC_DESIGN_DATE_AND_TIME_ASSIGNMENT ( #7218, #3911, ( #6058 ) ) ;
#5488 = DIRECTION ( 'NONE',  ( 1.000000000000000000, -0.000000000000000000, 0.000000000000000000 ) ) ;
#5489 = FACE_BOUND ( 'NONE', #4481, .T. ) ;
#5490 = DIRECTION ( 'NONE',  ( 1.000000000000000000, -0.000000000000000000, 0.000000000000000000 ) ) ;
#5491 = ADVANCED_FACE ( 'NONE', ( #4759 ), #4844, .F. ) ;
#5492 = LINE ( 'NONE', #6071, #6260 ) ;
#5493 = AXIS2_PLACEMENT_3D ( 'NONE', #5999, #2587, #5376 ) ;
#5494 = CARTESIAN_POINT ( 'NONE',  ( 0.000000000000000000, 2.500000000000000000, 0.000000000000000000 ) ) ;
#5495 = ORIENTED_EDGE ( 'NONE', *, *, #2652, .F. ) ;
#5496 = DIRECTION ( 'NONE',  ( -1.000000000000000000, -0.000000000000000000, -0.000000000000000000 ) ) ;
#5497 = PRODUCT_RELATED_PRODUCT_CATEGORY ( 'detail', '', ( #3613 ) ) ;
#5498 = SHAPE_DEFINITION_REPRESENTATION ( #7597, #7665 ) ;
#5499 = LINE ( 'NONE', #6883, #2315 ) ;
#5500 = LINE ( 'NONE', #1497, #6514 ) ;
#5501 = DIRECTION ( 'NONE',  ( 0.000000000000000000, -1.000000000000000000, 0.000000000000000000 ) ) ;
#5502 = DIRECTION ( 'NONE',  ( 0.000000000000000000, 0.000000000000000000, -1.000000000000000000 ) ) ;
#5503 = ORIENTED_EDGE ( 'NONE', *, *, #5255, .F. ) ;
#5504 = PERSON_AND_ORGANIZATION_ROLE ( 'design_supplier' ) ;
#5505 = ORIENTED_EDGE ( 'NONE', *, *, #4277, .T. ) ;
#5506 = VERTEX_POINT ( 'NONE', #4132 ) ;
#5507 = APPROVAL ( #1563, '未指定' ) ;
#5508 = DIRECTION ( 'NONE',  ( 0.000000000000000000, 0.000000000000000000, -1.000000000000000000 ) ) ;
#5509 = LINE ( 'NONE', #8248, #7513 ) ;
#5510 = FACE_OUTER_BOUND ( 'NONE', #3717, .T. ) ;
#5511 = ORIENTED_EDGE ( 'NONE', *, *, #2368, .F. ) ;
#5512 = DIRECTION ( 'NONE',  ( 0.000000000000000000, 1.000000000000000000, 0.000000000000000000 ) ) ;
#5513 = DIRECTION ( 'NONE',  ( 1.000000000000000000, 0.000000000000000000, 0.000000000000000000 ) ) ;
#5514 = PERSON_AND_ORGANIZATION ( #5260, #6155 ) ;
#5515 = CC_DESIGN_PERSON_AND_ORGANIZATION_ASSIGNMENT ( #7367, #3932, ( #2638 ) ) ;
#5516 = COORDINATED_UNIVERSAL_TIME_OFFSET ( 8, 0, .AHEAD. ) ;
#5517 = ORIENTED_EDGE ( 'NONE', *, *, #6720, .T. ) ;
#5518 = EDGE_CURVE ( 'NONE', #2035, #5309, #8307, .T. ) ;
#5519 = ORIENTED_EDGE ( 'NONE', *, *, #5870, .F. ) ;
#5520 = CARTESIAN_POINT ( 'NONE',  ( -28.00000000000000000, 3.000000000000000000, 15.50000000000000000 ) ) ;
#5522 = ORIENTED_EDGE ( 'NONE', *, *, #8449, .T. ) ;
#5521 = EDGE_CURVE ( 'NONE', #945, #6459, #3303, .T. ) ;
#5523 = PRODUCT_DEFINITION_SHAPE ( 'NONE', 'NONE',  #7466 ) ;
#5524 = DIRECTION ( 'NONE',  ( 0.000000000000000000, -1.000000000000000000, 0.000000000000000000 ) ) ;
#5525 = SHAPE_DEFINITION_REPRESENTATION ( #4031, #6119 ) ;
#5526 = VECTOR ( 'NONE', #8094, 1000.000000000000000 ) ;
#5527 = EDGE_CURVE ( 'NONE', #6091, #3233, #6137, .T. ) ;
#5528 = LINE ( 'NONE', #7771, #470 ) ;
#5529 = CARTESIAN_POINT ( 'NONE',  ( 39.75000000000000000, 2.500000000000000000, 62.00000000000000000 ) ) ;
#5530 = ORIENTED_EDGE ( 'NONE', *, *, #8671, .T. ) ;
#5531 = ORIENTED_EDGE ( 'NONE', *, *, #5244, .F. ) ;
#5532 = LINE ( 'NONE', #1303, #1853 ) ;
#5533 = CARTESIAN_POINT ( 'NONE',  ( 92.00000000000000000, 16.99999999999999645, -62.00000000000000000 ) ) ;
#5534 =( REPRESENTATION_RELATIONSHIP ('NONE','NONE', #245, #6119 ) REPRESENTATION_RELATIONSHIP_WITH_TRANSFORMATION ( #2993 )SHAPE_REPRESENTATION_RELATIONSHIP( ) );
#5535 = CARTESIAN_POINT ( 'NONE',  ( -54.00000000000000000, 1.599999999999999867, 81.50000000000000000 ) ) ;
#5536 = CARTESIAN_POINT ( 'NONE',  ( 0.000000000000000000, 2.500000000000000000, 0.000000000000000000 ) ) ;
#5537 = CIRCLE ( 'NONE', #2849, 1.250000000000004663 ) ;
#5538 = CALENDAR_DATE ( 2026, 26, 7 ) ;
#5539 = FACE_OUTER_BOUND ( 'NONE', #5302, .T. ) ;
#5540 = CARTESIAN_POINT ( 'NONE',  ( -24.25000000000000000, 0.000000000000000000, -72.00000000000000000 ) ) ;
#5541 = UNCERTAINTY_MEASURE_WITH_UNIT (LENGTH_MEASURE( 1.000000000000000082E-05 ), #2273, 'distance_accuracy_value', 'NONE');
#5542 = EDGE_LOOP ( 'NONE', ( #1417, #898, #5655, #7135 ) ) ;
#5543 = CC_DESIGN_PERSON_AND_ORGANIZATION_ASSIGNMENT ( #4432, #7163, ( #3905 ) ) ;
#5544 = DIRECTION ( 'NONE',  ( 0.000000000000000000, 0.000000000000000000, 1.000000000000000000 ) ) ;
#5545 = CARTESIAN_POINT ( 'NONE',  ( -138.0327499999999930, 91.09999999999999432, 98.50000000000000000 ) ) ;
#5546 = AXIS2_PLACEMENT_3D ( 'NONE', #1447, #4168, #6888 ) ;
#5547 = ORIENTED_EDGE ( 'NONE', *, *, #8664, .T. ) ;
#5548 = PERSON_AND_ORGANIZATION ( #5260, #6155 ) ;
#5549 = EDGE_LOOP ( 'NONE', ( #3521, #5370, #4546, #3280 ) ) ;
#5550 = VERTEX_POINT ( 'NONE', #66 ) ;
#5551 = DIRECTION ( 'NONE',  ( 0.000000000000000000, -1.000000000000000000, 0.000000000000000000 ) ) ;
#5552 = DIRECTION ( 'NONE',  ( 0.000000000000000000, 0.000000000000000000, -1.000000000000000000 ) ) ;
#5553 = ADVANCED_FACE ( 'NONE', ( #8074 ), #6768, .F. ) ;
#5554 = CARTESIAN_POINT ( 'NONE',  ( -23.00000000000000000, 10.00000000000000000, 10.50000000000000000 ) ) ;
#5555 = FACE_OUTER_BOUND ( 'NONE', #5076, .T. ) ;
#5556 = VECTOR ( 'NONE', #8511, 1000.000000000000000 ) ;
#5557 = COORDINATED_UNIVERSAL_TIME_OFFSET ( 8, 0, .AHEAD. ) ;
#5558 = APPROVAL_DATE_TIME ( #5022, #5605 ) ;
#5559 = VERTEX_POINT ( 'NONE', #4001 ) ;
#5560 = CONTEXT_DEPENDENT_SHAPE_REPRESENTATION ( #5247, #3469 ) ;
#5561 = EDGE_LOOP ( 'NONE', ( #8020, #6945, #5608, #2325 ) ) ;
#5562 = EDGE_LOOP ( 'NONE', ( #6551, #7702 ) ) ;
#5563 = FACE_OUTER_BOUND ( 'NONE', #5466, .T. ) ;
#5564 = ORIENTED_EDGE ( 'NONE', *, *, #1753, .F. ) ;
#5565 = DIRECTION ( 'NONE',  ( -1.000000000000000000, -0.000000000000000000, -0.000000000000000000 ) ) ;
#5566 = EDGE_CURVE ( 'NONE', #113, #713, #609, .T. ) ;
#5567 = ADVANCED_FACE ( 'NONE', ( #8115 ), #7436, .F. ) ;
#5568 = DATE_AND_TIME ( #4774, #27 ) ;
#5569 = EDGE_LOOP ( 'NONE', ( #4401, #5895, #4335, #1237 ) ) ;
#5570 = AXIS2_PLACEMENT_3D ( 'NONE', #7922, #8704, #7340 ) ;
#5571 = DIRECTION ( 'NONE',  ( 0.000000000000000000, 0.000000000000000000, 1.000000000000000000 ) ) ;
#5572 = AXIS2_PLACEMENT_3D ( 'NONE', #2297, #5057, #3589 ) ;
#5573 = DIRECTION ( 'NONE',  ( -1.000000000000000000, 0.000000000000000000, 0.000000000000000000 ) ) ;
#5574 = DIRECTION ( 'NONE',  ( -1.000000000000000000, 0.000000000000000000, 0.000000000000000000 ) ) ;
#5575 = DIRECTION ( 'NONE',  ( 1.000000000000000000, 0.000000000000000000, 0.000000000000000000 ) ) ;
#5576 = EDGE_CURVE ( 'NONE', #8217, #7114, #6401, .T. ) ;
#5577 = LOCAL_TIME ( 21, 54, 55.00000000000000000, #1513 ) ;
#5578 = DIRECTION ( 'NONE',  ( -0.000000000000000000, -1.000000000000000000, -0.000000000000000000 ) ) ;
#5580 = CIRCLE ( 'NONE', #1604, 1.799999999999999600 ) ;
#5579 = COORDINATED_UNIVERSAL_TIME_OFFSET ( 8, 0, .AHEAD. ) ;
#5581 = PERSON_AND_ORGANIZATION_ROLE ( 'classification_officer' ) ;
#5582 = CARTESIAN_POINT ( 'NONE',  ( -1.750000000000000000, 2.500000000000000000, -6.500000000000000888 ) ) ;
#5583 = PLANE ( 'NONE',  #2704 ) ;
#5584 = LOCAL_TIME ( 21, 54, 55.00000000000000000, #7633 ) ;
#5585 = AXIS2_PLACEMENT_3D ( 'NONE', #3105, #1756, #4419 ) ;
#5586 = ORIENTED_EDGE ( 'NONE', *, *, #1440, .T. ) ;
#5587 = DIRECTION ( 'NONE',  ( 0.000000000000000000, 0.000000000000000000, -1.000000000000000000 ) ) ;
#5588 = DIRECTION ( 'NONE',  ( 0.000000000000000000, -1.000000000000000000, 0.000000000000000000 ) ) ;
#5589 = SHAPE_REPRESENTATION_RELATIONSHIP ( 'NONE' , 'NONE' ,  #7610, #3670 ) ;
#5590 = ORIENTED_EDGE ( 'NONE', *, *, #5633, .F. ) ;
#5591 = CC_DESIGN_APPROVAL ( #708, ( #8624 ) ) ;
#5592 = SECURITY_CLASSIFICATION_LEVEL ( 'unclassified' ) ;
#5593 = VERTEX_POINT ( 'NONE', #6357 ) ;
#5594 = ORIENTED_EDGE ( 'NONE', *, *, #2836, .F. ) ;
#5595 = CARTESIAN_POINT ( 'NONE',  ( -57.50000000000000000, 0.000000000000000000, 85.00000000000000000 ) ) ;
#5596 = PRODUCT_DEFINITION_SHAPE ( 'NONE', 'NONE',  #8870 ) ;
#5597 = CARTESIAN_POINT ( 'NONE',  ( -19.00000000000000000, 15.00000000000000000, -9.000000000000000000 ) ) ;
#5598 = EDGE_CURVE ( 'NONE', #807, #7306, #6898, .T. ) ;
#5599 = LOCAL_TIME ( 21, 54, 55.00000000000000000, #843 ) ;
#5600 = DIRECTION ( 'NONE',  ( -1.000000000000000000, 0.000000000000000000, 0.000000000000000000 ) ) ;
#5601 = ORIENTED_EDGE ( 'NONE', *, *, #5219, .F. ) ;
#5602 = PLANE ( 'NONE',  #2 ) ;
#5603 = APPROVAL_ROLE ( '' ) ;
#5604 = DATE_AND_TIME ( #4895, #8184 ) ;
#5605 = APPROVAL ( #6364, '未指定' ) ;
#5606 = ORIENTED_EDGE ( 'NONE', *, *, #4728, .F. ) ;
#5607 = CONTEXT_DEPENDENT_SHAPE_REPRESENTATION ( #5534, #5814 ) ;
#5608 = ORIENTED_EDGE ( 'NONE', *, *, #5147, .T. ) ;
#5609 = CC_DESIGN_APPROVAL ( #4622, ( #622 ) ) ;
#5610 = EDGE_LOOP ( 'NONE', ( #993, #2546, #8367, #5722 ) ) ;
#5611 = CARTESIAN_POINT ( 'NONE',  ( -24.25000000000000000, 2.500000000000000000, -72.00000000000000000 ) ) ;
#5612 = ORIENTED_EDGE ( 'NONE', *, *, #4904, .F. ) ;
#5613 = FACE_OUTER_BOUND ( 'NONE', #4925, .T. ) ;
#5614 = SECURITY_CLASSIFICATION ( '', '', #2424 ) ;
#5615 =( LENGTH_UNIT ( ) NAMED_UNIT ( * ) SI_UNIT ( .MILLI., .METRE. ) );
#5616 = PERSON_AND_ORGANIZATION ( #5260, #6155 ) ;
#5617 = ORIENTED_EDGE ( 'NONE', *, *, #7423, .T. ) ;
#5618 = LINE ( 'NONE', #4369, #6881 ) ;
#5619 = CC_DESIGN_DATE_AND_TIME_ASSIGNMENT ( #2028, #3952, ( #7212 ) ) ;
#5620 = SECURITY_CLASSIFICATION ( '', '', #201 ) ;
#5621 = DIRECTION ( 'NONE',  ( -0.000000000000000000, -1.000000000000000000, -0.000000000000000000 ) ) ;
#5622 = ORIENTED_EDGE ( 'NONE', *, *, #6689, .T. ) ;
#5623 = FACE_OUTER_BOUND ( 'NONE', #8043, .T. ) ;
#5624 = DIRECTION ( 'NONE',  ( 0.000000000000000000, -1.000000000000000000, 0.000000000000000000 ) ) ;
#5625 = DIRECTION ( 'NONE',  ( 0.000000000000000000, -1.000000000000000000, 0.000000000000000000 ) ) ;
#5626 = APPLICATION_PROTOCOL_DEFINITION ( 'international standard', 'config_control_design', 1994, #567 ) ;
#5627 = EDGE_LOOP ( 'NONE', ( #1688, #1343, #8019, #254 ) ) ;
#5628 = CONTEXT_DEPENDENT_SHAPE_REPRESENTATION ( #2987, #31 ) ;
#5629 = LINE ( 'NONE', #7692, #8292 ) ;
#5630 = EDGE_CURVE ( 'NONE', #5253, #8106, #4978, .T. ) ;
#5631 = CARTESIAN_POINT ( 'NONE',  ( -54.00000000000000000, 0.000000000000000000, 81.50000000000000000 ) ) ;
#5632 = UNCERTAINTY_MEASURE_WITH_UNIT (LENGTH_MEASURE( 1.000000000000000082E-05 ), #5485, 'distance_accuracy_value', 'NONE');
#5633 = EDGE_CURVE ( 'NONE', #4247, #8717, #2941, .T. ) ;
#5634 = VERTEX_POINT ( 'NONE', #1550 ) ;
#5635 = ADVANCED_FACE ( 'NONE', ( #2897 ), #2304, .F. ) ;
#5636 = LINE ( 'NONE', #3634, #3855 ) ;
#5637 = FACE_BOUND ( 'NONE', #5967, .T. ) ;
#5638 = CIRCLE ( 'NONE', #8817, 1.750000000000001554 ) ;
#5639 = CALENDAR_DATE ( 2026, 26, 7 ) ;
#5640 = AXIS2_PLACEMENT_3D ( 'NONE', #7836, #2493, #6531 ) ;
#5641 = VERTEX_POINT ( 'NONE', #7081 ) ;
#5642 = CARTESIAN_POINT ( 'NONE',  ( -28.00000000000000000, 3.000000000000000000, -15.50000000000000000 ) ) ;
#5643 = DIRECTION ( 'NONE',  ( -0.000000000000000000, -1.000000000000000000, -0.000000000000000000 ) ) ;
#5644 = ORIENTED_EDGE ( 'NONE', *, *, #5666, .F. ) ;
#5645 = AXIS2_PLACEMENT_3D ( 'NONE', #6399, #1056, #3595 ) ;
#5646 = CARTESIAN_POINT ( 'NONE',  ( 57.50000000000000000, 0.000000000000000000, 85.00000000000000000 ) ) ;
#5647 = APPROVAL_DATE_TIME ( #1642, #7863 ) ;
#5648 = ORIENTED_EDGE ( 'NONE', *, *, #7225, .T. ) ;
#5649 = PERSON_AND_ORGANIZATION ( #5260, #6155 ) ;
#5650 = EDGE_CURVE ( 'NONE', #8282, #5443, #4311, .T. ) ;
#5651 = PERSON_AND_ORGANIZATION_ROLE ( 'classification_officer' ) ;
#5652 = VERTEX_POINT ( 'NONE', #926 ) ;
#5653 = VECTOR ( 'NONE', #1012, 1000.000000000000000 ) ;
#5654 = LINE ( 'NONE', #7760, #6201 ) ;
#5655 = ORIENTED_EDGE ( 'NONE', *, *, #4674, .T. ) ;
#5656 = CC_DESIGN_DATE_AND_TIME_ASSIGNMENT ( #454, #412, ( #6419 ) ) ;
#5657 = PLANE ( 'NONE',  #852 ) ;
#5658 = EDGE_CURVE ( 'NONE', #3823, #1557, #7750, .T. ) ;
#5659 = CALENDAR_DATE ( 2026, 26, 7 ) ;
#5660 = ORIENTED_EDGE ( 'NONE', *, *, #8268, .T. ) ;
#5661 = CARTESIAN_POINT ( 'NONE',  ( 8.750000000000000000, 2.500000000000000000, -12.75000000000000000 ) ) ;
#5662 = CARTESIAN_POINT ( 'NONE',  ( -25.50000000000000000, 0.000000000000000000, 44.00000000000000000 ) ) ;
#5663 = ORIENTED_EDGE ( 'NONE', *, *, #8328, .F. ) ;
#5664 = PLANE ( 'NONE',  #6221 ) ;
#5665 = DIRECTION ( 'NONE',  ( -0.000000000000000000, -1.000000000000000000, -0.000000000000000000 ) ) ;
#5666 = EDGE_CURVE ( 'NONE', #2542, #3098, #8813, .T. ) ;
#5667 = CIRCLE ( 'NONE', #540, 1.750000000000001554 ) ;
#5668 = DIRECTION ( 'NONE',  ( 0.000000000000000000, 0.000000000000000000, -1.000000000000000000 ) ) ;
#5669 = MECHANICAL_CONTEXT ( 'NONE', #106, 'mechanical' ) ;
#5670 = PRODUCT_DEFINITION_SHAPE ( 'NONE', 'NONE',  #8384 ) ;
#5671 = DATE_AND_TIME ( #6880, #2919 ) ;
#5672 = CARTESIAN_POINT ( 'NONE',  ( 158.9499999999999886, 91.09999999999999432, 119.4500000000000028 ) ) ;
#5673 = CARTESIAN_POINT ( 'NONE',  ( -28.00000000000000000, 0.000000000000000000, 15.50000000000000000 ) ) ;
#5674 = ORIENTED_EDGE ( 'NONE', *, *, #3585, .T. ) ;
#5675 = DIRECTION ( 'NONE',  ( 0.000000000000000000, 0.000000000000000000, 1.000000000000000000 ) ) ;
#5676 = EDGE_CURVE ( 'NONE', #6178, #4322, #1639, .T. ) ;
#5677 = CARTESIAN_POINT ( 'NONE',  ( -9.500000000000000000, 2.500000000000000000, 4.500000000000000000 ) ) ;
#5678 = EDGE_CURVE ( 'NONE', #4322, #3394, #5064, .T. ) ;
#5679 =( NAMED_UNIT ( * ) PLANE_ANGLE_UNIT ( ) SI_UNIT ( $, .RADIAN. ) );
#5680 = COORDINATED_UNIVERSAL_TIME_OFFSET ( 8, 0, .AHEAD. ) ;
#5681 = ORIENTED_EDGE ( 'NONE', *, *, #2721, .F. ) ;
#5682 = EDGE_LOOP ( 'NONE', ( #4906, #6509, #1596, #6243 ) ) ;
#5683 = DIRECTION ( 'NONE',  ( 0.000000000000000000, 0.000000000000000000, -1.000000000000000000 ) ) ;
#5684 = ADVANCED_BREP_SHAPE_REPRESENTATION ( '', ( #2384, #7312 ), #2757 ) ;
#5685 = DIRECTION ( 'NONE',  ( -0.000000000000000000, -0.000000000000000000, 1.000000000000000000 ) ) ;
#5686 = EDGE_LOOP ( 'NONE', ( #3036, #3837, #4556, #6228 ) ) ;
#5687 = EDGE_CURVE ( 'NONE', #7351, #3605, #232, .T. ) ;
#5688 = DIRECTION ( 'NONE',  ( -0.000000000000000000, -1.000000000000000000, -0.000000000000000000 ) ) ;
#5689 = DATE_AND_TIME ( #5021, #8163 ) ;
#5690 = EDGE_CURVE ( 'NONE', #4086, #7145, #2799, .T. ) ;
#5691 = COORDINATED_UNIVERSAL_TIME_OFFSET ( 8, 0, .AHEAD. ) ;
#5692 = ORIENTED_EDGE ( 'NONE', *, *, #1797, .F. ) ;
#5693 = PERSON_AND_ORGANIZATION ( #4513, #4347 ) ;
#5694 = ORIENTED_EDGE ( 'NONE', *, *, #8575, .T. ) ;
#5695 = AXIS2_PLACEMENT_3D ( 'NONE', #7026, #4216, #916 ) ;
#5696 = DIRECTION ( 'NONE',  ( -0.000000000000000000, 1.000000000000000000, -0.000000000000000000 ) ) ;
#5697 = ORIENTED_EDGE ( 'NONE', *, *, #4699, .F. ) ;
#5698 = VECTOR ( 'NONE', #816, 1000.000000000000000 ) ;
#5699 = CARTESIAN_POINT ( 'NONE',  ( -57.50000000000000000, 0.000000000000000000, -85.00000000000000000 ) ) ;
#5700 = CARTESIAN_POINT ( 'NONE',  ( -39.75000000000000000, 2.500000000000000000, -79.00000000000000000 ) ) ;
#5701 = COORDINATED_UNIVERSAL_TIME_OFFSET ( 8, 0, .AHEAD. ) ;
#5702 = ORIENTED_EDGE ( 'NONE', *, *, #7817, .F. ) ;
#5703 = APPROVAL ( #6169, 'UNKNOWN' ) ;
#5704 = LINE ( 'NONE', #6376, #2620 ) ;
#5705 = CARTESIAN_POINT ( 'NONE',  ( 21.25000000000000000, 2.500000000000000000, 10.50000000000000000 ) ) ;
#5706 = VERTEX_POINT ( 'NONE', #2256 ) ;
#5707 = CARTESIAN_POINT ( 'NONE',  ( -33.00000000000000000, 0.000000000000000000, 30.50000000000000000 ) ) ;
#5708 = LINE ( 'NONE', #1571, #6810 ) ;
#5709 = CARTESIAN_POINT ( 'NONE',  ( 33.00000000000000000, 40.00000000000000000, 30.50000000000000000 ) ) ;
#5710 = CALENDAR_DATE ( 2026, 26, 7 ) ;
#5711 = COORDINATED_UNIVERSAL_TIME_OFFSET ( 8, 0, .AHEAD. ) ;
#5712 = AXIS2_PLACEMENT_3D ( 'NONE', #1148, #5817, #372 ) ;
#5713 = PRODUCT_DEFINITION ( '未知', '', #3747, #7251 ) ;
#5714 = CARTESIAN_POINT ( 'NONE',  ( -21.25000000000000000, 2.500000000000000000, -6.500000000000000000 ) ) ;
#5715 = EDGE_CURVE ( 'NONE', #2389, #1049, #5069, .T. ) ;
#5716 = CARTESIAN_POINT ( 'NONE',  ( 4.500000000000000000, 2.500000000000000000, -13.00000000000000000 ) ) ;
#5717 = VERTEX_POINT ( 'NONE', #3599 ) ;
#5718 = VECTOR ( 'NONE', #8429, 1000.000000000000000 ) ;
#5719 = FACE_OUTER_BOUND ( 'NONE', #5428, .T. ) ;
#5720 = CYLINDRICAL_SURFACE ( 'NONE', #5572, 8.250000000000014211 ) ;
#5721 = APPROVAL_STATUS ( 'not_yet_approved' ) ;
#5722 = ORIENTED_EDGE ( 'NONE', *, *, #7148, .T. ) ;
#5723 = LOCAL_TIME ( 21, 54, 55.00000000000000000, #3031 ) ;
#5724 = DIRECTION ( 'NONE',  ( 0.000000000000000000, -0.000000000000000000, -1.000000000000000000 ) ) ;
#5725 = PRODUCT_RELATED_PRODUCT_CATEGORY ( 'detail', '', ( #1474 ) ) ;
#5726 = EDGE_CURVE ( 'NONE', #1786, #7808, #194, .T. ) ;
#5727 = DIRECTION ( 'NONE',  ( 1.000000000000000000, 0.000000000000000000, 0.000000000000000000 ) ) ;
#5728 = ORIENTED_EDGE ( 'NONE', *, *, #8850, .F. ) ;
#5729 = CC_DESIGN_APPROVAL ( #6824, ( #4599 ) ) ;
#5730 = FACE_OUTER_BOUND ( 'NONE', #8170, .T. ) ;
#5731 = PERSON_AND_ORGANIZATION ( #5260, #6155 ) ;
#5732 = EDGE_LOOP ( 'NONE', ( #203, #6947, #2732, #2724 ) ) ;
#5733 = PERSON_AND_ORGANIZATION ( #5260, #6155 ) ;
#5734 = ORIENTED_EDGE ( 'NONE', *, *, #3408, .F. ) ;
#5735 = CALENDAR_DATE ( 2026, 26, 7 ) ;
#5736 = VERTEX_POINT ( 'NONE', #8435 ) ;
#5737 = EDGE_CURVE ( 'NONE', #3405, #4368, #5017, .T. ) ;
#5738 = LOCAL_TIME ( 21, 54, 55.00000000000000000, #294 ) ;
#5739 = LINE ( 'NONE', #3916, #1094 ) ;
#5740 = ORIENTED_EDGE ( 'NONE', *, *, #6914, .T. ) ;
#5741 = LINE ( 'NONE', #7048, #3419 ) ;
#5742 = ADVANCED_FACE ( 'NONE', ( #797 ), #968, .T. ) ;
#5743 = CARTESIAN_POINT ( 'NONE',  ( 39.00000000000000000, 5.000000000000000000, 19.50000000000000000 ) ) ;
#5744 = CC_DESIGN_APPROVAL ( #7087, ( #1846 ) ) ;
#5745 = APPROVAL_ROLE ( '' ) ;
#5746 = ORIENTED_EDGE ( 'NONE', *, *, #3597, .F. ) ;
#5747 = ORIENTED_EDGE ( 'NONE', *, *, #2418, .T. ) ;
#5748 = CARTESIAN_POINT ( 'NONE',  ( 28.50000000000000000, 2.500000000000000000, 47.00000000000000000 ) ) ;
#5749 = FACE_OUTER_BOUND ( 'NONE', #1260, .T. ) ;
#5750 = VERTEX_POINT ( 'NONE', #3552 ) ;
#5751 = SECURITY_CLASSIFICATION ( '', '', #5592 ) ;
#5752 = CIRCLE ( 'NONE', #1631, 1.750000000000001554 ) ;
#5753 = DIRECTION ( 'NONE',  ( -0.000000000000000000, -0.000000000000000000, 1.000000000000000000 ) ) ;
#5754 = DIRECTION ( 'NONE',  ( 0.000000000000000000, 0.000000000000000000, 1.000000000000000000 ) ) ;
#5755 = APPROVAL ( #378, 'UNKNOWN' ) ;
#5756 = APPLICATION_CONTEXT ( 'configuration controlled 3d designs of mechanical parts and assemblies' ) ;
#5757 = FACE_OUTER_BOUND ( 'NONE', #2673, .T. ) ;
#5758 = CALENDAR_DATE ( 2026, 26, 7 ) ;
#5759 = LOCAL_TIME ( 21, 54, 55.00000000000000000, #7200 ) ;
#5760 = APPROVAL_STATUS ( 'not_yet_approved' ) ;
#5761 = ADVANCED_FACE ( 'NONE', ( #4935 ), #7661, .F. ) ;
#5762 = PLANE ( 'NONE',  #6438 ) ;
#5763 = DIRECTION ( 'NONE',  ( 1.000000000000000000, 0.000000000000000000, -0.000000000000000000 ) ) ;
#5764 = FACE_OUTER_BOUND ( 'NONE', #1124, .T. ) ;
#5765 = EDGE_LOOP ( 'NONE', ( #4202, #4515, #7887, #7577 ) ) ;
#5766 = LOCAL_TIME ( 21, 54, 55.00000000000000000, #6585 ) ;
#5767 = CC_DESIGN_PERSON_AND_ORGANIZATION_ASSIGNMENT ( #1780, #4495, ( #1846 ) ) ;
#5768 = DIRECTION ( 'NONE',  ( 0.000000000000000000, 0.000000000000000000, 1.000000000000000000 ) ) ;
#5769 = FACE_OUTER_BOUND ( 'NONE', #3340, .T. ) ;
#5770 = PERSON_AND_ORGANIZATION ( #5260, #6155 ) ;
#5771 = CARTESIAN_POINT ( 'NONE',  ( -60.14999999999999858, 0.000000000000000000, -32.35000000000000142 ) ) ;
#5772 = SECURITY_CLASSIFICATION ( '', '', #8715 ) ;
#5773 = AXIS2_PLACEMENT_3D ( 'NONE', #808, #2817, #4362 ) ;
#5774 = CARTESIAN_POINT ( 'NONE',  ( -39.75000000000000000, 2.500000000000000000, -79.00000000000000000 ) ) ;
#5775 = LINE ( 'NONE', #5859, #6214 ) ;
#5776 = ORIENTED_EDGE ( 'NONE', *, *, #550, .F. ) ;
#5777 = VECTOR ( 'NONE', #6236, 1000.000000000000000 ) ;
#5778 = PLANE ( 'NONE',  #3172 ) ;
#5779 = APPROVAL_STATUS ( 'not_yet_approved' ) ;
#5780 = APPROVAL ( #8505, '未指定' ) ;
#5781 = VERTEX_POINT ( 'NONE', #1814 ) ;
#5782 = APPLICATION_PROTOCOL_DEFINITION ( 'international standard', 'config_control_design', 1994, #3042 ) ;
#5783 = VERTEX_POINT ( 'NONE', #5235 ) ;
#5784 = COORDINATED_UNIVERSAL_TIME_OFFSET ( 8, 0, .AHEAD. ) ;
#5785 = ORIENTED_EDGE ( 'NONE', *, *, #2098, .F. ) ;
#5786 = DIRECTION ( 'NONE',  ( 0.000000000000000000, 0.000000000000000000, 1.000000000000000000 ) ) ;
#5787 = ORIENTED_EDGE ( 'NONE', *, *, #6286, .T. ) ;
#5788 = DIRECTION ( 'NONE',  ( 0.000000000000000000, -1.000000000000000000, 0.000000000000000000 ) ) ;
#5789 = FACE_OUTER_BOUND ( 'NONE', #4953, .T. ) ;
#5790 = EDGE_CURVE ( 'NONE', #5328, #202, #3777, .T. ) ;
#5791 = APPROVAL_ROLE ( '' ) ;
#5792 = ORIENTED_EDGE ( 'NONE', *, *, #4328, .T. ) ;
#5793 = VECTOR ( 'NONE', #5468, 1000.000000000000000 ) ;
#5794 = EDGE_CURVE ( 'NONE', #2356, #2844, #6490, .T. ) ;
#5795 = CARTESIAN_POINT ( 'NONE',  ( 136.0000000000000000, 0.000000000000000000, 96.50000000000000000 ) ) ;
#5796 = DIRECTION ( 'NONE',  ( -0.000000000000000000, -1.000000000000000000, -0.000000000000000000 ) ) ;
#5797 = ORIENTED_EDGE ( 'NONE', *, *, #7062, .T. ) ;
#5798 = LINE ( 'NONE', #1664, #2536 ) ;
#5799 = EDGE_CURVE ( 'NONE', #2305, #3605, #5196, .T. ) ;
#5800 = LINE ( 'NONE', #440, #4452 ) ;
#5801 = APPROVAL_STATUS ( 'not_yet_approved' ) ;
#5802 = ADVANCED_FACE ( 'NONE', ( #1775 ), #3078, .F. ) ;
#5803 = CONTEXT_DEPENDENT_SHAPE_REPRESENTATION ( #521, #5031 ) ;
#5804 = CARTESIAN_POINT ( 'NONE',  ( -25.50000000000000000, 2.500000000000000000, 44.00000000000000000 ) ) ;
#5805 = FACE_BOUND ( 'NONE', #3925, .T. ) ;
#5806 = CARTESIAN_POINT ( 'NONE',  ( -13.00000000000000000, 0.000000000000000000, 56.00000000000000000 ) ) ;
#5807 = ORIENTED_EDGE ( 'NONE', *, *, #8719, .F. ) ;
#5808 = CARTESIAN_POINT ( 'NONE',  ( -60.14999999999999858, 7.000000000000000000, 28.84999999999999787 ) ) ;
#5809 = DIRECTION ( 'NONE',  ( 0.000000000000000000, 1.000000000000000000, 0.000000000000000000 ) ) ;
#5810 = DATE_AND_TIME ( #4388, #337 ) ;
#5811 = LINE ( 'NONE', #2532, #4577 ) ;
#5812 = CC_DESIGN_PERSON_AND_ORGANIZATION_ASSIGNMENT ( #7151, #7109, ( #3488 ) ) ;
#5813 = PLANE ( 'NONE',  #1383 ) ;
#5814 = PRODUCT_DEFINITION_SHAPE ( 'NONE', 'NONE',  #8877 ) ;
#5815 = DIRECTION ( 'NONE',  ( -0.000000000000000000, -1.000000000000000000, -0.000000000000000000 ) ) ;
#5816 =( REPRESENTATION_RELATIONSHIP ('NONE','NONE', #245, #3331 ) REPRESENTATION_RELATIONSHIP_WITH_TRANSFORMATION ( #1977 )SHAPE_REPRESENTATION_RELATIONSHIP( ) );
#5817 = DIRECTION ( 'NONE',  ( 1.000000000000000000, -0.000000000000000000, 0.000000000000000000 ) ) ;
#5818 = PERSON_AND_ORGANIZATION ( #5260, #6155 ) ;
#5819 = EDGE_LOOP ( 'NONE', ( #1932, #471, #7040, #8378 ) ) ;
#5820 = CALENDAR_DATE ( 2026, 26, 7 ) ;
#5821 = EDGE_LOOP ( 'NONE', ( #4021, #4539, #5531, #5030 ) ) ;
#5822 = APPROVAL_ROLE ( '' ) ;
#5823 = ORIENTED_EDGE ( 'NONE', *, *, #8079, .T. ) ;
#5824 = DESIGN_CONTEXT ( 'detailed design', #3888, 'design' ) ;
#5825 = ADVANCED_FACE ( 'NONE', ( #7882 ), #8709, .F. ) ;
#5826 = DIRECTION ( 'NONE',  ( -0.000000000000000000, -0.000000000000000000, 1.000000000000000000 ) ) ;
#5827 = ORIENTED_EDGE ( 'NONE', *, *, #5089, .T. ) ;
#5828 = DIRECTION ( 'NONE',  ( 0.000000000000000000, 0.000000000000000000, 1.000000000000000000 ) ) ;
#5829 = DIRECTION ( 'NONE',  ( -1.000000000000000000, -0.000000000000000000, -0.000000000000000000 ) ) ;
#5830 =( NAMED_UNIT ( * ) SI_UNIT ( $, .STERADIAN. ) SOLID_ANGLE_UNIT ( ) );
#5831 = DATE_TIME_ROLE ( 'classification_date' ) ;
#5832 = AXIS2_PLACEMENT_3D ( 'NONE', #3069, #6615, #2482 ) ;
#5833 = EDGE_LOOP ( 'NONE', ( #700, #3600, #1239, #8634 ) ) ;
#5834 = ORIENTED_EDGE ( 'NONE', *, *, #278, .F. ) ;
#5835 = CARTESIAN_POINT ( 'NONE',  ( -118.0000000000000000, 28.00000000000000000, 124.4500000000000028 ) ) ;
#5836 = VECTOR ( 'NONE', #82, 1000.000000000000000 ) ;
#5837 = DIRECTION ( 'NONE',  ( 0.000000000000000000, 0.000000000000000000, -1.000000000000000000 ) ) ;
#5838 = ORIENTED_EDGE ( 'NONE', *, *, #2137, .T. ) ;
#5839 = EDGE_CURVE ( 'NONE', #5783, #8689, #5775, .T. ) ;
#5840 = DIRECTION ( 'NONE',  ( -0.000000000000000000, -1.000000000000000000, -0.000000000000000000 ) ) ;
#5841 = EDGE_CURVE ( 'NONE', #2030, #5956, #5946, .T. ) ;
#5842 = LINE ( 'NONE', #2334, #6869 ) ;
#5843 = PERSON_AND_ORGANIZATION ( #5260, #6155 ) ;
#5844 = APPROVAL_ROLE ( '' ) ;
#5845 = CARTESIAN_POINT ( 'NONE',  ( -20.00000000000000000, 2.500000000000000000, -57.00000000000000000 ) ) ;
#5846 = FACE_BOUND ( 'NONE', #2826, .T. ) ;
#5847 = EDGE_CURVE ( 'NONE', #12, #7260, #8529, .T. ) ;
#5848 = CARTESIAN_POINT ( 'NONE',  ( 60.14999999999999858, 0.000000000000000000, 78.25000000000000000 ) ) ;
#5849 = EDGE_LOOP ( 'NONE', ( #6446, #7322, #7217, #5697 ) ) ;
#5850 = AXIS2_PLACEMENT_3D ( 'NONE', #5133, #5094, #5226 ) ;
#5851 = PLANE ( 'NONE',  #2860 ) ;
#5852 = PLANE ( 'NONE',  #3586 ) ;
#5853 = VECTOR ( 'NONE', #6941, 1000.000000000000000 ) ;
#5854 = APPROVAL_ROLE ( '' ) ;
#5855 = DIRECTION ( 'NONE',  ( -0.000000000000000000, 1.000000000000000000, -0.000000000000000000 ) ) ;
#5856 = LINE ( 'NONE', #1772, #102 ) ;
#5857 = VECTOR ( 'NONE', #7297, 1000.000000000000000 ) ;
#5858 = VECTOR ( 'NONE', #1867, 1000.000000000000000 ) ;
#5859 = CARTESIAN_POINT ( 'NONE',  ( 54.00000000000000000, 3.600000000000000089, -79.90000000000000568 ) ) ;
#5860 = LINE ( 'NONE', #5909, #301 ) ;
#5861 = PERSON_AND_ORGANIZATION ( #5260, #6155 ) ;
#5862 = ORIENTED_EDGE ( 'NONE', *, *, #3259, .T. ) ;
#5863 = LOCAL_TIME ( 21, 54, 55.00000000000000000, #1554 ) ;
#5864 = APPROVAL_ROLE ( '' ) ;
#5865 = VECTOR ( 'NONE', #2967, 1000.000000000000000 ) ;
#5866 = VERTEX_POINT ( 'NONE', #3817 ) ;
#5867 = PERSON_AND_ORGANIZATION ( #5349, #2939 ) ;
#5868 = ORIENTED_EDGE ( 'NONE', *, *, #3562, .T. ) ;
#5869 = EDGE_LOOP ( 'NONE', ( #7536, #2797, #2034, #4235 ) ) ;
#5870 = EDGE_CURVE ( 'NONE', #5966, #7044, #5107, .T. ) ;
#5871 = DIRECTION ( 'NONE',  ( -0.000000000000000000, -1.000000000000000000, -0.000000000000000000 ) ) ;
#5872 = VECTOR ( 'NONE', #8191, 1000.000000000000000 ) ;
#5873 = ORIENTED_EDGE ( 'NONE', *, *, #8603, .T. ) ;
#5874 = LOCAL_TIME ( 21, 54, 55.00000000000000000, #8330 ) ;
#5875 = AXIS2_PLACEMENT_3D ( 'NONE', #8825, #2689, #7497 ) ;
#5876 = DIRECTION ( 'NONE',  ( 1.000000000000000000, 0.000000000000000000, 0.000000000000000000 ) ) ;
#5877 = DIRECTION ( 'NONE',  ( -1.000000000000000000, 0.000000000000000000, 0.000000000000000000 ) ) ;
#5878 = CC_DESIGN_PERSON_AND_ORGANIZATION_ASSIGNMENT ( #1163, #6547, ( #7883 ) ) ;
#5879 =( NAMED_UNIT ( * ) SI_UNIT ( $, .STERADIAN. ) SOLID_ANGLE_UNIT ( ) );
#5880 = PERSON_AND_ORGANIZATION_ROLE ( 'creator' ) ;
#5881 = ORIENTED_EDGE ( 'NONE', *, *, #5937, .T. ) ;
#5882 = CC_DESIGN_SECURITY_CLASSIFICATION ( #7883, ( #5027 ) ) ;
#5883 = APPROVAL_PERSON_ORGANIZATION ( #2288, #6112, #8422 ) ;
#5884 = EDGE_LOOP ( 'NONE', ( #6853, #2124, #6951, #273 ) ) ;
#5885 = DIRECTION ( 'NONE',  ( -1.000000000000000000, -0.000000000000000000, -0.000000000000000000 ) ) ;
#5886 = CARTESIAN_POINT ( 'NONE',  ( -28.50000000000000000, 2.500000000000000000, -57.00000000000000000 ) ) ;
#5887 = EDGE_LOOP ( 'NONE', ( #1291, #4129, #4197, #2710 ) ) ;
#5888 = CYLINDRICAL_SURFACE ( 'NONE', #3271, 3.250000000000002665 ) ;
#5889 = LOCAL_TIME ( 21, 54, 55.00000000000000000, #8539 ) ;
#5890 = CARTESIAN_POINT ( 'NONE',  ( -28.50000000000000000, 2.500000000000000000, -57.00000000000000000 ) ) ;
#5891 = COORDINATED_UNIVERSAL_TIME_OFFSET ( 8, 0, .AHEAD. ) ;
#5892 = CC_DESIGN_PERSON_AND_ORGANIZATION_ASSIGNMENT ( #7820, #2925, ( #1755 ) ) ;
#5893 = FACE_OUTER_BOUND ( 'NONE', #662, .T. ) ;
#5894 = CC_DESIGN_APPROVAL ( #8179, ( #7631 ) ) ;
#5895 = ORIENTED_EDGE ( 'NONE', *, *, #8265, .F. ) ;
#5896 = DIRECTION ( 'NONE',  ( -1.000000000000000000, 0.000000000000000000, 0.000000000000000000 ) ) ;
#5897 = DIRECTION ( 'NONE',  ( 1.000000000000000000, -0.000000000000000000, 0.000000000000000000 ) ) ;
#5898 = ORIENTED_EDGE ( 'NONE', *, *, #2652, .T. ) ;
#5899 = LINE ( 'NONE', #2529, #1283 ) ;
#5900 = APPROVAL_PERSON_ORGANIZATION ( #661, #3749, #5427 ) ;
#5901 = DIRECTION ( 'NONE',  ( 0.000000000000000000, 0.000000000000000000, -1.000000000000000000 ) ) ;
#5902 = ADVANCED_FACE ( 'NONE', ( #460 ), #8577, .F. ) ;
#5903 = DATE_AND_TIME ( #6569, #7898 ) ;
#5904 = FACE_OUTER_BOUND ( 'NONE', #3425, .T. ) ;
#5905 = FACE_OUTER_BOUND ( 'NONE', #6979, .T. ) ;
#5906 = EDGE_CURVE ( 'NONE', #6104, #7774, #1806, .T. ) ;
#5907 = SECURITY_CLASSIFICATION ( '', '', #516 ) ;
#5908 = CARTESIAN_POINT ( 'NONE',  ( -3.750000000000000000, 0.000000000000000000, 12.75000000000000000 ) ) ;
#5909 = CARTESIAN_POINT ( 'NONE',  ( 60.14999999999999858, 7.000000000000000000, -28.84999999999999787 ) ) ;
#5910 = APPROVAL_STATUS ( 'not_yet_approved' ) ;
#5911 = ORIENTED_EDGE ( 'NONE', *, *, #5794, .F. ) ;
#5912 = VECTOR ( 'NONE', #2908, 1000.000000000000000 ) ;
#5913 = DATE_AND_TIME ( #6627, #3617 ) ;
#5914 = VERTEX_POINT ( 'NONE', #3211 ) ;
#5915 = PERSON_AND_ORGANIZATION_ROLE ( 'classification_officer' ) ;
#5916 = ORIENTED_EDGE ( 'NONE', *, *, #8287, .T. ) ;
#5917 = EDGE_LOOP ( 'NONE', ( #1954, #1930 ) ) ;
#5918 = CARTESIAN_POINT ( 'NONE',  ( 6.000000000000000000, 6.000000000000000000, 6.000000000000000000 ) ) ;
#5919 = ORIENTED_EDGE ( 'NONE', *, *, #7051, .F. ) ;
#5920 = LINE ( 'NONE', #8682, #6136 ) ;
#5921 = AXIS2_PLACEMENT_3D ( 'NONE', #4798, #6267, #4884 ) ;
#5922 = DIRECTION ( 'NONE',  ( -1.000000000000000000, 0.000000000000000000, -0.000000000000000000 ) ) ;
#5923 = COORDINATED_UNIVERSAL_TIME_OFFSET ( 8, 0, .AHEAD. ) ;
#5924 = ORIENTED_EDGE ( 'NONE', *, *, #5678, .F. ) ;
#5925 = ORIENTED_EDGE ( 'NONE', *, *, #500, .T. ) ;
#5926 = VERTEX_POINT ( 'NONE', #3906 ) ;
#5927 = CC_DESIGN_PERSON_AND_ORGANIZATION_ASSIGNMENT ( #4304, #188, ( #6021 ) ) ;
#5928 = CARTESIAN_POINT ( 'NONE',  ( 14.50000000000000000, 0.000000000000000000, -12.25000000000000000 ) ) ;
#5929 = ORIENTED_EDGE ( 'NONE', *, *, #3947, .F. ) ;
#5930 = DIRECTION ( 'NONE',  ( -0.000000000000000000, -1.000000000000000000, -0.000000000000000000 ) ) ;
#5931 = AXIS2_PLACEMENT_3D ( 'NONE', #5535, #6923, #729 ) ;
#5932 = CARTESIAN_POINT ( 'NONE',  ( -9.500000000000000000, 0.000000000000000000, 1.500000000000000000 ) ) ;
#5933 = PERSON_AND_ORGANIZATION ( #5260, #6155 ) ;
#5934 = VECTOR ( 'NONE', #570, 1000.000000000000000 ) ;
#5935 = DIRECTION ( 'NONE',  ( -1.000000000000000000, -0.000000000000000000, -0.000000000000000000 ) ) ;
#5936 = CARTESIAN_POINT ( 'NONE',  ( 0.000000000000000000, 0.000000000000000000, 0.000000000000000000 ) ) ;
#5937 = EDGE_CURVE ( 'NONE', #7907, #8717, #3860, .T. ) ;
#5938 = DIRECTION ( 'NONE',  ( -0.000000000000000000, -1.000000000000000000, -0.000000000000000000 ) ) ;
#5939 = FACE_OUTER_BOUND ( 'NONE', #4943, .T. ) ;
#5940 = CYLINDRICAL_SURFACE ( 'NONE', #8008, 8.250000000000014211 ) ;
#5941 = COORDINATED_UNIVERSAL_TIME_OFFSET ( 8, 0, .AHEAD. ) ;
#5942 = LINE ( 'NONE', #3815, #8151 ) ;
#5943 = CARTESIAN_POINT ( 'NONE',  ( 0.000000000000000000, 3.000000000000000000, 0.000000000000000000 ) ) ;
#5944 = VECTOR ( 'NONE', #5052, 1000.000000000000000 ) ;
#5945 = EDGE_CURVE ( 'NONE', #7456, #5117, #4392, .T. ) ;
#5946 = LINE ( 'NONE', #8623, #7361 ) ;
#5947 = EDGE_CURVE ( 'NONE', #8540, #8508, #1722, .T. ) ;
#5948 = CARTESIAN_POINT ( 'NONE',  ( -23.00000000000000000, 0.000000000000000000, 10.50000000000000000 ) ) ;
#5949 = AXIS2_PLACEMENT_3D ( 'NONE', #4912, #7639, #1531 ) ;
#5950 = COORDINATED_UNIVERSAL_TIME_OFFSET ( 8, 0, .AHEAD. ) ;
#5951 = ORIENTED_EDGE ( 'NONE', *, *, #7928, .F. ) ;
#5952 = PERSON_AND_ORGANIZATION_ROLE ( 'design_owner' ) ;
#5953 = CIRCLE ( 'NONE', #842, 1.600000000000004086 ) ;
#5954 = ORIENTED_EDGE ( 'NONE', *, *, #6834, .F. ) ;
#5955 = PERSON_AND_ORGANIZATION ( #7277, #8358 ) ;
#5956 = VERTEX_POINT ( 'NONE', #417 ) ;
#5957 = ORIENTED_EDGE ( 'NONE', *, *, #5147, .F. ) ;
#5958 = LINE ( 'NONE', #8720, #6217 ) ;
#5959 = EDGE_LOOP ( 'NONE', ( #8677, #1659, #6233, #4426 ) ) ;
#5960 = EDGE_CURVE ( 'NONE', #4174, #2453, #7125, .T. ) ;
#5961 = DIRECTION ( 'NONE',  ( 1.000000000000000000, -0.000000000000000000, 0.000000000000000000 ) ) ;
#5962 = EDGE_CURVE ( 'NONE', #2986, #746, #1188, .T. ) ;
#5963 = CARTESIAN_POINT ( 'NONE',  ( -54.00000000000000000, 1.599999999999999867, 81.50000000000000000 ) ) ;
#5964 = AXIS2_PLACEMENT_3D ( 'NONE', #158, #1738, #2589 ) ;
#5965 = APPLICATION_PROTOCOL_DEFINITION ( 'international standard', 'config_control_design', 1994, #398 ) ;
#5966 = VERTEX_POINT ( 'NONE', #8670 ) ;
#5967 = EDGE_LOOP ( 'NONE', ( #1674, #7479 ) ) ;
#5968 = CARTESIAN_POINT ( 'NONE',  ( 4.500000000000000000, 0.000000000000000000, 6.000000000000000000 ) ) ;
#5969 = ORIENTED_EDGE ( 'NONE', *, *, #1912, .T. ) ;
#5970 = DIRECTION ( 'NONE',  ( 1.000000000000000000, 0.000000000000000000, 0.000000000000000000 ) ) ;
#5971 = DIRECTION ( 'NONE',  ( -0.000000000000000000, -1.000000000000000000, -0.000000000000000000 ) ) ;
#5972 = PERSON_AND_ORGANIZATION ( #5260, #6155 ) ;
#5973 = CC_DESIGN_DATE_AND_TIME_ASSIGNMENT ( #2448, #8759, ( #349 ) ) ;
#5974 = EDGE_LOOP ( 'NONE', ( #6106, #2503, #3174, #6068 ) ) ;
#5975 = DIRECTION ( 'NONE',  ( 0.000000000000000000, 0.000000000000000000, -1.000000000000000000 ) ) ;
#5976 = VECTOR ( 'NONE', #5098, 1000.000000000000000 ) ;
#5977 = CARTESIAN_POINT ( 'NONE',  ( 6.000000000000000000, 0.000000000000000000, 6.000000000000000000 ) ) ;
#5978 = EDGE_CURVE ( 'NONE', #5559, #5385, #2538, .T. ) ;
#5979 = DIRECTION ( 'NONE',  ( 0.000000000000000000, 0.000000000000000000, 1.000000000000000000 ) ) ;
#5980 = AXIS2_PLACEMENT_3D ( 'NONE', #4371, #2916, #3053 ) ;
#5981 = DIRECTION ( 'NONE',  ( 0.000000000000000000, 0.000000000000000000, 1.000000000000000000 ) ) ;
#5982 = PLANE ( 'NONE',  #8757 ) ;
#5983 = CC_DESIGN_DATE_AND_TIME_ASSIGNMENT ( #5604, #6992, ( #7571 ) ) ;
#5984 = ADVANCED_FACE ( 'NONE', ( #641 ), #2666, .F. ) ;
#5985 = DIRECTION ( 'NONE',  ( 1.000000000000000000, -0.000000000000000000, 0.000000000000000000 ) ) ;
#5986 = APPLICATION_CONTEXT ( 'configuration controlled 3d designs of mechanical parts and assemblies' ) ;
#5987 = CARTESIAN_POINT ( 'NONE',  ( -60.14999999999999858, 5.000000000000000000, 80.00000000000000000 ) ) ;
#5988 = LINE ( 'NONE', #8749, #6045 ) ;
#5989 = CARTESIAN_POINT ( 'NONE',  ( 39.00000000000000000, 3.000000000000000000, 19.50000000000000000 ) ) ;
#5990 = PERSON_AND_ORGANIZATION ( #5260, #6155 ) ;
#5991 = CALENDAR_DATE ( 2026, 26, 7 ) ;
#5992 = VECTOR ( 'NONE', #3240, 1000.000000000000000 ) ;
#5993 = ORIENTED_EDGE ( 'NONE', *, *, #4755, .F. ) ;
#5994 = DATE_AND_TIME ( #4624, #2201 ) ;
#5995 = VERTEX_POINT ( 'NONE', #4659 ) ;
#5996 = CC_DESIGN_PERSON_AND_ORGANIZATION_ASSIGNMENT ( #5990, #4252, ( #8465 ) ) ;
#5997 = VECTOR ( 'NONE', #5211, 1000.000000000000000 ) ;
#5998 = ORIENTED_EDGE ( 'NONE', *, *, #6282, .T. ) ;
#5999 = CARTESIAN_POINT ( 'NONE',  ( -28.50000000000000000, 2.500000000000000000, -57.00000000000000000 ) ) ;
#6000 = ORIENTED_EDGE ( 'NONE', *, *, #6556, .T. ) ;
#6001 = CARTESIAN_POINT ( 'NONE',  ( -39.00000000000000000, 5.000000000000000000, 19.50000000000000000 ) ) ;
#6002 = CC_DESIGN_APPROVAL ( #881, ( #4307 ) ) ;
#6003 = VECTOR ( 'NONE', #8393, 1000.000000000000000 ) ;
#6004 = DIRECTION ( 'NONE',  ( 0.000000000000000000, 0.000000000000000000, 1.000000000000000000 ) ) ;
#6005 = CARTESIAN_POINT ( 'NONE',  ( 121.0000000000000000, 18.00000000000000000, -63.00000000000000000 ) ) ;
#6006 = APPLICATION_PROTOCOL_DEFINITION ( 'international standard', 'config_control_design', 1994, #6907 ) ;
#6007 = SECURITY_CLASSIFICATION_LEVEL ( 'unclassified' ) ;
#6008 = EDGE_CURVE ( 'NONE', #4936, #2341, #3987, .T. ) ;
#6009 = ORIENTED_EDGE ( 'NONE', *, *, #8050, .T. ) ;
#6010 = LOCAL_TIME ( 21, 54, 55.00000000000000000, #4858 ) ;
#6011 = VECTOR ( 'NONE', #5578, 1000.000000000000000 ) ;
#6012 = CARTESIAN_POINT ( 'NONE',  ( 110.0000000000000000, 28.00000000000000000, 98.50000000000000000 ) ) ;
#6014 = ORIENTED_EDGE ( 'NONE', *, *, #3485, .T. ) ;
#6013 = EDGE_CURVE ( 'NONE', #2447, #3017, #2752, .T. ) ;
#6015 = FACE_OUTER_BOUND ( 'NONE', #6157, .T. ) ;
#6016 = LOCAL_TIME ( 21, 54, 55.00000000000000000, #5923 ) ;
#6017 = CARTESIAN_POINT ( 'NONE',  ( -9.500000000000000000, 2.500000000000000000, -22.50000000000000000 ) ) ;
#6018 = PERSON_AND_ORGANIZATION_ROLE ( 'creator' ) ;
#6019 = DIRECTION ( 'NONE',  ( -1.000000000000000000, 0.000000000000000000, 0.000000000000000000 ) ) ;
#6020 = CARTESIAN_POINT ( 'NONE',  ( -39.75000000000000000, 2.500000000000000000, -79.00000000000000000 ) ) ;
#6021 = PRODUCT_DEFINITION_FORMATION_WITH_SPECIFIED_SOURCE ( '任何', '', #2254, .NOT_KNOWN. ) ;
#6022 = FACE_OUTER_BOUND ( 'NONE', #7950, .T. ) ;
#6023 = DIRECTION ( 'NONE',  ( 0.000000000000000000, -1.000000000000000000, 0.000000000000000000 ) ) ;
#6024 = DIRECTION ( 'NONE',  ( -1.000000000000000000, -0.000000000000000000, -0.000000000000000000 ) ) ;
#6025 = EDGE_CURVE ( 'NONE', #3674, #475, #6704, .T. ) ;
#6026 = ADVANCED_FACE ( 'NONE', ( #3317 ), #1927, .F. ) ;
#6027 = COORDINATED_UNIVERSAL_TIME_OFFSET ( 8, 0, .AHEAD. ) ;
#6028 = ADVANCED_FACE ( 'NONE', ( #3374 ), #8798, .F. ) ;
#6029 = DIRECTION ( 'NONE',  ( -1.000000000000000000, 0.000000000000000000, -0.000000000000000000 ) ) ;
#6030 = DIRECTION ( 'NONE',  ( -0.000000000000000000, -1.000000000000000000, -0.000000000000000000 ) ) ;
#6031 = PRODUCT_DEFINITION_SHAPE ( 'NONE', 'NONE',  #8880 ) ;
#6032 = PRODUCT_DEFINITION ( '未知', '', #6021, #3251 ) ;
#6033 = APPROVAL_PERSON_ORGANIZATION ( #2970, #7680, #2877 ) ;
#6034 = DIRECTION ( 'NONE',  ( 0.000000000000000000, -0.000000000000000000, -1.000000000000000000 ) ) ;
#6035 = CARTESIAN_POINT ( 'NONE',  ( 21.25000000000000000, 0.000000000000000000, 10.50000000000000000 ) ) ;
#6036 = PERSON_AND_ORGANIZATION ( #5260, #6155 ) ;
#6038 = ORIENTED_EDGE ( 'NONE', *, *, #4821, .F. ) ;
#6037 = APPLICATION_CONTEXT ( 'configuration controlled 3d designs of mechanical parts and assemblies' ) ;
#6039 = CALENDAR_DATE ( 2026, 26, 7 ) ;
#6040 = ORIENTED_EDGE ( 'NONE', *, *, #4770, .T. ) ;
#6041 = EDGE_LOOP ( 'NONE', ( #1651, #3607, #4877, #2547 ) ) ;
#6042 = SECURITY_CLASSIFICATION ( '', '', #6007 ) ;
#6043 = ORIENTED_EDGE ( 'NONE', *, *, #2973, .T. ) ;
#6044 = CARTESIAN_POINT ( 'NONE',  ( -39.00000000000000000, 3.000000000000000000, -20.75000000000000355 ) ) ;
#6045 = VECTOR ( 'NONE', #2621, 1000.000000000000000 ) ;
#6046 = PLANE ( 'NONE',  #1665 ) ;
#6047 = ORIENTED_EDGE ( 'NONE', *, *, #505, .F. ) ;
#6048 = SHAPE_REPRESENTATION ( 'FN-SUB-002_tilt-reference-plate_M3_R0.2', ( #7312 ), #1048 ) ;
#6049 = LINE ( 'NONE', #6719, #2600 ) ;
#6050 = CC_DESIGN_PERSON_AND_ORGANIZATION_ASSIGNMENT ( #7807, #3002, ( #461 ) ) ;
#6051 = APPROVAL_PERSON_ORGANIZATION ( #7670, #4128, #7800 ) ;
#6052 = CARTESIAN_POINT ( 'NONE',  ( -9.500000000000000000, 0.000000000000000000, 4.500000000000000000 ) ) ;
#6053 = MECHANICAL_CONTEXT ( 'NONE', #8700, 'mechanical' ) ;
#6054 = AXIS2_PLACEMENT_3D ( 'NONE', #184, #1540, #5675 ) ;
#6055 = APPROVAL_DATE_TIME ( #7441, #199 ) ;
#6056 = CALENDAR_DATE ( 2026, 26, 7 ) ;
#6057 = EDGE_LOOP ( 'NONE', ( #7262, #6302, #7, #4592 ) ) ;
#6058 = SECURITY_CLASSIFICATION ( '', '', #4498 ) ;
#6059 = DIRECTION ( 'NONE',  ( -0.000000000000000000, -0.000000000000000000, 1.000000000000000000 ) ) ;
#6060 = VERTEX_POINT ( 'NONE', #8103 ) ;
#6061 = DIRECTION ( 'NONE',  ( 0.000000000000000000, 0.000000000000000000, -1.000000000000000000 ) ) ;
#6062 = PRODUCT_DEFINITION ( '未知', '', #7300, #3153 ) ;
#6063 = ADVANCED_FACE ( 'NONE', ( #2706 ), #55, .F. ) ;
#6064 = VECTOR ( 'NONE', #5245, 1000.000000000000000 ) ;
#6065 = FACE_OUTER_BOUND ( 'NONE', #5765, .T. ) ;
#6066 = PERSON_AND_ORGANIZATION ( #5260, #6155 ) ;
#6067 = EDGE_CURVE ( 'NONE', #7495, #7260, #7422, .T. ) ;
#6068 = ORIENTED_EDGE ( 'NONE', *, *, #2039, .F. ) ;
#6069 = DIRECTION ( 'NONE',  ( 0.000000000000000000, -0.000000000000000000, -1.000000000000000000 ) ) ;
#6070 = CARTESIAN_POINT ( 'NONE',  ( -60.14999999999999858, 5.000000000000000000, 28.84999999999999787 ) ) ;
#6071 = CARTESIAN_POINT ( 'NONE',  ( 9.000000000000000000, 2.500000000000000000, 35.00000000000000000 ) ) ;
#6072 = DIRECTION ( 'NONE',  ( 1.000000000000000000, 0.000000000000000000, 0.000000000000000000 ) ) ;
#6073 = ADVANCED_FACE ( 'NONE', ( #7473 ), #3461, .T. ) ;
#6074 = DIRECTION ( 'NONE',  ( 0.000000000000000000, 0.000000000000000000, 1.000000000000000000 ) ) ;
#6075 = EDGE_CURVE ( 'NONE', #1293, #2497, #5361, .T. ) ;
#6076 = ORIENTED_EDGE ( 'NONE', *, *, #193, .T. ) ;
#6077 = CARTESIAN_POINT ( 'NONE',  ( -3.750000000000000000, 0.000000000000000000, -12.75000000000000000 ) ) ;
#6078 = VECTOR ( 'NONE', #7868, 1000.000000000000000 ) ;
#6079 = DIRECTION ( 'NONE',  ( 0.000000000000000000, 0.000000000000000000, 1.000000000000000000 ) ) ;
#6080 = DIRECTION ( 'NONE',  ( 0.000000000000000000, -1.000000000000000000, 0.000000000000000000 ) ) ;
#6081 = AXIS2_PLACEMENT_3D ( 'NONE', #6937, #8566, #7826 ) ;
#6082 = DIRECTION ( 'NONE',  ( 0.000000000000000000, -1.000000000000000000, 0.000000000000000000 ) ) ;
#6083 = DIRECTION ( 'NONE',  ( 0.000000000000000000, -1.000000000000000000, 0.000000000000000000 ) ) ;
#6084 = APPROVAL_ROLE ( '' ) ;
#6085 = VERTEX_POINT ( 'NONE', #1232 ) ;
#6086 = DATE_AND_TIME ( #8107, #5034 ) ;
#6087 = CC_DESIGN_DATE_AND_TIME_ASSIGNMENT ( #5296, #4471, ( #6042 ) ) ;
#6088 = VERTEX_POINT ( 'NONE', #8840 ) ;
#6089 = VECTOR ( 'NONE', #317, 1000.000000000000000 ) ;
#6090 = ORIENTED_EDGE ( 'NONE', *, *, #83, .T. ) ;
#6091 = VERTEX_POINT ( 'NONE', #5322 ) ;
#6092 = CARTESIAN_POINT ( 'NONE',  ( 101.7500000000000000, 28.00000000000000000, 98.50000000000000000 ) ) ;
#6093 = PRODUCT_DEFINITION_SHAPE ( 'NONE', 'NONE',  #8871 ) ;
#6094 = CARTESIAN_POINT ( 'NONE',  ( -45.00000000000000000, 0.000000000000000000, -29.00000000000000000 ) ) ;
#6095 = VERTEX_POINT ( 'NONE', #4037 ) ;
#6096 = CARTESIAN_POINT ( 'NONE',  ( -60.14999999999999858, 5.000000000000000000, -28.84999999999999787 ) ) ;
#6097 = ORIENTED_EDGE ( 'NONE', *, *, #1502, .T. ) ;
#6098 = CARTESIAN_POINT ( 'NONE',  ( 39.75000000000000000, 0.000000000000000000, 62.00000000000000000 ) ) ;
#6099 = DIRECTION ( 'NONE',  ( 0.000000000000000000, 0.000000000000000000, 1.000000000000000000 ) ) ;
#6100 = COORDINATED_UNIVERSAL_TIME_OFFSET ( 8, 0, .AHEAD. ) ;
#6101 = APPROVAL_DATE_TIME ( #6192, #814 ) ;
#6102 = ORIENTED_EDGE ( 'NONE', *, *, #4189, .F. ) ;
#6103 = EDGE_CURVE ( 'NONE', #6459, #7386, #4789, .T. ) ;
#6104 = VERTEX_POINT ( 'NONE', #4694 ) ;
#6105 = LINE ( 'NONE', #4639, #8046 ) ;
#6106 = ORIENTED_EDGE ( 'NONE', *, *, #2979, .F. ) ;
#6107 = LINE ( 'NONE', #3441, #6521 ) ;
#6108 = CARTESIAN_POINT ( 'NONE',  ( -19.00000000000000000, 15.00000000000000000, 9.000000000000000000 ) ) ;
#6109 = SECURITY_CLASSIFICATION_LEVEL ( 'unclassified' ) ;
#6110 = ORIENTED_EDGE ( 'NONE', *, *, #5737, .F. ) ;
#6111 = CARTESIAN_POINT ( 'NONE',  ( -39.00000000000000000, 3.000000000000000000, -18.24999999999999645 ) ) ;
#6112 = APPROVAL ( #8383, '未指定' ) ;
#6113 = VECTOR ( 'NONE', #3490, 1000.000000000000000 ) ;
#6114 = DIRECTION ( 'NONE',  ( -0.000000000000000000, -1.000000000000000000, -0.000000000000000000 ) ) ;
#6115 = EDGE_CURVE ( 'NONE', #121, #6597, #4081, .T. ) ;
#6116 = CARTESIAN_POINT ( 'NONE',  ( -57.50000000000000000, 35.00000000000000000, -85.00000000000000000 ) ) ;
#6117 = SHAPE_REPRESENTATION_RELATIONSHIP ( 'NONE' , 'NONE' ,  #5102, #577 ) ;
#6118 = LINE ( 'NONE', #2569, #5099 ) ;
#6119 = SHAPE_REPRESENTATION ( 'FN-HAR-009_W1-pv-input_R0.5', ( #7312 ), #8327 ) ;
#6120 = CARTESIAN_POINT ( 'NONE',  ( 4.500000000000000000, 2.500000000000000000, -13.00000000000000000 ) ) ;
#6121 = DATE_AND_TIME ( #5451, #48 ) ;
#6122 = AXIS2_PLACEMENT_3D ( 'NONE', #5314, #6023, #8051 ) ;
#6123 = CLOSED_SHELL ( 'NONE', ( #5414, #3254, #7990, #4403, #6348, #5134, #7115, #2060, #5374, #6180, #953, #6599, #1277, #2382, #2930, #6063, #8481, #6831, #1491, #3894, #7220, #5553 ) ) ;
#6124 = CARTESIAN_POINT ( 'NONE',  ( 9.500000000000000000, 0.000000000000000000, 22.50000000000000000 ) ) ;
#6125 = EDGE_CURVE ( 'NONE', #2431, #3260, #1217, .T. ) ;
#6126 = CARTESIAN_POINT ( 'NONE',  ( -57.50000000000000000, 1.600000000000000089, 85.00000000000000000 ) ) ;
#6127 = CARTESIAN_POINT ( 'NONE',  ( -39.00000000000000000, 38.00000000000000000, 17.69999999999999929 ) ) ;
#6128 = LINE ( 'NONE', #4, #3733 ) ;
#6129 = DATE_AND_TIME ( #1314, #4019 ) ;
#6130 = ORIENTED_EDGE ( 'NONE', *, *, #3898, .F. ) ;
#6131 = PERSON_AND_ORGANIZATION ( #5260, #6155 ) ;
#6132 = ORIENTED_EDGE ( 'NONE', *, *, #3492, .T. ) ;
#6133 = ORIENTED_EDGE ( 'NONE', *, *, #7333, .T. ) ;
#6134 = DIRECTION ( 'NONE',  ( -0.000000000000000000, -1.000000000000000000, -0.000000000000000000 ) ) ;
#6135 = CARTESIAN_POINT ( 'NONE',  ( 60.14999999999999858, 0.000000000000000000, 28.84999999999999787 ) ) ;
#6136 = VECTOR ( 'NONE', #428, 1000.000000000000000 ) ;
#6137 = LINE ( 'NONE', #18, #153 ) ;
#6138 = ORIENTED_EDGE ( 'NONE', *, *, #5839, .T. ) ;
#6139 = DIRECTION ( 'NONE',  ( 0.000000000000000000, 0.000000000000000000, 1.000000000000000000 ) ) ;
#6140 = APPROVAL_STATUS ( 'not_yet_approved' ) ;
#6141 = VECTOR ( 'NONE', #6413, 1000.000000000000000 ) ;
#6142 = ADVANCED_FACE ( 'NONE', ( #1406 ), #6844, .F. ) ;
#6143 = ORIENTED_EDGE ( 'NONE', *, *, #2596, .F. ) ;
#6144 = COORDINATED_UNIVERSAL_TIME_OFFSET ( 8, 0, .AHEAD. ) ;
#6145 = VERTEX_POINT ( 'NONE', #6661 ) ;
#6146 = ORIENTED_EDGE ( 'NONE', *, *, #7825, .T. ) ;
#6147 = CARTESIAN_POINT ( 'NONE',  ( 36.00000000000000000, 0.000000000000000000, 33.50000000000000000 ) ) ;
#6148 = ORIENTED_EDGE ( 'NONE', *, *, #1221, .T. ) ;
#6149 = AXIS2_PLACEMENT_3D ( 'NONE', #5533, #629, #45 ) ;
#6150 = VECTOR ( 'NONE', #3635, 1000.000000000000000 ) ;
#6151 = CC_DESIGN_PERSON_AND_ORGANIZATION_ASSIGNMENT ( #7532, #4136, ( #7466 ) ) ;
#6152 = LINE ( 'NONE', #32, #2691 ) ;
#6153 =( NAMED_UNIT ( * ) SI_UNIT ( $, .STERADIAN. ) SOLID_ANGLE_UNIT ( ) );
#6154 = APPROVAL_STATUS ( 'not_yet_approved' ) ;
#6155 = ORGANIZATION ( '未指定', '未指定', '' ) ;
#6156 = CIRCLE ( 'NONE', #8468, 1.250000000000004663 ) ;
#6157 = EDGE_LOOP ( 'NONE', ( #8805, #5929, #3696, #6000 ) ) ;
#6158 = CARTESIAN_POINT ( 'NONE',  ( -20.25000000000000000, 0.000000000000000000, 66.00000000000000000 ) ) ;
#6159 = CARTESIAN_POINT ( 'NONE',  ( 39.00000000000000000, 0.000000000000000000, 18.24999999999999645 ) ) ;
#6160 = EDGE_LOOP ( 'NONE', ( #324, #4331 ) ) ;
#6161 = ORIENTED_EDGE ( 'NONE', *, *, #5191, .T. ) ;
#6162 = CYLINDRICAL_SURFACE ( 'NONE', #6977, 1.250000000000004663 ) ;
#6163 = CARTESIAN_POINT ( 'NONE',  ( 92.00000000000000000, 14.00000000000000000, -62.00000000000000000 ) ) ;
#6164 = CC_DESIGN_APPROVAL ( #2079, ( #6440 ) ) ;
#6165 = CARTESIAN_POINT ( 'NONE',  ( 25.50000000000000000, 2.500000000000000000, 60.00000000000000000 ) ) ;
#6166 = PRODUCT_DEFINITION ( '未知', '', #7318, #5375 ) ;
#6167 = CARTESIAN_POINT ( 'NONE',  ( 60.00000000000000000, 28.00000000000000000, 98.50000000000000000 ) ) ;
#6168 = PRODUCT ( 'FN-PWR-002_cn3791-module-envelope_R0.5', 'FN-PWR-002_cn3791-module-envelope_R0.5', '', ( #2720 ) ) ;
#6169 = APPROVAL_STATUS ( 'not_yet_approved' ) ;
#6170 = CARTESIAN_POINT ( 'NONE',  ( 39.00000000000000000, 0.000000000000000000, 19.50000000000000000 ) ) ;
#6171 = SECURITY_CLASSIFICATION ( '', '', #3034 ) ;
#6172 =( GEOMETRIC_REPRESENTATION_CONTEXT ( 3 ) GLOBAL_UNCERTAINTY_ASSIGNED_CONTEXT ( ( #914 ) ) GLOBAL_UNIT_ASSIGNED_CONTEXT ( ( #4837, #2029, #3878 ) ) REPRESENTATION_CONTEXT ( 'NONE', 'WORKASPACE' ) );
#6173 = LINE ( 'NONE', #4036, #4246 ) ;
#6174 = CARTESIAN_POINT ( 'NONE',  ( -4.000000000000000000, 2.500000000000000000, -52.00000000000000000 ) ) ;
#6175 = EDGE_CURVE ( 'NONE', #3098, #125, #5988, .T. ) ;
#6176 = CC_DESIGN_APPROVAL ( #869, ( #2457 ) ) ;
#6177 = CARTESIAN_POINT ( 'NONE',  ( 60.14999999999999858, 7.000000000000000000, -81.75000000000000000 ) ) ;
#6178 = VERTEX_POINT ( 'NONE', #8059 ) ;
#6179 = COORDINATED_UNIVERSAL_TIME_OFFSET ( 8, 0, .AHEAD. ) ;
#6180 = ADVANCED_FACE ( 'NONE', ( #1271 ), #2203, .F. ) ;
#6181 = ORIENTED_EDGE ( 'NONE', *, *, #7308, .T. ) ;
#6182 = LINE ( 'NONE', #2802, #1673 ) ;
#6183 = SECURITY_CLASSIFICATION ( '', '', #588 ) ;
#6184 = CARTESIAN_POINT ( 'NONE',  ( -4.500000000000000000, 2.500000000000000000, 13.00000000000000000 ) ) ;
#6185 = DIRECTION ( 'NONE',  ( 1.000000000000000000, 0.000000000000000000, 0.000000000000000000 ) ) ;
#6186 = ORIENTED_EDGE ( 'NONE', *, *, #278, .T. ) ;
#6187 = EDGE_CURVE ( 'NONE', #6549, #2467, #6259, .T. ) ;
#6188 = CARTESIAN_POINT ( 'NONE',  ( 3.500000000000003109, 0.000000000000000000, 12.25000000000000000 ) ) ;
#6189 = CARTESIAN_POINT ( 'NONE',  ( -126.0000000000000000, 18.00000000000000000, -96.00000000000000000 ) ) ;
#6190 = LOCAL_TIME ( 21, 54, 55.00000000000000000, #3967 ) ;
#6191 = APPROVAL_STATUS ( 'not_yet_approved' ) ;
#6192 = DATE_AND_TIME ( #3477, #3919 ) ;
#6193 = ORIENTED_EDGE ( 'NONE', *, *, #3353, .T. ) ;
#6194 = ORIENTED_EDGE ( 'NONE', *, *, #4267, .T. ) ;
#6195 = CARTESIAN_POINT ( 'NONE',  ( -54.00000000000000000, 1.599999999999999867, 79.90000000000000568 ) ) ;
#6196 = ORIENTED_EDGE ( 'NONE', *, *, #6187, .F. ) ;
#6197 = LOCAL_TIME ( 21, 54, 55.00000000000000000, #1468 ) ;
#6198 = CARTESIAN_POINT ( 'NONE',  ( -28.50000000000000000, 2.500000000000000000, -60.00000000000000000 ) ) ;
#6199 = CALENDAR_DATE ( 2026, 26, 7 ) ;
#6200 = CIRCLE ( 'NONE', #5546, 1.750000000000001554 ) ;
#6201 = VECTOR ( 'NONE', #8446, 1000.000000000000000 ) ;
#6202 = APPROVAL ( #3380, '未指定' ) ;
#6203 = DIRECTION ( 'NONE',  ( 0.000000000000000000, 0.000000000000000000, -1.000000000000000000 ) ) ;
#6204 = CARTESIAN_POINT ( 'NONE',  ( 57.50000000000000000, 1.600000000000000089, 85.00000000000000000 ) ) ;
#6205 = VERTEX_POINT ( 'NONE', #7073 ) ;
#6206 = CARTESIAN_POINT ( 'NONE',  ( -9.000000000000000000, 0.000000000000000000, 39.00000000000000000 ) ) ;
#6207 = DIRECTION ( 'NONE',  ( 0.000000000000000000, 0.000000000000000000, 1.000000000000000000 ) ) ;
#6208 = PLANE ( 'NONE',  #6568 ) ;
#6209 = CARTESIAN_POINT ( 'NONE',  ( -21.25000000000000000, 0.000000000000000000, -6.500000000000000000 ) ) ;
#6210 = CALENDAR_DATE ( 2026, 26, 7 ) ;
#6211 = DIRECTION ( 'NONE',  ( 1.000000000000000000, -0.000000000000000000, 0.000000000000000000 ) ) ;
#6212 = EDGE_CURVE ( 'NONE', #5309, #2035, #357, .T. ) ;
#6213 = CARTESIAN_POINT ( 'NONE',  ( -39.00000000000000000, 38.00000000000000000, -21.30000000000000071 ) ) ;
#6214 = VECTOR ( 'NONE', #1107, 1000.000000000000000 ) ;
#6215 = APPLICATION_CONTEXT ( 'configuration controlled 3d designs of mechanical parts and assemblies' ) ;
#6216 = CARTESIAN_POINT ( 'NONE',  ( -1.000000000000000000, 0.000000000000000000, 7.750000000000000000 ) ) ;
#6217 = VECTOR ( 'NONE', #1913, 1000.000000000000000 ) ;
#6218 = DIRECTION ( 'NONE',  ( 0.000000000000000000, 0.000000000000000000, -1.000000000000000000 ) ) ;
#6219 = COORDINATED_UNIVERSAL_TIME_OFFSET ( 8, 0, .AHEAD. ) ;
#6220 = ORIENTED_EDGE ( 'NONE', *, *, #8506, .T. ) ;
#6221 = AXIS2_PLACEMENT_3D ( 'NONE', #903, #7727, #3055 ) ;
#6222 = DIRECTION ( 'NONE',  ( -1.000000000000000000, 0.000000000000000000, -0.000000000000000000 ) ) ;
#6223 = ADVANCED_FACE ( 'NONE', ( #785 ), #8341, .F. ) ;
#6224 = DIRECTION ( 'NONE',  ( -0.000000000000000000, -0.000000000000000000, 1.000000000000000000 ) ) ;
#6225 = PERSON ( 'NAUO-PER3', 'UNSPECIFIED', 'UNSPECIFIED', ('UNSPECIFIED'), ('UNSPECIFIED'), ('UNSPECIFIED') ) ;
#6226 = EDGE_CURVE ( 'NONE', #1285, #7978, #4348, .T. ) ;
#6227 = CARTESIAN_POINT ( 'NONE',  ( 45.00000000000000000, 36.00000000000000000, 29.00000000000000000 ) ) ;
#6228 = ORIENTED_EDGE ( 'NONE', *, *, #1058, .F. ) ;
#6229 = CARTESIAN_POINT ( 'NONE',  ( 60.00000000000000000, 3.000000000000000000, 42.50000000000000000 ) ) ;
#6230 = PERSON_AND_ORGANIZATION ( #5260, #6155 ) ;
#6231 = VERTEX_POINT ( 'NONE', #8284 ) ;
#6232 = PERSON_AND_ORGANIZATION_ROLE ( 'design_owner' ) ;
#6233 = ORIENTED_EDGE ( 'NONE', *, *, #4609, .F. ) ;
#6234 = ORIENTED_EDGE ( 'NONE', *, *, #4790, .T. ) ;
#6235 = EDGE_CURVE ( 'NONE', #7685, #5481, #7648, .T. ) ;
#6236 = DIRECTION ( 'NONE',  ( 1.000000000000000000, 0.000000000000000000, 0.000000000000000000 ) ) ;
#6237 = EDGE_LOOP ( 'NONE', ( #7947, #5622, #854, #7303 ) ) ;
#6238 = PRODUCT_DEFINITION_SHAPE ( 'NONE', 'NONE',  #2910 ) ;
#6239 = DIRECTION ( 'NONE',  ( 0.000000000000000000, 0.000000000000000000, -1.000000000000000000 ) ) ;
#6240 =( NAMED_UNIT ( * ) PLANE_ANGLE_UNIT ( ) SI_UNIT ( $, .RADIAN. ) );
#6241 = PERSON_AND_ORGANIZATION ( #5260, #6155 ) ;
#6242 = ORIENTED_EDGE ( 'NONE', *, *, #6775, .F. ) ;
#6243 = ORIENTED_EDGE ( 'NONE', *, *, #43, .T. ) ;
#6244 = FACE_OUTER_BOUND ( 'NONE', #1275, .T. ) ;
#6245 = DIRECTION ( 'NONE',  ( 1.000000000000000000, 0.000000000000000000, 0.000000000000000000 ) ) ;
#6246 = ORIENTED_EDGE ( 'NONE', *, *, #3986, .T. ) ;
#6247 = VECTOR ( 'NONE', #7706, 1000.000000000000000 ) ;
#6248 = CARTESIAN_POINT ( 'NONE',  ( -39.75000000000000000, 0.000000000000000000, -79.00000000000000000 ) ) ;
#6249 = DIRECTION ( 'NONE',  ( 0.000000000000000000, 0.000000000000000000, 1.000000000000000000 ) ) ;
#6250 = VECTOR ( 'NONE', #4923, 1000.000000000000000 ) ;
#6251 = LINE ( 'NONE', #6383, #2318 ) ;
#6252 = CONTEXT_DEPENDENT_SHAPE_REPRESENTATION ( #3438, #3536 ) ;
#6253 = EDGE_CURVE ( 'NONE', #2801, #1518, #5636, .T. ) ;
#6254 = LINE ( 'NONE', #6389, #572 ) ;
#6255 = DIRECTION ( 'NONE',  ( 0.000000000000000000, 0.000000000000000000, 1.000000000000000000 ) ) ;
#6256 = UNCERTAINTY_MEASURE_WITH_UNIT (LENGTH_MEASURE( 1.000000000000000082E-05 ), #2509, 'distance_accuracy_value', 'NONE');
#6257 = ORIENTED_EDGE ( 'NONE', *, *, #1773, .T. ) ;
#6258 = CC_DESIGN_PERSON_AND_ORGANIZATION_ASSIGNMENT ( #5071, #8491, ( #6171 ) ) ;
#6259 = LINE ( 'NONE', #227, #2654 ) ;
#6260 = VECTOR ( 'NONE', #1436, 1000.000000000000000 ) ;
#6261 = DIRECTION ( 'NONE',  ( -1.000000000000000000, 0.000000000000000000, -0.000000000000000000 ) ) ;
#6262 = AXIS2_PLACEMENT_3D ( 'NONE', #2065, #1263, #8790 ) ;
#6263 =( LENGTH_UNIT ( ) NAMED_UNIT ( * ) SI_UNIT ( .MILLI., .METRE. ) );
#6264 = EDGE_LOOP ( 'NONE', ( #6993, #7219 ) ) ;
#6265 = PERSON_AND_ORGANIZATION_ROLE ( 'classification_officer' ) ;
#6266 = DIRECTION ( 'NONE',  ( 0.000000000000000000, 0.000000000000000000, 1.000000000000000000 ) ) ;
#6267 = DIRECTION ( 'NONE',  ( 1.000000000000000000, -0.000000000000000000, 0.000000000000000000 ) ) ;
#6268 = CYLINDRICAL_SURFACE ( 'NONE', #1538, 1.750000000000001554 ) ;
#6269 = CARTESIAN_POINT ( 'NONE',  ( -45.00000000000000000, 0.000000000000000000, 29.00000000000000000 ) ) ;
#6270 = ORIENTED_EDGE ( 'NONE', *, *, #5058, .F. ) ;
#6271 = DIRECTION ( 'NONE',  ( 0.000000000000000000, 0.000000000000000000, -1.000000000000000000 ) ) ;
#6272 = PERSON_AND_ORGANIZATION ( #5260, #6155 ) ;
#6273 = CC_DESIGN_DATE_AND_TIME_ASSIGNMENT ( #3213, #7173, ( #754 ) ) ;
#6274 = APPROVAL_DATE_TIME ( #4983, #6530 ) ;
#6275 = ORIENTED_EDGE ( 'NONE', *, *, #4294, .T. ) ;
#6276 = APPROVAL_DATE_TIME ( #2360, #4128 ) ;
#6277 = VERTEX_POINT ( 'NONE', #4834 ) ;
#6278 = DIRECTION ( 'NONE',  ( 0.000000000000000000, 0.000000000000000000, 1.000000000000000000 ) ) ;
#6279 = ORIENTED_EDGE ( 'NONE', *, *, #669, .F. ) ;
#6280 = DIRECTION ( 'NONE',  ( 0.000000000000000000, -1.000000000000000000, 0.000000000000000000 ) ) ;
#6281 = VECTOR ( 'NONE', #5380, 1000.000000000000000 ) ;
#6282 = EDGE_CURVE ( 'NONE', #7446, #2174, #2935, .T. ) ;
#6283 = DATE_AND_TIME ( #853, #5738 ) ;
#6284 = EDGE_CURVE ( 'NONE', #2467, #2699, #8238, .T. ) ;
#6285 = ORIENTED_EDGE ( 'NONE', *, *, #5411, .T. ) ;
#6286 = EDGE_CURVE ( 'NONE', #8254, #7495, #3598, .T. ) ;
#6287 = LINE ( 'NONE', #3571, #3203 ) ;
#6288 = AXIS2_PLACEMENT_3D ( 'NONE', #6890, #7474, #1984 ) ;
#6289 = LINE ( 'NONE', #7058, #5556 ) ;
#6290 = EDGE_LOOP ( 'NONE', ( #8645, #4713, #2359, #6455 ) ) ;
#6291 = CARTESIAN_POINT ( 'NONE',  ( 0.000000000000000000, 2.500000000000000000, -7.750000000000000000 ) ) ;
#6292 = AXIS2_PLACEMENT_3D ( 'NONE', #8688, #3927, #434 ) ;
#6293 = DIRECTION ( 'NONE',  ( 0.000000000000000000, -1.000000000000000000, 0.000000000000000000 ) ) ;
#6294 = LOCAL_TIME ( 21, 54, 55.00000000000000000, #972 ) ;
#6295 = FACE_OUTER_BOUND ( 'NONE', #7590, .T. ) ;
#6297 = VECTOR ( 'NONE', #7953, 1000.000000000000000 ) ;
#6296 = COORDINATED_UNIVERSAL_TIME_OFFSET ( 8, 0, .AHEAD. ) ;
#6298 = DATE_TIME_ROLE ( 'classification_date' ) ;
#6299 = CARTESIAN_POINT ( 'NONE',  ( -8.750000000000000000, 2.500000000000000000, 8.250000000000000000 ) ) ;
#6300 = PLANE ( 'NONE',  #3838 ) ;
#6301 = SECURITY_CLASSIFICATION ( '', '', #5277 ) ;
#6302 = ORIENTED_EDGE ( 'NONE', *, *, #3434, .T. ) ;
#6303 = FACE_OUTER_BOUND ( 'NONE', #8761, .T. ) ;
#6304 = EDGE_CURVE ( 'NONE', #3526, #7205, #7741, .T. ) ;
#6305 = DIRECTION ( 'NONE',  ( -1.000000000000000000, 0.000000000000000000, 0.000000000000000000 ) ) ;
#6306 = ORIENTED_EDGE ( 'NONE', *, *, #6284, .F. ) ;
#6307 = CC_DESIGN_APPROVAL ( #4788, ( #7453 ) ) ;
#6308 = PERSON_AND_ORGANIZATION ( #5260, #6155 ) ;
#6309 = AXIS2_PLACEMENT_3D ( 'NONE', #4204, #6249, #2787 ) ;
#6310 = ORIENTED_EDGE ( 'NONE', *, *, #2777, .T. ) ;
#6311 = CC_DESIGN_PERSON_AND_ORGANIZATION_ASSIGNMENT ( #6308, #4350, ( #6021 ) ) ;
#6312 = DIRECTION ( 'NONE',  ( -1.000000000000000000, 0.000000000000000000, -0.000000000000000000 ) ) ;
#6313 = LOCAL_TIME ( 21, 54, 55.00000000000000000, #5680 ) ;
#6314 = CARTESIAN_POINT ( 'NONE',  ( -57.50000000000000000, 1.600000000000000089, -85.00000000000000000 ) ) ;
#6315 = ORIENTED_EDGE ( 'NONE', *, *, #787, .F. ) ;
#6316 = CARTESIAN_POINT ( 'NONE',  ( 35.74999999999999289, 0.000000000000000000, 66.00000000000000000 ) ) ;
#6317 = APPROVAL_STATUS ( 'not_yet_approved' ) ;
#6318 = DATE_TIME_ROLE ( 'classification_date' ) ;
#6319 = EDGE_LOOP ( 'NONE', ( #7784, #1519, #4010, #4644 ) ) ;
#6320 = DATE_AND_TIME ( #6056, #3358 ) ;
#6321 = EDGE_LOOP ( 'NONE', ( #1640, #4838, #3009, #6983 ) ) ;
#6322 = SECURITY_CLASSIFICATION ( '', '', #7376 ) ;
#6323 = VECTOR ( 'NONE', #7449, 1000.000000000000000 ) ;
#6324 = ORIENTED_EDGE ( 'NONE', *, *, #4728, .T. ) ;
#6325 = EDGE_CURVE ( 'NONE', #1164, #2189, #6393, .T. ) ;
#6326 = DIRECTION ( 'NONE',  ( 0.000000000000000000, 0.000000000000000000, -1.000000000000000000 ) ) ;
#6327 = ORIENTED_EDGE ( 'NONE', *, *, #3027, .F. ) ;
#6328 = DIRECTION ( 'NONE',  ( 0.000000000000000000, -0.000000000000000000, -1.000000000000000000 ) ) ;
#6329 = CC_DESIGN_APPROVAL ( #3749, ( #5189 ) ) ;
#6330 =( NAMED_UNIT ( * ) SI_UNIT ( $, .STERADIAN. ) SOLID_ANGLE_UNIT ( ) );
#6331 = SHAPE_DEFINITION_REPRESENTATION ( #2687, #6676 ) ;
#6332 = ORIENTED_EDGE ( 'NONE', *, *, #3754, .F. ) ;
#6333 = DIRECTION ( 'NONE',  ( 0.000000000000000000, -1.000000000000000000, 0.000000000000000000 ) ) ;
#6334 = SECURITY_CLASSIFICATION ( '', '', #110 ) ;
#6335 = CARTESIAN_POINT ( 'NONE',  ( 138.0327499999999930, 91.09999999999999432, 98.50000000000000000 ) ) ;
#6336 = VECTOR ( 'NONE', #7382, 1000.000000000000000 ) ;
#6337 = EDGE_LOOP ( 'NONE', ( #6849, #7507, #5957, #6130, #3867, #4457, #1832, #6349 ) ) ;
#6338 = EDGE_CURVE ( 'NONE', #1825, #6277, #8617, .T. ) ;
#6339 = DIRECTION ( 'NONE',  ( 0.000000000000000000, 0.000000000000000000, -1.000000000000000000 ) ) ;
#6340 = LINE ( 'NONE', #305, #7506 ) ;
#6341 = EDGE_CURVE ( 'NONE', #713, #746, #3019, .T. ) ;
#6342 = DIRECTION ( 'NONE',  ( -0.000000000000000000, -0.000000000000000000, 1.000000000000000000 ) ) ;
#6343 = DATE_AND_TIME ( #5758, #4313 ) ;
#6344 = SECURITY_CLASSIFICATION_LEVEL ( 'unclassified' ) ;
#6345 = DIRECTION ( 'NONE',  ( 1.000000000000000000, 0.000000000000000000, 0.000000000000000000 ) ) ;
#6346 = DIRECTION ( 'NONE',  ( 0.000000000000000000, 0.000000000000000000, -1.000000000000000000 ) ) ;
#6347 = UNCERTAINTY_MEASURE_WITH_UNIT (LENGTH_MEASURE( 1.000000000000000082E-05 ), #3922, 'distance_accuracy_value', 'NONE');
#6348 = ADVANCED_FACE ( 'NONE', ( #6303 ), #7697, .F. ) ;
#6349 = ORIENTED_EDGE ( 'NONE', *, *, #8498, .F. ) ;
#6350 = EDGE_CURVE ( 'NONE', #3702, #3309, #859, .T. ) ;
#6351 = DIRECTION ( 'NONE',  ( -0.000000000000000000, 1.000000000000000000, -0.000000000000000000 ) ) ;
#6352 = CARTESIAN_POINT ( 'NONE',  ( -1.000000000000000000, 0.000000000000000000, -12.25000000000000000 ) ) ;
#6353 =( NAMED_UNIT ( * ) PLANE_ANGLE_UNIT ( ) SI_UNIT ( $, .RADIAN. ) );
#6354 = COORDINATED_UNIVERSAL_TIME_OFFSET ( 8, 0, .AHEAD. ) ;
#6355 = ORIENTED_EDGE ( 'NONE', *, *, #6836, .F. ) ;
#6356 = CARTESIAN_POINT ( 'NONE',  ( -8.750000000000000000, 2.500000000000000000, 12.75000000000000000 ) ) ;
#6357 = CARTESIAN_POINT ( 'NONE',  ( 39.00000000000000000, 0.000000000000000000, -21.30000000000000071 ) ) ;
#6358 = VERTEX_POINT ( 'NONE', #2296 ) ;
#6359 = FACE_OUTER_BOUND ( 'NONE', #486, .T. ) ;
#6360 = CC_DESIGN_DATE_AND_TIME_ASSIGNMENT ( #781, #2148, ( #622 ) ) ;
#6361 = APPLICATION_PROTOCOL_DEFINITION ( 'international standard', 'config_control_design', 1994, #58 ) ;
#6362 = ORIENTED_EDGE ( 'NONE', *, *, #4567, .F. ) ;
#6363 = VECTOR ( 'NONE', #1488, 1000.000000000000000 ) ;
#6364 = APPROVAL_STATUS ( 'not_yet_approved' ) ;
#6365 = ORIENTED_EDGE ( 'NONE', *, *, #5690, .F. ) ;
#6366 = CALENDAR_DATE ( 2026, 26, 7 ) ;
#6367 = VERTEX_POINT ( 'NONE', #2113 ) ;
#6368 = LINE ( 'NONE', #2314, #5912 ) ;
#6369 = EDGE_LOOP ( 'NONE', ( #3128, #4222, #5776, #5503 ) ) ;
#6370 = DIRECTION ( 'NONE',  ( -1.000000000000000000, -0.000000000000000000, -0.000000000000000000 ) ) ;
#6371 = CYLINDRICAL_SURFACE ( 'NONE', #7846, 1.600000000000004086 ) ;
#6372 = CC_DESIGN_PERSON_AND_ORGANIZATION_ASSIGNMENT ( #8816, #1466, ( #3747 ) ) ;
#6373 = EDGE_CURVE ( 'NONE', #8153, #8130, #6200, .T. ) ;
#6374 = PERSON_AND_ORGANIZATION ( #5260, #6155 ) ;
#6375 = ORIENTED_EDGE ( 'NONE', *, *, #8099, .T. ) ;
#6376 = CARTESIAN_POINT ( 'NONE',  ( -20.25000000000000000, 0.000000000000000000, -76.00000000000000000 ) ) ;
#6377 = DIRECTION ( 'NONE',  ( 0.000000000000000000, 0.000000000000000000, 1.000000000000000000 ) ) ;
#6378 = VERTEX_POINT ( 'NONE', #6216 ) ;
#6379 = AXIS2_PLACEMENT_3D ( 'NONE', #5406, #7602, #8193 ) ;
#6380 = DIRECTION ( 'NONE',  ( -1.000000000000000000, -0.000000000000000000, -0.000000000000000000 ) ) ;
#6381 = DIRECTION ( 'NONE',  ( 1.000000000000000000, -0.000000000000000000, 0.000000000000000000 ) ) ;
#6382 = CIRCLE ( 'NONE', #1386, 1.799999999999999600 ) ;
#6383 = CARTESIAN_POINT ( 'NONE',  ( -25.50000000000000000, 0.000000000000000000, 47.00000000000000000 ) ) ;
#6384 = PERSON_AND_ORGANIZATION_ROLE ( 'creator' ) ;
#6385 = PRODUCT_DEFINITION_SHAPE ( 'NONE', 'NONE',  #8863 ) ;
#6386 = CC_DESIGN_PERSON_AND_ORGANIZATION_ASSIGNMENT ( #7779, #5130, ( #2322 ) ) ;
#6387 = DATE_AND_TIME ( #220, #4909 ) ;
#6388 = EDGE_CURVE ( 'NONE', #1861, #6672, #2841, .T. ) ;
#6389 = CARTESIAN_POINT ( 'NONE',  ( -9.500000000000000000, 2.500000000000000000, 4.500000000000000000 ) ) ;
#6390 = CARTESIAN_POINT ( 'NONE',  ( -9.000000000000000000, 0.000000000000000000, 56.00000000000000000 ) ) ;
#6391 = ORIENTED_EDGE ( 'NONE', *, *, #668, .T. ) ;
#6392 = AXIS2_PLACEMENT_3D ( 'NONE', #5936, #1760, #5265 ) ;
#6393 = LINE ( 'NONE', #1500, #1184 ) ;
#6394 = LINE ( 'NONE', #5545, #6003 ) ;
#6395 = CIRCLE ( 'NONE', #8708, 3.250000000000002665 ) ;
#6396 = EDGE_CURVE ( 'NONE', #2771, #534, #8477, .T. ) ;
#6397 = APPROVAL_STATUS ( 'not_yet_approved' ) ;
#6398 = DIRECTION ( 'NONE',  ( 0.000000000000000000, 0.000000000000000000, -1.000000000000000000 ) ) ;
#6399 = CARTESIAN_POINT ( 'NONE',  ( 45.00000000000000000, 36.00000000000000000, 29.00000000000000000 ) ) ;
#6400 = EDGE_CURVE ( 'NONE', #1421, #2917, #7828, .T. ) ;
#6401 = LINE ( 'NONE', #5554, #3588 ) ;
#6402 = CLOSED_SHELL ( 'NONE', ( #7538, #3236, #4503, #3626, #2248, #8723, #6223, #6028, #7379, #7965, #7655, #7385, #6500, #6938, #4893, #1611 ) ) ;
#6403 = VERTEX_POINT ( 'NONE', #6524 ) ;
#6404 = CARTESIAN_POINT ( 'NONE',  ( 9.000000000000000000, 0.000000000000000000, 35.00000000000000000 ) ) ;
#6405 = DATE_TIME_ROLE ( 'creation_date' ) ;
#6406 = ORIENTED_EDGE ( 'NONE', *, *, #392, .T. ) ;
#6407 = DATE_AND_TIME ( #4939, #1328 ) ;
#6408 = ORIENTED_EDGE ( 'NONE', *, *, #2024, .F. ) ;
#6409 = ORIENTED_EDGE ( 'NONE', *, *, #1088, .T. ) ;
#6410 = CARTESIAN_POINT ( 'NONE',  ( -60.00000000000000000, 3.000000000000000000, 42.50000000000000000 ) ) ;
#6411 = ORIENTED_EDGE ( 'NONE', *, *, #6013, .T. ) ;
#6412 = CARTESIAN_POINT ( 'NONE',  ( -4.000000000000000000, 0.000000000000000000, -56.00000000000000000 ) ) ;
#6413 = DIRECTION ( 'NONE',  ( -0.000000000000000000, -0.000000000000000000, 1.000000000000000000 ) ) ;
#6414 = EDGE_CURVE ( 'NONE', #5478, #4262, #7287, .T. ) ;
#6415 = PERSON_AND_ORGANIZATION_ROLE ( 'creator' ) ;
#6416 = EDGE_LOOP ( 'NONE', ( #2257, #7545, #6375, #1920 ) ) ;
#6417 = ORIENTED_EDGE ( 'NONE', *, *, #5405, .F. ) ;
#6418 = LINE ( 'NONE', #2463, #3100 ) ;
#6419 = PRODUCT_DEFINITION ( '未知', '', #3484, #4310 ) ;
#6420 = DIRECTION ( 'NONE',  ( 0.000000000000000000, 0.000000000000000000, -1.000000000000000000 ) ) ;
#6421 = VECTOR ( 'NONE', #8005, 1000.000000000000000 ) ;
#6422 = VERTEX_POINT ( 'NONE', #3718 ) ;
#6423 = CARTESIAN_POINT ( 'NONE',  ( 9.500000000000000000, 2.500000000000000000, 4.500000000000000000 ) ) ;
#6424 = LINE ( 'NONE', #7147, #1691 ) ;
#6425 = DIRECTION ( 'NONE',  ( 0.000000000000000000, 0.000000000000000000, -1.000000000000000000 ) ) ;
#6426 = APPLICATION_PROTOCOL_DEFINITION ( 'international standard', 'config_control_design', 1994, #3545 ) ;
#6427 = DATE_AND_TIME ( #3712, #8503 ) ;
#6428 = VECTOR ( 'NONE', #4134, 1000.000000000000000 ) ;
#6429 = DIRECTION ( 'NONE',  ( 0.000000000000000000, 0.000000000000000000, -1.000000000000000000 ) ) ;
#6430 = CARTESIAN_POINT ( 'NONE',  ( -36.00000000000000000, 3.000000000000000000, -33.50000000000000000 ) ) ;
#6431 = DIRECTION ( 'NONE',  ( 1.000000000000000000, 0.000000000000000000, 0.000000000000000000 ) ) ;
#6432 = ORIENTED_EDGE ( 'NONE', *, *, #1681, .T. ) ;
#6433 = CC_DESIGN_PERSON_AND_ORGANIZATION_ASSIGNMENT ( #5972, #1297, ( #8097 ) ) ;
#6434 = CC_DESIGN_APPROVAL ( #6655, ( #8014 ) ) ;
#6435 = DIRECTION ( 'NONE',  ( -1.000000000000000000, 0.000000000000000000, 0.000000000000000000 ) ) ;
#6436 = CARTESIAN_POINT ( 'NONE',  ( -57.50000000000000000, 1.600000000000000089, -85.00000000000000000 ) ) ;
#6437 = PERSON_AND_ORGANIZATION_ROLE ( 'classification_officer' ) ;
#6438 = AXIS2_PLACEMENT_3D ( 'NONE', #2972, #8519, #4872 ) ;
#6439 = CARTESIAN_POINT ( 'NONE',  ( 6.500000000000000888, 2.500000000000000000, 4.500000000000000000 ) ) ;
#6440 = SECURITY_CLASSIFICATION ( '', '', #6109 ) ;
#6441 = VECTOR ( 'NONE', #6925, 1000.000000000000000 ) ;
#6442 = DIRECTION ( 'NONE',  ( -0.000000000000000000, -0.000000000000000000, 1.000000000000000000 ) ) ;
#6443 = EDGE_CURVE ( 'NONE', #5914, #4478, #7116, .T. ) ;
#6444 = AXIS2_PLACEMENT_3D ( 'NONE', #6828, #1349, #3444 ) ;
#6445 = DIRECTION ( 'NONE',  ( 0.000000000000000000, 0.000000000000000000, 1.000000000000000000 ) ) ;
#6446 = ORIENTED_EDGE ( 'NONE', *, *, #4230, .F. ) ;
#6447 = APPLICATION_CONTEXT ( 'configuration controlled 3d designs of mechanical parts and assemblies' ) ;
#6448 = LOCAL_TIME ( 21, 54, 55.00000000000000000, #3393 ) ;
#6449 = DIRECTION ( 'NONE',  ( 1.000000000000000000, 0.000000000000000000, 0.000000000000000000 ) ) ;
#6450 = MECHANICAL_CONTEXT ( 'NONE', #7877, 'mechanical' ) ;
#6451 = ADVANCED_FACE ( 'NONE', ( #1181 ), #3767, .F. ) ;
#6452 = ORIENTED_EDGE ( 'NONE', *, *, #5598, .T. ) ;
#6453 = PERSON_AND_ORGANIZATION_ROLE ( 'creator' ) ;
#6454 = ORIENTED_EDGE ( 'NONE', *, *, #1231, .F. ) ;
#6455 = ORIENTED_EDGE ( 'NONE', *, *, #6103, .F. ) ;
#6456 = ORIENTED_EDGE ( 'NONE', *, *, #3802, .F. ) ;
#6457 = LOCAL_TIME ( 21, 54, 55.00000000000000000, #7943 ) ;
#6458 = DIRECTION ( 'NONE',  ( 0.000000000000000000, 0.000000000000000000, -1.000000000000000000 ) ) ;
#6459 = VERTEX_POINT ( 'NONE', #6482 ) ;
#6460 = EDGE_CURVE ( 'NONE', #2857, #6367, #3156, .T. ) ;
#6461 = DIRECTION ( 'NONE',  ( 0.000000000000000000, 0.000000000000000000, -1.000000000000000000 ) ) ;
#6462 = EDGE_CURVE ( 'NONE', #125, #832, #6688, .T. ) ;
#6463 = LINE ( 'NONE', #4365, #2403 ) ;
#6464 = LOCAL_TIME ( 21, 54, 55.00000000000000000, #4663 ) ;
#6465 = APPLICATION_PROTOCOL_DEFINITION ( 'international standard', 'config_control_design', 1994, #7299 ) ;
#6466 = ORIENTED_EDGE ( 'NONE', *, *, #5715, .T. ) ;
#6467 = ORIENTED_EDGE ( 'NONE', *, *, #2683, .F. ) ;
#6468 = PLANE ( 'NONE',  #8669 ) ;
#6469 = CARTESIAN_POINT ( 'NONE',  ( -13.00000000000000000, 2.500000000000000000, 56.00000000000000000 ) ) ;
#6470 = ORIENTED_EDGE ( 'NONE', *, *, #5432, .F. ) ;
#6471 = LOCAL_TIME ( 21, 54, 55.00000000000000000, #4529 ) ;
#6472 = CARTESIAN_POINT ( 'NONE',  ( -39.00000000000000000, 0.000000000000000000, -19.50000000000000000 ) ) ;
#6473 = CARTESIAN_POINT ( 'NONE',  ( -6.000000000000000000, 6.000000000000000000, 6.000000000000000000 ) ) ;
#6474 = DATE_AND_TIME ( #5710, #3601 ) ;
#6475 = CC_DESIGN_DATE_AND_TIME_ASSIGNMENT ( #1576, #4159, ( #3775 ) ) ;
#6476 = SECURITY_CLASSIFICATION ( '', '', #6971 ) ;
#6477 = DIRECTION ( 'NONE',  ( 0.000000000000000000, -1.000000000000000000, 0.000000000000000000 ) ) ;
#6478 = FACE_OUTER_BOUND ( 'NONE', #1018, .T. ) ;
#6479 = CARTESIAN_POINT ( 'NONE',  ( 2.250000000000000000, 2.500000000000000000, -10.50000000000000000 ) ) ;
#6480 = ORIENTED_EDGE ( 'NONE', *, *, #2527, .T. ) ;
#6481 = SECURITY_CLASSIFICATION ( '', '', #7624 ) ;
#6482 = CARTESIAN_POINT ( 'NONE',  ( -4.500000000000000000, 2.500000000000000000, 6.000000000000000000 ) ) ;
#6483 = AXIS2_PLACEMENT_3D ( 'NONE', #2884, #5587, #7605 ) ;
#6484 = CARTESIAN_POINT ( 'NONE',  ( -16.25000000000000000, 2.500000000000000000, 62.00000000000000000 ) ) ;
#6485 = PERSON_AND_ORGANIZATION ( #5260, #6155 ) ;
#6486 = ADVANCED_FACE ( 'NONE', ( #8661 ), #1138, .F. ) ;
#6487 = CARTESIAN_POINT ( 'NONE',  ( 138.0327499999999930, 91.09999999999999432, 98.50000000000000000 ) ) ;
#6488 = VECTOR ( 'NONE', #3611, 1000.000000000000000 ) ;
#6489 = CARTESIAN_POINT ( 'NONE',  ( 45.00000000000000000, 0.000000000000000000, 29.00000000000000000 ) ) ;
#6490 = LINE ( 'NONE', #371, #77 ) ;
#6491 = LINE ( 'NONE', #5948, #3320 ) ;
#6492 = APPROVAL_DATE_TIME ( #2443, #1539 ) ;
#6493 = VECTOR ( 'NONE', #5508, 1000.000000000000000 ) ;
#6494 = VERTEX_POINT ( 'NONE', #3114 ) ;
#6495 = APPROVAL_DATE_TIME ( #5238, #2840 ) ;
#6496 = EDGE_LOOP ( 'NONE', ( #6408, #2511, #6076, #1112 ) ) ;
#6497 = COORDINATED_UNIVERSAL_TIME_OFFSET ( 8, 0, .AHEAD. ) ;
#6498 = ORIENTED_EDGE ( 'NONE', *, *, #7881, .T. ) ;
#6499 = EDGE_CURVE ( 'NONE', #2431, #2252, #6565, .T. ) ;
#6500 = ADVANCED_FACE ( 'NONE', ( #452 ), #5851, .F. ) ;
#6501 = CARTESIAN_POINT ( 'NONE',  ( -158.9499999999999886, 91.09999999999999432, 119.4500000000000028 ) ) ;
#6502 = ORIENTED_EDGE ( 'NONE', *, *, #5527, .T. ) ;
#6503 = DIRECTION ( 'NONE',  ( 0.000000000000000000, -1.000000000000000000, 0.000000000000000000 ) ) ;
#6504 = CARTESIAN_POINT ( 'NONE',  ( -28.50000000000000000, 2.500000000000000000, 47.00000000000000000 ) ) ;
#6505 = VECTOR ( 'NONE', #3765, 1000.000000000000000 ) ;
#6506 = MECHANICAL_CONTEXT ( 'NONE', #8820, 'mechanical' ) ;
#6507 = ORIENTED_EDGE ( 'NONE', *, *, #3207, .T. ) ;
#6508 = ADVANCED_FACE ( 'NONE', ( #7207 ), #8614, .F. ) ;
#6509 = ORIENTED_EDGE ( 'NONE', *, *, #3148, .F. ) ;
#6510 = CARTESIAN_POINT ( 'NONE',  ( 39.00000000000000000, 3.000000000000000000, 19.50000000000000000 ) ) ;
#6511 = PLANE ( 'NONE',  #4482 ) ;
#6512 = VERTEX_POINT ( 'NONE', #5187 ) ;
#6513 = DIRECTION ( 'NONE',  ( 0.000000000000000000, 0.000000000000000000, 1.000000000000000000 ) ) ;
#6514 = VECTOR ( 'NONE', #2151, 1000.000000000000000 ) ;
#6515 = FACE_OUTER_BOUND ( 'NONE', #6590, .T. ) ;
#6516 = SECURITY_CLASSIFICATION_LEVEL ( 'unclassified' ) ;
#6517 = CALENDAR_DATE ( 2026, 26, 7 ) ;
#6518 = DIRECTION ( 'NONE',  ( -0.000000000000000000, -0.000000000000000000, 1.000000000000000000 ) ) ;
#6519 = PLANE ( 'NONE',  #1411 ) ;
#6520 = DIRECTION ( 'NONE',  ( 0.000000000000000000, 0.000000000000000000, 1.000000000000000000 ) ) ;
#6521 = VECTOR ( 'NONE', #7199, 1000.000000000000000 ) ;
#6522 = ORIENTED_EDGE ( 'NONE', *, *, #8750, .T. ) ;
#6523 = CC_DESIGN_DATE_AND_TIME_ASSIGNMENT ( #3784, #8631, ( #5772 ) ) ;
#6524 = CARTESIAN_POINT ( 'NONE',  ( 8.750000000000000000, 2.500000000000000000, -12.75000000000000000 ) ) ;
#6525 = DIRECTION ( 'NONE',  ( 0.000000000000000000, 1.000000000000000000, 0.000000000000000000 ) ) ;
#6526 = ADVANCED_FACE ( 'NONE', ( #8525 ), #319, .F. ) ;
#6527 = CALENDAR_DATE ( 2026, 26, 7 ) ;
#6528 = CARTESIAN_POINT ( 'NONE',  ( 60.14999999999999858, 5.000000000000000000, 30.60000000000000142 ) ) ;
#6529 = FACE_BOUND ( 'NONE', #2636, .T. ) ;
#6530 = APPROVAL ( #6946, '未指定' ) ;
#6531 = DIRECTION ( 'NONE',  ( 0.000000000000000000, 0.000000000000000000, -1.000000000000000000 ) ) ;
#6532 = DIRECTION ( 'NONE',  ( 0.000000000000000000, -1.000000000000000000, 0.000000000000000000 ) ) ;
#6533 = APPROVAL_STATUS ( 'not_yet_approved' ) ;
#6534 = APPROVAL_DATE_TIME ( #8581, #7087 ) ;
#6535 = AXIS2_PLACEMENT_3D ( 'NONE', #5494, #4454, #777 ) ;
#6536 = EDGE_LOOP ( 'NONE', ( #5617, #6988, #3740, #5018 ) ) ;
#6537 = DATE_AND_TIME ( #1238, #8510 ) ;
#6538 = ORIENTED_EDGE ( 'NONE', *, *, #2490, .T. ) ;
#6539 = VECTOR ( 'NONE', #4327, 1000.000000000000000 ) ;
#6540 = ADVANCED_BREP_SHAPE_REPRESENTATION ( '', ( #5285, #7312 ), #5454 ) ;
#6541 = DIRECTION ( 'NONE',  ( -0.000000000000000000, 1.000000000000000000, -0.000000000000000000 ) ) ;
#6542 = EDGE_LOOP ( 'NONE', ( #4889, #2588, #78, #1467 ) ) ;
#6543 = CARTESIAN_POINT ( 'NONE',  ( 54.00000000000000000, 0.000000000000000000, 79.90000000000000568 ) ) ;
#6544 = CC_DESIGN_PERSON_AND_ORGANIZATION_ASSIGNMENT ( #595, #6968, ( #8465 ) ) ;
#6545 = CARTESIAN_POINT ( 'NONE',  ( 60.14999999999999858, 7.000000000000000000, 30.60000000000000142 ) ) ;
#6546 =( NAMED_UNIT ( * ) PLANE_ANGLE_UNIT ( ) SI_UNIT ( $, .RADIAN. ) );
#6547 = PERSON_AND_ORGANIZATION_ROLE ( 'classification_officer' ) ;
#6548 = AXIS2_PLACEMENT_3D ( 'NONE', #1807, #2432, #366 ) ;
#6549 = VERTEX_POINT ( 'NONE', #1676 ) ;
#6550 = EDGE_LOOP ( 'NONE', ( #4894, #6586, #2585, #6777 ) ) ;
#6551 = ORIENTED_EDGE ( 'NONE', *, *, #7001, .T. ) ;
#6552 = DIRECTION ( 'NONE',  ( 0.000000000000000000, 0.000000000000000000, -1.000000000000000000 ) ) ;
#6553 = DIRECTION ( 'NONE',  ( 0.000000000000000000, 0.000000000000000000, 1.000000000000000000 ) ) ;
#6554 = ORIENTED_EDGE ( 'NONE', *, *, #8495, .F. ) ;
#6555 = CARTESIAN_POINT ( 'NONE',  ( -114.7499999999999858, 28.00000000000000000, 98.50000000000000000 ) ) ;
#6556 = EDGE_CURVE ( 'NONE', #663, #447, #7786, .T. ) ;
#6557 = FACE_OUTER_BOUND ( 'NONE', #7935, .T. ) ;
#6558 = APPROVAL_DATE_TIME ( #7238, #4479 ) ;
#6559 = AXIS2_PLACEMENT_3D ( 'NONE', #2376, #3662, #8376 ) ;
#6560 = EDGE_CURVE ( 'NONE', #5328, #2898, #5899, .T. ) ;
#6561 = DIRECTION ( 'NONE',  ( 1.000000000000000000, -0.000000000000000000, 0.000000000000000000 ) ) ;
#6562 = DIRECTION ( 'NONE',  ( 0.000000000000000000, 0.000000000000000000, -1.000000000000000000 ) ) ;
#6563 = DIRECTION ( 'NONE',  ( -0.000000000000000000, -0.000000000000000000, 1.000000000000000000 ) ) ;
#6564 = VERTEX_POINT ( 'NONE', #7961 ) ;
#6565 = LINE ( 'NONE', #5808, #4986 ) ;
#6566 = AXIS2_PLACEMENT_3D ( 'NONE', #1634, #4351, #6266 ) ;
#6567 = CARTESIAN_POINT ( 'NONE',  ( -60.14999999999999858, 0.000000000000000000, 30.60000000000000142 ) ) ;
#6568 = AXIS2_PLACEMENT_3D ( 'NONE', #3699, #3656, #7806 ) ;
#6569 = CALENDAR_DATE ( 2026, 26, 7 ) ;
#6570 = DIRECTION ( 'NONE',  ( -1.000000000000000000, -0.000000000000000000, -0.000000000000000000 ) ) ;
#6571 = AXIS2_PLACEMENT_3D ( 'NONE', #4423, #4603, #2386 ) ;
#6572 = ORIENTED_EDGE ( 'NONE', *, *, #6715, .T. ) ;
#6573 = FACE_OUTER_BOUND ( 'NONE', #5732, .T. ) ;
#6574 = AXIS2_PLACEMENT_3D ( 'NONE', #5989, #4082, #7383 ) ;
#6575 = VECTOR ( 'NONE', #3429, 1000.000000000000000 ) ;
#6576 = CARTESIAN_POINT ( 'NONE',  ( 0.000000000000000000, 2.500000000000000000, -12.25000000000000000 ) ) ;
#6577 = CARTESIAN_POINT ( 'NONE',  ( 60.14999999999999858, 0.000000000000000000, -28.84999999999999787 ) ) ;
#6578 = PERSON_AND_ORGANIZATION ( #5260, #6155 ) ;
#6579 = ORIENTED_EDGE ( 'NONE', *, *, #6, .F. ) ;
#6580 = LOCAL_TIME ( 21, 54, 55.00000000000000000, #8673 ) ;
#6581 = PERSON_AND_ORGANIZATION_ROLE ( 'design_owner' ) ;
#6582 = AXIS2_PLACEMENT_3D ( 'NONE', #542, #7416, #683 ) ;
#6583 = CC_DESIGN_PERSON_AND_ORGANIZATION_ASSIGNMENT ( #7119, #5101, ( #3344 ) ) ;
#6584 = VERTEX_POINT ( 'NONE', #1847 ) ;
#6585 = COORDINATED_UNIVERSAL_TIME_OFFSET ( 8, 0, .AHEAD. ) ;
#6586 = ORIENTED_EDGE ( 'NONE', *, *, #271, .T. ) ;
#6587 = ORIENTED_EDGE ( 'NONE', *, *, #338, .T. ) ;
#6588 = VECTOR ( 'NONE', #4729, 1000.000000000000000 ) ;
#6589 = CARTESIAN_POINT ( 'NONE',  ( -21.25000000000000000, 2.500000000000000000, -10.50000000000000000 ) ) ;
#6590 = EDGE_LOOP ( 'NONE', ( #8819, #969, #1016, #6872 ) ) ;
#6591 = LOCAL_TIME ( 21, 54, 55.00000000000000000, #7407 ) ;
#6592 = VECTOR ( 'NONE', #2562, 1000.000000000000000 ) ;
#6593 = LINE ( 'NONE', #5208, #4402 ) ;
#6594 = CARTESIAN_POINT ( 'NONE',  ( 60.14999999999999858, 5.000000000000000000, -30.60000000000000142 ) ) ;
#6595 =( NAMED_UNIT ( * ) SI_UNIT ( $, .STERADIAN. ) SOLID_ANGLE_UNIT ( ) );
#6596 = APPROVAL_ROLE ( '' ) ;
#6597 = VERTEX_POINT ( 'NONE', #498 ) ;
#6598 = APPROVAL_PERSON_ORGANIZATION ( #8685, #4788, #7227 ) ;
#6599 = ADVANCED_FACE ( 'NONE', ( #5719 ), #5056, .F. ) ;
#6600 =( GEOMETRIC_REPRESENTATION_CONTEXT ( 3 ) GLOBAL_UNCERTAINTY_ASSIGNED_CONTEXT ( ( #3418 ) ) GLOBAL_UNIT_ASSIGNED_CONTEXT ( ( #7075, #6353, #8430 ) ) REPRESENTATION_CONTEXT ( 'NONE', 'WORKASPACE' ) );
#6601 = EDGE_LOOP ( 'NONE', ( #7350, #5898 ) ) ;
#6602 = DIRECTION ( 'NONE',  ( 1.000000000000000000, 0.000000000000000000, -0.000000000000000000 ) ) ;
#6603 = ORIENTED_EDGE ( 'NONE', *, *, #3259, .F. ) ;
#6604 = LINE ( 'NONE', #2519, #962 ) ;
#6605 = SECURITY_CLASSIFICATION ( '', '', #148 ) ;
#6606 = DIRECTION ( 'NONE',  ( 0.000000000000000000, 0.000000000000000000, 1.000000000000000000 ) ) ;
#6607 = CALENDAR_DATE ( 2026, 26, 7 ) ;
#6608 = CARTESIAN_POINT ( 'NONE',  ( 39.75000000000000000, 0.000000000000000000, 83.00000000000000000 ) ) ;
#6609 = EDGE_CURVE ( 'NONE', #2497, #4628, #3849, .T. ) ;
#6610 = APPROVAL_PERSON_ORGANIZATION ( #6618, #1958, #5854 ) ;
#6611 = AXIS2_PLACEMENT_3D ( 'NONE', #8821, #4141, #29 ) ;
#6612 = CARTESIAN_POINT ( 'NONE',  ( 36.00000000000000000, 0.000000000000000000, -33.50000000000000000 ) ) ;
#6613 = ADVANCED_FACE ( 'NONE', ( #4783 ), #6791, .F. ) ;
#6614 = DIRECTION ( 'NONE',  ( -1.000000000000000000, 0.000000000000000000, -0.000000000000000000 ) ) ;
#6615 = DIRECTION ( 'NONE',  ( 0.000000000000000000, 0.000000000000000000, 1.000000000000000000 ) ) ;
#6616 = LOCAL_TIME ( 21, 54, 55.00000000000000000, #8028 ) ;
#6617 = DIRECTION ( 'NONE',  ( 1.000000000000000000, 0.000000000000000000, -0.000000000000000000 ) ) ;
#6618 = PERSON_AND_ORGANIZATION ( #5260, #6155 ) ;
#6619 = DIRECTION ( 'NONE',  ( 0.000000000000000000, -0.000000000000000000, -1.000000000000000000 ) ) ;
#6621 = EDGE_CURVE ( 'NONE', #2189, #6906, #3367, .T. ) ;
#6620 =( REPRESENTATION_RELATIONSHIP ('NONE','NONE', #245, #7594 ) REPRESENTATION_RELATIONSHIP_WITH_TRANSFORMATION ( #3517 )SHAPE_REPRESENTATION_RELATIONSHIP( ) );
#6622 = CARTESIAN_POINT ( 'NONE',  ( -138.0327499999999930, 91.09999999999999432, 98.50000000000000000 ) ) ;
#6623 = ORGANIZATION ( 'NAUO-ORG16', 'UNSPECIFIED', 'UNSPECIFIED' ) ;
#6624 = DIRECTION ( 'NONE',  ( -1.000000000000000000, 0.000000000000000000, 0.000000000000000000 ) ) ;
#6625 = LINE ( 'NONE', #3123, #14 ) ;
#6626 = APPROVAL_STATUS ( 'not_yet_approved' ) ;
#6627 = CALENDAR_DATE ( 2026, 26, 7 ) ;
#6628 = ORIENTED_EDGE ( 'NONE', *, *, #4821, .T. ) ;
#6629 = PERSON_AND_ORGANIZATION_ROLE ( 'classification_officer' ) ;
#6630 = EDGE_LOOP ( 'NONE', ( #1693, #7082, #5371, #1951 ) ) ;
#6631 = EDGE_LOOP ( 'NONE', ( #5734, #4575 ) ) ;
#6632 = PLANE ( 'NONE',  #5493 ) ;
#6633 = ORIENTED_EDGE ( 'NONE', *, *, #4758, .F. ) ;
#6634 = APPROVAL ( #2242, 'UNKNOWN' ) ;
#6635 = CARTESIAN_POINT ( 'NONE',  ( -13.00000000000000000, 2.500000000000000000, 35.00000000000000000 ) ) ;
#6636 = AXIS2_PLACEMENT_3D ( 'NONE', #3028, #2350, #4268 ) ;
#6637 = DIRECTION ( 'NONE',  ( -1.000000000000000000, 0.000000000000000000, 0.000000000000000000 ) ) ;
#6638 = PERSON_AND_ORGANIZATION ( #5260, #6155 ) ;
#6639 = EDGE_CURVE ( 'NONE', #4985, #8455, #7505, .T. ) ;
#6640 = ORIENTED_EDGE ( 'NONE', *, *, #1440, .F. ) ;
#6641 = ORIENTED_EDGE ( 'NONE', *, *, #2661, .F. ) ;
#6642 = LINE ( 'NONE', #2516, #3310 ) ;
#6643 = EDGE_LOOP ( 'NONE', ( #74, #5747, #7972, #2094 ) ) ;
#6644 = CC_DESIGN_PERSON_AND_ORGANIZATION_ASSIGNMENT ( #8077, #612, ( #6878 ) ) ;
#6645 = CARTESIAN_POINT ( 'NONE',  ( 2.250000000000000000, 2.500000000000000000, 10.50000000000000000 ) ) ;
#6646 = ADVANCED_FACE ( 'NONE', ( #1644, #8832, #1304, #4116, #1937 ), #6835, .F. ) ;
#6647 = CALENDAR_DATE ( 2026, 26, 7 ) ;
#6648 = VECTOR ( 'NONE', #8380, 1000.000000000000000 ) ;
#6649 = ORIENTED_EDGE ( 'NONE', *, *, #6609, .T. ) ;
#6650 = CARTESIAN_POINT ( 'NONE',  ( -54.00000000000000000, 1.599999999999999867, -81.50000000000000000 ) ) ;
#6651 = CARTESIAN_POINT ( 'NONE',  ( -8.500000000000000000, 2.500000000000000000, 2.000000000000000000 ) ) ;
#6652 = VECTOR ( 'NONE', #5152, 1000.000000000000000 ) ;
#6653 = PLANE ( 'NONE',  #7835 ) ;
#6654 = FACE_OUTER_BOUND ( 'NONE', #8694, .T. ) ;
#6655 = APPROVAL ( #6901, '未指定' ) ;
#6656 = FACE_BOUND ( 'NONE', #4700, .T. ) ;
#6657 = PERSON_AND_ORGANIZATION ( #4833, #8780 ) ;
#6658 = LINE ( 'NONE', #3206, #6421 ) ;
#6659 = LINE ( 'NONE', #8621, #4672 ) ;
#6660 = AXIS2_PLACEMENT_3D ( 'NONE', #6886, #3500, #1980 ) ;
#6661 = CARTESIAN_POINT ( 'NONE',  ( 39.00000000000000000, 3.000000000000000000, -18.24999999999999645 ) ) ;
#6662 = ADVANCED_FACE ( 'NONE', ( #3327 ), #5354, .F. ) ;
#6663 = CARTESIAN_POINT ( 'NONE',  ( -118.0000000000000000, 28.00000000000000000, 98.50000000000000000 ) ) ;
#6664 = VECTOR ( 'NONE', #7280, 1000.000000000000000 ) ;
#6665 = DATE_AND_TIME ( #1985, #591 ) ;
#6667 = VERTEX_POINT ( 'NONE', #630 ) ;
#6666 =( REPRESENTATION_RELATIONSHIP ('NONE','NONE', #245, #7665 ) REPRESENTATION_RELATIONSHIP_WITH_TRANSFORMATION ( #2663 )SHAPE_REPRESENTATION_RELATIONSHIP( ) );
#6668 = COORDINATED_UNIVERSAL_TIME_OFFSET ( 8, 0, .AHEAD. ) ;
#6669 = ADVANCED_FACE ( 'NONE', ( #6654 ), #1974, .F. ) ;
#6670 = AXIS2_PLACEMENT_3D ( 'NONE', #4610, #7335, #1223 ) ;
#6671 = VERTEX_POINT ( 'NONE', #541 ) ;
#6672 = VERTEX_POINT ( 'NONE', #3243 ) ;
#6673 = ORIENTED_EDGE ( 'NONE', *, *, #6755, .F. ) ;
#6674 = DIRECTION ( 'NONE',  ( 0.000000000000000000, 1.000000000000000000, 0.000000000000000000 ) ) ;
#6675 = ORIENTED_EDGE ( 'NONE', *, *, #6715, .F. ) ;
#6676 = SHAPE_REPRESENTATION ( 'FN-SEN-001_tilt-transmitter-envelope_R0.1', ( #7312 ), #7171 ) ;
#6677 = DIRECTION ( 'NONE',  ( 0.000000000000000000, 0.000000000000000000, 1.000000000000000000 ) ) ;
#6678 = FACE_BOUND ( 'NONE', #3766, .T. ) ;
#6679 = PERSON_AND_ORGANIZATION_ROLE ( 'design_owner' ) ;
#6680 = APPROVAL_STATUS ( 'not_yet_approved' ) ;
#6681 = CALENDAR_DATE ( 2026, 26, 7 ) ;
#6682 = EDGE_LOOP ( 'NONE', ( #2549, #4414, #1922, #3880 ) ) ;
#6683 = FACE_OUTER_BOUND ( 'NONE', #7042, .T. ) ;
#6684 = ORIENTED_EDGE ( 'NONE', *, *, #6388, .T. ) ;
#6685 = LINE ( 'NONE', #3235, #2962 ) ;
#6686 = ADVANCED_FACE ( 'NONE', ( #5939 ), #2698, .F. ) ;
#6687 = VECTOR ( 'NONE', #2062, 1000.000000000000000 ) ;
#6688 = CIRCLE ( 'NONE', #416, 1.250000000000004663 ) ;
#6689 = EDGE_CURVE ( 'NONE', #422, #5366, #2559, .T. ) ;
#6690 = DIRECTION ( 'NONE',  ( -1.000000000000000000, -0.000000000000000000, -0.000000000000000000 ) ) ;
#6691 = DATE_AND_TIME ( #3238, #456 ) ;
#6692 = CC_DESIGN_PERSON_AND_ORGANIZATION_ASSIGNMENT ( #7257, #466, ( #7034 ) ) ;
#6693 = DIRECTION ( 'NONE',  ( 0.000000000000000000, 0.000000000000000000, -1.000000000000000000 ) ) ;
#6694 = DIRECTION ( 'NONE',  ( -1.000000000000000000, 0.000000000000000000, 0.000000000000000000 ) ) ;
#6695 = DIRECTION ( 'NONE',  ( 0.000000000000000000, 1.000000000000000000, 0.000000000000000000 ) ) ;
#6696 = DIRECTION ( 'NONE',  ( 0.000000000000000000, -0.000000000000000000, -1.000000000000000000 ) ) ;
#6697 = FACE_OUTER_BOUND ( 'NONE', #7813, .T. ) ;
#6698 = CALENDAR_DATE ( 2026, 26, 7 ) ;
#6699 = CARTESIAN_POINT ( 'NONE',  ( -57.50000000000000000, 0.000000000000000000, 85.00000000000000000 ) ) ;
#6700 = VECTOR ( 'NONE', #5876, 1000.000000000000000 ) ;
#6701 = DIRECTION ( 'NONE',  ( 1.000000000000000000, 0.000000000000000000, 0.000000000000000000 ) ) ;
#6702 = CC_DESIGN_PERSON_AND_ORGANIZATION_ASSIGNMENT ( #5080, #3047, ( #7318 ) ) ;
#6703 = VECTOR ( 'NONE', #5474, 1000.000000000000000 ) ;
#6704 = LINE ( 'NONE', #4745, #2508 ) ;
#6705 = FACE_OUTER_BOUND ( 'NONE', #7389, .T. ) ;
#6706 = VECTOR ( 'NONE', #1082, 1000.000000000000000 ) ;
#6707 = PERSON_AND_ORGANIZATION ( #5260, #6155 ) ;
#6708 = ORIENTED_EDGE ( 'NONE', *, *, #7412, .F. ) ;
#6709 = PERSON_AND_ORGANIZATION_ROLE ( 'classification_officer' ) ;
#6710 = ORIENTED_EDGE ( 'NONE', *, *, #446, .T. ) ;
#6711 = ORIENTED_EDGE ( 'NONE', *, *, #56, .F. ) ;
#6712 = AXIS2_PLACEMENT_3D ( 'NONE', #2936, #5588, #6218 ) ;
#6713 = VERTEX_POINT ( 'NONE', #8187 ) ;
#6714 = DIRECTION ( 'NONE',  ( 1.000000000000000000, 0.000000000000000000, 0.000000000000000000 ) ) ;
#6715 = EDGE_CURVE ( 'NONE', #3821, #121, #8701, .T. ) ;
#6716 = CARTESIAN_POINT ( 'NONE',  ( -57.50000000000000000, 1.600000000000000089, -85.00000000000000000 ) ) ;
#6717 = ORIENTED_EDGE ( 'NONE', *, *, #2539, .T. ) ;
#6718 = AXIS2_PLACEMENT_3D ( 'NONE', #1308, #6750, #8794 ) ;
#6719 = CARTESIAN_POINT ( 'NONE',  ( 35.75000000000000000, 0.000000000000000000, 83.00000000000000000 ) ) ;
#6720 = EDGE_CURVE ( 'NONE', #6512, #3298, #2015, .T. ) ;
#6721 = LOCAL_TIME ( 21, 54, 55.00000000000000000, #5579 ) ;
#6722 = AXIS2_PLACEMENT_3D ( 'NONE', #1130, #1170, #2422 ) ;
#6723 = DIRECTION ( 'NONE',  ( 0.000000000000000000, -0.000000000000000000, -1.000000000000000000 ) ) ;
#6724 = CALENDAR_DATE ( 2026, 26, 7 ) ;
#6725 = PERSON_AND_ORGANIZATION ( #5260, #6155 ) ;
#6726 = AXIS2_PLACEMENT_3D ( 'NONE', #6870, #8736, #2606 ) ;
#6727 = EDGE_LOOP ( 'NONE', ( #253, #2942, #7279, #5660 ) ) ;
#6728 = EDGE_CURVE ( 'NONE', #7133, #3313, #6118, .T. ) ;
#6729 = LOCAL_TIME ( 21, 54, 55.00000000000000000, #4748 ) ;
#6730 = DIRECTION ( 'NONE',  ( 0.000000000000000000, 0.000000000000000000, 1.000000000000000000 ) ) ;
#6731 = ORIENTED_EDGE ( 'NONE', *, *, #8675, .T. ) ;
#6732 = PRODUCT_DEFINITION_SHAPE ( 'NONE', 'NONE',  #5713 ) ;
#6733 = LINE ( 'NONE', #8824, #4250 ) ;
#6734 = APPLICATION_CONTEXT ( 'configuration controlled 3d designs of mechanical parts and assemblies' ) ;
#6735 = CC_DESIGN_APPROVAL ( #1253, ( #5225 ) ) ;
#6736 = CARTESIAN_POINT ( 'NONE',  ( -3.750000000000000000, 2.500000000000000000, -8.250000000000000000 ) ) ;
#6737 = SECURITY_CLASSIFICATION_LEVEL ( 'unclassified' ) ;
#6738 = FACE_BOUND ( 'NONE', #8847, .T. ) ;
#6739 = DIRECTION ( 'NONE',  ( 0.000000000000000000, -1.000000000000000000, 0.000000000000000000 ) ) ;
#6740 = CC_DESIGN_APPROVAL ( #984, ( #6171 ) ) ;
#6741 = DIRECTION ( 'NONE',  ( -0.000000000000000000, 1.000000000000000000, -0.000000000000000000 ) ) ;
#6742 = CARTESIAN_POINT ( 'NONE',  ( -73.00000000000000000, 19.99999999999999645, 0.000000000000000000 ) ) ;
#6743 = CC_DESIGN_DATE_AND_TIME_ASSIGNMENT ( #1266, #2017, ( #6322 ) ) ;
#6744 = DIRECTION ( 'NONE',  ( 0.000000000000000000, 0.000000000000000000, 1.000000000000000000 ) ) ;
#6745 = ADVANCED_FACE ( 'NONE', ( #7999 ), #1888, .F. ) ;
#6746 = DIRECTION ( 'NONE',  ( 0.000000000000000000, -1.000000000000000000, 0.000000000000000000 ) ) ;
#6747 = ADVANCED_BREP_SHAPE_REPRESENTATION ( '', ( #5388, #7312 ), #3193 ) ;
#6748 = LOCAL_TIME ( 21, 54, 55.00000000000000000, #3722 ) ;
#6749 = CONTEXT_DEPENDENT_SHAPE_REPRESENTATION ( #5816, #6385 ) ;
#6750 = DIRECTION ( 'NONE',  ( -0.000000000000000000, 1.000000000000000000, -0.000000000000000000 ) ) ;
#6751 = LINE ( 'NONE', #4744, #7659 ) ;
#6752 = ORGANIZATION ( 'NAUO-ORG10', 'UNSPECIFIED', 'UNSPECIFIED' ) ;
#6753 = VECTOR ( 'NONE', #8172, 1000.000000000000000 ) ;
#6754 = CARTESIAN_POINT ( 'NONE',  ( 4.500000000000000000, 2.500000000000000000, 6.000000000000000000 ) ) ;
#6755 = EDGE_CURVE ( 'NONE', #7521, #7047, #3939, .T. ) ;
#6756 = DIRECTION ( 'NONE',  ( -0.000000000000000000, -1.000000000000000000, -0.000000000000000000 ) ) ;
#6757 = CALENDAR_DATE ( 2026, 26, 7 ) ;
#6758 = ORIENTED_EDGE ( 'NONE', *, *, #5352, .F. ) ;
#6759 = PERSON_AND_ORGANIZATION_ROLE ( 'creator' ) ;
#6760 = ORIENTED_EDGE ( 'NONE', *, *, #8449, .F. ) ;
#6761 = ORIENTED_EDGE ( 'NONE', *, *, #5518, .T. ) ;
#6762 = CC_DESIGN_SECURITY_CLASSIFICATION ( #349, ( #8881 ) ) ;
#6763 = VECTOR ( 'NONE', #4768, 1000.000000000000000 ) ;
#6764 = ORIENTED_EDGE ( 'NONE', *, *, #8448, .T. ) ;
#6765 = DIRECTION ( 'NONE',  ( 0.000000000000000000, 0.000000000000000000, 1.000000000000000000 ) ) ;
#6766 = CARTESIAN_POINT ( 'NONE',  ( -20.25000000000000000, 2.500000000000000000, -83.00000000000000000 ) ) ;
#6767 = ORIENTED_EDGE ( 'NONE', *, *, #8285, .T. ) ;
#6768 = CYLINDRICAL_SURFACE ( 'NONE', #7432, 1.750000000000005107 ) ;
#6769 = VERTEX_POINT ( 'NONE', #7093 ) ;
#6770 = LINE ( 'NONE', #4802, #3868 ) ;
#6771 = DIRECTION ( 'NONE',  ( 1.000000000000000000, 0.000000000000000000, 0.000000000000000000 ) ) ;
#6772 = CC_DESIGN_DATE_AND_TIME_ASSIGNMENT ( #1465, #4892, ( #8384 ) ) ;
#6773 = PERSON_AND_ORGANIZATION ( #5260, #6155 ) ;
#6774 = ORIENTED_EDGE ( 'NONE', *, *, #5377, .T. ) ;
#6775 = EDGE_CURVE ( 'NONE', #483, #7089, #6463, .T. ) ;
#6776 = COORDINATED_UNIVERSAL_TIME_OFFSET ( 8, 0, .AHEAD. ) ;
#6777 = ORIENTED_EDGE ( 'NONE', *, *, #3672, .F. ) ;
#6778 = EDGE_LOOP ( 'NONE', ( #6194, #3090, #3511, #5246 ) ) ;
#6779 = DIRECTION ( 'NONE',  ( 0.000000000000000000, 0.000000000000000000, -1.000000000000000000 ) ) ;
#6780 = ORIENTED_EDGE ( 'NONE', *, *, #5521, .T. ) ;
#6781 = CARTESIAN_POINT ( 'NONE',  ( -54.00000000000000000, 3.600000000000000089, 79.90000000000000568 ) ) ;
#6782 = ADVANCED_FACE ( 'NONE', ( #5789 ), #1695, .T. ) ;
#6783 = PERSON_AND_ORGANIZATION_ROLE ( 'classification_officer' ) ;
#6784 = AXIS2_PLACEMENT_3D ( 'NONE', #63, #3550, #6765 ) ;
#6785 = ORIENTED_EDGE ( 'NONE', *, *, #65, .F. ) ;
#6786 = FACE_BOUND ( 'NONE', #7674, .T. ) ;
#6787 = DIRECTION ( 'NONE',  ( -0.000000000000000000, -1.000000000000000000, -0.000000000000000000 ) ) ;
#6788 = AXIS2_PLACEMENT_3D ( 'NONE', #362, #2210, #5552 ) ;
#6789 = CARTESIAN_POINT ( 'NONE',  ( -60.00000000000000000, 3.000000000000000000, 42.50000000000000000 ) ) ;
#6790 = DIRECTION ( 'NONE',  ( 0.000000000000000000, 0.000000000000000000, 1.000000000000000000 ) ) ;
#6791 = PLANE ( 'NONE',  #1146 ) ;
#6792 = DIRECTION ( 'NONE',  ( -1.000000000000000000, 0.000000000000000000, 0.000000000000000000 ) ) ;
#6793 = CALENDAR_DATE ( 2026, 26, 7 ) ;
#6794 = PLANE ( 'NONE',  #2890 ) ;
#6795 = FACE_OUTER_BOUND ( 'NONE', #7317, .T. ) ;
#6796 = UNCERTAINTY_MEASURE_WITH_UNIT (LENGTH_MEASURE( 1.000000000000000082E-05 ), #7187, 'distance_accuracy_value', 'NONE');
#6797 = CARTESIAN_POINT ( 'NONE',  ( -1.750000000000000000, 0.000000000000000000, -10.50000000000000000 ) ) ;
#6798 = EDGE_CURVE ( 'NONE', #7228, #3958, #5119, .T. ) ;
#6799 = CARTESIAN_POINT ( 'NONE',  ( 36.00000000000000000, 3.000000000000000000, 33.50000000000000000 ) ) ;
#6800 = PERSON_AND_ORGANIZATION_ROLE ( 'creator' ) ;
#6801 = MECHANICAL_CONTEXT ( 'NONE', #1787, 'mechanical' ) ;
#6802 = ORIENTED_EDGE ( 'NONE', *, *, #4817, .F. ) ;
#6803 = APPROVAL_ROLE ( '' ) ;
#6804 = VERTEX_POINT ( 'NONE', #5079 ) ;
#6805 = CC_DESIGN_PERSON_AND_ORGANIZATION_ASSIGNMENT ( #3137, #3879, ( #5027 ) ) ;
#6806 = LINE ( 'NONE', #701, #8389 ) ;
#6807 = PRODUCT_DEFINITION_SHAPE ( 'NONE', 'NONE',  #1910 ) ;
#6808 = AXIS2_PLACEMENT_3D ( 'NONE', #2387, #2880, #2929 ) ;
#6809 = DIRECTION ( 'NONE',  ( 1.000000000000000000, 0.000000000000000000, -0.000000000000000000 ) ) ;
#6810 = VECTOR ( 'NONE', #3625, 1000.000000000000000 ) ;
#6811 = DIRECTION ( 'NONE',  ( -1.000000000000000000, 0.000000000000000000, 0.000000000000000000 ) ) ;
#6812 = ORIENTED_EDGE ( 'NONE', *, *, #7412, .T. ) ;
#6813 = LINE ( 'NONE', #8251, #1446 ) ;
#6814 =( NAMED_UNIT ( * ) SI_UNIT ( $, .STERADIAN. ) SOLID_ANGLE_UNIT ( ) );
#6815 = AXIS2_PLACEMENT_3D ( 'NONE', #1397, #4686, #4028 ) ;
#6816 = AXIS2_PLACEMENT_3D ( 'NONE', #5233, #6080, #688 ) ;
#6817 = ORIENTED_EDGE ( 'NONE', *, *, #6414, .F. ) ;
#6818 = PERSON_AND_ORGANIZATION_ROLE ( 'creator' ) ;
#6819 = APPROVAL_DATE_TIME ( #2047, #3326 ) ;
#6820 = ORIENTED_EDGE ( 'NONE', *, *, #4648, .T. ) ;
#6821 = CARTESIAN_POINT ( 'NONE',  ( 0.000000000000000000, 0.000000000000000000, 0.000000000000000000 ) ) ;
#6822 = VECTOR ( 'NONE', #180, 1000.000000000000000 ) ;
#6823 = VERTEX_POINT ( 'NONE', #8452 ) ;
#6824 = APPROVAL ( #4107, '未指定' ) ;
#6825 = CARTESIAN_POINT ( 'NONE',  ( -39.75000000000000000, 2.500000000000000000, -79.00000000000000000 ) ) ;
#6826 = DIRECTION ( 'NONE',  ( 1.000000000000000000, -0.000000000000000000, 0.000000000000000000 ) ) ;
#6827 = PERSON_AND_ORGANIZATION_ROLE ( 'design_supplier' ) ;
#6828 = CARTESIAN_POINT ( 'NONE',  ( 8.500000000000000000, 2.500000000000000000, 6.000000000000000000 ) ) ;
#6829 = CARTESIAN_POINT ( 'NONE',  ( -39.00000000000000000, 3.000000000000000000, 20.75000000000000355 ) ) ;
#6830 = EDGE_LOOP ( 'NONE', ( #8406, #559, #5440, #2310 ) ) ;
#6831 = ADVANCED_FACE ( 'NONE', ( #7851 ), #2146, .F. ) ;
#6832 = CARTESIAN_POINT ( 'NONE',  ( -8.750000000000000000, 0.000000000000000000, 12.75000000000000000 ) ) ;
#6833 = DIRECTION ( 'NONE',  ( 0.000000000000000000, 0.000000000000000000, 1.000000000000000000 ) ) ;
#6834 = EDGE_CURVE ( 'NONE', #4142, #1843, #1741, .T. ) ;
#6835 = PLANE ( 'NONE',  #2714 ) ;
#6837 = MANIFOLD_SOLID_BREP ( '凸台-拉伸4', #6840 ) ;
#6836 = EDGE_CURVE ( 'NONE', #3223, #5914, #7139, .T. ) ;
#6838 = CARTESIAN_POINT ( 'NONE',  ( -4.500000000000000000, 2.500000000000000000, 13.00000000000000000 ) ) ;
#6839 = VECTOR ( 'NONE', #8569, 1000.000000000000000 ) ;
#6840 = CLOSED_SHELL ( 'NONE', ( #4982, #8042, #5567, #3616, #681, #4928, #7815, #6981, #6745, #1248, #281, #1073 ) ) ;
#6841 = CARTESIAN_POINT ( 'NONE',  ( 0.000000000000000000, 0.000000000000000000, 0.000000000000000000 ) ) ;
#6842 = DIRECTION ( 'NONE',  ( 0.000000000000000000, 0.000000000000000000, -1.000000000000000000 ) ) ;
#6843 = ADVANCED_FACE ( 'NONE', ( #3092 ), #2104, .F. ) ;
#6844 = PLANE ( 'NONE',  #351 ) ;
#6845 = AXIS2_PLACEMENT_3D ( 'NONE', #8347, #7746, #6398 ) ;
#6846 = LINE ( 'NONE', #2707, #443 ) ;
#6847 = ORIENTED_EDGE ( 'NONE', *, *, #8002, .T. ) ;
#6848 = DATE_AND_TIME ( #7387, #6464 ) ;
#6849 = ORIENTED_EDGE ( 'NONE', *, *, #5960, .F. ) ;
#6850 = CARTESIAN_POINT ( 'NONE',  ( -57.50000000000000000, 35.00000000000000000, -85.00000000000000000 ) ) ;
#6851 = DIRECTION ( 'NONE',  ( 0.000000000000000000, 0.000000000000000000, -1.000000000000000000 ) ) ;
#6852 = DIRECTION ( 'NONE',  ( 0.000000000000000000, 0.000000000000000000, -1.000000000000000000 ) ) ;
#6853 = ORIENTED_EDGE ( 'NONE', *, *, #7651, .T. ) ;
#6854 = CARTESIAN_POINT ( 'NONE',  ( -6.000000000000000000, 0.000000000000000000, -6.000000000000000000 ) ) ;
#6855 = PRODUCT_RELATED_PRODUCT_CATEGORY ( 'detail', '', ( #1399 ) ) ;
#6856 = CARTESIAN_POINT ( 'NONE',  ( -109.0000000000000000, 18.00000000000000000, -58.50000000000000000 ) ) ;
#6857 = COORDINATED_UNIVERSAL_TIME_OFFSET ( 8, 0, .AHEAD. ) ;
#6858 = CIRCLE ( 'NONE', #4443, 1.600000000000004086 ) ;
#6859 = CALENDAR_DATE ( 2026, 26, 7 ) ;
#6860 = ORIENTED_EDGE ( 'NONE', *, *, #8607, .F. ) ;
#6861 = FACE_OUTER_BOUND ( 'NONE', #3230, .T. ) ;
#6862 = VECTOR ( 'NONE', #93, 1000.000000000000000 ) ;
#6863 = VERTEX_POINT ( 'NONE', #983 ) ;
#6864 = AXIS2_PLACEMENT_3D ( 'NONE', #2144, #6207, #677 ) ;
#6865 = PLANE ( 'NONE',  #1826 ) ;
#6866 = ADVANCED_FACE ( 'NONE', ( #4205 ), #6371, .F. ) ;
#6867 = PERSON_AND_ORGANIZATION_ROLE ( 'design_owner' ) ;
#6868 = APPROVAL_PERSON_ORGANIZATION ( #8402, #1923, #196 ) ;
#6869 = VECTOR ( 'NONE', #4517, 1000.000000000000000 ) ;
#6870 = CARTESIAN_POINT ( 'NONE',  ( 0.000000000000000000, 1.600000000000000089, 0.000000000000000000 ) ) ;
#6871 = DIRECTION ( 'NONE',  ( 1.000000000000000000, 0.000000000000000000, -0.000000000000000000 ) ) ;
#6872 = ORIENTED_EDGE ( 'NONE', *, *, #7492, .T. ) ;
#6873 = CARTESIAN_POINT ( 'NONE',  ( -39.00000000000000000, 0.000000000000000000, -17.69999999999999929 ) ) ;
#6874 = CARTESIAN_POINT ( 'NONE',  ( 126.0000000000000000, 3.000000000000000000, 45.00000000000000000 ) ) ;
#6875 = APPROVAL_PERSON_ORGANIZATION ( #8129, #4206, #2007 ) ;
#6876 = DIRECTION ( 'NONE',  ( -1.000000000000000000, -0.000000000000000000, -0.000000000000000000 ) ) ;
#6877 = DIRECTION ( 'NONE',  ( 0.000000000000000000, 0.000000000000000000, -1.000000000000000000 ) ) ;
#6878 = PRODUCT ( 'FN-HLD-004_cn3791-clip-zone_R0.5', 'FN-HLD-004_cn3791-clip-zone_R0.5', '', ( #8859 ) ) ;
#6879 = EDGE_CURVE ( 'NONE', #5717, #3095, #4832, .T. ) ;
#6880 = CALENDAR_DATE ( 2026, 26, 7 ) ;
#6881 = VECTOR ( 'NONE', #991, 1000.000000000000000 ) ;
#6882 = EDGE_CURVE ( 'NONE', #5652, #8346, #4826, .T. ) ;
#6883 = CARTESIAN_POINT ( 'NONE',  ( -1.750000000000000000, 0.000000000000000000, 10.50000000000000000 ) ) ;
#6884 = LOCAL_TIME ( 21, 54, 55.00000000000000000, #2046 ) ;
#6885 =( GEOMETRIC_REPRESENTATION_CONTEXT ( 3 ) GLOBAL_UNCERTAINTY_ASSIGNED_CONTEXT ( ( #3764 ) ) GLOBAL_UNIT_ASSIGNED_CONTEXT ( ( #187, #8394, #819 ) ) REPRESENTATION_CONTEXT ( 'NONE', 'WORKASPACE' ) );
#6886 = CARTESIAN_POINT ( 'NONE',  ( -60.14999999999999858, 7.000000000000000000, -80.00000000000000000 ) ) ;
#6887 = VECTOR ( 'NONE', #7903, 1000.000000000000000 ) ;
#6888 = DIRECTION ( 'NONE',  ( 0.000000000000000000, 0.000000000000000000, -1.000000000000000000 ) ) ;
#6889 = CC_DESIGN_APPROVAL ( #6202, ( #2912 ) ) ;
#6890 = CARTESIAN_POINT ( 'NONE',  ( -1.750000000000000000, 2.500000000000000000, 10.50000000000000000 ) ) ;
#6891 = EDGE_CURVE ( 'NONE', #4852, #682, #7764, .T. ) ;
#6892 = APPLICATION_PROTOCOL_DEFINITION ( 'international standard', 'config_control_design', 1994, #5082 ) ;
#6893 = ORIENTED_EDGE ( 'NONE', *, *, #3207, .F. ) ;
#6894 = CARTESIAN_POINT ( 'NONE',  ( -60.14999999999999858, 0.000000000000000000, -80.00000000000000000 ) ) ;
#6895 = LOCAL_TIME ( 21, 54, 55.00000000000000000, #5192 ) ;
#6896 = VECTOR ( 'NONE', #8216, 1000.000000000000000 ) ;
#6897 = CARTESIAN_POINT ( 'NONE',  ( -6.000000000000000000, 6.000000000000000000, 6.000000000000000000 ) ) ;
#6898 = LINE ( 'NONE', #878, #886 ) ;
#6899 = ORIENTED_EDGE ( 'NONE', *, *, #3790, .T. ) ;
#6900 = LINE ( 'NONE', #4761, #5144 ) ;
#6901 = APPROVAL_STATUS ( 'not_yet_approved' ) ;
#6902 = CC_DESIGN_SECURITY_CLASSIFICATION ( #6042, ( #8869 ) ) ;
#6903 = PERSON_AND_ORGANIZATION ( #5260, #6155 ) ;
#6904 = EDGE_LOOP ( 'NONE', ( #4911, #6554, #4502, #3430 ) ) ;
#6905 = DATE_AND_TIME ( #4186, #6197 ) ;
#6906 = VERTEX_POINT ( 'NONE', #3495 ) ;
#6907 = APPLICATION_CONTEXT ( 'configuration controlled 3d designs of mechanical parts and assemblies' ) ;
#6908 = CC_DESIGN_DATE_AND_TIME_ASSIGNMENT ( #1494, #3538, ( #3076 ) ) ;
#6909 = DIRECTION ( 'NONE',  ( 1.000000000000000000, -0.000000000000000000, 0.000000000000000000 ) ) ;
#6910 = ORIENTED_EDGE ( 'NONE', *, *, #4648, .F. ) ;
#6911 = CC_DESIGN_APPROVAL ( #1736, ( #1356 ) ) ;
#6912 = FACE_OUTER_BOUND ( 'NONE', #8500, .T. ) ;
#6913 = AXIS2_PLACEMENT_3D ( 'NONE', #3, #2073, #7514 ) ;
#6914 = EDGE_CURVE ( 'NONE', #2356, #1516, #8276, .T. ) ;
#6915 = PERSON_AND_ORGANIZATION ( #5260, #6155 ) ;
#6916 = EDGE_LOOP ( 'NONE', ( #8583, #3632, #1076, #6043 ) ) ;
#6917 = CARTESIAN_POINT ( 'NONE',  ( 57.50000000000000000, 35.00000000000000000, 85.00000000000000000 ) ) ;
#6918 = CC_DESIGN_PERSON_AND_ORGANIZATION_ASSIGNMENT ( #4095, #7569, ( #3747 ) ) ;
#6919 = CARTESIAN_POINT ( 'NONE',  ( 0.7500000000000006661, 0.000000000000000000, -8.249999999999998224 ) ) ;
#6920 = ORIENTED_EDGE ( 'NONE', *, *, #2753, .F. ) ;
#6921 = PLANE ( 'NONE',  #5224 ) ;
#6922 = CARTESIAN_POINT ( 'NONE',  ( -73.00000000000000000, 20.00000000000000000, 0.000000000000000000 ) ) ;
#6923 = DIRECTION ( 'NONE',  ( -0.000000000000000000, 1.000000000000000000, -0.000000000000000000 ) ) ;
#6924 = AXIS2_PLACEMENT_3D ( 'NONE', #6987, #7927, #507 ) ;
#6925 = DIRECTION ( 'NONE',  ( -0.000000000000000000, -1.000000000000000000, -0.000000000000000000 ) ) ;
#6926 = COORDINATED_UNIVERSAL_TIME_OFFSET ( 8, 0, .AHEAD. ) ;
#6927 = LINE ( 'NONE', #2879, #8592 ) ;
#6928 = CARTESIAN_POINT ( 'NONE',  ( -60.14999999999999858, 7.000000000000000000, -78.25000000000000000 ) ) ;
#6929 = ORIENTED_EDGE ( 'NONE', *, *, #3197, .T. ) ;
#6930 = CC_DESIGN_DATE_AND_TIME_ASSIGNMENT ( #4053, #6405, ( #6062 ) ) ;
#6931 = CARTESIAN_POINT ( 'NONE',  ( 39.00000000000000000, 36.00000000000000000, -19.50000000000000000 ) ) ;
#6932 = FACE_OUTER_BOUND ( 'NONE', #1907, .T. ) ;
#6933 = EDGE_LOOP ( 'NONE', ( #3560, #6708, #1470, #2222 ) ) ;
#6934 = APPROVAL_ROLE ( '' ) ;
#6935 = ORIENTED_EDGE ( 'NONE', *, *, #4808, .F. ) ;
#6936 = LINE ( 'NONE', #1322, #2216 ) ;
#6937 = CARTESIAN_POINT ( 'NONE',  ( -39.00000000000000000, 5.000000000000000000, -19.50000000000000000 ) ) ;
#6938 = ADVANCED_FACE ( 'NONE', ( #1025 ), #6208, .F. ) ;
#6939 = CARTESIAN_POINT ( 'NONE',  ( -13.00000000000000000, 0.000000000000000000, 39.00000000000000000 ) ) ;
#6940 = VERTEX_POINT ( 'NONE', #250 ) ;
#6941 = DIRECTION ( 'NONE',  ( -1.000000000000000000, -0.000000000000000000, -0.000000000000000000 ) ) ;
#6942 = APPROVAL_ROLE ( '' ) ;
#6943 = EDGE_CURVE ( 'NONE', #6672, #6091, #3000, .T. ) ;
#6944 = AXIS2_PLACEMENT_3D ( 'NONE', #8789, #2657, #1762 ) ;
#6945 = ORIENTED_EDGE ( 'NONE', *, *, #1329, .T. ) ;
#6946 = APPROVAL_STATUS ( 'not_yet_approved' ) ;
#6947 = ORIENTED_EDGE ( 'NONE', *, *, #3027, .T. ) ;
#6948 = CONTEXT_DEPENDENT_SHAPE_REPRESENTATION ( #4792, #4813 ) ;
#6949 = ORIENTED_EDGE ( 'NONE', *, *, #390, .T. ) ;
#6950 = LINE ( 'NONE', #7046, #8811 ) ;
#6951 = ORIENTED_EDGE ( 'NONE', *, *, #1272, .F. ) ;
#6952 = VECTOR ( 'NONE', #2528, 1000.000000000000000 ) ;
#6953 = PERSON ( 'NAUO-PER16', 'UNSPECIFIED', 'UNSPECIFIED', ('UNSPECIFIED'), ('UNSPECIFIED'), ('UNSPECIFIED') ) ;
#6954 = PRODUCT_DEFINITION_SHAPE ( 'NONE', 'NONE',  #8867 ) ;
#6955 = CARTESIAN_POINT ( 'NONE',  ( -82.00000000000000000, 28.00000000000000000, 119.4500000000000028 ) ) ;
#6956 = SHAPE_REPRESENTATION_RELATIONSHIP ( 'NONE' , 'NONE' ,  #3331, #3056 ) ;
#6957 = DATE_TIME_ROLE ( 'creation_date' ) ;
#6958 = APPLICATION_CONTEXT ( 'configuration controlled 3d designs of mechanical parts and assemblies' ) ;
#6959 = ORIENTED_EDGE ( 'NONE', *, *, #5633, .T. ) ;
#6960 = CARTESIAN_POINT ( 'NONE',  ( -9.500000000000000000, 2.500000000000000000, 1.500000000000000000 ) ) ;
#6961 = DIRECTION ( 'NONE',  ( 0.000000000000000000, -1.000000000000000000, 0.000000000000000000 ) ) ;
#6962 = ADVANCED_FACE ( 'NONE', ( #292 ), #3046, .F. ) ;
#6963 = DIRECTION ( 'NONE',  ( 0.000000000000000000, 0.000000000000000000, 1.000000000000000000 ) ) ;
#6964 = LINE ( 'NONE', #1036, #8683 ) ;
#6965 = EDGE_CURVE ( 'NONE', #8130, #8153, #3314, .T. ) ;
#6966 = VECTOR ( 'NONE', #7867, 1000.000000000000000 ) ;
#6967 = DIRECTION ( 'NONE',  ( 0.000000000000000000, 0.000000000000000000, 1.000000000000000000 ) ) ;
#6968 = PERSON_AND_ORGANIZATION_ROLE ( 'design_supplier' ) ;
#6969 = CC_DESIGN_PERSON_AND_ORGANIZATION_ASSIGNMENT ( #744, #1276, ( #5316 ) ) ;
#6970 = VECTOR ( 'NONE', #7138, 1000.000000000000000 ) ;
#6971 = SECURITY_CLASSIFICATION_LEVEL ( 'unclassified' ) ;
#6972 = VECTOR ( 'NONE', #675, 1000.000000000000000 ) ;
#6973 = LINE ( 'NONE', #5672, #3578 ) ;
#6974 = CARTESIAN_POINT ( 'NONE',  ( 35.75000000000000000, 2.500000000000000000, 83.00000000000000000 ) ) ;
#6975 = VERTEX_POINT ( 'NONE', #1162 ) ;
#6976 = CARTESIAN_POINT ( 'NONE',  ( -39.00000000000000000, 36.00000000000000000, 19.50000000000000000 ) ) ;
#6977 = AXIS2_PLACEMENT_3D ( 'NONE', #2143, #2786, #2737 ) ;
#6978 = DIRECTION ( 'NONE',  ( -0.000000000000000000, -1.000000000000000000, -0.000000000000000000 ) ) ;
#6979 = EDGE_LOOP ( 'NONE', ( #5070, #1240, #4044, #1250, #8291, #7647, #7843, #7258 ) ) ;
#6980 = APPROVAL_DATE_TIME ( #2346, #3167 ) ;
#6981 = ADVANCED_FACE ( 'NONE', ( #1829 ), #8026, .T. ) ;
#6982 = SHAPE_REPRESENTATION ( 'FN-HAR-015_W7-gnss-coax_R0.5', ( #7312 ), #6885 ) ;
#6983 = ORIENTED_EDGE ( 'NONE', *, *, #8152, .F. ) ;
#6984 = ORIENTED_EDGE ( 'NONE', *, *, #5390, .F. ) ;
#6985 = FACE_OUTER_BOUND ( 'NONE', #5959, .T. ) ;
#6986 = CARTESIAN_POINT ( 'NONE',  ( -21.25000000000000000, 2.500000000000000000, -10.50000000000000000 ) ) ;
#6987 = CARTESIAN_POINT ( 'NONE',  ( -23.00000000000000000, 10.00000000000000000, 10.50000000000000000 ) ) ;
#6988 = ORIENTED_EDGE ( 'NONE', *, *, #8770, .F. ) ;
#6989 = CYLINDRICAL_SURFACE ( 'NONE', #437, 1.799999999999999600 ) ;
#6990 = CIRCLE ( 'NONE', #6559, 1.799999999999999600 ) ;
#6991 = SHAPE_DEFINITION_REPRESENTATION ( #604, #245 ) ;
#6992 = DATE_TIME_ROLE ( 'creation_date' ) ;
#6993 = ORIENTED_EDGE ( 'NONE', *, *, #4598, .T. ) ;
#6994 = DATE_AND_TIME ( #5735, #2355 ) ;
#6995 = ORIENTED_EDGE ( 'NONE', *, *, #243, .F. ) ;
#6996 = ADVANCED_FACE ( 'NONE', ( #6678, #3305, #1868, #3877, #3228 ), #7314, .F. ) ;
#6997 = EDGE_LOOP ( 'NONE', ( #7229, #1987, #1585, #5797 ) ) ;
#6998 = EDGE_CURVE ( 'NONE', #2857, #938, #1024, .T. ) ;
#6999 = EDGE_CURVE ( 'NONE', #4907, #2447, #5250, .T. ) ;
#7000 = FACE_OUTER_BOUND ( 'NONE', #1503, .T. ) ;
#7002 = ORIENTED_EDGE ( 'NONE', *, *, #8395, .T. ) ;
#7001 = EDGE_CURVE ( 'NONE', #2632, #5117, #4007, .T. ) ;
#7003 = AXIS2_PLACEMENT_3D ( 'NONE', #3903, #8573, #6619 ) ;
#7004 = CYLINDRICAL_SURFACE ( 'NONE', #4265, 1.799999999999999600 ) ;
#7005 = COORDINATED_UNIVERSAL_TIME_OFFSET ( 8, 0, .AHEAD. ) ;
#7006 = EDGE_CURVE ( 'NONE', #3781, #4628, #2507, .T. ) ;
#7007 = ORIENTED_EDGE ( 'NONE', *, *, #3275, .T. ) ;
#7008 = ORIENTED_EDGE ( 'NONE', *, *, #2024, .T. ) ;
#7009 = DIRECTION ( 'NONE',  ( -1.000000000000000000, -0.000000000000000000, -0.000000000000000000 ) ) ;
#7010 = AXIS2_PLACEMENT_3D ( 'NONE', #4566, #2570, #5901 ) ;
#7011 = LINE ( 'NONE', #5705, #1924 ) ;
#7012 = VERTEX_POINT ( 'NONE', #4589 ) ;
#7013 = CARTESIAN_POINT ( 'NONE',  ( -57.50000000000000000, 1.600000000000000089, 85.00000000000000000 ) ) ;
#7014 = CARTESIAN_POINT ( 'NONE',  ( -36.00000000000000000, 0.000000000000000000, -33.50000000000000000 ) ) ;
#7015 = LOCAL_TIME ( 21, 54, 55.00000000000000000, #7886 ) ;
#7016 = CARTESIAN_POINT ( 'NONE',  ( 60.00000000000000000, 0.000000000000000000, -42.50000000000000000 ) ) ;
#7018 = AXIS2_PLACEMENT_3D ( 'NONE', #5046, #3191, #1798 ) ;
#7017 = DATE_TIME_ROLE ( 'classification_date' ) ;
#7019 = CALENDAR_DATE ( 2026, 26, 7 ) ;
#7020 = LINE ( 'NONE', #3282, #4708 ) ;
#7021 = AXIS2_PLACEMENT_3D ( 'NONE', #7499, #4066, #6069 ) ;
#7022 = CARTESIAN_POINT ( 'NONE',  ( -85.25000000000000000, 28.00000000000000000, 98.50000000000000000 ) ) ;
#7023 = CC_DESIGN_APPROVAL ( #8549, ( #6301 ) ) ;
#7024 = ORIENTED_EDGE ( 'NONE', *, *, #1231, .T. ) ;
#7025 = CC_DESIGN_DATE_AND_TIME_ASSIGNMENT ( #1337, #4056, ( #5189 ) ) ;
#7026 = CARTESIAN_POINT ( 'NONE',  ( 60.14999999999999858, 7.000000000000000000, 80.00000000000000000 ) ) ;
#7027 = CARTESIAN_POINT ( 'NONE',  ( 3.500000000000003109, 0.000000000000000000, 12.25000000000000000 ) ) ;
#7028 = CC_DESIGN_APPROVAL ( #4206, ( #7878 ) ) ;
#7029 = CALENDAR_DATE ( 2026, 26, 7 ) ;
#7030 = APPROVAL_PERSON_ORGANIZATION ( #4601, #1426, #7911 ) ;
#7031 = VERTEX_POINT ( 'NONE', #7267 ) ;
#7032 = LINE ( 'NONE', #325, #4534 ) ;
#7033 = PRODUCT ( 'FN-HAR-013_W5-tilt-rs485_R0.5', 'FN-HAR-013_W5-tilt-rs485_R0.5', '', ( #4040 ) ) ;
#7034 = PRODUCT_DEFINITION_FORMATION_WITH_SPECIFIED_SOURCE ( '任何', '', #3613, .NOT_KNOWN. ) ;
#7035 = ADVANCED_FACE ( 'NONE', ( #8768 ), #3920, .F. ) ;
#7036 = DIRECTION ( 'NONE',  ( 1.000000000000000000, 0.000000000000000000, 0.000000000000000000 ) ) ;
#7037 = VERTEX_POINT ( 'NONE', #429 ) ;
#7038 = CARTESIAN_POINT ( 'NONE',  ( -3.000000000000000000, 2.500000000000000000, -19.50000000000000000 ) ) ;
#7039 = PERSON_AND_ORGANIZATION ( #5260, #6155 ) ;
#7040 = ORIENTED_EDGE ( 'NONE', *, *, #4384, .F. ) ;
#7041 = COORDINATED_UNIVERSAL_TIME_OFFSET ( 8, 0, .AHEAD. ) ;
#7042 = EDGE_LOOP ( 'NONE', ( #7891, #810, #2413, #2444 ) ) ;
#7043 = DATE_AND_TIME ( #7842, #2789 ) ;
#7044 = VERTEX_POINT ( 'NONE', #3791 ) ;
#7045 = APPROVAL_PERSON_ORGANIZATION ( #1633, #8857, #6934 ) ;
#7046 = CARTESIAN_POINT ( 'NONE',  ( -25.50000000000000000, 2.500000000000000000, -57.00000000000000000 ) ) ;
#7047 = VERTEX_POINT ( 'NONE', #524 ) ;
#7048 = CARTESIAN_POINT ( 'NONE',  ( -8.750000000000000000, 0.000000000000000000, 8.250000000000000000 ) ) ;
#7049 = CC_DESIGN_PERSON_AND_ORGANIZATION_ASSIGNMENT ( #5731, #108, ( #8384 ) ) ;
#7050 = LOCAL_TIME ( 21, 54, 55.00000000000000000, #2643 ) ;
#7051 = EDGE_CURVE ( 'NONE', #2955, #7902, #3267, .T. ) ;
#7052 = CALENDAR_DATE ( 2026, 26, 7 ) ;
#7053 = EDGE_CURVE ( 'NONE', #3095, #5717, #141, .T. ) ;
#7054 = ORIENTED_EDGE ( 'NONE', *, *, #3350, .T. ) ;
#7055 = VERTEX_POINT ( 'NONE', #3177 ) ;
#7056 = DIRECTION ( 'NONE',  ( 0.000000000000000000, -0.000000000000000000, -1.000000000000000000 ) ) ;
#7057 = CC_DESIGN_SECURITY_CLASSIFICATION ( #5907, ( #8880 ) ) ;
#7058 = CARTESIAN_POINT ( 'NONE',  ( 9.500000000000000000, 2.500000000000000000, 22.50000000000000000 ) ) ;
#7059 = EDGE_LOOP ( 'NONE', ( #1136, #4620, #2784, #332 ) ) ;
#7060 = PLANE ( 'NONE',  #2390 ) ;
#7061 = DIRECTION ( 'NONE',  ( 0.000000000000000000, -0.000000000000000000, -1.000000000000000000 ) ) ;
#7062 = EDGE_CURVE ( 'NONE', #3516, #5429, #7357, .T. ) ;
#7063 = CC_DESIGN_APPROVAL ( #5755, ( #6058 ) ) ;
#7064 = LINE ( 'NONE', #2192, #2465 ) ;
#7065 = COORDINATED_UNIVERSAL_TIME_OFFSET ( 8, 0, .AHEAD. ) ;
#7066 = VECTOR ( 'NONE', #4301, 1000.000000000000000 ) ;
#7067 = APPROVAL_ROLE ( '' ) ;
#7068 = DIRECTION ( 'NONE',  ( 0.000000000000000000, 0.000000000000000000, -1.000000000000000000 ) ) ;
#7069 = DIRECTION ( 'NONE',  ( 0.000000000000000000, 0.000000000000000000, 1.000000000000000000 ) ) ;
#7070 = ORIENTED_EDGE ( 'NONE', *, *, #1899, .T. ) ;
#7071 = VECTOR ( 'NONE', #1682, 1000.000000000000000 ) ;
#7072 = AXIS2_PLACEMENT_3D ( 'NONE', #749, #8294, #4130 ) ;
#7073 = CARTESIAN_POINT ( 'NONE',  ( -60.14999999999999858, 0.000000000000000000, -78.25000000000000000 ) ) ;
#7074 = CARTESIAN_POINT ( 'NONE',  ( -39.00000000000000000, 0.000000000000000000, -20.75000000000000355 ) ) ;
#7075 =( LENGTH_UNIT ( ) NAMED_UNIT ( * ) SI_UNIT ( .MILLI., .METRE. ) );
#7076 = DATE_TIME_ROLE ( 'creation_date' ) ;
#7077 = VECTOR ( 'NONE', #3449, 1000.000000000000000 ) ;
#7078 = ORIENTED_EDGE ( 'NONE', *, *, #3514, .F. ) ;
#7079 = CARTESIAN_POINT ( 'NONE',  ( 110.0000000000000000, 28.00000000000000000, 124.4500000000000028 ) ) ;
#7080 = ADVANCED_FACE ( 'NONE', ( #2590 ), #1957, .F. ) ;
#7081 = CARTESIAN_POINT ( 'NONE',  ( -54.00000000000000000, 1.599999999999999867, -79.90000000000000568 ) ) ;
#7082 = ORIENTED_EDGE ( 'NONE', *, *, #4504, .F. ) ;
#7083 = DIRECTION ( 'NONE',  ( 0.000000000000000000, 0.000000000000000000, -1.000000000000000000 ) ) ;
#7084 = CALENDAR_DATE ( 2026, 26, 7 ) ;
#7085 = AXIS2_PLACEMENT_3D ( 'NONE', #4995, #8514, #5574 ) ;
#7086 = PERSON_AND_ORGANIZATION ( #5260, #6155 ) ;
#7087 = APPROVAL ( #7175, '未指定' ) ;
#7088 = VERTEX_POINT ( 'NONE', #6504 ) ;
#7089 = VERTEX_POINT ( 'NONE', #385 ) ;
#7090 = CARTESIAN_POINT ( 'NONE',  ( -60.14999999999999858, 5.000000000000000000, 32.35000000000000142 ) ) ;
#7091 = ORIENTED_EDGE ( 'NONE', *, *, #8671, .F. ) ;
#7092 = LINE ( 'NONE', #981, #994 ) ;
#7093 = CARTESIAN_POINT ( 'NONE',  ( 39.00000000000000000, 0.000000000000000000, -18.24999999999999645 ) ) ;
#7094 = VECTOR ( 'NONE', #8861, 1000.000000000000000 ) ;
#7095 = VECTOR ( 'NONE', #5320, 1000.000000000000000 ) ;
#7096 = DIRECTION ( 'NONE',  ( 1.000000000000000000, 0.000000000000000000, 0.000000000000000000 ) ) ;
#7097 = COORDINATED_UNIVERSAL_TIME_OFFSET ( 8, 0, .AHEAD. ) ;
#7098 = EDGE_LOOP ( 'NONE', ( #2462, #4234, #3686, #724 ) ) ;
#7099 = ORIENTED_EDGE ( 'NONE', *, *, #3675, .F. ) ;
#7100 = DIRECTION ( 'NONE',  ( -0.000000000000000000, -0.000000000000000000, 1.000000000000000000 ) ) ;
#7101 = CC_DESIGN_PERSON_AND_ORGANIZATION_ASSIGNMENT ( #2370, #7721, ( #6166 ) ) ;
#7102 = CARTESIAN_POINT ( 'NONE',  ( -6.499999999999999112, 2.500000000000000000, 4.500000000000000000 ) ) ;
#7103 = ORIENTED_EDGE ( 'NONE', *, *, #4646, .F. ) ;
#7104 = CARTESIAN_POINT ( 'NONE',  ( 28.50000000000000000, 2.500000000000000000, 60.00000000000000000 ) ) ;
#7105 = CARTESIAN_POINT ( 'NONE',  ( 2.250000000000000444, 0.000000000000000000, 6.500000000000000000 ) ) ;
#7106 = VECTOR ( 'NONE', #5970, 1000.000000000000000 ) ;
#7107 = PLANE ( 'NONE',  #2893 ) ;
#7108 = DATE_AND_TIME ( #4962, #3190 ) ;
#7109 = PERSON_AND_ORGANIZATION_ROLE ( 'classification_officer' ) ;
#7110 = PRODUCT_RELATED_PRODUCT_CATEGORY ( 'detail', '', ( #7676 ) ) ;
#7111 = LINE ( 'NONE', #911, #4290 ) ;
#7112 = EDGE_CURVE ( 'NONE', #3029, #698, #3136, .T. ) ;
#7113 = DIRECTION ( 'NONE',  ( 0.000000000000000000, 0.000000000000000000, 1.000000000000000000 ) ) ;
#7114 = VERTEX_POINT ( 'NONE', #5168 ) ;
#7115 = ADVANCED_FACE ( 'NONE', ( #7226 ), #1120, .F. ) ;
#7116 = LINE ( 'NONE', #7872, #6839 ) ;
#7117 = AXIS2_PLACEMENT_3D ( 'NONE', #5288, #5828, #8024 ) ;
#7118 = CARTESIAN_POINT ( 'NONE',  ( 28.00000000000000000, 3.000000000000000000, -15.50000000000000000 ) ) ;
#7119 = PERSON_AND_ORGANIZATION ( #5260, #6155 ) ;
#7120 = DIRECTION ( 'NONE',  ( 0.000000000000000000, 0.000000000000000000, -1.000000000000000000 ) ) ;
#7121 = EDGE_CURVE ( 'NONE', #4478, #2115, #3431, .T. ) ;
#7122 = VERTEX_POINT ( 'NONE', #7395 ) ;
#7123 = PLANE ( 'NONE',  #1388 ) ;
#7124 = VECTOR ( 'NONE', #1885, 1000.000000000000000 ) ;
#7125 = LINE ( 'NONE', #5908, #5653 ) ;
#7126 = ORIENTED_EDGE ( 'NONE', *, *, #7653, .T. ) ;
#7127 = DIRECTION ( 'NONE',  ( 0.000000000000000000, 0.000000000000000000, -1.000000000000000000 ) ) ;
#7128 = PERSON_AND_ORGANIZATION ( #5260, #6155 ) ;
#7129 = EDGE_LOOP ( 'NONE', ( #2167, #2905, #210, #289 ) ) ;
#7130 = SHAPE_DEFINITION_REPRESENTATION ( #5523, #646 ) ;
#7131 = ORIENTED_EDGE ( 'NONE', *, *, #3947, .T. ) ;
#7132 = CALENDAR_DATE ( 2026, 26, 7 ) ;
#7133 = VERTEX_POINT ( 'NONE', #6229 ) ;
#7134 = CARTESIAN_POINT ( 'NONE',  ( -138.0327499999999930, 91.09999999999999432, 98.50000000000000000 ) ) ;
#7135 = ORIENTED_EDGE ( 'NONE', *, *, #7160, .F. ) ;
#7136 = AXIS2_PLACEMENT_3D ( 'NONE', #7102, #7683, #992 ) ;
#7137 = CC_DESIGN_DATE_AND_TIME_ASSIGNMENT ( #8423, #6298, ( #6476 ) ) ;
#7138 = DIRECTION ( 'NONE',  ( -1.000000000000000000, -0.000000000000000000, -0.000000000000000000 ) ) ;
#7139 = LINE ( 'NONE', #6165, #7956 ) ;
#7140 = CALENDAR_DATE ( 2026, 26, 7 ) ;
#7141 = EDGE_LOOP ( 'NONE', ( #6820, #5368, #6143, #8712 ) ) ;
#7142 = VERTEX_POINT ( 'NONE', #4707 ) ;
#7143 = FACE_BOUND ( 'NONE', #2512, .T. ) ;
#7144 = CARTESIAN_POINT ( 'NONE',  ( -3.000000000000000000, 2.500000000000000000, -19.50000000000000000 ) ) ;
#7145 = VERTEX_POINT ( 'NONE', #2044 ) ;
#7146 = VECTOR ( 'NONE', #7127, 1000.000000000000000 ) ;
#7147 = CARTESIAN_POINT ( 'NONE',  ( -54.00000000000000000, 3.600000000000000089, -83.10000000000000853 ) ) ;
#7148 = EDGE_CURVE ( 'NONE', #4852, #2931, #6900, .T. ) ;
#7149 = DIRECTION ( 'NONE',  ( -0.000000000000000000, -0.000000000000000000, 1.000000000000000000 ) ) ;
#7150 = APPROVAL_ROLE ( '' ) ;
#7151 = PERSON_AND_ORGANIZATION ( #2605, #8195 ) ;
#7152 = AXIS2_PLACEMENT_3D ( 'NONE', #5743, #8504, #2366 ) ;
#7153 = CARTESIAN_POINT ( 'NONE',  ( 6.500000000000000000, 0.000000000000000000, 22.50000000000000000 ) ) ;
#7154 = AXIS2_PLACEMENT_3D ( 'NONE', #6001, #7394, #3473 ) ;
#7155 = CARTESIAN_POINT ( 'NONE',  ( -14.50000000000000000, 2.500000000000000000, 12.25000000000000000 ) ) ;
#7156 = PLANE ( 'NONE',  #7951 ) ;
#7157 = ORIENTED_EDGE ( 'NONE', *, *, #837, .T. ) ;
#7158 = LOCAL_TIME ( 21, 54, 55.00000000000000000, #5950 ) ;
#7159 = CARTESIAN_POINT ( 'NONE',  ( 0.7500000000000006661, 2.500000000000000000, 12.75000000000000000 ) ) ;
#7160 = EDGE_CURVE ( 'NONE', #7638, #6422, #2598, .T. ) ;
#7161 = CARTESIAN_POINT ( 'NONE',  ( -57.50000000000000000, 1.600000000000000089, -85.00000000000000000 ) ) ;
#7162 = EDGE_CURVE ( 'NONE', #2312, #4262, #4711, .T. ) ;
#7163 = PERSON_AND_ORGANIZATION_ROLE ( 'classification_officer' ) ;
#7164 = ORIENTED_EDGE ( 'NONE', *, *, #7900, .T. ) ;
#7165 = LOCAL_TIME ( 21, 54, 55.00000000000000000, #6296 ) ;
#7166 = AXIS2_PLACEMENT_3D ( 'NONE', #261, #4827, #1441 ) ;
#7167 = LINE ( 'NONE', #2940, #5363 ) ;
#7168 = DIRECTION ( 'NONE',  ( -0.000000000000000000, -1.000000000000000000, -0.000000000000000000 ) ) ;
#7169 = ADVANCED_FACE ( 'NONE', ( #8165 ), #7487, .F. ) ;
#7170 = LOCAL_TIME ( 21, 54, 55.00000000000000000, #2128 ) ;
#7171 =( GEOMETRIC_REPRESENTATION_CONTEXT ( 3 ) GLOBAL_UNCERTAINTY_ASSIGNED_CONTEXT ( ( #181 ) ) GLOBAL_UNIT_ASSIGNED_CONTEXT ( ( #2843, #7476, #6595 ) ) REPRESENTATION_CONTEXT ( 'NONE', 'WORKASPACE' ) );
#7172 = LINE ( 'NONE', #5276, #2604 ) ;
#7173 = DATE_TIME_ROLE ( 'classification_date' ) ;
#7174 = EDGE_CURVE ( 'NONE', #4446, #282, #2853, .T. ) ;
#7175 = APPROVAL_STATUS ( 'not_yet_approved' ) ;
#7176 = ORIENTED_EDGE ( 'NONE', *, *, #3818, .T. ) ;
#7177 = COORDINATED_UNIVERSAL_TIME_OFFSET ( 8, 0, .AHEAD. ) ;
#7178 = EDGE_LOOP ( 'NONE', ( #2180, #239 ) ) ;
#7179 = LOCAL_TIME ( 21, 54, 55.00000000000000000, #1686 ) ;
#7180 = PLANE ( 'NONE',  #7929 ) ;
#7181 = EDGE_LOOP ( 'NONE', ( #7164, #1876, #8760, #8586 ) ) ;
#7182 = FACE_OUTER_BOUND ( 'NONE', #8413, .T. ) ;
#7183 = CIRCLE ( 'NONE', #8339, 1.600000000000004086 ) ;
#7184 = CARTESIAN_POINT ( 'NONE',  ( 36.00000000000000000, 3.000000000000000000, 33.50000000000000000 ) ) ;
#7185 = ADVANCED_BREP_SHAPE_REPRESENTATION ( '', ( #8224, #7312 ), #8327 ) ;
#7186 = CC_DESIGN_APPROVAL ( #5703, ( #6183 ) ) ;
#7187 =( LENGTH_UNIT ( ) NAMED_UNIT ( * ) SI_UNIT ( .MILLI., .METRE. ) );
#7188 = DATE_AND_TIME ( #4635, #1190 ) ;
#7189 = ORIENTED_EDGE ( 'NONE', *, *, #7112, .F. ) ;
#7190 = ORIENTED_EDGE ( 'NONE', *, *, #1768, .F. ) ;
#7191 = LINE ( 'NONE', #4415, #4919 ) ;
#7192 = CARTESIAN_POINT ( 'NONE',  ( -45.00000000000000000, 36.00000000000000000, -29.00000000000000000 ) ) ;
#7193 = ORIENTED_EDGE ( 'NONE', *, *, #1140, .F. ) ;
#7194 = LOCAL_TIME ( 21, 54, 55.00000000000000000, #8278 ) ;
#7195 = CARTESIAN_POINT ( 'NONE',  ( -24.25000000000000000, 2.500000000000000000, -72.00000000000000000 ) ) ;
#7196 = EDGE_CURVE ( 'NONE', #6358, #6095, #6813, .T. ) ;
#7197 = LINE ( 'NONE', #5890, #1311 ) ;
#7198 = DATE_AND_TIME ( #262, #8171 ) ;
#7199 = DIRECTION ( 'NONE',  ( 0.000000000000000000, 0.000000000000000000, -1.000000000000000000 ) ) ;
#7200 = COORDINATED_UNIVERSAL_TIME_OFFSET ( 8, 0, .AHEAD. ) ;
#7201 = CC_DESIGN_PERSON_AND_ORGANIZATION_ASSIGNMENT ( #2948, #6453, ( #4034 ) ) ;
#7202 = DIRECTION ( 'NONE',  ( -1.000000000000000000, 0.000000000000000000, 0.000000000000000000 ) ) ;
#7203 = CARTESIAN_POINT ( 'NONE',  ( -114.7499999999999858, 28.00000000000000000, 119.4500000000000028 ) ) ;
#7204 = PLANE ( 'NONE',  #3669 ) ;
#7205 = VERTEX_POINT ( 'NONE', #22 ) ;
#7206 = CC_DESIGN_APPROVAL ( #3326, ( #62 ) ) ;
#7207 = FACE_OUTER_BOUND ( 'NONE', #6727, .T. ) ;
#7208 = DIRECTION ( 'NONE',  ( 0.000000000000000000, 0.000000000000000000, -1.000000000000000000 ) ) ;
#7209 = DATE_AND_TIME ( #6527, #6895 ) ;
#7210 = LINE ( 'NONE', #1941, #731 ) ;
#7211 = CARTESIAN_POINT ( 'NONE',  ( 19.00000000000000000, 15.00000000000000000, -9.000000000000000000 ) ) ;
#7212 = PRODUCT_DEFINITION ( '未知', '', #897, #2633 ) ;
#7213 = DIRECTION ( 'NONE',  ( 1.000000000000000000, 0.000000000000000000, 0.000000000000000000 ) ) ;
#7214 = DIRECTION ( 'NONE',  ( 0.000000000000000000, -1.000000000000000000, 0.000000000000000000 ) ) ;
#7215 = APPROVAL_ROLE ( '' ) ;
#7216 = COORDINATED_UNIVERSAL_TIME_OFFSET ( 8, 0, .AHEAD. ) ;
#7217 = ORIENTED_EDGE ( 'NONE', *, *, #5401, .F. ) ;
#7218 = DATE_AND_TIME ( #2545, #3926 ) ;
#7219 = ORIENTED_EDGE ( 'NONE', *, *, #8152, .T. ) ;
#7220 = ADVANCED_FACE ( 'NONE', ( #706 ), #107, .F. ) ;
#7221 = CARTESIAN_POINT ( 'NONE',  ( -60.14999999999999858, 5.000000000000000000, -30.60000000000000142 ) ) ;
#7222 = VECTOR ( 'NONE', #7252, 1000.000000000000000 ) ;
#7223 = VERTEX_POINT ( 'NONE', #6854 ) ;
#7224 = CARTESIAN_POINT ( 'NONE',  ( 39.00000000000000000, 0.000000000000000000, -19.50000000000000000 ) ) ;
#7225 = EDGE_CURVE ( 'NONE', #7031, #6178, #6770, .T. ) ;
#7226 = FACE_OUTER_BOUND ( 'NONE', #569, .T. ) ;
#7227 = APPROVAL_ROLE ( '' ) ;
#7228 = VERTEX_POINT ( 'NONE', #7529 ) ;
#7229 = ORIENTED_EDGE ( 'NONE', *, *, #7662, .F. ) ;
#7230 = CARTESIAN_POINT ( 'NONE',  ( -54.00000000000000000, 3.600000000000000089, 81.50000000000000000 ) ) ;
#7231 = AXIS2_PLACEMENT_3D ( 'NONE', #1084, #1796, #397 ) ;
#7232 = FACE_OUTER_BOUND ( 'NONE', #6496, .T. ) ;
#7233 = ORIENTED_EDGE ( 'NONE', *, *, #4221, .T. ) ;
#7234 = DIRECTION ( 'NONE',  ( 0.000000000000000000, 0.000000000000000000, -1.000000000000000000 ) ) ;
#7235 = VECTOR ( 'NONE', #825, 1000.000000000000000 ) ;
#7236 = VECTOR ( 'NONE', #4122, 1000.000000000000000 ) ;
#7237 = DIRECTION ( 'NONE',  ( 0.000000000000000000, 0.000000000000000000, -1.000000000000000000 ) ) ;
#7238 = DATE_AND_TIME ( #6607, #4170 ) ;
#7239 = EDGE_CURVE ( 'NONE', #4907, #2282, #1418, .T. ) ;
#7240 = DIRECTION ( 'NONE',  ( 0.000000000000000000, 0.000000000000000000, -1.000000000000000000 ) ) ;
#7241 = LINE ( 'NONE', #5977, #3412 ) ;
#7242 = LINE ( 'NONE', #3896, #8555 ) ;
#7243 = ORIENTED_EDGE ( 'NONE', *, *, #4721, .T. ) ;
#7244 = CC_DESIGN_PERSON_AND_ORGANIZATION_ASSIGNMENT ( #3680, #1850, ( #6419 ) ) ;
#7245 = CARTESIAN_POINT ( 'NONE',  ( -57.50000000000000000, 35.00000000000000000, 85.00000000000000000 ) ) ;
#7246 = VECTOR ( 'NONE', #4407, 1000.000000000000000 ) ;
#7247 = DIRECTION ( 'NONE',  ( 1.000000000000000000, 0.000000000000000000, -0.000000000000000000 ) ) ;
#7248 = APPROVAL_DATE_TIME ( #5145, #8179 ) ;
#7249 = CARTESIAN_POINT ( 'NONE',  ( 57.50000000000000000, 1.600000000000000089, 85.00000000000000000 ) ) ;
#7250 = CARTESIAN_POINT ( 'NONE',  ( 39.00000000000000000, 5.000000000000000000, -20.75000000000000355 ) ) ;
#7251 = DESIGN_CONTEXT ( 'detailed design', #6447, 'design' ) ;
#7252 = DIRECTION ( 'NONE',  ( 0.000000000000000000, 0.000000000000000000, -1.000000000000000000 ) ) ;
#7253 = EDGE_CURVE ( 'NONE', #36, #8344, #7439, .T. ) ;
#7254 = PLANE ( 'NONE',  #8451 ) ;
#7255 = APPROVAL_STATUS ( 'not_yet_approved' ) ;
#7256 = ORIENTED_EDGE ( 'NONE', *, *, #1765, .F. ) ;
#7257 = PERSON_AND_ORGANIZATION ( #5260, #6155 ) ;
#7258 = ORIENTED_EDGE ( 'NONE', *, *, #122, .T. ) ;
#7259 = ITEM_DEFINED_TRANSFORMATION ( 'NONE', 'NONE', #4179,  #7312 ) ;
#7260 = VERTEX_POINT ( 'NONE', #3392 ) ;
#7261 = VECTOR ( 'NONE', #4406, 1000.000000000000000 ) ;
#7262 = ORIENTED_EDGE ( 'NONE', *, *, #5026, .F. ) ;
#7263 = DIRECTION ( 'NONE',  ( -1.000000000000000000, 0.000000000000000000, 0.000000000000000000 ) ) ;
#7264 = CLOSED_SHELL ( 'NONE', ( #8784, #4506, #2374, #387, #5051, #8611 ) ) ;
#7265 = ORIENTED_EDGE ( 'NONE', *, *, #5092, .T. ) ;
#7266 = CARTESIAN_POINT ( 'NONE',  ( 60.14999999999999858, 0.000000000000000000, -80.00000000000000000 ) ) ;
#7267 = CARTESIAN_POINT ( 'NONE',  ( -13.00000000000000000, 2.500000000000000000, 35.00000000000000000 ) ) ;
#7268 = AXIS2_PLACEMENT_3D ( 'NONE', #2103, #818, #4825 ) ;
#7269 = ADVANCED_FACE ( 'NONE', ( #5555 ), #3474, .T. ) ;
#7270 = CALENDAR_DATE ( 2026, 26, 7 ) ;
#7271 = CLOSED_SHELL ( 'NONE', ( #4863, #3464, #7693, #3096, #8560, #1568, #5802, #2250, #1341, #2550 ) ) ;
#7272 = ORIENTED_EDGE ( 'NONE', *, *, #4255, .F. ) ;
#7273 = EDGE_CURVE ( 'NONE', #7902, #2677, #8299, .T. ) ;
#7274 = ORIENTED_EDGE ( 'NONE', *, *, #7160, .T. ) ;
#7275 = SHAPE_REPRESENTATION ( 'FN-HAR-011_W3-battery-to-fuse_R0.5', ( #7312 ), #5454 ) ;
#7276 = FACE_OUTER_BOUND ( 'NONE', #8754, .T. ) ;
#7277 = PERSON ( 'NAUO-PER20', 'UNSPECIFIED', 'UNSPECIFIED', ('UNSPECIFIED'), ('UNSPECIFIED'), ('UNSPECIFIED') ) ;
#7278 = DIRECTION ( 'NONE',  ( 1.000000000000000000, 0.000000000000000000, 0.000000000000000000 ) ) ;
#7279 = ORIENTED_EDGE ( 'NONE', *, *, #1102, .T. ) ;
#7280 = DIRECTION ( 'NONE',  ( -0.000000000000000000, -0.000000000000000000, 1.000000000000000000 ) ) ;
#7281 = EDGE_CURVE ( 'NONE', #6804, #7055, #610, .T. ) ;
#7282 = FACE_OUTER_BOUND ( 'NONE', #1964, .T. ) ;
#7283 = PERSON_AND_ORGANIZATION_ROLE ( 'design_supplier' ) ;
#7284 = FACE_OUTER_BOUND ( 'NONE', #7059, .T. ) ;
#7285 = CARTESIAN_POINT ( 'NONE',  ( 54.00000000000000000, 3.600000000000000089, 79.90000000000000568 ) ) ;
#7286 = DIRECTION ( 'NONE',  ( 0.000000000000000000, 0.000000000000000000, 1.000000000000000000 ) ) ;
#7287 = LINE ( 'NONE', #409, #1711 ) ;
#7288 = PLANE ( 'NONE',  #1306 ) ;
#7289 = AXIS2_PLACEMENT_3D ( 'NONE', #1684, #7708, #8438 ) ;
#7290 = ADVANCED_BREP_SHAPE_REPRESENTATION ( '', ( #2272, #7312 ), #5006 ) ;
#7291 = APPLICATION_PROTOCOL_DEFINITION ( 'international standard', 'config_control_design', 1994, #637 ) ;
#7292 = CARTESIAN_POINT ( 'NONE',  ( 9.500000000000000000, 2.500000000000000000, 1.500000000000000000 ) ) ;
#7293 = APPROVAL ( #8078, 'UNKNOWN' ) ;
#7294 = DIRECTION ( 'NONE',  ( 0.000000000000000000, -1.000000000000000000, 0.000000000000000000 ) ) ;
#7295 = AXIS2_PLACEMENT_3D ( 'NONE', #1677, #3543, #6261 ) ;
#7296 = DIRECTION ( 'NONE',  ( -0.000000000000000000, -1.000000000000000000, -0.000000000000000000 ) ) ;
#7297 = DIRECTION ( 'NONE',  ( -0.000000000000000000, -1.000000000000000000, 0.000000000000000000 ) ) ;
#7298 = APPLICATION_PROTOCOL_DEFINITION ( 'international standard', 'config_control_design', 1994, #8353 ) ;
#7299 = APPLICATION_CONTEXT ( 'configuration controlled 3d designs of mechanical parts and assemblies' ) ;
#7300 = PRODUCT_DEFINITION_FORMATION_WITH_SPECIFIED_SOURCE ( '任何', '', #4102, .NOT_KNOWN. ) ;
#7301 = PERSON_AND_ORGANIZATION ( #5260, #6155 ) ;
#7302 = VECTOR ( 'NONE', #954, 1000.000000000000000 ) ;
#7303 = ORIENTED_EDGE ( 'NONE', *, *, #2527, .F. ) ;
#7304 = DATE_TIME_ROLE ( 'classification_date' ) ;
#7305 = ORIENTED_EDGE ( 'NONE', *, *, #5432, .T. ) ;
#7306 = VERTEX_POINT ( 'NONE', #6098 ) ;
#7307 = CC_DESIGN_PERSON_AND_ORGANIZATION_ASSIGNMENT ( #6725, #8255, ( #8624 ) ) ;
#7308 = EDGE_CURVE ( 'NONE', #4979, #7739, #8856, .T. ) ;
#7309 = CARTESIAN_POINT ( 'NONE',  ( 60.00000000000000000, 28.00000000000000000, 119.4500000000000028 ) ) ;
#7310 = ORIENTED_EDGE ( 'NONE', *, *, #2804, .F. ) ;
#7311 = CC_DESIGN_SECURITY_CLASSIFICATION ( #3881, ( #8465 ) ) ;
#7312 = AXIS2_PLACEMENT_3D ( 'NONE', #7327, #5306, #5347 ) ;
#7313 = DIRECTION ( 'NONE',  ( 0.000000000000000000, 0.000000000000000000, -1.000000000000000000 ) ) ;
#7314 = PLANE ( 'NONE',  #876 ) ;
#7315 = COORDINATED_UNIVERSAL_TIME_OFFSET ( 8, 0, .AHEAD. ) ;
#7316 = VECTOR ( 'NONE', #7009, 1000.000000000000000 ) ;
#7317 = EDGE_LOOP ( 'NONE', ( #2159, #467, #8731, #3703 ) ) ;
#7318 = PRODUCT_DEFINITION_FORMATION_WITH_SPECIFIED_SOURCE ( '任何', '', #8409, .NOT_KNOWN. ) ;
#7319 = AXIS2_PLACEMENT_3D ( 'NONE', #6163, #7462, #3494 ) ;
#7320 = ORIENTED_EDGE ( 'NONE', *, *, #43, .F. ) ;
#7321 = CARTESIAN_POINT ( 'NONE',  ( -13.00000000000000000, 2.500000000000000000, 35.00000000000000000 ) ) ;
#7322 = ORIENTED_EDGE ( 'NONE', *, *, #6755, .T. ) ;
#7323 = CC_DESIGN_PERSON_AND_ORGANIZATION_ASSIGNMENT ( #7039, #841, ( #2603 ) ) ;
#7324 = LINE ( 'NONE', #7195, #3808 ) ;
#7325 = EDGE_CURVE ( 'NONE', #938, #1482, #8116, .T. ) ;
#7326 = APPROVAL_PERSON_ORGANIZATION ( #6131, #91, #7426 ) ;
#7327 = CARTESIAN_POINT ( 'NONE',  ( 0.000000000000000000, 0.000000000000000000, 0.000000000000000000 ) ) ;
#7328 = DATE_AND_TIME ( #1799, #7737 ) ;
#7329 = VERTEX_POINT ( 'NONE', #7038 ) ;
#7330 = DIRECTION ( 'NONE',  ( 0.000000000000000000, -1.000000000000000000, 0.000000000000000000 ) ) ;
#7331 = APPROVAL_PERSON_ORGANIZATION ( #685, #5703, #1358 ) ;
#7332 = FACE_OUTER_BOUND ( 'NONE', #5176, .T. ) ;
#7333 = EDGE_CURVE ( 'NONE', #3260, #5866, #4890, .T. ) ;
#7334 = CARTESIAN_POINT ( 'NONE',  ( 25.50000000000000000, 0.000000000000000000, 47.00000000000000000 ) ) ;
#7335 = DIRECTION ( 'NONE',  ( 0.000000000000000000, 0.000000000000000000, 1.000000000000000000 ) ) ;
#7336 = EDGE_CURVE ( 'NONE', #7808, #1557, #4394, .T. ) ;
#7337 = CC_DESIGN_APPROVAL ( #4243, ( #4054 ) ) ;
#7338 = LINE ( 'NONE', #4688, #3460 ) ;
#7339 = COORDINATED_UNIVERSAL_TIME_OFFSET ( 8, 0, .AHEAD. ) ;
#7340 = DIRECTION ( 'NONE',  ( 0.000000000000000000, 0.000000000000000000, -1.000000000000000000 ) ) ;
#7341 = DIRECTION ( 'NONE',  ( 0.000000000000000000, -1.000000000000000000, 0.000000000000000000 ) ) ;
#7342 = VECTOR ( 'NONE', #8091, 1000.000000000000000 ) ;
#7343 = CARTESIAN_POINT ( 'NONE',  ( 0.000000000000000000, 2.500000000000000000, 0.000000000000000000 ) ) ;
#7344 = DIRECTION ( 'NONE',  ( 0.000000000000000000, -1.000000000000000000, 0.000000000000000000 ) ) ;
#7345 = APPLICATION_PROTOCOL_DEFINITION ( 'international standard', 'config_control_design', 1994, #2534 ) ;
#7346 = APPROVAL_PERSON_ORGANIZATION ( #4579, #5755, #7975 ) ;
#7347 = VERTEX_POINT ( 'NONE', #146 ) ;
#7348 = APPROVAL_STATUS ( 'not_yet_approved' ) ;
#7349 = ORIENTED_EDGE ( 'NONE', *, *, #8215, .T. ) ;
#7350 = ORIENTED_EDGE ( 'NONE', *, *, #3209, .T. ) ;
#7351 = VERTEX_POINT ( 'NONE', #6316 ) ;
#7352 = EDGE_CURVE ( 'NONE', #8483, #8455, #2900, .T. ) ;
#7353 = DIRECTION ( 'NONE',  ( -1.000000000000000000, -0.000000000000000000, -0.000000000000000000 ) ) ;
#7354 = ORIENTED_EDGE ( 'NONE', *, *, #3977, .T. ) ;
#7355 = CARTESIAN_POINT ( 'NONE',  ( -39.00000000000000000, 0.000000000000000000, -19.50000000000000000 ) ) ;
#7356 = AXIS2_PLACEMENT_3D ( 'NONE', #5835, #1793, #7431 ) ;
#7357 = LINE ( 'NONE', #562, #3026 ) ;
#7358 = CC_DESIGN_PERSON_AND_ORGANIZATION_ASSIGNMENT ( #6485, #5231, ( #3484 ) ) ;
#7359 = PERSON_AND_ORGANIZATION_ROLE ( 'design_supplier' ) ;
#7360 = ORIENTED_EDGE ( 'NONE', *, *, #8664, .F. ) ;
#7361 = VECTOR ( 'NONE', #5815, 1000.000000000000000 ) ;
#7362 = DIRECTION ( 'NONE',  ( -0.000000000000000000, -0.000000000000000000, 1.000000000000000000 ) ) ;
#7363 = ORIENTED_EDGE ( 'NONE', *, *, #5687, .F. ) ;
#7364 = CARTESIAN_POINT ( 'NONE',  ( -82.00000000000000000, 28.00000000000000000, 124.4500000000000028 ) ) ;
#7365 = APPLICATION_CONTEXT ( 'configuration controlled 3d designs of mechanical parts and assemblies' ) ;
#7366 = DIRECTION ( 'NONE',  ( 0.000000000000000000, 1.000000000000000000, 0.000000000000000000 ) ) ;
#7367 = PERSON_AND_ORGANIZATION ( #5260, #6155 ) ;
#7368 = APPROVAL ( #2602, '未指定' ) ;
#7369 = VECTOR ( 'NONE', #951, 1000.000000000000000 ) ;
#7370 = DIRECTION ( 'NONE',  ( 0.000000000000000000, -1.000000000000000000, 0.000000000000000000 ) ) ;
#7371 = CARTESIAN_POINT ( 'NONE',  ( 19.00000000000000000, 15.00000000000000000, 9.000000000000000000 ) ) ;
#7372 = CARTESIAN_POINT ( 'NONE',  ( -14.50000000000000000, 2.500000000000000000, 7.750000000000000000 ) ) ;
#7373 = DIRECTION ( 'NONE',  ( 0.000000000000000000, 1.000000000000000000, 0.000000000000000000 ) ) ;
#7374 = DIRECTION ( 'NONE',  ( 0.000000000000000000, 0.000000000000000000, -1.000000000000000000 ) ) ;
#7375 = ADVANCED_FACE ( 'NONE', ( #1641 ), #5778, .F. ) ;
#7376 = SECURITY_CLASSIFICATION_LEVEL ( 'unclassified' ) ;
#7377 = LINE ( 'NONE', #2747, #8142 ) ;
#7378 = CARTESIAN_POINT ( 'NONE',  ( -24.25000000000000000, 0.000000000000000000, -72.00000000000000000 ) ) ;
#7379 = ADVANCED_FACE ( 'NONE', ( #279 ), #5602, .T. ) ;
#7380 = PERSON ( 'NAUO-PER19', 'UNSPECIFIED', 'UNSPECIFIED', ('UNSPECIFIED'), ('UNSPECIFIED'), ('UNSPECIFIED') ) ;
#7381 = AXIS2_PLACEMENT_3D ( 'NONE', #5943, #7294, #2618 ) ;
#7382 = DIRECTION ( 'NONE',  ( 1.000000000000000000, 0.000000000000000000, 0.000000000000000000 ) ) ;
#7383 = DIRECTION ( 'NONE',  ( 0.000000000000000000, 0.000000000000000000, -1.000000000000000000 ) ) ;
#7384 = DATE_AND_TIME ( #693, #2892 ) ;
#7386 = VERTEX_POINT ( 'NONE', #330 ) ;
#7385 = ADVANCED_FACE ( 'NONE', ( #4315 ), #3643, .F. ) ;
#7387 = CALENDAR_DATE ( 2026, 26, 7 ) ;
#7388 = ORIENTED_EDGE ( 'NONE', *, *, #5254, .F. ) ;
#7389 = EDGE_LOOP ( 'NONE', ( #885, #8064, #933, #1013 ) ) ;
#7390 = VERTEX_POINT ( 'NONE', #4356 ) ;
#7391 = ORIENTED_EDGE ( 'NONE', *, *, #6125, .T. ) ;
#7392 = DIRECTION ( 'NONE',  ( 0.000000000000000000, -1.000000000000000000, 0.000000000000000000 ) ) ;
#7393 = ORIENTED_EDGE ( 'NONE', *, *, #3161, .T. ) ;
#7394 = DIRECTION ( 'NONE',  ( 0.000000000000000000, -1.000000000000000000, 0.000000000000000000 ) ) ;
#7395 = CARTESIAN_POINT ( 'NONE',  ( -3.750000000000000000, 2.500000000000000000, 8.250000000000000000 ) ) ;
#7396 = DIRECTION ( 'NONE',  ( 0.000000000000000000, 0.000000000000000000, 1.000000000000000000 ) ) ;
#7397 = SECURITY_CLASSIFICATION_LEVEL ( 'unclassified' ) ;
#7398 = PERSON ( 'NAUO-PER7', 'UNSPECIFIED', 'UNSPECIFIED', ('UNSPECIFIED'), ('UNSPECIFIED'), ('UNSPECIFIED') ) ;
#7399 = CALENDAR_DATE ( 2026, 26, 7 ) ;
#7400 = ORIENTED_EDGE ( 'NONE', *, *, #505, .T. ) ;
#7401 = CC_DESIGN_DATE_AND_TIME_ASSIGNMENT ( #6121, #7509, ( #7758 ) ) ;
#7402 = DIRECTION ( 'NONE',  ( 0.000000000000000000, 0.000000000000000000, -1.000000000000000000 ) ) ;
#7403 = ORIENTED_EDGE ( 'NONE', *, *, #985, .F. ) ;
#7404 = CARTESIAN_POINT ( 'NONE',  ( 33.00000000000000000, 40.00000000000000000, 30.50000000000000000 ) ) ;
#7405 = VECTOR ( 'NONE', #1716, 1000.000000000000000 ) ;
#7406 = LINE ( 'NONE', #4642, #1610 ) ;
#7407 = COORDINATED_UNIVERSAL_TIME_OFFSET ( 8, 0, .AHEAD. ) ;
#7408 = VERTEX_POINT ( 'NONE', #1512 ) ;
#7409 = CARTESIAN_POINT ( 'NONE',  ( -4.500000000000000000, 0.000000000000000000, 6.000000000000000000 ) ) ;
#7410 = VECTOR ( 'NONE', #1580, 1000.000000000000000 ) ;
#7411 = DIRECTION ( 'NONE',  ( -0.000000000000000000, -1.000000000000000000, -0.000000000000000000 ) ) ;
#7412 = EDGE_CURVE ( 'NONE', #8069, #1242, #4270, .T. ) ;
#7413 = CARTESIAN_POINT ( 'NONE',  ( -60.14999999999999858, 5.000000000000000000, -30.60000000000000142 ) ) ;
#7414 = VECTOR ( 'NONE', #6420, 1000.000000000000000 ) ;
#7415 = CARTESIAN_POINT ( 'NONE',  ( -36.00000000000000000, 3.000000000000000000, 33.50000000000000000 ) ) ;
#7416 = DIRECTION ( 'NONE',  ( 0.000000000000000000, -1.000000000000000000, 0.000000000000000000 ) ) ;
#7417 = DATE_AND_TIME ( #6698, #2053 ) ;
#7418 = CARTESIAN_POINT ( 'NONE',  ( 9.000000000000000000, 0.000000000000000000, -56.00000000000000000 ) ) ;
#7419 = DIRECTION ( 'NONE',  ( -0.000000000000000000, 1.000000000000000000, -0.000000000000000000 ) ) ;
#7420 = VECTOR ( 'NONE', #7598, 1000.000000000000000 ) ;
#7421 = ADVANCED_FACE ( 'NONE', ( #6359 ), #6989, .F. ) ;
#7422 = LINE ( 'NONE', #6127, #8512 ) ;
#7423 = EDGE_CURVE ( 'NONE', #648, #650, #3079, .T. ) ;
#7424 = DIRECTION ( 'NONE',  ( -0.000000000000000000, -1.000000000000000000, -0.000000000000000000 ) ) ;
#7425 = PERSON_AND_ORGANIZATION ( #5260, #6155 ) ;
#7426 = APPROVAL_ROLE ( '' ) ;
#7427 = ORIENTED_EDGE ( 'NONE', *, *, #2197, .F. ) ;
#7428 = ORIENTED_EDGE ( 'NONE', *, *, #2197, .T. ) ;
#7429 = AXIS2_PLACEMENT_3D ( 'NONE', #6567, #6525, #2392 ) ;
#7430 = ORIENTED_EDGE ( 'NONE', *, *, #1523, .T. ) ;
#7431 = DIRECTION ( 'NONE',  ( -1.000000000000000000, 0.000000000000000000, 0.000000000000000000 ) ) ;
#7432 = AXIS2_PLACEMENT_3D ( 'NONE', #4669, #4706, #1286 ) ;
#7433 = DIRECTION ( 'NONE',  ( 0.000000000000000000, 0.000000000000000000, 1.000000000000000000 ) ) ;
#7434 = EDGE_LOOP ( 'NONE', ( #6270, #4795, #7726, #3863 ) ) ;
#7435 = EDGE_CURVE ( 'NONE', #7625, #7450, #3729, .T. ) ;
#7436 = PLANE ( 'NONE',  #2458 ) ;
#7437 = SECURITY_CLASSIFICATION ( '', '', #4981 ) ;
#7438 = VECTOR ( 'NONE', #355, 1000.000000000000000 ) ;
#7439 = LINE ( 'NONE', #756, #7719 ) ;
#7440 = COORDINATED_UNIVERSAL_TIME_OFFSET ( 8, 0, .AHEAD. ) ;
#7441 = DATE_AND_TIME ( #3352, #4741 ) ;
#7442 = VERTEX_POINT ( 'NONE', #5646 ) ;
#7443 = PERSON_AND_ORGANIZATION ( #3453, #4626 ) ;
#7444 = ORIENTED_EDGE ( 'NONE', *, *, #3719, .F. ) ;
#7445 = VECTOR ( 'NONE', #6693, 1000.000000000000000 ) ;
#7446 = VERTEX_POINT ( 'NONE', #8354 ) ;
#7447 = AXIS2_PLACEMENT_3D ( 'NONE', #4740, #51, #3416 ) ;
#7448 = CC_DESIGN_APPROVAL ( #4805, ( #2322 ) ) ;
#7449 = DIRECTION ( 'NONE',  ( -1.000000000000000000, -0.000000000000000000, -0.000000000000000000 ) ) ;
#7450 = VERTEX_POINT ( 'NONE', #3030 ) ;
#7451 = PRODUCT_DEFINITION_SHAPE ( 'NONE', 'NONE',  #2457 ) ;
#7452 = CARTESIAN_POINT ( 'NONE',  ( -57.50000000000000000, 0.000000000000000000, 85.00000000000000000 ) ) ;
#7453 = SECURITY_CLASSIFICATION ( '', '', #1742 ) ;
#7455 = APPROVAL_PERSON_ORGANIZATION ( #4420, #2742, #7150 ) ;
#7454 = APPROVAL_DATE_TIME ( #4723, #4206 ) ;
#7456 = VERTEX_POINT ( 'NONE', #2213 ) ;
#7457 = PLANE ( 'NONE',  #6726 ) ;
#7458 = CARTESIAN_POINT ( 'NONE',  ( -4.000000000000000000, 2.500000000000000000, -56.00000000000000000 ) ) ;
#7459 = EDGE_CURVE ( 'NONE', #6667, #5750, #4937, .T. ) ;
#7460 = CC_DESIGN_APPROVAL ( #6530, ( #1624 ) ) ;
#7461 = DIRECTION ( 'NONE',  ( -1.000000000000000000, 0.000000000000000000, -0.000000000000000000 ) ) ;
#7462 = DIRECTION ( 'NONE',  ( 0.000000000000000000, 0.000000000000000000, 1.000000000000000000 ) ) ;
#7463 = DIRECTION ( 'NONE',  ( -1.000000000000000000, -0.000000000000000000, -0.000000000000000000 ) ) ;
#7464 = CYLINDRICAL_SURFACE ( 'NONE', #2021, 1.600000000000004086 ) ;
#7465 = AXIS2_PLACEMENT_3D ( 'NONE', #7682, #4859, #1566 ) ;
#7466 = PRODUCT_DEFINITION ( '未知', '', #4034, #7613 ) ;
#7467 = APPROVAL_PERSON_ORGANIZATION ( #263, #4622, #7733 ) ;
#7468 = AXIS2_PLACEMENT_3D ( 'NONE', #2685, #3396, #1921 ) ;
#7469 = DATE_AND_TIME ( #4739, #4474 ) ;
#7470 = DIRECTION ( 'NONE',  ( 0.000000000000000000, -1.000000000000000000, 0.000000000000000000 ) ) ;
#7471 = CARTESIAN_POINT ( 'NONE',  ( -1.750000000000001554, 0.000000000000000000, -6.500000000000000000 ) ) ;
#7472 = LOCAL_TIME ( 21, 54, 55.00000000000000000, #5477 ) ;
#7473 = FACE_OUTER_BOUND ( 'NONE', #711, .T. ) ;
#7474 = DIRECTION ( 'NONE',  ( 0.000000000000000000, 0.000000000000000000, -1.000000000000000000 ) ) ;
#7475 = APPROVAL_DATE_TIME ( #8012, #212 ) ;
#7476 =( NAMED_UNIT ( * ) PLANE_ANGLE_UNIT ( ) SI_UNIT ( $, .RADIAN. ) );
#7477 = CALENDAR_DATE ( 2026, 26, 7 ) ;
#7478 = ORIENTED_EDGE ( 'NONE', *, *, #3514, .T. ) ;
#7479 = ORIENTED_EDGE ( 'NONE', *, *, #3247, .T. ) ;
#7480 = CC_DESIGN_DATE_AND_TIME_ASSIGNMENT ( #5223, #8599, ( #316 ) ) ;
#7481 = LOCAL_TIME ( 21, 54, 55.00000000000000000, #2311 ) ;
#7482 = FACE_OUTER_BOUND ( 'NONE', #3179, .T. ) ;
#7483 = CARTESIAN_POINT ( 'NONE',  ( 0.000000000000000000, 3.000000000000000000, 0.000000000000000000 ) ) ;
#7484 = CARTESIAN_POINT ( 'NONE',  ( -6.000000000000000000, 6.000000000000000000, -6.000000000000000000 ) ) ;
#7485 = VERTEX_POINT ( 'NONE', #3602 ) ;
#7486 = SECURITY_CLASSIFICATION ( '', '', #4173 ) ;
#7487 = CYLINDRICAL_SURFACE ( 'NONE', #3725, 1.799999999999999600 ) ;
#7488 = DIRECTION ( 'NONE',  ( 0.000000000000000000, 0.000000000000000000, 1.000000000000000000 ) ) ;
#7489 = APPROVAL_DATE_TIME ( #5425, #4300 ) ;
#7490 = APPROVAL_STATUS ( 'not_yet_approved' ) ;
#7491 = ORIENTED_EDGE ( 'NONE', *, *, #3529, .T. ) ;
#7492 = EDGE_CURVE ( 'NONE', #3302, #6823, #3687, .T. ) ;
#7493 = PLANE ( 'NONE',  #3769 ) ;
#7495 = VERTEX_POINT ( 'NONE', #7752 ) ;
#7494 = ADVANCED_FACE ( 'NONE', ( #5020 ), #4980, .T. ) ;
#7496 = DIRECTION ( 'NONE',  ( 0.000000000000000000, 0.000000000000000000, 1.000000000000000000 ) ) ;
#7497 = DIRECTION ( 'NONE',  ( -1.000000000000000000, 0.000000000000000000, -0.000000000000000000 ) ) ;
#7498 = APPLICATION_PROTOCOL_DEFINITION ( 'international standard', 'config_control_design', 1994, #170 ) ;
#7499 = CARTESIAN_POINT ( 'NONE',  ( 0.000000000000000000, 3.000000000000000000, 0.000000000000000000 ) ) ;
#7500 = CARTESIAN_POINT ( 'NONE',  ( 21.25000000000000000, 2.500000000000000000, 10.50000000000000000 ) ) ;
#7501 = ORIENTED_EDGE ( 'NONE', *, *, #503, .F. ) ;
#7502 = FACE_OUTER_BOUND ( 'NONE', #7712, .T. ) ;
#7503 = DIRECTION ( 'NONE',  ( 1.000000000000000000, 0.000000000000000000, 0.000000000000000000 ) ) ;
#7504 = AXIS2_PLACEMENT_3D ( 'NONE', #1507, #2119, #3468 ) ;
#7505 = LINE ( 'NONE', #582, #4276 ) ;
#7506 = VECTOR ( 'NONE', #5624, 1000.000000000000000 ) ;
#7507 = ORIENTED_EDGE ( 'NONE', *, *, #3986, .F. ) ;
#7508 = DIRECTION ( 'NONE',  ( -1.000000000000000000, 0.000000000000000000, 0.000000000000000000 ) ) ;
#7509 = DATE_TIME_ROLE ( 'classification_date' ) ;
#7510 = LINE ( 'NONE', #8279, #4585 ) ;
#7511 = DIRECTION ( 'NONE',  ( 0.000000000000000000, 0.000000000000000000, 1.000000000000000000 ) ) ;
#7512 = CC_DESIGN_PERSON_AND_ORGANIZATION_ASSIGNMENT ( #4261, #4931, ( #6032 ) ) ;
#7513 = VECTOR ( 'NONE', #2121, 1000.000000000000000 ) ;
#7514 = DIRECTION ( 'NONE',  ( 0.000000000000000000, 0.000000000000000000, -1.000000000000000000 ) ) ;
#7515 = VECTOR ( 'NONE', #3458, 1000.000000000000000 ) ;
#7516 = DIRECTION ( 'NONE',  ( 0.000000000000000000, -1.000000000000000000, 0.000000000000000000 ) ) ;
#7517 =( LENGTH_UNIT ( ) NAMED_UNIT ( * ) SI_UNIT ( .MILLI., .METRE. ) );
#7518 = EDGE_LOOP ( 'NONE', ( #6684, #944, #6502, #2871, #5530, #5037, #4543, #6220, #5674, #4112, #2234, #5827, #3619, #4059 ) ) ;
#7519 = SECURITY_CLASSIFICATION_LEVEL ( 'unclassified' ) ;
#7520 = ORIENTED_EDGE ( 'NONE', *, *, #4140, .T. ) ;
#7521 = VERTEX_POINT ( 'NONE', #6404 ) ;
#7522 = CARTESIAN_POINT ( 'NONE',  ( -14.50000000000000000, 0.000000000000000000, 7.750000000000000000 ) ) ;
#7523 = PRODUCT_DEFINITION_SHAPE ( 'NONE', 'NONE',  #8873 ) ;
#7524 = LINE ( 'NONE', #17, #5207 ) ;
#7525 = ADVANCED_FACE ( 'NONE', ( #5730 ), #1901, .F. ) ;
#7526 = VECTOR ( 'NONE', #7909, 1000.000000000000000 ) ;
#7527 = DIRECTION ( 'NONE',  ( 0.000000000000000000, 0.000000000000000000, 1.000000000000000000 ) ) ;
#7528 = ORIENTED_EDGE ( 'NONE', *, *, #5219, .T. ) ;
#7529 = CARTESIAN_POINT ( 'NONE',  ( 158.9499999999999886, 91.09999999999999432, 119.4500000000000028 ) ) ;
#7530 = CARTESIAN_POINT ( 'NONE',  ( 68.00000000000000000, 23.00000000000000355, 53.00000000000000000 ) ) ;
#7531 = EDGE_LOOP ( 'NONE', ( #4640, #7848 ) ) ;
#7532 = PERSON_AND_ORGANIZATION ( #5260, #6155 ) ;
#7533 = PERSON_AND_ORGANIZATION ( #5467, #4487 ) ;
#7534 = ORIENTED_EDGE ( 'NONE', *, *, #3032, .F. ) ;
#7535 = LINE ( 'NONE', #4811, #49 ) ;
#7536 = ORIENTED_EDGE ( 'NONE', *, *, #1598, .T. ) ;
#7537 = FACE_OUTER_BOUND ( 'NONE', #8487, .T. ) ;
#7538 = ADVANCED_FACE ( 'NONE', ( #1109 ), #7254, .F. ) ;
#7539 = VECTOR ( 'NONE', #6370, 1000.000000000000000 ) ;
#7540 = ADVANCED_FACE ( 'NONE', ( #7885 ), #3951, .F. ) ;
#7541 = DATE_AND_TIME ( #624, #1893 ) ;
#7542 = AXIS2_PLACEMENT_3D ( 'NONE', #1884, #5227, #3937 ) ;
#7543 = CYLINDRICAL_SURFACE ( 'NONE', #4732, 1.799999999999999600 ) ;
#7544 = LINE ( 'NONE', #3364, #2278 ) ;
#7545 = ORIENTED_EDGE ( 'NONE', *, *, #5089, .F. ) ;
#7546 = DIRECTION ( 'NONE',  ( -0.000000000000000000, -0.000000000000000000, 1.000000000000000000 ) ) ;
#7547 = ADVANCED_FACE ( 'NONE', ( #4536 ), #551, .F. ) ;
#7548 = CARTESIAN_POINT ( 'NONE',  ( -28.50000000000000000, 2.500000000000000000, 44.00000000000000000 ) ) ;
#7549 = EDGE_CURVE ( 'NONE', #4444, #3546, #6858, .T. ) ;
#7550 = CARTESIAN_POINT ( 'NONE',  ( 19.00000000000000000, 15.00000000000000000, 9.000000000000000000 ) ) ;
#7551 = APPROVAL_STATUS ( 'not_yet_approved' ) ;
#7552 = DIRECTION ( 'NONE',  ( 0.000000000000000000, 0.000000000000000000, -1.000000000000000000 ) ) ;
#7553 = FACE_OUTER_BOUND ( 'NONE', #3565, .T. ) ;
#7554 = DIRECTION ( 'NONE',  ( 0.000000000000000000, -1.000000000000000000, 0.000000000000000000 ) ) ;
#7555 = CARTESIAN_POINT ( 'NONE',  ( 60.14999999999999858, 5.000000000000000000, 78.25000000000000000 ) ) ;
#7556 = VERTEX_POINT ( 'NONE', #4439 ) ;
#7557 = COORDINATED_UNIVERSAL_TIME_OFFSET ( 8, 0, .AHEAD. ) ;
#7558 = APPROVAL ( #2383, 'UNKNOWN' ) ;
#7559 = EDGE_LOOP ( 'NONE', ( #5601, #8764, #4944, #3910 ) ) ;
#7560 = DIRECTION ( 'NONE',  ( 0.000000000000000000, 0.000000000000000000, 1.000000000000000000 ) ) ;
#7561 = LINE ( 'NONE', #6184, #8548 ) ;
#7562 = EDGE_CURVE ( 'NONE', #8153, #7638, #5860, .T. ) ;
#7563 = VECTOR ( 'NONE', #1835, 1000.000000000000000 ) ;
#7564 = DIRECTION ( 'NONE',  ( 0.000000000000000000, 0.000000000000000000, 1.000000000000000000 ) ) ;
#7565 = CARTESIAN_POINT ( 'NONE',  ( 28.50000000000000000, 2.500000000000000000, 60.00000000000000000 ) ) ;
#7566 = AXIS2_PLACEMENT_3D ( 'NONE', #5845, #7202, #8657 ) ;
#7567 = DIRECTION ( 'NONE',  ( 0.000000000000000000, 0.000000000000000000, 1.000000000000000000 ) ) ;
#7568 = EDGE_LOOP ( 'NONE', ( #4242, #7310, #6196, #3723 ) ) ;
#7569 = PERSON_AND_ORGANIZATION_ROLE ( 'design_supplier' ) ;
#7570 = AXIS2_PLACEMENT_3D ( 'NONE', #1203, #4507, #8684 ) ;
#7571 = PRODUCT_DEFINITION ( '未知', '', #1624, #5105 ) ;
#7572 = ORIENTED_EDGE ( 'NONE', *, *, #8386, .F. ) ;
#7573 = APPROVAL_DATE_TIME ( #25, #3749 ) ;
#7574 = EDGE_LOOP ( 'NONE', ( #1206, #889, #5590, #8426, #6920, #1505, #6673, #3658, #4046, #4346 ) ) ;
#7575 = EDGE_CURVE ( 'NONE', #847, #8082, #8672, .T. ) ;
#7576 = CARTESIAN_POINT ( 'NONE',  ( 4.500000000000000000, 2.500000000000000000, 2.000000000000000000 ) ) ;
#7577 = ORIENTED_EDGE ( 'NONE', *, *, #306, .T. ) ;
#7578 = APPROVAL_PERSON_ORGANIZATION ( #8076, #1324, #1959 ) ;
#7579 = VECTOR ( 'NONE', #4747, 1000.000000000000000 ) ;
#7580 = CYLINDRICAL_SURFACE ( 'NONE', #1969, 1.600000000000004086 ) ;
#7581 =( NAMED_UNIT ( * ) SI_UNIT ( $, .STERADIAN. ) SOLID_ANGLE_UNIT ( ) );
#7582 = APPLICATION_PROTOCOL_DEFINITION ( 'international standard', 'config_control_design', 1994, #8049 ) ;
#7583 = APPLICATION_CONTEXT ( 'configuration controlled 3d designs of mechanical parts and assemblies' ) ;
#7584 = CC_DESIGN_APPROVAL ( #1433, ( #5446 ) ) ;
#7585 = ORIENTED_EDGE ( 'NONE', *, *, #7651, .F. ) ;
#7586 = VECTOR ( 'NONE', #6342, 1000.000000000000000 ) ;
#7587 = PLANE ( 'NONE',  #8633 ) ;
#7588 = CC_DESIGN_PERSON_AND_ORGANIZATION_ASSIGNMENT ( #2854, #3555, ( #7437 ) ) ;
#7589 = CARTESIAN_POINT ( 'NONE',  ( 39.00000000000000000, 0.000000000000000000, 17.69999999999999929 ) ) ;
#7590 = EDGE_LOOP ( 'NONE', ( #4957, #5969, #5998, #530 ) ) ;
#7591 = EDGE_LOOP ( 'NONE', ( #6767, #8298, #8456, #152 ) ) ;
#7592 = DIRECTION ( 'NONE',  ( 0.000000000000000000, 0.000000000000000000, 1.000000000000000000 ) ) ;
#7594 = SHAPE_REPRESENTATION ( 'FN-PWR-002_cn3791-module-envelope_R0.5', ( #7312 ), #608 ) ;
#7593 = LOCAL_TIME ( 21, 54, 55.00000000000000000, #3618 ) ;
#7595 = DIRECTION ( 'NONE',  ( 0.000000000000000000, -1.000000000000000000, 0.000000000000000000 ) ) ;
#7596 = LINE ( 'NONE', #1490, #8318 ) ;
#7597 = PRODUCT_DEFINITION_SHAPE ( 'NONE', 'NONE',  #7631 ) ;
#7598 = DIRECTION ( 'NONE',  ( -1.000000000000000000, -0.000000000000000000, -0.000000000000000000 ) ) ;
#7599 = ADVANCED_FACE ( 'NONE', ( #8710 ), #2540, .F. ) ;
#7600 = LOCAL_TIME ( 21, 54, 55.00000000000000000, #3505 ) ;
#7601 = APPROVAL_PERSON_ORGANIZATION ( #6230, #7863, #5603 ) ;
#7602 = DIRECTION ( 'NONE',  ( -0.000000000000000000, 1.000000000000000000, -0.000000000000000000 ) ) ;
#7603 = ORIENTED_EDGE ( 'NONE', *, *, #4455, .F. ) ;
#7604 = EDGE_CURVE ( 'NONE', #6494, #206, #6491, .T. ) ;
#7605 = DIRECTION ( 'NONE',  ( -1.000000000000000000, 0.000000000000000000, -0.000000000000000000 ) ) ;
#7606 = LOCAL_TIME ( 21, 54, 55.00000000000000000, #8360 ) ;
#7607 = LINE ( 'NONE', #4218, #8459 ) ;
#7608 = ORIENTED_EDGE ( 'NONE', *, *, #1227, .F. ) ;
#7609 = PERSON_AND_ORGANIZATION ( #5260, #6155 ) ;
#7610 = SHAPE_REPRESENTATION ( 'FN-HAR-014_W6-soil-rs485_R0.5', ( #7312 ), #747 ) ;
#7611 = ORIENTED_EDGE ( 'NONE', *, *, #5039, .T. ) ;
#7612 = LINE ( 'NONE', #8849, #6493 ) ;
#7613 = DESIGN_CONTEXT ( 'detailed design', #3716, 'design' ) ;
#7614 = CC_DESIGN_SECURITY_CLASSIFICATION ( #7758, ( #8862 ) ) ;
#7615 = CYLINDRICAL_SURFACE ( 'NONE', #6081, 1.250000000000004663 ) ;
#7616 = DIRECTION ( 'NONE',  ( -1.000000000000000000, 0.000000000000000000, 0.000000000000000000 ) ) ;
#7617 = ORIENTED_EDGE ( 'NONE', *, *, #2932, .T. ) ;
#7618 = DIRECTION ( 'NONE',  ( 0.000000000000000000, -0.000000000000000000, -1.000000000000000000 ) ) ;
#7619 = PERSON_AND_ORGANIZATION_ROLE ( 'design_supplier' ) ;
#7620 = CC_DESIGN_SECURITY_CLASSIFICATION ( #3076, ( #8866 ) ) ;
#7621 = PERSON_AND_ORGANIZATION ( #5260, #6155 ) ;
#7622 = EDGE_CURVE ( 'NONE', #2699, #1118, #7172, .T. ) ;
#7623 = ORIENTED_EDGE ( 'NONE', *, *, #8495, .T. ) ;
#7624 = SECURITY_CLASSIFICATION_LEVEL ( 'unclassified' ) ;
#7625 = VERTEX_POINT ( 'NONE', #3861 ) ;
#7626 = ORIENTED_EDGE ( 'NONE', *, *, #1732, .T. ) ;
#7627 = EDGE_CURVE ( 'NONE', #4845, #515, #1032, .T. ) ;
#7628 = CYLINDRICAL_SURFACE ( 'NONE', #4076, 1.250000000000004663 ) ;
#7629 = ORIENTED_EDGE ( 'NONE', *, *, #4410, .F. ) ;
#7630 = CC_DESIGN_SECURITY_CLASSIFICATION ( #62, ( #8875 ) ) ;
#7631 = PRODUCT_DEFINITION ( '未知', '', #3344, #1457 ) ;
#7632 = DIRECTION ( 'NONE',  ( 0.000000000000000000, 1.000000000000000000, 0.000000000000000000 ) ) ;
#7633 = COORDINATED_UNIVERSAL_TIME_OFFSET ( 8, 0, .AHEAD. ) ;
#7634 = CIRCLE ( 'NONE', #639, 1.750000000000001554 ) ;
#7635 = ORIENTED_EDGE ( 'NONE', *, *, #1857, .F. ) ;
#7636 = DIRECTION ( 'NONE',  ( -1.000000000000000000, -0.000000000000000000, -0.000000000000000000 ) ) ;
#7637 = DIRECTION ( 'NONE',  ( 0.000000000000000000, 0.000000000000000000, -1.000000000000000000 ) ) ;
#7638 = VERTEX_POINT ( 'NONE', #6577 ) ;
#7639 = DIRECTION ( 'NONE',  ( 0.000000000000000000, 1.000000000000000000, 0.000000000000000000 ) ) ;
#7640 = CC_DESIGN_DATE_AND_TIME_ASSIGNMENT ( #1573, #7017, ( #1755 ) ) ;
#7641 = VECTOR ( 'NONE', #100, 1000.000000000000000 ) ;
#7642 = LINE ( 'NONE', #6209, #2751 ) ;
#7643 = PERSON_AND_ORGANIZATION ( #5260, #6155 ) ;
#7644 = SECURITY_CLASSIFICATION_LEVEL ( 'unclassified' ) ;
#7645 = CARTESIAN_POINT ( 'NONE',  ( 39.00000000000000000, 38.00000000000000000, 19.50000000000000000 ) ) ;
#7646 = DIRECTION ( 'NONE',  ( 0.000000000000000000, 0.000000000000000000, -1.000000000000000000 ) ) ;
#7647 = ORIENTED_EDGE ( 'NONE', *, *, #4695, .T. ) ;
#7648 = LINE ( 'NONE', #3503, #7410 ) ;
#7649 = EDGE_CURVE ( 'NONE', #6088, #6205, #3176, .T. ) ;
#7650 = CARTESIAN_POINT ( 'NONE',  ( -25.50000000000000000, 2.500000000000000000, 47.00000000000000000 ) ) ;
#7651 = EDGE_CURVE ( 'NONE', #7089, #1518, #1815, .T. ) ;
#7652 = ORIENTED_EDGE ( 'NONE', *, *, #824, .F. ) ;
#7653 = EDGE_CURVE ( 'NONE', #3270, #4969, #4573, .T. ) ;
#7654 = APPROVAL_STATUS ( 'not_yet_approved' ) ;
#7655 = ADVANCED_FACE ( 'NONE', ( #8536 ), #1191, .F. ) ;
#7656 = LINE ( 'NONE', #190, #3713 ) ;
#7657 = DIRECTION ( 'NONE',  ( 0.000000000000000000, 0.000000000000000000, -1.000000000000000000 ) ) ;
#7658 = LINE ( 'NONE', #3471, #6078 ) ;
#7659 = VECTOR ( 'NONE', #4873, 1000.000000000000000 ) ;
#7660 = VECTOR ( 'NONE', #7168, 1000.000000000000000 ) ;
#7661 = PLANE ( 'NONE',  #6924 ) ;
#7662 = EDGE_CURVE ( 'NONE', #746, #5429, #6625, .T. ) ;
#7663 = CARTESIAN_POINT ( 'NONE',  ( -3.000000000000000000, 0.000000000000000000, -19.50000000000000000 ) ) ;
#7664 = PERSON_AND_ORGANIZATION_ROLE ( 'creator' ) ;
#7665 = SHAPE_REPRESENTATION ( 'FN-ENC-004_open-tray_4PORT-NOMINAL_R0.5', ( #7312 ), #3193 ) ;
#7666 = EDGE_CURVE ( 'NONE', #8030, #1127, #508, .T. ) ;
#7667 = VECTOR ( 'NONE', #3851, 1000.000000000000000 ) ;
#7668 = PERSON_AND_ORGANIZATION ( #5260, #6155 ) ;
#7669 = ORIENTED_EDGE ( 'NONE', *, *, #83, .F. ) ;
#7670 = PERSON_AND_ORGANIZATION ( #5239, #492 ) ;
#7671 = ORIENTED_EDGE ( 'NONE', *, *, #5092, .F. ) ;
#7672 = ORIENTED_EDGE ( 'NONE', *, *, #4373, .F. ) ;
#7673 = CARTESIAN_POINT ( 'NONE',  ( -21.25000000000000000, 2.500000000000000000, -6.500000000000000000 ) ) ;
#7674 = EDGE_LOOP ( 'NONE', ( #1819, #1743 ) ) ;
#7675 = AXIS2_PLACEMENT_3D ( 'NONE', #3323, #8048, #6614 ) ;
#7676 = PRODUCT ( 'FN-HAR-012_W4-fuse-to-dc5521_R0.5', 'FN-HAR-012_W4-fuse-to-dc5521_R0.5', '', ( #1086 ) ) ;
#7677 = CARTESIAN_POINT ( 'NONE',  ( 0.7500000000000006661, 2.500000000000000000, -8.250000000000000000 ) ) ;
#7678 = APPROVAL_ROLE ( '' ) ;
#7679 = VERTEX_POINT ( 'NONE', #3462 ) ;
#7680 = APPROVAL ( #863, 'UNKNOWN' ) ;
#7681 = EDGE_CURVE ( 'NONE', #8110, #7089, #4123, .T. ) ;
#7682 = CARTESIAN_POINT ( 'NONE',  ( -118.0000000000000000, 28.00000000000000000, 124.4500000000000028 ) ) ;
#7683 = DIRECTION ( 'NONE',  ( -1.000000000000000000, 0.000000000000000000, 0.000000000000000000 ) ) ;
#7684 = ORIENTED_EDGE ( 'NONE', *, *, #6639, .F. ) ;
#7685 = VERTEX_POINT ( 'NONE', #1408 ) ;
#7686 = DIRECTION ( 'NONE',  ( 0.000000000000000000, 1.000000000000000000, 0.000000000000000000 ) ) ;
#7687 = FACE_OUTER_BOUND ( 'NONE', #480, .T. ) ;
#7688 = FACE_OUTER_BOUND ( 'NONE', #5561, .T. ) ;
#7689 = CALENDAR_DATE ( 2026, 26, 7 ) ;
#7690 = DATE_AND_TIME ( #4253, #5475 ) ;
#7691 = AXIS2_PLACEMENT_3D ( 'NONE', #4023, #4823, #6871 ) ;
#7692 = CARTESIAN_POINT ( 'NONE',  ( 14.50000000000000000, 0.000000000000000000, -7.750000000000000000 ) ) ;
#7693 = ADVANCED_FACE ( 'NONE', ( #8104 ), #2667, .F. ) ;
#7694 = DIRECTION ( 'NONE',  ( 0.000000000000000000, 1.000000000000000000, 0.000000000000000000 ) ) ;
#7695 = UNCERTAINTY_MEASURE_WITH_UNIT (LENGTH_MEASURE( 1.000000000000000082E-05 ), #8128, 'distance_accuracy_value', 'NONE');
#7696 = EDGE_LOOP ( 'NONE', ( #7176, #4716, #1281, #2674 ) ) ;
#7697 = CYLINDRICAL_SURFACE ( 'NONE', #5695, 1.750000000000001554 ) ;
#7698 = CARTESIAN_POINT ( 'NONE',  ( -60.14999999999999858, 5.000000000000000000, -80.00000000000000000 ) ) ;
#7699 =( NAMED_UNIT ( * ) SI_UNIT ( $, .STERADIAN. ) SOLID_ANGLE_UNIT ( ) );
#7700 = CALENDAR_DATE ( 2026, 26, 7 ) ;
#7701 = ORIENTED_EDGE ( 'NONE', *, *, #7162, .T. ) ;
#7702 = ORIENTED_EDGE ( 'NONE', *, *, #425, .T. ) ;
#7703 = DIRECTION ( 'NONE',  ( -1.000000000000000000, 0.000000000000000000, 0.000000000000000000 ) ) ;
#7704 = CC_DESIGN_PERSON_AND_ORGANIZATION_ASSIGNMENT ( #3014, #310, ( #7676 ) ) ;
#7705 = EDGE_CURVE ( 'NONE', #4946, #1786, #3336, .T. ) ;
#7706 = DIRECTION ( 'NONE',  ( -1.000000000000000000, -0.000000000000000000, -0.000000000000000000 ) ) ;
#7707 = ORIENTED_EDGE ( 'NONE', *, *, #3442, .T. ) ;
#7708 = DIRECTION ( 'NONE',  ( 0.000000000000000000, -1.000000000000000000, 0.000000000000000000 ) ) ;
#7709 = CALENDAR_DATE ( 2026, 26, 7 ) ;
#7710 = VERTEX_POINT ( 'NONE', #3376 ) ;
#7711 = PERSON_AND_ORGANIZATION ( #5260, #6155 ) ;
#7712 = EDGE_LOOP ( 'NONE', ( #8522, #2847, #1874, #72 ) ) ;
#7713 = EDGE_LOOP ( 'NONE', ( #7478, #762, #427, #4099 ) ) ;
#7714 = EDGE_CURVE ( 'NONE', #5206, #975, #4836, .T. ) ;
#7715 = CARTESIAN_POINT ( 'NONE',  ( 60.00000000000000000, 0.000000000000000000, 42.50000000000000000 ) ) ;
#7716 = VERTEX_POINT ( 'NONE', #1313 ) ;
#7717 = VECTOR ( 'NONE', #6570, 1000.000000000000000 ) ;
#7718 = CARTESIAN_POINT ( 'NONE',  ( 39.00000000000000000, 38.00000000000000000, 19.50000000000000000 ) ) ;
#7719 = VECTOR ( 'NONE', #3512, 1000.000000000000000 ) ;
#7720 = ADVANCED_BREP_SHAPE_REPRESENTATION ( '', ( #5259, #7312 ), #3051 ) ;
#7721 = PERSON_AND_ORGANIZATION_ROLE ( 'creator' ) ;
#7722 = EDGE_LOOP ( 'NONE', ( #3220, #7428, #935, #318, #346, #5862, #1914, #2951, #5393, #3383 ) ) ;
#7723 = CARTESIAN_POINT ( 'NONE',  ( 36.00000000000000000, 3.000000000000000000, -33.50000000000000000 ) ) ;
#7724 = VECTOR ( 'NONE', #2074, 1000.000000000000000 ) ;
#7725 = LINE ( 'NONE', #4910, #8281 ) ;
#7726 = ORIENTED_EDGE ( 'NONE', *, *, #1549, .F. ) ;
#7727 = DIRECTION ( 'NONE',  ( 1.000000000000000000, -0.000000000000000000, 0.000000000000000000 ) ) ;
#7728 = DIRECTION ( 'NONE',  ( 0.000000000000000000, 0.000000000000000000, 1.000000000000000000 ) ) ;
#7729 = CC_DESIGN_APPROVAL ( #8823, ( #8465 ) ) ;
#7730 = CARTESIAN_POINT ( 'NONE',  ( -20.25000000000000000, 0.000000000000000000, -72.00000000000000000 ) ) ;
#7732 = AXIS2_PLACEMENT_3D ( 'NONE', #7920, #5315, #8138 ) ;
#7731 = PERSON_AND_ORGANIZATION ( #5260, #6155 ) ;
#7733 = APPROVAL_ROLE ( '' ) ;
#7734 = EDGE_CURVE ( 'NONE', #2266, #4174, #741, .T. ) ;
#7735 = CYLINDRICAL_SURFACE ( 'NONE', #4449, 1.799999999999999600 ) ;
#7736 = DIRECTION ( 'NONE',  ( 1.000000000000000000, 0.000000000000000000, 0.000000000000000000 ) ) ;
#7737 = LOCAL_TIME ( 21, 54, 55.00000000000000000, #5891 ) ;
#7738 =( GEOMETRIC_REPRESENTATION_CONTEXT ( 3 ) GLOBAL_UNCERTAINTY_ASSIGNED_CONTEXT ( ( #5632 ) ) GLOBAL_UNIT_ASSIGNED_CONTEXT ( ( #5485, #1479, #1429 ) ) REPRESENTATION_CONTEXT ( 'NONE', 'WORKASPACE' ) );
#7739 = VERTEX_POINT ( 'NONE', #1945 ) ;
#7740 = CC_DESIGN_PERSON_AND_ORGANIZATION_ASSIGNMENT ( #1247, #3307, ( #4963 ) ) ;
#7741 = LINE ( 'NONE', #4971, #5016 ) ;
#7742 = DIRECTION ( 'NONE',  ( 0.000000000000000000, 0.000000000000000000, -1.000000000000000000 ) ) ;
#7743 =( LENGTH_UNIT ( ) NAMED_UNIT ( * ) SI_UNIT ( .MILLI., .METRE. ) );
#7744 = CC_DESIGN_SECURITY_CLASSIFICATION ( #8624, ( #3747 ) ) ;
#7745 = APPROVAL_ROLE ( '' ) ;
#7746 = DIRECTION ( 'NONE',  ( -0.000000000000000000, 1.000000000000000000, -0.000000000000000000 ) ) ;
#7747 = DIRECTION ( 'NONE',  ( -1.000000000000000000, 0.000000000000000000, -0.000000000000000000 ) ) ;
#7748 = PRODUCT_DEFINITION_SHAPE ( 'NONE', 'NONE',  #8862 ) ;
#7749 = LOCAL_TIME ( 21, 54, 55.00000000000000000, #1151 ) ;
#7750 = LINE ( 'NONE', #6227, #7925 ) ;
#7751 = ORIENTED_EDGE ( 'NONE', *, *, #2218, .T. ) ;
#7752 = CARTESIAN_POINT ( 'NONE',  ( -39.00000000000000000, 36.00000000000000000, 17.69999999999999929 ) ) ;
#7753 = MECHANICAL_CONTEXT ( 'NONE', #6958, 'mechanical' ) ;
#7754 = CC_DESIGN_DATE_AND_TIME_ASSIGNMENT ( #441, #4518, ( #2638 ) ) ;
#7755 = ORIENTED_EDGE ( 'NONE', *, *, #7549, .F. ) ;
#7756 = COORDINATED_UNIVERSAL_TIME_OFFSET ( 8, 0, .AHEAD. ) ;
#7757 = ORIENTED_EDGE ( 'NONE', *, *, #5139, .F. ) ;
#7758 = SECURITY_CLASSIFICATION ( '', '', #4074 ) ;
#7759 = AXIS2_PLACEMENT_3D ( 'NONE', #6821, #4715, #4677 ) ;
#7760 = CARTESIAN_POINT ( 'NONE',  ( 23.00000000000000000, 10.00000000000000000, 10.50000000000000000 ) ) ;
#7761 = ORIENTED_EDGE ( 'NONE', *, *, #6103, .T. ) ;
#7762 = DIRECTION ( 'NONE',  ( 0.000000000000000000, 0.000000000000000000, -1.000000000000000000 ) ) ;
#7763 = APPROVAL_PERSON_ORGANIZATION ( #4636, #7558, #5844 ) ;
#7764 = LINE ( 'NONE', #7548, #5132 ) ;
#7765 = EDGE_CURVE ( 'NONE', #4393, #7521, #6846, .T. ) ;
#7766 = SHAPE_REPRESENTATION_RELATIONSHIP ( 'NONE' , 'NONE' ,  #5209, #4408 ) ;
#7767 = CALENDAR_DATE ( 2026, 26, 7 ) ;
#7768 = ORIENTED_EDGE ( 'NONE', *, *, #8336, .T. ) ;
#7769 = ORIENTED_EDGE ( 'NONE', *, *, #5847, .F. ) ;
#7770 = EDGE_CURVE ( 'NONE', #6564, #7442, #1364, .T. ) ;
#7771 = CARTESIAN_POINT ( 'NONE',  ( 4.500000000000000000, 0.000000000000000000, 6.000000000000000000 ) ) ;
#7772 = LOCAL_TIME ( 21, 54, 55.00000000000000000, #5516 ) ;
#7773 = FACE_OUTER_BOUND ( 'NONE', #8262, .T. ) ;
#7774 = VERTEX_POINT ( 'NONE', #7555 ) ;
#7775 = CARTESIAN_POINT ( 'NONE',  ( 110.0000000000000000, 28.00000000000000000, 119.4500000000000028 ) ) ;
#7776 = DIRECTION ( 'NONE',  ( 0.000000000000000000, 0.000000000000000000, -1.000000000000000000 ) ) ;
#7777 = EDGE_CURVE ( 'NONE', #3781, #1293, #8312, .T. ) ;
#7778 = DIRECTION ( 'NONE',  ( 0.000000000000000000, 0.000000000000000000, -1.000000000000000000 ) ) ;
#7779 = PERSON_AND_ORGANIZATION ( #5260, #6155 ) ;
#7780 = ORIENTED_EDGE ( 'NONE', *, *, #8175, .F. ) ;
#7781 = APPROVAL_DATE_TIME ( #1670, #1243 ) ;
#7782 = CARTESIAN_POINT ( 'NONE',  ( -20.25000000000000000, 0.000000000000000000, -76.00000000000000000 ) ) ;
#7783 = DIRECTION ( 'NONE',  ( 1.000000000000000000, 0.000000000000000000, 0.000000000000000000 ) ) ;
#7784 = ORIENTED_EDGE ( 'NONE', *, *, #4504, .T. ) ;
#7785 = AXIS2_PLACEMENT_3D ( 'NONE', #4888, #276, #1509 ) ;
#7786 = LINE ( 'NONE', #7245, #127 ) ;
#7787 = CARTESIAN_POINT ( 'NONE',  ( 60.14999999999999858, 5.000000000000000000, 28.84999999999999787 ) ) ;
#7788 = SHAPE_DEFINITION_REPRESENTATION ( #5450, #2489 ) ;
#7789 = CARTESIAN_POINT ( 'NONE',  ( -19.00000000000000000, 15.00000000000000000, -9.000000000000000000 ) ) ;
#7790 = CC_DESIGN_DATE_AND_TIME_ASSIGNMENT ( #5903, #2531, ( #7631 ) ) ;
#7791 = PLANE ( 'NONE',  #3378 ) ;
#7792 = CARTESIAN_POINT ( 'NONE',  ( -118.0000000000000000, 28.00000000000000000, 119.4500000000000028 ) ) ;
#7793 = ORIENTED_EDGE ( 'NONE', *, *, #1978, .T. ) ;
#7794 = CARTESIAN_POINT ( 'NONE',  ( -6.499999999999999112, 2.500000000000000000, 1.500000000000000000 ) ) ;
#7795 = PERSON_AND_ORGANIZATION_ROLE ( 'creator' ) ;
#7796 = ORIENTED_EDGE ( 'NONE', *, *, #472, .T. ) ;
#7797 = VECTOR ( 'NONE', #1254, 1000.000000000000000 ) ;
#7798 = APPROVAL_STATUS ( 'not_yet_approved' ) ;
#7799 = EDGE_LOOP ( 'NONE', ( #1792, #4320 ) ) ;
#7800 = APPROVAL_ROLE ( '' ) ;
#7801 = ORIENTED_EDGE ( 'NONE', *, *, #5275, .T. ) ;
#7802 = EDGE_CURVE ( 'NONE', #3914, #1164, #2796, .T. ) ;
#7803 = CARTESIAN_POINT ( 'NONE',  ( 54.00000000000000000, 0.000000000000000000, -81.50000000000000000 ) ) ;
#7804 = ORIENTED_EDGE ( 'NONE', *, *, #5598, .F. ) ;
#7805 = CARTESIAN_POINT ( 'NONE',  ( 0.000000000000000000, 0.000000000000000000, 0.000000000000000000 ) ) ;
#7806 = DIRECTION ( 'NONE',  ( 1.000000000000000000, 0.000000000000000000, -0.000000000000000000 ) ) ;
#7807 = PERSON_AND_ORGANIZATION ( #5260, #6155 ) ;
#7808 = VERTEX_POINT ( 'NONE', #4660 ) ;
#7809 = ORIENTED_EDGE ( 'NONE', *, *, #8338, .F. ) ;
#7810 = AXIS2_PLACEMENT_3D ( 'NONE', #6198, #2821, #4857 ) ;
#7811 = DIRECTION ( 'NONE',  ( 0.000000000000000000, -0.000000000000000000, -1.000000000000000000 ) ) ;
#7812 = CARTESIAN_POINT ( 'NONE',  ( -4.000000000000000000, 2.500000000000000000, -52.00000000000000000 ) ) ;
#7813 = EDGE_LOOP ( 'NONE', ( #7388, #1043, #1152, #8758 ) ) ;
#7814 = AXIS2_PLACEMENT_3D ( 'NONE', #8230, #2788, #344 ) ;
#7815 = ADVANCED_FACE ( 'NONE', ( #1273 ), #1448, .F. ) ;
#7816 = CARTESIAN_POINT ( 'NONE',  ( 45.00000000000000000, 0.000000000000000000, -29.00000000000000000 ) ) ;
#7817 = EDGE_CURVE ( 'NONE', #8256, #4985, #6128, .T. ) ;
#7818 = ADVANCED_FACE ( 'NONE', ( #6705 ), #5460, .F. ) ;
#7819 = FACE_OUTER_BOUND ( 'NONE', #3218, .T. ) ;
#7820 = PERSON_AND_ORGANIZATION ( #5260, #6155 ) ;
#7821 = SECURITY_CLASSIFICATION_LEVEL ( 'unclassified' ) ;
#7822 = FACE_OUTER_BOUND ( 'NONE', #6830, .T. ) ;
#7823 = LINE ( 'NONE', #7155, #8261 ) ;
#7825 = EDGE_CURVE ( 'NONE', #4901, #1118, #2114, .T. ) ;
#7824 =( REPRESENTATION_RELATIONSHIP ('NONE','NONE', #245, #3331 ) REPRESENTATION_RELATIONSHIP_WITH_TRANSFORMATION ( #3455 )SHAPE_REPRESENTATION_RELATIONSHIP( ) );
#7826 = DIRECTION ( 'NONE',  ( 0.000000000000000000, 0.000000000000000000, -1.000000000000000000 ) ) ;
#7827 = ORIENTED_EDGE ( 'NONE', *, *, #1445, .F. ) ;
#7828 = LINE ( 'NONE', #7159, #7405 ) ;
#7829 = CIRCLE ( 'NONE', #3975, 1.750000000000001554 ) ;
#7830 = CARTESIAN_POINT ( 'NONE',  ( 0.000000000000000000, 6.000000000000000000, 0.000000000000000000 ) ) ;
#7831 = PERSON ( 'NAUO-PER5', 'UNSPECIFIED', 'UNSPECIFIED', ('UNSPECIFIED'), ('UNSPECIFIED'), ('UNSPECIFIED') ) ;
#7832 = SECURITY_CLASSIFICATION_LEVEL ( 'unclassified' ) ;
#7833 = ORIENTED_EDGE ( 'NONE', *, *, #6720, .F. ) ;
#7834 = PLANE ( 'NONE',  #4240 ) ;
#7835 = AXIS2_PLACEMENT_3D ( 'NONE', #539, #3285, #5979 ) ;
#7836 = CARTESIAN_POINT ( 'NONE',  ( 9.000000000000000000, 2.500000000000000000, 39.00000000000000000 ) ) ;
#7837 = CARTESIAN_POINT ( 'NONE',  ( -136.0000000000000000, 0.000000000000000000, 96.50000000000000000 ) ) ;
#7838 = APPROVAL_DATE_TIME ( #5109, #5078 ) ;
#7839 = ORIENTED_EDGE ( 'NONE', *, *, #6560, .T. ) ;
#7840 = DATE_TIME_ROLE ( 'classification_date' ) ;
#7841 = ORIENTED_EDGE ( 'NONE', *, *, #5527, .F. ) ;
#7842 = CALENDAR_DATE ( 2026, 26, 7 ) ;
#7843 = ORIENTED_EDGE ( 'NONE', *, *, #2200, .T. ) ;
#7844 = EDGE_LOOP ( 'NONE', ( #6014, #5252, #6009, #980 ) ) ;
#7845 = ADVANCED_FACE ( 'NONE', ( #4696 ), #4039, .F. ) ;
#7846 = AXIS2_PLACEMENT_3D ( 'NONE', #4866, #7595, #1489 ) ;
#7847 = DIRECTION ( 'NONE',  ( 0.000000000000000000, 0.000000000000000000, 1.000000000000000000 ) ) ;
#7848 = ORIENTED_EDGE ( 'NONE', *, *, #3304, .F. ) ;
#7849 = VECTOR ( 'NONE', #7411, 1000.000000000000000 ) ;
#7850 = CARTESIAN_POINT ( 'NONE',  ( -20.25000000000000000, 2.500000000000000000, 66.00000000000000000 ) ) ;
#7851 = FACE_OUTER_BOUND ( 'NONE', #8490, .T. ) ;
#7852 = APPROVAL ( #1289, '未指定' ) ;
#7853 = COORDINATED_UNIVERSAL_TIME_OFFSET ( 8, 0, .AHEAD. ) ;
#7854 = ORIENTED_EDGE ( 'NONE', *, *, #3456, .T. ) ;
#7855 = FACE_BOUND ( 'NONE', #1589, .T. ) ;
#7856 = LINE ( 'NONE', #6469, #6706 ) ;
#7857 = VECTOR ( 'NONE', #1851, 1000.000000000000000 ) ;
#7858 = ORIENTED_EDGE ( 'NONE', *, *, #8192, .F. ) ;
#7859 = VECTOR ( 'NONE', #8814, 1000.000000000000000 ) ;
#7860 = DIRECTION ( 'NONE',  ( 1.000000000000000000, 0.000000000000000000, -0.000000000000000000 ) ) ;
#7861 = CARTESIAN_POINT ( 'NONE',  ( 28.50000000000000000, 0.000000000000000000, 47.00000000000000000 ) ) ;
#7862 = APPROVAL_ROLE ( '' ) ;
#7863 = APPROVAL ( #6317, '未指定' ) ;
#7864 = APPROVAL_ROLE ( '' ) ;
#7865 = VECTOR ( 'NONE', #7424, 1000.000000000000000 ) ;
#7866 = PLANE ( 'NONE',  #1735 ) ;
#7867 = DIRECTION ( 'NONE',  ( -0.000000000000000000, -0.000000000000000000, 1.000000000000000000 ) ) ;
#7868 = DIRECTION ( 'NONE',  ( 0.000000000000000000, 0.000000000000000000, -1.000000000000000000 ) ) ;
#7869 = ORIENTED_EDGE ( 'NONE', *, *, #2922, .F. ) ;
#7870 = APPROVAL_PERSON_ORGANIZATION ( #3990, #2301, #1365 ) ;
#7871 = AXIS2_PLACEMENT_3D ( 'NONE', #8598, #6606, #1085 ) ;
#7872 = CARTESIAN_POINT ( 'NONE',  ( 25.50000000000000000, 2.500000000000000000, 60.00000000000000000 ) ) ;
#7873 = DIRECTION ( 'NONE',  ( -0.000000000000000000, 1.000000000000000000, -0.000000000000000000 ) ) ;
#7874 = EDGE_CURVE ( 'NONE', #3914, #3181, #2624, .T. ) ;
#7875 = COORDINATED_UNIVERSAL_TIME_OFFSET ( 8, 0, .AHEAD. ) ;
#7876 = DIRECTION ( 'NONE',  ( -0.000000000000000000, -1.000000000000000000, -0.000000000000000000 ) ) ;
#7877 = APPLICATION_CONTEXT ( 'configuration controlled 3d designs of mechanical parts and assemblies' ) ;
#7878 = SECURITY_CLASSIFICATION ( '', '', #6737 ) ;
#7879 =( GEOMETRIC_REPRESENTATION_CONTEXT ( 3 ) GLOBAL_UNCERTAINTY_ASSIGNED_CONTEXT ( ( #2705 ) ) GLOBAL_UNIT_ASSIGNED_CONTEXT ( ( #2138, #2228, #7581 ) ) REPRESENTATION_CONTEXT ( 'NONE', 'WORKASPACE' ) );
#7880 = CARTESIAN_POINT ( 'NONE',  ( 6.500000000000000000, 2.500000000000000000, 22.50000000000000000 ) ) ;
#7881 = EDGE_CURVE ( 'NONE', #6145, #6769, #4791, .T. ) ;
#7882 = FACE_OUTER_BOUND ( 'NONE', #389, .T. ) ;
#7883 = SECURITY_CLASSIFICATION ( '', '', #3833 ) ;
#7884 = AXIS2_PLACEMENT_3D ( 'NONE', #6005, #6099, #8858 ) ;
#7885 = FACE_OUTER_BOUND ( 'NONE', #4779, .T. ) ;
#7886 = COORDINATED_UNIVERSAL_TIME_OFFSET ( 8, 0, .AHEAD. ) ;
#7887 = ORIENTED_EDGE ( 'NONE', *, *, #8470, .T. ) ;
#7888 = APPROVAL_DATE_TIME ( #4621, #869 ) ;
#7889 = VERTEX_POINT ( 'NONE', #7118 ) ;
#7890 = CALENDAR_DATE ( 2026, 26, 7 ) ;
#7891 = ORIENTED_EDGE ( 'NONE', *, *, #5197, .T. ) ;
#7892 = CC_DESIGN_APPROVAL ( #91, ( #5316 ) ) ;
#7893 = PLANE ( 'NONE',  #8062 ) ;
#7894 = ORIENTED_EDGE ( 'NONE', *, *, #7649, .T. ) ;
#7895 = FACE_OUTER_BOUND ( 'NONE', #5884, .T. ) ;
#7896 = CARTESIAN_POINT ( 'NONE',  ( 0.000000000000000000, 0.000000000000000000, 0.000000000000000000 ) ) ;
#7897 = ADVANCED_FACE ( 'NONE', ( #4972, #5637, #2204, #964, #137 ), #1632, .T. ) ;
#7898 = LOCAL_TIME ( 21, 54, 55.00000000000000000, #3117 ) ;
#7899 = PERSON_AND_ORGANIZATION ( #5260, #6155 ) ;
#7900 = EDGE_CURVE ( 'NONE', #5995, #4850, #4349, .T. ) ;
#7901 = ORIENTED_EDGE ( 'NONE', *, *, #6075, .F. ) ;
#7902 = VERTEX_POINT ( 'NONE', #7027 ) ;
#7903 = DIRECTION ( 'NONE',  ( -1.000000000000000000, -0.000000000000000000, -0.000000000000000000 ) ) ;
#7904 = CC_DESIGN_PERSON_AND_ORGANIZATION_ASSIGNMENT ( #514, #5952, ( #834 ) ) ;
#7905 = CARTESIAN_POINT ( 'NONE',  ( -39.00000000000000000, 5.000000000000000000, 20.75000000000000355 ) ) ;
#7906 = ORIENTED_EDGE ( 'NONE', *, *, #538, .F. ) ;
#7907 = VERTEX_POINT ( 'NONE', #2601 ) ;
#7908 = CIRCLE ( 'NONE', #8797, 1.600000000000004086 ) ;
#7909 = DIRECTION ( 'NONE',  ( 0.000000000000000000, -1.000000000000000000, 0.000000000000000000 ) ) ;
#7910 = CARTESIAN_POINT ( 'NONE',  ( 33.00000000000000000, 0.000000000000000000, 30.50000000000000000 ) ) ;
#7911 = APPROVAL_ROLE ( '' ) ;
#7912 = ORGANIZATION ( 'NAUO-ORG15', 'UNSPECIFIED', 'UNSPECIFIED' ) ;
#7913 = AXIS2_PLACEMENT_3D ( 'NONE', #6012, #6059, #114 ) ;
#7914 = FACE_OUTER_BOUND ( 'NONE', #8494, .T. ) ;
#7915 = CARTESIAN_POINT ( 'NONE',  ( -54.00000000000000000, 0.000000000000000000, 79.90000000000000568 ) ) ;
#7916 = EDGE_CURVE ( 'NONE', #3516, #3391, #6394, .T. ) ;
#7917 = CARTESIAN_POINT ( 'NONE',  ( -33.00000000000000000, 40.00000000000000000, 30.50000000000000000 ) ) ;
#7918 = ORIENTED_EDGE ( 'NONE', *, *, #7770, .F. ) ;
#7919 = DIRECTION ( 'NONE',  ( 0.000000000000000000, 0.000000000000000000, -1.000000000000000000 ) ) ;
#7920 = CARTESIAN_POINT ( 'NONE',  ( 6.500000000000000000, 2.500000000000000000, 22.50000000000000000 ) ) ;
#7921 = PERSON_AND_ORGANIZATION ( #5260, #6155 ) ;
#7922 = CARTESIAN_POINT ( 'NONE',  ( 60.14999999999999858, 5.000000000000000000, 30.60000000000000142 ) ) ;
#7923 = AXIS2_PLACEMENT_3D ( 'NONE', #2997, #4900, #6326 ) ;
#7924 = FACE_OUTER_BOUND ( 'NONE', #6682, .T. ) ;
#7925 = VECTOR ( 'NONE', #5643, 1000.000000000000000 ) ;
#7926 = EDGE_CURVE ( 'NONE', #6713, #5284, #2309, .T. ) ;
#7927 = DIRECTION ( 'NONE',  ( 0.000000000000000000, 0.000000000000000000, -1.000000000000000000 ) ) ;
#7928 = EDGE_CURVE ( 'NONE', #4355, #6564, #2886, .T. ) ;
#7929 = AXIS2_PLACEMENT_3D ( 'NONE', #8499, #1157, #4448 ) ;
#7930 = DIRECTION ( 'NONE',  ( 0.000000000000000000, 0.000000000000000000, 1.000000000000000000 ) ) ;
#7931 = APPROVAL_DATE_TIME ( #5199, #3774 ) ;
#7932 = PERSON_AND_ORGANIZATION_ROLE ( 'creator' ) ;
#7933 = ORIENTED_EDGE ( 'NONE', *, *, #2258, .T. ) ;
#7934 = ORIENTED_EDGE ( 'NONE', *, *, #1295, .F. ) ;
#7935 = EDGE_LOOP ( 'NONE', ( #6641, #977, #3346, #2221 ) ) ;
#7936 = CARTESIAN_POINT ( 'NONE',  ( -9.000000000000000000, 2.500000000000000000, 39.00000000000000000 ) ) ;
#7937 = ORIENTED_EDGE ( 'NONE', *, *, #4002, .F. ) ;
#7938 = EDGE_CURVE ( 'NONE', #8508, #2404, #919, .T. ) ;
#7939 = LINE ( 'NONE', #2454, #5258 ) ;
#7940 = EDGE_CURVE ( 'NONE', #3746, #6804, #871, .T. ) ;
#7941 = CIRCLE ( 'NONE', #978, 8.249999999999992895 ) ;
#7942 = DIRECTION ( 'NONE',  ( 0.000000000000000000, 0.000000000000000000, -1.000000000000000000 ) ) ;
#7943 = COORDINATED_UNIVERSAL_TIME_OFFSET ( 8, 0, .AHEAD. ) ;
#7944 = AXIS2_PLACEMENT_3D ( 'NONE', #549, #1944, #4617 ) ;
#7945 = ORIENTED_EDGE ( 'NONE', *, *, #7352, .T. ) ;
#7946 = VERTEX_POINT ( 'NONE', #6352 ) ;
#7947 = ORIENTED_EDGE ( 'NONE', *, *, #2429, .F. ) ;
#7948 = CARTESIAN_POINT ( 'NONE',  ( -16.25000000000000000, 0.000000000000000000, 62.00000000000000000 ) ) ;
#7949 = LINE ( 'NONE', #7144, #7563 ) ;
#7950 = EDGE_LOOP ( 'NONE', ( #2882, #1122, #1863, #347, #267, #8070, #7768, #3612 ) ) ;
#7951 = AXIS2_PLACEMENT_3D ( 'NONE', #1047, #4131, #6851 ) ;
#7952 = LINE ( 'NONE', #7992, #7797 ) ;
#7953 = DIRECTION ( 'NONE',  ( -1.000000000000000000, -0.000000000000000000, -0.000000000000000000 ) ) ;
#7954 = MECHANICAL_CONTEXT ( 'NONE', #694, 'mechanical' ) ;
#7955 = CC_DESIGN_DATE_AND_TIME_ASSIGNMENT ( #6320, #8493, ( #6481 ) ) ;
#7956 = VECTOR ( 'NONE', #5033, 1000.000000000000000 ) ;
#7957 = CARTESIAN_POINT ( 'NONE',  ( -1.000000000000000000, 2.500000000000000000, -12.25000000000000000 ) ) ;
#7958 = LINE ( 'NONE', #7285, #8414 ) ;
#7959 = FACE_OUTER_BOUND ( 'NONE', #7181, .T. ) ;
#7960 = AXIS2_PLACEMENT_3D ( 'NONE', #4959, #6381, #2330 ) ;
#7961 = CARTESIAN_POINT ( 'NONE',  ( -57.50000000000000000, 0.000000000000000000, 85.00000000000000000 ) ) ;
#7962 = CARTESIAN_POINT ( 'NONE',  ( 13.00000000000000000, 0.000000000000000000, 39.00000000000000000 ) ) ;
#7963 = CC_DESIGN_DATE_AND_TIME_ASSIGNMENT ( #932, #4398, ( #6171 ) ) ;
#7964 = DATE_AND_TIME ( #1183, #1492 ) ;
#7965 = ADVANCED_FACE ( 'NONE', ( #2345 ), #3021, .F. ) ;
#7966 = CARTESIAN_POINT ( 'NONE',  ( -60.14999999999999858, 7.000000000000000000, -81.75000000000000000 ) ) ;
#7967 = FACE_BOUND ( 'NONE', #4101, .T. ) ;
#7968 = DIRECTION ( 'NONE',  ( -1.000000000000000000, -0.000000000000000000, -0.000000000000000000 ) ) ;
#7969 = DIRECTION ( 'NONE',  ( -1.000000000000000000, 0.000000000000000000, 0.000000000000000000 ) ) ;
#7970 = APPROVAL_DATE_TIME ( #373, #601 ) ;
#7971 = VECTOR ( 'NONE', #4605, 1000.000000000000000 ) ;
#7972 = ORIENTED_EDGE ( 'NONE', *, *, #3353, .F. ) ;
#7973 = SHAPE_DEFINITION_REPRESENTATION ( #101, #4853 ) ;
#7974 = EDGE_LOOP ( 'NONE', ( #1070, #1216, #3186, #4840 ) ) ;
#7975 = APPROVAL_ROLE ( '' ) ;
#7976 = ORIENTED_EDGE ( 'NONE', *, *, #4267, .F. ) ;
#7977 = CC_DESIGN_DATE_AND_TIME_ASSIGNMENT ( #219, #4998, ( #1115 ) ) ;
#7978 = VERTEX_POINT ( 'NONE', #7074 ) ;
#7979 = ADVANCED_FACE ( 'NONE', ( #8478 ), #5720, .F. ) ;
#7980 = CARTESIAN_POINT ( 'NONE',  ( -6.000000000000000000, 6.000000000000000000, 6.000000000000000000 ) ) ;
#7981 = CLOSED_SHELL ( 'NONE', ( #759, #4794, #1006, #4264, #1081, #4167 ) ) ;
#7982 = ORIENTED_EDGE ( 'NONE', *, *, #2661, .T. ) ;
#7983 = CARTESIAN_POINT ( 'NONE',  ( -85.25000000000000000, 28.00000000000000000, 119.4500000000000028 ) ) ;
#7984 = CARTESIAN_POINT ( 'NONE',  ( 39.00000000000000000, 5.000000000000000000, 20.75000000000000355 ) ) ;
#7985 = DATE_AND_TIME ( #3178, #6016 ) ;
#7986 = EDGE_CURVE ( 'NONE', #1557, #4523, #228, .T. ) ;
#7987 = VERTEX_POINT ( 'NONE', #7787 ) ;
#7988 = ORIENTED_EDGE ( 'NONE', *, *, #864, .F. ) ;
#7989 = DIRECTION ( 'NONE',  ( 0.000000000000000000, -1.000000000000000000, 0.000000000000000000 ) ) ;
#7991 = ORIENTED_EDGE ( 'NONE', *, *, #4073, .F. ) ;
#7990 = ADVANCED_FACE ( 'NONE', ( #4387 ), #3504, .F. ) ;
#7992 = CARTESIAN_POINT ( 'NONE',  ( -14.50000000000000000, 2.500000000000000000, 7.750000000000000000 ) ) ;
#7993 =( REPRESENTATION_RELATIONSHIP ('NONE','NONE', #245, #4820 ) REPRESENTATION_RELATIONSHIP_WITH_TRANSFORMATION ( #7259 )SHAPE_REPRESENTATION_RELATIONSHIP( ) );
#7994 = APPROVAL_DATE_TIME ( #6691, #2742 ) ;
#7995 = LINE ( 'NONE', #6158, #1037 ) ;
#7996 = PLANE ( 'NONE',  #2421 ) ;
#7997 = CARTESIAN_POINT ( 'NONE',  ( -6.000000000000000000, 6.000000000000000000, -6.000000000000000000 ) ) ;
#7998 = CIRCLE ( 'NONE', #4146, 1.799999999999999600 ) ;
#7999 = FACE_OUTER_BOUND ( 'NONE', #5610, .T. ) ;
#8000 = CARTESIAN_POINT ( 'NONE',  ( 60.00000000000000000, 28.00000000000000000, 124.4500000000000028 ) ) ;
#8001 = VECTOR ( 'NONE', #5688, 1000.000000000000000 ) ;
#8002 = EDGE_CURVE ( 'NONE', #7047, #3793, #2842, .T. ) ;
#8003 = SHAPE_DEFINITION_REPRESENTATION ( #2037, #3331 ) ;
#8004 = VECTOR ( 'NONE', #7278, 1000.000000000000000 ) ;
#8005 = DIRECTION ( 'NONE',  ( 1.000000000000000000, 0.000000000000000000, 0.000000000000000000 ) ) ;
#8006 = LINE ( 'NONE', #7250, #4386 ) ;
#8007 = AXIS2_PLACEMENT_3D ( 'NONE', #6742, #2697, #2739 ) ;
#8008 = AXIS2_PLACEMENT_3D ( 'NONE', #8000, #3157, #8663 ) ;
#8009 = PRODUCT_RELATED_PRODUCT_CATEGORY ( 'detail', '', ( #2254 ) ) ;
#8010 = CARTESIAN_POINT ( 'NONE',  ( 13.00000000000000000, 2.500000000000000000, 39.00000000000000000 ) ) ;
#8011 = DIRECTION ( 'NONE',  ( 0.000000000000000000, -1.000000000000000000, 0.000000000000000000 ) ) ;
#8012 = DATE_AND_TIME ( #8753, #6729 ) ;
#8013 = ORIENTED_EDGE ( 'NONE', *, *, #4382, .F. ) ;
#8014 = PRODUCT_DEFINITION_FORMATION_WITH_SPECIFIED_SOURCE ( '任何', '', #1474, .NOT_KNOWN. ) ;
#8015 = PERSON_AND_ORGANIZATION ( #5260, #6155 ) ;
#8016 = VECTOR ( 'NONE', #3845, 1000.000000000000000 ) ;
#8017 = ORIENTED_EDGE ( 'NONE', *, *, #5355, .F. ) ;
#8018 = APPROVAL_DATE_TIME ( #6537, #8355 ) ;
#8019 = ORIENTED_EDGE ( 'NONE', *, *, #3485, .F. ) ;
#8020 = ORIENTED_EDGE ( 'NONE', *, *, #2573, .F. ) ;
#8021 = CARTESIAN_POINT ( 'NONE',  ( -6.000000000000000000, 6.000000000000000000, -6.000000000000000000 ) ) ;
#8022 = EDGE_LOOP ( 'NONE', ( #8352, #3693, #1805, #8080 ) ) ;
#8023 = APPROVAL_PERSON_ORGANIZATION ( #3759, #4805, #3800 ) ;
#8024 = DIRECTION ( 'NONE',  ( 1.000000000000000000, 0.000000000000000000, -0.000000000000000000 ) ) ;
#8025 = CC_DESIGN_PERSON_AND_ORGANIZATION_ASSIGNMENT ( #2563, #6018, ( #5446 ) ) ;
#8026 = PLANE ( 'NONE',  #1731 ) ;
#8027 = COORDINATED_UNIVERSAL_TIME_OFFSET ( 8, 0, .AHEAD. ) ;
#8028 = COORDINATED_UNIVERSAL_TIME_OFFSET ( 8, 0, .AHEAD. ) ;
#8029 = CC_DESIGN_SECURITY_CLASSIFICATION ( #461, ( #7318 ) ) ;
#8030 = VERTEX_POINT ( 'NONE', #5009 ) ;
#8031 = CARTESIAN_POINT ( 'NONE',  ( 39.75000000000000000, 2.500000000000000000, 83.00000000000000000 ) ) ;
#8032 = ORIENTED_EDGE ( 'NONE', *, *, #4699, .T. ) ;
#8033 = AXIS2_PLACEMENT_3D ( 'NONE', #8556, #8808, #4554 ) ;
#8034 = ADVANCED_BREP_SHAPE_REPRESENTATION ( '', ( #8120, #7312 ), #5308 ) ;
#8035 = CARTESIAN_POINT ( 'NONE',  ( 6.500000000000000000, 2.500000000000000000, 22.50000000000000000 ) ) ;
#8036 = CC_DESIGN_DATE_AND_TIME_ASSIGNMENT ( #5568, #2866, ( #6440 ) ) ;
#8037 = EDGE_CURVE ( 'NONE', #2727, #5995, #7607, .T. ) ;
#8038 = LOCAL_TIME ( 21, 54, 55.00000000000000000, #1064 ) ;
#8039 = SHAPE_REPRESENTATION_RELATIONSHIP ( 'NONE' , 'NONE' ,  #7665, #6747 ) ;
#8040 = PERSON_AND_ORGANIZATION ( #5260, #6155 ) ;
#8041 = PRODUCT_DEFINITION_SHAPE ( 'NONE', 'NONE',  #8878 ) ;
#8042 = ADVANCED_FACE ( 'NONE', ( #6932 ), #8343, .F. ) ;
#8043 = EDGE_LOOP ( 'NONE', ( #7393, #573, #7078, #7520 ) ) ;
#8044 = LINE ( 'NONE', #1431, #4026 ) ;
#8045 = SECURITY_CLASSIFICATION ( '', '', #3205 ) ;
#8046 = VECTOR ( 'NONE', #7362, 1000.000000000000000 ) ;
#8047 = CARTESIAN_POINT ( 'NONE',  ( -20.25000000000000000, 2.500000000000000000, 66.00000000000000000 ) ) ;
#8048 = DIRECTION ( 'NONE',  ( 0.000000000000000000, 0.000000000000000000, -1.000000000000000000 ) ) ;
#8050 = EDGE_CURVE ( 'NONE', #7133, #8256, #1542, .T. ) ;
#8049 = APPLICATION_CONTEXT ( 'configuration controlled 3d designs of mechanical parts and assemblies' ) ;
#8051 = DIRECTION ( 'NONE',  ( 0.000000000000000000, -0.000000000000000000, -1.000000000000000000 ) ) ;
#8052 = ADVANCED_FACE ( 'NONE', ( #1766 ), #5852, .F. ) ;
#8053 = CC_DESIGN_APPROVAL ( #2001, ( #3076 ) ) ;
#8054 = CARTESIAN_POINT ( 'NONE',  ( -118.0000000000000000, 28.00000000000000000, 119.4500000000000028 ) ) ;
#8055 = APPROVAL_DATE_TIME ( #7469, #5703 ) ;
#8056 = DIRECTION ( 'NONE',  ( 0.000000000000000000, 0.000000000000000000, -1.000000000000000000 ) ) ;
#8057 = CARTESIAN_POINT ( 'NONE',  ( 33.00000000000000000, 40.00000000000000000, -30.50000000000000000 ) ) ;
#8058 = ORGANIZATION ( 'NAUO-ORG13', 'UNSPECIFIED', 'UNSPECIFIED' ) ;
#8059 = CARTESIAN_POINT ( 'NONE',  ( -13.00000000000000000, 2.500000000000000000, 56.00000000000000000 ) ) ;
#8060 = CARTESIAN_POINT ( 'NONE',  ( 36.00000000000000000, 3.000000000000000000, 33.50000000000000000 ) ) ;
#8061 = APPROVAL_STATUS ( 'not_yet_approved' ) ;
#8062 = AXIS2_PLACEMENT_3D ( 'NONE', #3131, #3827, #4404 ) ;
#8063 = LOCAL_TIME ( 21, 54, 55.00000000000000000, #6497 ) ;
#8064 = ORIENTED_EDGE ( 'NONE', *, *, #6560, .F. ) ;
#8065 = COORDINATED_UNIVERSAL_TIME_OFFSET ( 8, 0, .AHEAD. ) ;
#8066 = CC_DESIGN_DATE_AND_TIME_ASSIGNMENT ( #8122, #710, ( #6334 ) ) ;
#8067 = EDGE_LOOP ( 'NONE', ( #3664, #8628, #2863, #7131 ) ) ;
#8068 = CONTEXT_DEPENDENT_SHAPE_REPRESENTATION ( #1892, #4470 ) ;
#8069 = VERTEX_POINT ( 'NONE', #8571 ) ;
#8070 = ORIENTED_EDGE ( 'NONE', *, *, #2573, .T. ) ;
#8071 = DESIGN_CONTEXT ( 'detailed design', #3545, 'design' ) ;
#8072 = CARTESIAN_POINT ( 'NONE',  ( 39.00000000000000000, 36.00000000000000000, -21.30000000000000071 ) ) ;
#8073 = ORIENTED_EDGE ( 'NONE', *, *, #3335, .T. ) ;
#8074 = FACE_OUTER_BOUND ( 'NONE', #6321, .T. ) ;
#8075 = DIRECTION ( 'NONE',  ( -0.000000000000000000, 1.000000000000000000, -0.000000000000000000 ) ) ;
#8076 = PERSON_AND_ORGANIZATION ( #5260, #6155 ) ;
#8077 = PERSON_AND_ORGANIZATION ( #5260, #6155 ) ;
#8078 = APPROVAL_STATUS ( 'not_yet_approved' ) ;
#8079 = EDGE_CURVE ( 'NONE', #8716, #5966, #3202, .T. ) ;
#8080 = ORIENTED_EDGE ( 'NONE', *, *, #1172, .T. ) ;
#8081 = DIRECTION ( 'NONE',  ( 0.000000000000000000, 0.000000000000000000, 1.000000000000000000 ) ) ;
#8082 = VERTEX_POINT ( 'NONE', #1139 ) ;
#8083 = CARTESIAN_POINT ( 'NONE',  ( 4.500000000000000000, 0.000000000000000000, 2.000000000000000000 ) ) ;
#8084 = VECTOR ( 'NONE', #4843, 1000.000000000000000 ) ;
#8085 = DIRECTION ( 'NONE',  ( 1.000000000000000000, 0.000000000000000000, 0.000000000000000000 ) ) ;
#8086 = PERSON_AND_ORGANIZATION ( #5260, #6155 ) ;
#8087 = VECTOR ( 'NONE', #4516, 1000.000000000000000 ) ;
#8088 = CARTESIAN_POINT ( 'NONE',  ( 101.7500000000000000, 28.00000000000000000, 119.4500000000000028 ) ) ;
#8089 = EDGE_CURVE ( 'NONE', #8717, #2282, #8526, .T. ) ;
#8090 = MANIFOLD_SOLID_BREP ( '凸台-拉伸4', #714 ) ;
#8091 = DIRECTION ( 'NONE',  ( -1.000000000000000000, -0.000000000000000000, -0.000000000000000000 ) ) ;
#8092 = CIRCLE ( 'NONE', #1405, 1.600000000000004086 ) ;
#8093 = ADVANCED_FACE ( 'NONE', ( #1849 ), #410, .F. ) ;
#8094 = DIRECTION ( 'NONE',  ( -0.000000000000000000, -0.000000000000000000, 1.000000000000000000 ) ) ;
#8095 = CARTESIAN_POINT ( 'NONE',  ( 60.00000000000000000, 3.000000000000000000, 42.50000000000000000 ) ) ;
#8096 = CARTESIAN_POINT ( 'NONE',  ( -23.00000000000000000, 0.000000000000000000, 10.50000000000000000 ) ) ;
#8097 = PRODUCT ( 'FN-HAR-010_W2-battery-charge_R0.5', 'FN-HAR-010_W2-battery-charge_R0.5', '', ( #7954 ) ) ;
#8098 = LINE ( 'NONE', #3372, #2749 ) ;
#8099 = EDGE_CURVE ( 'NONE', #6863, #1278, #8615, .T. ) ;
#8100 = VECTOR ( 'NONE', #4143, 1000.000000000000000 ) ;
#8101 = FACE_OUTER_BOUND ( 'NONE', #2199, .T. ) ;
#8102 = MANIFOLD_SOLID_BREP ( '凸台-拉伸1', #266 ) ;
#8103 = CARTESIAN_POINT ( 'NONE',  ( 35.75000000000000000, 0.000000000000000000, 83.00000000000000000 ) ) ;
#8104 = FACE_OUTER_BOUND ( 'NONE', #7568, .T. ) ;
#8105 = COORDINATED_UNIVERSAL_TIME_OFFSET ( 8, 0, .AHEAD. ) ;
#8106 = VERTEX_POINT ( 'NONE', #6436 ) ;
#8107 = CALENDAR_DATE ( 2026, 26, 7 ) ;
#8108 = EDGE_LOOP ( 'NONE', ( #5417, #3583, #1962, #5074 ) ) ;
#8109 = ORIENTED_EDGE ( 'NONE', *, *, #1720, .T. ) ;
#8110 = VERTEX_POINT ( 'NONE', #3900 ) ;
#8111 = LINE ( 'NONE', #8591, #649 ) ;
#8112 = DIRECTION ( 'NONE',  ( -0.000000000000000000, -1.000000000000000000, -0.000000000000000000 ) ) ;
#8113 = ORIENTED_EDGE ( 'NONE', *, *, #8215, .F. ) ;
#8114 =( REPRESENTATION_RELATIONSHIP ('NONE','NONE', #245, #4236 ) REPRESENTATION_RELATIONSHIP_WITH_TRANSFORMATION ( #130 )SHAPE_REPRESENTATION_RELATIONSHIP( ) );
#8115 = FACE_OUTER_BOUND ( 'NONE', #8674, .T. ) ;
#8116 = LINE ( 'NONE', #1333, #7146 ) ;
#8117 = DIRECTION ( 'NONE',  ( 0.000000000000000000, 0.000000000000000000, 1.000000000000000000 ) ) ;
#8118 = AXIS2_PLACEMENT_3D ( 'NONE', #2270, #208, #2365 ) ;
#8119 = DATE_AND_TIME ( #2682, #2478 ) ;
#8120 = MANIFOLD_SOLID_BREP ( '凸台-拉伸1', #3983 ) ;
#8121 = ADVANCED_FACE ( 'NONE', ( #3115 ), #7288, .F. ) ;
#8122 = DATE_AND_TIME ( #4138, #7772 ) ;
#8123 = ORIENTED_EDGE ( 'NONE', *, *, #2164, .T. ) ;
#8124 = LINE ( 'NONE', #2773, #6323 ) ;
#8125 = ORIENTED_EDGE ( 'NONE', *, *, #1140, .T. ) ;
#8126 = APPROVAL ( #8372, '未指定' ) ;
#8127 = DIRECTION ( 'NONE',  ( 0.000000000000000000, 0.000000000000000000, -1.000000000000000000 ) ) ;
#8128 =( LENGTH_UNIT ( ) NAMED_UNIT ( * ) SI_UNIT ( .MILLI., .METRE. ) );
#8129 = PERSON_AND_ORGANIZATION ( #5260, #6155 ) ;
#8130 = VERTEX_POINT ( 'NONE', #1182 ) ;
#8131 = FACE_BOUND ( 'NONE', #6631, .T. ) ;
#8132 = LINE ( 'NONE', #772, #6113 ) ;
#8133 = LINE ( 'NONE', #2013, #1675 ) ;
#8134 = CARTESIAN_POINT ( 'NONE',  ( 0.000000000000000000, 9.000000000000000000, 0.000000000000000000 ) ) ;
#8135 = CARTESIAN_POINT ( 'NONE',  ( 2.250000000000000000, 2.500000000000000000, -10.50000000000000000 ) ) ;
#8136 = APPROVAL ( #2668, '未指定' ) ;
#8137 = EDGE_LOOP ( 'NONE', ( #8687, #5087, #1487, #8226 ) ) ;
#8138 = DIRECTION ( 'NONE',  ( 0.000000000000000000, 0.000000000000000000, -1.000000000000000000 ) ) ;
#8139 = APPROVAL_STATUS ( 'not_yet_approved' ) ;
#8140 = DIRECTION ( 'NONE',  ( 0.000000000000000000, -0.000000000000000000, -1.000000000000000000 ) ) ;
#8141 = CARTESIAN_POINT ( 'NONE',  ( -39.00000000000000000, 0.000000000000000000, 19.50000000000000000 ) ) ;
#8142 = VECTOR ( 'NONE', #1359, 1000.000000000000000 ) ;
#8143 = VECTOR ( 'NONE', #2437, 1000.000000000000000 ) ;
#8144 = AXIS2_PLACEMENT_3D ( 'NONE', #2084, #2809, #1376 ) ;
#8145 = DIRECTION ( 'NONE',  ( 0.000000000000000000, -1.000000000000000000, 0.000000000000000000 ) ) ;
#8146 = EDGE_CURVE ( 'NONE', #8344, #7408, #3854, .T. ) ;
#8147 = CARTESIAN_POINT ( 'NONE',  ( -136.0000000000000000, 5.000000000000000000, -96.50000000000000000 ) ) ;
#8148 = PERSON_AND_ORGANIZATION_ROLE ( 'creator' ) ;
#8149 = ORIENTED_EDGE ( 'NONE', *, *, #3790, .F. ) ;
#8150 = PERSON_AND_ORGANIZATION ( #5260, #6155 ) ;
#8151 = VECTOR ( 'NONE', #5272, 1000.000000000000000 ) ;
#8152 = EDGE_CURVE ( 'NONE', #5866, #2252, #748, .T. ) ;
#8153 = VERTEX_POINT ( 'NONE', #5100 ) ;
#8154 = COORDINATED_UNIVERSAL_TIME_OFFSET ( 8, 0, .AHEAD. ) ;
#8155 = ORIENTED_EDGE ( 'NONE', *, *, #4105, .T. ) ;
#8156 = VECTOR ( 'NONE', #6978, 1000.000000000000000 ) ;
#8157 = ORIENTED_EDGE ( 'NONE', *, *, #8563, .F. ) ;
#8158 = FACE_OUTER_BOUND ( 'NONE', #5833, .T. ) ;
#8159 = VECTOR ( 'NONE', #522, 1000.000000000000000 ) ;
#8160 = DIRECTION ( 'NONE',  ( -0.000000000000000000, -1.000000000000000000, -0.000000000000000000 ) ) ;
#8161 = DIRECTION ( 'NONE',  ( -0.000000000000000000, -0.000000000000000000, 1.000000000000000000 ) ) ;
#8162 = EDGE_LOOP ( 'NONE', ( #7189, #5278, #6257, #2672 ) ) ;
#8163 = LOCAL_TIME ( 21, 54, 55.00000000000000000, #8439 ) ;
#8164 = VECTOR ( 'NONE', #1039, 1000.000000000000000 ) ;
#8165 = FACE_OUTER_BOUND ( 'NONE', #7129, .T. ) ;
#8166 = APPROVAL_ROLE ( '' ) ;
#8167 = ORIENTED_EDGE ( 'NONE', *, *, #306, .F. ) ;
#8168 = COORDINATED_UNIVERSAL_TIME_OFFSET ( 8, 0, .AHEAD. ) ;
#8169 = ORIENTED_EDGE ( 'NONE', *, *, #5026, .T. ) ;
#8170 = EDGE_LOOP ( 'NONE', ( #6406, #6498, #6935, #1683 ) ) ;
#8171 = LOCAL_TIME ( 21, 54, 55.00000000000000000, #4469 ) ;
#8172 = DIRECTION ( 'NONE',  ( 0.000000000000000000, -1.000000000000000000, 0.000000000000000000 ) ) ;
#8173 = ORIENTED_EDGE ( 'NONE', *, *, #1823, .T. ) ;
#8174 = CARTESIAN_POINT ( 'NONE',  ( 0.000000000000000000, 15.00000000000000000, 0.000000000000000000 ) ) ;
#8175 = EDGE_CURVE ( 'NONE', #1843, #2115, #499, .T. ) ;
#8176 = APPROVAL_PERSON_ORGANIZATION ( #564, #3649, #5293 ) ;
#8177 = DIRECTION ( 'NONE',  ( 0.000000000000000000, 0.000000000000000000, -1.000000000000000000 ) ) ;
#8178 = MECHANICAL_CONTEXT ( 'NONE', #8222, 'mechanical' ) ;
#8179 = APPROVAL ( #1054, '未指定' ) ;
#8180 = ADVANCED_FACE ( 'NONE', ( #3071 ), #5940, .F. ) ;
#8181 = FACE_OUTER_BOUND ( 'NONE', #7844, .T. ) ;
#8182 = CARTESIAN_POINT ( 'NONE',  ( -82.00000000000000000, 28.00000000000000000, 98.50000000000000000 ) ) ;
#8183 = EDGE_LOOP ( 'NONE', ( #2723, #5868 ) ) ;
#8184 = LOCAL_TIME ( 21, 54, 55.00000000000000000, #7756 ) ;
#8185 = FACE_OUTER_BOUND ( 'NONE', #1559, .T. ) ;
#8186 = DIRECTION ( 'NONE',  ( 1.000000000000000000, 0.000000000000000000, 0.000000000000000000 ) ) ;
#8187 = CARTESIAN_POINT ( 'NONE',  ( -60.14999999999999858, 5.000000000000000000, -81.75000000000000000 ) ) ;
#8188 = DIRECTION ( 'NONE',  ( -1.000000000000000000, 0.000000000000000000, 0.000000000000000000 ) ) ;
#8189 = LOCAL_TIME ( 21, 54, 55.00000000000000000, #1225 ) ;
#8190 = APPROVAL_ROLE ( '' ) ;
#8191 = DIRECTION ( 'NONE',  ( -1.000000000000000000, -0.000000000000000000, -0.000000000000000000 ) ) ;
#8192 = EDGE_CURVE ( 'NONE', #7260, #12, #3035, .T. ) ;
#8193 = DIRECTION ( 'NONE',  ( 0.000000000000000000, 0.000000000000000000, -1.000000000000000000 ) ) ;
#8194 = SHAPE_REPRESENTATION ( 'FN-HAR-012_W4-fuse-to-dc5521_R0.5', ( #7312 ), #6600 ) ;
#8195 = ORGANIZATION ( 'NAUO-ORG9', 'UNSPECIFIED', 'UNSPECIFIED' ) ;
#8196 = DIRECTION ( 'NONE',  ( 1.000000000000000000, 0.000000000000000000, 0.000000000000000000 ) ) ;
#8197 = DIRECTION ( 'NONE',  ( -1.000000000000000000, 0.000000000000000000, -0.000000000000000000 ) ) ;
#8198 = PERSON_AND_ORGANIZATION_ROLE ( 'design_supplier' ) ;
#8199 = ORIENTED_EDGE ( 'NONE', *, *, #4061, .T. ) ;
#8200 = CALENDAR_DATE ( 2026, 26, 7 ) ;
#8201 = ORIENTED_EDGE ( 'NONE', *, *, #614, .F. ) ;
#8202 = SECURITY_CLASSIFICATION ( '', '', #1648 ) ;
#8203 = CARTESIAN_POINT ( 'NONE',  ( 158.9499999999999886, 0.000000000000000000, -119.4500000000000028 ) ) ;
#8204 = EDGE_CURVE ( 'NONE', #7774, #6104, #4594, .T. ) ;
#8205 = FACE_OUTER_BOUND ( 'NONE', #7098, .T. ) ;
#8206 = ADVANCED_FACE ( 'NONE', ( #5769 ), #4525, .F. ) ;
#8207 = CARTESIAN_POINT ( 'NONE',  ( 13.00000000000000000, 2.500000000000000000, 39.00000000000000000 ) ) ;
#8208 = VERTEX_POINT ( 'NONE', #1717 ) ;
#8209 = VECTOR ( 'NONE', #5205, 1000.000000000000000 ) ;
#8210 = DIRECTION ( 'NONE',  ( 0.000000000000000000, 0.000000000000000000, -1.000000000000000000 ) ) ;
#8211 = CARTESIAN_POINT ( 'NONE',  ( 66.50000000000000000, 18.00000000000000000, -20.00000000000000000 ) ) ;
#8212 = APPROVAL_DATE_TIME ( #3435, #708 ) ;
#8213 = PERSON_AND_ORGANIZATION ( #1749, #8058 ) ;
#8214 = EDGE_LOOP ( 'NONE', ( #98, #5511, #7793, #6452 ) ) ;
#8215 = EDGE_CURVE ( 'NONE', #2677, #6940, #1052, .T. ) ;
#8216 = DIRECTION ( 'NONE',  ( -0.000000000000000000, -1.000000000000000000, -0.000000000000000000 ) ) ;
#8217 = VERTEX_POINT ( 'NONE', #2434 ) ;
#8218 = ADVANCED_FACE ( 'NONE', ( #5143 ), #4483, .F. ) ;
#8219 = CARTESIAN_POINT ( 'NONE',  ( 39.00000000000000000, 38.00000000000000000, 17.69999999999999929 ) ) ;
#8220 = SHAPE_REPRESENTATION_RELATIONSHIP ( 'NONE' , 'NONE' ,  #3049, #2824 ) ;
#8221 = DATE_AND_TIME ( #6199, #6010 ) ;
#8222 = APPLICATION_CONTEXT ( 'configuration controlled 3d designs of mechanical parts and assemblies' ) ;
#8223 = CARTESIAN_POINT ( 'NONE',  ( -28.50000000000000000, 0.000000000000000000, 44.00000000000000000 ) ) ;
#8224 = MANIFOLD_SOLID_BREP ( '凸台-拉伸4', #4558 ) ;
#8225 = LINE ( 'NONE', #2100, #7342 ) ;
#8226 = ORIENTED_EDGE ( 'NONE', *, *, #8527, .T. ) ;
#8227 = ORIENTED_EDGE ( 'NONE', *, *, #2262, .T. ) ;
#8228 = LINE ( 'NONE', #2872, #1145 ) ;
#8229 = APPROVAL ( #8139, 'UNKNOWN' ) ;
#8230 = CARTESIAN_POINT ( 'NONE',  ( 60.14999999999999858, 7.000000000000000000, 80.00000000000000000 ) ) ;
#8231 = AXIS2_PLACEMENT_3D ( 'NONE', #4597, #8778, #438 ) ;
#8232 = DIRECTION ( 'NONE',  ( 1.000000000000000000, 0.000000000000000000, 0.000000000000000000 ) ) ;
#8233 = SECURITY_CLASSIFICATION_LEVEL ( 'unclassified' ) ;
#8234 = DIRECTION ( 'NONE',  ( -1.000000000000000000, -0.000000000000000000, -0.000000000000000000 ) ) ;
#8235 = DIRECTION ( 'NONE',  ( -0.000000000000000000, -1.000000000000000000, -0.000000000000000000 ) ) ;
#8236 = VECTOR ( 'NONE', #4649, 1000.000000000000000 ) ;
#8237 = PRODUCT_RELATED_PRODUCT_CATEGORY ( 'detail', '', ( #6878 ) ) ;
#8238 = LINE ( 'NONE', #3542, #2461 ) ;
#8239 = EDGE_CURVE ( 'NONE', #663, #5297, #633, .T. ) ;
#8240 = DIRECTION ( 'NONE',  ( 0.000000000000000000, -1.000000000000000000, 0.000000000000000000 ) ) ;
#8241 = SHAPE_REPRESENTATION_RELATIONSHIP ( 'NONE' , 'NONE' ,  #6119, #7185 ) ;
#8242 = ORIENTED_EDGE ( 'NONE', *, *, #5179, .F. ) ;
#8243 = PERSON_AND_ORGANIZATION_ROLE ( 'design_owner' ) ;
#8244 = ORIENTED_EDGE ( 'NONE', *, *, #3832, .T. ) ;
#8245 = ORIENTED_EDGE ( 'NONE', *, *, #6373, .F. ) ;
#8246 = DIRECTION ( 'NONE',  ( -0.000000000000000000, -1.000000000000000000, -0.000000000000000000 ) ) ;
#8247 = PRODUCT ( 'FN-SUB-002_tilt-reference-plate_M3_R0.2', 'FN-SUB-002_tilt-reference-plate_M3_R0.2', '', ( #4990 ) ) ;
#8248 = CARTESIAN_POINT ( 'NONE',  ( 57.50000000000000000, 35.00000000000000000, 85.00000000000000000 ) ) ;
#8249 = VECTOR ( 'NONE', #1212, 1000.000000000000000 ) ;
#8250 = LINE ( 'NONE', #2042, #5151 ) ;
#8251 = CARTESIAN_POINT ( 'NONE',  ( -23.00000000000000000, 10.00000000000000000, -10.50000000000000000 ) ) ;
#8252 = VECTOR ( 'NONE', #8740, 1000.000000000000000 ) ;
#8253 = CC_DESIGN_DATE_AND_TIME_ASSIGNMENT ( #6665, #4697, ( #4687 ) ) ;
#8254 = VERTEX_POINT ( 'NONE', #3328 ) ;
#8255 = PERSON_AND_ORGANIZATION_ROLE ( 'classification_officer' ) ;
#8256 = VERTEX_POINT ( 'NONE', #47 ) ;
#8257 = SECURITY_CLASSIFICATION_LEVEL ( 'unclassified' ) ;
#8258 = ORIENTED_EDGE ( 'NONE', *, *, #4721, .F. ) ;
#8259 = ORIENTED_EDGE ( 'NONE', *, *, #7281, .T. ) ;
#8260 = DIRECTION ( 'NONE',  ( -0.000000000000000000, -1.000000000000000000, -0.000000000000000000 ) ) ;
#8261 = VECTOR ( 'NONE', #957, 1000.000000000000000 ) ;
#8262 = EDGE_LOOP ( 'NONE', ( #2964, #8445, #5115, #7751 ) ) ;
#8263 = FACE_OUTER_BOUND ( 'NONE', #2814, .T. ) ;
#8264 = PERSON ( 'NAUO-PER2', 'UNSPECIFIED', 'UNSPECIFIED', ('UNSPECIFIED'), ('UNSPECIFIED'), ('UNSPECIFIED') ) ;
#8265 = EDGE_CURVE ( 'NONE', #475, #6494, #5356, .T. ) ;
#8266 = ADVANCED_FACE ( 'NONE', ( #8741 ), #5982, .F. ) ;
#8267 = PERSON_AND_ORGANIZATION ( #5260, #6155 ) ;
#8268 = EDGE_CURVE ( 'NONE', #4850, #7347, #2700, .T. ) ;
#8269 = DIRECTION ( 'NONE',  ( -0.000000000000000000, -1.000000000000000000, -0.000000000000000000 ) ) ;
#8270 = LINE ( 'NONE', #2825, #4063 ) ;
#8271 = VERTEX_POINT ( 'NONE', #1224 ) ;
#8272 = DIRECTION ( 'NONE',  ( 0.000000000000000000, -1.000000000000000000, 0.000000000000000000 ) ) ;
#8273 = CLOSED_SHELL ( 'NONE', ( #8799, #712, #961, #5249, #5403, #7269, #2451, #2537, #8266, #8553 ) ) ;
#8274 = DIRECTION ( 'NONE',  ( 0.000000000000000000, 0.000000000000000000, 1.000000000000000000 ) ) ;
#8275 = EDGE_CURVE ( 'NONE', #1127, #7223, #7338, .T. ) ;
#8276 = LINE ( 'NONE', #941, #4581 ) ;
#8277 = DIRECTION ( 'NONE',  ( 0.000000000000000000, -1.000000000000000000, 0.000000000000000000 ) ) ;
#8278 = COORDINATED_UNIVERSAL_TIME_OFFSET ( 8, 0, .AHEAD. ) ;
#8279 = CARTESIAN_POINT ( 'NONE',  ( 33.00000000000000000, 40.00000000000000000, -30.50000000000000000 ) ) ;
#8280 = DIRECTION ( 'NONE',  ( -0.000000000000000000, -0.000000000000000000, 1.000000000000000000 ) ) ;
#8282 = VERTEX_POINT ( 'NONE', #2613 ) ;
#8281 = VECTOR ( 'NONE', #2327, 1000.000000000000000 ) ;
#8283 = MANIFOLD_SOLID_BREP ( '切除-拉伸1', #2435 ) ;
#8284 = CARTESIAN_POINT ( 'NONE',  ( -6.499999999999999112, 0.000000000000000000, -19.50000000000000000 ) ) ;
#8285 = EDGE_CURVE ( 'NONE', #206, #3674, #2790, .T. ) ;
#8286 = CARTESIAN_POINT ( 'NONE',  ( 19.00000000000000000, 15.00000000000000000, 9.000000000000000000 ) ) ;
#8287 = EDGE_CURVE ( 'NONE', #7495, #8254, #5580, .T. ) ;
#8289 = ORIENTED_EDGE ( 'NONE', *, *, #6689, .F. ) ;
#8288 = APPLICATION_CONTEXT ( 'configuration controlled 3d designs of mechanical parts and assemblies' ) ;
#8290 = APPROVAL_DATE_TIME ( #873, #3809 ) ;
#8291 = ORIENTED_EDGE ( 'NONE', *, *, #243, .T. ) ;
#8292 = VECTOR ( 'NONE', #3064, 1000.000000000000000 ) ;
#8293 = CC_DESIGN_DATE_AND_TIME_ASSIGNMENT ( #3423, #1948, ( #2226 ) ) ;
#8294 = DIRECTION ( 'NONE',  ( 1.000000000000000000, -0.000000000000000000, 0.000000000000000000 ) ) ;
#8295 = VECTOR ( 'NONE', #6449, 1000.000000000000000 ) ;
#8296 = LINE ( 'NONE', #5096, #1106 ) ;
#8297 = DIRECTION ( 'NONE',  ( 1.000000000000000000, 0.000000000000000000, 0.000000000000000000 ) ) ;
#8298 = ORIENTED_EDGE ( 'NONE', *, *, #3275, .F. ) ;
#8299 = LINE ( 'NONE', #6188, #2878 ) ;
#8300 = VECTOR ( 'NONE', #6518, 1000.000000000000000 ) ;
#8301 = PERSON_AND_ORGANIZATION ( #5260, #6155 ) ;
#8302 = ORIENTED_EDGE ( 'NONE', *, *, #3585, .F. ) ;
#8303 = CALENDAR_DATE ( 2026, 26, 7 ) ;
#8304 = AXIS2_PLACEMENT_3D ( 'NONE', #6663, #5198, #7969 ) ;
#8305 = ORIENTED_EDGE ( 'NONE', *, *, #4530, .F. ) ;
#8306 = ORIENTED_EDGE ( 'NONE', *, *, #2806, .T. ) ;
#8307 = CIRCLE ( 'NONE', #4302, 1.600000000000004086 ) ;
#8308 = CARTESIAN_POINT ( 'NONE',  ( -60.00000000000000000, 3.000000000000000000, 42.50000000000000000 ) ) ;
#8309 = EDGE_LOOP ( 'NONE', ( #6161, #7991, #8167, #6717 ) ) ;
#8310 = CC_DESIGN_PERSON_AND_ORGANIZATION_ASSIGNMENT ( #6374, #6415, ( #7318 ) ) ;
#8311 = CC_DESIGN_SECURITY_CLASSIFICATION ( #754, ( #4307 ) ) ;
#8312 = CIRCLE ( 'NONE', #6574, 1.250000000000004663 ) ;
#8313 = DIRECTION ( 'NONE',  ( -1.000000000000000000, 0.000000000000000000, 0.000000000000000000 ) ) ;
#8314 = APPROVAL_DATE_TIME ( #4818, #8707 ) ;
#8315 = VECTOR ( 'NONE', #6429, 1000.000000000000000 ) ;
#8316 = LOCAL_TIME ( 21, 54, 55.00000000000000000, #2423 ) ;
#8317 = ORIENTED_EDGE ( 'NONE', *, *, #2923, .T. ) ;
#8318 = VECTOR ( 'NONE', #2380, 1000.000000000000000 ) ;
#8319 = CARTESIAN_POINT ( 'NONE',  ( 21.25000000000000000, 0.000000000000000000, 6.500000000000000000 ) ) ;
#8320 = CARTESIAN_POINT ( 'NONE',  ( 28.00000000000000000, 3.000000000000000000, 15.50000000000000000 ) ) ;
#8321 = ORIENTED_EDGE ( 'NONE', *, *, #5658, .F. ) ;
#8322 = ADVANCED_FACE ( 'NONE', ( #2067, #6656, #4784, #2743, #6697 ), #3451, .T. ) ;
#8323 = CARTESIAN_POINT ( 'NONE',  ( 9.500000000000000000, 2.500000000000000000, 22.50000000000000000 ) ) ;
#8324 =( NAMED_UNIT ( * ) PLANE_ANGLE_UNIT ( ) SI_UNIT ( $, .RADIAN. ) );
#8325 = PRODUCT_DEFINITION_FORMATION_WITH_SPECIFIED_SOURCE ( '任何', '', #4963, .NOT_KNOWN. ) ;
#8326 = ADVANCED_FACE ( 'NONE', ( #3414 ), #3287, .F. ) ;
#8327 =( GEOMETRIC_REPRESENTATION_CONTEXT ( 3 ) GLOBAL_UNCERTAINTY_ASSIGNED_CONTEXT ( ( #4297 ) ) GLOBAL_UNIT_ASSIGNED_CONTEXT ( ( #7517, #4125, #742 ) ) REPRESENTATION_CONTEXT ( 'NONE', 'WORKASPACE' ) );
#8328 = EDGE_CURVE ( 'NONE', #1049, #2389, #4876, .T. ) ;
#8329 = PLANE ( 'NONE',  #7166 ) ;
#8330 = COORDINATED_UNIVERSAL_TIME_OFFSET ( 8, 0, .AHEAD. ) ;
#8331 = PRODUCT ( 'FN-PCB-004_carrier_ROTATED-CCW_4HOLE_R0.5', 'FN-PCB-004_carrier_ROTATED-CCW_4HOLE_R0.5', '', ( #6801 ) ) ;
#8332 = FACE_BOUND ( 'NONE', #5562, .T. ) ;
#8333 = CC_DESIGN_APPROVAL ( #4462, ( #3901 ) ) ;
#8334 = DIRECTION ( 'NONE',  ( 0.000000000000000000, 0.000000000000000000, -1.000000000000000000 ) ) ;
#8335 = UNCERTAINTY_MEASURE_WITH_UNIT (LENGTH_MEASURE( 1.000000000000000082E-05 ), #1366, 'distance_accuracy_value', 'NONE');
#8336 = EDGE_CURVE ( 'NONE', #2518, #2266, #8834, .T. ) ;
#8337 = ORIENTED_EDGE ( 'NONE', *, *, #7777, .F. ) ;
#8338 = EDGE_CURVE ( 'NONE', #6549, #4596, #1305, .T. ) ;
#8339 = AXIS2_PLACEMENT_3D ( 'NONE', #5372, #1080, #8646 ) ;
#8340 = MANIFOLD_SOLID_BREP ( '切除-拉伸1', #4124 ) ;
#8341 = PLANE ( 'NONE',  #6054 ) ;
#8342 = LINE ( 'NONE', #1342, #3077 ) ;
#8343 = PLANE ( 'NONE',  #1740 ) ;
#8344 = VERTEX_POINT ( 'NONE', #4651 ) ;
#8345 = DATE_AND_TIME ( #97, #5321 ) ;
#8346 = VERTEX_POINT ( 'NONE', #1265 ) ;
#8347 = CARTESIAN_POINT ( 'NONE',  ( 60.14999999999999858, 5.000000000000000000, -80.00000000000000000 ) ) ;
#8348 = CARTESIAN_POINT ( 'NONE',  ( 0.7500000000000006661, 2.500000000000000000, 12.75000000000000000 ) ) ;
#8349 = EDGE_LOOP ( 'NONE', ( #1208, #8476, #2998, #4312 ) ) ;
#8350 = LINE ( 'NONE', #751, #4232 ) ;
#8351 = DIRECTION ( 'NONE',  ( -0.000000000000000000, -1.000000000000000000, -0.000000000000000000 ) ) ;
#8352 = ORIENTED_EDGE ( 'NONE', *, *, #6235, .T. ) ;
#8353 = APPLICATION_CONTEXT ( 'configuration controlled 3d designs of mechanical parts and assemblies' ) ;
#8354 = CARTESIAN_POINT ( 'NONE',  ( -60.14999999999999858, 5.000000000000000000, 78.25000000000000000 ) ) ;
#8355 = APPROVAL ( #1906, 'UNKNOWN' ) ;
#8356 = COORDINATED_UNIVERSAL_TIME_OFFSET ( 8, 0, .AHEAD. ) ;
#8357 = ADVANCED_FACE ( 'NONE', ( #2662 ), #7464, .F. ) ;
#8358 = ORGANIZATION ( 'NAUO-ORG20', 'UNSPECIFIED', 'UNSPECIFIED' ) ;
#8359 = VECTOR ( 'NONE', #618, 1000.000000000000000 ) ;
#8360 = COORDINATED_UNIVERSAL_TIME_OFFSET ( 8, 0, .AHEAD. ) ;
#8361 = MANIFOLD_SOLID_BREP ( '凸台-拉伸3', #8273 ) ;
#8362 = EDGE_LOOP ( 'NONE', ( #334, #2101, #1210, #7901 ) ) ;
#8363 = ITEM_DEFINED_TRANSFORMATION ( 'NONE', 'NONE', #8482,  #7312 ) ;
#8364 = EDGE_LOOP ( 'NONE', ( #7982, #7669, #4553, #3491 ) ) ;
#8365 = ORIENTED_EDGE ( 'NONE', *, *, #6999, .F. ) ;
#8366 = LINE ( 'NONE', #5520, #3930 ) ;
#8367 = ORIENTED_EDGE ( 'NONE', *, *, #6891, .F. ) ;
#8368 = AXIS2_PLACEMENT_3D ( 'NONE', #1021, #3089, #7847 ) ;
#8369 = CC_DESIGN_APPROVAL ( #1137, ( #5772 ) ) ;
#8370 = DIRECTION ( 'NONE',  ( -0.000000000000000000, -0.000000000000000000, 1.000000000000000000 ) ) ;
#8371 = EDGE_CURVE ( 'NONE', #6277, #1825, #5158, .T. ) ;
#8372 = APPROVAL_STATUS ( 'not_yet_approved' ) ;
#8373 = VERTEX_POINT ( 'NONE', #6120 ) ;
#8374 = LINE ( 'NONE', #4283, #1476 ) ;
#8375 = MANIFOLD_SOLID_BREP ( '凸台-拉伸1', #1856 ) ;
#8376 = DIRECTION ( 'NONE',  ( 0.000000000000000000, 0.000000000000000000, 1.000000000000000000 ) ) ;
#8377 = ORIENTED_EDGE ( 'NONE', *, *, #2303, .T. ) ;
#8378 = ORIENTED_EDGE ( 'NONE', *, *, #4091, .T. ) ;
#8379 = CARTESIAN_POINT ( 'NONE',  ( 9.000000000000000000, 2.500000000000000000, -52.00000000000000000 ) ) ;
#8380 = DIRECTION ( 'NONE',  ( -0.000000000000000000, -1.000000000000000000, -0.000000000000000000 ) ) ;
#8381 = VECTOR ( 'NONE', #4854, 1000.000000000000000 ) ;
#8382 = CARTESIAN_POINT ( 'NONE',  ( -16.25000000000000000, 2.500000000000000000, -76.00000000000000000 ) ) ;
#8383 = APPROVAL_STATUS ( 'not_yet_approved' ) ;
#8384 = PRODUCT_DEFINITION ( '未知', '', #8014, #8606 ) ;
#8385 = ITEM_DEFINED_TRANSFORMATION ( 'NONE', 'NONE', #2332,  #7312 ) ;
#8386 = EDGE_CURVE ( 'NONE', #4979, #1821, #1636, .T. ) ;
#8387 = LINE ( 'NONE', #956, #3189 ) ;
#8388 = CARTESIAN_POINT ( 'NONE',  ( -8.750000000000000000, 2.500000000000000000, 12.75000000000000000 ) ) ;
#8389 = VECTOR ( 'NONE', #6134, 1000.000000000000000 ) ;
#8390 = ORIENTED_EDGE ( 'NONE', *, *, #619, .F. ) ;
#8391 = MANIFOLD_SOLID_BREP ( '切除-拉伸1', #4691 ) ;
#8392 = DIRECTION ( 'NONE',  ( 0.000000000000000000, 1.000000000000000000, 0.000000000000000000 ) ) ;
#8393 = DIRECTION ( 'NONE',  ( -0.000000000000000000, -0.000000000000000000, 1.000000000000000000 ) ) ;
#8394 =( NAMED_UNIT ( * ) PLANE_ANGLE_UNIT ( ) SI_UNIT ( $, .RADIAN. ) );
#8395 = EDGE_CURVE ( 'NONE', #1942, #5634, #8466, .T. ) ;
#8396 = APPROVAL_STATUS ( 'not_yet_approved' ) ;
#8397 = ORIENTED_EDGE ( 'NONE', *, *, #6338, .F. ) ;
#8398 = DIRECTION ( 'NONE',  ( 0.000000000000000000, 0.000000000000000000, -1.000000000000000000 ) ) ;
#8399 = CARTESIAN_POINT ( 'NONE',  ( 35.75000000000000000, 2.500000000000000000, 66.00000000000000000 ) ) ;
#8400 = EDGE_LOOP ( 'NONE', ( #2812, #557, #1460, #7827 ) ) ;
#8401 = CARTESIAN_POINT ( 'NONE',  ( -60.00000000000000000, 3.000000000000000000, 42.50000000000000000 ) ) ;
#8402 = PERSON_AND_ORGANIZATION ( #5260, #6155 ) ;
#8403 = PERSON_AND_ORGANIZATION ( #5260, #6155 ) ;
#8404 = ORIENTED_EDGE ( 'NONE', *, *, #7802, .F. ) ;
#8405 = PERSON_AND_ORGANIZATION_ROLE ( 'classification_officer' ) ;
#8406 = ORIENTED_EDGE ( 'NONE', *, *, #837, .F. ) ;
#8407 = CARTESIAN_POINT ( 'NONE',  ( 39.00000000000000000, 36.00000000000000000, -17.69999999999999929 ) ) ;
#8408 = ORIENTED_EDGE ( 'NONE', *, *, #3335, .F. ) ;
#8409 = PRODUCT ( 'FN-SEN-001_tilt-transmitter-envelope_R0.1', 'FN-SEN-001_tilt-transmitter-envelope_R0.1', '', ( #8178 ) ) ;
#8410 = CARTESIAN_POINT ( 'NONE',  ( 57.50000000000000000, 1.600000000000000089, -85.00000000000000000 ) ) ;
#8411 = EDGE_CURVE ( 'NONE', #1561, #2088, #7642, .T. ) ;
#8412 = DATE_AND_TIME ( #5659, #3472 ) ;
#8413 = EDGE_LOOP ( 'NONE', ( #4801, #8125, #2127, #7761, #4510, #5462, #7024, #8377 ) ) ;
#8414 = VECTOR ( 'NONE', #1844, 1000.000000000000000 ) ;
#8415 = DIRECTION ( 'NONE',  ( 1.000000000000000000, 0.000000000000000000, 0.000000000000000000 ) ) ;
#8416 = APPROVAL ( #3229, '未指定' ) ;
#8417 = CARTESIAN_POINT ( 'NONE',  ( -136.0000000000000000, 5.000000000000000000, 96.50000000000000000 ) ) ;
#8418 = EDGE_LOOP ( 'NONE', ( #8199, #407, #1817, #3917 ) ) ;
#8419 = CARTESIAN_POINT ( 'NONE',  ( 60.14999999999999858, 7.000000000000000000, -80.00000000000000000 ) ) ;
#8420 = DIRECTION ( 'NONE',  ( 1.000000000000000000, 0.000000000000000000, 0.000000000000000000 ) ) ;
#8421 = CARTESIAN_POINT ( 'NONE',  ( -8.500000000000000000, 0.000000000000000000, 13.00000000000000000 ) ) ;
#8422 = APPROVAL_ROLE ( '' ) ;
#8423 = DATE_AND_TIME ( #6210, #4199 ) ;
#8424 = DIRECTION ( 'NONE',  ( -0.000000000000000000, -1.000000000000000000, -0.000000000000000000 ) ) ;
#8425 = LINE ( 'NONE', #1536, #5944 ) ;
#8426 = ORIENTED_EDGE ( 'NONE', *, *, #2218, .F. ) ;
#8427 = CC_DESIGN_PERSON_AND_ORGANIZATION_ASSIGNMENT ( #5843, #5262, ( #5446 ) ) ;
#8428 = DIRECTION ( 'NONE',  ( 0.000000000000000000, 0.000000000000000000, -1.000000000000000000 ) ) ;
#8429 = DIRECTION ( 'NONE',  ( -0.000000000000000000, -0.000000000000000000, 1.000000000000000000 ) ) ;
#8430 =( NAMED_UNIT ( * ) SI_UNIT ( $, .STERADIAN. ) SOLID_ANGLE_UNIT ( ) );
#8431 = APPROVAL_DATE_TIME ( #229, #1299 ) ;
#8432 = CARTESIAN_POINT ( 'NONE',  ( -39.00000000000000000, 0.000000000000000000, 21.30000000000000071 ) ) ;
#8433 = DIRECTION ( 'NONE',  ( 0.000000000000000000, 0.000000000000000000, -1.000000000000000000 ) ) ;
#8434 = EDGE_CURVE ( 'NONE', #1369, #663, #7064, .T. ) ;
#8435 = CARTESIAN_POINT ( 'NONE',  ( 39.00000000000000000, 0.000000000000000000, -17.69999999999999929 ) ) ;
#8436 = EDGE_LOOP ( 'NONE', ( #5053, #4109, #7626, #6522 ) ) ;
#8437 = PRODUCT_RELATED_PRODUCT_CATEGORY ( 'detail', '', ( #8409 ) ) ;
#8438 = DIRECTION ( 'NONE',  ( 0.000000000000000000, -0.000000000000000000, -1.000000000000000000 ) ) ;
#8439 = COORDINATED_UNIVERSAL_TIME_OFFSET ( 8, 0, .AHEAD. ) ;
#8440 = EDGE_CURVE ( 'NONE', #7710, #1561, #1532, .T. ) ;
#8441 = ORIENTED_EDGE ( 'NONE', *, *, #7926, .T. ) ;
#8442 = CALENDAR_DATE ( 2026, 26, 7 ) ;
#8443 = ORIENTED_EDGE ( 'NONE', *, *, #1344, .F. ) ;
#8444 = DATE_AND_TIME ( #7132, #2653 ) ;
#8445 = ORIENTED_EDGE ( 'NONE', *, *, #848, .F. ) ;
#8446 = DIRECTION ( 'NONE',  ( -0.000000000000000000, -1.000000000000000000, -0.000000000000000000 ) ) ;
#8447 = EDGE_LOOP ( 'NONE', ( #1067, #6275, #4187, #5473 ) ) ;
#8448 = EDGE_CURVE ( 'NONE', #7037, #5706, #1619, .T. ) ;
#8449 = EDGE_CURVE ( 'NONE', #4628, #2497, #6156, .T. ) ;
#8450 = LINE ( 'NONE', #8410, #6539 ) ;
#8451 = AXIS2_PLACEMENT_3D ( 'NONE', #8626, #2442, #3819 ) ;
#8452 = CARTESIAN_POINT ( 'NONE',  ( -60.00000000000000000, 0.000000000000000000, 42.50000000000000000 ) ) ;
#8453 = DIRECTION ( 'NONE',  ( 0.000000000000000000, 0.000000000000000000, 1.000000000000000000 ) ) ;
#8454 = DATE_AND_TIME ( #7767, #1900 ) ;
#8455 = VERTEX_POINT ( 'NONE', #4208 ) ;
#8456 = ORIENTED_EDGE ( 'NONE', *, *, #5576, .F. ) ;
#8457 = CARTESIAN_POINT ( 'NONE',  ( -4.500000000000000000, 2.500000000000000000, 13.00000000000000000 ) ) ;
#8458 = AXIS2_PLACEMENT_3D ( 'NONE', #2828, #6790, #8186 ) ;
#8459 = VECTOR ( 'NONE', #4927, 1000.000000000000000 ) ;
#8460 = LINE ( 'NONE', #1484, #2738 ) ;
#8461 = ORIENTED_EDGE ( 'NONE', *, *, #6621, .F. ) ;
#8462 = DIRECTION ( 'NONE',  ( 0.000000000000000000, 0.000000000000000000, -1.000000000000000000 ) ) ;
#8463 = DIRECTION ( 'NONE',  ( 0.000000000000000000, -1.000000000000000000, 0.000000000000000000 ) ) ;
#8464 = ADVANCED_FACE ( 'NONE', ( #7688 ), #821, .F. ) ;
#8465 = PRODUCT_DEFINITION_FORMATION_WITH_SPECIFIED_SOURCE ( '任何', '', #684, .NOT_KNOWN. ) ;
#8466 = LINE ( 'NONE', #8421, #5865 ) ;
#8468 = AXIS2_PLACEMENT_3D ( 'NONE', #779, #174, #4961 ) ;
#8467 = COORDINATED_UNIVERSAL_TIME_OFFSET ( 8, 0, .AHEAD. ) ;
#8469 = CC_DESIGN_PERSON_AND_ORGANIZATION_ASSIGNMENT ( #7921, #1101, ( #3484 ) ) ;
#8470 = EDGE_CURVE ( 'NONE', #5297, #2394, #4997, .T. ) ;
#8471 = CONTEXT_DEPENDENT_SHAPE_REPRESENTATION ( #4631, #6093 ) ;
#8472 = DIRECTION ( 'NONE',  ( -0.000000000000000000, -0.000000000000000000, 1.000000000000000000 ) ) ;
#8473 = CARTESIAN_POINT ( 'NONE',  ( -57.50000000000000000, 0.000000000000000000, -85.00000000000000000 ) ) ;
#8474 = CC_DESIGN_APPROVAL ( #8707, ( #1161 ) ) ;
#8475 =( GEOMETRIC_REPRESENTATION_CONTEXT ( 3 ) GLOBAL_UNCERTAINTY_ASSIGNED_CONTEXT ( ( #4212 ) ) GLOBAL_UNIT_ASSIGNED_CONTEXT ( ( #5615, #3524, #6153 ) ) REPRESENTATION_CONTEXT ( 'NONE', 'WORKASPACE' ) );
#8476 = ORIENTED_EDGE ( 'NONE', *, *, #3570, .F. ) ;
#8477 = LINE ( 'NONE', #4565, #5976 ) ;
#8478 = FACE_OUTER_BOUND ( 'NONE', #1035, .T. ) ;
#8479 = CC_DESIGN_APPROVAL ( #2291, ( #8325 ) ) ;
#8480 = CALENDAR_DATE ( 2026, 26, 7 ) ;
#8481 = ADVANCED_FACE ( 'NONE', ( #6295 ), #3534, .F. ) ;
#8482 = AXIS2_PLACEMENT_3D ( 'NONE', #8211, #7396, #6771 ) ;
#8483 = VERTEX_POINT ( 'NONE', #7016 ) ;
#8484 = CARTESIAN_POINT ( 'NONE',  ( 57.50000000000000000, 1.600000000000000089, 85.00000000000000000 ) ) ;
#8485 = LOCAL_TIME ( 21, 54, 55.00000000000000000, #1515 ) ;
#8486 = DIRECTION ( 'NONE',  ( -1.000000000000000000, 0.000000000000000000, -0.000000000000000000 ) ) ;
#8487 = EDGE_LOOP ( 'NONE', ( #644, #2056, #3387, #2760 ) ) ;
#8488 = DIRECTION ( 'NONE',  ( -0.000000000000000000, -1.000000000000000000, -0.000000000000000000 ) ) ;
#8489 = PERSON_AND_ORGANIZATION ( #5260, #6155 ) ;
#8490 = EDGE_LOOP ( 'NONE', ( #6467, #8554, #4282, #214 ) ) ;
#8491 = PERSON_AND_ORGANIZATION_ROLE ( 'classification_officer' ) ;
#8492 = ORIENTED_EDGE ( 'NONE', *, *, #5295, .F. ) ;
#8493 = DATE_TIME_ROLE ( 'classification_date' ) ;
#8494 = EDGE_LOOP ( 'NONE', ( #8681, #1079, #2129, #2156 ) ) ;
#8495 = EDGE_CURVE ( 'NONE', #1627, #8344, #4288, .T. ) ;
#8496 = LOCAL_TIME ( 21, 54, 55.00000000000000000, #6926 ) ;
#8497 = CIRCLE ( 'NONE', #4337, 1.250000000000004663 ) ;
#8498 = EDGE_CURVE ( 'NONE', #2453, #2727, #2147, .T. ) ;
#8499 = CARTESIAN_POINT ( 'NONE',  ( -1.750000000000000000, 2.500000000000000000, 6.500000000000000000 ) ) ;
#8500 = EDGE_LOOP ( 'NONE', ( #3826, #8173, #7841, #1318 ) ) ;
#8501 = EDGE_CURVE ( 'NONE', #2712, #8716, #6251, .T. ) ;
#8502 = FACE_OUTER_BOUND ( 'NONE', #1602, .T. ) ;
#8503 = LOCAL_TIME ( 21, 54, 55.00000000000000000, #1000 ) ;
#8504 = DIRECTION ( 'NONE',  ( 0.000000000000000000, -1.000000000000000000, 0.000000000000000000 ) ) ;
#8505 = APPROVAL_STATUS ( 'not_yet_approved' ) ;
#8506 = EDGE_CURVE ( 'NONE', #3605, #3994, #3627, .T. ) ;
#8507 = ORIENTED_EDGE ( 'NONE', *, *, #3434, .F. ) ;
#8508 = VERTEX_POINT ( 'NONE', #7550 ) ;
#8509 = FACE_BOUND ( 'NONE', #1526, .T. ) ;
#8510 = LOCAL_TIME ( 21, 54, 55.00000000000000000, #5281 ) ;
#8511 = DIRECTION ( 'NONE',  ( -0.000000000000000000, -1.000000000000000000, -0.000000000000000000 ) ) ;
#8512 = VECTOR ( 'NONE', #8145, 1000.000000000000000 ) ;
#8513 = ORIENTED_EDGE ( 'NONE', *, *, #7928, .T. ) ;
#8514 = DIRECTION ( 'NONE',  ( -0.000000000000000000, -0.000000000000000000, 1.000000000000000000 ) ) ;
#8515 = FACE_OUTER_BOUND ( 'NONE', #7722, .T. ) ;
#8516 = LINE ( 'NONE', #5932, #6297 ) ;
#8517 = APPROVAL_DATE_TIME ( #6343, #8718 ) ;
#8518 = ITEM_DEFINED_TRANSFORMATION ( 'NONE', 'NONE', #7319,  #7312 ) ;
#8519 = DIRECTION ( 'NONE',  ( 0.000000000000000000, -1.000000000000000000, 0.000000000000000000 ) ) ;
#8520 = CARTESIAN_POINT ( 'NONE',  ( -60.14999999999999858, 0.000000000000000000, 28.84999999999999787 ) ) ;
#8521 = CARTESIAN_POINT ( 'NONE',  ( 45.00000000000000000, 36.00000000000000000, 29.00000000000000000 ) ) ;
#8522 = ORIENTED_EDGE ( 'NONE', *, *, #1363, .F. ) ;
#8523 = CC_DESIGN_DATE_AND_TIME_ASSIGNMENT ( #1890, #1401, ( #3905 ) ) ;
#8524 = VECTOR ( 'NONE', #4535, 1000.000000000000000 ) ;
#8525 = FACE_OUTER_BOUND ( 'NONE', #379, .T. ) ;
#8526 = LINE ( 'NONE', #7962, #4588 ) ;
#8527 = EDGE_CURVE ( 'NONE', #534, #5171, #218, .T. ) ;
#8528 = APPROVAL_STATUS ( 'not_yet_approved' ) ;
#8529 = CIRCLE ( 'NONE', #1103, 1.799999999999999600 ) ;
#8530 = ORIENTED_EDGE ( 'NONE', *, *, #8146, .T. ) ;
#8531 = DIRECTION ( 'NONE',  ( 0.000000000000000000, 0.000000000000000000, -1.000000000000000000 ) ) ;
#8532 = CC_DESIGN_PERSON_AND_ORGANIZATION_ASSIGNMENT ( #6638, #5880, ( #8325 ) ) ;
#8533 = DIRECTION ( 'NONE',  ( 0.000000000000000000, 1.000000000000000000, 0.000000000000000000 ) ) ;
#8534 = AXIS2_PLACEMENT_3D ( 'NONE', #2036, #4089, #1414 ) ;
#8535 = SHAPE_REPRESENTATION ( 'FN-HAR-010_W2-battery-charge_R0.5', ( #7312 ), #6172 ) ;
#8536 = FACE_OUTER_BOUND ( 'NONE', #6416, .T. ) ;
#8537 = COORDINATED_UNIVERSAL_TIME_OFFSET ( 8, 0, .AHEAD. ) ;
#8538 = CIRCLE ( 'NONE', #5085, 1.750000000000001554 ) ;
#8539 = COORDINATED_UNIVERSAL_TIME_OFFSET ( 8, 0, .AHEAD. ) ;
#8540 = VERTEX_POINT ( 'NONE', #3667 ) ;
#8541 = APPROVAL_ROLE ( '' ) ;
#8542 = EDGE_LOOP ( 'NONE', ( #4665, #3998, #5612, #2669 ) ) ;
#8543 = VECTOR ( 'NONE', #7213, 1000.000000000000000 ) ;
#8544 = CARTESIAN_POINT ( 'NONE',  ( -45.00000000000000000, 36.00000000000000000, 29.00000000000000000 ) ) ;
#8545 = EDGE_LOOP ( 'NONE', ( #5951, #3382, #6910, #7918 ) ) ;
#8546 = VECTOR ( 'NONE', #1428, 1000.000000000000000 ) ;
#8547 = CARTESIAN_POINT ( 'NONE',  ( -8.500000000000000000, 0.000000000000000000, 2.000000000000000000 ) ) ;
#8548 = VECTOR ( 'NONE', #64, 1000.000000000000000 ) ;
#8549 = APPROVAL ( #5801, '未指定' ) ;
#8550 = DIRECTION ( 'NONE',  ( 0.000000000000000000, -1.000000000000000000, 0.000000000000000000 ) ) ;
#8551 = PERSON_AND_ORGANIZATION ( #5260, #6155 ) ;
#8552 = ORIENTED_EDGE ( 'NONE', *, *, #4255, .T. ) ;
#8553 = ADVANCED_FACE ( 'NONE', ( #3497 ), #8329, .F. ) ;
#8554 = ORIENTED_EDGE ( 'NONE', *, *, #5906, .T. ) ;
#8555 = VECTOR ( 'NONE', #1135, 1000.000000000000000 ) ;
#8556 = CARTESIAN_POINT ( 'NONE',  ( 0.000000000000000000, 2.500000000000000000, -7.750000000000000000 ) ) ;
#8557 = FACE_OUTER_BOUND ( 'NONE', #4372, .T. ) ;
#8558 = ORIENTED_EDGE ( 'NONE', *, *, #1598, .F. ) ;
#8559 = CARTESIAN_POINT ( 'NONE',  ( 39.00000000000000000, 0.000000000000000000, 20.75000000000000355 ) ) ;
#8560 = ADVANCED_FACE ( 'NONE', ( #90 ), #2832, .F. ) ;
#8561 = PLANE ( 'NONE',  #7018 ) ;
#8562 = SHAPE_DEFINITION_REPRESENTATION ( #176, #4820 ) ;
#8563 = EDGE_CURVE ( 'NONE', #1469, #3962, #7596, .T. ) ;
#8564 = CARTESIAN_POINT ( 'NONE',  ( -54.00000000000000000, 3.600000000000000089, 81.50000000000000000 ) ) ;
#8565 = CARTESIAN_POINT ( 'NONE',  ( 158.9499999999999886, 91.09999999999999432, -119.4500000000000028 ) ) ;
#8566 = DIRECTION ( 'NONE',  ( 0.000000000000000000, -1.000000000000000000, 0.000000000000000000 ) ) ;
#8567 = ORIENTED_EDGE ( 'NONE', *, *, #6115, .F. ) ;
#8568 = VECTOR ( 'NONE', #3284, 1000.000000000000000 ) ;
#8569 = DIRECTION ( 'NONE',  ( 1.000000000000000000, 0.000000000000000000, 0.000000000000000000 ) ) ;
#8570 = AXIS2_PLACEMENT_3D ( 'NONE', #1694, #3614, #7762 ) ;
#8571 = CARTESIAN_POINT ( 'NONE',  ( 136.0000000000000000, 5.000000000000000000, 96.50000000000000000 ) ) ;
#8572 = PERSON_AND_ORGANIZATION ( #5260, #6155 ) ;
#8573 = DIRECTION ( 'NONE',  ( 0.000000000000000000, -1.000000000000000000, 0.000000000000000000 ) ) ;
#8574 = CARTESIAN_POINT ( 'NONE',  ( 0.000000000000000000, 0.000000000000000000, 0.000000000000000000 ) ) ;
#8575 = EDGE_CURVE ( 'NONE', #2447, #5113, #5842, .T. ) ;
#8576 = AXIS2_PLACEMENT_3D ( 'NONE', #4650, #7373, #6074 ) ;
#8577 = PLANE ( 'NONE',  #5640 ) ;
#8578 = DIRECTION ( 'NONE',  ( -1.000000000000000000, 0.000000000000000000, 0.000000000000000000 ) ) ;
#8579 = APPROVAL_ROLE ( '' ) ;
#8580 = VERTEX_POINT ( 'NONE', #3146 ) ;
#8581 = DATE_AND_TIME ( #5820, #8038 ) ;
#8582 = CC_DESIGN_DATE_AND_TIME_ASSIGNMENT ( #4538, #376, ( #2457 ) ) ;
#8583 = ORIENTED_EDGE ( 'NONE', *, *, #8265, .T. ) ;
#8584 = EDGE_LOOP ( 'NONE', ( #4896, #839, #1703, #5127 ) ) ;
#8585 = FACE_OUTER_BOUND ( 'NONE', #1235, .T. ) ;
#8586 = ORIENTED_EDGE ( 'NONE', *, *, #1549, .T. ) ;
#8587 = CARTESIAN_POINT ( 'NONE',  ( 57.50000000000000000, 35.00000000000000000, 85.00000000000000000 ) ) ;
#8588 = CARTESIAN_POINT ( 'NONE',  ( -9.500000000000000000, 2.500000000000000000, -22.50000000000000000 ) ) ;
#8589 = DATE_AND_TIME ( #525, #2764 ) ;
#8590 = APPLICATION_CONTEXT ( 'configuration controlled 3d designs of mechanical parts and assemblies' ) ;
#8591 = CARTESIAN_POINT ( 'NONE',  ( -136.0000000000000000, 5.000000000000000000, 96.50000000000000000 ) ) ;
#8592 = VECTOR ( 'NONE', #1577, 1000.000000000000000 ) ;
#8593 = FACE_OUTER_BOUND ( 'NONE', #3257, .T. ) ;
#8594 = ORIENTED_EDGE ( 'NONE', *, *, #560, .F. ) ;
#8595 = AXIS2_PLACEMENT_3D ( 'NONE', #3964, #8641, #6004 ) ;
#8596 = ADVANCED_BREP_SHAPE_REPRESENTATION ( '', ( #2425, #7312 ), #608 ) ;
#8597 = LINE ( 'NONE', #5177, #8087 ) ;
#8598 = CARTESIAN_POINT ( 'NONE',  ( 9.000000000000000000, 2.500000000000000000, -56.00000000000000000 ) ) ;
#8599 = DATE_TIME_ROLE ( 'classification_date' ) ;
#8600 = DATE_TIME_ROLE ( 'classification_date' ) ;
#8601 = VECTOR ( 'NONE', #5502, 1000.000000000000000 ) ;
#8602 = DIRECTION ( 'NONE',  ( -0.000000000000000000, 1.000000000000000000, -0.000000000000000000 ) ) ;
#8603 = EDGE_CURVE ( 'NONE', #4627, #36, #5800, .T. ) ;
#8604 = VECTOR ( 'NONE', #8812, 1000.000000000000000 ) ;
#8605 = CARTESIAN_POINT ( 'NONE',  ( -1.000000000000000000, 2.500000000000000000, 12.25000000000000000 ) ) ;
#8606 = DESIGN_CONTEXT ( 'detailed design', #58, 'design' ) ;
#8607 = EDGE_CURVE ( 'NONE', #2115, #2931, #1839, .T. ) ;
#8608 = ADVANCED_FACE ( 'NONE', ( #5757 ), #5129, .F. ) ;
#8609 = CARTESIAN_POINT ( 'NONE',  ( 8.750000000000000000, 2.500000000000000000, -8.250000000000000000 ) ) ;
#8610 = ORIENTED_EDGE ( 'NONE', *, *, #193, .F. ) ;
#8611 = ADVANCED_FACE ( 'NONE', ( #6557 ), #8561, .T. ) ;
#8612 = CC_DESIGN_APPROVAL ( #1923, ( #7300 ) ) ;
#8613 = VECTOR ( 'NONE', #4157, 1000.000000000000000 ) ;
#8614 = PLANE ( 'NONE',  #5832 ) ;
#8615 = LINE ( 'NONE', #6484, #5150 ) ;
#8616 = COORDINATED_UNIVERSAL_TIME_OFFSET ( 8, 0, .AHEAD. ) ;
#8617 = CIRCLE ( 'NONE', #4690, 8.250000000000014211 ) ;
#8618 = DIRECTION ( 'NONE',  ( 0.000000000000000000, 0.000000000000000000, -1.000000000000000000 ) ) ;
#8619 = EDGE_CURVE ( 'NONE', #7456, #257, #598, .T. ) ;
#8620 = LOCAL_TIME ( 21, 54, 55.00000000000000000, #8467 ) ;
#8621 = CARTESIAN_POINT ( 'NONE',  ( -28.50000000000000000, 2.500000000000000000, 47.00000000000000000 ) ) ;
#8622 = ADVANCED_FACE ( 'NONE', ( #6515 ), #7107, .F. ) ;
#8623 = CARTESIAN_POINT ( 'NONE',  ( -158.9499999999999886, 3.000000000000000000, 119.4500000000000028 ) ) ;
#8624 = SECURITY_CLASSIFICATION ( '', '', #7397 ) ;
#8625 = APPROVAL_PERSON_ORGANIZATION ( #6036, #8136, #1533 ) ;
#8626 = CARTESIAN_POINT ( 'NONE',  ( -24.25000000000000000, 2.500000000000000000, -72.00000000000000000 ) ) ;
#8627 = DATE_TIME_ROLE ( 'creation_date' ) ;
#8628 = ORIENTED_EDGE ( 'NONE', *, *, #2539, .F. ) ;
#8629 = PERSON_AND_ORGANIZATION ( #5260, #6155 ) ;
#8630 = ORIENTED_EDGE ( 'NONE', *, *, #7174, .T. ) ;
#8631 = DATE_TIME_ROLE ( 'classification_date' ) ;
#8632 = ORIENTED_EDGE ( 'NONE', *, *, #7825, .F. ) ;
#8633 = AXIS2_PLACEMENT_3D ( 'NONE', #2277, #6333, #7056 ) ;
#8634 = ORIENTED_EDGE ( 'NONE', *, *, #5292, .F. ) ;
#8635 = CC_DESIGN_APPROVAL ( #5605, ( #7571 ) ) ;
#8636 = FACE_OUTER_BOUND ( 'NONE', #8806, .T. ) ;
#8637 = ORIENTED_EDGE ( 'NONE', *, *, #6621, .T. ) ;
#8638 = CC_DESIGN_PERSON_AND_ORGANIZATION_ASSIGNMENT ( #7443, #2175, ( #4054 ) ) ;
#8639 = PRODUCT_DEFINITION_SHAPE ( 'NONE', 'NONE',  #8884 ) ;
#8640 = PLANE ( 'NONE',  #7117 ) ;
#8641 = DIRECTION ( 'NONE',  ( 0.000000000000000000, 1.000000000000000000, 0.000000000000000000 ) ) ;
#8642 = ORIENTED_EDGE ( 'NONE', *, *, #6728, .T. ) ;
#8643 = PERSON_AND_ORGANIZATION ( #5260, #6155 ) ;
#8644 = EDGE_LOOP ( 'NONE', ( #3342, #716, #7534, #1949 ) ) ;
#8645 = ORIENTED_EDGE ( 'NONE', *, *, #5521, .F. ) ;
#8646 = DIRECTION ( 'NONE',  ( 0.000000000000000000, 0.000000000000000000, -1.000000000000000000 ) ) ;
#8647 = CARTESIAN_POINT ( 'NONE',  ( -3.750000000000000000, 2.500000000000000000, -12.75000000000000000 ) ) ;
#8648 = ORIENTED_EDGE ( 'NONE', *, *, #2753, .T. ) ;
#8649 = CC_DESIGN_APPROVAL ( #6634, ( #3775 ) ) ;
#8650 = CIRCLE ( 'NONE', #1925, 1.750000000000001554 ) ;
#8651 = LINE ( 'NONE', #3315, #6664 ) ;
#8652 = ADVANCED_FACE ( 'NONE', ( #7819 ), #4468, .F. ) ;
#8653 = CARTESIAN_POINT ( 'NONE',  ( 54.00000000000000000, 0.000000000000000000, -79.90000000000000568 ) ) ;
#8654 = CALENDAR_DATE ( 2026, 26, 7 ) ;
#8655 = LOCAL_TIME ( 21, 54, 55.00000000000000000, #884 ) ;
#8656 = CIRCLE ( 'NONE', #3227, 1.600000000000004086 ) ;
#8657 = DIRECTION ( 'NONE',  ( 0.000000000000000000, 0.000000000000000000, 1.000000000000000000 ) ) ;
#8658 = CARTESIAN_POINT ( 'NONE',  ( 57.50000000000000000, 35.00000000000000000, -85.00000000000000000 ) ) ;
#8659 = LINE ( 'NONE', #2608, #3404 ) ;
#8660 = CC_DESIGN_SECURITY_CLASSIFICATION ( #6058, ( #8882 ) ) ;
#8661 = FACE_OUTER_BOUND ( 'NONE', #4417, .T. ) ;
#8662 = CC_DESIGN_PERSON_AND_ORGANIZATION_ASSIGNMENT ( #6578, #464, ( #754 ) ) ;
#8663 = DIRECTION ( 'NONE',  ( -1.000000000000000000, 0.000000000000000000, 0.000000000000000000 ) ) ;
#8664 = EDGE_CURVE ( 'NONE', #3298, #7088, #7197, .T. ) ;
#8665 = DATE_AND_TIME ( #4484, #4195 ) ;
#8666 = DIRECTION ( 'NONE',  ( 0.000000000000000000, -1.000000000000000000, 0.000000000000000000 ) ) ;
#8667 = AXIS2_PLACEMENT_3D ( 'NONE', #4583, #426, #6458 ) ;
#8668 = PLANE ( 'NONE',  #6816 ) ;
#8669 = AXIS2_PLACEMENT_3D ( 'NONE', #3426, #3507, #6222 ) ;
#8670 = CARTESIAN_POINT ( 'NONE',  ( -20.00000000000000000, 0.000000000000000000, -57.00000000000000000 ) ) ;
#8671 = EDGE_CURVE ( 'NONE', #3262, #5479, #4559, .T. ) ;
#8672 = LINE ( 'NONE', #2494, #4717 ) ;
#8673 = COORDINATED_UNIVERSAL_TIME_OFFSET ( 8, 0, .AHEAD. ) ;
#8674 = EDGE_LOOP ( 'NONE', ( #1165, #5823, #3608, #1662 ) ) ;
#8675 = EDGE_CURVE ( 'NONE', #7739, #3526, #5180, .T. ) ;
#8676 = SHAPE_DEFINITION_REPRESENTATION ( #7451, #10 ) ;
#8677 = ORIENTED_EDGE ( 'NONE', *, *, #1669, .T. ) ;
#8678 = ORIENTED_EDGE ( 'NONE', *, *, #4544, .F. ) ;
#8679 = ORIENTED_EDGE ( 'NONE', *, *, #8830, .F. ) ;
#8680 = CARTESIAN_POINT ( 'NONE',  ( 54.00000000000000000, 1.599999999999999867, -83.10000000000000853 ) ) ;
#8681 = ORIENTED_EDGE ( 'NONE', *, *, #5444, .F. ) ;
#8682 = CARTESIAN_POINT ( 'NONE',  ( 3.500000000000003109, 2.500000000000000000, 12.25000000000000000 ) ) ;
#8683 = VECTOR ( 'NONE', #3753, 1000.000000000000000 ) ;
#8684 = DIRECTION ( 'NONE',  ( -1.000000000000000000, 0.000000000000000000, 0.000000000000000000 ) ) ;
#8685 = PERSON_AND_ORGANIZATION ( #5260, #6155 ) ;
#8686 = ORIENTED_EDGE ( 'NONE', *, *, #8050, .F. ) ;
#8687 = ORIENTED_EDGE ( 'NONE', *, *, #3728, .F. ) ;
#8688 = CARTESIAN_POINT ( 'NONE',  ( -60.14999999999999858, 7.000000000000000000, -80.00000000000000000 ) ) ;
#8689 = VERTEX_POINT ( 'NONE', #8653 ) ;
#8690 = VECTOR ( 'NONE', #1262, 1000.000000000000000 ) ;
#8691 = DIRECTION ( 'NONE',  ( 1.000000000000000000, 0.000000000000000000, 0.000000000000000000 ) ) ;
#8692 = EDGE_CURVE ( 'NONE', #1164, #2372, #2521, .T. ) ;
#8693 = CALENDAR_DATE ( 2026, 26, 7 ) ;
#8694 = EDGE_LOOP ( 'NONE', ( #927, #3928, #8686, #8642 ) ) ;
#8695 = APPROVAL ( #7348, '未指定' ) ;
#8696 = DIRECTION ( 'NONE',  ( 0.000000000000000000, 0.000000000000000000, -1.000000000000000000 ) ) ;
#8697 = FACE_BOUND ( 'NONE', #5917, .T. ) ;
#8698 = LINE ( 'NONE', #2568, #7124 ) ;
#8699 = VECTOR ( 'NONE', #3010, 1000.000000000000000 ) ;
#8700 = APPLICATION_CONTEXT ( 'configuration controlled 3d designs of mechanical parts and assemblies' ) ;
#8701 = LINE ( 'NONE', #8135, #8252 ) ;
#8702 = DIRECTION ( 'NONE',  ( 0.000000000000000000, 0.000000000000000000, 1.000000000000000000 ) ) ;
#8703 = APPROVAL_ROLE ( '' ) ;
#8704 = DIRECTION ( 'NONE',  ( -0.000000000000000000, 1.000000000000000000, -0.000000000000000000 ) ) ;
#8705 = LINE ( 'NONE', #1852, #536 ) ;
#8706 = UNCERTAINTY_MEASURE_WITH_UNIT (LENGTH_MEASURE( 1.000000000000000082E-05 ), #7743, 'distance_accuracy_value', 'NONE');
#8707 = APPROVAL ( #5486, '未指定' ) ;
#8708 = AXIS2_PLACEMENT_3D ( 'NONE', #8182, #5351, #40 ) ;
#8709 = CYLINDRICAL_SURFACE ( 'NONE', #2230, 8.249999999999992895 ) ;
#8710 = FACE_OUTER_BOUND ( 'NONE', #8400, .T. ) ;
#8711 = MECHANICAL_CONTEXT ( 'NONE', #8353, 'mechanical' ) ;
#8712 = ORIENTED_EDGE ( 'NONE', *, *, #135, .T. ) ;
#8713 = APPLICATION_PROTOCOL_DEFINITION ( 'international standard', 'config_control_design', 1994, #7365 ) ;
#8714 = ORIENTED_EDGE ( 'NONE', *, *, #6882, .T. ) ;
#8715 = SECURITY_CLASSIFICATION_LEVEL ( 'unclassified' ) ;
#8716 = VERTEX_POINT ( 'NONE', #3237 ) ;
#8717 = VERTEX_POINT ( 'NONE', #3758 ) ;
#8718 = APPROVAL ( #3628, '未指定' ) ;
#8719 = EDGE_CURVE ( 'NONE', #5550, #7625, #8516, .T. ) ;
#8720 = CARTESIAN_POINT ( 'NONE',  ( -4.000000000000000000, 0.000000000000000000, -52.00000000000000000 ) ) ;
#8721 = EDGE_LOOP ( 'NONE', ( #2051, #6774 ) ) ;
#8722 = DIRECTION ( 'NONE',  ( 0.000000000000000000, 0.000000000000000000, 1.000000000000000000 ) ) ;
#8723 = ADVANCED_FACE ( 'NONE', ( #7282 ), #997, .F. ) ;
#8724 = DIRECTION ( 'NONE',  ( -0.000000000000000000, -1.000000000000000000, -0.000000000000000000 ) ) ;
#8725 = PERSON_AND_ORGANIZATION_ROLE ( 'creator' ) ;
#8726 = VECTOR ( 'NONE', #4385, 1000.000000000000000 ) ;
#8727 = VERTEX_POINT ( 'NONE', #6473 ) ;
#8728 = ORIENTED_EDGE ( 'NONE', *, *, #2816, .F. ) ;
#8729 = EDGE_CURVE ( 'NONE', #7386, #61, #4377, .T. ) ;
#8730 = DIRECTION ( 'NONE',  ( 0.000000000000000000, -0.000000000000000000, -1.000000000000000000 ) ) ;
#8731 = ORIENTED_EDGE ( 'NONE', *, *, #4115, .F. ) ;
#8732 = LINE ( 'NONE', #3843, #8249 ) ;
#8733 = DIRECTION ( 'NONE',  ( -1.000000000000000000, -0.000000000000000000, -0.000000000000000000 ) ) ;
#8734 = PERSON_AND_ORGANIZATION ( #5260, #6155 ) ;
#8735 = ORIENTED_EDGE ( 'NONE', *, *, #260, .F. ) ;
#8736 = DIRECTION ( 'NONE',  ( 0.000000000000000000, -1.000000000000000000, 0.000000000000000000 ) ) ;
#8737 = CARTESIAN_POINT ( 'NONE',  ( 54.00000000000000000, 1.599999999999999867, 83.10000000000000853 ) ) ;
#8738 = DIRECTION ( 'NONE',  ( -1.000000000000000000, -0.000000000000000000, -0.000000000000000000 ) ) ;
#8739 = CC_DESIGN_PERSON_AND_ORGANIZATION_ASSIGNMENT ( #4209, #4871, ( #3076 ) ) ;
#8740 = DIRECTION ( 'NONE',  ( -0.000000000000000000, -1.000000000000000000, -0.000000000000000000 ) ) ;
#8741 = FACE_OUTER_BOUND ( 'NONE', #2152, .T. ) ;
#8742 = AXIS2_PLACEMENT_3D ( 'NONE', #4052, #3348, #6723 ) ;
#8743 = CONTEXT_DEPENDENT_SHAPE_REPRESENTATION ( #7824, #4885 ) ;
#8744 = DIRECTION ( 'NONE',  ( 0.000000000000000000, 0.000000000000000000, 1.000000000000000000 ) ) ;
#8745 = AXIS2_PLACEMENT_3D ( 'NONE', #6650, #8602, #1174 ) ;
#8746 = DIRECTION ( 'NONE',  ( -0.000000000000000000, 1.000000000000000000, -0.000000000000000000 ) ) ;
#8747 = CC_DESIGN_APPROVAL ( #1539, ( #2603 ) ) ;
#8748 = AXIS2_PLACEMENT_3D ( 'NONE', #5364, #594, #5324 ) ;
#8749 = CARTESIAN_POINT ( 'NONE',  ( -39.00000000000000000, 5.000000000000000000, 18.24999999999999645 ) ) ;
#8750 = EDGE_CURVE ( 'NONE', #857, #8110, #309, .T. ) ;
#8751 = DIRECTION ( 'NONE',  ( 0.000000000000000000, 0.000000000000000000, -1.000000000000000000 ) ) ;
#8752 = VECTOR ( 'NONE', #1259, 1000.000000000000000 ) ;
#8753 = CALENDAR_DATE ( 2026, 26, 7 ) ;
#8754 = EDGE_LOOP ( 'NONE', ( #1795, #7157, #465, #545 ) ) ;
#8755 = CC_DESIGN_APPROVAL ( #7368, ( #316 ) ) ;
#8756 = APPROVAL_DATE_TIME ( #5413, #5112 ) ;
#8757 = AXIS2_PLACEMENT_3D ( 'NONE', #6838, #8188, #3370 ) ;
#8758 = ORIENTED_EDGE ( 'NONE', *, *, #159, .F. ) ;
#8759 = DATE_TIME_ROLE ( 'classification_date' ) ;
#8760 = ORIENTED_EDGE ( 'NONE', *, *, #936, .F. ) ;
#8761 = EDGE_LOOP ( 'NONE', ( #3828, #3004, #6365, #4975 ) ) ;
#8762 = EDGE_LOOP ( 'NONE', ( #1195, #5644 ) ) ;
#8763 = DIRECTION ( 'NONE',  ( 0.000000000000000000, 0.000000000000000000, -1.000000000000000000 ) ) ;
#8764 = ORIENTED_EDGE ( 'NONE', *, *, #7062, .F. ) ;
#8765 =( REPRESENTATION_RELATIONSHIP ('NONE','NONE', #245, #6982 ) REPRESENTATION_RELATIONSHIP_WITH_TRANSFORMATION ( #3261 )SHAPE_REPRESENTATION_RELATIONSHIP( ) );
#8766 = CC_DESIGN_APPROVAL ( #3649, ( #7883 ) ) ;
#8767 = CARTESIAN_POINT ( 'NONE',  ( -4.500000000000000000, 2.500000000000000000, 6.000000000000000000 ) ) ;
#8768 = FACE_OUTER_BOUND ( 'NONE', #1597, .T. ) ;
#8769 = DIRECTION ( 'NONE',  ( 0.000000000000000000, 0.000000000000000000, 1.000000000000000000 ) ) ;
#8770 = EDGE_CURVE ( 'NONE', #61, #650, #1296, .T. ) ;
#8771 = APPROVAL_DATE_TIME ( #1831, #8416 ) ;
#8772 = EDGE_CURVE ( 'NONE', #4584, #3029, #2054, .T. ) ;
#8773 = SECURITY_CLASSIFICATION_LEVEL ( 'unclassified' ) ;
#8774 = APPROVAL_PERSON_ORGANIZATION ( #5649, #6530, #4319 ) ;
#8775 = ORIENTED_EDGE ( 'NONE', *, *, #3509, .T. ) ;
#8776 = PLANE ( 'NONE',  #6611 ) ;
#8777 = ORIENTED_EDGE ( 'NONE', *, *, #8781, .T. ) ;
#8778 = DIRECTION ( 'NONE',  ( 0.000000000000000000, 0.000000000000000000, -1.000000000000000000 ) ) ;
#8779 = EDGE_CURVE ( 'NONE', #3391, #2205, #4106, .T. ) ;
#8780 = ORGANIZATION ( 'NAUO-ORG1', 'UNSPECIFIED', 'UNSPECIFIED' ) ;
#8781 = EDGE_CURVE ( 'NONE', #4393, #4446, #7406, .T. ) ;
#8782 = CARTESIAN_POINT ( 'NONE',  ( 0.000000000000000000, 35.00000000000000000, 0.000000000000000000 ) ) ;
#8783 = SECURITY_CLASSIFICATION_LEVEL ( 'unclassified' ) ;
#8784 = ADVANCED_FACE ( 'NONE', ( #1213 ), #3931, .F. ) ;
#8785 = EDGE_LOOP ( 'NONE', ( #3841, #844, #5911, #5740 ) ) ;
#8786 = DIRECTION ( 'NONE',  ( 0.000000000000000000, 0.000000000000000000, -1.000000000000000000 ) ) ;
#8787 = CC_DESIGN_APPROVAL ( #3281, ( #3344 ) ) ;
#8788 = FACE_OUTER_BOUND ( 'NONE', #4497, .T. ) ;
#8789 = CARTESIAN_POINT ( 'NONE',  ( 0.000000000000000000, 2.500000000000000000, 0.000000000000000000 ) ) ;
#8790 = DIRECTION ( 'NONE',  ( 1.000000000000000000, 0.000000000000000000, -0.000000000000000000 ) ) ;
#8791 = LOCAL_TIME ( 21, 54, 55.00000000000000000, #5711 ) ;
#8792 = DIRECTION ( 'NONE',  ( 0.000000000000000000, 0.000000000000000000, -1.000000000000000000 ) ) ;
#8793 = APPROVAL_STATUS ( 'not_yet_approved' ) ;
#8794 = DIRECTION ( 'NONE',  ( 0.000000000000000000, 0.000000000000000000, -1.000000000000000000 ) ) ;
#8795 = CARTESIAN_POINT ( 'NONE',  ( 39.00000000000000000, 5.000000000000000000, -19.50000000000000000 ) ) ;
#8796 = APPROVAL_PERSON_ORGANIZATION ( #1729, #1736, #2904 ) ;
#8797 = AXIS2_PLACEMENT_3D ( 'NONE', #4987, #1560, #2862 ) ;
#8798 = PLANE ( 'NONE',  #5484 ) ;
#8799 = ADVANCED_FACE ( 'NONE', ( #4773 ), #4600, .F. ) ;
#8800 = DIRECTION ( 'NONE',  ( 0.000000000000000000, 0.000000000000000000, -1.000000000000000000 ) ) ;
#8801 = PERSON_AND_ORGANIZATION ( #5260, #6155 ) ;
#8802 = EDGE_LOOP ( 'NONE', ( #7054, #1714, #8404, #145 ) ) ;
#8803 = DATE_TIME_ROLE ( 'classification_date' ) ;
#8804 = ORIENTED_EDGE ( 'NONE', *, *, #2484, .F. ) ;
#8805 = ORIENTED_EDGE ( 'NONE', *, *, #5011, .T. ) ;
#8806 = EDGE_LOOP ( 'NONE', ( #6279, #4809, #200, #2779 ) ) ;
#8807 = CC_DESIGN_DATE_AND_TIME_ASSIGNMENT ( #4952, #6957, ( #5225 ) ) ;
#8808 = DIRECTION ( 'NONE',  ( 0.000000000000000000, 0.000000000000000000, -1.000000000000000000 ) ) ;
#8809 = DIRECTION ( 'NONE',  ( 0.000000000000000000, -0.000000000000000000, -1.000000000000000000 ) ) ;
#8810 = EDGE_LOOP ( 'NONE', ( #7934, #8337 ) ) ;
#8811 = VECTOR ( 'NONE', #4278, 1000.000000000000000 ) ;
#8812 = DIRECTION ( 'NONE',  ( -0.000000000000000000, -1.000000000000000000, -0.000000000000000000 ) ) ;
#8813 = CIRCLE ( 'NONE', #6636, 1.250000000000004663 ) ;
#8814 = DIRECTION ( 'NONE',  ( 1.000000000000000000, 0.000000000000000000, 0.000000000000000000 ) ) ;
#8815 = APPROVAL_DATE_TIME ( #3349, #1324 ) ;
#8816 = PERSON_AND_ORGANIZATION ( #5260, #6155 ) ;
#8817 = AXIS2_PLACEMENT_3D ( 'NONE', #703, #6674, #3301 ) ;
#8818 = CONTEXT_DEPENDENT_SHAPE_REPRESENTATION ( #6620, #7523 ) ;
#8819 = ORIENTED_EDGE ( 'NONE', *, *, #159, .T. ) ;
#8820 = APPLICATION_CONTEXT ( 'configuration controlled 3d designs of mechanical parts and assemblies' ) ;
#8821 = CARTESIAN_POINT ( 'NONE',  ( 21.25000000000000000, 2.500000000000000000, 10.50000000000000000 ) ) ;
#8822 = ORIENTED_EDGE ( 'NONE', *, *, #1189, .T. ) ;
#8823 = APPROVAL ( #3294, '未指定' ) ;
#8824 = CARTESIAN_POINT ( 'NONE',  ( -4.000000000000000000, 2.500000000000000000, -52.00000000000000000 ) ) ;
#8825 = CARTESIAN_POINT ( 'NONE',  ( 4.500000000000000000, 2.500000000000000000, 6.000000000000000000 ) ) ;
#8826 = DATE_TIME_ROLE ( 'classification_date' ) ;
#8827 = DIRECTION ( 'NONE',  ( -0.000000000000000000, -0.000000000000000000, 1.000000000000000000 ) ) ;
#8828 = PLANE ( 'NONE',  #4829 ) ;
#8829 = CIRCLE ( 'NONE', #4949, 1.750000000000001554 ) ;
#8830 = EDGE_CURVE ( 'NONE', #6512, #7044, #3402, .T. ) ;
#8831 = CARTESIAN_POINT ( 'NONE',  ( -1.000000000000000000, 0.000000000000000000, 12.25000000000000000 ) ) ;
#8832 = FACE_BOUND ( 'NONE', #7799, .T. ) ;
#8833 = EDGE_CURVE ( 'NONE', #7044, #5217, #2730, .T. ) ;
#8834 = LINE ( 'NONE', #4737, #3882 ) ;
#8835 = PRODUCT_DEFINITION_SHAPE ( 'NONE', 'NONE',  #2693 ) ;
#8836 = PERSON_AND_ORGANIZATION ( #5260, #6155 ) ;
#8837 = DIRECTION ( 'NONE',  ( 0.000000000000000000, -1.000000000000000000, 0.000000000000000000 ) ) ;
#8838 = VECTOR ( 'NONE', #717, 1000.000000000000000 ) ;
#8839 = LINE ( 'NONE', #3540, #7094 ) ;
#8840 = CARTESIAN_POINT ( 'NONE',  ( -60.14999999999999858, 0.000000000000000000, -81.75000000000000000 ) ) ;
#8841 = DIRECTION ( 'NONE',  ( 0.000000000000000000, -0.000000000000000000, -1.000000000000000000 ) ) ;
#8842 = PERSON_AND_ORGANIZATION_ROLE ( 'creator' ) ;
#8843 =( NAMED_UNIT ( * ) PLANE_ANGLE_UNIT ( ) SI_UNIT ( $, .RADIAN. ) );
#8844 = ORIENTED_EDGE ( 'NONE', *, *, #6834, .T. ) ;
#8845 = COORDINATED_UNIVERSAL_TIME_OFFSET ( 8, 0, .AHEAD. ) ;
#8846 = ORIENTED_EDGE ( 'NONE', *, *, #510, .T. ) ;
#8847 = EDGE_LOOP ( 'NONE', ( #2867, #6327 ) ) ;
#8848 = VERTEX_POINT ( 'NONE', #3361 ) ;
#8849 = CARTESIAN_POINT ( 'NONE',  ( -20.00000000000000000, 2.500000000000000000, -57.00000000000000000 ) ) ;
#8850 = EDGE_CURVE ( 'NONE', #5378, #6863, #2006, .T. ) ;
#8851 = DIRECTION ( 'NONE',  ( -0.000000000000000000, -1.000000000000000000, -0.000000000000000000 ) ) ;
#8852 = EDGE_LOOP ( 'NONE', ( #5163, #6332, #2768, #1326 ) ) ;
#8853 = DIRECTION ( 'NONE',  ( 0.000000000000000000, 0.000000000000000000, 1.000000000000000000 ) ) ;
#8854 = CIRCLE ( 'NONE', #2261, 1.250000000000004663 ) ;
#8855 = ORIENTED_EDGE ( 'NONE', *, *, #2918, .F. ) ;
#8856 = LINE ( 'NONE', #2680, #6281 ) ;
#8857 = APPROVAL ( #8396, '未指定' ) ;
#8858 = DIRECTION ( 'NONE',  ( 1.000000000000000000, 0.000000000000000000, 0.000000000000000000 ) ) ;
#8859 = MECHANICAL_CONTEXT ( 'NONE', #5756, 'mechanical' ) ;
#8860 = APPROVAL_ROLE ( '' ) ;
#8861 = DIRECTION ( 'NONE',  ( -0.000000000000000000, -1.000000000000000000, -0.000000000000000000 ) ) ;
#8862 = NEXT_ASSEMBLY_USAGE_OCCURRENCE ( 'NAUO1', ' ', ' ', #6062, #7631, $ ) ;
#8863 = NEXT_ASSEMBLY_USAGE_OCCURRENCE ( 'NAUO2', ' ', ' ', #6062, #6419, $ ) ;
#8864 = NEXT_ASSEMBLY_USAGE_OCCURRENCE ( 'NAUO3', ' ', ' ', #6062, #6419, $ ) ;
#8865 = NEXT_ASSEMBLY_USAGE_OCCURRENCE ( 'NAUO4', ' ', ' ', #6062, #6419, $ ) ;
#8866 = NEXT_ASSEMBLY_USAGE_OCCURRENCE ( 'NAUO5', ' ', ' ', #6062, #6419, $ ) ;
#8867 = NEXT_ASSEMBLY_USAGE_OCCURRENCE ( 'NAUO6', ' ', ' ', #6062, #6032, $ ) ;
#8868 = NEXT_ASSEMBLY_USAGE_OCCURRENCE ( 'NAUO7', ' ', ' ', #6062, #2226, $ ) ;
#8869 = NEXT_ASSEMBLY_USAGE_OCCURRENCE ( 'NAUO8', ' ', ' ', #6062, #1846, $ ) ;
#8870 = NEXT_ASSEMBLY_USAGE_OCCURRENCE ( 'NAUO9', ' ', ' ', #6062, #2457, $ ) ;
#8871 = NEXT_ASSEMBLY_USAGE_OCCURRENCE ( 'NAUO10', ' ', ' ', #6062, #7571, $ ) ;
#8872 = NEXT_ASSEMBLY_USAGE_OCCURRENCE ( 'NAUO11', ' ', ' ', #6062, #7466, $ ) ;
#8873 = NEXT_ASSEMBLY_USAGE_OCCURRENCE ( 'NAUO12', ' ', ' ', #6062, #5713, $ ) ;
#8874 = NEXT_ASSEMBLY_USAGE_OCCURRENCE ( 'NAUO13', ' ', ' ', #6062, #1910, $ ) ;
#8875 = NEXT_ASSEMBLY_USAGE_OCCURRENCE ( 'NAUO14', ' ', ' ', #6062, #5225, $ ) ;
#8876 = NEXT_ASSEMBLY_USAGE_OCCURRENCE ( 'NAUO15', ' ', ' ', #6062, #6166, $ ) ;
#8877 = NEXT_ASSEMBLY_USAGE_OCCURRENCE ( 'NAUO16', ' ', ' ', #6062, #1161, $ ) ;
#8878 = NEXT_ASSEMBLY_USAGE_OCCURRENCE ( 'NAUO17', ' ', ' ', #6062, #2638, $ ) ;
#8879 = NEXT_ASSEMBLY_USAGE_OCCURRENCE ( 'NAUO18', ' ', ' ', #6062, #2910, $ ) ;
#8880 = NEXT_ASSEMBLY_USAGE_OCCURRENCE ( 'NAUO19', ' ', ' ', #6062, #1115, $ ) ;
#8881 = NEXT_ASSEMBLY_USAGE_OCCURRENCE ( 'NAUO20', ' ', ' ', #6062, #7212, $ ) ;
#8882 = NEXT_ASSEMBLY_USAGE_OCCURRENCE ( 'NAUO21', ' ', ' ', #6062, #4687, $ ) ;
#8883 = NEXT_ASSEMBLY_USAGE_OCCURRENCE ( 'NAUO22', ' ', ' ', #6062, #2693, $ ) ;
#8884 = NEXT_ASSEMBLY_USAGE_OCCURRENCE ( 'NAUO23', ' ', ' ', #6062, #8384, $ ) ;
ENDSEC;
END-ISO-10303-21;
