ISO-10303-21;
HEADER;
FILE_DESCRIPTION (( 'STEP AP203' ),
    '1' );
FILE_NAME ('FN-ASM-002_internal-layout-harness_R0.4.STEP',
    '2026-07-26T11:29:03',
    ( '' ),
    ( '' ),
    'SwSTEP 2.0',
    'SolidWorks 2022',
    '' );
FILE_SCHEMA (( 'CONFIG_CONTROL_DESIGN' ));
ENDSEC;

DATA;
#1 = DIRECTION ( 'NONE',  ( 0.000000000000000000, 0.000000000000000000, 1.000000000000000000 ) ) ;
#2 = CALENDAR_DATE ( 2026, 26, 7 ) ;
#3 = DIRECTION ( 'NONE',  ( -0.000000000000000000, -1.000000000000000000, -0.000000000000000000 ) ) ;
#4 = EDGE_CURVE ( 'NONE', #7405, #2419, #2258, .T. ) ;
#5 = CALENDAR_DATE ( 2026, 26, 7 ) ;
#6 = VECTOR ( 'NONE', #7663, 1000.000000000000000 ) ;
#7 = EDGE_CURVE ( 'NONE', #5612, #2419, #7578, .T. ) ;
#8 = ORIENTED_EDGE ( 'NONE', *, *, #1805, .T. ) ;
#9 = DIRECTION ( 'NONE',  ( -0.000000000000000000, -0.000000000000000000, 1.000000000000000000 ) ) ;
#10 = CALENDAR_DATE ( 2026, 26, 7 ) ;
#11 = ORIENTED_EDGE ( 'NONE', *, *, #3246, .T. ) ;
#12 = DIRECTION ( 'NONE',  ( -0.000000000000000000, -1.000000000000000000, -0.000000000000000000 ) ) ;
#13 = PRODUCT_DEFINITION_SHAPE ( 'NONE', 'NONE',  #5336 ) ;
#14 = COORDINATED_UNIVERSAL_TIME_OFFSET ( 8, 0, .AHEAD. ) ;
#15 = FACE_BOUND ( 'NONE', #1030, .T. ) ;
#16 = EDGE_LOOP ( 'NONE', ( #4712, #5742, #5337, #4781 ) ) ;
#17 = ORIENTED_EDGE ( 'NONE', *, *, #3497, .F. ) ;
#18 = MECHANICAL_CONTEXT ( 'NONE', #3972, 'mechanical' ) ;
#19 = MANIFOLD_SOLID_BREP ( '凸台-拉伸1', #1473 ) ;
#20 = DIRECTION ( 'NONE',  ( 0.000000000000000000, -1.000000000000000000, 0.000000000000000000 ) ) ;
#21 = EDGE_CURVE ( 'NONE', #3239, #1203, #6360, .T. ) ;
#22 = FACE_OUTER_BOUND ( 'NONE', #6309, .T. ) ;
#23 = APPROVAL_STATUS ( 'not_yet_approved' ) ;
#24 = DIRECTION ( 'NONE',  ( 0.000000000000000000, -1.000000000000000000, 0.000000000000000000 ) ) ;
#25 = DIRECTION ( 'NONE',  ( 0.000000000000000000, 0.000000000000000000, 1.000000000000000000 ) ) ;
#26 = DATE_AND_TIME ( #3655, #7546 ) ;
#27 = CARTESIAN_POINT ( 'NONE',  ( 6.000000000000000000, 6.000000000000000000, 6.000000000000000000 ) ) ;
#28 = ORIENTED_EDGE ( 'NONE', *, *, #5064, .T. ) ;
#29 = CC_DESIGN_DATE_AND_TIME_ASSIGNMENT ( #3761, #5058, ( #6935 ) ) ;
#30 = VECTOR ( 'NONE', #5222, 1000.000000000000000 ) ;
#31 = CARTESIAN_POINT ( 'NONE',  ( -158.9499999999999886, 3.000000000000000000, -119.4500000000000028 ) ) ;
#32 = ADVANCED_FACE ( 'NONE', ( #1638 ), #4033, .F. ) ;
#33 = DIRECTION ( 'NONE',  ( 1.000000000000000000, 0.000000000000000000, 0.000000000000000000 ) ) ;
#34 = DIRECTION ( 'NONE',  ( 0.000000000000000000, 0.000000000000000000, 1.000000000000000000 ) ) ;
#35 = AXIS2_PLACEMENT_3D ( 'NONE', #7534, #3237, #935 ) ;
#36 = CC_DESIGN_APPROVAL ( #4043, ( #4909 ) ) ;
#37 = ORIENTED_EDGE ( 'NONE', *, *, #7287, .F. ) ;
#38 = PRODUCT_RELATED_PRODUCT_CATEGORY ( 'detail', '', ( #6425 ) ) ;
#39 = EDGE_LOOP ( 'NONE', ( #2863, #5322, #4176, #2001 ) ) ;
#40 = CARTESIAN_POINT ( 'NONE',  ( -36.00000000000000000, 3.000000000000000000, 33.50000000000000000 ) ) ;
#41 = CIRCLE ( 'NONE', #1292, 1.750000000000005107 ) ;
#42 = APPROVAL_STATUS ( 'not_yet_approved' ) ;
#43 = CARTESIAN_POINT ( 'NONE',  ( 158.9499999999999886, 0.000000000000000000, 119.4500000000000028 ) ) ;
#44 = EDGE_CURVE ( 'NONE', #7425, #1314, #2104, .T. ) ;
#45 = APPROVAL_ROLE ( '' ) ;
#46 = VERTEX_POINT ( 'NONE', #1525 ) ;
#47 = VECTOR ( 'NONE', #3608, 1000.000000000000000 ) ;
#48 = CARTESIAN_POINT ( 'NONE',  ( 39.00000000000000000, 5.000000000000000000, 20.75000000000000355 ) ) ;
#49 = DATE_AND_TIME ( #10, #325 ) ;
#50 = ORIENTED_EDGE ( 'NONE', *, *, #7099, .F. ) ;
#51 = DESIGN_CONTEXT ( 'detailed design', #3126, 'design' ) ;
#52 = ADVANCED_FACE ( 'NONE', ( #7493 ), #2774, .F. ) ;
#53 = DIRECTION ( 'NONE',  ( 0.000000000000000000, 0.000000000000000000, -1.000000000000000000 ) ) ;
#54 = CIRCLE ( 'NONE', #5541, 1.799999999999999600 ) ;
#55 = AXIS2_PLACEMENT_3D ( 'NONE', #5617, #3939, #6305 ) ;
#56 = COORDINATED_UNIVERSAL_TIME_OFFSET ( 8, 0, .AHEAD. ) ;
#57 = VECTOR ( 'NONE', #1291, 1000.000000000000000 ) ;
#58 = LINE ( 'NONE', #7189, #7518 ) ;
#59 = EDGE_LOOP ( 'NONE', ( #4689, #5692, #520, #1993 ) ) ;
#60 = EDGE_CURVE ( 'NONE', #7181, #164, #942, .T. ) ;
#61 = EDGE_LOOP ( 'NONE', ( #1675, #2878, #591, #3913 ) ) ;
#62 = PERSON_AND_ORGANIZATION ( #6453, #6167 ) ;
#63 = CARTESIAN_POINT ( 'NONE',  ( 8.500000000000000000, 2.500000000000000000, -8.500000000000000000 ) ) ;
#64 = DIRECTION ( 'NONE',  ( 0.000000000000000000, 0.000000000000000000, 1.000000000000000000 ) ) ;
#65 = MECHANICAL_CONTEXT ( 'NONE', #7260, 'mechanical' ) ;
#66 = ADVANCED_FACE ( 'NONE', ( #6873 ), #5787, .F. ) ;
#67 = CARTESIAN_POINT ( 'NONE',  ( -45.00000000000000000, 0.000000000000000000, 29.00000000000000000 ) ) ;
#68 = CARTESIAN_POINT ( 'NONE',  ( -6.000000000000000000, 6.000000000000000000, 6.000000000000000000 ) ) ;
#69 = DATE_AND_TIME ( #101, #7413 ) ;
#70 = DIRECTION ( 'NONE',  ( -1.000000000000000000, -0.000000000000000000, -0.000000000000000000 ) ) ;
#71 = ORIENTED_EDGE ( 'NONE', *, *, #6819, .F. ) ;
#72 = CARTESIAN_POINT ( 'NONE',  ( -54.00000000000000000, 1.599999999999999867, 81.50000000000000000 ) ) ;
#73 = DIRECTION ( 'NONE',  ( 1.000000000000000000, 0.000000000000000000, 0.000000000000000000 ) ) ;
#74 = FACE_OUTER_BOUND ( 'NONE', #5762, .T. ) ;
#75 = APPROVAL ( #2715, 'UNKNOWN' ) ;
#76 = LOCAL_TIME ( 19, 29, 3.000000000000000000, #4329 ) ;
#77 = ORIENTED_EDGE ( 'NONE', *, *, #7692, .T. ) ;
#78 = PRODUCT_DEFINITION_SHAPE ( 'NONE', 'NONE',  #7720 ) ;
#79 = CARTESIAN_POINT ( 'NONE',  ( -60.14999999999999858, 5.000000000000000000, -78.25000000000000000 ) ) ;
#80 = SECURITY_CLASSIFICATION ( '', '', #5013 ) ;
#81 = PERSON_AND_ORGANIZATION ( #6453, #6167 ) ;
#82 = DIRECTION ( 'NONE',  ( 0.000000000000000000, 0.000000000000000000, -1.000000000000000000 ) ) ;
#83 = APPROVAL_DATE_TIME ( #7140, #2011 ) ;
#84 = CC_DESIGN_PERSON_AND_ORGANIZATION_ASSIGNMENT ( #5864, #2888, ( #2062 ) ) ;
#85 = ORIENTED_EDGE ( 'NONE', *, *, #4924, .F. ) ;
#86 = SECURITY_CLASSIFICATION ( '', '', #1639 ) ;
#87 = FACE_BOUND ( 'NONE', #4711, .T. ) ;
#88 = VERTEX_POINT ( 'NONE', #902 ) ;
#89 = CARTESIAN_POINT ( 'NONE',  ( -3.500000000000000000, 2.500000000000000000, 12.50000000000000000 ) ) ;
#90 = APPLICATION_CONTEXT ( 'configuration controlled 3d designs of mechanical parts and assemblies' ) ;
#91 = APPROVAL_ROLE ( '' ) ;
#92 = EDGE_CURVE ( 'NONE', #2922, #6402, #1062, .T. ) ;
#93 = LINE ( 'NONE', #7074, #403 ) ;
#94 = ORIENTED_EDGE ( 'NONE', *, *, #92, .F. ) ;
#95 = EDGE_LOOP ( 'NONE', ( #438, #2200, #3388, #6687 ) ) ;
#96 = APPROVAL_ROLE ( '' ) ;
#97 = LINE ( 'NONE', #4905, #4370 ) ;
#98 = APPROVAL_STATUS ( 'not_yet_approved' ) ;
#99 = LINE ( 'NONE', #135, #3149 ) ;
#100 = CARTESIAN_POINT ( 'NONE',  ( 39.00000000000000000, 3.000000000000000000, -19.50000000000000000 ) ) ;
#101 = CALENDAR_DATE ( 2026, 26, 7 ) ;
#102 = APPROVAL_PERSON_ORGANIZATION ( #3484, #4765, #4548 ) ;
#103 = DIRECTION ( 'NONE',  ( -0.000000000000000000, -1.000000000000000000, -0.000000000000000000 ) ) ;
#104 = ORIENTED_EDGE ( 'NONE', *, *, #4677, .T. ) ;
#105 = DIRECTION ( 'NONE',  ( 1.000000000000000000, -0.000000000000000000, 0.000000000000000000 ) ) ;
#106 = LOCAL_TIME ( 19, 29, 3.000000000000000000, #1954 ) ;
#107 = CARTESIAN_POINT ( 'NONE',  ( -60.14999999999999858, 0.000000000000000000, -28.84999999999999787 ) ) ;
#108 = CLOSED_SHELL ( 'NONE', ( #6430, #5376, #6816, #3575, #5718, #5498, #1672, #4373, #7151, #3491, #2490 ) ) ;
#109 = DIRECTION ( 'NONE',  ( 1.000000000000000000, 0.000000000000000000, -0.000000000000000000 ) ) ;
#110 = SHAPE_REPRESENTATION ( 'FN-ASM-002_internal-layout-harness_R0.4', ( #4437, #6671, #4557, #689, #4189, #5442, #5923, #2932, #4815, #2551, #184, #1190, #5556, #2050, #1935, #3062, #6545, #3804, #3171, #6290, #5802, #1688, #2165, #2303 ), #3302 ) ;
#111 = ORIENTED_EDGE ( 'NONE', *, *, #44, .T. ) ;
#112 = APPROVAL_PERSON_ORGANIZATION ( #5935, #1691, #45 ) ;
#113 = CIRCLE ( 'NONE', #3106, 1.600000000000004086 ) ;
#114 = CARTESIAN_POINT ( 'NONE',  ( -138.0327499999999930, 91.09999999999999432, 98.50000000000000000 ) ) ;
#115 = PERSON_AND_ORGANIZATION ( #6453, #6167 ) ;
#116 = ITEM_DEFINED_TRANSFORMATION ( 'NONE', 'NONE', #2050,  #6285 ) ;
#117 = APPROVAL_PERSON_ORGANIZATION ( #4565, #5136, #7520 ) ;
#118 = VECTOR ( 'NONE', #4469, 1000.000000000000000 ) ;
#119 = CARTESIAN_POINT ( 'NONE',  ( 66.50000000000000000, 16.00000000000000000, -18.50000000000000000 ) ) ;
#120 = VERTEX_POINT ( 'NONE', #3993 ) ;
#121 = LINE ( 'NONE', #1950, #3853 ) ;
#122 = ADVANCED_BREP_SHAPE_REPRESENTATION ( '', ( #5090, #6285 ), #4935 ) ;
#123 = ORIENTED_EDGE ( 'NONE', *, *, #6581, .F. ) ;
#124 = DESIGN_CONTEXT ( 'detailed design', #1626, 'design' ) ;
#125 = APPROVAL ( #6706, '未指定' ) ;
#126 = CARTESIAN_POINT ( 'NONE',  ( -138.0327499999999930, 91.09999999999999432, 98.50000000000000000 ) ) ;
#127 = VECTOR ( 'NONE', #53, 1000.000000000000000 ) ;
#128 =( NAMED_UNIT ( * ) SI_UNIT ( $, .STERADIAN. ) SOLID_ANGLE_UNIT ( ) );
#129 = ORIENTED_EDGE ( 'NONE', *, *, #633, .T. ) ;
#130 = ORIENTED_EDGE ( 'NONE', *, *, #5998, .T. ) ;
#131 = CALENDAR_DATE ( 2026, 26, 7 ) ;
#132 = FACE_BOUND ( 'NONE', #1001, .T. ) ;
#133 = CC_DESIGN_PERSON_AND_ORGANIZATION_ASSIGNMENT ( #4296, #2398, ( #4694 ) ) ;
#134 = MECHANICAL_CONTEXT ( 'NONE', #1290, 'mechanical' ) ;
#135 = CARTESIAN_POINT ( 'NONE',  ( 5.750000000000000000, 2.500000000000000000, 72.50000000000000000 ) ) ;
#136 = PRODUCT_DEFINITION_SHAPE ( 'NONE', 'NONE',  #7729 ) ;
#137 = LINE ( 'NONE', #7123, #6664 ) ;
#138 = PERSON_AND_ORGANIZATION_ROLE ( 'creator' ) ;
#139 = DIRECTION ( 'NONE',  ( 1.000000000000000000, 0.000000000000000000, 0.000000000000000000 ) ) ;
#140 = ORIENTED_EDGE ( 'NONE', *, *, #1419, .T. ) ;
#141 = ADVANCED_FACE ( 'NONE', ( #1016 ), #5207, .F. ) ;
#142 = ORIENTED_EDGE ( 'NONE', *, *, #4488, .T. ) ;
#143 = DIRECTION ( 'NONE',  ( -0.000000000000000000, -0.000000000000000000, 1.000000000000000000 ) ) ;
#144 = DIRECTION ( 'NONE',  ( -0.000000000000000000, -0.000000000000000000, 1.000000000000000000 ) ) ;
#145 = CARTESIAN_POINT ( 'NONE',  ( 4.000000000000000000, 2.500000000000000000, -1.250000000000000000 ) ) ;
#146 = ORIENTED_EDGE ( 'NONE', *, *, #2534, .T. ) ;
#147 = CIRCLE ( 'NONE', #4648, 1.250000000000004663 ) ;
#148 = CARTESIAN_POINT ( 'NONE',  ( -60.14999999999999858, 0.000000000000000000, 28.84999999999999787 ) ) ;
#149 = SHAPE_DEFINITION_REPRESENTATION ( #7239, #1260 ) ;
#150 = CIRCLE ( 'NONE', #6761, 1.600000000000004086 ) ;
#151 = DATE_AND_TIME ( #2013, #4110 ) ;
#152 = APPROVAL_PERSON_ORGANIZATION ( #2373, #2070, #543 ) ;
#153 = DIRECTION ( 'NONE',  ( 0.000000000000000000, 0.000000000000000000, 1.000000000000000000 ) ) ;
#154 = ORIENTED_EDGE ( 'NONE', *, *, #825, .T. ) ;
#155 = ADVANCED_FACE ( 'NONE', ( #4542 ), #2813, .F. ) ;
#156 = PLANE ( 'NONE',  #7458 ) ;
#157 = ORIENTED_EDGE ( 'NONE', *, *, #271, .F. ) ;
#158 = VECTOR ( 'NONE', #3147, 1000.000000000000000 ) ;
#159 = AXIS2_PLACEMENT_3D ( 'NONE', #7641, #2242, #2954 ) ;
#160 = CARTESIAN_POINT ( 'NONE',  ( 8.500000000000000000, 2.500000000000000000, -12.50000000000000000 ) ) ;
#161 = APPROVAL_STATUS ( 'not_yet_approved' ) ;
#162 = VECTOR ( 'NONE', #2267, 1000.000000000000000 ) ;
#163 = CC_DESIGN_PERSON_AND_ORGANIZATION_ASSIGNMENT ( #4776, #4274, ( #5104 ) ) ;
#164 = VERTEX_POINT ( 'NONE', #3362 ) ;
#165 = ORIENTED_EDGE ( 'NONE', *, *, #2501, .F. ) ;
#166 = MECHANICAL_CONTEXT ( 'NONE', #6863, 'mechanical' ) ;
#167 = DIRECTION ( 'NONE',  ( 1.000000000000000000, -0.000000000000000000, 0.000000000000000000 ) ) ;
#168 = AXIS2_PLACEMENT_3D ( 'NONE', #6440, #2880, #5888 ) ;
#169 = CALENDAR_DATE ( 2026, 26, 7 ) ;
#170 = PLANE ( 'NONE',  #5539 ) ;
#171 = DIRECTION ( 'NONE',  ( 1.000000000000000000, -0.000000000000000000, 0.000000000000000000 ) ) ;
#172 = CC_DESIGN_PERSON_AND_ORGANIZATION_ASSIGNMENT ( #4467, #3241, ( #5948 ) ) ;
#173 = CIRCLE ( 'NONE', #7156, 1.750000000000005107 ) ;
#174 = VERTEX_POINT ( 'NONE', #5827 ) ;
#175 = CALENDAR_DATE ( 2026, 26, 7 ) ;
#176 = DIRECTION ( 'NONE',  ( -0.000000000000000000, -0.000000000000000000, 1.000000000000000000 ) ) ;
#177 = DIRECTION ( 'NONE',  ( 0.000000000000000000, 0.000000000000000000, -1.000000000000000000 ) ) ;
#178 = ADVANCED_BREP_SHAPE_REPRESENTATION ( '', ( #2342, #6285 ), #4551 ) ;
#179 = EDGE_CURVE ( 'NONE', #2762, #3591, #6946, .T. ) ;
#180 = CARTESIAN_POINT ( 'NONE',  ( -54.00000000000000000, 0.000000000000000000, -81.50000000000000000 ) ) ;
#181 = LINE ( 'NONE', #145, #2034 ) ;
#182 = EDGE_CURVE ( 'NONE', #2872, #4932, #2221, .T. ) ;
#183 = VERTEX_POINT ( 'NONE', #4820 ) ;
#184 = AXIS2_PLACEMENT_3D ( 'NONE', #7404, #3825, #816 ) ;
#185 = EDGE_CURVE ( 'NONE', #4450, #6552, #589, .T. ) ;
#186 = CARTESIAN_POINT ( 'NONE',  ( 6.000000000000000000, 6.000000000000000000, -6.000000000000000000 ) ) ;
#187 = APPROVAL_STATUS ( 'not_yet_approved' ) ;
#188 = CC_DESIGN_APPROVAL ( #3464, ( #693 ) ) ;
#189 = COORDINATED_UNIVERSAL_TIME_OFFSET ( 8, 0, .AHEAD. ) ;
#190 = ORIENTED_EDGE ( 'NONE', *, *, #5263, .T. ) ;
#191 = CARTESIAN_POINT ( 'NONE',  ( -8.250000000000000000, 2.500000000000000000, 11.25000000000000000 ) ) ;
#192 = ORIENTED_EDGE ( 'NONE', *, *, #5964, .F. ) ;
#193 = UNCERTAINTY_MEASURE_WITH_UNIT (LENGTH_MEASURE( 1.000000000000000082E-05 ), #5784, 'distance_accuracy_value', 'NONE');
#194 = CC_DESIGN_APPROVAL ( #7187, ( #3817 ) ) ;
#195 = CARTESIAN_POINT ( 'NONE',  ( -19.00000000000000000, 15.00000000000000000, -9.000000000000000000 ) ) ;
#196 = CARTESIAN_POINT ( 'NONE',  ( 9.750000000000000000, 0.000000000000000000, -72.50000000000000000 ) ) ;
#197 = EDGE_CURVE ( 'NONE', #6982, #183, #2887, .T. ) ;
#198 = ITEM_DEFINED_TRANSFORMATION ( 'NONE', 'NONE', #5923,  #6285 ) ;
#199 = LOCAL_TIME ( 19, 29, 3.000000000000000000, #5939 ) ;
#200 =( NAMED_UNIT ( * ) SI_UNIT ( $, .STERADIAN. ) SOLID_ANGLE_UNIT ( ) );
#201 = ORIENTED_EDGE ( 'NONE', *, *, #3330, .T. ) ;
#202 = EDGE_LOOP ( 'NONE', ( #3554, #3401, #2030, #6505 ) ) ;
#203 = APPROVAL_ROLE ( '' ) ;
#204 = CARTESIAN_POINT ( 'NONE',  ( -28.00000000000000000, 3.000000000000000000, -15.50000000000000000 ) ) ;
#205 = COORDINATED_UNIVERSAL_TIME_OFFSET ( 8, 0, .AHEAD. ) ;
#206 = LINE ( 'NONE', #6249, #785 ) ;
#207 = FACE_OUTER_BOUND ( 'NONE', #914, .T. ) ;
#208 = VERTEX_POINT ( 'NONE', #1219 ) ;
#209 = PERSON_AND_ORGANIZATION ( #6453, #6167 ) ;
#210 = DIRECTION ( 'NONE',  ( 0.000000000000000000, -0.000000000000000000, -1.000000000000000000 ) ) ;
#211 = CC_DESIGN_PERSON_AND_ORGANIZATION_ASSIGNMENT ( #7594, #1740, ( #4404 ) ) ;
#212 = DIRECTION ( 'NONE',  ( 0.000000000000000000, 0.000000000000000000, 1.000000000000000000 ) ) ;
#213 = DIRECTION ( 'NONE',  ( 0.000000000000000000, 0.000000000000000000, -1.000000000000000000 ) ) ;
#214 = LOCAL_TIME ( 19, 29, 3.000000000000000000, #4040 ) ;
#215 = LINE ( 'NONE', #5683, #2659 ) ;
#216 = EDGE_CURVE ( 'NONE', #5001, #4832, #2211, .T. ) ;
#217 = ORIENTED_EDGE ( 'NONE', *, *, #2608, .F. ) ;
#218 = SECURITY_CLASSIFICATION ( '', '', #5982 ) ;
#219 = ADVANCED_FACE ( 'NONE', ( #4076 ), #6015, .F. ) ;
#220 = LINE ( 'NONE', #4412, #2645 ) ;
#221 = PERSON_AND_ORGANIZATION ( #6453, #6167 ) ;
#222 = COORDINATED_UNIVERSAL_TIME_OFFSET ( 8, 0, .AHEAD. ) ;
#223 = CARTESIAN_POINT ( 'NONE',  ( -39.00000000000000000, 36.00000000000000000, 21.30000000000000071 ) ) ;
#224 = APPLICATION_CONTEXT ( 'configuration controlled 3d designs of mechanical parts and assemblies' ) ;
#225 = APPROVAL_PERSON_ORGANIZATION ( #7400, #3985, #4343 ) ;
#226 = ORIENTED_EDGE ( 'NONE', *, *, #3769, .F. ) ;
#227 = DIRECTION ( 'NONE',  ( 0.000000000000000000, 0.000000000000000000, -1.000000000000000000 ) ) ;
#228 = VECTOR ( 'NONE', #5158, 1000.000000000000000 ) ;
#229 = ORIENTED_EDGE ( 'NONE', *, *, #6090, .T. ) ;
#230 = EDGE_CURVE ( 'NONE', #2381, #6726, #1836, .T. ) ;
#231 = LINE ( 'NONE', #6087, #7228 ) ;
#232 = CC_DESIGN_SECURITY_CLASSIFICATION ( #738, ( #7726 ) ) ;
#233 = PLANE ( 'NONE',  #1512 ) ;
#234 = DATE_TIME_ROLE ( 'classification_date' ) ;
#235 = AXIS2_PLACEMENT_3D ( 'NONE', #7312, #5024, #210 ) ;
#236 = EDGE_CURVE ( 'NONE', #6937, #4693, #549, .T. ) ;
#237 = ORIENTED_EDGE ( 'NONE', *, *, #5776, .F. ) ;
#238 = ORIENTED_EDGE ( 'NONE', *, *, #2827, .T. ) ;
#239 = DATE_AND_TIME ( #275, #4564 ) ;
#240 = ORIENTED_EDGE ( 'NONE', *, *, #1608, .T. ) ;
#241 = FACE_BOUND ( 'NONE', #357, .T. ) ;
#242 = AXIS2_PLACEMENT_3D ( 'NONE', #5056, #5706, #3287 ) ;
#243 = DATE_AND_TIME ( #6288, #3334 ) ;
#244 = DIRECTION ( 'NONE',  ( 1.000000000000000000, -0.000000000000000000, 0.000000000000000000 ) ) ;
#245 = VECTOR ( 'NONE', #4317, 1000.000000000000000 ) ;
#246 = LINE ( 'NONE', #5636, #1926 ) ;
#247 = ADVANCED_FACE ( 'NONE', ( #6523, #87, #7658, #5976, #4236 ), #5863, .T. ) ;
#248 = ORIENTED_EDGE ( 'NONE', *, *, #7486, .T. ) ;
#249 = SHAPE_DEFINITION_REPRESENTATION ( #2934, #5689 ) ;
#250 = DIRECTION ( 'NONE',  ( 0.000000000000000000, 0.000000000000000000, 1.000000000000000000 ) ) ;
#251 = CARTESIAN_POINT ( 'NONE',  ( -0.7500000000000000000, 2.500000000000000000, 12.00000000000000000 ) ) ;
#252 = CARTESIAN_POINT ( 'NONE',  ( -21.25000000000000000, 2.500000000000000000, -6.500000000000000000 ) ) ;
#253 = DIRECTION ( 'NONE',  ( -0.000000000000000000, 1.000000000000000000, -0.000000000000000000 ) ) ;
#254 = PRODUCT_DEFINITION ( '未知', '', #964, #266 ) ;
#255 = VERTEX_POINT ( 'NONE', #671 ) ;
#256 = PRODUCT_DEFINITION_SHAPE ( 'NONE', 'NONE',  #6935 ) ;
#257 = DIRECTION ( 'NONE',  ( 0.000000000000000000, 0.000000000000000000, -1.000000000000000000 ) ) ;
#258 = MECHANICAL_CONTEXT ( 'NONE', #1032, 'mechanical' ) ;
#259 = PERSON_AND_ORGANIZATION ( #3664, #6344 ) ;
#260 = DIRECTION ( 'NONE',  ( -0.000000000000000000, -1.000000000000000000, -0.000000000000000000 ) ) ;
#261 = VECTOR ( 'NONE', #697, 1000.000000000000000 ) ;
#262 = CARTESIAN_POINT ( 'NONE',  ( 68.00000000000000000, 21.00000000000000000, 53.00000000000000000 ) ) ;
#263 = APPROVAL ( #3994, '未指定' ) ;
#264 = ORIENTED_EDGE ( 'NONE', *, *, #4216, .T. ) ;
#265 = DIRECTION ( 'NONE',  ( 0.000000000000000000, -1.000000000000000000, 0.000000000000000000 ) ) ;
#266 = DESIGN_CONTEXT ( 'detailed design', #3222, 'design' ) ;
#267 = DIRECTION ( 'NONE',  ( -0.000000000000000000, 1.000000000000000000, -0.000000000000000000 ) ) ;
#268 = AXIS2_PLACEMENT_3D ( 'NONE', #6536, #4386, #6720 ) ;
#269 = CARTESIAN_POINT ( 'NONE',  ( 4.000000000000000000, 2.500000000000000000, -1.250000000000000000 ) ) ;
#270 =( LENGTH_UNIT ( ) NAMED_UNIT ( * ) SI_UNIT ( .MILLI., .METRE. ) );
#271 = EDGE_CURVE ( 'NONE', #5327, #6858, #5291, .T. ) ;
#272 = VERTEX_POINT ( 'NONE', #3633 ) ;
#273 = VECTOR ( 'NONE', #3394, 1000.000000000000000 ) ;
#274 = ORIENTED_EDGE ( 'NONE', *, *, #6135, .F. ) ;
#275 = CALENDAR_DATE ( 2026, 26, 7 ) ;
#276 = CC_DESIGN_APPROVAL ( #5436, ( #4027 ) ) ;
#277 = EDGE_LOOP ( 'NONE', ( #787, #2103, #7295, #6244 ) ) ;
#278 = CARTESIAN_POINT ( 'NONE',  ( 5.750000000000000000, 2.500000000000000000, 72.50000000000000000 ) ) ;
#279 = DIRECTION ( 'NONE',  ( -1.000000000000000000, 0.000000000000000000, -0.000000000000000000 ) ) ;
#280 = AXIS2_PLACEMENT_3D ( 'NONE', #4303, #6626, #4180 ) ;
#281 = PERSON_AND_ORGANIZATION ( #6453, #6167 ) ;
#282 = AXIS2_PLACEMENT_3D ( 'NONE', #1434, #2635, #2051 ) ;
#283 = CARTESIAN_POINT ( 'NONE',  ( -8.500000000000000000, 2.500000000000000000, 12.50000000000000000 ) ) ;
#284 = EDGE_CURVE ( 'NONE', #622, #6036, #509, .T. ) ;
#285 = DIRECTION ( 'NONE',  ( 1.000000000000000000, 0.000000000000000000, 0.000000000000000000 ) ) ;
#286 = EDGE_LOOP ( 'NONE', ( #2167, #7669, #3465, #3474 ) ) ;
#287 = PERSON_AND_ORGANIZATION ( #6453, #6167 ) ;
#288 = CYLINDRICAL_SURFACE ( 'NONE', #6969, 1.250000000000004663 ) ;
#289 = AXIS2_PLACEMENT_3D ( 'NONE', #6289, #1069, #6412 ) ;
#290 = DIRECTION ( 'NONE',  ( 0.000000000000000000, 0.000000000000000000, 1.000000000000000000 ) ) ;
#291 = DIRECTION ( 'NONE',  ( -1.000000000000000000, -0.000000000000000000, -0.000000000000000000 ) ) ;
#292 = VECTOR ( 'NONE', #5435, 1000.000000000000000 ) ;
#293 = CARTESIAN_POINT ( 'NONE',  ( 10.25000000000000000, 2.500000000000000000, 1.750000000000000000 ) ) ;
#294 = ORIENTED_EDGE ( 'NONE', *, *, #6145, .T. ) ;
#295 = AXIS2_PLACEMENT_3D ( 'NONE', #7556, #2948, #5269 ) ;
#296 = CARTESIAN_POINT ( 'NONE',  ( -136.0000000000000000, 3.000000000000000000, -96.50000000000000000 ) ) ;
#297 = CALENDAR_DATE ( 2026, 26, 7 ) ;
#298 = CC_DESIGN_PERSON_AND_ORGANIZATION_ASSIGNMENT ( #2375, #3007, ( #3850 ) ) ;
#299 = DATE_AND_TIME ( #6747, #978 ) ;
#300 = CARTESIAN_POINT ( 'NONE',  ( -19.00000000000000000, 15.00000000000000000, 9.000000000000000000 ) ) ;
#301 = EDGE_CURVE ( 'NONE', #6445, #6922, #5938, .T. ) ;
#302 = VERTEX_POINT ( 'NONE', #6486 ) ;
#303 = DIRECTION ( 'NONE',  ( -0.000000000000000000, 1.000000000000000000, -0.000000000000000000 ) ) ;
#304 = DIRECTION ( 'NONE',  ( -0.000000000000000000, -0.000000000000000000, 1.000000000000000000 ) ) ;
#305 = APPROVAL_PERSON_ORGANIZATION ( #5606, #2078, #915 ) ;
#306 = CARTESIAN_POINT ( 'NONE',  ( -39.00000000000000000, 0.000000000000000000, -20.75000000000000355 ) ) ;
#307 = CC_DESIGN_PERSON_AND_ORGANIZATION_ASSIGNMENT ( #4028, #1056, ( #3558 ) ) ;
#308 = DATE_AND_TIME ( #6164, #6833 ) ;
#309 = ORIENTED_EDGE ( 'NONE', *, *, #725, .T. ) ;
#310 = LOCAL_TIME ( 19, 29, 3.000000000000000000, #323 ) ;
#311 = ORIENTED_EDGE ( 'NONE', *, *, #2957, .F. ) ;
#312 = COORDINATED_UNIVERSAL_TIME_OFFSET ( 8, 0, .AHEAD. ) ;
#313 = VERTEX_POINT ( 'NONE', #3592 ) ;
#314 = DIRECTION ( 'NONE',  ( -1.000000000000000000, 0.000000000000000000, -0.000000000000000000 ) ) ;
#315 = CARTESIAN_POINT ( 'NONE',  ( 33.00000000000000000, 40.00000000000000000, 30.50000000000000000 ) ) ;
#316 = EDGE_CURVE ( 'NONE', #1314, #1189, #631, .T. ) ;
#317 = LOCAL_TIME ( 19, 29, 3.000000000000000000, #7077 ) ;
#318 = COORDINATED_UNIVERSAL_TIME_OFFSET ( 8, 0, .AHEAD. ) ;
#319 = DIRECTION ( 'NONE',  ( -0.000000000000000000, -0.000000000000000000, 1.000000000000000000 ) ) ;
#320 = DIRECTION ( 'NONE',  ( 0.000000000000000000, 1.000000000000000000, -0.000000000000000000 ) ) ;
#321 = ADVANCED_FACE ( 'NONE', ( #3053 ), #5447, .F. ) ;
#322 = ORIENTED_EDGE ( 'NONE', *, *, #4273, .T. ) ;
#323 = COORDINATED_UNIVERSAL_TIME_OFFSET ( 8, 0, .AHEAD. ) ;
#324 = DIRECTION ( 'NONE',  ( -0.000000000000000000, 1.000000000000000000, -0.000000000000000000 ) ) ;
#325 = LOCAL_TIME ( 19, 29, 3.000000000000000000, #2929 ) ;
#326 = EDGE_CURVE ( 'NONE', #6648, #1610, #7697, .T. ) ;
#327 = DIRECTION ( 'NONE',  ( -1.000000000000000000, -0.000000000000000000, -0.000000000000000000 ) ) ;
#328 = CARTESIAN_POINT ( 'NONE',  ( -60.14999999999999858, 0.000000000000000000, 78.25000000000000000 ) ) ;
#329 = FACE_OUTER_BOUND ( 'NONE', #5372, .T. ) ;
#330 = EDGE_CURVE ( 'NONE', #5741, #6256, #1119, .T. ) ;
#331 = ORIENTED_EDGE ( 'NONE', *, *, #5672, .T. ) ;
#332 = CARTESIAN_POINT ( 'NONE',  ( 60.14999999999999858, 3.000000000000000000, -80.00000000000000000 ) ) ;
#333 = DIRECTION ( 'NONE',  ( -0.000000000000000000, -1.000000000000000000, -0.000000000000000000 ) ) ;
#334 = SHAPE_DEFINITION_REPRESENTATION ( #1067, #110 ) ;
#335 = EDGE_LOOP ( 'NONE', ( #4925, #3184 ) ) ;
#336 = DIRECTION ( 'NONE',  ( 0.000000000000000000, 0.000000000000000000, -1.000000000000000000 ) ) ;
#337 = CC_DESIGN_APPROVAL ( #1745, ( #2336 ) ) ;
#338 = DESIGN_CONTEXT ( 'detailed design', #431, 'design' ) ;
#339 = VERTEX_POINT ( 'NONE', #1182 ) ;
#340 = PLANE ( 'NONE',  #4263 ) ;
#341 = PERSON_AND_ORGANIZATION ( #6453, #6167 ) ;
#342 = FACE_OUTER_BOUND ( 'NONE', #6391, .T. ) ;
#343 = CALENDAR_DATE ( 2026, 26, 7 ) ;
#344 = LOCAL_TIME ( 19, 29, 3.000000000000000000, #639 ) ;
#345 = AXIS2_PLACEMENT_3D ( 'NONE', #4743, #6446, #7068 ) ;
#346 = ORIENTED_EDGE ( 'NONE', *, *, #2901, .T. ) ;
#347 = DIRECTION ( 'NONE',  ( -1.000000000000000000, 0.000000000000000000, 0.000000000000000000 ) ) ;
#348 = SHAPE_DEFINITION_REPRESENTATION ( #696, #1495 ) ;
#349 = ORIENTED_EDGE ( 'NONE', *, *, #4118, .F. ) ;
#350 = APPROVAL ( #2473, '未指定' ) ;
#351 = CARTESIAN_POINT ( 'NONE',  ( -4.000000000000000000, 0.000000000000000000, 1.250000000000000000 ) ) ;
#352 = VECTOR ( 'NONE', #3132, 1000.000000000000000 ) ;
#353 = CARTESIAN_POINT ( 'NONE',  ( 39.00000000000000000, 0.000000000000000000, -19.50000000000000000 ) ) ;
#354 = CIRCLE ( 'NONE', #3735, 1.750000000000001554 ) ;
#355 = PERSON_AND_ORGANIZATION ( #6453, #6167 ) ;
#356 = CARTESIAN_POINT ( 'NONE',  ( -1.750000000000000000, 0.000000000000000000, 6.500000000000000000 ) ) ;
#357 = EDGE_LOOP ( 'NONE', ( #7492, #6240 ) ) ;
#358 = DIRECTION ( 'NONE',  ( 1.000000000000000000, 0.000000000000000000, -0.000000000000000000 ) ) ;
#359 = ORIENTED_EDGE ( 'NONE', *, *, #4112, .F. ) ;
#360 = PERSON_AND_ORGANIZATION_ROLE ( 'design_owner' ) ;
#361 = AXIS2_PLACEMENT_3D ( 'NONE', #5140, #5799, #1653 ) ;
#362 = CC_DESIGN_PERSON_AND_ORGANIZATION_ASSIGNMENT ( #4878, #6034, ( #1436 ) ) ;
#363 = LINE ( 'NONE', #3412, #6217 ) ;
#364 = CARTESIAN_POINT ( 'NONE',  ( -136.0000000000000000, 3.000000000000000000, -96.50000000000000000 ) ) ;
#365 = DIRECTION ( 'NONE',  ( 0.000000000000000000, 0.000000000000000000, -1.000000000000000000 ) ) ;
#366 = DIRECTION ( 'NONE',  ( 0.000000000000000000, 0.000000000000000000, 1.000000000000000000 ) ) ;
#367 = EDGE_CURVE ( 'NONE', #4031, #6368, #4779, .T. ) ;
#368 = VERTEX_POINT ( 'NONE', #4193 ) ;
#369 = EDGE_CURVE ( 'NONE', #7019, #712, #6560, .T. ) ;
#370 = EDGE_CURVE ( 'NONE', #4507, #6667, #4421, .T. ) ;
#371 = CARTESIAN_POINT ( 'NONE',  ( 4.000000000000000000, 0.000000000000000000, 1.250000000000000000 ) ) ;
#372 = APPROVAL_DATE_TIME ( #5688, #6165 ) ;
#373 = LINE ( 'NONE', #5077, #4420 ) ;
#374 = APPROVAL_DATE_TIME ( #4174, #1040 ) ;
#375 = ORIENTED_EDGE ( 'NONE', *, *, #5580, .T. ) ;
#376 = CARTESIAN_POINT ( 'NONE',  ( -4.000000000000000000, 2.500000000000000000, 1.250000000000000000 ) ) ;
#377 = LINE ( 'NONE', #2765, #5987 ) ;
#378 = ORIENTED_EDGE ( 'NONE', *, *, #6279, .F. ) ;
#379 = COORDINATED_UNIVERSAL_TIME_OFFSET ( 8, 0, .AHEAD. ) ;
#380 = CARTESIAN_POINT ( 'NONE',  ( 3.250000000000002665, 0.000000000000000000, 12.00000000000000000 ) ) ;
#381 = DATE_TIME_ROLE ( 'classification_date' ) ;
#382 = ORIENTED_EDGE ( 'NONE', *, *, #4233, .T. ) ;
#383 = ORIENTED_EDGE ( 'NONE', *, *, #5635, .F. ) ;
#384 = DIRECTION ( 'NONE',  ( 0.000000000000000000, 0.000000000000000000, -1.000000000000000000 ) ) ;
#385 = PERSON_AND_ORGANIZATION_ROLE ( 'design_supplier' ) ;
#386 = VERTEX_POINT ( 'NONE', #6639 ) ;
#387 = DIRECTION ( 'NONE',  ( 0.000000000000000000, 0.000000000000000000, -1.000000000000000000 ) ) ;
#388 = CIRCLE ( 'NONE', #767, 1.799999999999999600 ) ;
#389 = PLANE ( 'NONE',  #6732 ) ;
#390 = DATE_AND_TIME ( #6996, #3585 ) ;
#391 = CARTESIAN_POINT ( 'NONE',  ( 39.00000000000000000, 36.00000000000000000, -19.50000000000000000 ) ) ;
#392 = VECTOR ( 'NONE', #1680, 1000.000000000000000 ) ;
#393 = SECURITY_CLASSIFICATION ( '', '', #887 ) ;
#394 = EDGE_LOOP ( 'NONE', ( #1827, #551, #2328, #3757 ) ) ;
#395 = APPLICATION_PROTOCOL_DEFINITION ( 'international standard', 'config_control_design', 1994, #431 ) ;
#396 = CARTESIAN_POINT ( 'NONE',  ( 54.00000000000000000, 3.600000000000000089, -83.10000000000000853 ) ) ;
#397 = VECTOR ( 'NONE', #4718, 1000.000000000000000 ) ;
#398 = AXIS2_PLACEMENT_3D ( 'NONE', #1361, #3745, #6044 ) ;
#399 = DIRECTION ( 'NONE',  ( 0.000000000000000000, 0.000000000000000000, -1.000000000000000000 ) ) ;
#400 = CC_DESIGN_DATE_AND_TIME_ASSIGNMENT ( #4115, #2142, ( #6300 ) ) ;
#401 = LINE ( 'NONE', #960, #4788 ) ;
#402 = CARTESIAN_POINT ( 'NONE',  ( 3.250000000000002665, 2.500000000000000000, -8.000000000000000000 ) ) ;
#403 = VECTOR ( 'NONE', #1732, 1000.000000000000000 ) ;
#404 = EDGE_CURVE ( 'NONE', #2971, #6725, #6049, .T. ) ;
#405 = EDGE_LOOP ( 'NONE', ( #2690, #2967, #6014, #7030, #3294, #2057, #970, #3000 ) ) ;
#406 = VECTOR ( 'NONE', #4732, 1000.000000000000000 ) ;
#407 = LINE ( 'NONE', #4097, #3776 ) ;
#408 = AXIS2_PLACEMENT_3D ( 'NONE', #658, #5509, #4923 ) ;
#409 = VECTOR ( 'NONE', #4926, 1000.000000000000000 ) ;
#410 = EDGE_CURVE ( 'NONE', #2257, #3353, #2018, .T. ) ;
#411 = PLANE ( 'NONE',  #5147 ) ;
#412 = DATE_TIME_ROLE ( 'classification_date' ) ;
#413 = DIRECTION ( 'NONE',  ( 0.000000000000000000, -1.000000000000000000, 0.000000000000000000 ) ) ;
#414 = DATE_AND_TIME ( #929, #571 ) ;
#415 = ORIENTED_EDGE ( 'NONE', *, *, #516, .F. ) ;
#416 = VECTOR ( 'NONE', #7353, 1000.000000000000000 ) ;
#417 = PLANE ( 'NONE',  #6089 ) ;
#418 = CARTESIAN_POINT ( 'NONE',  ( -36.00000000000000000, 3.000000000000000000, -33.50000000000000000 ) ) ;
#419 = ORIENTED_EDGE ( 'NONE', *, *, #7283, .F. ) ;
#420 = MECHANICAL_CONTEXT ( 'NONE', #6766, 'mechanical' ) ;
#421 = DIRECTION ( 'NONE',  ( 1.000000000000000000, 0.000000000000000000, 0.000000000000000000 ) ) ;
#422 = VECTOR ( 'NONE', #2039, 1000.000000000000000 ) ;
#423 = CALENDAR_DATE ( 2026, 26, 7 ) ;
#424 = VERTEX_POINT ( 'NONE', #1298 ) ;
#425 = ORIENTED_EDGE ( 'NONE', *, *, #4211, .F. ) ;
#426 = ORIENTED_EDGE ( 'NONE', *, *, #4782, .F. ) ;
#427 = DATE_TIME_ROLE ( 'creation_date' ) ;
#428 = ORIENTED_EDGE ( 'NONE', *, *, #301, .F. ) ;
#429 = DIRECTION ( 'NONE',  ( 0.000000000000000000, 0.000000000000000000, 1.000000000000000000 ) ) ;
#430 = ADVANCED_FACE ( 'NONE', ( #3708 ), #1876, .F. ) ;
#431 = APPLICATION_CONTEXT ( 'configuration controlled 3d designs of mechanical parts and assemblies' ) ;
#432 = CARTESIAN_POINT ( 'NONE',  ( 4.000000000000000000, 2.500000000000000000, 1.250000000000000000 ) ) ;
#433 = APPLICATION_PROTOCOL_DEFINITION ( 'international standard', 'config_control_design', 1994, #7560 ) ;
#434 = DIRECTION ( 'NONE',  ( 0.000000000000000000, -1.000000000000000000, 0.000000000000000000 ) ) ;
#435 = APPROVAL_PERSON_ORGANIZATION ( #1201, #4958, #5773 ) ;
#436 =( NAMED_UNIT ( * ) SI_UNIT ( $, .STERADIAN. ) SOLID_ANGLE_UNIT ( ) );
#437 = VERTEX_POINT ( 'NONE', #818 ) ;
#438 = ORIENTED_EDGE ( 'NONE', *, *, #1053, .T. ) ;
#439 = APPROVAL_ROLE ( '' ) ;
#440 = FACE_BOUND ( 'NONE', #2951, .T. ) ;
#441 = LOCAL_TIME ( 19, 29, 3.000000000000000000, #2941 ) ;
#442 = DIRECTION ( 'NONE',  ( -1.000000000000000000, 0.000000000000000000, 0.000000000000000000 ) ) ;
#443 = CALENDAR_DATE ( 2026, 26, 7 ) ;
#444 = DIRECTION ( 'NONE',  ( -0.000000000000000000, -1.000000000000000000, -0.000000000000000000 ) ) ;
#445 = LINE ( 'NONE', #1163, #3793 ) ;
#446 = LOCAL_TIME ( 19, 29, 3.000000000000000000, #2184 ) ;
#447 = ORIENTED_EDGE ( 'NONE', *, *, #2905, .T. ) ;
#448 = CC_DESIGN_PERSON_AND_ORGANIZATION_ASSIGNMENT ( #115, #3746, ( #1503 ) ) ;
#449 = ADVANCED_BREP_SHAPE_REPRESENTATION ( '', ( #2700, #6285 ), #5796 ) ;
#450 = CARTESIAN_POINT ( 'NONE',  ( 9.750000000000000000, 2.500000000000000000, 72.50000000000000000 ) ) ;
#451 = DIRECTION ( 'NONE',  ( -1.000000000000000000, 0.000000000000000000, 0.000000000000000000 ) ) ;
#452 = DATE_AND_TIME ( #1087, #1602 ) ;
#453 = LINE ( 'NONE', #6473, #1668 ) ;
#454 = VERTEX_POINT ( 'NONE', #3088 ) ;
#455 = LINE ( 'NONE', #2801, #3598 ) ;
#456 = ORIENTED_EDGE ( 'NONE', *, *, #2327, .F. ) ;
#457 = CC_DESIGN_DATE_AND_TIME_ASSIGNMENT ( #3886, #5097, ( #1850 ) ) ;
#458 = CARTESIAN_POINT ( 'NONE',  ( -39.00000000000000000, 0.000000000000000000, -19.50000000000000000 ) ) ;
#459 = PERSON_AND_ORGANIZATION_ROLE ( 'design_supplier' ) ;
#460 = CARTESIAN_POINT ( 'NONE',  ( -45.00000000000000000, 36.00000000000000000, -29.00000000000000000 ) ) ;
#461 = COORDINATED_UNIVERSAL_TIME_OFFSET ( 8, 0, .AHEAD. ) ;
#462 = ADVANCED_FACE ( 'NONE', ( #4629 ), #3408, .F. ) ;
#463 = SHAPE_REPRESENTATION_RELATIONSHIP ( 'NONE' , 'NONE' ,  #5201, #2973 ) ;
#464 = ADVANCED_FACE ( 'NONE', ( #5483 ), #5002, .F. ) ;
#465 = ORIENTED_EDGE ( 'NONE', *, *, #3423, .F. ) ;
#466 = CARTESIAN_POINT ( 'NONE',  ( -0.7500000000000000000, 2.500000000000000000, 8.000000000000000000 ) ) ;
#467 = DATE_AND_TIME ( #5208, #1082 ) ;
#468 = ORIENTED_EDGE ( 'NONE', *, *, #1043, .F. ) ;
#469 = EDGE_CURVE ( 'NONE', #6930, #5229, #121, .T. ) ;
#470 = FACE_OUTER_BOUND ( 'NONE', #940, .T. ) ;
#471 = PLANE ( 'NONE',  #2234 ) ;
#472 = ADVANCED_FACE ( 'NONE', ( #3195 ), #156, .F. ) ;
#473 = APPROVAL_PERSON_ORGANIZATION ( #4748, #5694, #593 ) ;
#474 = PERSON_AND_ORGANIZATION ( #6453, #6167 ) ;
#475 = VECTOR ( 'NONE', #2455, 1000.000000000000000 ) ;
#476 = CARTESIAN_POINT ( 'NONE',  ( 0.000000000000000000, 36.00000000000000000, 0.000000000000000000 ) ) ;
#477 =( NAMED_UNIT ( * ) SI_UNIT ( $, .STERADIAN. ) SOLID_ANGLE_UNIT ( ) );
#478 = ORIENTED_EDGE ( 'NONE', *, *, #1098, .T. ) ;
#479 = VERTEX_POINT ( 'NONE', #7255 ) ;
#480 = MECHANICAL_CONTEXT ( 'NONE', #224, 'mechanical' ) ;
#481 =( REPRESENTATION_RELATIONSHIP ('NONE','NONE', #110, #6788 ) REPRESENTATION_RELATIONSHIP_WITH_TRANSFORMATION ( #2305 )SHAPE_REPRESENTATION_RELATIONSHIP( ) );
#482 = CC_DESIGN_SECURITY_CLASSIFICATION ( #3731, ( #7718 ) ) ;
#483 = PLANE ( 'NONE',  #2357 ) ;
#484 = CIRCLE ( 'NONE', #7592, 1.750000000000001554 ) ;
#485 = DIRECTION ( 'NONE',  ( -0.000000000000000000, 1.000000000000000000, -0.000000000000000000 ) ) ;
#486 = DATE_TIME_ROLE ( 'classification_date' ) ;
#487 = EDGE_CURVE ( 'NONE', #5696, #4465, #4315, .T. ) ;
#488 = CARTESIAN_POINT ( 'NONE',  ( -60.14999999999999858, 0.000000000000000000, 32.35000000000000142 ) ) ;
#489 = AXIS2_PLACEMENT_3D ( 'NONE', #2546, #6728, #5598 ) ;
#490 = DIRECTION ( 'NONE',  ( -0.000000000000000000, -1.000000000000000000, -0.000000000000000000 ) ) ;
#491 = ORIENTED_EDGE ( 'NONE', *, *, #3628, .T. ) ;
#492 = VECTOR ( 'NONE', #3751, 1000.000000000000000 ) ;
#493 = LINE ( 'NONE', #7601, #5032 ) ;
#494 = DIRECTION ( 'NONE',  ( -1.000000000000000000, -0.000000000000000000, -0.000000000000000000 ) ) ;
#495 = DATE_AND_TIME ( #3938, #1482 ) ;
#496 = CARTESIAN_POINT ( 'NONE',  ( 45.00000000000000000, 36.00000000000000000, 29.00000000000000000 ) ) ;
#497 = CC_DESIGN_PERSON_AND_ORGANIZATION_ASSIGNMENT ( #1381, #2935, ( #2336 ) ) ;
#498 = PERSON ( 'NAUO-PER3', 'UNSPECIFIED', 'UNSPECIFIED', ('UNSPECIFIED'), ('UNSPECIFIED'), ('UNSPECIFIED') ) ;
#499 = CIRCLE ( 'NONE', #7234, 1.750000000000001554 ) ;
#500 = EDGE_LOOP ( 'NONE', ( #7244, #1982, #7147, #5967 ) ) ;
#501 = ORIENTED_EDGE ( 'NONE', *, *, #370, .T. ) ;
#502 = ORIENTED_EDGE ( 'NONE', *, *, #3764, .F. ) ;
#503 = DIRECTION ( 'NONE',  ( 0.000000000000000000, -0.000000000000000000, -1.000000000000000000 ) ) ;
#504 = DATE_TIME_ROLE ( 'creation_date' ) ;
#505 = CYLINDRICAL_SURFACE ( 'NONE', #5641, 1.250000000000004663 ) ;
#506 = DATE_AND_TIME ( #343, #5226 ) ;
#507 = CC_DESIGN_DATE_AND_TIME_ASSIGNMENT ( #6533, #2980, ( #1325 ) ) ;
#508 = EDGE_LOOP ( 'NONE', ( #3391, #7483, #1637, #6457 ) ) ;
#509 = LINE ( 'NONE', #3552, #5484 ) ;
#510 = EDGE_CURVE ( 'NONE', #6906, #1304, #4931, .T. ) ;
#511 = CALENDAR_DATE ( 2026, 26, 7 ) ;
#512 = ORIENTED_EDGE ( 'NONE', *, *, #1336, .F. ) ;
#513 = CARTESIAN_POINT ( 'NONE',  ( -57.50000000000000000, 35.00000000000000000, -85.00000000000000000 ) ) ;
#514 = LINE ( 'NONE', #5297, #6 ) ;
#515 = APPROVAL_ROLE ( '' ) ;
#516 = EDGE_CURVE ( 'NONE', #4440, #3789, #7223, .T. ) ;
#517 = DIRECTION ( 'NONE',  ( 0.000000000000000000, -0.000000000000000000, -1.000000000000000000 ) ) ;
#518 = VERTEX_POINT ( 'NONE', #1332 ) ;
#519 = VECTOR ( 'NONE', #2906, 1000.000000000000000 ) ;
#520 = ORIENTED_EDGE ( 'NONE', *, *, #4310, .T. ) ;
#521 = DATE_AND_TIME ( #2194, #317 ) ;
#522 = EDGE_CURVE ( 'NONE', #2419, #2927, #7294, .T. ) ;
#523 = DIRECTION ( 'NONE',  ( 0.000000000000000000, -0.000000000000000000, -1.000000000000000000 ) ) ;
#524 = EDGE_CURVE ( 'NONE', #3438, #4103, #4964, .T. ) ;
#525 = DIRECTION ( 'NONE',  ( 0.000000000000000000, -1.000000000000000000, 0.000000000000000000 ) ) ;
#526 = VECTOR ( 'NONE', #7409, 1000.000000000000000 ) ;
#527 = APPROVAL_DATE_TIME ( #4009, #5367 ) ;
#528 = LINE ( 'NONE', #6376, #6646 ) ;
#529 = CARTESIAN_POINT ( 'NONE',  ( -8.250000000000000000, 2.500000000000000000, 3.750000000000000000 ) ) ;
#530 = EDGE_LOOP ( 'NONE', ( #6594, #5560, #456, #2615 ) ) ;
#531 = VECTOR ( 'NONE', #3581, 1000.000000000000000 ) ;
#532 = CC_DESIGN_APPROVAL ( #2787, ( #6257 ) ) ;
#533 = EDGE_CURVE ( 'NONE', #1265, #1189, #3121, .T. ) ;
#534 = CARTESIAN_POINT ( 'NONE',  ( -33.00000000000000000, 0.000000000000000000, 30.50000000000000000 ) ) ;
#535 = CARTESIAN_POINT ( 'NONE',  ( -1.750000000000000000, 2.500000000000000000, 10.50000000000000000 ) ) ;
#536 = VECTOR ( 'NONE', #2820, 1000.000000000000000 ) ;
#537 = LINE ( 'NONE', #5192, #2537 ) ;
#538 = ORIENTED_EDGE ( 'NONE', *, *, #330, .T. ) ;
#539 = ORIENTED_EDGE ( 'NONE', *, *, #2415, .F. ) ;
#540 = AXIS2_PLACEMENT_3D ( 'NONE', #3192, #4528, #4457 ) ;
#541 = APPROVAL ( #1635, 'UNKNOWN' ) ;
#542 = DIRECTION ( 'NONE',  ( 0.000000000000000000, -1.000000000000000000, 0.000000000000000000 ) ) ;
#543 = APPROVAL_ROLE ( '' ) ;
#544 = DIRECTION ( 'NONE',  ( -0.000000000000000000, -1.000000000000000000, -0.000000000000000000 ) ) ;
#545 = APPROVAL_ROLE ( '' ) ;
#546 = VECTOR ( 'NONE', #7636, 1000.000000000000000 ) ;
#547 =( NAMED_UNIT ( * ) SI_UNIT ( $, .STERADIAN. ) SOLID_ANGLE_UNIT ( ) );
#548 = EDGE_LOOP ( 'NONE', ( #7273, #3819 ) ) ;
#549 = LINE ( 'NONE', #48, #5228 ) ;
#550 = PERSON_AND_ORGANIZATION ( #6453, #6167 ) ;
#551 = ORIENTED_EDGE ( 'NONE', *, *, #710, .F. ) ;
#552 = LINE ( 'NONE', #4117, #2995 ) ;
#553 = CC_DESIGN_PERSON_AND_ORGANIZATION_ASSIGNMENT ( #1945, #5478, ( #393 ) ) ;
#554 = DIRECTION ( 'NONE',  ( 0.000000000000000000, 1.000000000000000000, 0.000000000000000000 ) ) ;
#555 = ADVANCED_BREP_SHAPE_REPRESENTATION ( '', ( #7491, #6285 ), #1803 ) ;
#556 = PERSON_AND_ORGANIZATION_ROLE ( 'design_owner' ) ;
#557 = CARTESIAN_POINT ( 'NONE',  ( 28.00000000000000000, 3.000000000000000000, 15.50000000000000000 ) ) ;
#558 = VERTEX_POINT ( 'NONE', #6195 ) ;
#559 = APPROVAL_PERSON_ORGANIZATION ( #7618, #6269, #6447 ) ;
#560 = ORIENTED_EDGE ( 'NONE', *, *, #5003, .T. ) ;
#561 = DATE_AND_TIME ( #5261, #3694 ) ;
#562 = CARTESIAN_POINT ( 'NONE',  ( -14.25000000000000000, 2.500000000000000000, 8.000000000000000000 ) ) ;
#563 = EDGE_CURVE ( 'NONE', #4184, #1333, #3219, .T. ) ;
#564 = DIRECTION ( 'NONE',  ( 0.000000000000000000, 0.000000000000000000, -1.000000000000000000 ) ) ;
#565 = APPROVAL_STATUS ( 'not_yet_approved' ) ;
#566 = LINE ( 'NONE', #4729, #1410 ) ;
#567 = PRODUCT ( 'FN-ASM-002_internal-layout-harness_R0.4', 'FN-ASM-002_internal-layout-harness_R0.4', '', ( #2799 ) ) ;
#568 = DIRECTION ( 'NONE',  ( -0.000000000000000000, -1.000000000000000000, -0.000000000000000000 ) ) ;
#569 = PERSON_AND_ORGANIZATION_ROLE ( 'design_supplier' ) ;
#570 = ORIENTED_EDGE ( 'NONE', *, *, #2425, .F. ) ;
#571 = LOCAL_TIME ( 19, 29, 3.000000000000000000, #3901 ) ;
#572 = EDGE_CURVE ( 'NONE', #4513, #558, #733, .T. ) ;
#573 = CARTESIAN_POINT ( 'NONE',  ( 0.000000000000000000, 0.000000000000000000, 0.000000000000000000 ) ) ;
#574 = ADVANCED_FACE ( 'NONE', ( #3749 ), #777, .F. ) ;
#575 = LINE ( 'NONE', #2838, #1397 ) ;
#576 = APPROVAL_PERSON_ORGANIZATION ( #5986, #7187, #3603 ) ;
#577 = DIRECTION ( 'NONE',  ( 0.000000000000000000, 0.000000000000000000, 1.000000000000000000 ) ) ;
#578 = ORIENTED_EDGE ( 'NONE', *, *, #5637, .T. ) ;
#579 = EDGE_CURVE ( 'NONE', #6837, #6194, #5775, .T. ) ;
#580 = ORIENTED_EDGE ( 'NONE', *, *, #3621, .T. ) ;
#581 = DIRECTION ( 'NONE',  ( -0.000000000000000000, -1.000000000000000000, -0.000000000000000000 ) ) ;
#582 = DATE_AND_TIME ( #5891, #5075 ) ;
#583 = CARTESIAN_POINT ( 'NONE',  ( -8.250000000000000000, 2.500000000000000000, 11.25000000000000000 ) ) ;
#584 = COORDINATED_UNIVERSAL_TIME_OFFSET ( 8, 0, .AHEAD. ) ;
#585 =( REPRESENTATION_RELATIONSHIP ('NONE','NONE', #110, #1260 ) REPRESENTATION_RELATIONSHIP_WITH_TRANSFORMATION ( #5860 )SHAPE_REPRESENTATION_RELATIONSHIP( ) );
#586 = EDGE_CURVE ( 'NONE', #6726, #4459, #4570, .T. ) ;
#587 =( NAMED_UNIT ( * ) PLANE_ANGLE_UNIT ( ) SI_UNIT ( $, .RADIAN. ) );
#588 = ORIENTED_EDGE ( 'NONE', *, *, #4069, .T. ) ;
#589 = LINE ( 'NONE', #2420, #475 ) ;
#590 = DATE_TIME_ROLE ( 'classification_date' ) ;
#591 = ORIENTED_EDGE ( 'NONE', *, *, #197, .F. ) ;
#592 = CARTESIAN_POINT ( 'NONE',  ( 5.750000000000000000, 2.500000000000000000, -72.50000000000000000 ) ) ;
#593 = APPROVAL_ROLE ( '' ) ;
#594 = APPROVAL_PERSON_ORGANIZATION ( #5671, #3123, #3839 ) ;
#595 = CARTESIAN_POINT ( 'NONE',  ( 0.000000000000000000, 0.000000000000000000, 0.000000000000000000 ) ) ;
#596 = SHAPE_REPRESENTATION_RELATIONSHIP ( 'NONE' , 'NONE' ,  #4908, #5028 ) ;
#597 = PRODUCT_RELATED_PRODUCT_CATEGORY ( 'detail', '', ( #5511 ) ) ;
#598 = EDGE_LOOP ( 'NONE', ( #71, #5043, #4044, #7096 ) ) ;
#599 = ORIENTED_EDGE ( 'NONE', *, *, #3816, .F. ) ;
#600 = DATE_AND_TIME ( #2389, #6554 ) ;
#601 = DIRECTION ( 'NONE',  ( 0.000000000000000000, 0.000000000000000000, -1.000000000000000000 ) ) ;
#602 = FACE_OUTER_BOUND ( 'NONE', #1683, .T. ) ;
#603 = DIRECTION ( 'NONE',  ( -0.000000000000000000, -1.000000000000000000, -0.000000000000000000 ) ) ;
#604 = APPROVAL_DATE_TIME ( #4907, #5436 ) ;
#605 = CARTESIAN_POINT ( 'NONE',  ( -39.00000000000000000, 0.000000000000000000, 19.50000000000000000 ) ) ;
#606 = CC_DESIGN_APPROVAL ( #5280, ( #3850 ) ) ;
#607 = CARTESIAN_POINT ( 'NONE',  ( -28.00000000000000000, 3.000000000000000000, 15.50000000000000000 ) ) ;
#608 = APPROVAL ( #7241, '未指定' ) ;
#609 = COORDINATED_UNIVERSAL_TIME_OFFSET ( 8, 0, .AHEAD. ) ;
#610 = VECTOR ( 'NONE', #2573, 1000.000000000000000 ) ;
#611 = DIRECTION ( 'NONE',  ( 0.000000000000000000, -0.000000000000000000, -1.000000000000000000 ) ) ;
#612 = EDGE_LOOP ( 'NONE', ( #6836, #5033, #6319, #6735 ) ) ;
#613 = APPROVAL_PERSON_ORGANIZATION ( #6898, #645, #6266 ) ;
#614 = DIRECTION ( 'NONE',  ( -0.000000000000000000, 1.000000000000000000, -0.000000000000000000 ) ) ;
#615 = AXIS2_PLACEMENT_3D ( 'NONE', #1075, #5264, #523 ) ;
#616 = CARTESIAN_POINT ( 'NONE',  ( 39.00000000000000000, 5.000000000000000000, -19.50000000000000000 ) ) ;
#617 = FACE_OUTER_BOUND ( 'NONE', #5051, .T. ) ;
#618 = EDGE_CURVE ( 'NONE', #1454, #3455, #2722, .T. ) ;
#619 = ORIENTED_EDGE ( 'NONE', *, *, #579, .F. ) ;
#620 = EDGE_CURVE ( 'NONE', #1753, #4192, #5658, .T. ) ;
#621 = VECTOR ( 'NONE', #1772, 1000.000000000000000 ) ;
#622 = VERTEX_POINT ( 'NONE', #3352 ) ;
#623 = DIRECTION ( 'NONE',  ( 0.000000000000000000, 0.000000000000000000, -1.000000000000000000 ) ) ;
#624 = COORDINATED_UNIVERSAL_TIME_OFFSET ( 8, 0, .AHEAD. ) ;
#625 = CARTESIAN_POINT ( 'NONE',  ( -57.50000000000000000, 0.000000000000000000, -85.00000000000000000 ) ) ;
#626 = EDGE_CURVE ( 'NONE', #3942, #5834, #5120, .T. ) ;
#627 = CALENDAR_DATE ( 2026, 26, 7 ) ;
#628 = AXIS2_PLACEMENT_3D ( 'NONE', #2109, #4509, #6878 ) ;
#629 = CARTESIAN_POINT ( 'NONE',  ( 126.0000000000000000, 3.000000000000000000, -45.00000000000000000 ) ) ;
#630 = ORIENTED_EDGE ( 'NONE', *, *, #1755, .F. ) ;
#631 = LINE ( 'NONE', #5407, #5714 ) ;
#632 = COORDINATED_UNIVERSAL_TIME_OFFSET ( 8, 0, .AHEAD. ) ;
#633 = EDGE_CURVE ( 'NONE', #1455, #4858, #3389, .T. ) ;
#634 = EDGE_LOOP ( 'NONE', ( #1835, #3956, #3700, #3060 ) ) ;
#635 = EDGE_CURVE ( 'NONE', #5517, #6937, #7092, .T. ) ;
#636 = LINE ( 'NONE', #4039, #3744 ) ;
#637 = PRODUCT_DEFINITION_SHAPE ( 'NONE', 'NONE',  #7715 ) ;
#638 = EDGE_CURVE ( 'NONE', #6478, #6752, #989, .T. ) ;
#639 = COORDINATED_UNIVERSAL_TIME_OFFSET ( 8, 0, .AHEAD. ) ;
#640 = DIRECTION ( 'NONE',  ( 1.000000000000000000, 0.000000000000000000, 0.000000000000000000 ) ) ;
#641 = ORIENTED_EDGE ( 'NONE', *, *, #1663, .F. ) ;
#642 = ORIENTED_EDGE ( 'NONE', *, *, #3726, .F. ) ;
#643 = PERSON_AND_ORGANIZATION_ROLE ( 'creator' ) ;
#644 = LINE ( 'NONE', #6613, #1485 ) ;
#645 = APPROVAL ( #6304, 'UNKNOWN' ) ;
#646 = PLANE ( 'NONE',  #268 ) ;
#647 = APPROVAL_DATE_TIME ( #4255, #2787 ) ;
#648 = DIRECTION ( 'NONE',  ( 0.000000000000000000, -1.000000000000000000, 0.000000000000000000 ) ) ;
#649 = CIRCLE ( 'NONE', #6136, 1.250000000000004663 ) ;
#650 = DIRECTION ( 'NONE',  ( 0.000000000000000000, -1.000000000000000000, 0.000000000000000000 ) ) ;
#651 = PERSON_AND_ORGANIZATION_ROLE ( 'creator' ) ;
#652 = CARTESIAN_POINT ( 'NONE',  ( -33.00000000000000000, 40.00000000000000000, -30.50000000000000000 ) ) ;
#653 = ORIENTED_EDGE ( 'NONE', *, *, #5765, .T. ) ;
#654 = AXIS2_PLACEMENT_3D ( 'NONE', #4848, #6663, #177 ) ;
#655 = APPROVAL ( #1183, '未指定' ) ;
#656 = CARTESIAN_POINT ( 'NONE',  ( -158.9499999999999886, 91.09999999999999432, -119.4500000000000028 ) ) ;
#657 = CARTESIAN_POINT ( 'NONE',  ( -4.000000000000000000, 0.000000000000000000, 1.250000000000000000 ) ) ;
#658 = CARTESIAN_POINT ( 'NONE',  ( 0.000000000000000000, 2.500000000000000000, 0.000000000000000000 ) ) ;
#659 = CIRCLE ( 'NONE', #3262, 1.799999999999999600 ) ;
#660 = LOCAL_TIME ( 19, 29, 3.000000000000000000, #4170 ) ;
#661 = VERTEX_POINT ( 'NONE', #7482 ) ;
#662 = ORIENTED_EDGE ( 'NONE', *, *, #4388, .F. ) ;
#663 = CC_DESIGN_PERSON_AND_ORGANIZATION_ASSIGNMENT ( #6542, #4567, ( #2274 ) ) ;
#664 = CARTESIAN_POINT ( 'NONE',  ( 33.00000000000000000, 40.00000000000000000, 30.50000000000000000 ) ) ;
#665 = AXIS2_PLACEMENT_3D ( 'NONE', #180, #1542, #6814 ) ;
#666 = VECTOR ( 'NONE', #2836, 1000.000000000000000 ) ;
#667 = PERSON_AND_ORGANIZATION_ROLE ( 'design_supplier' ) ;
#668 = CYLINDRICAL_SURFACE ( 'NONE', #5763, 1.600000000000004086 ) ;
#669 = ORIENTED_EDGE ( 'NONE', *, *, #6501, .T. ) ;
#670 = CIRCLE ( 'NONE', #7262, 1.600000000000004086 ) ;
#671 = CARTESIAN_POINT ( 'NONE',  ( 39.00000000000000000, 0.000000000000000000, -20.75000000000000355 ) ) ;
#672 = EDGE_LOOP ( 'NONE', ( #653, #7062, #4348, #6868 ) ) ;
#673 = UNCERTAINTY_MEASURE_WITH_UNIT (LENGTH_MEASURE( 1.000000000000000082E-05 ), #6455, 'distance_accuracy_value', 'NONE');
#674 = DIRECTION ( 'NONE',  ( 1.000000000000000000, 0.000000000000000000, 0.000000000000000000 ) ) ;
#675 = VECTOR ( 'NONE', #5071, 1000.000000000000000 ) ;
#676 = COORDINATED_UNIVERSAL_TIME_OFFSET ( 8, 0, .AHEAD. ) ;
#677 = CARTESIAN_POINT ( 'NONE',  ( -9.750000000000000000, 2.500000000000000000, -72.50000000000000000 ) ) ;
#678 = EDGE_LOOP ( 'NONE', ( #5554, #1974, #4671, #2920, #3002, #426, #1386, #7668 ) ) ;
#679 = ORIENTED_EDGE ( 'NONE', *, *, #2229, .T. ) ;
#680 = APPROVAL_ROLE ( '' ) ;
#681 = LINE ( 'NONE', #4207, #7597 ) ;
#682 = CIRCLE ( 'NONE', #3672, 1.250000000000004663 ) ;
#683 = PERSON_AND_ORGANIZATION ( #6453, #6167 ) ;
#684 = LINE ( 'NONE', #3068, #4918 ) ;
#685 = DIRECTION ( 'NONE',  ( 1.000000000000000000, 0.000000000000000000, 0.000000000000000000 ) ) ;
#686 = PERSON_AND_ORGANIZATION_ROLE ( 'design_supplier' ) ;
#687 = CARTESIAN_POINT ( 'NONE',  ( -8.250000000000000000, 0.000000000000000000, 7.250000000000000000 ) ) ;
#688 = ORIENTED_EDGE ( 'NONE', *, *, #2909, .F. ) ;
#689 = AXIS2_PLACEMENT_3D ( 'NONE', #7141, #4818, #4191 ) ;
#690 = DIRECTION ( 'NONE',  ( 0.000000000000000000, 1.000000000000000000, 0.000000000000000000 ) ) ;
#691 = DIRECTION ( 'NONE',  ( 1.000000000000000000, 0.000000000000000000, 0.000000000000000000 ) ) ;
#692 = CARTESIAN_POINT ( 'NONE',  ( -54.00000000000000000, 0.000000000000000000, -83.10000000000000853 ) ) ;
#693 = PRODUCT_DEFINITION_FORMATION_WITH_SPECIFIED_SOURCE ( '任何', '', #6425, .NOT_KNOWN. ) ;
#694 = CC_DESIGN_PERSON_AND_ORGANIZATION_ASSIGNMENT ( #6441, #5124, ( #5187 ) ) ;
#695 = ORIENTED_EDGE ( 'NONE', *, *, #3960, .T. ) ;
#696 = PRODUCT_DEFINITION_SHAPE ( 'NONE', 'NONE',  #6855 ) ;
#697 = DIRECTION ( 'NONE',  ( -0.000000000000000000, -1.000000000000000000, -0.000000000000000000 ) ) ;
#698 = LOCAL_TIME ( 19, 29, 3.000000000000000000, #3758 ) ;
#699 = DATE_AND_TIME ( #3587, #6882 ) ;
#700 = DATE_AND_TIME ( #3671, #2216 ) ;
#701 = CC_DESIGN_PERSON_AND_ORGANIZATION_ASSIGNMENT ( #993, #4087, ( #4700 ) ) ;
#702 = VERTEX_POINT ( 'NONE', #6392 ) ;
#703 = APPROVAL_PERSON_ORGANIZATION ( #7146, #655, #6524 ) ;
#704 = DIRECTION ( 'NONE',  ( -1.000000000000000000, 0.000000000000000000, 0.000000000000000000 ) ) ;
#705 = VERTEX_POINT ( 'NONE', #3903 ) ;
#706 = DIRECTION ( 'NONE',  ( -1.000000000000000000, -0.000000000000000000, -0.000000000000000000 ) ) ;
#707 = DATE_TIME_ROLE ( 'classification_date' ) ;
#708 = EDGE_CURVE ( 'NONE', #3164, #1184, #455, .T. ) ;
#709 =( LENGTH_UNIT ( ) NAMED_UNIT ( * ) SI_UNIT ( .MILLI., .METRE. ) );
#710 = EDGE_CURVE ( 'NONE', #1454, #4664, #3310, .T. ) ;
#711 = EDGE_LOOP ( 'NONE', ( #6949, #217, #5482, #1253 ) ) ;
#712 = VERTEX_POINT ( 'NONE', #5816 ) ;
#713 = DATE_AND_TIME ( #6061, #3562 ) ;
#714 = DIRECTION ( 'NONE',  ( -0.000000000000000000, -1.000000000000000000, -0.000000000000000000 ) ) ;
#715 = ORIENTED_EDGE ( 'NONE', *, *, #6723, .T. ) ;
#716 = EDGE_CURVE ( 'NONE', #6725, #4819, #1479, .T. ) ;
#717 = DATE_TIME_ROLE ( 'classification_date' ) ;
#718 = CARTESIAN_POINT ( 'NONE',  ( 158.9499999999999886, 0.000000000000000000, 119.4500000000000028 ) ) ;
#719 = LINE ( 'NONE', #1311, #2921 ) ;
#720 = CALENDAR_DATE ( 2026, 26, 7 ) ;
#721 = CC_DESIGN_SECURITY_CLASSIFICATION ( #2336, ( #964 ) ) ;
#722 = FACE_OUTER_BOUND ( 'NONE', #4476, .T. ) ;
#723 = ORIENTED_EDGE ( 'NONE', *, *, #2391, .F. ) ;
#724 = FACE_OUTER_BOUND ( 'NONE', #6584, .T. ) ;
#725 = EDGE_CURVE ( 'NONE', #1733, #4268, #1587, .T. ) ;
#726 = EDGE_CURVE ( 'NONE', #313, #5229, #484, .T. ) ;
#727 = CC_DESIGN_APPROVAL ( #5694, ( #5960 ) ) ;
#728 = DIRECTION ( 'NONE',  ( 0.000000000000000000, 1.000000000000000000, 0.000000000000000000 ) ) ;
#729 = CLOSED_SHELL ( 'NONE', ( #3379, #2663, #6631, #1729, #3289, #6435 ) ) ;
#730 = DIRECTION ( 'NONE',  ( 0.000000000000000000, 0.000000000000000000, -1.000000000000000000 ) ) ;
#731 = EDGE_LOOP ( 'NONE', ( #7454, #797, #723, #5012 ) ) ;
#732 = CC_DESIGN_SECURITY_CLASSIFICATION ( #4484, ( #7725 ) ) ;
#733 = CIRCLE ( 'NONE', #5490, 1.799999999999999600 ) ;
#734 = LINE ( 'NONE', #7286, #57 ) ;
#735 = APPLICATION_PROTOCOL_DEFINITION ( 'international standard', 'config_control_design', 1994, #1032 ) ;
#736 = PRODUCT_DEFINITION ( '未知', '', #6580, #124 ) ;
#737 = PERSON_AND_ORGANIZATION_ROLE ( 'classification_officer' ) ;
#738 = SECURITY_CLASSIFICATION ( '', '', #6114 ) ;
#739 = CIRCLE ( 'NONE', #4872, 1.799999999999999600 ) ;
#740 = CARTESIAN_POINT ( 'NONE',  ( -133.2500000000000000, 16.00000000000000000, 0.000000000000000000 ) ) ;
#741 = ORIENTED_EDGE ( 'NONE', *, *, #7196, .F. ) ;
#742 = CARTESIAN_POINT ( 'NONE',  ( 0.5000000000000004441, 2.500000000000000000, 12.50000000000000000 ) ) ;
#743 = ORIENTED_EDGE ( 'NONE', *, *, #6379, .T. ) ;
#744 = LINE ( 'NONE', #195, #1128 ) ;
#745 = CIRCLE ( 'NONE', #242, 1.600000000000004086 ) ;
#746 = PRODUCT_DEFINITION ( '未知', '', #5464, #2457 ) ;
#747 = DATE_AND_TIME ( #3597, #5707 ) ;
#748 =( LENGTH_UNIT ( ) NAMED_UNIT ( * ) SI_UNIT ( .MILLI., .METRE. ) );
#749 = VERTEX_POINT ( 'NONE', #3867 ) ;
#750 = ORIENTED_EDGE ( 'NONE', *, *, #4962, .F. ) ;
#751 = PERSON_AND_ORGANIZATION ( #6453, #6167 ) ;
#752 = CARTESIAN_POINT ( 'NONE',  ( 0.000000000000000000, 3.000000000000000000, 0.000000000000000000 ) ) ;
#753 = ADVANCED_FACE ( 'NONE', ( #1008 ), #417, .T. ) ;
#754 = CALENDAR_DATE ( 2026, 26, 7 ) ;
#755 = PLANE ( 'NONE',  #3279 ) ;
#756 = PRODUCT_DEFINITION_SHAPE ( 'NONE', 'NONE',  #736 ) ;
#757 = EDGE_CURVE ( 'NONE', #6906, #1029, #7406, .T. ) ;
#758 = DIRECTION ( 'NONE',  ( 0.000000000000000000, -1.000000000000000000, 0.000000000000000000 ) ) ;
#759 = ORIENTED_EDGE ( 'NONE', *, *, #5502, .F. ) ;
#760 = DATE_TIME_ROLE ( 'classification_date' ) ;
#761 = EDGE_CURVE ( 'NONE', #1934, #6091, #354, .T. ) ;
#762 = LINE ( 'NONE', #5538, #2102 ) ;
#763 = CARTESIAN_POINT ( 'NONE',  ( -28.00000000000000000, 3.000000000000000000, -15.50000000000000000 ) ) ;
#764 = LINE ( 'NONE', #3258, #3397 ) ;
#765 = LINE ( 'NONE', #3148, #3157 ) ;
#766 = ORIENTED_EDGE ( 'NONE', *, *, #5819, .F. ) ;
#768 = EDGE_CURVE ( 'NONE', #4939, #6116, #7442, .T. ) ;
#767 = AXIS2_PLACEMENT_3D ( 'NONE', #5572, #6853, #212 ) ;
#769 = EDGE_CURVE ( 'NONE', #6532, #3409, #6903, .T. ) ;
#770 = DIRECTION ( 'NONE',  ( -0.000000000000000000, 1.000000000000000000, -0.000000000000000000 ) ) ;
#771 = PERSON_AND_ORGANIZATION ( #6453, #6167 ) ;
#772 = CIRCLE ( 'NONE', #6642, 1.750000000000001554 ) ;
#773 = APPROVAL_STATUS ( 'not_yet_approved' ) ;
#774 = CC_DESIGN_APPROVAL ( #1701, ( #1503 ) ) ;
#775 = CARTESIAN_POINT ( 'NONE',  ( -7.750000000000000000, 16.00000000000000000, -25.50000000000000000 ) ) ;
#776 = VERTEX_POINT ( 'NONE', #969 ) ;
#777 = PLANE ( 'NONE',  #6964 ) ;
#778 = ORIENTED_EDGE ( 'NONE', *, *, #6143, .T. ) ;
#779 = CC_DESIGN_DATE_AND_TIME_ASSIGNMENT ( #7300, #6721, ( #1730 ) ) ;
#780 = VECTOR ( 'NONE', #213, 1000.000000000000000 ) ;
#781 = VECTOR ( 'NONE', #4959, 1000.000000000000000 ) ;
#782 = DIRECTION ( 'NONE',  ( 0.000000000000000000, -1.000000000000000000, 0.000000000000000000 ) ) ;
#783 = CARTESIAN_POINT ( 'NONE',  ( 36.00000000000000000, 0.000000000000000000, -33.50000000000000000 ) ) ;
#784 = DATE_AND_TIME ( #4502, #5592 ) ;
#785 = VECTOR ( 'NONE', #5603, 1000.000000000000000 ) ;
#786 = EDGE_LOOP ( 'NONE', ( #248, #4532, #3866, #6686 ) ) ;
#787 = ORIENTED_EDGE ( 'NONE', *, *, #2827, .F. ) ;
#788 = COORDINATED_UNIVERSAL_TIME_OFFSET ( 8, 0, .AHEAD. ) ;
#789 = CC_DESIGN_PERSON_AND_ORGANIZATION_ASSIGNMENT ( #3703, #849, ( #3518 ) ) ;
#790 = CARTESIAN_POINT ( 'NONE',  ( 0.000000000000000000, 15.00000000000000000, 0.000000000000000000 ) ) ;
#791 = AXIS2_PLACEMENT_3D ( 'NONE', #5770, #5354, #4061 ) ;
#792 = VECTOR ( 'NONE', #4812, 1000.000000000000000 ) ;
#793 = APPLICATION_PROTOCOL_DEFINITION ( 'international standard', 'config_control_design', 1994, #3222 ) ;
#794 = CARTESIAN_POINT ( 'NONE',  ( 5.750000000000000000, 2.500000000000000000, -72.50000000000000000 ) ) ;
#795 = CARTESIAN_POINT ( 'NONE',  ( 4.750000000000000888, 2.500000000000000000, 3.750000000000000000 ) ) ;
#796 = CIRCLE ( 'NONE', #295, 1.750000000000001554 ) ;
#797 = ORIENTED_EDGE ( 'NONE', *, *, #1655, .T. ) ;
#798 = PERSON_AND_ORGANIZATION ( #6453, #6167 ) ;
#799 = EDGE_CURVE ( 'NONE', #1271, #164, #1859, .T. ) ;
#800 = CARTESIAN_POINT ( 'NONE',  ( 4.750000000000000000, 0.000000000000000000, 3.750000000000000000 ) ) ;
#801 = EDGE_CURVE ( 'NONE', #1894, #7412, #6069, .T. ) ;
#802 = ADVANCED_FACE ( 'NONE', ( #722 ), #6621, .F. ) ;
#803 = DIRECTION ( 'NONE',  ( 1.000000000000000000, 0.000000000000000000, 0.000000000000000000 ) ) ;
#804 = VECTOR ( 'NONE', #320, 1000.000000000000000 ) ;
#805 = DIRECTION ( 'NONE',  ( 0.000000000000000000, -1.000000000000000000, 0.000000000000000000 ) ) ;
#806 = CARTESIAN_POINT ( 'NONE',  ( 60.14999999999999858, 5.000000000000000000, -78.25000000000000000 ) ) ;
#807 = ADVANCED_FACE ( 'NONE', ( #1933 ), #4175, .F. ) ;
#808 = VERTEX_POINT ( 'NONE', #652 ) ;
#809 =( GEOMETRIC_REPRESENTATION_CONTEXT ( 3 ) GLOBAL_UNCERTAINTY_ASSIGNED_CONTEXT ( ( #972 ) ) GLOBAL_UNIT_ASSIGNED_CONTEXT ( ( #4503, #7615, #1562 ) ) REPRESENTATION_CONTEXT ( 'NONE', 'WORKASPACE' ) );
#810 = EDGE_CURVE ( 'NONE', #4465, #3683, #4763, .T. ) ;
#811 = CARTESIAN_POINT ( 'NONE',  ( 4.000000000000000000, 2.500000000000000000, 1.250000000000000000 ) ) ;
#812 = DATE_AND_TIME ( #6786, #2526 ) ;
#813 = CC_DESIGN_APPROVAL ( #4958, ( #3178 ) ) ;
#814 = COORDINATED_UNIVERSAL_TIME_OFFSET ( 8, 0, .AHEAD. ) ;
#815 = CARTESIAN_POINT ( 'NONE',  ( 54.00000000000000000, 1.599999999999999867, -81.50000000000000000 ) ) ;
#816 = DIRECTION ( 'NONE',  ( 1.000000000000000000, 0.000000000000000000, 0.000000000000000000 ) ) ;
#817 = ORIENTED_EDGE ( 'NONE', *, *, #1098, .F. ) ;
#818 = CARTESIAN_POINT ( 'NONE',  ( 54.00000000000000000, 1.599999999999999867, -83.10000000000000853 ) ) ;
#819 = ORIENTED_EDGE ( 'NONE', *, *, #1608, .F. ) ;
#820 = UNCERTAINTY_MEASURE_WITH_UNIT (LENGTH_MEASURE( 1.000000000000000082E-05 ), #3680, 'distance_accuracy_value', 'NONE');
#821 = APPROVAL_PERSON_ORGANIZATION ( #4713, #2893, #1575 ) ;
#822 = CARTESIAN_POINT ( 'NONE',  ( 45.00000000000000000, 36.00000000000000000, -29.00000000000000000 ) ) ;
#823 = PRODUCT ( 'FN-PLT-004_fr4-rect_8HOLE-NOMINAL_R0.4', 'FN-PLT-004_fr4-rect_8HOLE-NOMINAL_R0.4', '', ( #134 ) ) ;
#824 = DIRECTION ( 'NONE',  ( 0.000000000000000000, -0.000000000000000000, -1.000000000000000000 ) ) ;
#825 = EDGE_CURVE ( 'NONE', #5984, #6858, #4879, .T. ) ;
#826 = SECURITY_CLASSIFICATION_LEVEL ( 'unclassified' ) ;
#827 = CC_DESIGN_APPROVAL ( #6757, ( #4210 ) ) ;
#828 = SHAPE_REPRESENTATION_RELATIONSHIP ( 'NONE' , 'NONE' ,  #1452, #555 ) ;
#829 = ORIENTED_EDGE ( 'NONE', *, *, #3058, .F. ) ;
#830 = EDGE_LOOP ( 'NONE', ( #4552, #4287 ) ) ;
#831 = PERSON_AND_ORGANIZATION ( #6453, #6167 ) ;
#832 = FACE_BOUND ( 'NONE', #4095, .T. ) ;
#833 = APPROVAL_STATUS ( 'not_yet_approved' ) ;
#834 = CC_DESIGN_PERSON_AND_ORGANIZATION_ASSIGNMENT ( #6099, #5990, ( #823 ) ) ;
#835 = DIRECTION ( 'NONE',  ( -0.000000000000000000, -1.000000000000000000, -0.000000000000000000 ) ) ;
#836 = APPLICATION_CONTEXT ( 'configuration controlled 3d designs of mechanical parts and assemblies' ) ;
#837 = CARTESIAN_POINT ( 'NONE',  ( -39.00000000000000000, 36.00000000000000000, -21.30000000000000071 ) ) ;
#838 = VERTEX_POINT ( 'NONE', #3576 ) ;
#839 = DATE_AND_TIME ( #3927, #5451 ) ;
#840 = FACE_OUTER_BOUND ( 'NONE', #1507, .T. ) ;
#841 = PLANE ( 'NONE',  #2008 ) ;
#842 = CC_DESIGN_DATE_AND_TIME_ASSIGNMENT ( #561, #3064, ( #3817 ) ) ;
#843 = CARTESIAN_POINT ( 'NONE',  ( -1.750000000000000000, 2.500000000000000000, -10.50000000000000000 ) ) ;
#844 = APPROVAL_PERSON_ORGANIZATION ( #1235, #350, #3729 ) ;
#845 = DIRECTION ( 'NONE',  ( -0.000000000000000000, -1.000000000000000000, -0.000000000000000000 ) ) ;
#846 = EDGE_LOOP ( 'NONE', ( #4684, #7364, #4569, #7305 ) ) ;
#847 = ORGANIZATION ( 'NAUO-ORG5', 'UNSPECIFIED', 'UNSPECIFIED' ) ;
#848 = DIRECTION ( 'NONE',  ( 0.000000000000000000, 1.000000000000000000, 0.000000000000000000 ) ) ;
#849 = PERSON_AND_ORGANIZATION_ROLE ( 'creator' ) ;
#850 = AXIS2_PLACEMENT_3D ( 'NONE', #4661, #2735, #384 ) ;
#851 = ADVANCED_FACE ( 'NONE', ( #2843 ), #4330, .T. ) ;
#852 = DATE_AND_TIME ( #6823, #4607 ) ;
#853 = DIRECTION ( 'NONE',  ( -1.000000000000000000, -0.000000000000000000, -0.000000000000000000 ) ) ;
#854 = CC_DESIGN_APPROVAL ( #1691, ( #6209 ) ) ;
#855 =( NAMED_UNIT ( * ) PLANE_ANGLE_UNIT ( ) SI_UNIT ( $, .RADIAN. ) );
#856 = ORIENTED_EDGE ( 'NONE', *, *, #4010, .T. ) ;
#857 = DIRECTION ( 'NONE',  ( -0.000000000000000000, 1.000000000000000000, -0.000000000000000000 ) ) ;
#858 = VECTOR ( 'NONE', #3613, 1000.000000000000000 ) ;
#859 = CARTESIAN_POINT ( 'NONE',  ( 39.00000000000000000, 38.00000000000000000, 21.30000000000000071 ) ) ;
#860 = CARTESIAN_POINT ( 'NONE',  ( 8.500000000000000000, 0.000000000000000000, -8.500000000000000000 ) ) ;
#861 = CARTESIAN_POINT ( 'NONE',  ( 23.00000000000000000, 0.000000000000000000, -10.50000000000000000 ) ) ;
#862 = AXIS2_PLACEMENT_3D ( 'NONE', #752, #4357, #2657 ) ;
#863 = ORIENTED_EDGE ( 'NONE', *, *, #3874, .T. ) ;
#864 = ORIENTED_EDGE ( 'NONE', *, *, #3855, .F. ) ;
#865 = SECURITY_CLASSIFICATION_LEVEL ( 'unclassified' ) ;
#866 = ORIENTED_EDGE ( 'NONE', *, *, #3904, .F. ) ;
#867 = CARTESIAN_POINT ( 'NONE',  ( -28.00000000000000000, 3.000000000000000000, 15.50000000000000000 ) ) ;
#868 = AXIS2_PLACEMENT_3D ( 'NONE', #4157, #5980, #1147 ) ;
#869 = PLANE ( 'NONE',  #5381 ) ;
#870 = EDGE_CURVE ( 'NONE', #3614, #661, #6543, .T. ) ;
#871 = PERSON_AND_ORGANIZATION ( #6453, #6167 ) ;
#872 = LINE ( 'NONE', #5059, #1908 ) ;
#873 = PERSON ( 'NAUO-PER14', 'UNSPECIFIED', 'UNSPECIFIED', ('UNSPECIFIED'), ('UNSPECIFIED'), ('UNSPECIFIED') ) ;
#874 = VECTOR ( 'NONE', #3870, 1000.000000000000000 ) ;
#875 = DIRECTION ( 'NONE',  ( 0.000000000000000000, 0.000000000000000000, -1.000000000000000000 ) ) ;
#876 = ORIENTED_EDGE ( 'NONE', *, *, #2327, .T. ) ;
#877 = APPROVAL_DATE_TIME ( #5677, #2078 ) ;
#878 = PLANE ( 'NONE',  #235 ) ;
#879 = CC_DESIGN_PERSON_AND_ORGANIZATION_ASSIGNMENT ( #2178, #7614, ( #4972 ) ) ;
#880 = ORIENTED_EDGE ( 'NONE', *, *, #5819, .T. ) ;
#881 = FACE_BOUND ( 'NONE', #2106, .T. ) ;
#882 = DIRECTION ( 'NONE',  ( 1.000000000000000000, 0.000000000000000000, 0.000000000000000000 ) ) ;
#883 = CARTESIAN_POINT ( 'NONE',  ( -138.0327499999999930, 3.000000000000000000, -98.50000000000000000 ) ) ;
#884 = ORIENTED_EDGE ( 'NONE', *, *, #6336, .T. ) ;
#885 = CC_DESIGN_PERSON_AND_ORGANIZATION_ASSIGNMENT ( #1995, #3798, ( #1652 ) ) ;
#886 = CARTESIAN_POINT ( 'NONE',  ( 4.000000000000000000, 0.000000000000000000, 1.250000000000000000 ) ) ;
#887 = SECURITY_CLASSIFICATION_LEVEL ( 'unclassified' ) ;
#888 = DIRECTION ( 'NONE',  ( 0.000000000000000000, 0.000000000000000000, 1.000000000000000000 ) ) ;
#889 = DIRECTION ( 'NONE',  ( 1.000000000000000000, 0.000000000000000000, 0.000000000000000000 ) ) ;
#890 = EDGE_LOOP ( 'NONE', ( #7256, #1940, #7284, #6283 ) ) ;
#891 = CARTESIAN_POINT ( 'NONE',  ( -158.9499999999999886, 3.000000000000000000, -119.4500000000000028 ) ) ;
#892 = DESIGN_CONTEXT ( 'detailed design', #1246, 'design' ) ;
#893 = EDGE_CURVE ( 'NONE', #3095, #2224, #6582, .T. ) ;
#894 = DIRECTION ( 'NONE',  ( 1.000000000000000000, 0.000000000000000000, -0.000000000000000000 ) ) ;
#895 = DIRECTION ( 'NONE',  ( 0.000000000000000000, 0.000000000000000000, -1.000000000000000000 ) ) ;
#896 = EDGE_CURVE ( 'NONE', #7375, #4664, #4916, .T. ) ;
#897 = EDGE_CURVE ( 'NONE', #3543, #7481, #2482, .T. ) ;
#898 = SECURITY_CLASSIFICATION_LEVEL ( 'unclassified' ) ;
#899 = ADVANCED_FACE ( 'NONE', ( #6696 ), #3596, .T. ) ;
#900 = ORIENTED_EDGE ( 'NONE', *, *, #4208, .T. ) ;
#901 = AXIS2_PLACEMENT_3D ( 'NONE', #1741, #2789, #3377 ) ;
#902 = CARTESIAN_POINT ( 'NONE',  ( 54.00000000000000000, 1.599999999999999867, -79.90000000000000568 ) ) ;
#903 = APPLICATION_PROTOCOL_DEFINITION ( 'international standard', 'config_control_design', 1994, #2830 ) ;
#904 = CC_DESIGN_SECURITY_CLASSIFICATION ( #3899, ( #2767 ) ) ;
#905 = ORIENTED_EDGE ( 'NONE', *, *, #230, .T. ) ;
#906 = PLANE ( 'NONE',  #6345 ) ;
#907 = DIRECTION ( 'NONE',  ( 0.000000000000000000, -0.000000000000000000, -1.000000000000000000 ) ) ;
#908 = AXIS2_PLACEMENT_3D ( 'NONE', #3841, #2584, #6771 ) ;
#909 = APPROVAL_DATE_TIME ( #3134, #7269 ) ;
#910 = AXIS2_PLACEMENT_3D ( 'NONE', #31, #1316, #2996 ) ;
#911 = CARTESIAN_POINT ( 'NONE',  ( 136.0000000000000000, 0.000000000000000000, 96.50000000000000000 ) ) ;
#912 = CARTESIAN_POINT ( 'NONE',  ( -14.25000000000000000, 0.000000000000000000, 12.00000000000000000 ) ) ;
#913 = EDGE_CURVE ( 'NONE', #6116, #2586, #2440, .T. ) ;
#914 = EDGE_LOOP ( 'NONE', ( #560, #5656, #7115, #1744 ) ) ;
#915 = APPROVAL_ROLE ( '' ) ;
#916 = VECTOR ( 'NONE', #1213, 1000.000000000000000 ) ;
#917 = CARTESIAN_POINT ( 'NONE',  ( -3.500000000000000000, 2.500000000000000000, -12.50000000000000000 ) ) ;
#918 = VECTOR ( 'NONE', #1494, 1000.000000000000000 ) ;
#919 = DIRECTION ( 'NONE',  ( 0.000000000000000000, 0.000000000000000000, -1.000000000000000000 ) ) ;
#920 = DIRECTION ( 'NONE',  ( 1.000000000000000000, 0.000000000000000000, -0.000000000000000000 ) ) ;
#921 = AXIS2_PLACEMENT_3D ( 'NONE', #4850, #3582, #4305 ) ;
#922 = LINE ( 'NONE', #2006, #675 ) ;
#923 = ORIENTED_EDGE ( 'NONE', *, *, #2822, .F. ) ;
#924 = VECTOR ( 'NONE', #5061, 1000.000000000000000 ) ;
#925 = CARTESIAN_POINT ( 'NONE',  ( 54.00000000000000000, 0.000000000000000000, -81.50000000000000000 ) ) ;
#926 = DATE_AND_TIME ( #1004, #7333 ) ;
#927 = LINE ( 'NONE', #6934, #4307 ) ;
#928 = CC_DESIGN_PERSON_AND_ORGANIZATION_ASSIGNMENT ( #2986, #6065, ( #3185 ) ) ;
#929 = CALENDAR_DATE ( 2026, 26, 7 ) ;
#930 = ORIENTED_EDGE ( 'NONE', *, *, #7142, .T. ) ;
#931 = CARTESIAN_POINT ( 'NONE',  ( -4.000000000000000000, 2.500000000000000000, 1.250000000000000000 ) ) ;
#932 = CARTESIAN_POINT ( 'NONE',  ( 60.14999999999999858, 3.000000000000000000, 81.75000000000000000 ) ) ;
#933 = SECURITY_CLASSIFICATION ( '', '', #4796 ) ;
#934 = APPROVAL_DATE_TIME ( #7487, #4096 ) ;
#935 = DIRECTION ( 'NONE',  ( 0.000000000000000000, 0.000000000000000000, -1.000000000000000000 ) ) ;
#936 = EDGE_CURVE ( 'NONE', #46, #7058, #1202, .T. ) ;
#937 = PERSON_AND_ORGANIZATION_ROLE ( 'classification_officer' ) ;
#938 = CC_DESIGN_DATE_AND_TIME_ASSIGNMENT ( #3612, #4801, ( #4694 ) ) ;
#939 = SHAPE_REPRESENTATION_RELATIONSHIP ( 'NONE' , 'NONE' ,  #4452, #3343 ) ;
#940 = EDGE_LOOP ( 'NONE', ( #5084, #465, #3856, #3073 ) ) ;
#941 = APPROVAL_PERSON_ORGANIZATION ( #2359, #4260, #7124 ) ;
#942 = LINE ( 'NONE', #5169, #7087 ) ;
#943 = PERSON_AND_ORGANIZATION ( #6453, #6167 ) ;
#944 = VERTEX_POINT ( 'NONE', #1280 ) ;
#945 = CARTESIAN_POINT ( 'NONE',  ( -14.25000000000000000, 2.500000000000000000, 12.00000000000000000 ) ) ;
#946 = DIRECTION ( 'NONE',  ( 0.000000000000000000, -1.000000000000000000, 0.000000000000000000 ) ) ;
#947 = EDGE_CURVE ( 'NONE', #1820, #2381, #6660, .T. ) ;
#948 = APPROVAL_PERSON_ORGANIZATION ( #4356, #1460, #6204 ) ;
#949 = PERSON_AND_ORGANIZATION ( #6453, #6167 ) ;
#950 = EDGE_CURVE ( 'NONE', #2159, #2182, #6035, .T. ) ;
#951 = FACE_BOUND ( 'NONE', #3487, .T. ) ;
#952 = CARTESIAN_POINT ( 'NONE',  ( 28.00000000000000000, 3.000000000000000000, -15.50000000000000000 ) ) ;
#953 = VERTEX_POINT ( 'NONE', #2399 ) ;
#954 = DATE_AND_TIME ( #3767, #310 ) ;
#955 = DIRECTION ( 'NONE',  ( 1.000000000000000000, -0.000000000000000000, 0.000000000000000000 ) ) ;
#956 = LOCAL_TIME ( 19, 29, 3.000000000000000000, #2814 ) ;
#957 = ORIENTED_EDGE ( 'NONE', *, *, #7665, .T. ) ;
#958 = LINE ( 'NONE', #6258, #2758 ) ;
#959 = EDGE_CURVE ( 'NONE', #3239, #5552, #7165, .T. ) ;
#960 = CARTESIAN_POINT ( 'NONE',  ( -8.250000000000000000, 0.000000000000000000, 3.750000000000000000 ) ) ;
#961 = DIRECTION ( 'NONE',  ( 0.000000000000000000, 1.000000000000000000, 0.000000000000000000 ) ) ;
#962 = ORIENTED_EDGE ( 'NONE', *, *, #5817, .T. ) ;
#963 = CARTESIAN_POINT ( 'NONE',  ( -33.00000000000000000, 40.00000000000000000, 30.50000000000000000 ) ) ;
#964 = PRODUCT_DEFINITION_FORMATION_WITH_SPECIFIED_SOURCE ( '任何', '', #6055, .NOT_KNOWN. ) ;
#965 = DATE_TIME_ROLE ( 'classification_date' ) ;
#966 = LINE ( 'NONE', #6192, #6147 ) ;
#967 = DATE_TIME_ROLE ( 'creation_date' ) ;
#968 = ORIENTED_EDGE ( 'NONE', *, *, #761, .T. ) ;
#969 = CARTESIAN_POINT ( 'NONE',  ( -60.14999999999999858, 3.000000000000000000, 81.75000000000000000 ) ) ;
#970 = ORIENTED_EDGE ( 'NONE', *, *, #708, .F. ) ;
#971 = LOCAL_TIME ( 19, 29, 3.000000000000000000, #7229 ) ;
#972 = UNCERTAINTY_MEASURE_WITH_UNIT (LENGTH_MEASURE( 1.000000000000000082E-05 ), #4503, 'distance_accuracy_value', 'NONE');
#973 = CC_DESIGN_DATE_AND_TIME_ASSIGNMENT ( #3830, #6871, ( #2712 ) ) ;
#974 = CYLINDRICAL_SURFACE ( 'NONE', #2835, 1.750000000000001554 ) ;
#975 = COORDINATED_UNIVERSAL_TIME_OFFSET ( 8, 0, .AHEAD. ) ;
#976 = FACE_OUTER_BOUND ( 'NONE', #7687, .T. ) ;
#977 = DATE_AND_TIME ( #1681, #5487 ) ;
#978 = LOCAL_TIME ( 19, 29, 3.000000000000000000, #3155 ) ;
#979 = VECTOR ( 'NONE', #5743, 1000.000000000000000 ) ;
#980 = VERTEX_POINT ( 'NONE', #5470 ) ;
#981 = DIRECTION ( 'NONE',  ( 0.000000000000000000, 0.000000000000000000, -1.000000000000000000 ) ) ;
#982 = PERSON_AND_ORGANIZATION ( #6453, #6167 ) ;
#983 = ORIENTED_EDGE ( 'NONE', *, *, #5400, .T. ) ;
#984 = CARTESIAN_POINT ( 'NONE',  ( -158.9499999999999886, 0.000000000000000000, 119.4500000000000028 ) ) ;
#985 = APPLICATION_CONTEXT ( 'configuration controlled 3d designs of mechanical parts and assemblies' ) ;
#986 = CC_DESIGN_SECURITY_CLASSIFICATION ( #6209, ( #7719 ) ) ;
#987 = CC_DESIGN_PERSON_AND_ORGANIZATION_ASSIGNMENT ( #4940, #1526, ( #2622 ) ) ;
#988 = CARTESIAN_POINT ( 'NONE',  ( 19.00000000000000000, 15.00000000000000000, 9.000000000000000000 ) ) ;
#989 = CIRCLE ( 'NONE', #4740, 1.799999999999999600 ) ;
#990 = APPROVAL_STATUS ( 'not_yet_approved' ) ;
#991 = CARTESIAN_POINT ( 'NONE',  ( -39.00000000000000000, 3.000000000000000000, 19.50000000000000000 ) ) ;
#992 = ORIENTED_EDGE ( 'NONE', *, *, #7056, .T. ) ;
#993 = PERSON_AND_ORGANIZATION ( #6453, #6167 ) ;
#994 = VECTOR ( 'NONE', #3879, 1000.000000000000000 ) ;
#995 = FACE_OUTER_BOUND ( 'NONE', #4530, .T. ) ;
#996 = EDGE_CURVE ( 'NONE', #3013, #4507, #113, .T. ) ;
#997 = DIRECTION ( 'NONE',  ( -0.000000000000000000, -1.000000000000000000, -0.000000000000000000 ) ) ;
#998 = VECTOR ( 'NONE', #3637, 1000.000000000000000 ) ;
#999 = DIRECTION ( 'NONE',  ( -0.000000000000000000, -0.000000000000000000, 1.000000000000000000 ) ) ;
#1000 = DIRECTION ( 'NONE',  ( 0.000000000000000000, 1.000000000000000000, 0.000000000000000000 ) ) ;
#1001 = EDGE_LOOP ( 'NONE', ( #4845, #6362 ) ) ;
#1002 = LINE ( 'NONE', #5766, #1035 ) ;
#1003 = FACE_OUTER_BOUND ( 'NONE', #3054, .T. ) ;
#1004 = CALENDAR_DATE ( 2026, 26, 7 ) ;
#1005 = CARTESIAN_POINT ( 'NONE',  ( -4.750000000000000000, 2.500000000000000000, 11.25000000000000000 ) ) ;
#1006 = COORDINATED_UNIVERSAL_TIME_OFFSET ( 8, 0, .AHEAD. ) ;
#1007 = EDGE_LOOP ( 'NONE', ( #6292, #428, #3796, #3243 ) ) ;
#1008 = FACE_OUTER_BOUND ( 'NONE', #711, .T. ) ;
#1009 = FACE_OUTER_BOUND ( 'NONE', #4306, .T. ) ;
#1010 = EDGE_LOOP ( 'NONE', ( #3907, #7580 ) ) ;
#1011 = DATE_AND_TIME ( #6869, #3444 ) ;
#1012 = DIRECTION ( 'NONE',  ( 0.000000000000000000, 0.000000000000000000, 1.000000000000000000 ) ) ;
#1013 = CALENDAR_DATE ( 2026, 26, 7 ) ;
#1014 = ORIENTED_EDGE ( 'NONE', *, *, #7008, .F. ) ;
#1015 = ORIENTED_EDGE ( 'NONE', *, *, #769, .F. ) ;
#1016 = FACE_OUTER_BOUND ( 'NONE', #7134, .T. ) ;
#1017 = PERSON_AND_ORGANIZATION ( #6453, #6167 ) ;
#1018 = ORIENTED_EDGE ( 'NONE', *, *, #7283, .T. ) ;
#1019 = EDGE_CURVE ( 'NONE', #4247, #272, #5973, .T. ) ;
#1020 = FACE_OUTER_BOUND ( 'NONE', #4901, .T. ) ;
#1021 = VECTOR ( 'NONE', #6756, 1000.000000000000000 ) ;
#1022 = CARTESIAN_POINT ( 'NONE',  ( 9.750000000000000000, 0.000000000000000000, 72.50000000000000000 ) ) ;
#1023 = DATE_TIME_ROLE ( 'classification_date' ) ;
#1024 = FACE_BOUND ( 'NONE', #3114, .T. ) ;
#1025 = AXIS2_PLACEMENT_3D ( 'NONE', #5364, #1057, #6481 ) ;
#1026 = CC_DESIGN_APPROVAL ( #1028, ( #2883 ) ) ;
#1027 = LINE ( 'NONE', #5751, #7285 ) ;
#1028 = APPROVAL ( #187, '未指定' ) ;
#1029 = VERTEX_POINT ( 'NONE', #5607 ) ;
#1030 = EDGE_LOOP ( 'NONE', ( #4504, #4419 ) ) ;
#1031 = DATE_TIME_ROLE ( 'creation_date' ) ;
#1032 = APPLICATION_CONTEXT ( 'configuration controlled 3d designs of mechanical parts and assemblies' ) ;
#1033 = DIRECTION ( 'NONE',  ( 0.000000000000000000, 0.000000000000000000, -1.000000000000000000 ) ) ;
#1034 = AXIS2_PLACEMENT_3D ( 'NONE', #6739, #805, #1390 ) ;
#1035 = VECTOR ( 'NONE', #1168, 1000.000000000000000 ) ;
#1036 = CYLINDRICAL_SURFACE ( 'NONE', #5630, 1.600000000000004086 ) ;
#1037 = PERSON_AND_ORGANIZATION ( #6453, #6167 ) ;
#1038 = FACE_OUTER_BOUND ( 'NONE', #4937, .T. ) ;
#1039 = DIRECTION ( 'NONE',  ( 0.000000000000000000, 1.000000000000000000, 0.000000000000000000 ) ) ;
#1040 = APPROVAL ( #2720, '未指定' ) ;
#1041 = AXIS2_PLACEMENT_3D ( 'NONE', #391, #7500, #4549 ) ;
#1042 = ORIENTED_EDGE ( 'NONE', *, *, #5009, .T. ) ;
#1043 = EDGE_CURVE ( 'NONE', #6194, #7070, #3887, .T. ) ;
#1044 = DIRECTION ( 'NONE',  ( 0.000000000000000000, 0.000000000000000000, -1.000000000000000000 ) ) ;
#1045 = VECTOR ( 'NONE', #1131, 1000.000000000000000 ) ;
#1046 = CYLINDRICAL_SURFACE ( 'NONE', #5025, 1.750000000000001554 ) ;
#1047 = EDGE_CURVE ( 'NONE', #1923, #4142, #3483, .T. ) ;
#1048 = APPROVAL_ROLE ( '' ) ;
#1049 = FACE_OUTER_BOUND ( 'NONE', #6567, .T. ) ;
#1050 = ADVANCED_FACE ( 'NONE', ( #6737 ), #6886, .F. ) ;
#1051 = ORIENTED_EDGE ( 'NONE', *, *, #3478, .T. ) ;
#1052 = DIRECTION ( 'NONE',  ( 1.000000000000000000, 0.000000000000000000, 0.000000000000000000 ) ) ;
#1053 = EDGE_CURVE ( 'NONE', #3019, #3022, #3928, .T. ) ;
#1054 = DIRECTION ( 'NONE',  ( -1.000000000000000000, -0.000000000000000000, -0.000000000000000000 ) ) ;
#1055 = VERTEX_POINT ( 'NONE', #3176 ) ;
#1056 = PERSON_AND_ORGANIZATION_ROLE ( 'design_owner' ) ;
#1057 = DIRECTION ( 'NONE',  ( 1.000000000000000000, -0.000000000000000000, 0.000000000000000000 ) ) ;
#1058 = CONTEXT_DEPENDENT_SHAPE_REPRESENTATION ( #4339, #1321 ) ;
#1059 = VECTOR ( 'NONE', #581, 1000.000000000000000 ) ;
#1060 =( NAMED_UNIT ( * ) SI_UNIT ( $, .STERADIAN. ) SOLID_ANGLE_UNIT ( ) );
#1061 = ORIENTED_EDGE ( 'NONE', *, *, #2809, .T. ) ;
#1062 = LINE ( 'NONE', #3321, #3727 ) ;
#1063 = CALENDAR_DATE ( 2026, 26, 7 ) ;
#1064 = EDGE_LOOP ( 'NONE', ( #6894, #4277, #3063, #3926 ) ) ;
#1065 = PLANE ( 'NONE',  #2491 ) ;
#1066 = FACE_OUTER_BOUND ( 'NONE', #2725, .T. ) ;
#1067 = PRODUCT_DEFINITION_SHAPE ( 'NONE', 'NONE',  #2274 ) ;
#1068 = DATE_AND_TIME ( #1148, #4723 ) ;
#1069 = DIRECTION ( 'NONE',  ( -0.000000000000000000, 1.000000000000000000, -0.000000000000000000 ) ) ;
#1070 = APPROVAL_PERSON_ORGANIZATION ( #5267, #4953, #6537 ) ;
#1071 = DIRECTION ( 'NONE',  ( 1.000000000000000000, 0.000000000000000000, 0.000000000000000000 ) ) ;
#1072 = EDGE_LOOP ( 'NONE', ( #4045, #2656, #322, #6414 ) ) ;
#1073 = ORIENTED_EDGE ( 'NONE', *, *, #2321, .T. ) ;
#1074 = APPROVAL_STATUS ( 'not_yet_approved' ) ;
#1075 = CARTESIAN_POINT ( 'NONE',  ( 0.000000000000000000, 0.000000000000000000, 0.000000000000000000 ) ) ;
#1076 = SECURITY_CLASSIFICATION ( '', '', #3963 ) ;
#1077 = CC_DESIGN_PERSON_AND_ORGANIZATION_ASSIGNMENT ( #1928, #5385, ( #5336 ) ) ;
#1078 = CARTESIAN_POINT ( 'NONE',  ( 57.50000000000000000, 0.000000000000000000, -85.00000000000000000 ) ) ;
#1079 = DATE_TIME_ROLE ( 'creation_date' ) ;
#1080 = PLANE ( 'NONE',  #3265 ) ;
#1081 = DIRECTION ( 'NONE',  ( -1.000000000000000000, -0.000000000000000000, -0.000000000000000000 ) ) ;
#1082 = LOCAL_TIME ( 19, 29, 3.000000000000000000, #2300 ) ;
#1083 = ORIENTED_EDGE ( 'NONE', *, *, #5009, .F. ) ;
#1084 = CC_DESIGN_PERSON_AND_ORGANIZATION_ASSIGNMENT ( #6839, #3363, ( #6300 ) ) ;
#1085 = DIRECTION ( 'NONE',  ( 0.000000000000000000, 1.000000000000000000, 0.000000000000000000 ) ) ;
#1086 = DIRECTION ( 'NONE',  ( -0.000000000000000000, -1.000000000000000000, -0.000000000000000000 ) ) ;
#1087 = CALENDAR_DATE ( 2026, 26, 7 ) ;
#1088 = CARTESIAN_POINT ( 'NONE',  ( -23.00000000000000000, 0.000000000000000000, 10.50000000000000000 ) ) ;
#1089 =( REPRESENTATION_RELATIONSHIP ('NONE','NONE', #110, #3848 ) REPRESENTATION_RELATIONSHIP_WITH_TRANSFORMATION ( #3200 )SHAPE_REPRESENTATION_RELATIONSHIP( ) );
#1090 = ORIENTED_EDGE ( 'NONE', *, *, #6095, .F. ) ;
#1091 = ORIENTED_EDGE ( 'NONE', *, *, #2186, .F. ) ;
#1092 = ADVANCED_FACE ( 'NONE', ( #1425 ), #288, .F. ) ;
#1093 = LINE ( 'NONE', #1175, #3784 ) ;
#1094 = EDGE_LOOP ( 'NONE', ( #1412, #866 ) ) ;
#1095 = PERSON_AND_ORGANIZATION_ROLE ( 'classification_officer' ) ;
#1096 = LINE ( 'NONE', #1757, #7012 ) ;
#1097 = SECURITY_CLASSIFICATION_LEVEL ( 'unclassified' ) ;
#1098 = EDGE_CURVE ( 'NONE', #4466, #7412, #3296, .T. ) ;
#1099 = LOCAL_TIME ( 19, 29, 3.000000000000000000, #4585 ) ;
#1100 = ADVANCED_FACE ( 'NONE', ( #840 ), #1539, .F. ) ;
#1101 = EDGE_LOOP ( 'NONE', ( #157, #5826, #4154, #7610 ) ) ;
#1102 = DIRECTION ( 'NONE',  ( 0.000000000000000000, -1.000000000000000000, 0.000000000000000000 ) ) ;
#1103 = APPROVAL_ROLE ( '' ) ;
#1104 = ORIENTED_EDGE ( 'NONE', *, *, #6956, .F. ) ;
#1105 = DIRECTION ( 'NONE',  ( 1.000000000000000000, -0.000000000000000000, 0.000000000000000000 ) ) ;
#1106 = CARTESIAN_POINT ( 'NONE',  ( -39.00000000000000000, 3.000000000000000000, -18.24999999999999645 ) ) ;
#1107 = CC_DESIGN_SECURITY_CLASSIFICATION ( #218, ( #7711 ) ) ;
#1108 = PERSON_AND_ORGANIZATION ( #6453, #6167 ) ;
#1109 = VECTOR ( 'NONE', #1264, 1000.000000000000000 ) ;
#1110 = DIRECTION ( 'NONE',  ( -0.000000000000000000, -1.000000000000000000, -0.000000000000000000 ) ) ;
#1111 =( NAMED_UNIT ( * ) PLANE_ANGLE_UNIT ( ) SI_UNIT ( $, .RADIAN. ) );
#1112 = ADVANCED_FACE ( 'NONE', ( #2556 ), #878, .F. ) ;
#1113 = ORIENTED_EDGE ( 'NONE', *, *, #5920, .F. ) ;
#1114 = EDGE_CURVE ( 'NONE', #705, #1760, #2669, .T. ) ;
#1115 = ORIENTED_EDGE ( 'NONE', *, *, #6547, .F. ) ;
#1116 = DATE_TIME_ROLE ( 'classification_date' ) ;
#1117 = SECURITY_CLASSIFICATION ( '', '', #4961 ) ;
#1118 = DIRECTION ( 'NONE',  ( 0.000000000000000000, -1.000000000000000000, 0.000000000000000000 ) ) ;
#1119 = CIRCLE ( 'NONE', #5968, 1.750000000000005107 ) ;
#1120 = LINE ( 'NONE', #2788, #1889 ) ;
#1121 = COORDINATED_UNIVERSAL_TIME_OFFSET ( 8, 0, .AHEAD. ) ;
#1122 = CC_DESIGN_PERSON_AND_ORGANIZATION_ASSIGNMENT ( #1513, #3941, ( #3178 ) ) ;
#1123 = DIRECTION ( 'NONE',  ( 0.000000000000000000, 0.000000000000000000, -1.000000000000000000 ) ) ;
#1124 = CIRCLE ( 'NONE', #1491, 1.250000000000004663 ) ;
#1125 = FACE_OUTER_BOUND ( 'NONE', #2169, .T. ) ;
#1126 = CC_DESIGN_PERSON_AND_ORGANIZATION_ASSIGNMENT ( #3384, #2797, ( #4982 ) ) ;
#1127 = VERTEX_POINT ( 'NONE', #1501 ) ;
#1128 = VECTOR ( 'NONE', #2609, 1000.000000000000000 ) ;
#1129 = DIRECTION ( 'NONE',  ( 1.000000000000000000, -0.000000000000000000, 0.000000000000000000 ) ) ;
#1130 = CARTESIAN_POINT ( 'NONE',  ( 54.00000000000000000, 0.000000000000000000, -79.90000000000000568 ) ) ;
#1131 = DIRECTION ( 'NONE',  ( 0.000000000000000000, 0.000000000000000000, -1.000000000000000000 ) ) ;
#1132 = CC_DESIGN_PERSON_AND_ORGANIZATION_ASSIGNMENT ( #4679, #4092, ( #2767 ) ) ;
#1133 = ORIENTED_EDGE ( 'NONE', *, *, #4782, .T. ) ;
#1134 = ORIENTED_EDGE ( 'NONE', *, *, #5205, .T. ) ;
#1135 = ADVANCED_FACE ( 'NONE', ( #5570 ), #3768, .F. ) ;
#1136 = CARTESIAN_POINT ( 'NONE',  ( 5.750000000000000000, 2.500000000000000000, -68.50000000000001421 ) ) ;
#1137 = VERTEX_POINT ( 'NONE', #6141 ) ;
#1138 = DATE_TIME_ROLE ( 'classification_date' ) ;
#1139 = DIRECTION ( 'NONE',  ( 0.000000000000000000, 0.000000000000000000, 1.000000000000000000 ) ) ;
#1140 =( LENGTH_UNIT ( ) NAMED_UNIT ( * ) SI_UNIT ( .MILLI., .METRE. ) );
#1141 = EDGE_CURVE ( 'NONE', #6036, #6562, #2079, .T. ) ;
#1142 = ORIENTED_EDGE ( 'NONE', *, *, #4798, .T. ) ;
#1143 = DIRECTION ( 'NONE',  ( -1.000000000000000000, -0.000000000000000000, -0.000000000000000000 ) ) ;
#1144 = PERSON_AND_ORGANIZATION ( #6453, #6167 ) ;
#1145 = ORIENTED_EDGE ( 'NONE', *, *, #4069, .F. ) ;
#1146 = CARTESIAN_POINT ( 'NONE',  ( -21.25000000000000000, 2.500000000000000000, -6.500000000000000000 ) ) ;
#1147 = DIRECTION ( 'NONE',  ( 0.000000000000000000, -0.000000000000000000, -1.000000000000000000 ) ) ;
#1148 = CALENDAR_DATE ( 2026, 26, 7 ) ;
#1149 = EDGE_CURVE ( 'NONE', #4192, #2872, #2116, .T. ) ;
#1150 = DIRECTION ( 'NONE',  ( 0.000000000000000000, 0.000000000000000000, -1.000000000000000000 ) ) ;
#1151 = EDGE_CURVE ( 'NONE', #7699, #6808, #762, .T. ) ;
#1152 = ORIENTED_EDGE ( 'NONE', *, *, #7344, .F. ) ;
#1153 = VECTOR ( 'NONE', #1374, 1000.000000000000000 ) ;
#1154 = EDGE_LOOP ( 'NONE', ( #4036, #6060, #5946, #5195 ) ) ;
#1155 = PERSON_AND_ORGANIZATION ( #6453, #6167 ) ;
#1156 = CARTESIAN_POINT ( 'NONE',  ( -60.14999999999999858, 5.000000000000000000, 81.75000000000000000 ) ) ;
#1157 = DIRECTION ( 'NONE',  ( -0.000000000000000000, 1.000000000000000000, -0.000000000000000000 ) ) ;
#1158 = CIRCLE ( 'NONE', #4402, 1.250000000000004663 ) ;
#1159 = SHAPE_DEFINITION_REPRESENTATION ( #7172, #4952 ) ;
#1160 = PERSON ( 'NAUO-PER4', 'UNSPECIFIED', 'UNSPECIFIED', ('UNSPECIFIED'), ('UNSPECIFIED'), ('UNSPECIFIED') ) ;
#1161 = LOCAL_TIME ( 19, 29, 3.000000000000000000, #7176 ) ;
#1162 = DIRECTION ( 'NONE',  ( -0.000000000000000000, -1.000000000000000000, -0.000000000000000000 ) ) ;
#1163 = CARTESIAN_POINT ( 'NONE',  ( -4.000000000000000000, 2.500000000000000000, 1.250000000000000000 ) ) ;
#1164 = DATE_TIME_ROLE ( 'classification_date' ) ;
#1165 = ORIENTED_EDGE ( 'NONE', *, *, #5914, .T. ) ;
#1166 = AXIS2_PLACEMENT_3D ( 'NONE', #3027, #3102, #7199 ) ;
#1167 = VECTOR ( 'NONE', #623, 1000.000000000000000 ) ;
#1168 = DIRECTION ( 'NONE',  ( 0.000000000000000000, 0.000000000000000000, -1.000000000000000000 ) ) ;
#1169 = DIRECTION ( 'NONE',  ( -0.000000000000000000, -0.000000000000000000, 1.000000000000000000 ) ) ;
#1170 = VECTOR ( 'NONE', #2742, 1000.000000000000000 ) ;
#1171 = PLANE ( 'NONE',  #6897 ) ;
#1172 = EDGE_LOOP ( 'NONE', ( #3044, #3666, #5331, #4113 ) ) ;
#1173 = ORIENTED_EDGE ( 'NONE', *, *, #1194, .F. ) ;
#1174 = AXIS2_PLACEMENT_3D ( 'NONE', #7564, #7604, #1749 ) ;
#1175 = CARTESIAN_POINT ( 'NONE',  ( -33.00000000000000000, 40.00000000000000000, -30.50000000000000000 ) ) ;
#1176 = SHAPE_DEFINITION_REPRESENTATION ( #3125, #2038 ) ;
#1177 = DIRECTION ( 'NONE',  ( 0.000000000000000000, -1.000000000000000000, 0.000000000000000000 ) ) ;
#1178 = CC_DESIGN_PERSON_AND_ORGANIZATION_ASSIGNMENT ( #3882, #5602, ( #5348 ) ) ;
#1179 = SECURITY_CLASSIFICATION_LEVEL ( 'unclassified' ) ;
#1180 = VECTOR ( 'NONE', #1278, 1000.000000000000000 ) ;
#1181 = EDGE_LOOP ( 'NONE', ( #1628, #7302, #2633, #1073 ) ) ;
#1182 = CARTESIAN_POINT ( 'NONE',  ( 60.14999999999999858, 0.000000000000000000, -81.75000000000000000 ) ) ;
#1183 = APPROVAL_STATUS ( 'not_yet_approved' ) ;
#1184 = VERTEX_POINT ( 'NONE', #800 ) ;
#1185 = CARTESIAN_POINT ( 'NONE',  ( 39.00000000000000000, 0.000000000000000000, 19.50000000000000000 ) ) ;
#1186 = CC_DESIGN_PERSON_AND_ORGANIZATION_ASSIGNMENT ( #6177, #3211, ( #5255 ) ) ;
#1187 = SECURITY_CLASSIFICATION_LEVEL ( 'unclassified' ) ;
#1188 = DIRECTION ( 'NONE',  ( -1.000000000000000000, 0.000000000000000000, -0.000000000000000000 ) ) ;
#1189 = VERTEX_POINT ( 'NONE', #2589 ) ;
#1190 = AXIS2_PLACEMENT_3D ( 'NONE', #1367, #1980, #889 ) ;
#1191 = ORIENTED_EDGE ( 'NONE', *, *, #7331, .F. ) ;
#1192 = DATE_TIME_ROLE ( 'creation_date' ) ;
#1193 = CARTESIAN_POINT ( 'NONE',  ( -4.000000000000000000, 2.500000000000000000, 1.250000000000000000 ) ) ;
#1194 = EDGE_CURVE ( 'NONE', #5420, #3031, #3111, .T. ) ;
#1195 = CARTESIAN_POINT ( 'NONE',  ( 60.14999999999999858, 5.000000000000000000, 32.35000000000000142 ) ) ;
#1196 = APPROVAL_PERSON_ORGANIZATION ( #798, #2559, #2115 ) ;
#1197 = PERSON_AND_ORGANIZATION_ROLE ( 'design_supplier' ) ;
#1198 = CARTESIAN_POINT ( 'NONE',  ( -4.750000000000000000, 2.500000000000000000, 7.250000000000000000 ) ) ;
#1199 = PRODUCT ( 'FN-HAR-002_battery-charge-route_R0.4', 'FN-HAR-002_battery-charge-route_R0.4', '', ( #18 ) ) ;
#1200 = CARTESIAN_POINT ( 'NONE',  ( -6.000000000000000000, 0.000000000000000000, 6.000000000000000000 ) ) ;
#1201 = PERSON_AND_ORGANIZATION ( #6453, #6167 ) ;
#1202 = LINE ( 'NONE', #3656, #1975 ) ;
#1203 = VERTEX_POINT ( 'NONE', #7551 ) ;
#1204 = APPROVAL_PERSON_ORGANIZATION ( #7456, #6132, #439 ) ;
#1205 = DIRECTION ( 'NONE',  ( 0.000000000000000000, 0.000000000000000000, -1.000000000000000000 ) ) ;
#1206 = CARTESIAN_POINT ( 'NONE',  ( -60.14999999999999858, 0.000000000000000000, -78.25000000000000000 ) ) ;
#1207 = CC_DESIGN_APPROVAL ( #6269, ( #6855 ) ) ;
#1208 = PLANE ( 'NONE',  #6401 ) ;
#1209 = ORIENTED_EDGE ( 'NONE', *, *, #1343, .T. ) ;
#1210 = EDGE_CURVE ( 'NONE', #1055, #7706, #3450, .T. ) ;
#1211 = ADVANCED_BREP_SHAPE_REPRESENTATION ( '', ( #2529, #6285 ), #5060 ) ;
#1212 = ORIENTED_EDGE ( 'NONE', *, *, #1536, .F. ) ;
#1213 = DIRECTION ( 'NONE',  ( 0.000000000000000000, 1.000000000000000000, 0.000000000000000000 ) ) ;
#1214 = APPROVAL_ROLE ( '' ) ;
#1215 = LINE ( 'NONE', #4146, #4286 ) ;
#1216 = CONTEXT_DEPENDENT_SHAPE_REPRESENTATION ( #1384, #78 ) ;
#1217 = CARTESIAN_POINT ( 'NONE',  ( 0.000000000000000000, 9.000000000000001776, 0.000000000000000000 ) ) ;
#1218 = ORIENTED_EDGE ( 'NONE', *, *, #913, .T. ) ;
#1219 = CARTESIAN_POINT ( 'NONE',  ( 45.00000000000000000, 0.000000000000000000, -29.00000000000000000 ) ) ;
#1220 = PERSON_AND_ORGANIZATION_ROLE ( 'creator' ) ;
#1221 = ORIENTED_EDGE ( 'NONE', *, *, #4065, .T. ) ;
#1222 = DESIGN_CONTEXT ( 'detailed design', #4583, 'design' ) ;
#1223 = CARTESIAN_POINT ( 'NONE',  ( -60.14999999999999858, 3.000000000000000000, -28.84999999999999787 ) ) ;
#1224 = APPROVAL_ROLE ( '' ) ;
#1225 = CC_DESIGN_SECURITY_CLASSIFICATION ( #6460, ( #7709 ) ) ;
#1226 = CARTESIAN_POINT ( 'NONE',  ( -45.00000000000000000, 36.00000000000000000, 29.00000000000000000 ) ) ;
#1227 =( LENGTH_UNIT ( ) NAMED_UNIT ( * ) SI_UNIT ( .MILLI., .METRE. ) );
#1228 = VERTEX_POINT ( 'NONE', #4554 ) ;
#1229 = ORIENTED_EDGE ( 'NONE', *, *, #5637, .F. ) ;
#1230 = PERSON_AND_ORGANIZATION_ROLE ( 'design_owner' ) ;
#1231 = CC_DESIGN_PERSON_AND_ORGANIZATION_ASSIGNMENT ( #1413, #6169, ( #3312 ) ) ;
#1232 = CARTESIAN_POINT ( 'NONE',  ( 60.14999999999999858, 5.000000000000000000, 80.00000000000000000 ) ) ;
#1233 = CC_DESIGN_APPROVAL ( #4808, ( #6708 ) ) ;
#1234 = DIRECTION ( 'NONE',  ( 0.000000000000000000, 0.000000000000000000, -1.000000000000000000 ) ) ;
#1235 = PERSON_AND_ORGANIZATION ( #6453, #6167 ) ;
#1236 = DIRECTION ( 'NONE',  ( -0.000000000000000000, -1.000000000000000000, -0.000000000000000000 ) ) ;
#1237 = CC_DESIGN_APPROVAL ( #2591, ( #4484 ) ) ;
#1238 = LINE ( 'NONE', #6067, #4052 ) ;
#1239 = APPLICATION_PROTOCOL_DEFINITION ( 'international standard', 'config_control_design', 1994, #3168 ) ;
#1240 = VECTOR ( 'NONE', #6117, 1000.000000000000000 ) ;
#1241 = EDGE_CURVE ( 'NONE', #6343, #558, #7003, .T. ) ;
#1242 = ORIENTED_EDGE ( 'NONE', *, *, #5961, .F. ) ;
#1243 = DIRECTION ( 'NONE',  ( -0.000000000000000000, -0.000000000000000000, 1.000000000000000000 ) ) ;
#1244 = ORIENTED_EDGE ( 'NONE', *, *, #5365, .F. ) ;
#1245 = EDGE_CURVE ( 'NONE', #7532, #5724, #5112, .T. ) ;
#1246 = APPLICATION_CONTEXT ( 'configuration controlled 3d designs of mechanical parts and assemblies' ) ;
#1247 = EDGE_CURVE ( 'NONE', #7204, #255, #1864, .T. ) ;
#1248 = CARTESIAN_POINT ( 'NONE',  ( -33.00000000000000000, 40.00000000000000000, 30.50000000000000000 ) ) ;
#1249 = AXIS2_PLACEMENT_3D ( 'NONE', #7320, #7236, #4793 ) ;
#1250 = DIRECTION ( 'NONE',  ( 0.000000000000000000, 0.000000000000000000, 1.000000000000000000 ) ) ;
#1251 = DIRECTION ( 'NONE',  ( -0.000000000000000000, 1.000000000000000000, -0.000000000000000000 ) ) ;
#1252 = ADVANCED_FACE ( 'NONE', ( #995 ), #2747, .F. ) ;
#1253 = ORIENTED_EDGE ( 'NONE', *, *, #5067, .F. ) ;
#1254 = AXIS2_PLACEMENT_3D ( 'NONE', #5174, #2146, #279 ) ;
#1255 = ORIENTED_EDGE ( 'NONE', *, *, #367, .T. ) ;
#1256 = FACE_OUTER_BOUND ( 'NONE', #5668, .T. ) ;
#1257 = PERSON_AND_ORGANIZATION ( #6453, #6167 ) ;
#1258 = CARTESIAN_POINT ( 'NONE',  ( -1.750000000000000000, 0.000000000000000000, -10.50000000000000000 ) ) ;
#1259 = DATE_AND_TIME ( #5, #1594 ) ;
#1260 = SHAPE_REPRESENTATION ( 'FN-HLD-002_cn3791-clip-zone_R0.4', ( #6285 ), #4551 ) ;
#1261 = VECTOR ( 'NONE', #1444, 1000.000000000000000 ) ;
#1262 = CARTESIAN_POINT ( 'NONE',  ( 126.0000000000000000, 3.000000000000000000, 45.00000000000000000 ) ) ;
#1263 = ORIENTED_EDGE ( 'NONE', *, *, #5355, .F. ) ;
#1264 = DIRECTION ( 'NONE',  ( -0.000000000000000000, -0.000000000000000000, 1.000000000000000000 ) ) ;
#1265 = VERTEX_POINT ( 'NONE', #1613 ) ;
#1266 = LINE ( 'NONE', #5520, #245 ) ;
#1267 = PRODUCT ( 'FN-HLD-002_cn3791-clip-zone_R0.4', 'FN-HLD-002_cn3791-clip-zone_R0.4', '', ( #2963 ) ) ;
#1268 = ITEM_DEFINED_TRANSFORMATION ( 'NONE', 'NONE', #4189,  #6285 ) ;
#1269 = CARTESIAN_POINT ( 'NONE',  ( -3.500000000000000000, 2.500000000000000000, -12.50000000000000000 ) ) ;
#1270 = ORIENTED_EDGE ( 'NONE', *, *, #369, .T. ) ;
#1271 = VERTEX_POINT ( 'NONE', #4047 ) ;
#1272 = APPLICATION_PROTOCOL_DEFINITION ( 'international standard', 'config_control_design', 1994, #2718 ) ;
#1273 = FACE_OUTER_BOUND ( 'NONE', #3952, .T. ) ;
#1274 = APPROVAL_ROLE ( '' ) ;
#1275 = CC_DESIGN_PERSON_AND_ORGANIZATION_ASSIGNMENT ( #3315, #1095, ( #7428 ) ) ;
#1276 = CYLINDRICAL_SURFACE ( 'NONE', #5649, 1.600000000000004086 ) ;
#1277 = VECTOR ( 'NONE', #603, 1000.000000000000000 ) ;
#1278 = DIRECTION ( 'NONE',  ( -0.000000000000000000, -1.000000000000000000, -0.000000000000000000 ) ) ;
#1279 = DATE_AND_TIME ( #720, #2557 ) ;
#1280 = CARTESIAN_POINT ( 'NONE',  ( 39.00000000000000000, 3.000000000000000000, -20.75000000000000355 ) ) ;
#1281 = EDGE_LOOP ( 'NONE', ( #4235, #1371, #2979, #695 ) ) ;
#1282 = VECTOR ( 'NONE', #1464, 1000.000000000000000 ) ;
#1283 = DIRECTION ( 'NONE',  ( 0.000000000000000000, 0.000000000000000000, 1.000000000000000000 ) ) ;
#1284 = APPROVAL ( #2555, '未指定' ) ;
#1285 = CARTESIAN_POINT ( 'NONE',  ( 136.0000000000000000, 0.000000000000000000, -96.50000000000000000 ) ) ;
#1286 = CARTESIAN_POINT ( 'NONE',  ( 57.50000000000000000, 0.000000000000000000, -85.00000000000000000 ) ) ;
#1287 = AXIS2_PLACEMENT_3D ( 'NONE', #7139, #4657, #1139 ) ;
#1288 = CC_DESIGN_SECURITY_CLASSIFICATION ( #7639, ( #4909 ) ) ;
#1289 = ORIENTED_EDGE ( 'NONE', *, *, #4724, .T. ) ;
#1290 = APPLICATION_CONTEXT ( 'configuration controlled 3d designs of mechanical parts and assemblies' ) ;
#1291 = DIRECTION ( 'NONE',  ( 0.000000000000000000, 0.000000000000000000, -1.000000000000000000 ) ) ;
#1292 = AXIS2_PLACEMENT_3D ( 'NONE', #5225, #5311, #7009 ) ;
#1293 = VECTOR ( 'NONE', #3625, 1000.000000000000000 ) ;
#1294 = SECURITY_CLASSIFICATION_LEVEL ( 'unclassified' ) ;
#1295 = ADVANCED_FACE ( 'NONE', ( #6294 ), #2902, .F. ) ;
#1296 = COORDINATED_UNIVERSAL_TIME_OFFSET ( 8, 0, .AHEAD. ) ;
#1297 = ORIENTED_EDGE ( 'NONE', *, *, #7099, .T. ) ;
#1298 = CARTESIAN_POINT ( 'NONE',  ( 5.750000000000000000, 2.500000000000000000, -68.50000000000001421 ) ) ;
#1299 = ORIENTED_EDGE ( 'NONE', *, *, #1896, .T. ) ;
#1300 = UNCERTAINTY_MEASURE_WITH_UNIT (LENGTH_MEASURE( 1.000000000000000082E-05 ), #1140, 'distance_accuracy_value', 'NONE');
#1301 = LINE ( 'NONE', #4240, #5253 ) ;
#1302 = CIRCLE ( 'NONE', #1422, 1.799999999999999600 ) ;
#1303 = APPROVAL_ROLE ( '' ) ;
#1304 = VERTEX_POINT ( 'NONE', #6372 ) ;
#1305 = ORIENTED_EDGE ( 'NONE', *, *, #3245, .T. ) ;
#1306 = PERSON_AND_ORGANIZATION ( #6453, #6167 ) ;
#1307 = FACE_BOUND ( 'NONE', #6092, .T. ) ;
#1308 = VECTOR ( 'NONE', #4172, 1000.000000000000000 ) ;
#1309 = APPLICATION_PROTOCOL_DEFINITION ( 'international standard', 'config_control_design', 1994, #4583 ) ;
#1310 = CARTESIAN_POINT ( 'NONE',  ( 54.00000000000000000, 3.600000000000000089, -81.50000000000000000 ) ) ;
#1311 = CARTESIAN_POINT ( 'NONE',  ( 39.00000000000000000, 38.00000000000000000, -17.69999999999999929 ) ) ;
#1312 = APPROVAL_STATUS ( 'not_yet_approved' ) ;
#1313 = CARTESIAN_POINT ( 'NONE',  ( -138.0327499999999930, 91.09999999999999432, 98.50000000000000000 ) ) ;
#1314 = VERTEX_POINT ( 'NONE', #5755 ) ;
#1315 = CC_DESIGN_PERSON_AND_ORGANIZATION_ASSIGNMENT ( #2424, #3712, ( #5838 ) ) ;
#1316 = DIRECTION ( 'NONE',  ( 0.000000000000000000, 0.000000000000000000, 1.000000000000000000 ) ) ;
#1317 = DIRECTION ( 'NONE',  ( 0.000000000000000000, 0.000000000000000000, -1.000000000000000000 ) ) ;
#1318 = CARTESIAN_POINT ( 'NONE',  ( -45.00000000000000000, 36.00000000000000000, 29.00000000000000000 ) ) ;
#1319 = LOCAL_TIME ( 19, 29, 3.000000000000000000, #1500 ) ;
#1320 = VERTEX_POINT ( 'NONE', #7078 ) ;
#1321 = PRODUCT_DEFINITION_SHAPE ( 'NONE', 'NONE',  #7717 ) ;
#1322 = APPROVAL ( #5697, '未指定' ) ;
#1323 = ORIENTED_EDGE ( 'NONE', *, *, #2501, .T. ) ;
#1324 = DIRECTION ( 'NONE',  ( -0.000000000000000000, -0.000000000000000000, 1.000000000000000000 ) ) ;
#1325 = SECURITY_CLASSIFICATION ( '', '', #4166 ) ;
#1326 = DATE_AND_TIME ( #6670, #5148 ) ;
#1327 = ADVANCED_FACE ( 'NONE', ( #7506 ), #483, .F. ) ;
#1328 = DIRECTION ( 'NONE',  ( 1.000000000000000000, 0.000000000000000000, 0.000000000000000000 ) ) ;
#1329 = EDGE_CURVE ( 'NONE', #7058, #6629, #4675, .T. ) ;
#1330 = EDGE_LOOP ( 'NONE', ( #5279, #6971, #6675, #4331 ) ) ;
#1331 = CC_DESIGN_APPROVAL ( #6994, ( #5199 ) ) ;
#1332 = CARTESIAN_POINT ( 'NONE',  ( 39.00000000000000000, 3.000000000000000000, -18.24999999999999645 ) ) ;
#1333 = VERTEX_POINT ( 'NONE', #7672 ) ;
#1334 = EDGE_CURVE ( 'NONE', #437, #1127, #5875, .T. ) ;
#1335 = CARTESIAN_POINT ( 'NONE',  ( 8.500000000000000000, 0.000000000000000000, -12.50000000000000000 ) ) ;
#1336 = EDGE_CURVE ( 'NONE', #5724, #7532, #739, .T. ) ;
#1337 = COORDINATED_UNIVERSAL_TIME_OFFSET ( 8, 0, .AHEAD. ) ;
#1338 = VERTEX_POINT ( 'NONE', #2195 ) ;
#1339 = EDGE_LOOP ( 'NONE', ( #2958, #6999, #6801, #3878 ) ) ;
#1340 = CALENDAR_DATE ( 2026, 26, 7 ) ;
#1341 = ORIENTED_EDGE ( 'NONE', *, *, #2960, .T. ) ;
#1342 = PLANE ( 'NONE',  #7468 ) ;
#1343 = EDGE_CURVE ( 'NONE', #3875, #7114, #363, .T. ) ;
#1344 = DATE_AND_TIME ( #4213, #3093 ) ;
#1345 = ADVANCED_FACE ( 'NONE', ( #5837, #2152, #440, #2826, #1576, #7591, #2235, #4634, #2866 ), #2273, .T. ) ;
#1346 = FACE_OUTER_BOUND ( 'NONE', #2930, .T. ) ;
#1347 = DIRECTION ( 'NONE',  ( 0.000000000000000000, 0.000000000000000000, -1.000000000000000000 ) ) ;
#1348 = VERTEX_POINT ( 'NONE', #1697 ) ;
#1349 = COORDINATED_UNIVERSAL_TIME_OFFSET ( 8, 0, .AHEAD. ) ;
#1350 = CC_DESIGN_APPROVAL ( #4090, ( #5838 ) ) ;
#1351 = CARTESIAN_POINT ( 'NONE',  ( -28.00000000000000000, 3.000000000000000000, 15.50000000000000000 ) ) ;
#1352 = DIRECTION ( 'NONE',  ( 0.000000000000000000, 0.000000000000000000, 1.000000000000000000 ) ) ;
#1353 = ORGANIZATION ( 'NAUO-ORG4', 'UNSPECIFIED', 'UNSPECIFIED' ) ;
#1354 = CARTESIAN_POINT ( 'NONE',  ( -8.250000000000000000, 0.000000000000000000, 3.750000000000000000 ) ) ;
#1355 = VECTOR ( 'NONE', #7145, 1000.000000000000000 ) ;
#1356 = CARTESIAN_POINT ( 'NONE',  ( -60.14999999999999858, 5.000000000000000000, -32.35000000000000142 ) ) ;
#1357 = APPROVAL ( #5782, 'UNKNOWN' ) ;
#1358 = ORIENTED_EDGE ( 'NONE', *, *, #3186, .T. ) ;
#1359 = SECURITY_CLASSIFICATION ( '', '', #4856 ) ;
#1360 = VECTOR ( 'NONE', #3736, 1000.000000000000000 ) ;
#1361 = CARTESIAN_POINT ( 'NONE',  ( -23.00000000000000000, 10.00000000000000000, -10.50000000000000000 ) ) ;
#1362 = PERSON_AND_ORGANIZATION ( #6453, #6167 ) ;
#1363 = CONTEXT_DEPENDENT_SHAPE_REPRESENTATION ( #2022, #4451 ) ;
#1364 = CC_DESIGN_APPROVAL ( #75, ( #3109 ) ) ;
#1365 = CC_DESIGN_DATE_AND_TIME_ASSIGNMENT ( #4050, #7554, ( #1503 ) ) ;
#1366 = VECTOR ( 'NONE', #1118, 1000.000000000000000 ) ;
#1367 = CARTESIAN_POINT ( 'NONE',  ( 96.00000000000000000, 12.00000000000000000, -9.000000000000000000 ) ) ;
#1368 = ORIENTED_EDGE ( 'NONE', *, *, #2705, .T. ) ;
#1369 = DIRECTION ( 'NONE',  ( 0.000000000000000000, 0.000000000000000000, 1.000000000000000000 ) ) ;
#1370 = ADVANCED_FACE ( 'NONE', ( #4088 ), #6459, .T. ) ;
#1371 = ORIENTED_EDGE ( 'NONE', *, *, #1432, .F. ) ;
#1372 = PLANE ( 'NONE',  #1987 ) ;
#1373 = VECTOR ( 'NONE', #7498, 1000.000000000000000 ) ;
#1374 = DIRECTION ( 'NONE',  ( 0.000000000000000000, 0.000000000000000000, -1.000000000000000000 ) ) ;
#1375 = COORDINATED_UNIVERSAL_TIME_OFFSET ( 8, 0, .AHEAD. ) ;
#1376 = ADVANCED_FACE ( 'NONE', ( #3604, #6572, #4167, #7266, #1273 ), #5340, .F. ) ;
#1377 = ORIENTED_EDGE ( 'NONE', *, *, #5463, .T. ) ;
#1378 = ORIENTED_EDGE ( 'NONE', *, *, #7157, .T. ) ;
#1379 = DATE_AND_TIME ( #5627, #5456 ) ;
#1380 = LINE ( 'NONE', #3759, #7220 ) ;
#1381 = PERSON_AND_ORGANIZATION ( #6453, #6167 ) ;
#1382 = EDGE_CURVE ( 'NONE', #6194, #2760, #2468, .T. ) ;
#1383 = CARTESIAN_POINT ( 'NONE',  ( 45.00000000000000000, 36.00000000000000000, -29.00000000000000000 ) ) ;
#1384 =( REPRESENTATION_RELATIONSHIP ('NONE','NONE', #110, #1706 ) REPRESENTATION_RELATIONSHIP_WITH_TRANSFORMATION ( #116 )SHAPE_REPRESENTATION_RELATIONSHIP( ) );
#1385 = CARTESIAN_POINT ( 'NONE',  ( 8.250000000000000000, 2.500000000000000000, 7.250000000000000000 ) ) ;
#1386 = ORIENTED_EDGE ( 'NONE', *, *, #3008, .F. ) ;
#1387 = MECHANICAL_CONTEXT ( 'NONE', #6617, 'mechanical' ) ;
#1388 = CARTESIAN_POINT ( 'NONE',  ( 6.000000000000000000, 0.000000000000000000, 6.000000000000000000 ) ) ;
#1389 = LINE ( 'NONE', #3772, #5020 ) ;
#1390 = DIRECTION ( 'NONE',  ( 0.000000000000000000, -0.000000000000000000, -1.000000000000000000 ) ) ;
#1391 = DIRECTION ( 'NONE',  ( 0.000000000000000000, 0.000000000000000000, -1.000000000000000000 ) ) ;
#1392 = EDGE_LOOP ( 'NONE', ( #1486, #1867, #4764, #6448 ) ) ;
#1393 = AXIS2_PLACEMENT_3D ( 'NONE', #72, #2443, #4954 ) ;
#1394 = ADVANCED_FACE ( 'NONE', ( #3098 ), #6062, .F. ) ;
#1395 = LINE ( 'NONE', #2492, #792 ) ;
#1396 = COORDINATED_UNIVERSAL_TIME_OFFSET ( 8, 0, .AHEAD. ) ;
#1397 = VECTOR ( 'NONE', #5810, 1000.000000000000000 ) ;
#1398 = PERSON_AND_ORGANIZATION ( #5461, #4601 ) ;
#1399 = LOCAL_TIME ( 19, 29, 3.000000000000000000, #1121 ) ;
#1400 = LINE ( 'NONE', #6862, #5657 ) ;
#1401 = CARTESIAN_POINT ( 'NONE',  ( -3.250000000000000000, 16.00000000000000000, -65.00000000000000000 ) ) ;
#1402 = ORIENTED_EDGE ( 'NONE', *, *, #7530, .F. ) ;
#1403 = CARTESIAN_POINT ( 'NONE',  ( -4.750000000000000000, 2.500000000000000000, 7.250000000000000000 ) ) ;
#1404 = VERTEX_POINT ( 'NONE', #4836 ) ;
#1405 = AXIS2_PLACEMENT_3D ( 'NONE', #5610, #2631, #5029 ) ;
#1406 = APPROVAL ( #833, '未指定' ) ;
#1407 = PLANE ( 'NONE',  #1872 ) ;
#1408 = LINE ( 'NONE', #6795, #7368 ) ;
#1409 = PERSON_AND_ORGANIZATION_ROLE ( 'classification_officer' ) ;
#1410 = VECTOR ( 'NONE', #2356, 1000.000000000000000 ) ;
#1411 = ORIENTED_EDGE ( 'NONE', *, *, #3855, .T. ) ;
#1412 = ORIENTED_EDGE ( 'NONE', *, *, #4208, .F. ) ;
#1413 = PERSON_AND_ORGANIZATION ( #6453, #6167 ) ;
#1414 = EDGE_LOOP ( 'NONE', ( #1244, #2361 ) ) ;
#1415 = DIRECTION ( 'NONE',  ( 0.000000000000000000, -1.000000000000000000, 0.000000000000000000 ) ) ;
#1416 = CC_DESIGN_PERSON_AND_ORGANIZATION_ASSIGNMENT ( #209, #360, ( #6425 ) ) ;
#1417 = VECTOR ( 'NONE', #6184, 1000.000000000000000 ) ;
#1418 = DATE_AND_TIME ( #6804, #7316 ) ;
#1419 = EDGE_CURVE ( 'NONE', #6467, #6406, #4755, .T. ) ;
#1420 = LINE ( 'NONE', #2037, #5290 ) ;
#1421 = LINE ( 'NONE', #7424, #5049 ) ;
#1422 = AXIS2_PLACEMENT_3D ( 'NONE', #1430, #3815, #3892 ) ;
#1423 = ORIENTED_EDGE ( 'NONE', *, *, #897, .F. ) ;
#1424 = DATE_AND_TIME ( #4478, #2434 ) ;
#1425 = FACE_OUTER_BOUND ( 'NONE', #612, .T. ) ;
#1426 = ADVANCED_FACE ( 'NONE', ( #4129 ), #1886, .F. ) ;
#1427 = LINE ( 'NONE', #251, #7127 ) ;
#1428 = APPLICATION_CONTEXT ( 'configuration controlled 3d designs of mechanical parts and assemblies' ) ;
#1429 = CARTESIAN_POINT ( 'NONE',  ( 39.00000000000000000, 38.00000000000000000, 19.50000000000000000 ) ) ;
#1430 = CARTESIAN_POINT ( 'NONE',  ( 39.00000000000000000, 0.000000000000000000, -19.50000000000000000 ) ) ;
#1431 = VERTEX_POINT ( 'NONE', #7194 ) ;
#1432 = EDGE_CURVE ( 'NONE', #386, #6402, #681, .T. ) ;
#1433 =( GEOMETRIC_REPRESENTATION_CONTEXT ( 3 ) GLOBAL_UNCERTAINTY_ASSIGNED_CONTEXT ( ( #6904 ) ) GLOBAL_UNIT_ASSIGNED_CONTEXT ( ( #5167, #5824, #6944 ) ) REPRESENTATION_CONTEXT ( 'NONE', 'WORKASPACE' ) );
#1434 = CARTESIAN_POINT ( 'NONE',  ( 0.000000000000000000, 35.00000000000000000, 0.000000000000000000 ) ) ;
#1435 = APPROVAL_DATE_TIME ( #1472, #4141 ) ;
#1436 = PRODUCT_DEFINITION_FORMATION_WITH_SPECIFIED_SOURCE ( '任何', '', #4000, .NOT_KNOWN. ) ;
#1437 = APPROVAL_ROLE ( '' ) ;
#1438 = PLANE ( 'NONE',  #5428 ) ;
#1439 = DIRECTION ( 'NONE',  ( 1.000000000000000000, 0.000000000000000000, 0.000000000000000000 ) ) ;
#1440 = ORIENTED_EDGE ( 'NONE', *, *, #5914, .F. ) ;
#1441 = EDGE_CURVE ( 'NONE', #4074, #2922, #644, .T. ) ;
#1442 = CARTESIAN_POINT ( 'NONE',  ( -0.7500000000000000000, 2.500000000000000000, -12.00000000000000000 ) ) ;
#1443 = PRODUCT_DEFINITION_FORMATION_WITH_SPECIFIED_SOURCE ( '任何', '', #4133, .NOT_KNOWN. ) ;
#1444 = DIRECTION ( 'NONE',  ( -1.000000000000000000, -0.000000000000000000, -0.000000000000000000 ) ) ;
#1445 = PRODUCT_DEFINITION_SHAPE ( 'NONE', 'NONE',  #2841 ) ;
#1446 = DIRECTION ( 'NONE',  ( 0.000000000000000000, -1.000000000000000000, 0.000000000000000000 ) ) ;
#1447 = CALENDAR_DATE ( 2026, 26, 7 ) ;
#1448 = APPROVAL_PERSON_ORGANIZATION ( #1685, #1552, #7540 ) ;
#1449 = CC_DESIGN_DATE_AND_TIME_ASSIGNMENT ( #6707, #3823, ( #4484 ) ) ;
#1450 = ORIENTED_EDGE ( 'NONE', *, *, #4232, .T. ) ;
#1451 = EDGE_LOOP ( 'NONE', ( #2852, #538, #2539, #7166 ) ) ;
#1452 = SHAPE_REPRESENTATION ( 'FN-SUB-002_tilt-reference-plate_M3_R0.2', ( #6285 ), #1803 ) ;
#1453 = PERSON_AND_ORGANIZATION ( #6453, #6167 ) ;
#1454 = VERTEX_POINT ( 'NONE', #1193 ) ;
#1455 = VERTEX_POINT ( 'NONE', #3648 ) ;
#1456 = PLANE ( 'NONE',  #5375 ) ;
#1457 = DATE_AND_TIME ( #2662, #3713 ) ;
#1458 = DIRECTION ( 'NONE',  ( -0.000000000000000000, -1.000000000000000000, -0.000000000000000000 ) ) ;
#1459 = LINE ( 'NONE', #6291, #4425 ) ;
#1460 = APPROVAL ( #2654, '未指定' ) ;
#1461 = EDGE_LOOP ( 'NONE', ( #2834, #992, #7011, #1173 ) ) ;
#1462 = DATE_TIME_ROLE ( 'classification_date' ) ;
#1463 = DIRECTION ( 'NONE',  ( 0.000000000000000000, 0.000000000000000000, -1.000000000000000000 ) ) ;
#1464 = DIRECTION ( 'NONE',  ( -0.000000000000000000, -0.000000000000000000, 1.000000000000000000 ) ) ;
#1465 = LINE ( 'NONE', #7315, #4906 ) ;
#1466 = APPROVAL_PERSON_ORGANIZATION ( #1108, #1745, #3369 ) ;
#1467 = CYLINDRICAL_SURFACE ( 'NONE', #5547, 1.750000000000005107 ) ;
#1468 = ADVANCED_FACE ( 'NONE', ( #5422 ), #4871, .F. ) ;
#1469 = ORIENTED_EDGE ( 'NONE', *, *, #4, .T. ) ;
#1470 = LOCAL_TIME ( 19, 29, 3.000000000000000000, #7653 ) ;
#1471 = CARTESIAN_POINT ( 'NONE',  ( 54.00000000000000000, 1.599999999999999867, 79.90000000000000568 ) ) ;
#1472 = DATE_AND_TIME ( #3190, #1777 ) ;
#1473 = CLOSED_SHELL ( 'NONE', ( #6576, #1252, #807, #3055, #464, #851 ) ) ;
#1474 = DATE_AND_TIME ( #3118, #5358 ) ;
#1475 = DIRECTION ( 'NONE',  ( -1.000000000000000000, -0.000000000000000000, -0.000000000000000000 ) ) ;
#1476 = VECTOR ( 'NONE', #7365, 1000.000000000000000 ) ;
#1477 = CARTESIAN_POINT ( 'NONE',  ( 53.50000000000000000, 16.00000000000000000, -44.50000000000000000 ) ) ;
#1478 = VERTEX_POINT ( 'NONE', #4289 ) ;
#1479 = LINE ( 'NONE', #2761, #6595 ) ;
#1480 = VECTOR ( 'NONE', #1515, 1000.000000000000000 ) ;
#1481 = DIRECTION ( 'NONE',  ( -1.000000000000000000, 0.000000000000000000, -0.000000000000000000 ) ) ;
#1482 = LOCAL_TIME ( 19, 29, 3.000000000000000000, #7563 ) ;
#1483 = DIRECTION ( 'NONE',  ( 0.000000000000000000, -1.000000000000000000, 0.000000000000000000 ) ) ;
#1484 = DATE_TIME_ROLE ( 'classification_date' ) ;
#1485 = VECTOR ( 'NONE', #3021, 1000.000000000000000 ) ;
#1486 = ORIENTED_EDGE ( 'NONE', *, *, #5067, .T. ) ;
#1487 = ORIENTED_EDGE ( 'NONE', *, *, #4227, .T. ) ;
#1488 = APPROVAL_ROLE ( '' ) ;
#1489 = ORIENTED_EDGE ( 'NONE', *, *, #3298, .T. ) ;
#1490 = LINE ( 'NONE', #5629, #994 ) ;
#1491 = AXIS2_PLACEMENT_3D ( 'NONE', #5669, #7418, #3285 ) ;
#1492 = CARTESIAN_POINT ( 'NONE',  ( -60.14999999999999858, 3.000000000000000000, 28.84999999999999787 ) ) ;
#1493 = APPROVAL_DATE_TIME ( #1418, #3123 ) ;
#1494 = DIRECTION ( 'NONE',  ( -0.000000000000000000, -0.000000000000000000, 1.000000000000000000 ) ) ;
#1495 = SHAPE_REPRESENTATION ( 'FN-SEN-001_tilt-transmitter-envelope_R0.1', ( #6285 ), #2793 ) ;
#1496 = AXIS2_PLACEMENT_3D ( 'NONE', #2684, #4499, #6867 ) ;
#1497 = CARTESIAN_POINT ( 'NONE',  ( -60.00000000000000000, 3.000000000000000000, -42.50000000000000000 ) ) ;
#1498 = VERTEX_POINT ( 'NONE', #63 ) ;
#1499 = ORIENTED_EDGE ( 'NONE', *, *, #7397, .T. ) ;
#1500 = COORDINATED_UNIVERSAL_TIME_OFFSET ( 8, 0, .AHEAD. ) ;
#1501 = CARTESIAN_POINT ( 'NONE',  ( 54.00000000000000000, 0.000000000000000000, -83.10000000000000853 ) ) ;
#1502 = VECTOR ( 'NONE', #3778, 1000.000000000000000 ) ;
#1503 = PRODUCT_DEFINITION ( '未知', '', #2767, #892 ) ;
#1504 = DIRECTION ( 'NONE',  ( 0.000000000000000000, 0.000000000000000000, -1.000000000000000000 ) ) ;
#1505 = DIRECTION ( 'NONE',  ( 0.000000000000000000, 0.000000000000000000, 1.000000000000000000 ) ) ;
#1506 = DIRECTION ( 'NONE',  ( 0.000000000000000000, -1.000000000000000000, 0.000000000000000000 ) ) ;
#1507 = EDGE_LOOP ( 'NONE', ( #1133, #4143, #1115, #309 ) ) ;
#1508 = CC_DESIGN_PERSON_AND_ORGANIZATION_ASSIGNMENT ( #2864, #2900, ( #1443 ) ) ;
#1509 = FACE_OUTER_BOUND ( 'NONE', #4966, .T. ) ;
#1510 = CONTEXT_DEPENDENT_SHAPE_REPRESENTATION ( #5772, #1879 ) ;
#1511 = DIRECTION ( 'NONE',  ( 0.000000000000000000, 0.000000000000000000, -1.000000000000000000 ) ) ;
#1512 = AXIS2_PLACEMENT_3D ( 'NONE', #4424, #1446, #824 ) ;
#1513 = PERSON_AND_ORGANIZATION ( #6453, #6167 ) ;
#1514 = ORIENTED_EDGE ( 'NONE', *, *, #2952, .T. ) ;
#1515 = DIRECTION ( 'NONE',  ( 0.000000000000000000, 0.000000000000000000, -1.000000000000000000 ) ) ;
#1516 = EDGE_CURVE ( 'NONE', #661, #4365, #97, .T. ) ;
#1517 = EDGE_CURVE ( 'NONE', #2760, #4466, #2983, .T. ) ;
#1518 = DIRECTION ( 'NONE',  ( 0.000000000000000000, -1.000000000000000000, 0.000000000000000000 ) ) ;
#1519 = VECTOR ( 'NONE', #6313, 1000.000000000000000 ) ;
#1520 = APPROVAL_ROLE ( '' ) ;
#1521 = LINE ( 'NONE', #2686, #3650 ) ;
#1522 = PERSON_AND_ORGANIZATION_ROLE ( 'classification_officer' ) ;
#1523 = ORIENTED_EDGE ( 'NONE', *, *, #6678, .T. ) ;
#1524 = VECTOR ( 'NONE', #444, 1000.000000000000000 ) ;
#1525 = CARTESIAN_POINT ( 'NONE',  ( -8.500000000000000000, 2.500000000000000000, 8.500000000000001776 ) ) ;
#1526 = PERSON_AND_ORGANIZATION_ROLE ( 'design_owner' ) ;
#1527 = CC_DESIGN_APPROVAL ( #125, ( #393 ) ) ;
#1528 = VERTEX_POINT ( 'NONE', #562 ) ;
#1529 = DIRECTION ( 'NONE',  ( -0.000000000000000000, -1.000000000000000000, -0.000000000000000000 ) ) ;
#1530 = ADVANCED_FACE ( 'NONE', ( #2432 ), #3065, .F. ) ;
#1531 = PLANE ( 'NONE',  #3490 ) ;
#1532 = VECTOR ( 'NONE', #5215, 1000.000000000000000 ) ;
#1533 = APPROVAL_ROLE ( '' ) ;
#1534 = CARTESIAN_POINT ( 'NONE',  ( 0.000000000000000000, 3.000000000000000000, 0.000000000000000000 ) ) ;
#1535 = CARTESIAN_POINT ( 'NONE',  ( -21.25000000000000000, 0.000000000000000000, -10.50000000000000000 ) ) ;
#1536 = EDGE_CURVE ( 'NONE', #776, #313, #6651, .T. ) ;
#1537 = EDGE_LOOP ( 'NONE', ( #2271, #7577, #6203, #5011 ) ) ;
#1538 = COORDINATED_UNIVERSAL_TIME_OFFSET ( 8, 0, .AHEAD. ) ;
#1539 = PLANE ( 'NONE',  #3605 ) ;
#1540 = VECTOR ( 'NONE', #2246, 1000.000000000000000 ) ;
#1541 = PLANE ( 'NONE',  #2512 ) ;
#1542 = DIRECTION ( 'NONE',  ( 0.000000000000000000, 1.000000000000000000, 0.000000000000000000 ) ) ;
#1543 = AXIS2_PLACEMENT_3D ( 'NONE', #2158, #1039, #7010 ) ;
#1544 = FACE_OUTER_BOUND ( 'NONE', #1461, .T. ) ;
#1545 = CC_DESIGN_DATE_AND_TIME_ASSIGNMENT ( #6056, #707, ( #218 ) ) ;
#1546 = ORIENTED_EDGE ( 'NONE', *, *, #2520, .T. ) ;
#1547 = FACE_OUTER_BOUND ( 'NONE', #3583, .T. ) ;
#1548 = APPROVAL_DATE_TIME ( #6861, #75 ) ;
#1549 = CARTESIAN_POINT ( 'NONE',  ( -45.00000000000000000, 0.000000000000000000, 29.00000000000000000 ) ) ;
#1550 =( GEOMETRIC_REPRESENTATION_CONTEXT ( 3 ) GLOBAL_UNCERTAINTY_ASSIGNED_CONTEXT ( ( #2131 ) ) GLOBAL_UNIT_ASSIGNED_CONTEXT ( ( #7656, #5288, #5739 ) ) REPRESENTATION_CONTEXT ( 'NONE', 'WORKASPACE' ) );
#1551 = APPLICATION_PROTOCOL_DEFINITION ( 'international standard', 'config_control_design', 1994, #2215 ) ;
#1552 = APPROVAL ( #5170, '未指定' ) ;
#1553 = VERTEX_POINT ( 'NONE', #4251 ) ;
#1554 = CARTESIAN_POINT ( 'NONE',  ( 36.00000000000000000, 3.000000000000000000, 33.50000000000000000 ) ) ;
#1555 = ORIENTED_EDGE ( 'NONE', *, *, #2428, .T. ) ;
#1556 = CARTESIAN_POINT ( 'NONE',  ( -1.750000000000000000, 0.000000000000000000, 10.50000000000000000 ) ) ;
#1557 = LOCAL_TIME ( 19, 29, 3.000000000000000000, #4985 ) ;
#1558 = CALENDAR_DATE ( 2026, 26, 7 ) ;
#1559 = CARTESIAN_POINT ( 'NONE',  ( -4.750000000000000000, 2.500000000000000000, 11.25000000000000000 ) ) ;
#1560 = CALENDAR_DATE ( 2026, 26, 7 ) ;
#1561 = ADVANCED_FACE ( 'NONE', ( #1307, #132, #2509, #7306, #6096, #2071, #241, #832, #5089 ), #1959, .F. ) ;
#1562 =( NAMED_UNIT ( * ) SI_UNIT ( $, .STERADIAN. ) SOLID_ANGLE_UNIT ( ) );
#1563 = EDGE_CURVE ( 'NONE', #6181, #4819, #3836, .T. ) ;
#1564 = ORIENTED_EDGE ( 'NONE', *, *, #2710, .F. ) ;
#1565 = CC_DESIGN_SECURITY_CLASSIFICATION ( #3178, ( #6053 ) ) ;
#1566 = DIRECTION ( 'NONE',  ( 1.000000000000000000, -0.000000000000000000, 0.000000000000000000 ) ) ;
#1567 = MECHANICAL_CONTEXT ( 'NONE', #1682, 'mechanical' ) ;
#1568 = EDGE_LOOP ( 'NONE', ( #4721, #4699 ) ) ;
#1569 = DIRECTION ( 'NONE',  ( -0.000000000000000000, -1.000000000000000000, -0.000000000000000000 ) ) ;
#1570 = DIRECTION ( 'NONE',  ( 0.000000000000000000, -1.000000000000000000, 0.000000000000000000 ) ) ;
#1571 = CC_DESIGN_APPROVAL ( #7671, ( #5948 ) ) ;
#1572 = CALENDAR_DATE ( 2026, 26, 7 ) ;
#1573 = CARTESIAN_POINT ( 'NONE',  ( -8.250000000000000000, 0.000000000000000000, 11.25000000000000000 ) ) ;
#1574 = ORIENTED_EDGE ( 'NONE', *, *, #708, .T. ) ;
#1575 = APPROVAL_ROLE ( '' ) ;
#1576 = FACE_BOUND ( 'NONE', #5587, .T. ) ;
#1577 = CYLINDRICAL_SURFACE ( 'NONE', #5758, 1.750000000000001554 ) ;
#1578 = CARTESIAN_POINT ( 'NONE',  ( -10.25000000000000000, 2.500000000000000000, -1.750000000000000000 ) ) ;
#1579 = CARTESIAN_POINT ( 'NONE',  ( 21.25000000000000000, 0.000000000000000000, 10.50000000000000000 ) ) ;
#1580 = EDGE_LOOP ( 'NONE', ( #1808, #1705, #5846, #5676 ) ) ;
#1581 = DIRECTION ( 'NONE',  ( -0.000000000000000000, -1.000000000000000000, -0.000000000000000000 ) ) ;
#1582 = CC_DESIGN_APPROVAL ( #3123, ( #3838 ) ) ;
#1583 = FACE_OUTER_BOUND ( 'NONE', #2139, .T. ) ;
#1584 = DIRECTION ( 'NONE',  ( -0.000000000000000000, -1.000000000000000000, -0.000000000000000000 ) ) ;
#1585 = PERSON_AND_ORGANIZATION ( #6453, #6167 ) ;
#1586 = VERTEX_POINT ( 'NONE', #6841 ) ;
#1587 = LINE ( 'NONE', #2681, #228 ) ;
#1588 = LOCAL_TIME ( 19, 29, 3.000000000000000000, #2808 ) ;
#1589 = FACE_OUTER_BOUND ( 'NONE', #3380, .T. ) ;
#1590 = CALENDAR_DATE ( 2026, 26, 7 ) ;
#1591 = PLANE ( 'NONE',  #5276 ) ;
#1592 = CC_DESIGN_DATE_AND_TIME_ASSIGNMENT ( #4536, #5242, ( #7428 ) ) ;
#1593 = DATE_TIME_ROLE ( 'classification_date' ) ;
#1594 = LOCAL_TIME ( 19, 29, 3.000000000000000000, #584 ) ;
#1595 = VECTOR ( 'NONE', #4498, 1000.000000000000000 ) ;
#1596 = EDGE_CURVE ( 'NONE', #4622, #368, #5529, .T. ) ;
#1597 = ORIENTED_EDGE ( 'NONE', *, *, #3330, .F. ) ;
#1598 = DIRECTION ( 'NONE',  ( -1.000000000000000000, 0.000000000000000000, 0.000000000000000000 ) ) ;
#1599 = APPROVAL_DATE_TIME ( #6405, #6269 ) ;
#1600 = ORIENTED_EDGE ( 'NONE', *, *, #3177, .F. ) ;
#1601 = DIRECTION ( 'NONE',  ( 0.000000000000000000, -0.000000000000000000, -1.000000000000000000 ) ) ;
#1602 = LOCAL_TIME ( 19, 29, 3.000000000000000000, #4060 ) ;
#1603 = CARTESIAN_POINT ( 'NONE',  ( -57.50000000000000000, 0.000000000000000000, -85.00000000000000000 ) ) ;
#1604 = VECTOR ( 'NONE', #3810, 1000.000000000000000 ) ;
#1605 = ADVANCED_FACE ( 'NONE', ( #3723 ), #3204, .F. ) ;
#1606 = COORDINATED_UNIVERSAL_TIME_OFFSET ( 8, 0, .AHEAD. ) ;
#1607 = LINE ( 'NONE', #2149, #4794 ) ;
#1608 = EDGE_CURVE ( 'NONE', #7386, #6369, #4393, .T. ) ;
#1609 = ORIENTED_EDGE ( 'NONE', *, *, #2527, .T. ) ;
#1610 = VERTEX_POINT ( 'NONE', #1996 ) ;
#1611 = CALENDAR_DATE ( 2026, 26, 7 ) ;
#1612 = VECTOR ( 'NONE', #5332, 1000.000000000000000 ) ;
#1613 = CARTESIAN_POINT ( 'NONE',  ( -0.7500000000000000000, 2.500000000000000000, -12.00000000000000000 ) ) ;
#1614 = EDGE_CURVE ( 'NONE', #183, #7375, #1490, .T. ) ;
#1615 = ADVANCED_FACE ( 'NONE', ( #4977 ), #4430, .T. ) ;
#1616 = DIRECTION ( 'NONE',  ( 0.000000000000000000, -1.000000000000000000, 0.000000000000000000 ) ) ;
#1617 = CALENDAR_DATE ( 2026, 26, 7 ) ;
#1618 = VECTOR ( 'NONE', #6247, 1000.000000000000000 ) ;
#1619 = DIRECTION ( 'NONE',  ( 0.000000000000000000, 0.000000000000000000, -1.000000000000000000 ) ) ;
#1620 = DIRECTION ( 'NONE',  ( 0.000000000000000000, -1.000000000000000000, 0.000000000000000000 ) ) ;
#1621 = ORIENTED_EDGE ( 'NONE', *, *, #7379, .F. ) ;
#1622 = DIRECTION ( 'NONE',  ( 0.000000000000000000, 0.000000000000000000, 1.000000000000000000 ) ) ;
#1623 = DIRECTION ( 'NONE',  ( -0.000000000000000000, 1.000000000000000000, -0.000000000000000000 ) ) ;
#1624 = APPROVAL_STATUS ( 'not_yet_approved' ) ;
#1625 = CARTESIAN_POINT ( 'NONE',  ( 57.50000000000000000, 35.00000000000000000, 85.00000000000000000 ) ) ;
#1626 = APPLICATION_CONTEXT ( 'configuration controlled 3d designs of mechanical parts and assemblies' ) ;
#1627 = CALENDAR_DATE ( 2026, 26, 7 ) ;
#1628 = ORIENTED_EDGE ( 'NONE', *, *, #3716, .T. ) ;
#1629 = CARTESIAN_POINT ( 'NONE',  ( 39.00000000000000000, 36.00000000000000000, -19.50000000000000000 ) ) ;
#1630 = EDGE_LOOP ( 'NONE', ( #5872, #6945 ) ) ;
#1631 = LINE ( 'NONE', #7650, #4539 ) ;
#1632 = APPROVAL_DATE_TIME ( #2174, #5654 ) ;
#1633 = DIRECTION ( 'NONE',  ( -0.000000000000000000, -0.000000000000000000, 1.000000000000000000 ) ) ;
#1634 = VECTOR ( 'NONE', #7475, 1000.000000000000000 ) ;
#1635 = APPROVAL_STATUS ( 'not_yet_approved' ) ;
#1636 = ORIENTED_EDGE ( 'NONE', *, *, #2391, .T. ) ;
#1637 = ORIENTED_EDGE ( 'NONE', *, *, #5005, .F. ) ;
#1638 = FACE_OUTER_BOUND ( 'NONE', #6990, .T. ) ;
#1639 = SECURITY_CLASSIFICATION_LEVEL ( 'unclassified' ) ;
#1640 = ORIENTED_EDGE ( 'NONE', *, *, #1990, .F. ) ;
#1641 = CC_DESIGN_PERSON_AND_ORGANIZATION_ASSIGNMENT ( #949, #5708, ( #964 ) ) ;
#1642 = PLANE ( 'NONE',  #4994 ) ;
#1643 = DIRECTION ( 'NONE',  ( -0.000000000000000000, 1.000000000000000000, -0.000000000000000000 ) ) ;
#1644 = PERSON_AND_ORGANIZATION_ROLE ( 'design_supplier' ) ;
#1645 = DIRECTION ( 'NONE',  ( 0.000000000000000000, 0.000000000000000000, -1.000000000000000000 ) ) ;
#1646 = AXIS2_PLACEMENT_3D ( 'NONE', #6347, #4645, #5767 ) ;
#1647 = APPROVAL_PERSON_ORGANIZATION ( #4854, #4043, #3506 ) ;
#1648 = CARTESIAN_POINT ( 'NONE',  ( -45.00000000000000000, 36.00000000000000000, -29.00000000000000000 ) ) ;
#1649 = EDGE_LOOP ( 'NONE', ( #1152, #5829, #2293, #1860, #3281, #750, #4887, #5625 ) ) ;
#1650 = ORIENTED_EDGE ( 'NONE', *, *, #618, .T. ) ;
#1651 = PERSON_AND_ORGANIZATION ( #6453, #6167 ) ;
#1652 = PRODUCT_DEFINITION ( '未知', '', #3312, #5519 ) ;
#1653 = DIRECTION ( 'NONE',  ( 0.000000000000000000, 0.000000000000000000, -1.000000000000000000 ) ) ;
#1654 = VECTOR ( 'NONE', #5682, 1000.000000000000000 ) ;
#1655 = EDGE_CURVE ( 'NONE', #2734, #2617, #1380, .T. ) ;
#1656 = VECTOR ( 'NONE', #6632, 1000.000000000000000 ) ;
#1657 = CARTESIAN_POINT ( 'NONE',  ( -54.00000000000000000, 1.599999999999999867, 83.10000000000000853 ) ) ;
#1658 = APPROVAL_DATE_TIME ( #5076, #4953 ) ;
#1659 = CARTESIAN_POINT ( 'NONE',  ( -39.00000000000000000, 3.000000000000000000, 19.50000000000000000 ) ) ;
#1660 = CARTESIAN_POINT ( 'NONE',  ( 39.00000000000000000, 0.000000000000000000, 18.24999999999999645 ) ) ;
#1661 = ADVANCED_FACE ( 'NONE', ( #6130 ), #1456, .F. ) ;
#1662 = AXIS2_PLACEMENT_3D ( 'NONE', #991, #6880, #6454 ) ;
#1663 = EDGE_CURVE ( 'NONE', #3543, #3515, #5562, .T. ) ;
#1664 = ORIENTED_EDGE ( 'NONE', *, *, #2710, .T. ) ;
#1665 = AXIS2_PLACEMENT_3D ( 'NONE', #2212, #4185, #5240 ) ;
#1666 = EDGE_CURVE ( 'NONE', #7293, #7386, #4321, .T. ) ;
#1667 = CARTESIAN_POINT ( 'NONE',  ( -60.14999999999999858, 0.000000000000000000, 30.60000000000000142 ) ) ;
#1668 = VECTOR ( 'NONE', #4768, 1000.000000000000000 ) ;
#1669 = CARTESIAN_POINT ( 'NONE',  ( 0.5000000000000004441, 0.000000000000000000, -8.500000000000000000 ) ) ;
#1670 = ITEM_DEFINED_TRANSFORMATION ( 'NONE', 'NONE', #2165,  #6285 ) ;
#1671 = DIRECTION ( 'NONE',  ( 0.000000000000000000, 0.000000000000000000, 1.000000000000000000 ) ) ;
#1672 = ADVANCED_FACE ( 'NONE', ( #7341 ), #2581, .T. ) ;
#1673 = EDGE_LOOP ( 'NONE', ( #1270, #7276, #5168, #382 ) ) ;
#1674 = AXIS2_PLACEMENT_3D ( 'NONE', #6618, #4471, #1856 ) ;
#1675 = ORIENTED_EDGE ( 'NONE', *, *, #896, .F. ) ;
#1676 = ORIENTED_EDGE ( 'NONE', *, *, #3816, .T. ) ;
#1677 = FACE_OUTER_BOUND ( 'NONE', #3632, .T. ) ;
#1678 = ORIENTED_EDGE ( 'NONE', *, *, #510, .T. ) ;
#1679 = CALENDAR_DATE ( 2026, 26, 7 ) ;
#1680 = DIRECTION ( 'NONE',  ( 0.000000000000000000, -1.000000000000000000, 0.000000000000000000 ) ) ;
#1681 = CALENDAR_DATE ( 2026, 26, 7 ) ;
#1682 = APPLICATION_CONTEXT ( 'configuration controlled 3d designs of mechanical parts and assemblies' ) ;
#1683 = EDGE_LOOP ( 'NONE', ( #5438, #3719, #7106, #5062 ) ) ;
#1684 = DIRECTION ( 'NONE',  ( 0.000000000000000000, 0.000000000000000000, 1.000000000000000000 ) ) ;
#1685 = PERSON_AND_ORGANIZATION ( #6453, #6167 ) ;
#1686 = ORIENTED_EDGE ( 'NONE', *, *, #1805, .F. ) ;
#1687 = CARTESIAN_POINT ( 'NONE',  ( 2.250000000000000444, 0.000000000000000000, 6.500000000000000000 ) ) ;
#1688 = AXIS2_PLACEMENT_3D ( 'NONE', #775, #6193, #6083 ) ;
#1689 = LINE ( 'NONE', #7110, #5729 ) ;
#1690 = CALENDAR_DATE ( 2026, 26, 7 ) ;
#1691 = APPROVAL ( #4576, 'UNKNOWN' ) ;
#1692 = DIRECTION ( 'NONE',  ( 0.000000000000000000, -1.000000000000000000, 0.000000000000000000 ) ) ;
#1693 = APPROVAL_PERSON_ORGANIZATION ( #5951, #3840, #1274 ) ;
#1694 = ORIENTED_EDGE ( 'NONE', *, *, #7484, .F. ) ;
#1695 = ORIENTED_EDGE ( 'NONE', *, *, #7119, .T. ) ;
#1696 = PERSON_AND_ORGANIZATION_ROLE ( 'creator' ) ;
#1697 = CARTESIAN_POINT ( 'NONE',  ( 39.00000000000000000, 36.00000000000000000, 21.30000000000000071 ) ) ;
#1698 = CC_DESIGN_APPROVAL ( #3660, ( #80 ) ) ;
#1699 = CARTESIAN_POINT ( 'NONE',  ( 8.250000000000000000, 2.500000000000000000, 7.250000000000000000 ) ) ;
#1700 = PERSON_AND_ORGANIZATION ( #6453, #6167 ) ;
#1701 = APPROVAL ( #2636, '未指定' ) ;
#1702 = PLANE ( 'NONE',  #6888 ) ;
#1703 = DIRECTION ( 'NONE',  ( 0.000000000000000000, -1.000000000000000000, 0.000000000000000000 ) ) ;
#1704 = CC_DESIGN_APPROVAL ( #1322, ( #5464 ) ) ;
#1705 = ORIENTED_EDGE ( 'NONE', *, *, #3636, .T. ) ;
#1706 = SHAPE_REPRESENTATION ( 'FN-ZON-002_fuse-service-disconnect_R0.4', ( #6285 ), #4183 ) ;
#1707 = CARTESIAN_POINT ( 'NONE',  ( 39.00000000000000000, 0.000000000000000000, 21.30000000000000071 ) ) ;
#1708 = ADVANCED_FACE ( 'NONE', ( #1925 ), #906, .F. ) ;
#1709 = LINE ( 'NONE', #2796, #3894 ) ;
#1710 = CARTESIAN_POINT ( 'NONE',  ( -8.500000000000000000, 0.000000000000000000, 8.500000000000001776 ) ) ;
#1711 = EDGE_CURVE ( 'NONE', #6937, #5517, #1124, .T. ) ;
#1712 = VERTEX_POINT ( 'NONE', #2694 ) ;
#1713 = ORIENTED_EDGE ( 'NONE', *, *, #3298, .F. ) ;
#1714 = CARTESIAN_POINT ( 'NONE',  ( -36.00000000000000000, 3.000000000000000000, -33.50000000000000000 ) ) ;
#1715 = ORIENTED_EDGE ( 'NONE', *, *, #6819, .T. ) ;
#1716 = ADVANCED_FACE ( 'NONE', ( #6689 ), #1342, .F. ) ;
#1717 = PERSON_AND_ORGANIZATION_ROLE ( 'creator' ) ;
#1718 = CARTESIAN_POINT ( 'NONE',  ( -21.25000000000000000, 2.500000000000000000, -6.500000000000000000 ) ) ;
#1719 = ADVANCED_FACE ( 'NONE', ( #6449 ), #4508, .T. ) ;
#1720 = DATE_AND_TIME ( #1560, #2844 ) ;
#1721 = LOCAL_TIME ( 19, 29, 3.000000000000000000, #3445 ) ;
#1722 =( LENGTH_UNIT ( ) NAMED_UNIT ( * ) SI_UNIT ( .MILLI., .METRE. ) );
#1723 = ORIENTED_EDGE ( 'NONE', *, *, #6529, .T. ) ;
#1724 = CARTESIAN_POINT ( 'NONE',  ( 4.000000000000000000, 0.000000000000000000, 1.250000000000000000 ) ) ;
#1725 = CALENDAR_DATE ( 2026, 26, 7 ) ;
#1726 = ORIENTED_EDGE ( 'NONE', *, *, #618, .F. ) ;
#1727 = DIRECTION ( 'NONE',  ( 0.000000000000000000, -1.000000000000000000, 0.000000000000000000 ) ) ;
#1728 = CARTESIAN_POINT ( 'NONE',  ( -60.00000000000000000, 0.000000000000000000, 42.50000000000000000 ) ) ;
#1729 = ADVANCED_FACE ( 'NONE', ( #4582 ), #1065, .F. ) ;
#1730 = SECURITY_CLASSIFICATION ( '', '', #5558 ) ;
#1731 = COORDINATED_UNIVERSAL_TIME_OFFSET ( 8, 0, .AHEAD. ) ;
#1732 = DIRECTION ( 'NONE',  ( 0.000000000000000000, 0.000000000000000000, -1.000000000000000000 ) ) ;
#1733 = VERTEX_POINT ( 'NONE', #7542 ) ;
#1734 = EDGE_LOOP ( 'NONE', ( #5278, #6875, #415, #7254 ) ) ;
#1735 = APPROVAL_STATUS ( 'not_yet_approved' ) ;
#1736 = LOCAL_TIME ( 19, 29, 3.000000000000000000, #1912 ) ;
#1737 = DIRECTION ( 'NONE',  ( 0.000000000000000000, 0.000000000000000000, -1.000000000000000000 ) ) ;
#1738 = AXIS2_PLACEMENT_3D ( 'NONE', #5996, #5349, #611 ) ;
#1739 = LINE ( 'NONE', #5590, #3645 ) ;
#1740 = PERSON_AND_ORGANIZATION_ROLE ( 'design_supplier' ) ;
#1741 = CARTESIAN_POINT ( 'NONE',  ( -158.9499999999999886, 3.000000000000000000, 119.4500000000000028 ) ) ;
#1742 = AXIS2_PLACEMENT_3D ( 'NONE', #6924, #6334, #2312 ) ;
#1743 = CARTESIAN_POINT ( 'NONE',  ( -21.25000000000000000, 2.500000000000000000, -10.50000000000000000 ) ) ;
#1744 = ORIENTED_EDGE ( 'NONE', *, *, #799, .T. ) ;
#1745 = APPROVAL ( #2191, '未指定' ) ;
#1746 = VECTOR ( 'NONE', #12, 1000.000000000000000 ) ;
#1747 = DIRECTION ( 'NONE',  ( 0.000000000000000000, -1.000000000000000000, 0.000000000000000000 ) ) ;
#1748 = CARTESIAN_POINT ( 'NONE',  ( 8.500000000000000000, 2.500000000000000000, -12.50000000000000000 ) ) ;
#1749 = DIRECTION ( 'NONE',  ( 0.000000000000000000, 0.000000000000000000, -1.000000000000000000 ) ) ;
#1750 = ORIENTED_EDGE ( 'NONE', *, *, #2571, .T. ) ;
#1751 = PRODUCT_DEFINITION_SHAPE ( 'NONE', 'NONE',  #5574 ) ;
#1752 = APPROVAL ( #1857, '未指定' ) ;
#1753 = VERTEX_POINT ( 'NONE', #2145 ) ;
#1754 = DIRECTION ( 'NONE',  ( 0.000000000000000000, 0.000000000000000000, -1.000000000000000000 ) ) ;
#1755 = EDGE_CURVE ( 'NONE', #622, #4632, #5251, .T. ) ;
#1756 = DATE_AND_TIME ( #2412, #3771 ) ;
#1757 = CARTESIAN_POINT ( 'NONE',  ( 4.750000000000000000, 2.500000000000000000, -11.25000000000000000 ) ) ;
#1758 = DATE_AND_TIME ( #7103, #2476 ) ;
#1759 = DIRECTION ( 'NONE',  ( 1.000000000000000000, 0.000000000000000000, 0.000000000000000000 ) ) ;
#1760 = VERTEX_POINT ( 'NONE', #3918 ) ;
#1761 = CARTESIAN_POINT ( 'NONE',  ( 60.14999999999999858, 3.000000000000000000, 30.60000000000000142 ) ) ;
#1762 = PERSON_AND_ORGANIZATION_ROLE ( 'design_supplier' ) ;
#1763 = VERTEX_POINT ( 'NONE', #2778 ) ;
#1764 = EDGE_CURVE ( 'NONE', #4664, #6982, #7620, .T. ) ;
#1765 = CARTESIAN_POINT ( 'NONE',  ( -10.25000000000000000, 2.500000000000000000, -1.750000000000000000 ) ) ;
#1766 = APPROVAL_DATE_TIME ( #747, #4090 ) ;
#1767 = DIRECTION ( 'NONE',  ( -1.000000000000000000, 0.000000000000000000, -0.000000000000000000 ) ) ;
#1768 = ORIENTED_EDGE ( 'NONE', *, *, #2177, .T. ) ;
#1769 = AXIS2_PLACEMENT_3D ( 'NONE', #6624, #1283, #6071 ) ;
#1770 = ORIENTED_EDGE ( 'NONE', *, *, #3954, .T. ) ;
#1771 = APPROVAL_DATE_TIME ( #5380, #5197 ) ;
#1772 = DIRECTION ( 'NONE',  ( -1.000000000000000000, -0.000000000000000000, -0.000000000000000000 ) ) ;
#1773 = ORIENTED_EDGE ( 'NONE', *, *, #7474, .T. ) ;
#1774 = DIRECTION ( 'NONE',  ( 0.000000000000000000, -1.000000000000000000, 0.000000000000000000 ) ) ;
#1775 = VECTOR ( 'NONE', #4725, 1000.000000000000000 ) ;
#1776 = COORDINATED_UNIVERSAL_TIME_OFFSET ( 8, 0, .AHEAD. ) ;
#1777 = LOCAL_TIME ( 19, 29, 3.000000000000000000, #2493 ) ;
#1778 = CARTESIAN_POINT ( 'NONE',  ( -33.00000000000000000, 0.000000000000000000, 30.50000000000000000 ) ) ;
#1779 = LINE ( 'NONE', #3732, #3293 ) ;
#1780 = PERSON_AND_ORGANIZATION_ROLE ( 'design_owner' ) ;
#1781 = DIRECTION ( 'NONE',  ( -0.000000000000000000, -1.000000000000000000, -0.000000000000000000 ) ) ;
#1782 = VERTEX_POINT ( 'NONE', #6950 ) ;
#1783 = VECTOR ( 'NONE', #882, 1000.000000000000000 ) ;
#1784 = AXIS2_PLACEMENT_3D ( 'NONE', #7517, #2161, #5648 ) ;
#1785 = CARTESIAN_POINT ( 'NONE',  ( -136.0000000000000000, 0.000000000000000000, 96.50000000000000000 ) ) ;
#1786 = LINE ( 'NONE', #4767, #2773 ) ;
#1787 = VECTOR ( 'NONE', #319, 1000.000000000000000 ) ;
#1788 = LINE ( 'NONE', #4687, #1540 ) ;
#1789 = ORIENTED_EDGE ( 'NONE', *, *, #7395, .F. ) ;
#1790 = EDGE_LOOP ( 'NONE', ( #5198, #5492, #6525, #8 ) ) ;
#1791 = AXIS2_PLACEMENT_3D ( 'NONE', #1226, #7230, #1767 ) ;
#1792 = CARTESIAN_POINT ( 'NONE',  ( 2.250000000000000444, 2.500000000000000000, 6.500000000000000000 ) ) ;
#1793 = APPLICATION_PROTOCOL_DEFINITION ( 'international standard', 'config_control_design', 1994, #3126 ) ;
#1794 = CARTESIAN_POINT ( 'NONE',  ( -39.00000000000000000, 0.000000000000000000, 17.69999999999999929 ) ) ;
#1795 = CC_DESIGN_PERSON_AND_ORGANIZATION_ASSIGNMENT ( #6569, #1230, ( #1199 ) ) ;
#1796 = AXIS2_PLACEMENT_3D ( 'NONE', #6174, #171, #7385 ) ;
#1797 = DIRECTION ( 'NONE',  ( 0.000000000000000000, 0.000000000000000000, 1.000000000000000000 ) ) ;
#1798 = ORIENTED_EDGE ( 'NONE', *, *, #5005, .T. ) ;
#1799 = DIRECTION ( 'NONE',  ( 0.000000000000000000, -1.000000000000000000, 0.000000000000000000 ) ) ;
#1800 = DATE_AND_TIME ( #7108, #4572 ) ;
#1801 = VERTEX_POINT ( 'NONE', #3366 ) ;
#1802 = CARTESIAN_POINT ( 'NONE',  ( -39.00000000000000000, 3.000000000000000000, 20.75000000000000355 ) ) ;
#1803 =( GEOMETRIC_REPRESENTATION_CONTEXT ( 3 ) GLOBAL_UNCERTAINTY_ASSIGNED_CONTEXT ( ( #2764 ) ) GLOBAL_UNIT_ASSIGNED_CONTEXT ( ( #3717, #2027, #4353 ) ) REPRESENTATION_CONTEXT ( 'NONE', 'WORKASPACE' ) );
#1804 = DATE_AND_TIME ( #5943, #971 ) ;
#1805 = EDGE_CURVE ( 'NONE', #7191, #4939, #6364, .T. ) ;
#1806 = DIRECTION ( 'NONE',  ( 0.000000000000000000, 0.000000000000000000, 1.000000000000000000 ) ) ;
#1807 = ORIENTED_EDGE ( 'NONE', *, *, #7640, .T. ) ;
#1808 = ORIENTED_EDGE ( 'NONE', *, *, #367, .F. ) ;
#1809 = PERSON_AND_ORGANIZATION_ROLE ( 'classification_officer' ) ;
#1810 = ADVANCED_FACE ( 'NONE', ( #1020 ), #3402, .F. ) ;
#1811 = DIRECTION ( 'NONE',  ( 0.000000000000000000, 0.000000000000000000, -1.000000000000000000 ) ) ;
#1812 = LINE ( 'NONE', #3753, #5410 ) ;
#1813 = LOCAL_TIME ( 19, 29, 3.000000000000000000, #4259 ) ;
#1814 = COORDINATED_UNIVERSAL_TIME_OFFSET ( 8, 0, .AHEAD. ) ;
#1815 = FACE_OUTER_BOUND ( 'NONE', #5302, .T. ) ;
#1816 = PRODUCT_DEFINITION_SHAPE ( 'NONE', 'NONE',  #7716 ) ;
#1817 = DIRECTION ( 'NONE',  ( 0.000000000000000000, 0.000000000000000000, -1.000000000000000000 ) ) ;
#1818 = PERSON_AND_ORGANIZATION_ROLE ( 'creator' ) ;
#1819 = DIRECTION ( 'NONE',  ( -0.000000000000000000, -1.000000000000000000, -0.000000000000000000 ) ) ;
#1820 = VERTEX_POINT ( 'NONE', #7031 ) ;
#1821 = LOCAL_TIME ( 19, 29, 3.000000000000000000, #7426 ) ;
#1822 = ADVANCED_FACE ( 'NONE', ( #470 ), #2261, .F. ) ;
#1823 = CARTESIAN_POINT ( 'NONE',  ( -0.7500000000000000000, 0.000000000000000000, 8.000000000000000000 ) ) ;
#1824 = CARTESIAN_POINT ( 'NONE',  ( -8.500000000000000000, 2.500000000000000000, 12.50000000000000000 ) ) ;
#1825 = CC_DESIGN_SECURITY_CLASSIFICATION ( #5199, ( #4838 ) ) ;
#1826 = CARTESIAN_POINT ( 'NONE',  ( 21.25000000000000000, 2.500000000000000000, 10.50000000000000000 ) ) ;
#1827 = ORIENTED_EDGE ( 'NONE', *, *, #896, .T. ) ;
#1828 = ORIENTED_EDGE ( 'NONE', *, *, #6380, .F. ) ;
#1829 = LINE ( 'NONE', #7321, #2020 ) ;
#1830 = EDGE_LOOP ( 'NONE', ( #491, #4790, #7524, #1358 ) ) ;
#1831 = PERSON_AND_ORGANIZATION ( #6453, #6167 ) ;
#1832 = CARTESIAN_POINT ( 'NONE',  ( 2.250000000000000000, 2.500000000000000000, -10.50000000000000000 ) ) ;
#1833 = ITEM_DEFINED_TRANSFORMATION ( 'NONE', 'NONE', #6545,  #6285 ) ;
#1834 = CARTESIAN_POINT ( 'NONE',  ( 0.000000000000000000, 0.000000000000000000, 0.000000000000000000 ) ) ;
#1835 = ORIENTED_EDGE ( 'NONE', *, *, #3859, .F. ) ;
#1836 = LINE ( 'NONE', #3010, #6590 ) ;
#1837 = COORDINATED_UNIVERSAL_TIME_OFFSET ( 8, 0, .AHEAD. ) ;
#1838 = ORIENTED_EDGE ( 'NONE', *, *, #3182, .T. ) ;
#1839 = UNCERTAINTY_MEASURE_WITH_UNIT (LENGTH_MEASURE( 1.000000000000000082E-05 ), #4587, 'distance_accuracy_value', 'NONE');
#1840 = PRODUCT_RELATED_PRODUCT_CATEGORY ( 'detail', '', ( #1267 ) ) ;
#1841 = FACE_OUTER_BOUND ( 'NONE', #634, .T. ) ;
#1842 = CALENDAR_DATE ( 2026, 26, 7 ) ;
#1843 = ORGANIZATION ( 'NAUO-ORG1', 'UNSPECIFIED', 'UNSPECIFIED' ) ;
#1844 = PLANE ( 'NONE',  #1791 ) ;
#1845 = ORIENTED_EDGE ( 'NONE', *, *, #522, .F. ) ;
#1846 = VERTEX_POINT ( 'NONE', #7455 ) ;
#1847 = APPROVAL_STATUS ( 'not_yet_approved' ) ;
#1848 = CARTESIAN_POINT ( 'NONE',  ( 0.000000000000000000, 0.000000000000000000, 0.000000000000000000 ) ) ;
#1849 = APPROVAL_PERSON_ORGANIZATION ( #4971, #4709, #2577 ) ;
#1850 = PRODUCT_DEFINITION ( '未知', '', #693, #3311 ) ;
#1851 = CARTESIAN_POINT ( 'NONE',  ( -39.00000000000000000, 5.000000000000000000, -20.75000000000000355 ) ) ;
#1852 = CALENDAR_DATE ( 2026, 26, 7 ) ;
#1853 = CARTESIAN_POINT ( 'NONE',  ( 54.00000000000000000, 1.599999999999999867, 81.50000000000000000 ) ) ;
#1854 = ADVANCED_BREP_SHAPE_REPRESENTATION ( '', ( #19, #6285 ), #3678 ) ;
#1855 = APPROVAL_PERSON_ORGANIZATION ( #2494, #7313, #5480 ) ;
#1856 = DIRECTION ( 'NONE',  ( 0.000000000000000000, 0.000000000000000000, -1.000000000000000000 ) ) ;
#1857 = APPROVAL_STATUS ( 'not_yet_approved' ) ;
#1858 = VECTOR ( 'NONE', #5196, 1000.000000000000000 ) ;
#1859 = LINE ( 'NONE', #7243, #4243 ) ;
#1860 = ORIENTED_EDGE ( 'NONE', *, *, #1563, .F. ) ;
#1861 = ADVANCED_FACE ( 'NONE', ( #5790 ), #4623, .F. ) ;
#1862 = ORGANIZATION ( 'NAUO-ORG20', 'UNSPECIFIED', 'UNSPECIFIED' ) ;
#1863 = LINE ( 'NONE', #4804, #4015 ) ;
#1864 = CIRCLE ( 'NONE', #1742, 1.250000000000004663 ) ;
#1865 = DIRECTION ( 'NONE',  ( 0.000000000000000000, -1.000000000000000000, 0.000000000000000000 ) ) ;
#1866 = FACE_OUTER_BOUND ( 'NONE', #2409, .T. ) ;
#1867 = ORIENTED_EDGE ( 'NONE', *, *, #6330, .F. ) ;
#1868 = AXIS2_PLACEMENT_3D ( 'NONE', #7071, #1727, #2658 ) ;
#1869 = LINE ( 'NONE', #3152, #1293 ) ;
#1870 = COORDINATED_UNIVERSAL_TIME_OFFSET ( 8, 0, .AHEAD. ) ;
#1871 = COORDINATED_UNIVERSAL_TIME_OFFSET ( 8, 0, .AHEAD. ) ;
#1872 = AXIS2_PLACEMENT_3D ( 'NONE', #3160, #7298, #2502 ) ;
#1873 = EDGE_CURVE ( 'NONE', #1304, #6511, #6322, .T. ) ;
#1874 = CARTESIAN_POINT ( 'NONE',  ( -73.00000000000000000, 17.99999999999999645, 0.000000000000000000 ) ) ;
#1875 = ORIENTED_EDGE ( 'NONE', *, *, #7212, .F. ) ;
#1876 = PLANE ( 'NONE',  #3354 ) ;
#1877 = ORIENTED_EDGE ( 'NONE', *, *, #1334, .F. ) ;
#1878 = FACE_OUTER_BOUND ( 'NONE', #4600, .T. ) ;
#1879 = PRODUCT_DEFINITION_SHAPE ( 'NONE', 'NONE',  #7728 ) ;
#1880 = CALENDAR_DATE ( 2026, 26, 7 ) ;
#1881 = CARTESIAN_POINT ( 'NONE',  ( -9.750000000000000000, 0.000000000000000000, -68.50000000000000000 ) ) ;
#1882 = CC_DESIGN_DATE_AND_TIME_ASSIGNMENT ( #5093, #7459, ( #254 ) ) ;
#1883 = ORIENTED_EDGE ( 'NONE', *, *, #3616, .T. ) ;
#1884 = ORIENTED_EDGE ( 'NONE', *, *, #524, .T. ) ;
#1885 = CALENDAR_DATE ( 2026, 26, 7 ) ;
#1886 = CYLINDRICAL_SURFACE ( 'NONE', #3224, 1.600000000000004086 ) ;
#1887 = PERSON_AND_ORGANIZATION ( #6453, #6167 ) ;
#1888 = DIRECTION ( 'NONE',  ( -0.000000000000000000, 1.000000000000000000, -0.000000000000000000 ) ) ;
#1889 = VECTOR ( 'NONE', #7632, 1000.000000000000000 ) ;
#1890 = LINE ( 'NONE', #6540, #2041 ) ;
#1891 = CC_DESIGN_PERSON_AND_ORGANIZATION_ASSIGNMENT ( #6561, #1762, ( #4838 ) ) ;
#1892 = PERSON_AND_ORGANIZATION ( #6453, #6167 ) ;
#1893 = CARTESIAN_POINT ( 'NONE',  ( -8.250000000000000000, 0.000000000000000000, 11.25000000000000000 ) ) ;
#1894 = VERTEX_POINT ( 'NONE', #1687 ) ;
#1895 = ADVANCED_FACE ( 'NONE', ( #2225 ), #1642, .F. ) ;
#1896 = EDGE_CURVE ( 'NONE', #6838, #953, #4079, .T. ) ;
#1897 = AXIS2_PLACEMENT_3D ( 'NONE', #3470, #2413, #4814 ) ;
#1898 = CARTESIAN_POINT ( 'NONE',  ( 23.00000000000000000, 10.00000000000000000, 10.50000000000000000 ) ) ;
#1899 = DIRECTION ( 'NONE',  ( 0.000000000000000000, 1.000000000000000000, 0.000000000000000000 ) ) ;
#1900 = CARTESIAN_POINT ( 'NONE',  ( -28.00000000000000000, 0.000000000000000000, 15.50000000000000000 ) ) ;
#1901 = ADVANCED_FACE ( 'NONE', ( #2107 ), #3324, .F. ) ;
#1902 = CIRCLE ( 'NONE', #280, 1.799999999999999600 ) ;
#1903 = ORIENTED_EDGE ( 'NONE', *, *, #3420, .F. ) ;
#1904 = LOCAL_TIME ( 19, 29, 3.000000000000000000, #4840 ) ;
#1905 = EDGE_LOOP ( 'NONE', ( #1212, #2642, #1918, #2737 ) ) ;
#1906 = EDGE_CURVE ( 'NONE', #1029, #6511, #3957, .T. ) ;
#1907 = FACE_OUTER_BOUND ( 'NONE', #7109, .T. ) ;
#1908 = VECTOR ( 'NONE', #2074, 1000.000000000000000 ) ;
#1909 = VECTOR ( 'NONE', #690, 1000.000000000000000 ) ;
#1910 = PERSON_AND_ORGANIZATION ( #6453, #6167 ) ;
#1911 = EDGE_CURVE ( 'NONE', #3022, #3515, #552, .T. ) ;
#1912 = COORDINATED_UNIVERSAL_TIME_OFFSET ( 8, 0, .AHEAD. ) ;
#1913 = DIRECTION ( 'NONE',  ( 1.000000000000000000, 0.000000000000000000, 0.000000000000000000 ) ) ;
#1914 = VERTEX_POINT ( 'NONE', #2302 ) ;
#1915 = CIRCLE ( 'NONE', #6527, 1.799999999999999600 ) ;
#1916 = DIRECTION ( 'NONE',  ( 0.000000000000000000, -1.000000000000000000, 0.000000000000000000 ) ) ;
#1917 = EDGE_CURVE ( 'NONE', #1478, #6352, #7662, .T. ) ;
#1918 = ORIENTED_EDGE ( 'NONE', *, *, #469, .T. ) ;
#1919 = CARTESIAN_POINT ( 'NONE',  ( 0.000000000000000000, 3.000000000000000000, 0.000000000000000000 ) ) ;
#1920 = ADVANCED_FACE ( 'NONE', ( #3516 ), #5295, .F. ) ;
#1921 = SHAPE_REPRESENTATION_RELATIONSHIP ( 'NONE' , 'NONE' ,  #3547, #449 ) ;
#1922 = ORIENTED_EDGE ( 'NONE', *, *, #1764, .T. ) ;
#1923 = VERTEX_POINT ( 'NONE', #1492 ) ;
#1924 = APPROVAL_ROLE ( '' ) ;
#1925 = FACE_OUTER_BOUND ( 'NONE', #5314, .T. ) ;
#1926 = VECTOR ( 'NONE', #285, 1000.000000000000000 ) ;
#1927 = CC_DESIGN_DATE_AND_TIME_ASSIGNMENT ( #4538, #381, ( #4972 ) ) ;
#1928 = PERSON_AND_ORGANIZATION ( #6453, #6167 ) ;
#1929 = LINE ( 'NONE', #5018, #4299 ) ;
#1930 = CARTESIAN_POINT ( 'NONE',  ( -4.750000000000000000, 2.500000000000000000, 11.25000000000000000 ) ) ;
#1931 = EDGE_LOOP ( 'NONE', ( #1676, #5146, #6186, #962 ) ) ;
#1932 = APPROVAL_ROLE ( '' ) ;
#1933 = FACE_OUTER_BOUND ( 'NONE', #7098, .T. ) ;
#1934 = VERTEX_POINT ( 'NONE', #7582 ) ;
#1935 = AXIS2_PLACEMENT_3D ( 'NONE', #6749, #6825, #3193 ) ;
#1936 = CC_DESIGN_DATE_AND_TIME_ASSIGNMENT ( #1326, #5579, ( #2883 ) ) ;
#1937 = LINE ( 'NONE', #1248, #7000 ) ;
#1938 = DIRECTION ( 'NONE',  ( 0.000000000000000000, 0.000000000000000000, 1.000000000000000000 ) ) ;
#1939 = CARTESIAN_POINT ( 'NONE',  ( 60.14999999999999858, 3.000000000000000000, 78.25000000000000000 ) ) ;
#1940 = ORIENTED_EDGE ( 'NONE', *, *, #1711, .T. ) ;
#1941 = PRODUCT ( 'FN-HLD-001_battery-tray-zone_R0.4', 'FN-HLD-001_battery-tray-zone_R0.4', '', ( #258 ) ) ;
#1942 = CC_DESIGN_PERSON_AND_ORGANIZATION_ASSIGNMENT ( #4021, #6268, ( #6053 ) ) ;
#1943 = DIRECTION ( 'NONE',  ( 0.000000000000000000, 1.000000000000000000, 0.000000000000000000 ) ) ;
#1944 = LOCAL_TIME ( 19, 29, 3.000000000000000000, #2545 ) ;
#1945 = PERSON_AND_ORGANIZATION ( #6453, #6167 ) ;
#1946 = PERSON_AND_ORGANIZATION ( #6822, #2719 ) ;
#1947 = ADVANCED_BREP_SHAPE_REPRESENTATION ( '', ( #5173, #6285 ), #6156 ) ;
#1948 = CARTESIAN_POINT ( 'NONE',  ( 3.750000000000000000, 16.00000000000000000, 61.50000000000000000 ) ) ;
#1949 = EDGE_LOOP ( 'NONE', ( #5930, #1134 ) ) ;
#1950 = CARTESIAN_POINT ( 'NONE',  ( -60.14999999999999858, 5.000000000000000000, 78.25000000000000000 ) ) ;
#1951 = ORIENTED_EDGE ( 'NONE', *, *, #1141, .F. ) ;
#1952 = ADVANCED_FACE ( 'NONE', ( #5134 ), #6365, .F. ) ;
#1953 = DIRECTION ( 'NONE',  ( 1.000000000000000000, 0.000000000000000000, 0.000000000000000000 ) ) ;
#1954 = COORDINATED_UNIVERSAL_TIME_OFFSET ( 8, 0, .AHEAD. ) ;
#1955 = ORIENTED_EDGE ( 'NONE', *, *, #5715, .F. ) ;
#1956 = ORIENTED_EDGE ( 'NONE', *, *, #3234, .T. ) ;
#1957 = PERSON_AND_ORGANIZATION_ROLE ( 'design_supplier' ) ;
#1958 = VERTEX_POINT ( 'NONE', #1022 ) ;
#1959 = PLANE ( 'NONE',  #862 ) ;
#1960 = APPROVAL_PERSON_ORGANIZATION ( #871, #2111, #6248 ) ;
#1961 = APPLICATION_PROTOCOL_DEFINITION ( 'international standard', 'config_control_design', 1994, #7260 ) ;
#1962 = DIRECTION ( 'NONE',  ( 0.000000000000000000, -0.000000000000000000, -1.000000000000000000 ) ) ;
#1963 = CARTESIAN_POINT ( 'NONE',  ( 4.750000000000000000, 0.000000000000000000, -11.25000000000000000 ) ) ;
#1964 = ORIENTED_EDGE ( 'NONE', *, *, #2121, .T. ) ;
#1965 = SECURITY_CLASSIFICATION_LEVEL ( 'unclassified' ) ;
#1966 = SECURITY_CLASSIFICATION ( '', '', #898 ) ;
#1967 = DIRECTION ( 'NONE',  ( 0.000000000000000000, -1.000000000000000000, 0.000000000000000000 ) ) ;
#1968 = CLOSED_SHELL ( 'NONE', ( #1295, #4150, #4829, #1050, #3146, #899, #7548, #2472, #6734, #5913 ) ) ;
#1969 = CARTESIAN_POINT ( 'NONE',  ( 57.50000000000000000, 0.000000000000000000, 85.00000000000000000 ) ) ;
#1970 = LOCAL_TIME ( 19, 29, 3.000000000000000000, #4148 ) ;
#1971 = FACE_OUTER_BOUND ( 'NONE', #5301, .T. ) ;
#1972 = FACE_OUTER_BOUND ( 'NONE', #7434, .T. ) ;
#1973 = APPROVAL ( #6452, '未指定' ) ;
#1974 = ORIENTED_EDGE ( 'NONE', *, *, #3673, .F. ) ;
#1975 = VECTOR ( 'NONE', #5957, 1000.000000000000000 ) ;
#1976 = PLANE ( 'NONE',  #6023 ) ;
#1977 = COORDINATED_UNIVERSAL_TIME_OFFSET ( 8, 0, .AHEAD. ) ;
#1978 = CONTEXT_DEPENDENT_SHAPE_REPRESENTATION ( #5132, #6111 ) ;
#1979 = VECTOR ( 'NONE', #1463, 1000.000000000000000 ) ;
#1980 = DIRECTION ( 'NONE',  ( 0.000000000000000000, 0.000000000000000000, 1.000000000000000000 ) ) ;
#1981 = CC_DESIGN_PERSON_AND_ORGANIZATION_ASSIGNMENT ( #7040, #7002, ( #1076 ) ) ;
#1982 = ORIENTED_EDGE ( 'NONE', *, *, #179, .T. ) ;
#1983 = CARTESIAN_POINT ( 'NONE',  ( -39.00000000000000000, 0.000000000000000000, 19.50000000000000000 ) ) ;
#1984 = ORIENTED_EDGE ( 'NONE', *, *, #5465, .F. ) ;
#1985 = UNCERTAINTY_MEASURE_WITH_UNIT (LENGTH_MEASURE( 1.000000000000000082E-05 ), #2385, 'distance_accuracy_value', 'NONE');
#1986 = CARTESIAN_POINT ( 'NONE',  ( -4.000000000000000000, 2.500000000000000000, -1.250000000000000000 ) ) ;
#1987 = AXIS2_PLACEMENT_3D ( 'NONE', #1986, #3791, #3198 ) ;
#1988 = CARTESIAN_POINT ( 'NONE',  ( -39.00000000000000000, 3.000000000000000000, -19.50000000000000000 ) ) ;
#1989 = DATE_AND_TIME ( #6832, #106 ) ;
#1990 = EDGE_CURVE ( 'NONE', #1203, #6205, #6995, .T. ) ;
#1991 =( LENGTH_UNIT ( ) NAMED_UNIT ( * ) SI_UNIT ( .MILLI., .METRE. ) );
#1992 = ADVANCED_FACE ( 'NONE', ( #3403 ), #5791, .F. ) ;
#1993 = ORIENTED_EDGE ( 'NONE', *, *, #1596, .T. ) ;
#1994 = ORIENTED_EDGE ( 'NONE', *, *, #4444, .F. ) ;
#1995 = PERSON_AND_ORGANIZATION ( #6453, #6167 ) ;
#1996 = CARTESIAN_POINT ( 'NONE',  ( -33.00000000000000000, 0.000000000000000000, -30.50000000000000000 ) ) ;
#1997 = APPROVAL_STATUS ( 'not_yet_approved' ) ;
#1998 = LINE ( 'NONE', #2621, #7649 ) ;
#1999 = PRODUCT_DEFINITION_SHAPE ( 'NONE', 'NONE',  #5948 ) ;
#2000 = DIRECTION ( 'NONE',  ( -0.000000000000000000, -1.000000000000000000, -0.000000000000000000 ) ) ;
#2001 = ORIENTED_EDGE ( 'NONE', *, *, #2324, .T. ) ;
#2002 = APPROVAL_STATUS ( 'not_yet_approved' ) ;
#2003 = CARTESIAN_POINT ( 'NONE',  ( 3.250000000000002665, 2.500000000000000000, 12.00000000000000000 ) ) ;
#2004 = CARTESIAN_POINT ( 'NONE',  ( -19.00000000000000000, 0.000000000000000000, 9.000000000000000000 ) ) ;
#2005 = FACE_OUTER_BOUND ( 'NONE', #95, .T. ) ;
#2006 = CARTESIAN_POINT ( 'NONE',  ( 57.50000000000000000, 1.600000000000000089, 85.00000000000000000 ) ) ;
#2007 = VERTEX_POINT ( 'NONE', #2226 ) ;
#2008 = AXIS2_PLACEMENT_3D ( 'NONE', #4369, #2749, #5643 ) ;
#2009 = FACE_OUTER_BOUND ( 'NONE', #3914, .T. ) ;
#2010 = COORDINATED_UNIVERSAL_TIME_OFFSET ( 8, 0, .AHEAD. ) ;
#2011 = APPROVAL ( #6672, 'UNKNOWN' ) ;
#2012 = VECTOR ( 'NONE', #4735, 1000.000000000000000 ) ;
#2013 = CALENDAR_DATE ( 2026, 26, 7 ) ;
#2014 = LOCAL_TIME ( 19, 29, 3.000000000000000000, #624 ) ;
#2015 = PLANE ( 'NONE',  #55 ) ;
#2016 = DIRECTION ( 'NONE',  ( 1.000000000000000000, 0.000000000000000000, 0.000000000000000000 ) ) ;
#2017 = EDGE_LOOP ( 'NONE', ( #2914, #6311, #17, #1845 ) ) ;
#2018 = LINE ( 'NONE', #2606, #7213 ) ;
#2019 = AXIS2_PLACEMENT_3D ( 'NONE', #6856, #1505, #920 ) ;
#2020 = VECTOR ( 'NONE', #6705, 1000.000000000000000 ) ;
#2021 = CARTESIAN_POINT ( 'NONE',  ( -8.250000000000000000, 2.500000000000000000, 11.25000000000000000 ) ) ;
#2022 =( REPRESENTATION_RELATIONSHIP ('NONE','NONE', #110, #2748 ) REPRESENTATION_RELATIONSHIP_WITH_TRANSFORMATION ( #3228 )SHAPE_REPRESENTATION_RELATIONSHIP( ) );
#2023 = CARTESIAN_POINT ( 'NONE',  ( -54.00000000000000000, 3.600000000000000089, 79.90000000000000568 ) ) ;
#2024 = CC_DESIGN_DATE_AND_TIME_ASSIGNMENT ( #239, #4976, ( #5948 ) ) ;
#2025 = CONTEXT_DEPENDENT_SHAPE_REPRESENTATION ( #1089, #2503 ) ;
#2026 = AXIS2_PLACEMENT_3D ( 'NONE', #3730, #6692, #1962 ) ;
#2027 =( NAMED_UNIT ( * ) PLANE_ANGLE_UNIT ( ) SI_UNIT ( $, .RADIAN. ) );
#2028 = ADVANCED_FACE ( 'NONE', ( #5748 ), #1531, .F. ) ;
#2029 = EDGE_LOOP ( 'NONE', ( #3743, #2441 ) ) ;
#2030 = ORIENTED_EDGE ( 'NONE', *, *, #4733, .T. ) ;
#2031 = CALENDAR_DATE ( 2026, 26, 7 ) ;
#2032 = CARTESIAN_POINT ( 'NONE',  ( -6.000000000000000000, 6.000000000000000000, 6.000000000000000000 ) ) ;
#2033 = AXIS2_PLACEMENT_3D ( 'NONE', #6396, #3429, #4025 ) ;
#2034 = VECTOR ( 'NONE', #7317, 1000.000000000000000 ) ;
#2035 = APPROVAL ( #2166, '未指定' ) ;
#2036 = COORDINATED_UNIVERSAL_TIME_OFFSET ( 8, 0, .AHEAD. ) ;
#2037 = CARTESIAN_POINT ( 'NONE',  ( 57.50000000000000000, 35.00000000000000000, -85.00000000000000000 ) ) ;
#2038 = SHAPE_REPRESENTATION ( 'FN-PWR-001_cn3791-module-envelope_R0.4', ( #6285 ), #3678 ) ;
#2039 = DIRECTION ( 'NONE',  ( -0.000000000000000000, -1.000000000000000000, -0.000000000000000000 ) ) ;
#2040 = EDGE_CURVE ( 'NONE', #4730, #1127, #745, .T. ) ;
#2041 = VECTOR ( 'NONE', #5427, 1000.000000000000000 ) ;
#2042 = ORIENTED_EDGE ( 'NONE', *, *, #3336, .F. ) ;
#2043 = COORDINATED_UNIVERSAL_TIME_OFFSET ( 8, 0, .AHEAD. ) ;
#2044 = DIRECTION ( 'NONE',  ( 0.000000000000000000, 0.000000000000000000, -1.000000000000000000 ) ) ;
#2045 = DIRECTION ( 'NONE',  ( 1.000000000000000000, 0.000000000000000000, -0.000000000000000000 ) ) ;
#2046 =( GEOMETRIC_REPRESENTATION_CONTEXT ( 3 ) GLOBAL_UNCERTAINTY_ASSIGNED_CONTEXT ( ( #2059 ) ) GLOBAL_UNIT_ASSIGNED_CONTEXT ( ( #709, #2464, #5907 ) ) REPRESENTATION_CONTEXT ( 'NONE', 'WORKASPACE' ) );
#2047 = DIRECTION ( 'NONE',  ( 0.000000000000000000, 0.000000000000000000, -1.000000000000000000 ) ) ;
#2048 = CYLINDRICAL_SURFACE ( 'NONE', #5044, 1.750000000000001554 ) ;
#2049 = VERTEX_POINT ( 'NONE', #1603 ) ;
#2050 = AXIS2_PLACEMENT_3D ( 'NONE', #3269, #3747, #2495 ) ;
#2051 = DIRECTION ( 'NONE',  ( 0.000000000000000000, -0.000000000000000000, -1.000000000000000000 ) ) ;
#2052 = CALENDAR_DATE ( 2026, 26, 7 ) ;
#2053 = CC_DESIGN_APPROVAL ( #1284, ( #4068 ) ) ;
#2054 = DATE_TIME_ROLE ( 'classification_date' ) ;
#2055 = CARTESIAN_POINT ( 'NONE',  ( 39.00000000000000000, 36.00000000000000000, -17.69999999999999929 ) ) ;
#2056 = DIRECTION ( 'NONE',  ( 1.000000000000000000, 0.000000000000000000, 0.000000000000000000 ) ) ;
#2057 = ORIENTED_EDGE ( 'NONE', *, *, #5457, .F. ) ;
#2058 = CARTESIAN_POINT ( 'NONE',  ( -4.000000000000000000, 2.500000000000000000, 1.250000000000000000 ) ) ;
#2059 = UNCERTAINTY_MEASURE_WITH_UNIT (LENGTH_MEASURE( 1.000000000000000082E-05 ), #709, 'distance_accuracy_value', 'NONE');
#2060 = PRODUCT_DEFINITION_FORMATION_WITH_SPECIFIED_SOURCE ( '任何', '', #1199, .NOT_KNOWN. ) ;
#2061 = FACE_OUTER_BOUND ( 'NONE', #2543, .T. ) ;
#2062 = PRODUCT ( 'FN-SUB-002_tilt-reference-plate_M3_R0.2', 'FN-SUB-002_tilt-reference-plate_M3_R0.2', '', ( #4034 ) ) ;
#2063 = LINE ( 'NONE', #4537, #5885 ) ;
#2064 = CALENDAR_DATE ( 2026, 26, 7 ) ;
#2065 = LOCAL_TIME ( 19, 29, 3.000000000000000000, #5163 ) ;
#2066 = ORIENTED_EDGE ( 'NONE', *, *, #1906, .F. ) ;
#2067 = EDGE_LOOP ( 'NONE', ( #5078, #829, #7222, #588 ) ) ;
#2068 = CALENDAR_DATE ( 2026, 26, 7 ) ;
#2069 = ORIENTED_EDGE ( 'NONE', *, *, #870, .F. ) ;
#2070 = APPROVAL ( #42, '未指定' ) ;
#2071 = FACE_BOUND ( 'NONE', #2378, .T. ) ;
#2072 = DIRECTION ( 'NONE',  ( -1.000000000000000000, 0.000000000000000000, 0.000000000000000000 ) ) ;
#2073 = PERSON_AND_ORGANIZATION_ROLE ( 'classification_officer' ) ;
#2074 = DIRECTION ( 'NONE',  ( 1.000000000000000000, 0.000000000000000000, 0.000000000000000000 ) ) ;
#2075 = CARTESIAN_POINT ( 'NONE',  ( -60.14999999999999858, 3.000000000000000000, 80.00000000000000000 ) ) ;
#2076 = ORIENTED_EDGE ( 'NONE', *, *, #1432, .T. ) ;
#2077 = PERSON_AND_ORGANIZATION_ROLE ( 'creator' ) ;
#2078 = APPROVAL ( #3844, '未指定' ) ;
#2079 = LINE ( 'NONE', #6852, #3360 ) ;
#2080 = CARTESIAN_POINT ( 'NONE',  ( 57.50000000000000000, 35.00000000000000000, -85.00000000000000000 ) ) ;
#2081 = DIRECTION ( 'NONE',  ( 1.000000000000000000, 0.000000000000000000, -0.000000000000000000 ) ) ;
#2082 = SECURITY_CLASSIFICATION ( '', '', #7701 ) ;
#2083 = CARTESIAN_POINT ( 'NONE',  ( -14.25000000000000000, 2.500000000000000000, 12.00000000000000000 ) ) ;
#2084 = ADVANCED_FACE ( 'NONE', ( #7420 ), #389, .F. ) ;
#2085 = VERTEX_POINT ( 'NONE', #4546 ) ;
#2086 = CC_DESIGN_SECURITY_CLASSIFICATION ( #5960, ( #7710 ) ) ;
#2087 = DIRECTION ( 'NONE',  ( 0.000000000000000000, -1.000000000000000000, 0.000000000000000000 ) ) ;
#2088 = CLOSED_SHELL ( 'NONE', ( #4443, #1920, #7429, #5210, #2714, #6298, #7296, #462, #6100, #6188, #7439, #3812, #6565, #5262 ) ) ;
#2089 = APPROVAL_DATE_TIME ( #6154, #2591 ) ;
#2090 = DIRECTION ( 'NONE',  ( -1.000000000000000000, -0.000000000000000000, -0.000000000000000000 ) ) ;
#2091 = LOCAL_TIME ( 19, 29, 3.000000000000000000, #3989 ) ;
#2092 = CALENDAR_DATE ( 2026, 26, 7 ) ;
#2093 = ORIENTED_EDGE ( 'NONE', *, *, #1247, .T. ) ;
#2094 = CARTESIAN_POINT ( 'NONE',  ( -8.250000000000000000, 0.000000000000000000, 11.25000000000000000 ) ) ;
#2095 = VECTOR ( 'NONE', #3272, 1000.000000000000000 ) ;
#2096 = CARTESIAN_POINT ( 'NONE',  ( -57.50000000000000000, 35.00000000000000000, 85.00000000000000000 ) ) ;
#2097 = APPROVAL_STATUS ( 'not_yet_approved' ) ;
#2098 = SECURITY_CLASSIFICATION ( '', '', #3704 ) ;
#2099 = DIRECTION ( 'NONE',  ( 1.000000000000000000, 0.000000000000000000, 0.000000000000000000 ) ) ;
#2100 = ADVANCED_FACE ( 'NONE', ( #2696 ), #869, .F. ) ;
#2101 = COORDINATED_UNIVERSAL_TIME_OFFSET ( 8, 0, .AHEAD. ) ;
#2102 = VECTOR ( 'NONE', #176, 1000.000000000000000 ) ;
#2103 = ORIENTED_EDGE ( 'NONE', *, *, #5580, .F. ) ;
#2104 = LINE ( 'NONE', #3439, #2970 ) ;
#2105 = PERSON_AND_ORGANIZATION ( #6453, #6167 ) ;
#2106 = EDGE_LOOP ( 'NONE', ( #6104, #1229 ) ) ;
#2107 = FACE_OUTER_BOUND ( 'NONE', #6252, .T. ) ;
#2108 = VECTOR ( 'NONE', #5866, 1000.000000000000000 ) ;
#2109 = CARTESIAN_POINT ( 'NONE',  ( 0.000000000000000000, 0.000000000000000000, 0.000000000000000000 ) ) ;
#2110 = PERSON_AND_ORGANIZATION ( #6453, #6167 ) ;
#2111 = APPROVAL ( #1997, '未指定' ) ;
#2112 = FACE_BOUND ( 'NONE', #1010, .T. ) ;
#2113 = DIRECTION ( 'NONE',  ( 0.000000000000000000, -1.000000000000000000, 0.000000000000000000 ) ) ;
#2114 = ORIENTED_EDGE ( 'NONE', *, *, #4253, .F. ) ;
#2115 = APPROVAL_ROLE ( '' ) ;
#2116 = LINE ( 'NONE', #4515, #5496 ) ;
#2117 = DIRECTION ( 'NONE',  ( -0.000000000000000000, -0.000000000000000000, 1.000000000000000000 ) ) ;
#2118 = CC_DESIGN_PERSON_AND_ORGANIZATION_ASSIGNMENT ( #2467, #3565, ( #3437 ) ) ;
#2119 = FACE_OUTER_BOUND ( 'NONE', #1830, .T. ) ;
#2120 = CARTESIAN_POINT ( 'NONE',  ( 60.14999999999999858, 5.000000000000000000, 30.60000000000000142 ) ) ;
#2121 = EDGE_CURVE ( 'NONE', #255, #7204, #4617, .T. ) ;
#2122 = ORIENTED_EDGE ( 'NONE', *, *, #2121, .F. ) ;
#2123 = FACE_OUTER_BOUND ( 'NONE', #4390, .T. ) ;
#2124 = ADVANCED_FACE ( 'NONE', ( #4470 ), #5212, .T. ) ;
#2125 = CALENDAR_DATE ( 2026, 26, 7 ) ;
#2126 = CARTESIAN_POINT ( 'NONE',  ( -54.00000000000000000, 0.000000000000000000, 83.10000000000000853 ) ) ;
#2127 = AXIS2_PLACEMENT_3D ( 'NONE', #4970, #1234, #2353 ) ;
#2128 = COORDINATED_UNIVERSAL_TIME_OFFSET ( 8, 0, .AHEAD. ) ;
#2129 = ORIENTED_EDGE ( 'NONE', *, *, #4211, .T. ) ;
#2130 = CARTESIAN_POINT ( 'NONE',  ( 0.000000000000000000, 0.000000000000000000, 0.000000000000000000 ) ) ;
#2131 = UNCERTAINTY_MEASURE_WITH_UNIT (LENGTH_MEASURE( 1.000000000000000082E-05 ), #7656, 'distance_accuracy_value', 'NONE');
#2132 = ORIENTED_EDGE ( 'NONE', *, *, #3008, .T. ) ;
#2133 = CARTESIAN_POINT ( 'NONE',  ( -10.25000000000000000, 0.000000000000000000, -1.750000000000000000 ) ) ;
#2134 = VECTOR ( 'NONE', #3, 1000.000000000000000 ) ;
#2135 = CC_DESIGN_APPROVAL ( #5752, ( #3518 ) ) ;
#2136 = DATE_AND_TIME ( #1590, #6179 ) ;
#2137 = CARTESIAN_POINT ( 'NONE',  ( 54.00000000000000000, 3.600000000000000089, -79.90000000000000568 ) ) ;
#2138 = PERSON_AND_ORGANIZATION_ROLE ( 'classification_officer' ) ;
#2139 = EDGE_LOOP ( 'NONE', ( #7135, #1297, #4571, #7515 ) ) ;
#2140 = CIRCLE ( 'NONE', #7638, 1.750000000000001554 ) ;
#2141 = DIRECTION ( 'NONE',  ( -1.000000000000000000, 0.000000000000000000, -0.000000000000000000 ) ) ;
#2142 = DATE_TIME_ROLE ( 'classification_date' ) ;
#2143 = CIRCLE ( 'NONE', #2276, 1.750000000000001554 ) ;
#2144 = ORIENTED_EDGE ( 'NONE', *, *, #7159, .F. ) ;
#2145 = CARTESIAN_POINT ( 'NONE',  ( -4.000000000000000000, 2.500000000000000000, 1.250000000000000000 ) ) ;
#2146 = DIRECTION ( 'NONE',  ( 0.000000000000000000, 0.000000000000000000, -1.000000000000000000 ) ) ;
#2147 = AXIS2_PLACEMENT_3D ( 'NONE', #7036, #4159, #4749 ) ;
#2148 = MECHANICAL_CONTEXT ( 'NONE', #7162, 'mechanical' ) ;
#2149 = CARTESIAN_POINT ( 'NONE',  ( -8.500000000000000000, 2.500000000000000000, 12.50000000000000000 ) ) ;
#2150 = EDGE_LOOP ( 'NONE', ( #7039, #447, #7143, #2114 ) ) ;
#2151 = MECHANICAL_CONTEXT ( 'NONE', #2369, 'mechanical' ) ;
#2152 = FACE_BOUND ( 'NONE', #2029, .T. ) ;
#2153 = VECTOR ( 'NONE', #6627, 1000.000000000000000 ) ;
#2154 = CC_DESIGN_DATE_AND_TIME_ASSIGNMENT ( #452, #965, ( #4982 ) ) ;
#2155 = CARTESIAN_POINT ( 'NONE',  ( 60.14999999999999858, 5.000000000000000000, -30.60000000000000142 ) ) ;
#2156 = DIRECTION ( 'NONE',  ( -0.000000000000000000, -1.000000000000000000, -0.000000000000000000 ) ) ;
#2157 = AXIS2_PLACEMENT_3D ( 'NONE', #6857, #1506, #7393 ) ;
#2158 = CARTESIAN_POINT ( 'NONE',  ( 60.14999999999999858, 0.000000000000000000, 80.00000000000000000 ) ) ;
#2159 = VERTEX_POINT ( 'NONE', #6951 ) ;
#2160 = CC_DESIGN_PERSON_AND_ORGANIZATION_ASSIGNMENT ( #2829, #7121, ( #4862 ) ) ;
#2161 = DIRECTION ( 'NONE',  ( 0.000000000000000000, 1.000000000000000000, 0.000000000000000000 ) ) ;
#2162 = CARTESIAN_POINT ( 'NONE',  ( 60.14999999999999858, 5.000000000000000000, -80.00000000000000000 ) ) ;
#2163 = CONTEXT_DEPENDENT_SHAPE_REPRESENTATION ( #6162, #4946 ) ;
#2164 = CARTESIAN_POINT ( 'NONE',  ( 57.50000000000000000, 35.00000000000000000, 85.00000000000000000 ) ) ;
#2165 = AXIS2_PLACEMENT_3D ( 'NONE', #3783, #6231, #2056 ) ;
#2166 = APPROVAL_STATUS ( 'not_yet_approved' ) ;
#2167 = ORIENTED_EDGE ( 'NONE', *, *, #1906, .T. ) ;
#2168 = DIRECTION ( 'NONE',  ( 0.000000000000000000, 0.000000000000000000, -1.000000000000000000 ) ) ;
#2169 = EDGE_LOOP ( 'NONE', ( #5965, #359, #5797, #2408 ) ) ;
#2170 = ADVANCED_FACE ( 'NONE', ( #3837, #3881, #5670, #2779, #5091 ), #7457, .T. ) ;
#2171 = CARTESIAN_POINT ( 'NONE',  ( -39.00000000000000000, 0.000000000000000000, -21.30000000000000071 ) ) ;
#2172 = ORIENTED_EDGE ( 'NONE', *, *, #3208, .T. ) ;
#2173 = LOCAL_TIME ( 19, 29, 3.000000000000000000, #4366 ) ;
#2174 = DATE_AND_TIME ( #6986, #2065 ) ;
#2175 = EDGE_CURVE ( 'NONE', #944, #255, #6287, .T. ) ;
#2176 = CARTESIAN_POINT ( 'NONE',  ( -10.25000000000000000, 2.500000000000000000, -1.750000000000000000 ) ) ;
#2177 = EDGE_CURVE ( 'NONE', #7606, #3683, #2740, .T. ) ;
#2178 = PERSON_AND_ORGANIZATION ( #4415, #4102 ) ;
#2179 = EDGE_CURVE ( 'NONE', #5209, #6715, #6323, .T. ) ;
#2180 = ORIENTED_EDGE ( 'NONE', *, *, #5463, .F. ) ;
#2181 = CC_DESIGN_APPROVAL ( #2893, ( #1443 ) ) ;
#2182 = VERTEX_POINT ( 'NONE', #2304 ) ;
#2183 = DIRECTION ( 'NONE',  ( 0.000000000000000000, 0.000000000000000000, -1.000000000000000000 ) ) ;
#2184 = COORDINATED_UNIVERSAL_TIME_OFFSET ( 8, 0, .AHEAD. ) ;
#2185 = ORIENTED_EDGE ( 'NONE', *, *, #5181, .T. ) ;
#2186 = EDGE_CURVE ( 'NONE', #3430, #4074, #6526, .T. ) ;
#2187 = DIRECTION ( 'NONE',  ( 0.000000000000000000, -1.000000000000000000, 0.000000000000000000 ) ) ;
#2188 = CARTESIAN_POINT ( 'NONE',  ( -60.00000000000000000, 3.000000000000000000, 42.50000000000000000 ) ) ;
#2189 = EDGE_CURVE ( 'NONE', #5647, #1958, #636, .T. ) ;
#2190 = CC_DESIGN_SECURITY_CLASSIFICATION ( #86, ( #4210 ) ) ;
#2191 = APPROVAL_STATUS ( 'not_yet_approved' ) ;
#2192 = DIRECTION ( 'NONE',  ( 0.000000000000000000, -0.000000000000000000, -1.000000000000000000 ) ) ;
#2193 = EDGE_LOOP ( 'NONE', ( #2253, #1555, #7075, #5014 ) ) ;
#2194 = CALENDAR_DATE ( 2026, 26, 7 ) ;
#2195 = CARTESIAN_POINT ( 'NONE',  ( 60.00000000000000000, 3.000000000000000000, -42.50000000000000000 ) ) ;
#2196 = CARTESIAN_POINT ( 'NONE',  ( 19.00000000000000000, 15.00000000000000000, 9.000000000000000000 ) ) ;
#2197 = SECURITY_CLASSIFICATION_LEVEL ( 'unclassified' ) ;
#2198 = CARTESIAN_POINT ( 'NONE',  ( -138.0327499999999930, 91.09999999999999432, 98.50000000000000000 ) ) ;
#2199 = CARTESIAN_POINT ( 'NONE',  ( -138.0327499999999930, 91.09999999999999432, -98.50000000000000000 ) ) ;
#2200 = ORIENTED_EDGE ( 'NONE', *, *, #7521, .F. ) ;
#2201 = DIRECTION ( 'NONE',  ( 1.000000000000000000, 0.000000000000000000, 0.000000000000000000 ) ) ;
#2202 = LOCAL_TIME ( 19, 29, 3.000000000000000000, #3092 ) ;
#2203 = PLANE ( 'NONE',  #2637 ) ;
#2204 = DATE_AND_TIME ( #7603, #7219 ) ;
#2205 = DIRECTION ( 'NONE',  ( 1.000000000000000000, 0.000000000000000000, 0.000000000000000000 ) ) ;
#2206 = CC_DESIGN_DATE_AND_TIME_ASSIGNMENT ( #1457, #4472, ( #3838 ) ) ;
#2207 = PERSON_AND_ORGANIZATION ( #6453, #6167 ) ;
#2208 = ORIENTED_EDGE ( 'NONE', *, *, #182, .F. ) ;
#2209 = CARTESIAN_POINT ( 'NONE',  ( 21.25000000000000000, 2.500000000000000000, 10.50000000000000000 ) ) ;
#2210 = APPROVAL_PERSON_ORGANIZATION ( #6200, #3304, #2613 ) ;
#2211 = CIRCLE ( 'NONE', #4860, 1.750000000000005107 ) ;
#2212 = CARTESIAN_POINT ( 'NONE',  ( 4.750000000000000000, 2.500000000000000000, 7.250000000000000000 ) ) ;
#2213 = APPROVAL_DATE_TIME ( #1011, #1322 ) ;
#2214 = DIRECTION ( 'NONE',  ( 0.000000000000000000, 0.000000000000000000, 1.000000000000000000 ) ) ;
#2215 = APPLICATION_CONTEXT ( 'configuration controlled 3d designs of mechanical parts and assemblies' ) ;
#2216 = LOCAL_TIME ( 19, 29, 3.000000000000000000, #5366 ) ;
#2217 = CC_DESIGN_PERSON_AND_ORGANIZATION_ASSIGNMENT ( #7589, #2233, ( #3817 ) ) ;
#2218 = VECTOR ( 'NONE', #6751, 1000.000000000000000 ) ;
#2219 =( NAMED_UNIT ( * ) PLANE_ANGLE_UNIT ( ) SI_UNIT ( $, .RADIAN. ) );
#2220 = ORIENTED_EDGE ( 'NONE', *, *, #6279, .T. ) ;
#2221 = LINE ( 'NONE', #2853, #6955 ) ;
#2222 = APPROVAL_DATE_TIME ( #4077, #1552 ) ;
#2223 = EDGE_CURVE ( 'NONE', #5546, #7541, #1689, .T. ) ;
#2224 = VERTEX_POINT ( 'NONE', #4784 ) ;
#2225 = FACE_OUTER_BOUND ( 'NONE', #1330, .T. ) ;
#2226 = CARTESIAN_POINT ( 'NONE',  ( 39.00000000000000000, 0.000000000000000000, -17.69999999999999929 ) ) ;
#2227 = AXIS2_PLACEMENT_3D ( 'NONE', #1232, #5462, #2351 ) ;
#2228 = APPROVAL_DATE_TIME ( #2860, #3940 ) ;
#2229 = EDGE_CURVE ( 'NONE', #1586, #6176, #2423, .T. ) ;
#2230 = LINE ( 'NONE', #4628, #6893 ) ;
#2231 = ORIENTED_EDGE ( 'NONE', *, *, #5723, .T. ) ;
#2232 = ORIENTED_EDGE ( 'NONE', *, *, #404, .T. ) ;
#2233 = PERSON_AND_ORGANIZATION_ROLE ( 'classification_officer' ) ;
#2234 = AXIS2_PLACEMENT_3D ( 'NONE', #2341, #3557, #4198 ) ;
#2235 = FACE_BOUND ( 'NONE', #2723, .T. ) ;
#2236 = DIRECTION ( 'NONE',  ( 0.000000000000000000, 0.000000000000000000, -1.000000000000000000 ) ) ;
#2237 = CALENDAR_DATE ( 2026, 26, 7 ) ;
#2238 = VECTOR ( 'NONE', #706, 1000.000000000000000 ) ;
#2239 = LINE ( 'NONE', #3417, #397 ) ;
#2240 = CARTESIAN_POINT ( 'NONE',  ( -10.25000000000000000, 0.000000000000000000, -1.750000000000000000 ) ) ;
#2241 = ORIENTED_EDGE ( 'NONE', *, *, #7576, .T. ) ;
#2242 = DIRECTION ( 'NONE',  ( -0.000000000000000000, 1.000000000000000000, -0.000000000000000000 ) ) ;
#2243 = EDGE_CURVE ( 'NONE', #7472, #479, #5831, .T. ) ;
#2244 = DIRECTION ( 'NONE',  ( 0.000000000000000000, 0.000000000000000000, 1.000000000000000000 ) ) ;
#2245 = APPROVAL_STATUS ( 'not_yet_approved' ) ;
#2246 = DIRECTION ( 'NONE',  ( 0.000000000000000000, 0.000000000000000000, -1.000000000000000000 ) ) ;
#2247 = ORIENTED_EDGE ( 'NONE', *, *, #6489, .T. ) ;
#2248 = ORIENTED_EDGE ( 'NONE', *, *, #6860, .T. ) ;
#2249 = ORIENTED_EDGE ( 'NONE', *, *, #3006, .T. ) ;
#2250 = PERSON ( 'NAUO-PER1', 'UNSPECIFIED', 'UNSPECIFIED', ('UNSPECIFIED'), ('UNSPECIFIED'), ('UNSPECIFIED') ) ;
#2251 = CC_DESIGN_PERSON_AND_ORGANIZATION_ASSIGNMENT ( #4971, #1522, ( #2712 ) ) ;
#2252 = DIRECTION ( 'NONE',  ( 0.000000000000000000, 1.000000000000000000, 0.000000000000000000 ) ) ;
#2253 = ORIENTED_EDGE ( 'NONE', *, *, #5419, .T. ) ;
#2254 = PERSON_AND_ORGANIZATION ( #6453, #6167 ) ;
#2255 = DIRECTION ( 'NONE',  ( -1.000000000000000000, -0.000000000000000000, -0.000000000000000000 ) ) ;
#2256 = VECTOR ( 'NONE', #327, 1000.000000000000000 ) ;
#2257 = VERTEX_POINT ( 'NONE', #7700 ) ;
#2258 = LINE ( 'NONE', #3282, #979 ) ;
#2259 = APPROVAL_STATUS ( 'not_yet_approved' ) ;
#2260 = ORIENTED_EDGE ( 'NONE', *, *, #6767, .F. ) ;
#2261 = PLANE ( 'NONE',  #5245 ) ;
#2262 = CIRCLE ( 'NONE', #7501, 1.750000000000005107 ) ;
#2263 = PERSON ( 'NAUO-PER20', 'UNSPECIFIED', 'UNSPECIFIED', ('UNSPECIFIED'), ('UNSPECIFIED'), ('UNSPECIFIED') ) ;
#2264 = APPROVAL ( #7193, '未指定' ) ;
#2265 = FACE_OUTER_BOUND ( 'NONE', #1064, .T. ) ;
#2266 = PERSON_AND_ORGANIZATION ( #6453, #6167 ) ;
#2267 = DIRECTION ( 'NONE',  ( -0.000000000000000000, -1.000000000000000000, -0.000000000000000000 ) ) ;
#2268 = CIRCLE ( 'NONE', #2766, 1.750000000000001554 ) ;
#2269 = LOCAL_TIME ( 19, 29, 3.000000000000000000, #1776 ) ;
#2270 = ORIENTED_EDGE ( 'NONE', *, *, #3045, .T. ) ;
#2271 = ORIENTED_EDGE ( 'NONE', *, *, #3382, .T. ) ;
#2272 = CALENDAR_DATE ( 2026, 26, 7 ) ;
#2273 = PLANE ( 'NONE',  #615 ) ;
#2274 = PRODUCT_DEFINITION ( '未知', '', #6053, #6272 ) ;
#2275 = AXIS2_PLACEMENT_3D ( 'NONE', #3495, #2831, #365 ) ;
#2276 = AXIS2_PLACEMENT_3D ( 'NONE', #1667, #1085, #5848 ) ;
#2277 = DIRECTION ( 'NONE',  ( 0.000000000000000000, 0.000000000000000000, -1.000000000000000000 ) ) ;
#2278 = APPROVAL_DATE_TIME ( #2315, #7235 ) ;
#2279 = ADVANCED_FACE ( 'NONE', ( #4080 ), #471, .F. ) ;
#2280 = DIRECTION ( 'NONE',  ( -1.000000000000000000, 0.000000000000000000, -0.000000000000000000 ) ) ;
#2281 = CARTESIAN_POINT ( 'NONE',  ( 45.00000000000000000, 36.00000000000000000, 29.00000000000000000 ) ) ;
#2282 = AXIS2_PLACEMENT_3D ( 'NONE', #6615, #24, #5500 ) ;
#2283 = AXIS2_PLACEMENT_3D ( 'NONE', #6006, #4308, #3043 ) ;
#2284 = ORIENTED_EDGE ( 'NONE', *, *, #5365, .T. ) ;
#2285 = LINE ( 'NONE', #5317, #4161 ) ;
#2286 = VECTOR ( 'NONE', #333, 1000.000000000000000 ) ;
#2287 = PLANE ( 'NONE',  #1646 ) ;
#2288 = COORDINATED_UNIVERSAL_TIME_OFFSET ( 8, 0, .AHEAD. ) ;
#2289 = LINE ( 'NONE', #5275, #2911 ) ;
#2290 = ORIENTED_EDGE ( 'NONE', *, *, #4275, .T. ) ;
#2291 = VECTOR ( 'NONE', #6214, 1000.000000000000000 ) ;
#2292 = ORIENTED_EDGE ( 'NONE', *, *, #1343, .F. ) ;
#2293 = ORIENTED_EDGE ( 'NONE', *, *, #6583, .F. ) ;
#2294 = CARTESIAN_POINT ( 'NONE',  ( 4.000000000000000000, 2.500000000000000000, -1.250000000000000000 ) ) ;
#2295 = PERSON_AND_ORGANIZATION ( #6453, #6167 ) ;
#2296 = DIRECTION ( 'NONE',  ( 0.000000000000000000, 1.000000000000000000, 0.000000000000000000 ) ) ;
#2297 = APPROVAL_STATUS ( 'not_yet_approved' ) ;
#2298 = ORIENTED_EDGE ( 'NONE', *, *, #7474, .F. ) ;
#2299 = DIRECTION ( 'NONE',  ( -0.000000000000000000, -0.000000000000000000, 1.000000000000000000 ) ) ;
#2300 = COORDINATED_UNIVERSAL_TIME_OFFSET ( 8, 0, .AHEAD. ) ;
#2301 = VERTEX_POINT ( 'NONE', #1802 ) ;
#2302 = CARTESIAN_POINT ( 'NONE',  ( -1.750000000000000000, 2.500000000000000000, 10.50000000000000000 ) ) ;
#2303 = AXIS2_PLACEMENT_3D ( 'NONE', #740, #7326, #3119 ) ;
#2304 = CARTESIAN_POINT ( 'NONE',  ( 6.000000000000000000, 6.000000000000000000, -6.000000000000000000 ) ) ;
#2305 = ITEM_DEFINED_TRANSFORMATION ( 'NONE', 'NONE', #6671,  #6285 ) ;
#2306 = DIRECTION ( 'NONE',  ( -0.000000000000000000, 1.000000000000000000, -0.000000000000000000 ) ) ;
#2307 = CC_DESIGN_APPROVAL ( #1752, ( #6810 ) ) ;
#2308 = CC_DESIGN_PERSON_AND_ORGANIZATION_ASSIGNMENT ( #2394, #1197, ( #6257 ) ) ;
#2309 = EDGE_LOOP ( 'NONE', ( #5294, #3584, #2496, #6070 ) ) ;
#2310 = ORIENTED_EDGE ( 'NONE', *, *, #4933, .F. ) ;
#2311 = PERSON_AND_ORGANIZATION_ROLE ( 'design_supplier' ) ;
#2312 = DIRECTION ( 'NONE',  ( 0.000000000000000000, 0.000000000000000000, 1.000000000000000000 ) ) ;
#2313 = CC_DESIGN_APPROVAL ( #6619, ( #1652 ) ) ;
#2314 = LINE ( 'NONE', #6373, #6246 ) ;
#2315 = DATE_AND_TIME ( #6421, #1399 ) ;
#2316 = FACE_OUTER_BOUND ( 'NONE', #1007, .T. ) ;
#2317 = PLANE ( 'NONE',  #3920 ) ;
#2318 = CC_DESIGN_PERSON_AND_ORGANIZATION_ASSIGNMENT ( #2784, #2311, ( #4700 ) ) ;
#2319 = CC_DESIGN_APPROVAL ( #3799, ( #6812 ) ) ;
#2320 = ORIENTED_EDGE ( 'NONE', *, *, #6444, .T. ) ;
#2321 = EDGE_CURVE ( 'NONE', #6467, #712, #4826, .T. ) ;
#2322 =( REPRESENTATION_RELATIONSHIP ('NONE','NONE', #110, #4452 ) REPRESENTATION_RELATIONSHIP_WITH_TRANSFORMATION ( #1833 )SHAPE_REPRESENTATION_RELATIONSHIP( ) );
#2323 = FACE_BOUND ( 'NONE', #3544, .T. ) ;
#2324 = EDGE_CURVE ( 'NONE', #5338, #7181, #6491, .T. ) ;
#2325 = CARTESIAN_POINT ( 'NONE',  ( 60.14999999999999858, 5.000000000000000000, -32.35000000000000142 ) ) ;
#2326 = DIRECTION ( 'NONE',  ( -1.000000000000000000, 0.000000000000000000, 0.000000000000000000 ) ) ;
#2327 = EDGE_CURVE ( 'NONE', #7327, #4693, #3367, .T. ) ;
#2328 = ORIENTED_EDGE ( 'NONE', *, *, #6860, .F. ) ;
#2329 = ORIENTED_EDGE ( 'NONE', *, *, #522, .T. ) ;
#2330 = EDGE_CURVE ( 'NONE', #3163, #2721, #6221, .T. ) ;
#2331 = DIRECTION ( 'NONE',  ( 0.000000000000000000, 0.000000000000000000, 1.000000000000000000 ) ) ;
#2332 = APPROVAL_DATE_TIME ( #582, #3799 ) ;
#2333 = CARTESIAN_POINT ( 'NONE',  ( 10.25000000000000000, 0.000000000000000000, 1.750000000000000000 ) ) ;
#2334 = SECURITY_CLASSIFICATION_LEVEL ( 'unclassified' ) ;
#2335 = ADVANCED_FACE ( 'NONE', ( #2858 ), #7622, .T. ) ;
#2336 = SECURITY_CLASSIFICATION ( '', '', #5135 ) ;
#2337 = ORIENTED_EDGE ( 'NONE', *, *, #3904, .T. ) ;
#2338 = CARTESIAN_POINT ( 'NONE',  ( -33.00000000000000000, 0.000000000000000000, -30.50000000000000000 ) ) ;
#2339 = COORDINATED_UNIVERSAL_TIME_OFFSET ( 8, 0, .AHEAD. ) ;
#2340 = EDGE_LOOP ( 'NONE', ( #3885, #3052, #5238, #4975 ) ) ;
#2341 = CARTESIAN_POINT ( 'NONE',  ( -4.000000000000000000, 2.500000000000000000, 1.250000000000000000 ) ) ;
#2342 = MANIFOLD_SOLID_BREP ( '凸台-拉伸1', #7585 ) ;
#2343 = ORGANIZATION ( 'NAUO-ORG7', 'UNSPECIFIED', 'UNSPECIFIED' ) ;
#2344 = PERSON_AND_ORGANIZATION_ROLE ( 'classification_officer' ) ;
#2345 = AXIS2_PLACEMENT_3D ( 'NONE', #3512, #5898, #5329 ) ;
#2346 = LINE ( 'NONE', #2463, #7654 ) ;
#2347 = ORIENTED_EDGE ( 'NONE', *, *, #7489, .T. ) ;
#2348 = ORIENTED_EDGE ( 'NONE', *, *, #4349, .F. ) ;
#2349 = APPROVAL_ROLE ( '' ) ;
#2350 = APPROVAL_PERSON_ORGANIZATION ( #5738, #541, #3359 ) ;
#2351 = DIRECTION ( 'NONE',  ( 0.000000000000000000, 0.000000000000000000, -1.000000000000000000 ) ) ;
#2352 = VECTOR ( 'NONE', #3030, 1000.000000000000000 ) ;
#2353 = DIRECTION ( 'NONE',  ( -1.000000000000000000, 0.000000000000000000, -0.000000000000000000 ) ) ;
#2354 = SECURITY_CLASSIFICATION_LEVEL ( 'unclassified' ) ;
#2355 = DIRECTION ( 'NONE',  ( 0.000000000000000000, -1.000000000000000000, 0.000000000000000000 ) ) ;
#2356 = DIRECTION ( 'NONE',  ( -1.000000000000000000, -0.000000000000000000, -0.000000000000000000 ) ) ;
#2357 = AXIS2_PLACEMENT_3D ( 'NONE', #3492, #5304, #4714 ) ;
#2358 = CARTESIAN_POINT ( 'NONE',  ( -54.00000000000000000, 0.000000000000000000, 81.50000000000000000 ) ) ;
#2359 = PERSON_AND_ORGANIZATION ( #6453, #6167 ) ;
#2360 = CARTESIAN_POINT ( 'NONE',  ( -39.00000000000000000, 5.000000000000000000, 19.50000000000000000 ) ) ;
#2361 = ORIENTED_EDGE ( 'NONE', *, *, #6010, .F. ) ;
#2362 = VECTOR ( 'NONE', #1569, 1000.000000000000000 ) ;
#2363 = CC_DESIGN_DATE_AND_TIME_ASSIGNMENT ( #1379, #4506, ( #80 ) ) ;
#2364 = DIRECTION ( 'NONE',  ( 0.000000000000000000, -0.000000000000000000, -1.000000000000000000 ) ) ;
#2365 = CARTESIAN_POINT ( 'NONE',  ( -10.25000000000000000, 0.000000000000000000, 1.750000000000000000 ) ) ;
#2366 = CARTESIAN_POINT ( 'NONE',  ( -57.50000000000000000, 1.600000000000000089, -85.00000000000000000 ) ) ;
#2367 = EDGE_LOOP ( 'NONE', ( #4468, #3720, #4089, #346 ) ) ;
#2368 = PRODUCT ( 'FN-ZON-002_fuse-service-disconnect_R0.4', 'FN-ZON-002_fuse-service-disconnect_R0.4', '', ( #420 ) ) ;
#2369 = APPLICATION_CONTEXT ( 'configuration controlled 3d designs of mechanical parts and assemblies' ) ;
#2370 = ORIENTED_EDGE ( 'NONE', *, *, #2901, .F. ) ;
#2371 = ADVANCED_FACE ( 'NONE', ( #1066 ), #7148, .F. ) ;
#2372 = CARTESIAN_POINT ( 'NONE',  ( -36.00000000000000000, 0.000000000000000000, -33.50000000000000000 ) ) ;
#2373 = PERSON_AND_ORGANIZATION ( #6453, #6167 ) ;
#2374 = DIRECTION ( 'NONE',  ( -0.000000000000000000, -0.000000000000000000, 1.000000000000000000 ) ) ;
#2375 = PERSON_AND_ORGANIZATION ( #5066, #3217 ) ;
#2376 = ADVANCED_FACE ( 'NONE', ( #2265 ), #2972, .F. ) ;
#2377 = SHAPE_REPRESENTATION_RELATIONSHIP ( 'NONE' , 'NONE' ,  #6830, #1211 ) ;
#2378 = EDGE_LOOP ( 'NONE', ( #2898, #1090 ) ) ;
#2379 = CARTESIAN_POINT ( 'NONE',  ( -54.00000000000000000, 3.600000000000000089, 83.10000000000000853 ) ) ;
#2380 = PERSON_AND_ORGANIZATION ( #6453, #6167 ) ;
#2381 = VERTEX_POINT ( 'NONE', #6564 ) ;
#2382 = CARTESIAN_POINT ( 'NONE',  ( -19.00000000000000000, 15.00000000000000000, -9.000000000000000000 ) ) ;
#2383 = DATE_AND_TIME ( #5522, #2837 ) ;
#2384 = LINE ( 'NONE', #557, #4540 ) ;
#2385 =( LENGTH_UNIT ( ) NAMED_UNIT ( * ) SI_UNIT ( .MILLI., .METRE. ) );
#2386 = VERTEX_POINT ( 'NONE', #1106 ) ;
#2387 = VECTOR ( 'NONE', #3216, 1000.000000000000000 ) ;
#2388 = VERTEX_POINT ( 'NONE', #1223 ) ;
#2389 = CALENDAR_DATE ( 2026, 26, 7 ) ;
#2390 = DIRECTION ( 'NONE',  ( 0.000000000000000000, 0.000000000000000000, -1.000000000000000000 ) ) ;
#2391 = EDGE_CURVE ( 'NONE', #1404, #2617, #4495, .T. ) ;
#2392 = CARTESIAN_POINT ( 'NONE',  ( 60.14999999999999858, 3.000000000000000000, -81.75000000000000000 ) ) ;
#2393 = CIRCLE ( 'NONE', #4653, 1.799999999999999600 ) ;
#2394 = PERSON_AND_ORGANIZATION ( #6453, #6167 ) ;
#2395 = LOCAL_TIME ( 19, 29, 3.000000000000000000, #7675 ) ;
#2396 = CARTESIAN_POINT ( 'NONE',  ( 60.00000000000000000, 3.000000000000000000, 42.50000000000000000 ) ) ;
#2397 = CARTESIAN_POINT ( 'NONE',  ( 60.00000000000000000, 3.000000000000000000, -42.50000000000000000 ) ) ;
#2398 = PERSON_AND_ORGANIZATION_ROLE ( 'classification_officer' ) ;
#2399 = CARTESIAN_POINT ( 'NONE',  ( 57.50000000000000000, 1.600000000000000089, 85.00000000000000000 ) ) ;
#2400 = ORIENTED_EDGE ( 'NONE', *, *, #4835, .T. ) ;
#2401 = VECTOR ( 'NONE', #4012, 1000.000000000000000 ) ;
#2402 = AXIS2_PLACEMENT_3D ( 'NONE', #811, #7398, #5074 ) ;
#2403 = FACE_OUTER_BOUND ( 'NONE', #4078, .T. ) ;
#2404 = LINE ( 'NONE', #5434, #4660 ) ;
#2405 = CIRCLE ( 'NONE', #6522, 1.250000000000004663 ) ;
#2406 = DIRECTION ( 'NONE',  ( 1.000000000000000000, 0.000000000000000000, -0.000000000000000000 ) ) ;
#2407 = CC_DESIGN_PERSON_AND_ORGANIZATION_ASSIGNMENT ( #771, #2532, ( #2883 ) ) ;
#2408 = ORIENTED_EDGE ( 'NONE', *, *, #301, .T. ) ;
#2409 = EDGE_LOOP ( 'NONE', ( #864, #3320, #3934, #5159 ) ) ;
#2410 = AXIS2_PLACEMENT_3D ( 'NONE', #6789, #5653, #1511 ) ;
#2411 = CARTESIAN_POINT ( 'NONE',  ( 28.00000000000000000, 0.000000000000000000, 15.50000000000000000 ) ) ;
#2412 = CALENDAR_DATE ( 2026, 26, 7 ) ;
#2413 = DIRECTION ( 'NONE',  ( 0.000000000000000000, -1.000000000000000000, 0.000000000000000000 ) ) ;
#2414 = PERSON_AND_ORGANIZATION_ROLE ( 'classification_officer' ) ;
#2415 = EDGE_CURVE ( 'NONE', #302, #7019, #514, .T. ) ;
#2416 = VECTOR ( 'NONE', #7047, 1000.000000000000000 ) ;
#2417 = DIRECTION ( 'NONE',  ( 0.000000000000000000, 0.000000000000000000, 1.000000000000000000 ) ) ;
#2418 = CC_DESIGN_PERSON_AND_ORGANIZATION_ASSIGNMENT ( #2515, #138, ( #2805 ) ) ;
#2419 = VERTEX_POINT ( 'NONE', #1728 ) ;
#2420 = CARTESIAN_POINT ( 'NONE',  ( -8.250000000000000000, 2.500000000000000000, 11.25000000000000000 ) ) ;
#2421 = DATE_AND_TIME ( #5408, #2818 ) ;
#2422 = ORIENTED_EDGE ( 'NONE', *, *, #947, .F. ) ;
#2423 = LINE ( 'NONE', #592, #5609 ) ;
#2424 = PERSON_AND_ORGANIZATION ( #2250, #1843 ) ;
#2425 = EDGE_CURVE ( 'NONE', #1914, #3875, #3519, .T. ) ;
#2426 = LINE ( 'NONE', #2936, #3413 ) ;
#2427 = ADVANCED_FACE ( 'NONE', ( #6019 ), #1372, .F. ) ;
#2428 = EDGE_CURVE ( 'NONE', #6760, #6532, #231, .T. ) ;
#2429 = ORIENTED_EDGE ( 'NONE', *, *, #6399, .F. ) ;
#2430 = ORIENTED_EDGE ( 'NONE', *, *, #769, .T. ) ;
#2431 = APPROVAL_STATUS ( 'not_yet_approved' ) ;
#2432 = FACE_OUTER_BOUND ( 'NONE', #5975, .T. ) ;
#2433 = CARTESIAN_POINT ( 'NONE',  ( -33.00000000000000000, 40.00000000000000000, -30.50000000000000000 ) ) ;
#2434 = LOCAL_TIME ( 19, 29, 3.000000000000000000, #2043 ) ;
#2435 = DATE_AND_TIME ( #5425, #5642 ) ;
#2436 = CARTESIAN_POINT ( 'NONE',  ( -39.00000000000000000, 36.00000000000000000, -17.69999999999999929 ) ) ;
#2437 = PRODUCT_DEFINITION_SHAPE ( 'NONE', 'NONE',  #7719 ) ;
#2438 = FACE_OUTER_BOUND ( 'NONE', #2150, .T. ) ;
#2439 = COORDINATED_UNIVERSAL_TIME_OFFSET ( 8, 0, .AHEAD. ) ;
#2440 = LINE ( 'NONE', #1893, #6844 ) ;
#2441 = ORIENTED_EDGE ( 'NONE', *, *, #5771, .T. ) ;
#2442 = CC_DESIGN_SECURITY_CLASSIFICATION ( #1325, ( #3437 ) ) ;
#2443 = DIRECTION ( 'NONE',  ( -0.000000000000000000, 1.000000000000000000, -0.000000000000000000 ) ) ;
#2444 = DIRECTION ( 'NONE',  ( -0.000000000000000000, -1.000000000000000000, -0.000000000000000000 ) ) ;
#2445 = CC_DESIGN_APPROVAL ( #4717, ( #5187 ) ) ;
#2446 = LINE ( 'NONE', #1900, #292 ) ;
#2447 = EDGE_LOOP ( 'NONE', ( #7567, #7549, #5909, #3018 ) ) ;
#2448 = MANIFOLD_SOLID_BREP ( '凸台-拉伸1', #6327 ) ;
#2449 = LINE ( 'NONE', #79, #4035 ) ;
#2450 = COORDINATED_UNIVERSAL_TIME_OFFSET ( 8, 0, .AHEAD. ) ;
#2451 = CARTESIAN_POINT ( 'NONE',  ( -4.000000000000000000, 0.000000000000000000, 1.250000000000000000 ) ) ;
#2452 = CC_DESIGN_PERSON_AND_ORGANIZATION_ASSIGNMENT ( #474, #1644, ( #6580 ) ) ;
#2453 = DIRECTION ( 'NONE',  ( 1.000000000000000000, 0.000000000000000000, 0.000000000000000000 ) ) ;
#2454 = ORIENTED_EDGE ( 'NONE', *, *, #1336, .T. ) ;
#2455 = DIRECTION ( 'NONE',  ( 1.000000000000000000, 0.000000000000000000, 0.000000000000000000 ) ) ;
#2456 = EDGE_LOOP ( 'NONE', ( #900, #5185, #5865, #7339 ) ) ;
#2457 = DESIGN_CONTEXT ( 'detailed design', #3931, 'design' ) ;
#2458 = LINE ( 'NONE', #7227, #7346 ) ;
#2459 = MANIFOLD_SOLID_BREP ( '凸台-拉伸1', #5361 ) ;
#2460 = PRODUCT_RELATED_PRODUCT_CATEGORY ( 'detail', '', ( #1199 ) ) ;
#2461 = DATE_TIME_ROLE ( 'classification_date' ) ;
#2462 = APPROVAL_PERSON_ORGANIZATION ( #2510, #7269, #4874 ) ;
#2463 = CARTESIAN_POINT ( 'NONE',  ( 60.14999999999999858, 5.000000000000000000, 78.25000000000000000 ) ) ;
#2464 =( NAMED_UNIT ( * ) PLANE_ANGLE_UNIT ( ) SI_UNIT ( $, .RADIAN. ) );
#2465 = ORIENTED_EDGE ( 'NONE', *, *, #7596, .T. ) ;
#2466 = ORIENTED_EDGE ( 'NONE', *, *, #1019, .F. ) ;
#2467 = PERSON_AND_ORGANIZATION ( #6453, #6167 ) ;
#2468 = LINE ( 'NONE', #5988, #621 ) ;
#2469 = LOCAL_TIME ( 19, 29, 3.000000000000000000, #56 ) ;
#2470 = EDGE_CURVE ( 'NONE', #4184, #339, #3056, .T. ) ;
#2471 = AXIS2_PLACEMENT_3D ( 'NONE', #6601, #1102, #2928 ) ;
#2472 = ADVANCED_FACE ( 'NONE', ( #1878 ), #4350, .F. ) ;
#2473 = APPROVAL_STATUS ( 'not_yet_approved' ) ;
#2474 = LINE ( 'NONE', #6502, #6395 ) ;
#2475 = APPLICATION_CONTEXT ( 'configuration controlled 3d designs of mechanical parts and assemblies' ) ;
#2476 = LOCAL_TIME ( 19, 29, 3.000000000000000000, #3509 ) ;
#2477 = ADVANCED_FACE ( 'NONE', ( #4863 ), #3091, .F. ) ;
#2478 = DIRECTION ( 'NONE',  ( -0.000000000000000000, 1.000000000000000000, -0.000000000000000000 ) ) ;
#2479 = APPROVAL_STATUS ( 'not_yet_approved' ) ;
#2480 = AXIS2_PLACEMENT_3D ( 'NONE', #7125, #3692, #5390 ) ;
#2481 = EDGE_CURVE ( 'NONE', #1431, #6467, #744, .T. ) ;
#2482 = LINE ( 'NONE', #1351, #6722 ) ;
#2483 = EDGE_LOOP ( 'NONE', ( #4588, #6264, #378, #7020 ) ) ;
#2484 = EDGE_CURVE ( 'NONE', #424, #6241, #2458, .T. ) ;
#2485 = PLANE ( 'NONE',  #910 ) ;
#2486 = LINE ( 'NONE', #657, #6386 ) ;
#2487 = LINE ( 'NONE', #4886, #4800 ) ;
#2488 = EDGE_CURVE ( 'NONE', #2085, #4513, #4281, .T. ) ;
#2489 = VERTEX_POINT ( 'NONE', #1335 ) ;
#2490 = ADVANCED_FACE ( 'NONE', ( #2575 ), #6754, .F. ) ;
#2491 = AXIS2_PLACEMENT_3D ( 'NONE', #513, #3996, #7496 ) ;
#2492 = CARTESIAN_POINT ( 'NONE',  ( -136.0000000000000000, 3.000000000000000000, 96.50000000000000000 ) ) ;
#2493 = COORDINATED_UNIVERSAL_TIME_OFFSET ( 8, 0, .AHEAD. ) ;
#2494 = PERSON_AND_ORGANIZATION ( #873, #5600 ) ;
#2495 = DIRECTION ( 'NONE',  ( 1.000000000000000000, 0.000000000000000000, 0.000000000000000000 ) ) ;
#2496 = ORIENTED_EDGE ( 'NONE', *, *, #6740, .F. ) ;
#2497 = DIRECTION ( 'NONE',  ( 0.000000000000000000, -1.000000000000000000, 0.000000000000000000 ) ) ;
#2498 = VERTEX_POINT ( 'NONE', #160 ) ;
#2499 = CC_DESIGN_DATE_AND_TIME_ASSIGNMENT ( #5550, #2054, ( #738 ) ) ;
#2500 = SHAPE_REPRESENTATION ( 'FN-PLT-004_fr4-rect_8HOLE-NOMINAL_R0.4', ( #6285 ), #7279 ) ;
#2501 = EDGE_CURVE ( 'NONE', #1478, #6808, #1301, .T. ) ;
#2502 = DIRECTION ( 'NONE',  ( 0.000000000000000000, -0.000000000000000000, -1.000000000000000000 ) ) ;
#2503 = PRODUCT_DEFINITION_SHAPE ( 'NONE', 'NONE',  #7714 ) ;
#2504 = PERSON_AND_ORGANIZATION_ROLE ( 'classification_officer' ) ;
#2505 = ORIENTED_EDGE ( 'NONE', *, *, #6330, .T. ) ;
#2506 = ORIENTED_EDGE ( 'NONE', *, *, #6723, .F. ) ;
#2507 = APPLICATION_PROTOCOL_DEFINITION ( 'international standard', 'config_control_design', 1994, #3972 ) ;
#2508 = CC_DESIGN_PERSON_AND_ORGANIZATION_ASSIGNMENT ( #1037, #3452, ( #2767 ) ) ;
#2509 = FACE_BOUND ( 'NONE', #5446, .T. ) ;
#2510 = PERSON_AND_ORGANIZATION ( #6453, #6167 ) ;
#2511 = DIRECTION ( 'NONE',  ( 0.000000000000000000, 0.000000000000000000, 1.000000000000000000 ) ) ;
#2512 = AXIS2_PLACEMENT_3D ( 'NONE', #5608, #3889, #4482 ) ;
#2513 = MANIFOLD_SOLID_BREP ( '凸台-拉伸1', #3466 ) ;
#2514 = DIRECTION ( 'NONE',  ( 0.000000000000000000, 1.000000000000000000, 0.000000000000000000 ) ) ;
#2515 = PERSON_AND_ORGANIZATION ( #6453, #6167 ) ;
#2516 = ADVANCED_FACE ( 'NONE', ( #1841 ), #1407, .T. ) ;
#2517 = CARTESIAN_POINT ( 'NONE',  ( 23.00000000000000000, 10.00000000000000000, 10.50000000000000000 ) ) ;
#2518 = VERTEX_POINT ( 'NONE', #3677 ) ;
#2519 = VECTOR ( 'NONE', #3507, 1000.000000000000000 ) ;
#2520 = EDGE_CURVE ( 'NONE', #5984, #3614, #6604, .T. ) ;
#2521 = FACE_OUTER_BOUND ( 'NONE', #1673, .T. ) ;
#2522 = DIRECTION ( 'NONE',  ( 1.000000000000000000, 0.000000000000000000, 0.000000000000000000 ) ) ;
#2523 = PLANE ( 'NONE',  #5166 ) ;
#2524 = EDGE_CURVE ( 'NONE', #2734, #6677, #499, .T. ) ;
#2525 = VECTOR ( 'NONE', #7635, 1000.000000000000000 ) ;
#2526 = LOCAL_TIME ( 19, 29, 3.000000000000000000, #1396 ) ;
#2527 = EDGE_CURVE ( 'NONE', #5806, #5647, #1266, .T. ) ;
#2528 = ORIENTED_EDGE ( 'NONE', *, *, #3739, .F. ) ;
#2529 = MANIFOLD_SOLID_BREP ( '凸台-拉伸2', #3214 ) ;
#2530 = LINE ( 'NONE', #6078, #781 ) ;
#2531 = AXIS2_PLACEMENT_3D ( 'NONE', #3924, #434, #1645 ) ;
#2532 = PERSON_AND_ORGANIZATION_ROLE ( 'creator' ) ;
#2533 = SECURITY_CLASSIFICATION_LEVEL ( 'unclassified' ) ;
#2534 = EDGE_CURVE ( 'NONE', #4285, #7348, #6054, .T. ) ;
#2535 =( LENGTH_UNIT ( ) NAMED_UNIT ( * ) SI_UNIT ( .MILLI., .METRE. ) );
#2536 = VERTEX_POINT ( 'NONE', #822 ) ;
#2537 = VECTOR ( 'NONE', #2205, 1000.000000000000000 ) ;
#2538 = DIRECTION ( 'NONE',  ( 0.000000000000000000, 0.000000000000000000, -1.000000000000000000 ) ) ;
#2539 = ORIENTED_EDGE ( 'NONE', *, *, #3880, .T. ) ;
#2540 = DIRECTION ( 'NONE',  ( -1.000000000000000000, 0.000000000000000000, -0.000000000000000000 ) ) ;
#2541 = MANIFOLD_SOLID_BREP ( '凸台-拉伸3', #1968 ) ;
#2542 = AXIS2_PLACEMENT_3D ( 'NONE', #7598, #1620, #4719 ) ;
#2543 = EDGE_LOOP ( 'NONE', ( #4226, #2465, #5485, #983 ) ) ;
#2544 = ORIENTED_EDGE ( 'NONE', *, *, #2624, .F. ) ;
#2545 = COORDINATED_UNIVERSAL_TIME_OFFSET ( 8, 0, .AHEAD. ) ;
#2546 = CARTESIAN_POINT ( 'NONE',  ( 0.000000000000000000, 0.000000000000000000, 0.000000000000000000 ) ) ;
#2547 =( GEOMETRIC_REPRESENTATION_CONTEXT ( 3 ) GLOBAL_UNCERTAINTY_ASSIGNED_CONTEXT ( ( #6603 ) ) GLOBAL_UNIT_ASSIGNED_CONTEXT ( ( #1227, #7113, #4162 ) ) REPRESENTATION_CONTEXT ( 'NONE', 'WORKASPACE' ) );
#2548 = PERSON_AND_ORGANIZATION ( #6453, #6167 ) ;
#2549 = APPROVAL ( #2583, '未指定' ) ;
#2550 = DIRECTION ( 'NONE',  ( 1.000000000000000000, 0.000000000000000000, -0.000000000000000000 ) ) ;
#2551 = AXIS2_PLACEMENT_3D ( 'NONE', #2641, #7253, #1913 ) ;
#2552 = MANIFOLD_SOLID_BREP ( '切除-拉伸1', #2088 ) ;
#2553 = CARTESIAN_POINT ( 'NONE',  ( -45.00000000000000000, 36.00000000000000000, 29.00000000000000000 ) ) ;
#2554 = ORIENTED_EDGE ( 'NONE', *, *, #4322, .T. ) ;
#2555 = APPROVAL_STATUS ( 'not_yet_approved' ) ;
#2556 = FACE_OUTER_BOUND ( 'NONE', #6661, .T. ) ;
#2557 = LOCAL_TIME ( 19, 29, 3.000000000000000000, #1349 ) ;
#2558 = DIRECTION ( 'NONE',  ( 1.000000000000000000, 0.000000000000000000, -0.000000000000000000 ) ) ;
#2559 = APPROVAL ( #3332, '未指定' ) ;
#2560 = CARTESIAN_POINT ( 'NONE',  ( 57.50000000000000000, 0.000000000000000000, 85.00000000000000000 ) ) ;
#2561 = LINE ( 'NONE', #4266, #3786 ) ;
#2562 = LOCAL_TIME ( 19, 29, 3.000000000000000000, #3411 ) ;
#2563 = ORIENTED_EDGE ( 'NONE', *, *, #6438, .T. ) ;
#2564 = CARTESIAN_POINT ( 'NONE',  ( 54.00000000000000000, 1.599999999999999867, -81.50000000000000000 ) ) ;
#2565 = EDGE_CURVE ( 'NONE', #6445, #3095, #5486, .T. ) ;
#2566 = EDGE_CURVE ( 'NONE', #1348, #3477, #4969, .T. ) ;
#2567 = CC_DESIGN_SECURITY_CLASSIFICATION ( #1076, ( #4700 ) ) ;
#2568 = PERSON_AND_ORGANIZATION_ROLE ( 'design_supplier' ) ;
#2569 = EDGE_CURVE ( 'NONE', #3789, #7181, #4573, .T. ) ;
#2570 = APPROVAL_DATE_TIME ( #852, #7703 ) ;
#2571 = EDGE_CURVE ( 'NONE', #1265, #2762, #2646, .T. ) ;
#2572 = VERTEX_POINT ( 'NONE', #7444 ) ;
#2573 = DIRECTION ( 'NONE',  ( 1.000000000000000000, 0.000000000000000000, 0.000000000000000000 ) ) ;
#2574 = EDGE_LOOP ( 'NONE', ( #104, #1875, #6960, #478 ) ) ;
#2575 = FACE_OUTER_BOUND ( 'NONE', #59, .T. ) ;
#2576 = PLANE ( 'NONE',  #5881 ) ;
#2577 = APPROVAL_ROLE ( '' ) ;
#2578 = ORIENTED_EDGE ( 'NONE', *, *, #5306, .T. ) ;
#2579 = VERTEX_POINT ( 'NONE', #418 ) ;
#2580 = COORDINATED_UNIVERSAL_TIME_OFFSET ( 8, 0, .AHEAD. ) ;
#2581 = PLANE ( 'NONE',  #4491 ) ;
#2582 = APPROVAL_PERSON_ORGANIZATION ( #2424, #4090, #1224 ) ;
#2583 = APPROVAL_STATUS ( 'not_yet_approved' ) ;
#2584 = DIRECTION ( 'NONE',  ( -1.000000000000000000, 0.000000000000000000, 0.000000000000000000 ) ) ;
#2585 = DIRECTION ( 'NONE',  ( 0.000000000000000000, 0.000000000000000000, -1.000000000000000000 ) ) ;
#2586 = VERTEX_POINT ( 'NONE', #3828 ) ;
#2587 = APPROVAL_ROLE ( '' ) ;
#2588 = CC_DESIGN_APPROVAL ( #3304, ( #1730 ) ) ;
#2589 = CARTESIAN_POINT ( 'NONE',  ( -0.7500000000000000000, 0.000000000000000000, -12.00000000000000000 ) ) ;
#2590 = VECTOR ( 'NONE', #3398, 1000.000000000000000 ) ;
#2591 = APPROVAL ( #7359, 'UNKNOWN' ) ;
#2592 = CARTESIAN_POINT ( 'NONE',  ( -39.00000000000000000, 5.000000000000000000, 18.24999999999999645 ) ) ;
#2593 = CC_DESIGN_APPROVAL ( #3985, ( #1359 ) ) ;
#2594 = CARTESIAN_POINT ( 'NONE',  ( -45.00000000000000000, 0.000000000000000000, 29.00000000000000000 ) ) ;
#2595 = VECTOR ( 'NONE', #6676, 1000.000000000000000 ) ;
#2596 = CARTESIAN_POINT ( 'NONE',  ( -60.14999999999999858, 3.000000000000000000, 30.60000000000000142 ) ) ;
#2597 = ORIENTED_EDGE ( 'NONE', *, *, #5010, .T. ) ;
#2598 = CC_DESIGN_PERSON_AND_ORGANIZATION_ASSIGNMENT ( #550, #1220, ( #4838 ) ) ;
#2599 = AXIS2_PLACEMENT_3D ( 'NONE', #7466, #324, #4480 ) ;
#2600 = CARTESIAN_POINT ( 'NONE',  ( 54.00000000000000000, 3.600000000000000089, 81.50000000000000000 ) ) ;
#2601 = APPROVAL_DATE_TIME ( #7251, #5752 ) ;
#2602 = CALENDAR_DATE ( 2026, 26, 7 ) ;
#2603 = FACE_OUTER_BOUND ( 'NONE', #7394, .T. ) ;
#2604 = AXIS2_PLACEMENT_3D ( 'NONE', #1185, #554, #2892 ) ;
#2605 = ORIENTED_EDGE ( 'NONE', *, *, #5964, .T. ) ;
#2606 = CARTESIAN_POINT ( 'NONE',  ( 8.250000000000000000, 2.500000000000000000, -11.25000000000000000 ) ) ;
#2607 = UNCERTAINTY_MEASURE_WITH_UNIT (LENGTH_MEASURE( 1.000000000000000082E-05 ), #4042, 'distance_accuracy_value', 'NONE');
#2608 = EDGE_CURVE ( 'NONE', #7303, #5896, #5660, .T. ) ;
#2609 = DIRECTION ( 'NONE',  ( -1.000000000000000000, -0.000000000000000000, -0.000000000000000000 ) ) ;
#2610 = VECTOR ( 'NONE', #3986, 1000.000000000000000 ) ;
#2611 = CARTESIAN_POINT ( 'NONE',  ( -60.14999999999999858, 3.000000000000000000, 32.35000000000000142 ) ) ;
#2612 = EDGE_CURVE ( 'NONE', #6922, #2224, #3906, .T. ) ;
#2613 = APPROVAL_ROLE ( '' ) ;
#2614 = ORIENTED_EDGE ( 'NONE', *, *, #6380, .T. ) ;
#2615 = ORIENTED_EDGE ( 'NONE', *, *, #4270, .F. ) ;
#2616 = APPROVAL_DATE_TIME ( #3877, #3851 ) ;
#2617 = VERTEX_POINT ( 'NONE', #6794 ) ;
#2618 = DIRECTION ( 'NONE',  ( -0.000000000000000000, -1.000000000000000000, -0.000000000000000000 ) ) ;
#2619 = APPLICATION_CONTEXT ( 'configuration controlled 3d designs of mechanical parts and assemblies' ) ;
#2620 = APPLICATION_PROTOCOL_DEFINITION ( 'international standard', 'config_control_design', 1994, #7162 ) ;
#2621 = CARTESIAN_POINT ( 'NONE',  ( -158.9499999999999886, 0.000000000000000000, 119.4500000000000028 ) ) ;
#2622 = PRODUCT ( 'FN-HAR-001_pv-input-route_R0.4', 'FN-HAR-001_pv-input-route_R0.4', '', ( #6127 ) ) ;
#2623 = DIRECTION ( 'NONE',  ( 0.000000000000000000, 0.000000000000000000, -1.000000000000000000 ) ) ;
#2624 = EDGE_CURVE ( 'NONE', #272, #4427, #4423, .T. ) ;
#2625 = ORIENTED_EDGE ( 'NONE', *, *, #3739, .T. ) ;
#2626 = PERSON_AND_ORGANIZATION ( #6453, #6167 ) ;
#2627 = DIRECTION ( 'NONE',  ( -1.000000000000000000, 0.000000000000000000, 0.000000000000000000 ) ) ;
#2628 = PERSON ( 'NAUO-PER12', 'UNSPECIFIED', 'UNSPECIFIED', ('UNSPECIFIED'), ('UNSPECIFIED'), ('UNSPECIFIED') ) ;
#2629 = FACE_BOUND ( 'NONE', #548, .T. ) ;
#2630 = AXIS2_PLACEMENT_3D ( 'NONE', #3738, #6038, #1205 ) ;
#2631 = DIRECTION ( 'NONE',  ( 1.000000000000000000, -0.000000000000000000, 0.000000000000000000 ) ) ;
#2632 = DIRECTION ( 'NONE',  ( 0.000000000000000000, 0.000000000000000000, -1.000000000000000000 ) ) ;
#2633 = ORIENTED_EDGE ( 'NONE', *, *, #1419, .F. ) ;
#2634 = AXIS2_PLACEMENT_3D ( 'NONE', #4405, #3297, #1504 ) ;
#2635 = DIRECTION ( 'NONE',  ( 0.000000000000000000, -1.000000000000000000, 0.000000000000000000 ) ) ;
#2636 = APPROVAL_STATUS ( 'not_yet_approved' ) ;
#2637 = AXIS2_PLACEMENT_3D ( 'NONE', #4058, #4563, #6975 ) ;
#2638 = APPROVAL_PERSON_ORGANIZATION ( #1887, #5436, #4944 ) ;
#2639 = LINE ( 'NONE', #2716, #7392 ) ;
#2640 = PRODUCT_RELATED_PRODUCT_CATEGORY ( 'detail', '', ( #1941 ) ) ;
#2641 = CARTESIAN_POINT ( 'NONE',  ( 92.00000000000000000, 12.00000000000000000, -62.00000000000000000 ) ) ;
#2642 = ORIENTED_EDGE ( 'NONE', *, *, #6095, .T. ) ;
#2643 = DIRECTION ( 'NONE',  ( 0.000000000000000000, -0.000000000000000000, -1.000000000000000000 ) ) ;
#2644 = CIRCLE ( 'NONE', #5031, 1.750000000000005107 ) ;
#2645 = VECTOR ( 'NONE', #7357, 1000.000000000000000 ) ;
#2646 = LINE ( 'NONE', #5778, #4624 ) ;
#2647 = CARTESIAN_POINT ( 'NONE',  ( 0.000000000000000000, 3.000000000000000000, 98.50000000000000000 ) ) ;
#2648 = CALENDAR_DATE ( 2026, 26, 7 ) ;
#2649 = AXIS2_PLACEMENT_3D ( 'NONE', #2021, #6553, #7022 ) ;
#2650 = CC_DESIGN_PERSON_AND_ORGANIZATION_ASSIGNMENT ( #3071, #5469, ( #4068 ) ) ;
#2651 = AXIS2_PLACEMENT_3D ( 'NONE', #1534, #5177, #2192 ) ;
#2652 = ORIENTED_EDGE ( 'NONE', *, *, #1245, .F. ) ;
#2653 = ORIENTED_EDGE ( 'NONE', *, *, #6581, .T. ) ;
#2654 = APPROVAL_STATUS ( 'not_yet_approved' ) ;
#2655 = ORIENTED_EDGE ( 'NONE', *, *, #5715, .T. ) ;
#2656 = ORIENTED_EDGE ( 'NONE', *, *, #404, .F. ) ;
#2657 = DIRECTION ( 'NONE',  ( 0.000000000000000000, -0.000000000000000000, -1.000000000000000000 ) ) ;
#2658 = DIRECTION ( 'NONE',  ( 0.000000000000000000, 0.000000000000000000, -1.000000000000000000 ) ) ;
#2659 = VECTOR ( 'NONE', #5576, 1000.000000000000000 ) ;
#2660 = ADVANCED_FACE ( 'NONE', ( #2061 ), #6197, .F. ) ;
#2661 = ADVANCED_FACE ( 'NONE', ( #5621 ), #6939, .F. ) ;
#2662 = CALENDAR_DATE ( 2026, 26, 7 ) ;
#2663 = ADVANCED_FACE ( 'NONE', ( #3276 ), #340, .F. ) ;
#2664 = LINE ( 'NONE', #3249, #918 ) ;
#2665 = DIRECTION ( 'NONE',  ( 1.000000000000000000, -0.000000000000000000, 0.000000000000000000 ) ) ;
#2666 = VECTOR ( 'NONE', #5918, 1000.000000000000000 ) ;
#2667 = ORIENTED_EDGE ( 'NONE', *, *, #2330, .T. ) ;
#2668 = APPLICATION_PROTOCOL_DEFINITION ( 'international standard', 'config_control_design', 1994, #7621 ) ;
#2669 = LINE ( 'NONE', #1388, #4121 ) ;
#2670 = LINE ( 'NONE', #2592, #2387 ) ;
#2671 = FACE_OUTER_BOUND ( 'NONE', #5369, .T. ) ;
#2672 = DIRECTION ( 'NONE',  ( 0.000000000000000000, 0.000000000000000000, 1.000000000000000000 ) ) ;
#2673 = ORIENTED_EDGE ( 'NONE', *, *, #6340, .F. ) ;
#2674 = CARTESIAN_POINT ( 'NONE',  ( 14.25000000000000000, 2.500000000000000000, -8.000000000000000000 ) ) ;
#2675 = DATE_AND_TIME ( #297, #660 ) ;
#2676 = LOCAL_TIME ( 19, 29, 3.000000000000000000, #5347 ) ;
#2677 = PERSON_AND_ORGANIZATION_ROLE ( 'classification_officer' ) ;
#2678 = PLANE ( 'NONE',  #3912 ) ;
#2679 = APPLICATION_PROTOCOL_DEFINITION ( 'international standard', 'config_control_design', 1994, #1428 ) ;
#2680 = ORIENTED_EDGE ( 'NONE', *, *, #4104, .T. ) ;
#2681 = CARTESIAN_POINT ( 'NONE',  ( 3.250000000000002665, 2.500000000000000000, 12.00000000000000000 ) ) ;
#2682 = LOCAL_TIME ( 19, 29, 3.000000000000000000, #6282 ) ;
#2683 = PRODUCT_RELATED_PRODUCT_CATEGORY ( 'detail', '', ( #6055 ) ) ;
#2684 = CARTESIAN_POINT ( 'NONE',  ( -45.00000000000000000, 36.00000000000000000, 29.00000000000000000 ) ) ;
#2685 = MANIFOLD_SOLID_BREP ( '凸台-拉伸1', #4481 ) ;
#2686 = CARTESIAN_POINT ( 'NONE',  ( 39.00000000000000000, 5.000000000000000000, 18.24999999999999645 ) ) ;
#2687 = APPROVAL_ROLE ( '' ) ;
#2688 = ADVANCED_BREP_SHAPE_REPRESENTATION ( '', ( #5116, #6285 ), #2046 ) ;
#2689 = CC_DESIGN_APPROVAL ( #655, ( #4838 ) ) ;
#2690 = ORIENTED_EDGE ( 'NONE', *, *, #3061, .F. ) ;
#2691 = ORIENTED_EDGE ( 'NONE', *, *, #1210, .F. ) ;
#2692 = DATE_AND_TIME ( #2068, #1944 ) ;
#2693 = EDGE_LOOP ( 'NONE', ( #817, #5360, #6488, #5936 ) ) ;
#2694 = CARTESIAN_POINT ( 'NONE',  ( -28.00000000000000000, 0.000000000000000000, 15.50000000000000000 ) ) ;
#2695 = CC_DESIGN_DATE_AND_TIME_ASSIGNMENT ( #2136, #5285, ( #746 ) ) ;
#2696 = FACE_OUTER_BOUND ( 'NONE', #4914, .T. ) ;
#2697 = PERSON_AND_ORGANIZATION ( #6453, #6167 ) ;
#2698 = EDGE_CURVE ( 'NONE', #174, #6352, #5735, .T. ) ;
#2699 = DIRECTION ( 'NONE',  ( 0.000000000000000000, -1.000000000000000000, 0.000000000000000000 ) ) ;
#2700 = MANIFOLD_SOLID_BREP ( '凸台-拉伸1', #729 ) ;
#2701 = FACE_OUTER_BOUND ( 'NONE', #5399, .T. ) ;
#2702 = ORIENTED_EDGE ( 'NONE', *, *, #21, .T. ) ;
#2703 = PERSON_AND_ORGANIZATION ( #6453, #6167 ) ;
#2704 = DIRECTION ( 'NONE',  ( 1.000000000000000000, 0.000000000000000000, 0.000000000000000000 ) ) ;
#2705 = EDGE_CURVE ( 'NONE', #2085, #6343, #3871, .T. ) ;
#2706 = LINE ( 'NONE', #7467, #6374 ) ;
#2707 = CYLINDRICAL_SURFACE ( 'NONE', #4525, 1.799999999999999600 ) ;
#2708 = CC_DESIGN_APPROVAL ( #4765, ( #6580 ) ) ;
#2709 = CARTESIAN_POINT ( 'NONE',  ( -23.00000000000000000, 0.000000000000000000, 10.50000000000000000 ) ) ;
#2710 = EDGE_CURVE ( 'NONE', #174, #3875, #7485, .T. ) ;
#2711 = ORIENTED_EDGE ( 'NONE', *, *, #6090, .F. ) ;
#2712 = SECURITY_CLASSIFICATION ( '', '', #826 ) ;
#2713 = LINE ( 'NONE', #6189, #3150 ) ;
#2714 = ADVANCED_FACE ( 'NONE', ( #3947 ), #5161, .F. ) ;
#2715 = APPROVAL_STATUS ( 'not_yet_approved' ) ;
#2716 = CARTESIAN_POINT ( 'NONE',  ( -14.25000000000000000, 0.000000000000000000, 8.000000000000000000 ) ) ;
#2717 = ADVANCED_FACE ( 'NONE', ( #1589 ), #974, .F. ) ;
#2718 = APPLICATION_CONTEXT ( 'configuration controlled 3d designs of mechanical parts and assemblies' ) ;
#2719 = ORGANIZATION ( 'NAUO-ORG18', 'UNSPECIFIED', 'UNSPECIFIED' ) ;
#2720 = APPROVAL_STATUS ( 'not_yet_approved' ) ;
#2721 = VERTEX_POINT ( 'NONE', #6274 ) ;
#2722 = LINE ( 'NONE', #931, #1858 ) ;
#2723 = EDGE_LOOP ( 'NONE', ( #2247, #4771 ) ) ;
#2724 = VECTOR ( 'NONE', #265, 1000.000000000000000 ) ;
#2725 = EDGE_LOOP ( 'NONE', ( #50, #2172, #5459, #419 ) ) ;
#2726 = DIRECTION ( 'NONE',  ( 0.000000000000000000, 0.000000000000000000, -1.000000000000000000 ) ) ;
#2727 = EDGE_LOOP ( 'NONE', ( #3634, #1694, #6622, #4867 ) ) ;
#2728 = COORDINATED_UNIVERSAL_TIME_OFFSET ( 8, 0, .AHEAD. ) ;
#2729 = LOCAL_TIME ( 19, 29, 3.000000000000000000, #189 ) ;
#2730 = DIRECTION ( 'NONE',  ( 0.000000000000000000, -1.000000000000000000, 0.000000000000000000 ) ) ;
#2731 = APPROVAL_ROLE ( '' ) ;
#2732 = AXIS2_PLACEMENT_3D ( 'NONE', #4006, #955, #3374 ) ;
#2733 = APPROVAL ( #3862, 'UNKNOWN' ) ;
#2734 = VERTEX_POINT ( 'NONE', #932 ) ;
#2735 = DIRECTION ( 'NONE',  ( 1.000000000000000000, -0.000000000000000000, 0.000000000000000000 ) ) ;
#2736 = APPLICATION_PROTOCOL_DEFINITION ( 'international standard', 'config_control_design', 1994, #6208 ) ;
#2737 = ORIENTED_EDGE ( 'NONE', *, *, #726, .F. ) ;
#2738 = CARTESIAN_POINT ( 'NONE',  ( 0.000000000000000000, 2.500000000000000000, -8.000000000000000000 ) ) ;
#2739 = VECTOR ( 'NONE', #5747, 1000.000000000000000 ) ;
#2740 = LINE ( 'NONE', #3958, #1373 ) ;
#2741 = PERSON_AND_ORGANIZATION_ROLE ( 'design_supplier' ) ;
#2742 = DIRECTION ( 'NONE',  ( -1.000000000000000000, -0.000000000000000000, -0.000000000000000000 ) ) ;
#2743 = DIRECTION ( 'NONE',  ( 0.000000000000000000, 0.000000000000000000, 1.000000000000000000 ) ) ;
#2744 = CC_DESIGN_DATE_AND_TIME_ASSIGNMENT ( #699, #4106, ( #4293 ) ) ;
#2745 = ORIENTED_EDGE ( 'NONE', *, *, #4968, .T. ) ;
#2746 = PERSON_AND_ORGANIZATION_ROLE ( 'design_supplier' ) ;
#2747 = PLANE ( 'NONE',  #6097 ) ;
#2748 = SHAPE_REPRESENTATION ( 'FN-HAR-003_battery-load-to-fuse_R0.4', ( #6285 ), #1550 ) ;
#2749 = DIRECTION ( 'NONE',  ( 0.000000000000000000, -1.000000000000000000, 0.000000000000000000 ) ) ;
#2750 = CYLINDRICAL_SURFACE ( 'NONE', #2275, 1.250000000000004663 ) ;
#2751 = DIRECTION ( 'NONE',  ( -1.000000000000000000, 0.000000000000000000, -0.000000000000000000 ) ) ;
#2752 = EDGE_CURVE ( 'NONE', #1760, #6796, #377, .T. ) ;
#2753 = VERTEX_POINT ( 'NONE', #2171 ) ;
#2754 = LINE ( 'NONE', #296, #4409 ) ;
#2755 = APPROVAL_ROLE ( '' ) ;
#2756 = FACE_OUTER_BOUND ( 'NONE', #4004, .T. ) ;
#2757 = ADVANCED_FACE ( 'NONE', ( #1009 ), #3390, .F. ) ;
#2758 = VECTOR ( 'NONE', #6778, 1000.000000000000000 ) ;
#2759 = DATE_AND_TIME ( #6900, #3305 ) ;
#2760 = VERTEX_POINT ( 'NONE', #1792 ) ;
#2761 = CARTESIAN_POINT ( 'NONE',  ( -3.500000000000000000, 2.500000000000000000, 8.500000000000000000 ) ) ;
#2762 = VERTEX_POINT ( 'NONE', #3467 ) ;
#2763 = ADVANCED_FACE ( 'NONE', ( #5200 ), #3505, .T. ) ;
#2764 = UNCERTAINTY_MEASURE_WITH_UNIT (LENGTH_MEASURE( 1.000000000000000082E-05 ), #3717, 'distance_accuracy_value', 'NONE');
#2765 = CARTESIAN_POINT ( 'NONE',  ( -6.000000000000000000, 0.000000000000000000, -6.000000000000000000 ) ) ;
#2766 = AXIS2_PLACEMENT_3D ( 'NONE', #5557, #5424, #64 ) ;
#2767 = PRODUCT_DEFINITION_FORMATION_WITH_SPECIFIED_SOURCE ( '任何', '', #1941, .NOT_KNOWN. ) ;
#2768 = APPROVAL_STATUS ( 'not_yet_approved' ) ;
#2769 = CARTESIAN_POINT ( 'NONE',  ( -60.14999999999999858, 3.000000000000000000, -30.60000000000000142 ) ) ;
#2770 = ADVANCED_FACE ( 'NONE', ( #7136 ), #4067, .F. ) ;
#2771 = PERSON_AND_ORGANIZATION_ROLE ( 'classification_officer' ) ;
#2772 = ORIENTED_EDGE ( 'NONE', *, *, #316, .T. ) ;
#2773 = VECTOR ( 'NONE', #144, 1000.000000000000000 ) ;
#2774 = PLANE ( 'NONE',  #7323 ) ;
#2775 = PERSON_AND_ORGANIZATION_ROLE ( 'classification_officer' ) ;
#2776 = VECTOR ( 'NONE', #2201, 1000.000000000000000 ) ;
#2777 = VERTEX_POINT ( 'NONE', #7689 ) ;
#2778 = CARTESIAN_POINT ( 'NONE',  ( 39.00000000000000000, 0.000000000000000000, 17.69999999999999929 ) ) ;
#2779 = FACE_BOUND ( 'NONE', #1568, .T. ) ;
#2780 = VECTOR ( 'NONE', #3561, 1000.000000000000000 ) ;
#2781 = CALENDAR_DATE ( 2026, 26, 7 ) ;
#2782 = CARTESIAN_POINT ( 'NONE',  ( 36.00000000000000000, 3.000000000000000000, -33.50000000000000000 ) ) ;
#2783 = ORIENTED_EDGE ( 'NONE', *, *, #524, .F. ) ;
#2784 = PERSON_AND_ORGANIZATION ( #6453, #6167 ) ;
#2785 = DIRECTION ( 'NONE',  ( -1.000000000000000000, 0.000000000000000000, -0.000000000000000000 ) ) ;
#2786 = AXIS2_PLACEMENT_3D ( 'NONE', #5396, #6591, #7282 ) ;
#2787 = APPROVAL ( #23, '未指定' ) ;
#2788 = CARTESIAN_POINT ( 'NONE',  ( -14.25000000000000000, 2.500000000000000000, 12.00000000000000000 ) ) ;
#2789 = DIRECTION ( 'NONE',  ( 0.000000000000000000, 0.000000000000000000, -1.000000000000000000 ) ) ;
#2790 = VECTOR ( 'NONE', #845, 1000.000000000000000 ) ;
#2791 = DIRECTION ( 'NONE',  ( 1.000000000000000000, 0.000000000000000000, -0.000000000000000000 ) ) ;
#2792 = ORIENTED_EDGE ( 'NONE', *, *, #5457, .T. ) ;
#2793 =( GEOMETRIC_REPRESENTATION_CONTEXT ( 3 ) GLOBAL_UNCERTAINTY_ASSIGNED_CONTEXT ( ( #3635 ) ) GLOBAL_UNIT_ASSIGNED_CONTEXT ( ( #1991, #6759, #200 ) ) REPRESENTATION_CONTEXT ( 'NONE', 'WORKASPACE' ) );
#2794 = PRODUCT_RELATED_PRODUCT_CATEGORY ( 'detail', '', ( #5321 ) ) ;
#2795 = CARTESIAN_POINT ( 'NONE',  ( 45.00000000000000000, 0.000000000000000000, 29.00000000000000000 ) ) ;
#2796 = CARTESIAN_POINT ( 'NONE',  ( -60.00000000000000000, 0.000000000000000000, -42.50000000000000000 ) ) ;
#2797 = PERSON_AND_ORGANIZATION_ROLE ( 'classification_officer' ) ;
#2798 = CARTESIAN_POINT ( 'NONE',  ( -158.9499999999999886, 0.000000000000000000, 119.4500000000000028 ) ) ;
#2799 = MECHANICAL_CONTEXT ( 'NONE', #4889, 'mechanical' ) ;
#2800 = ORIENTED_EDGE ( 'NONE', *, *, #2481, .T. ) ;
#2801 = CARTESIAN_POINT ( 'NONE',  ( 4.750000000000000000, 0.000000000000000000, 7.250000000000000000 ) ) ;
#2802 = ADVANCED_FACE ( 'NONE', ( #6479 ), #2845, .F. ) ;
#2803 = CYLINDRICAL_SURFACE ( 'NONE', #4418, 1.750000000000001554 ) ;
#2804 = ORIENTED_EDGE ( 'NONE', *, *, #4435, .F. ) ;
#2805 = PRODUCT_DEFINITION_FORMATION_WITH_SPECIFIED_SOURCE ( '任何', '', #5321, .NOT_KNOWN. ) ;
#2806 = SECURITY_CLASSIFICATION_LEVEL ( 'unclassified' ) ;
#2807 = CARTESIAN_POINT ( 'NONE',  ( -28.00000000000000000, 3.000000000000000000, -15.50000000000000000 ) ) ;
#2808 = COORDINATED_UNIVERSAL_TIME_OFFSET ( 8, 0, .AHEAD. ) ;
#2809 = EDGE_CURVE ( 'NONE', #5806, #424, #3586, .T. ) ;
#2810 = EDGE_CURVE ( 'NONE', #2518, #7191, #1631, .T. ) ;
#2811 = EDGE_LOOP ( 'NONE', ( #7441, #2337, #6609, #3041 ) ) ;
#2812 = LOCAL_TIME ( 19, 29, 3.000000000000000000, #4320 ) ;
#2813 = PLANE ( 'NONE',  #7448 ) ;
#2814 = COORDINATED_UNIVERSAL_TIME_OFFSET ( 8, 0, .AHEAD. ) ;
#2815 = EDGE_LOOP ( 'NONE', ( #4659, #5320, #6321, #1191 ) ) ;
#2816 = DIRECTION ( 'NONE',  ( 1.000000000000000000, 0.000000000000000000, -0.000000000000000000 ) ) ;
#2817 = DIRECTION ( 'NONE',  ( -1.000000000000000000, 0.000000000000000000, 0.000000000000000000 ) ) ;
#2818 = LOCAL_TIME ( 19, 29, 3.000000000000000000, #632 ) ;
#2819 = SHAPE_DEFINITION_REPRESENTATION ( #756, #6788 ) ;
#2820 = DIRECTION ( 'NONE',  ( 0.000000000000000000, 0.000000000000000000, -1.000000000000000000 ) ) ;
#2821 =( NAMED_UNIT ( * ) PLANE_ANGLE_UNIT ( ) SI_UNIT ( $, .RADIAN. ) );
#2822 = EDGE_CURVE ( 'NONE', #7173, #808, #1093, .T. ) ;
#2823 = ORIENTED_EDGE ( 'NONE', *, *, #5057, .T. ) ;
#2824 = ORIENTED_EDGE ( 'NONE', *, *, #6273, .T. ) ;
#2825 = CALENDAR_DATE ( 2026, 26, 7 ) ;
#2826 = FACE_BOUND ( 'NONE', #7463, .T. ) ;
#2827 = EDGE_CURVE ( 'NONE', #2049, #838, #4144, .T. ) ;
#2828 = CARTESIAN_POINT ( 'NONE',  ( -14.25000000000000000, 2.500000000000000000, 8.000000000000000000 ) ) ;
#2829 = PERSON_AND_ORGANIZATION ( #6453, #6167 ) ;
#2830 = APPLICATION_CONTEXT ( 'configuration controlled 3d designs of mechanical parts and assemblies' ) ;
#2831 = DIRECTION ( 'NONE',  ( 0.000000000000000000, -1.000000000000000000, 0.000000000000000000 ) ) ;
#2832 = LINE ( 'NONE', #1743, #6277 ) ;
#2833 = CC_DESIGN_DATE_AND_TIME_ASSIGNMENT ( #1259, #7179, ( #5104 ) ) ;
#2834 = ORIENTED_EDGE ( 'NONE', *, *, #6052, .F. ) ;
#2835 = AXIS2_PLACEMENT_3D ( 'NONE', #6907, #1518, #6355 ) ;
#2836 = DIRECTION ( 'NONE',  ( 1.000000000000000000, 0.000000000000000000, 0.000000000000000000 ) ) ;
#2837 = LOCAL_TIME ( 19, 29, 3.000000000000000000, #676 ) ;
#2838 = CARTESIAN_POINT ( 'NONE',  ( -28.00000000000000000, 3.000000000000000000, 15.50000000000000000 ) ) ;
#2839 = APPROVAL_DATE_TIME ( #4018, #645 ) ;
#2840 = FACE_OUTER_BOUND ( 'NONE', #890, .T. ) ;
#2841 = PRODUCT_DEFINITION ( '未知', '', #4838, #6051 ) ;
#2842 = ORIENTED_EDGE ( 'NONE', *, *, #4233, .F. ) ;
#2843 = FACE_OUTER_BOUND ( 'NONE', #1101, .T. ) ;
#2844 = LOCAL_TIME ( 19, 29, 3.000000000000000000, #461 ) ;
#2845 = PLANE ( 'NONE',  #168 ) ;
#2846 = PERSON_AND_ORGANIZATION ( #6453, #6167 ) ;
#2847 = CARTESIAN_POINT ( 'NONE',  ( 19.00000000000000000, 15.00000000000000000, 9.000000000000000000 ) ) ;
#2848 = ITEM_DEFINED_TRANSFORMATION ( 'NONE', 'NONE', #5556,  #6285 ) ;
#2849 = LOCAL_TIME ( 19, 29, 3.000000000000000000, #1296 ) ;
#2850 = AXIS2_PLACEMENT_3D ( 'NONE', #3107, #5505, #6106 ) ;
#2851 = EDGE_CURVE ( 'NONE', #2753, #1553, #54, .T. ) ;
#2852 = ORIENTED_EDGE ( 'NONE', *, *, #4065, .F. ) ;
#2853 = CARTESIAN_POINT ( 'NONE',  ( -4.000000000000000000, 2.500000000000000000, -1.250000000000000000 ) ) ;
#2854 = COORDINATED_UNIVERSAL_TIME_OFFSET ( 8, 0, .AHEAD. ) ;
#2855 = VERTEX_POINT ( 'NONE', #7570 ) ;
#2856 = CARTESIAN_POINT ( 'NONE',  ( -4.000000000000000000, 2.500000000000000000, 1.250000000000000000 ) ) ;
#2857 = ADVANCED_FACE ( 'NONE', ( #4692 ), #4651, .F. ) ;
#2858 = FACE_OUTER_BOUND ( 'NONE', #598, .T. ) ;
#2859 = VECTOR ( 'NONE', #2618, 1000.000000000000000 ) ;
#2860 = DATE_AND_TIME ( #1572, #5092 ) ;
#2861 = DIRECTION ( 'NONE',  ( 0.000000000000000000, -0.000000000000000000, -1.000000000000000000 ) ) ;
#2862 = EDGE_LOOP ( 'NONE', ( #3396, #3410, #4182, #37 ) ) ;
#2863 = ORIENTED_EDGE ( 'NONE', *, *, #60, .T. ) ;
#2864 = PERSON_AND_ORGANIZATION ( #6453, #6167 ) ;
#2865 = AXIS2_PLACEMENT_3D ( 'NONE', #3482, #5867, #4707 ) ;
#2866 = FACE_OUTER_BOUND ( 'NONE', #4541, .T. ) ;
#2867 = CARTESIAN_POINT ( 'NONE',  ( 9.750000000000000000, 0.000000000000000000, 72.50000000000000000 ) ) ;
#2868 = PERSON_AND_ORGANIZATION ( #6453, #6167 ) ;
#2869 = VECTOR ( 'NONE', #304, 1000.000000000000000 ) ;
#2870 = CARTESIAN_POINT ( 'NONE',  ( -39.00000000000000000, 0.000000000000000000, 20.75000000000000355 ) ) ;
#2871 = LINE ( 'NONE', #4640, #5792 ) ;
#2872 = VERTEX_POINT ( 'NONE', #2294 ) ;
#2873 = MANIFOLD_SOLID_BREP ( '凸台-拉伸1', #5844 ) ;
#2874 = DIRECTION ( 'NONE',  ( -1.000000000000000000, 0.000000000000000000, 0.000000000000000000 ) ) ;
#2875 = CARTESIAN_POINT ( 'NONE',  ( 3.250000000000002665, 0.000000000000000000, 12.00000000000000000 ) ) ;
#2876 = ITEM_DEFINED_TRANSFORMATION ( 'NONE', 'NONE', #1688,  #6285 ) ;
#2877 = FACE_OUTER_BOUND ( 'NONE', #5206, .T. ) ;
#2878 = ORIENTED_EDGE ( 'NONE', *, *, #1614, .F. ) ;
#2879 = ORIENTED_EDGE ( 'NONE', *, *, #4577, .F. ) ;
#2880 = DIRECTION ( 'NONE',  ( 0.000000000000000000, 0.000000000000000000, -1.000000000000000000 ) ) ;
#2881 = PERSON_AND_ORGANIZATION ( #6453, #6167 ) ;
#2882 = CARTESIAN_POINT ( 'NONE',  ( 138.0327499999999930, 3.000000000000030198, 98.50000000000000000 ) ) ;
#2883 = PRODUCT_DEFINITION ( '未知', '', #3518, #7226 ) ;
#2884 = AXIS2_PLACEMENT_3D ( 'NONE', #5876, #525, #7081 ) ;
#2885 = DATE_AND_TIME ( #5287, #7325 ) ;
#2886 = ORIENTED_EDGE ( 'NONE', *, *, #5057, .F. ) ;
#2887 = LINE ( 'NONE', #1724, #5593 ) ;
#2888 = PERSON_AND_ORGANIZATION_ROLE ( 'design_owner' ) ;
#2889 = ORIENTED_EDGE ( 'NONE', *, *, #3917, .T. ) ;
#2890 = CARTESIAN_POINT ( 'NONE',  ( -6.000000000000000000, 6.000000000000000000, -6.000000000000000000 ) ) ;
#2891 = CIRCLE ( 'NONE', #1287, 1.250000000000004663 ) ;
#2892 = DIRECTION ( 'NONE',  ( 0.000000000000000000, 0.000000000000000000, 1.000000000000000000 ) ) ;
#2893 = APPROVAL ( #1074, '未指定' ) ;
#2894 = LINE ( 'NONE', #5794, #536 ) ;
#2895 = VECTOR ( 'NONE', #3619, 1000.000000000000000 ) ;
#2896 = APPROVAL_PERSON_ORGANIZATION ( #2548, #2787, #3025 ) ;
#2897 = ADVANCED_FACE ( 'NONE', ( #1677 ), #2803, .F. ) ;
#2898 = ORIENTED_EDGE ( 'NONE', *, *, #7640, .F. ) ;
#2899 = ORIENTED_EDGE ( 'NONE', *, *, #6547, .T. ) ;
#2900 = PERSON_AND_ORGANIZATION_ROLE ( 'design_supplier' ) ;
#2901 = EDGE_CURVE ( 'NONE', #5834, #2579, #7061, .T. ) ;
#2902 = PLANE ( 'NONE',  #2732 ) ;
#2903 = EDGE_CURVE ( 'NONE', #838, #3777, #4105, .T. ) ;
#2904 = VECTOR ( 'NONE', #2947, 1000.000000000000000 ) ;
#2905 = EDGE_CURVE ( 'NONE', #6343, #2085, #7034, .T. ) ;
#2906 = DIRECTION ( 'NONE',  ( 0.000000000000000000, 0.000000000000000000, -1.000000000000000000 ) ) ;
#2907 = APPLICATION_PROTOCOL_DEFINITION ( 'international standard', 'config_control_design', 1994, #7403 ) ;
#2908 = CARTESIAN_POINT ( 'NONE',  ( -23.00000000000000000, 0.000000000000000000, -10.50000000000000000 ) ) ;
#2909 = EDGE_CURVE ( 'NONE', #2855, #3916, #6513, .T. ) ;
#2910 = LINE ( 'NONE', #4599, #5912 ) ;
#2911 = VECTOR ( 'NONE', #6977, 1000.000000000000000 ) ;
#2912 = PERSON ( 'NAUO-PER23', 'UNSPECIFIED', 'UNSPECIFIED', ('UNSPECIFIED'), ('UNSPECIFIED'), ('UNSPECIFIED') ) ;
#2913 = EDGE_CURVE ( 'NONE', #2007, #2572, #3788, .T. ) ;
#2914 = ORIENTED_EDGE ( 'NONE', *, *, #4, .F. ) ;
#2915 = DIRECTION ( 'NONE',  ( 1.000000000000000000, 0.000000000000000000, 0.000000000000000000 ) ) ;
#2916 = VECTOR ( 'NONE', #4327, 1000.000000000000000 ) ;
#2917 = DIRECTION ( 'NONE',  ( 1.000000000000000000, -0.000000000000000000, 0.000000000000000000 ) ) ;
#2918 = FACE_OUTER_BOUND ( 'NONE', #2309, .T. ) ;
#2919 = PERSON ( 'NAUO-PER10', 'UNSPECIFIED', 'UNSPECIFIED', ('UNSPECIFIED'), ('UNSPECIFIED'), ('UNSPECIFIED') ) ;
#2920 = ORIENTED_EDGE ( 'NONE', *, *, #4736, .F. ) ;
#2921 = VECTOR ( 'NONE', #6032, 1000.000000000000000 ) ;
#2922 = VERTEX_POINT ( 'NONE', #2372 ) ;
#2923 = CARTESIAN_POINT ( 'NONE',  ( -57.50000000000000000, 0.000000000000000000, 85.00000000000000000 ) ) ;
#2924 = COORDINATED_UNIVERSAL_TIME_OFFSET ( 8, 0, .AHEAD. ) ;
#2925 = LINE ( 'NONE', #5325, #2012 ) ;
#2926 = APPROVAL_STATUS ( 'not_yet_approved' ) ;
#2927 = VERTEX_POINT ( 'NONE', #4772 ) ;
#2928 = DIRECTION ( 'NONE',  ( 0.000000000000000000, -0.000000000000000000, -1.000000000000000000 ) ) ;
#2929 = COORDINATED_UNIVERSAL_TIME_OFFSET ( 8, 0, .AHEAD. ) ;
#2930 = EDGE_LOOP ( 'NONE', ( #7263, #4374, #1083, #4728 ) ) ;
#2931 = CC_DESIGN_DATE_AND_TIME_ASSIGNMENT ( #3127, #2461, ( #6460 ) ) ;
#2932 = AXIS2_PLACEMENT_3D ( 'NONE', #3631, #6013, #6637 ) ;
#2933 = DIRECTION ( 'NONE',  ( 0.000000000000000000, 0.000000000000000000, -1.000000000000000000 ) ) ;
#2934 = PRODUCT_DEFINITION_SHAPE ( 'NONE', 'NONE',  #6810 ) ;
#2935 = PERSON_AND_ORGANIZATION_ROLE ( 'classification_officer' ) ;
#2936 = CARTESIAN_POINT ( 'NONE',  ( 14.25000000000000000, 2.500000000000000000, -8.000000000000000000 ) ) ;
#2937 = CC_DESIGN_APPROVAL ( #3809, ( #1436 ) ) ;
#2938 = SHAPE_REPRESENTATION_RELATIONSHIP ( 'NONE' , 'NONE' ,  #3848, #1947 ) ;
#2939 = ORIENTED_EDGE ( 'NONE', *, *, #6045, .F. ) ;
#2940 = EDGE_LOOP ( 'NONE', ( #11, #5471, #6381, #1289, #4318, #3995, #4116, #6884 ) ) ;
#2941 = COORDINATED_UNIVERSAL_TIME_OFFSET ( 8, 0, .AHEAD. ) ;
#2942 = CC_DESIGN_PERSON_AND_ORGANIZATION_ASSIGNMENT ( #982, #7494, ( #5993 ) ) ;
#2943 = DIRECTION ( 'NONE',  ( 0.000000000000000000, -1.000000000000000000, 0.000000000000000000 ) ) ;
#2944 = LOCAL_TIME ( 19, 29, 3.000000000000000000, #2854 ) ;
#2945 = PLANE ( 'NONE',  #2127 ) ;
#2946 = APPROVAL_ROLE ( '' ) ;
#2947 = DIRECTION ( 'NONE',  ( 0.000000000000000000, 0.000000000000000000, -1.000000000000000000 ) ) ;
#2948 = DIRECTION ( 'NONE',  ( 0.000000000000000000, 1.000000000000000000, 0.000000000000000000 ) ) ;
#2949 = COORDINATED_UNIVERSAL_TIME_OFFSET ( 8, 0, .AHEAD. ) ;
#2950 = EDGE_CURVE ( 'NONE', #6726, #5546, #1395, .T. ) ;
#2951 = EDGE_LOOP ( 'NONE', ( #6750, #3301 ) ) ;
#2952 = EDGE_CURVE ( 'NONE', #1203, #7173, #3702, .T. ) ;
#2953 = EDGE_CURVE ( 'NONE', #2579, #386, #6669, .T. ) ;
#2954 = DIRECTION ( 'NONE',  ( 0.000000000000000000, 0.000000000000000000, -1.000000000000000000 ) ) ;
#2955 = CARTESIAN_POINT ( 'NONE',  ( -9.750000000000000000, 2.500000000000000000, -72.50000000000000000 ) ) ;
#2956 = DIRECTION ( 'NONE',  ( 1.000000000000000000, 0.000000000000000000, -0.000000000000000000 ) ) ;
#2957 = EDGE_CURVE ( 'NONE', #3614, #1228, #734, .T. ) ;
#2958 = ORIENTED_EDGE ( 'NONE', *, *, #487, .F. ) ;
#2959 = ORIENTED_EDGE ( 'NONE', *, *, #4924, .T. ) ;
#2960 = EDGE_CURVE ( 'NONE', #2388, #120, #3042, .T. ) ;
#2961 = LOCAL_TIME ( 19, 29, 3.000000000000000000, #6769 ) ;
#2962 = CARTESIAN_POINT ( 'NONE',  ( 39.00000000000000000, 0.000000000000000000, -19.50000000000000000 ) ) ;
#2963 = MECHANICAL_CONTEXT ( 'NONE', #2619, 'mechanical' ) ;
#2964 = LINE ( 'NONE', #1718, #6250 ) ;
#2965 = ITEM_DEFINED_TRANSFORMATION ( 'NONE', 'NONE', #1935,  #6285 ) ;
#2966 = LOCAL_TIME ( 19, 29, 3.000000000000000000, #3873 ) ;
#2967 = ORIENTED_EDGE ( 'NONE', *, *, #810, .F. ) ;
#2968 = DIRECTION ( 'NONE',  ( -0.000000000000000000, 1.000000000000000000, -0.000000000000000000 ) ) ;
#2969 = APPROVAL_STATUS ( 'not_yet_approved' ) ;
#2970 = VECTOR ( 'NONE', #7539, 1000.000000000000000 ) ;
#2971 = VERTEX_POINT ( 'NONE', #7214 ) ;
#2972 = PLANE ( 'NONE',  #4754 ) ;
#2973 = ADVANCED_BREP_SHAPE_REPRESENTATION ( '', ( #7681, #6285 ), #1433 ) ;
#2974 = CC_DESIGN_APPROVAL ( #541, ( #3731 ) ) ;
#2975 = PERSON_AND_ORGANIZATION_ROLE ( 'classification_officer' ) ;
#2976 = VECTOR ( 'NONE', #4844, 1000.000000000000000 ) ;
#2977 = DIRECTION ( 'NONE',  ( 0.000000000000000000, -0.000000000000000000, -1.000000000000000000 ) ) ;
#2978 = ORIENTED_EDGE ( 'NONE', *, *, #563, .F. ) ;
#2979 = ORIENTED_EDGE ( 'NONE', *, *, #2953, .F. ) ;
#2980 = DATE_TIME_ROLE ( 'classification_date' ) ;
#2981 =( REPRESENTATION_RELATIONSHIP ('NONE','NONE', #110, #7083 ) REPRESENTATION_RELATIONSHIP_WITH_TRANSFORMATION ( #1268 )SHAPE_REPRESENTATION_RELATIONSHIP( ) );
#2982 = CC_DESIGN_SECURITY_CLASSIFICATION ( #3109, ( #7728 ) ) ;
#2983 = LINE ( 'NONE', #6498, #4252 ) ;
#2984 = VECTOR ( 'NONE', #3943, 1000.000000000000000 ) ;
#2985 = DIRECTION ( 'NONE',  ( -0.000000000000000000, 1.000000000000000000, -0.000000000000000000 ) ) ;
#2986 = PERSON_AND_ORGANIZATION ( #6453, #6167 ) ;
#2987 = APPROVAL ( #565, '未指定' ) ;
#2988 = PLANE ( 'NONE',  #2282 ) ;
#2989 = VECTOR ( 'NONE', #7350, 1000.000000000000000 ) ;
#2990 = LINE ( 'NONE', #3028, #2916 ) ;
#2991 = PERSON_AND_ORGANIZATION ( #6453, #6167 ) ;
#2992 = EDGE_CURVE ( 'NONE', #5525, #7686, #5439, .T. ) ;
#2993 = CARTESIAN_POINT ( 'NONE',  ( -4.000000000000000000, 0.000000000000000000, 1.250000000000000000 ) ) ;
#2994 = ORIENTED_EDGE ( 'NONE', *, *, #710, .T. ) ;
#2995 = VECTOR ( 'NONE', #6490, 1000.000000000000000 ) ;
#2996 = DIRECTION ( 'NONE',  ( 1.000000000000000000, 0.000000000000000000, -0.000000000000000000 ) ) ;
#2997 = EDGE_CURVE ( 'NONE', #88, #437, #3722, .T. ) ;
#2998 = FACE_OUTER_BOUND ( 'NONE', #5618, .T. ) ;
#2999 = CARTESIAN_POINT ( 'NONE',  ( 158.9499999999999886, 3.000000000000000000, 119.4500000000000028 ) ) ;
#3000 = ORIENTED_EDGE ( 'NONE', *, *, #7486, .F. ) ;
#3001 = PRODUCT_DEFINITION_SHAPE ( 'NONE', 'NONE',  #1652 ) ;
#3002 = ORIENTED_EDGE ( 'NONE', *, *, #633, .F. ) ;
#3003 = LINE ( 'NONE', #186, #261 ) ;
#3004 = APPROVAL_DATE_TIME ( #3626, #2070 ) ;
#3005 = CARTESIAN_POINT ( 'NONE',  ( -4.750000000000000000, 0.000000000000000000, 7.250000000000000000 ) ) ;
#3006 = EDGE_CURVE ( 'NONE', #4355, #6394, #649, .T. ) ;
#3007 = PERSON_AND_ORGANIZATION_ROLE ( 'classification_officer' ) ;
#3008 = EDGE_CURVE ( 'NONE', #7686, #4268, #2530, .T. ) ;
#3009 = ORIENTED_EDGE ( 'NONE', *, *, #1441, .T. ) ;
#3010 = CARTESIAN_POINT ( 'NONE',  ( -136.0000000000000000, 3.000000000000000000, 96.50000000000000000 ) ) ;
#3011 = SECURITY_CLASSIFICATION_LEVEL ( 'unclassified' ) ;
#3012 = ADVANCED_BREP_SHAPE_REPRESENTATION ( '', ( #2873, #6285 ), #5674 ) ;
#3013 = VERTEX_POINT ( 'NONE', #5512 ) ;
#3014 = CARTESIAN_POINT ( 'NONE',  ( 158.9499999999999886, 3.000000000000000000, -119.4500000000000028 ) ) ;
#3015 = AXIS2_PLACEMENT_3D ( 'NONE', #3499, #1129, #5188 ) ;
#3016 = CONTEXT_DEPENDENT_SHAPE_REPRESENTATION ( #6422, #4888 ) ;
#3017 = DIRECTION ( 'NONE',  ( 0.000000000000000000, 0.000000000000000000, -1.000000000000000000 ) ) ;
#3018 = ORIENTED_EDGE ( 'NONE', *, *, #2040, .F. ) ;
#3019 = VERTEX_POINT ( 'NONE', #2411 ) ;
#3020 = PERSON_AND_ORGANIZATION ( #6453, #6167 ) ;
#3021 = DIRECTION ( 'NONE',  ( -1.000000000000000000, -0.000000000000000000, -0.000000000000000000 ) ) ;
#3022 = VERTEX_POINT ( 'NONE', #7174 ) ;
#3023 = DIRECTION ( 'NONE',  ( 0.000000000000000000, 0.000000000000000000, -1.000000000000000000 ) ) ;
#3024 = VECTOR ( 'NONE', #2099, 1000.000000000000000 ) ;
#3025 = APPROVAL_ROLE ( '' ) ;
#3026 = LOCAL_TIME ( 19, 29, 3.000000000000000000, #1977 ) ;
#3027 = CARTESIAN_POINT ( 'NONE',  ( 60.00000000000000000, 3.000000000000000000, 42.50000000000000000 ) ) ;
#3028 = CARTESIAN_POINT ( 'NONE',  ( 39.00000000000000000, 38.00000000000000000, -21.30000000000000071 ) ) ;
#3029 = DATE_TIME_ROLE ( 'creation_date' ) ;
#3030 = DIRECTION ( 'NONE',  ( -0.000000000000000000, -1.000000000000000000, -0.000000000000000000 ) ) ;
#3031 = VERTEX_POINT ( 'NONE', #148 ) ;
#3032 = VECTOR ( 'NONE', #7084, 1000.000000000000000 ) ;
#3033 = AXIS2_PLACEMENT_3D ( 'NONE', #4562, #6151, #6265 ) ;
#3034 = CC_DESIGN_PERSON_AND_ORGANIZATION_ASSIGNMENT ( #4936, #937, ( #1966 ) ) ;
#3035 = LINE ( 'NONE', #1785, #6877 ) ;
#3036 = DIRECTION ( 'NONE',  ( 0.000000000000000000, -1.000000000000000000, 0.000000000000000000 ) ) ;
#3037 = AXIS2_PLACEMENT_3D ( 'NONE', #7345, #4325, #7308 ) ;
#3038 = CARTESIAN_POINT ( 'NONE',  ( 39.00000000000000000, 36.00000000000000000, 19.50000000000000000 ) ) ;
#3039 = EDGE_LOOP ( 'NONE', ( #1368, #4809, #7608, #5431 ) ) ;
#3040 = CC_DESIGN_PERSON_AND_ORGANIZATION_ASSIGNMENT ( #1453, #1957, ( #2060 ) ) ;
#3041 = ORIENTED_EDGE ( 'NONE', *, *, #6966, .F. ) ;
#3042 = CIRCLE ( 'NONE', #2283, 1.750000000000001554 ) ;
#3043 = DIRECTION ( 'NONE',  ( 0.000000000000000000, 0.000000000000000000, -1.000000000000000000 ) ) ;
#3044 = ORIENTED_EDGE ( 'NONE', *, *, #4962, .T. ) ;
#3045 = EDGE_CURVE ( 'NONE', #6838, #838, #5401, .T. ) ;
#3046 = APPROVAL_ROLE ( '' ) ;
#3047 = CARTESIAN_POINT ( 'NONE',  ( -54.00000000000000000, 3.600000000000000089, -81.50000000000000000 ) ) ;
#3048 = APPROVAL_STATUS ( 'not_yet_approved' ) ;
#3049 = AXIS2_PLACEMENT_3D ( 'NONE', #5604, #3842, #5534 ) ;
#3050 = SHAPE_REPRESENTATION_RELATIONSHIP ( 'NONE' , 'NONE' ,  #4705, #122 ) ;
#3051 = EDGE_CURVE ( 'NONE', #2586, #4465, #1829, .T. ) ;
#3052 = ORIENTED_EDGE ( 'NONE', *, *, #5761, .F. ) ;
#3053 = FACE_OUTER_BOUND ( 'NONE', #5825, .T. ) ;
#3054 = EDGE_LOOP ( 'NONE', ( #6005, #6224, #4769, #7648 ) ) ;
#3055 = ADVANCED_FACE ( 'NONE', ( #1256 ), #3669, .F. ) ;
#3056 = LINE ( 'NONE', #5452, #492 ) ;
#3057 = DATE_TIME_ROLE ( 'classification_date' ) ;
#3058 = EDGE_CURVE ( 'NONE', #2182, #1760, #3003, .T. ) ;
#3059 = LINE ( 'NONE', #1881, #2780 ) ;
#3060 = ORIENTED_EDGE ( 'NONE', *, *, #6668, .F. ) ;
#3061 = EDGE_CURVE ( 'NONE', #3683, #3353, #5477, .T. ) ;
#3062 = AXIS2_PLACEMENT_3D ( 'NONE', #262, #153, #3705 ) ;
#3063 = ORIENTED_EDGE ( 'NONE', *, *, #950, .T. ) ;
#3064 = DATE_TIME_ROLE ( 'classification_date' ) ;
#3065 = CYLINDRICAL_SURFACE ( 'NONE', #6729, 1.600000000000004086 ) ;
#3066 = CC_DESIGN_APPROVAL ( #6710, ( #1850 ) ) ;
#3067 = APPROVAL_DATE_TIME ( #3607, #350 ) ;
#3068 = CARTESIAN_POINT ( 'NONE',  ( 28.00000000000000000, 3.000000000000000000, 15.50000000000000000 ) ) ;
#3069 = PRODUCT_DEFINITION_SHAPE ( 'NONE', 'NONE',  #7724 ) ;
#3070 = FACE_OUTER_BOUND ( 'NONE', #1905, .T. ) ;
#3071 = PERSON_AND_ORGANIZATION ( #6453, #6167 ) ;
#3072 = DIRECTION ( 'NONE',  ( 1.000000000000000000, 0.000000000000000000, 0.000000000000000000 ) ) ;
#3073 = ORIENTED_EDGE ( 'NONE', *, *, #3058, .T. ) ;
#3074 = CC_DESIGN_APPROVAL ( #2264, ( #3437 ) ) ;
#3075 = CARTESIAN_POINT ( 'NONE',  ( -28.00000000000000000, 0.000000000000000000, -15.50000000000000000 ) ) ;
#3076 = DIRECTION ( 'NONE',  ( -0.000000000000000000, -0.000000000000000000, 1.000000000000000000 ) ) ;
#3077 = APPROVAL_PERSON_ORGANIZATION ( #3948, #5654, #4613 ) ;
#3078 = CARTESIAN_POINT ( 'NONE',  ( -6.000000000000000000, 0.000000000000000000, -6.000000000000000000 ) ) ;
#3079 = CC_DESIGN_DATE_AND_TIME_ASSIGNMENT ( #1758, #4416, ( #1359 ) ) ;
#3080 = ORIENTED_EDGE ( 'NONE', *, *, #6529, .F. ) ;
#3081 = CARTESIAN_POINT ( 'NONE',  ( -39.00000000000000000, 0.000000000000000000, -19.50000000000000000 ) ) ;
#3082 = PERSON_AND_ORGANIZATION_ROLE ( 'classification_officer' ) ;
#3083 = DATE_AND_TIME ( #4816, #4978 ) ;
#3084 =( REPRESENTATION_RELATIONSHIP ('NONE','NONE', #110, #4654 ) REPRESENTATION_RELATIONSHIP_WITH_TRANSFORMATION ( #5514 )SHAPE_REPRESENTATION_RELATIONSHIP( ) );
#3085 = PRODUCT_RELATED_PRODUCT_CATEGORY ( 'detail', '', ( #3558 ) ) ;
#3086 =( NAMED_UNIT ( * ) PLANE_ANGLE_UNIT ( ) SI_UNIT ( $, .RADIAN. ) );
#3087 = ORIENTED_EDGE ( 'NONE', *, *, #6953, .F. ) ;
#3088 = CARTESIAN_POINT ( 'NONE',  ( -39.00000000000000000, 3.000000000000000000, 18.24999999999999645 ) ) ;
#3089 = ORIENTED_EDGE ( 'NONE', *, *, #2175, .T. ) ;
#3090 = DESIGN_CONTEXT ( 'detailed design', #5392, 'design' ) ;
#3091 = PLANE ( 'NONE',  #6605 ) ;
#3092 = COORDINATED_UNIVERSAL_TIME_OFFSET ( 8, 0, .AHEAD. ) ;
#3093 = LOCAL_TIME ( 19, 29, 3.000000000000000000, #1814 ) ;
#3094 = EDGE_CURVE ( 'NONE', #1820, #4896, #1869, .T. ) ;
#3095 = VERTEX_POINT ( 'NONE', #114 ) ;
#3096 = ORIENTED_EDGE ( 'NONE', *, *, #7379, .T. ) ;
#3097 = PERSON_AND_ORGANIZATION ( #6453, #6167 ) ;
#3098 = FACE_OUTER_BOUND ( 'NONE', #2862, .T. ) ;
#3099 = CC_DESIGN_SECURITY_CLASSIFICATION ( #6464, ( #7714 ) ) ;
#3100 = AXIS2_PLACEMENT_3D ( 'NONE', #7028, #347, #3876 ) ;
#3101 = COORDINATED_UNIVERSAL_TIME_OFFSET ( 8, 0, .AHEAD. ) ;
#3102 = DIRECTION ( 'NONE',  ( -1.000000000000000000, 0.000000000000000000, 0.000000000000000000 ) ) ;
#3103 = ORGANIZATION ( 'NAUO-ORG11', 'UNSPECIFIED', 'UNSPECIFIED' ) ;
#3104 = CARTESIAN_POINT ( 'NONE',  ( -4.000000000000000000, 0.000000000000000000, -1.250000000000000000 ) ) ;
#3105 = PERSON_AND_ORGANIZATION ( #6453, #6167 ) ;
#3106 = AXIS2_PLACEMENT_3D ( 'NONE', #4950, #4368, #7388 ) ;
#3107 = CARTESIAN_POINT ( 'NONE',  ( 23.00000000000000000, 10.00000000000000000, 10.50000000000000000 ) ) ;
#3108 = ORIENTED_EDGE ( 'NONE', *, *, #7435, .F. ) ;
#3109 = SECURITY_CLASSIFICATION ( '', '', #6387 ) ;
#3110 = LINE ( 'NONE', #5507, #5271 ) ;
#3111 = CIRCLE ( 'NONE', #6599, 1.750000000000001554 ) ;
#3112 = LINE ( 'NONE', #1824, #531 ) ;
#3113 = DIRECTION ( 'NONE',  ( 0.000000000000000000, 0.000000000000000000, -1.000000000000000000 ) ) ;
#3114 = EDGE_LOOP ( 'NONE', ( #2652, #512 ) ) ;
#3115 = AXIS2_PLACEMENT_3D ( 'NONE', #5172, #2187, #1601 ) ;
#3116 = DIRECTION ( 'NONE',  ( 0.000000000000000000, 0.000000000000000000, -1.000000000000000000 ) ) ;
#3117 = APPROVAL_ROLE ( '' ) ;
#3118 = CALENDAR_DATE ( 2026, 26, 7 ) ;
#3119 = DIRECTION ( 'NONE',  ( 1.000000000000000000, 0.000000000000000000, 0.000000000000000000 ) ) ;
#3120 = EDGE_LOOP ( 'NONE', ( #2066, #1402, #6307, #1440 ) ) ;
#3121 = LINE ( 'NONE', #1442, #4111 ) ;
#3122 = VERTEX_POINT ( 'NONE', #4890 ) ;
#3123 = APPROVAL ( #6845, '未指定' ) ;
#3124 = CARTESIAN_POINT ( 'NONE',  ( -23.00000000000000000, 10.00000000000000000, 10.50000000000000000 ) ) ;
#3125 = PRODUCT_DEFINITION_SHAPE ( 'NONE', 'NONE',  #5187 ) ;
#3126 = APPLICATION_CONTEXT ( 'configuration controlled 3d designs of mechanical parts and assemblies' ) ;
#3127 = DATE_AND_TIME ( #4828, #2202 ) ;
#3128 = SHAPE_REPRESENTATION_RELATIONSHIP ( 'NONE' , 'NONE' ,  #2038, #1854 ) ;
#3129 = EDGE_LOOP ( 'NONE', ( #5731, #2792, #1686, #5121 ) ) ;
#3130 = EDGE_LOOP ( 'NONE', ( #4894, #7067, #4338, #2270 ) ) ;
#3131 = APPROVAL_STATUS ( 'not_yet_approved' ) ;
#3132 = DIRECTION ( 'NONE',  ( 0.000000000000000000, 0.000000000000000000, -1.000000000000000000 ) ) ;
#3133 = PRODUCT_RELATED_PRODUCT_CATEGORY ( 'detail', '', ( #567 ) ) ;
#3134 = DATE_AND_TIME ( #754, #7443 ) ;
#3135 = EDGE_CURVE ( 'NONE', #4247, #4948, #2449, .T. ) ;
#3136 = CARTESIAN_POINT ( 'NONE',  ( 36.00000000000000000, 3.000000000000000000, -33.50000000000000000 ) ) ;
#3137 = VECTOR ( 'NONE', #4756, 1000.000000000000000 ) ;
#3138 = DIRECTION ( 'NONE',  ( 1.000000000000000000, 0.000000000000000000, 0.000000000000000000 ) ) ;
#3139 = ORIENTED_EDGE ( 'NONE', *, *, #3921, .T. ) ;
#3140 = APPROVAL_DATE_TIME ( #26, #3809 ) ;
#3141 = DIRECTION ( 'NONE',  ( 0.000000000000000000, 0.000000000000000000, -1.000000000000000000 ) ) ;
#3142 = EDGE_CURVE ( 'NONE', #6036, #3122, #5548, .T. ) ;
#3143 = VECTOR ( 'NONE', #1086, 1000.000000000000000 ) ;
#3144 = CC_DESIGN_SECURITY_CLASSIFICATION ( #393, ( #3518 ) ) ;
#3145 = CARTESIAN_POINT ( 'NONE',  ( 28.00000000000000000, 3.000000000000000000, 15.50000000000000000 ) ) ;
#3146 = ADVANCED_FACE ( 'NONE', ( #1907 ), #1976, .F. ) ;
#3147 = DIRECTION ( 'NONE',  ( 1.000000000000000000, 0.000000000000000000, 0.000000000000000000 ) ) ;
#3148 = CARTESIAN_POINT ( 'NONE',  ( -138.0327499999999930, 91.09999999999999432, 98.50000000000000000 ) ) ;
#3149 = VECTOR ( 'NONE', #1162, 1000.000000000000000 ) ;
#3150 = VECTOR ( 'NONE', #6859, 1000.000000000000000 ) ;
#3151 = ORIENTED_EDGE ( 'NONE', *, *, #2415, .T. ) ;
#3152 = CARTESIAN_POINT ( 'NONE',  ( 136.0000000000000000, 3.000000000000000000, -96.50000000000000000 ) ) ;
#3153 = CIRCLE ( 'NONE', #3905, 1.750000000000005107 ) ;
#3154 = SHAPE_DEFINITION_REPRESENTATION ( #6743, #4908 ) ;
#3155 = COORDINATED_UNIVERSAL_TIME_OFFSET ( 8, 0, .AHEAD. ) ;
#3156 = EDGE_LOOP ( 'NONE', ( #5418, #669, #3371, #2260 ) ) ;
#3157 = VECTOR ( 'NONE', #6666, 1000.000000000000000 ) ;
#3158 = CARTESIAN_POINT ( 'NONE',  ( 10.25000000000000000, 0.000000000000000000, 1.750000000000000000 ) ) ;
#3159 = ORIENTED_EDGE ( 'NONE', *, *, #179, .F. ) ;
#3160 = CARTESIAN_POINT ( 'NONE',  ( 0.000000000000000000, 0.000000000000000000, 0.000000000000000000 ) ) ;
#3161 = DIRECTION ( 'NONE',  ( 1.000000000000000000, 0.000000000000000000, 0.000000000000000000 ) ) ;
#3162 = APPROVAL_DATE_TIME ( #784, #4709 ) ;
#3163 = VERTEX_POINT ( 'NONE', #1471 ) ;
#3164 = VERTEX_POINT ( 'NONE', #3820 ) ;
#3165 = APPROVAL_DATE_TIME ( #5596, #3660 ) ;
#3166 = CARTESIAN_POINT ( 'NONE',  ( -3.500000000000000000, 0.000000000000000000, -8.500000000000000000 ) ) ;
#3167 = ORIENTED_EDGE ( 'NONE', *, *, #5108, .T. ) ;
#3168 = APPLICATION_CONTEXT ( 'configuration controlled 3d designs of mechanical parts and assemblies' ) ;
#3169 = COORDINATED_UNIVERSAL_TIME_OFFSET ( 8, 0, .AHEAD. ) ;
#3170 = CYLINDRICAL_SURFACE ( 'NONE', #4304, 1.600000000000004086 ) ;
#3171 = AXIS2_PLACEMENT_3D ( 'NONE', #1477, #6115, #1328 ) ;
#3172 = LINE ( 'NONE', #952, #924 ) ;
#3173 = CC_DESIGN_PERSON_AND_ORGANIZATION_ASSIGNMENT ( #7340, #7304, ( #2060 ) ) ;
#3174 = ORIENTED_EDGE ( 'NONE', *, *, #3094, .T. ) ;
#3175 = PERSON_AND_ORGANIZATION ( #6453, #6167 ) ;
#3176 = CARTESIAN_POINT ( 'NONE',  ( 3.250000000000002220, 2.500000000000000000, -8.000000000000000000 ) ) ;
#3177 = EDGE_CURVE ( 'NONE', #7537, #3351, #6262, .T. ) ;
#3178 = SECURITY_CLASSIFICATION ( '', '', #6504 ) ;
#3179 = CARTESIAN_POINT ( 'NONE',  ( -57.50000000000000000, 0.000000000000000000, 85.00000000000000000 ) ) ;
#3180 = FACE_OUTER_BOUND ( 'NONE', #3201, .T. ) ;
#3181 = CARTESIAN_POINT ( 'NONE',  ( -60.14999999999999858, 3.000000000000000000, 78.25000000000000000 ) ) ;
#3182 = EDGE_CURVE ( 'NONE', #1338, #7647, #2713, .T. ) ;
#3183 = LOCAL_TIME ( 19, 29, 3.000000000000000000, #6026 ) ;
#3184 = ORIENTED_EDGE ( 'NONE', *, *, #1711, .F. ) ;
#3185 = PRODUCT ( 'FN-PCB-003_carrier_ROTATED-CCW_4HOLE_R0.4', 'FN-PCB-003_carrier_ROTATED-CCW_4HOLE_R0.4', '', ( #65 ) ) ;
#3186 = EDGE_CURVE ( 'NONE', #2381, #7415, #2754, .T. ) ;
#3187 = EDGE_CURVE ( 'NONE', #7706, #4858, #6302, .T. ) ;
#3188 = DIRECTION ( 'NONE',  ( -0.000000000000000000, -1.000000000000000000, -0.000000000000000000 ) ) ;
#3189 = LOCAL_TIME ( 19, 29, 3.000000000000000000, #1837 ) ;
#3190 = CALENDAR_DATE ( 2026, 26, 7 ) ;
#3191 = APPROVAL_DATE_TIME ( #1474, #2733 ) ;
#3192 = CARTESIAN_POINT ( 'NONE',  ( 9.750000000000000000, 2.500000000000000000, 72.50000000000000000 ) ) ;
#3193 = DIRECTION ( 'NONE',  ( 1.000000000000000000, 0.000000000000000000, 0.000000000000000000 ) ) ;
#3194 = EDGE_LOOP ( 'NONE', ( #3785, #5568 ) ) ;
#3195 = FACE_OUTER_BOUND ( 'NONE', #1790, .T. ) ;
#3196 = ORIENTED_EDGE ( 'NONE', *, *, #2425, .T. ) ;
#3197 = ADVANCED_FACE ( 'NONE', ( #1509 ), #3896, .F. ) ;
#3198 = DIRECTION ( 'NONE',  ( 1.000000000000000000, 0.000000000000000000, -0.000000000000000000 ) ) ;
#3199 = CARTESIAN_POINT ( 'NONE',  ( 9.750000000000000000, 2.500000000000000000, -72.50000000000000000 ) ) ;
#3200 = ITEM_DEFINED_TRANSFORMATION ( 'NONE', 'NONE', #2932,  #6285 ) ;
#3201 = EDGE_LOOP ( 'NONE', ( #7330, #5350, #264, #6872 ) ) ;
#3202 = ORIENTED_EDGE ( 'NONE', *, *, #6716, .F. ) ;
#3203 = APPROVAL_STATUS ( 'not_yet_approved' ) ;
#3204 = PLANE ( 'NONE',  #3984 ) ;
#3205 = LOCAL_TIME ( 19, 29, 3.000000000000000000, #7544 ) ;
#3206 = COORDINATED_UNIVERSAL_TIME_OFFSET ( 8, 0, .AHEAD. ) ;
#3207 = LINE ( 'NONE', #4436, #6029 ) ;
#3208 = EDGE_CURVE ( 'NONE', #1333, #4184, #7137, .T. ) ;
#3209 = CARTESIAN_POINT ( 'NONE',  ( 136.0000000000000000, 0.000000000000000000, 96.50000000000000000 ) ) ;
#3210 = EDGE_LOOP ( 'NONE', ( #1377, #1299, #3341, #3834 ) ) ;
#3211 = PERSON_AND_ORGANIZATION_ROLE ( 'design_owner' ) ;
#3212 = CC_DESIGN_SECURITY_CLASSIFICATION ( #1966, ( #7712 ) ) ;
#3213 = DIRECTION ( 'NONE',  ( 0.000000000000000000, 0.000000000000000000, -1.000000000000000000 ) ) ;
#3214 = CLOSED_SHELL ( 'NONE', ( #574, #1708, #6484, #5922, #6093, #3514, #6185, #6390 ) ) ;
#3215 = CC_DESIGN_PERSON_AND_ORGANIZATION_ASSIGNMENT ( #1257, #5933, ( #1267 ) ) ;
#3216 = DIRECTION ( 'NONE',  ( 0.000000000000000000, -1.000000000000000000, 0.000000000000000000 ) ) ;
#3217 = ORGANIZATION ( 'NAUO-ORG13', 'UNSPECIFIED', 'UNSPECIFIED' ) ;
#3218 = PLANE ( 'NONE',  #6768 ) ;
#3219 = CIRCLE ( 'NONE', #7336, 1.750000000000001554 ) ;
#3220 = DIRECTION ( 'NONE',  ( 0.000000000000000000, 0.000000000000000000, -1.000000000000000000 ) ) ;
#3221 = ORIENTED_EDGE ( 'NONE', *, *, #4104, .F. ) ;
#3222 = APPLICATION_CONTEXT ( 'configuration controlled 3d designs of mechanical parts and assemblies' ) ;
#3223 = LOCAL_TIME ( 19, 29, 3.000000000000000000, #2288 ) ;
#3224 = AXIS2_PLACEMENT_3D ( 'NONE', #7118, #5911, #1811 ) ;
#3225 = CC_DESIGN_PERSON_AND_ORGANIZATION_ASSIGNMENT ( #7201, #686, ( #2805 ) ) ;
#3226 = LINE ( 'NONE', #886, #7645 ) ;
#3227 = PERSON_AND_ORGANIZATION ( #6453, #6167 ) ;
#3228 = ITEM_DEFINED_TRANSFORMATION ( 'NONE', 'NONE', #3171,  #6285 ) ;
#3229 = CYLINDRICAL_SURFACE ( 'NONE', #2410, 1.750000000000001554 ) ;
#3230 = AXIS2_PLACEMENT_3D ( 'NONE', #5254, #3443, #7072 ) ;
#3231 = DIRECTION ( 'NONE',  ( 0.000000000000000000, 0.000000000000000000, 1.000000000000000000 ) ) ;
#3232 = ORIENTED_EDGE ( 'NONE', *, *, #4163, .F. ) ;
#3233 = DIRECTION ( 'NONE',  ( -0.000000000000000000, -1.000000000000000000, -0.000000000000000000 ) ) ;
#3234 = EDGE_CURVE ( 'NONE', #1127, #4730, #4300, .T. ) ;
#3235 = CARTESIAN_POINT ( 'NONE',  ( 0.000000000000000000, 2.500000000000000000, 0.000000000000000000 ) ) ;
#3236 = VECTOR ( 'NONE', #5123, 1000.000000000000000 ) ;
#3237 = DIRECTION ( 'NONE',  ( 1.000000000000000000, -0.000000000000000000, 0.000000000000000000 ) ) ;
#3238 = CONTEXT_DEPENDENT_SHAPE_REPRESENTATION ( #7218, #7299 ) ;
#3239 = VERTEX_POINT ( 'NONE', #963 ) ;
#3240 = ORIENTED_EDGE ( 'NONE', *, *, #2175, .F. ) ;
#3241 = PERSON_AND_ORGANIZATION_ROLE ( 'creator' ) ;
#3242 = ORIENTED_EDGE ( 'NONE', *, *, #3045, .F. ) ;
#3243 = ORIENTED_EDGE ( 'NONE', *, *, #893, .T. ) ;
#3244 = CARTESIAN_POINT ( 'NONE',  ( 138.0327499999999930, 3.000000000000000000, 0.000000000000000000 ) ) ;
#3245 = EDGE_CURVE ( 'NONE', #4932, #5896, #3345, .T. ) ;
#3246 = EDGE_CURVE ( 'NONE', #4466, #4847, #220, .T. ) ;
#3247 = CARTESIAN_POINT ( 'NONE',  ( -60.14999999999999858, 5.000000000000000000, -30.60000000000000142 ) ) ;
#3248 = APPROVAL_DATE_TIME ( #7422, #2549 ) ;
#3249 = CARTESIAN_POINT ( 'NONE',  ( -57.50000000000000000, 0.000000000000000000, 85.00000000000000000 ) ) ;
#3250 = PRODUCT_DEFINITION_SHAPE ( 'NONE', 'NONE',  #7730 ) ;
#3251 = PLANE ( 'NONE',  #3049 ) ;
#3252 = ADVANCED_FACE ( 'NONE', ( #1547 ), #6896, .F. ) ;
#3253 = ORIENTED_EDGE ( 'NONE', *, *, #3187, .F. ) ;
#3254 = PERSON_AND_ORGANIZATION_ROLE ( 'creator' ) ;
#3255 = CARTESIAN_POINT ( 'NONE',  ( -8.250000000000000000, 2.500000000000000000, 3.750000000000000000 ) ) ;
#3256 = FACE_BOUND ( 'NONE', #6354, .T. ) ;
#3257 = VECTOR ( 'NONE', #6296, 1000.000000000000000 ) ;
#3258 = CARTESIAN_POINT ( 'NONE',  ( -45.00000000000000000, 0.000000000000000000, -29.00000000000000000 ) ) ;
#3259 = LINE ( 'NONE', #5722, #1417 ) ;
#3260 = CC_DESIGN_PERSON_AND_ORGANIZATION_ASSIGNMENT ( #5564, #7381, ( #5348 ) ) ;
#3261 = EDGE_LOOP ( 'NONE', ( #3284, #3167, #2122, #3240 ) ) ;
#3262 = AXIS2_PLACEMENT_3D ( 'NONE', #3358, #3277, #4029 ) ;
#3263 = LINE ( 'NONE', #4453, #1634 ) ;
#3264 = DATE_AND_TIME ( #7007, #3392 ) ;
#3265 = AXIS2_PLACEMENT_3D ( 'NONE', #2198, #6297, #1619 ) ;
#3266 = APPROVAL_ROLE ( '' ) ;
#3267 = CC_DESIGN_APPROVAL ( #3840, ( #5336 ) ) ;
#3268 = CARTESIAN_POINT ( 'NONE',  ( -6.000000000000000000, 0.000000000000000000, 6.000000000000000000 ) ) ;
#3269 = CARTESIAN_POINT ( 'NONE',  ( 28.00000000000000000, 12.00000000000000000, -55.00000000000000000 ) ) ;
#3270 = APPROVAL ( #7069, '未指定' ) ;
#3271 = VERTEX_POINT ( 'NONE', #371 ) ;
#3272 = DIRECTION ( 'NONE',  ( -0.000000000000000000, -1.000000000000000000, -0.000000000000000000 ) ) ;
#3273 = VECTOR ( 'NONE', #691, 1000.000000000000000 ) ;
#3274 = ADVANCED_FACE ( 'NONE', ( #2123 ), #6820, .F. ) ;
#3275 = AXIS2_PLACEMENT_3D ( 'NONE', #4301, #614, #5394 ) ;
#3276 = FACE_OUTER_BOUND ( 'NONE', #7626, .T. ) ;
#3277 = DIRECTION ( 'NONE',  ( 0.000000000000000000, 1.000000000000000000, 0.000000000000000000 ) ) ;
#3278 = APPROVAL_DATE_TIME ( #3755, #3304 ) ;
#3279 = AXIS2_PLACEMENT_3D ( 'NONE', #283, #244, #5533 ) ;
#3280 = EDGE_CURVE ( 'NONE', #3271, #7303, #3226, .T. ) ;
#3281 = ORIENTED_EDGE ( 'NONE', *, *, #3728, .F. ) ;
#3282 = CARTESIAN_POINT ( 'NONE',  ( -60.00000000000000000, 0.000000000000000000, 42.50000000000000000 ) ) ;
#3283 = CALENDAR_DATE ( 2026, 26, 7 ) ;
#3284 = ORIENTED_EDGE ( 'NONE', *, *, #5869, .T. ) ;
#3285 = DIRECTION ( 'NONE',  ( 0.000000000000000000, 0.000000000000000000, -1.000000000000000000 ) ) ;
#3286 = ADVANCED_FACE ( 'NONE', ( #5686 ), #6227, .F. ) ;
#3287 = DIRECTION ( 'NONE',  ( 0.000000000000000000, 0.000000000000000000, 1.000000000000000000 ) ) ;
#3288 = VECTOR ( 'NONE', #3665, 1000.000000000000000 ) ;
#3289 = ADVANCED_FACE ( 'NONE', ( #2009 ), #6785, .F. ) ;
#3290 = CALENDAR_DATE ( 2026, 26, 7 ) ;
#3291 = LINE ( 'NONE', #5673, #1787 ) ;
#3292 = FACE_OUTER_BOUND ( 'NONE', #4742, .T. ) ;
#3293 = VECTOR ( 'NONE', #5503, 1000.000000000000000 ) ;
#3294 = ORIENTED_EDGE ( 'NONE', *, *, #768, .F. ) ;
#3295 = PERSON_AND_ORGANIZATION ( #6453, #6167 ) ;
#3296 = LINE ( 'NONE', #6218, #1604 ) ;
#3297 = DIRECTION ( 'NONE',  ( 0.000000000000000000, -1.000000000000000000, 0.000000000000000000 ) ) ;
#3298 = EDGE_CURVE ( 'NONE', #3942, #3430, #3263, .T. ) ;
#3299 = LINE ( 'NONE', #6891, #1654 ) ;
#3300 = LINE ( 'NONE', #2083, #416 ) ;
#3301 = ORIENTED_EDGE ( 'NONE', *, *, #216, .T. ) ;
#3302 =( GEOMETRIC_REPRESENTATION_CONTEXT ( 3 ) GLOBAL_UNCERTAINTY_ASSIGNED_CONTEXT ( ( #4824 ) ) GLOBAL_UNIT_ASSIGNED_CONTEXT ( ( #2535, #855, #4344 ) ) REPRESENTATION_CONTEXT ( 'NONE', 'WORKASPACE' ) );
#3303 = DIRECTION ( 'NONE',  ( 0.000000000000000000, 0.000000000000000000, -1.000000000000000000 ) ) ;
#3304 = APPROVAL ( #161, 'UNKNOWN' ) ;
#3305 = LOCAL_TIME ( 19, 29, 3.000000000000000000, #2128 ) ;
#3306 = CARTESIAN_POINT ( 'NONE',  ( -39.00000000000000000, 0.000000000000000000, -18.24999999999999645 ) ) ;
#3307 = EDGE_CURVE ( 'NONE', #6667, #5856, #7017, .T. ) ;
#3308 = DATE_AND_TIME ( #5193, #3811 ) ;
#3309 = ORIENTED_EDGE ( 'NONE', *, *, #6571, .F. ) ;
#3310 = LINE ( 'NONE', #376, #5721 ) ;
#3311 = DESIGN_CONTEXT ( 'detailed design', #90, 'design' ) ;
#3312 = PRODUCT_DEFINITION_FORMATION_WITH_SPECIFIED_SOURCE ( '任何', '', #2622, .NOT_KNOWN. ) ;
#3313 = CARTESIAN_POINT ( 'NONE',  ( -138.0327499999999930, 3.000000000000000000, 0.000000000000000000 ) ) ;
#3314 = EDGE_LOOP ( 'NONE', ( #7171, #5475, #4974, #6280, #226, #5138 ) ) ;
#3315 = PERSON_AND_ORGANIZATION ( #6453, #6167 ) ;
#3316 = CARTESIAN_POINT ( 'NONE',  ( -60.14999999999999858, 3.000000000000000000, -78.25000000000000000 ) ) ;
#3317 = CC_DESIGN_DATE_AND_TIME_ASSIGNMENT ( #4695, #1138, ( #3319 ) ) ;
#3318 = CALENDAR_DATE ( 2026, 26, 7 ) ;
#3319 = SECURITY_CLASSIFICATION ( '', '', #3670 ) ;
#3320 = ORIENTED_EDGE ( 'NONE', *, *, #716, .T. ) ;
#3321 = CARTESIAN_POINT ( 'NONE',  ( -36.00000000000000000, 0.000000000000000000, 33.50000000000000000 ) ) ;
#3322 = CALENDAR_DATE ( 2026, 26, 7 ) ;
#3323 = ORIENTED_EDGE ( 'NONE', *, *, #3335, .F. ) ;
#3324 = PLANE ( 'NONE',  #4876 ) ;
#3325 = DIRECTION ( 'NONE',  ( 0.000000000000000000, 0.000000000000000000, 1.000000000000000000 ) ) ;
#3326 = ADVANCED_FACE ( 'NONE', ( #3936 ), #6384, .F. ) ;
#3327 = PERSON_AND_ORGANIZATION_ROLE ( 'creator' ) ;
#3328 = LINE ( 'NONE', #356, #1170 ) ;
#3329 =( NAMED_UNIT ( * ) SI_UNIT ( $, .STERADIAN. ) SOLID_ANGLE_UNIT ( ) );
#3330 = EDGE_CURVE ( 'NONE', #980, #1586, #7128, .T. ) ;
#3331 = ORIENTED_EDGE ( 'NONE', *, *, #7342, .F. ) ;
#3332 = APPROVAL_STATUS ( 'not_yet_approved' ) ;
#3333 = CARTESIAN_POINT ( 'NONE',  ( -8.500000000000000000, 0.000000000000000000, 12.50000000000000000 ) ) ;
#3334 = LOCAL_TIME ( 19, 29, 3.000000000000000000, #3206 ) ;
#3335 = EDGE_CURVE ( 'NONE', #6402, #3430, #5809, .T. ) ;
#3336 = EDGE_CURVE ( 'NONE', #1228, #4365, #4138, .T. ) ;
#3337 = LINE ( 'NONE', #6182, #4147 ) ;
#3338 = CARTESIAN_POINT ( 'NONE',  ( -10.25000000000000000, 2.500000000000000000, 1.750000000000000000 ) ) ;
#3339 = CC_DESIGN_SECURITY_CLASSIFICATION ( #933, ( #6257 ) ) ;
#3340 = LINE ( 'NONE', #293, #2790 ) ;
#3341 = ORIENTED_EDGE ( 'NONE', *, *, #3869, .T. ) ;
#3342 = EDGE_CURVE ( 'NONE', #7481, #3563, #6470, .T. ) ;
#3343 = ADVANCED_BREP_SHAPE_REPRESENTATION ( '', ( #2448, #6285 ), #7402 ) ;
#3344 = CC_DESIGN_SECURITY_CLASSIFICATION ( #6708, ( #7717 ) ) ;
#3345 = LINE ( 'NONE', #5035, #5154 ) ;
#3346 = VECTOR ( 'NONE', #7617, 1000.000000000000000 ) ;
#3347 = CALENDAR_DATE ( 2026, 26, 7 ) ;
#3348 = DIRECTION ( 'NONE',  ( -1.000000000000000000, -0.000000000000000000, -0.000000000000000000 ) ) ;
#3349 = CC_DESIGN_SECURITY_CLASSIFICATION ( #1117, ( #7724 ) ) ;
#3350 = COORDINATED_UNIVERSAL_TIME_OFFSET ( 8, 0, .AHEAD. ) ;
#3351 = VERTEX_POINT ( 'NONE', #6429 ) ;
#3352 = CARTESIAN_POINT ( 'NONE',  ( -57.50000000000000000, 35.00000000000000000, -85.00000000000000000 ) ) ;
#3353 = VERTEX_POINT ( 'NONE', #4685 ) ;
#3354 = AXIS2_PLACEMENT_3D ( 'NONE', #4383, #704, #6712 ) ;
#3355 = DIRECTION ( 'NONE',  ( 0.000000000000000000, 0.000000000000000000, -1.000000000000000000 ) ) ;
#3356 = PERSON_AND_ORGANIZATION_ROLE ( 'creator' ) ;
#3357 = CC_DESIGN_SECURITY_CLASSIFICATION ( #2098, ( #7727 ) ) ;
#3358 = CARTESIAN_POINT ( 'NONE',  ( -39.00000000000000000, 0.000000000000000000, 19.50000000000000000 ) ) ;
#3359 = APPROVAL_ROLE ( '' ) ;
#3360 = VECTOR ( 'NONE', #2704, 1000.000000000000000 ) ;
#3361 = EDGE_LOOP ( 'NONE', ( #4521, #1061, #2886, #6232 ) ) ;
#3362 = CARTESIAN_POINT ( 'NONE',  ( -10.25000000000000000, 0.000000000000000000, 1.750000000000000000 ) ) ;
#3363 = PERSON_AND_ORGANIZATION_ROLE ( 'classification_officer' ) ;
#3364 = VERTEX_POINT ( 'NONE', #3422 ) ;
#3365 = CC_DESIGN_PERSON_AND_ORGANIZATION_ASSIGNMENT ( #3959, #5176, ( #6580 ) ) ;
#3366 = CARTESIAN_POINT ( 'NONE',  ( -8.500000000000000000, 2.500000000000000000, 12.50000000000000000 ) ) ;
#3367 = CIRCLE ( 'NONE', #2604, 1.250000000000004663 ) ;
#3368 = CARTESIAN_POINT ( 'NONE',  ( 57.50000000000000000, 0.000000000000000000, 85.00000000000000000 ) ) ;
#3369 = APPROVAL_ROLE ( '' ) ;
#3370 = DIRECTION ( 'NONE',  ( 0.000000000000000000, -1.000000000000000000, 0.000000000000000000 ) ) ;
#3371 = ORIENTED_EDGE ( 'NONE', *, *, #4395, .F. ) ;
#3372 = DATE_TIME_ROLE ( 'creation_date' ) ;
#3373 = CC_DESIGN_PERSON_AND_ORGANIZATION_ASSIGNMENT ( #2207, #1780, ( #4000 ) ) ;
#3374 = DIRECTION ( 'NONE',  ( 0.000000000000000000, 0.000000000000000000, -1.000000000000000000 ) ) ;
#3375 = EDGE_CURVE ( 'NONE', #3031, #5420, #2143, .T. ) ;
#3376 = DIRECTION ( 'NONE',  ( -0.000000000000000000, -1.000000000000000000, -0.000000000000000000 ) ) ;
#3377 = DIRECTION ( 'NONE',  ( -1.000000000000000000, 0.000000000000000000, -0.000000000000000000 ) ) ;
#3378 = CARTESIAN_POINT ( 'NONE',  ( 60.14999999999999858, 0.000000000000000000, -80.00000000000000000 ) ) ;
#3379 = ADVANCED_FACE ( 'NONE', ( #5272 ), #5231, .F. ) ;
#3380 = EDGE_LOOP ( 'NONE', ( #3748, #1341, #3421, #5887 ) ) ;
#3381 = CARTESIAN_POINT ( 'NONE',  ( 23.00000000000000000, 10.00000000000000000, -10.50000000000000000 ) ) ;
#3382 = EDGE_CURVE ( 'NONE', #4085, #3441, #493, .T. ) ;
#3383 = DIRECTION ( 'NONE',  ( 0.000000000000000000, 0.000000000000000000, -1.000000000000000000 ) ) ;
#3384 = PERSON_AND_ORGANIZATION ( #5356, #3979 ) ;
#3385 = DIRECTION ( 'NONE',  ( 1.000000000000000000, 0.000000000000000000, -0.000000000000000000 ) ) ;
#3386 = AXIS2_PLACEMENT_3D ( 'NONE', #5915, #485, #2236 ) ;
#3387 = DATE_AND_TIME ( #6864, #5680 ) ;
#3388 = ORIENTED_EDGE ( 'NONE', *, *, #6273, .F. ) ;
#3389 = LINE ( 'NONE', #4460, #2984 ) ;
#3390 = PLANE ( 'NONE',  #2649 ) ;
#3391 = ORIENTED_EDGE ( 'NONE', *, *, #6640, .T. ) ;
#3392 = LOCAL_TIME ( 19, 29, 3.000000000000000000, #4716 ) ;
#3393 = PERSON_AND_ORGANIZATION ( #6453, #6167 ) ;
#3394 = DIRECTION ( 'NONE',  ( 0.000000000000000000, -1.000000000000000000, 0.000000000000000000 ) ) ;
#3395 = DATE_AND_TIME ( #1013, #2091 ) ;
#3396 = ORIENTED_EDGE ( 'NONE', *, *, #1655, .F. ) ;
#3397 = VECTOR ( 'NONE', #291, 1000.000000000000000 ) ;
#3398 = DIRECTION ( 'NONE',  ( -0.000000000000000000, -1.000000000000000000, 0.000000000000000000 ) ) ;
#3399 = CALENDAR_DATE ( 2026, 26, 7 ) ;
#3400 = AXIS2_PLACEMENT_3D ( 'NONE', #7091, #1747, #6506 ) ;
#3401 = ORIENTED_EDGE ( 'NONE', *, *, #6336, .F. ) ;
#3402 = PLANE ( 'NONE',  #4257 ) ;
#3403 = FACE_OUTER_BOUND ( 'NONE', #3130, .T. ) ;
#3404 = VECTOR ( 'NONE', #5750, 1000.000000000000000 ) ;
#3405 = COORDINATED_UNIVERSAL_TIME_OFFSET ( 8, 0, .AHEAD. ) ;
#3406 = CC_DESIGN_DATE_AND_TIME_ASSIGNMENT ( #2204, #5191, ( #3109 ) ) ;
#3407 = CARTESIAN_POINT ( 'NONE',  ( -57.50000000000000000, 35.00000000000000000, 85.00000000000000000 ) ) ;
#3408 = PLANE ( 'NONE',  #3930 ) ;
#3409 = VERTEX_POINT ( 'NONE', #2795 ) ;
#3410 = ORIENTED_EDGE ( 'NONE', *, *, #2524, .T. ) ;
#3411 = COORDINATED_UNIVERSAL_TIME_OFFSET ( 8, 0, .AHEAD. ) ;
#3412 = CARTESIAN_POINT ( 'NONE',  ( -1.750000000000000000, 0.000000000000000000, 10.50000000000000000 ) ) ;
#3413 = VECTOR ( 'NONE', #7150, 1000.000000000000000 ) ;
#3414 = DIRECTION ( 'NONE',  ( -0.000000000000000000, -1.000000000000000000, -0.000000000000000000 ) ) ;
#3415 = APPROVAL_ROLE ( '' ) ;
#3416 = CC_DESIGN_DATE_AND_TIME_ASSIGNMENT ( #5899, #590, ( #5199 ) ) ;
#3417 = CARTESIAN_POINT ( 'NONE',  ( -45.00000000000000000, 36.00000000000000000, 29.00000000000000000 ) ) ;
#3418 = AXIS2_PLACEMENT_3D ( 'NONE', #3610, #7163, #5994 ) ;
#3419 = DIRECTION ( 'NONE',  ( 0.000000000000000000, 0.000000000000000000, 1.000000000000000000 ) ) ;
#3420 = EDGE_CURVE ( 'NONE', #6677, #2734, #6647, .T. ) ;
#3421 = ORIENTED_EDGE ( 'NONE', *, *, #6767, .T. ) ;
#3422 = CARTESIAN_POINT ( 'NONE',  ( 138.0327499999999930, 91.09999999999999432, -98.50000000000000000 ) ) ;
#3423 = EDGE_CURVE ( 'NONE', #7293, #6796, #2285, .T. ) ;
#3424 = LINE ( 'NONE', #1748, #3143 ) ;
#3425 = SECURITY_CLASSIFICATION_LEVEL ( 'unclassified' ) ;
#3426 = DIRECTION ( 'NONE',  ( 0.000000000000000000, 0.000000000000000000, -1.000000000000000000 ) ) ;
#3427 = ORIENTED_EDGE ( 'NONE', *, *, #326, .F. ) ;
#3428 = DIRECTION ( 'NONE',  ( 0.000000000000000000, -1.000000000000000000, 0.000000000000000000 ) ) ;
#3429 = DIRECTION ( 'NONE',  ( 0.000000000000000000, -1.000000000000000000, 0.000000000000000000 ) ) ;
#3430 = VERTEX_POINT ( 'NONE', #4602 ) ;
#3431 = APPROVAL_PERSON_ORGANIZATION ( #5429, #608, #4915 ) ;
#3432 = APPLICATION_PROTOCOL_DEFINITION ( 'international standard', 'config_control_design', 1994, #4438 ) ;
#3433 = LINE ( 'NONE', #5934, #2134 ) ;
#3434 = DATE_AND_TIME ( #423, #1470 ) ;
#3435 = SHAPE_REPRESENTATION_RELATIONSHIP ( 'NONE' , 'NONE' ,  #2748, #6131 ) ;
#3436 = ORIENTED_EDGE ( 'NONE', *, *, #1247, .F. ) ;
#3437 = PRODUCT_DEFINITION_FORMATION_WITH_SPECIFIED_SOURCE ( '任何', '', #4326, .NOT_KNOWN. ) ;
#3438 = VERTEX_POINT ( 'NONE', #6974 ) ;
#3439 = CARTESIAN_POINT ( 'NONE',  ( 14.25000000000000000, 2.500000000000000000, -12.00000000000000000 ) ) ;
#3440 = COORDINATED_UNIVERSAL_TIME_OFFSET ( 8, 0, .AHEAD. ) ;
#3441 = VERTEX_POINT ( 'NONE', #7014 ) ;
#3442 = CARTESIAN_POINT ( 'NONE',  ( -28.00000000000000000, 3.000000000000000000, -15.50000000000000000 ) ) ;
#3443 = DIRECTION ( 'NONE',  ( 0.000000000000000000, -1.000000000000000000, 0.000000000000000000 ) ) ;
#3444 = LOCAL_TIME ( 19, 29, 3.000000000000000000, #7023 ) ;
#3445 = COORDINATED_UNIVERSAL_TIME_OFFSET ( 8, 0, .AHEAD. ) ;
#3446 = FACE_OUTER_BOUND ( 'NONE', #2367, .T. ) ;
#3447 = ORIENTED_EDGE ( 'NONE', *, *, #2992, .T. ) ;
#3448 = VERTEX_POINT ( 'NONE', #4056 ) ;
#3449 = PERSON_AND_ORGANIZATION_ROLE ( 'creator' ) ;
#3450 = LINE ( 'NONE', #4591, #7097 ) ;
#3451 = CARTESIAN_POINT ( 'NONE',  ( 60.14999999999999858, 5.000000000000000000, -28.84999999999999787 ) ) ;
#3452 = PERSON_AND_ORGANIZATION_ROLE ( 'creator' ) ;
#3453 = CARTESIAN_POINT ( 'NONE',  ( -10.25000000000000000, 2.500000000000000000, -1.750000000000000000 ) ) ;
#3454 = DIRECTION ( 'NONE',  ( 0.000000000000000000, 1.000000000000000000, 0.000000000000000000 ) ) ;
#3455 = VERTEX_POINT ( 'NONE', #7051 ) ;
#3456 = CC_DESIGN_PERSON_AND_ORGANIZATION_ASSIGNMENT ( #1831, #667, ( #6812 ) ) ;
#3457 = CARTESIAN_POINT ( 'NONE',  ( 10.25000000000000000, 2.500000000000000000, 1.750000000000000000 ) ) ;
#3458 = LOCAL_TIME ( 19, 29, 3.000000000000000000, #3169 ) ;
#3459 = DIRECTION ( 'NONE',  ( 0.000000000000000000, 0.000000000000000000, -1.000000000000000000 ) ) ;
#3460 = PERSON_AND_ORGANIZATION_ROLE ( 'classification_officer' ) ;
#3461 = CARTESIAN_POINT ( 'NONE',  ( 45.00000000000000000, 0.000000000000000000, 29.00000000000000000 ) ) ;
#3462 = EDGE_LOOP ( 'NONE', ( #7414, #1621, #6086, #4389 ) ) ;
#3463 = EDGE_LOOP ( 'NONE', ( #1903, #4620 ) ) ;
#3464 = APPROVAL ( #6293, '未指定' ) ;
#3465 = ORIENTED_EDGE ( 'NONE', *, *, #510, .F. ) ;
#3466 = CLOSED_SHELL ( 'NONE', ( #3567, #219, #2100, #3522, #1661, #2124 ) ) ;
#3467 = CARTESIAN_POINT ( 'NONE',  ( -0.7500000000000000000, 2.500000000000000000, 8.000000000000000000 ) ) ;
#3468 = VERTEX_POINT ( 'NONE', #3457 ) ;
#3469 = COORDINATED_UNIVERSAL_TIME_OFFSET ( 8, 0, .AHEAD. ) ;
#3470 = CARTESIAN_POINT ( 'NONE',  ( 39.00000000000000000, 38.00000000000000000, 19.50000000000000000 ) ) ;
#3471 = APPROVAL_DATE_TIME ( #2885, #1691 ) ;
#3472 = CC_DESIGN_APPROVAL ( #2733, ( #1117 ) ) ;
#3473 = VECTOR ( 'NONE', #1819, 1000.000000000000000 ) ;
#3474 = ORIENTED_EDGE ( 'NONE', *, *, #757, .T. ) ;
#3475 = CARTESIAN_POINT ( 'NONE',  ( -23.00000000000000000, 0.000000000000000000, 10.50000000000000000 ) ) ;
#3476 = COORDINATED_UNIVERSAL_TIME_OFFSET ( 8, 0, .AHEAD. ) ;
#3477 = VERTEX_POINT ( 'NONE', #1707 ) ;
#3478 = EDGE_CURVE ( 'NONE', #7647, #7405, #407, .T. ) ;
#3479 = CARTESIAN_POINT ( 'NONE',  ( -57.50000000000000000, 1.600000000000000089, 85.00000000000000000 ) ) ;
#3480 = APPLICATION_CONTEXT ( 'configuration controlled 3d designs of mechanical parts and assemblies' ) ;
#3481 = LOCAL_TIME ( 19, 29, 3.000000000000000000, #7644 ) ;
#3482 = CARTESIAN_POINT ( 'NONE',  ( 60.14999999999999858, 0.000000000000000000, 80.00000000000000000 ) ) ;
#3483 = CIRCLE ( 'NONE', #2599, 1.750000000000005107 ) ;
#3484 = PERSON_AND_ORGANIZATION ( #6453, #6167 ) ;
#3485 = EDGE_CURVE ( 'NONE', #5552, #6205, #4766, .T. ) ;
#3486 = DIRECTION ( 'NONE',  ( -1.000000000000000000, -0.000000000000000000, -0.000000000000000000 ) ) ;
#3487 = EDGE_LOOP ( 'NONE', ( #4609, #6742 ) ) ;
#3488 = ORIENTED_EDGE ( 'NONE', *, *, #5465, .T. ) ;
#3489 = DATE_AND_TIME ( #7550, #5563 ) ;
#3490 = AXIS2_PLACEMENT_3D ( 'NONE', #2188, #4584, #3919 ) ;
#3491 = ADVANCED_FACE ( 'NONE', ( #7682, #2323 ), #4722, .F. ) ;
#3492 = CARTESIAN_POINT ( 'NONE',  ( 57.50000000000000000, 1.600000000000000089, 85.00000000000000000 ) ) ;
#3493 = CYLINDRICAL_SURFACE ( 'NONE', #2884, 1.750000000000005107 ) ;
#3494 = APPROVAL_STATUS ( 'not_yet_approved' ) ;
#3495 = CARTESIAN_POINT ( 'NONE',  ( 39.00000000000000000, 5.000000000000000000, -19.50000000000000000 ) ) ;
#3496 = CARTESIAN_POINT ( 'NONE',  ( 60.00000000000000000, 3.000000000000000000, 42.50000000000000000 ) ) ;
#3497 = EDGE_CURVE ( 'NONE', #2927, #5054, #1002, .T. ) ;
#3498 = ORIENTED_EDGE ( 'NONE', *, *, #5306, .F. ) ;
#3499 = CARTESIAN_POINT ( 'NONE',  ( -57.50000000000000000, 35.00000000000000000, 85.00000000000000000 ) ) ;
#3500 = DIRECTION ( 'NONE',  ( 0.000000000000000000, 0.000000000000000000, 1.000000000000000000 ) ) ;
#3501 = CARTESIAN_POINT ( 'NONE',  ( -36.00000000000000000, 3.000000000000000000, -33.50000000000000000 ) ) ;
#3502 = CC_DESIGN_PERSON_AND_ORGANIZATION_ASSIGNMENT ( #355, #2741, ( #964 ) ) ;
#3503 = ORIENTED_EDGE ( 'NONE', *, *, #2569, .T. ) ;
#3504 = EDGE_LOOP ( 'NONE', ( #4204, #6110, #7192, #3750 ) ) ;
#3505 = PLANE ( 'NONE',  #6652 ) ;
#3506 = APPROVAL_ROLE ( '' ) ;
#3507 = DIRECTION ( 'NONE',  ( 1.000000000000000000, 0.000000000000000000, 0.000000000000000000 ) ) ;
#3508 = VECTOR ( 'NONE', #3414, 1000.000000000000000 ) ;
#3509 = COORDINATED_UNIVERSAL_TIME_OFFSET ( 8, 0, .AHEAD. ) ;
#3510 = CC_DESIGN_PERSON_AND_ORGANIZATION_ASSIGNMENT ( #4744, #5330, ( #2841 ) ) ;
#3511 = ORIENTED_EDGE ( 'NONE', *, *, #4677, .F. ) ;
#3512 = CARTESIAN_POINT ( 'NONE',  ( 0.000000000000000000, 2.500000000000000000, 0.000000000000000000 ) ) ;
#3513 = APPROVAL_DATE_TIME ( #4621, #6757 ) ;
#3514 = ADVANCED_FACE ( 'NONE', ( #3539 ), #5925, .T. ) ;
#3515 = VERTEX_POINT ( 'NONE', #3075 ) ;
#3516 = FACE_OUTER_BOUND ( 'NONE', #6865, .T. ) ;
#3517 = VECTOR ( 'NONE', #6431, 1000.000000000000000 ) ;
#3518 = PRODUCT_DEFINITION_FORMATION_WITH_SPECIFIED_SOURCE ( '任何', '', #6682, .NOT_KNOWN. ) ;
#3519 = LINE ( 'NONE', #5902, #998 ) ;
#3520 = ADVANCED_FACE ( 'NONE', ( #724 ), #6107, .F. ) ;
#3521 = APPROVAL_STATUS ( 'not_yet_approved' ) ;
#3522 = ADVANCED_FACE ( 'NONE', ( #2521 ), #3580, .F. ) ;
#3523 = CARTESIAN_POINT ( 'NONE',  ( 28.00000000000000000, 3.000000000000000000, -15.50000000000000000 ) ) ;
#3524 = VECTOR ( 'NONE', #5344, 1000.000000000000000 ) ;
#3525 = CC_DESIGN_APPROVAL ( #2070, ( #3319 ) ) ;
#3526 = ORIENTED_EDGE ( 'NONE', *, *, #7004, .T. ) ;
#3527 = ORIENTED_EDGE ( 'NONE', *, *, #6585, .T. ) ;
#3528 = APPROVAL_ROLE ( '' ) ;
#3529 =( REPRESENTATION_RELATIONSHIP ('NONE','NONE', #110, #7083 ) REPRESENTATION_RELATIONSHIP_WITH_TRANSFORMATION ( #4786 )SHAPE_REPRESENTATION_RELATIONSHIP( ) );
#3530 = DIRECTION ( 'NONE',  ( 0.000000000000000000, -1.000000000000000000, 0.000000000000000000 ) ) ;
#3531 = AXIS2_PLACEMENT_3D ( 'NONE', #6367, #3370, #517 ) ;
#3532 = CARTESIAN_POINT ( 'NONE',  ( 60.14999999999999858, 5.000000000000000000, 28.84999999999999787 ) ) ;
#3533 = PERSON_AND_ORGANIZATION_ROLE ( 'design_owner' ) ;
#3534 = DIRECTION ( 'NONE',  ( 0.000000000000000000, 0.000000000000000000, 1.000000000000000000 ) ) ;
#3535 = FACE_OUTER_BOUND ( 'NONE', #5250, .T. ) ;
#3536 = VECTOR ( 'NONE', #6389, 1000.000000000000000 ) ;
#3537 = APPROVAL_ROLE ( '' ) ;
#3538 = ORIENTED_EDGE ( 'NONE', *, *, #2809, .F. ) ;
#3539 = FACE_OUTER_BOUND ( 'NONE', #3314, .T. ) ;
#3540 = VECTOR ( 'NONE', #685, 1000.000000000000000 ) ;
#3541 = CARTESIAN_POINT ( 'NONE',  ( 14.25000000000000000, 0.000000000000000000, -8.000000000000000000 ) ) ;
#3542 = CARTESIAN_POINT ( 'NONE',  ( 136.0000000000000000, 3.000000000000000000, 96.50000000000000000 ) ) ;
#3543 = VERTEX_POINT ( 'NONE', #763 ) ;
#3544 = EDGE_LOOP ( 'NONE', ( #5130, #7038, #5584, #5087 ) ) ;
#3545 = CC_DESIGN_PERSON_AND_ORGANIZATION_ASSIGNMENT ( #6898, #4526, ( #2098 ) ) ;
#3546 = DIRECTION ( 'NONE',  ( -0.000000000000000000, 1.000000000000000000, -0.000000000000000000 ) ) ;
#3547 = SHAPE_REPRESENTATION ( 'FN-ENV-001_carrier-installed-height_R0.4', ( #6285 ), #5796 ) ;
#3548 = APPROVAL_DATE_TIME ( #7690, #4615 ) ;
#3549 = CARTESIAN_POINT ( 'NONE',  ( -60.14999999999999858, 0.000000000000000000, -81.75000000000000000 ) ) ;
#3550 = DATE_TIME_ROLE ( 'classification_date' ) ;
#3551 = ORIENTED_EDGE ( 'NONE', *, *, #5263, .F. ) ;
#3552 = CARTESIAN_POINT ( 'NONE',  ( -57.50000000000000000, 35.00000000000000000, 85.00000000000000000 ) ) ;
#3553 = PERSON_AND_ORGANIZATION_ROLE ( 'classification_officer' ) ;
#3554 = ORIENTED_EDGE ( 'NONE', *, *, #4273, .F. ) ;
#3555 = CC_DESIGN_APPROVAL ( #608, ( #2805 ) ) ;
#3556 = CC_DESIGN_PERSON_AND_ORGANIZATION_ASSIGNMENT ( #81, #1717, ( #4293 ) ) ;
#3557 = DIRECTION ( 'NONE',  ( 1.000000000000000000, -0.000000000000000000, 0.000000000000000000 ) ) ;
#3558 = PRODUCT ( 'FN-PWR-001_cn3791-module-envelope_R0.4', 'FN-PWR-001_cn3791-module-envelope_R0.4', '', ( #7611 ) ) ;
#3559 = SECURITY_CLASSIFICATION_LEVEL ( 'unclassified' ) ;
#3560 = EDGE_CURVE ( 'NONE', #1348, #6024, #7509, .T. ) ;
#3561 = DIRECTION ( 'NONE',  ( -0.000000000000000000, -0.000000000000000000, 1.000000000000000000 ) ) ;
#3562 = LOCAL_TIME ( 19, 29, 3.000000000000000000, #3684 ) ;
#3563 = VERTEX_POINT ( 'NONE', #3145 ) ;
#3564 = ORIENTED_EDGE ( 'NONE', *, *, #1536, .T. ) ;
#3565 = PERSON_AND_ORGANIZATION_ROLE ( 'design_supplier' ) ;
#3566 = CARTESIAN_POINT ( 'NONE',  ( -6.000000000000000000, 6.000000000000000000, 6.000000000000000000 ) ) ;
#3567 = ADVANCED_FACE ( 'NONE', ( #4221 ), #5472, .F. ) ;
#3568 = CC_DESIGN_APPROVAL ( #3270, ( #2841 ) ) ;
#3569 = DIRECTION ( 'NONE',  ( -0.000000000000000000, -1.000000000000000000, -0.000000000000000000 ) ) ;
#3570 = PERSON_AND_ORGANIZATION_ROLE ( 'creator' ) ;
#3571 = CARTESIAN_POINT ( 'NONE',  ( 5.750000000000000000, 0.000000000000000000, 72.50000000000000000 ) ) ;
#3572 = APPLICATION_CONTEXT ( 'configuration controlled 3d designs of mechanical parts and assemblies' ) ;
#3573 = DIRECTION ( 'NONE',  ( -0.000000000000000000, -1.000000000000000000, -0.000000000000000000 ) ) ;
#3574 = APPROVAL_ROLE ( '' ) ;
#3575 = ADVANCED_FACE ( 'NONE', ( #2403 ), #2485, .F. ) ;
#3576 = CARTESIAN_POINT ( 'NONE',  ( -57.50000000000000000, 0.000000000000000000, 85.00000000000000000 ) ) ;
#3577 = EDGE_CURVE ( 'NONE', #2386, #6394, #1863, .T. ) ;
#3578 = EDGE_LOOP ( 'NONE', ( #5406, #1015, #6166, #2241 ) ) ;
#3579 = EDGE_CURVE ( 'NONE', #4507, #3013, #5293, .T. ) ;
#3580 = PLANE ( 'NONE',  #6388 ) ;
#3581 = DIRECTION ( 'NONE',  ( -0.000000000000000000, -0.000000000000000000, 1.000000000000000000 ) ) ;
#3582 = DIRECTION ( 'NONE',  ( 0.000000000000000000, 1.000000000000000000, 0.000000000000000000 ) ) ;
#3583 = EDGE_LOOP ( 'NONE', ( #6318, #3202, #6139, #4641 ) ) ;
#3584 = ORIENTED_EDGE ( 'NONE', *, *, #5956, .F. ) ;
#3585 = LOCAL_TIME ( 19, 29, 3.000000000000000000, #3405 ) ;
#3586 = LINE ( 'NONE', #1136, #916 ) ;
#3587 = CALENDAR_DATE ( 2026, 26, 7 ) ;
#3588 = LINE ( 'NONE', #5859, #392 ) ;
#3589 = APPROVAL_DATE_TIME ( #6012, #5280 ) ;
#3590 = LOCAL_TIME ( 19, 29, 3.000000000000000000, #3950 ) ;
#3591 = VERTEX_POINT ( 'NONE', #1823 ) ;
#3592 = CARTESIAN_POINT ( 'NONE',  ( -60.14999999999999858, 0.000000000000000000, 81.75000000000000000 ) ) ;
#3593 = PERSON_AND_ORGANIZATION ( #6453, #6167 ) ;
#3594 = EDGE_LOOP ( 'NONE', ( #3447, #5437, #5022, #863 ) ) ;
#3595 = DIRECTION ( 'NONE',  ( 0.000000000000000000, 0.000000000000000000, -1.000000000000000000 ) ) ;
#3596 = PLANE ( 'NONE',  #2480 ) ;
#3597 = CALENDAR_DATE ( 2026, 26, 7 ) ;
#3598 = VECTOR ( 'NONE', #5045, 1000.000000000000000 ) ;
#3599 = PLANE ( 'NONE',  #7149 ) ;
#3600 = CC_DESIGN_PERSON_AND_ORGANIZATION_ASSIGNMENT ( #3641, #2344, ( #6460 ) ) ;
#3601 = ORIENTED_EDGE ( 'NONE', *, *, #6045, .T. ) ;
#3602 = EDGE_LOOP ( 'NONE', ( #679, #130, #2823, #4631, #2597, #201 ) ) ;
#3603 = APPROVAL_ROLE ( '' ) ;
#3604 = FACE_BOUND ( 'NONE', #335, .T. ) ;
#3605 = AXIS2_PLACEMENT_3D ( 'NONE', #2003, #2627, #5679 ) ;
#3606 = DIRECTION ( 'NONE',  ( 0.000000000000000000, -1.000000000000000000, 0.000000000000000000 ) ) ;
#3607 = DATE_AND_TIME ( #6575, #6077 ) ;
#3608 = DIRECTION ( 'NONE',  ( -0.000000000000000000, -0.000000000000000000, 1.000000000000000000 ) ) ;
#3609 = AXIS2_PLACEMENT_3D ( 'NONE', #4747, #1643, #3595 ) ;
#3610 = CARTESIAN_POINT ( 'NONE',  ( 39.00000000000000000, 38.00000000000000000, -19.50000000000000000 ) ) ;
#3611 = CC_DESIGN_PERSON_AND_ORGANIZATION_ASSIGNMENT ( #1155, #3449, ( #1443 ) ) ;
#3612 = DATE_AND_TIME ( #6659, #1813 ) ;
#3613 = DIRECTION ( 'NONE',  ( 0.000000000000000000, 0.000000000000000000, -1.000000000000000000 ) ) ;
#3614 = VERTEX_POINT ( 'NONE', #1898 ) ;
#3615 = EDGE_CURVE ( 'NONE', #4880, #4103, #5540, .T. ) ;
#3616 = EDGE_CURVE ( 'NONE', #808, #3239, #1937, .T. ) ;
#3617 = VECTOR ( 'NONE', #6310, 1000.000000000000000 ) ;
#3618 = DIRECTION ( 'NONE',  ( -0.000000000000000000, -0.000000000000000000, 1.000000000000000000 ) ) ;
#3619 = DIRECTION ( 'NONE',  ( 0.000000000000000000, 0.000000000000000000, -1.000000000000000000 ) ) ;
#3620 = DIRECTION ( 'NONE',  ( 0.000000000000000000, 0.000000000000000000, 1.000000000000000000 ) ) ;
#3621 = EDGE_CURVE ( 'NONE', #7472, #6906, #3695, .T. ) ;
#3622 = EDGE_LOOP ( 'NONE', ( #4984, #4403, #501, #5815 ) ) ;
#3623 = PRODUCT_DEFINITION_SHAPE ( 'NONE', 'NONE',  #7710 ) ;
#3624 = ORIENTED_EDGE ( 'NONE', *, *, #3910, .T. ) ;
#3625 = DIRECTION ( 'NONE',  ( -0.000000000000000000, -1.000000000000000000, -0.000000000000000000 ) ) ;
#3626 = DATE_AND_TIME ( #2, #7013 ) ;
#3627 = FACE_OUTER_BOUND ( 'NONE', #4619, .T. ) ;
#3628 = EDGE_CURVE ( 'NONE', #7415, #4459, #3035, .T. ) ;
#3629 = CALENDAR_DATE ( 2026, 26, 7 ) ;
#3630 =( REPRESENTATION_RELATIONSHIP ('NONE','NONE', #110, #2500 ) REPRESENTATION_RELATIONSHIP_WITH_TRANSFORMATION ( #198 )SHAPE_REPRESENTATION_RELATIONSHIP( ) );
#3631 = CARTESIAN_POINT ( 'NONE',  ( -73.00000000000000000, 18.00000000000000355, 0.000000000000000000 ) ) ;
#3632 = EDGE_LOOP ( 'NONE', ( #968, #3624, #1263, #5605 ) ) ;
#3633 = CARTESIAN_POINT ( 'NONE',  ( -60.14999999999999858, 3.000000000000000000, -81.75000000000000000 ) ) ;
#3634 = ORIENTED_EDGE ( 'NONE', *, *, #3497, .T. ) ;
#3635 = UNCERTAINTY_MEASURE_WITH_UNIT (LENGTH_MEASURE( 1.000000000000000082E-05 ), #1991, 'distance_accuracy_value', 'NONE');
#3636 = EDGE_CURVE ( 'NONE', #4031, #4298, #7627, .T. ) ;
#3637 = DIRECTION ( 'NONE',  ( -0.000000000000000000, -1.000000000000000000, -0.000000000000000000 ) ) ;
#3639 = ADVANCED_FACE ( 'NONE', ( #4177 ), #7245, .F. ) ;
#3638 = VECTOR ( 'NONE', #7205, 1000.000000000000000 ) ;
#3640 = ADVANCED_FACE ( 'NONE', ( #4264 ), #4920, .F. ) ;
#3641 = PERSON_AND_ORGANIZATION ( #4706, #5476 ) ;
#3642 = DIRECTION ( 'NONE',  ( -0.000000000000000000, -1.000000000000000000, -0.000000000000000000 ) ) ;
#3643 =( NAMED_UNIT ( * ) SI_UNIT ( $, .STERADIAN. ) SOLID_ANGLE_UNIT ( ) );
#3644 = ORIENTED_EDGE ( 'NONE', *, *, #2624, .T. ) ;
#3645 = VECTOR ( 'NONE', #5989, 1000.000000000000000 ) ;
#3646 = EDGE_LOOP ( 'NONE', ( #7310, #6697, #4126, #1489 ) ) ;
#3647 = DATE_AND_TIME ( #131, #6171 ) ;
#3648 = CARTESIAN_POINT ( 'NONE',  ( 3.250000000000002665, 0.000000000000000000, -8.000000000000000000 ) ) ;
#3649 = APPROVAL ( #5008, 'UNKNOWN' ) ;
#3650 = VECTOR ( 'NONE', #2730, 1000.000000000000000 ) ;
#3651 = APPLICATION_PROTOCOL_DEFINITION ( 'international standard', 'config_control_design', 1994, #1290 ) ;
#3652 = LOCAL_TIME ( 19, 29, 3.000000000000000000, #7307 ) ;
#3653 = LINE ( 'NONE', #5917, #3524 ) ;
#3654 = CARTESIAN_POINT ( 'NONE',  ( -60.14999999999999858, 5.000000000000000000, 80.00000000000000000 ) ) ;
#3655 = CALENDAR_DATE ( 2026, 26, 7 ) ;
#3656 = CARTESIAN_POINT ( 'NONE',  ( -8.500000000000000000, 2.500000000000000000, 8.500000000000001776 ) ) ;
#3657 = ORIENTED_EDGE ( 'NONE', *, *, #326, .T. ) ;
#3658 = AXIS2_PLACEMENT_3D ( 'NONE', #616, #3036, #4806 ) ;
#3659 = AXIS2_PLACEMENT_3D ( 'NONE', #2564, #770, #3116 ) ;
#3660 = APPROVAL ( #3833, '未指定' ) ;
#3661 = CARTESIAN_POINT ( 'NONE',  ( 0.5000000000000000000, 2.500000000000000000, -8.500000000000000000 ) ) ;
#3662 = CARTESIAN_POINT ( 'NONE',  ( -0.7500000000000000000, 2.500000000000000000, 12.00000000000000000 ) ) ;
#3663 = VECTOR ( 'NONE', #640, 1000.000000000000000 ) ;
#3664 = PERSON ( 'NAUO-PER19', 'UNSPECIFIED', 'UNSPECIFIED', ('UNSPECIFIED'), ('UNSPECIFIED'), ('UNSPECIFIED') ) ;
#3665 = DIRECTION ( 'NONE',  ( 0.000000000000000000, -1.000000000000000000, 0.000000000000000000 ) ) ;
#3666 = ORIENTED_EDGE ( 'NONE', *, *, #4733, .F. ) ;
#3667 = CIRCLE ( 'NONE', #4676, 1.750000000000001554 ) ;
#3668 = CC_DESIGN_PERSON_AND_ORGANIZATION_ASSIGNMENT ( #7523, #4529, ( #567 ) ) ;
#3669 = PLANE ( 'NONE',  #398 ) ;
#3670 = SECURITY_CLASSIFICATION_LEVEL ( 'unclassified' ) ;
#3671 = CALENDAR_DATE ( 2026, 26, 7 ) ;
#3672 = AXIS2_PLACEMENT_3D ( 'NONE', #6892, #961, #366 ) ;
#3673 = EDGE_CURVE ( 'NONE', #1189, #3591, #3110, .T. ) ;
#3674 = EDGE_LOOP ( 'NONE', ( #7679, #2129 ) ) ;
#3675 = CARTESIAN_POINT ( 'NONE',  ( -54.00000000000000000, 3.600000000000000089, -83.10000000000000853 ) ) ;
#3676 = ORIENTED_EDGE ( 'NONE', *, *, #3142, .T. ) ;
#3677 = CARTESIAN_POINT ( 'NONE',  ( 4.750000000000000888, 2.500000000000000000, 3.750000000000000000 ) ) ;
#3678 =( GEOMETRIC_REPRESENTATION_CONTEXT ( 3 ) GLOBAL_UNCERTAINTY_ASSIGNED_CONTEXT ( ( #820 ) ) GLOBAL_UNIT_ASSIGNED_CONTEXT ( ( #3680, #7372, #6239 ) ) REPRESENTATION_CONTEXT ( 'NONE', 'WORKASPACE' ) );
#3679 = PERSON_AND_ORGANIZATION ( #1160, #1353 ) ;
#3680 =( LENGTH_UNIT ( ) NAMED_UNIT ( * ) SI_UNIT ( .MILLI., .METRE. ) );
#3681 = EDGE_LOOP ( 'NONE', ( #4262, #6826, #2939, #1768 ) ) ;
#3682 = APPROVAL_PERSON_ORGANIZATION ( #2703, #6710, #2587 ) ;
#3683 = VERTEX_POINT ( 'NONE', #7278 ) ;
#3684 = COORDINATED_UNIVERSAL_TIME_OFFSET ( 8, 0, .AHEAD. ) ;
#3685 = DIRECTION ( 'NONE',  ( 0.000000000000000000, -0.000000000000000000, -1.000000000000000000 ) ) ;
#3686 = SECURITY_CLASSIFICATION ( '', '', #5711 ) ;
#3687 = CALENDAR_DATE ( 2026, 26, 7 ) ;
#3688 = DIRECTION ( 'NONE',  ( 1.000000000000000000, 0.000000000000000000, -0.000000000000000000 ) ) ;
#3689 = PRODUCT_DEFINITION_SHAPE ( 'NONE', 'NONE',  #7708 ) ;
#3690 = LINE ( 'NONE', #4761, #1180 ) ;
#3691 = MECHANICAL_CONTEXT ( 'NONE', #4483, 'mechanical' ) ;
#3692 = DIRECTION ( 'NONE',  ( 0.000000000000000000, -1.000000000000000000, 0.000000000000000000 ) ) ;
#3693 = ORIENTED_EDGE ( 'NONE', *, *, #4209, .T. ) ;
#3694 = LOCAL_TIME ( 19, 29, 3.000000000000000000, #4633 ) ;
#3695 = LINE ( 'NONE', #656, #3638 ) ;
#3696 = CARTESIAN_POINT ( 'NONE',  ( -57.50000000000000000, 1.600000000000000089, -85.00000000000000000 ) ) ;
#3697 = LOCAL_TIME ( 19, 29, 3.000000000000000000, #6275 ) ;
#3698 = CARTESIAN_POINT ( 'NONE',  ( 0.000000000000000000, 3.000000000000000000, -98.50000000000000000 ) ) ;
#3699 = CC_DESIGN_PERSON_AND_ORGANIZATION_ASSIGNMENT ( #3679, #2504, ( #218 ) ) ;
#3700 = ORIENTED_EDGE ( 'NONE', *, *, #1053, .F. ) ;
#3701 = ORIENTED_EDGE ( 'NONE', *, *, #1441, .F. ) ;
#3702 = LINE ( 'NONE', #664, #409 ) ;
#3703 = PERSON_AND_ORGANIZATION ( #6453, #6167 ) ;
#3704 = SECURITY_CLASSIFICATION_LEVEL ( 'unclassified' ) ;
#3705 = DIRECTION ( 'NONE',  ( 1.000000000000000000, 0.000000000000000000, 0.000000000000000000 ) ) ;
#3706 = CC_DESIGN_PERSON_AND_ORGANIZATION_ASSIGNMENT ( #3295, #2077, ( #693 ) ) ;
#3707 = EDGE_LOOP ( 'NONE', ( #1678, #4246, #190, #580 ) ) ;
#3708 = FACE_OUTER_BOUND ( 'NONE', #3646, .T. ) ;
#3709 = EDGE_LOOP ( 'NONE', ( #876, #6568 ) ) ;
#3710 = DESIGN_CONTEXT ( 'detailed design', #3480, 'design' ) ;
#3711 = CARTESIAN_POINT ( 'NONE',  ( -4.000000000000000000, 2.500000000000000000, -1.250000000000000000 ) ) ;
#3712 = PERSON_AND_ORGANIZATION_ROLE ( 'classification_officer' ) ;
#3713 = LOCAL_TIME ( 19, 29, 3.000000000000000000, #205 ) ;
#3714 = ADVANCED_FACE ( 'NONE', ( #4334 ), #5717, .F. ) ;
#3715 = EDGE_CURVE ( 'NONE', #6091, #1934, #3763, .T. ) ;
#3716 = EDGE_CURVE ( 'NONE', #712, #5985, #5027, .T. ) ;
#3717 =( LENGTH_UNIT ( ) NAMED_UNIT ( * ) SI_UNIT ( .MILLI., .METRE. ) );
#3718 = ADVANCED_FACE ( 'NONE', ( #881, #6144, #3256, #2629, #6220 ), #841, .F. ) ;
#3719 = ORIENTED_EDGE ( 'NONE', *, *, #825, .F. ) ;
#3720 = ORIENTED_EDGE ( 'NONE', *, *, #4190, .T. ) ;
#3721 = DATE_AND_TIME ( #6688, #2812 ) ;
#3722 = CIRCLE ( 'NONE', #3659, 1.600000000000004086 ) ;
#3723 = FACE_OUTER_BOUND ( 'NONE', #6016, .T. ) ;
#3724 = ADVANCED_BREP_SHAPE_REPRESENTATION ( '', ( #7695, #6285 ), #4810 ) ;
#3725 = CC_DESIGN_SECURITY_CLASSIFICATION ( #1730, ( #7713 ) ) ;
#3726 = EDGE_CURVE ( 'NONE', #4459, #7541, #1389, .T. ) ;
#3727 = VECTOR ( 'NONE', #5701, 1000.000000000000000 ) ;
#3728 = EDGE_CURVE ( 'NONE', #2489, #6181, #3337, .T. ) ;
#3729 = APPROVAL_ROLE ( '' ) ;
#3730 = CARTESIAN_POINT ( 'NONE',  ( 0.000000000000000000, 2.500000000000000000, 0.000000000000000000 ) ) ;
#3731 = SECURITY_CLASSIFICATION ( '', '', #6910 ) ;
#3732 = CARTESIAN_POINT ( 'NONE',  ( -3.500000000000000000, 0.000000000000000000, -8.500000000000000000 ) ) ;
#3733 = ORIENTED_EDGE ( 'NONE', *, *, #6238, .F. ) ;
#3734 = DATE_AND_TIME ( #6695, #76 ) ;
#3735 = AXIS2_PLACEMENT_3D ( 'NONE', #4531, #303, #5079 ) ;
#3736 = DIRECTION ( 'NONE',  ( -0.000000000000000000, -1.000000000000000000, -0.000000000000000000 ) ) ;
#3737 = CC_DESIGN_APPROVAL ( #7703, ( #738 ) ) ;
#3738 = CARTESIAN_POINT ( 'NONE',  ( -54.00000000000000000, 1.599999999999999867, -81.50000000000000000 ) ) ;
#3739 = EDGE_CURVE ( 'NONE', #3122, #5209, #7389, .T. ) ;
#3740 = VECTOR ( 'NONE', #6534, 1000.000000000000000 ) ;
#3741 = DIRECTION ( 'NONE',  ( -0.000000000000000000, -1.000000000000000000, -0.000000000000000000 ) ) ;
#3742 = CARTESIAN_POINT ( 'NONE',  ( 39.00000000000000000, 36.00000000000000000, -21.30000000000000071 ) ) ;
#3743 = ORIENTED_EDGE ( 'NONE', *, *, #5355, .T. ) ;
#3744 = VECTOR ( 'NONE', #5373, 1000.000000000000000 ) ;
#3745 = DIRECTION ( 'NONE',  ( 0.000000000000000000, 0.000000000000000000, 1.000000000000000000 ) ) ;
#3746 = PERSON_AND_ORGANIZATION_ROLE ( 'creator' ) ;
#3747 = DIRECTION ( 'NONE',  ( 0.000000000000000000, 0.000000000000000000, 1.000000000000000000 ) ) ;
#3748 = ORIENTED_EDGE ( 'NONE', *, *, #6501, .F. ) ;
#3749 = FACE_OUTER_BOUND ( 'NONE', #3992, .T. ) ;
#3750 = ORIENTED_EDGE ( 'NONE', *, *, #6972, .T. ) ;
#3751 = DIRECTION ( 'NONE',  ( 0.000000000000000000, -1.000000000000000000, 0.000000000000000000 ) ) ;
#3752 = PRODUCT_DEFINITION_SHAPE ( 'NONE', 'NONE',  #746 ) ;
#3753 = CARTESIAN_POINT ( 'NONE',  ( -21.25000000000000000, 0.000000000000000000, -6.500000000000000000 ) ) ;
#3754 = CC_DESIGN_PERSON_AND_ORGANIZATION_ASSIGNMENT ( #2105, #7453, ( #80 ) ) ;
#3755 = DATE_AND_TIME ( #1447, #6952 ) ;
#3756 = ORIENTED_EDGE ( 'NONE', *, *, #4359, .T. ) ;
#3757 = ORIENTED_EDGE ( 'NONE', *, *, #5497, .T. ) ;
#3758 = COORDINATED_UNIVERSAL_TIME_OFFSET ( 8, 0, .AHEAD. ) ;
#3759 = CARTESIAN_POINT ( 'NONE',  ( 60.14999999999999858, 5.000000000000000000, 81.75000000000000000 ) ) ;
#3760 = EDGE_CURVE ( 'NONE', #3477, #1763, #388, .T. ) ;
#3761 = DATE_AND_TIME ( #4510, #5955 ) ;
#3762 = DIRECTION ( 'NONE',  ( -0.000000000000000000, -1.000000000000000000, -0.000000000000000000 ) ) ;
#3763 = CIRCLE ( 'NONE', #4020, 1.750000000000001554 ) ;
#3764 = EDGE_CURVE ( 'NONE', #454, #4791, #2670, .T. ) ;
#3765 = DIRECTION ( 'NONE',  ( 0.000000000000000000, 0.000000000000000000, -1.000000000000000000 ) ) ;
#3766 = ORIENTED_EDGE ( 'NONE', *, *, #6716, .T. ) ;
#3767 = CALENDAR_DATE ( 2026, 26, 7 ) ;
#3768 = PLANE ( 'NONE',  #5726 ) ;
#3769 = EDGE_CURVE ( 'NONE', #3916, #5806, #7430, .T. ) ;
#3770 = AXIS2_PLACEMENT_3D ( 'NONE', #2176, #2214, #5661 ) ;
#3771 = LOCAL_TIME ( 19, 29, 3.000000000000000000, #1870 ) ;
#3772 = CARTESIAN_POINT ( 'NONE',  ( -136.0000000000000000, 0.000000000000000000, 96.50000000000000000 ) ) ;
#3773 = DIRECTION ( 'NONE',  ( 0.000000000000000000, 0.000000000000000000, 1.000000000000000000 ) ) ;
#3774 = CARTESIAN_POINT ( 'NONE',  ( -14.25000000000000000, 2.500000000000000000, 12.00000000000000000 ) ) ;
#3775 = AXIS2_PLACEMENT_3D ( 'NONE', #5144, #1123, #2280 ) ;
#3776 = VECTOR ( 'NONE', #5882, 1000.000000000000000 ) ;
#3777 = VERTEX_POINT ( 'NONE', #1969 ) ;
#3778 = DIRECTION ( 'NONE',  ( -0.000000000000000000, -0.000000000000000000, 1.000000000000000000 ) ) ;
#3779 = CIRCLE ( 'NONE', #1041, 1.799999999999999600 ) ;
#3780 = APPROVAL_DATE_TIME ( #5616, #125 ) ;
#3781 = APPROVAL_DATE_TIME ( #151, #3985 ) ;
#3782 = DIRECTION ( 'NONE',  ( -1.000000000000000000, 0.000000000000000000, 0.000000000000000000 ) ) ;
#3783 = CARTESIAN_POINT ( 'NONE',  ( -133.2500000000000000, 16.00000000000000000, -75.00000000000000000 ) ) ;
#3784 = VECTOR ( 'NONE', #5969, 1000.000000000000000 ) ;
#3785 = ORIENTED_EDGE ( 'NONE', *, *, #2851, .T. ) ;
#3786 = VECTOR ( 'NONE', #3113, 1000.000000000000000 ) ;
#3787 = CARTESIAN_POINT ( 'NONE',  ( 5.750000000000000000, 2.500000000000000000, 72.50000000000000000 ) ) ;
#3788 = CIRCLE ( 'NONE', #5650, 1.799999999999999600 ) ;
#3789 = VERTEX_POINT ( 'NONE', #4446 ) ;
#3790 = UNCERTAINTY_MEASURE_WITH_UNIT (LENGTH_MEASURE( 1.000000000000000082E-05 ), #5417, 'distance_accuracy_value', 'NONE');
#3791 = DIRECTION ( 'NONE',  ( 0.000000000000000000, 0.000000000000000000, 1.000000000000000000 ) ) ;
#3792 = LINE ( 'NONE', #2433, #1277 ) ;
#3793 = VECTOR ( 'NONE', #5843, 1000.000000000000000 ) ;
#3794 = COORDINATED_UNIVERSAL_TIME_OFFSET ( 8, 0, .AHEAD. ) ;
#3795 = SHAPE_REPRESENTATION_RELATIONSHIP ( 'NONE' , 'NONE' ,  #1495, #7536 ) ;
#3796 = ORIENTED_EDGE ( 'NONE', *, *, #2565, .T. ) ;
#3797 = VERTEX_POINT ( 'NONE', #2080 ) ;
#3798 = PERSON_AND_ORGANIZATION_ROLE ( 'creator' ) ;
#3799 = APPROVAL ( #6597, '未指定' ) ;
#3800 = CARTESIAN_POINT ( 'NONE',  ( -138.0327499999999930, 91.09999999999999432, 98.50000000000000000 ) ) ;
#3801 = CIRCLE ( 'NONE', #7535, 1.750000000000001554 ) ;
#3802 = DATE_AND_TIME ( #3290, #3458 ) ;
#3803 = CARTESIAN_POINT ( 'NONE',  ( -54.00000000000000000, 3.600000000000000089, -81.50000000000000000 ) ) ;
#3804 = AXIS2_PLACEMENT_3D ( 'NONE', #119, #4893, #5583 ) ;
#3805 = DIRECTION ( 'NONE',  ( -1.000000000000000000, -0.000000000000000000, -0.000000000000000000 ) ) ;
#3806 = ADVANCED_FACE ( 'NONE', ( #5102 ), #1541, .F. ) ;
#3807 = VERTEX_POINT ( 'NONE', #7314 ) ;
#3808 = APPLICATION_PROTOCOL_DEFINITION ( 'international standard', 'config_control_design', 1994, #90 ) ;
#3809 = APPROVAL ( #2479, '未指定' ) ;
#3810 = DIRECTION ( 'NONE',  ( -0.000000000000000000, -1.000000000000000000, -0.000000000000000000 ) ) ;
#3811 = LOCAL_TIME ( 19, 29, 3.000000000000000000, #2949 ) ;
#3812 = ADVANCED_FACE ( 'NONE', ( #7351 ), #6813, .F. ) ;
#3813 = DIRECTION ( 'NONE',  ( 1.000000000000000000, 0.000000000000000000, 0.000000000000000000 ) ) ;
#3814 = DIRECTION ( 'NONE',  ( -1.000000000000000000, -0.000000000000000000, -0.000000000000000000 ) ) ;
#3815 = DIRECTION ( 'NONE',  ( 0.000000000000000000, 1.000000000000000000, 0.000000000000000000 ) ) ;
#3816 = EDGE_CURVE ( 'NONE', #5985, #302, #958, .T. ) ;
#3817 = SECURITY_CLASSIFICATION ( '', '', #5219 ) ;
#3818 = EDGE_CURVE ( 'NONE', #7076, #1733, #1427, .T. ) ;
#3819 = ORIENTED_EDGE ( 'NONE', *, *, #3636, .F. ) ;
#3820 = CARTESIAN_POINT ( 'NONE',  ( 4.750000000000000000, 0.000000000000000000, -11.25000000000000000 ) ) ;
#3821 = CC_DESIGN_APPROVAL ( #5654, ( #7428 ) ) ;
#3822 = APPROVAL_STATUS ( 'not_yet_approved' ) ;
#3823 = DATE_TIME_ROLE ( 'classification_date' ) ;
#3824 = LINE ( 'NONE', #3978, #2286 ) ;
#3825 = DIRECTION ( 'NONE',  ( 0.000000000000000000, 0.000000000000000000, 1.000000000000000000 ) ) ;
#3826 = ORIENTED_EDGE ( 'NONE', *, *, #370, .F. ) ;
#3827 = DIRECTION ( 'NONE',  ( 1.000000000000000000, -0.000000000000000000, 0.000000000000000000 ) ) ;
#3828 = CARTESIAN_POINT ( 'NONE',  ( -4.750000000000000000, 0.000000000000000000, 11.25000000000000000 ) ) ;
#3829 = LINE ( 'NONE', #6198, #1153 ) ;
#3830 = DATE_AND_TIME ( #7446, #7583 ) ;
#3831 = EDGE_LOOP ( 'NONE', ( #7599, #7628, #6550, #3766 ) ) ;
#3832 = ORIENTED_EDGE ( 'NONE', *, *, #3621, .F. ) ;
#3833 = APPROVAL_STATUS ( 'not_yet_approved' ) ;
#3834 = ORIENTED_EDGE ( 'NONE', *, *, #6340, .T. ) ;
#3835 = EDGE_LOOP ( 'NONE', ( #5391, #4752, #4014, #4225 ) ) ;
#3836 = LINE ( 'NONE', #3166, #5239 ) ;
#3837 = FACE_BOUND ( 'NONE', #4589, .T. ) ;
#3838 = SECURITY_CLASSIFICATION ( '', '', #3922 ) ;
#3839 = APPROVAL_ROLE ( '' ) ;
#3840 = APPROVAL ( #6030, '未指定' ) ;
#3841 = CARTESIAN_POINT ( 'NONE',  ( 33.00000000000000000, 40.00000000000000000, 30.50000000000000000 ) ) ;
#3842 = DIRECTION ( 'NONE',  ( -1.000000000000000000, 0.000000000000000000, 0.000000000000000000 ) ) ;
#3843 = ORIENTED_EDGE ( 'NONE', *, *, #5635, .T. ) ;
#3844 = APPROVAL_STATUS ( 'not_yet_approved' ) ;
#3845 = CC_DESIGN_APPROVAL ( #4709, ( #2712 ) ) ;
#3846 = DIRECTION ( 'NONE',  ( 1.000000000000000000, 0.000000000000000000, -0.000000000000000000 ) ) ;
#3847 = CLOSED_SHELL ( 'NONE', ( #3274, #4639, #5732, #1426, #4220, #1992, #1327, #6541, #3718, #2170, #4007, #5678, #5814, #1530 ) ) ;
#3848 = SHAPE_REPRESENTATION ( 'FN-PCB-003_carrier_ROTATED-CCW_4HOLE_R0.4', ( #6285 ), #6156 ) ;
#3849 = CARTESIAN_POINT ( 'NONE',  ( -8.500000000000000000, 2.500000000000000000, 8.500000000000001776 ) ) ;
#3850 = SECURITY_CLASSIFICATION ( '', '', #1179 ) ;
#3851 = APPROVAL ( #3203, '未指定' ) ;
#3852 = DIRECTION ( 'NONE',  ( 1.000000000000000000, 0.000000000000000000, 0.000000000000000000 ) ) ;
#3853 = VECTOR ( 'NONE', #2497, 1000.000000000000000 ) ;
#3854 = CYLINDRICAL_SURFACE ( 'NONE', #2157, 1.750000000000005107 ) ;
#3855 = EDGE_CURVE ( 'NONE', #6725, #46, #5681, .T. ) ;
#3856 = ORIENTED_EDGE ( 'NONE', *, *, #6947, .F. ) ;
#3857 = VECTOR ( 'NONE', #3530, 1000.000000000000000 ) ;
#3858 = DIRECTION ( 'NONE',  ( 0.000000000000000000, 0.000000000000000000, -1.000000000000000000 ) ) ;
#3859 = EDGE_CURVE ( 'NONE', #3515, #1712, #2706, .T. ) ;
#3860 = APPLICATION_PROTOCOL_DEFINITION ( 'international standard', 'config_control_design', 1994, #1246 ) ;
#3861 = ADVANCED_FACE ( 'NONE', ( #4517 ), #1577, .F. ) ;
#3862 = APPROVAL_STATUS ( 'not_yet_approved' ) ;
#3863 = CARTESIAN_POINT ( 'NONE',  ( 60.14999999999999858, 0.000000000000000000, -78.25000000000000000 ) ) ;
#3864 = VECTOR ( 'NONE', #5942, 1000.000000000000000 ) ;
#3865 = DIRECTION ( 'NONE',  ( 1.000000000000000000, 0.000000000000000000, 0.000000000000000000 ) ) ;
#3866 = ORIENTED_EDGE ( 'NONE', *, *, #7383, .F. ) ;
#3867 = CARTESIAN_POINT ( 'NONE',  ( 158.9499999999999886, 91.09999999999999432, 119.4500000000000028 ) ) ;
#3868 = UNCERTAINTY_MEASURE_WITH_UNIT (LENGTH_MEASURE( 1.000000000000000082E-05 ), #748, 'distance_accuracy_value', 'NONE');
#3869 = EDGE_CURVE ( 'NONE', #953, #1320, #6926, .T. ) ;
#3870 = DIRECTION ( 'NONE',  ( 0.000000000000000000, 1.000000000000000000, 0.000000000000000000 ) ) ;
#3871 = CIRCLE ( 'NONE', #6225, 1.799999999999999600 ) ;
#3872 = CARTESIAN_POINT ( 'NONE',  ( -39.00000000000000000, 0.000000000000000000, 19.50000000000000000 ) ) ;
#3873 = COORDINATED_UNIVERSAL_TIME_OFFSET ( 8, 0, .AHEAD. ) ;
#3874 = EDGE_CURVE ( 'NONE', #1528, #5525, #6499, .T. ) ;
#3875 = VERTEX_POINT ( 'NONE', #5182 ) ;
#3876 = DIRECTION ( 'NONE',  ( 0.000000000000000000, 0.000000000000000000, 1.000000000000000000 ) ) ;
#3877 = DATE_AND_TIME ( #3283, #4075 ) ;
#3878 = ORIENTED_EDGE ( 'NONE', *, *, #3051, .T. ) ;
#3879 = DIRECTION ( 'NONE',  ( -1.000000000000000000, -0.000000000000000000, -0.000000000000000000 ) ) ;
#3880 = EDGE_CURVE ( 'NONE', #6256, #702, #6419, .T. ) ;
#3881 = FACE_BOUND ( 'NONE', #1949, .T. ) ;
#3882 = PERSON_AND_ORGANIZATION ( #6453, #6167 ) ;
#3883 = CARTESIAN_POINT ( 'NONE',  ( -19.00000000000000000, 0.000000000000000000, 9.000000000000000000 ) ) ;
#3884 = LINE ( 'NONE', #6251, #4929 ) ;
#3885 = ORIENTED_EDGE ( 'NONE', *, *, #6668, .T. ) ;
#3886 = DATE_AND_TIME ( #7349, #1557 ) ;
#3887 = LINE ( 'NONE', #5100, #2989 ) ;
#3888 = CC_DESIGN_DATE_AND_TIME_ASSIGNMENT ( #299, #6787, ( #1117 ) ) ;
#3889 = DIRECTION ( 'NONE',  ( 0.000000000000000000, 0.000000000000000000, -1.000000000000000000 ) ) ;
#3890 = VECTOR ( 'NONE', #997, 1000.000000000000000 ) ;
#3891 = PLANE ( 'NONE',  #5283 ) ;
#3892 = DIRECTION ( 'NONE',  ( 0.000000000000000000, 0.000000000000000000, 1.000000000000000000 ) ) ;
#3893 = EDGE_LOOP ( 'NONE', ( #1964, #2093 ) ) ;
#3894 = VECTOR ( 'NONE', #494, 1000.000000000000000 ) ;
#3895 = CC_DESIGN_PERSON_AND_ORGANIZATION_ASSIGNMENT ( #6046, #3082, ( #7639 ) ) ;
#3896 = PLANE ( 'NONE',  #3033 ) ;
#3897 = VECTOR ( 'NONE', #3852, 1000.000000000000000 ) ;
#3898 = CALENDAR_DATE ( 2026, 26, 7 ) ;
#3899 = SECURITY_CLASSIFICATION ( '', '', #2197 ) ;
#3900 = DIRECTION ( 'NONE',  ( 0.000000000000000000, 0.000000000000000000, -1.000000000000000000 ) ) ;
#3901 = COORDINATED_UNIVERSAL_TIME_OFFSET ( 8, 0, .AHEAD. ) ;
#3902 = EDGE_LOOP ( 'NONE', ( #1209, #759, #3309, #3196 ) ) ;
#3903 = CARTESIAN_POINT ( 'NONE',  ( 6.000000000000000000, 0.000000000000000000, 6.000000000000000000 ) ) ;
#3904 = EDGE_CURVE ( 'NONE', #2386, #3448, #147, .T. ) ;
#3905 = AXIS2_PLACEMENT_3D ( 'NONE', #5992, #5467, #7238 ) ;
#3906 = LINE ( 'NONE', #3313, #2610 ) ;
#3907 = ORIENTED_EDGE ( 'NONE', *, *, #6640, .F. ) ;
#3908 = APPROVAL_DATE_TIME ( #4070, #4717 ) ;
#3909 = LINE ( 'NONE', #6831, #1519 ) ;
#3910 = EDGE_CURVE ( 'NONE', #6091, #5854, #5757, .T. ) ;
#3911 = APPROVAL_STATUS ( 'not_yet_approved' ) ;
#3912 = AXIS2_PLACEMENT_3D ( 'NONE', #5155, #4494, #3900 ) ;
#3913 = ORIENTED_EDGE ( 'NONE', *, *, #1764, .F. ) ;
#3914 = EDGE_LOOP ( 'NONE', ( #5785, #6496, #5270, #1695 ) ) ;
#3915 = PERSON_AND_ORGANIZATION ( #6453, #6167 ) ;
#3916 = VERTEX_POINT ( 'NONE', #7042 ) ;
#3917 = EDGE_CURVE ( 'NONE', #1958, #4085, #6337, .T. ) ;
#3918 = CARTESIAN_POINT ( 'NONE',  ( 6.000000000000000000, 0.000000000000000000, -6.000000000000000000 ) ) ;
#3919 = DIRECTION ( 'NONE',  ( -1.000000000000000000, 0.000000000000000000, -0.000000000000000000 ) ) ;
#3920 = AXIS2_PLACEMENT_3D ( 'NONE', #2199, #5760, #2791 ) ;
#3921 = EDGE_CURVE ( 'NONE', #6914, #302, #5801, .T. ) ;
#3922 = SECURITY_CLASSIFICATION_LEVEL ( 'unclassified' ) ;
#3923 = ADVANCED_FACE ( 'NONE', ( #7593 ), #4678, .F. ) ;
#3924 = CARTESIAN_POINT ( 'NONE',  ( 60.14999999999999858, 5.000000000000000000, 30.60000000000000142 ) ) ;
#3925 = CARTESIAN_POINT ( 'NONE',  ( 14.25000000000000000, 2.500000000000000000, -8.000000000000000000 ) ) ;
#3926 = ORIENTED_EDGE ( 'NONE', *, *, #6947, .T. ) ;
#3927 = CALENDAR_DATE ( 2026, 26, 7 ) ;
#3928 = LINE ( 'NONE', #4442, #1979 ) ;
#3929 = DIRECTION ( 'NONE',  ( 1.000000000000000000, 0.000000000000000000, 0.000000000000000000 ) ) ;
#3930 = AXIS2_PLACEMENT_3D ( 'NONE', #1648, #6494, #358 ) ;
#3931 = APPLICATION_CONTEXT ( 'configuration controlled 3d designs of mechanical parts and assemblies' ) ;
#3932 = PLANE ( 'NONE',  #4160 ) ;
#3933 = CARTESIAN_POINT ( 'NONE',  ( -8.500000000000000000, 0.000000000000000000, 8.500000000000001776 ) ) ;
#3934 = ORIENTED_EDGE ( 'NONE', *, *, #6583, .T. ) ;
#3935 = APPROVAL_PERSON_ORGANIZATION ( #62, #7671, #1924 ) ;
#3936 = FACE_OUTER_BOUND ( 'NONE', #3504, .T. ) ;
#3937 = CC_DESIGN_APPROVAL ( #2559, ( #3686 ) ) ;
#3938 = CALENDAR_DATE ( 2026, 26, 7 ) ;
#3939 = DIRECTION ( 'NONE',  ( 1.000000000000000000, -0.000000000000000000, 0.000000000000000000 ) ) ;
#3940 = APPROVAL ( #990, '未指定' ) ;
#3941 = PERSON_AND_ORGANIZATION_ROLE ( 'classification_officer' ) ;
#3942 = VERTEX_POINT ( 'NONE', #7511 ) ;
#3943 = DIRECTION ( 'NONE',  ( 1.000000000000000000, 0.000000000000000000, 0.000000000000000000 ) ) ;
#3944 = ORIENTED_EDGE ( 'NONE', *, *, #7476, .T. ) ;
#3945 = DESIGN_CONTEXT ( 'detailed design', #2718, 'design' ) ;
#3946 = CC_DESIGN_SECURITY_CLASSIFICATION ( #3817, ( #1443 ) ) ;
#3947 = FACE_OUTER_BOUND ( 'NONE', #672, .T. ) ;
#3948 = PERSON_AND_ORGANIZATION ( #6453, #6167 ) ;
#3949 = DIRECTION ( 'NONE',  ( 0.000000000000000000, 0.000000000000000000, -1.000000000000000000 ) ) ;
#3950 = COORDINATED_UNIVERSAL_TIME_OFFSET ( 8, 0, .AHEAD. ) ;
#3951 = PRODUCT_RELATED_PRODUCT_CATEGORY ( 'detail', '', ( #4000 ) ) ;
#3952 = EDGE_LOOP ( 'NONE', ( #4913, #7232, #2231, #1838 ) ) ;
#3953 = DIRECTION ( 'NONE',  ( -0.000000000000000000, -0.000000000000000000, 1.000000000000000000 ) ) ;
#3954 = EDGE_CURVE ( 'NONE', #2762, #1528, #4008, .T. ) ;
#3955 = CALENDAR_DATE ( 2026, 26, 7 ) ;
#3956 = ORIENTED_EDGE ( 'NONE', *, *, #1911, .F. ) ;
#3957 = LINE ( 'NONE', #984, #6973 ) ;
#3958 = CARTESIAN_POINT ( 'NONE',  ( 8.250000000000000000, 2.500000000000000000, 7.250000000000000000 ) ) ;
#3959 = PERSON_AND_ORGANIZATION ( #6453, #6167 ) ;
#3960 = EDGE_CURVE ( 'NONE', #2579, #2922, #2314, .T. ) ;
#3961 = LINE ( 'NONE', #5258, #3404 ) ;
#3962 = VERTEX_POINT ( 'NONE', #6461 ) ;
#3963 = SECURITY_CLASSIFICATION_LEVEL ( 'unclassified' ) ;
#3964 = CARTESIAN_POINT ( 'NONE',  ( -39.00000000000000000, 38.00000000000000000, 21.30000000000000071 ) ) ;
#3965 = CC_DESIGN_SECURITY_CLASSIFICATION ( #5838, ( #7708 ) ) ;
#3966 = EDGE_CURVE ( 'NONE', #272, #4247, #5634, .T. ) ;
#3967 = DIRECTION ( 'NONE',  ( 0.000000000000000000, -1.000000000000000000, 0.000000000000000000 ) ) ;
#3968 = CARTESIAN_POINT ( 'NONE',  ( 21.25000000000000000, 2.500000000000000000, 10.50000000000000000 ) ) ;
#3969 = ORGANIZATION ( 'NAUO-ORG8', 'UNSPECIFIED', 'UNSPECIFIED' ) ;
#3970 = LINE ( 'NONE', #402, #5433 ) ;
#3971 = ORIENTED_EDGE ( 'NONE', *, *, #4444, .T. ) ;
#3972 = APPLICATION_CONTEXT ( 'configuration controlled 3d designs of mechanical parts and assemblies' ) ;
#3973 = CC_DESIGN_SECURITY_CLASSIFICATION ( #4864, ( #7721 ) ) ;
#3974 = DIRECTION ( 'NONE',  ( -0.000000000000000000, -1.000000000000000000, -0.000000000000000000 ) ) ;
#3975 = AXIS2_PLACEMENT_3D ( 'NONE', #5553, #1916, #2643 ) ;
#3976 = CARTESIAN_POINT ( 'NONE',  ( 39.00000000000000000, 0.000000000000000000, 20.75000000000000355 ) ) ;
#3977 = PERSON_AND_ORGANIZATION_ROLE ( 'classification_officer' ) ;
#3978 = CARTESIAN_POINT ( 'NONE',  ( 10.25000000000000000, 2.500000000000000000, -1.750000000000000000 ) ) ;
#3979 = ORGANIZATION ( 'NAUO-ORG22', 'UNSPECIFIED', 'UNSPECIFIED' ) ;
#3980 = APPLICATION_PROTOCOL_DEFINITION ( 'international standard', 'config_control_design', 1994, #2475 ) ;
#3981 = ORIENTED_EDGE ( 'NONE', *, *, #3142, .F. ) ;
#3982 = CARTESIAN_POINT ( 'NONE',  ( -136.0000000000000000, 3.000000000000000000, 96.50000000000000000 ) ) ;
#3983 = ORIENTED_EDGE ( 'NONE', *, *, #4411, .T. ) ;
#3984 = AXIS2_PLACEMENT_3D ( 'NONE', #867, #167, #4941 ) ;
#3985 = APPROVAL ( #2926, 'UNKNOWN' ) ;
#3986 = DIRECTION ( 'NONE',  ( 0.000000000000000000, 0.000000000000000000, 1.000000000000000000 ) ) ;
#3987 = APPROVAL_ROLE ( '' ) ;
#3988 = CARTESIAN_POINT ( 'NONE',  ( 138.0327499999999930, 91.09999999999999432, 98.50000000000000000 ) ) ;
#3989 = COORDINATED_UNIVERSAL_TIME_OFFSET ( 8, 0, .AHEAD. ) ;
#3990 = VECTOR ( 'NONE', #5220, 1000.000000000000000 ) ;
#3991 = VERTEX_POINT ( 'NONE', #4091 ) ;
#3992 = EDGE_LOOP ( 'NONE', ( #3538, #1609, #7153, #5119 ) ) ;
#3993 = CARTESIAN_POINT ( 'NONE',  ( -60.14999999999999858, 3.000000000000000000, -32.35000000000000142 ) ) ;
#3994 = APPROVAL_STATUS ( 'not_yet_approved' ) ;
#3995 = ORIENTED_EDGE ( 'NONE', *, *, #579, .T. ) ;
#3996 = DIRECTION ( 'NONE',  ( 0.000000000000000000, 0.000000000000000000, 1.000000000000000000 ) ) ;
#3997 = VECTOR ( 'NONE', #6717, 1000.000000000000000 ) ;
#3998 = CC_DESIGN_PERSON_AND_ORGANIZATION_ASSIGNMENT ( #1017, #7029, ( #4210 ) ) ;
#3999 = DIRECTION ( 'NONE',  ( 0.000000000000000000, 0.000000000000000000, 1.000000000000000000 ) ) ;
#4000 = PRODUCT ( 'FN-HAR-008_xls1-rf-exit_R0.4', 'FN-HAR-008_xls1-rf-exit_R0.4', '', ( #7565 ) ) ;
#4001 = PERSON_AND_ORGANIZATION_ROLE ( 'classification_officer' ) ;
#4002 = LINE ( 'NONE', #7460, #1532 ) ;
#4003 = ORIENTED_EDGE ( 'NONE', *, *, #2243, .T. ) ;
#4004 = EDGE_LOOP ( 'NONE', ( #1807, #3564, #7027, #7001 ) ) ;
#4005 = PERSON_AND_ORGANIZATION ( #6453, #6167 ) ;
#4006 = CARTESIAN_POINT ( 'NONE',  ( -3.500000000000000000, 2.500000000000000000, -8.500000000000000000 ) ) ;
#4007 = ADVANCED_FACE ( 'NONE', ( #5141 ), #1036, .F. ) ;
#4008 = LINE ( 'NONE', #2828, #30 ) ;
#4009 = DATE_AND_TIME ( #1617, #2395 ) ;
#4010 = EDGE_CURVE ( 'NONE', #1528, #7076, #1120, .T. ) ;
#4011 = ADVANCED_FACE ( 'NONE', ( #4715 ), #3493, .F. ) ;
#4012 = DIRECTION ( 'NONE',  ( -0.000000000000000000, -0.000000000000000000, 1.000000000000000000 ) ) ;
#4013 = PLANE ( 'NONE',  #6902 ) ;
#4014 = ORIENTED_EDGE ( 'NONE', *, *, #7395, .T. ) ;
#4015 = VECTOR ( 'NONE', #4883, 1000.000000000000000 ) ;
#4016 = CARTESIAN_POINT ( 'NONE',  ( 10.25000000000000000, 2.500000000000000000, 1.750000000000000000 ) ) ;
#4017 = PLANE ( 'NONE',  #5524 ) ;
#4018 = DATE_AND_TIME ( #6433, #6338 ) ;
#4019 = DIRECTION ( 'NONE',  ( 0.000000000000000000, 0.000000000000000000, -1.000000000000000000 ) ) ;
#4020 = AXIS2_PLACEMENT_3D ( 'NONE', #6738, #6890, #919 ) ;
#4021 = PERSON_AND_ORGANIZATION ( #6453, #6167 ) ;
#4022 = EDGE_CURVE ( 'NONE', #3807, #702, #5521, .T. ) ;
#4023 = VERTEX_POINT ( 'NONE', #7005 ) ;
#4024 = DIRECTION ( 'NONE',  ( -0.000000000000000000, -1.000000000000000000, 0.000000000000000000 ) ) ;
#4025 = DIRECTION ( 'NONE',  ( 0.000000000000000000, 0.000000000000000000, -1.000000000000000000 ) ) ;
#4026 = AXIS2_PLACEMENT_3D ( 'NONE', #6009, #2917, #6385 ) ;
#4027 = SECURITY_CLASSIFICATION ( '', '', #2354 ) ;
#4028 = PERSON_AND_ORGANIZATION ( #6453, #6167 ) ;
#4029 = DIRECTION ( 'NONE',  ( 0.000000000000000000, 0.000000000000000000, 1.000000000000000000 ) ) ;
#4030 = ITEM_DEFINED_TRANSFORMATION ( 'NONE', 'NONE', #2551,  #6285 ) ;
#4031 = VERTEX_POINT ( 'NONE', #1657 ) ;
#4032 = VECTOR ( 'NONE', #2444, 1000.000000000000000 ) ;
#4033 = PLANE ( 'NONE',  #850 ) ;
#4034 = MECHANICAL_CONTEXT ( 'NONE', #6208, 'mechanical' ) ;
#4035 = VECTOR ( 'NONE', #4271, 1000.000000000000000 ) ;
#4036 = ORIENTED_EDGE ( 'NONE', *, *, #4720, .T. ) ;
#4037 = CARTESIAN_POINT ( 'NONE',  ( 136.0000000000000000, 3.000000000000000000, 96.50000000000000000 ) ) ;
#4038 =( REPRESENTATION_RELATIONSHIP ('NONE','NONE', #110, #1452 ) REPRESENTATION_RELATIONSHIP_WITH_TRANSFORMATION ( #2965 )SHAPE_REPRESENTATION_RELATIONSHIP( ) );
#4039 = CARTESIAN_POINT ( 'NONE',  ( 5.750000000000000000, 0.000000000000000000, 72.50000000000000000 ) ) ;
#4040 = COORDINATED_UNIVERSAL_TIME_OFFSET ( 8, 0, .AHEAD. ) ;
#4041 = CYLINDRICAL_SURFACE ( 'NONE', #2531, 1.750000000000005107 ) ;
#4042 =( LENGTH_UNIT ( ) NAMED_UNIT ( * ) SI_UNIT ( .MILLI., .METRE. ) );
#4043 = APPROVAL ( #5402, '未指定' ) ;
#4044 = ORIENTED_EDGE ( 'NONE', *, *, #1114, .F. ) ;
#4045 = ORIENTED_EDGE ( 'NONE', *, *, #716, .F. ) ;
#4046 = APPROVAL_DATE_TIME ( #5179, #4200 ) ;
#4047 = CARTESIAN_POINT ( 'NONE',  ( -10.25000000000000000, 2.500000000000000000, 1.750000000000000000 ) ) ;
#4048 = AXIS2_PLACEMENT_3D ( 'NONE', #7685, #2326, #4726 ) ;
#4049 = DIRECTION ( 'NONE',  ( 0.000000000000000000, -1.000000000000000000, 0.000000000000000000 ) ) ;
#4050 = DATE_AND_TIME ( #5877, #3026 ) ;
#4051 = DIRECTION ( 'NONE',  ( -1.000000000000000000, -0.000000000000000000, -0.000000000000000000 ) ) ;
#4052 = VECTOR ( 'NONE', #758, 1000.000000000000000 ) ;
#4053 = FACE_OUTER_BOUND ( 'NONE', #5862, .T. ) ;
#4054 = CC_DESIGN_PERSON_AND_ORGANIZATION_ASSIGNMENT ( #2991, #1818, ( #1436 ) ) ;
#4055 = VERTEX_POINT ( 'NONE', #1078 ) ;
#4056 = CARTESIAN_POINT ( 'NONE',  ( -39.00000000000000000, 3.000000000000000000, -20.75000000000000355 ) ) ;
#4057 = EDGE_CURVE ( 'NONE', #2760, #1894, #1739, .T. ) ;
#4058 = CARTESIAN_POINT ( 'NONE',  ( 0.000000000000000000, 2.500000000000000000, 0.000000000000000000 ) ) ;
#4059 = EDGE_CURVE ( 'NONE', #3448, #4355, #6163, .T. ) ;
#4060 = COORDINATED_UNIVERSAL_TIME_OFFSET ( 8, 0, .AHEAD. ) ;
#4061 = DIRECTION ( 'NONE',  ( 0.000000000000000000, 0.000000000000000000, 1.000000000000000000 ) ) ;
#4062 = EDGE_CURVE ( 'NONE', #4298, #7588, #7120, .T. ) ;
#4063 = APPROVAL_PERSON_ORGANIZATION ( #5389, #1752, #1932 ) ;
#4064 = ORIENTED_EDGE ( 'NONE', *, *, #4881, .T. ) ;
#4065 = EDGE_CURVE ( 'NONE', #5741, #3807, #4839, .T. ) ;
#4066 = ORIENTED_EDGE ( 'NONE', *, *, #1873, .T. ) ;
#4067 = PLANE ( 'NONE',  #1665 ) ;
#4068 = SECURITY_CLASSIFICATION ( '', '', #7274 ) ;
#4069 = EDGE_CURVE ( 'NONE', #2159, #705, #1408, .T. ) ;
#4070 = DATE_AND_TIME ( #1679, #5687 ) ;
#4071 = FACE_OUTER_BOUND ( 'NONE', #2811, .T. ) ;
#4072 = COORDINATED_UNIVERSAL_TIME_OFFSET ( 8, 0, .AHEAD. ) ;
#4073 = SHAPE_REPRESENTATION_RELATIONSHIP ( 'NONE' , 'NONE' ,  #4654, #4760 ) ;
#4074 = VERTEX_POINT ( 'NONE', #783 ) ;
#4075 = LOCAL_TIME ( 19, 29, 3.000000000000000000, #2580 ) ;
#4076 = FACE_OUTER_BOUND ( 'NONE', #1931, .T. ) ;
#4077 = DATE_AND_TIME ( #3399, #446 ) ;
#4078 = EDGE_LOOP ( 'NONE', ( #5073, #5259, #3832, #4003 ) ) ;
#4079 = LINE ( 'NONE', #3479, #2108 ) ;
#4080 = FACE_OUTER_BOUND ( 'NONE', #394, .T. ) ;
#4081 = APPROVAL_PERSON_ORGANIZATION ( #2881, #3799, #6480 ) ;
#4082 = PERSON_AND_ORGANIZATION ( #6453, #6167 ) ;
#4083 = CARTESIAN_POINT ( 'NONE',  ( -138.0327499999999930, 91.09999999999999432, -98.50000000000000000 ) ) ;
#4084 =( LENGTH_UNIT ( ) NAMED_UNIT ( * ) SI_UNIT ( .MILLI., .METRE. ) );
#4085 = VERTEX_POINT ( 'NONE', #196 ) ;
#4086 = ORIENTED_EDGE ( 'NONE', *, *, #7354, .T. ) ;
#4087 = PERSON_AND_ORGANIZATION_ROLE ( 'creator' ) ;
#4088 = FACE_OUTER_BOUND ( 'NONE', #1734, .T. ) ;
#4089 = ORIENTED_EDGE ( 'NONE', *, *, #626, .T. ) ;
#4090 = APPROVAL ( #3521, 'UNKNOWN' ) ;
#4091 = CARTESIAN_POINT ( 'NONE',  ( 0.5000000000000004441, 0.000000000000000000, 12.50000000000000000 ) ) ;
#4092 = PERSON_AND_ORGANIZATION_ROLE ( 'design_supplier' ) ;
#4093 = LINE ( 'NONE', #3338, #6133 ) ;
#4094 = CARTESIAN_POINT ( 'NONE',  ( 0.5000000000000004441, 0.000000000000000000, 12.50000000000000000 ) ) ;
#4095 = EDGE_LOOP ( 'NONE', ( #6911, #2466 ) ) ;
#4096 = APPROVAL ( #2768, '未指定' ) ;
#4097 = CARTESIAN_POINT ( 'NONE',  ( -60.00000000000000000, 3.000000000000000000, -42.50000000000000000 ) ) ;
#4098 = APPROVAL_PERSON_ORGANIZATION ( #4394, #2549, #5632 ) ;
#4099 = CARTESIAN_POINT ( 'NONE',  ( 8.500000000000000000, 2.500000000000000000, -8.500000000000000000 ) ) ;
#4100 = PLANE ( 'NONE',  #7026 ) ;
#4101 = ORIENTED_EDGE ( 'NONE', *, *, #2189, .T. ) ;
#4102 = ORGANIZATION ( 'NAUO-ORG9', 'UNSPECIFIED', 'UNSPECIFIED' ) ;
#4103 = VERTEX_POINT ( 'NONE', #4169 ) ;
#4104 = EDGE_CURVE ( 'NONE', #808, #1610, #3792, .T. ) ;
#4105 = LINE ( 'NONE', #2923, #7390 ) ;
#4106 = DATE_TIME_ROLE ( 'creation_date' ) ;
#4107 = DIRECTION ( 'NONE',  ( 0.000000000000000000, 0.000000000000000000, 1.000000000000000000 ) ) ;
#4108 = APPROVAL_ROLE ( '' ) ;
#4109 = ADVANCED_FACE ( 'NONE', ( #4212 ), #646, .F. ) ;
#4110 = LOCAL_TIME ( 19, 29, 3.000000000000000000, #7437 ) ;
#4111 = VECTOR ( 'NONE', #4278, 1000.000000000000000 ) ;
#4112 = EDGE_CURVE ( 'NONE', #3364, #368, #7369, .T. ) ;
#4113 = ORIENTED_EDGE ( 'NONE', *, *, #5961, .T. ) ;
#4114 = DIRECTION ( 'NONE',  ( 0.000000000000000000, 1.000000000000000000, 0.000000000000000000 ) ) ;
#4115 = DATE_AND_TIME ( #3955, #2944 ) ;
#4116 = ORIENTED_EDGE ( 'NONE', *, *, #1382, .T. ) ;
#4117 = CARTESIAN_POINT ( 'NONE',  ( -28.00000000000000000, 0.000000000000000000, -15.50000000000000000 ) ) ;
#4118 = EDGE_CURVE ( 'NONE', #1586, #4085, #6574, .T. ) ;
#4119 = LOCAL_TIME ( 19, 29, 3.000000000000000000, #5153 ) ;
#4120 = DIRECTION ( 'NONE',  ( -1.000000000000000000, -0.000000000000000000, -0.000000000000000000 ) ) ;
#4121 = VECTOR ( 'NONE', #3213, 1000.000000000000000 ) ;
#4122 = APPROVAL_DATE_TIME ( #390, #4765 ) ;
#4123 = DIRECTION ( 'NONE',  ( 0.000000000000000000, 0.000000000000000000, -1.000000000000000000 ) ) ;
#4124 = SHAPE_REPRESENTATION_RELATIONSHIP ( 'NONE' , 'NONE' ,  #6788, #3724 ) ;
#4125 = ORIENTED_EDGE ( 'NONE', *, *, #3673, .T. ) ;
#4126 = ORIENTED_EDGE ( 'NONE', *, *, #626, .F. ) ;
#4127 = PERSON_AND_ORGANIZATION_ROLE ( 'design_owner' ) ;
#4128 = VECTOR ( 'NONE', #4704, 1000.000000000000000 ) ;
#4129 = FACE_OUTER_BOUND ( 'NONE', #7450, .T. ) ;
#4130 = CARTESIAN_POINT ( 'NONE',  ( 57.50000000000000000, 1.600000000000000089, 85.00000000000000000 ) ) ;
#4131 = PERSON_AND_ORGANIZATION_ROLE ( 'classification_officer' ) ;
#4132 = CARTESIAN_POINT ( 'NONE',  ( 60.14999999999999858, 3.000000000000000000, 32.35000000000000142 ) ) ;
#4133 = PRODUCT ( 'FN-HAR-004_fuse-to-dc5521_R0.4', 'FN-HAR-004_fuse-to-dc5521_R0.4', '', ( #480 ) ) ;
#4134 = CARTESIAN_POINT ( 'NONE',  ( -6.000000000000000000, 6.000000000000000000, -6.000000000000000000 ) ) ;
#4135 = CC_DESIGN_PERSON_AND_ORGANIZATION_ASSIGNMENT ( #5126, #2138, ( #6708 ) ) ;
#4136 = ORIENTED_EDGE ( 'NONE', *, *, #3485, .F. ) ;
#4137 = ADVANCED_FACE ( 'NONE', ( #4254 ), #233, .T. ) ;
#4138 = LINE ( 'NONE', #3381, #5016 ) ;
#4139 = DIRECTION ( 'NONE',  ( 0.000000000000000000, -1.000000000000000000, 0.000000000000000000 ) ) ;
#4140 = PLANE ( 'NONE',  #5783 ) ;
#4141 = APPROVAL ( #6516, '未指定' ) ;
#4142 = VERTEX_POINT ( 'NONE', #2611 ) ;
#4143 = ORIENTED_EDGE ( 'NONE', *, *, #7190, .T. ) ;
#4144 = LINE ( 'NONE', #7609, #5034 ) ;
#4145 = DATE_AND_TIME ( #4186, #4522 ) ;
#4146 = CARTESIAN_POINT ( 'NONE',  ( -39.00000000000000000, 38.00000000000000000, -17.69999999999999929 ) ) ;
#4147 = VECTOR ( 'NONE', #4988, 1000.000000000000000 ) ;
#4148 = COORDINATED_UNIVERSAL_TIME_OFFSET ( 8, 0, .AHEAD. ) ;
#4149 = DIRECTION ( 'NONE',  ( 0.000000000000000000, 0.000000000000000000, 1.000000000000000000 ) ) ;
#4150 = ADVANCED_FACE ( 'NONE', ( #5384 ), #2576, .F. ) ;
#4151 = ORIENTED_EDGE ( 'NONE', *, *, #4359, .F. ) ;
#4152 = DIRECTION ( 'NONE',  ( 0.000000000000000000, 0.000000000000000000, -1.000000000000000000 ) ) ;
#4153 = APPROVAL_DATE_TIME ( #49, #3270 ) ;
#4154 = ORIENTED_EDGE ( 'NONE', *, *, #1516, .F. ) ;
#4155 = VECTOR ( 'NONE', #1633, 1000.000000000000000 ) ;
#4156 = APPROVAL_PERSON_ORGANIZATION ( #6555, #4141, #1214 ) ;
#4157 = CARTESIAN_POINT ( 'NONE',  ( 0.000000000000000000, 0.000000000000000000, 0.000000000000000000 ) ) ;
#4158 = DATE_AND_TIME ( #1880, #6082 ) ;
#4159 = DIRECTION ( 'NONE',  ( 0.000000000000000000, -1.000000000000000000, 0.000000000000000000 ) ) ;
#4160 = AXIS2_PLACEMENT_3D ( 'NONE', #4406, #6779, #7352 ) ;
#4161 = VECTOR ( 'NONE', #3974, 1000.000000000000000 ) ;
#4162 =( NAMED_UNIT ( * ) SI_UNIT ( $, .STERADIAN. ) SOLID_ANGLE_UNIT ( ) );
#4163 = EDGE_CURVE ( 'NONE', #6532, #2536, #3829, .T. ) ;
#4164 = EDGE_LOOP ( 'NONE', ( #7126, #6992 ) ) ;
#4165 = ORIENTED_EDGE ( 'NONE', *, *, #7056, .F. ) ;
#4166 = SECURITY_CLASSIFICATION_LEVEL ( 'unclassified' ) ;
#4167 = FACE_BOUND ( 'NONE', #6783, .T. ) ;
#4168 = VECTOR ( 'NONE', #1150, 1000.000000000000000 ) ;
#4169 = CARTESIAN_POINT ( 'NONE',  ( 0.5000000000000000000, 2.500000000000000000, -8.500000000000000000 ) ) ;
#4170 = COORDINATED_UNIVERSAL_TIME_OFFSET ( 8, 0, .AHEAD. ) ;
#4171 = CYLINDRICAL_SURFACE ( 'NONE', #4668, 1.600000000000004086 ) ;
#4172 = DIRECTION ( 'NONE',  ( -0.000000000000000000, -1.000000000000000000, -0.000000000000000000 ) ) ;
#4173 = VECTOR ( 'NONE', #1584, 1000.000000000000000 ) ;
#4174 = DATE_AND_TIME ( #7480, #7680 ) ;
#4175 = PLANE ( 'NONE',  #2850 ) ;
#4176 = ORIENTED_EDGE ( 'NONE', *, *, #5359, .F. ) ;
#4177 = FACE_OUTER_BOUND ( 'NONE', #6436, .T. ) ;
#4178 = ADVANCED_FACE ( 'NONE', ( #22 ), #2945, .F. ) ;
#4179 = VECTOR ( 'NONE', #4799, 1000.000000000000000 ) ;
#4180 = DIRECTION ( 'NONE',  ( 0.000000000000000000, 0.000000000000000000, 1.000000000000000000 ) ) ;
#4181 = FACE_OUTER_BOUND ( 'NONE', #6711, .T. ) ;
#4182 = ORIENTED_EDGE ( 'NONE', *, *, #6286, .T. ) ;
#4183 =( GEOMETRIC_REPRESENTATION_CONTEXT ( 3 ) GLOBAL_UNCERTAINTY_ASSIGNED_CONTEXT ( ( #3868 ) ) GLOBAL_UNIT_ASSIGNED_CONTEXT ( ( #748, #7411, #5083 ) ) REPRESENTATION_CONTEXT ( 'NONE', 'WORKASPACE' ) );
#4184 = VERTEX_POINT ( 'NONE', #2392 ) ;
#4185 = DIRECTION ( 'NONE',  ( 1.000000000000000000, -0.000000000000000000, 0.000000000000000000 ) ) ;
#4186 = CALENDAR_DATE ( 2026, 26, 7 ) ;
#4187 = CARTESIAN_POINT ( 'NONE',  ( -3.500000000000000000, 2.500000000000000000, 12.50000000000000000 ) ) ;
#4188 = APPROVAL ( #3911, 'UNKNOWN' ) ;
#4189 = AXIS2_PLACEMENT_3D ( 'NONE', #1262, #6557, #1759 ) ;
#4190 = EDGE_CURVE ( 'NONE', #386, #3942, #6122, .T. ) ;
#4191 = DIRECTION ( 'NONE',  ( 1.000000000000000000, 0.000000000000000000, 0.000000000000000000 ) ) ;
#4192 = VERTEX_POINT ( 'NONE', #4795 ) ;
#4193 = CARTESIAN_POINT ( 'NONE',  ( 138.0327499999999930, 3.000000000000030198, -98.50000000000000000 ) ) ;
#4194 = DATE_TIME_ROLE ( 'creation_date' ) ;
#4195 = ORIENTED_EDGE ( 'NONE', *, *, #3135, .F. ) ;
#4196 = DESIGN_CONTEXT ( 'detailed design', #985, 'design' ) ;
#4197 = APPROVAL_PERSON_ORGANIZATION ( #6745, #1028, #4960 ) ;
#4198 = DIRECTION ( 'NONE',  ( 0.000000000000000000, 0.000000000000000000, -1.000000000000000000 ) ) ;
#4199 = PRODUCT_DEFINITION_SHAPE ( 'NONE', 'NONE',  #7713 ) ;
#4200 = APPROVAL ( #4673, '未指定' ) ;
#4201 = ITEM_DEFINED_TRANSFORMATION ( 'NONE', 'NONE', #4557,  #6285 ) ;
#4202 = CARTESIAN_POINT ( 'NONE',  ( -9.750000000000000000, 2.500000000000000000, -68.50000000000000000 ) ) ;
#4203 = CC_DESIGN_APPROVAL ( #4200, ( #5574 ) ) ;
#4204 = ORIENTED_EDGE ( 'NONE', *, *, #516, .T. ) ;
#4205 = ORIENTED_EDGE ( 'NONE', *, *, #959, .T. ) ;
#4206 = APPLICATION_PROTOCOL_DEFINITION ( 'international standard', 'config_control_design', 1994, #6863 ) ;
#4207 = CARTESIAN_POINT ( 'NONE',  ( -36.00000000000000000, 3.000000000000000000, 33.50000000000000000 ) ) ;
#4208 = EDGE_CURVE ( 'NONE', #3448, #2386, #7497, .T. ) ;
#4209 = EDGE_CURVE ( 'NONE', #6808, #174, #1812, .T. ) ;
#4210 = PRODUCT_DEFINITION_FORMATION_WITH_SPECIFIED_SOURCE ( '任何', '', #5993, .NOT_KNOWN. ) ;
#4211 = EDGE_CURVE ( 'NONE', #4948, #4427, #2268, .T. ) ;
#4212 = FACE_OUTER_BOUND ( 'NONE', #6404, .T. ) ;
#4213 = CALENDAR_DATE ( 2026, 26, 7 ) ;
#4214 = DIRECTION ( 'NONE',  ( -0.000000000000000000, -1.000000000000000000, -0.000000000000000000 ) ) ;
#4215 = LINE ( 'NONE', #1963, #2291 ) ;
#4216 = EDGE_CURVE ( 'NONE', #6024, #1763, #5203, .T. ) ;
#4217 = SHAPE_DEFINITION_REPRESENTATION ( #7607, #4705 ) ;
#4218 = CARTESIAN_POINT ( 'NONE',  ( -23.00000000000000000, 10.00000000000000000, 10.50000000000000000 ) ) ;
#4219 = ORIENTED_EDGE ( 'NONE', *, *, #185, .T. ) ;
#4220 = ADVANCED_FACE ( 'NONE', ( #976 ), #6870, .F. ) ;
#4221 = FACE_OUTER_BOUND ( 'NONE', #1181, .T. ) ;
#4222 = LINE ( 'NONE', #3696, #4408 ) ;
#4223 = PLANE ( 'NONE',  #2786 ) ;
#4224 = EDGE_CURVE ( 'NONE', #6552, #5696, #5781, .T. ) ;
#4225 = ORIENTED_EDGE ( 'NONE', *, *, #2913, .F. ) ;
#4226 = ORIENTED_EDGE ( 'NONE', *, *, #5359, .T. ) ;
#4227 = EDGE_CURVE ( 'NONE', #7191, #4450, #6909, .T. ) ;
#4228 = LOCAL_TIME ( 19, 29, 3.000000000000000000, #318 ) ;
#4229 = DIRECTION ( 'NONE',  ( 0.000000000000000000, 0.000000000000000000, 1.000000000000000000 ) ) ;
#4230 = PERSON_AND_ORGANIZATION ( #6453, #6167 ) ;
#4231 = PLANE ( 'NONE',  #4026 ) ;
#4232 = EDGE_CURVE ( 'NONE', #1498, #2498, #3909, .T. ) ;
#4233 = EDGE_CURVE ( 'NONE', #1431, #7019, #1027, .T. ) ;
#4234 =( NAMED_UNIT ( * ) SI_UNIT ( $, .STERADIAN. ) SOLID_ANGLE_UNIT ( ) );
#4235 = ORIENTED_EDGE ( 'NONE', *, *, #92, .T. ) ;
#4236 = FACE_OUTER_BOUND ( 'NONE', #2017, .T. ) ;
#4237 = APPROVAL_DATE_TIME ( #1800, #655 ) ;
#4238 = ORIENTED_EDGE ( 'NONE', *, *, #21, .F. ) ;
#4239 = CC_DESIGN_DATE_AND_TIME_ASSIGNMENT ( #1720, #5244, ( #3731 ) ) ;
#4240 = CARTESIAN_POINT ( 'NONE',  ( -21.25000000000000000, 2.500000000000000000, -6.500000000000000000 ) ) ;
#4241 = CLOSED_SHELL ( 'NONE', ( #4919, #1901, #6317, #3640, #321, #4137, #1100, #3520, #4837, #1861 ) ) ;
#4242 = DATE_TIME_ROLE ( 'classification_date' ) ;
#4243 = VECTOR ( 'NONE', #1781, 1000.000000000000000 ) ;
#4244 = LINE ( 'NONE', #1269, #5904 ) ;
#4245 =( NAMED_UNIT ( * ) PLANE_ANGLE_UNIT ( ) SI_UNIT ( $, .RADIAN. ) );
#4246 = ORIENTED_EDGE ( 'NONE', *, *, #6238, .T. ) ;
#4247 = VERTEX_POINT ( 'NONE', #3316 ) ;
#4248 = APPROVAL_ROLE ( '' ) ;
#4249 = APPROVAL_PERSON_ORGANIZATION ( #259, #7703, #6191 ) ;
#4250 = CC_DESIGN_DATE_AND_TIME_ASSIGNMENT ( #5702, #4392, ( #1652 ) ) ;
#4251 = CARTESIAN_POINT ( 'NONE',  ( -39.00000000000000000, 0.000000000000000000, -17.69999999999999929 ) ) ;
#4252 = VECTOR ( 'NONE', #5495, 1000.000000000000000 ) ;
#4253 = EDGE_CURVE ( 'NONE', #558, #4513, #659, .T. ) ;
#4254 = FACE_OUTER_BOUND ( 'NONE', #678, .T. ) ;
#4255 = DATE_AND_TIME ( #1852, #7258 ) ;
#4256 = PLANE ( 'NONE',  #1166 ) ;
#4257 = AXIS2_PLACEMENT_3D ( 'NONE', #2856, #1105, #387 ) ;
#4258 = CARTESIAN_POINT ( 'NONE',  ( 158.9499999999999886, 91.09999999999999432, -119.4500000000000028 ) ) ;
#4259 = COORDINATED_UNIVERSAL_TIME_OFFSET ( 8, 0, .AHEAD. ) ;
#4260 = APPROVAL ( #6936, '未指定' ) ;
#4261 = CARTESIAN_POINT ( 'NONE',  ( 2.250000000000000000, 0.000000000000000000, 10.50000000000000000 ) ) ;
#4262 = ORIENTED_EDGE ( 'NONE', *, *, #3061, .T. ) ;
#4263 = AXIS2_PLACEMENT_3D ( 'NONE', #2096, #3355, #1481 ) ;
#4264 = FACE_OUTER_BOUND ( 'NONE', #7707, .T. ) ;
#4265 = LINE ( 'NONE', #6548, #5152 ) ;
#4266 = CARTESIAN_POINT ( 'NONE',  ( 57.50000000000000000, 35.00000000000000000, 85.00000000000000000 ) ) ;
#4267 = EDGE_CURVE ( 'NONE', #88, #4730, #5047, .T. ) ;
#4268 = VERTEX_POINT ( 'NONE', #380 ) ;
#4269 = PRODUCT ( 'FN-ENC-003_open-tray-layout-reference_R0.4', 'FN-ENC-003_open-tray-layout-reference_R0.4', '', ( #7624 ) ) ;
#4270 = EDGE_CURVE ( 'NONE', #5517, #7327, #1521, .T. ) ;
#4271 = DIRECTION ( 'NONE',  ( 0.000000000000000000, -1.000000000000000000, 0.000000000000000000 ) ) ;
#4272 = APPROVAL_DATE_TIME ( #1756, #4043 ) ;
#4273 = EDGE_CURVE ( 'NONE', #2971, #6181, #4575, .T. ) ;
#4274 = PERSON_AND_ORGANIZATION_ROLE ( 'classification_officer' ) ;
#4275 = EDGE_CURVE ( 'NONE', #2721, #3351, #2063, .T. ) ;
#4276 = DIRECTION ( 'NONE',  ( 0.000000000000000000, 0.000000000000000000, 1.000000000000000000 ) ) ;
#4277 = ORIENTED_EDGE ( 'NONE', *, *, #5150, .T. ) ;
#4278 = DIRECTION ( 'NONE',  ( -0.000000000000000000, -1.000000000000000000, -0.000000000000000000 ) ) ;
#4279 = ORIENTED_EDGE ( 'NONE', *, *, #5861, .F. ) ;
#4280 = UNCERTAINTY_MEASURE_WITH_UNIT (LENGTH_MEASURE( 1.000000000000000082E-05 ), #270, 'distance_accuracy_value', 'NONE');
#4281 = LINE ( 'NONE', #7186, #3997 ) ;
#4282 = VECTOR ( 'NONE', #5307, 1000.000000000000000 ) ;
#4283 = CALENDAR_DATE ( 2026, 26, 7 ) ;
#4284 = SHAPE_REPRESENTATION_RELATIONSHIP ( 'NONE' , 'NONE' ,  #1260, #178 ) ;
#4285 = VERTEX_POINT ( 'NONE', #269 ) ;
#4286 = VECTOR ( 'NONE', #1177, 1000.000000000000000 ) ;
#4287 = ORIENTED_EDGE ( 'NONE', *, *, #4253, .T. ) ;
#4288 = DATE_AND_TIME ( #1340, #3183 ) ;
#4289 = CARTESIAN_POINT ( 'NONE',  ( -21.25000000000000000, 2.500000000000000000, -6.500000000000000000 ) ) ;
#4290 = AXIS2_PLACEMENT_3D ( 'NONE', #1659, #5720, #5878 ) ;
#4291 = COORDINATED_UNIVERSAL_TIME_OFFSET ( 8, 0, .AHEAD. ) ;
#4292 = LOCAL_TIME ( 19, 29, 3.000000000000000000, #6375 ) ;
#4293 = PRODUCT_DEFINITION ( '未知', '', #4909, #51 ) ;
#4294 = FACE_OUTER_BOUND ( 'NONE', #3120, .T. ) ;
#4295 = CARTESIAN_POINT ( 'NONE',  ( -136.0000000000000000, 0.000000000000000000, -96.50000000000000000 ) ) ;
#4296 = PERSON_AND_ORGANIZATION ( #6453, #6167 ) ;
#4297 = DIRECTION ( 'NONE',  ( -0.000000000000000000, -0.000000000000000000, 1.000000000000000000 ) ) ;
#4298 = VERTEX_POINT ( 'NONE', #7572 ) ;
#4299 = VECTOR ( 'NONE', #3762, 1000.000000000000000 ) ;
#4300 = CIRCLE ( 'NONE', #4527, 1.600000000000004086 ) ;
#4301 = CARTESIAN_POINT ( 'NONE',  ( 39.00000000000000000, 36.00000000000000000, 19.50000000000000000 ) ) ;
#4302 = CC_DESIGN_PERSON_AND_ORGANIZATION_ASSIGNMENT ( #4005, #1696, ( #5574 ) ) ;
#4303 = CARTESIAN_POINT ( 'NONE',  ( 39.00000000000000000, 0.000000000000000000, 19.50000000000000000 ) ) ;
#4304 = AXIS2_PLACEMENT_3D ( 'NONE', #3803, #2699, #6101 ) ;
#4305 = DIRECTION ( 'NONE',  ( 0.000000000000000000, 0.000000000000000000, 1.000000000000000000 ) ) ;
#4306 = EDGE_LOOP ( 'NONE', ( #1218, #3331, #5595, #5710 ) ) ;
#4307 = VECTOR ( 'NONE', #1475, 1000.000000000000000 ) ;
#4308 = DIRECTION ( 'NONE',  ( -0.000000000000000000, 1.000000000000000000, -0.000000000000000000 ) ) ;
#4309 = APPROVAL_DATE_TIME ( #812, #1028 ) ;
#4310 = EDGE_CURVE ( 'NONE', #2224, #4622, #5125, .T. ) ;
#4311 = CALENDAR_DATE ( 2026, 26, 7 ) ;
#4312 = VECTOR ( 'NONE', #7470, 1000.000000000000000 ) ;
#4313 = DIRECTION ( 'NONE',  ( 0.000000000000000000, 0.000000000000000000, 1.000000000000000000 ) ) ;
#4314 = ORIENTED_EDGE ( 'NONE', *, *, #2698, .F. ) ;
#4315 = LINE ( 'NONE', #1403, #2595 ) ;
#4316 = ORIENTED_EDGE ( 'NONE', *, *, #1210, .T. ) ;
#4317 = DIRECTION ( 'NONE',  ( -0.000000000000000000, -0.000000000000000000, 1.000000000000000000 ) ) ;
#4318 = ORIENTED_EDGE ( 'NONE', *, *, #6571, .T. ) ;
#4319 = ORIENTED_EDGE ( 'NONE', *, *, #1917, .F. ) ;
#4320 = COORDINATED_UNIVERSAL_TIME_OFFSET ( 8, 0, .AHEAD. ) ;
#4321 = LINE ( 'NONE', #6245, #5855 ) ;
#4322 = EDGE_CURVE ( 'NONE', #5449, #4791, #1158, .T. ) ;
#4323 = APPROVAL_PERSON_ORGANIZATION ( #7164, #5445, #5504 ) ;
#4324 = DATE_AND_TIME ( #169, #1904 ) ;
#4325 = DIRECTION ( 'NONE',  ( -0.000000000000000000, 1.000000000000000000, -0.000000000000000000 ) ) ;
#4326 = PRODUCT ( 'FN-HAR-003_battery-load-to-fuse_R0.4', 'FN-HAR-003_battery-load-to-fuse_R0.4', '', ( #166 ) ) ;
#4327 = DIRECTION ( 'NONE',  ( 0.000000000000000000, -1.000000000000000000, 0.000000000000000000 ) ) ;
#4328 = ORIENTED_EDGE ( 'NONE', *, *, #4592, .F. ) ;
#4329 = COORDINATED_UNIVERSAL_TIME_OFFSET ( 8, 0, .AHEAD. ) ;
#4330 = PLANE ( 'NONE',  #1738 ) ;
#4331 = ORIENTED_EDGE ( 'NONE', *, *, #2223, .T. ) ;
#4332 = CC_DESIGN_SECURITY_CLASSIFICATION ( #3686, ( #693 ) ) ;
#4333 = CC_DESIGN_DATE_AND_TIME_ASSIGNMENT ( #4324, #7198, ( #5336 ) ) ;
#4334 = FACE_OUTER_BOUND ( 'NONE', #6792, .T. ) ;
#4335 = LINE ( 'NONE', #4921, #158 ) ;
#4336 = LOCAL_TIME ( 19, 29, 3.000000000000000000, #4662 ) ;
#4337 = LINE ( 'NONE', #1356, #3288 ) ;
#4338 = ORIENTED_EDGE ( 'NONE', *, *, #1896, .F. ) ;
#4339 =( REPRESENTATION_RELATIONSHIP ('NONE','NONE', #110, #4908 ) REPRESENTATION_RELATIONSHIP_WITH_TRANSFORMATION ( #6443 )SHAPE_REPRESENTATION_RELATIONSHIP( ) );
#4340 = CC_DESIGN_PERSON_AND_ORGANIZATION_ASSIGNMENT ( #6361, #385, ( #4210 ) ) ;
#4341 = CARTESIAN_POINT ( 'NONE',  ( -57.50000000000000000, 1.600000000000000089, 85.00000000000000000 ) ) ;
#4342 = PERSON_AND_ORGANIZATION ( #6453, #6167 ) ;
#4343 = APPROVAL_ROLE ( '' ) ;
#4344 =( NAMED_UNIT ( * ) SI_UNIT ( $, .STERADIAN. ) SOLID_ANGLE_UNIT ( ) );
#4345 = ORIENTED_EDGE ( 'NONE', *, *, #4533, .F. ) ;
#4346 = DIRECTION ( 'NONE',  ( 0.000000000000000000, 0.000000000000000000, -1.000000000000000000 ) ) ;
#4347 = CC_DESIGN_APPROVAL ( #2111, ( #254 ) ) ;
#4348 = ORIENTED_EDGE ( 'NONE', *, *, #5419, .F. ) ;
#4349 = EDGE_CURVE ( 'NONE', #120, #2388, #772, .T. ) ;
#4350 = PLANE ( 'NONE',  #6350 ) ;
#4351 = APPROVAL_PERSON_ORGANIZATION ( #6237, #3649, #2687 ) ;
#4352 = ADVANCED_FACE ( 'NONE', ( #342 ), #5164, .F. ) ;
#4353 =( NAMED_UNIT ( * ) SI_UNIT ( $, .STERADIAN. ) SOLID_ANGLE_UNIT ( ) );
#4354 = ORIENTED_EDGE ( 'NONE', *, *, #2243, .F. ) ;
#4355 = VERTEX_POINT ( 'NONE', #306 ) ;
#4356 = PERSON_AND_ORGANIZATION ( #6453, #6167 ) ;
#4357 = DIRECTION ( 'NONE',  ( 0.000000000000000000, -1.000000000000000000, 0.000000000000000000 ) ) ;
#4358 = APPROVAL_PERSON_ORGANIZATION ( #2178, #1357, #4108 ) ;
#4359 = EDGE_CURVE ( 'NONE', #6202, #3543, #5081, .T. ) ;
#4360 = CLOSED_SHELL ( 'NONE', ( #1135, #52, #472, #2757, #6772, #2763, #4178, #3923, #2770, #6680 ) ) ;
#4361 = APPROVAL_DATE_TIME ( #2435, #3840 ) ;
#4362 = CARTESIAN_POINT ( 'NONE',  ( 60.14999999999999858, 0.000000000000000000, -28.84999999999999787 ) ) ;
#4363 = DATE_AND_TIME ( #2092, #6295 ) ;
#4364 = DIRECTION ( 'NONE',  ( -1.000000000000000000, 0.000000000000000000, -0.000000000000000000 ) ) ;
#4365 = VERTEX_POINT ( 'NONE', #861 ) ;
#4366 = COORDINATED_UNIVERSAL_TIME_OFFSET ( 8, 0, .AHEAD. ) ;
#4367 = VECTOR ( 'NONE', #336, 1000.000000000000000 ) ;
#4368 = DIRECTION ( 'NONE',  ( -0.000000000000000000, 1.000000000000000000, -0.000000000000000000 ) ) ;
#4369 = CARTESIAN_POINT ( 'NONE',  ( 0.000000000000000000, 1.600000000000000089, 0.000000000000000000 ) ) ;
#4370 = VECTOR ( 'NONE', #601, 1000.000000000000000 ) ;
#4371 = PLANE ( 'NONE',  #1034 ) ;
#4372 = CARTESIAN_POINT ( 'NONE',  ( -158.9499999999999886, 91.09999999999999432, -119.4500000000000028 ) ) ;
#4373 = ADVANCED_FACE ( 'NONE', ( #6941 ), #1591, .T. ) ;
#4374 = ORIENTED_EDGE ( 'NONE', *, *, #6028, .F. ) ;
#4375 = CARTESIAN_POINT ( 'NONE',  ( 0.000000000000000000, 2.500000000000000000, 0.000000000000000000 ) ) ;
#4376 = DATE_TIME_ROLE ( 'classification_date' ) ;
#4377 = DIRECTION ( 'NONE',  ( 0.000000000000000000, -1.000000000000000000, 0.000000000000000000 ) ) ;
#4378 = CC_DESIGN_PERSON_AND_ORGANIZATION_ASSIGNMENT ( #4734, #6633, ( #4909 ) ) ;
#4379 = ADVANCED_BREP_SHAPE_REPRESENTATION ( '', ( #5103, #6285 ), #809 ) ;
#4380 = APPLICATION_CONTEXT ( 'configuration controlled 3d designs of mechanical parts and assemblies' ) ;
#4381 = DIRECTION ( 'NONE',  ( 1.000000000000000000, 0.000000000000000000, 0.000000000000000000 ) ) ;
#4382 = EDGE_LOOP ( 'NONE', ( #4314, #1664, #570, #6610 ) ) ;
#4383 = CARTESIAN_POINT ( 'NONE',  ( 36.00000000000000000, 3.000000000000000000, 33.50000000000000000 ) ) ;
#4384 = ORIENTED_EDGE ( 'NONE', *, *, #5771, .F. ) ;
#4385 = DIRECTION ( 'NONE',  ( -0.000000000000000000, -0.000000000000000000, 1.000000000000000000 ) ) ;
#4386 = DIRECTION ( 'NONE',  ( 0.000000000000000000, 0.000000000000000000, -1.000000000000000000 ) ) ;
#4387 = APPROVAL_DATE_TIME ( #1989, #3649 ) ;
#4388 = EDGE_CURVE ( 'NONE', #5612, #6456, #4614, .T. ) ;
#4389 = ORIENTED_EDGE ( 'NONE', *, *, #4112, .T. ) ;
#4390 = EDGE_LOOP ( 'NONE', ( #2667, #2290, #1600, #2879 ) ) ;
#4391 = EDGE_CURVE ( 'NONE', #1553, #2753, #2393, .T. ) ;
#4392 = DATE_TIME_ROLE ( 'creation_date' ) ;
#4393 = LINE ( 'NONE', #2032, #2859 ) ;
#4394 = PERSON_AND_ORGANIZATION ( #6453, #6167 ) ;
#4395 = EDGE_CURVE ( 'NONE', #4832, #5001, #2262, .T. ) ;
#4396 = FACE_OUTER_BOUND ( 'NONE', #1537, .T. ) ;
#4397 = AXIS2_PLACEMENT_3D ( 'NONE', #4594, #6965, #4636 ) ;
#4398 = FACE_OUTER_BOUND ( 'NONE', #4652, .T. ) ;
#4399 = ORIENTED_EDGE ( 'NONE', *, *, #3616, .F. ) ;
#4400 = DATE_AND_TIME ( #6885, #1319 ) ;
#4401 = DIRECTION ( 'NONE',  ( 0.000000000000000000, 1.000000000000000000, 0.000000000000000000 ) ) ;
#4402 = AXIS2_PLACEMENT_3D ( 'NONE', #3872, #5737, #6236 ) ;
#4403 = ORIENTED_EDGE ( 'NONE', *, *, #996, .T. ) ;
#4404 = PRODUCT_DEFINITION_FORMATION_WITH_SPECIFIED_SOURCE ( '任何', '', #5511, .NOT_KNOWN. ) ;
#4405 = CARTESIAN_POINT ( 'NONE',  ( 39.00000000000000000, 38.00000000000000000, -19.50000000000000000 ) ) ;
#4406 = CARTESIAN_POINT ( 'NONE',  ( 28.00000000000000000, 3.000000000000000000, 15.50000000000000000 ) ) ;
#4407 = CARTESIAN_POINT ( 'NONE',  ( 19.00000000000000000, 15.00000000000000000, 9.000000000000000000 ) ) ;
#4408 = VECTOR ( 'NONE', #3741, 1000.000000000000000 ) ;
#4409 = VECTOR ( 'NONE', #5615, 1000.000000000000000 ) ;
#4410 = ORIENTED_EDGE ( 'NONE', *, *, #5765, .F. ) ;
#4411 = EDGE_CURVE ( 'NONE', #7504, #3164, #1096, .T. ) ;
#4412 = CARTESIAN_POINT ( 'NONE',  ( -1.750000000000000000, 2.500000000000000000, -10.50000000000000000 ) ) ;
#4413 = AXIS2_PLACEMENT_3D ( 'NONE', #476, #1692, #2861 ) ;
#4414 = MECHANICAL_CONTEXT ( 'NONE', #4380, 'mechanical' ) ;
#4415 = PERSON ( 'NAUO-PER9', 'UNSPECIFIED', 'UNSPECIFIED', ('UNSPECIFIED'), ('UNSPECIFIED'), ('UNSPECIFIED') ) ;
#4416 = DATE_TIME_ROLE ( 'classification_date' ) ;
#4417 = FACE_OUTER_BOUND ( 'NONE', #4649, .T. ) ;
#4418 = AXIS2_PLACEMENT_3D ( 'NONE', #4612, #542, #5820 ) ;
#4419 = ORIENTED_EDGE ( 'NONE', *, *, #2913, .T. ) ;
#4420 = VECTOR ( 'NONE', #7438, 1000.000000000000000 ) ;
#4421 = LINE ( 'NONE', #3675, #2724 ) ;
#4422 = CC_DESIGN_DATE_AND_TIME_ASSIGNMENT ( #5591, #234, ( #1966 ) ) ;
#4423 = LINE ( 'NONE', #5046, #3617 ) ;
#4424 = CARTESIAN_POINT ( 'NONE',  ( 0.000000000000000000, 0.000000000000000000, 0.000000000000000000 ) ) ;
#4425 = VECTOR ( 'NONE', #3805, 1000.000000000000000 ) ;
#4426 = COORDINATED_UNIVERSAL_TIME_OFFSET ( 8, 0, .AHEAD. ) ;
#4427 = VERTEX_POINT ( 'NONE', #3549 ) ;
#4428 = ORIENTED_EDGE ( 'NONE', *, *, #2324, .F. ) ;
#4429 = APPROVAL_ROLE ( '' ) ;
#4430 = PLANE ( 'NONE',  #489 ) ;
#4431 = CC_DESIGN_PERSON_AND_ORGANIZATION_ASSIGNMENT ( #3097, #7233, ( #4326 ) ) ;
#4432 = PRODUCT_DEFINITION_SHAPE ( 'NONE', 'NONE',  #1850 ) ;
#4433 = COORDINATED_UNIVERSAL_TIME_OFFSET ( 8, 0, .AHEAD. ) ;
#4434 = ADVANCED_FACE ( 'NONE', ( #6517 ), #4696, .F. ) ;
#4435 = EDGE_CURVE ( 'NONE', #5724, #1553, #1215, .T. ) ;
#4436 = CARTESIAN_POINT ( 'NONE',  ( 8.500000000000000000, 2.500000000000000000, -8.500000000000000000 ) ) ;
#4437 = AXIS2_PLACEMENT_3D ( 'NONE', #4999, #7363, #2016 ) ;
#4438 = APPLICATION_CONTEXT ( 'configuration controlled 3d designs of mechanical parts and assemblies' ) ;
#4439 = CARTESIAN_POINT ( 'NONE',  ( -10.25000000000000000, 2.500000000000000000, 1.750000000000000000 ) ) ;
#4440 = VERTEX_POINT ( 'NONE', #2333 ) ;
#4441 = PERSON_AND_ORGANIZATION_ROLE ( 'classification_officer' ) ;
#4442 = CARTESIAN_POINT ( 'NONE',  ( 28.00000000000000000, 0.000000000000000000, 15.50000000000000000 ) ) ;
#4443 = ADVANCED_FACE ( 'NONE', ( #5823 ), #7024, .F. ) ;
#4444 = EDGE_CURVE ( 'NONE', #2872, #7303, #3433, .T. ) ;
#4445 = CC_DESIGN_APPROVAL ( #2035, ( #2274 ) ) ;
#4446 = CARTESIAN_POINT ( 'NONE',  ( 10.25000000000000000, 0.000000000000000000, -1.750000000000000000 ) ) ;
#4447 = DIRECTION ( 'NONE',  ( 0.000000000000000000, 0.000000000000000000, -1.000000000000000000 ) ) ;
#4448 = DIRECTION ( 'NONE',  ( 0.000000000000000000, 1.000000000000000000, 0.000000000000000000 ) ) ;
#4449 = CC_DESIGN_APPROVAL ( #4568, ( #1325 ) ) ;
#4450 = VERTEX_POINT ( 'NONE', #583 ) ;
#4451 = PRODUCT_DEFINITION_SHAPE ( 'NONE', 'NONE',  #7725 ) ;
#4452 = SHAPE_REPRESENTATION ( 'FN-HAR-001_pv-input-route_R0.4', ( #6285 ), #7402 ) ;
#4453 = CARTESIAN_POINT ( 'NONE',  ( 36.00000000000000000, 3.000000000000000000, 33.50000000000000000 ) ) ;
#4454 = LOCAL_TIME ( 19, 29, 3.000000000000000000, #3476 ) ;
#4455 = COORDINATED_UNIVERSAL_TIME_OFFSET ( 8, 0, .AHEAD. ) ;
#4456 = PERSON_AND_ORGANIZATION_ROLE ( 'classification_officer' ) ;
#4457 = DIRECTION ( 'NONE',  ( 0.000000000000000000, 0.000000000000000000, 1.000000000000000000 ) ) ;
#4458 = DIRECTION ( 'NONE',  ( 0.000000000000000000, 0.000000000000000000, 1.000000000000000000 ) ) ;
#4459 = VERTEX_POINT ( 'NONE', #5243 ) ;
#4460 = CARTESIAN_POINT ( 'NONE',  ( 0.000000000000000000, 0.000000000000000000, -8.000000000000000000 ) ) ;
#4461 = DIRECTION ( 'NONE',  ( 0.000000000000000000, 0.000000000000000000, 1.000000000000000000 ) ) ;
#4462 = DIRECTION ( 'NONE',  ( -0.000000000000000000, -1.000000000000000000, -0.000000000000000000 ) ) ;
#4463 = SECURITY_CLASSIFICATION_LEVEL ( 'unclassified' ) ;
#4464 = CC_DESIGN_DATE_AND_TIME_ASSIGNMENT ( #6047, #5405, ( #3850 ) ) ;
#4465 = VERTEX_POINT ( 'NONE', #3005 ) ;
#4466 = VERTEX_POINT ( 'NONE', #1832 ) ;
#4467 = PERSON_AND_ORGANIZATION ( #6453, #6167 ) ;
#4468 = ORIENTED_EDGE ( 'NONE', *, *, #2953, .T. ) ;
#4469 = DIRECTION ( 'NONE',  ( -0.000000000000000000, -1.000000000000000000, -0.000000000000000000 ) ) ;
#4470 = FACE_OUTER_BOUND ( 'NONE', #5378, .T. ) ;
#4471 = DIRECTION ( 'NONE',  ( 0.000000000000000000, -1.000000000000000000, 0.000000000000000000 ) ) ;
#4472 = DATE_TIME_ROLE ( 'classification_date' ) ;
#4473 = CARTESIAN_POINT ( 'NONE',  ( -23.00000000000000000, 10.00000000000000000, 10.50000000000000000 ) ) ;
#4474 = DIRECTION ( 'NONE',  ( -0.000000000000000000, 1.000000000000000000, -0.000000000000000000 ) ) ;
#4475 = CC_DESIGN_PERSON_AND_ORGANIZATION_ASSIGNMENT ( #5736, #459, ( #5464 ) ) ;
#4476 = EDGE_LOOP ( 'NONE', ( #2284, #4086, #1955, #502 ) ) ;
#4477 = ORIENTED_EDGE ( 'NONE', *, *, #2950, .T. ) ;
#4478 = CALENDAR_DATE ( 2026, 26, 7 ) ;
#4479 = CC_DESIGN_APPROVAL ( #4188, ( #1966 ) ) ;
#4480 = DIRECTION ( 'NONE',  ( 0.000000000000000000, 0.000000000000000000, -1.000000000000000000 ) ) ;
#4481 = CLOSED_SHELL ( 'NONE', ( #4434, #1468, #66, #1822, #2376, #2335 ) ) ;
#4482 = DIRECTION ( 'NONE',  ( -1.000000000000000000, 0.000000000000000000, -0.000000000000000000 ) ) ;
#4483 = APPLICATION_CONTEXT ( 'configuration controlled 3d designs of mechanical parts and assemblies' ) ;
#4484 = SECURITY_CLASSIFICATION ( '', '', #2533 ) ;
#4485 = PLANE ( 'NONE',  #2019 ) ;
#4486 = VECTOR ( 'NONE', #4297, 1000.000000000000000 ) ;
#4487 = LINE ( 'NONE', #5611, #4312 ) ;
#4488 = EDGE_CURVE ( 'NONE', #6914, #1431, #7652, .T. ) ;
#4489 = EDGE_LOOP ( 'NONE', ( #2248, #1650, #2347, #146 ) ) ;
#4490 = CC_DESIGN_SECURITY_CLASSIFICATION ( #4982, ( #7729 ) ) ;
#4491 = AXIS2_PLACEMENT_3D ( 'NONE', #3800, #5055, #314 ) ;
#4492 = CARTESIAN_POINT ( 'NONE',  ( 54.00000000000000000, 0.000000000000000000, 81.50000000000000000 ) ) ;
#4493 = COORDINATED_UNIVERSAL_TIME_OFFSET ( 8, 0, .AHEAD. ) ;
#4494 = DIRECTION ( 'NONE',  ( 1.000000000000000000, -0.000000000000000000, 0.000000000000000000 ) ) ;
#4495 = CIRCLE ( 'NONE', #2865, 1.750000000000001554 ) ;
#4496 = DATE_AND_TIME ( #1627, #2676 ) ;
#4497 = ORIENTED_EDGE ( 'NONE', *, *, #5181, .F. ) ;
#4498 = DIRECTION ( 'NONE',  ( -0.000000000000000000, -0.000000000000000000, 1.000000000000000000 ) ) ;
#4499 = DIRECTION ( 'NONE',  ( 1.000000000000000000, -0.000000000000000000, 0.000000000000000000 ) ) ;
#4500 = APPROVAL_STATUS ( 'not_yet_approved' ) ;
#4501 = CARTESIAN_POINT ( 'NONE',  ( -39.00000000000000000, 0.000000000000000000, -19.50000000000000000 ) ) ;
#4502 = CALENDAR_DATE ( 2026, 26, 7 ) ;
#4503 =( LENGTH_UNIT ( ) NAMED_UNIT ( * ) SI_UNIT ( .MILLI., .METRE. ) );
#4504 = ORIENTED_EDGE ( 'NONE', *, *, #6956, .T. ) ;
#4505 = DIRECTION ( 'NONE',  ( 0.000000000000000000, 0.000000000000000000, 1.000000000000000000 ) ) ;
#4506 = DATE_TIME_ROLE ( 'classification_date' ) ;
#4507 = VERTEX_POINT ( 'NONE', #7612 ) ;
#4508 = PLANE ( 'NONE',  #3115 ) ;
#4509 = DIRECTION ( 'NONE',  ( 0.000000000000000000, -1.000000000000000000, 0.000000000000000000 ) ) ;
#4510 = CALENDAR_DATE ( 2026, 26, 7 ) ;
#4511 = CARTESIAN_POINT ( 'NONE',  ( 39.00000000000000000, 36.00000000000000000, 17.69999999999999929 ) ) ;
#4512 = DIRECTION ( 'NONE',  ( 0.000000000000000000, -0.000000000000000000, -1.000000000000000000 ) ) ;
#4513 = VERTEX_POINT ( 'NONE', #1794 ) ;
#4514 = PERSON_AND_ORGANIZATION ( #6453, #6167 ) ;
#4515 = CARTESIAN_POINT ( 'NONE',  ( 4.000000000000000000, 2.500000000000000000, 1.250000000000000000 ) ) ;
#4516 = CC_DESIGN_PERSON_AND_ORGANIZATION_ASSIGNMENT ( #281, #2073, ( #3838 ) ) ;
#4517 = FACE_OUTER_BOUND ( 'NONE', #5940, .T. ) ;
#4518 = AXIS2_PLACEMENT_3D ( 'NONE', #1699, #442, #7673 ) ;
#4519 = LINE ( 'NONE', #6222, #1783 ) ;
#4520 = FACE_OUTER_BOUND ( 'NONE', #6160, .T. ) ;
#4521 = ORIENTED_EDGE ( 'NONE', *, *, #3769, .T. ) ;
#4522 = LOCAL_TIME ( 19, 29, 3.000000000000000000, #7651 ) ;
#4523 = CC_DESIGN_DATE_AND_TIME_ASSIGNMENT ( #2759, #967, ( #5000 ) ) ;
#4524 = DIRECTION ( 'NONE',  ( -0.000000000000000000, 1.000000000000000000, -0.000000000000000000 ) ) ;
#4525 = AXIS2_PLACEMENT_3D ( 'NONE', #1429, #5070, #4447 ) ;
#4526 = PERSON_AND_ORGANIZATION_ROLE ( 'classification_officer' ) ;
#4527 = AXIS2_PLACEMENT_3D ( 'NONE', #925, #5578, #5727 ) ;
#4528 = DIRECTION ( 'NONE',  ( -1.000000000000000000, 0.000000000000000000, 0.000000000000000000 ) ) ;
#4529 = PERSON_AND_ORGANIZATION_ROLE ( 'design_owner' ) ;
#4530 = EDGE_LOOP ( 'NONE', ( #4560, #2069, #4868, #154 ) ) ;
#4531 = CARTESIAN_POINT ( 'NONE',  ( 60.14999999999999858, 3.000000000000000000, -30.60000000000000142 ) ) ;
#4532 = ORIENTED_EDGE ( 'NONE', *, *, #4411, .F. ) ;
#4533 = EDGE_CURVE ( 'NONE', #4847, #1478, #2964, .T. ) ;
#4534 = EDGE_CURVE ( 'NONE', #2536, #4023, #4775, .T. ) ;
#4535 = DIRECTION ( 'NONE',  ( 0.000000000000000000, -0.000000000000000000, -1.000000000000000000 ) ) ;
#4536 = DATE_AND_TIME ( #5780, #7182 ) ;
#4537 = CARTESIAN_POINT ( 'NONE',  ( 54.00000000000000000, 3.600000000000000089, 83.10000000000000853 ) ) ;
#4538 = DATE_AND_TIME ( #6400, #3590 ) ;
#4539 = VECTOR ( 'NONE', #1054, 1000.000000000000000 ) ;
#4540 = VECTOR ( 'NONE', #3017, 1000.000000000000000 ) ;
#4541 = EDGE_LOOP ( 'NONE', ( #5753, #383, #237, #642 ) ) ;
#4542 = FACE_OUTER_BOUND ( 'NONE', #4382, .T. ) ;
#4543 = PERSON_AND_ORGANIZATION_ROLE ( 'creator' ) ;
#4544 = ORIENTED_EDGE ( 'NONE', *, *, #5746, .T. ) ;
#4545 = DIRECTION ( 'NONE',  ( 0.000000000000000000, 0.000000000000000000, -1.000000000000000000 ) ) ;
#4546 = CARTESIAN_POINT ( 'NONE',  ( -39.00000000000000000, 36.00000000000000000, 17.69999999999999929 ) ) ;
#4547 = CIRCLE ( 'NONE', #5662, 1.250000000000004663 ) ;
#4548 = APPROVAL_ROLE ( '' ) ;
#4549 = DIRECTION ( 'NONE',  ( 0.000000000000000000, 0.000000000000000000, -1.000000000000000000 ) ) ;
#4550 =( NAMED_UNIT ( * ) SI_UNIT ( $, .STERADIAN. ) SOLID_ANGLE_UNIT ( ) );
#4551 =( GEOMETRIC_REPRESENTATION_CONTEXT ( 3 ) GLOBAL_UNCERTAINTY_ASSIGNED_CONTEXT ( ( #3790 ) ) GLOBAL_UNIT_ASSIGNED_CONTEXT ( ( #5417, #4245, #3643 ) ) REPRESENTATION_CONTEXT ( 'NONE', 'WORKASPACE' ) );
#4552 = ORIENTED_EDGE ( 'NONE', *, *, #572, .T. ) ;
#4553 = APPROVAL_DATE_TIME ( #839, #6710 ) ;
#4554 = CARTESIAN_POINT ( 'NONE',  ( 23.00000000000000000, 10.00000000000000000, -10.50000000000000000 ) ) ;
#4555 = EDGE_CURVE ( 'NONE', #4693, #7327, #2891, .T. ) ;
#4556 = CARTESIAN_POINT ( 'NONE',  ( -39.00000000000000000, 3.000000000000000000, -19.50000000000000000 ) ) ;
#4557 = AXIS2_PLACEMENT_3D ( 'NONE', #5444, #2417, #7105 ) ;
#4558 = DIRECTION ( 'NONE',  ( -0.000000000000000000, -0.000000000000000000, 1.000000000000000000 ) ) ;
#4559 = CARTESIAN_POINT ( 'NONE',  ( -57.50000000000000000, 35.00000000000000000, -85.00000000000000000 ) ) ;
#4560 = ORIENTED_EDGE ( 'NONE', *, *, #6625, .T. ) ;
#4561 = CC_DESIGN_SECURITY_CLASSIFICATION ( #4068, ( #2805 ) ) ;
#4562 = CARTESIAN_POINT ( 'NONE',  ( -136.0000000000000000, 3.000000000000000000, 96.50000000000000000 ) ) ;
#4563 = DIRECTION ( 'NONE',  ( 0.000000000000000000, -1.000000000000000000, 0.000000000000000000 ) ) ;
#4564 = LOCAL_TIME ( 19, 29, 3.000000000000000000, #6727 ) ;
#4565 = PERSON_AND_ORGANIZATION ( #2912, #7095 ) ;
#4566 = CARTESIAN_POINT ( 'NONE',  ( -36.00000000000000000, 0.000000000000000000, 33.50000000000000000 ) ) ;
#4567 = PERSON_AND_ORGANIZATION_ROLE ( 'creator' ) ;
#4568 = APPROVAL ( #1847, '未指定' ) ;
#4569 = ORIENTED_EDGE ( 'NONE', *, *, #1043, .T. ) ;
#4570 = LINE ( 'NONE', #3982, #7329 ) ;
#4571 = ORIENTED_EDGE ( 'NONE', *, *, #7142, .F. ) ;
#4572 = LOCAL_TIME ( 19, 29, 3.000000000000000000, #2339 ) ;
#4573 = LINE ( 'NONE', #2133, #6978 ) ;
#4574 = PERSON_AND_ORGANIZATION ( #6453, #6167 ) ;
#4575 = LINE ( 'NONE', #5623, #4902 ) ;
#4576 = APPROVAL_STATUS ( 'not_yet_approved' ) ;
#4577 = EDGE_CURVE ( 'NONE', #3163, #7537, #3588, .T. ) ;
#4578 = ORIENTED_EDGE ( 'NONE', *, *, #870, .T. ) ;
#4579 = CARTESIAN_POINT ( 'NONE',  ( -33.00000000000000000, 40.00000000000000000, 30.50000000000000000 ) ) ;
#4580 = APPLICATION_PROTOCOL_DEFINITION ( 'international standard', 'config_control_design', 1994, #985 ) ;
#4581 = ORIENTED_EDGE ( 'NONE', *, *, #3715, .T. ) ;
#4582 = FACE_OUTER_BOUND ( 'NONE', #6215, .T. ) ;
#4583 = APPLICATION_CONTEXT ( 'configuration controlled 3d designs of mechanical parts and assemblies' ) ;
#4584 = DIRECTION ( 'NONE',  ( 0.000000000000000000, 0.000000000000000000, -1.000000000000000000 ) ) ;
#4585 = COORDINATED_UNIVERSAL_TIME_OFFSET ( 8, 0, .AHEAD. ) ;
#4586 = PLANE ( 'NONE',  #4413 ) ;
#4587 =( LENGTH_UNIT ( ) NAMED_UNIT ( * ) SI_UNIT ( .MILLI., .METRE. ) );
#4588 = ORIENTED_EDGE ( 'NONE', *, *, #4736, .T. ) ;
#4589 = EDGE_LOOP ( 'NONE', ( #6437, #715 ) ) ;
#4590 = APPROVAL_DATE_TIME ( #6416, #6942 ) ;
#4591 = CARTESIAN_POINT ( 'NONE',  ( 0.000000000000000000, 2.500000000000000000, -8.000000000000000000 ) ) ;
#4592 = EDGE_CURVE ( 'NONE', #1801, #3438, #6398, .T. ) ;
#4593 = CC_DESIGN_APPROVAL ( #1973, ( #2082 ) ) ;
#4594 = CARTESIAN_POINT ( 'NONE',  ( 60.14999999999999858, 0.000000000000000000, 30.60000000000000142 ) ) ;
#4595 = ADVANCED_FACE ( 'NONE', ( #4071 ), #505, .F. ) ;
#4596 = DATE_AND_TIME ( #6462, #2269 ) ;
#4597 = LINE ( 'NONE', #3968, #1524 ) ;
#4598 = ORGANIZATION ( 'NAUO-ORG10', 'UNSPECIFIED', 'UNSPECIFIED' ) ;
#4599 = CARTESIAN_POINT ( 'NONE',  ( 9.750000000000000000, 2.500000000000000000, 72.50000000000000000 ) ) ;
#4600 = EDGE_LOOP ( 'NONE', ( #4690, #5638, #4328, #7616 ) ) ;
#4601 = ORGANIZATION ( 'NAUO-ORG17', 'UNSPECIFIED', 'UNSPECIFIED' ) ;
#4602 = CARTESIAN_POINT ( 'NONE',  ( 36.00000000000000000, 0.000000000000000000, 33.50000000000000000 ) ) ;
#4603 = VECTOR ( 'NONE', #2538, 1000.000000000000000 ) ;
#4604 = CARTESIAN_POINT ( 'NONE',  ( -39.00000000000000000, 0.000000000000000000, 18.24999999999999645 ) ) ;
#4605 = PERSON_AND_ORGANIZATION ( #7473, #4870 ) ;
#4606 = DIRECTION ( 'NONE',  ( 1.000000000000000000, -0.000000000000000000, 0.000000000000000000 ) ) ;
#4607 = LOCAL_TIME ( 19, 29, 3.000000000000000000, #4493 ) ;
#4608 = PERSON_AND_ORGANIZATION ( #6453, #6167 ) ;
#4609 = ORIENTED_EDGE ( 'NONE', *, *, #6064, .F. ) ;
#4610 = DIRECTION ( 'NONE',  ( -0.000000000000000000, -1.000000000000000000, -0.000000000000000000 ) ) ;
#4611 = AXIS2_PLACEMENT_3D ( 'NONE', #917, #250, #3846 ) ;
#4612 = CARTESIAN_POINT ( 'NONE',  ( 60.14999999999999858, 5.000000000000000000, -30.60000000000000142 ) ) ;
#4613 = APPROVAL_ROLE ( '' ) ;
#4614 = LINE ( 'NONE', #6987, #3024 ) ;
#4615 = APPROVAL ( #7215, '未指定' ) ;
#4616 = CALENDAR_DATE ( 2026, 26, 7 ) ;
#4617 = CIRCLE ( 'NONE', #5117, 1.250000000000004663 ) ;
#4618 = VERTEX_POINT ( 'NONE', #43 ) ;
#4619 = EDGE_LOOP ( 'NONE', ( #1469, #5958, #2310, #1051 ) ) ;
#4620 = ORIENTED_EDGE ( 'NONE', *, *, #2524, .F. ) ;
#4621 = DATE_AND_TIME ( #1063, #956 ) ;
#4622 = VERTEX_POINT ( 'NONE', #2882 ) ;
#4623 = PLANE ( 'NONE',  #5981 ) ;
#4624 = VECTOR ( 'NONE', #6829, 1000.000000000000000 ) ;
#4625 = DIRECTION ( 'NONE',  ( 0.000000000000000000, 0.000000000000000000, 1.000000000000000000 ) ) ;
#4626 = CC_DESIGN_PERSON_AND_ORGANIZATION_ASSIGNMENT ( #3105, #651, ( #6810 ) ) ;
#4627 = DATE_AND_TIME ( #5870, #1721 ) ;
#4628 = CARTESIAN_POINT ( 'NONE',  ( 21.25000000000000000, 0.000000000000000000, 10.50000000000000000 ) ) ;
#4629 = FACE_OUTER_BOUND ( 'NONE', #7705, .T. ) ;
#4630 = EDGE_CURVE ( 'NONE', #4450, #6116, #5892, .T. ) ;
#4631 = ORIENTED_EDGE ( 'NONE', *, *, #2484, .T. ) ;
#4632 = VERTEX_POINT ( 'NONE', #625 ) ;
#4633 = COORDINATED_UNIVERSAL_TIME_OFFSET ( 8, 0, .AHEAD. ) ;
#4634 = FACE_BOUND ( 'NONE', #3674, .T. ) ;
#4635 = EDGE_CURVE ( 'NONE', #7248, #5327, #2925, .T. ) ;
#4636 = DIRECTION ( 'NONE',  ( 0.000000000000000000, 0.000000000000000000, 1.000000000000000000 ) ) ;
#4637 = APPROVAL_DATE_TIME ( #2675, #2987 ) ;
#4638 = CARTESIAN_POINT ( 'NONE',  ( -14.25000000000000000, 0.000000000000000000, 8.000000000000000000 ) ) ;
#4639 = ADVANCED_FACE ( 'NONE', ( #6598 ), #668, .F. ) ;
#4640 = CARTESIAN_POINT ( 'NONE',  ( -45.00000000000000000, 36.00000000000000000, -29.00000000000000000 ) ) ;
#4641 = ORIENTED_EDGE ( 'NONE', *, *, #7471, .T. ) ;
#4642 = VECTOR ( 'NONE', #1044, 1000.000000000000000 ) ;
#4643 = ORIENTED_EDGE ( 'NONE', *, *, #3615, .T. ) ;
#4644 = CARTESIAN_POINT ( 'NONE',  ( -28.00000000000000000, 3.000000000000000000, 15.50000000000000000 ) ) ;
#4645 = DIRECTION ( 'NONE',  ( -1.000000000000000000, 0.000000000000000000, 0.000000000000000000 ) ) ;
#4646 = DATE_AND_TIME ( #2125, #4119 ) ;
#4647 = CARTESIAN_POINT ( 'NONE',  ( 138.0327499999999930, 91.09999999999999432, 98.50000000000000000 ) ) ;
#4648 = AXIS2_PLACEMENT_3D ( 'NONE', #4556, #1157, #7553 ) ;
#4649 = EDGE_LOOP ( 'NONE', ( #766, #5535, #4778, #2528 ) ) ;
#4650 = ORIENTED_EDGE ( 'NONE', *, *, #5400, .F. ) ;
#4651 = CYLINDRICAL_SURFACE ( 'NONE', #2033, 1.250000000000004663 ) ;
#4652 = EDGE_LOOP ( 'NONE', ( #1378, #4643, #2783, #4544 ) ) ;
#4653 = AXIS2_PLACEMENT_3D ( 'NONE', #4501, #5403, #7102 ) ;
#4654 = SHAPE_REPRESENTATION ( 'FN-HAR-002_battery-charge-route_R0.4', ( #6285 ), #6917 ) ;
#4655 = CC_DESIGN_SECURITY_CLASSIFICATION ( #4027, ( #4404 ) ) ;
#4656 = PERSON_AND_ORGANIZATION_ROLE ( 'creator' ) ;
#4657 = DIRECTION ( 'NONE',  ( 0.000000000000000000, 1.000000000000000000, 0.000000000000000000 ) ) ;
#4658 = SECURITY_CLASSIFICATION_LEVEL ( 'unclassified' ) ;
#4659 = ORIENTED_EDGE ( 'NONE', *, *, #1047, .T. ) ;
#4660 = VECTOR ( 'NONE', #2522, 1000.000000000000000 ) ;
#4661 = CARTESIAN_POINT ( 'NONE',  ( -21.25000000000000000, 2.500000000000000000, -6.500000000000000000 ) ) ;
#4662 = COORDINATED_UNIVERSAL_TIME_OFFSET ( 8, 0, .AHEAD. ) ;
#4663 = AXIS2_PLACEMENT_3D ( 'NONE', #4016, #2874, #1622 ) ;
#4664 = VERTEX_POINT ( 'NONE', #2451 ) ;
#4665 = PRODUCT_RELATED_PRODUCT_CATEGORY ( 'detail', '', ( #823 ) ) ;
#4666 = DIRECTION ( 'NONE',  ( 0.000000000000000000, 0.000000000000000000, -1.000000000000000000 ) ) ;
#4667 = CARTESIAN_POINT ( 'NONE',  ( 0.000000000000000000, 6.000000000000000000, 0.000000000000000000 ) ) ;
#4668 = AXIS2_PLACEMENT_3D ( 'NONE', #1310, #648, #6538 ) ;
#4669 = APPROVAL_ROLE ( '' ) ;
#4670 = CYLINDRICAL_SURFACE ( 'NONE', #2147, 1.250000000000004663 ) ;
#4671 = ORIENTED_EDGE ( 'NONE', *, *, #316, .F. ) ;
#4672 = EDGE_LOOP ( 'NONE', ( #1956, #6118 ) ) ;
#4673 = APPROVAL_STATUS ( 'not_yet_approved' ) ;
#4674 = CC_DESIGN_DATE_AND_TIME_ASSIGNMENT ( #467, #7579, ( #86 ) ) ;
#4675 = LINE ( 'NONE', #3333, #3990 ) ;
#4676 = AXIS2_PLACEMENT_3D ( 'NONE', #5107, #4448, #2672 ) ;
#4677 = EDGE_CURVE ( 'NONE', #7412, #7699, #4855, .T. ) ;
#4678 = PLANE ( 'NONE',  #4518 ) ;
#4679 = PERSON_AND_ORGANIZATION ( #6453, #6167 ) ;
#4680 = CARTESIAN_POINT ( 'NONE',  ( -54.00000000000000000, 3.600000000000000089, -79.90000000000000568 ) ) ;
#4681 = AXIS2_PLACEMENT_3D ( 'NONE', #2358, #2514, #25 ) ;
#4682 = CARTESIAN_POINT ( 'NONE',  ( -60.14999999999999858, 5.000000000000000000, 28.84999999999999787 ) ) ;
#4683 = ADVANCED_FACE ( 'NONE', ( #3627 ), #4231, .F. ) ;
#4684 = ORIENTED_EDGE ( 'NONE', *, *, #4057, .F. ) ;
#4685 = CARTESIAN_POINT ( 'NONE',  ( 8.250000000000000000, 0.000000000000000000, -11.25000000000000000 ) ) ;
#4686 = CARTESIAN_POINT ( 'NONE',  ( -3.500000000000000000, 0.000000000000000000, 8.500000000000000000 ) ) ;
#4687 = CARTESIAN_POINT ( 'NONE',  ( 3.250000000000002665, 2.500000000000000000, 12.00000000000000000 ) ) ;
#4688 = ADVANCED_FACE ( 'NONE', ( #1583 ), #1046, .F. ) ;
#4689 = ORIENTED_EDGE ( 'NONE', *, *, #6673, .T. ) ;
#4690 = ORIENTED_EDGE ( 'NONE', *, *, #7344, .T. ) ;
#4691 = PERSON ( 'NAUO-PER16', 'UNSPECIFIED', 'UNSPECIFIED', ('UNSPECIFIED'), ('UNSPECIFIED'), ('UNSPECIFIED') ) ;
#4692 = FACE_OUTER_BOUND ( 'NONE', #2456, .T. ) ;
#4693 = VERTEX_POINT ( 'NONE', #3976 ) ;
#4694 = SECURITY_CLASSIFICATION ( '', '', #1965 ) ;
#4695 = DATE_AND_TIME ( #4813, #1161 ) ;
#4696 = PLANE ( 'NONE',  #1025 ) ;
#4697 = CONTEXT_DEPENDENT_SHAPE_REPRESENTATION ( #7117, #1816 ) ;
#4698 = DIRECTION ( 'NONE',  ( 1.000000000000000000, 0.000000000000000000, 0.000000000000000000 ) ) ;
#4699 = ORIENTED_EDGE ( 'NONE', *, *, #5019, .T. ) ;
#4700 = PRODUCT_DEFINITION_FORMATION_WITH_SPECIFIED_SOURCE ( '任何', '', #5255, .NOT_KNOWN. ) ;
#4701 = CARTESIAN_POINT ( 'NONE',  ( -138.0327499999999930, 91.09999999999999432, -98.50000000000000000 ) ) ;
#4702 = SHAPE_DEFINITION_REPRESENTATION ( #3001, #4452 ) ;
#4703 = ORIENTED_EDGE ( 'NONE', *, *, #1245, .T. ) ;
#4704 = DIRECTION ( 'NONE',  ( 1.000000000000000000, 0.000000000000000000, 0.000000000000000000 ) ) ;
#4705 = SHAPE_REPRESENTATION ( 'FN-HAR-008_xls1-rf-exit_R0.4', ( #6285 ), #4935 ) ;
#4706 = PERSON ( 'NAUO-PER2', 'UNSPECIFIED', 'UNSPECIFIED', ('UNSPECIFIED'), ('UNSPECIFIED'), ('UNSPECIFIED') ) ;
#4707 = DIRECTION ( 'NONE',  ( 0.000000000000000000, 0.000000000000000000, 1.000000000000000000 ) ) ;
#4708 = CC_DESIGN_SECURITY_CLASSIFICATION ( #7428, ( #5464 ) ) ;
#4709 = APPROVAL ( #6123, 'UNKNOWN' ) ;
#4710 = CARTESIAN_POINT ( 'NONE',  ( 10.25000000000000000, 2.500000000000000000, 1.750000000000000000 ) ) ;
#4711 = EDGE_LOOP ( 'NONE', ( #2249, #5289 ) ) ;
#4712 = ORIENTED_EDGE ( 'NONE', *, *, #7008, .T. ) ;
#4713 = PERSON_AND_ORGANIZATION ( #6453, #6167 ) ;
#4714 = DIRECTION ( 'NONE',  ( 0.000000000000000000, 0.000000000000000000, 1.000000000000000000 ) ) ;
#4715 = FACE_OUTER_BOUND ( 'NONE', #2815, .T. ) ;
#4716 = COORDINATED_UNIVERSAL_TIME_OFFSET ( 8, 0, .AHEAD. ) ;
#4717 = APPROVAL ( #2097, '未指定' ) ;
#4718 = DIRECTION ( 'NONE',  ( -0.000000000000000000, -0.000000000000000000, 1.000000000000000000 ) ) ;
#4719 = DIRECTION ( 'NONE',  ( 0.000000000000000000, -0.000000000000000000, -1.000000000000000000 ) ) ;
#4720 = EDGE_CURVE ( 'NONE', #5054, #7405, #1709, .T. ) ;
#4721 = ORIENTED_EDGE ( 'NONE', *, *, #7435, .T. ) ;
#4722 = PLANE ( 'NONE',  #3400 ) ;
#4723 = LOCAL_TIME ( 19, 29, 3.000000000000000000, #1731 ) ;
#4724 = EDGE_CURVE ( 'NONE', #6352, #1914, #7683, .T. ) ;
#4725 = DIRECTION ( 'NONE',  ( 0.000000000000000000, -1.000000000000000000, 0.000000000000000000 ) ) ;
#4726 = DIRECTION ( 'NONE',  ( 0.000000000000000000, 0.000000000000000000, 1.000000000000000000 ) ) ;
#4727 = ADVANCED_FACE ( 'NONE', ( #7562 ), #2287, .F. ) ;
#4728 = ORIENTED_EDGE ( 'NONE', *, *, #936, .T. ) ;
#4729 = CARTESIAN_POINT ( 'NONE',  ( -136.0000000000000000, 0.000000000000000000, -96.50000000000000000 ) ) ;
#4730 = VERTEX_POINT ( 'NONE', #1130 ) ;
#4731 = VECTOR ( 'NONE', #7452, 1000.000000000000000 ) ;
#4732 = DIRECTION ( 'NONE',  ( -1.000000000000000000, -0.000000000000000000, -0.000000000000000000 ) ) ;
#4733 = EDGE_CURVE ( 'NONE', #2498, #2489, #3424, .T. ) ;
#4734 = PERSON_AND_ORGANIZATION ( #6453, #6167 ) ;
#4735 = DIRECTION ( 'NONE',  ( -0.000000000000000000, -1.000000000000000000, -0.000000000000000000 ) ) ;
#4736 = EDGE_CURVE ( 'NONE', #4858, #1314, #5883, .T. ) ;
#4737 = CONTEXT_DEPENDENT_SHAPE_REPRESENTATION ( #5236, #6616 ) ;
#4738 =( REPRESENTATION_RELATIONSHIP ('NONE','NONE', #110, #2038 ) REPRESENTATION_RELATIONSHIP_WITH_TRANSFORMATION ( #2848 )SHAPE_REPRESENTATION_RELATIONSHIP( ) );
#4739 = CC_DESIGN_SECURITY_CLASSIFICATION ( #1359, ( #7723 ) ) ;
#4740 = AXIS2_PLACEMENT_3D ( 'NONE', #1629, #7526, #2168 ) ;
#4741 = DIRECTION ( 'NONE',  ( 1.000000000000000000, 0.000000000000000000, 0.000000000000000000 ) ) ;
#4742 = EDGE_LOOP ( 'NONE', ( #5880, #6359, #4399, #2680 ) ) ;
#4743 = CARTESIAN_POINT ( 'NONE',  ( -19.00000000000000000, 15.00000000000000000, 9.000000000000000000 ) ) ;
#4744 = PERSON_AND_ORGANIZATION ( #6453, #6167 ) ;
#4745 = ORIENTED_EDGE ( 'NONE', *, *, #5998, .F. ) ;
#4746 = CC_DESIGN_APPROVAL ( #6165, ( #4982 ) ) ;
#4747 = CARTESIAN_POINT ( 'NONE',  ( 54.00000000000000000, 1.599999999999999867, 81.50000000000000000 ) ) ;
#4748 = PERSON_AND_ORGANIZATION ( #498, #5098 ) ;
#4749 = DIRECTION ( 'NONE',  ( 0.000000000000000000, 0.000000000000000000, -1.000000000000000000 ) ) ;
#4750 = SHAPE_REPRESENTATION_RELATIONSHIP ( 'NONE' , 'NONE' ,  #4952, #2688 ) ;
#4751 = ORIENTED_EDGE ( 'NONE', *, *, #4391, .F. ) ;
#4752 = ORIENTED_EDGE ( 'NONE', *, *, #638, .T. ) ;
#4753 = PERSON_AND_ORGANIZATION ( #6453, #6167 ) ;
#4754 = AXIS2_PLACEMENT_3D ( 'NONE', #4667, #7032, #6450 ) ;
#4755 = LINE ( 'NONE', #7155, #3740 ) ;
#4756 = DIRECTION ( 'NONE',  ( 1.000000000000000000, 0.000000000000000000, 0.000000000000000000 ) ) ;
#4757 = PERSON_AND_ORGANIZATION ( #6453, #6167 ) ;
#4758 = LINE ( 'NONE', #718, #2904 ) ;
#4759 = PRODUCT_DEFINITION_SHAPE ( 'NONE', 'NONE',  #7721 ) ;
#4760 = ADVANCED_BREP_SHAPE_REPRESENTATION ( '', ( #5041, #6285 ), #6917 ) ;
#4761 = CARTESIAN_POINT ( 'NONE',  ( 4.000000000000000000, 2.500000000000000000, 1.250000000000000000 ) ) ;
#4762 = APPROVAL_ROLE ( '' ) ;
#4763 = LINE ( 'NONE', #687, #4865 ) ;
#4764 = ORIENTED_EDGE ( 'NONE', *, *, #620, .F. ) ;
#4765 = APPROVAL ( #5832, '未指定' ) ;
#4766 = LINE ( 'NONE', #534, #6770 ) ;
#4767 = CARTESIAN_POINT ( 'NONE',  ( -60.00000000000000000, 3.000000000000000000, 42.50000000000000000 ) ) ;
#4768 = DIRECTION ( 'NONE',  ( -0.000000000000000000, -1.000000000000000000, -0.000000000000000000 ) ) ;
#4769 = ORIENTED_EDGE ( 'NONE', *, *, #1149, .T. ) ;
#4770 = CC_DESIGN_PERSON_AND_ORGANIZATION_ASSIGNMENT ( #6497, #4127, ( #4133 ) ) ;
#4771 = ORIENTED_EDGE ( 'NONE', *, *, #4022, .T. ) ;
#4772 = CARTESIAN_POINT ( 'NONE',  ( 60.00000000000000000, 0.000000000000000000, 42.50000000000000000 ) ) ;
#4773 = EDGE_CURVE ( 'NONE', #7481, #1712, #575, .T. ) ;
#4774 = COORDINATED_UNIVERSAL_TIME_OFFSET ( 8, 0, .AHEAD. ) ;
#4775 = LINE ( 'NONE', #460, #6017 ) ;
#4776 = PERSON_AND_ORGANIZATION ( #5699, #6469 ) ;
#4777 = CARTESIAN_POINT ( 'NONE',  ( 0.000000000000000000, 0.000000000000000000, 0.000000000000000000 ) ) ;
#4778 = ORIENTED_EDGE ( 'NONE', *, *, #2179, .F. ) ;
#4779 = LINE ( 'NONE', #2379, #5232 ) ;
#4780 = APPROVAL_ROLE ( '' ) ;
#4781 = ORIENTED_EDGE ( 'NONE', *, *, #1990, .T. ) ;
#4782 = EDGE_CURVE ( 'NONE', #4268, #1455, #7602, .T. ) ;
#4783 = APPROVAL_PERSON_ORGANIZATION ( #3227, #125, #6079 ) ;
#4784 = CARTESIAN_POINT ( 'NONE',  ( -138.0327499999999930, 3.000000000000030198, 98.50000000000000000 ) ) ;
#4785 = ADVANCED_FACE ( 'NONE', ( #5189 ), #2203, .F. ) ;
#4786 = ITEM_DEFINED_TRANSFORMATION ( 'NONE', 'NONE', #689,  #6285 ) ;
#4787 = FACE_BOUND ( 'NONE', #3194, .T. ) ;
#4788 = VECTOR ( 'NONE', #5183, 1000.000000000000000 ) ;
#4789 = VECTOR ( 'NONE', #1581, 1000.000000000000000 ) ;
#4790 = ORIENTED_EDGE ( 'NONE', *, *, #586, .F. ) ;
#4791 = VERTEX_POINT ( 'NONE', #4604 ) ;
#4792 = APPROVAL_DATE_TIME ( #600, #2264 ) ;
#4793 = DIRECTION ( 'NONE',  ( 0.000000000000000000, -0.000000000000000000, -1.000000000000000000 ) ) ;
#4794 = VECTOR ( 'NONE', #1110, 1000.000000000000000 ) ;
#4795 = CARTESIAN_POINT ( 'NONE',  ( 4.000000000000000000, 2.500000000000000000, 1.250000000000000000 ) ) ;
#4796 = SECURITY_CLASSIFICATION_LEVEL ( 'unclassified' ) ;
#4797 = CARTESIAN_POINT ( 'NONE',  ( 136.0000000000000000, 3.000000000000000000, 96.50000000000000000 ) ) ;
#4798 = EDGE_CURVE ( 'NONE', #4298, #4031, #150, .T. ) ;
#4799 = DIRECTION ( 'NONE',  ( -0.000000000000000000, -1.000000000000000000, -0.000000000000000000 ) ) ;
#4800 = VECTOR ( 'NONE', #7169, 1000.000000000000000 ) ;
#4801 = DATE_TIME_ROLE ( 'classification_date' ) ;
#4802 = DIRECTION ( 'NONE',  ( 0.000000000000000000, -1.000000000000000000, 0.000000000000000000 ) ) ;
#4803 = EDGE_LOOP ( 'NONE', ( #5398, #3944, #1242, #192 ) ) ;
#4804 = CARTESIAN_POINT ( 'NONE',  ( -39.00000000000000000, 5.000000000000000000, -18.24999999999999645 ) ) ;
#4805 = AXIS2_PLACEMENT_3D ( 'NONE', #3654, #650, #1817 ) ;
#4806 = DIRECTION ( 'NONE',  ( 0.000000000000000000, 0.000000000000000000, -1.000000000000000000 ) ) ;
#4807 = PLANE ( 'NONE',  #5305 ) ;
#4808 = APPROVAL ( #2297, 'UNKNOWN' ) ;
#4809 = ORIENTED_EDGE ( 'NONE', *, *, #1241, .T. ) ;
#4810 =( GEOMETRIC_REPRESENTATION_CONTEXT ( 3 ) GLOBAL_UNCERTAINTY_ASSIGNED_CONTEXT ( ( #2607 ) ) GLOBAL_UNIT_ASSIGNED_CONTEXT ( ( #4042, #6413, #3329 ) ) REPRESENTATION_CONTEXT ( 'NONE', 'WORKASPACE' ) );
#4811 = ORIENTED_EDGE ( 'NONE', *, *, #7212, .T. ) ;
#4812 = DIRECTION ( 'NONE',  ( 1.000000000000000000, 0.000000000000000000, 0.000000000000000000 ) ) ;
#4813 = CALENDAR_DATE ( 2026, 26, 7 ) ;
#4814 = DIRECTION ( 'NONE',  ( 0.000000000000000000, 0.000000000000000000, -1.000000000000000000 ) ) ;
#4815 = AXIS2_PLACEMENT_3D ( 'NONE', #1874, #4276, #6791 ) ;
#4816 = CALENDAR_DATE ( 2026, 26, 7 ) ;
#4817 = PRODUCT_RELATED_PRODUCT_CATEGORY ( 'detail', '', ( #5993 ) ) ;
#4818 = DIRECTION ( 'NONE',  ( 0.000000000000000000, 0.000000000000000000, 1.000000000000000000 ) ) ;
#4819 = VERTEX_POINT ( 'NONE', #4686 ) ;
#4820 = CARTESIAN_POINT ( 'NONE',  ( 4.000000000000000000, 0.000000000000000000, -1.250000000000000000 ) ) ;
#4821 = APPROVAL_DATE_TIME ( #2421, #6994 ) ;
#4822 = ADVANCED_FACE ( 'NONE', ( #1003 ), #4017, .F. ) ;
#4823 = ORIENTED_EDGE ( 'NONE', *, *, #7678, .T. ) ;
#4824 = UNCERTAINTY_MEASURE_WITH_UNIT (LENGTH_MEASURE( 1.000000000000000082E-05 ), #2535, 'distance_accuracy_value', 'NONE');
#4825 = CC_DESIGN_APPROVAL ( #5445, ( #4694 ) ) ;
#4826 = LINE ( 'NONE', #2382, #3864 ) ;
#4827 = PRODUCT_DEFINITION_SHAPE ( 'NONE', 'NONE',  #4862 ) ;
#4828 = CALENDAR_DATE ( 2026, 26, 7 ) ;
#4829 = ADVANCED_FACE ( 'NONE', ( #7052 ), #411, .F. ) ;
#4830 = CARTESIAN_POINT ( 'NONE',  ( 21.25000000000000000, 2.500000000000000000, 6.500000000000000000 ) ) ;
#4831 = CC_DESIGN_APPROVAL ( #6132, ( #1076 ) ) ;
#4832 = VERTEX_POINT ( 'NONE', #7642 ) ;
#4833 = ORIENTED_EDGE ( 'NONE', *, *, #7479, .T. ) ;
#4834 = APPLICATION_PROTOCOL_DEFINITION ( 'international standard', 'config_control_design', 1994, #3480 ) ;
#4835 = EDGE_CURVE ( 'NONE', #1934, #1846, #5318, .T. ) ;
#4836 = CARTESIAN_POINT ( 'NONE',  ( 60.14999999999999858, 0.000000000000000000, 78.25000000000000000 ) ) ;
#4837 = ADVANCED_FACE ( 'NONE', ( #5926 ), #5233, .F. ) ;
#4838 = PRODUCT_DEFINITION_FORMATION_WITH_SPECIFIED_SOURCE ( '任何', '', #2062, .NOT_KNOWN. ) ;
#4839 = LINE ( 'NONE', #1195, #5404 ) ;
#4840 = COORDINATED_UNIVERSAL_TIME_OFFSET ( 8, 0, .AHEAD. ) ;
#4841 = CARTESIAN_POINT ( 'NONE',  ( -1.750000000000000000, 2.500000000000000000, 6.500000000000000000 ) ) ;
#4842 = CYLINDRICAL_SURFACE ( 'NONE', #1674, 1.799999999999999600 ) ;
#4843 = APPROVAL_DATE_TIME ( #69, #608 ) ;
#4844 = DIRECTION ( 'NONE',  ( 0.000000000000000000, 0.000000000000000000, -1.000000000000000000 ) ) ;
#4845 = ORIENTED_EDGE ( 'NONE', *, *, #761, .F. ) ;
#4846 =( REPRESENTATION_RELATIONSHIP ('NONE','NONE', #110, #4705 ) REPRESENTATION_RELATIONSHIP_WITH_TRANSFORMATION ( #5274 )SHAPE_REPRESENTATION_RELATIONSHIP( ) );
#4847 = VERTEX_POINT ( 'NONE', #6507 ) ;
#4848 = CARTESIAN_POINT ( 'NONE',  ( -60.14999999999999858, 5.000000000000000000, -80.00000000000000000 ) ) ;
#4849 = CARTESIAN_POINT ( 'NONE',  ( 60.00000000000000000, 0.000000000000000000, -42.50000000000000000 ) ) ;
#4850 = CARTESIAN_POINT ( 'NONE',  ( 54.00000000000000000, 0.000000000000000000, 81.50000000000000000 ) ) ;
#4851 = ORIENTED_EDGE ( 'NONE', *, *, #3135, .T. ) ;
#4852 = LOCAL_TIME ( 19, 29, 3.000000000000000000, #5905 ) ;
#4853 = CARTESIAN_POINT ( 'NONE',  ( -57.50000000000000000, 35.00000000000000000, 85.00000000000000000 ) ) ;
#4854 = PERSON_AND_ORGANIZATION ( #6453, #6167 ) ;
#4855 = LINE ( 'NONE', #1258, #7131 ) ;
#4856 = SECURITY_CLASSIFICATION_LEVEL ( 'unclassified' ) ;
#4857 = CC_DESIGN_APPROVAL ( #1357, ( #4972 ) ) ;
#4858 = VERTEX_POINT ( 'NONE', #3541 ) ;
#4859 = DIRECTION ( 'NONE',  ( 0.000000000000000000, -1.000000000000000000, 0.000000000000000000 ) ) ;
#4860 = AXIS2_PLACEMENT_3D ( 'NONE', #5370, #4114, #1684 ) ;
#4861 = ORIENTED_EDGE ( 'NONE', *, *, #2851, .F. ) ;
#4862 = PRODUCT_DEFINITION ( '未知', '', #4404, #3090 ) ;
#4863 = FACE_OUTER_BOUND ( 'NONE', #39, .T. ) ;
#4864 = SECURITY_CLASSIFICATION ( '', '', #5972 ) ;
#4865 = VECTOR ( 'NONE', #139, 1000.000000000000000 ) ;
#4866 = FACE_OUTER_BOUND ( 'NONE', #3578, .T. ) ;
#4867 = ORIENTED_EDGE ( 'NONE', *, *, #7196, .T. ) ;
#4868 = ORIENTED_EDGE ( 'NONE', *, *, #2520, .F. ) ;
#4869 = COORDINATED_UNIVERSAL_TIME_OFFSET ( 8, 0, .AHEAD. ) ;
#4870 = ORGANIZATION ( 'NAUO-ORG21', 'UNSPECIFIED', 'UNSPECIFIED' ) ;
#4871 = PLANE ( 'NONE',  #6851 ) ;
#4872 = AXIS2_PLACEMENT_3D ( 'NONE', #5180, #5713, #1033 ) ;
#4873 = CC_DESIGN_DATE_AND_TIME_ASSIGNMENT ( #954, #1462, ( #3686 ) ) ;
#4874 = APPROVAL_ROLE ( '' ) ;
#4875 = DIRECTION ( 'NONE',  ( 0.000000000000000000, 1.000000000000000000, 0.000000000000000000 ) ) ;
#4876 = AXIS2_PLACEMENT_3D ( 'NONE', #2738, #4545, #6916 ) ;
#4877 = CARTESIAN_POINT ( 'NONE',  ( -3.500000000000000000, 0.000000000000000000, 12.50000000000000000 ) ) ;
#4878 = PERSON_AND_ORGANIZATION ( #6453, #6167 ) ;
#4879 = LINE ( 'NONE', #4218, #5849 ) ;
#4880 = VERTEX_POINT ( 'NONE', #1669 ) ;
#4881 = EDGE_CURVE ( 'NONE', #6256, #5741, #2644, .T. ) ;
#4882 = VECTOR ( 'NONE', #1953, 1000.000000000000000 ) ;
#4883 = DIRECTION ( 'NONE',  ( 0.000000000000000000, -1.000000000000000000, 0.000000000000000000 ) ) ;
#4884 = ADVANCED_FACE ( 'NONE', ( #4885 ), #5353, .F. ) ;
#4885 = FACE_OUTER_BOUND ( 'NONE', #5745, .T. ) ;
#4886 = CARTESIAN_POINT ( 'NONE',  ( -6.000000000000000000, 0.000000000000000000, 6.000000000000000000 ) ) ;
#4887 = ORIENTED_EDGE ( 'NONE', *, *, #7476, .F. ) ;
#4888 = PRODUCT_DEFINITION_SHAPE ( 'NONE', 'NONE',  #7709 ) ;
#4889 = APPLICATION_CONTEXT ( 'configuration controlled 3d designs of mechanical parts and assemblies' ) ;
#4890 = CARTESIAN_POINT ( 'NONE',  ( -57.50000000000000000, 0.000000000000000000, 85.00000000000000000 ) ) ;
#4891 = PERSON_AND_ORGANIZATION ( #6453, #6167 ) ;
#4892 = DATE_TIME_ROLE ( 'classification_date' ) ;
#4893 = DIRECTION ( 'NONE',  ( 0.000000000000000000, 0.000000000000000000, 1.000000000000000000 ) ) ;
#4894 = ORIENTED_EDGE ( 'NONE', *, *, #2903, .T. ) ;
#4895 = CARTESIAN_POINT ( 'NONE',  ( -3.500000000000000000, 2.500000000000000000, -8.500000000000000000 ) ) ;
#4896 = VERTEX_POINT ( 'NONE', #1285 ) ;
#4897 = CARTESIAN_POINT ( 'NONE',  ( -10.25000000000000000, 2.500000000000000000, 1.750000000000000000 ) ) ;
#4898 = VECTOR ( 'NONE', #3569, 1000.000000000000000 ) ;
#4899 = CONTEXT_DEPENDENT_SHAPE_REPRESENTATION ( #2981, #6806 ) ;
#4900 = CC_DESIGN_DATE_AND_TIME_ASSIGNMENT ( #6528, #4242, ( #5838 ) ) ;
#4901 = EDGE_LOOP ( 'NONE', ( #2745, #1113, #2144, #1305 ) ) ;
#4902 = VECTOR ( 'NONE', #4462, 1000.000000000000000 ) ;
#4903 = ORIENTED_EDGE ( 'NONE', *, *, #3423, .T. ) ;
#4904 = COORDINATED_UNIVERSAL_TIME_OFFSET ( 8, 0, .AHEAD. ) ;
#4905 = CARTESIAN_POINT ( 'NONE',  ( 23.00000000000000000, 0.000000000000000000, 10.50000000000000000 ) ) ;
#4906 = VECTOR ( 'NONE', #3814, 1000.000000000000000 ) ;
#4907 = DATE_AND_TIME ( #3687, #3652 ) ;
#4908 = SHAPE_REPRESENTATION ( 'FN-BAT-002_battery-envelope_USER-MEASURED_R0.4', ( #6285 ), #2547 ) ;
#4909 = PRODUCT_DEFINITION_FORMATION_WITH_SPECIFIED_SOURCE ( '任何', '', #1267, .NOT_KNOWN. ) ;
#4910 = LINE ( 'NONE', #2396, #7144 ) ;
#4911 = LINE ( 'NONE', #1200, #7525 ) ;
#4912 = CC_DESIGN_PERSON_AND_ORGANIZATION_ASSIGNMENT ( #1144, #4543, ( #6855 ) ) ;
#4913 = ORIENTED_EDGE ( 'NONE', *, *, #4933, .T. ) ;
#4914 = EDGE_LOOP ( 'NONE', ( #3151, #2842, #6558, #3139 ) ) ;
#4915 = APPROVAL_ROLE ( '' ) ;
#4916 = LINE ( 'NONE', #2993, #4486 ) ;
#4917 = ORIENTED_EDGE ( 'NONE', *, *, #4062, .F. ) ;
#4918 = VECTOR ( 'NONE', #1236, 1000.000000000000000 ) ;
#4919 = ADVANCED_FACE ( 'NONE', ( #2998 ), #7129, .F. ) ;
#4920 = PLANE ( 'NONE',  #1769 ) ;
#4921 = CARTESIAN_POINT ( 'NONE',  ( -6.000000000000000000, 6.000000000000000000, 6.000000000000000000 ) ) ;
#4922 = CIRCLE ( 'NONE', #7267, 1.750000000000001554 ) ;
#4923 = DIRECTION ( 'NONE',  ( 0.000000000000000000, -0.000000000000000000, -1.000000000000000000 ) ) ;
#4924 = EDGE_CURVE ( 'NONE', #1137, #2049, #4222, .T. ) ;
#4925 = ORIENTED_EDGE ( 'NONE', *, *, #635, .F. ) ;
#4926 = DIRECTION ( 'NONE',  ( 0.000000000000000000, 0.000000000000000000, -1.000000000000000000 ) ) ;
#4927 = CALENDAR_DATE ( 2026, 26, 7 ) ;
#4928 = COORDINATED_UNIVERSAL_TIME_OFFSET ( 8, 0, .AHEAD. ) ;
#4929 = VECTOR ( 'NONE', #6138, 1000.000000000000000 ) ;
#4930 = ORIENTED_EDGE ( 'NONE', *, *, #3818, .F. ) ;
#4931 = LINE ( 'NONE', #6793, #1476 ) ;
#4932 = VERTEX_POINT ( 'NONE', #6108 ) ;
#4933 = EDGE_CURVE ( 'NONE', #7647, #5612, #1786, .T. ) ;
#4934 = DIRECTION ( 'NONE',  ( 1.000000000000000000, -0.000000000000000000, 0.000000000000000000 ) ) ;
#4935 =( GEOMETRIC_REPRESENTATION_CONTEXT ( 3 ) GLOBAL_UNCERTAINTY_ASSIGNED_CONTEXT ( ( #7366 ) ) GLOBAL_UNIT_ASSIGNED_CONTEXT ( ( #1722, #587, #5895 ) ) REPRESENTATION_CONTEXT ( 'NONE', 'WORKASPACE' ) );
#4936 = PERSON_AND_ORGANIZATION ( #5448, #847 ) ;
#4937 = EDGE_LOOP ( 'NONE', ( #1165, #123, #3733, #4066 ) ) ;
#4938 = APPROVAL_PERSON_ORGANIZATION ( #3915, #6619, #4429 ) ;
#4939 = VERTEX_POINT ( 'NONE', #1354 ) ;
#4940 = PERSON_AND_ORGANIZATION ( #6453, #6167 ) ;
#4941 = DIRECTION ( 'NONE',  ( 0.000000000000000000, 0.000000000000000000, -1.000000000000000000 ) ) ;
#4942 = CC_DESIGN_PERSON_AND_ORGANIZATION_ASSIGNMENT ( #259, #4456, ( #738 ) ) ;
#4943 = APPROVAL_PERSON_ORGANIZATION ( #2254, #4717, #1520 ) ;
#4944 = APPROVAL_ROLE ( '' ) ;
#4945 = PLANE ( 'NONE',  #908 ) ;
#4946 = PRODUCT_DEFINITION_SHAPE ( 'NONE', 'NONE',  #7727 ) ;
#4947 = CARTESIAN_POINT ( 'NONE',  ( -54.00000000000000000, 0.000000000000000000, 79.90000000000000568 ) ) ;
#4948 = VERTEX_POINT ( 'NONE', #1206 ) ;
#4949 = APPROVAL_ROLE ( '' ) ;
#4950 = CARTESIAN_POINT ( 'NONE',  ( -54.00000000000000000, 1.599999999999999867, -81.50000000000000000 ) ) ;
#4951 = LOCAL_TIME ( 19, 29, 3.000000000000000000, #3440 ) ;
#4952 = SHAPE_REPRESENTATION ( 'FN-HLD-001_battery-tray-zone_R0.4', ( #6285 ), #2046 ) ;
#4953 = APPROVAL ( #5916, '未指定' ) ;
#4954 = DIRECTION ( 'NONE',  ( 0.000000000000000000, 0.000000000000000000, -1.000000000000000000 ) ) ;
#4955 = DIRECTION ( 'NONE',  ( 0.000000000000000000, 0.000000000000000000, -1.000000000000000000 ) ) ;
#4956 = CARTESIAN_POINT ( 'NONE',  ( -21.25000000000000000, 0.000000000000000000, -6.500000000000000000 ) ) ;
#4957 = ORIENTED_EDGE ( 'NONE', *, *, #4190, .F. ) ;
#4958 = APPROVAL ( #5730, '未指定' ) ;
#4959 = DIRECTION ( 'NONE',  ( 1.000000000000000000, 0.000000000000000000, 0.000000000000000000 ) ) ;
#4960 = APPROVAL_ROLE ( '' ) ;
#4961 = SECURITY_CLASSIFICATION_LEVEL ( 'unclassified' ) ;
#4962 = EDGE_CURVE ( 'NONE', #1782, #2489, #5395, .T. ) ;
#4963 = ORIENTED_EDGE ( 'NONE', *, *, #5599, .T. ) ;
#4964 = LINE ( 'NONE', #742, #4603 ) ;
#4965 = CC_DESIGN_SECURITY_CLASSIFICATION ( #3838, ( #5348 ) ) ;
#4966 = EDGE_LOOP ( 'NONE', ( #6076, #7508, #5052, #6050 ) ) ;
#4967 = DESIGN_CONTEXT ( 'detailed design', #7621, 'design' ) ;
#4968 = EDGE_CURVE ( 'NONE', #5896, #5085, #4265, .T. ) ;
#4969 = LINE ( 'NONE', #859, #3236 ) ;
#4970 = CARTESIAN_POINT ( 'NONE',  ( -8.250000000000000000, 2.500000000000000000, 7.250000000000000000 ) ) ;
#4971 = PERSON_AND_ORGANIZATION ( #6080, #3969 ) ;
#4972 = SECURITY_CLASSIFICATION ( '', '', #4658 ) ;
#4973 = CLOSED_SHELL ( 'NONE', ( #7631, #141, #430, #6628, #6098, #7290 ) ) ;
#4974 = ORIENTED_EDGE ( 'NONE', *, *, #2189, .F. ) ;
#4975 = ORIENTED_EDGE ( 'NONE', *, *, #4773, .T. ) ;
#4976 = DATE_TIME_ROLE ( 'creation_date' ) ;
#4977 = FACE_OUTER_BOUND ( 'NONE', #7495, .T. ) ;
#4978 = LOCAL_TIME ( 19, 29, 3.000000000000000000, #1871 ) ;
#4979 = AXIS2_PLACEMENT_3D ( 'NONE', #5733, #6827, #6981 ) ;
#4980 = PERSON_AND_ORGANIZATION ( #6453, #6167 ) ;
#4981 = LINE ( 'NONE', #1383, #7514 ) ;
#4982 = SECURITY_CLASSIFICATION ( '', '', #3425 ) ;
#4983 = CARTESIAN_POINT ( 'NONE',  ( 54.00000000000000000, 0.000000000000000000, 79.90000000000000568 ) ) ;
#4984 = ORIENTED_EDGE ( 'NONE', *, *, #5343, .F. ) ;
#4985 = COORDINATED_UNIVERSAL_TIME_OFFSET ( 8, 0, .AHEAD. ) ;
#4986 = AXIS2_PLACEMENT_3D ( 'NONE', #1848, #2943, #3685 ) ;
#4987 = CARTESIAN_POINT ( 'NONE',  ( -60.14999999999999858, 0.000000000000000000, 30.60000000000000142 ) ) ;
#4988 = DIRECTION ( 'NONE',  ( -1.000000000000000000, -0.000000000000000000, -0.000000000000000000 ) ) ;
#4989 = VECTOR ( 'NONE', #6284, 1000.000000000000000 ) ;
#4990 = CYLINDRICAL_SURFACE ( 'NONE', #6514, 1.799999999999999600 ) ;
#4991 = PLANE ( 'NONE',  #6150 ) ;
#4992 = CC_DESIGN_PERSON_AND_ORGANIZATION_ASSIGNMENT ( #5256, #4001, ( #2082 ) ) ;
#4993 = ORIENTED_EDGE ( 'NONE', *, *, #533, .F. ) ;
#4994 = AXIS2_PLACEMENT_3D ( 'NONE', #4037, #6407, #5131 ) ;
#4995 = DIRECTION ( 'NONE',  ( 0.000000000000000000, -0.000000000000000000, -1.000000000000000000 ) ) ;
#4996 = CALENDAR_DATE ( 2026, 26, 7 ) ;
#4997 = ITEM_DEFINED_TRANSFORMATION ( 'NONE', 'NONE', #5802,  #6285 ) ;
#4998 = CARTESIAN_POINT ( 'NONE',  ( 0.000000000000000000, 0.000000000000000000, 0.000000000000000000 ) ) ;
#4999 = CARTESIAN_POINT ( 'NONE',  ( 0.000000000000000000, 0.000000000000000000, 0.000000000000000000 ) ) ;
#5000 = PRODUCT_DEFINITION ( '未知', '', #1436, #5450 ) ;
#5001 = VERTEX_POINT ( 'NONE', #107 ) ;
#5002 = PLANE ( 'NONE',  #3975 ) ;
#5003 = EDGE_CURVE ( 'NONE', #164, #4440, #6589, .T. ) ;
#5004 = EDGE_LOOP ( 'NONE', ( #5559, #5510 ) ) ;
#5005 = EDGE_CURVE ( 'NONE', #1763, #3477, #1902, .T. ) ;
#5006 = CARTESIAN_POINT ( 'NONE',  ( -60.00000000000000000, 3.000000000000000000, -42.50000000000000000 ) ) ;
#5007 = DIRECTION ( 'NONE',  ( -1.000000000000000000, 0.000000000000000000, -0.000000000000000000 ) ) ;
#5008 = APPROVAL_STATUS ( 'not_yet_approved' ) ;
#5009 = EDGE_CURVE ( 'NONE', #46, #1801, #3112, .T. ) ;
#5010 = EDGE_CURVE ( 'NONE', #6241, #980, #2404, .T. ) ;
#5011 = ORIENTED_EDGE ( 'NONE', *, *, #4118, .T. ) ;
#5012 = ORIENTED_EDGE ( 'NONE', *, *, #6286, .F. ) ;
#5013 = SECURITY_CLASSIFICATION_LEVEL ( 'unclassified' ) ;
#5014 = ORIENTED_EDGE ( 'NONE', *, *, #4534, .T. ) ;
#5015 = DIRECTION ( 'NONE',  ( 0.000000000000000000, -0.000000000000000000, -1.000000000000000000 ) ) ;
#5016 = VECTOR ( 'NONE', #7561, 1000.000000000000000 ) ;
#5017 = APPROVAL_DATE_TIME ( #243, #1406 ) ;
#5018 = CARTESIAN_POINT ( 'NONE',  ( -4.000000000000000000, 2.500000000000000000, 1.250000000000000000 ) ) ;
#5019 = EDGE_CURVE ( 'NONE', #6368, #7588, #7380, .T. ) ;
#5020 = VECTOR ( 'NONE', #803, 1000.000000000000000 ) ;
#5021 = CARTESIAN_POINT ( 'NONE',  ( 57.50000000000000000, 1.600000000000000089, -85.00000000000000000 ) ) ;
#5022 = ORIENTED_EDGE ( 'NONE', *, *, #4010, .F. ) ;
#5023 = PERSON_AND_ORGANIZATION ( #6453, #6167 ) ;
#5024 = DIRECTION ( 'NONE',  ( 0.000000000000000000, -1.000000000000000000, 0.000000000000000000 ) ) ;
#5025 = AXIS2_PLACEMENT_3D ( 'NONE', #2162, #5850, #3383 ) ;
#5026 = LOCAL_TIME ( 19, 29, 3.000000000000000000, #5342 ) ;
#5027 = LINE ( 'NONE', #2004, #1282 ) ;
#5028 = ADVANCED_BREP_SHAPE_REPRESENTATION ( '', ( #2459, #6285 ), #2547 ) ;
#5029 = DIRECTION ( 'NONE',  ( 0.000000000000000000, 0.000000000000000000, -1.000000000000000000 ) ) ;
#5030 = DIRECTION ( 'NONE',  ( 0.000000000000000000, 0.000000000000000000, -1.000000000000000000 ) ) ;
#5031 = AXIS2_PLACEMENT_3D ( 'NONE', #7281, #6699, #1317 ) ;
#5032 = VECTOR ( 'NONE', #5351, 1000.000000000000000 ) ;
#5033 = ORIENTED_EDGE ( 'NONE', *, *, #6010, .T. ) ;
#5034 = VECTOR ( 'NONE', #6984, 1000.000000000000000 ) ;
#5035 = CARTESIAN_POINT ( 'NONE',  ( -4.000000000000000000, 2.500000000000000000, -1.250000000000000000 ) ) ;
#5036 = AXIS2_PLACEMENT_3D ( 'NONE', #4202, #5300, #1188 ) ;
#5037 = PERSON_AND_ORGANIZATION_ROLE ( 'design_owner' ) ;
#5038 = CC_DESIGN_PERSON_AND_ORGANIZATION_ASSIGNMENT ( #6200, #5663, ( #1730 ) ) ;
#5039 = CALENDAR_DATE ( 2026, 26, 7 ) ;
#5040 = CARTESIAN_POINT ( 'NONE',  ( 60.00000000000000000, 3.000000000000000000, 42.50000000000000000 ) ) ;
#5041 = MANIFOLD_SOLID_BREP ( '凸台-拉伸3', #4360 ) ;
#5042 = APPLICATION_PROTOCOL_DEFINITION ( 'international standard', 'config_control_design', 1994, #4889 ) ;
#5043 = ORIENTED_EDGE ( 'NONE', *, *, #2752, .F. ) ;
#5044 = AXIS2_PLACEMENT_3D ( 'NONE', #6815, #6223, #5030 ) ;
#5045 = DIRECTION ( 'NONE',  ( -0.000000000000000000, -0.000000000000000000, 1.000000000000000000 ) ) ;
#5046 = CARTESIAN_POINT ( 'NONE',  ( -60.14999999999999858, 5.000000000000000000, -81.75000000000000000 ) ) ;
#5047 = LINE ( 'NONE', #2137, #526 ) ;
#5048 = CC_DESIGN_PERSON_AND_ORGANIZATION_ASSIGNMENT ( #2846, #4656, ( #746 ) ) ;
#5049 = VECTOR ( 'NONE', #875, 1000.000000000000000 ) ;
#5050 = APPROVAL_ROLE ( '' ) ;
#5051 = EDGE_LOOP ( 'NONE', ( #331, #4354, #3551, #2653 ) ) ;
#5052 = ORIENTED_EDGE ( 'NONE', *, *, #2950, .F. ) ;
#5053 = PERSON_AND_ORGANIZATION ( #6453, #6167 ) ;
#5054 = VERTEX_POINT ( 'NONE', #4849 ) ;
#5055 = DIRECTION ( 'NONE',  ( 0.000000000000000000, 0.000000000000000000, -1.000000000000000000 ) ) ;
#5056 = CARTESIAN_POINT ( 'NONE',  ( 54.00000000000000000, 0.000000000000000000, -81.50000000000000000 ) ) ;
#5057 = EDGE_CURVE ( 'NONE', #2855, #424, #6072, .T. ) ;
#5058 = DATE_TIME_ROLE ( 'creation_date' ) ;
#5059 = CARTESIAN_POINT ( 'NONE',  ( -3.500000000000000000, 2.500000000000000000, -8.500000000000000000 ) ) ;
#5060 =( GEOMETRIC_REPRESENTATION_CONTEXT ( 3 ) GLOBAL_UNCERTAINTY_ASSIGNED_CONTEXT ( ( #193 ) ) GLOBAL_UNIT_ASSIGNED_CONTEXT ( ( #5784, #7066, #4234 ) ) REPRESENTATION_CONTEXT ( 'NONE', 'WORKASPACE' ) );
#5061 = DIRECTION ( 'NONE',  ( -0.000000000000000000, -1.000000000000000000, -0.000000000000000000 ) ) ;
#5062 = ORIENTED_EDGE ( 'NONE', *, *, #4635, .T. ) ;
#5063 = APPLICATION_PROTOCOL_DEFINITION ( 'international standard', 'config_control_design', 1994, #2369 ) ;
#5064 = EDGE_CURVE ( 'NONE', #6176, #3441, #6001, .T. ) ;
#5065 = DIRECTION ( 'NONE',  ( 0.000000000000000000, 0.000000000000000000, 1.000000000000000000 ) ) ;
#5066 = PERSON ( 'NAUO-PER13', 'UNSPECIFIED', 'UNSPECIFIED', ('UNSPECIFIED'), ('UNSPECIFIED'), ('UNSPECIFIED') ) ;
#5067 = EDGE_CURVE ( 'NONE', #5085, #3271, #2486, .T. ) ;
#5068 = LOCAL_TIME ( 19, 29, 3.000000000000000000, #6140 ) ;
#5069 = CARTESIAN_POINT ( 'NONE',  ( -9.750000000000000000, 0.000000000000000000, -68.50000000000000000 ) ) ;
#5070 = DIRECTION ( 'NONE',  ( 0.000000000000000000, -1.000000000000000000, 0.000000000000000000 ) ) ;
#5071 = DIRECTION ( 'NONE',  ( -0.000000000000000000, -1.000000000000000000, -0.000000000000000000 ) ) ;
#5072 = APPROVAL_PERSON_ORGANIZATION ( #943, #3660, #1488 ) ;
#5073 = ORIENTED_EDGE ( 'NONE', *, *, #7530, .T. ) ;
#5074 = DIRECTION ( 'NONE',  ( 0.000000000000000000, 0.000000000000000000, 1.000000000000000000 ) ) ;
#5075 = LOCAL_TIME ( 19, 29, 3.000000000000000000, #2924 ) ;
#5076 = DATE_AND_TIME ( #443, #4292 ) ;
#5077 = CARTESIAN_POINT ( 'NONE',  ( -60.14999999999999858, 5.000000000000000000, -28.84999999999999787 ) ) ;
#5078 = ORIENTED_EDGE ( 'NONE', *, *, #1114, .T. ) ;
#5079 = DIRECTION ( 'NONE',  ( 0.000000000000000000, 0.000000000000000000, -1.000000000000000000 ) ) ;
#5080 = CARTESIAN_POINT ( 'NONE',  ( -39.00000000000000000, 36.00000000000000000, 19.50000000000000000 ) ) ;
#5081 = LINE ( 'NONE', #2807, #6382 ) ;
#5082 = ITEM_DEFINED_TRANSFORMATION ( 'NONE', 'NONE', #4815,  #6285 ) ;
#5083 =( NAMED_UNIT ( * ) SI_UNIT ( $, .STERADIAN. ) SOLID_ANGLE_UNIT ( ) );
#5084 = ORIENTED_EDGE ( 'NONE', *, *, #2752, .T. ) ;
#5085 = VERTEX_POINT ( 'NONE', #7207 ) ;
#5086 = SHAPE_DEFINITION_REPRESENTATION ( #1999, #4654 ) ;
#5087 = ORIENTED_EDGE ( 'NONE', *, *, #6678, .F. ) ;
#5088 = CC_DESIGN_DATE_AND_TIME_ASSIGNMENT ( #4145, #5363, ( #7639 ) ) ;
#5089 = FACE_OUTER_BOUND ( 'NONE', #5997, .T. ) ;
#5090 = MANIFOLD_SOLID_BREP ( '凸台-拉伸1', #6834 ) ;
#5091 = FACE_OUTER_BOUND ( 'NONE', #277, .T. ) ;
#5092 = LOCAL_TIME ( 19, 29, 3.000000000000000000, #1606 ) ;
#5093 = DATE_AND_TIME ( #6172, #2961 ) ;
#5094 = CARTESIAN_POINT ( 'NONE',  ( -54.00000000000000000, 0.000000000000000000, -79.90000000000000568 ) ) ;
#5095 = PLANE ( 'NONE',  #5316 ) ;
#5096 = EDGE_LOOP ( 'NONE', ( #2329, #741, #662, #7587 ) ) ;
#5097 = DATE_TIME_ROLE ( 'creation_date' ) ;
#5098 = ORGANIZATION ( 'NAUO-ORG3', 'UNSPECIFIED', 'UNSPECIFIED' ) ;
#5099 = CC_DESIGN_PERSON_AND_ORGANIZATION_ASSIGNMENT ( #4514, #3254, ( #7516 ) ) ;
#5100 = CARTESIAN_POINT ( 'NONE',  ( 21.25000000000000000, 2.500000000000000000, 6.500000000000000000 ) ) ;
#5101 = CLOSED_SHELL ( 'NONE', ( #4011, #2897, #1952, #4688, #3286, #6378, #6997, #3639, #5257, #3197, #1895, #3714, #1561, #1345, #6905, #6007, #7433, #1394, #2371, #2717, #3861, #7053 ) ) ;
#5102 = FACE_OUTER_BOUND ( 'NONE', #7538, .T. ) ;
#5103 = MANIFOLD_SOLID_BREP ( '凸台-拉伸3', #6335 ) ;
#5104 = SECURITY_CLASSIFICATION ( '', '', #2334 ) ;
#5105 = CARTESIAN_POINT ( 'NONE',  ( -39.00000000000000000, 38.00000000000000000, 19.50000000000000000 ) ) ;
#5106 = VECTOR ( 'NONE', #6308, 1000.000000000000000 ) ;
#5107 = CARTESIAN_POINT ( 'NONE',  ( -60.14999999999999858, 0.000000000000000000, -80.00000000000000000 ) ) ;
#5108 = EDGE_CURVE ( 'NONE', #518, #7204, #5962, .T. ) ;
#5109 = EDGE_CURVE ( 'NONE', #5229, #313, #2140, .T. ) ;
#5110 = EDGE_LOOP ( 'NONE', ( #7451, #6989 ) ) ;
#5111 = CC_DESIGN_APPROVAL ( #645, ( #2098 ) ) ;
#5112 = CIRCLE ( 'NONE', #361, 1.799999999999999600 ) ;
#5113 = DIRECTION ( 'NONE',  ( 0.000000000000000000, 0.000000000000000000, -1.000000000000000000 ) ) ;
#5114 = CONTEXT_DEPENDENT_SHAPE_REPRESENTATION ( #6570, #136 ) ;
#5115 = FACE_OUTER_BOUND ( 'NONE', #286, .T. ) ;
#5116 = MANIFOLD_SOLID_BREP ( '凸台-拉伸1', #4973 ) ;
#5117 = AXIS2_PLACEMENT_3D ( 'NONE', #353, #6918, #3999 ) ;
#5118 = COORDINATED_UNIVERSAL_TIME_OFFSET ( 8, 0, .AHEAD. ) ;
#5119 = ORIENTED_EDGE ( 'NONE', *, *, #2484, .F. ) ;
#5120 = LINE ( 'NONE', #1554, #1480 ) ;
#5121 = ORIENTED_EDGE ( 'NONE', *, *, #2810, .F. ) ;
#5122 = UNCERTAINTY_MEASURE_WITH_UNIT (LENGTH_MEASURE( 1.000000000000000082E-05 ), #7575, 'distance_accuracy_value', 'NONE');
#5123 = DIRECTION ( 'NONE',  ( 0.000000000000000000, -1.000000000000000000, 0.000000000000000000 ) ) ;
#5124 = PERSON_AND_ORGANIZATION_ROLE ( 'creator' ) ;
#5125 = LINE ( 'NONE', #2647, #7633 ) ;
#5126 = PERSON_AND_ORGANIZATION ( #2919, #4598 ) ;
#5127 = ORIENTED_EDGE ( 'NONE', *, *, #810, .T. ) ;
#5128 = CARTESIAN_POINT ( 'NONE',  ( -36.00000000000000000, 3.000000000000000000, 33.50000000000000000 ) ) ;
#5129 = APPLICATION_PROTOCOL_DEFINITION ( 'international standard', 'config_control_design', 1994, #1682 ) ;
#5130 = ORIENTED_EDGE ( 'NONE', *, *, #2565, .F. ) ;
#5131 = DIRECTION ( 'NONE',  ( 0.000000000000000000, 0.000000000000000000, 1.000000000000000000 ) ) ;
#5132 =( REPRESENTATION_RELATIONSHIP ('NONE','NONE', #110, #5201 ) REPRESENTATION_RELATIONSHIP_WITH_TRANSFORMATION ( #5581 )SHAPE_REPRESENTATION_RELATIONSHIP( ) );
#5133 = MANIFOLD_SOLID_BREP ( '切除-拉伸1', #5101 ) ;
#5134 = FACE_OUTER_BOUND ( 'NONE', #3156, .T. ) ;
#5135 = SECURITY_CLASSIFICATION_LEVEL ( 'unclassified' ) ;
#5136 = APPROVAL ( #2245, 'UNKNOWN' ) ;
#5137 = FACE_OUTER_BOUND ( 'NONE', #1451, .T. ) ;
#5138 = ORIENTED_EDGE ( 'NONE', *, *, #6187, .F. ) ;
#5139 = DATE_AND_TIME ( #6850, #5068 ) ;
#5140 = CARTESIAN_POINT ( 'NONE',  ( -39.00000000000000000, 36.00000000000000000, -19.50000000000000000 ) ) ;
#5141 = FACE_OUTER_BOUND ( 'NONE', #1580, .T. ) ;
#5142 = AXIS2_PLACEMENT_3D ( 'NONE', #1988, #2985, #3023 ) ;
#5143 = PRODUCT_RELATED_PRODUCT_CATEGORY ( 'detail', '', ( #4326 ) ) ;
#5144 = CARTESIAN_POINT ( 'NONE',  ( -1.750000000000000000, 2.500000000000000000, 10.50000000000000000 ) ) ;
#5145 = CARTESIAN_POINT ( 'NONE',  ( 4.000000000000000000, 0.000000000000000000, 1.250000000000000000 ) ) ;
#5146 = ORIENTED_EDGE ( 'NONE', *, *, #3921, .F. ) ;
#5147 = AXIS2_PLACEMENT_3D ( 'NONE', #4099, #451, #3500 ) ;
#5148 = LOCAL_TIME ( 19, 29, 3.000000000000000000, #2010 ) ;
#5149 = CARTESIAN_POINT ( 'NONE',  ( 60.14999999999999858, 5.000000000000000000, 80.00000000000000000 ) ) ;
#5150 = EDGE_CURVE ( 'NONE', #7386, #2159, #4335, .T. ) ;
#5151 = DIRECTION ( 'NONE',  ( 0.000000000000000000, 0.000000000000000000, -1.000000000000000000 ) ) ;
#5152 = VECTOR ( 'NONE', #3076, 1000.000000000000000 ) ;
#5153 = COORDINATED_UNIVERSAL_TIME_OFFSET ( 8, 0, .AHEAD. ) ;
#5154 = VECTOR ( 'NONE', #3188, 1000.000000000000000 ) ;
#5155 = CARTESIAN_POINT ( 'NONE',  ( -158.9499999999999886, 3.000000000000000000, 119.4500000000000028 ) ) ;
#5156 = PERSON_AND_ORGANIZATION ( #6453, #6167 ) ;
#5157 = ORIENTED_EDGE ( 'NONE', *, *, #1663, .T. ) ;
#5158 = DIRECTION ( 'NONE',  ( -0.000000000000000000, -1.000000000000000000, -0.000000000000000000 ) ) ;
#5159 = ORIENTED_EDGE ( 'NONE', *, *, #936, .F. ) ;
#5160 = ADVANCED_FACE ( 'NONE', ( #2005 ), #3932, .F. ) ;
#5161 = PLANE ( 'NONE',  #1496 ) ;
#5162 = ORIENTED_EDGE ( 'NONE', *, *, #6634, .T. ) ;
#5163 = COORDINATED_UNIVERSAL_TIME_OFFSET ( 8, 0, .AHEAD. ) ;
#5164 = PLANE ( 'NONE',  #3770 ) ;
#5165 = CONTEXT_DEPENDENT_SHAPE_REPRESENTATION ( #585, #5622 ) ;
#5166 = AXIS2_PLACEMENT_3D ( 'NONE', #7247, #5963, #109 ) ;
#5167 =( LENGTH_UNIT ( ) NAMED_UNIT ( * ) SI_UNIT ( .MILLI., .METRE. ) );
#5168 = ORIENTED_EDGE ( 'NONE', *, *, #2481, .F. ) ;
#5169 = CARTESIAN_POINT ( 'NONE',  ( -10.25000000000000000, 0.000000000000000000, 1.750000000000000000 ) ) ;
#5170 = APPROVAL_STATUS ( 'not_yet_approved' ) ;
#5171 = ORIENTED_EDGE ( 'NONE', *, *, #4577, .T. ) ;
#5172 = CARTESIAN_POINT ( 'NONE',  ( 0.000000000000000000, 0.000000000000000000, 0.000000000000000000 ) ) ;
#5173 = MANIFOLD_SOLID_BREP ( '切除-拉伸1', #3847 ) ;
#5174 = CARTESIAN_POINT ( 'NONE',  ( -57.50000000000000000, 1.600000000000000089, 85.00000000000000000 ) ) ;
#5175 = AXIS2_PLACEMENT_3D ( 'NONE', #4439, #2585, #4364 ) ;
#5176 = PERSON_AND_ORGANIZATION_ROLE ( 'creator' ) ;
#5177 = DIRECTION ( 'NONE',  ( 0.000000000000000000, -1.000000000000000000, 0.000000000000000000 ) ) ;
#5178 = ORIENTED_EDGE ( 'NONE', *, *, #1149, .F. ) ;
#5179 = DATE_AND_TIME ( #7629, #5684 ) ;
#5180 = CARTESIAN_POINT ( 'NONE',  ( -39.00000000000000000, 36.00000000000000000, -19.50000000000000000 ) ) ;
#5181 = EDGE_CURVE ( 'NONE', #7425, #1265, #1465, .T. ) ;
#5182 = CARTESIAN_POINT ( 'NONE',  ( -1.750000000000000000, 0.000000000000000000, 10.50000000000000000 ) ) ;
#5183 = DIRECTION ( 'NONE',  ( -1.000000000000000000, -0.000000000000000000, -0.000000000000000000 ) ) ;
#5184 = CARTESIAN_POINT ( 'NONE',  ( 39.00000000000000000, 0.000000000000000000, -18.24999999999999645 ) ) ;
#5185 = ORIENTED_EDGE ( 'NONE', *, *, #3577, .T. ) ;
#5186 = CC_DESIGN_APPROVAL ( #1040, ( #5000 ) ) ;
#5187 = PRODUCT_DEFINITION ( '未知', '', #6812, #5734 ) ;
#5188 = DIRECTION ( 'NONE',  ( 0.000000000000000000, 0.000000000000000000, -1.000000000000000000 ) ) ;
#5189 = FACE_OUTER_BOUND ( 'NONE', #2940, .T. ) ;
#5190 = CC_DESIGN_APPROVAL ( #5197, ( #6573 ) ) ;
#5191 = DATE_TIME_ROLE ( 'classification_date' ) ;
#5192 = CARTESIAN_POINT ( 'NONE',  ( -1.750000000000000000, 2.500000000000000000, 10.50000000000000000 ) ) ;
#5193 = CALENDAR_DATE ( 2026, 26, 7 ) ;
#5194 = ADVANCED_FACE ( 'NONE', ( #5542 ), #3218, .F. ) ;
#5195 = ORIENTED_EDGE ( 'NONE', *, *, #7484, .T. ) ;
#5196 = DIRECTION ( 'NONE',  ( 1.000000000000000000, 0.000000000000000000, 0.000000000000000000 ) ) ;
#5197 = APPROVAL ( #2431, '未指定' ) ;
#5198 = ORIENTED_EDGE ( 'NONE', *, *, #768, .T. ) ;
#5199 = SECURITY_CLASSIFICATION ( '', '', #3011 ) ;
#5200 = FACE_OUTER_BOUND ( 'NONE', #405, .T. ) ;
#5201 = SHAPE_REPRESENTATION ( 'FN-HAR-004_fuse-to-dc5521_R0.4', ( #6285 ), #1433 ) ;
#5202 = APPROVAL_ROLE ( '' ) ;
#5203 = LINE ( 'NONE', #7488, #273 ) ;
#5204 = APPROVAL_DATE_TIME ( #3434, #1357 ) ;
#5205 = EDGE_CURVE ( 'NONE', #5856, #6667, #5530, .T. ) ;
#5206 = EDGE_LOOP ( 'NONE', ( #3009, #5277, #2370, #294 ) ) ;
#5207 = PLANE ( 'NONE',  #7208 ) ;
#5208 = CALENDAR_DATE ( 2026, 26, 7 ) ;
#5209 = VERTEX_POINT ( 'NONE', #2560 ) ;
#5210 = ADVANCED_FACE ( 'NONE', ( #5644 ), #4990, .F. ) ;
#5211 = DIRECTION ( 'NONE',  ( 1.000000000000000000, -0.000000000000000000, 0.000000000000000000 ) ) ;
#5212 = PLANE ( 'NONE',  #7104 ) ;
#5213 = ADVANCED_FACE ( 'NONE', ( #1971 ), #4371, .F. ) ;
#5214 = DATE_AND_TIME ( #2781, #3205 ) ;
#5215 = DIRECTION ( 'NONE',  ( 0.000000000000000000, -1.000000000000000000, 0.000000000000000000 ) ) ;
#5216 = DIRECTION ( 'NONE',  ( -0.000000000000000000, -1.000000000000000000, -0.000000000000000000 ) ) ;
#5217 = ORIENTED_EDGE ( 'NONE', *, *, #947, .T. ) ;
#5218 = ORIENTED_EDGE ( 'NONE', *, *, #5309, .T. ) ;
#5219 = SECURITY_CLASSIFICATION_LEVEL ( 'unclassified' ) ;
#5220 = DIRECTION ( 'NONE',  ( -0.000000000000000000, -0.000000000000000000, 1.000000000000000000 ) ) ;
#5221 = CC_DESIGN_APPROVAL ( #1406, ( #964 ) ) ;
#5222 = DIRECTION ( 'NONE',  ( -1.000000000000000000, -0.000000000000000000, -0.000000000000000000 ) ) ;
#5223 = PERSON_AND_ORGANIZATION_ROLE ( 'creator' ) ;
#5224 = ADVANCED_FACE ( 'NONE', ( #7469 ), #3891, .F. ) ;
#5225 = CARTESIAN_POINT ( 'NONE',  ( 60.14999999999999858, 0.000000000000000000, -30.60000000000000142 ) ) ;
#5226 = LOCAL_TIME ( 19, 29, 3.000000000000000000, #7025 ) ;
#5227 = CARTESIAN_POINT ( 'NONE',  ( 4.000000000000000000, 0.000000000000000000, -1.250000000000000000 ) ) ;
#5228 = VECTOR ( 'NONE', #4859, 1000.000000000000000 ) ;
#5229 = VERTEX_POINT ( 'NONE', #328 ) ;
#5230 = ORGANIZATION ( 'NAUO-ORG12', 'UNSPECIFIED', 'UNSPECIFIED' ) ;
#5231 = PLANE ( 'NONE',  #3015 ) ;
#5232 = VECTOR ( 'NONE', #1799, 1000.000000000000000 ) ;
#5233 = PLANE ( 'NONE',  #6125 ) ;
#5234 = CYLINDRICAL_SURFACE ( 'NONE', #1174, 1.250000000000004663 ) ;
#5235 = CC_DESIGN_DATE_AND_TIME_ASSIGNMENT ( #4627, #5333, ( #736 ) ) ;
#5236 =( REPRESENTATION_RELATIONSHIP ('NONE','NONE', #110, #1495 ) REPRESENTATION_RELATIONSHIP_WITH_TRANSFORMATION ( #5326 )SHAPE_REPRESENTATION_RELATIONSHIP( ) );
#5237 = SECURITY_CLASSIFICATION ( '', '', #7477 ) ;
#5238 = ORIENTED_EDGE ( 'NONE', *, *, #3342, .F. ) ;
#5239 = VECTOR ( 'NONE', #6802, 1000.000000000000000 ) ;
#5240 = DIRECTION ( 'NONE',  ( 0.000000000000000000, 0.000000000000000000, -1.000000000000000000 ) ) ;
#5241 = EDGE_LOOP ( 'NONE', ( #349, #1597, #5821, #2889 ) ) ;
#5242 = DATE_TIME_ROLE ( 'classification_date' ) ;
#5243 = CARTESIAN_POINT ( 'NONE',  ( -136.0000000000000000, 0.000000000000000000, 96.50000000000000000 ) ) ;
#5244 = DATE_TIME_ROLE ( 'classification_date' ) ;
#5245 = AXIS2_PLACEMENT_3D ( 'NONE', #2890, #5704, #2816 ) ;
#5246 = CC_DESIGN_DATE_AND_TIME_ASSIGNMENT ( #4288, #1192, ( #6573 ) ) ;
#5247 = ORIENTED_EDGE ( 'NONE', *, *, #7287, .T. ) ;
#5248 = DIRECTION ( 'NONE',  ( -1.000000000000000000, -0.000000000000000000, -0.000000000000000000 ) ) ;
#5249 = APPROVAL_DATE_TIME ( #6948, #263 ) ;
#5250 = EDGE_LOOP ( 'NONE', ( #94, #3701, #1091, #3323 ) ) ;
#5251 = LINE ( 'NONE', #6993, #6102 ) ;
#5252 = SHAPE_REPRESENTATION ( 'FN-HAR-005_tilt-rs485-route_R0.4', ( #6285 ), #809 ) ;
#5253 = VECTOR ( 'NONE', #5588, 1000.000000000000000 ) ;
#5254 = CARTESIAN_POINT ( 'NONE',  ( 60.14999999999999858, 5.000000000000000000, -80.00000000000000000 ) ) ;
#5255 = PRODUCT ( 'FN-HAR-005_tilt-rs485-route_R0.4', 'FN-HAR-005_tilt-rs485-route_R0.4', '', ( #1387 ) ) ;
#5256 = PERSON_AND_ORGANIZATION ( #6453, #6167 ) ;
#5257 = ADVANCED_FACE ( 'NONE', ( #2119 ), #6146, .F. ) ;
#5258 = CARTESIAN_POINT ( 'NONE',  ( -19.00000000000000000, 15.00000000000000000, 9.000000000000000000 ) ) ;
#5259 = ORIENTED_EDGE ( 'NONE', *, *, #757, .F. ) ;
#5260 = ORIENTED_EDGE ( 'NONE', *, *, #4435, .T. ) ;
#5261 = CALENDAR_DATE ( 2026, 26, 7 ) ;
#5262 = ADVANCED_FACE ( 'NONE', ( #3180 ), #2707, .F. ) ;
#5263 = EDGE_CURVE ( 'NONE', #749, #7472, #6259, .T. ) ;
#5264 = DIRECTION ( 'NONE',  ( 0.000000000000000000, -1.000000000000000000, 0.000000000000000000 ) ) ;
#5265 = CARTESIAN_POINT ( 'NONE',  ( -54.00000000000000000, 3.600000000000000089, 81.50000000000000000 ) ) ;
#5266 = EDGE_CURVE ( 'NONE', #6495, #3409, #7391, .T. ) ;
#5267 = PERSON_AND_ORGANIZATION ( #6453, #6167 ) ;
#5268 = CARTESIAN_POINT ( 'NONE',  ( -33.00000000000000000, 0.000000000000000000, 30.50000000000000000 ) ) ;
#5269 = DIRECTION ( 'NONE',  ( 0.000000000000000000, 0.000000000000000000, 1.000000000000000000 ) ) ;
#5270 = ORIENTED_EDGE ( 'NONE', *, *, #6740, .T. ) ;
#5271 = VECTOR ( 'NONE', #143, 1000.000000000000000 ) ;
#5272 = FACE_OUTER_BOUND ( 'NONE', #7088, .T. ) ;
#5273 = CARTESIAN_POINT ( 'NONE',  ( 0.000000000000000000, 2.500000000000000000, 0.000000000000000000 ) ) ;
#5274 = ITEM_DEFINED_TRANSFORMATION ( 'NONE', 'NONE', #2303,  #6285 ) ;
#5275 = CARTESIAN_POINT ( 'NONE',  ( -39.00000000000000000, 38.00000000000000000, -21.30000000000000071 ) ) ;
#5276 = AXIS2_PLACEMENT_3D ( 'NONE', #3988, #6357, #1012 ) ;
#5277 = ORIENTED_EDGE ( 'NONE', *, *, #3960, .F. ) ;
#5278 = ORIENTED_EDGE ( 'NONE', *, *, #60, .F. ) ;
#5279 = ORIENTED_EDGE ( 'NONE', *, *, #5776, .T. ) ;
#5280 = APPROVAL ( #3048, 'UNKNOWN' ) ;
#5281 = CARTESIAN_POINT ( 'NONE',  ( 0.000000000000000000, 0.000000000000000000, 0.000000000000000000 ) ) ;
#5282 = ORIENTED_EDGE ( 'NONE', *, *, #1151, .F. ) ;
#5283 = AXIS2_PLACEMENT_3D ( 'NONE', #843, #3773, #2081 ) ;
#5284 = LOCAL_TIME ( 19, 29, 3.000000000000000000, #5513 ) ;
#5285 = DATE_TIME_ROLE ( 'creation_date' ) ;
#5286 = DIRECTION ( 'NONE',  ( 0.000000000000000000, 0.000000000000000000, -1.000000000000000000 ) ) ;
#5287 = CALENDAR_DATE ( 2026, 26, 7 ) ;
#5288 =( NAMED_UNIT ( * ) PLANE_ANGLE_UNIT ( ) SI_UNIT ( $, .RADIAN. ) );
#5289 = ORIENTED_EDGE ( 'NONE', *, *, #6966, .T. ) ;
#5290 = VECTOR ( 'NONE', #835, 1000.000000000000000 ) ;
#5291 = LINE ( 'NONE', #3475, #1109 ) ;
#5292 = APPLICATION_PROTOCOL_DEFINITION ( 'international standard', 'config_control_design', 1994, #6818 ) ;
#5293 = CIRCLE ( 'NONE', #2630, 1.600000000000004086 ) ;
#5294 = ORIENTED_EDGE ( 'NONE', *, *, #2179, .T. ) ;
#5295 = CYLINDRICAL_SURFACE ( 'NONE', #1868, 1.799999999999999600 ) ;
#5296 = CC_DESIGN_PERSON_AND_ORGANIZATION_ASSIGNMENT ( #4230, #5324, ( #6812 ) ) ;
#5297 = CARTESIAN_POINT ( 'NONE',  ( 19.00000000000000000, 0.000000000000000000, 9.000000000000000000 ) ) ;
#5298 = VECTOR ( 'NONE', #5852, 1000.000000000000000 ) ;
#5299 = CALENDAR_DATE ( 2026, 26, 7 ) ;
#5300 = DIRECTION ( 'NONE',  ( 0.000000000000000000, 0.000000000000000000, -1.000000000000000000 ) ) ;
#5301 = EDGE_LOOP ( 'NONE', ( #7660, #7527, #2824, #3756 ) ) ;
#5302 = EDGE_LOOP ( 'NONE', ( #5774, #7057, #5515, #1877 ) ) ;
#5303 = CALENDAR_DATE ( 2026, 26, 7 ) ;
#5304 = DIRECTION ( 'NONE',  ( -1.000000000000000000, 0.000000000000000000, 0.000000000000000000 ) ) ;
#5305 = AXIS2_PLACEMENT_3D ( 'NONE', #2999, #5474, #34 ) ;
#5306 = EDGE_CURVE ( 'NONE', #5696, #7606, #4519, .T. ) ;
#5307 = DIRECTION ( 'NONE',  ( 0.000000000000000000, -1.000000000000000000, 0.000000000000000000 ) ) ;
#5308 = PERSON_AND_ORGANIZATION ( #6453, #6167 ) ;
#5309 = EDGE_CURVE ( 'NONE', #208, #3962, #764, .T. ) ;
#5310 = ADVANCED_FACE ( 'NONE', ( #2671 ), #4485, .F. ) ;
#5311 = DIRECTION ( 'NONE',  ( 0.000000000000000000, 1.000000000000000000, 0.000000000000000000 ) ) ;
#5312 = AXIS2_PLACEMENT_3D ( 'NONE', #6848, #2665, #3765 ) ;
#5313 = DIRECTION ( 'NONE',  ( 0.000000000000000000, 0.000000000000000000, 1.000000000000000000 ) ) ;
#5314 = EDGE_LOOP ( 'NONE', ( #4101, #5666, #5978, #4963 ) ) ;
#5315 = EDGE_CURVE ( 'NONE', #6715, #4632, #3299, .T. ) ;
#5316 = AXIS2_PLACEMENT_3D ( 'NONE', #7461, #2113, #4512 ) ;
#5317 = CARTESIAN_POINT ( 'NONE',  ( -6.000000000000000000, 6.000000000000000000, -6.000000000000000000 ) ) ;
#5318 = LINE ( 'NONE', #2325, #1775 ) ;
#5319 = PLANE ( 'NONE',  #4048 ) ;
#5320 = ORIENTED_EDGE ( 'NONE', *, *, #6052, .T. ) ;
#5321 = PRODUCT ( 'FN-HAR-007_gnss-coax-exit_R0.4', 'FN-HAR-007_gnss-coax-exit_R0.4', '', ( #3691 ) ) ;
#5322 = ORIENTED_EDGE ( 'NONE', *, *, #799, .F. ) ;
#5323 = DIRECTION ( 'NONE',  ( 1.000000000000000000, 0.000000000000000000, 0.000000000000000000 ) ) ;
#5324 = PERSON_AND_ORGANIZATION_ROLE ( 'creator' ) ;
#5325 = CARTESIAN_POINT ( 'NONE',  ( -23.00000000000000000, 10.00000000000000000, -10.50000000000000000 ) ) ;
#5326 = ITEM_DEFINED_TRANSFORMATION ( 'NONE', 'NONE', #3062,  #6285 ) ;
#5327 = VERTEX_POINT ( 'NONE', #2908 ) ;
#5328 = CC_DESIGN_APPROVAL ( #1460, ( #3312 ) ) ;
#5329 = DIRECTION ( 'NONE',  ( 0.000000000000000000, -0.000000000000000000, -1.000000000000000000 ) ) ;
#5330 = PERSON_AND_ORGANIZATION_ROLE ( 'creator' ) ;
#5331 = ORIENTED_EDGE ( 'NONE', *, *, #4232, .F. ) ;
#5332 = DIRECTION ( 'NONE',  ( -0.000000000000000000, -1.000000000000000000, -0.000000000000000000 ) ) ;
#5333 = DATE_TIME_ROLE ( 'creation_date' ) ;
#5334 = FACE_BOUND ( 'NONE', #6158, .T. ) ;
#5335 =( NAMED_UNIT ( * ) PLANE_ANGLE_UNIT ( ) SI_UNIT ( $, .RADIAN. ) );
#5336 = PRODUCT_DEFINITION ( '未知', '', #6257, #1222 ) ;
#5337 = ORIENTED_EDGE ( 'NONE', *, *, #2952, .F. ) ;
#5338 = VERTEX_POINT ( 'NONE', #3453 ) ;
#5339 = DATE_AND_TIME ( #2825, #7684 ) ;
#5340 = PLANE ( 'NONE',  #1249 ) ;
#5341 = DIRECTION ( 'NONE',  ( -0.000000000000000000, -1.000000000000000000, -0.000000000000000000 ) ) ;
#5342 = COORDINATED_UNIVERSAL_TIME_OFFSET ( 8, 0, .AHEAD. ) ;
#5343 = EDGE_CURVE ( 'NONE', #3013, #5856, #7555, .T. ) ;
#5344 = DIRECTION ( 'NONE',  ( -1.000000000000000000, -0.000000000000000000, -0.000000000000000000 ) ) ;
#5345 = LINE ( 'NONE', #7086, #2416 ) ;
#5346 = CC_DESIGN_PERSON_AND_ORGANIZATION_ASSIGNMENT ( #3175, #7387, ( #1850 ) ) ;
#5347 = COORDINATED_UNIVERSAL_TIME_OFFSET ( 8, 0, .AHEAD. ) ;
#5348 = PRODUCT_DEFINITION_FORMATION_WITH_SPECIFIED_SOURCE ( '任何', '', #823, .NOT_KNOWN. ) ;
#5349 = DIRECTION ( 'NONE',  ( 0.000000000000000000, -1.000000000000000000, 0.000000000000000000 ) ) ;
#5350 = ORIENTED_EDGE ( 'NONE', *, *, #3560, .T. ) ;
#5351 = DIRECTION ( 'NONE',  ( -1.000000000000000000, -0.000000000000000000, -0.000000000000000000 ) ) ;
#5352 = CC_DESIGN_APPROVAL ( #7080, ( #218 ) ) ;
#5353 = CYLINDRICAL_SURFACE ( 'NONE', #3658, 1.250000000000004663 ) ;
#5354 = DIRECTION ( 'NONE',  ( -1.000000000000000000, 0.000000000000000000, 0.000000000000000000 ) ) ;
#5355 = EDGE_CURVE ( 'NONE', #1846, #5854, #41, .T. ) ;
#5356 = PERSON ( 'NAUO-PER22', 'UNSPECIFIED', 'UNSPECIFIED', ('UNSPECIFIED'), ('UNSPECIFIED'), ('UNSPECIFIED') ) ;
#5357 = ORIENTED_EDGE ( 'NONE', *, *, #2608, .T. ) ;
#5358 = LOCAL_TIME ( 19, 29, 3.000000000000000000, #814 ) ;
#5359 = EDGE_CURVE ( 'NONE', #5338, #1271, #4093, .T. ) ;
#5360 = ORIENTED_EDGE ( 'NONE', *, *, #1517, .F. ) ;
#5361 = CLOSED_SHELL ( 'NONE', ( #7529, #4109, #5924, #5310, #1112, #1615 ) ) ;
#5362 = DIRECTION ( 'NONE',  ( 0.000000000000000000, 1.000000000000000000, 0.000000000000000000 ) ) ;
#5363 = DATE_TIME_ROLE ( 'classification_date' ) ;
#5364 = CARTESIAN_POINT ( 'NONE',  ( -6.000000000000000000, 6.000000000000000000, 6.000000000000000000 ) ) ;
#5365 = EDGE_CURVE ( 'NONE', #454, #2301, #6022, .T. ) ;
#5366 = COORDINATED_UNIVERSAL_TIME_OFFSET ( 8, 0, .AHEAD. ) ;
#5367 = APPROVAL ( #3494, '未指定' ) ;
#5368 = AXIS2_PLACEMENT_3D ( 'NONE', #2360, #4802, #7275 ) ;
#5369 = EDGE_LOOP ( 'NONE', ( #3657, #3221, #923, #2320 ) ) ;
#5370 = CARTESIAN_POINT ( 'NONE',  ( -60.14999999999999858, 0.000000000000000000, -30.60000000000000142 ) ) ;
#5371 = CALENDAR_DATE ( 2026, 26, 7 ) ;
#5372 = EDGE_LOOP ( 'NONE', ( #4064, #1221, #6714, #6512 ) ) ;
#5373 = DIRECTION ( 'NONE',  ( 1.000000000000000000, 0.000000000000000000, 0.000000000000000000 ) ) ;
#5374 = ADVANCED_FACE ( 'NONE', ( #6927 ), #2750, .F. ) ;
#5375 = AXIS2_PLACEMENT_3D ( 'NONE', #790, #1415, #5015 ) ;
#5376 = ADVANCED_FACE ( 'NONE', ( #1038 ), #6424, .F. ) ;
#5377 = LINE ( 'NONE', #7667, #3663 ) ;
#5378 = EDGE_LOOP ( 'NONE', ( #7152, #7210, #539, #599 ) ) ;
#5379 = EDGE_LOOP ( 'NONE', ( #140, #778, #142, #2800 ) ) ;
#5380 = DATE_AND_TIME ( #1885, #5811 ) ;
#5381 = AXIS2_PLACEMENT_3D ( 'NONE', #988, #2072, #3325 ) ;
#5382 = CARTESIAN_POINT ( 'NONE',  ( 54.00000000000000000, 3.600000000000000089, 81.50000000000000000 ) ) ;
#5383 = CC_DESIGN_PERSON_AND_ORGANIZATION_ASSIGNMENT ( #5935, #2414, ( #6209 ) ) ;
#5384 = FACE_OUTER_BOUND ( 'NONE', #4803, .T. ) ;
#5385 = PERSON_AND_ORGANIZATION_ROLE ( 'creator' ) ;
#5386 = DIRECTION ( 'NONE',  ( 0.000000000000000000, 0.000000000000000000, -1.000000000000000000 ) ) ;
#5387 = PRODUCT_DEFINITION_SHAPE ( 'NONE', 'NONE',  #254 ) ;
#5388 = LINE ( 'NONE', #2397, #4179 ) ;
#5389 = PERSON_AND_ORGANIZATION ( #6453, #6167 ) ;
#5390 = DIRECTION ( 'NONE',  ( 0.000000000000000000, -0.000000000000000000, -1.000000000000000000 ) ) ;
#5391 = ORIENTED_EDGE ( 'NONE', *, *, #7397, .F. ) ;
#5392 = APPLICATION_CONTEXT ( 'configuration controlled 3d designs of mechanical parts and assemblies' ) ;
#5393 = CC_DESIGN_PERSON_AND_ORGANIZATION_ASSIGNMENT ( #751, #643, ( #6573 ) ) ;
#5394 = DIRECTION ( 'NONE',  ( 0.000000000000000000, 0.000000000000000000, -1.000000000000000000 ) ) ;
#5395 = LINE ( 'NONE', #860, #2895 ) ;
#5396 = CARTESIAN_POINT ( 'NONE',  ( -4.000000000000000000, 2.500000000000000000, -1.250000000000000000 ) ) ;
#5397 = ADVANCED_FACE ( 'NONE', ( #7595 ), #7676, .F. ) ;
#5398 = ORIENTED_EDGE ( 'NONE', *, *, #3615, .F. ) ;
#5399 = EDGE_LOOP ( 'NONE', ( #3511, #6638, #274, #2711, #2292, #1564, #6042, #5282 ) ) ;
#5400 = EDGE_CURVE ( 'NONE', #2777, #5338, #5841, .T. ) ;
#5401 = LINE ( 'NONE', #4341, #7382 ) ;
#5402 = APPROVAL_STATUS ( 'not_yet_approved' ) ;
#5403 = DIRECTION ( 'NONE',  ( 0.000000000000000000, 1.000000000000000000, 0.000000000000000000 ) ) ;
#5404 = VECTOR ( 'NONE', #1774, 1000.000000000000000 ) ;
#5405 = DATE_TIME_ROLE ( 'classification_date' ) ;
#5406 = ORIENTED_EDGE ( 'NONE', *, *, #5266, .T. ) ;
#5407 = CARTESIAN_POINT ( 'NONE',  ( 0.000000000000000000, 0.000000000000000000, -12.00000000000000000 ) ) ;
#5408 = CALENDAR_DATE ( 2026, 26, 7 ) ;
#5409 = EDGE_LOOP ( 'NONE', ( #6521, #1546, #6602, #2614 ) ) ;
#5410 = VECTOR ( 'NONE', #3161, 1000.000000000000000 ) ;
#5411 = CC_DESIGN_APPROVAL ( #2987, ( #4404 ) ) ;
#5412 = DIRECTION ( 'NONE',  ( -0.000000000000000000, -1.000000000000000000, -0.000000000000000000 ) ) ;
#5413 = APPROVAL_STATUS ( 'not_yet_approved' ) ;
#5414 = CARTESIAN_POINT ( 'NONE',  ( 14.25000000000000000, 2.500000000000000000, -8.000000000000000000 ) ) ;
#5415 = VECTOR ( 'NONE', #1865, 1000.000000000000000 ) ;
#5416 = AXIS2_PLACEMENT_3D ( 'NONE', #573, #2355, #2364 ) ;
#5417 =( LENGTH_UNIT ( ) NAMED_UNIT ( * ) SI_UNIT ( .MILLI., .METRE. ) );
#5418 = ORIENTED_EDGE ( 'NONE', *, *, #4349, .T. ) ;
#5419 = EDGE_CURVE ( 'NONE', #4023, #6760, #2239, .T. ) ;
#5420 = VERTEX_POINT ( 'NONE', #488 ) ;
#5421 = COORDINATED_UNIVERSAL_TIME_OFFSET ( 8, 0, .AHEAD. ) ;
#5422 = FACE_OUTER_BOUND ( 'NONE', #7417, .T. ) ;
#5423 = AXIS2_PLACEMENT_3D ( 'NONE', #595, #4377, #2977 ) ;
#5424 = DIRECTION ( 'NONE',  ( 0.000000000000000000, 1.000000000000000000, 0.000000000000000000 ) ) ;
#5425 = CALENDAR_DATE ( 2026, 26, 7 ) ;
#5426 = CARTESIAN_POINT ( 'NONE',  ( 54.00000000000000000, 3.600000000000000089, -81.50000000000000000 ) ) ;
#5427 = DIRECTION ( 'NONE',  ( -1.000000000000000000, -0.000000000000000000, -0.000000000000000000 ) ) ;
#5428 = AXIS2_PLACEMENT_3D ( 'NONE', #4998, #7401, #6349 ) ;
#5429 = PERSON_AND_ORGANIZATION ( #6453, #6167 ) ;
#5430 = CARTESIAN_POINT ( 'NONE',  ( -136.0000000000000000, 3.000000000000000000, -96.50000000000000000 ) ) ;
#5431 = ORIENTED_EDGE ( 'NONE', *, *, #2488, .F. ) ;
#5432 = DIRECTION ( 'NONE',  ( -0.000000000000000000, -0.000000000000000000, 1.000000000000000000 ) ) ;
#5433 = VECTOR ( 'NONE', #1000, 1000.000000000000000 ) ;
#5434 = CARTESIAN_POINT ( 'NONE',  ( 5.750000000000000000, 2.500000000000000000, 72.50000000000000000 ) ) ;
#5435 = DIRECTION ( 'NONE',  ( 1.000000000000000000, 0.000000000000000000, 0.000000000000000000 ) ) ;
#5436 = APPROVAL ( #7268, '未指定' ) ;
#5437 = ORIENTED_EDGE ( 'NONE', *, *, #7004, .F. ) ;
#5438 = ORIENTED_EDGE ( 'NONE', *, *, #271, .T. ) ;
#5439 = LINE ( 'NONE', #7250, #1502 ) ;
#5440 = CALENDAR_DATE ( 2026, 26, 7 ) ;
#5441 = DIRECTION ( 'NONE',  ( 0.000000000000000000, -1.000000000000000000, 0.000000000000000000 ) ) ;
#5442 = AXIS2_PLACEMENT_3D ( 'NONE', #629, #4149, #2453 ) ;
#5443 = APPROVAL_STATUS ( 'not_yet_approved' ) ;
#5444 = CARTESIAN_POINT ( 'NONE',  ( -126.0000000000000000, 3.000000000000000000, 45.00000000000000000 ) ) ;
#5445 = APPROVAL ( #1312, '未指定' ) ;
#5446 = EDGE_LOOP ( 'NONE', ( #2348, #5795 ) ) ;
#5447 = PLANE ( 'NONE',  #2345 ) ;
#5448 = PERSON ( 'NAUO-PER5', 'UNSPECIFIED', 'UNSPECIFIED', ('UNSPECIFIED'), ('UNSPECIFIED'), ('UNSPECIFIED') ) ;
#5449 = VERTEX_POINT ( 'NONE', #2870 ) ;
#5450 = DESIGN_CONTEXT ( 'detailed design', #2475, 'design' ) ;
#5451 = LOCAL_TIME ( 19, 29, 3.000000000000000000, #1538 ) ;
#5452 = CARTESIAN_POINT ( 'NONE',  ( 60.14999999999999858, 5.000000000000000000, -81.75000000000000000 ) ) ;
#5453 = PRODUCT_DEFINITION_SHAPE ( 'NONE', 'NONE',  #7723 ) ;
#5454 = CONTEXT_DEPENDENT_SHAPE_REPRESENTATION ( #481, #3689 ) ;
#5455 = LINE ( 'NONE', #4710, #4168 ) ;
#5456 = LOCAL_TIME ( 19, 29, 3.000000000000000000, #788 ) ;
#5457 = EDGE_CURVE ( 'NONE', #1184, #4939, #401, .T. ) ;
#5458 = ORIENTED_EDGE ( 'NONE', *, *, #7119, .F. ) ;
#5459 = ORIENTED_EDGE ( 'NONE', *, *, #2470, .T. ) ;
#5460 = PERSON_AND_ORGANIZATION_ROLE ( 'creator' ) ;
#5461 = PERSON ( 'NAUO-PER17', 'UNSPECIFIED', 'UNSPECIFIED', ('UNSPECIFIED'), ('UNSPECIFIED'), ('UNSPECIFIED') ) ;
#5462 = DIRECTION ( 'NONE',  ( 0.000000000000000000, -1.000000000000000000, 0.000000000000000000 ) ) ;
#5463 = EDGE_CURVE ( 'NONE', #1137, #6838, #5759, .T. ) ;
#5464 = PRODUCT_DEFINITION_FORMATION_WITH_SPECIFIED_SOURCE ( '任何', '', #2368, .NOT_KNOWN. ) ;
#5465 = EDGE_CURVE ( 'NONE', #7504, #2518, #7512, .T. ) ;
#5466 = APPLICATION_PROTOCOL_DEFINITION ( 'international standard', 'config_control_design', 1994, #836 ) ;
#5467 = DIRECTION ( 'NONE',  ( 0.000000000000000000, 1.000000000000000000, 0.000000000000000000 ) ) ;
#5468 = LINE ( 'NONE', #1930, #1308 ) ;
#5469 = PERSON_AND_ORGANIZATION_ROLE ( 'classification_officer' ) ;
#5470 = CARTESIAN_POINT ( 'NONE',  ( 9.750000000000000000, 2.500000000000000000, 72.50000000000000000 ) ) ;
#5471 = ORIENTED_EDGE ( 'NONE', *, *, #4533, .T. ) ;
#5472 = PLANE ( 'NONE',  #6004 ) ;
#5473 = CARTESIAN_POINT ( 'NONE',  ( -60.14999999999999858, 0.000000000000000000, 80.00000000000000000 ) ) ;
#5474 = DIRECTION ( 'NONE',  ( -1.000000000000000000, 0.000000000000000000, 0.000000000000000000 ) ) ;
#5475 = ORIENTED_EDGE ( 'NONE', *, *, #3917, .F. ) ;
#5476 = ORGANIZATION ( 'NAUO-ORG2', 'UNSPECIFIED', 'UNSPECIFIED' ) ;
#5477 = LINE ( 'NONE', #6112, #1167 ) ;
#5478 = PERSON_AND_ORGANIZATION_ROLE ( 'classification_officer' ) ;
#5479 = PRODUCT_RELATED_PRODUCT_CATEGORY ( 'detail', '', ( #4269 ) ) ;
#5480 = APPROVAL_ROLE ( '' ) ;
#5481 = ORGANIZATION ( 'NAUO-ORG6', 'UNSPECIFIED', 'UNSPECIFIED' ) ;
#5482 = ORIENTED_EDGE ( 'NONE', *, *, #3280, .F. ) ;
#5483 = FACE_OUTER_BOUND ( 'NONE', #5409, .T. ) ;
#5484 = VECTOR ( 'NONE', #2299, 1000.000000000000000 ) ;
#5485 = ORIENTED_EDGE ( 'NONE', *, *, #6180, .T. ) ;
#5486 = LINE ( 'NONE', #126, #5613 ) ;
#5487 = LOCAL_TIME ( 19, 29, 3.000000000000000000, #6315 ) ;
#5488 = CC_DESIGN_DATE_AND_TIME_ASSIGNMENT ( #6913, #427, ( #6855 ) ) ;
#5489 = CONTEXT_DEPENDENT_SHAPE_REPRESENTATION ( #3529, #3623 ) ;
#5490 = AXIS2_PLACEMENT_3D ( 'NONE', #1983, #5516, #1369 ) ;
#5491 = ORIENTED_EDGE ( 'NONE', *, *, #3818, .T. ) ;
#5492 = ORIENTED_EDGE ( 'NONE', *, *, #4630, .F. ) ;
#5493 = SHAPE_DEFINITION_REPRESENTATION ( #6551, #2748 ) ;
#5494 = CC_DESIGN_SECURITY_CLASSIFICATION ( #5237, ( #7730 ) ) ;
#5495 = DIRECTION ( 'NONE',  ( 0.000000000000000000, 0.000000000000000000, -1.000000000000000000 ) ) ;
#5496 = VECTOR ( 'NONE', #3141, 1000.000000000000000 ) ;
#5497 = EDGE_CURVE ( 'NONE', #7348, #7375, #528, .T. ) ;
#5498 = ADVANCED_FACE ( 'NONE', ( #2316 ), #1080, .T. ) ;
#5499 = SHAPE_DEFINITION_REPRESENTATION ( #13, #3848 ) ;
#5500 = DIRECTION ( 'NONE',  ( 0.000000000000000000, -0.000000000000000000, -1.000000000000000000 ) ) ;
#5501 = AXIS2_PLACEMENT_3D ( 'NONE', #1919, #782, #6644 ) ;
#5502 = EDGE_CURVE ( 'NONE', #6837, #7114, #4597, .T. ) ;
#5503 = DIRECTION ( 'NONE',  ( 1.000000000000000000, 0.000000000000000000, 0.000000000000000000 ) ) ;
#5504 = APPROVAL_ROLE ( '' ) ;
#5505 = DIRECTION ( 'NONE',  ( -1.000000000000000000, 0.000000000000000000, 0.000000000000000000 ) ) ;
#5506 = ORIENTED_EDGE ( 'NONE', *, *, #3336, .T. ) ;
#5507 = CARTESIAN_POINT ( 'NONE',  ( -0.7500000000000000000, 0.000000000000000000, 12.00000000000000000 ) ) ;
#5508 = DIRECTION ( 'NONE',  ( 0.000000000000000000, 0.000000000000000000, -1.000000000000000000 ) ) ;
#5509 = DIRECTION ( 'NONE',  ( 0.000000000000000000, -1.000000000000000000, 0.000000000000000000 ) ) ;
#5510 = ORIENTED_EDGE ( 'NONE', *, *, #996, .F. ) ;
#5511 = PRODUCT ( 'FN-ENV-001_carrier-installed-height_R0.4', 'FN-ENV-001_carrier-installed-height_R0.4', '', ( #5719 ) ) ;
#5512 = CARTESIAN_POINT ( 'NONE',  ( -54.00000000000000000, 1.599999999999999867, -79.90000000000000568 ) ) ;
#5513 = COORDINATED_UNIVERSAL_TIME_OFFSET ( 8, 0, .AHEAD. ) ;
#5514 = ITEM_DEFINED_TRANSFORMATION ( 'NONE', 'NONE', #3804,  #6285 ) ;
#5515 = ORIENTED_EDGE ( 'NONE', *, *, #3234, .F. ) ;
#5516 = DIRECTION ( 'NONE',  ( 0.000000000000000000, 1.000000000000000000, 0.000000000000000000 ) ) ;
#5517 = VERTEX_POINT ( 'NONE', #6339 ) ;
#5518 = CC_DESIGN_DATE_AND_TIME_ASSIGNMENT ( #700, #4892, ( #4864 ) ) ;
#5519 = DESIGN_CONTEXT ( 'detailed design', #2830, 'design' ) ;
#5520 = CARTESIAN_POINT ( 'NONE',  ( 5.750000000000000000, 0.000000000000000000, 72.50000000000000000 ) ) ;
#5521 = CIRCLE ( 'NONE', #4397, 1.750000000000001554 ) ;
#5522 = CALENDAR_DATE ( 2026, 26, 7 ) ;
#5523 = ORIENTED_EDGE ( 'NONE', *, *, #6234, .F. ) ;
#5524 = AXIS2_PLACEMENT_3D ( 'NONE', #5273, #4139, #7093 ) ;
#5525 = VERTEX_POINT ( 'NONE', #4638 ) ;
#5526 = PERSON_AND_ORGANIZATION ( #6453, #6167 ) ;
#5527 = APPROVAL_PERSON_ORGANIZATION ( #4342, #5752, #3117 ) ;
#5528 = CC_DESIGN_PERSON_AND_ORGANIZATION_ASSIGNMENT ( #221, #5549, ( #1941 ) ) ;
#5529 = LINE ( 'NONE', #3244, #352 ) ;
#5530 = CIRCLE ( 'NONE', #665, 1.600000000000004086 ) ;
#5531 = COORDINATED_UNIVERSAL_TIME_OFFSET ( 8, 0, .AHEAD. ) ;
#5532 = AXIS2_PLACEMENT_3D ( 'NONE', #4492, #848, #6931 ) ;
#5533 = DIRECTION ( 'NONE',  ( 0.000000000000000000, 0.000000000000000000, -1.000000000000000000 ) ) ;
#5534 = DIRECTION ( 'NONE',  ( 0.000000000000000000, 0.000000000000000000, 1.000000000000000000 ) ) ;
#5535 = ORIENTED_EDGE ( 'NONE', *, *, #5315, .F. ) ;
#5536 = PERSON_AND_ORGANIZATION ( #6453, #6167 ) ;
#5537 = EDGE_CURVE ( 'NONE', #1610, #5552, #6968, .T. ) ;
#5538 = CARTESIAN_POINT ( 'NONE',  ( -21.25000000000000000, 0.000000000000000000, -6.500000000000000000 ) ) ;
#5539 = AXIS2_PLACEMENT_3D ( 'NONE', #794, #5566, #2550 ) ;
#5540 = LINE ( 'NONE', #3661, #1909 ) ;
#5541 = AXIS2_PLACEMENT_3D ( 'NONE', #458, #2252, #2331 ) ;
#5542 = FACE_OUTER_BOUND ( 'NONE', #7185, .T. ) ;
#5543 = VECTOR ( 'NONE', #6109, 1000.000000000000000 ) ;
#5544 = CARTESIAN_POINT ( 'NONE',  ( 33.00000000000000000, 0.000000000000000000, -30.50000000000000000 ) ) ;
#5545 = ADVANCED_FACE ( 'NONE', ( #7045 ), #1702, .F. ) ;
#5546 = VERTEX_POINT ( 'NONE', #4797 ) ;
#5547 = AXIS2_PLACEMENT_3D ( 'NONE', #2120, #7432, #3220 ) ;
#5548 = LINE ( 'NONE', #4853, #1656 ) ;
#5549 = PERSON_AND_ORGANIZATION_ROLE ( 'design_owner' ) ;
#5550 = DATE_AND_TIME ( #2602, #2729 ) ;
#5551 = CARTESIAN_POINT ( 'NONE',  ( 96.00000000000000000, 15.00000000000000000, -9.000000000000000000 ) ) ;
#5552 = VERTEX_POINT ( 'NONE', #1778 ) ;
#5553 = CARTESIAN_POINT ( 'NONE',  ( 0.000000000000000000, 10.00000000000000000, 0.000000000000000000 ) ) ;
#5554 = ORIENTED_EDGE ( 'NONE', *, *, #6451, .F. ) ;
#5555 = DIRECTION ( 'NONE',  ( -0.000000000000000000, -0.000000000000000000, 1.000000000000000000 ) ) ;
#5556 = AXIS2_PLACEMENT_3D ( 'NONE', #5551, #4313, #1439 ) ;
#5557 = CARTESIAN_POINT ( 'NONE',  ( -60.14999999999999858, 0.000000000000000000, -80.00000000000000000 ) ) ;
#5558 = SECURITY_CLASSIFICATION_LEVEL ( 'unclassified' ) ;
#5559 = ORIENTED_EDGE ( 'NONE', *, *, #3579, .F. ) ;
#5560 = ORIENTED_EDGE ( 'NONE', *, *, #236, .T. ) ;
#5561 = CALENDAR_DATE ( 2026, 26, 7 ) ;
#5562 = LINE ( 'NONE', #204, #118 ) ;
#5563 = LOCAL_TIME ( 19, 29, 3.000000000000000000, #6370 ) ;
#5564 = PERSON_AND_ORGANIZATION ( #6453, #6167 ) ;
#5565 = CC_DESIGN_PERSON_AND_ORGANIZATION_ASSIGNMENT ( #4748, #2975, ( #5960 ) ) ;
#5566 = DIRECTION ( 'NONE',  ( 0.000000000000000000, 0.000000000000000000, 1.000000000000000000 ) ) ;
#5567 = PLANE ( 'NONE',  #5175 ) ;
#5568 = ORIENTED_EDGE ( 'NONE', *, *, #4391, .T. ) ;
#5569 = APPROVAL_DATE_TIME ( #1424, #1284 ) ;
#5570 = FACE_OUTER_BOUND ( 'NONE', #3129, .T. ) ;
#5571 = CC_DESIGN_APPROVAL ( #1552, ( #86 ) ) ;
#5572 = CARTESIAN_POINT ( 'NONE',  ( 39.00000000000000000, 0.000000000000000000, 19.50000000000000000 ) ) ;
#5573 = APPLICATION_CONTEXT ( 'configuration controlled 3d designs of mechanical parts and assemblies' ) ;
#5574 = PRODUCT_DEFINITION ( '未知', '', #1443, #338 ) ;
#5575 = CARTESIAN_POINT ( 'NONE',  ( 158.9499999999999886, 91.09999999999999432, 119.4500000000000028 ) ) ;
#5576 = DIRECTION ( 'NONE',  ( -1.000000000000000000, -0.000000000000000000, -0.000000000000000000 ) ) ;
#5577 = ORIENTED_EDGE ( 'NONE', *, *, #1019, .T. ) ;
#5578 = DIRECTION ( 'NONE',  ( 0.000000000000000000, 1.000000000000000000, 0.000000000000000000 ) ) ;
#5579 = DATE_TIME_ROLE ( 'creation_date' ) ;
#5580 = EDGE_CURVE ( 'NONE', #4055, #2049, #3653, .T. ) ;
#5581 = ITEM_DEFINED_TRANSFORMATION ( 'NONE', 'NONE', #6290,  #6285 ) ;
#5582 = CARTESIAN_POINT ( 'NONE',  ( -23.00000000000000000, 0.000000000000000000, -10.50000000000000000 ) ) ;
#5583 = DIRECTION ( 'NONE',  ( 1.000000000000000000, 0.000000000000000000, 0.000000000000000000 ) ) ;
#5584 = ORIENTED_EDGE ( 'NONE', *, *, #6199, .F. ) ;
#5585 = CARTESIAN_POINT ( 'NONE',  ( -19.00000000000000000, 0.000000000000000000, -9.000000000000000000 ) ) ;
#5586 = CC_DESIGN_APPROVAL ( #6363, ( #6460 ) ) ;
#5587 = EDGE_LOOP ( 'NONE', ( #1636, #5247 ) ) ;
#5588 = DIRECTION ( 'NONE',  ( -0.000000000000000000, -1.000000000000000000, -0.000000000000000000 ) ) ;
#5589 = ADVANCED_FACE ( 'NONE', ( #5952 ), #4256, .F. ) ;
#5590 = CARTESIAN_POINT ( 'NONE',  ( 2.250000000000000444, 2.500000000000000000, 6.500000000000000000 ) ) ;
#5591 = DATE_AND_TIME ( #3318, #6587 ) ;
#5592 = LOCAL_TIME ( 19, 29, 3.000000000000000000, #2101 ) ;
#5593 = VECTOR ( 'NONE', #7183, 1000.000000000000000 ) ;
#5594 = ORIENTED_EDGE ( 'NONE', *, *, #7190, .F. ) ;
#5595 = ORIENTED_EDGE ( 'NONE', *, *, #185, .F. ) ;
#5596 = DATE_AND_TIME ( #5561, #698 ) ;
#5597 = EDGE_LOOP ( 'NONE', ( #4410, #6403, #5789, #6641 ) ) ;
#5598 = DIRECTION ( 'NONE',  ( 0.000000000000000000, -0.000000000000000000, -1.000000000000000000 ) ) ;
#5599 = EDGE_CURVE ( 'NONE', #6241, #5647, #99, .T. ) ;
#5600 = ORGANIZATION ( 'NAUO-ORG14', 'UNSPECIFIED', 'UNSPECIFIED' ) ;
#5601 = VECTOR ( 'NONE', #4346, 1000.000000000000000 ) ;
#5602 = PERSON_AND_ORGANIZATION_ROLE ( 'design_supplier' ) ;
#5603 = DIRECTION ( 'NONE',  ( -0.000000000000000000, -1.000000000000000000, -0.000000000000000000 ) ) ;
#5604 = CARTESIAN_POINT ( 'NONE',  ( 0.5000000000000004441, 2.500000000000000000, 12.50000000000000000 ) ) ;
#5605 = ORIENTED_EDGE ( 'NONE', *, *, #4835, .F. ) ;
#5606 = PERSON_AND_ORGANIZATION ( #6453, #6167 ) ;
#5607 = CARTESIAN_POINT ( 'NONE',  ( -158.9499999999999886, 0.000000000000000000, -119.4500000000000028 ) ) ;
#5608 = CARTESIAN_POINT ( 'NONE',  ( -4.000000000000000000, 2.500000000000000000, 1.250000000000000000 ) ) ;
#5609 = VECTOR ( 'NONE', #4120, 1000.000000000000000 ) ;
#5610 = CARTESIAN_POINT ( 'NONE',  ( -136.0000000000000000, 3.000000000000000000, 96.50000000000000000 ) ) ;
#5611 = CARTESIAN_POINT ( 'NONE',  ( 33.00000000000000000, 0.000000000000000000, 30.50000000000000000 ) ) ;
#5612 = VERTEX_POINT ( 'NONE', #6577 ) ;
#5613 = VECTOR ( 'NONE', #5555, 1000.000000000000000 ) ;
#5614 = PRODUCT_RELATED_PRODUCT_CATEGORY ( 'detail', '', ( #2062 ) ) ;
#5615 = DIRECTION ( 'NONE',  ( -0.000000000000000000, -1.000000000000000000, -0.000000000000000000 ) ) ;
#5616 = DATE_AND_TIME ( #4927, #6383 ) ;
#5617 = CARTESIAN_POINT ( 'NONE',  ( -9.750000000000000000, 2.500000000000000000, -68.50000000000000000 ) ) ;
#5618 = EDGE_LOOP ( 'NONE', ( #3159, #5921, #5786, #4125 ) ) ;
#5619 = DIRECTION ( 'NONE',  ( 0.000000000000000000, 0.000000000000000000, -1.000000000000000000 ) ) ;
#5620 = CC_DESIGN_DATE_AND_TIME_ASSIGNMENT ( #4363, #6979, ( #2274 ) ) ;
#5621 = FACE_OUTER_BOUND ( 'NONE', #1154, .T. ) ;
#5622 = PRODUCT_DEFINITION_SHAPE ( 'NONE', 'NONE',  #7718 ) ;
#5623 = CARTESIAN_POINT ( 'NONE',  ( -3.500000000000000000, 2.500000000000000000, -12.50000000000000000 ) ) ;
#5624 = CONTEXT_DEPENDENT_SHAPE_REPRESENTATION ( #3630, #4199 ) ;
#5625 = ORIENTED_EDGE ( 'NONE', *, *, #7157, .F. ) ;
#5626 = ORIENTED_EDGE ( 'NONE', *, *, #7521, .T. ) ;
#5627 = CALENDAR_DATE ( 2026, 26, 7 ) ;
#5628 = ORIENTED_EDGE ( 'NONE', *, *, #284, .F. ) ;
#5629 = CARTESIAN_POINT ( 'NONE',  ( -4.000000000000000000, 0.000000000000000000, -1.250000000000000000 ) ) ;
#5630 = AXIS2_PLACEMENT_3D ( 'NONE', #5265, #4049, #399 ) ;
#5631 = DIRECTION ( 'NONE',  ( 0.000000000000000000, -1.000000000000000000, 0.000000000000000000 ) ) ;
#5632 = APPROVAL_ROLE ( '' ) ;
#5633 = DIRECTION ( 'NONE',  ( 0.000000000000000000, 0.000000000000000000, -1.000000000000000000 ) ) ;
#5635 = EDGE_CURVE ( 'NONE', #4896, #7415, #566, .T. ) ;
#5634 = CIRCLE ( 'NONE', #3386, 1.750000000000001554 ) ;
#5636 = CARTESIAN_POINT ( 'NONE',  ( -10.25000000000000000, 2.500000000000000000, 1.750000000000000000 ) ) ;
#5637 = EDGE_CURVE ( 'NONE', #2721, #3163, #670, .T. ) ;
#5638 = ORIENTED_EDGE ( 'NONE', *, *, #5746, .F. ) ;
#5639 = APPLICATION_PROTOCOL_DEFINITION ( 'international standard', 'config_control_design', 1994, #6617 ) ;
#5640 = CARTESIAN_POINT ( 'NONE',  ( -39.00000000000000000, 5.000000000000000000, 19.50000000000000000 ) ) ;
#5641 = AXIS2_PLACEMENT_3D ( 'NONE', #6556, #7177, #5286 ) ;
#5642 = LOCAL_TIME ( 19, 29, 3.000000000000000000, #4291 ) ;
#5643 = DIRECTION ( 'NONE',  ( 0.000000000000000000, -0.000000000000000000, -1.000000000000000000 ) ) ;
#5644 = FACE_OUTER_BOUND ( 'NONE', #3039, .T. ) ;
#5645 = CARTESIAN_POINT ( 'NONE',  ( 39.00000000000000000, 3.000000000000000000, 20.75000000000000355 ) ) ;
#5646 = AXIS2_PLACEMENT_3D ( 'NONE', #332, #4524, #3303 ) ;
#5647 = VERTEX_POINT ( 'NONE', #3571 ) ;
#5648 = DIRECTION ( 'NONE',  ( 0.000000000000000000, 0.000000000000000000, 1.000000000000000000 ) ) ;
#5649 = AXIS2_PLACEMENT_3D ( 'NONE', #5426, #7270, #6031 ) ;
#5650 = AXIS2_PLACEMENT_3D ( 'NONE', #2962, #5362, #1 ) ;
#5651 = APPLICATION_PROTOCOL_DEFINITION ( 'international standard', 'config_control_design', 1994, #5392 ) ;
#5652 = PERSON_AND_ORGANIZATION_ROLE ( 'classification_officer' ) ;
#5653 = DIRECTION ( 'NONE',  ( 0.000000000000000000, -1.000000000000000000, 0.000000000000000000 ) ) ;
#5654 = APPROVAL ( #4500, '未指定' ) ;
#5655 = PERSON_AND_ORGANIZATION ( #6453, #6167 ) ;
#5656 = ORIENTED_EDGE ( 'NONE', *, *, #6972, .F. ) ;
#5657 = VECTOR ( 'NONE', #853, 1000.000000000000000 ) ;
#5658 = LINE ( 'NONE', #2058, #6471 ) ;
#5659 = DESIGN_CONTEXT ( 'detailed design', #3168, 'design' ) ;
#5660 = LINE ( 'NONE', #7408, #1261 ) ;
#5661 = DIRECTION ( 'NONE',  ( 1.000000000000000000, 0.000000000000000000, -0.000000000000000000 ) ) ;
#5662 = AXIS2_PLACEMENT_3D ( 'NONE', #100, #2478, #1347 ) ;
#5663 = PERSON_AND_ORGANIZATION_ROLE ( 'classification_officer' ) ;
#5664 = PRODUCT_RELATED_PRODUCT_CATEGORY ( 'detail', '', ( #5255 ) ) ;
#5665 = ORIENTED_EDGE ( 'NONE', *, *, #4275, .F. ) ;
#5666 = ORIENTED_EDGE ( 'NONE', *, *, #7288, .F. ) ;
#5667 = APPROVAL_DATE_TIME ( #7416, #6619 ) ;
#5668 = EDGE_LOOP ( 'NONE', ( #743, #5716, #1828, #5506 ) ) ;
#5669 = CARTESIAN_POINT ( 'NONE',  ( 39.00000000000000000, 3.000000000000000000, 19.50000000000000000 ) ) ;
#5670 = FACE_BOUND ( 'NONE', #4672, .T. ) ;
#5671 = PERSON_AND_ORGANIZATION ( #6453, #6167 ) ;
#5672 = EDGE_CURVE ( 'NONE', #4618, #479, #4758, .T. ) ;
#5673 = CARTESIAN_POINT ( 'NONE',  ( -9.750000000000000000, 2.500000000000000000, -68.50000000000000000 ) ) ;
#5674 =( GEOMETRIC_REPRESENTATION_CONTEXT ( 3 ) GLOBAL_UNCERTAINTY_ASSIGNED_CONTEXT ( ( #1300 ) ) GLOBAL_UNIT_ASSIGNED_CONTEXT ( ( #1140, #3086, #547 ) ) REPRESENTATION_CONTEXT ( 'NONE', 'WORKASPACE' ) );
#5675 = LINE ( 'NONE', #795, #804 ) ;
#5676 = ORIENTED_EDGE ( 'NONE', *, *, #5019, .F. ) ;
#5677 = DATE_AND_TIME ( #6216, #7421 ) ;
#5678 = ADVANCED_FACE ( 'NONE', ( #7122 ), #4171, .F. ) ;
#5679 = DIRECTION ( 'NONE',  ( 0.000000000000000000, 0.000000000000000000, 1.000000000000000000 ) ) ;
#5680 = LOCAL_TIME ( 19, 29, 3.000000000000000000, #1006 ) ;
#5681 = LINE ( 'NONE', #3849, #2256 ) ;
#5682 = DIRECTION ( 'NONE',  ( -1.000000000000000000, -0.000000000000000000, -0.000000000000000000 ) ) ;
#5683 = CARTESIAN_POINT ( 'NONE',  ( -6.000000000000000000, 6.000000000000000000, -6.000000000000000000 ) ) ;
#5684 = LOCAL_TIME ( 19, 29, 3.000000000000000000, #6923 ) ;
#5685 = EDGE_LOOP ( 'NONE', ( #229, #468, #619, #6774 ) ) ;
#5686 = FACE_OUTER_BOUND ( 'NONE', #731, .T. ) ;
#5687 = LOCAL_TIME ( 19, 29, 3.000000000000000000, #2728 ) ;
#5688 = DATE_AND_TIME ( #3898, #3481 ) ;
#5689 = SHAPE_REPRESENTATION ( 'FN-HAR-007_gnss-coax-exit_R0.4', ( #6285 ), #5674 ) ;
#5690 = CARTESIAN_POINT ( 'NONE',  ( -1.750000000000000000, 2.500000000000000000, -6.500000000000000888 ) ) ;
#5691 = APPROVAL_DATE_TIME ( #3308, #4958 ) ;
#5692 = ORIENTED_EDGE ( 'NONE', *, *, #2612, .T. ) ;
#5693 = DIRECTION ( 'NONE',  ( 0.000000000000000000, 0.000000000000000000, 1.000000000000000000 ) ) ;
#5694 = APPROVAL ( #6683, 'UNKNOWN' ) ;
#5695 = DIRECTION ( 'NONE',  ( -1.000000000000000000, -0.000000000000000000, -0.000000000000000000 ) ) ;
#5696 = VERTEX_POINT ( 'NONE', #1198 ) ;
#5697 = APPROVAL_STATUS ( 'not_yet_approved' ) ;
#5698 = DIRECTION ( 'NONE',  ( -0.000000000000000000, 1.000000000000000000, -0.000000000000000000 ) ) ;
#5699 = PERSON ( 'NAUO-PER15', 'UNSPECIFIED', 'UNSPECIFIED', ('UNSPECIFIED'), ('UNSPECIFIED'), ('UNSPECIFIED') ) ;
#5700 = ORIENTED_EDGE ( 'NONE', *, *, #1151, .T. ) ;
#5701 = DIRECTION ( 'NONE',  ( -0.000000000000000000, -0.000000000000000000, 1.000000000000000000 ) ) ;
#5702 = DATE_AND_TIME ( #2031, #6684 ) ;
#5703 = ORIENTED_EDGE ( 'NONE', *, *, #3280, .T. ) ;
#5704 = DIRECTION ( 'NONE',  ( 0.000000000000000000, 0.000000000000000000, 1.000000000000000000 ) ) ;
#5705 = CC_DESIGN_PERSON_AND_ORGANIZATION_ASSIGNMENT ( #3020, #1809, ( #1325 ) ) ;
#5706 = DIRECTION ( 'NONE',  ( 0.000000000000000000, 1.000000000000000000, 0.000000000000000000 ) ) ;
#5707 = LOCAL_TIME ( 19, 29, 3.000000000000000000, #1337 ) ;
#5708 = PERSON_AND_ORGANIZATION_ROLE ( 'creator' ) ;
#5709 = FACE_BOUND ( 'NONE', #5110, .T. ) ;
#5710 = ORIENTED_EDGE ( 'NONE', *, *, #4630, .T. ) ;
#5711 = SECURITY_CLASSIFICATION_LEVEL ( 'unclassified' ) ;
#5712 = CC_DESIGN_APPROVAL ( #3649, ( #6464 ) ) ;
#5713 = DIRECTION ( 'NONE',  ( -0.000000000000000000, 1.000000000000000000, -0.000000000000000000 ) ) ;
#5714 = VECTOR ( 'NONE', #1143, 1000.000000000000000 ) ;
#5715 = EDGE_CURVE ( 'NONE', #4791, #5449, #2405, .T. ) ;
#5716 = ORIENTED_EDGE ( 'NONE', *, *, #4635, .F. ) ;
#5717 = PLANE ( 'NONE',  #6121 ) ;
#5718 = ADVANCED_FACE ( 'NONE', ( #4294 ), #2988, .T. ) ;
#5719 = MECHANICAL_CONTEXT ( 'NONE', #7403, 'mechanical' ) ;
#5720 = DIRECTION ( 'NONE',  ( -0.000000000000000000, 1.000000000000000000, -0.000000000000000000 ) ) ;
#5721 = VECTOR ( 'NONE', #6271, 1000.000000000000000 ) ;
#5722 = CARTESIAN_POINT ( 'NONE',  ( -4.000000000000000000, 2.500000000000000000, 1.250000000000000000 ) ) ;
#5723 = EDGE_CURVE ( 'NONE', #6456, #1338, #4910, .T. ) ;
#5724 = VERTEX_POINT ( 'NONE', #2436 ) ;
#5725 = APPROVAL_PERSON_ORGANIZATION ( #3384, #6165, #2755 ) ;
#5726 = AXIS2_PLACEMENT_3D ( 'NONE', #3255, #5065, #7427 ) ;
#5727 = DIRECTION ( 'NONE',  ( 0.000000000000000000, 0.000000000000000000, 1.000000000000000000 ) ) ;
#5728 = CARTESIAN_POINT ( 'NONE',  ( -19.00000000000000000, 15.00000000000000000, -9.000000000000000000 ) ) ;
#5729 = VECTOR ( 'NONE', #5412, 1000.000000000000000 ) ;
#5730 = APPROVAL_STATUS ( 'not_yet_approved' ) ;
#5731 = ORIENTED_EDGE ( 'NONE', *, *, #7692, .F. ) ;
#5732 = ADVANCED_FACE ( 'NONE', ( #1815 ), #1276, .F. ) ;
#5733 = CARTESIAN_POINT ( 'NONE',  ( 39.00000000000000000, 3.000000000000000000, 19.50000000000000000 ) ) ;
#5734 = DESIGN_CONTEXT ( 'detailed design', #4438, 'design' ) ;
#5735 = LINE ( 'NONE', #6235, #874 ) ;
#5736 = PERSON_AND_ORGANIZATION ( #6453, #6167 ) ;
#5737 = DIRECTION ( 'NONE',  ( 0.000000000000000000, 1.000000000000000000, 0.000000000000000000 ) ) ;
#5738 = PERSON_AND_ORGANIZATION ( #6073, #3103 ) ;
#5739 =( NAMED_UNIT ( * ) SI_UNIT ( $, .STERADIAN. ) SOLID_ANGLE_UNIT ( ) );
#5740 = CC_DESIGN_PERSON_AND_ORGANIZATION_ASSIGNMENT ( #2494, #5894, ( #4864 ) ) ;
#5741 = VERTEX_POINT ( 'NONE', #4132 ) ;
#5742 = ORIENTED_EDGE ( 'NONE', *, *, #6444, .F. ) ;
#5743 = DIRECTION ( 'NONE',  ( -0.000000000000000000, -0.000000000000000000, 1.000000000000000000 ) ) ;
#5744 = APPROVAL_STATUS ( 'not_yet_approved' ) ;
#5745 = EDGE_LOOP ( 'NONE', ( #6475, #1773, #3089, #3436 ) ) ;
#5746 = EDGE_CURVE ( 'NONE', #3438, #3991, #2474, .T. ) ;
#5747 = DIRECTION ( 'NONE',  ( -0.000000000000000000, -1.000000000000000000, -0.000000000000000000 ) ) ;
#5748 = FACE_OUTER_BOUND ( 'NONE', #5096, .T. ) ;
#5749 = SHAPE_DEFINITION_REPRESENTATION ( #5387, #7083 ) ;
#5750 = DIRECTION ( 'NONE',  ( 1.000000000000000000, 0.000000000000000000, 0.000000000000000000 ) ) ;
#5751 = CARTESIAN_POINT ( 'NONE',  ( 19.00000000000000000, 15.00000000000000000, -9.000000000000000000 ) ) ;
#5752 = APPROVAL ( #3822, '未指定' ) ;
#5753 = ORIENTED_EDGE ( 'NONE', *, *, #3628, .F. ) ;
#5754 = SHAPE_DEFINITION_REPRESENTATION ( #7046, #5252 ) ;
#5755 = CARTESIAN_POINT ( 'NONE',  ( 14.25000000000000000, 0.000000000000000000, -12.00000000000000000 ) ) ;
#5756 = ORIENTED_EDGE ( 'NONE', *, *, #3335, .T. ) ;
#5757 = LINE ( 'NONE', #3451, #4282 ) ;
#5758 = AXIS2_PLACEMENT_3D ( 'NONE', #2155, #1616, #564 ) ;
#5759 = LINE ( 'NONE', #6463, #2401 ) ;
#5760 = DIRECTION ( 'NONE',  ( 0.000000000000000000, 0.000000000000000000, 1.000000000000000000 ) ) ;
#5761 = EDGE_CURVE ( 'NONE', #3563, #3019, #684, .T. ) ;
#5762 = EDGE_LOOP ( 'NONE', ( #3601, #6048, #3488, #7373, #1487, #4219, #6003, #2578 ) ) ;
#5763 = AXIS2_PLACEMENT_3D ( 'NONE', #3047, #5441, #82 ) ;
#5764 = CC_DESIGN_APPROVAL ( #7235, ( #2767 ) ) ;
#5765 = EDGE_CURVE ( 'NONE', #3962, #6495, #6066, .T. ) ;
#5766 = CARTESIAN_POINT ( 'NONE',  ( 60.00000000000000000, 0.000000000000000000, 42.50000000000000000 ) ) ;
#5767 = DIRECTION ( 'NONE',  ( 0.000000000000000000, 0.000000000000000000, 1.000000000000000000 ) ) ;
#5768 = DATE_TIME_ROLE ( 'classification_date' ) ;
#5769 = AXIS2_PLACEMENT_3D ( 'NONE', #2600, #7436, #3858 ) ;
#5770 = CARTESIAN_POINT ( 'NONE',  ( 21.25000000000000000, 2.500000000000000000, 10.50000000000000000 ) ) ;
#5771 = EDGE_CURVE ( 'NONE', #5854, #1846, #3153, .T. ) ;
#5772 =( REPRESENTATION_RELATIONSHIP ('NONE','NONE', #110, #6830 ) REPRESENTATION_RELATIONSHIP_WITH_TRANSFORMATION ( #2876 )SHAPE_REPRESENTATION_RELATIONSHIP( ) );
#5773 = APPROVAL_ROLE ( '' ) ;
#5774 = ORIENTED_EDGE ( 'NONE', *, *, #6234, .T. ) ;
#5775 = LINE ( 'NONE', #2209, #4367 ) ;
#5776 = EDGE_CURVE ( 'NONE', #7541, #4896, #6656, .T. ) ;
#5777 = AXIS2_PLACEMENT_3D ( 'NONE', #815, #2306, #4123 ) ;
#5778 = CARTESIAN_POINT ( 'NONE',  ( -0.7500000000000000000, 2.500000000000000000, 12.00000000000000000 ) ) ;
#5779 = ORIENTED_EDGE ( 'NONE', *, *, #4310, .F. ) ;
#5780 = CALENDAR_DATE ( 2026, 26, 7 ) ;
#5781 = LINE ( 'NONE', #1559, #6635 ) ;
#5782 = APPROVAL_STATUS ( 'not_yet_approved' ) ;
#5783 = AXIS2_PLACEMENT_3D ( 'NONE', #2366, #1671, #3385 ) ;
#5784 =( LENGTH_UNIT ( ) NAMED_UNIT ( * ) SI_UNIT ( .MILLI., .METRE. ) );
#5785 = ORIENTED_EDGE ( 'NONE', *, *, #284, .T. ) ;
#5786 = ORIENTED_EDGE ( 'NONE', *, *, #533, .T. ) ;
#5787 = PLANE ( 'NONE',  #3100 ) ;
#5788 = APPROVAL_ROLE ( '' ) ;
#5789 = ORIENTED_EDGE ( 'NONE', *, *, #6585, .F. ) ;
#5790 = FACE_OUTER_BOUND ( 'NONE', #3594, .T. ) ;
#5791 = PLANE ( 'NONE',  #1254 ) ;
#5792 = VECTOR ( 'NONE', #568, 1000.000000000000000 ) ;
#5793 = PERSON_AND_ORGANIZATION ( #6453, #6167 ) ;
#5794 = CARTESIAN_POINT ( 'NONE',  ( 8.250000000000000000, 2.500000000000000000, 7.250000000000000000 ) ) ;
#5795 = ORIENTED_EDGE ( 'NONE', *, *, #2960, .F. ) ;
#5796 =( GEOMETRIC_REPRESENTATION_CONTEXT ( 3 ) GLOBAL_UNCERTAINTY_ASSIGNED_CONTEXT ( ( #1985 ) ) GLOBAL_UNIT_ASSIGNED_CONTEXT ( ( #2385, #5335, #128 ) ) REPRESENTATION_CONTEXT ( 'NONE', 'WORKASPACE' ) );
#5797 = ORIENTED_EDGE ( 'NONE', *, *, #6057, .T. ) ;
#5798 = APPROVAL_DATE_TIME ( #521, #2893 ) ;
#5799 = DIRECTION ( 'NONE',  ( -0.000000000000000000, 1.000000000000000000, -0.000000000000000000 ) ) ;
#5800 = CC_DESIGN_DATE_AND_TIME_ASSIGNMENT ( #6366, #1023, ( #2082 ) ) ;
#5801 = LINE ( 'NONE', #2196, #3890 ) ;
#5802 = AXIS2_PLACEMENT_3D ( 'NONE', #1948, #4458, #6709 ) ;
#5803 = PERSON_AND_ORGANIZATION ( #6453, #6167 ) ;
#5804 = CARTESIAN_POINT ( 'NONE',  ( 4.750000000000000000, 2.500000000000000000, 7.250000000000000000 ) ) ;
#5805 = LINE ( 'NONE', #4559, #7664 ) ;
#5806 = VERTEX_POINT ( 'NONE', #6847 ) ;
#5807 = APPROVAL_PERSON_ORGANIZATION ( #5536, #1284, #4949 ) ;
#5808 = PRODUCT_RELATED_PRODUCT_CATEGORY ( 'detail', '', ( #4133 ) ) ;
#5809 = LINE ( 'NONE', #6346, #666 ) ;
#5810 = DIRECTION ( 'NONE',  ( -0.000000000000000000, -1.000000000000000000, -0.000000000000000000 ) ) ;
#5811 = LOCAL_TIME ( 19, 29, 3.000000000000000000, #4904 ) ;
#5812 = ADVANCED_FACE ( 'NONE', ( #6173 ), #7423, .F. ) ;
#5813 = CARTESIAN_POINT ( 'NONE',  ( -23.00000000000000000, 10.00000000000000000, 10.50000000000000000 ) ) ;
#5814 = ADVANCED_FACE ( 'NONE', ( #6137 ), #3170, .F. ) ;
#5815 = ORIENTED_EDGE ( 'NONE', *, *, #5205, .F. ) ;
#5816 = CARTESIAN_POINT ( 'NONE',  ( -19.00000000000000000, 0.000000000000000000, -9.000000000000000000 ) ) ;
#5817 = EDGE_CURVE ( 'NONE', #6406, #5985, #206, .T. ) ;
#5818 = CC_DESIGN_APPROVAL ( #4096, ( #746 ) ) ;
#5819 = EDGE_CURVE ( 'NONE', #4632, #3122, #2664, .T. ) ;
#5820 = DIRECTION ( 'NONE',  ( 0.000000000000000000, 0.000000000000000000, -1.000000000000000000 ) ) ;
#5821 = ORIENTED_EDGE ( 'NONE', *, *, #7288, .T. ) ;
#5822 = SHAPE_DEFINITION_REPRESENTATION ( #3752, #1706 ) ;
#5823 = FACE_OUTER_BOUND ( 'NONE', #508, .T. ) ;
#5824 =( NAMED_UNIT ( * ) PLANE_ANGLE_UNIT ( ) SI_UNIT ( $, .RADIAN. ) );
#5825 = EDGE_LOOP ( 'NONE', ( #2899, #4316, #2220, #2185, #1750, #1770, #856, #5491 ) ) ;
#5826 = ORIENTED_EDGE ( 'NONE', *, *, #6379, .F. ) ;
#5827 = CARTESIAN_POINT ( 'NONE',  ( -1.750000000000001554, 0.000000000000000000, -6.500000000000000000 ) ) ;
#5828 = PERSON_AND_ORGANIZATION ( #6453, #6167 ) ;
#5829 = ORIENTED_EDGE ( 'NONE', *, *, #1329, .F. ) ;
#5830 = CARTESIAN_POINT ( 'NONE',  ( -8.250000000000000000, 2.500000000000000000, 3.750000000000000000 ) ) ;
#5831 = LINE ( 'NONE', #3014, #1746 ) ;
#5832 = APPROVAL_STATUS ( 'not_yet_approved' ) ;
#5833 = FACE_OUTER_BOUND ( 'NONE', #2193, .T. ) ;
#5834 = VERTEX_POINT ( 'NONE', #3136 ) ;
#5835 = ORIENTED_EDGE ( 'NONE', *, *, #1666, .F. ) ;
#5836 = APPROVAL_STATUS ( 'not_yet_approved' ) ;
#5837 = FACE_BOUND ( 'NONE', #1630, .T. ) ;
#5838 = SECURITY_CLASSIFICATION ( '', '', #6492 ) ;
#5839 = CARTESIAN_POINT ( 'NONE',  ( -14.25000000000000000, 2.500000000000000000, 8.000000000000000000 ) ) ;
#5840 = PERSON_AND_ORGANIZATION_ROLE ( 'classification_officer' ) ;
#5841 = LINE ( 'NONE', #1578, #5889 ) ;
#5842 = APPROVAL_PERSON_ORGANIZATION ( #4936, #4188, #5050 ) ;
#5843 = DIRECTION ( 'NONE',  ( -0.000000000000000000, -0.000000000000000000, 1.000000000000000000 ) ) ;
#5844 = CLOSED_SHELL ( 'NONE', ( #2279, #3806, #3252, #2427, #5812, #1719 ) ) ;
#5845 = CC_DESIGN_PERSON_AND_ORGANIZATION_ASSIGNMENT ( #5738, #2771, ( #3731 ) ) ;
#5846 = ORIENTED_EDGE ( 'NONE', *, *, #4062, .T. ) ;
#5847 = CC_DESIGN_APPROVAL ( #7313, ( #4864 ) ) ;
#5848 = DIRECTION ( 'NONE',  ( 0.000000000000000000, 0.000000000000000000, 1.000000000000000000 ) ) ;
#5849 = VECTOR ( 'NONE', #103, 1000.000000000000000 ) ;
#5850 = DIRECTION ( 'NONE',  ( 0.000000000000000000, -1.000000000000000000, 0.000000000000000000 ) ) ;
#5851 = COORDINATED_UNIVERSAL_TIME_OFFSET ( 8, 0, .AHEAD. ) ;
#5852 = DIRECTION ( 'NONE',  ( 1.000000000000000000, 0.000000000000000000, 0.000000000000000000 ) ) ;
#5853 = PRODUCT_RELATED_PRODUCT_CATEGORY ( 'detail', '', ( #2368 ) ) ;
#5854 = VERTEX_POINT ( 'NONE', #4362 ) ;
#5855 = VECTOR ( 'NONE', #6765, 1000.000000000000000 ) ;
#5856 = VERTEX_POINT ( 'NONE', #5094 ) ;
#5857 = DIRECTION ( 'NONE',  ( 0.000000000000000000, -1.000000000000000000, 0.000000000000000000 ) ) ;
#5858 = DATE_AND_TIME ( #1558, #6439 ) ;
#5859 = CARTESIAN_POINT ( 'NONE',  ( 54.00000000000000000, 3.600000000000000089, 79.90000000000000568 ) ) ;
#5860 = ITEM_DEFINED_TRANSFORMATION ( 'NONE', 'NONE', #1190,  #6285 ) ;
#5861 = EDGE_CURVE ( 'NONE', #2536, #208, #4981, .T. ) ;
#5862 = EDGE_LOOP ( 'NONE', ( #3527, #4279, #3232, #2430 ) ) ;
#5863 = PLANE ( 'NONE',  #2471 ) ;
#5864 = PERSON_AND_ORGANIZATION ( #6453, #6167 ) ;
#5865 = ORIENTED_EDGE ( 'NONE', *, *, #3006, .F. ) ;
#5866 = DIRECTION ( 'NONE',  ( 1.000000000000000000, 0.000000000000000000, 0.000000000000000000 ) ) ;
#5867 = DIRECTION ( 'NONE',  ( 0.000000000000000000, 1.000000000000000000, 0.000000000000000000 ) ) ;
#5868 = ADVANCED_BREP_SHAPE_REPRESENTATION ( '', ( #2685, #6285 ), #6539 ) ;
#5869 = EDGE_CURVE ( 'NONE', #944, #518, #6653, .T. ) ;
#5870 = CALENDAR_DATE ( 2026, 26, 7 ) ;
#5871 = CARTESIAN_POINT ( 'NONE',  ( 60.14999999999999858, 3.000000000000000000, -28.84999999999999787 ) ) ;
#5872 = ORIENTED_EDGE ( 'NONE', *, *, #3375, .T. ) ;
#5873 = ORIENTED_EDGE ( 'NONE', *, *, #3485, .T. ) ;
#5874 = APPLICATION_PROTOCOL_DEFINITION ( 'international standard', 'config_control_design', 1994, #224 ) ;
#5875 = LINE ( 'NONE', #396, #6476 ) ;
#5876 = CARTESIAN_POINT ( 'NONE',  ( -60.14999999999999858, 5.000000000000000000, 30.60000000000000142 ) ) ;
#5877 = CALENDAR_DATE ( 2026, 26, 7 ) ;
#5878 = DIRECTION ( 'NONE',  ( 0.000000000000000000, 0.000000000000000000, -1.000000000000000000 ) ) ;
#5879 = CARTESIAN_POINT ( 'NONE',  ( -23.00000000000000000, 10.00000000000000000, -10.50000000000000000 ) ) ;
#5880 = ORIENTED_EDGE ( 'NONE', *, *, #5537, .T. ) ;
#5881 = AXIS2_PLACEMENT_3D ( 'NONE', #5950, #7197, #5007 ) ;
#5882 = DIRECTION ( 'NONE',  ( -0.000000000000000000, -1.000000000000000000, -0.000000000000000000 ) ) ;
#5883 = LINE ( 'NONE', #6472, #6881 ) ;
#5884 = CARTESIAN_POINT ( 'NONE',  ( -8.500000000000000000, 0.000000000000000000, 12.50000000000000000 ) ) ;
#5885 = VECTOR ( 'NONE', #1483, 1000.000000000000000 ) ;
#5886 = ORIENTED_EDGE ( 'NONE', *, *, #1755, .T. ) ;
#5887 = ORIENTED_EDGE ( 'NONE', *, *, #216, .F. ) ;
#5888 = DIRECTION ( 'NONE',  ( -1.000000000000000000, 0.000000000000000000, -0.000000000000000000 ) ) ;
#5889 = VECTOR ( 'NONE', #4051, 1000.000000000000000 ) ;
#5890 = CC_DESIGN_APPROVAL ( #4141, ( #7639 ) ) ;
#5891 = CALENDAR_DATE ( 2026, 26, 7 ) ;
#5892 = LINE ( 'NONE', #5971, #7252 ) ;
#5893 = CC_DESIGN_DATE_AND_TIME_ASSIGNMENT ( #1344, #717, ( #933 ) ) ;
#5894 = PERSON_AND_ORGANIZATION_ROLE ( 'classification_officer' ) ;
#5895 =( NAMED_UNIT ( * ) SI_UNIT ( $, .STERADIAN. ) SOLID_ANGLE_UNIT ( ) );
#5896 = VERTEX_POINT ( 'NONE', #6805 ) ;
#5897 = VECTOR ( 'NONE', #3486, 1000.000000000000000 ) ;
#5898 = DIRECTION ( 'NONE',  ( 0.000000000000000000, -1.000000000000000000, 0.000000000000000000 ) ) ;
#5899 = DATE_AND_TIME ( #5371, #199 ) ;
#5900 = ORIENTED_EDGE ( 'NONE', *, *, #3186, .F. ) ;
#5901 = DIRECTION ( 'NONE',  ( -0.000000000000000000, -0.000000000000000000, 1.000000000000000000 ) ) ;
#5902 = CARTESIAN_POINT ( 'NONE',  ( -1.750000000000000000, 2.500000000000000000, 10.50000000000000000 ) ) ;
#5903 = CC_DESIGN_DATE_AND_TIME_ASSIGNMENT ( #6961, #3372, ( #7516 ) ) ;
#5904 = VECTOR ( 'NONE', #6021, 1000.000000000000000 ) ;
#5905 = COORDINATED_UNIVERSAL_TIME_OFFSET ( 8, 0, .AHEAD. ) ;
#5906 = FACE_OUTER_BOUND ( 'NONE', #3361, .T. ) ;
#5907 =( NAMED_UNIT ( * ) SI_UNIT ( $, .STERADIAN. ) SOLID_ANGLE_UNIT ( ) );
#5908 = ORIENTED_EDGE ( 'NONE', *, *, #6187, .T. ) ;
#5909 = ORIENTED_EDGE ( 'NONE', *, *, #1334, .T. ) ;
#5910 = COORDINATED_UNIVERSAL_TIME_OFFSET ( 8, 0, .AHEAD. ) ;
#5911 = DIRECTION ( 'NONE',  ( 0.000000000000000000, -1.000000000000000000, 0.000000000000000000 ) ) ;
#5912 = VECTOR ( 'NONE', #6970, 1000.000000000000000 ) ;
#5913 = ADVANCED_FACE ( 'NONE', ( #1346 ), #755, .F. ) ;
#5914 = EDGE_CURVE ( 'NONE', #6511, #4618, #1998, .T. ) ;
#5915 = CARTESIAN_POINT ( 'NONE',  ( -60.14999999999999858, 3.000000000000000000, -80.00000000000000000 ) ) ;
#5916 = APPROVAL_STATUS ( 'not_yet_approved' ) ;
#5917 = CARTESIAN_POINT ( 'NONE',  ( -57.50000000000000000, 0.000000000000000000, -85.00000000000000000 ) ) ;
#5918 = DIRECTION ( 'NONE',  ( 0.000000000000000000, -1.000000000000000000, 0.000000000000000000 ) ) ;
#5919 = APPROVAL_DATE_TIME ( #3387, #4260 ) ;
#5920 = EDGE_CURVE ( 'NONE', #1753, #5085, #1929, .T. ) ;
#5921 = ORIENTED_EDGE ( 'NONE', *, *, #2571, .F. ) ;
#5922 = ADVANCED_FACE ( 'NONE', ( #4396 ), #170, .F. ) ;
#5923 = AXIS2_PLACEMENT_3D ( 'NONE', #1217, #5974, #7221 ) ;
#5924 = ADVANCED_FACE ( 'NONE', ( #7384 ), #4945, .F. ) ;
#5925 = PLANE ( 'NONE',  #5416 ) ;
#5926 = FACE_OUTER_BOUND ( 'NONE', #500, .T. ) ;
#5927 = CYLINDRICAL_SURFACE ( 'NONE', #6780, 1.799999999999999600 ) ;
#5928 = APPROVAL_PERSON_ORGANIZATION ( #7440, #2035, #4762 ) ;
#5929 = ORIENTED_EDGE ( 'NONE', *, *, #4592, .T. ) ;
#5930 = ORIENTED_EDGE ( 'NONE', *, *, #3307, .T. ) ;
#5931 = CARTESIAN_POINT ( 'NONE',  ( -9.750000000000000000, 2.500000000000000000, -68.50000000000000000 ) ) ;
#5932 = CC_DESIGN_SECURITY_CLASSIFICATION ( #4694, ( #1436 ) ) ;
#5933 = PERSON_AND_ORGANIZATION_ROLE ( 'design_owner' ) ;
#5934 = CARTESIAN_POINT ( 'NONE',  ( 4.000000000000000000, 2.500000000000000000, -1.250000000000000000 ) ) ;
#5935 = PERSON_AND_ORGANIZATION ( #2628, #5230 ) ;
#5936 = ORIENTED_EDGE ( 'NONE', *, *, #801, .T. ) ;
#5937 = CC_DESIGN_APPROVAL ( #2078, ( #7516 ) ) ;
#5938 = LINE ( 'NONE', #4701, #1355 ) ;
#5939 = COORDINATED_UNIVERSAL_TIME_OFFSET ( 8, 0, .AHEAD. ) ;
#5940 = EDGE_LOOP ( 'NONE', ( #7264, #4581, #2400, #4384 ) ) ;
#5941 = CC_DESIGN_DATE_AND_TIME_ASSIGNMENT ( #926, #5768, ( #2098 ) ) ;
#5942 = DIRECTION ( 'NONE',  ( -0.000000000000000000, -1.000000000000000000, -0.000000000000000000 ) ) ;
#5943 = CALENDAR_DATE ( 2026, 26, 7 ) ;
#5944 = PLANE ( 'NONE',  #5036 ) ;
#5945 = ORIENTED_EDGE ( 'NONE', *, *, #7277, .F. ) ;
#5946 = ORIENTED_EDGE ( 'NONE', *, *, #3182, .F. ) ;
#5947 = APPROVAL_DATE_TIME ( #713, #4568 ) ;
#5948 = PRODUCT_DEFINITION ( '未知', '', #2060, #3710 ) ;
#5949 = DIRECTION ( 'NONE',  ( 0.000000000000000000, 0.000000000000000000, -1.000000000000000000 ) ) ;
#5950 = CARTESIAN_POINT ( 'NONE',  ( -3.500000000000000000, 2.500000000000000000, -8.500000000000000000 ) ) ;
#5951 = PERSON_AND_ORGANIZATION ( #6453, #6167 ) ;
#5952 = FACE_OUTER_BOUND ( 'NONE', #2727, .T. ) ;
#5953 = CARTESIAN_POINT ( 'NONE',  ( 2.250000000000000000, 0.000000000000000000, -10.50000000000000000 ) ) ;
#5954 = APPLICATION_PROTOCOL_DEFINITION ( 'international standard', 'config_control_design', 1994, #4483 ) ;
#5955 = LOCAL_TIME ( 19, 29, 3.000000000000000000, #4433 ) ;
#5956 = EDGE_CURVE ( 'NONE', #3797, #6715, #1420, .T. ) ;
#5957 = DIRECTION ( 'NONE',  ( -0.000000000000000000, -1.000000000000000000, -0.000000000000000000 ) ) ;
#5958 = ORIENTED_EDGE ( 'NONE', *, *, #7, .F. ) ;
#5959 = CARTESIAN_POINT ( 'NONE',  ( -0.7500000000000000000, 2.500000000000000000, 12.00000000000000000 ) ) ;
#5960 = SECURITY_CLASSIFICATION ( '', '', #3559 ) ;
#5961 = EDGE_CURVE ( 'NONE', #1498, #1782, #3207, .T. ) ;
#5962 = LINE ( 'NONE', #7168, #5415 ) ;
#5963 = DIRECTION ( 'NONE',  ( 0.000000000000000000, 0.000000000000000000, 1.000000000000000000 ) ) ;
#5964 = EDGE_CURVE ( 'NONE', #4103, #1498, #872, .T. ) ;
#5965 = ORIENTED_EDGE ( 'NONE', *, *, #6673, .F. ) ;
#5966 = APPROVAL_PERSON_ORGANIZATION ( #4776, #2011, #545 ) ;
#5967 = ORIENTED_EDGE ( 'NONE', *, *, #3874, .F. ) ;
#5968 = AXIS2_PLACEMENT_3D ( 'NONE', #1761, #2968, #4152 ) ;
#5969 = DIRECTION ( 'NONE',  ( -1.000000000000000000, -0.000000000000000000, -0.000000000000000000 ) ) ;
#5970 = PERSON_AND_ORGANIZATION ( #6453, #6167 ) ;
#5971 = CARTESIAN_POINT ( 'NONE',  ( -8.250000000000000000, 2.500000000000000000, 11.25000000000000000 ) ) ;
#5972 = SECURITY_CLASSIFICATION_LEVEL ( 'unclassified' ) ;
#5973 = CIRCLE ( 'NONE', #7465, 1.750000000000001554 ) ;
#5974 = DIRECTION ( 'NONE',  ( 0.000000000000000000, 0.000000000000000000, 1.000000000000000000 ) ) ;
#5975 = EDGE_LOOP ( 'NONE', ( #5665, #578, #5171, #2506 ) ) ;
#5976 = FACE_BOUND ( 'NONE', #7338, .T. ) ;
#5977 = APPROVAL_ROLE ( '' ) ;
#5978 = ORIENTED_EDGE ( 'NONE', *, *, #5010, .F. ) ;
#5979 = DESIGN_CONTEXT ( 'detailed design', #836, 'design' ) ;
#5980 = DIRECTION ( 'NONE',  ( 0.000000000000000000, -1.000000000000000000, 0.000000000000000000 ) ) ;
#5981 = AXIS2_PLACEMENT_3D ( 'NONE', #945, #5211, #4666 ) ;
#5982 = SECURITY_CLASSIFICATION_LEVEL ( 'unclassified' ) ;
#5983 = FACE_OUTER_BOUND ( 'NONE', #5597, .T. ) ;
#5984 = VERTEX_POINT ( 'NONE', #4473 ) ;
#5985 = VERTEX_POINT ( 'NONE', #3883 ) ;
#5986 = PERSON_AND_ORGANIZATION ( #6453, #6167 ) ;
#5987 = VECTOR ( 'NONE', #7531, 1000.000000000000000 ) ;
#5988 = CARTESIAN_POINT ( 'NONE',  ( -1.750000000000000000, 2.500000000000000000, 6.500000000000000000 ) ) ;
#5989 = DIRECTION ( 'NONE',  ( 0.000000000000000000, -1.000000000000000000, 0.000000000000000000 ) ) ;
#5990 = PERSON_AND_ORGANIZATION_ROLE ( 'design_owner' ) ;
#5991 = CC_DESIGN_DATE_AND_TIME_ASSIGNMENT ( #6228, #4376, ( #393 ) ) ;
#5992 = CARTESIAN_POINT ( 'NONE',  ( 60.14999999999999858, 0.000000000000000000, -30.60000000000000142 ) ) ;
#5993 = PRODUCT ( 'FN-SEN-001_tilt-transmitter-envelope_R0.1', 'FN-SEN-001_tilt-transmitter-envelope_R0.1', '', ( #1567 ) ) ;
#5994 = DIRECTION ( 'NONE',  ( 0.000000000000000000, 0.000000000000000000, -1.000000000000000000 ) ) ;
#5995 = DATE_AND_TIME ( #6736, #2173 ) ;
#5996 = CARTESIAN_POINT ( 'NONE',  ( 0.000000000000000000, 0.000000000000000000, 0.000000000000000000 ) ) ;
#5997 = EDGE_LOOP ( 'NONE', ( #905, #4477, #5162, #5217 ) ) ;
#5998 = EDGE_CURVE ( 'NONE', #6176, #2855, #3291, .T. ) ;
#5999 = DIRECTION ( 'NONE',  ( -1.000000000000000000, 0.000000000000000000, -0.000000000000000000 ) ) ;
#6000 = CC_DESIGN_PERSON_AND_ORGANIZATION_ASSIGNMENT ( #1892, #6579, ( #5321 ) ) ;
#6001 = LINE ( 'NONE', #2955, #4032 ) ;
#6002 = CARTESIAN_POINT ( 'NONE',  ( -136.0000000000000000, 3.000000000000000000, 96.50000000000000000 ) ) ;
#6003 = ORIENTED_EDGE ( 'NONE', *, *, #4224, .T. ) ;
#6004 = AXIS2_PLACEMENT_3D ( 'NONE', #7167, #105, #6586 ) ;
#6005 = ORIENTED_EDGE ( 'NONE', *, *, #7159, .T. ) ;
#6006 = CARTESIAN_POINT ( 'NONE',  ( -60.14999999999999858, 3.000000000000000000, -30.60000000000000142 ) ) ;
#6007 = ADVANCED_FACE ( 'NONE', ( #5137 ), #4041, .F. ) ;
#6008 = PERSON_AND_ORGANIZATION ( #6453, #6167 ) ;
#6009 = CARTESIAN_POINT ( 'NONE',  ( -60.00000000000000000, 3.000000000000000000, 42.50000000000000000 ) ) ;
#6010 = EDGE_CURVE ( 'NONE', #2301, #454, #6261, .T. ) ;
#6011 = VECTOR ( 'NONE', #3929, 1000.000000000000000 ) ;
#6012 = DATE_AND_TIME ( #627, #1970 ) ;
#6013 = DIRECTION ( 'NONE',  ( 0.000000000000000000, 0.000000000000000000, 1.000000000000000000 ) ) ;
#6014 = ORIENTED_EDGE ( 'NONE', *, *, #3051, .F. ) ;
#6015 = PLANE ( 'NONE',  #345 ) ;
#6016 = EDGE_LOOP ( 'NONE', ( #7559, #7049, #1423, #5157 ) ) ;
#6017 = VECTOR ( 'NONE', #2255, 1000.000000000000000 ) ;
#6018 = CC_DESIGN_APPROVAL ( #4953, ( #4862 ) ) ;
#6019 = FACE_OUTER_BOUND ( 'NONE', #3831, .T. ) ;
#6020 = APPROVAL_DATE_TIME ( #1804, #5694 ) ;
#6021 = DIRECTION ( 'NONE',  ( -1.000000000000000000, -0.000000000000000000, -0.000000000000000000 ) ) ;
#6022 = CIRCLE ( 'NONE', #4290, 1.250000000000004663 ) ;
#6023 = AXIS2_PLACEMENT_3D ( 'NONE', #4375, #6744, #4995 ) ;
#6024 = VERTEX_POINT ( 'NONE', #4511 ) ;
#6025 = EDGE_LOOP ( 'NONE', ( #5703, #1994, #5178, #2505 ) ) ;
#6026 = COORDINATED_UNIVERSAL_TIME_OFFSET ( 8, 0, .AHEAD. ) ;
#6027 = DIRECTION ( 'NONE',  ( -1.000000000000000000, 0.000000000000000000, -0.000000000000000000 ) ) ;
#6028 = EDGE_CURVE ( 'NONE', #1801, #6629, #1607, .T. ) ;
#6029 = VECTOR ( 'NONE', #6212, 1000.000000000000000 ) ;
#6030 = APPROVAL_STATUS ( 'not_yet_approved' ) ;
#6031 = DIRECTION ( 'NONE',  ( 0.000000000000000000, 0.000000000000000000, -1.000000000000000000 ) ) ;
#6032 = DIRECTION ( 'NONE',  ( 0.000000000000000000, -1.000000000000000000, 0.000000000000000000 ) ) ;
#6033 = CIRCLE ( 'NONE', #921, 1.600000000000004086 ) ;
#6034 = PERSON_AND_ORGANIZATION_ROLE ( 'design_supplier' ) ;
#6035 = LINE ( 'NONE', #27, #2976 ) ;
#6036 = VERTEX_POINT ( 'NONE', #3407 ) ;
#6037 = CC_DESIGN_PERSON_AND_ORGANIZATION_ASSIGNMENT ( #4980, #3327, ( #6935 ) ) ;
#6038 = DIRECTION ( 'NONE',  ( -0.000000000000000000, 1.000000000000000000, -0.000000000000000000 ) ) ;
#6039 = VECTOR ( 'NONE', #2000, 1000.000000000000000 ) ;
#6040 = CARTESIAN_POINT ( 'NONE',  ( -54.00000000000000000, 0.000000000000000000, 81.50000000000000000 ) ) ;
#6041 = PLANE ( 'NONE',  #408 ) ;
#6042 = ORIENTED_EDGE ( 'NONE', *, *, #4209, .F. ) ;
#6043 = CC_DESIGN_PERSON_AND_ORGANIZATION_ASSIGNMENT ( #5828, #2775, ( #86 ) ) ;
#6044 = DIRECTION ( 'NONE',  ( 1.000000000000000000, 0.000000000000000000, -0.000000000000000000 ) ) ;
#6045 = EDGE_CURVE ( 'NONE', #7606, #2257, #2894, .T. ) ;
#6046 = PERSON_AND_ORGANIZATION ( #6453, #6167 ) ;
#6047 = DATE_AND_TIME ( #3629, #2849 ) ;
#6048 = ORIENTED_EDGE ( 'NONE', *, *, #7383, .T. ) ;
#6049 = LINE ( 'NONE', #4895, #1240 ) ;
#6050 = ORIENTED_EDGE ( 'NONE', *, *, #586, .T. ) ;
#6051 = DESIGN_CONTEXT ( 'detailed design', #6818, 'design' ) ;
#6052 = EDGE_CURVE ( 'NONE', #4142, #5420, #4002, .T. ) ;
#6053 = PRODUCT_DEFINITION_FORMATION_WITH_SPECIFIED_SOURCE ( '任何', '', #567, .NOT_KNOWN. ) ;
#6054 = LINE ( 'NONE', #3711, #2238 ) ;
#6055 = PRODUCT ( 'FN-SUP-001_edge-support-pad_DRAFT_R0.4', 'FN-SUP-001_edge-support-pad_DRAFT_R0.4', '', ( #2148 ) ) ;
#6056 = DATE_AND_TIME ( #4283, #344 ) ;
#6057 = EDGE_CURVE ( 'NONE', #3364, #6445, #7586, .T. ) ;
#6058 = CC_DESIGN_SECURITY_CLASSIFICATION ( #80, ( #2060 ) ) ;
#6059 = ORIENTED_EDGE ( 'NONE', *, *, #3869, .F. ) ;
#6060 = ORIENTED_EDGE ( 'NONE', *, *, #3478, .F. ) ;
#6061 = CALENDAR_DATE ( 2026, 26, 7 ) ;
#6062 = CYLINDRICAL_SURFACE ( 'NONE', #2227, 1.750000000000001554 ) ;
#6063 = APPROVAL_PERSON_ORGANIZATION ( #6320, #6757, #1103 ) ;
#6064 = EDGE_CURVE ( 'NONE', #6752, #6478, #3779, .T. ) ;
#6065 = PERSON_AND_ORGANIZATION_ROLE ( 'design_owner' ) ;
#6066 = LINE ( 'NONE', #67, #47 ) ;
#6067 = CARTESIAN_POINT ( 'NONE',  ( -39.00000000000000000, 5.000000000000000000, 20.75000000000000355 ) ) ;
#6068 = APPROVAL_DATE_TIME ( #5995, #1752 ) ;
#6069 = LINE ( 'NONE', #4261, #858 ) ;
#6070 = ORIENTED_EDGE ( 'NONE', *, *, #6399, .T. ) ;
#6071 = DIRECTION ( 'NONE',  ( 1.000000000000000000, 0.000000000000000000, -0.000000000000000000 ) ) ;
#6072 = LINE ( 'NONE', #6665, #3273 ) ;
#6073 = PERSON ( 'NAUO-PER11', 'UNSPECIFIED', 'UNSPECIFIED', ('UNSPECIFIED'), ('UNSPECIFIED'), ('UNSPECIFIED') ) ;
#6074 = FACE_OUTER_BOUND ( 'NONE', #786, .T. ) ;
#6075 = CC_DESIGN_PERSON_AND_ORGANIZATION_ASSIGNMENT ( #4565, #3977, ( #5237 ) ) ;
#6076 = ORIENTED_EDGE ( 'NONE', *, *, #3726, .T. ) ;
#6077 = LOCAL_TIME ( 19, 29, 3.000000000000000000, #3101 ) ;
#6078 = CARTESIAN_POINT ( 'NONE',  ( -0.7500000000000000000, 0.000000000000000000, 12.00000000000000000 ) ) ;
#6079 = APPROVAL_ROLE ( '' ) ;
#6080 = PERSON ( 'NAUO-PER8', 'UNSPECIFIED', 'UNSPECIFIED', ('UNSPECIFIED'), ('UNSPECIFIED'), ('UNSPECIFIED') ) ;
#6081 = CC_DESIGN_PERSON_AND_ORGANIZATION_ASSIGNMENT ( #6008, #7138, ( #3319 ) ) ;
#6082 = LOCAL_TIME ( 19, 29, 3.000000000000000000, #14 ) ;
#6083 = DIRECTION ( 'NONE',  ( 1.000000000000000000, 0.000000000000000000, 0.000000000000000000 ) ) ;
#6084 = ORIENTED_EDGE ( 'NONE', *, *, #3579, .T. ) ;
#6085 = CARTESIAN_POINT ( 'NONE',  ( -60.00000000000000000, 0.000000000000000000, 42.50000000000000000 ) ) ;
#6086 = ORIENTED_EDGE ( 'NONE', *, *, #6199, .T. ) ;
#6087 = CARTESIAN_POINT ( 'NONE',  ( -45.00000000000000000, 36.00000000000000000, 29.00000000000000000 ) ) ;
#6088 = LOCAL_TIME ( 19, 29, 3.000000000000000000, #222 ) ;
#6089 = AXIS2_PLACEMENT_3D ( 'NONE', #2130, #3428, #6233 ) ;
#6090 = EDGE_CURVE ( 'NONE', #7114, #7070, #2230, .T. ) ;
#6091 = VERTEX_POINT ( 'NONE', #5871 ) ;
#6092 = EDGE_LOOP ( 'NONE', ( #6703, #4165 ) ) ;
#6093 = ADVANCED_FACE ( 'NONE', ( #6328 ), #6998, .F. ) ;
#6094 = APPROVAL_DATE_TIME ( #3647, #7187 ) ;
#6095 = EDGE_CURVE ( 'NONE', #776, #6930, #6142, .T. ) ;
#6096 = FACE_BOUND ( 'NONE', #3463, .T. ) ;
#6097 = AXIS2_PLACEMENT_3D ( 'NONE', #6418, #1737, #2785 ) ;
#6098 = ADVANCED_FACE ( 'NONE', ( #3446 ), #6920, .F. ) ;
#6099 = PERSON_AND_ORGANIZATION ( #6453, #6167 ) ;
#6100 = ADVANCED_FACE ( 'NONE', ( #2112, #1024, #951, #5709, #5833 ), #4586, .F. ) ;
#6101 = DIRECTION ( 'NONE',  ( 0.000000000000000000, 0.000000000000000000, -1.000000000000000000 ) ) ;
#6102 = VECTOR ( 'NONE', #1529, 1000.000000000000000 ) ;
#6103 = CARTESIAN_POINT ( 'NONE',  ( -60.00000000000000000, 0.000000000000000000, -42.50000000000000000 ) ) ;
#6104 = ORIENTED_EDGE ( 'NONE', *, *, #2330, .F. ) ;
#6105 = COORDINATED_UNIVERSAL_TIME_OFFSET ( 8, 0, .AHEAD. ) ;
#6106 = DIRECTION ( 'NONE',  ( 0.000000000000000000, 0.000000000000000000, 1.000000000000000000 ) ) ;
#6107 = PLANE ( 'NONE',  #7362 ) ;
#6108 = CARTESIAN_POINT ( 'NONE',  ( -4.000000000000000000, 2.500000000000000000, -1.250000000000000000 ) ) ;
#6109 = DIRECTION ( 'NONE',  ( 0.000000000000000000, 0.000000000000000000, -1.000000000000000000 ) ) ;
#6110 = ORIENTED_EDGE ( 'NONE', *, *, #6438, .F. ) ;
#6111 = PRODUCT_DEFINITION_SHAPE ( 'NONE', 'NONE',  #7726 ) ;
#6112 = CARTESIAN_POINT ( 'NONE',  ( 8.250000000000000000, 0.000000000000000000, 7.250000000000000000 ) ) ;
#6113 = APPLICATION_PROTOCOL_DEFINITION ( 'international standard', 'config_control_design', 1994, #4380 ) ;
#6114 = SECURITY_CLASSIFICATION_LEVEL ( 'unclassified' ) ;
#6115 = DIRECTION ( 'NONE',  ( 0.000000000000000000, 0.000000000000000000, 1.000000000000000000 ) ) ;
#6116 = VERTEX_POINT ( 'NONE', #1573 ) ;
#6117 = DIRECTION ( 'NONE',  ( -0.000000000000000000, -0.000000000000000000, 1.000000000000000000 ) ) ;
#6118 = ORIENTED_EDGE ( 'NONE', *, *, #2040, .T. ) ;
#6119 = CC_DESIGN_PERSON_AND_ORGANIZATION_ASSIGNMENT ( #7035, #7584, ( #736 ) ) ;
#6120 = DIRECTION ( 'NONE',  ( -0.000000000000000000, 1.000000000000000000, -0.000000000000000000 ) ) ;
#6121 = AXIS2_PLACEMENT_3D ( 'NONE', #364, #290, #2045 ) ;
#6122 = LINE ( 'NONE', #7158, #3137 ) ;
#6123 = APPROVAL_STATUS ( 'not_yet_approved' ) ;
#6124 = ORIENTED_EDGE ( 'NONE', *, *, #3966, .T. ) ;
#6125 = AXIS2_PLACEMENT_3D ( 'NONE', #7519, #2244, #7015 ) ;
#6126 = ORIENTED_EDGE ( 'NONE', *, *, #3307, .F. ) ;
#6127 = MECHANICAL_CONTEXT ( 'NONE', #3572, 'mechanical' ) ;
#6128 = CC_DESIGN_SECURITY_CLASSIFICATION ( #3319, ( #6812 ) ) ;
#6129 = ORIENTED_EDGE ( 'NONE', *, *, #6064, .T. ) ;
#6130 = FACE_OUTER_BOUND ( 'NONE', #5379, .T. ) ;
#6131 = ADVANCED_BREP_SHAPE_REPRESENTATION ( '', ( #2541, #6285 ), #1550 ) ;
#6132 = APPROVAL ( #5836, '未指定' ) ;
#6133 = VECTOR ( 'NONE', #999, 1000.000000000000000 ) ;
#6134 = PERSON_AND_ORGANIZATION_ROLE ( 'design_owner' ) ;
#6135 = EDGE_CURVE ( 'NONE', #7070, #1894, #3328, .T. ) ;
#6136 = AXIS2_PLACEMENT_3D ( 'NONE', #3081, #1943, #4229 ) ;
#6137 = FACE_OUTER_BOUND ( 'NONE', #3622, .T. ) ;
#6138 = DIRECTION ( 'NONE',  ( 0.000000000000000000, 0.000000000000000000, -1.000000000000000000 ) ) ;
#6139 = ORIENTED_EDGE ( 'NONE', *, *, #7489, .F. ) ;
#6140 = COORDINATED_UNIVERSAL_TIME_OFFSET ( 8, 0, .AHEAD. ) ;
#6141 = CARTESIAN_POINT ( 'NONE',  ( -57.50000000000000000, 1.600000000000000089, -85.00000000000000000 ) ) ;
#6142 = CIRCLE ( 'NONE', #289, 1.750000000000001554 ) ;
#6143 = EDGE_CURVE ( 'NONE', #6406, #6914, #3961, .T. ) ;
#6144 = FACE_BOUND ( 'NONE', #5004, .T. ) ;
#6145 = EDGE_CURVE ( 'NONE', #5834, #4074, #7545, .T. ) ;
#6146 = PLANE ( 'NONE',  #1405 ) ;
#6147 = VECTOR ( 'NONE', #260, 1000.000000000000000 ) ;
#6148 = LINE ( 'NONE', #806, #6535 ) ;
#6149 = EDGE_LOOP ( 'NONE', ( #4823, #6301, #6059, #6415 ) ) ;
#6150 = AXIS2_PLACEMENT_3D ( 'NONE', #6299, #1391, #2751 ) ;
#6151 = DIRECTION ( 'NONE',  ( 0.000000000000000000, 0.000000000000000000, -1.000000000000000000 ) ) ;
#6152 = ADVANCED_FACE ( 'NONE', ( #6957 ), #4670, .F. ) ;
#6153 = APPLICATION_PROTOCOL_DEFINITION ( 'international standard', 'config_control_design', 1994, #6718 ) ;
#6154 = DATE_AND_TIME ( #5039, #6088 ) ;
#6155 = CARTESIAN_POINT ( 'NONE',  ( 33.00000000000000000, 0.000000000000000000, 30.50000000000000000 ) ) ;
#6156 =( GEOMETRIC_REPRESENTATION_CONTEXT ( 3 ) GLOBAL_UNCERTAINTY_ASSIGNED_CONTEXT ( ( #673 ) ) GLOBAL_UNIT_ASSIGNED_CONTEXT ( ( #6455, #1111, #436 ) ) REPRESENTATION_CONTEXT ( 'NONE', 'WORKASPACE' ) );
#6157 = CARTESIAN_POINT ( 'NONE',  ( 127.5000000000000000, 16.00000000000000000, -9.000000000000000000 ) ) ;
#6158 = EDGE_LOOP ( 'NONE', ( #1798, #6531 ) ) ;
#6159 = DIRECTION ( 'NONE',  ( 1.000000000000000000, -0.000000000000000000, 0.000000000000000000 ) ) ;
#6160 = EDGE_LOOP ( 'NONE', ( #4195, #5577, #3644, #425 ) ) ;
#6161 = CARTESIAN_POINT ( 'NONE',  ( 60.14999999999999858, 3.000000000000000000, 80.00000000000000000 ) ) ;
#6162 =( REPRESENTATION_RELATIONSHIP ('NONE','NONE', #110, #5252 ) REPRESENTATION_RELATIONSHIP_WITH_TRANSFORMATION ( #4997 )SHAPE_REPRESENTATION_RELATIONSHIP( ) );
#6163 = LINE ( 'NONE', #1851, #6630 ) ;
#6164 = CALENDAR_DATE ( 2026, 26, 7 ) ;
#6165 = APPROVAL ( #1624, 'UNKNOWN' ) ;
#6166 = ORIENTED_EDGE ( 'NONE', *, *, #2428, .F. ) ;
#6167 = ORGANIZATION ( '未指定', '未指定', '' ) ;
#6168 = EDGE_LOOP ( 'NONE', ( #5779, #7355, #1523, #3096 ) ) ;
#6169 = PERSON_AND_ORGANIZATION_ROLE ( 'creator' ) ;
#6170 = DIRECTION ( 'NONE',  ( -1.000000000000000000, 0.000000000000000000, -0.000000000000000000 ) ) ;
#6171 = LOCAL_TIME ( 19, 29, 3.000000000000000000, #6611 ) ;
#6172 = CALENDAR_DATE ( 2026, 26, 7 ) ;
#6173 = FACE_OUTER_BOUND ( 'NONE', #4489, .T. ) ;
#6174 = CARTESIAN_POINT ( 'NONE',  ( -33.00000000000000000, 40.00000000000000000, 30.50000000000000000 ) ) ;
#6175 = CC_DESIGN_PERSON_AND_ORGANIZATION_ASSIGNMENT ( #3593, #3553, ( #5199 ) ) ;
#6176 = VERTEX_POINT ( 'NONE', #677 ) ;
#6177 = PERSON_AND_ORGANIZATION ( #6453, #6167 ) ;
#6178 = CARTESIAN_POINT ( 'NONE',  ( -60.14999999999999858, 3.000000000000000000, -80.00000000000000000 ) ) ;
#6179 = LOCAL_TIME ( 19, 29, 3.000000000000000000, #975 ) ;
#6180 = EDGE_CURVE ( 'NONE', #3468, #2777, #5455, .T. ) ;
#6181 = VERTEX_POINT ( 'NONE', #6530 ) ;
#6182 = CARTESIAN_POINT ( 'NONE',  ( -3.500000000000000000, 0.000000000000000000, -12.50000000000000000 ) ) ;
#6183 = DIRECTION ( 'NONE',  ( 0.000000000000000000, -1.000000000000000000, 0.000000000000000000 ) ) ;
#6184 = DIRECTION ( 'NONE',  ( -0.000000000000000000, -0.000000000000000000, 1.000000000000000000 ) ) ;
#6185 = ADVANCED_FACE ( 'NONE', ( #5906 ), #5944, .F. ) ;
#6186 = ORIENTED_EDGE ( 'NONE', *, *, #6143, .F. ) ;
#6187 = EDGE_CURVE ( 'NONE', #3441, #3916, #3059, .T. ) ;
#6188 = ADVANCED_FACE ( 'NONE', ( #5334, #4787, #15, #7704, #5983 ), #6566, .T. ) ;
#6189 = CARTESIAN_POINT ( 'NONE',  ( -60.00000000000000000, 3.000000000000000000, -42.50000000000000000 ) ) ;
#6190 = COORDINATED_UNIVERSAL_TIME_OFFSET ( 8, 0, .AHEAD. ) ;
#6191 = APPROVAL_ROLE ( '' ) ;
#6192 = CARTESIAN_POINT ( 'NONE',  ( 33.00000000000000000, 40.00000000000000000, -30.50000000000000000 ) ) ;
#6193 = DIRECTION ( 'NONE',  ( 0.000000000000000000, 0.000000000000000000, 1.000000000000000000 ) ) ;
#6194 = VERTEX_POINT ( 'NONE', #4830 ) ;
#6195 = CARTESIAN_POINT ( 'NONE',  ( -39.00000000000000000, 0.000000000000000000, 21.30000000000000071 ) ) ;
#6196 = APPROVAL_PERSON_ORGANIZATION ( #3641, #6363, #91 ) ;
#6197 = PLANE ( 'NONE',  #7605 ) ;
#6198 = CARTESIAN_POINT ( 'NONE',  ( 45.00000000000000000, 36.00000000000000000, 29.00000000000000000 ) ) ;
#6199 = EDGE_CURVE ( 'NONE', #6600, #3364, #93, .T. ) ;
#6200 = PERSON_AND_ORGANIZATION ( #7195, #5481 ) ;
#6201 = APPROVAL_PERSON_ORGANIZATION ( #5126, #4808, #2731 ) ;
#6202 = VERTEX_POINT ( 'NONE', #3523 ) ;
#6203 = ORIENTED_EDGE ( 'NONE', *, *, #2229, .F. ) ;
#6204 = APPROVAL_ROLE ( '' ) ;
#6205 = VERTEX_POINT ( 'NONE', #6155 ) ;
#6206 = ORIENTED_EDGE ( 'NONE', *, *, #7471, .F. ) ;
#6207 = DIRECTION ( 'NONE',  ( 0.000000000000000000, -1.000000000000000000, 0.000000000000000000 ) ) ;
#6208 = APPLICATION_CONTEXT ( 'configuration controlled 3d designs of mechanical parts and assemblies' ) ;
#6209 = SECURITY_CLASSIFICATION ( '', '', #1097 ) ;
#6210 = DIRECTION ( 'NONE',  ( 0.000000000000000000, 0.000000000000000000, -1.000000000000000000 ) ) ;
#6211 = SHAPE_DEFINITION_REPRESENTATION ( #256, #2500 ) ;
#6212 = DIRECTION ( 'NONE',  ( -0.000000000000000000, -1.000000000000000000, -0.000000000000000000 ) ) ;
#6213 = APPROVAL_PERSON_ORGANIZATION ( #4605, #75, #1048 ) ;
#6214 = DIRECTION ( 'NONE',  ( -1.000000000000000000, -0.000000000000000000, -0.000000000000000000 ) ) ;
#6215 = EDGE_LOOP ( 'NONE', ( #6544, #630, #5458, #6798 ) ) ;
#6216 = CALENDAR_DATE ( 2026, 26, 7 ) ;
#6217 = VECTOR ( 'NONE', #7041, 1000.000000000000000 ) ;
#6218 = CARTESIAN_POINT ( 'NONE',  ( 2.250000000000000000, 2.500000000000000000, -10.50000000000000000 ) ) ;
#6219 = CC_DESIGN_DATE_AND_TIME_ASSIGNMENT ( #6500, #7160, ( #4027 ) ) ;
#6220 = FACE_OUTER_BOUND ( 'NONE', #3210, .T. ) ;
#6221 = CIRCLE ( 'NONE', #3609, 1.600000000000004086 ) ;
#6222 = CARTESIAN_POINT ( 'NONE',  ( -8.250000000000000000, 2.500000000000000000, 7.250000000000000000 ) ) ;
#6223 = DIRECTION ( 'NONE',  ( 0.000000000000000000, -1.000000000000000000, 0.000000000000000000 ) ) ;
#6224 = ORIENTED_EDGE ( 'NONE', *, *, #620, .T. ) ;
#6225 = AXIS2_PLACEMENT_3D ( 'NONE', #5080, #267, #2726 ) ;
#6226 = CC_DESIGN_PERSON_AND_ORGANIZATION_ASSIGNMENT ( #2626, #4441, ( #3686 ) ) ;
#6227 = CYLINDRICAL_SURFACE ( 'NONE', #6515, 1.750000000000001554 ) ;
#6228 = DATE_AND_TIME ( #7358, #6510 ) ;
#6229 = CONTEXT_DEPENDENT_SHAPE_REPRESENTATION ( #2322, #5453 ) ;
#6230 = DIRECTION ( 'NONE',  ( 0.000000000000000000, 1.000000000000000000, 0.000000000000000000 ) ) ;
#6231 = DIRECTION ( 'NONE',  ( 0.000000000000000000, 0.000000000000000000, 1.000000000000000000 ) ) ;
#6232 = ORIENTED_EDGE ( 'NONE', *, *, #2909, .T. ) ;
#6233 = DIRECTION ( 'NONE',  ( 0.000000000000000000, -0.000000000000000000, -1.000000000000000000 ) ) ;
#6234 = EDGE_CURVE ( 'NONE', #437, #88, #7021, .T. ) ;
#6235 = CARTESIAN_POINT ( 'NONE',  ( -1.750000000000000000, 2.500000000000000000, -6.500000000000000888 ) ) ;
#6236 = DIRECTION ( 'NONE',  ( 0.000000000000000000, 0.000000000000000000, 1.000000000000000000 ) ) ;
#6237 = PERSON_AND_ORGANIZATION ( #7569, #2343 ) ;
#6238 = EDGE_CURVE ( 'NONE', #1304, #749, #5377, .T. ) ;
#6239 =( NAMED_UNIT ( * ) SI_UNIT ( $, .STERADIAN. ) SOLID_ANGLE_UNIT ( ) );
#6240 = ORIENTED_EDGE ( 'NONE', *, *, #330, .F. ) ;
#6241 = VERTEX_POINT ( 'NONE', #6607 ) ;
#6242 = CARTESIAN_POINT ( 'NONE',  ( -60.00000000000000000, 3.000000000000000000, 42.50000000000000000 ) ) ;
#6243 = APPROVAL_DATE_TIME ( #3721, #7671 ) ;
#6244 = ORIENTED_EDGE ( 'NONE', *, *, #2903, .F. ) ;
#6245 = CARTESIAN_POINT ( 'NONE',  ( -6.000000000000000000, 6.000000000000000000, 6.000000000000000000 ) ) ;
#6246 = VECTOR ( 'NONE', #3376, 1000.000000000000000 ) ;
#6247 = DIRECTION ( 'NONE',  ( -0.000000000000000000, -1.000000000000000000, -0.000000000000000000 ) ) ;
#6248 = APPROVAL_ROLE ( '' ) ;
#6249 = CARTESIAN_POINT ( 'NONE',  ( -19.00000000000000000, 15.00000000000000000, 9.000000000000000000 ) ) ;
#6250 = VECTOR ( 'NONE', #2374, 1000.000000000000000 ) ;
#6251 = CARTESIAN_POINT ( 'NONE',  ( 57.50000000000000000, 0.000000000000000000, 85.00000000000000000 ) ) ;
#6252 = EDGE_LOOP ( 'NONE', ( #5594, #129, #3253, #2691 ) ) ;
#6253 = APPROVAL_ROLE ( '' ) ;
#6254 = DIRECTION ( 'NONE',  ( -0.000000000000000000, 1.000000000000000000, -0.000000000000000000 ) ) ;
#6255 = AXIS2_PLACEMENT_3D ( 'NONE', #3662, #7246, #5508 ) ;
#6256 = VERTEX_POINT ( 'NONE', #6493 ) ;
#6257 = PRODUCT_DEFINITION_FORMATION_WITH_SPECIFIED_SOURCE ( '任何', '', #3185, .NOT_KNOWN. ) ;
#6258 = CARTESIAN_POINT ( 'NONE',  ( -19.00000000000000000, 0.000000000000000000, 9.000000000000000000 ) ) ;
#6259 = LINE ( 'NONE', #5575, #780 ) ;
#6260 = FACE_OUTER_BOUND ( 'NONE', #1392, .T. ) ;
#6261 = CIRCLE ( 'NONE', #1662, 1.250000000000004663 ) ;
#6262 = CIRCLE ( 'NONE', #5532, 1.600000000000004086 ) ;
#6263 = CC_DESIGN_DATE_AND_TIME_ASSIGNMENT ( #4158, #3057, ( #5960 ) ) ;
#6264 = ORIENTED_EDGE ( 'NONE', *, *, #44, .F. ) ;
#6265 = DIRECTION ( 'NONE',  ( -1.000000000000000000, 0.000000000000000000, -0.000000000000000000 ) ) ;
#6266 = APPROVAL_ROLE ( '' ) ;
#6267 = CARTESIAN_POINT ( 'NONE',  ( -138.0327499999999930, 91.09999999999999432, -98.50000000000000000 ) ) ;
#6268 = PERSON_AND_ORGANIZATION_ROLE ( 'creator' ) ;
#6269 = APPROVAL ( #2259, '未指定' ) ;
#6270 = EDGE_LOOP ( 'NONE', ( #1715, #819, #5835, #4903 ) ) ;
#6271 = DIRECTION ( 'NONE',  ( -0.000000000000000000, -1.000000000000000000, -0.000000000000000000 ) ) ;
#6272 = DESIGN_CONTEXT ( 'detailed design', #1428, 'design' ) ;
#6273 = EDGE_CURVE ( 'NONE', #3563, #6202, #2384, .T. ) ;
#6274 = CARTESIAN_POINT ( 'NONE',  ( 54.00000000000000000, 1.599999999999999867, 83.10000000000000853 ) ) ;
#6275 = COORDINATED_UNIVERSAL_TIME_OFFSET ( 8, 0, .AHEAD. ) ;
#6276 = CARTESIAN_POINT ( 'NONE',  ( -8.250000000000000000, 2.500000000000000000, 11.25000000000000000 ) ) ;
#6277 = VECTOR ( 'NONE', #490, 1000.000000000000000 ) ;
#6278 = COORDINATED_UNIVERSAL_TIME_OFFSET ( 8, 0, .AHEAD. ) ;
#6279 = EDGE_CURVE ( 'NONE', #7706, #7425, #2426, .T. ) ;
#6280 = ORIENTED_EDGE ( 'NONE', *, *, #2527, .F. ) ;
#6281 = CARTESIAN_POINT ( 'NONE',  ( -4.750000000000000000, 2.500000000000000000, 11.25000000000000000 ) ) ;
#6282 = COORDINATED_UNIVERSAL_TIME_OFFSET ( 8, 0, .AHEAD. ) ;
#6283 = ORIENTED_EDGE ( 'NONE', *, *, #4555, .F. ) ;
#6284 = DIRECTION ( 'NONE',  ( 1.000000000000000000, 0.000000000000000000, 0.000000000000000000 ) ) ;
#6285 = AXIS2_PLACEMENT_3D ( 'NONE', #6958, #2743, #1071 ) ;
#6286 = EDGE_CURVE ( 'NONE', #6677, #1404, #2346, .T. ) ;
#6287 = LINE ( 'NONE', #7543, #6483 ) ;
#6288 = CALENDAR_DATE ( 2026, 26, 7 ) ;
#6289 = CARTESIAN_POINT ( 'NONE',  ( -60.14999999999999858, 3.000000000000000000, 80.00000000000000000 ) ) ;
#6290 = AXIS2_PLACEMENT_3D ( 'NONE', #1401, #3231, #3865 ) ;
#6291 = CARTESIAN_POINT ( 'NONE',  ( -158.9499999999999886, 0.000000000000000000, -119.4500000000000028 ) ) ;
#6292 = ORIENTED_EDGE ( 'NONE', *, *, #2612, .F. ) ;
#6293 = APPROVAL_STATUS ( 'not_yet_approved' ) ;
#6294 = FACE_OUTER_BOUND ( 'NONE', #1072, .T. ) ;
#6295 = LOCAL_TIME ( 19, 29, 3.000000000000000000, #3350 ) ;
#6296 = DIRECTION ( 'NONE',  ( 1.000000000000000000, 0.000000000000000000, 0.000000000000000000 ) ) ;
#6297 = DIRECTION ( 'NONE',  ( 1.000000000000000000, -0.000000000000000000, 0.000000000000000000 ) ) ;
#6298 = ADVANCED_FACE ( 'NONE', ( #4866 ), #1844, .F. ) ;
#6299 = CARTESIAN_POINT ( 'NONE',  ( -4.000000000000000000, 2.500000000000000000, 1.250000000000000000 ) ) ;
#6300 = SECURITY_CLASSIFICATION ( '', '', #865 ) ;
#6301 = ORIENTED_EDGE ( 'NONE', *, *, #7665, .F. ) ;
#6302 = LINE ( 'NONE', #2674, #4789 ) ;
#6303 = CC_DESIGN_DATE_AND_TIME_ASSIGNMENT ( #506, #1593, ( #6708 ) ) ;
#6304 = APPROVAL_STATUS ( 'not_yet_approved' ) ;
#6305 = DIRECTION ( 'NONE',  ( 0.000000000000000000, 0.000000000000000000, -1.000000000000000000 ) ) ;
#6306 = PERSON_AND_ORGANIZATION_ROLE ( 'creator' ) ;
#6307 = ORIENTED_EDGE ( 'NONE', *, *, #5672, .F. ) ;
#6308 = DIRECTION ( 'NONE',  ( -0.000000000000000000, -1.000000000000000000, -0.000000000000000000 ) ) ;
#6309 = EDGE_LOOP ( 'NONE', ( #6985, #3498, #6649, #5127 ) ) ;
#6310 = DIRECTION ( 'NONE',  ( 0.000000000000000000, -1.000000000000000000, 0.000000000000000000 ) ) ;
#6311 = ORIENTED_EDGE ( 'NONE', *, *, #4720, .F. ) ;
#6312 = PERSON_AND_ORGANIZATION ( #6453, #6167 ) ;
#6313 = DIRECTION ( 'NONE',  ( 0.000000000000000000, 0.000000000000000000, -1.000000000000000000 ) ) ;
#6314 = CC_DESIGN_PERSON_AND_ORGANIZATION_ASSIGNMENT ( #5308, #3533, ( #5511 ) ) ;
#6315 = COORDINATED_UNIVERSAL_TIME_OFFSET ( 8, 0, .AHEAD. ) ;
#6316 = CC_DESIGN_SECURITY_CLASSIFICATION ( #2082, ( #6580 ) ) ;
#6317 = ADVANCED_FACE ( 'NONE', ( #6748 ), #3599, .F. ) ;
#6318 = ORIENTED_EDGE ( 'NONE', *, *, #197, .T. ) ;
#6319 = ORIENTED_EDGE ( 'NONE', *, *, #3764, .T. ) ;
#6320 = PERSON_AND_ORGANIZATION ( #6453, #6167 ) ;
#6321 = ORIENTED_EDGE ( 'NONE', *, *, #3375, .F. ) ;
#6322 = LINE ( 'NONE', #7581, #2739 ) ;
#6323 = LINE ( 'NONE', #3368, #127 ) ;
#6324 = LOCAL_TIME ( 19, 29, 3.000000000000000000, #7410 ) ;
#6325 = CC_DESIGN_DATE_AND_TIME_ASSIGNMENT ( #414, #1164, ( #3178 ) ) ;
#6326 = CALENDAR_DATE ( 2026, 26, 7 ) ;
#6327 = CLOSED_SHELL ( 'NONE', ( #2477, #7528, #3326, #4352, #2660, #1370 ) ) ;
#6328 = FACE_OUTER_BOUND ( 'NONE', #3602, .T. ) ;
#6329 = SHAPE_REPRESENTATION_RELATIONSHIP ( 'NONE' , 'NONE' ,  #2500, #6790 ) ;
#6330 = EDGE_CURVE ( 'NONE', #4192, #3271, #58, .T. ) ;
#6331 = EDGE_LOOP ( 'NONE', ( #6129, #1499, #1104, #1789 ) ) ;
#6332 = APPROVAL_DATE_TIME ( #5339, #6132 ) ;
#6333 = CC_DESIGN_SECURITY_CLASSIFICATION ( #5104, ( #7722 ) ) ;
#6334 = DIRECTION ( 'NONE',  ( 0.000000000000000000, 1.000000000000000000, 0.000000000000000000 ) ) ;
#6335 = CLOSED_SHELL ( 'NONE', ( #155, #5545, #5397, #6623, #4785, #7693, #4727, #5224, #5194, #32 ) ) ;
#6336 = EDGE_CURVE ( 'NONE', #2498, #2971, #4244, .T. ) ;
#6337 = LINE ( 'NONE', #2867, #519 ) ;
#6338 = LOCAL_TIME ( 19, 29, 3.000000000000000000, #5851 ) ;
#6339 = CARTESIAN_POINT ( 'NONE',  ( 39.00000000000000000, 3.000000000000000000, 18.24999999999999645 ) ) ;
#6340 = EDGE_CURVE ( 'NONE', #1320, #1137, #1400, .T. ) ;
#6341 = VECTOR ( 'NONE', #70, 1000.000000000000000 ) ;
#6342 = CARTESIAN_POINT ( 'NONE',  ( 33.00000000000000000, 40.00000000000000000, -30.50000000000000000 ) ) ;
#6343 = VERTEX_POINT ( 'NONE', #223 ) ;
#6344 = ORGANIZATION ( 'NAUO-ORG19', 'UNSPECIFIED', 'UNSPECIFIED' ) ;
#6345 = AXIS2_PLACEMENT_3D ( 'NONE', #278, #7378, #6170 ) ;
#6346 = CARTESIAN_POINT ( 'NONE',  ( -36.00000000000000000, 0.000000000000000000, 33.50000000000000000 ) ) ;
#6347 = CARTESIAN_POINT ( 'NONE',  ( 2.250000000000000000, 2.500000000000000000, 10.50000000000000000 ) ) ;
#6348 = CONTEXT_DEPENDENT_SHAPE_REPRESENTATION ( #4846, #3250 ) ;
#6349 = DIRECTION ( 'NONE',  ( 0.000000000000000000, -0.000000000000000000, -1.000000000000000000 ) ) ;
#6350 = AXIS2_PLACEMENT_3D ( 'NONE', #89, #6681, #2540 ) ;
#6351 = APPROVAL_DATE_TIME ( #4496, #2035 ) ;
#6352 = VERTEX_POINT ( 'NONE', #5690 ) ;
#6353 = DIRECTION ( 'NONE',  ( 0.000000000000000000, 1.000000000000000000, 0.000000000000000000 ) ) ;
#6354 = EDGE_LOOP ( 'NONE', ( #5523, #6694 ) ) ;
#6355 = DIRECTION ( 'NONE',  ( 0.000000000000000000, 0.000000000000000000, -1.000000000000000000 ) ) ;
#6356 = APPLICATION_PROTOCOL_DEFINITION ( 'international standard', 'config_control_design', 1994, #6766 ) ;
#6357 = DIRECTION ( 'NONE',  ( -1.000000000000000000, 0.000000000000000000, 0.000000000000000000 ) ) ;
#6358 = SHAPE_REPRESENTATION_RELATIONSHIP ( 'NONE' , 'NONE' ,  #5252, #4379 ) ;
#6359 = ORIENTED_EDGE ( 'NONE', *, *, #959, .F. ) ;
#6360 = LINE ( 'NONE', #4579, #3346 ) ;
#6361 = PERSON_AND_ORGANIZATION ( #6453, #6167 ) ;
#6362 = ORIENTED_EDGE ( 'NONE', *, *, #3715, .F. ) ;
#6363 = APPROVAL ( #6606, 'UNKNOWN' ) ;
#6364 = LINE ( 'NONE', #5830, #2362 ) ;
#6365 = CYLINDRICAL_SURFACE ( 'NONE', #6854, 1.750000000000001554 ) ;
#6366 = DATE_AND_TIME ( #1690, #214 ) ;
#6367 = CARTESIAN_POINT ( 'NONE',  ( 0.000000000000000000, 2.500000000000000000, 0.000000000000000000 ) ) ;
#6368 = VERTEX_POINT ( 'NONE', #2126 ) ;
#6369 = VERTEX_POINT ( 'NONE', #3268 ) ;
#6370 = COORDINATED_UNIVERSAL_TIME_OFFSET ( 8, 0, .AHEAD. ) ;
#6371 = CC_DESIGN_DATE_AND_TIME_ASSIGNMENT ( #3489, #1031, ( #5574 ) ) ;
#6372 = CARTESIAN_POINT ( 'NONE',  ( -158.9499999999999886, 91.09999999999999432, 119.4500000000000028 ) ) ;
#6373 = CARTESIAN_POINT ( 'NONE',  ( -36.00000000000000000, 3.000000000000000000, -33.50000000000000000 ) ) ;
#6374 = VECTOR ( 'NONE', #2117, 1000.000000000000000 ) ;
#6375 = COORDINATED_UNIVERSAL_TIME_OFFSET ( 8, 0, .AHEAD. ) ;
#6376 = CARTESIAN_POINT ( 'NONE',  ( -4.000000000000000000, 2.500000000000000000, -1.250000000000000000 ) ) ;
#6377 = DIRECTION ( 'NONE',  ( -1.000000000000000000, 0.000000000000000000, 0.000000000000000000 ) ) ;
#6378 = ADVANCED_FACE ( 'NONE', ( #2756 ), #3229, .F. ) ;
#6379 = EDGE_CURVE ( 'NONE', #4365, #5327, #6824, .T. ) ;
#6380 = EDGE_CURVE ( 'NONE', #1228, #7248, #927, .T. ) ;
#6381 = ORIENTED_EDGE ( 'NONE', *, *, #1917, .T. ) ;
#6382 = VECTOR ( 'NONE', #7445, 1000.000000000000000 ) ;
#6383 = LOCAL_TIME ( 19, 29, 3.000000000000000000, #4455 ) ;
#6384 = PLANE ( 'NONE',  #4663 ) ;
#6385 = DIRECTION ( 'NONE',  ( 0.000000000000000000, 0.000000000000000000, -1.000000000000000000 ) ) ;
#6386 = VECTOR ( 'NONE', #73, 1000.000000000000000 ) ;
#6387 = SECURITY_CLASSIFICATION_LEVEL ( 'unclassified' ) ;
#6388 = AXIS2_PLACEMENT_3D ( 'NONE', #6698, #1352, #2558 ) ;
#6389 = DIRECTION ( 'NONE',  ( -1.000000000000000000, -0.000000000000000000, -0.000000000000000000 ) ) ;
#6390 = ADVANCED_FACE ( 'NONE', ( #2603 ), #2015, .F. ) ;
#6391 = EDGE_LOOP ( 'NONE', ( #3503, #4428, #4650, #2563 ) ) ;
#6392 = CARTESIAN_POINT ( 'NONE',  ( 60.14999999999999858, 0.000000000000000000, 28.84999999999999787 ) ) ;
#6393 = EDGE_LOOP ( 'NONE', ( #2978, #6849 ) ) ;
#6394 = VERTEX_POINT ( 'NONE', #3306 ) ;
#6395 = VECTOR ( 'NONE', #4214, 1000.000000000000000 ) ;
#6396 = CARTESIAN_POINT ( 'NONE',  ( -39.00000000000000000, 5.000000000000000000, -19.50000000000000000 ) ) ;
#6397 = CALENDAR_DATE ( 2026, 26, 7 ) ;
#6398 = LINE ( 'NONE', #4187, #2519 ) ;
#6399 = EDGE_CURVE ( 'NONE', #6562, #5209, #7360, .T. ) ;
#6400 = CALENDAR_DATE ( 2026, 26, 7 ) ;
#6401 = AXIS2_PLACEMENT_3D ( 'NONE', #6701, #3620, #2406 ) ;
#6402 = VERTEX_POINT ( 'NONE', #4566 ) ;
#6403 = ORIENTED_EDGE ( 'NONE', *, *, #5309, .F. ) ;
#6404 = EDGE_LOOP ( 'NONE', ( #5873, #1640, #4238, #4205 ) ) ;
#6405 = DATE_AND_TIME ( #6991, #4336 ) ;
#6406 = VERTEX_POINT ( 'NONE', #300 ) ;
#6407 = DIRECTION ( 'NONE',  ( -1.000000000000000000, 0.000000000000000000, 0.000000000000000000 ) ) ;
#6408 = CARTESIAN_POINT ( 'NONE',  ( 36.00000000000000000, 0.000000000000000000, 33.50000000000000000 ) ) ;
#6409 = CIRCLE ( 'NONE', #4681, 1.600000000000004086 ) ;
#6410 = APPLICATION_PROTOCOL_DEFINITION ( 'international standard', 'config_control_design', 1994, #1626 ) ;
#6411 = CC_DESIGN_PERSON_AND_ORGANIZATION_ASSIGNMENT ( #6237, #1409, ( #6464 ) ) ;
#6412 = DIRECTION ( 'NONE',  ( 0.000000000000000000, 0.000000000000000000, -1.000000000000000000 ) ) ;
#6413 =( NAMED_UNIT ( * ) PLANE_ANGLE_UNIT ( ) SI_UNIT ( $, .RADIAN. ) );
#6414 = ORIENTED_EDGE ( 'NONE', *, *, #1563, .T. ) ;
#6415 = ORIENTED_EDGE ( 'NONE', *, *, #6915, .T. ) ;
#6416 = DATE_AND_TIME ( #5303, #441 ) ;
#6417 = ADVANCED_BREP_SHAPE_REPRESENTATION ( '', ( #2513, #6285 ), #4183 ) ;
#6418 = CARTESIAN_POINT ( 'NONE',  ( -23.00000000000000000, 10.00000000000000000, 10.50000000000000000 ) ) ;
#6419 = LINE ( 'NONE', #3532, #6755 ) ;
#6420 = APPROVAL_PERSON_ORGANIZATION ( #4753, #5197, #96 ) ;
#6421 = CALENDAR_DATE ( 2026, 26, 7 ) ;
#6422 =( REPRESENTATION_RELATIONSHIP ('NONE','NONE', #110, #7083 ) REPRESENTATION_RELATIONSHIP_WITH_TRANSFORMATION ( #4201 )SHAPE_REPRESENTATION_RELATIONSHIP( ) );
#6423 = CC_DESIGN_PERSON_AND_ORGANIZATION_ASSIGNMENT ( #4574, #7571, ( #2368 ) ) ;
#6424 = PLANE ( 'NONE',  #901 ) ;
#6425 = PRODUCT ( 'FN-HAR-006_soil-rs485-entry-route_R0.4', 'FN-HAR-006_soil-rs485-entry-route_R0.4', '', ( #2151 ) ) ;
#6426 = LINE ( 'NONE', #4682, #2666 ) ;
#6427 = ORIENTED_EDGE ( 'NONE', *, *, #5150, .F. ) ;
#6428 = APPROVAL_PERSON_ORGANIZATION ( #5023, #3464, #6253 ) ;
#6429 = CARTESIAN_POINT ( 'NONE',  ( 54.00000000000000000, 0.000000000000000000, 83.10000000000000853 ) ) ;
#6430 = ADVANCED_FACE ( 'NONE', ( #5115 ), #2678, .F. ) ;
#6431 = DIRECTION ( 'NONE',  ( 0.000000000000000000, 0.000000000000000000, -1.000000000000000000 ) ) ;
#6432 = LOCAL_TIME ( 19, 29, 3.000000000000000000, #4869 ) ;
#6433 = CALENDAR_DATE ( 2026, 26, 7 ) ;
#6434 = LINE ( 'NONE', #1088, #5298 ) ;
#6435 = ADVANCED_FACE ( 'NONE', ( #4417 ), #1438, .T. ) ;
#6436 = EDGE_LOOP ( 'NONE', ( #6124, #4851, #3087, #2544 ) ) ;
#6437 = ORIENTED_EDGE ( 'NONE', *, *, #3177, .T. ) ;
#6438 = EDGE_CURVE ( 'NONE', #2777, #3789, #3824, .T. ) ;
#6439 = LOCAL_TIME ( 19, 29, 3.000000000000000000, #3469 ) ;
#6440 = CARTESIAN_POINT ( 'NONE',  ( -28.00000000000000000, 3.000000000000000000, 15.50000000000000000 ) ) ;
#6441 = PERSON_AND_ORGANIZATION ( #6453, #6167 ) ;
#6442 = CARTESIAN_POINT ( 'NONE',  ( -60.14999999999999858, 0.000000000000000000, -30.60000000000000142 ) ) ;
#6443 = ITEM_DEFINED_TRANSFORMATION ( 'NONE', 'NONE', #184,  #6285 ) ;
#6444 = EDGE_CURVE ( 'NONE', #7173, #6648, #966, .T. ) ;
#6445 = VERTEX_POINT ( 'NONE', #6267 ) ;
#6446 = DIRECTION ( 'NONE',  ( 0.000000000000000000, 0.000000000000000000, -1.000000000000000000 ) ) ;
#6447 = APPROVAL_ROLE ( '' ) ;
#6448 = ORIENTED_EDGE ( 'NONE', *, *, #5920, .T. ) ;
#6449 = FACE_OUTER_BOUND ( 'NONE', #61, .T. ) ;
#6450 = DIRECTION ( 'NONE',  ( 0.000000000000000000, -0.000000000000000000, -1.000000000000000000 ) ) ;
#6451 = EDGE_CURVE ( 'NONE', #3591, #5525, #2639, .T. ) ;
#6452 = APPROVAL_STATUS ( 'not_yet_approved' ) ;
#6453 = PERSON ( '未指定', '未指定', '未指定', ('未指定'), ('未指定'), ('未指定') ) ;
#6454 = DIRECTION ( 'NONE',  ( 0.000000000000000000, 0.000000000000000000, -1.000000000000000000 ) ) ;
#6455 =( LENGTH_UNIT ( ) NAMED_UNIT ( * ) SI_UNIT ( .MILLI., .METRE. ) );
#6456 = VERTEX_POINT ( 'NONE', #5040 ) ;
#6457 = ORIENTED_EDGE ( 'NONE', *, *, #4216, .F. ) ;
#6458 = DATE_AND_TIME ( #1611, #2562 ) ;
#6459 = PLANE ( 'NONE',  #4986 ) ;
#6460 = SECURITY_CLASSIFICATION ( '', '', #1187 ) ;
#6461 = CARTESIAN_POINT ( 'NONE',  ( -45.00000000000000000, 0.000000000000000000, -29.00000000000000000 ) ) ;
#6462 = CALENDAR_DATE ( 2026, 26, 7 ) ;
#6463 = CARTESIAN_POINT ( 'NONE',  ( -57.50000000000000000, 1.600000000000000089, 85.00000000000000000 ) ) ;
#6464 = SECURITY_CLASSIFICATION ( '', '', #4463 ) ;
#6465 = LINE ( 'NONE', #3496, #7033 ) ;
#6466 = CLOSED_SHELL ( 'NONE', ( #6152, #2857, #5374, #802, #4683, #2028, #5589, #2661, #1376, #247, #1092, #4884, #4595, #6588 ) ) ;
#6467 = VERTEX_POINT ( 'NONE', #5728 ) ;
#6468 = CC_DESIGN_PERSON_AND_ORGANIZATION_ASSIGNMENT ( #7082, #5223, ( #4404 ) ) ;
#6469 = ORGANIZATION ( 'NAUO-ORG15', 'UNSPECIFIED', 'UNSPECIFIED' ) ;
#6470 = LINE ( 'NONE', #4644, #2776 ) ;
#6471 = VECTOR ( 'NONE', #1052, 1000.000000000000000 ) ;
#6472 = CARTESIAN_POINT ( 'NONE',  ( 14.25000000000000000, 0.000000000000000000, -8.000000000000000000 ) ) ;
#6473 = CARTESIAN_POINT ( 'NONE',  ( 158.9499999999999886, 3.000000000000000000, 119.4500000000000028 ) ) ;
#6474 = CC_DESIGN_APPROVAL ( #5136, ( #5237 ) ) ;
#6475 = ORIENTED_EDGE ( 'NONE', *, *, #5108, .F. ) ;
#6476 = VECTOR ( 'NONE', #7630, 1000.000000000000000 ) ;
#6477 = CC_DESIGN_DATE_AND_TIME_ASSIGNMENT ( #1279, #3029, ( #6810 ) ) ;
#6478 = VERTEX_POINT ( 'NONE', #2055 ) ;
#6479 = FACE_OUTER_BOUND ( 'NONE', #2340, .T. ) ;
#6480 = APPROVAL_ROLE ( '' ) ;
#6481 = DIRECTION ( 'NONE',  ( 0.000000000000000000, 0.000000000000000000, -1.000000000000000000 ) ) ;
#6482 = CONTEXT_DEPENDENT_SHAPE_REPRESENTATION ( #7356, #637 ) ;
#6483 = VECTOR ( 'NONE', #946, 1000.000000000000000 ) ;
#6484 = ADVANCED_FACE ( 'NONE', ( #7522 ), #7478, .F. ) ;
#6485 = VERTEX_POINT ( 'NONE', #3863 ) ;
#6486 = CARTESIAN_POINT ( 'NONE',  ( 19.00000000000000000, 0.000000000000000000, 9.000000000000000000 ) ) ;
#6487 = PERSON_AND_ORGANIZATION ( #6453, #6167 ) ;
#6488 = ORIENTED_EDGE ( 'NONE', *, *, #4057, .T. ) ;
#6489 = EDGE_CURVE ( 'NONE', #702, #3807, #4922, .T. ) ;
#6490 = DIRECTION ( 'NONE',  ( -1.000000000000000000, -0.000000000000000000, -0.000000000000000000 ) ) ;
#6491 = LINE ( 'NONE', #1765, #1612 ) ;
#6492 = SECURITY_CLASSIFICATION_LEVEL ( 'unclassified' ) ;
#6493 = CARTESIAN_POINT ( 'NONE',  ( 60.14999999999999858, 3.000000000000000000, 28.84999999999999787 ) ) ;
#6494 = DIRECTION ( 'NONE',  ( 0.000000000000000000, 0.000000000000000000, 1.000000000000000000 ) ) ;
#6495 = VERTEX_POINT ( 'NONE', #1549 ) ;
#6496 = ORIENTED_EDGE ( 'NONE', *, *, #1141, .T. ) ;
#6497 = PERSON_AND_ORGANIZATION ( #6453, #6167 ) ;
#6498 = CARTESIAN_POINT ( 'NONE',  ( 2.250000000000000000, 2.500000000000000000, 10.50000000000000000 ) ) ;
#6499 = LINE ( 'NONE', #5839, #3508 ) ;
#6500 = DATE_AND_TIME ( #2237, #5026 ) ;
#6501 = EDGE_CURVE ( 'NONE', #2388, #5001, #373, .T. ) ;
#6502 = CARTESIAN_POINT ( 'NONE',  ( 0.5000000000000004441, 2.500000000000000000, 12.50000000000000000 ) ) ;
#6503 = LINE ( 'NONE', #4094, #546 ) ;
#6504 = SECURITY_CLASSIFICATION_LEVEL ( 'unclassified' ) ;
#6505 = ORIENTED_EDGE ( 'NONE', *, *, #3728, .T. ) ;
#6506 = DIRECTION ( 'NONE',  ( 0.000000000000000000, -0.000000000000000000, -1.000000000000000000 ) ) ;
#6507 = CARTESIAN_POINT ( 'NONE',  ( -21.25000000000000000, 2.500000000000000000, -10.50000000000000000 ) ) ;
#6508 = LINE ( 'NONE', #3461, #1045 ) ;
#6509 = VECTOR ( 'NONE', #1169, 1000.000000000000000 ) ;
#6510 = LOCAL_TIME ( 19, 29, 3.000000000000000000, #6190 ) ;
#6511 = VERTEX_POINT ( 'NONE', #2798 ) ;
#6512 = ORIENTED_EDGE ( 'NONE', *, *, #3880, .F. ) ;
#6513 = LINE ( 'NONE', #5931, #1059 ) ;
#6514 = AXIS2_PLACEMENT_3D ( 'NONE', #5105, #6183, #4955 ) ;
#6515 = AXIS2_PLACEMENT_3D ( 'NONE', #5149, #2087, #5113 ) ;
#6516 = APPROVAL_STATUS ( 'not_yet_approved' ) ;
#6517 = FACE_OUTER_BOUND ( 'NONE', #6270, .T. ) ;
#6518 = CONTEXT_DEPENDENT_SHAPE_REPRESENTATION ( #4038, #4759 ) ;
#6519 = CC_DESIGN_PERSON_AND_ORGANIZATION_ASSIGNMENT ( #5526, #5460, ( #3437 ) ) ;
#6520 = SHAPE_REPRESENTATION_RELATIONSHIP ( 'NONE' , 'NONE' ,  #5689, #3012 ) ;
#6521 = ORIENTED_EDGE ( 'NONE', *, *, #7335, .T. ) ;
#6522 = AXIS2_PLACEMENT_3D ( 'NONE', #605, #4875, #2511 ) ;
#6523 = FACE_BOUND ( 'NONE', #3709, .T. ) ;
#6524 = APPROVAL_ROLE ( '' ) ;
#6525 = ORIENTED_EDGE ( 'NONE', *, *, #4227, .F. ) ;
#6526 = LINE ( 'NONE', #6408, #7600 ) ;
#6527 = AXIS2_PLACEMENT_3D ( 'NONE', #3038, #1251, #730 ) ;
#6528 = DATE_AND_TIME ( #6326, #4852 ) ;
#6529 = EDGE_CURVE ( 'NONE', #7532, #2753, #2289, .T. ) ;
#6530 = CARTESIAN_POINT ( 'NONE',  ( -3.500000000000000000, 0.000000000000000000, -12.50000000000000000 ) ) ;
#6531 = ORIENTED_EDGE ( 'NONE', *, *, #3760, .T. ) ;
#6532 = VERTEX_POINT ( 'NONE', #496 ) ;
#6533 = DATE_AND_TIME ( #6650, #6432 ) ;
#6534 = DIRECTION ( 'NONE',  ( -0.000000000000000000, -0.000000000000000000, 1.000000000000000000 ) ) ;
#6535 = VECTOR ( 'NONE', #1703, 1000.000000000000000 ) ;
#6536 = CARTESIAN_POINT ( 'NONE',  ( -33.00000000000000000, 40.00000000000000000, 30.50000000000000000 ) ) ;
#6537 = APPROVAL_ROLE ( '' ) ;
#6538 = DIRECTION ( 'NONE',  ( 0.000000000000000000, 0.000000000000000000, -1.000000000000000000 ) ) ;
#6539 =( GEOMETRIC_REPRESENTATION_CONTEXT ( 3 ) GLOBAL_UNCERTAINTY_ASSIGNED_CONTEXT ( ( #6753 ) ) GLOBAL_UNIT_ASSIGNED_CONTEXT ( ( #4084, #2821, #477 ) ) REPRESENTATION_CONTEXT ( 'NONE', 'WORKASPACE' ) );
#6540 = CARTESIAN_POINT ( 'NONE',  ( 4.750000000000000000, 2.500000000000000000, -11.25000000000000000 ) ) ;
#6541 = ADVANCED_FACE ( 'NONE', ( #4181 ), #4140, .F. ) ;
#6542 = PERSON_AND_ORGANIZATION ( #6453, #6167 ) ;
#6543 = LINE ( 'NONE', #2517, #2352 ) ;
#6544 = ORIENTED_EDGE ( 'NONE', *, *, #5315, .T. ) ;
#6545 = AXIS2_PLACEMENT_3D ( 'NONE', #6157, #6674, #4381 ) ;
#6546 = DIRECTION ( 'NONE',  ( 0.000000000000000000, 0.000000000000000000, -1.000000000000000000 ) ) ;
#6547 = EDGE_CURVE ( 'NONE', #1733, #1055, #1788, .T. ) ;
#6548 = CARTESIAN_POINT ( 'NONE',  ( -4.000000000000000000, 0.000000000000000000, 1.250000000000000000 ) ) ;
#6549 = LINE ( 'NONE', #3698, #2153 ) ;
#6550 = ORIENTED_EDGE ( 'NONE', *, *, #2534, .F. ) ;
#6551 = PRODUCT_DEFINITION_SHAPE ( 'NONE', 'NONE',  #6573 ) ;
#6552 = VERTEX_POINT ( 'NONE', #1005 ) ;
#6553 = DIRECTION ( 'NONE',  ( 0.000000000000000000, 0.000000000000000000, -1.000000000000000000 ) ) ;
#6554 = LOCAL_TIME ( 19, 29, 3.000000000000000000, #5421 ) ;
#6555 = PERSON_AND_ORGANIZATION ( #6453, #6167 ) ;
#6556 = CARTESIAN_POINT ( 'NONE',  ( -39.00000000000000000, 5.000000000000000000, -19.50000000000000000 ) ) ;
#6557 = DIRECTION ( 'NONE',  ( 0.000000000000000000, 0.000000000000000000, 1.000000000000000000 ) ) ;
#6558 = ORIENTED_EDGE ( 'NONE', *, *, #4488, .F. ) ;
#6559 = APPROVAL_PERSON_ORGANIZATION ( #7659, #3270, #4780 ) ;
#6560 = LINE ( 'NONE', #5585, #2218 ) ;
#6561 = PERSON_AND_ORGANIZATION ( #6453, #6167 ) ;
#6562 = VERTEX_POINT ( 'NONE', #1625 ) ;
#6563 = CC_DESIGN_PERSON_AND_ORGANIZATION_ASSIGNMENT ( #4757, #4131, ( #4027 ) ) ;
#6564 = CARTESIAN_POINT ( 'NONE',  ( -136.0000000000000000, 3.000000000000000000, -96.50000000000000000 ) ) ;
#6565 = ADVANCED_FACE ( 'NONE', ( #1049 ), #5927, .F. ) ;
#6566 = PLANE ( 'NONE',  #5423 ) ;
#6567 = EDGE_LOOP ( 'NONE', ( #2804, #2454, #1723, #4751 ) ) ;
#6568 = ORIENTED_EDGE ( 'NONE', *, *, #4555, .T. ) ;
#6569 = PERSON_AND_ORGANIZATION ( #6453, #6167 ) ;
#6570 =( REPRESENTATION_RELATIONSHIP ('NONE','NONE', #110, #5689 ) REPRESENTATION_RELATIONSHIP_WITH_TRANSFORMATION ( #1670 )SHAPE_REPRESENTATION_RELATIONSHIP( ) );
#6571 = EDGE_CURVE ( 'NONE', #1914, #6837, #537, .T. ) ;
#6572 = FACE_BOUND ( 'NONE', #1094, .T. ) ;
#6573 = PRODUCT_DEFINITION ( '未知', '', #3437, #3945 ) ;
#6574 = LINE ( 'NONE', #3199, #4898 ) ;
#6575 = CALENDAR_DATE ( 2026, 26, 7 ) ;
#6576 = ADVANCED_FACE ( 'NONE', ( #602 ), #1171, .F. ) ;
#6577 = CARTESIAN_POINT ( 'NONE',  ( -60.00000000000000000, 3.000000000000000000, 42.50000000000000000 ) ) ;
#6578 = CARTESIAN_POINT ( 'NONE',  ( 14.25000000000000000, 2.500000000000000000, -12.00000000000000000 ) ) ;
#6579 = PERSON_AND_ORGANIZATION_ROLE ( 'design_owner' ) ;
#6580 = PRODUCT_DEFINITION_FORMATION_WITH_SPECIFIED_SOURCE ( '任何', '', #4269, .NOT_KNOWN. ) ;
#6581 = EDGE_CURVE ( 'NONE', #749, #4618, #453, .T. ) ;
#6582 = LINE ( 'NONE', #1313, #1360 ) ;
#6583 = EDGE_CURVE ( 'NONE', #4819, #7058, #7055, .T. ) ;
#6584 = EDGE_LOOP ( 'NONE', ( #2132, #7619, #4930, #3526 ) ) ;
#6585 = EDGE_CURVE ( 'NONE', #3409, #208, #6508, .T. ) ;
#6586 = DIRECTION ( 'NONE',  ( 0.000000000000000000, 0.000000000000000000, -1.000000000000000000 ) ) ;
#6587 = LOCAL_TIME ( 19, 29, 3.000000000000000000, #6278 ) ;
#6588 = ADVANCED_FACE ( 'NONE', ( #2840 ), #5234, .F. ) ;
#6589 = LINE ( 'NONE', #2365, #7643 ) ;
#6590 = VECTOR ( 'NONE', #9, 1000.000000000000000 ) ;
#6591 = DIRECTION ( 'NONE',  ( 0.000000000000000000, 0.000000000000000000, 1.000000000000000000 ) ) ;
#6592 = ORIENTED_EDGE ( 'NONE', *, *, #5343, .T. ) ;
#6593 = LOCAL_TIME ( 19, 29, 3.000000000000000000, #4928 ) ;
#6594 = ORIENTED_EDGE ( 'NONE', *, *, #635, .T. ) ;
#6595 = VECTOR ( 'NONE', #4024, 1000.000000000000000 ) ;
#6596 = DIRECTION ( 'NONE',  ( -0.000000000000000000, -1.000000000000000000, -0.000000000000000000 ) ) ;
#6597 = APPROVAL_STATUS ( 'not_yet_approved' ) ;
#6598 = FACE_OUTER_BOUND ( 'NONE', #7637, .T. ) ;
#6599 = AXIS2_PLACEMENT_3D ( 'NONE', #4987, #4401, #6776 ) ;
#6600 = VERTEX_POINT ( 'NONE', #4647 ) ;
#6601 = CARTESIAN_POINT ( 'NONE',  ( 0.000000000000000000, 0.000000000000000000, 0.000000000000000000 ) ) ;
#6602 = ORIENTED_EDGE ( 'NONE', *, *, #2957, .T. ) ;
#6603 = UNCERTAINTY_MEASURE_WITH_UNIT (LENGTH_MEASURE( 1.000000000000000082E-05 ), #1227, 'distance_accuracy_value', 'NONE');
#6604 = LINE ( 'NONE', #3124, #4882 ) ;
#6605 = AXIS2_PLACEMENT_3D ( 'NONE', #4897, #4934, #7332 ) ;
#6606 = APPROVAL_STATUS ( 'not_yet_approved' ) ;
#6607 = CARTESIAN_POINT ( 'NONE',  ( 5.750000000000000000, 2.500000000000000000, 72.50000000000000000 ) ) ;
#6608 = CC_DESIGN_DATE_AND_TIME_ASSIGNMENT ( #5214, #6954, ( #2336 ) ) ;
#6609 = ORIENTED_EDGE ( 'NONE', *, *, #4059, .T. ) ;
#6610 = ORIENTED_EDGE ( 'NONE', *, *, #4724, .F. ) ;
#6611 = COORDINATED_UNIVERSAL_TIME_OFFSET ( 8, 0, .AHEAD. ) ;
#6612 = AXIS2_PLACEMENT_3D ( 'NONE', #5006, #4461, #894 ) ;
#6613 = CARTESIAN_POINT ( 'NONE',  ( -36.00000000000000000, 0.000000000000000000, -33.50000000000000000 ) ) ;
#6614 = PERSON_AND_ORGANIZATION ( #6453, #6167 ) ;
#6615 = CARTESIAN_POINT ( 'NONE',  ( 0.000000000000000000, 0.000000000000000000, 0.000000000000000000 ) ) ;
#6616 = PRODUCT_DEFINITION_SHAPE ( 'NONE', 'NONE',  #7722 ) ;
#6617 = APPLICATION_CONTEXT ( 'configuration controlled 3d designs of mechanical parts and assemblies' ) ;
#6618 = CARTESIAN_POINT ( 'NONE',  ( -39.00000000000000000, 38.00000000000000000, 19.50000000000000000 ) ) ;
#6619 = APPROVAL ( #7376, '未指定' ) ;
#6620 = DATE_AND_TIME ( #175, #7297 ) ;
#6621 = CYLINDRICAL_SURFACE ( 'NONE', #5368, 1.250000000000004663 ) ;
#6622 = ORIENTED_EDGE ( 'NONE', *, *, #5723, .F. ) ;
#6623 = ADVANCED_FACE ( 'NONE', ( #7130 ), #7018, .F. ) ;
#6624 = CARTESIAN_POINT ( 'NONE',  ( 0.000000000000000000, 2.500000000000000000, -12.00000000000000000 ) ) ;
#6625 = EDGE_CURVE ( 'NONE', #6858, #661, #6434, .T. ) ;
#6626 = DIRECTION ( 'NONE',  ( 0.000000000000000000, 1.000000000000000000, 0.000000000000000000 ) ) ;
#6627 = DIRECTION ( 'NONE',  ( -1.000000000000000000, 0.000000000000000000, 0.000000000000000000 ) ) ;
#6628 = ADVANCED_FACE ( 'NONE', ( #2877 ), #4100, .F. ) ;
#6629 = VERTEX_POINT ( 'NONE', #5884 ) ;
#6630 = VECTOR ( 'NONE', #3606, 1000.000000000000000 ) ;
#6631 = ADVANCED_FACE ( 'NONE', ( #2918 ), #5319, .F. ) ;
#6632 = DIRECTION ( 'NONE',  ( -0.000000000000000000, -1.000000000000000000, -0.000000000000000000 ) ) ;
#6633 = PERSON_AND_ORGANIZATION_ROLE ( 'creator' ) ;
#6634 = EDGE_CURVE ( 'NONE', #5546, #1820, #7094, .T. ) ;
#6635 = VECTOR ( 'NONE', #3949, 1000.000000000000000 ) ;
#6636 = CONTEXT_DEPENDENT_SHAPE_REPRESENTATION ( #4738, #2437 ) ;
#6637 = DIRECTION ( 'NONE',  ( 1.000000000000000000, 0.000000000000000000, 0.000000000000000000 ) ) ;
#6638 = ORIENTED_EDGE ( 'NONE', *, *, #801, .F. ) ;
#6639 = CARTESIAN_POINT ( 'NONE',  ( -36.00000000000000000, 3.000000000000000000, 33.50000000000000000 ) ) ;
#6640 = EDGE_CURVE ( 'NONE', #6024, #1348, #1915, .T. ) ;
#6641 = ORIENTED_EDGE ( 'NONE', *, *, #5266, .F. ) ;
#6642 = AXIS2_PLACEMENT_3D ( 'NONE', #2769, #5698, #895 ) ;
#6643 = APPROVAL_PERSON_ORGANIZATION ( #2868, #2987, #2946 ) ;
#6644 = DIRECTION ( 'NONE',  ( 0.000000000000000000, -0.000000000000000000, -1.000000000000000000 ) ) ;
#6645 = APPROVAL_DATE_TIME ( #7188, #7080 ) ;
#6646 = VECTOR ( 'NONE', #2156, 1000.000000000000000 ) ;
#6647 = CIRCLE ( 'NONE', #159, 1.750000000000001554 ) ;
#6648 = VERTEX_POINT ( 'NONE', #5544 ) ;
#6649 = ORIENTED_EDGE ( 'NONE', *, *, #487, .T. ) ;
#6650 = CALENDAR_DATE ( 2026, 26, 7 ) ;
#6651 = LINE ( 'NONE', #1156, #3857 ) ;
#6652 = AXIS2_PLACEMENT_3D ( 'NONE', #5281, #5857, #503 ) ;
#6653 = CIRCLE ( 'NONE', #3037, 1.250000000000004663 ) ;
#6654 = CC_DESIGN_PERSON_AND_ORGANIZATION_ASSIGNMENT ( #1398, #5652, ( #1117 ) ) ;
#6655 = SHAPE_DEFINITION_REPRESENTATION ( #4827, #3547 ) ;
#6656 = LINE ( 'NONE', #911, #6777 ) ;
#6657 = CYLINDRICAL_SURFACE ( 'NONE', #4805, 1.750000000000001554 ) ;
#6658 = VECTOR ( 'NONE', #2090, 1000.000000000000000 ) ;
#6659 = CALENDAR_DATE ( 2026, 26, 7 ) ;
#6660 = LINE ( 'NONE', #5430, #6341 ) ;
#6661 = EDGE_LOOP ( 'NONE', ( #1883, #2702, #1514, #7657 ) ) ;
#6662 = CC_DESIGN_DATE_AND_TIME_ASSIGNMENT ( #5858, #504, ( #5187 ) ) ;
#6663 = DIRECTION ( 'NONE',  ( 0.000000000000000000, -1.000000000000000000, 0.000000000000000000 ) ) ;
#6664 = VECTOR ( 'NONE', #3573, 1000.000000000000000 ) ;
#6665 = CARTESIAN_POINT ( 'NONE',  ( -9.750000000000000000, 2.500000000000000000, -68.50000000000000000 ) ) ;
#6666 = DIRECTION ( 'NONE',  ( 1.000000000000000000, 0.000000000000000000, 0.000000000000000000 ) ) ;
#6667 = VERTEX_POINT ( 'NONE', #692 ) ;
#6668 = EDGE_CURVE ( 'NONE', #1712, #3019, #2446, .T. ) ;
#6669 = LINE ( 'NONE', #40, #6781 ) ;
#6670 = CALENDAR_DATE ( 2026, 26, 7 ) ;
#6671 = AXIS2_PLACEMENT_3D ( 'NONE', #1834, #7180, #4741 ) ;
#6672 = APPROVAL_STATUS ( 'not_yet_approved' ) ;
#6673 = EDGE_CURVE ( 'NONE', #368, #6922, #6549, .T. ) ;
#6674 = DIRECTION ( 'NONE',  ( 0.000000000000000000, 0.000000000000000000, 1.000000000000000000 ) ) ;
#6675 = ORIENTED_EDGE ( 'NONE', *, *, #6634, .F. ) ;
#6676 = DIRECTION ( 'NONE',  ( 0.000000000000000000, -1.000000000000000000, 0.000000000000000000 ) ) ;
#6677 = VERTEX_POINT ( 'NONE', #1939 ) ;
#6678 = EDGE_CURVE ( 'NONE', #3095, #6600, #765, .T. ) ;
#6679 = APPROVAL_PERSON_ORGANIZATION ( #2295, #4615, #3046 ) ;
#6680 = ADVANCED_FACE ( 'NONE', ( #6074 ), #2523, .F. ) ;
#6681 = DIRECTION ( 'NONE',  ( 0.000000000000000000, 0.000000000000000000, -1.000000000000000000 ) ) ;
#6682 = PRODUCT ( 'FN-BAT-002_battery-envelope_USER-MEASURED_R0.4', 'FN-BAT-002_battery-envelope_USER-MEASURED_R0.4', '', ( #4414 ) ) ;
#6683 = APPROVAL_STATUS ( 'not_yet_approved' ) ;
#6684 = LOCAL_TIME ( 19, 29, 3.000000000000000000, #312 ) ;
#6685 =( NAMED_UNIT ( * ) SI_UNIT ( $, .STERADIAN. ) SOLID_ANGLE_UNIT ( ) );
#6686 = ORIENTED_EDGE ( 'NONE', *, *, #410, .T. ) ;
#6687 = ORIENTED_EDGE ( 'NONE', *, *, #5761, .T. ) ;
#6688 = CALENDAR_DATE ( 2026, 26, 7 ) ;
#6689 = FACE_OUTER_BOUND ( 'NONE', #7696, .T. ) ;
#6690 = APPROVAL_PERSON_ORGANIZATION ( #3393, #1322, #3987 ) ;
#6691 = PERSON_AND_ORGANIZATION_ROLE ( 'classification_officer' ) ;
#6692 = DIRECTION ( 'NONE',  ( 0.000000000000000000, -1.000000000000000000, 0.000000000000000000 ) ) ;
#6693 = CYLINDRICAL_SURFACE ( 'NONE', #3418, 1.799999999999999600 ) ;
#6694 = ORIENTED_EDGE ( 'NONE', *, *, #2997, .F. ) ;
#6695 = CALENDAR_DATE ( 2026, 26, 7 ) ;
#6696 = FACE_OUTER_BOUND ( 'NONE', #1649, .T. ) ;
#6697 = ORIENTED_EDGE ( 'NONE', *, *, #6145, .F. ) ;
#6698 = CARTESIAN_POINT ( 'NONE',  ( -19.00000000000000000, 15.00000000000000000, -9.000000000000000000 ) ) ;
#6699 = DIRECTION ( 'NONE',  ( -0.000000000000000000, 1.000000000000000000, -0.000000000000000000 ) ) ;
#6700 = CC_DESIGN_APPROVAL ( #2549, ( #5348 ) ) ;
#6701 = CARTESIAN_POINT ( 'NONE',  ( -8.500000000000000000, 2.500000000000000000, 8.500000000000001776 ) ) ;
#6702 = CC_DESIGN_PERSON_AND_ORGANIZATION_ASSIGNMENT ( #683, #6691, ( #933 ) ) ;
#6703 = ORIENTED_EDGE ( 'NONE', *, *, #1047, .F. ) ;
#6704 = DIRECTION ( 'NONE',  ( -0.000000000000000000, -1.000000000000000000, -0.000000000000000000 ) ) ;
#6705 = DIRECTION ( 'NONE',  ( 0.000000000000000000, 0.000000000000000000, -1.000000000000000000 ) ) ;
#6706 = APPROVAL_STATUS ( 'not_yet_approved' ) ;
#6707 = DATE_AND_TIME ( #7292, #6593 ) ;
#6708 = SECURITY_CLASSIFICATION ( '', '', #7573 ) ;
#6709 = DIRECTION ( 'NONE',  ( 1.000000000000000000, 0.000000000000000000, 0.000000000000000000 ) ) ;
#6710 = APPROVAL ( #2002, '未指定' ) ;
#6711 = EDGE_LOOP ( 'NONE', ( #375, #85, #2673, #957 ) ) ;
#6712 = DIRECTION ( 'NONE',  ( 0.000000000000000000, 0.000000000000000000, 1.000000000000000000 ) ) ;
#6713 = VECTOR ( 'NONE', #7107, 1000.000000000000000 ) ;
#6714 = ORIENTED_EDGE ( 'NONE', *, *, #6489, .F. ) ;
#6715 = VERTEX_POINT ( 'NONE', #1286 ) ;
#6716 = EDGE_CURVE ( 'NONE', #4285, #183, #181, .T. ) ;
#6717 = DIRECTION ( 'NONE',  ( 0.000000000000000000, -1.000000000000000000, 0.000000000000000000 ) ) ;
#6718 = APPLICATION_CONTEXT ( 'configuration controlled 3d designs of mechanical parts and assemblies' ) ;
#6719 = APPROVAL_PERSON_ORGANIZATION ( #2375, #5280, #7217 ) ;
#6720 = DIRECTION ( 'NONE',  ( -1.000000000000000000, 0.000000000000000000, -0.000000000000000000 ) ) ;
#6721 = DATE_TIME_ROLE ( 'classification_date' ) ;
#6722 = VECTOR ( 'NONE', #1243, 1000.000000000000000 ) ;
#6723 = EDGE_CURVE ( 'NONE', #3351, #7537, #6033, .T. ) ;
#6724 = ADVANCED_FACE ( 'NONE', ( #1972 ), #4223, .F. ) ;
#6725 = VERTEX_POINT ( 'NONE', #7209 ) ;
#6726 = VERTEX_POINT ( 'NONE', #6002 ) ;
#6727 = COORDINATED_UNIVERSAL_TIME_OFFSET ( 8, 0, .AHEAD. ) ;
#6728 = DIRECTION ( 'NONE',  ( 0.000000000000000000, -1.000000000000000000, 0.000000000000000000 ) ) ;
#6729 = AXIS2_PLACEMENT_3D ( 'NONE', #5382, #20, #2390 ) ;
#6730 = PERSON_AND_ORGANIZATION_ROLE ( 'creator' ) ;
#6731 = DIRECTION ( 'NONE',  ( 1.000000000000000000, 0.000000000000000000, 0.000000000000000000 ) ) ;
#6732 = AXIS2_PLACEMENT_3D ( 'NONE', #432, #2817, #4625 ) ;
#6733 = PLANE ( 'NONE',  #5312 ) ;
#6734 = ADVANCED_FACE ( 'NONE', ( #1866 ), #1208, .F. ) ;
#6735 = ORIENTED_EDGE ( 'NONE', *, *, #4322, .F. ) ;
#6736 = CALENDAR_DATE ( 2026, 26, 7 ) ;
#6737 = FACE_OUTER_BOUND ( 'NONE', #202, .T. ) ;
#6738 = CARTESIAN_POINT ( 'NONE',  ( 60.14999999999999858, 3.000000000000000000, -30.60000000000000142 ) ) ;
#6739 = CARTESIAN_POINT ( 'NONE',  ( 0.000000000000000000, 3.000000000000000000, 0.000000000000000000 ) ) ;
#6740 = EDGE_CURVE ( 'NONE', #6562, #3797, #2561, .T. ) ;
#6741 = CARTESIAN_POINT ( 'NONE',  ( 21.25000000000000000, 0.000000000000000000, 6.500000000000000000 ) ) ;
#6742 = ORIENTED_EDGE ( 'NONE', *, *, #638, .F. ) ;
#6743 = PRODUCT_DEFINITION_SHAPE ( 'NONE', 'NONE',  #2883 ) ;
#6744 = DIRECTION ( 'NONE',  ( 0.000000000000000000, -1.000000000000000000, 0.000000000000000000 ) ) ;
#6745 = PERSON_AND_ORGANIZATION ( #6453, #6167 ) ;
#6746 = CC_DESIGN_DATE_AND_TIME_ASSIGNMENT ( #3395, #3550, ( #6209 ) ) ;
#6747 = CALENDAR_DATE ( 2026, 26, 7 ) ;
#6748 = FACE_OUTER_BOUND ( 'NONE', #2483, .T. ) ;
#6749 = CARTESIAN_POINT ( 'NONE',  ( 68.00000000000000000, 18.00000000000000000, 53.00000000000000000 ) ) ;
#6750 = ORIENTED_EDGE ( 'NONE', *, *, #4395, .T. ) ;
#6751 = DIRECTION ( 'NONE',  ( -1.000000000000000000, -0.000000000000000000, -0.000000000000000000 ) ) ;
#6752 = VERTEX_POINT ( 'NONE', #3742 ) ;
#6753 = UNCERTAINTY_MEASURE_WITH_UNIT (LENGTH_MEASURE( 1.000000000000000082E-05 ), #4084, 'distance_accuracy_value', 'NONE');
#6754 = PLANE ( 'NONE',  #5501 ) ;
#6755 = VECTOR ( 'NONE', #3967, 1000.000000000000000 ) ;
#6756 = DIRECTION ( 'NONE',  ( 0.000000000000000000, -1.000000000000000000, 0.000000000000000000 ) ) ;
#6757 = APPROVAL ( #5744, '未指定' ) ;
#6758 = APPROVAL_DATE_TIME ( #308, #4188 ) ;
#6759 =( NAMED_UNIT ( * ) PLANE_ANGLE_UNIT ( ) SI_UNIT ( $, .RADIAN. ) );
#6760 = VERTEX_POINT ( 'NONE', #1318 ) ;
#6761 = AXIS2_PLACEMENT_3D ( 'NONE', #6932, #1623, #5151 ) ;
#6762 = ORIENTED_EDGE ( 'NONE', *, *, #2698, .T. ) ;
#6763 = APPROVAL_DATE_TIME ( #2692, #1460 ) ;
#6764 = CC_DESIGN_APPROVAL ( #5367, ( #3899 ) ) ;
#6765 = DIRECTION ( 'NONE',  ( -0.000000000000000000, -0.000000000000000000, 1.000000000000000000 ) ) ;
#6766 = APPLICATION_CONTEXT ( 'configuration controlled 3d designs of mechanical parts and assemblies' ) ;
#6767 = EDGE_CURVE ( 'NONE', #120, #4832, #4337, .T. ) ;
#6768 = AXIS2_PLACEMENT_3D ( 'NONE', #252, #2047, #7431 ) ;
#6769 = COORDINATED_UNIVERSAL_TIME_OFFSET ( 8, 0, .AHEAD. ) ;
#6770 = VECTOR ( 'NONE', #2915, 1000.000000000000000 ) ;
#6771 = DIRECTION ( 'NONE',  ( 0.000000000000000000, 0.000000000000000000, 1.000000000000000000 ) ) ;
#6772 = ADVANCED_FACE ( 'NONE', ( #74 ), #6041, .F. ) ;
#6773 = LINE ( 'NONE', #5021, #422 ) ;
#6774 = ORIENTED_EDGE ( 'NONE', *, *, #5502, .T. ) ;
#6775 = SHAPE_DEFINITION_REPRESENTATION ( #4432, #6830 ) ;
#6776 = DIRECTION ( 'NONE',  ( 0.000000000000000000, 0.000000000000000000, 1.000000000000000000 ) ) ;
#6777 = VECTOR ( 'NONE', #5633, 1000.000000000000000 ) ;
#6778 = DIRECTION ( 'NONE',  ( 1.000000000000000000, 0.000000000000000000, 0.000000000000000000 ) ) ;
#6779 = DIRECTION ( 'NONE',  ( -1.000000000000000000, 0.000000000000000000, 0.000000000000000000 ) ) ;
#6780 = AXIS2_PLACEMENT_3D ( 'NONE', #7646, #413, #3426 ) ;
#6781 = VECTOR ( 'NONE', #1324, 1000.000000000000000 ) ;
#6782 = CARTESIAN_POINT ( 'NONE',  ( -57.50000000000000000, 1.600000000000000089, 85.00000000000000000 ) ) ;
#6783 = EDGE_LOOP ( 'NONE', ( #7231, #2298 ) ) ;
#6784 = CIRCLE ( 'NONE', #1543, 1.750000000000001554 ) ;
#6785 = PLANE ( 'NONE',  #282 ) ;
#6786 = CALENDAR_DATE ( 2026, 26, 7 ) ;
#6787 = DATE_TIME_ROLE ( 'classification_date' ) ;
#6788 = SHAPE_REPRESENTATION ( 'FN-ENC-003_open-tray-layout-reference_R0.4', ( #6285 ), #4810 ) ;
#6789 = CARTESIAN_POINT ( 'NONE',  ( -60.14999999999999858, 5.000000000000000000, 80.00000000000000000 ) ) ;
#6790 = ADVANCED_BREP_SHAPE_REPRESENTATION ( '', ( #5133, #6285 ), #7279 ) ;
#6791 = DIRECTION ( 'NONE',  ( 1.000000000000000000, 0.000000000000000000, 0.000000000000000000 ) ) ;
#6792 = EDGE_LOOP ( 'NONE', ( #3843, #5900, #2422, #3174 ) ) ;
#6793 = CARTESIAN_POINT ( 'NONE',  ( -158.9499999999999886, 91.09999999999999432, 119.4500000000000028 ) ) ;
#6794 = CARTESIAN_POINT ( 'NONE',  ( 60.14999999999999858, 0.000000000000000000, 81.75000000000000000 ) ) ;
#6795 = CARTESIAN_POINT ( 'NONE',  ( 6.000000000000000000, 6.000000000000000000, 6.000000000000000000 ) ) ;
#6796 = VERTEX_POINT ( 'NONE', #3078 ) ;
#6797 = APPROVAL_PERSON_ORGANIZATION ( #1362, #1701, #7399 ) ;
#6798 = ORIENTED_EDGE ( 'NONE', *, *, #5956, .T. ) ;
#6799 = PERSON_AND_ORGANIZATION_ROLE ( 'design_supplier' ) ;
#6800 = CC_DESIGN_PERSON_AND_ORGANIZATION_ASSIGNMENT ( #7044, #5840, ( #3899 ) ) ;
#6801 = ORIENTED_EDGE ( 'NONE', *, *, #7342, .T. ) ;
#6802 = DIRECTION ( 'NONE',  ( -0.000000000000000000, -0.000000000000000000, 1.000000000000000000 ) ) ;
#6803 = APPROVAL_PERSON_ORGANIZATION ( #7670, #6942, #3528 ) ;
#6804 = CALENDAR_DATE ( 2026, 26, 7 ) ;
#6805 = CARTESIAN_POINT ( 'NONE',  ( -4.000000000000000000, 0.000000000000000000, -1.250000000000000000 ) ) ;
#6806 = PRODUCT_DEFINITION_SHAPE ( 'NONE', 'NONE',  #7711 ) ;
#6807 = CARTESIAN_POINT ( 'NONE',  ( 4.750000000000000000, 2.500000000000000000, -11.25000000000000000 ) ) ;
#6808 = VERTEX_POINT ( 'NONE', #4956 ) ;
#6809 = APPROVAL_DATE_TIME ( #4400, #2559 ) ;
#6810 = PRODUCT_DEFINITION ( '未知', '', #2805, #5659 ) ;
#6811 = DIRECTION ( 'NONE',  ( 0.000000000000000000, 0.000000000000000000, -1.000000000000000000 ) ) ;
#6812 = PRODUCT_DEFINITION_FORMATION_WITH_SPECIFIED_SOURCE ( '任何', '', #3558, .NOT_KNOWN. ) ;
#6813 = CYLINDRICAL_SURFACE ( 'NONE', #2634, 1.799999999999999600 ) ;
#6814 = DIRECTION ( 'NONE',  ( 0.000000000000000000, 0.000000000000000000, 1.000000000000000000 ) ) ;
#6815 = CARTESIAN_POINT ( 'NONE',  ( -60.14999999999999858, 5.000000000000000000, -80.00000000000000000 ) ) ;
#6816 = ADVANCED_FACE ( 'NONE', ( #617 ), #4807, .F. ) ;
#6817 = ORIENTED_EDGE ( 'NONE', *, *, #4534, .F. ) ;
#6818 = APPLICATION_CONTEXT ( 'configuration controlled 3d designs of mechanical parts and assemblies' ) ;
#6819 = EDGE_CURVE ( 'NONE', #6796, #6369, #2487, .T. ) ;
#6820 = CYLINDRICAL_SURFACE ( 'NONE', #5769, 1.600000000000004086 ) ;
#6821 = DATE_AND_TIME ( #2052, #7502 ) ;
#6822 = PERSON ( 'NAUO-PER18', 'UNSPECIFIED', 'UNSPECIFIED', ('UNSPECIFIED'), ('UNSPECIFIED'), ('UNSPECIFIED') ) ;
#6823 = CALENDAR_DATE ( 2026, 26, 7 ) ;
#6824 = LINE ( 'NONE', #5582, #6658 ) ;
#6825 = DIRECTION ( 'NONE',  ( 0.000000000000000000, 0.000000000000000000, 1.000000000000000000 ) ) ;
#6826 = ORIENTED_EDGE ( 'NONE', *, *, #410, .F. ) ;
#6827 = DIRECTION ( 'NONE',  ( -0.000000000000000000, 1.000000000000000000, -0.000000000000000000 ) ) ;
#6828 = CC_DESIGN_APPROVAL ( #350, ( #933 ) ) ;
#6829 = DIRECTION ( 'NONE',  ( -0.000000000000000000, -0.000000000000000000, 1.000000000000000000 ) ) ;
#6830 = SHAPE_REPRESENTATION ( 'FN-HAR-006_soil-rs485-entry-route_R0.4', ( #6285 ), #5060 ) ;
#6831 = CARTESIAN_POINT ( 'NONE',  ( 8.500000000000000000, 2.500000000000000000, -8.500000000000000000 ) ) ;
#6832 = CALENDAR_DATE ( 2026, 26, 7 ) ;
#6833 = LOCAL_TIME ( 19, 29, 3.000000000000000000, #3794 ) ;
#6834 = CLOSED_SHELL ( 'NONE', ( #1810, #7060, #2084, #6724, #4822, #753 ) ) ;
#6835 =( NAMED_UNIT ( * ) PLANE_ANGLE_UNIT ( ) SI_UNIT ( $, .RADIAN. ) );
#6836 = ORIENTED_EDGE ( 'NONE', *, *, #7354, .F. ) ;
#6837 = VERTEX_POINT ( 'NONE', #1826 ) ;
#6838 = VERTEX_POINT ( 'NONE', #6782 ) ;
#6839 = PERSON_AND_ORGANIZATION ( #6453, #6167 ) ;
#6840 = ORIENTED_EDGE ( 'NONE', *, *, #5537, .F. ) ;
#6841 = CARTESIAN_POINT ( 'NONE',  ( 9.750000000000000000, 2.500000000000000000, -72.50000000000000000 ) ) ;
#6842 = APPROVAL_PERSON_ORGANIZATION ( #1398, #2733, #3266 ) ;
#6843 = CARTESIAN_POINT ( 'NONE',  ( 0.000000000000000000, 0.000000000000000000, 0.000000000000000000 ) ) ;
#6844 = VECTOR ( 'NONE', #3072, 1000.000000000000000 ) ;
#6845 = APPROVAL_STATUS ( 'not_yet_approved' ) ;
#6846 = CC_DESIGN_PERSON_AND_ORGANIZATION_ASSIGNMENT ( #2266, #556, ( #4269 ) ) ;
#6847 = CARTESIAN_POINT ( 'NONE',  ( 5.750000000000000000, 0.000000000000000000, -68.50000000000000000 ) ) ;
#6848 = CARTESIAN_POINT ( 'NONE',  ( -36.00000000000000000, 3.000000000000000000, 33.50000000000000000 ) ) ;
#6849 = ORIENTED_EDGE ( 'NONE', *, *, #3208, .F. ) ;
#6850 = CALENDAR_DATE ( 2026, 26, 7 ) ;
#6851 = AXIS2_PLACEMENT_3D ( 'NONE', #3566, #5949, #6027 ) ;
#6852 = CARTESIAN_POINT ( 'NONE',  ( -57.50000000000000000, 35.00000000000000000, 85.00000000000000000 ) ) ;
#6853 = DIRECTION ( 'NONE',  ( 0.000000000000000000, 1.000000000000000000, 0.000000000000000000 ) ) ;
#6854 = AXIS2_PLACEMENT_3D ( 'NONE', #3247, #5631, #6210 ) ;
#6855 = PRODUCT_DEFINITION ( '未知', '', #4210, #4196 ) ;
#6856 = CARTESIAN_POINT ( 'NONE',  ( -33.00000000000000000, 40.00000000000000000, -30.50000000000000000 ) ) ;
#6857 = CARTESIAN_POINT ( 'NONE',  ( -60.14999999999999858, 5.000000000000000000, 30.60000000000000142 ) ) ;
#6858 = VERTEX_POINT ( 'NONE', #2709 ) ;
#6859 = DIRECTION ( 'NONE',  ( -1.000000000000000000, -0.000000000000000000, -0.000000000000000000 ) ) ;
#6860 = EDGE_CURVE ( 'NONE', #7348, #1454, #3259, .T. ) ;
#6861 = DATE_AND_TIME ( #3347, #3223 ) ;
#6862 = CARTESIAN_POINT ( 'NONE',  ( -57.50000000000000000, 1.600000000000000089, -85.00000000000000000 ) ) ;
#6863 = APPLICATION_CONTEXT ( 'configuration controlled 3d designs of mechanical parts and assemblies' ) ;
#6864 = CALENDAR_DATE ( 2026, 26, 7 ) ;
#6865 = EDGE_LOOP ( 'NONE', ( #4703, #5260, #4861, #3080 ) ) ;
#6866 = CARTESIAN_POINT ( 'NONE',  ( 45.00000000000000000, 36.00000000000000000, 29.00000000000000000 ) ) ;
#6867 = DIRECTION ( 'NONE',  ( 0.000000000000000000, 0.000000000000000000, -1.000000000000000000 ) ) ;
#6868 = ORIENTED_EDGE ( 'NONE', *, *, #7277, .T. ) ;
#6869 = CALENDAR_DATE ( 2026, 26, 7 ) ;
#6870 = PLANE ( 'NONE',  #35 ) ;
#6871 = DATE_TIME_ROLE ( 'classification_date' ) ;
#6872 = ORIENTED_EDGE ( 'NONE', *, *, #3760, .F. ) ;
#6873 = FACE_OUTER_BOUND ( 'NONE', #2067, .T. ) ;
#6874 = APPLICATION_PROTOCOL_DEFINITION ( 'international standard', 'config_control_design', 1994, #3572 ) ;
#6875 = ORIENTED_EDGE ( 'NONE', *, *, #2569, .F. ) ;
#6876 = DIRECTION ( 'NONE',  ( 1.000000000000000000, 0.000000000000000000, -0.000000000000000000 ) ) ;
#6877 = VECTOR ( 'NONE', #5432, 1000.000000000000000 ) ;
#6878 = DIRECTION ( 'NONE',  ( 0.000000000000000000, -0.000000000000000000, -1.000000000000000000 ) ) ;
#6879 = APPROVAL_DATE_TIME ( #3802, #2111 ) ;
#6880 = DIRECTION ( 'NONE',  ( -0.000000000000000000, 1.000000000000000000, -0.000000000000000000 ) ) ;
#6881 = VECTOR ( 'NONE', #3459, 1000.000000000000000 ) ;
#6882 = LOCAL_TIME ( 19, 29, 3.000000000000000000, #2450 ) ;
#6883 = PLANE ( 'NONE',  #1796 ) ;
#6884 = ORIENTED_EDGE ( 'NONE', *, *, #1517, .T. ) ;
#6885 = CALENDAR_DATE ( 2026, 26, 7 ) ;
#6886 = PLANE ( 'NONE',  #4611 ) ;
#6887 = CC_DESIGN_PERSON_AND_ORGANIZATION_ASSIGNMENT ( #7400, #737, ( #1359 ) ) ;
#6888 = AXIS2_PLACEMENT_3D ( 'NONE', #4841, #3534, #3688 ) ;
#6889 = CC_DESIGN_APPROVAL ( #4615, ( #4293 ) ) ;
#6890 = DIRECTION ( 'NONE',  ( -0.000000000000000000, 1.000000000000000000, -0.000000000000000000 ) ) ;
#6891 = CARTESIAN_POINT ( 'NONE',  ( -57.50000000000000000, 0.000000000000000000, -85.00000000000000000 ) ) ;
#6892 = CARTESIAN_POINT ( 'NONE',  ( -39.00000000000000000, 0.000000000000000000, -19.50000000000000000 ) ) ;
#6893 = VECTOR ( 'NONE', #7625, 1000.000000000000000 ) ;
#6894 = ORIENTED_EDGE ( 'NONE', *, *, #1666, .T. ) ;
#6895 = PRODUCT_RELATED_PRODUCT_CATEGORY ( 'detail', '', ( #6682 ) ) ;
#6896 = PLANE ( 'NONE',  #2402 ) ;
#6897 = AXIS2_PLACEMENT_3D ( 'NONE', #5813, #4606, #4019 ) ;
#6898 = PERSON_AND_ORGANIZATION ( #2263, #1862 ) ;
#6899 = CARTESIAN_POINT ( 'NONE',  ( 60.14999999999999858, 0.000000000000000000, 30.60000000000000142 ) ) ;
#6900 = CALENDAR_DATE ( 2026, 26, 7 ) ;
#6901 = ORIENTED_EDGE ( 'NONE', *, *, #3245, .F. ) ;
#6902 = AXIS2_PLACEMENT_3D ( 'NONE', #2281, #6377, #3419 ) ;
#6903 = LINE ( 'NONE', #6866, #5106 ) ;
#6904 = UNCERTAINTY_MEASURE_WITH_UNIT (LENGTH_MEASURE( 1.000000000000000082E-05 ), #5167, 'distance_accuracy_value', 'NONE');
#6905 = ADVANCED_FACE ( 'NONE', ( #4520 ), #2048, .F. ) ;
#6906 = VERTEX_POINT ( 'NONE', #4372 ) ;
#6907 = CARTESIAN_POINT ( 'NONE',  ( -60.14999999999999858, 5.000000000000000000, -30.60000000000000142 ) ) ;
#6908 = APPLICATION_PROTOCOL_DEFINITION ( 'international standard', 'config_control_design', 1994, #5573 ) ;
#6909 = LINE ( 'NONE', #6276, #4155 ) ;
#6910 = SECURITY_CLASSIFICATION_LEVEL ( 'unclassified' ) ;
#6911 = ORIENTED_EDGE ( 'NONE', *, *, #3966, .F. ) ;
#6912 = CARTESIAN_POINT ( 'NONE',  ( -1.750000000000000000, 2.500000000000000000, 10.50000000000000000 ) ) ;
#6913 = DATE_AND_TIME ( #1725, #4454 ) ;
#6914 = VERTEX_POINT ( 'NONE', #4407 ) ;
#6915 = EDGE_CURVE ( 'NONE', #953, #3777, #922, .T. ) ;
#6916 = DIRECTION ( 'NONE',  ( -1.000000000000000000, 0.000000000000000000, -0.000000000000000000 ) ) ;
#6917 =( GEOMETRIC_REPRESENTATION_CONTEXT ( 3 ) GLOBAL_UNCERTAINTY_ASSIGNED_CONTEXT ( ( #5122 ) ) GLOBAL_UNIT_ASSIGNED_CONTEXT ( ( #7575, #2219, #1060 ) ) REPRESENTATION_CONTEXT ( 'NONE', 'WORKASPACE' ) );
#6918 = DIRECTION ( 'NONE',  ( 0.000000000000000000, 1.000000000000000000, 0.000000000000000000 ) ) ;
#6919 = APPROVAL_DATE_TIME ( #1068, #1973 ) ;
#6920 = PLANE ( 'NONE',  #2651 ) ;
#6921 = CC_DESIGN_APPROVAL ( #4260, ( #6053 ) ) ;
#6922 = VERTEX_POINT ( 'NONE', #883 ) ;
#6923 = COORDINATED_UNIVERSAL_TIME_OFFSET ( 8, 0, .AHEAD. ) ;
#6924 = CARTESIAN_POINT ( 'NONE',  ( 39.00000000000000000, 0.000000000000000000, -19.50000000000000000 ) ) ;
#6925 = APPROVAL_PERSON_ORGANIZATION ( #1306, #4568, #4248 ) ;
#6926 = LINE ( 'NONE', #4130, #7006 ) ;
#6927 = FACE_OUTER_BOUND ( 'NONE', #3261, .T. ) ;
#6928 = DIRECTION ( 'NONE',  ( -0.000000000000000000, -1.000000000000000000, -0.000000000000000000 ) ) ;
#6929 = CC_DESIGN_APPROVAL ( #6942, ( #4700 ) ) ;
#6930 = VERTEX_POINT ( 'NONE', #3181 ) ;
#6931 = DIRECTION ( 'NONE',  ( 0.000000000000000000, 0.000000000000000000, 1.000000000000000000 ) ) ;
#6932 = CARTESIAN_POINT ( 'NONE',  ( -54.00000000000000000, 1.599999999999999867, 81.50000000000000000 ) ) ;
#6933 = COORDINATED_UNIVERSAL_TIME_OFFSET ( 8, 0, .AHEAD. ) ;
#6934 = CARTESIAN_POINT ( 'NONE',  ( -23.00000000000000000, 10.00000000000000000, -10.50000000000000000 ) ) ;
#6935 = PRODUCT_DEFINITION ( '未知', '', #5348, #5979 ) ;
#6936 = APPROVAL_STATUS ( 'not_yet_approved' ) ;
#6937 = VERTEX_POINT ( 'NONE', #5645 ) ;
#6938 = CARTESIAN_POINT ( 'NONE',  ( -60.14999999999999858, 0.000000000000000000, 80.00000000000000000 ) ) ;
#6939 = PLANE ( 'NONE',  #6612 ) ;
#6940 = APPLICATION_PROTOCOL_DEFINITION ( 'international standard', 'config_control_design', 1994, #3931 ) ;
#6941 = FACE_OUTER_BOUND ( 'NONE', #3462, .T. ) ;
#6942 = APPROVAL ( #1735, '未指定' ) ;
#6943 = CC_DESIGN_APPROVAL ( #3940, ( #736 ) ) ;
#6944 =( NAMED_UNIT ( * ) SI_UNIT ( $, .STERADIAN. ) SOLID_ANGLE_UNIT ( ) );
#6945 = ORIENTED_EDGE ( 'NONE', *, *, #1194, .T. ) ;
#6946 = LINE ( 'NONE', #466, #2590 ) ;
#6947 = EDGE_CURVE ( 'NONE', #2182, #7293, #215, .T. ) ;
#6948 = DATE_AND_TIME ( #511, #4951 ) ;
#6949 = ORIENTED_EDGE ( 'NONE', *, *, #4968, .F. ) ;
#6950 = CARTESIAN_POINT ( 'NONE',  ( 8.500000000000000000, 0.000000000000000000, -8.500000000000000000 ) ) ;
#6951 = CARTESIAN_POINT ( 'NONE',  ( 6.000000000000000000, 6.000000000000000000, 6.000000000000000000 ) ) ;
#6952 = LOCAL_TIME ( 19, 29, 3.000000000000000000, #1375 ) ;
#6953 = EDGE_CURVE ( 'NONE', #4427, #4948, #3667, .T. ) ;
#6954 = DATE_TIME_ROLE ( 'classification_date' ) ;
#6955 = VECTOR ( 'NONE', #5248, 1000.000000000000000 ) ;
#6956 = EDGE_CURVE ( 'NONE', #2572, #2007, #1302, .T. ) ;
#6957 = FACE_OUTER_BOUND ( 'NONE', #530, .T. ) ;
#6958 = CARTESIAN_POINT ( 'NONE',  ( 0.000000000000000000, 0.000000000000000000, 0.000000000000000000 ) ) ;
#6959 = ORIENTED_EDGE ( 'NONE', *, *, #5861, .T. ) ;
#6960 = ORIENTED_EDGE ( 'NONE', *, *, #3246, .F. ) ;
#6961 = DATE_AND_TIME ( #2272, #1821 ) ;
#6962 = CC_DESIGN_SECURITY_CLASSIFICATION ( #3850, ( #7720 ) ) ;
#6963 = DIRECTION ( 'NONE',  ( 1.000000000000000000, 0.000000000000000000, 0.000000000000000000 ) ) ;
#6964 = AXIS2_PLACEMENT_3D ( 'NONE', #3787, #6159, #7568 ) ;
#6965 = DIRECTION ( 'NONE',  ( 0.000000000000000000, 1.000000000000000000, 0.000000000000000000 ) ) ;
#6966 = EDGE_CURVE ( 'NONE', #6394, #4355, #682, .T. ) ;
#6967 = APPROVAL_ROLE ( '' ) ;
#6968 = LINE ( 'NONE', #5268, #2525 ) ;
#6969 = AXIS2_PLACEMENT_3D ( 'NONE', #5640, #1967, #2044 ) ;
#6970 = DIRECTION ( 'NONE',  ( -0.000000000000000000, -1.000000000000000000, -0.000000000000000000 ) ) ;
#6971 = ORIENTED_EDGE ( 'NONE', *, *, #3094, .F. ) ;
#6972 = EDGE_CURVE ( 'NONE', #3468, #4440, #3340, .T. ) ;
#6973 = VECTOR ( 'NONE', #5901, 1000.000000000000000 ) ;
#6974 = CARTESIAN_POINT ( 'NONE',  ( 0.5000000000000004441, 2.500000000000000000, 12.50000000000000000 ) ) ;
#6975 = DIRECTION ( 'NONE',  ( 0.000000000000000000, -0.000000000000000000, -1.000000000000000000 ) ) ;
#6976 = COORDINATED_UNIVERSAL_TIME_OFFSET ( 8, 0, .AHEAD. ) ;
#6977 = DIRECTION ( 'NONE',  ( 0.000000000000000000, -1.000000000000000000, 0.000000000000000000 ) ) ;
#6978 = VECTOR ( 'NONE', #5695, 1000.000000000000000 ) ;
#6979 = DATE_TIME_ROLE ( 'creation_date' ) ;
#6980 = EDGE_LOOP ( 'NONE', ( #1574, #77, #1984, #3983 ) ) ;
#6981 = DIRECTION ( 'NONE',  ( 0.000000000000000000, 0.000000000000000000, -1.000000000000000000 ) ) ;
#6982 = VERTEX_POINT ( 'NONE', #5145 ) ;
#6983 = CC_DESIGN_PERSON_AND_ORGANIZATION_ASSIGNMENT ( #4605, #3460, ( #3109 ) ) ;
#6984 = DIRECTION ( 'NONE',  ( -0.000000000000000000, -0.000000000000000000, 1.000000000000000000 ) ) ;
#6985 = ORIENTED_EDGE ( 'NONE', *, *, #2177, .F. ) ;
#6986 = CALENDAR_DATE ( 2026, 26, 7 ) ;
#6987 = CARTESIAN_POINT ( 'NONE',  ( -60.00000000000000000, 3.000000000000000000, 42.50000000000000000 ) ) ;
#6988 = APPROVAL_DATE_TIME ( #977, #541 ) ;
#6989 = ORIENTED_EDGE ( 'NONE', *, *, #2905, .F. ) ;
#6990 = EDGE_LOOP ( 'NONE', ( #5700, #165, #4345, #4811 ) ) ;
#6991 = CALENDAR_DATE ( 2026, 26, 7 ) ;
#6992 = ORIENTED_EDGE ( 'NONE', *, *, #726, .T. ) ;
#6993 = CARTESIAN_POINT ( 'NONE',  ( -57.50000000000000000, 35.00000000000000000, -85.00000000000000000 ) ) ;
#6994 = APPROVAL ( #2969, '未指定' ) ;
#6995 = LINE ( 'NONE', #315, #1618 ) ;
#6996 = CALENDAR_DATE ( 2026, 26, 7 ) ;
#6997 = ADVANCED_FACE ( 'NONE', ( #329 ), #1467, .F. ) ;
#6998 = PLANE ( 'NONE',  #3531 ) ;
#6999 = ORIENTED_EDGE ( 'NONE', *, *, #4224, .F. ) ;
#7000 = VECTOR ( 'NONE', #3618, 1000.000000000000000 ) ;
#7001 = ORIENTED_EDGE ( 'NONE', *, *, #469, .F. ) ;
#7002 = PERSON_AND_ORGANIZATION_ROLE ( 'classification_officer' ) ;
#7003 = LINE ( 'NONE', #3964, #1366 ) ;
#7004 = EDGE_CURVE ( 'NONE', #7076, #7686, #3300, .T. ) ;
#7005 = CARTESIAN_POINT ( 'NONE',  ( -45.00000000000000000, 36.00000000000000000, -29.00000000000000000 ) ) ;
#7006 = VECTOR ( 'NONE', #2277, 1000.000000000000000 ) ;
#7007 = CALENDAR_DATE ( 2026, 26, 7 ) ;
#7008 = EDGE_CURVE ( 'NONE', #6205, #6648, #4487, .T. ) ;
#7009 = DIRECTION ( 'NONE',  ( 0.000000000000000000, 0.000000000000000000, 1.000000000000000000 ) ) ;
#7010 = DIRECTION ( 'NONE',  ( 0.000000000000000000, 0.000000000000000000, 1.000000000000000000 ) ) ;
#7011 = ORIENTED_EDGE ( 'NONE', *, *, #7331, .T. ) ;
#7012 = VECTOR ( 'NONE', #7691, 1000.000000000000000 ) ;
#7013 = LOCAL_TIME ( 19, 29, 3.000000000000000000, #4774 ) ;
#7014 = CARTESIAN_POINT ( 'NONE',  ( -9.750000000000000000, 0.000000000000000000, -72.50000000000000000 ) ) ;
#7015 = DIRECTION ( 'NONE',  ( 1.000000000000000000, 0.000000000000000000, -0.000000000000000000 ) ) ;
#7016 = APPROVAL_DATE_TIME ( #495, #5136 ) ;
#7017 = CIRCLE ( 'NONE', #1784, 1.600000000000004086 ) ;
#7018 = PLANE ( 'NONE',  #791 ) ;
#7019 = VERTEX_POINT ( 'NONE', #7513 ) ;
#7020 = ORIENTED_EDGE ( 'NONE', *, *, #3187, .T. ) ;
#7021 = CIRCLE ( 'NONE', #5777, 1.600000000000004086 ) ;
#7022 = DIRECTION ( 'NONE',  ( -1.000000000000000000, 0.000000000000000000, -0.000000000000000000 ) ) ;
#7023 = COORDINATED_UNIVERSAL_TIME_OFFSET ( 8, 0, .AHEAD. ) ;
#7024 = CYLINDRICAL_SURFACE ( 'NONE', #1897, 1.799999999999999600 ) ;
#7025 = COORDINATED_UNIVERSAL_TIME_OFFSET ( 8, 0, .AHEAD. ) ;
#7026 = AXIS2_PLACEMENT_3D ( 'NONE', #3501, #577, #2956 ) ;
#7027 = ORIENTED_EDGE ( 'NONE', *, *, #5109, .F. ) ;
#7028 = CARTESIAN_POINT ( 'NONE',  ( 6.000000000000000000, 6.000000000000000000, 6.000000000000000000 ) ) ;
#7029 = PERSON_AND_ORGANIZATION_ROLE ( 'creator' ) ;
#7030 = ORIENTED_EDGE ( 'NONE', *, *, #913, .F. ) ;
#7031 = CARTESIAN_POINT ( 'NONE',  ( 136.0000000000000000, 3.000000000000000000, -96.50000000000000000 ) ) ;
#7032 = DIRECTION ( 'NONE',  ( 0.000000000000000000, -1.000000000000000000, 0.000000000000000000 ) ) ;
#7033 = VECTOR ( 'NONE', #6928, 1000.000000000000000 ) ;
#7034 = CIRCLE ( 'NONE', #7655, 1.799999999999999600 ) ;
#7035 = PERSON_AND_ORGANIZATION ( #6453, #6167 ) ;
#7036 = CARTESIAN_POINT ( 'NONE',  ( 39.00000000000000000, 5.000000000000000000, 19.50000000000000000 ) ) ;
#7037 = CC_DESIGN_PERSON_AND_ORGANIZATION_ASSIGNMENT ( #1910, #5037, ( #6682 ) ) ;
#7038 = ORIENTED_EDGE ( 'NONE', *, *, #6057, .F. ) ;
#7039 = ORIENTED_EDGE ( 'NONE', *, *, #1241, .F. ) ;
#7040 = PERSON_AND_ORGANIZATION ( #6453, #6167 ) ;
#7041 = DIRECTION ( 'NONE',  ( 1.000000000000000000, 0.000000000000000000, 0.000000000000000000 ) ) ;
#7042 = CARTESIAN_POINT ( 'NONE',  ( -9.750000000000000000, 0.000000000000000000, -68.50000000000000000 ) ) ;
#7043 = APPROVAL_PERSON_ORGANIZATION ( #4608, #1040, #3537 ) ;
#7044 = PERSON_AND_ORGANIZATION ( #6453, #6167 ) ;
#7045 = FACE_OUTER_BOUND ( 'NONE', #846, .T. ) ;
#7046 = PRODUCT_DEFINITION_SHAPE ( 'NONE', 'NONE',  #7516 ) ;
#7047 = DIRECTION ( 'NONE',  ( -0.000000000000000000, -0.000000000000000000, 1.000000000000000000 ) ) ;
#7048 = CC_DESIGN_DATE_AND_TIME_ASSIGNMENT ( #6458, #1116, ( #1076 ) ) ;
#7049 = ORIENTED_EDGE ( 'NONE', *, *, #4773, .F. ) ;
#7050 = APPROVAL_PERSON_ORGANIZATION ( #5156, #3809, #3574 ) ;
#7051 = CARTESIAN_POINT ( 'NONE',  ( 4.000000000000000000, 2.500000000000000000, 1.250000000000000000 ) ) ;
#7052 = FACE_OUTER_BOUND ( 'NONE', #1172, .T. ) ;
#7053 = ADVANCED_FACE ( 'NONE', ( #1544 ), #3854, .F. ) ;
#7054 = APPROVAL_PERSON_ORGANIZATION ( #7154, #2264, #680 ) ;
#7055 = LINE ( 'NONE', #1710, #3536 ) ;
#7056 = EDGE_CURVE ( 'NONE', #4142, #1923, #173, .T. ) ;
#7057 = ORIENTED_EDGE ( 'NONE', *, *, #4267, .T. ) ;
#7058 = VERTEX_POINT ( 'NONE', #3933 ) ;
#7059 = APPROVAL_PERSON_ORGANIZATION ( #2380, #6994, #5977 ) ;
#7060 = ADVANCED_FACE ( 'NONE', ( #6260 ), #4991, .F. ) ;
#7061 = LINE ( 'NONE', #1714, #406 ) ;
#7062 = ORIENTED_EDGE ( 'NONE', *, *, #7576, .F. ) ;
#7063 = APPLICATION_PROTOCOL_DEFINITION ( 'international standard', 'config_control_design', 1994, #2619 ) ;
#7064 = DIRECTION ( 'NONE',  ( 0.000000000000000000, 0.000000000000000000, -1.000000000000000000 ) ) ;
#7065 = APPROVAL_DATE_TIME ( #7490, #4808 ) ;
#7066 =( NAMED_UNIT ( * ) PLANE_ANGLE_UNIT ( ) SI_UNIT ( $, .RADIAN. ) );
#7067 = ORIENTED_EDGE ( 'NONE', *, *, #6915, .F. ) ;
#7068 = DIRECTION ( 'NONE',  ( -1.000000000000000000, 0.000000000000000000, -0.000000000000000000 ) ) ;
#7069 = APPROVAL_STATUS ( 'not_yet_approved' ) ;
#7070 = VERTEX_POINT ( 'NONE', #6741 ) ;
#7071 = CARTESIAN_POINT ( 'NONE',  ( -39.00000000000000000, 38.00000000000000000, -19.50000000000000000 ) ) ;
#7072 = DIRECTION ( 'NONE',  ( 0.000000000000000000, 0.000000000000000000, -1.000000000000000000 ) ) ;
#7073 = DATE_AND_TIME ( #5299, #1099 ) ;
#7074 = CARTESIAN_POINT ( 'NONE',  ( 138.0327499999999930, 91.09999999999999432, 98.50000000000000000 ) ) ;
#7075 = ORIENTED_EDGE ( 'NONE', *, *, #4163, .T. ) ;
#7076 = VERTEX_POINT ( 'NONE', #3774 ) ;
#7077 = COORDINATED_UNIVERSAL_TIME_OFFSET ( 8, 0, .AHEAD. ) ;
#7078 = CARTESIAN_POINT ( 'NONE',  ( 57.50000000000000000, 1.600000000000000089, -85.00000000000000000 ) ) ;
#7079 = APPROVAL_PERSON_ORGANIZATION ( #5793, #1973, #515 ) ;
#7080 = APPROVAL ( #5413, 'UNKNOWN' ) ;
#7081 = DIRECTION ( 'NONE',  ( 0.000000000000000000, 0.000000000000000000, -1.000000000000000000 ) ) ;
#7082 = PERSON_AND_ORGANIZATION ( #6453, #6167 ) ;
#7083 = SHAPE_REPRESENTATION ( 'FN-SUP-001_edge-support-pad_DRAFT_R0.4', ( #6285 ), #6539 ) ;
#7084 = DIRECTION ( 'NONE',  ( 0.000000000000000000, -1.000000000000000000, 0.000000000000000000 ) ) ;
#7085 = APPROVAL_PERSON_ORGANIZATION ( #3679, #7080, #1303 ) ;
#7086 = CARTESIAN_POINT ( 'NONE',  ( -23.00000000000000000, 10.00000000000000000, 10.50000000000000000 ) ) ;
#7087 = VECTOR ( 'NONE', #3953, 1000.000000000000000 ) ;
#7088 = EDGE_LOOP ( 'NONE', ( #880, #3981, #5628, #5886 ) ) ;
#7089 = APPROVAL_PERSON_ORGANIZATION ( #1946, #2591, #1437 ) ;
#7090 = CC_DESIGN_PERSON_AND_ORGANIZATION_ASSIGNMENT ( #6312, #3356, ( #5464 ) ) ;
#7091 = CARTESIAN_POINT ( 'NONE',  ( 0.000000000000000000, 91.09999999999999432, 0.000000000000000000 ) ) ;
#7092 = CIRCLE ( 'NONE', #4979, 1.250000000000004663 ) ;
#7093 = DIRECTION ( 'NONE',  ( 0.000000000000000000, -0.000000000000000000, -1.000000000000000000 ) ) ;
#7094 = LINE ( 'NONE', #3542, #5543 ) ;
#7095 = ORGANIZATION ( 'NAUO-ORG23', 'UNSPECIFIED', 'UNSPECIFIED' ) ;
#7096 = ORIENTED_EDGE ( 'NONE', *, *, #7479, .F. ) ;
#7097 = VECTOR ( 'NONE', #6963, 1000.000000000000000 ) ;
#7098 = EDGE_LOOP ( 'NONE', ( #7318, #2042, #311, #4578 ) ) ;
#7099 = EDGE_CURVE ( 'NONE', #1333, #6485, #6148, .T. ) ;
#7100 = CARTESIAN_POINT ( 'NONE',  ( -39.00000000000000000, 36.00000000000000000, 19.50000000000000000 ) ) ;
#7101 = PERSON_AND_ORGANIZATION_ROLE ( 'design_supplier' ) ;
#7102 = DIRECTION ( 'NONE',  ( 0.000000000000000000, 0.000000000000000000, 1.000000000000000000 ) ) ;
#7103 = CALENDAR_DATE ( 2026, 26, 7 ) ;
#7104 = AXIS2_PLACEMENT_3D ( 'NONE', #6843, #1570, #907 ) ;
#7105 = DIRECTION ( 'NONE',  ( 1.000000000000000000, 0.000000000000000000, 0.000000000000000000 ) ) ;
#7106 = ORIENTED_EDGE ( 'NONE', *, *, #7335, .F. ) ;
#7107 = DIRECTION ( 'NONE',  ( -1.000000000000000000, -0.000000000000000000, -0.000000000000000000 ) ) ;
#7108 = CALENDAR_DATE ( 2026, 26, 7 ) ;
#7109 = EDGE_LOOP ( 'NONE', ( #1884, #2605, #1450, #884, #2232, #1411, #1042, #5929 ) ) ;
#7110 = CARTESIAN_POINT ( 'NONE',  ( 136.0000000000000000, 3.000000000000000000, 96.50000000000000000 ) ) ;
#7111 = APPROVAL_DATE_TIME ( #2383, #6363 ) ;
#7112 = DIRECTION ( 'NONE',  ( 0.000000000000000000, -1.000000000000000000, 0.000000000000000000 ) ) ;
#7113 =( NAMED_UNIT ( * ) PLANE_ANGLE_UNIT ( ) SI_UNIT ( $, .RADIAN. ) );
#7114 = VERTEX_POINT ( 'NONE', #1579 ) ;
#7115 = ORIENTED_EDGE ( 'NONE', *, *, #7596, .F. ) ;
#7116 = SHAPE_DEFINITION_REPRESENTATION ( #1751, #5201 ) ;
#7117 =( REPRESENTATION_RELATIONSHIP ('NONE','NONE', #110, #4952 ) REPRESENTATION_RELATIONSHIP_WITH_TRANSFORMATION ( #4030 )SHAPE_REPRESENTATION_RELATIONSHIP( ) );
#7118 = CARTESIAN_POINT ( 'NONE',  ( -54.00000000000000000, 3.600000000000000089, 81.50000000000000000 ) ) ;
#7119 = EDGE_CURVE ( 'NONE', #3797, #622, #5805, .T. ) ;
#7120 = LINE ( 'NONE', #2023, #1021 ) ;
#7121 = PERSON_AND_ORGANIZATION_ROLE ( 'creator' ) ;
#7122 = FACE_OUTER_BOUND ( 'NONE', #2447, .T. ) ;
#7123 = CARTESIAN_POINT ( 'NONE',  ( 138.0327499999999930, 91.09999999999999432, 98.50000000000000000 ) ) ;
#7124 = APPROVAL_ROLE ( '' ) ;
#7125 = CARTESIAN_POINT ( 'NONE',  ( 0.000000000000000000, 0.000000000000000000, 0.000000000000000000 ) ) ;
#7126 = ORIENTED_EDGE ( 'NONE', *, *, #5109, .T. ) ;
#7127 = VECTOR ( 'NONE', #3813, 1000.000000000000000 ) ;
#7128 = LINE ( 'NONE', #450, #4642 ) ;
#7129 = PLANE ( 'NONE',  #6255 ) ;
#7130 = FACE_OUTER_BOUND ( 'NONE', #5685, .T. ) ;
#7131 = VECTOR ( 'NONE', #7216, 1000.000000000000000 ) ;
#7132 = APPROVAL_PERSON_ORGANIZATION ( #1700, #7235, #3415 ) ;
#7133 = CC_DESIGN_DATE_AND_TIME_ASSIGNMENT ( #3264, #1079, ( #4862 ) ) ;
#7134 = EDGE_LOOP ( 'NONE', ( #5756, #1713, #4957, #2076 ) ) ;
#7135 = ORIENTED_EDGE ( 'NONE', *, *, #563, .T. ) ;
#7136 = FACE_OUTER_BOUND ( 'NONE', #6980, .T. ) ;
#7137 = CIRCLE ( 'NONE', #5646, 1.750000000000001554 ) ;
#7138 = PERSON_AND_ORGANIZATION_ROLE ( 'classification_officer' ) ;
#7139 = CARTESIAN_POINT ( 'NONE',  ( 39.00000000000000000, 0.000000000000000000, 19.50000000000000000 ) ) ;
#7140 = DATE_AND_TIME ( #4311, #1736 ) ;
#7141 = CARTESIAN_POINT ( 'NONE',  ( -126.0000000000000000, 3.000000000000000000, -45.00000000000000000 ) ) ;
#7142 = EDGE_CURVE ( 'NONE', #339, #6485, #7396, .T. ) ;
#7143 = ORIENTED_EDGE ( 'NONE', *, *, #2488, .T. ) ;
#7144 = VECTOR ( 'NONE', #7161, 1000.000000000000000 ) ;
#7145 = DIRECTION ( 'NONE',  ( -0.000000000000000000, -1.000000000000000000, -0.000000000000000000 ) ) ;
#7146 = PERSON_AND_ORGANIZATION ( #6453, #6167 ) ;
#7147 = ORIENTED_EDGE ( 'NONE', *, *, #6451, .T. ) ;
#7148 = CYLINDRICAL_SURFACE ( 'NONE', #3230, 1.750000000000001554 ) ;
#7149 = AXIS2_PLACEMENT_3D ( 'NONE', #5414, #3782, #1806 ) ;
#7150 = DIRECTION ( 'NONE',  ( 0.000000000000000000, 0.000000000000000000, -1.000000000000000000 ) ) ;
#7151 = ADVANCED_FACE ( 'NONE', ( #1125 ), #2317, .T. ) ;
#7152 = ORIENTED_EDGE ( 'NONE', *, *, #3716, .F. ) ;
#7153 = ORIENTED_EDGE ( 'NONE', *, *, #5599, .F. ) ;
#7154 = PERSON_AND_ORGANIZATION ( #6453, #6167 ) ;
#7155 = CARTESIAN_POINT ( 'NONE',  ( -19.00000000000000000, 15.00000000000000000, 9.000000000000000000 ) ) ;
#7156 = AXIS2_PLACEMENT_3D ( 'NONE', #2596, #253, #2632 ) ;
#7157 = EDGE_CURVE ( 'NONE', #3991, #4880, #6503, .T. ) ;
#7158 = CARTESIAN_POINT ( 'NONE',  ( -36.00000000000000000, 3.000000000000000000, 33.50000000000000000 ) ) ;
#7159 = EDGE_CURVE ( 'NONE', #4932, #1753, #445, .T. ) ;
#7160 = DATE_TIME_ROLE ( 'classification_date' ) ;
#7161 = DIRECTION ( 'NONE',  ( 0.000000000000000000, 0.000000000000000000, -1.000000000000000000 ) ) ;
#7162 = APPLICATION_CONTEXT ( 'configuration controlled 3d designs of mechanical parts and assemblies' ) ;
#7163 = DIRECTION ( 'NONE',  ( 0.000000000000000000, -1.000000000000000000, 0.000000000000000000 ) ) ;
#7164 = PERSON_AND_ORGANIZATION ( #6453, #6167 ) ;
#7165 = LINE ( 'NONE', #7203, #3473 ) ;
#7166 = ORIENTED_EDGE ( 'NONE', *, *, #4022, .F. ) ;
#7167 = CARTESIAN_POINT ( 'NONE',  ( -19.00000000000000000, 15.00000000000000000, 9.000000000000000000 ) ) ;
#7168 = CARTESIAN_POINT ( 'NONE',  ( 39.00000000000000000, 5.000000000000000000, -18.24999999999999645 ) ) ;
#7169 = DIRECTION ( 'NONE',  ( -0.000000000000000000, -0.000000000000000000, 1.000000000000000000 ) ) ;
#7170 = APPROVAL_PERSON_ORGANIZATION ( #341, #4096, #5202 ) ;
#7171 = ORIENTED_EDGE ( 'NONE', *, *, #3382, .F. ) ;
#7172 = PRODUCT_DEFINITION_SHAPE ( 'NONE', 'NONE',  #1503 ) ;
#7173 = VERTEX_POINT ( 'NONE', #6342 ) ;
#7174 = CARTESIAN_POINT ( 'NONE',  ( 28.00000000000000000, 0.000000000000000000, -15.50000000000000000 ) ) ;
#7175 = CC_DESIGN_APPROVAL ( #3851, ( #2060 ) ) ;
#7176 = COORDINATED_UNIVERSAL_TIME_OFFSET ( 8, 0, .AHEAD. ) ;
#7177 = DIRECTION ( 'NONE',  ( 0.000000000000000000, -1.000000000000000000, 0.000000000000000000 ) ) ;
#7178 = CC_DESIGN_PERSON_AND_ORGANIZATION_ASSIGNMENT ( #2697, #6730, ( #254 ) ) ;
#7179 = DATE_TIME_ROLE ( 'classification_date' ) ;
#7180 = DIRECTION ( 'NONE',  ( 0.000000000000000000, 0.000000000000000000, 1.000000000000000000 ) ) ;
#7181 = VERTEX_POINT ( 'NONE', #2240 ) ;
#7182 = LOCAL_TIME ( 19, 29, 3.000000000000000000, #379 ) ;
#7183 = DIRECTION ( 'NONE',  ( 0.000000000000000000, 0.000000000000000000, -1.000000000000000000 ) ) ;
#7184 = CALENDAR_DATE ( 2026, 26, 7 ) ;
#7185 = EDGE_LOOP ( 'NONE', ( #3693, #6762, #4319, #1323 ) ) ;
#7186 = CARTESIAN_POINT ( 'NONE',  ( -39.00000000000000000, 38.00000000000000000, 17.69999999999999929 ) ) ;
#7187 = APPROVAL ( #3131, '未指定' ) ;
#7188 = DATE_AND_TIME ( #1842, #2469 ) ;
#7189 = CARTESIAN_POINT ( 'NONE',  ( 4.000000000000000000, 2.500000000000000000, 1.250000000000000000 ) ) ;
#7190 = EDGE_CURVE ( 'NONE', #1455, #1055, #3970, .T. ) ;
#7191 = VERTEX_POINT ( 'NONE', #529 ) ;
#7192 = ORIENTED_EDGE ( 'NONE', *, *, #6180, .F. ) ;
#7193 = APPROVAL_STATUS ( 'not_yet_approved' ) ;
#7194 = CARTESIAN_POINT ( 'NONE',  ( 19.00000000000000000, 15.00000000000000000, -9.000000000000000000 ) ) ;
#7195 = PERSON ( 'NAUO-PER6', 'UNSPECIFIED', 'UNSPECIFIED', ('UNSPECIFIED'), ('UNSPECIFIED'), ('UNSPECIFIED') ) ;
#7196 = EDGE_CURVE ( 'NONE', #6456, #2927, #6465, .T. ) ;
#7197 = DIRECTION ( 'NONE',  ( 0.000000000000000000, 0.000000000000000000, -1.000000000000000000 ) ) ;
#7198 = DATE_TIME_ROLE ( 'creation_date' ) ;
#7199 = DIRECTION ( 'NONE',  ( 0.000000000000000000, 0.000000000000000000, 1.000000000000000000 ) ) ;
#7200 = FACE_OUTER_BOUND ( 'NONE', #6331, .T. ) ;
#7201 = PERSON_AND_ORGANIZATION ( #6453, #6167 ) ;
#7202 = APPROVAL_PERSON_ORGANIZATION ( #2110, #1406, #1533 ) ;
#7203 = CARTESIAN_POINT ( 'NONE',  ( -33.00000000000000000, 40.00000000000000000, 30.50000000000000000 ) ) ;
#7204 = VERTEX_POINT ( 'NONE', #5184 ) ;
#7205 = DIRECTION ( 'NONE',  ( -1.000000000000000000, -0.000000000000000000, -0.000000000000000000 ) ) ;
#7206 = CC_DESIGN_SECURITY_CLASSIFICATION ( #4972, ( #7716 ) ) ;
#7207 = CARTESIAN_POINT ( 'NONE',  ( -4.000000000000000000, 0.000000000000000000, 1.250000000000000000 ) ) ;
#7208 = AXIS2_PLACEMENT_3D ( 'NONE', #5128, #2183, #2141 ) ;
#7209 = CARTESIAN_POINT ( 'NONE',  ( -3.500000000000000000, 2.500000000000000000, 8.500000000000000000 ) ) ;
#7210 = ORIENTED_EDGE ( 'NONE', *, *, #369, .F. ) ;
#7211 = ORGANIZATION ( 'NAUO-ORG16', 'UNSPECIFIED', 'UNSPECIFIED' ) ;
#7212 = EDGE_CURVE ( 'NONE', #4847, #7699, #2832, .T. ) ;
#7213 = VECTOR ( 'NONE', #3233, 1000.000000000000000 ) ;
#7214 = CARTESIAN_POINT ( 'NONE',  ( -3.500000000000000000, 2.500000000000000000, -12.50000000000000000 ) ) ;
#7215 = APPROVAL_STATUS ( 'not_yet_approved' ) ;
#7216 = DIRECTION ( 'NONE',  ( -1.000000000000000000, -0.000000000000000000, -0.000000000000000000 ) ) ;
#7217 = APPROVAL_ROLE ( '' ) ;
#7218 =( REPRESENTATION_RELATIONSHIP ('NONE','NONE', #110, #7083 ) REPRESENTATION_RELATIONSHIP_WITH_TRANSFORMATION ( #7261 )SHAPE_REPRESENTATION_RELATIONSHIP( ) );
#7219 = LOCAL_TIME ( 19, 29, 3.000000000000000000, #6976 ) ;
#7220 = VECTOR ( 'NONE', #6207, 1000.000000000000000 ) ;
#7221 = DIRECTION ( 'NONE',  ( 1.000000000000000000, 0.000000000000000000, 0.000000000000000000 ) ) ;
#7222 = ORIENTED_EDGE ( 'NONE', *, *, #950, .F. ) ;
#7223 = LINE ( 'NONE', #3158, #5601 ) ;
#7224 = ORIENTED_EDGE ( 'NONE', *, *, #1911, .T. ) ;
#7225 = CC_DESIGN_PERSON_AND_ORGANIZATION_ASSIGNMENT ( #1946, #2677, ( #4484 ) ) ;
#7226 = DESIGN_CONTEXT ( 'detailed design', #6718, 'design' ) ;
#7227 = CARTESIAN_POINT ( 'NONE',  ( 5.750000000000000000, 2.500000000000000000, 72.50000000000000000 ) ) ;
#7228 = VECTOR ( 'NONE', #674, 1000.000000000000000 ) ;
#7229 = COORDINATED_UNIVERSAL_TIME_OFFSET ( 8, 0, .AHEAD. ) ;
#7230 = DIRECTION ( 'NONE',  ( 0.000000000000000000, 0.000000000000000000, -1.000000000000000000 ) ) ;
#7231 = ORIENTED_EDGE ( 'NONE', *, *, #5869, .F. ) ;
#7232 = ORIENTED_EDGE ( 'NONE', *, *, #4388, .T. ) ;
#7233 = PERSON_AND_ORGANIZATION_ROLE ( 'design_owner' ) ;
#7234 = AXIS2_PLACEMENT_3D ( 'NONE', #6161, #6120, #7259 ) ;
#7235 = APPROVAL ( #7634, '未指定' ) ;
#7236 = DIRECTION ( 'NONE',  ( 0.000000000000000000, -1.000000000000000000, 0.000000000000000000 ) ) ;
#7237 = COORDINATED_UNIVERSAL_TIME_OFFSET ( 8, 0, .AHEAD. ) ;
#7238 = DIRECTION ( 'NONE',  ( 0.000000000000000000, 0.000000000000000000, 1.000000000000000000 ) ) ;
#7239 = PRODUCT_DEFINITION_SHAPE ( 'NONE', 'NONE',  #4293 ) ;
#7240 = CARTESIAN_POINT ( 'NONE',  ( -4.000000000000000000, 2.500000000000000000, -1.250000000000000000 ) ) ;
#7241 = APPROVAL_STATUS ( 'not_yet_approved' ) ;
#7242 = CC_DESIGN_PERSON_AND_ORGANIZATION_ASSIGNMENT ( #1585, #569, ( #6053 ) ) ;
#7243 = CARTESIAN_POINT ( 'NONE',  ( -10.25000000000000000, 2.500000000000000000, 1.750000000000000000 ) ) ;
#7244 = ORIENTED_EDGE ( 'NONE', *, *, #3954, .F. ) ;
#7245 = CYLINDRICAL_SURFACE ( 'NONE', #654, 1.750000000000001554 ) ;
#7246 = DIRECTION ( 'NONE',  ( 1.000000000000000000, -0.000000000000000000, 0.000000000000000000 ) ) ;
#7247 = CARTESIAN_POINT ( 'NONE',  ( 4.750000000000000000, 2.500000000000000000, -11.25000000000000000 ) ) ;
#7248 = VERTEX_POINT ( 'NONE', #5879 ) ;
#7249 = VECTOR ( 'NONE', #5341, 1000.000000000000000 ) ;
#7250 = CARTESIAN_POINT ( 'NONE',  ( -14.25000000000000000, 0.000000000000000000, 12.00000000000000000 ) ) ;
#7251 = DATE_AND_TIME ( #4996, #5284 ) ;
#7252 = VECTOR ( 'NONE', #544, 1000.000000000000000 ) ;
#7253 = DIRECTION ( 'NONE',  ( 0.000000000000000000, 0.000000000000000000, 1.000000000000000000 ) ) ;
#7254 = ORIENTED_EDGE ( 'NONE', *, *, #5003, .F. ) ;
#7255 = CARTESIAN_POINT ( 'NONE',  ( 158.9499999999999886, 0.000000000000000000, -119.4500000000000028 ) ) ;
#7256 = ORIENTED_EDGE ( 'NONE', *, *, #236, .F. ) ;
#7257 = AXIS2_PLACEMENT_3D ( 'NONE', #6040, #728, #1250 ) ;
#7258 = LOCAL_TIME ( 19, 29, 3.000000000000000000, #5531 ) ;
#7259 = DIRECTION ( 'NONE',  ( 0.000000000000000000, 0.000000000000000000, -1.000000000000000000 ) ) ;
#7260 = APPLICATION_CONTEXT ( 'configuration controlled 3d designs of mechanical parts and assemblies' ) ;
#7261 = ITEM_DEFINED_TRANSFORMATION ( 'NONE', 'NONE', #5442,  #6285 ) ;
#7262 = AXIS2_PLACEMENT_3D ( 'NONE', #1853, #1888, #5386 ) ;
#7263 = ORIENTED_EDGE ( 'NONE', *, *, #1329, .T. ) ;
#7264 = ORIENTED_EDGE ( 'NONE', *, *, #3910, .F. ) ;
#7265 = APPROVAL_STATUS ( 'not_yet_approved' ) ;
#7266 = FACE_BOUND ( 'NONE', #1414, .T. ) ;
#7267 = AXIS2_PLACEMENT_3D ( 'NONE', #6899, #6230, #888 ) ;
#7268 = APPROVAL_STATUS ( 'not_yet_approved' ) ;
#7269 = APPROVAL ( #98, '未指定' ) ;
#7270 = DIRECTION ( 'NONE',  ( 0.000000000000000000, -1.000000000000000000, 0.000000000000000000 ) ) ;
#7271 = LINE ( 'NONE', #4877, #3540 ) ;
#7272 = AXIS2_PLACEMENT_3D ( 'NONE', #3378, #3454, #5313 ) ;
#7273 = ORIENTED_EDGE ( 'NONE', *, *, #4798, .F. ) ;
#7274 = SECURITY_CLASSIFICATION_LEVEL ( 'unclassified' ) ;
#7275 = DIRECTION ( 'NONE',  ( 0.000000000000000000, 0.000000000000000000, -1.000000000000000000 ) ) ;
#7276 = ORIENTED_EDGE ( 'NONE', *, *, #2321, .F. ) ;
#7277 = EDGE_CURVE ( 'NONE', #4023, #3962, #2871, .T. ) ;
#7278 = CARTESIAN_POINT ( 'NONE',  ( 8.250000000000000000, 0.000000000000000000, 7.250000000000000000 ) ) ;
#7279 =( GEOMETRIC_REPRESENTATION_CONTEXT ( 3 ) GLOBAL_UNCERTAINTY_ASSIGNED_CONTEXT ( ( #1839 ) ) GLOBAL_UNIT_ASSIGNED_CONTEXT ( ( #4587, #7503, #4550 ) ) REPRESENTATION_CONTEXT ( 'NONE', 'WORKASPACE' ) );
#7280 = CC_DESIGN_DATE_AND_TIME_ASSIGNMENT ( #3734, #760, ( #4068 ) ) ;
#7281 = CARTESIAN_POINT ( 'NONE',  ( 60.14999999999999858, 3.000000000000000000, 30.60000000000000142 ) ) ;
#7282 = DIRECTION ( 'NONE',  ( 1.000000000000000000, 0.000000000000000000, -0.000000000000000000 ) ) ;
#7283 = EDGE_CURVE ( 'NONE', #6485, #339, #796, .T. ) ;
#7284 = ORIENTED_EDGE ( 'NONE', *, *, #4270, .T. ) ;
#7285 = VECTOR ( 'NONE', #5216, 1000.000000000000000 ) ;
#7286 = CARTESIAN_POINT ( 'NONE',  ( 23.00000000000000000, 10.00000000000000000, 10.50000000000000000 ) ) ;
#7287 = EDGE_CURVE ( 'NONE', #2617, #1404, #6784, .T. ) ;
#7288 = EDGE_CURVE ( 'NONE', #980, #1958, #2910, .T. ) ;
#7289 = APPROVAL_DATE_TIME ( #6821, #1701 ) ;
#7290 = ADVANCED_FACE ( 'NONE', ( #3535 ), #7677, .T. ) ;
#7291 = AXIS2_PLACEMENT_3D ( 'NONE', #4777, #1797, #4698 ) ;
#7292 = CALENDAR_DATE ( 2026, 26, 7 ) ;
#7293 = VERTEX_POINT ( 'NONE', #4134 ) ;
#7294 = LINE ( 'NONE', #6085, #610 ) ;
#7295 = ORIENTED_EDGE ( 'NONE', *, *, #7678, .F. ) ;
#7296 = ADVANCED_FACE ( 'NONE', ( #4053 ), #4013, .F. ) ;
#7297 = LOCAL_TIME ( 19, 29, 3.000000000000000000, #6105 ) ;
#7298 = DIRECTION ( 'NONE',  ( 0.000000000000000000, -1.000000000000000000, 0.000000000000000000 ) ) ;
#7299 = PRODUCT_DEFINITION_SHAPE ( 'NONE', 'NONE',  #7712 ) ;
#7300 = DATE_AND_TIME ( #2064, #6324 ) ;
#7301 = APPROVAL_PERSON_ORGANIZATION ( #6487, #263, #5788 ) ;
#7302 = ORIENTED_EDGE ( 'NONE', *, *, #5817, .F. ) ;
#7303 = VERTEX_POINT ( 'NONE', #5227 ) ;
#7304 = PERSON_AND_ORGANIZATION_ROLE ( 'creator' ) ;
#7305 = ORIENTED_EDGE ( 'NONE', *, *, #6135, .T. ) ;
#7306 = FACE_BOUND ( 'NONE', #6393, .T. ) ;
#7307 = COORDINATED_UNIVERSAL_TIME_OFFSET ( 8, 0, .AHEAD. ) ;
#7308 = DIRECTION ( 'NONE',  ( 0.000000000000000000, 0.000000000000000000, -1.000000000000000000 ) ) ;
#7309 = FACE_OUTER_BOUND ( 'NONE', #1281, .T. ) ;
#7310 = ORIENTED_EDGE ( 'NONE', *, *, #2186, .T. ) ;
#7311 = APPROVAL_DATE_TIME ( #6620, #5445 ) ;
#7312 = CARTESIAN_POINT ( 'NONE',  ( 0.000000000000000000, 40.00000000000000000, 0.000000000000000000 ) ) ;
#7313 = APPROVAL ( #5443, 'UNKNOWN' ) ;
#7314 = CARTESIAN_POINT ( 'NONE',  ( 60.14999999999999858, 0.000000000000000000, 32.35000000000000142 ) ) ;
#7315 = CARTESIAN_POINT ( 'NONE',  ( 0.000000000000000000, 2.500000000000000000, -12.00000000000000000 ) ) ;
#7316 = LOCAL_TIME ( 19, 29, 3.000000000000000000, #2036 ) ;
#7317 = DIRECTION ( 'NONE',  ( -0.000000000000000000, -1.000000000000000000, -0.000000000000000000 ) ) ;
#7318 = ORIENTED_EDGE ( 'NONE', *, *, #1516, .T. ) ;
#7319 = CC_DESIGN_PERSON_AND_ORGANIZATION_ASSIGNMENT ( #831, #6799, ( #3312 ) ) ;
#7320 = CARTESIAN_POINT ( 'NONE',  ( 0.000000000000000000, 3.000000000000000000, 0.000000000000000000 ) ) ;
#7321 = CARTESIAN_POINT ( 'NONE',  ( -4.750000000000000000, 0.000000000000000000, 11.25000000000000000 ) ) ;
#7322 = COORDINATED_UNIVERSAL_TIME_OFFSET ( 8, 0, .AHEAD. ) ;
#7323 = AXIS2_PLACEMENT_3D ( 'NONE', #6281, #1598, #4505 ) ;
#7324 = CONTEXT_DEPENDENT_SHAPE_REPRESENTATION ( #3084, #3069 ) ;
#7325 = LOCAL_TIME ( 19, 29, 3.000000000000000000, #4072 ) ;
#7326 = DIRECTION ( 'NONE',  ( 0.000000000000000000, 0.000000000000000000, 1.000000000000000000 ) ) ;
#7327 = VERTEX_POINT ( 'NONE', #1660 ) ;
#7328 = CARTESIAN_POINT ( 'NONE',  ( 60.14999999999999858, 3.000000000000000000, -80.00000000000000000 ) ) ;
#7329 = VECTOR ( 'NONE', #4610, 1000.000000000000000 ) ;
#7330 = ORIENTED_EDGE ( 'NONE', *, *, #2566, .F. ) ;
#7331 = EDGE_CURVE ( 'NONE', #1923, #3031, #6426, .T. ) ;
#7332 = DIRECTION ( 'NONE',  ( 0.000000000000000000, 0.000000000000000000, -1.000000000000000000 ) ) ;
#7333 = LOCAL_TIME ( 19, 29, 3.000000000000000000, #6933 ) ;
#7334 = CARTESIAN_POINT ( 'NONE',  ( 138.0327499999999930, 91.09999999999999432, -98.50000000000000000 ) ) ;
#7335 = EDGE_CURVE ( 'NONE', #7248, #5984, #5345, .T. ) ;
#7336 = AXIS2_PLACEMENT_3D ( 'NONE', #7328, #857, #5619 ) ;
#7337 = SHAPE_REPRESENTATION_RELATIONSHIP ( 'NONE' , 'NONE' ,  #1706, #6417 ) ;
#7338 = EDGE_LOOP ( 'NONE', ( #2655, #2554 ) ) ;
#7339 = ORIENTED_EDGE ( 'NONE', *, *, #4059, .F. ) ;
#7340 = PERSON_AND_ORGANIZATION ( #6453, #6167 ) ;
#7341 = FACE_OUTER_BOUND ( 'NONE', #6168, .T. ) ;
#7342 = EDGE_CURVE ( 'NONE', #6552, #2586, #5468, .T. ) ;
#7343 = PERSON_AND_ORGANIZATION ( #6453, #6167 ) ;
#7344 = EDGE_CURVE ( 'NONE', #6629, #3991, #7271, .T. ) ;
#7345 = CARTESIAN_POINT ( 'NONE',  ( 39.00000000000000000, 3.000000000000000000, -19.50000000000000000 ) ) ;
#7346 = VECTOR ( 'NONE', #4385, 1000.000000000000000 ) ;
#7347 = LINE ( 'NONE', #2553, #6039 ) ;
#7348 = VERTEX_POINT ( 'NONE', #7240 ) ;
#7349 = CALENDAR_DATE ( 2026, 26, 7 ) ;
#7350 = DIRECTION ( 'NONE',  ( -0.000000000000000000, -1.000000000000000000, -0.000000000000000000 ) ) ;
#7351 = FACE_OUTER_BOUND ( 'NONE', #3835, .T. ) ;
#7352 = DIRECTION ( 'NONE',  ( 0.000000000000000000, 0.000000000000000000, 1.000000000000000000 ) ) ;
#7353 = DIRECTION ( 'NONE',  ( -0.000000000000000000, -1.000000000000000000, -0.000000000000000000 ) ) ;
#7354 = EDGE_CURVE ( 'NONE', #2301, #5449, #1238, .T. ) ;
#7355 = ORIENTED_EDGE ( 'NONE', *, *, #893, .F. ) ;
#7356 =( REPRESENTATION_RELATIONSHIP ('NONE','NONE', #110, #3547 ) REPRESENTATION_RELATIONSHIP_WITH_TRANSFORMATION ( #5082 )SHAPE_REPRESENTATION_RELATIONSHIP( ) );
#7357 = DIRECTION ( 'NONE',  ( -1.000000000000000000, -0.000000000000000000, -0.000000000000000000 ) ) ;
#7358 = CALENDAR_DATE ( 2026, 26, 7 ) ;
#7359 = APPROVAL_STATUS ( 'not_yet_approved' ) ;
#7360 = LINE ( 'NONE', #2164, #4173 ) ;
#7361 = CC_DESIGN_PERSON_AND_ORGANIZATION_ASSIGNMENT ( #4891, #2568, ( #3518 ) ) ;
#7362 = AXIS2_PLACEMENT_3D ( 'NONE', #5959, #6546, #5999 ) ;
#7363 = DIRECTION ( 'NONE',  ( 0.000000000000000000, 0.000000000000000000, 1.000000000000000000 ) ) ;
#7364 = ORIENTED_EDGE ( 'NONE', *, *, #1382, .F. ) ;
#7365 = DIRECTION ( 'NONE',  ( -0.000000000000000000, -0.000000000000000000, 1.000000000000000000 ) ) ;
#7366 = UNCERTAINTY_MEASURE_WITH_UNIT (LENGTH_MEASURE( 1.000000000000000082E-05 ), #1722, 'distance_accuracy_value', 'NONE');
#7367 = DIRECTION ( 'NONE',  ( 0.000000000000000000, -1.000000000000000000, 0.000000000000000000 ) ) ;
#7368 = VECTOR ( 'NONE', #6704, 1000.000000000000000 ) ;
#7369 = LINE ( 'NONE', #7334, #7249 ) ;
#7370 = DATE_AND_TIME ( #2648, #2966 ) ;
#7371 = CC_DESIGN_PERSON_AND_ORGANIZATION_ASSIGNMENT ( #5655, #6306, ( #5000 ) ) ;
#7372 =( NAMED_UNIT ( * ) PLANE_ANGLE_UNIT ( ) SI_UNIT ( $, .RADIAN. ) );
#7373 = ORIENTED_EDGE ( 'NONE', *, *, #2810, .T. ) ;
#7374 = VECTOR ( 'NONE', #7064, 1000.000000000000000 ) ;
#7375 = VERTEX_POINT ( 'NONE', #3104 ) ;
#7376 = APPROVAL_STATUS ( 'not_yet_approved' ) ;
#7377 = APPROVAL_PERSON_ORGANIZATION ( #5803, #5367, #6967 ) ;
#7378 = DIRECTION ( 'NONE',  ( 0.000000000000000000, 0.000000000000000000, -1.000000000000000000 ) ) ;
#7379 = EDGE_CURVE ( 'NONE', #6600, #4622, #137, .T. ) ;
#7380 = CIRCLE ( 'NONE', #7257, 1.600000000000004086 ) ;
#7381 = PERSON_AND_ORGANIZATION_ROLE ( 'creator' ) ;
#7382 = VECTOR ( 'NONE', #6596, 1000.000000000000000 ) ;
#7383 = EDGE_CURVE ( 'NONE', #2257, #7504, #1890, .T. ) ;
#7384 = FACE_OUTER_BOUND ( 'NONE', #16, .T. ) ;
#7385 = DIRECTION ( 'NONE',  ( 0.000000000000000000, 0.000000000000000000, -1.000000000000000000 ) ) ;
#7386 = VERTEX_POINT ( 'NONE', #68 ) ;
#7387 = PERSON_AND_ORGANIZATION_ROLE ( 'creator' ) ;
#7388 = DIRECTION ( 'NONE',  ( 0.000000000000000000, 0.000000000000000000, -1.000000000000000000 ) ) ;
#7389 = LINE ( 'NONE', #3179, #3257 ) ;
#7390 = VECTOR ( 'NONE', #5323, 1000.000000000000000 ) ;
#7391 = LINE ( 'NONE', #2594, #3897 ) ;
#7392 = VECTOR ( 'NONE', #3348, 1000.000000000000000 ) ;
#7393 = DIRECTION ( 'NONE',  ( 0.000000000000000000, 0.000000000000000000, -1.000000000000000000 ) ) ;
#7394 = EDGE_LOOP ( 'NONE', ( #5908, #688, #4745, #28 ) ) ;
#7395 = EDGE_CURVE ( 'NONE', #6752, #2572, #2990, .T. ) ;
#7396 = CIRCLE ( 'NONE', #7272, 1.750000000000001554 ) ;
#7397 = EDGE_CURVE ( 'NONE', #6478, #2007, #719, .T. ) ;
#7398 = DIRECTION ( 'NONE',  ( -1.000000000000000000, 0.000000000000000000, 0.000000000000000000 ) ) ;
#7399 = APPROVAL_ROLE ( '' ) ;
#7400 = PERSON_AND_ORGANIZATION ( #4691, #7211 ) ;
#7401 = DIRECTION ( 'NONE',  ( 0.000000000000000000, -1.000000000000000000, 0.000000000000000000 ) ) ;
#7402 =( GEOMETRIC_REPRESENTATION_CONTEXT ( 3 ) GLOBAL_UNCERTAINTY_ASSIGNED_CONTEXT ( ( #4280 ) ) GLOBAL_UNIT_ASSIGNED_CONTEXT ( ( #270, #6835, #6685 ) ) REPRESENTATION_CONTEXT ( 'NONE', 'WORKASPACE' ) );
#7403 = APPLICATION_CONTEXT ( 'configuration controlled 3d designs of mechanical parts and assemblies' ) ;
#7404 = CARTESIAN_POINT ( 'NONE',  ( 92.00000000000000000, 15.00000000000000355, -62.00000000000000000 ) ) ;
#7405 = VERTEX_POINT ( 'NONE', #6103 ) ;
#7406 = LINE ( 'NONE', #891, #2095 ) ;
#7407 = PRODUCT_RELATED_PRODUCT_CATEGORY ( 'detail', '', ( #3185 ) ) ;
#7408 = CARTESIAN_POINT ( 'NONE',  ( -4.000000000000000000, 0.000000000000000000, -1.250000000000000000 ) ) ;
#7409 = DIRECTION ( 'NONE',  ( 0.000000000000000000, -1.000000000000000000, 0.000000000000000000 ) ) ;
#7410 = COORDINATED_UNIVERSAL_TIME_OFFSET ( 8, 0, .AHEAD. ) ;
#7411 =( NAMED_UNIT ( * ) PLANE_ANGLE_UNIT ( ) SI_UNIT ( $, .RADIAN. ) );
#7412 = VERTEX_POINT ( 'NONE', #5953 ) ;
#7413 = LOCAL_TIME ( 19, 29, 3.000000000000000000, #609 ) ;
#7414 = ORIENTED_EDGE ( 'NONE', *, *, #1596, .F. ) ;
#7415 = VERTEX_POINT ( 'NONE', #4295 ) ;
#7416 = DATE_AND_TIME ( #3322, #2682 ) ;
#7417 = EDGE_LOOP ( 'NONE', ( #4833, #1145, #6427, #240 ) ) ;
#7418 = DIRECTION ( 'NONE',  ( -0.000000000000000000, 1.000000000000000000, -0.000000000000000000 ) ) ;
#7419 = PRODUCT_RELATED_PRODUCT_CATEGORY ( 'detail', '', ( #2622 ) ) ;
#7420 = FACE_OUTER_BOUND ( 'NONE', #6025, .T. ) ;
#7421 = LOCAL_TIME ( 19, 29, 3.000000000000000000, #7505 ) ;
#7422 = DATE_AND_TIME ( #7499, #4228 ) ;
#7423 = PLANE ( 'NONE',  #2026 ) ;
#7424 = CARTESIAN_POINT ( 'NONE',  ( 4.000000000000000000, 2.500000000000000000, 1.250000000000000000 ) ) ;
#7425 = VERTEX_POINT ( 'NONE', #6578 ) ;
#7426 = COORDINATED_UNIVERSAL_TIME_OFFSET ( 8, 0, .AHEAD. ) ;
#7427 = DIRECTION ( 'NONE',  ( 1.000000000000000000, 0.000000000000000000, -0.000000000000000000 ) ) ;
#7428 = SECURITY_CLASSIFICATION ( '', '', #2806 ) ;
#7429 = ADVANCED_FACE ( 'NONE', ( #7200 ), #6693, .F. ) ;
#7430 = LINE ( 'NONE', #5069, #6011 ) ;
#7431 = DIRECTION ( 'NONE',  ( -1.000000000000000000, 0.000000000000000000, -0.000000000000000000 ) ) ;
#7432 = DIRECTION ( 'NONE',  ( 0.000000000000000000, -1.000000000000000000, 0.000000000000000000 ) ) ;
#7433 = ADVANCED_FACE ( 'NONE', ( #3070 ), #6657, .F. ) ;
#7434 = EDGE_LOOP ( 'NONE', ( #5357, #6901, #2208, #3971 ) ) ;
#7435 = EDGE_CURVE ( 'NONE', #7588, #6368, #6409, .T. ) ;
#7436 = DIRECTION ( 'NONE',  ( 0.000000000000000000, -1.000000000000000000, 0.000000000000000000 ) ) ;
#7437 = COORDINATED_UNIVERSAL_TIME_OFFSET ( 8, 0, .AHEAD. ) ;
#7438 = DIRECTION ( 'NONE',  ( 0.000000000000000000, -1.000000000000000000, 0.000000000000000000 ) ) ;
#7439 = ADVANCED_FACE ( 'NONE', ( #2438 ), #4842, .F. ) ;
#7440 = PERSON_AND_ORGANIZATION ( #6453, #6167 ) ;
#7441 = ORIENTED_EDGE ( 'NONE', *, *, #3577, .F. ) ;
#7442 = LINE ( 'NONE', #2094, #1595 ) ;
#7443 = LOCAL_TIME ( 19, 29, 3.000000000000000000, #7237 ) ;
#7444 = CARTESIAN_POINT ( 'NONE',  ( 39.00000000000000000, 0.000000000000000000, -21.30000000000000071 ) ) ;
#7445 = DIRECTION ( 'NONE',  ( -1.000000000000000000, -0.000000000000000000, -0.000000000000000000 ) ) ;
#7446 = CALENDAR_DATE ( 2026, 26, 7 ) ;
#7447 = CC_DESIGN_SECURITY_CLASSIFICATION ( #2712, ( #7715 ) ) ;
#7448 = AXIS2_PLACEMENT_3D ( 'NONE', #6912, #1566, #981 ) ;
#7449 = CC_DESIGN_DATE_AND_TIME_ASSIGNMENT ( #4646, #412, ( #5237 ) ) ;
#7450 = EDGE_LOOP ( 'NONE', ( #1142, #1255, #3108, #4917 ) ) ;
#7451 = ORIENTED_EDGE ( 'NONE', *, *, #2705, .F. ) ;
#7452 = DIRECTION ( 'NONE',  ( -0.000000000000000000, -1.000000000000000000, -0.000000000000000000 ) ) ;
#7453 = PERSON_AND_ORGANIZATION_ROLE ( 'classification_officer' ) ;
#7454 = ORIENTED_EDGE ( 'NONE', *, *, #3420, .T. ) ;
#7455 = CARTESIAN_POINT ( 'NONE',  ( 60.14999999999999858, 0.000000000000000000, -32.35000000000000142 ) ) ;
#7456 = PERSON_AND_ORGANIZATION ( #6453, #6167 ) ;
#7457 = PLANE ( 'NONE',  #628 ) ;
#7458 = AXIS2_PLACEMENT_3D ( 'NONE', #191, #3827, #227 ) ;
#7459 = DATE_TIME_ROLE ( 'creation_date' ) ;
#7460 = CARTESIAN_POINT ( 'NONE',  ( -60.14999999999999858, 5.000000000000000000, 32.35000000000000142 ) ) ;
#7461 = CARTESIAN_POINT ( 'NONE',  ( 0.000000000000000000, 0.000000000000000000, 0.000000000000000000 ) ) ;
#7462 = CC_DESIGN_DATE_AND_TIME_ASSIGNMENT ( #4596, #486, ( #3899 ) ) ;
#7463 = EDGE_LOOP ( 'NONE', ( #930, #1018 ) ) ;
#7464 = APPROVAL_DATE_TIME ( #5139, #3464 ) ;
#7465 = AXIS2_PLACEMENT_3D ( 'NONE', #6178, #6254, #6811 ) ;
#7466 = CARTESIAN_POINT ( 'NONE',  ( -60.14999999999999858, 3.000000000000000000, 30.60000000000000142 ) ) ;
#7467 = CARTESIAN_POINT ( 'NONE',  ( -28.00000000000000000, 0.000000000000000000, 15.50000000000000000 ) ) ;
#7468 = AXIS2_PLACEMENT_3D ( 'NONE', #3442, #429, #6876 ) ;
#7469 = FACE_OUTER_BOUND ( 'NONE', #2574, .T. ) ;
#7470 = DIRECTION ( 'NONE',  ( 0.000000000000000000, 0.000000000000000000, -1.000000000000000000 ) ) ;
#7471 = EDGE_CURVE ( 'NONE', #3455, #6982, #3690, .T. ) ;
#7472 = VERTEX_POINT ( 'NONE', #4258 ) ;
#7473 = PERSON ( 'NAUO-PER21', 'UNSPECIFIED', 'UNSPECIFIED', ('UNSPECIFIED'), ('UNSPECIFIED'), ('UNSPECIFIED') ) ;
#7474 = EDGE_CURVE ( 'NONE', #518, #944, #4547, .T. ) ;
#7475 = DIRECTION ( 'NONE',  ( -0.000000000000000000, -1.000000000000000000, -0.000000000000000000 ) ) ;
#7476 = EDGE_CURVE ( 'NONE', #4880, #1782, #1779, .T. ) ;
#7477 = SECURITY_CLASSIFICATION_LEVEL ( 'unclassified' ) ;
#7478 = PLANE ( 'NONE',  #540 ) ;
#7479 = EDGE_CURVE ( 'NONE', #6369, #705, #4911, .T. ) ;
#7480 = CALENDAR_DATE ( 2026, 26, 7 ) ;
#7481 = VERTEX_POINT ( 'NONE', #607 ) ;
#7482 = CARTESIAN_POINT ( 'NONE',  ( 23.00000000000000000, 0.000000000000000000, 10.50000000000000000 ) ) ;
#7483 = ORIENTED_EDGE ( 'NONE', *, *, #2566, .T. ) ;
#7484 = EDGE_CURVE ( 'NONE', #1338, #5054, #5388, .T. ) ;
#7485 = LINE ( 'NONE', #1556, #2869 ) ;
#7486 = EDGE_CURVE ( 'NONE', #3353, #3164, #4215, .T. ) ;
#7487 = DATE_AND_TIME ( #6397, #3697 ) ;
#7488 = CARTESIAN_POINT ( 'NONE',  ( 39.00000000000000000, 38.00000000000000000, 17.69999999999999929 ) ) ;
#7489 = EDGE_CURVE ( 'NONE', #3455, #4285, #1421, .T. ) ;
#7490 = DATE_AND_TIME ( #4616, #1588 ) ;
#7491 = MANIFOLD_SOLID_BREP ( '切除-拉伸1', #6466 ) ;
#7492 = ORIENTED_EDGE ( 'NONE', *, *, #4881, .F. ) ;
#7493 = FACE_OUTER_BOUND ( 'NONE', #1339, .T. ) ;
#7494 = PERSON_AND_ORGANIZATION_ROLE ( 'design_owner' ) ;
#7495 = EDGE_LOOP ( 'NONE', ( #6840, #3427, #1014, #4136 ) ) ;
#7496 = DIRECTION ( 'NONE',  ( 1.000000000000000000, 0.000000000000000000, -0.000000000000000000 ) ) ;
#7497 = CIRCLE ( 'NONE', #5142, 1.250000000000004663 ) ;
#7498 = DIRECTION ( 'NONE',  ( -0.000000000000000000, -1.000000000000000000, -0.000000000000000000 ) ) ;
#7499 = CALENDAR_DATE ( 2026, 26, 7 ) ;
#7500 = DIRECTION ( 'NONE',  ( -0.000000000000000000, 1.000000000000000000, -0.000000000000000000 ) ) ;
#7501 = AXIS2_PLACEMENT_3D ( 'NONE', #6442, #2296, #4107 ) ;
#7502 = LOCAL_TIME ( 19, 29, 3.000000000000000000, #7322 ) ;
#7503 =( NAMED_UNIT ( * ) PLANE_ANGLE_UNIT ( ) SI_UNIT ( $, .RADIAN. ) );
#7504 = VERTEX_POINT ( 'NONE', #6807 ) ;
#7505 = COORDINATED_UNIVERSAL_TIME_OFFSET ( 8, 0, .AHEAD. ) ;
#7506 = FACE_OUTER_BOUND ( 'NONE', #6149, .T. ) ;
#7507 = VECTOR ( 'NONE', #4558, 1000.000000000000000 ) ;
#7508 = ORIENTED_EDGE ( 'NONE', *, *, #2223, .F. ) ;
#7509 = CIRCLE ( 'NONE', #3275, 1.799999999999999600 ) ;
#7510 = CC_DESIGN_PERSON_AND_ORGANIZATION_ASSIGNMENT ( #7343, #6134, ( #6055 ) ) ;
#7511 = CARTESIAN_POINT ( 'NONE',  ( 36.00000000000000000, 3.000000000000000000, 33.50000000000000000 ) ) ;
#7512 = LINE ( 'NONE', #5804, #7507 ) ;
#7513 = CARTESIAN_POINT ( 'NONE',  ( 19.00000000000000000, 0.000000000000000000, -9.000000000000000000 ) ) ;
#7514 = VECTOR ( 'NONE', #1458, 1000.000000000000000 ) ;
#7515 = ORIENTED_EDGE ( 'NONE', *, *, #2470, .F. ) ;
#7516 = PRODUCT_DEFINITION ( '未知', '', #4700, #4967 ) ;
#7517 = CARTESIAN_POINT ( 'NONE',  ( -54.00000000000000000, 0.000000000000000000, -81.50000000000000000 ) ) ;
#7518 = VECTOR ( 'NONE', #3642, 1000.000000000000000 ) ;
#7519 = CARTESIAN_POINT ( 'NONE',  ( -14.25000000000000000, 2.500000000000000000, 8.000000000000000000 ) ) ;
#7520 = APPROVAL_ROLE ( '' ) ;
#7521 = EDGE_CURVE ( 'NONE', #6202, #3022, #3172, .T. ) ;
#7522 = FACE_OUTER_BOUND ( 'NONE', #5241, .T. ) ;
#7523 = PERSON_AND_ORGANIZATION ( #6453, #6167 ) ;
#7524 = ORIENTED_EDGE ( 'NONE', *, *, #230, .F. ) ;
#7525 = VECTOR ( 'NONE', #3138, 1000.000000000000000 ) ;
#7526 = DIRECTION ( 'NONE',  ( -0.000000000000000000, 1.000000000000000000, -0.000000000000000000 ) ) ;
#7527 = ORIENTED_EDGE ( 'NONE', *, *, #3342, .T. ) ;
#7528 = ADVANCED_FACE ( 'NONE', ( #207 ), #5567, .F. ) ;
#7529 = ADVANCED_FACE ( 'NONE', ( #3292 ), #6883, .F. ) ;
#7530 = EDGE_CURVE ( 'NONE', #479, #1029, #1459, .T. ) ;
#7531 = DIRECTION ( 'NONE',  ( -1.000000000000000000, -0.000000000000000000, -0.000000000000000000 ) ) ;
#7532 = VERTEX_POINT ( 'NONE', #837 ) ;
#7533 = SHAPE_DEFINITION_REPRESENTATION ( #1445, #1452 ) ;
#7534 = CARTESIAN_POINT ( 'NONE',  ( -57.50000000000000000, 1.600000000000000089, 85.00000000000000000 ) ) ;
#7535 = AXIS2_PLACEMENT_3D ( 'NONE', #2075, #4474, #2623 ) ;
#7536 = ADVANCED_BREP_SHAPE_REPRESENTATION ( '', ( #2552, #6285 ), #2793 ) ;
#7537 = VERTEX_POINT ( 'NONE', #4983 ) ;
#7538 = EDGE_LOOP ( 'NONE', ( #1922, #6206, #1726, #2994 ) ) ;
#7539 = DIRECTION ( 'NONE',  ( -0.000000000000000000, -1.000000000000000000, -0.000000000000000000 ) ) ;
#7540 = APPROVAL_ROLE ( '' ) ;
#7541 = VERTEX_POINT ( 'NONE', #3209 ) ;
#7542 = CARTESIAN_POINT ( 'NONE',  ( 3.250000000000002665, 2.500000000000000000, 12.00000000000000000 ) ) ;
#7543 = CARTESIAN_POINT ( 'NONE',  ( 39.00000000000000000, 5.000000000000000000, -20.75000000000000355 ) ) ;
#7544 = COORDINATED_UNIVERSAL_TIME_OFFSET ( 8, 0, .AHEAD. ) ;
#7545 = LINE ( 'NONE', #2782, #162 ) ;
#7546 = LOCAL_TIME ( 19, 29, 3.000000000000000000, #2439 ) ;
#7547 = SHAPE_REPRESENTATION_RELATIONSHIP ( 'NONE' , 'NONE' ,  #7083, #5868 ) ;
#7548 = ADVANCED_FACE ( 'NONE', ( #4398 ), #3251, .F. ) ;
#7549 = ORIENTED_EDGE ( 'NONE', *, *, #2997, .T. ) ;
#7550 = CALENDAR_DATE ( 2026, 26, 7 ) ;
#7551 = CARTESIAN_POINT ( 'NONE',  ( 33.00000000000000000, 40.00000000000000000, 30.50000000000000000 ) ) ;
#7552 = APPROVAL_PERSON_ORGANIZATION ( #5053, #3851, #203 ) ;
#7553 = DIRECTION ( 'NONE',  ( 0.000000000000000000, 0.000000000000000000, -1.000000000000000000 ) ) ;
#7554 = DATE_TIME_ROLE ( 'creation_date' ) ;
#7555 = LINE ( 'NONE', #4680, #3032 ) ;
#7556 = CARTESIAN_POINT ( 'NONE',  ( 60.14999999999999858, 0.000000000000000000, -80.00000000000000000 ) ) ;
#7557 = CC_DESIGN_APPROVAL ( #263, ( #6300 ) ) ;
#7558 = CC_DESIGN_DATE_AND_TIME_ASSIGNMENT ( #7370, #1484, ( #6464 ) ) ;
#7559 = ORIENTED_EDGE ( 'NONE', *, *, #3859, .T. ) ;
#7560 = APPLICATION_CONTEXT ( 'configuration controlled 3d designs of mechanical parts and assemblies' ) ;
#7561 = DIRECTION ( 'NONE',  ( -0.000000000000000000, -1.000000000000000000, -0.000000000000000000 ) ) ;
#7562 = FACE_OUTER_BOUND ( 'NONE', #2693, .T. ) ;
#7563 = COORDINATED_UNIVERSAL_TIME_OFFSET ( 8, 0, .AHEAD. ) ;
#7564 = CARTESIAN_POINT ( 'NONE',  ( 39.00000000000000000, 5.000000000000000000, 19.50000000000000000 ) ) ;
#7565 = MECHANICAL_CONTEXT ( 'NONE', #2215, 'mechanical' ) ;
#7566 = CC_DESIGN_DATE_AND_TIME_ASSIGNMENT ( #7698, #4194, ( #2841 ) ) ;
#7567 = ORIENTED_EDGE ( 'NONE', *, *, #4267, .F. ) ;
#7568 = DIRECTION ( 'NONE',  ( 0.000000000000000000, 0.000000000000000000, -1.000000000000000000 ) ) ;
#7569 = PERSON ( 'NAUO-PER7', 'UNSPECIFIED', 'UNSPECIFIED', ('UNSPECIFIED'), ('UNSPECIFIED'), ('UNSPECIFIED') ) ;
#7570 = CARTESIAN_POINT ( 'NONE',  ( -9.750000000000000000, 2.500000000000000000, -68.50000000000000000 ) ) ;
#7571 = PERSON_AND_ORGANIZATION_ROLE ( 'design_owner' ) ;
#7572 = CARTESIAN_POINT ( 'NONE',  ( -54.00000000000000000, 1.599999999999999867, 79.90000000000000568 ) ) ;
#7573 = SECURITY_CLASSIFICATION_LEVEL ( 'unclassified' ) ;
#7574 = APPROVAL_PERSON_ORGANIZATION ( #4082, #3940, #4669 ) ;
#7575 =( LENGTH_UNIT ( ) NAMED_UNIT ( * ) SI_UNIT ( .MILLI., .METRE. ) );
#7576 = EDGE_CURVE ( 'NONE', #6760, #6495, #7347, .T. ) ;
#7577 = ORIENTED_EDGE ( 'NONE', *, *, #5064, .F. ) ;
#7578 = LINE ( 'NONE', #6242, #4731 ) ;
#7579 = DATE_TIME_ROLE ( 'classification_date' ) ;
#7580 = ORIENTED_EDGE ( 'NONE', *, *, #3560, .F. ) ;
#7581 = CARTESIAN_POINT ( 'NONE',  ( -158.9499999999999886, 3.000000000000000000, 119.4500000000000028 ) ) ;
#7582 = CARTESIAN_POINT ( 'NONE',  ( 60.14999999999999858, 3.000000000000000000, -32.35000000000000142 ) ) ;
#7583 = LOCAL_TIME ( 19, 29, 3.000000000000000000, #4426 ) ;
#7584 = PERSON_AND_ORGANIZATION_ROLE ( 'creator' ) ;
#7585 = CLOSED_SHELL ( 'NONE', ( #1605, #2802, #5160, #1716, #5213, #2516 ) ) ;
#7586 = LINE ( 'NONE', #4083, #5897 ) ;
#7587 = ORIENTED_EDGE ( 'NONE', *, *, #7, .T. ) ;
#7588 = VERTEX_POINT ( 'NONE', #4947 ) ;
#7589 = PERSON_AND_ORGANIZATION ( #6453, #6167 ) ;
#7590 = CC_DESIGN_APPROVAL ( #2011, ( #5104 ) ) ;
#7591 = FACE_BOUND ( 'NONE', #4164, .T. ) ;
#7592 = AXIS2_PLACEMENT_3D ( 'NONE', #6938, #6353, #5693 ) ;
#7593 = FACE_OUTER_BOUND ( 'NONE', #3681, .T. ) ;
#7594 = PERSON_AND_ORGANIZATION ( #6453, #6167 ) ;
#7595 = FACE_OUTER_BOUND ( 'NONE', #3902, .T. ) ;
#7596 = EDGE_CURVE ( 'NONE', #1271, #3468, #246, .T. ) ;
#7597 = VECTOR ( 'NONE', #714, 1000.000000000000000 ) ;
#7598 = CARTESIAN_POINT ( 'NONE',  ( 0.000000000000000000, 0.000000000000000000, 0.000000000000000000 ) ) ;
#7599 = ORIENTED_EDGE ( 'NONE', *, *, #1614, .T. ) ;
#7600 = VECTOR ( 'NONE', #2933, 1000.000000000000000 ) ;
#7601 = CARTESIAN_POINT ( 'NONE',  ( 5.750000000000000000, 0.000000000000000000, -72.50000000000000000 ) ) ;
#7602 = LINE ( 'NONE', #2875, #3517 ) ;
#7603 = CALENDAR_DATE ( 2026, 26, 7 ) ;
#7604 = DIRECTION ( 'NONE',  ( 0.000000000000000000, -1.000000000000000000, 0.000000000000000000 ) ) ;
#7605 = AXIS2_PLACEMENT_3D ( 'NONE', #3235, #7367, #4535 ) ;
#7606 = VERTEX_POINT ( 'NONE', #1385 ) ;
#7607 = PRODUCT_DEFINITION_SHAPE ( 'NONE', 'NONE',  #5000 ) ;
#7608 = ORIENTED_EDGE ( 'NONE', *, *, #572, .F. ) ;
#7609 = CARTESIAN_POINT ( 'NONE',  ( -57.50000000000000000, 0.000000000000000000, 85.00000000000000000 ) ) ;
#7610 = ORIENTED_EDGE ( 'NONE', *, *, #6625, .F. ) ;
#7611 = MECHANICAL_CONTEXT ( 'NONE', #5573, 'mechanical' ) ;
#7612 = CARTESIAN_POINT ( 'NONE',  ( -54.00000000000000000, 1.599999999999999867, -83.10000000000000853 ) ) ;
#7613 = CC_DESIGN_PERSON_AND_ORGANIZATION_ASSIGNMENT ( #5970, #7101, ( #4909 ) ) ;
#7614 = PERSON_AND_ORGANIZATION_ROLE ( 'classification_officer' ) ;
#7615 =( NAMED_UNIT ( * ) PLANE_ANGLE_UNIT ( ) SI_UNIT ( $, .RADIAN. ) );
#7616 = ORIENTED_EDGE ( 'NONE', *, *, #6028, .T. ) ;
#7617 = DIRECTION ( 'NONE',  ( 1.000000000000000000, 0.000000000000000000, 0.000000000000000000 ) ) ;
#7618 = PERSON_AND_ORGANIZATION ( #6453, #6167 ) ;
#7619 = ORIENTED_EDGE ( 'NONE', *, *, #725, .F. ) ;
#7620 = LINE ( 'NONE', #351, #4989 ) ;
#7621 = APPLICATION_CONTEXT ( 'configuration controlled 3d designs of mechanical parts and assemblies' ) ;
#7622 = PLANE ( 'NONE',  #868 ) ;
#7623 = CC_DESIGN_PERSON_AND_ORGANIZATION_ASSIGNMENT ( #287, #2746, ( #693 ) ) ;
#7624 = MECHANICAL_CONTEXT ( 'NONE', #7560, 'mechanical' ) ;
#7625 = DIRECTION ( 'NONE',  ( 0.000000000000000000, 0.000000000000000000, -1.000000000000000000 ) ) ;
#7626 = EDGE_LOOP ( 'NONE', ( #2625, #2429, #1951, #3676 ) ) ;
#7627 = CIRCLE ( 'NONE', #1393, 1.600000000000004086 ) ;
#7628 = ORIENTED_EDGE ( 'NONE', *, *, #5497, .F. ) ;
#7629 = CALENDAR_DATE ( 2026, 26, 7 ) ;
#7630 = DIRECTION ( 'NONE',  ( 0.000000000000000000, -1.000000000000000000, 0.000000000000000000 ) ) ;
#7631 = ADVANCED_FACE ( 'NONE', ( #7309 ), #6733, .F. ) ;
#7632 = DIRECTION ( 'NONE',  ( -0.000000000000000000, -0.000000000000000000, 1.000000000000000000 ) ) ;
#7633 = VECTOR ( 'NONE', #421, 1000.000000000000000 ) ;
#7634 = APPROVAL_STATUS ( 'not_yet_approved' ) ;
#7635 = DIRECTION ( 'NONE',  ( -0.000000000000000000, -0.000000000000000000, 1.000000000000000000 ) ) ;
#7636 = DIRECTION ( 'NONE',  ( 0.000000000000000000, 0.000000000000000000, -1.000000000000000000 ) ) ;
#7637 = EDGE_LOOP ( 'NONE', ( #6084, #6592, #6126, #3826 ) ) ;
#7638 = AXIS2_PLACEMENT_3D ( 'NONE', #5473, #1899, #1938 ) ;
#7639 = SECURITY_CLASSIFICATION ( '', '', #1294 ) ;
#7640 = EDGE_CURVE ( 'NONE', #6930, #776, #3801, .T. ) ;
#7641 = CARTESIAN_POINT ( 'NONE',  ( 60.14999999999999858, 3.000000000000000000, 80.00000000000000000 ) ) ;
#7642 = CARTESIAN_POINT ( 'NONE',  ( -60.14999999999999858, 0.000000000000000000, -32.35000000000000142 ) ) ;
#7643 = VECTOR ( 'NONE', #33, 1000.000000000000000 ) ;
#7644 = COORDINATED_UNIVERSAL_TIME_OFFSET ( 8, 0, .AHEAD. ) ;
#7645 = VECTOR ( 'NONE', #257, 1000.000000000000000 ) ;
#7646 = CARTESIAN_POINT ( 'NONE',  ( -39.00000000000000000, 38.00000000000000000, -19.50000000000000000 ) ) ;
#7647 = VERTEX_POINT ( 'NONE', #1497 ) ;
#7648 = ORIENTED_EDGE ( 'NONE', *, *, #182, .T. ) ;
#7649 = VECTOR ( 'NONE', #6731, 1000.000000000000000 ) ;
#7650 = CARTESIAN_POINT ( 'NONE',  ( -8.250000000000000000, 2.500000000000000000, 3.750000000000000000 ) ) ;
#7651 = COORDINATED_UNIVERSAL_TIME_OFFSET ( 8, 0, .AHEAD. ) ;
#7652 = LINE ( 'NONE', #2847, #7374 ) ;
#7653 = COORDINATED_UNIVERSAL_TIME_OFFSET ( 8, 0, .AHEAD. ) ;
#7654 = VECTOR ( 'NONE', #7112, 1000.000000000000000 ) ;
#7655 = AXIS2_PLACEMENT_3D ( 'NONE', #7100, #3546, #1754 ) ;
#7656 =( LENGTH_UNIT ( ) NAMED_UNIT ( * ) SI_UNIT ( .MILLI., .METRE. ) );
#7657 = ORIENTED_EDGE ( 'NONE', *, *, #2822, .T. ) ;
#7658 = FACE_BOUND ( 'NONE', #3893, .T. ) ;
#7659 = PERSON_AND_ORGANIZATION ( #6453, #6167 ) ;
#7660 = ORIENTED_EDGE ( 'NONE', *, *, #897, .T. ) ;
#7661 = CC_DESIGN_PERSON_AND_ORGANIZATION_ASSIGNMENT ( #6614, #3570, ( #6257 ) ) ;
#7662 = LINE ( 'NONE', #1146, #4128 ) ;
#7663 = DIRECTION ( 'NONE',  ( 0.000000000000000000, 0.000000000000000000, -1.000000000000000000 ) ) ;
#7664 = VECTOR ( 'NONE', #1081, 1000.000000000000000 ) ;
#7665 = EDGE_CURVE ( 'NONE', #1320, #4055, #6773, .T. ) ;
#7666 = APPROVAL_DATE_TIME ( #7073, #1745 ) ;
#7667 = CARTESIAN_POINT ( 'NONE',  ( -158.9499999999999886, 91.09999999999999432, 119.4500000000000028 ) ) ;
#7668 = ORIENTED_EDGE ( 'NONE', *, *, #2992, .F. ) ;
#7669 = ORIENTED_EDGE ( 'NONE', *, *, #1873, .F. ) ;
#7670 = PERSON_AND_ORGANIZATION ( #6453, #6167 ) ;
#7671 = APPROVAL ( #7265, '未指定' ) ;
#7672 = CARTESIAN_POINT ( 'NONE',  ( 60.14999999999999858, 3.000000000000000000, -78.25000000000000000 ) ) ;
#7673 = DIRECTION ( 'NONE',  ( 0.000000000000000000, 0.000000000000000000, 1.000000000000000000 ) ) ;
#7674 = APPROVAL_PERSON_ORGANIZATION ( #1651, #4200, #2349 ) ;
#7675 = COORDINATED_UNIVERSAL_TIME_OFFSET ( 8, 0, .AHEAD. ) ;
#7676 = PLANE ( 'NONE',  #3775 ) ;
#7677 = PLANE ( 'NONE',  #2542 ) ;
#7678 = EDGE_CURVE ( 'NONE', #3777, #4055, #3884, .T. ) ;
#7679 = ORIENTED_EDGE ( 'NONE', *, *, #6953, .T. ) ;
#7680 = LOCAL_TIME ( 19, 29, 3.000000000000000000, #5118 ) ;
#7681 = MANIFOLD_SOLID_BREP ( '凸台-拉伸3', #4241 ) ;
#7682 = FACE_OUTER_BOUND ( 'NONE', #3707, .T. ) ;
#7683 = LINE ( 'NONE', #535, #6509 ) ;
#7684 = LOCAL_TIME ( 19, 29, 3.000000000000000000, #5910 ) ;
#7685 = CARTESIAN_POINT ( 'NONE',  ( 57.50000000000000000, 35.00000000000000000, 85.00000000000000000 ) ) ;
#7686 = VERTEX_POINT ( 'NONE', #912 ) ;
#7687 = EDGE_LOOP ( 'NONE', ( #238, #3242, #2180, #2959 ) ) ;
#7688 = CC_DESIGN_SECURITY_CLASSIFICATION ( #6300, ( #3312 ) ) ;
#7689 = CARTESIAN_POINT ( 'NONE',  ( 10.25000000000000000, 2.500000000000000000, -1.750000000000000000 ) ) ;
#7690 = DATE_AND_TIME ( #5440, #2014 ) ;
#7691 = DIRECTION ( 'NONE',  ( -0.000000000000000000, -1.000000000000000000, -0.000000000000000000 ) ) ;
#7692 = EDGE_CURVE ( 'NONE', #1184, #2518, #5675, .T. ) ;
#7693 = ADVANCED_FACE ( 'NONE', ( #2701 ), #5095, .T. ) ;
#7694 = APPROVAL_DATE_TIME ( #3083, #7313 ) ;
#7695 = MANIFOLD_SOLID_BREP ( '凸台-拉伸2', #108 ) ;
#7696 = EDGE_LOOP ( 'NONE', ( #7224, #641, #4151, #5626 ) ) ;
#7697 = LINE ( 'NONE', #2338, #6713 ) ;
#7698 = DATE_AND_TIME ( #7184, #3189 ) ;
#7699 = VERTEX_POINT ( 'NONE', #1535 ) ;
#7700 = CARTESIAN_POINT ( 'NONE',  ( 8.250000000000000000, 2.500000000000000000, -11.25000000000000000 ) ) ;
#7701 = SECURITY_CLASSIFICATION_LEVEL ( 'unclassified' ) ;
#7702 = CC_DESIGN_APPROVAL ( #7269, ( #6935 ) ) ;
#7703 = APPROVAL ( #773, 'UNKNOWN' ) ;
#7704 = FACE_BOUND ( 'NONE', #830, .T. ) ;
#7705 = EDGE_LOOP ( 'NONE', ( #5218, #5945, #6817, #6959 ) ) ;
#7706 = VERTEX_POINT ( 'NONE', #3925 ) ;
#7707 = EDGE_LOOP ( 'NONE', ( #4993, #4497, #111, #2772 ) ) ;
#7708 = NEXT_ASSEMBLY_USAGE_OCCURRENCE ( 'NAUO1', ' ', ' ', #2274, #736, $ ) ;
#7709 = NEXT_ASSEMBLY_USAGE_OCCURRENCE ( 'NAUO2', ' ', ' ', #2274, #254, $ ) ;
#7710 = NEXT_ASSEMBLY_USAGE_OCCURRENCE ( 'NAUO3', ' ', ' ', #2274, #254, $ ) ;
#7711 = NEXT_ASSEMBLY_USAGE_OCCURRENCE ( 'NAUO4', ' ', ' ', #2274, #254, $ ) ;
#7712 = NEXT_ASSEMBLY_USAGE_OCCURRENCE ( 'NAUO5', ' ', ' ', #2274, #254, $ ) ;
#7713 = NEXT_ASSEMBLY_USAGE_OCCURRENCE ( 'NAUO6', ' ', ' ', #2274, #6935, $ ) ;
#7714 = NEXT_ASSEMBLY_USAGE_OCCURRENCE ( 'NAUO7', ' ', ' ', #2274, #5336, $ ) ;
#7715 = NEXT_ASSEMBLY_USAGE_OCCURRENCE ( 'NAUO8', ' ', ' ', #2274, #4862, $ ) ;
#7716 = NEXT_ASSEMBLY_USAGE_OCCURRENCE ( 'NAUO9', ' ', ' ', #2274, #1503, $ ) ;
#7717 = NEXT_ASSEMBLY_USAGE_OCCURRENCE ( 'NAUO10', ' ', ' ', #2274, #2883, $ ) ;
#7718 = NEXT_ASSEMBLY_USAGE_OCCURRENCE ( 'NAUO11', ' ', ' ', #2274, #4293, $ ) ;
#7719 = NEXT_ASSEMBLY_USAGE_OCCURRENCE ( 'NAUO12', ' ', ' ', #2274, #5187, $ ) ;
#7720 = NEXT_ASSEMBLY_USAGE_OCCURRENCE ( 'NAUO13', ' ', ' ', #2274, #746, $ ) ;
#7721 = NEXT_ASSEMBLY_USAGE_OCCURRENCE ( 'NAUO14', ' ', ' ', #2274, #2841, $ ) ;
#7722 = NEXT_ASSEMBLY_USAGE_OCCURRENCE ( 'NAUO15', ' ', ' ', #2274, #6855, $ ) ;
#7723 = NEXT_ASSEMBLY_USAGE_OCCURRENCE ( 'NAUO16', ' ', ' ', #2274, #1652, $ ) ;
#7724 = NEXT_ASSEMBLY_USAGE_OCCURRENCE ( 'NAUO17', ' ', ' ', #2274, #5948, $ ) ;
#7725 = NEXT_ASSEMBLY_USAGE_OCCURRENCE ( 'NAUO18', ' ', ' ', #2274, #6573, $ ) ;
#7726 = NEXT_ASSEMBLY_USAGE_OCCURRENCE ( 'NAUO19', ' ', ' ', #2274, #5574, $ ) ;
#7727 = NEXT_ASSEMBLY_USAGE_OCCURRENCE ( 'NAUO20', ' ', ' ', #2274, #7516, $ ) ;
#7728 = NEXT_ASSEMBLY_USAGE_OCCURRENCE ( 'NAUO21', ' ', ' ', #2274, #1850, $ ) ;
#7729 = NEXT_ASSEMBLY_USAGE_OCCURRENCE ( 'NAUO22', ' ', ' ', #2274, #6810, $ ) ;
#7730 = NEXT_ASSEMBLY_USAGE_OCCURRENCE ( 'NAUO23', ' ', ' ', #2274, #5000, $ ) ;
ENDSEC;
END-ISO-10303-21;
