ISO-10303-21;
HEADER;
FILE_DESCRIPTION (( 'STEP AP203' ),
    '1' );
FILE_NAME ('FN-HAR-018_W2-battery-charge-round_R0.6.STEP',
    '2026-07-26T15:44:41',
    ( '' ),
    ( '' ),
    'SwSTEP 2.0',
    'SolidWorks 2022',
    '' );
FILE_SCHEMA (( 'CONFIG_CONTROL_DESIGN' ));
ENDSEC;

DATA;
#1 = CARTESIAN_POINT ( 'NONE',  ( 2.073919767430325578, 0.5829258929901151021, -10.53197876347690354 ) ) ;
#2 = CARTESIAN_POINT ( 'NONE',  ( -3.822308001171310199, -0.1593409843720971220, -18.49270739795144536 ) ) ;
#3 = CARTESIAN_POINT ( 'NONE',  ( -1.911944755254943784, 2.188797924474124468, -9.810788406275767315 ) ) ;
#4 = CARTESIAN_POINT ( 'NONE',  ( 3.011541641401812353, 0.4946310944450669211, -5.794890691973344055 ) ) ;
#5 = CARTESIAN_POINT ( 'NONE',  ( -5.367844267837170946, 0.7156826247033931665, -15.23428764421710113 ) ) ;
#6 = CARTESIAN_POINT ( 'NONE',  ( 2.416032157708983608, 1.344580122707309311, -1.388109240563239588 ) ) ;
#7 = CARTESIAN_POINT ( 'NONE',  ( 3.002372672333553538, -0.1084582014693609570, -5.429226692439187651 ) ) ;
#8 = CARTESIAN_POINT ( 'NONE',  ( -6.135482722913184972, 4.096496654635016554, -18.39706175986485803 ) ) ;
#9 = CARTESIAN_POINT ( 'NONE',  ( -0.9870222454547584734, 0.4101876885224196578, -16.00892379016456601 ) ) ;
#10 = CARTESIAN_POINT ( 'NONE',  ( 1.153188018818819716, 1.112681795113985350, -12.94378141723781184 ) ) ;
#11 = CARTESIAN_POINT ( 'NONE',  ( -1.334237850286255966, -0.7725159600211068955, -2.022275000736294626 ) ) ;
#12 = CARTESIAN_POINT ( 'NONE',  ( 1.231047951624905101, 2.550820123812637785, -2.238409537423312390 ) ) ;
#13 = CARTESIAN_POINT ( 'NONE',  ( 1.927389824196028334, -1.534648603658661514, -4.064781009843875914 ) ) ;
#14 = CARTESIAN_POINT ( 'NONE',  ( -1.436933387947469276, -0.5755746160290086122, -15.48732382724532464 ) ) ;
#15 = CARTESIAN_POINT ( 'NONE',  ( -0.7897768245648693064, -1.801854995698915385, -1.080223941885893435 ) ) ;
#16 = CARTESIAN_POINT ( 'NONE',  ( -1.790195295063623959, 0.3549146870076714810, -16.98084157438209729 ) ) ;
#17 = CARTESIAN_POINT ( 'NONE',  ( 0.5106087908110453766, 1.699834773567641344, -14.00474467711759807 ) ) ;
#18 = CARTESIAN_POINT ( 'NONE',  ( -5.237968230016162963, 1.856267791421352342, -14.96276356711818423 ) ) ;
#19 = CARTESIAN_POINT ( 'NONE',  ( 1.557714147788044734, 2.843200666323737025, -5.355729473355546943 ) ) ;
#20 = CARTESIAN_POINT ( 'NONE',  ( -13.15335986224780207, 2.787364488764557002, -22.69868787079979455 ) ) ;
#21 = CARTESIAN_POINT ( 'NONE',  ( -11.91243743475308214, 4.530732488151554271, -21.65838163449114973 ) ) ;
#22 = CIRCLE ( 'NONE', #320, 2.250000000000000000 ) ;
#23 = CARTESIAN_POINT ( 'NONE',  ( 2.059361223015518050, 2.473645990862655353, -4.257291895778307911 ) ) ;
#24 = B_SPLINE_SURFACE_WITH_KNOTS ( 'NONE', 3, 3, (
 ( #336, #844, #754, #950, #158, #683, #510, #972, #976, #264, #4, #896, #91, #277, #180, #1054, #364, #616, #793, #713, #1059, #628, #801, #257, #636, #352 ),
 ( #167, #79, #284, #531, #1064, #883, #104, #446, #609, #1142, #358, #706, #966, #525, #85, #10, #719, #434, #457, #370, #519, #270, #186, #193, #1148, #622 ),
 ( #440, #870, #782, #1070, #537, #982, #1079, #888, #788, #346, #173, #97, #693, #544, #807, #699, #17, #877, #452, #116, #556, #744, #1108, #820, #204, #841 ),
 ( #1085, #1102, #313, #645, #1002, #573, #463, #23, #220, #214, #649, #994, #1090, #562, #928, #288, #814, #732, #1007, #908, #294, #568, #750, #30, #378, #470 ),
 ( #384, #137, #475, #726, #199, #307, #209, #1013, #989, #922, #916, #123, #825, #49, #488, #551, #903, #737, #36, #404, #641, #390, #112, #129, #482, #1095 ),
 ( #833, #300, #42, #397, #656, #513, #60, #156, #595, #161, #148, #1119, #848, #72, #232, #599, #152, #54, #1020, #771, #325, #681, #662, #241, #673, #586 ),
 ( #863, #226, #775, #419, #944, #411, #668, #1041, #503, #1036, #495, #1031, #330, #763, #855, #245, #591, #1129, #236, #758, #859, #64, #767, #68, #415, #334 ),
 ( #1114, #940, #423, #948, #1135, #581, #935, #1124, #677, #508, #954, #143, #319, #1027, #499, #263, #780, #691, #255, #975, #894, #603, #1069, #542, #340, #614 ),
 ( #980, #959, #875, #178, #607, #456, #249, #535, #356, #887, #102, #89, #964, #165, #77, #3, #517, #185, #275, #172, #363, #8, #529, #523, #1051, #95 ),
 ( #450, #799, #686, #805, #432, #711, #1046, #1146, #350, #868, #83, #438, #191, #786, #704, #1140, #344, #697, #1058, #970, #881, #626, #444, #792, #1063, #268 ),
 ( #621, #394, #461, #987, #907, #34, #1083, #115, #388, #926, #993, #548, #724, #560, #1100, #831, #648, #203, #474, #1012, #40, #213, #28, #197, #824, #376 ),
 ( #486, #135, #15, #218, #567, #735, #921, #298, #368, #812, #718, #644, #282, #128, #1076, #913, #742, #818, #1093, #382, #480, #208, #467, #1006, #21, #634 ),
 ( #901, #110, #555, #305, #730, #654, #640, #572, #287, #1089, #292, #1001, #121, #939, #409, #142, #231, #48, #1113, #585, #756, #748, #403, #934, #660, #318 ),
 ( #839, #1018, #493, #666, #846, #1106, #225, #312, #578, #53, #1026, #554, #1074, #273, #540, #27, #189, #291, #297, #716, #823, #473, #639, #280, #632, #559 ),
 ( #381, #212, #33, #997, #811, #891, #207, #13, #912, #119, #126, #919, #796, #565, #361, #709, #1067, #100, #455, #985, #899, #992, #108, #460, #20, #202 ),
 ( #373, #723, #906, #979, #88, #267, #190, #528, #893, #274, #874, #109, #969, #798, #880, #1068, #262, #14, #362, #449, #355, #443, #171, #900, #710, #703 ),
 ( #1145, #696, #625, #196, #1050, #367, #986, #779, #1062, #7, #804, #613, #94, #1057, #620, #1075, #184, #101, #791, #2, #281, #82, #1139, #717, #177, #437 ),
 ( #541, #633, #534, #547, #690, #886, #254, #963, #785, #729, #1000, #120, #1017, #134, #838, #751, #1109, #314, #55, #1115, #321, #326, #237, #374, #998, #797 ) ),
 .UNSPECIFIED., .T., .F., .F.,
 ( 4, 2, 2, 2, 2, 2, 2, 2, 4 ),
 ( 4, 2, 2, 2, 2, 2, 2, 2, 2, 2, 2, 2, 4 ),
 ( 0.000000000000000000, 0.1250000000000000000, 0.2500000000000000000, 0.3750000000000000000, 0.5000000000000000000, 0.6250000000000000000, 0.7500000000000000000, 0.8750000000000000000, 1.000000000000000000 ),
 ( 0.000000000000000000, 0.05976293243680398659, 0.08964439865520598683, 0.1195258648736079732, 0.1472492877858686822, 0.1749727106981293911, 0.2304195565226508091, 0.3389681538411655759, 0.4486468989766494997, 0.5604392101087444233, 0.6716412636603952269, 0.7828433172120459194, 1.000000000000000000 ),
 .UNSPECIFIED. ) ;
#25 = CARTESIAN_POINT ( 'NONE',  ( -1.790721249096047796, -1.061831989316193603, -0.5154097387898843863 ) ) ;
#26 = CARTESIAN_POINT ( 'NONE',  ( 2.009481650160346078, 2.647498637516641384, -7.106569611765968908 ) ) ;
#27 = CARTESIAN_POINT ( 'NONE',  ( -0.4271646026242942318, -1.248423915797586492, -11.27921963917906467 ) ) ;
#28 = CARTESIAN_POINT ( 'NONE',  ( -7.726158590708066320, 3.342823789290743530, -18.25584534018485883 ) ) ;
#29 = APPROVAL_ROLE ( '' ) ;
#30 = CARTESIAN_POINT ( 'NONE',  ( -9.061462426438529505, 2.669727942347948968, -24.75188679102400968 ) ) ;
#31 = CARTESIAN_POINT ( 'NONE',  ( -7.730572531656583202, 0.4449619766355497608, -18.51680016552405306 ) ) ;
#32 = CARTESIAN_POINT ( 'NONE',  ( -3.131411214531969911, 1.370448829116785339, -19.08648592999523785 ) ) ;
#33 = CARTESIAN_POINT ( 'NONE',  ( 1.552903689051482017, -1.827632314699767946, -1.275135716976682598 ) ) ;
#34 = CARTESIAN_POINT ( 'NONE',  ( -1.225575071293407259, -0.6845611123771389028, -2.516911508562828637 ) ) ;
#35 = SECURITY_CLASSIFICATION_LEVEL ( 'unclassified' ) ;
#36 = CARTESIAN_POINT ( 'NONE',  ( -1.772863803931110427, 3.121730573290810273, -16.42347244500563619 ) ) ;
#37 = CARTESIAN_POINT ( 'NONE',  ( 1.315135577242423803, -1.811035954845320983, -3.305656096730330784 ) ) ;
#38 = CARTESIAN_POINT ( 'NONE',  ( 0.1319768324264082859, 2.615333056810529744, -2.357789663305735139 ) ) ;
#39 = CARTESIAN_POINT ( 'NONE',  ( -1.300551495528934343, 0.6222487333631052664, -3.234219346720258681 ) ) ;
#40 = CARTESIAN_POINT ( 'NONE',  ( -5.845171019109008270, 2.205556518054633042, -15.80478411618813794 ) ) ;
#41 = DATE_AND_TIME ( #832, #931 ) ;
#42 = CARTESIAN_POINT ( 'NONE',  ( -0.1626874454929029268, 2.448393153784142573, -1.187471606769718191 ) ) ;
#43 = CARTESIAN_POINT ( 'NONE',  ( -0.4271646026242942318, -1.248423915797586492, -11.27921963917906467 ) ) ;
#44 = CC_DESIGN_APPROVAL ( #873, ( #375 ) ) ;
#45 = CARTESIAN_POINT ( 'NONE',  ( -0.1005262816601762282, 2.713269828373641168, -4.720397863008985340 ) ) ;
#46 = VERTEX_POINT ( 'NONE', #932 ) ;
#47 = CARTESIAN_POINT ( 'NONE',  ( 2.645950619261101977, 0.1676802131177035082, -1.392046009216880043 ) ) ;
#48 = CARTESIAN_POINT ( 'NONE',  ( -3.046407912662207895, -0.5453244789357071243, -13.16981108403227019 ) ) ;
#49 = CARTESIAN_POINT ( 'NONE',  ( 1.280974547614580628, 3.032603588100242220, -8.645345178605918335 ) ) ;
#50 = CARTESIAN_POINT ( 'NONE',  ( 0.04279666683591443199, -1.881797263711376678, -2.228621682748801014 ) ) ;
#51 = CARTESIAN_POINT ( 'NONE',  ( -5.964837558546634000, 3.823382699499697335, -21.47290326746667333 ) ) ;
#52 = CARTESIAN_POINT ( 'NONE',  ( -1.433411816050160992, 0.4964945941243691374, -2.508878076805688639 ) ) ;
#53 = CARTESIAN_POINT ( 'NONE',  ( 1.370476565579285655, -1.668071968815400208, -4.778223141606864566 ) ) ;
#54 = CARTESIAN_POINT ( 'NONE',  ( -1.791114859612416899, 3.596694921177947979, -14.44842477527174296 ) ) ;
#55 = CARTESIAN_POINT ( 'NONE',  ( -1.790195295063623959, 0.3549146870076714810, -16.98084157438209729 ) ) ;
#56 = CARTESIAN_POINT ( 'NONE',  ( -0.2083775781753247625, -2.050721163089193055, -1.125459790304679242 ) ) ;
#57 = CARTESIAN_POINT ( 'NONE',  ( -0.7490108589561231822, 2.212375840231597834, -1.135552552877746590 ) ) ;
#58 = CARTESIAN_POINT ( 'NONE',  ( -4.534367070947393330, 0.3090077979325056012, -19.54465641088070527 ) ) ;
#59 = CIRCLE ( 'NONE', #253, 2.250000000000000000 ) ;
#60 = CARTESIAN_POINT ( 'NONE',  ( 0.2931985777476909250, 2.726104423999272441, -3.215731651300452132 ) ) ;
#61 = CARTESIAN_POINT ( 'NONE',  ( 2.905895223335275723, -0.05171420941703438329, -6.732215717293818180 ) ) ;
#62 = CARTESIAN_POINT ( 'NONE',  ( -10.60906120402197672, 3.785104892245211072, -26.03825737602934254 ) ) ;
#63 = FACE_OUTER_BOUND ( 'NONE', #1043, .T. ) ;
#64 = CARTESIAN_POINT ( 'NONE',  ( -5.387718123891413136, 4.080759465461811786, -19.99773739948942719 ) ) ;
#65 = CARTESIAN_POINT ( 'NONE',  ( 2.250000000000000444, -0.5890486225480862092, 0.000000000000000000 ) ) ;
#66 = CARTESIAN_POINT ( 'NONE',  ( -1.391443073129143393, 1.896096295659214892, -7.887011681374709759 ) ) ;
#67 = FACE_OUTER_BOUND ( 'NONE', #576, .T. ) ;
#68 = CARTESIAN_POINT ( 'NONE',  ( -8.149729342195053405, 4.573525996166725172, -23.57278566901112171 ) ) ;
#69 = CARTESIAN_POINT ( 'NONE',  ( 2.977018493704245650, -0.2118759604579316114, -3.753070519504525304 ) ) ;
#70 = CARTESIAN_POINT ( 'NONE',  ( -0.8779520055465457329, 2.110300665614857518, -5.619514772325116425 ) ) ;
#71 = CARTESIAN_POINT ( 'NONE',  ( 2.848407914402782737, 0.5523165862406678173, -7.414546145082449691 ) ) ;
#72 = CARTESIAN_POINT ( 'NONE',  ( 0.3016519828054356478, 3.187507602944144036, -8.001550634514382310 ) ) ;
#73 = CARTESIAN_POINT ( 'NONE',  ( 0.3232903723828118303, -0.06202897765672971131, -13.81568740161713293 ) ) ;
#74 = CARTESIAN_POINT ( 'NONE',  ( -1.588289687916360382, 1.388641052482779914, -1.054948370171817862 ) ) ;
#75 = ORGANIZATION ( '未指定', '未指定', '' ) ;
#76 = CARTESIAN_POINT ( 'NONE',  ( -3.316463013496086631, 0.7683849214546941697, -19.01383030003992403 ) ) ;
#77 = CARTESIAN_POINT ( 'NONE',  ( -1.391443073129143393, 1.896096295659214892, -7.887011681374709759 ) ) ;
#78 = CARTESIAN_POINT ( 'NONE',  ( 1.931698819467875916, -1.460399982668177721, -4.987042524842819624 ) ) ;
#79 = CARTESIAN_POINT ( 'NONE',  ( 2.475848203638462142, 0.6787197194086983520, -0.7015899883596272701 ) ) ;
#80 = CARTESIAN_POINT ( 'NONE',  ( -2.250000000000000444, 0.5890486225480866533, 0.000000000000000000 ) ) ;
#81 = CARTESIAN_POINT ( 'NONE',  ( 0.000000000000000000, 0.000000000000000000, 0.000000000000000000 ) ) ;
#82 = CARTESIAN_POINT ( 'NONE',  ( -6.862894786488918264, 0.1302543733982070018, -20.65847177897268949 ) ) ;
#83 = CARTESIAN_POINT ( 'NONE',  ( -1.218523729177111159, 0.1927109765815701314, -4.175613402110989192 ) ) ;
#84 = DIRECTION ( 'NONE',  ( 0.000000000000000000, 0.000000000000000000, 1.000000000000000000 ) ) ;
#85 = CARTESIAN_POINT ( 'NONE',  ( 2.134936909799705518, 1.164225400226205132, -10.60918727587942634 ) ) ;
#86 = CARTESIAN_POINT ( 'NONE',  ( -2.023723995892173111, 0.7028066240715659108, -0.5171121964398888160 ) ) ;
#87 = CARTESIAN_POINT ( 'NONE',  ( 3.027905656403386825, 0.4215241883987535521, -4.452123722891214719 ) ) ;
#88 = CARTESIAN_POINT ( 'NONE',  ( 2.623853191867603574, -0.8699919060365675083, -2.693733313825893649 ) ) ;
#89 = CARTESIAN_POINT ( 'NONE',  ( -1.127251832561125156, 1.479038671015291628, -4.982096477250139266 ) ) ;
#90 = DIRECTION ( 'NONE',  ( 1.000000000000000000, 0.000000000000000000, 0.000000000000000000 ) ) ;
#91 = CARTESIAN_POINT ( 'NONE',  ( 2.848407914402782737, 0.5523165862406678173, -7.414546145082449691 ) ) ;
#92 = CARTESIAN_POINT ( 'NONE',  ( -0.9622296965008449998, -1.899247231554390902, -0.5440608492262283269 ) ) ;
#93 = CARTESIAN_POINT ( 'NONE',  ( -9.865723731901548277, 1.797961760426387778, -24.49103848821295060 ) ) ;
#94 = CARTESIAN_POINT ( 'NONE',  ( 2.813142198516513925, -0.03356040221386188960, -7.364455004737063604 ) ) ;
#95 = CARTESIAN_POINT ( 'NONE',  ( -11.23483965323620382, 6.477549671293236777, -24.66753316135324781 ) ) ;
#96 = CARTESIAN_POINT ( 'NONE',  ( 2.834972777814000811, 0.2674454339572855943, -2.425077649656282475 ) ) ;
#97 = CARTESIAN_POINT ( 'NONE',  ( 2.778302860239130201, 1.723494160858226598, -6.768184121880191917 ) ) ;
#98 = CARTESIAN_POINT ( 'NONE',  ( -10.59905079704174646, 5.516889599130752053, -22.38160594492060795 ) ) ;
#99 = CARTESIAN_POINT ( 'NONE',  ( -12.84945671853329507, 4.332161640036881423, -27.22279259605856794 ) ) ;
#100 = CARTESIAN_POINT ( 'NONE',  ( -2.089417772006278540, -1.015033755744979116, -14.60515431905083261 ) ) ;
#101 = CARTESIAN_POINT ( 'NONE',  ( -1.151339721853481324, -0.1320013830784835807, -15.84155364936638755 ) ) ;
#102 = CARTESIAN_POINT ( 'NONE',  ( -1.167200942958037002, 1.367270400064499292, -4.251297993395717789 ) ) ;
#103 = CARTESIAN_POINT ( 'NONE',  ( 2.472716534366017349, 0.5854744170970889172, -9.301689846842135623 ) ) ;
#104 = CARTESIAN_POINT ( 'NONE',  ( 3.009555865570246791, 0.9648337202297533333, -3.800256346853203571 ) ) ;
#105 = CARTESIAN_POINT ( 'NONE',  ( -11.78034696695554118, 6.424917742224617534, -23.62466942642695855 ) ) ;
#106 = B_SPLINE_SURFACE_WITH_KNOTS ( 'NONE', 3, 3, (
 ( #1128, #702, #522, #866, #879, #507, #436, #87, #784, #680, #770, #958, #71, #962, #1, #442, #790, #1040, #1134, #431, #862, #1061, #858, #1144, #606, #349 ),
 ( #594, #968, #953, #244, #248, #175, #947, #695, #872, #1138, #155, #778, #427, #160, #774, #339, #1056, #261, #602, #76, #343, #612, #689, #1049, #252, #170 ),
 ( #472, #448, #6, #360, #643, #822, #286, #722, #984, #803, #553, #118, #454, #905, #201, #911, #890, #715, #795, #32, #978, #206, #708, #93, #387, #114 ),
 ( #279, #1066, #1082, #624, #991, #728, #734, #266, #618, #974, #465, #638, #26, #182, #533, #817, #380, #1088, #290, #885, #272, #188, #898, #539, #996, #99 ),
 ( #195, #558, #1072, #12, #366, #631, #107, #546, #459, #810, #19, #372, #564, #1009, #843, #583, #942, #828, #753, #924, #1111, #658, #746, #477, #62, #1022 ),
 ( #1005, #937, #234, #145, #38, #918, #309, #570, #316, #501, #588, #150, #125, #484, #930, #216, #417, #211, #497, #664, #850, #853, #51, #131, #392, #739 ),
 ( #323, #670, #57, #229, #490, #1092, #139, #835, #1029, #296, #45, #413, #760, #647, #1097, #302, #1117, #651, #1104, #1015, #399, #222, #575, #406, #1137, #430 ),
 ( #967, #777, #74, #337, #159, #1048, #611, #951, #251, #688, #258, #243, #70, #946, #174, #332, #694, #154, #593, #526, #605, #426, #783, #765, #342, #773 ),
 ( #80, #86, #878, #1133, #348, #239, #506, #1143, #961, #168, #769, #861, #684, #1055, #66, #857, #511, #521, #679, #1044, #871, #1121, #597, #421, #1038, #163 ),
 ( #328, #1127, #247, #675, #435, #601, #1033, #957, #515, #865, #359, #802, #289, #1086, #441, #557, #194, #714, #181, #447, #815, #1071, #808, #265, #98, #105 ),
 ( #983, #25, #453, #897, #11, #552, #629, #889, #1081, #884, #700, #909, #637, #617, #545, #278, #458, #707, #1060, #18, #904, #789, #538, #379, #365, #532 ),
 ( #371, #92, #794, #1065, #285, #995, #973, #727, #642, #1149, #720, #990, #464, #271, #200, #623, #113, #205, #353, #5, #977, #187, #412, #646, #233, #496 ),
 ( #215, #849, #56, #752, #50, #657, #759, #308, #1014, #1021, #587, #1096, #476, #1116, #1008, #138, #1028, #563, #124, #569, #322, #923, #574, #483, #228, #221 ),
 ( #663, #130, #582, #1110, #1003, #733, #37, #929, #315, #669, #210, #489, #301, #842, #834, #43, #917, #117, #405, #398, #471, #31, #936, #821, #144, #826 ),
 ( #385, #1091, #745, #295, #391, #650, #738, #1103, #424, #78, #509, #1047, #242, #596, #433, #327, #1052, #166, #153, #674, #1037, #518, #869, #428, #864, #335 ),
 ( #1042, #1131, #687, #256, #768, #505, #781, #678, #955, #692, #238, #945, #949, #345, #1032, #604, #1141, #1120, #592, #856, #941, #149, #162, #246, #860, #331 ),
 ( #65, #157, #514, #500, #1125, #420, #69, #682, #852, #960, #776, #61, #416, #772, #600, #1136, #73, #341, #250, #764, #192, #1078, #1084, #725, #608, #813 ),
 ( #351, #615, #988, #96, #981, #439, #269, #276, #705, #451, #698, #627, #787, #103, #550, #530, #635, #9, #16, #712, #800, #369, #965, #445, #971, #462 ) ),
 .UNSPECIFIED., .T., .F., .F.,
 ( 4, 2, 2, 2, 2, 2, 2, 2, 4 ),
 ( 4, 2, 2, 2, 2, 2, 2, 2, 2, 2, 2, 2, 4 ),
 ( 0.000000000000000000, 0.1250000000000000000, 0.2500000000000000000, 0.3750000000000000000, 0.5000000000000000000, 0.6250000000000000000, 0.7500000000000000000, 0.8750000000000000000, 1.000000000000000000 ),
 ( 0.000000000000000000, 0.05976293243680398659, 0.08964439865520598683, 0.1195258648736079732, 0.1472492877858686822, 0.1749727106981293911, 0.2304195565226508091, 0.3389681538411655759, 0.4486468989766494997, 0.5604392101087444233, 0.6716412636603952269, 0.7828433172120459194, 1.000000000000000000 ),
 .UNSPECIFIED. ) ;
#107 = CARTESIAN_POINT ( 'NONE',  ( 1.439419182867013092, 2.683663939527173969, -3.485892680724317572 ) ) ;
#108 = CARTESIAN_POINT ( 'NONE',  ( -8.576331495518751069, 0.4955477295713912045, -19.66349264663384488 ) ) ;
#109 = CARTESIAN_POINT ( 'NONE',  ( 2.654309004338507805, -0.6153405550215907960, -6.588181251021923757 ) ) ;
#110 = CARTESIAN_POINT ( 'NONE',  ( -0.3781648429089445318, -2.144845546785028922, -0.5664593457333720883 ) ) ;
#111 =( NAMED_UNIT ( * ) SI_UNIT ( $, .STERADIAN. ) SOLID_ANGLE_UNIT ( ) );
#112 = CARTESIAN_POINT ( 'NONE',  ( -6.105697322812473793, 2.911385811315617023, -22.20448243472032246 ) ) ;
#113 = CARTESIAN_POINT ( 'NONE',  ( -2.092095790171438097, -0.4518776622290106015, -11.02057598128244997 ) ) ;
#114 = CARTESIAN_POINT ( 'NONE',  ( -13.78773765753180136, 3.757640123165566504, -26.80152424326291793 ) ) ;
#115 = CARTESIAN_POINT ( 'NONE',  ( -1.105910023360751060, -0.5610699808799715083, -3.243534916065698770 ) ) ;
#116 = CARTESIAN_POINT ( 'NONE',  ( -3.131411214531969911, 1.370448829116785339, -19.08648592999523785 ) ) ;
#117 = CARTESIAN_POINT ( 'NONE',  ( -2.452290600285445432, -1.008213546642831915, -14.08264688523361485 ) ) ;
#118 = CARTESIAN_POINT ( 'NONE',  ( 2.778302860239130201, 1.723494160858226598, -6.768184121880191917 ) ) ;
#119 = CARTESIAN_POINT ( 'NONE',  ( 1.931698819467875916, -1.460399982668177721, -4.987042524842819624 ) ) ;
#120 = CARTESIAN_POINT ( 'NONE',  ( 2.936989423752602413, 0.5348002986658496605, -6.777355416366188656 ) ) ;
#121 = CARTESIAN_POINT ( 'NONE',  ( 0.1819550709893942853, -1.425611921649303726, -5.959626718227063691 ) ) ;
#122 = PERSON_AND_ORGANIZATION ( #549, #75 ) ;
#123 = CARTESIAN_POINT ( 'NONE',  ( 1.544170949839312801, 2.907156682222198807, -6.270484665352668685 ) ) ;
#124 = CARTESIAN_POINT ( 'NONE',  ( -3.778397418263045093, -0.3554138355887468959, -14.00233632555776886 ) ) ;
#125 = CARTESIAN_POINT ( 'NONE',  ( 0.4513652952266554719, 3.050158578655069785, -6.342294842598225735 ) ) ;
#126 = CARTESIAN_POINT ( 'NONE',  ( 1.919205586994197521, -1.438648045605543047, -5.287948526718144748 ) ) ;
#127 = CARTESIAN_POINT ( 'NONE',  ( 1.060026734857854036, 0.5403868723187288392, -12.83834515896811723 ) ) ;
#128 = CARTESIAN_POINT ( 'NONE',  ( -0.5425588095621795004, -0.9527921186276674392, -7.206090418967480815 ) ) ;
#129 = CARTESIAN_POINT ( 'NONE',  ( -8.694242447864795054, 3.201433741138070665, -24.65567496083129129 ) ) ;
#130 = CARTESIAN_POINT ( 'NONE',  ( 0.7998210652502348861, -2.151150996302916063, -0.6147551587594080047 ) ) ;
#131 = CARTESIAN_POINT ( 'NONE',  ( -8.236967995961075317, 4.156272637143795912, -24.06430361692170194 ) ) ;
#132 = ORIENTED_EDGE ( 'NONE', *, *, #914, .T. ) ;
#133 = CARTESIAN_POINT ( 'NONE',  ( -2.379100101002758816, 1.780658788045974550, -10.65198497922599152 ) ) ;
#134 = CARTESIAN_POINT ( 'NONE',  ( 2.472716534366017349, 0.5854744170970889172, -9.301689846842135623 ) ) ;
#135 = CARTESIAN_POINT ( 'NONE',  ( -0.9622296965008449998, -1.899247231554390902, -0.5440608492262283269 ) ) ;
#136 = APPROVAL_ROLE ( '' ) ;
#137 = CARTESIAN_POINT ( 'NONE',  ( 0.8239671836097168800, 2.348392896846443367, -0.6444676654781847924 ) ) ;
#138 = CARTESIAN_POINT ( 'NONE',  ( -1.229614486399850160, -0.9666973719301081847, -10.45900398693067146 ) ) ;
#139 = CARTESIAN_POINT ( 'NONE',  ( -0.2830798219456732712, 2.504990133052500401, -3.071770612431091063 ) ) ;
#140 = EDGE_LOOP ( 'NONE', ( #303, #407 ) ) ;
#141 = CARTESIAN_POINT ( 'NONE',  ( -2.026885091626727142, 0.1138174383596177314, -0.5132229832809070968 ) ) ;
#142 = CARTESIAN_POINT ( 'NONE',  ( -1.229614486399850160, -0.9666973719301081847, -10.45900398693067146 ) ) ;
#143 = CARTESIAN_POINT ( 'NONE',  ( -0.8756656135639871996, 2.042665016620064389, -5.126130943521292060 ) ) ;
#144 = CARTESIAN_POINT ( 'NONE',  ( -12.97144741797343315, 3.189647376429315173, -22.23447699919522691 ) ) ;
#145 = CARTESIAN_POINT ( 'NONE',  ( 0.06564219472984181292, 2.575301602414364677, -2.066229974483333898 ) ) ;
#146 = CARTESIAN_POINT ( 'NONE',  ( -1.790195295063623959, 0.3549146870076714810, -16.98084157438209729 ) ) ;
#147 = CC_DESIGN_DATE_AND_TIME_ASSIGNMENT ( #915, #661, ( #1035 ) ) ;
#148 = CARTESIAN_POINT ( 'NONE',  ( 0.4570037604263232911, 2.917907633303545190, -4.941710760024363935 ) ) ;
#149 = CARTESIAN_POINT ( 'NONE',  ( -7.175480633951011100, -0.01184821451898640868, -20.13193914253495009 ) ) ;
#150 = CARTESIAN_POINT ( 'NONE',  ( 0.4720146344348258305, 3.000808570888452653, -5.788669428568997688 ) ) ;
#151 = CARTESIAN_POINT ( 'NONE',  ( -2.005106039215362124, 1.616503001678959883, -9.705352148005585988 ) ) ;
#152 = CARTESIAN_POINT ( 'NONE',  ( -0.9072761150296954069, 3.469331716523043951, -12.33197500352639508 ) ) ;
#153 = CARTESIAN_POINT ( 'NONE',  ( -2.925759673110974290, -0.9449537519323611967, -15.46860526856780815 ) ) ;
#154 = CARTESIAN_POINT ( 'NONE',  ( -2.806472071951137792, 3.164055990564742515, -13.04374783326201559 ) ) ;
#155 = CARTESIAN_POINT ( 'NONE',  ( 3.037203034511349653, 1.081910806186519469, -5.832732987615769638 ) ) ;
#156 = CARTESIAN_POINT ( 'NONE',  ( 0.3710395508332335335, 2.794391757451431424, -3.791630471510369915 ) ) ;
#157 = CARTESIAN_POINT ( 'NONE',  ( 2.469527127458021276, -0.4992578684870693784, -0.6938111617591259384 ) ) ;
#158 = CARTESIAN_POINT ( 'NONE',  ( 2.886179766091887977, 0.2978419941195675769, -2.767998399497046957 ) ) ;
#159 = CARTESIAN_POINT ( 'NONE',  ( -1.287686993621706355, 1.574926070011180457, -2.089698963326326098 ) ) ;
#160 = CARTESIAN_POINT ( 'NONE',  ( 2.522187470261923803, 1.168956216636173551, -9.367483977803034989 ) ) ;
#161 = CARTESIAN_POINT ( 'NONE',  ( 0.4441016497373527216, 2.888902071485853540, -4.658124720189344536 ) ) ;
#162 = CARTESIAN_POINT ( 'NONE',  ( -8.206216517381971443, 0.2346875690831821404, -20.74910791283976508 ) ) ;
#163 = CARTESIAN_POINT ( 'NONE',  ( -11.23483965323620382, 6.477549671293236777, -24.66753316135324781 ) ) ;
#164 = DIRECTION ( 'NONE',  ( -0.6632918621796118908, -0.6449927585595239821, -0.3795105360488406632 ) ) ;
#165 = CARTESIAN_POINT ( 'NONE',  ( -1.218549179438660479, 1.760645968649304116, -6.908369961132991399 ) ) ;
#166 = CARTESIAN_POINT ( 'NONE',  ( -2.089417772006278540, -1.015033755744979116, -14.60515431905083261 ) ) ;
#167 = CARTESIAN_POINT ( 'NONE',  ( 2.250000000000000444, 0.5890486225480862092, 0.000000000000000000 ) ) ;
#168 = CARTESIAN_POINT ( 'NONE',  ( -1.187794457016985827, 1.329288304139847554, -4.007121169356897994 ) ) ;
#169 = CIRCLE ( 'NONE', #1077, 2.250000000000000000 ) ;
#170 = CARTESIAN_POINT ( 'NONE',  ( -14.21965303304445882, 3.575082257775381134, -26.37533057357303079 ) ) ;
#171 = CARTESIAN_POINT ( 'NONE',  ( -8.206216517381971443, 0.2346875690831821404, -20.74910791283976508 ) ) ;
#172 = CARTESIAN_POINT ( 'NONE',  ( -4.547071443374837152, 3.386057604911472563, -15.55654209916098196 ) ) ;
#173 = CARTESIAN_POINT ( 'NONE',  ( 2.836145591490994988, 1.680951191214407503, -5.785124183698676426 ) ) ;
#174 = CARTESIAN_POINT ( 'NONE',  ( -1.140777219211987603, 2.434378261492961215, -8.110433403042989653 ) ) ;
#175 = CARTESIAN_POINT ( 'NONE',  ( 2.980341973156238389, 0.9414967134806044857, -3.471743391489981345 ) ) ;
#176 = APPROVAL ( #283, '未指定' ) ;
#177 = CARTESIAN_POINT ( 'NONE',  ( -12.97681490735836185, 2.177335736807833655, -24.37357419378448853 ) ) ;
#178 = CARTESIAN_POINT ( 'NONE',  ( -1.606304224179512685, 0.9497077686401329544, -1.782082096546211192 ) ) ;
#179 =( NAMED_UNIT ( * ) PLANE_ANGLE_UNIT ( ) SI_UNIT ( $, .RADIAN. ) );
#180 = CARTESIAN_POINT ( 'NONE',  ( 2.073919767430325578, 0.5829258929901151021, -10.53197876347690354 ) ) ;
#181 = CARTESIAN_POINT ( 'NONE',  ( -3.956048991597016506, 1.885770201040197991, -13.24921372385406926 ) ) ;
#182 = CARTESIAN_POINT ( 'NONE',  ( 1.747255228593322940, 2.715430704835159137, -8.938175258045284011 ) ) ;
#183 = ADVANCED_FACE ( 'NONE', ( #491 ), #24, .F. ) ;
#184 = CARTESIAN_POINT ( 'NONE',  ( 0.3232903723828118303, -0.06202897765672971131, -13.81568740161713293 ) ) ;
#185 = CARTESIAN_POINT ( 'NONE',  ( -3.092065738045620016, 2.720482757614467673, -12.68951801114194211 ) ) ;
#186 = CARTESIAN_POINT ( 'NONE',  ( -7.240833075074726288, 0.8599251791104181031, -22.10278434981190543 ) ) ;
#187 = CARTESIAN_POINT ( 'NONE',  ( -7.564336513304955822, 1.879106190341363281, -17.49387171396764273 ) ) ;
#188 = CARTESIAN_POINT ( 'NONE',  ( -5.434040996097648346, 2.347644837692111075, -21.56166182487389804 ) ) ;
#189 = CARTESIAN_POINT ( 'NONE',  ( -1.035286695592582573, -1.185194162637412951, -12.25799115489371616 ) ) ;
#190 = CARTESIAN_POINT ( 'NONE',  ( 2.724921735839996639, -0.7878722235636377302, -3.674015250011644085 ) ) ;
#191 = CARTESIAN_POINT ( 'NONE',  ( -1.199774206064444293, 0.3784809171523856319, -5.361624163499071116 ) ) ;
#192 = CARTESIAN_POINT ( 'NONE',  ( -4.814094456075234341, -0.1101435885983680085, -19.24795106283373869 ) ) ;
#193 = CARTESIAN_POINT ( 'NONE',  ( -10.29781255221218572, 1.463269567610001376, -24.13558461542657341 ) ) ;
#194 = CARTESIAN_POINT ( 'NONE',  ( -2.492347019001644792, 1.215151044550439430, -10.52969120165192685 ) ) ;
#195 = CARTESIAN_POINT ( 'NONE',  ( 0.5890486225480863203, 2.250000000000000444, 0.000000000000000000 ) ) ;
#196 = CARTESIAN_POINT ( 'NONE',  ( 2.824727693784910620, -0.3213045407171751244, -2.410395717775118740 ) ) ;
#197 = CARTESIAN_POINT ( 'NONE',  ( -9.663364421591699838, 4.497768636839301060, -20.56099204909270384 ) ) ;
#198 = PERSON_AND_ORGANIZATION ( #549, #75 ) ;
#199 = CARTESIAN_POINT ( 'NONE',  ( 1.293369531409966910, 2.586731427686136620, -2.554810594403286839 ) ) ;
#200 = CARTESIAN_POINT ( 'NONE',  ( -0.8175816981040896492, -0.8412263539001922918, -8.197290381582730490 ) ) ;
#201 = CARTESIAN_POINT ( 'NONE',  ( 2.005553873908859419, 1.781383358618325863, -10.53923170480827487 ) ) ;
#202 = CARTESIAN_POINT ( 'NONE',  ( -14.70857604462474555, 4.152789092611625321, -23.66865486899061111 ) ) ;
#203 = CARTESIAN_POINT ( 'NONE',  ( -3.461718298481264888, 1.001977123366217803, -12.37632854472205501 ) ) ;
#204 = CARTESIAN_POINT ( 'NONE',  ( -11.92309042325136126, 2.590678302750130335, -25.75659657411425485 ) ) ;
#205 = CARTESIAN_POINT ( 'NONE',  ( -3.273993921736689572, -0.09210601377504493148, -12.78510380680661918 ) ) ;
#206 = CARTESIAN_POINT ( 'NONE',  ( -5.902076126763299513, 1.276202652570616269, -21.59679575904374360 ) ) ;
#207 = CARTESIAN_POINT ( 'NONE',  ( 1.891413976935822472, -1.589921663898822501, -3.449617135599553741 ) ) ;
#208 = CARTESIAN_POINT ( 'NONE',  ( -7.564336513304955822, 1.879106190341363281, -17.49387171396764273 ) ) ;
#209 = CARTESIAN_POINT ( 'NONE',  ( 1.439419182867013092, 2.683663939527173969, -3.485892680724317572 ) ) ;
#210 = CARTESIAN_POINT ( 'NONE',  ( 1.361675544907698487, -1.643285850535695092, -5.066635629702518351 ) ) ;
#211 = CARTESIAN_POINT ( 'NONE',  ( -1.791114859612416899, 3.596694921177947979, -14.44842477527174296 ) ) ;
#212 = CARTESIAN_POINT ( 'NONE',  ( 1.386488178645544522, -1.911819383366217595, -0.6403551663353093115 ) ) ;
#213 = CARTESIAN_POINT ( 'NONE',  ( -7.096301382639803812, 2.950548375461985007, -17.45873777979580055 ) ) ;
#214 = CARTESIAN_POINT ( 'NONE',  ( 2.095120882593522360, 2.544082521948961340, -5.228627180003289077 ) ) ;
#215 = CARTESIAN_POINT ( 'NONE',  ( -0.5890486225480866533, -2.250000000000000444, 0.000000000000000000 ) ) ;
#216 = CARTESIAN_POINT ( 'NONE',  ( -0.5179147017340957060, 3.405313789795793689, -11.26447766779610049 ) ) ;
#217 = PLANE ( 'NONE',  #1073 ) ;
#218 = CARTESIAN_POINT ( 'NONE',  ( -0.5875216525702209314, -1.667885008386816414, -1.874552628623348705 ) ) ;
#219 = COORDINATED_UNIVERSAL_TIME_OFFSET ( 8, 0, .AHEAD. ) ;
#220 = CARTESIAN_POINT ( 'NONE',  ( 2.078068709435643591, 2.499342417155842266, -4.590168146626387724 ) ) ;
#221 = CARTESIAN_POINT ( 'NONE',  ( -13.65113106789030262, 5.279412515874183143, -22.78472682088039392 ) ) ;
#222 = CARTESIAN_POINT ( 'NONE',  ( -5.387718123891413136, 4.080759465461811786, -19.99773739948942719 ) ) ;
#223 = ORIENTED_EDGE ( 'NONE', *, *, #386, .T. ) ;
#224 = CARTESIAN_POINT ( 'NONE',  ( -5.330330484120421985, 3.196896585318597772, -16.21705478499517383 ) ) ;
#225 = CARTESIAN_POINT ( 'NONE',  ( 1.315135577242423803, -1.811035954845320983, -3.305656096730330784 ) ) ;
#226 = CARTESIAN_POINT ( 'NONE',  ( -0.9406843631185728416, 2.115367950309408940, -0.5705705967133487544 ) ) ;
#227 = APPROVAL_PERSON_ORGANIZATION ( #357, #176, #902 ) ;
#228 = CARTESIAN_POINT ( 'NONE',  ( -12.34909009170167593, 4.064032507824759222, -21.71267090352525031 ) ) ;
#229 = CARTESIAN_POINT ( 'NONE',  ( -0.5176900179182513106, 2.345100440663498986, -1.974626312763557934 ) ) ;
#230 = CARTESIAN_POINT ( 'NONE',  ( -8.891214204290534440, 4.971473160498769417, -21.39657919761396698 ) ) ;
#231 = CARTESIAN_POINT ( 'NONE',  ( -1.772418840921165639, -0.8508292147144338458, -11.39771936143144515 ) ) ;
#232 = CARTESIAN_POINT ( 'NONE',  ( 0.08219603134069794481, 3.265063576735856010, -9.109473807706390147 ) ) ;
#233 = CARTESIAN_POINT ( 'NONE',  ( -11.91243743475308214, 4.530732488151554271, -21.65838163449114973 ) ) ;
#234 = CARTESIAN_POINT ( 'NONE',  ( -0.1626874454929029268, 2.448393153784142573, -1.187471606769718191 ) ) ;
#235 = CARTESIAN_POINT ( 'NONE',  ( -0.9870222454547584734, 0.4101876885224196578, -16.00892379016456601 ) ) ;
#236 = CARTESIAN_POINT ( 'NONE',  ( -2.625501549080937913, 3.711270489634424408, -14.95720350199460391 ) ) ;
#237 = CARTESIAN_POINT ( 'NONE',  ( -7.572973768065776490, 0.5883827234407549289, -21.70092801694520190 ) ) ;
#238 = CARTESIAN_POINT ( 'NONE',  ( 2.733816056185103704, -0.6609349153075309014, -5.634221054181323574 ) ) ;
#239 = CARTESIAN_POINT ( 'NONE',  ( -1.418758892887075351, 1.084968704754168067, -2.530293050428094936 ) ) ;
#240 = DIRECTION ( 'NONE',  ( 1.000000000000000000, 0.000000000000000000, 0.000000000000000000 ) ) ;
#241 = CARTESIAN_POINT ( 'NONE',  ( -8.236967995961075317, 4.156272637143795912, -24.06430361692170194 ) ) ;
#242 = CARTESIAN_POINT ( 'NONE',  ( 1.769106599987888107, -1.345904217237789524, -6.765142816047307939 ) ) ;
#243 = CARTESIAN_POINT ( 'NONE',  ( -0.8756656135639871996, 2.042665016620064389, -5.126130943521292060 ) ) ;
#244 = CARTESIAN_POINT ( 'NONE',  ( 2.845217861843091445, 0.8561954086317462576, -2.439759581537446209 ) ) ;
#245 = CARTESIAN_POINT ( 'NONE',  ( -0.9550200122945444736, 3.309717059088604696, -10.81349102073532364 ) ) ;
#246 = CARTESIAN_POINT ( 'NONE',  ( -11.22178123744895828, 1.243624466410040430, -22.57641854606358223 ) ) ;
#247 = CARTESIAN_POINT ( 'NONE',  ( -1.848038613548025788, -0.3718693744841244930, -1.010524932843946289 ) ) ;
#248 = CARTESIAN_POINT ( 'NONE',  ( 2.897853422469653939, 0.8865149765023951911, -2.784906448613579055 ) ) ;
#249 = CARTESIAN_POINT ( 'NONE',  ( -1.368684338714147630, 1.126944429611764331, -2.768317228526257612 ) ) ;
#250 = CARTESIAN_POINT ( 'NONE',  ( -1.985178359534096604, -0.1707171626460873559, -16.78508810205684298 ) ) ;
#251 = CARTESIAN_POINT ( 'NONE',  ( -0.9917077118303011529, 1.823749749311504686, -3.618436833400217711 ) ) ;
#252 = CARTESIAN_POINT ( 'NONE',  ( -12.35845153196385304, 2.333330959895547174, -25.36913784209022182 ) ) ;
#253 = AXIS2_PLACEMENT_3D ( 'NONE', #566, #1030, #240 ) ;
#254 = CARTESIAN_POINT ( 'NONE',  ( 2.993287179637245998, 0.3764788798859108332, -3.776663433178864437 ) ) ;
#255 = CARTESIAN_POINT ( 'NONE',  ( -3.266097055977040142, 3.348611991565925816, -14.02580478878564563 ) ) ;
#256 = CARTESIAN_POINT ( 'NONE',  ( 2.574668537839517324, -0.9013900332420951012, -2.360364225282501227 ) ) ;
#257 = CARTESIAN_POINT ( 'NONE',  ( -10.63787394920072771, 1.324257236766670731, -23.65545133969366987 ) ) ;
#258 = CARTESIAN_POINT ( 'NONE',  ( -0.9151367508510522830, 1.935556698075535653, -4.374125335545683058 ) ) ;
#259 = PRODUCT_DEFINITION_FORMATION_WITH_SPECIFIED_SOURCE ( '任何', '', #310, .NOT_KNOWN. ) ;
#260 = PRODUCT_RELATED_PRODUCT_CATEGORY ( 'detail', '', ( #310 ) ) ;
#261 = CARTESIAN_POINT ( 'NONE',  ( -0.8227047690560354010, 0.9523767601233229518, -16.17629393096274626 ) ) ;
#262 = CARTESIAN_POINT ( 'NONE',  ( 0.05901582996986913521, -0.5552315962482464728, -13.51707569607057735 ) ) ;
#263 = CARTESIAN_POINT ( 'NONE',  ( -1.654187717940581281, 2.699580567202752857, -10.08440158458446767 ) ) ;
#264 = CARTESIAN_POINT ( 'NONE',  ( 3.026348521922003876, 0.4790442958884566504, -5.464669870943906105 ) ) ;
#265 = CARTESIAN_POINT ( 'NONE',  ( -9.231275601279074650, 4.832460829655438772, -20.91644592187907392 ) ) ;
#266 = CARTESIAN_POINT ( 'NONE',  ( 2.059361223015518050, 2.473645990862655353, -4.257291895778307911 ) ) ;
#267 = CARTESIAN_POINT ( 'NONE',  ( 2.699421073083776879, -0.8125706829057931513, -3.356898831270854977 ) ) ;
#268 = CARTESIAN_POINT ( 'NONE',  ( -11.78034696695554118, 6.424917742224617534, -23.62466942642695855 ) ) ;
#269 = CARTESIAN_POINT ( 'NONE',  ( 2.993287179637245998, 0.3764788798859108332, -3.776663433178864437 ) ) ;
#270 = CARTESIAN_POINT ( 'NONE',  ( -6.224226125505189167, 0.7762688314251139365, -21.39316213738701578 ) ) ;
#271 = CARTESIAN_POINT ( 'NONE',  ( -0.5425588095621795004, -0.9527921186276674392, -7.206090418967480815 ) ) ;
#272 = CARTESIAN_POINT ( 'NONE',  ( -3.771281118633934781, 2.427723766581938225, -19.76052578656031500 ) ) ;
#273 = CARTESIAN_POINT ( 'NONE',  ( 0.9030444362260118263, -1.424869016737262628, -8.142715042499846234 ) ) ;
#274 = CARTESIAN_POINT ( 'NONE',  ( 2.750166867506314894, -0.6781847236390255995, -5.313549588197258089 ) ) ;
#275 = CARTESIAN_POINT ( 'NONE',  ( -3.566082862657816488, 2.937033900347653326, -13.64072066850557263 ) ) ;
#276 = CARTESIAN_POINT ( 'NONE',  ( 3.027905656403386825, 0.4215241883987535521, -4.452123722891214719 ) ) ;
#277 = CARTESIAN_POINT ( 'NONE',  ( 2.472716534366017349, 0.5854744170970889172, -9.301689846842135623 ) ) ;
#278 = CARTESIAN_POINT ( 'NONE',  ( -2.025685510580665927, 0.4174490688186051623, -9.663955069186965119 ) ) ;
#279 = CARTESIAN_POINT ( 'NONE',  ( 1.174469982217385411, 2.007510533122079277, 0.000000000000000000 ) ) ;
#280 = CARTESIAN_POINT ( 'NONE',  ( -11.29212015754010423, 2.139457760123873342, -20.98772692038394538 ) ) ;
#281 = CARTESIAN_POINT ( 'NONE',  ( -4.814094456075234341, -0.1101435885983680085, -19.24795106283373869 ) ) ;
#282 = CARTESIAN_POINT ( 'NONE',  ( -0.3255822259358318038, -1.130824145669275138, -5.719691837161684056 ) ) ;
#283 = APPROVAL_STATUS ( 'not_yet_approved' ) ;
#284 = CARTESIAN_POINT ( 'NONE',  ( 2.651931443643351205, 0.7566129000155867868, -1.400163337010349895 ) ) ;
#285 = CARTESIAN_POINT ( 'NONE',  ( -0.5295182403862624954, -1.625249681416499614, -2.137678244777175163 ) ) ;
#286 = CARTESIAN_POINT ( 'NONE',  ( 2.789796119879084380, 1.558301156443726798, -3.768096342277369004 ) ) ;
#287 = CARTESIAN_POINT ( 'NONE',  ( 0.2427269075138075438, -1.663456252606094088, -3.853839311875572715 ) ) ;
#288 = CARTESIAN_POINT ( 'NONE',  ( 0.6449384031099699710, 2.747998796282504763, -12.44887157445647219 ) ) ;
#289 = CARTESIAN_POINT ( 'NONE',  ( -1.199774206064444293, 0.3784809171523856319, -5.361624163499071116 ) ) ;
#290 = CARTESIAN_POINT ( 'NONE',  ( -1.596733372999627587, 2.637811521874024123, -16.80288275448126001 ) ) ;
#291 = CARTESIAN_POINT ( 'NONE',  ( -2.452290600285445432, -1.008213546642831915, -14.08264688523361485 ) ) ;
#292 = CARTESIAN_POINT ( 'NONE',  ( 0.2609651575459461248, -1.568578883555702186, -4.652616916371459688 ) ) ;
#293 = COORDINATED_UNIVERSAL_TIME_OFFSET ( 8, 0, .AHEAD. ) ;
#294 = CARTESIAN_POINT ( 'NONE',  ( -3.771281118633934781, 2.427723766581938225, -19.76052578656031500 ) ) ;
#295 = CARTESIAN_POINT ( 'NONE',  ( 1.736113487523631260, -1.716697212740708078, -2.217851501557705607 ) ) ;
#296 = CARTESIAN_POINT ( 'NONE',  ( -0.1171206041512612150, 2.681230085338695002, -4.449305336953265133 ) ) ;
#297 = CARTESIAN_POINT ( 'NONE',  ( -3.262424693355289396, -0.8938009684181797976, -14.92802607310576413 ) ) ;
#298 = CARTESIAN_POINT ( 'NONE',  ( -0.3320070621412098966, -1.429873069100938476, -3.429051173833292498 ) ) ;
#299 = DATE_AND_TIME ( #389, #1023 ) ;
#300 = CARTESIAN_POINT ( 'NONE',  ( -0.3540176177363655308, 2.354699120388194178, -0.5961714632978492023 ) ) ;
#301 = CARTESIAN_POINT ( 'NONE',  ( 1.232534128997702538, -1.533484086807393121, -6.483966606328681159 ) ) ;
#302 = CARTESIAN_POINT ( 'NONE',  ( -0.9550200122945444736, 3.309717059088604696, -10.81349102073532364 ) ) ;
#303 = ORIENTED_EDGE ( 'NONE', *, *, #590, .F. ) ;
#304 = CARTESIAN_POINT ( 'NONE',  ( -1.842057789165775450, 0.2170633124137758552, -1.018642260637415919 ) ) ;
#305 = CARTESIAN_POINT ( 'NONE',  ( -0.01262448201957528868, -1.922416895889614397, -1.954068276897950929 ) ) ;
#306 = PERSON_AND_ORGANIZATION_ROLE ( 'creator' ) ;
#307 = CARTESIAN_POINT ( 'NONE',  ( 1.397949617421382795, 2.653783684866795056, -3.184637982599982209 ) ) ;
#308 = CARTESIAN_POINT ( 'NONE',  ( 0.2231271775505280497, -1.698069272701727472, -3.575865978021592451 ) ) ;
#309 = CARTESIAN_POINT ( 'NONE',  ( 0.2931985777476909250, 2.726104423999272441, -3.215731651300452132 ) ) ;
#310 = PRODUCT ( 'FN-HAR-018_W2-battery-charge-round_R0.6', 'FN-HAR-018_W2-battery-charge-round_R0.6', '', ( #1147 ) ) ;
#311 = CARTESIAN_POINT ( 'NONE',  ( 2.250000000000000444, 0.000000000000000000, 0.000000000000000000 ) ) ;
#312 = CARTESIAN_POINT ( 'NONE',  ( 1.356314610041202684, -1.750618835689716546, -3.894712598101103485 ) ) ;
#313 = CARTESIAN_POINT ( 'NONE',  ( 1.593669654660094137, 2.186598521230212810, -1.330464327968536420 ) ) ;
#314 = CARTESIAN_POINT ( 'NONE',  ( -0.9870222454547584734, 0.4101876885224196578, -16.00892379016456601 ) ) ;
#315 = CARTESIAN_POINT ( 'NONE',  ( 1.368392936062611254, -1.721144370593255868, -4.197543333812040700 ) ) ;
#316 = CARTESIAN_POINT ( 'NONE',  ( 0.4015964282468909019, 2.827710448117317643, -4.088304890351537324 ) ) ;
#317 = CARTESIAN_POINT ( 'NONE',  ( -6.454817053404547700, 3.773489425621625148, -18.02971658065769844 ) ) ;
#318 = CARTESIAN_POINT ( 'NONE',  ( -13.65113106789030262, 5.279412515874183143, -22.78472682088039392 ) ) ;
#319 = CARTESIAN_POINT ( 'NONE',  ( -0.8779520055465457329, 2.110300665614857518, -5.619514772325116425 ) ) ;
#320 = AXIS2_PLACEMENT_3D ( 'NONE', #492, #1118, #933 ) ;
#321 = CARTESIAN_POINT ( 'NONE',  ( -4.534367070947393330, 0.3090077979325056012, -19.54465641088070527 ) ) ;
#322 = CARTESIAN_POINT ( 'NONE',  ( -6.105020050146571897, 0.5299355882257525963, -16.31194261688813540 ) ) ;
#323 = CARTESIAN_POINT ( 'NONE',  ( -1.174469982217385189, 2.007510533122079277, 0.000000000000000000 ) ) ;
#324 = CARTESIAN_POINT ( 'NONE',  ( 2.965689049993282644, 0.3530226028508139935, -3.450328417867542630 ) ) ;
#325 = CARTESIAN_POINT ( 'NONE',  ( -3.968060239199155959, 3.732016311595592217, -18.57860451048961892 ) ) ;
#326 = CARTESIAN_POINT ( 'NONE',  ( -6.543560455997052827, 0.4532616024116604692, -21.02581695817984908 ) ) ;
#327 = CARTESIAN_POINT ( 'NONE',  ( 0.009940707938193692889, -1.152827185090154805, -11.73020628623886630 ) ) ;
#328 = CARTESIAN_POINT ( 'NONE',  ( -2.250000000000000444, -0.5890486225480859872, 0.000000000000000000 ) ) ;
#329 = DIRECTION ( 'NONE',  ( 1.000000000000000000, 0.000000000000000000, -0.000000000000000000 ) ) ;
#330 = CARTESIAN_POINT ( 'NONE',  ( -0.08520717576346743816, 2.862578709085342954, -6.061118632879598955 ) ) ;
#331 = CARTESIAN_POINT ( 'NONE',  ( -14.87539314218765085, 3.652700363643012427, -24.72221855383478584 ) ) ;
#332 = CARTESIAN_POINT ( 'NONE',  ( -1.654187717940581281, 2.699580567202752857, -10.08440158458446767 ) ) ;
#333 = CARTESIAN_POINT ( 'NONE',  ( -13.00000000000000000, 4.999999999999999112, -24.99999999999999289 ) ) ;
#334 = CARTESIAN_POINT ( 'NONE',  ( -11.29142395537524735, 5.847210907388372014, -26.33134513100938179 ) ) ;
#335 = CARTESIAN_POINT ( 'NONE',  ( -14.70857604462474555, 4.152789092611625321, -23.66865486899061111 ) ) ;
#336 = CARTESIAN_POINT ( 'NONE',  ( 2.250000000000000444, 0.000000000000000000, 0.000000000000000000 ) ) ;
#337 = CARTESIAN_POINT ( 'NONE',  ( -1.356245068234187334, 1.529793261165068641, -1.832113589038696144 ) ) ;
#338 = CC_DESIGN_SECURITY_CLASSIFICATION ( #375, ( #259 ) ) ;
#339 = CARTESIAN_POINT ( 'NONE',  ( 1.153188018818819716, 1.112681795113985350, -12.94378141723781184 ) ) ;
#340 = CARTESIAN_POINT ( 'NONE',  ( -9.801082656018236250, 5.569782942536545711, -23.98034766219573655 ) ) ;
#341 = CARTESIAN_POINT ( 'NONE',  ( -1.151339721853481324, -0.1320013830784835807, -15.84155364936638755 ) ) ;
#342 = CARTESIAN_POINT ( 'NONE',  ( -9.801082656018236250, 5.569782942536545711, -23.98034766219573655 ) ) ;
#343 = CARTESIAN_POINT ( 'NONE',  ( -4.254639685819551431, 0.7281591844633791277, -19.84136175892767540 ) ) ;
#344 = CARTESIAN_POINT ( 'NONE',  ( -2.492347019001644792, 1.215151044550439430, -10.52969120165192685 ) ) ;
#345 = CARTESIAN_POINT ( 'NONE',  ( 2.172503910562170404, -0.5460120803286094837, -9.037993568195247462 ) ) ;
#346 = CARTESIAN_POINT ( 'NONE',  ( 2.845774987317549520, 1.664589781595232409, -5.454885795887917332 ) ) ;
#347 = CC_DESIGN_PERSON_AND_ORGANIZATION_ASSIGNMENT ( #655, #383, ( #375 ) ) ;
#348 = CARTESIAN_POINT ( 'NONE',  ( -1.538339911468321386, 0.9957651522379553644, -2.032341926771705332 ) ) ;
#349 = CARTESIAN_POINT ( 'NONE',  ( -14.49240668990412573, 3.548766293241070624, -25.85389870610988439 ) ) ;
#350 = CARTESIAN_POINT ( 'NONE',  ( -1.285665042049166207, 0.07556688200942004996, -3.455806311008086773 ) ) ;
#351 = CARTESIAN_POINT ( 'NONE',  ( 2.250000000000000444, 0.000000000000000000, 0.000000000000000000 ) ) ;
#352 = CARTESIAN_POINT ( 'NONE',  ( -14.49240668990412573, 3.548766293241070624, -25.85389870610988439 ) ) ;
#353 = CARTESIAN_POINT ( 'NONE',  ( -3.954527849191542099, 0.1285052158279162415, -13.62292601608115561 ) ) ;
#354 = FACE_OUTER_BOUND ( 'NONE', #140, .T. ) ;
#355 = CARTESIAN_POINT ( 'NONE',  ( -5.134991047586641599, -0.3710955526851661412, -18.77375981130058236 ) ) ;
#356 = CARTESIAN_POINT ( 'NONE',  ( -1.244073098781155462, 1.251351574762763708, -3.517189255912967383 ) ) ;
#357 = PERSON_AND_ORGANIZATION ( #549, #75 ) ;
#358 = CARTESIAN_POINT ( 'NONE',  ( 3.037203034511349653, 1.081910806186519469, -5.832732987615769638 ) ) ;
#359 = CARTESIAN_POINT ( 'NONE',  ( -1.218523729177111159, 0.1927109765815701314, -4.175613402110989192 ) ) ;
#360 = CARTESIAN_POINT ( 'NONE',  ( 2.615522698928543832, 1.446359017745471931, -2.418911135046279082 ) ) ;
#361 = CARTESIAN_POINT ( 'NONE',  ( 1.023141606715583851, -1.223253197253722391, -9.618229724722919372 ) ) ;
#362 = CARTESIAN_POINT ( 'NONE',  ( -2.285164166213630832, -0.5822952538641108511, -16.40000398177776475 ) ) ;
#363 = CARTESIAN_POINT ( 'NONE',  ( -5.050603098992084483, 3.616047971849533305, -16.51376013304214396 ) ) ;
#364 = CARTESIAN_POINT ( 'NONE',  ( 0.4365372903812118066, 0.5034787658392309018, -13.93798117919217283 ) ) ;
#365 = CARTESIAN_POINT ( 'NONE',  ( -11.03470098119670517, 5.259451689979418809, -21.99387551331455981 ) ) ;
#366 = CARTESIAN_POINT ( 'NONE',  ( 1.293369531409966910, 2.586731427686136620, -2.554810594403286839 ) ) ;
#367 = CARTESIAN_POINT ( 'NONE',  ( 2.951036126830327344, -0.2354515077789764155, -3.428913444245104358 ) ) ;
#368 = CARTESIAN_POINT ( 'NONE',  ( -0.3080793451263370009, -1.392776339631841109, -3.695680077537188080 ) ) ;
#369 = CARTESIAN_POINT ( 'NONE',  ( -6.543560455997052827, 0.4532616024116604692, -21.02581695817984908 ) ) ;
#370 = CARTESIAN_POINT ( 'NONE',  ( -3.316463013496086631, 0.7683849214546941697, -19.01383030003992403 ) ) ;
#371 = CARTESIAN_POINT ( 'NONE',  ( -1.174469982217386299, -2.007510533122078389, 0.000000000000000000 ) ) ;
#372 = CARTESIAN_POINT ( 'NONE',  ( 1.544170949839312801, 2.907156682222198807, -6.270484665352668685 ) ) ;
#373 = CARTESIAN_POINT ( 'NONE',  ( 2.007510533122078833, -1.174469982217385855, 0.000000000000000000 ) ) ;
#374 = CARTESIAN_POINT ( 'NONE',  ( -10.63787394920072771, 1.324257236766670731, -23.65545133969366987 ) ) ;
#375 = SECURITY_CLASSIFICATION ( '', '', #35 ) ;
#376 = CARTESIAN_POINT ( 'NONE',  ( -12.21226234246819331, 6.242359876834432164, -23.19847575673707141 ) ) ;
#377 = APPLICATION_PROTOCOL_DEFINITION ( 'international standard', 'config_control_design', 1994, #630 ) ;
#378 = CARTESIAN_POINT ( 'NONE',  ( -11.04571748378199025, 3.318784842716503203, -26.09219342604644254 ) ) ;
#379 = CARTESIAN_POINT ( 'NONE',  ( -9.663364421591699838, 4.497768636839301060, -20.56099204909270384 ) ) ;
#380 = CARTESIAN_POINT ( 'NONE',  ( 0.1495329795495287939, 2.736015216114157322, -13.56939017713766482 ) ) ;
#381 = CARTESIAN_POINT ( 'NONE',  ( 1.174469982217384967, -2.007510533122079277, 0.000000000000000000 ) ) ;
#382 = CARTESIAN_POINT ( 'NONE',  ( -5.367844267837170946, 0.7156826247033931665, -15.23428764421710113 ) ) ;
#383 = PERSON_AND_ORGANIZATION_ROLE ( 'classification_officer' ) ;
#384 = CARTESIAN_POINT ( 'NONE',  ( 0.5890486225480863203, 2.250000000000000444, 0.000000000000000000 ) ) ;
#385 = CARTESIAN_POINT ( 'NONE',  ( 1.174469982217384967, -2.007510533122079277, 0.000000000000000000 ) ) ;
#386 = EDGE_CURVE ( 'NONE', #400, #478, #59, .T. ) ;
#387 = CARTESIAN_POINT ( 'NONE',  ( -11.92309042325136126, 2.590678302750130335, -25.75659657411425485 ) ) ;
#388 = CARTESIAN_POINT ( 'NONE',  ( -1.074635482137140219, -0.5205793507479651305, -3.496048929496537561 ) ) ;
#389 = CALENDAR_DATE ( 2026, 26, 7 ) ;
#390 = CARTESIAN_POINT ( 'NONE',  ( -5.291037946218133392, 2.912555439927823286, -21.32311061793775053 ) ) ;
#391 = CARTESIAN_POINT ( 'NONE',  ( 1.786115495623949556, -1.682276815617858023, -2.530506885037183462 ) ) ;
#392 = CARTESIAN_POINT ( 'NONE',  ( -9.986330770255216649, 4.659125649403956793, -25.51724237043792698 ) ) ;
#393 = CARTESIAN_POINT ( 'NONE',  ( 2.936989423752602413, 0.5348002986658496605, -6.777355416366188656 ) ) ;
#394 = CARTESIAN_POINT ( 'NONE',  ( -1.790721249096047796, -1.061831989316193603, -0.5154097387898843863 ) ) ;
#395 = PERSON_AND_ORGANIZATION_ROLE ( 'creator' ) ;
#396 = LOCAL_TIME ( 23, 44, 41.00000000000000000, #731 ) ;
#397 = CARTESIAN_POINT ( 'NONE',  ( 0.06564219472984181292, 2.575301602414364677, -2.066229974483333898 ) ) ;
#398 = CARTESIAN_POINT ( 'NONE',  ( -4.989696218213046208, -0.5011202076852274701, -16.48191128586279675 ) ) ;
#399 = CARTESIAN_POINT ( 'NONE',  ( -4.186763401173625887, 3.935163185590107027, -18.02356213217133885 ) ) ;
#400 = VERTEX_POINT ( 'NONE', #837 ) ;
#401 = CARTESIAN_POINT ( 'NONE',  ( 3.011541641401812353, 0.4946310944450669211, -5.794890691973344055 ) ) ;
#402 = DESIGN_CONTEXT ( 'detailed design', #630, 'design' ) ;
#403 = CARTESIAN_POINT ( 'NONE',  ( -8.502205546956083992, 1.748951143702180078, -18.40294702162250928 ) ) ;
#404 = CARTESIAN_POINT ( 'NONE',  ( -3.057510692770027738, 3.042531722236259561, -18.47245414568389776 ) ) ;
#405 = CARTESIAN_POINT ( 'NONE',  ( -3.262424693355289396, -0.8938009684181797976, -14.92802607310576413 ) ) ;
#406 = CARTESIAN_POINT ( 'NONE',  ( -8.149729342195053405, 4.573525996166725172, -23.57278566901112171 ) ) ;
#407 = ORIENTED_EDGE ( 'NONE', *, *, #914, .F. ) ;
#408 = CARTESIAN_POINT ( 'NONE',  ( -6.543560455997052827, 0.4532616024116604692, -21.02581695817984908 ) ) ;
#409 = CARTESIAN_POINT ( 'NONE',  ( -0.3839406000865739355, -1.175737542951041270, -8.519644220618131314 ) ) ;
#410 = APPROVAL_DATE_TIME ( #580, #176 ) ;
#411 = CARTESIAN_POINT ( 'NONE',  ( -0.3320593856007786893, 2.467756395650269496, -2.806874411929991986 ) ) ;
#412 = CARTESIAN_POINT ( 'NONE',  ( -8.295479357859813163, 2.313925581665729592, -18.20483925426157512 ) ) ;
#413 = CARTESIAN_POINT ( 'NONE',  ( -0.07356277250823706204, 2.805899902932462719, -5.530662939359923591 ) ) ;
#414 = CARTESIAN_POINT ( 'NONE',  ( -1.550013567845957230, 0.4070921698551354106, -2.015433877655139483 ) ) ;
#415 = CARTESIAN_POINT ( 'NONE',  ( -9.804129024820927185, 5.061498170182989753, -25.05329335891971709 ) ) ;
#416 = CARTESIAN_POINT ( 'NONE',  ( 2.813142198516513925, -0.03356040221386188960, -7.364455004737063604 ) ) ;
#417 = CARTESIAN_POINT ( 'NONE',  ( -0.9072761150296954069, 3.469331716523043951, -12.33197500352639508 ) ) ;
#418 = CARTESIAN_POINT ( 'NONE',  ( -1.384953024647147979, 0.5385895892678870256, -2.744724314851918479 ) ) ;
#419 = CARTESIAN_POINT ( 'NONE',  ( -0.5176900179182513106, 2.345100440663498986, -1.974626312763557934 ) ) ;
#420 = CARTESIAN_POINT ( 'NONE',  ( 2.951036126830327344, -0.2354515077789764155, -3.428913444245104358 ) ) ;
#421 = CARTESIAN_POINT ( 'NONE',  ( -8.551152807301994230, 5.110485491342100062, -21.87671247334885294 ) ) ;
#422 = DIRECTION ( 'NONE',  ( 0.5879089622600506271, -0.7628816768123986014, 0.2690252762812696541 ) ) ;
#423 = CARTESIAN_POINT ( 'NONE',  ( -1.588289687916360382, 1.388641052482779914, -1.054948370171817862 ) ) ;
#424 = CARTESIAN_POINT ( 'NONE',  ( 1.936321048874189765, -1.507797341826162985, -4.380971649539701751 ) ) ;
#425 = ORIENTED_EDGE ( 'NONE', *, *, #1039, .F. ) ;
#426 = CARTESIAN_POINT ( 'NONE',  ( -5.822896875452087784, 4.238599242552458790, -18.92359439630259743 ) ) ;
#427 = CARTESIAN_POINT ( 'NONE',  ( 2.883673630289051992, 1.138193574695197441, -7.464637285427835778 ) ) ;
#428 = CARTESIAN_POINT ( 'NONE',  ( -11.37935881130215066, 1.722204401099953985, -21.47924486829848689 ) ) ;
#429 = CIRCLE ( 'NONE', #610, 2.250000000000000000 ) ;
#430 = CARTESIAN_POINT ( 'NONE',  ( -11.29142395537524735, 5.847210907388372014, -26.33134513100938179 ) ) ;
#431 = CARTESIAN_POINT ( 'NONE',  ( -3.569385507333698637, 0.3045219685412984822, -18.75326884899568114 ) ) ;
#432 = CARTESIAN_POINT ( 'NONE',  ( -1.561687224223593073, -0.1815808125276845153, -1.998525828538573856 ) ) ;
#433 = CARTESIAN_POINT ( 'NONE',  ( 1.023141606715583851, -1.223253197253722391, -9.618229724722919372 ) ) ;
#434 = CARTESIAN_POINT ( 'NONE',  ( -0.8227047690560354010, 0.9523767601233229518, -16.17629393096274626 ) ) ;
#435 = CARTESIAN_POINT ( 'NONE',  ( -1.561687224223593073, -0.1815808125276845153, -1.998525828538573856 ) ) ;
#436 = CARTESIAN_POINT ( 'NONE',  ( 2.993287179637245998, 0.3764788798859108332, -3.776663433178864437 ) ) ;
#437 = CARTESIAN_POINT ( 'NONE',  ( -14.76516034676379263, 3.522450328706760558, -25.33246683864673798 ) ) ;
#438 = CARTESIAN_POINT ( 'NONE',  ( -1.189440233395779867, 0.3060096548495690461, -4.891817079105151400 ) ) ;
#439 = CARTESIAN_POINT ( 'NONE',  ( 2.965689049993282644, 0.3530226028508139935, -3.450328417867542630 ) ) ;
#440 = CARTESIAN_POINT ( 'NONE',  ( 2.007510533122079277, 1.174469982217385411, 0.000000000000000000 ) ) ;
#441 = CARTESIAN_POINT ( 'NONE',  ( -1.513477357868989071, 0.7334972811868553100, -7.732594656570628722 ) ) ;
#442 = CARTESIAN_POINT ( 'NONE',  ( 1.060026734857854036, 0.5403868723187288392, -12.83834515896811723 ) ) ;
#443 = CARTESIAN_POINT ( 'NONE',  ( -7.175480633951011100, -0.01184821451898640868, -20.13193914253495009 ) ) ;
#444 = CARTESIAN_POINT ( 'NONE',  ( -7.367069794694848461, 3.800411775907887701, -18.50464510653092987 ) ) ;
#445 = CARTESIAN_POINT ( 'NONE',  ( -10.63787394920072771, 1.324257236766670731, -23.65545133969366987 ) ) ;
#446 = CARTESIAN_POINT ( 'NONE',  ( 3.047267340790049239, 1.009585962101573253, -4.480367229043281441 ) ) ;
#447 = CARTESIAN_POINT ( 'NONE',  ( -5.052916431051794000, 2.458331699084620237, -15.03541919707349983 ) ) ;
#448 = CARTESIAN_POINT ( 'NONE',  ( 2.236522908225105244, 1.265379523264771322, -0.6955148948452738455 ) ) ;
#449 = CARTESIAN_POINT ( 'NONE',  ( -4.139986281066585505, -0.4792902016024790934, -18.04744911347085790 ) ) ;
#450 = CARTESIAN_POINT ( 'NONE',  ( -2.250000000000000444, -0.5890486225480859872, 0.000000000000000000 ) ) ;
#451 = CARTESIAN_POINT ( 'NONE',  ( 3.026348521922003876, 0.4790442958884566504, -5.464669870943906105 ) ) ;
#452 = CARTESIAN_POINT ( 'NONE',  ( -1.507633254516472121, 1.513758638751649954, -17.18060703680420076 ) ) ;
#453 = CARTESIAN_POINT ( 'NONE',  ( -1.612139327613924866, -0.9598365971758462400, -1.022579029291256436 ) ) ;
#454 = CARTESIAN_POINT ( 'NONE',  ( 2.702479972557586763, 1.742666315077600281, -7.406494332257081759 ) ) ;
#455 = CARTESIAN_POINT ( 'NONE',  ( -2.925759673110974290, -0.9449537519323611967, -15.46860526856780815 ) ) ;
#456 = CARTESIAN_POINT ( 'NONE',  ( -1.418758892887075351, 1.084968704754168067, -2.530293050428094936 ) ) ;
#457 = CARTESIAN_POINT ( 'NONE',  ( -1.595212230593151315, 0.8805465366614303457, -17.17659504670735160 ) ) ;
#458 = CARTESIAN_POINT ( 'NONE',  ( -2.453171601432956539, 0.5843027803174436485, -10.58522148130056806 ) ) ;
#459 = CARTESIAN_POINT ( 'NONE',  ( 1.527262456795748902, 2.770022330130031296, -4.432008912288003977 ) ) ;
#460 = CARTESIAN_POINT ( 'NONE',  ( -11.37935881130215066, 1.722204401099953985, -21.47924486829848689 ) ) ;
#461 = CARTESIAN_POINT ( 'NONE',  ( -1.612139327613924866, -0.9598365971758462400, -1.022579029291256436 ) ) ;
#462 = CARTESIAN_POINT ( 'NONE',  ( -14.49240668990412573, 3.548766293241070624, -25.85389870610988439 ) ) ;
#463 = CARTESIAN_POINT ( 'NONE',  ( 2.002303153551855175, 2.420370505512733139, -3.610429064853777792 ) ) ;
#464 = CARTESIAN_POINT ( 'NONE',  ( -0.3255822259358318038, -1.130824145669275138, -5.719691837161684056 ) ) ;
#465 = CARTESIAN_POINT ( 'NONE',  ( 2.094116502630226417, 2.564315927419130947, -5.545885831693166956 ) ) ;
#466 = CC_DESIGN_APPROVAL ( #176, ( #1035 ) ) ;
#467 = CARTESIAN_POINT ( 'NONE',  ( -8.295479357859813163, 2.313925581665729592, -18.20483925426157512 ) ) ;
#468 = ADVANCED_FACE ( 'NONE', ( #63 ), #217, .T. ) ;
#469 = PERSON_AND_ORGANIZATION ( #549, #75 ) ;
#470 = CARTESIAN_POINT ( 'NONE',  ( -12.84945671853329507, 4.332161640036881423, -27.22279259605856794 ) ) ;
#471 = CARTESIAN_POINT ( 'NONE',  ( -5.896637315865171480, -0.2261119283440525540, -17.18310668538426711 ) ) ;
#472 = CARTESIAN_POINT ( 'NONE',  ( 2.007510533122079277, 1.174469982217385411, 0.000000000000000000 ) ) ;
#473 = CARTESIAN_POINT ( 'NONE',  ( -7.730572531656583202, 0.4449619766355497608, -18.51680016552405306 ) ) ;
#474 = CARTESIAN_POINT ( 'NONE',  ( -4.043627967673452339, 1.252558098951162879, -13.24520173375722187 ) ) ;
#475 = CARTESIAN_POINT ( 'NONE',  ( 1.012270408270783406, 2.435464688620555318, -1.285228479549749947 ) ) ;
#476 = CARTESIAN_POINT ( 'NONE',  ( 0.1819550709893942853, -1.425611921649303726, -5.959626718227063691 ) ) ;
#477 = CARTESIAN_POINT ( 'NONE',  ( -8.694242447864795054, 3.201433741138070665, -24.65567496083129129 ) ) ;
#478 = VERTEX_POINT ( 'NONE', #571 ) ;
#479 = CARTESIAN_POINT ( 'NONE',  ( -1.616549308208603764, 0.3609577939656801737, -1.767400164665047679 ) ) ;
#480 = CARTESIAN_POINT ( 'NONE',  ( -6.093416436432885774, 1.078180616668979575, -16.00118540931157085 ) ) ;
#481 = PERSON_AND_ORGANIZATION ( #549, #75 ) ;
#482 = CARTESIAN_POINT ( 'NONE',  ( -10.60906120402197672, 3.785104892245211072, -26.03825737602934254 ) ) ;
#483 = CARTESIAN_POINT ( 'NONE',  ( -10.83484570562844596, 3.094296656128359135, -20.39635557647435604 ) ) ;
#484 = CARTESIAN_POINT ( 'NONE',  ( 0.3016519828054356478, 3.187507602944144036, -8.001550634514382310 ) ) ;
#485 = CARTESIAN_POINT ( 'NONE',  ( -3.256383214443846263, 2.178293686013130337, -12.52214787034277244 ) ) ;
#486 = CARTESIAN_POINT ( 'NONE',  ( -1.174469982217386299, -2.007510533122078389, 0.000000000000000000 ) ) ;
#487 = PERSON_AND_ORGANIZATION_ROLE ( 'design_supplier' ) ;
#488 = CARTESIAN_POINT ( 'NONE',  ( 1.005400152019460869, 3.073460224364161331, -9.822137711829030948 ) ) ;
#489 = CARTESIAN_POINT ( 'NONE',  ( 1.306628756339758057, -1.573484109289669863, -5.925642765974464155 ) ) ;
#490 = CARTESIAN_POINT ( 'NONE',  ( -0.4499492973780676586, 2.387210979592682580, -2.252925392114839998 ) ) ;
#491 = FACE_OUTER_BOUND ( 'NONE', #829, .T. ) ;
#492 = CARTESIAN_POINT ( 'NONE',  ( -13.00000000000000000, 4.999999999999999112, -24.99999999999999289 ) ) ;
#493 = CARTESIAN_POINT ( 'NONE',  ( 0.9665802755882614283, -2.063649628252379742, -1.223216663084778055 ) ) ;
#494 = APPROVAL_STATUS ( 'not_yet_approved' ) ;
#495 = CARTESIAN_POINT ( 'NONE',  ( -0.1005262816601762282, 2.713269828373641168, -4.720397863008985340 ) ) ;
#496 = CARTESIAN_POINT ( 'NONE',  ( -13.15054328146669782, 5.667838359963117689, -22.77720740394142496 ) ) ;
#497 = CARTESIAN_POINT ( 'NONE',  ( -2.288836528833882777, 3.660117706120242786, -15.49778269745664971 ) ) ;
#498 = CARTESIAN_POINT ( 'NONE',  ( -7.572973768065776490, 0.5883827234407549289, -21.70092801694520190 ) ) ;
#499 = CARTESIAN_POINT ( 'NONE',  ( -1.140777219211987603, 2.434378261492961215, -8.110433403042989653 ) ) ;
#500 = CARTESIAN_POINT ( 'NONE',  ( 2.824727693784910620, -0.3213045407171751244, -2.410395717775118740 ) ) ;
#501 = CARTESIAN_POINT ( 'NONE',  ( 0.4441016497373527216, 2.888902071485853540, -4.658124720189344536 ) ) ;
#502 = CARTESIAN_POINT ( 'NONE',  ( -10.28967966377297572, 5.594696656647030863, -22.87978155898344923 ) ) ;
#503 = CARTESIAN_POINT ( 'NONE',  ( -0.1663316845646645448, 2.614363419350163031, -3.904876574624001950 ) ) ;
#504 = CC_DESIGN_PERSON_AND_ORGANIZATION_ASSIGNMENT ( #481, #395, ( #259 ) ) ;
#505 = CARTESIAN_POINT ( 'NONE',  ( 2.699421073083776879, -0.8125706829057931513, -3.356898831270854977 ) ) ;
#506 = CARTESIAN_POINT ( 'NONE',  ( -1.368684338714147630, 1.126944429611764331, -2.768317228526257612 ) ) ;
#507 = CARTESIAN_POINT ( 'NONE',  ( 2.965689049993282644, 0.3530226028508139935, -3.450328417867542630 ) ) ;
#508 = CARTESIAN_POINT ( 'NONE',  ( -0.9355886521896387142, 1.899014826309636250, -4.122798273598576202 ) ) ;
#509 = CARTESIAN_POINT ( 'NONE',  ( 1.919205586994197521, -1.438648045605543047, -5.287948526718144748 ) ) ;
#510 = CARTESIAN_POINT ( 'NONE',  ( 2.993287179637245998, 0.3764788798859108332, -3.776663433178864437 ) ) ;
#511 = CARTESIAN_POINT ( 'NONE',  ( -2.265853183003873283, 2.346166531541509226, -10.77427875680005798 ) ) ;
#512 = DIRECTION ( 'NONE',  ( 1.000000000000000000, 0.000000000000000000, 0.000000000000000000 ) ) ;
#513 = CARTESIAN_POINT ( 'NONE',  ( 0.2462677038244641958, 2.691344564348662427, -2.938166859666670128 ) ) ;
#514 = CARTESIAN_POINT ( 'NONE',  ( 2.639969794878852305, -0.4212524737801798258, -1.383928681423409968 ) ) ;
#515 = CARTESIAN_POINT ( 'NONE',  ( -1.285665042049166207, 0.07556688200942004996, -3.455806311008086773 ) ) ;
#516 = DIRECTION ( 'NONE',  ( -0.6632918621796118908, -0.6449927585595238710, -0.3795105360488405521 ) ) ;
#517 = CARTESIAN_POINT ( 'NONE',  ( -2.265853183003873283, 2.346166531541509226, -10.77427875680005798 ) ) ;
#518 = CARTESIAN_POINT ( 'NONE',  ( -7.610659385511686637, 0.1459915625711624976, -19.05779613934811678 ) ) ;
#519 = CARTESIAN_POINT ( 'NONE',  ( -4.254639685819551431, 0.7281591844633791277, -19.84136175892767540 ) ) ;
#520 = APPROVAL_PERSON_ORGANIZATION ( #469, #873, #29 ) ;
#521 = CARTESIAN_POINT ( 'NONE',  ( -3.092065738045620016, 2.720482757614467673, -12.68951801114194211 ) ) ;
#522 = CARTESIAN_POINT ( 'NONE',  ( 2.645950619261101977, 0.1676802131177035082, -1.392046009216880043 ) ) ;
#523 = CARTESIAN_POINT ( 'NONE',  ( -8.551152807301994230, 5.110485491342100062, -21.87671247334885294 ) ) ;
#524 = COORDINATED_UNIVERSAL_TIME_OFFSET ( 8, 0, .AHEAD. ) ;
#525 = CARTESIAN_POINT ( 'NONE',  ( 2.522187470261923803, 1.168956216636173551, -9.367483977803034989 ) ) ;
#526 = CARTESIAN_POINT ( 'NONE',  ( -4.229393163480803075, 3.706006822141606705, -16.00180038364057822 ) ) ;
#527 = DIRECTION ( 'NONE',  ( 0.000000000000000000, 0.000000000000000000, 1.000000000000000000 ) ) ;
#528 = CARTESIAN_POINT ( 'NONE',  ( 2.756055898715464636, -0.7401618201120919727, -4.330181966509786484 ) ) ;
#529 = CARTESIAN_POINT ( 'NONE',  ( -6.702788408712752499, 4.343496687247214716, -19.30835777226230476 ) ) ;
#530 = CARTESIAN_POINT ( 'NONE',  ( 1.060026734857854036, 0.5403868723187288392, -12.83834515896811723 ) ) ;
#531 = CARTESIAN_POINT ( 'NONE',  ( 2.845217861843091445, 0.8561954086317462576, -2.439759581537446209 ) ) ;
#532 = CARTESIAN_POINT ( 'NONE',  ( -12.21226234246819331, 6.242359876834432164, -23.19847575673707141 ) ) ;
#533 = CARTESIAN_POINT ( 'NONE',  ( 1.439041250033359587, 2.738949035313072322, -10.14449155086828824 ) ) ;
#534 = CARTESIAN_POINT ( 'NONE',  ( 2.645950619261101977, 0.1676802131177035082, -1.392046009216880043 ) ) ;
#535 = CARTESIAN_POINT ( 'NONE',  ( -1.281189811142272150, 1.210310507065893715, -3.262462852872325847 ) ) ;
#536 = PERSON_AND_ORGANIZATION_ROLE ( 'design_owner' ) ;
#537 = CARTESIAN_POINT ( 'NONE',  ( 2.670404048531991315, 1.477450123995753817, -2.761157276415989958 ) ) ;
#538 = CARTESIAN_POINT ( 'NONE',  ( -7.726158590708066320, 3.342823789290743530, -18.25584534018485883 ) ) ;
#539 = CARTESIAN_POINT ( 'NONE',  ( -9.061462426438529505, 2.669727942347948968, -24.75188679102400968 ) ) ;
#540 = CARTESIAN_POINT ( 'NONE',  ( 0.5392635205914360075, -1.367340895323217120, -9.232308124741738453 ) ) ;
#541 = CARTESIAN_POINT ( 'NONE',  ( 2.250000000000000444, 0.000000000000000000, 0.000000000000000000 ) ) ;
#542 = CARTESIAN_POINT ( 'NONE',  ( -8.307306916044293388, 5.052105930856885863, -22.47561199123810738 ) ) ;
#543 = CARTESIAN_POINT ( 'NONE',  ( -11.50759331009587250, 6.451233706758928044, -24.14610129389010140 ) ) ;
#544 = CARTESIAN_POINT ( 'NONE',  ( 2.369778386651815616, 1.780729151199549776, -9.300359793536067343 ) ) ;
#545 = CARTESIAN_POINT ( 'NONE',  ( -1.384094321978021513, 0.1163393227944342773, -7.802550227639850178 ) ) ;
#546 = CARTESIAN_POINT ( 'NONE',  ( 1.504226983323924127, 2.741842194463697258, -4.110477091589944010 ) ) ;
#547 = CARTESIAN_POINT ( 'NONE',  ( 2.834972777814000811, 0.2674454339572855943, -2.425077649656282475 ) ) ;
#548 = CARTESIAN_POINT ( 'NONE',  ( -0.9996594694638657463, -0.2961696992598760736, -4.946128072663521280 ) ) ;
#549 = PERSON ( '未指定', '未指定', '未指定', ('未指定'), ('未指定'), ('未指定') ) ;
#550 = CARTESIAN_POINT ( 'NONE',  ( 2.073919767430325578, 0.5829258929901151021, -10.53197876347690354 ) ) ;
#551 = CARTESIAN_POINT ( 'NONE',  ( 0.2845351820406993304, 3.123587245927827105, -12.08469332004546537 ) ) ;
#552 = CARTESIAN_POINT ( 'NONE',  ( -1.225575071293407259, -0.6845611123771389028, -2.516911508562828637 ) ) ;
#553 = CARTESIAN_POINT ( 'NONE',  ( 2.836145591490994988, 1.680951191214407503, -5.785124183698676426 ) ) ;
#554 = CARTESIAN_POINT ( 'NONE',  ( 1.306628756339758057, -1.573484109289669863, -5.925642765974464155 ) ) ;
#555 = CARTESIAN_POINT ( 'NONE',  ( -0.2083775781753247625, -2.050721163089193055, -1.125459790304679242 ) ) ;
#556 = CARTESIAN_POINT ( 'NONE',  ( -4.019526535957314017, 1.300347865197158059, -19.95692707968574808 ) ) ;
#557 = CARTESIAN_POINT ( 'NONE',  ( -2.098267323175780241, 1.044208078883795521, -9.599915889735404662 ) ) ;
#558 = CARTESIAN_POINT ( 'NONE',  ( 0.8239671836097168800, 2.348392896846443367, -0.6444676654781847924 ) ) ;
#559 = CARTESIAN_POINT ( 'NONE',  ( -14.43255338341881533, 4.519548323908228582, -23.23182713788450116 ) ) ;
#560 = CARTESIAN_POINT ( 'NONE',  ( -1.165081967620244185, -0.01809056499242289381, -6.843905883478155872 ) ) ;
#561 = CALENDAR_DATE ( 2026, 26, 7 ) ;
#562 = CARTESIAN_POINT ( 'NONE',  ( 1.747255228593322940, 2.715430704835159137, -8.938175258045284011 ) ) ;
#563 = CARTESIAN_POINT ( 'NONE',  ( -3.046407912662207895, -0.5453244789357071243, -13.16981108403227019 ) ) ;
#564 = CARTESIAN_POINT ( 'NONE',  ( 1.501944353235338259, 2.942286413496981279, -6.866634730700092781 ) ) ;
#565 = CARTESIAN_POINT ( 'NONE',  ( 1.410055815528361123, -1.261646275305130294, -8.489715128047524928 ) ) ;
#566 = CARTESIAN_POINT ( 'NONE',  ( 0.000000000000000000, 0.000000000000000000, 0.000000000000000000 ) ) ;
#567 = CARTESIAN_POINT ( 'NONE',  ( -0.5295182403862624954, -1.625249681416499614, -2.137678244777175163 ) ) ;
#568 = CARTESIAN_POINT ( 'NONE',  ( -5.434040996097648346, 2.347644837692111075, -21.56166182487389804 ) ) ;
#569 = CARTESIAN_POINT ( 'NONE',  ( -5.311868751773888953, 0.1841848983026192488, -15.57679535142753302 ) ) ;
#570 = CARTESIAN_POINT ( 'NONE',  ( 0.3710395508332335335, 2.794391757451431424, -3.791630471510369915 ) ) ;
#571 = CARTESIAN_POINT ( 'NONE',  ( 2.250000000000000444, 0.000000000000000000, 0.000000000000000000 ) ) ;
#572 = CARTESIAN_POINT ( 'NONE',  ( 0.2231271775505280497, -1.698069272701727472, -3.575865978021592451 ) ) ;
#573 = CARTESIAN_POINT ( 'NONE',  ( 1.964212577027883322, 2.392865930299249211, -3.298298929852130801 ) ) ;
#574 = CARTESIAN_POINT ( 'NONE',  ( -8.502205546956083992, 1.748951143702180078, -18.40294702162250928 ) ) ;
#575 = CARTESIAN_POINT ( 'NONE',  ( -6.031571374247775452, 4.164789225446280163, -20.94393680970695826 ) ) ;
#576 = EDGE_LOOP ( 'NONE', ( #1010, #425, #1024, #1098 ) ) ;
#577 = CARTESIAN_POINT ( 'NONE',  ( -12.66763321966110567, 2.255333348351690415, -24.87135601793735518 ) ) ;
#578 = CARTESIAN_POINT ( 'NONE',  ( 1.368392936062611254, -1.721144370593255868, -4.197543333812040700 ) ) ;
#579 = AXIS2_PLACEMENT_3D ( 'NONE', #333, #422, #516 ) ;
#580 = DATE_AND_TIME ( #561, #816 ) ;
#581 = CARTESIAN_POINT ( 'NONE',  ( -1.167143839140623029, 1.662087879881065433, -2.602307663402344762 ) ) ;
#582 = CARTESIAN_POINT ( 'NONE',  ( 0.9665802755882614283, -2.063649628252379742, -1.223216663084778055 ) ) ;
#583 = CARTESIAN_POINT ( 'NONE',  ( 0.2845351820406993304, 3.123587245927827105, -12.08469332004546537 ) ) ;
#584 = CARTESIAN_POINT ( 'NONE',  ( 2.472716534366017349, 0.5854744170970889172, -9.301689846842135623 ) ) ;
#585 = CARTESIAN_POINT ( 'NONE',  ( -5.311868751773888953, 0.1841848983026192488, -15.57679535142753302 ) ) ;
#586 = CARTESIAN_POINT ( 'NONE',  ( -11.56744661658118112, 5.480451676091770530, -26.76817286211549174 ) ) ;
#587 = CARTESIAN_POINT ( 'NONE',  ( 0.2609651575459461248, -1.568578883555702186, -4.652616916371459688 ) ) ;
#588 = CARTESIAN_POINT ( 'NONE',  ( 0.4570037604263232911, 2.917907633303545190, -4.941710760024363935 ) ) ;
#589 = CARTESIAN_POINT ( 'NONE',  ( -3.569385507333698637, 0.3045219685412984822, -18.75326884899568114 ) ) ;
#590 = EDGE_CURVE ( 'NONE', #46, #1132, #22, .T. ) ;
#591 = CARTESIAN_POINT ( 'NONE',  ( -1.320192174667351503, 3.402686148545370326, -11.85414400000668245 ) ) ;
#592 = CARTESIAN_POINT ( 'NONE',  ( -2.285164166213630832, -0.5822952538641108511, -16.40000398177776475 ) ) ;
#593 = CARTESIAN_POINT ( 'NONE',  ( -3.266097055977040142, 3.348611991565925816, -14.02580478878564563 ) ) ;
#594 = CARTESIAN_POINT ( 'NONE',  ( 2.250000000000000444, 0.5890486225480862092, 0.000000000000000000 ) ) ;
#595 = CARTESIAN_POINT ( 'NONE',  ( 0.4015964282468909019, 2.827710448117317643, -4.088304890351537324 ) ) ;
#596 = CARTESIAN_POINT ( 'NONE',  ( 1.410055815528361123, -1.261646275305130294, -8.489715128047524928 ) ) ;
#597 = CARTESIAN_POINT ( 'NONE',  ( -6.702788408712752499, 4.343496687247214716, -19.30835777226230476 ) ) ;
#598 = CARTESIAN_POINT ( 'NONE',  ( -13.00000000000000000, 4.999999999999999112, -24.99999999999999289 ) ) ;
#599 = CARTESIAN_POINT ( 'NONE',  ( -0.5179147017340957060, 3.405313789795793689, -11.26447766779610049 ) ) ;
#600 = CARTESIAN_POINT ( 'NONE',  ( 2.012902625060945638, 0.001626385754025057827, -10.45477025107438429 ) ) ;
#601 = CARTESIAN_POINT ( 'NONE',  ( -1.448064739213246632, -0.09197951650542979252, -2.487463103183281898 ) ) ;
#602 = CARTESIAN_POINT ( 'NONE',  ( -1.595212230593151315, 0.8805465366614303457, -17.17659504670735160 ) ) ;
#603 = CARTESIAN_POINT ( 'NONE',  ( -5.822896875452087784, 4.238599242552458790, -18.92359439630259743 ) ) ;
#604 = CARTESIAN_POINT ( 'NONE',  ( 0.7091084135832587121, -0.5426906932050334920, -12.45929572238971872 ) ) ;
#605 = CARTESIAN_POINT ( 'NONE',  ( -4.729706507479676247, 3.876999935936082053, -16.98795138457529674 ) ) ;
#606 = CARTESIAN_POINT ( 'NONE',  ( -12.66763321966110567, 2.255333348351690415, -24.87135601793735518 ) ) ;
#607 = CARTESIAN_POINT ( 'NONE',  ( -1.538339911468321386, 0.9957651522379553644, -2.032341926771705332 ) ) ;
#608 = CARTESIAN_POINT ( 'NONE',  ( -12.97681490735836185, 2.177335736807833655, -24.37357419378448853 ) ) ;
#609 = CARTESIAN_POINT ( 'NONE',  ( 3.055654406358238262, 1.030999195514571642, -4.830041913155679545 ) ) ;
#610 = AXIS2_PLACEMENT_3D ( 'NONE', #81, #527, #512 ) ;
#611 = CARTESIAN_POINT ( 'NONE',  ( -1.116587580849762062, 1.702940692717434423, -2.847372498019002052 ) ) ;
#612 = CARTESIAN_POINT ( 'NONE',  ( -6.224226125505189167, 0.7762688314251139365, -21.39316213738701578 ) ) ;
#613 = CARTESIAN_POINT ( 'NONE',  ( 2.905895223335275723, -0.05171420941703438329, -6.732215717293818180 ) ) ;
#614 = CARTESIAN_POINT ( 'NONE',  ( -11.12460685781233849, 6.347299636356986241, -25.27778144616520706 ) ) ;
#615 = CARTESIAN_POINT ( 'NONE',  ( 2.472687665548241931, 0.08973092546081447296, -0.6977005750593766598 ) ) ;
#616 = CARTESIAN_POINT ( 'NONE',  ( -0.9870222454547584734, 0.4101876885224196578, -16.00892379016456601 ) ) ;
#617 = CARTESIAN_POINT ( 'NONE',  ( -1.165081967620244185, -0.01809056499242289381, -6.843905883478155872 ) ) ;
#618 = CARTESIAN_POINT ( 'NONE',  ( 2.078068709435643591, 2.499342417155842266, -4.590168146626387724 ) ) ;
#619 = APPROVAL ( #1019, '未指定' ) ;
#620 = CARTESIAN_POINT ( 'NONE',  ( 2.012902625060945638, 0.001626385754025057827, -10.45477025107438429 ) ) ;
#621 = CARTESIAN_POINT ( 'NONE',  ( -2.007510533122079721, -1.174469982217384079, 0.000000000000000000 ) ) ;
#622 = CARTESIAN_POINT ( 'NONE',  ( -14.21965303304445882, 3.575082257775381134, -26.37533057357303079 ) ) ;
#623 = CARTESIAN_POINT ( 'NONE',  ( -1.590017707465470442, -0.5911089222845415936, -10.09482573251577087 ) ) ;
#624 = CARTESIAN_POINT ( 'NONE',  ( 1.805945122175666828, 2.296288236309875330, -2.317925185697915502 ) ) ;
#625 = CARTESIAN_POINT ( 'NONE',  ( 2.639969794878852305, -0.4212524737801798258, -1.383928681423409968 ) ) ;
#626 = CARTESIAN_POINT ( 'NONE',  ( -6.774151383895911316, 3.450482196608234631, -17.66237140145053175 ) ) ;
#627 = CARTESIAN_POINT ( 'NONE',  ( 2.936989423752602413, 0.5348002986658496605, -6.777355416366188656 ) ) ;
#628 = CARTESIAN_POINT ( 'NONE',  ( -6.543560455997052827, 0.4532616024116604692, -21.02581695817984908 ) ) ;
#629 = CARTESIAN_POINT ( 'NONE',  ( -1.181461964888779193, -0.6432326872898598280, -2.753291405753207854 ) ) ;
#630 = APPLICATION_CONTEXT ( 'configuration controlled 3d designs of mechanical parts and assemblies' ) ;
#631 = CARTESIAN_POINT ( 'NONE',  ( 1.397949617421382795, 2.653783684866795056, -3.184637982599982209 ) ) ;
#632 = CARTESIAN_POINT ( 'NONE',  ( -12.97144741797343315, 3.189647376429315173, -22.23447699919522691 ) ) ;
#633 = CARTESIAN_POINT ( 'NONE',  ( 2.472687665548241931, 0.08973092546081447296, -0.6977005750593766598 ) ) ;
#634 = CARTESIAN_POINT ( 'NONE',  ( -13.15054328146669782, 5.667838359963117689, -22.77720740394142496 ) ) ;
#635 = CARTESIAN_POINT ( 'NONE',  ( 0.4365372903812118066, 0.5034787658392309018, -13.93798117919217283 ) ) ;
#636 = CARTESIAN_POINT ( 'NONE',  ( -12.66763321966110567, 2.255333348351690415, -24.87135601793735518 ) ) ;
#637 = CARTESIAN_POINT ( 'NONE',  ( -1.018580548333289704, -0.2259918232300462404, -5.419767116669823359 ) ) ;
#638 = CARTESIAN_POINT ( 'NONE',  ( 2.064147699065403518, 2.619172818264265956, -6.491326475300541077 ) ) ;
#639 = CARTESIAN_POINT ( 'NONE',  ( -8.643065311217869251, 0.8369542555174656062, -19.13452618887615841 ) ) ;
#640 = CARTESIAN_POINT ( 'NONE',  ( 0.1689149721230845114, -1.768595470373497403, -3.035495067306396511 ) ) ;
#641 = CARTESIAN_POINT ( 'NONE',  ( -3.759677504920246882, 2.975968795025286884, -19.44976857898375044 ) ) ;
#642 = CARTESIAN_POINT ( 'NONE',  ( -0.3080793451263370009, -1.392776339631841109, -3.695680077537188080 ) ) ;
#643 = CARTESIAN_POINT ( 'NONE',  ( 2.670404048531991315, 1.477450123995753817, -2.761157276415989958 ) ) ;
#644 = CARTESIAN_POINT ( 'NONE',  ( -0.2855043082910678209, -1.191848356665853981, -5.222985719242921654 ) ) ;
#645 = CARTESIAN_POINT ( 'NONE',  ( 1.805945122175666828, 2.296288236309875330, -2.317925185697915502 ) ) ;
#646 = CARTESIAN_POINT ( 'NONE',  ( -10.46762572705867456, 3.626002454918976881, -20.30014374627767282 ) ) ;
#647 = CARTESIAN_POINT ( 'NONE',  ( -0.2053593964970350239, 3.024284861512256395, -7.654550548966703616 ) ) ;
#648 = CARTESIAN_POINT ( 'NONE',  ( -2.453171601432956539, 0.5843027803174436485, -10.58522148130056806 ) ) ;
#649 = CARTESIAN_POINT ( 'NONE',  ( 2.094116502630226417, 2.564315927419130947, -5.545885831693166956 ) ) ;
#650 = CARTESIAN_POINT ( 'NONE',  ( 1.864336619543949469, -1.618239198675209378, -3.152332082743402264 ) ) ;
#651 = CARTESIAN_POINT ( 'NONE',  ( -2.153987687892573888, 3.603515130279845380, -13.92591734145650761 ) ) ;
#652 = ORIENTED_EDGE ( 'NONE', *, *, #386, .F. ) ;
#653 = CARTESIAN_POINT ( 'NONE',  ( 2.848407914402782737, 0.5523165862406678173, -7.414546145082449691 ) ) ;
#654 = CARTESIAN_POINT ( 'NONE',  ( 0.1343276165217875129, -1.804266487891668547, -2.774568512073345872 ) ) ;
#655 = PERSON_AND_ORGANIZATION ( #549, #75 ) ;
#656 = CARTESIAN_POINT ( 'NONE',  ( 0.1319768324264082859, 2.615333056810529744, -2.357789663305735139 ) ) ;
#657 = CARTESIAN_POINT ( 'NONE',  ( 0.1343276165217875129, -1.804266487891668547, -2.774568512073345872 ) ) ;
#658 = CARTESIAN_POINT ( 'NONE',  ( -5.291037946218133392, 2.912555439927823286, -21.32311061793775053 ) ) ;
#659 = DIRECTION ( 'NONE',  ( 0.000000000000000000, 0.000000000000000000, 1.000000000000000000 ) ) ;
#660 = CARTESIAN_POINT ( 'NONE',  ( -12.34909009170167593, 4.064032507824759222, -21.71267090352525031 ) ) ;
#661 = DATE_TIME_ROLE ( 'creation_date' ) ;
#662 = CARTESIAN_POINT ( 'NONE',  ( -5.964837558546634000, 3.823382699499697335, -21.47290326746667333 ) ) ;
#663 = CARTESIAN_POINT ( 'NONE',  ( 0.5890486225480857652, -2.250000000000000444, 0.000000000000000000 ) ) ;
#664 = CARTESIAN_POINT ( 'NONE',  ( -3.379683226335825630, 3.727836828224106114, -17.56733821124963058 ) ) ;
#665 = CARTESIAN_POINT ( 'NONE',  ( 3.026348521922003876, 0.4790442958884566504, -5.464669870943906105 ) ) ;
#666 = CARTESIAN_POINT ( 'NONE',  ( 1.152781274875537942, -1.946898374491540906, -2.126247839837896780 ) ) ;
#667 =( GEOMETRIC_REPRESENTATION_CONTEXT ( 3 ) GLOBAL_UNCERTAINTY_ASSIGNED_CONTEXT ( ( #1053 ) ) GLOBAL_UNIT_ASSIGNED_CONTEXT ( ( #806, #179, #111 ) ) REPRESENTATION_CONTEXT ( 'NONE', 'WORKASPACE' ) );
#668 = CARTESIAN_POINT ( 'NONE',  ( -0.2830798219456732712, 2.504990133052500401, -3.071770612431091063 ) ) ;
#669 = CARTESIAN_POINT ( 'NONE',  ( 1.370476565579285655, -1.668071968815400208, -4.778223141606864566 ) ) ;
#670 = CARTESIAN_POINT ( 'NONE',  ( -0.9406843631185728416, 2.115367950309408940, -0.5705705967133487544 ) ) ;
#671 = CC_DESIGN_PERSON_AND_ORGANIZATION_ASSIGNMENT ( #122, #487, ( #259 ) ) ;
#672 = CARTESIAN_POINT ( 'NONE',  ( 3.027905656403386825, 0.4215241883987535521, -4.452123722891214719 ) ) ;
#673 = CARTESIAN_POINT ( 'NONE',  ( -9.986330770255216649, 4.659125649403956793, -25.51724237043792698 ) ) ;
#674 = CARTESIAN_POINT ( 'NONE',  ( -4.725483085273319617, -0.6507075930693390076, -17.03894596057322275 ) ) ;
#675 = CARTESIAN_POINT ( 'NONE',  ( -1.626794392237694620, -0.2277921807087725237, -1.752718232783884389 ) ) ;
#676 = CARTESIAN_POINT ( 'NONE',  ( 3.034858434724483356, 0.4431068491379198671, -4.799350440703207710 ) ) ;
#677 = CARTESIAN_POINT ( 'NONE',  ( -0.9917077118303011529, 1.823749749311504686, -3.618436833400217711 ) ) ;
#678 = CARTESIAN_POINT ( 'NONE',  ( 2.756055898715464636, -0.7401618201120919727, -4.330181966509786484 ) ) ;
#679 = CARTESIAN_POINT ( 'NONE',  ( -3.566082862657816488, 2.937033900347653326, -13.64072066850557263 ) ) ;
#680 = CARTESIAN_POINT ( 'NONE',  ( 3.026348521922003876, 0.4790442958884566504, -5.464669870943906105 ) ) ;
#681 = CARTESIAN_POINT ( 'NONE',  ( -5.267804977748518525, 3.781789051397298707, -20.53873337331549465 ) ) ;
#682 = CARTESIAN_POINT ( 'NONE',  ( 3.008543972016724855, -0.1665375853040660381, -4.423880216739147109 ) ) ;
#683 = CARTESIAN_POINT ( 'NONE',  ( 2.965689049993282644, 0.3530226028508139935, -3.450328417867542630 ) ) ;
#684 = CARTESIAN_POINT ( 'NONE',  ( -1.129242774292153806, 1.550234894061321311, -5.461806444189841514 ) ) ;
#685 = DIRECTION ( 'NONE',  ( 0.5879089622600506271, -0.7628816768123986014, 0.2690252762812697096 ) ) ;
#686 = CARTESIAN_POINT ( 'NONE',  ( -1.848038613548025788, -0.3718693744841244930, -1.010524932843946289 ) ) ;
#687 = CARTESIAN_POINT ( 'NONE',  ( 2.392182518011819692, -1.003897526951317731, -1.355739899682744776 ) ) ;
#688 = CARTESIAN_POINT ( 'NONE',  ( -0.9355886521896387142, 1.899014826309636250, -4.122798273598576202 ) ) ;
#689 = CARTESIAN_POINT ( 'NONE',  ( -7.240833075074726288, 0.8599251791104181031, -22.10278434981190543 ) ) ;
#690 = CARTESIAN_POINT ( 'NONE',  ( 2.886179766091887977, 0.2978419941195675769, -2.767998399497046957 ) ) ;
#691 = CARTESIAN_POINT ( 'NONE',  ( -2.806472071951137792, 3.164055990564742515, -13.04374783326201559 ) ) ;
#692 = CARTESIAN_POINT ( 'NONE',  ( 2.750166867506314894, -0.6781847236390255995, -5.313549588197258089 ) ) ;
#693 = CARTESIAN_POINT ( 'NONE',  ( 2.702479972557586763, 1.742666315077600281, -7.406494332257081759 ) ) ;
#694 = CARTESIAN_POINT ( 'NONE',  ( -2.001578640591417990, 2.839369150133267627, -11.07289046234758878 ) ) ;
#695 = CARTESIAN_POINT ( 'NONE',  ( 3.047267340790049239, 1.009585962101573253, -4.480367229043281441 ) ) ;
#696 = CARTESIAN_POINT ( 'NONE',  ( 2.469527127458021276, -0.4992578684870693784, -0.6938111617591259384 ) ) ;
#697 = CARTESIAN_POINT ( 'NONE',  ( -3.420700690842072955, 1.636104614411793001, -12.35477772954360276 ) ) ;
#698 = CARTESIAN_POINT ( 'NONE',  ( 3.011541641401812353, 0.4946310944450669211, -5.794890691973344055 ) ) ;
#699 = CARTESIAN_POINT ( 'NONE',  ( 1.080606206223584165, 1.739440805179480964, -12.87974223778819649 ) ) ;
#700 = CARTESIAN_POINT ( 'NONE',  ( -1.017466286157314048, -0.4063294084463399680, -4.223222206028085957 ) ) ;
#701 = EDGE_CURVE ( 'NONE', #478, #46, #952, .T. ) ;
#702 = CARTESIAN_POINT ( 'NONE',  ( 2.472687665548241931, 0.08973092546081447296, -0.6977005750593766598 ) ) ;
#703 = CARTESIAN_POINT ( 'NONE',  ( -14.87539314218765085, 3.652700363643012427, -24.72221855383478584 ) ) ;
#704 = CARTESIAN_POINT ( 'NONE',  ( -1.513477357868989071, 0.7334972811868553100, -7.732594656570628722 ) ) ;
#705 = CARTESIAN_POINT ( 'NONE',  ( 3.034858434724483356, 0.4431068491379198671, -4.799350440703207710 ) ) ;
#706 = CARTESIAN_POINT ( 'NONE',  ( 2.968083624169929990, 1.121314806748733517, -6.822495115438558244 ) ) ;
#707 = CARTESIAN_POINT ( 'NONE',  ( -3.461718298481264888, 1.001977123366217803, -12.37632854472205501 ) ) ;
#708 = CARTESIAN_POINT ( 'NONE',  ( -6.881744279060498570, 1.317513165727436153, -22.35158411615797647 ) ) ;
#709 = CARTESIAN_POINT ( 'NONE',  ( 0.009940707938193692889, -1.152827185090154805, -11.73020628623886630 ) ) ;
#710 = CARTESIAN_POINT ( 'NONE',  ( -13.15603693224974258, 2.279675640212163845, -23.77152708640421253 ) ) ;
#711 = CARTESIAN_POINT ( 'NONE',  ( -1.448064739213246632, -0.09197951650542979252, -2.487463103183281898 ) ) ;
#712 = CARTESIAN_POINT ( 'NONE',  ( -3.569385507333698637, 0.3045219685412984822, -18.75326884899568114 ) ) ;
#713 = CARTESIAN_POINT ( 'NONE',  ( -3.569385507333698637, 0.3045219685412984822, -18.75326884899568114 ) ) ;
#714 = CARTESIAN_POINT ( 'NONE',  ( -3.420700690842072955, 1.636104614411793001, -12.35477772954360276 ) ) ;
#715 = CARTESIAN_POINT ( 'NONE',  ( -0.7816871614169671467, 1.586504251169457147, -16.15474311578528699 ) ) ;
#716 = CARTESIAN_POINT ( 'NONE',  ( -4.989696218213046208, -0.5011202076852274701, -16.48191128586279675 ) ) ;
#717 = CARTESIAN_POINT ( 'NONE',  ( -10.97793534618927147, 1.185244905923340086, -23.17531806396076277 ) ) ;
#718 = CARTESIAN_POINT ( 'NONE',  ( -0.2754371972960815151, -1.289694144651094110, -4.462460558033716218 ) ) ;
#719 = CARTESIAN_POINT ( 'NONE',  ( 0.5497842083796118384, 1.068986509335191570, -14.06027495676721273 ) ) ;
#720 = CARTESIAN_POINT ( 'NONE',  ( -0.2754371972960815151, -1.289694144651094110, -4.462460558033716218 ) ) ;
#721 = CC_DESIGN_APPROVAL ( #619, ( #259 ) ) ;
#722 = CARTESIAN_POINT ( 'NONE',  ( 2.833264184235013250, 1.604842902641767211, -4.442808153545966476 ) ) ;
#723 = CARTESIAN_POINT ( 'NONE',  ( 2.223919580413863617, -1.083321931244433101, -0.6800051704580196699 ) ) ;
#724 = CARTESIAN_POINT ( 'NONE',  ( -1.018580548333289704, -0.2259918232300462404, -5.419767116669823359 ) ) ;
#725 = CARTESIAN_POINT ( 'NONE',  ( -10.97793534618927147, 1.185244905923340086, -23.17531806396076277 ) ) ;
#726 = CARTESIAN_POINT ( 'NONE',  ( 1.231047951624905101, 2.550820123812637785, -2.238409537423312390 ) ) ;
#727 = CARTESIAN_POINT ( 'NONE',  ( -0.3320070621412098966, -1.429873069100938476, -3.429051173833292498 ) ) ;
#728 = CARTESIAN_POINT ( 'NONE',  ( 1.964212577027883322, 2.392865930299249211, -3.298298929852130801 ) ) ;
#729 = CARTESIAN_POINT ( 'NONE',  ( 3.026348521922003876, 0.4790442958884566504, -5.464669870943906105 ) ) ;
#730 = CARTESIAN_POINT ( 'NONE',  ( 0.04279666683591443199, -1.881797263711376678, -2.228621682748801014 ) ) ;
#731 = COORDINATED_UNIVERSAL_TIME_OFFSET ( 8, 0, .AHEAD. ) ;
#732 = CARTESIAN_POINT ( 'NONE',  ( -0.9694115381615410199, 2.680587388310658792, -15.74596785369874041 ) ) ;
#733 = CARTESIAN_POINT ( 'NONE',  ( 1.286009530118706445, -1.841827367373406910, -3.021039635006593560 ) ) ;
#734 = CARTESIAN_POINT ( 'NONE',  ( 2.002303153551855175, 2.420370505512733139, -3.610429064853777792 ) ) ;
#735 = CARTESIAN_POINT ( 'NONE',  ( -0.4319353430846804009, -1.543348733324057198, -2.660907564820937043 ) ) ;
#736 = PERSON_AND_ORGANIZATION ( #549, #75 ) ;
#737 = CARTESIAN_POINT ( 'NONE',  ( -1.196997547235961967, 3.133805853471815173, -15.36126057647408238 ) ) ;
#738 = CARTESIAN_POINT ( 'NONE',  ( 1.891413976935822472, -1.589921663898822501, -3.449617135599553741 ) ) ;
#739 = CARTESIAN_POINT ( 'NONE',  ( -11.56744661658118112, 5.480451676091770530, -26.76817286211549174 ) ) ;
#740 = ORIENTED_EDGE ( 'NONE', *, *, #892, .T. ) ;
#741 = CARTESIAN_POINT ( 'NONE',  ( -10.63787394920072771, 1.324257236766670731, -23.65545133969366987 ) ) ;
#742 = CARTESIAN_POINT ( 'NONE',  ( -2.092095790171438097, -0.4518776622290106015, -11.02057598128244997 ) ) ;
#743 = APPROVAL_DATE_TIME ( #41, #619 ) ;
#744 = CARTESIAN_POINT ( 'NONE',  ( -5.902076126763299513, 1.276202652570616269, -21.59679575904374360 ) ) ;
#745 = CARTESIAN_POINT ( 'NONE',  ( 1.552903689051482017, -1.827632314699767946, -1.275135716976682598 ) ) ;
#746 = CARTESIAN_POINT ( 'NONE',  ( -6.105697322812473793, 2.911385811315617023, -22.20448243472032246 ) ) ;
#747 = CARTESIAN_POINT ( 'NONE',  ( -1.452460215499066010, 1.314796788423035157, -7.809803168972669241 ) ) ;
#748 = CARTESIAN_POINT ( 'NONE',  ( -7.707339563184467224, 1.314195588105523171, -17.73242292090378669 ) ) ;
#749 = CALENDAR_DATE ( 2026, 26, 7 ) ;
#750 = CARTESIAN_POINT ( 'NONE',  ( -6.312423511906714246, 2.346411373351814156, -22.40259020208328877 ) ) ;
#751 = CARTESIAN_POINT ( 'NONE',  ( 1.060026734857854036, 0.5403868723187288392, -12.83834515896811723 ) ) ;
#752 = CARTESIAN_POINT ( 'NONE',  ( -0.01262448201957528868, -1.922416895889614397, -1.954068276897950929 ) ) ;
#753 = CARTESIAN_POINT ( 'NONE',  ( -1.772863803931110427, 3.121730573290810273, -16.42347244500563619 ) ) ;
#754 = CARTESIAN_POINT ( 'NONE',  ( 2.645950619261101977, 0.1676802131177035082, -1.392046009216880043 ) ) ;
#755 = CARTESIAN_POINT ( 'NONE',  ( 2.472687665548241931, 0.08973092546081447296, -0.6977005750593766598 ) ) ;
#756 = CARTESIAN_POINT ( 'NONE',  ( -6.105020050146571897, 0.5299355882257525963, -16.31194261688813540 ) ) ;
#757 = CALENDAR_DATE ( 2026, 26, 7 ) ;
#758 = CARTESIAN_POINT ( 'NONE',  ( -3.643896359272825958, 3.877424213608218206, -17.01030353653920457 ) ) ;
#759 = CARTESIAN_POINT ( 'NONE',  ( 0.1689149721230845114, -1.768595470373497403, -3.035495067306396511 ) ) ;
#760 = CARTESIAN_POINT ( 'NONE',  ( -0.08520717576346743816, 2.862578709085342954, -6.061118632879598955 ) ) ;
#761 = CARTESIAN_POINT ( 'NONE',  ( -1.264869070415160834, 0.6634592283860919482, -3.486497783460527078 ) ) ;
#762 = LOCAL_TIME ( 23, 44, 41.00000000000000000, #819 ) ;
#763 = CARTESIAN_POINT ( 'NONE',  ( -0.2053593964970350239, 3.024284861512256395, -7.654550548966703616 ) ) ;
#764 = CARTESIAN_POINT ( 'NONE',  ( -3.822308001171310199, -0.1593409843720971220, -18.49270739795144536 ) ) ;
#765 = CARTESIAN_POINT ( 'NONE',  ( -8.307306916044293388, 5.052105930856885863, -22.47561199123810738 ) ) ;
#766 = CARTESIAN_POINT ( 'NONE',  ( -1.211770306605184810, 0.7417858067820489731, -3.971677990852147566 ) ) ;
#767 = CARTESIAN_POINT ( 'NONE',  ( -6.031571374247775452, 4.164789225446280163, -20.94393680970695826 ) ) ;
#768 = CARTESIAN_POINT ( 'NONE',  ( 2.623853191867603574, -0.8699919060365675083, -2.693733313825893649 ) ) ;
#769 = CARTESIAN_POINT ( 'NONE',  ( -1.167200942958037002, 1.367270400064499292, -4.251297993395717789 ) ) ;
#770 = CARTESIAN_POINT ( 'NONE',  ( 3.011541641401812353, 0.4946310944450669211, -5.794890691973344055 ) ) ;
#771 = CARTESIAN_POINT ( 'NONE',  ( -3.379683226335825630, 3.727836828224106114, -17.56733821124963058 ) ) ;
#772 = CARTESIAN_POINT ( 'NONE',  ( 2.423245598470110451, 0.001992617558004517939, -9.235895715881236256 ) ) ;
#773 = CARTESIAN_POINT ( 'NONE',  ( -11.12460685781233849, 6.347299636356986241, -25.27778144616520706 ) ) ;
#774 = CARTESIAN_POINT ( 'NONE',  ( 2.134936909799705518, 1.164225400226205132, -10.60918727587942634 ) ) ;
#775 = CARTESIAN_POINT ( 'NONE',  ( -0.7490108589561231822, 2.212375840231597834, -1.135552552877746590 ) ) ;
#776 = CARTESIAN_POINT ( 'NONE',  ( 2.985880248292275496, -0.09264861729638554366, -5.757048396330916695 ) ) ;
#777 = CARTESIAN_POINT ( 'NONE',  ( -1.778115940556231234, 1.286870855305309425, -0.5309187554727153868 ) ) ;
#778 = CARTESIAN_POINT ( 'NONE',  ( 2.968083624169929990, 1.121314806748733517, -6.822495115438558244 ) ) ;
#779 = CARTESIAN_POINT ( 'NONE',  ( 3.008543972016724855, -0.1665375853040660381, -4.423880216739147109 ) ) ;
#780 = CARTESIAN_POINT ( 'NONE',  ( -2.001578640591417990, 2.839369150133267627, -11.07289046234758878 ) ) ;
#781 = CARTESIAN_POINT ( 'NONE',  ( 2.724921735839996639, -0.7878722235636377302, -3.674015250011644085 ) ) ;
#782 = CARTESIAN_POINT ( 'NONE',  ( 2.416032157708983608, 1.344580122707309311, -1.388109240563239588 ) ) ;
#783 = CARTESIAN_POINT ( 'NONE',  ( -6.401686352386597001, 4.425649385934360858, -19.85832154350510237 ) ) ;
#784 = CARTESIAN_POINT ( 'NONE',  ( 3.034858434724483356, 0.4431068491379198671, -4.799350440703207710 ) ) ;
#785 = CARTESIAN_POINT ( 'NONE',  ( 3.034858434724483356, 0.4431068491379198671, -4.799350440703207710 ) ) ;
#786 = CARTESIAN_POINT ( 'NONE',  ( -1.317491051230963217, 0.5936823695708906001, -6.776781699211191778 ) ) ;
#787 = CARTESIAN_POINT ( 'NONE',  ( 2.848407914402782737, 0.5523165862406678173, -7.414546145082449691 ) ) ;
#788 = CARTESIAN_POINT ( 'NONE',  ( 2.844624846446463629, 1.627145428271902894, -4.789799294667291818 ) ) ;
#789 = CARTESIAN_POINT ( 'NONE',  ( -7.096301382639803812, 2.950548375461985007, -17.45873777979580055 ) ) ;
#790 = CARTESIAN_POINT ( 'NONE',  ( 0.4365372903812118066, 0.5034787658392309018, -13.93798117919217283 ) ) ;
#791 = CARTESIAN_POINT ( 'NONE',  ( -1.985178359534096604, -0.1707171626460873559, -16.78508810205684298 ) ) ;
#792 = CARTESIAN_POINT ( 'NONE',  ( -9.231275601279074650, 4.832460829655438772, -20.91644592187907392 ) ) ;
#793 = CARTESIAN_POINT ( 'NONE',  ( -1.790195295063623959, 0.3549146870076714810, -16.98084157438209729 ) ) ;
#794 = CARTESIAN_POINT ( 'NONE',  ( -0.7897768245648693064, -1.801854995698915385, -1.080223941885893435 ) ) ;
#795 = CARTESIAN_POINT ( 'NONE',  ( -1.507633254516472121, 1.513758638751649954, -17.18060703680420076 ) ) ;
#796 = CARTESIAN_POINT ( 'NONE',  ( 1.769106599987888107, -1.345904217237789524, -6.765142816047307939 ) ) ;
#797 = CARTESIAN_POINT ( 'NONE',  ( -14.49240668990412573, 3.548766293241070624, -25.85389870610988439 ) ) ;
#798 = CARTESIAN_POINT ( 'NONE',  ( 2.172503910562170404, -0.5460120803286094837, -9.037993568195247462 ) ) ;
#799 = CARTESIAN_POINT ( 'NONE',  ( -2.030046187361280730, -0.4751717473523304758, -0.5093337701219254887 ) ) ;
#800 = CARTESIAN_POINT ( 'NONE',  ( -4.534367070947393330, 0.3090077979325056012, -19.54465641088070527 ) ) ;
#801 = CARTESIAN_POINT ( 'NONE',  ( -7.572973768065776490, 0.5883827234407549289, -21.70092801694520190 ) ) ;
#802 = CARTESIAN_POINT ( 'NONE',  ( -1.189440233395779867, 0.3060096548495690461, -4.891817079105151400 ) ) ;
#803 = CARTESIAN_POINT ( 'NONE',  ( 2.845774987317549520, 1.664589781595232409, -5.454885795887917332 ) ) ;
#804 = CARTESIAN_POINT ( 'NONE',  ( 2.985880248292275496, -0.09264861729638554366, -5.757048396330916695 ) ) ;
#805 = CARTESIAN_POINT ( 'NONE',  ( -1.626794392237694620, -0.2277921807087725237, -1.752718232783884389 ) ) ;
#806 =( LENGTH_UNIT ( ) NAMED_UNIT ( * ) SI_UNIT ( .MILLI., .METRE. ) );
#807 = CARTESIAN_POINT ( 'NONE',  ( 2.005553873908859419, 1.781383358618325863, -10.53923170480827487 ) ) ;
#808 = CARTESIAN_POINT ( 'NONE',  ( -7.367069794694848461, 3.800411775907887701, -18.50464510653092987 ) ) ;
#809 = ADVANCED_BREP_SHAPE_REPRESENTATION ( 'FN-HAR-018_W2-battery-charge-round_R0.6', ( #1126, #910 ), #667 ) ;
#810 = CARTESIAN_POINT ( 'NONE',  ( 1.553638564465683380, 2.820116504784518252, -5.048989080386620643 ) ) ;
#811 = CARTESIAN_POINT ( 'NONE',  ( 1.786115495623949556, -1.682276815617858023, -2.530506885037183462 ) ) ;
#812 = CARTESIAN_POINT ( 'NONE',  ( -0.2805426672766873630, -1.323252419278442948, -4.207720681792920914 ) ) ;
#813 = CARTESIAN_POINT ( 'NONE',  ( -14.76516034676379263, 3.522450328706760558, -25.33246683864673798 ) ) ;
#814 = CARTESIAN_POINT ( 'NONE',  ( 0.1495329795495287939, 2.736015216114157322, -13.56939017713766482 ) ) ;
#815 = CARTESIAN_POINT ( 'NONE',  ( -5.610057869248759488, 2.777745198787661796, -15.92034943694820726 ) ) ;
#816 = LOCAL_TIME ( 23, 44, 41.00000000000000000, #524 ) ;
#817 = CARTESIAN_POINT ( 'NONE',  ( 0.6449384031099699710, 2.747998796282504763, -12.44887157445647219 ) ) ;
#818 = CARTESIAN_POINT ( 'NONE',  ( -3.273993921736689572, -0.09210601377504493148, -12.78510380680661918 ) ) ;
#819 = COORDINATED_UNIVERSAL_TIME_OFFSET ( 8, 0, .AHEAD. ) ;
#820 = CARTESIAN_POINT ( 'NONE',  ( -9.865723731901548277, 1.797961760426387778, -24.49103848821295060 ) ) ;
#821 = CARTESIAN_POINT ( 'NONE',  ( -11.29212015754010423, 2.139457760123873342, -20.98772692038394538 ) ) ;
#822 = CARTESIAN_POINT ( 'NONE',  ( 2.757852305236724533, 1.534078309352379987, -3.442294986110305821 ) ) ;
#823 = CARTESIAN_POINT ( 'NONE',  ( -5.896637315865171480, -0.2261119283440525540, -17.18310668538426711 ) ) ;
#824 = CARTESIAN_POINT ( 'NONE',  ( -11.03470098119670517, 5.259451689979418809, -21.99387551331455981 ) ) ;
#825 = CARTESIAN_POINT ( 'NONE',  ( 1.501944353235338259, 2.942286413496981279, -6.866634730700092781 ) ) ;
#826 = CARTESIAN_POINT ( 'NONE',  ( -14.43255338341881533, 4.519548323908228582, -23.23182713788450116 ) ) ;
#827 = CC_DESIGN_PERSON_AND_ORGANIZATION_ASSIGNMENT ( #198, #536, ( #310 ) ) ;
#828 = CARTESIAN_POINT ( 'NONE',  ( -1.196997547235961967, 3.133805853471815173, -15.36126057647408238 ) ) ;
#829 = EDGE_LOOP ( 'NONE', ( #652, #740, #132, #956 ) ) ;
#830 = CARTESIAN_POINT ( 'NONE',  ( 2.886179766091887977, 0.2978419941195675769, -2.767998399497046957 ) ) ;
#831 = CARTESIAN_POINT ( 'NONE',  ( -2.025685510580665927, 0.4174490688186051623, -9.663955069186965119 ) ) ;
#832 = CALENDAR_DATE ( 2026, 26, 7 ) ;
#833 = CARTESIAN_POINT ( 'NONE',  ( -0.5890486225480860982, 2.250000000000000444, 0.000000000000000000 ) ) ;
#834 = CARTESIAN_POINT ( 'NONE',  ( 0.5392635205914360075, -1.367340895323217120, -9.232308124741738453 ) ) ;
#835 = CARTESIAN_POINT ( 'NONE',  ( -0.2000356633216244240, 2.578421525420632410, -3.621562059767724939 ) ) ;
#836 = ORIENTED_EDGE ( 'NONE', *, *, #1039, .T. ) ;
#837 = CARTESIAN_POINT ( 'NONE',  ( -2.250000000000000444, 3.004030907769029040E-16, 0.000000000000000000 ) ) ;
#838 = CARTESIAN_POINT ( 'NONE',  ( 2.073919767430325578, 0.5829258929901151021, -10.53197876347690354 ) ) ;
#839 = CARTESIAN_POINT ( 'NONE',  ( 0.5890486225480857652, -2.250000000000000444, 0.000000000000000000 ) ) ;
#840 = APPROVAL_DATE_TIME ( #1101, #873 ) ;
#841 = CARTESIAN_POINT ( 'NONE',  ( -13.78773765753180136, 3.757640123165566504, -26.80152424326291793 ) ) ;
#842 = CARTESIAN_POINT ( 'NONE',  ( 0.9030444362260118263, -1.424869016737262628, -8.142715042499846234 ) ) ;
#843 = CARTESIAN_POINT ( 'NONE',  ( 1.005400152019460869, 3.073460224364161331, -9.822137711829030948 ) ) ;
#844 = CARTESIAN_POINT ( 'NONE',  ( 2.472687665548241931, 0.08973092546081447296, -0.6977005750593766598 ) ) ;
#845 = CARTESIAN_POINT ( 'NONE',  ( -2.250000000000000444, 3.004030907769029040E-16, 0.000000000000000000 ) ) ;
#846 = CARTESIAN_POINT ( 'NONE',  ( 1.204189365819473112, -1.910398892835901030, -2.425642613846417994 ) ) ;
#847 = DATE_TIME_ROLE ( 'classification_date' ) ;
#848 = CARTESIAN_POINT ( 'NONE',  ( 0.4513652952266554719, 3.050158578655069785, -6.342294842598225735 ) ) ;
#849 = CARTESIAN_POINT ( 'NONE',  ( -0.3781648429089445318, -2.144845546785028922, -0.5664593457333720883 ) ) ;
#850 = CARTESIAN_POINT ( 'NONE',  ( -3.968060239199155959, 3.732016311595592217, -18.57860451048961892 ) ) ;
#851 = CARTESIAN_POINT ( 'NONE',  ( -14.49240668990412573, 3.548766293241070180, -25.85389870610988439 ) ) ;
#852 = CARTESIAN_POINT ( 'NONE',  ( 3.014062463090728006, -0.1447854972387319361, -4.768658968250735875 ) ) ;
#853 = CARTESIAN_POINT ( 'NONE',  ( -5.267804977748518525, 3.781789051397298707, -20.53873337331549465 ) ) ;
#854 = CARTESIAN_POINT ( 'NONE',  ( -11.50759331009587250, 6.451233706758928044, -24.14610129389010140 ) ) ;
#855 = CARTESIAN_POINT ( 'NONE',  ( -0.4016820547854682011, 3.120975878666119474, -8.723552207726172014 ) ) ;
#856 = CARTESIAN_POINT ( 'NONE',  ( -4.139986281066585505, -0.4792902016024790934, -18.04744911347085790 ) ) ;
#857 = CARTESIAN_POINT ( 'NONE',  ( -1.911944755254943784, 2.188797924474124468, -9.810788406275767315 ) ) ;
#858 = CARTESIAN_POINT ( 'NONE',  ( -7.572973768065776490, 0.5883827234407549289, -21.70092801694520190 ) ) ;
#859 = CARTESIAN_POINT ( 'NONE',  ( -4.186763401173625887, 3.935163185590107027, -18.02356213217133885 ) ) ;
#860 = CARTESIAN_POINT ( 'NONE',  ( -13.15603693224974258, 2.279675640212163845, -23.77152708640421253 ) ) ;
#861 = CARTESIAN_POINT ( 'NONE',  ( -1.127251832561125156, 1.479038671015291628, -4.982096477250139266 ) ) ;
#862 = CARTESIAN_POINT ( 'NONE',  ( -4.534367070947393330, 0.3090077979325056012, -19.54465641088070527 ) ) ;
#863 = CARTESIAN_POINT ( 'NONE',  ( -1.174469982217385189, 2.007510533122079277, 0.000000000000000000 ) ) ;
#864 = CARTESIAN_POINT ( 'NONE',  ( -13.15335986224780207, 2.787364488764557002, -22.69868787079979455 ) ) ;
#865 = CARTESIAN_POINT ( 'NONE',  ( -1.235746156193383571, 0.1542833094242503922, -3.936234812347397138 ) ) ;
#866 = CARTESIAN_POINT ( 'NONE',  ( 2.834972777814000811, 0.2674454339572855943, -2.425077649656282475 ) ) ;
#867 = APPROVAL_PERSON_ORGANIZATION ( #927, #619, #136 ) ;
#868 = CARTESIAN_POINT ( 'NONE',  ( -1.235746156193383571, 0.1542833094242503922, -3.936234812347397138 ) ) ;
#869 = CARTESIAN_POINT ( 'NONE',  ( -8.576331495518751069, 0.4955477295713912045, -19.66349264663384488 ) ) ;
#870 = CARTESIAN_POINT ( 'NONE',  ( 2.236522908225105244, 1.265379523264771322, -0.6955148948452738455 ) ) ;
#871 = CARTESIAN_POINT ( 'NONE',  ( -5.050603098992084483, 3.616047971849533305, -16.51376013304214396 ) ) ;
#872 = CARTESIAN_POINT ( 'NONE',  ( 3.055654406358238262, 1.030999195514571642, -4.830041913155679545 ) ) ;
#873 = APPROVAL ( #494, '未指定' ) ;
#874 = CARTESIAN_POINT ( 'NONE',  ( 2.733816056185103704, -0.6609349153075309014, -5.634221054181323574 ) ) ;
#875 = CARTESIAN_POINT ( 'NONE',  ( -1.836076964783525556, 0.8059959993116762034, -1.026759588430885772 ) ) ;
#876 = APPLICATION_PROTOCOL_DEFINITION ( 'international standard', 'config_control_design', 1994, #1130 ) ;
#877 = CARTESIAN_POINT ( 'NONE',  ( -0.7816871614169671467, 1.586504251169457147, -16.15474311578528699 ) ) ;
#878 = CARTESIAN_POINT ( 'NONE',  ( -1.836076964783525556, 0.8059959993116762034, -1.026759588430885772 ) ) ;
#879 = CARTESIAN_POINT ( 'NONE',  ( 2.886179766091887977, 0.2978419941195675769, -2.767998399497046957 ) ) ;
#880 = CARTESIAN_POINT ( 'NONE',  ( 1.762236771143069536, -0.5366555800798410436, -10.23134852940609818 ) ) ;
#881 = CARTESIAN_POINT ( 'NONE',  ( -5.610057869248759488, 2.777745198787661796, -15.92034943694820726 ) ) ;
#882 = CARTESIAN_POINT ( 'NONE',  ( 0.000000000000000000, 0.000000000000000000, 0.000000000000000000 ) ) ;
#883 = CARTESIAN_POINT ( 'NONE',  ( 2.980341973156238389, 0.9414967134806044857, -3.471743391489981345 ) ) ;
#884 = CARTESIAN_POINT ( 'NONE',  ( -1.031196772000729567, -0.4437596789246518458, -3.981462065908041748 ) ) ;
#885 = CARTESIAN_POINT ( 'NONE',  ( -3.001535176709723807, 2.511033995835611154, -18.81496185289532974 ) ) ;
#886 = CARTESIAN_POINT ( 'NONE',  ( 2.965689049993282644, 0.3530226028508139935, -3.450328417867542630 ) ) ;
#887 = CARTESIAN_POINT ( 'NONE',  ( -1.187794457016985827, 1.329288304139847554, -4.007121169356897994 ) ) ;
#888 = CARTESIAN_POINT ( 'NONE',  ( 2.833264184235013250, 1.604842902641767211, -4.442808153545966476 ) ) ;
#889 = CARTESIAN_POINT ( 'NONE',  ( -1.105910023360751060, -0.5610699808799715083, -3.243534916065698770 ) ) ;
#890 = CARTESIAN_POINT ( 'NONE',  ( 0.5106087908110453766, 1.699834773567641344, -14.00474467711759807 ) ) ;
#891 = CARTESIAN_POINT ( 'NONE',  ( 1.864336619543949469, -1.618239198675209378, -3.152332082743402264 ) ) ;
#892 = EDGE_CURVE ( 'NONE', #400, #1132, #895, .T. ) ;
#893 = CARTESIAN_POINT ( 'NONE',  ( 2.761697076139763229, -0.7171836717875995637, -4.667411390763736456 ) ) ;
#894 = CARTESIAN_POINT ( 'NONE',  ( -4.729706507479676247, 3.876999935936082053, -16.98795138457529674 ) ) ;
#895 = B_SPLINE_CURVE_WITH_KNOTS ( 'NONE', 3,
 ( #845, #141, #304, #479, #414, #52, #418, #39, #761, #766, #943, #1011, #1099, #1112, #747, #151, #133, #485, #1105, #1016, #224, #317, #1025, #230, #502, #854 ),
 .UNSPECIFIED., .F., .F.,
 ( 4, 2, 2, 2, 2, 2, 2, 2, 2, 2, 2, 2, 4 ),
 ( 0.000000000000000000, 0.05976293243680398659, 0.08964439865520598683, 0.1195258648736079732, 0.1472492877858686822, 0.1749727106981293911, 0.2304195565226508091, 0.3389681538411655759, 0.4486468989766494997, 0.5604392101087444233, 0.6716412636603952269, 0.7828433172120459194, 1.000000000000000000 ),
 .UNSPECIFIED. ) ;
#896 = CARTESIAN_POINT ( 'NONE',  ( 2.936989423752602413, 0.5348002986658496605, -6.777355416366188656 ) ) ;
#897 = CARTESIAN_POINT ( 'NONE',  ( -1.397099229323013114, -0.8179557898224975032, -1.773566679274951596 ) ) ;
#898 = CARTESIAN_POINT ( 'NONE',  ( -6.312423511906714246, 2.346411373351814156, -22.40259020208328877 ) ) ;
#899 = CARTESIAN_POINT ( 'NONE',  ( -5.677934153892692848, -0.4292588023386913476, -17.73814906370453670 ) ) ;
#900 = CARTESIAN_POINT ( 'NONE',  ( -11.22178123744895828, 1.243624466410040430, -22.57641854606358223 ) ) ;
#901 = CARTESIAN_POINT ( 'NONE',  ( -0.5890486225480866533, -2.250000000000000444, 0.000000000000000000 ) ) ;
#902 = APPROVAL_ROLE ( '' ) ;
#903 = CARTESIAN_POINT ( 'NONE',  ( -0.1701439697008056418, 3.134966768599092735, -13.19224679698769798 ) ) ;
#904 = CARTESIAN_POINT ( 'NONE',  ( -5.845171019109008270, 2.205556518054633042, -15.80478411618813794 ) ) ;
#905 = CARTESIAN_POINT ( 'NONE',  ( 2.369778386651815616, 1.780729151199549776, -9.300359793536067343 ) ) ;
#906 = CARTESIAN_POINT ( 'NONE',  ( 2.392182518011819692, -1.003897526951317731, -1.355739899682744776 ) ) ;
#907 = CARTESIAN_POINT ( 'NONE',  ( -1.334237850286255966, -0.7725159600211068955, -2.022275000736294626 ) ) ;
#908 = CARTESIAN_POINT ( 'NONE',  ( -3.001535176709723807, 2.511033995835611154, -18.81496185289532974 ) ) ;
#909 = CARTESIAN_POINT ( 'NONE',  ( -0.9996594694638657463, -0.2961696992598760736, -4.946128072663521280 ) ) ;
#910 = AXIS2_PLACEMENT_3D ( 'NONE', #882, #84, #90 ) ;
#911 = CARTESIAN_POINT ( 'NONE',  ( 1.080606206223584165, 1.739440805179480964, -12.87974223778819649 ) ) ;
#912 = CARTESIAN_POINT ( 'NONE',  ( 1.936321048874189765, -1.507797341826162985, -4.380971649539701751 ) ) ;
#913 = CARTESIAN_POINT ( 'NONE',  ( -1.590017707465470442, -0.5911089222845415936, -10.09482573251577087 ) ) ;
#914 = EDGE_CURVE ( 'NONE', #1132, #46, #169, .T. ) ;
#915 = DATE_AND_TIME ( #757, #762 ) ;
#916 = CARTESIAN_POINT ( 'NONE',  ( 1.557714147788044734, 2.843200666323737025, -5.355729473355546943 ) ) ;
#917 = CARTESIAN_POINT ( 'NONE',  ( -1.035286695592582573, -1.185194162637412951, -12.25799115489371616 ) ) ;
#918 = CARTESIAN_POINT ( 'NONE',  ( 0.2462677038244641958, 2.691344564348662427, -2.938166859666670128 ) ) ;
#919 = CARTESIAN_POINT ( 'NONE',  ( 1.852206163282820395, -1.378575441334174645, -6.183649255183044424 ) ) ;
#920 = CARTESIAN_POINT ( 'NONE',  ( 2.073919767430325578, 0.5829258929901151021, -10.53197876347690354 ) ) ;
#921 = CARTESIAN_POINT ( 'NONE',  ( -0.3939689985616033896, -1.505302036358779016, -2.910958683176867012 ) ) ;
#922 = CARTESIAN_POINT ( 'NONE',  ( 1.553638564465683380, 2.820116504784518252, -5.048989080386620643 ) ) ;
#923 = CARTESIAN_POINT ( 'NONE',  ( -7.707339563184467224, 1.314195588105523171, -17.73242292090378669 ) ) ;
#924 = CARTESIAN_POINT ( 'NONE',  ( -3.057510692770027738, 3.042531722236259561, -18.47245414568389776 ) ) ;
#925 = CARTESIAN_POINT ( 'NONE',  ( 0.000000000000000000, 0.000000000000000000, 0.000000000000000000 ) ) ;
#926 = CARTESIAN_POINT ( 'NONE',  ( -1.031196772000729567, -0.4437596789246518458, -3.981462065908041748 ) ) ;
#927 = PERSON_AND_ORGANIZATION ( #549, #75 ) ;
#928 = CARTESIAN_POINT ( 'NONE',  ( 1.439041250033359587, 2.738949035313072322, -10.14449155086828824 ) ) ;
#929 = CARTESIAN_POINT ( 'NONE',  ( 1.356314610041202684, -1.750618835689716546, -3.894712598101103485 ) ) ;
#930 = CARTESIAN_POINT ( 'NONE',  ( 0.08219603134069794481, 3.265063576735856010, -9.109473807706390147 ) ) ;
#931 = LOCAL_TIME ( 23, 44, 41.00000000000000000, #219 ) ;
#932 = CARTESIAN_POINT ( 'NONE',  ( -14.49240668990412573, 3.548766293241070180, -25.85389870610988439 ) ) ;
#933 = DIRECTION ( 'NONE',  ( -0.6632918621796118908, -0.6449927585595239821, -0.3795105360488406632 ) ) ;
#934 = CARTESIAN_POINT ( 'NONE',  ( -10.83484570562844596, 3.094296656128359135, -20.39635557647435604 ) ) ;
#935 = CARTESIAN_POINT ( 'NONE',  ( -1.116587580849762062, 1.702940692717434423, -2.847372498019002052 ) ) ;
#936 = CARTESIAN_POINT ( 'NONE',  ( -8.643065311217869251, 0.8369542555174656062, -19.13452618887615841 ) ) ;
#937 = CARTESIAN_POINT ( 'NONE',  ( -0.3540176177363655308, 2.354699120388194178, -0.5961714632978492023 ) ) ;
#938 = CARTESIAN_POINT ( 'NONE',  ( 2.993287179637245998, 0.3764788798859108332, -3.776663433178864437 ) ) ;
#939 = CARTESIAN_POINT ( 'NONE',  ( -0.07627812858386379125, -1.269965001893360368, -7.498920498407820823 ) ) ;
#940 = CARTESIAN_POINT ( 'NONE',  ( -1.778115940556231234, 1.286870855305309425, -0.5309187554727153868 ) ) ;
#941 = CARTESIAN_POINT ( 'NONE',  ( -5.134991047586641599, -0.3710955526851661412, -18.77375981130058236 ) ) ;
#942 = CARTESIAN_POINT ( 'NONE',  ( -0.1701439697008056418, 3.134966768599092735, -13.19224679698769798 ) ) ;
#943 = CARTESIAN_POINT ( 'NONE',  ( -1.192862336067574081, 0.7799906883230346422, -4.213455697753352602 ) ) ;
#944 = CARTESIAN_POINT ( 'NONE',  ( -0.4499492973780676586, 2.387210979592682580, -2.252925392114839998 ) ) ;
#945 = CARTESIAN_POINT ( 'NONE',  ( 2.654309004338507805, -0.6153405550215907960, -6.588181251021923757 ) ) ;
#946 = CARTESIAN_POINT ( 'NONE',  ( -0.9678074915310276305, 2.308650666536038454, -7.106272108818980193 ) ) ;
#947 = CARTESIAN_POINT ( 'NONE',  ( 3.009555865570246791, 0.9648337202297533333, -3.800256346853203571 ) ) ;
#948 = CARTESIAN_POINT ( 'NONE',  ( -1.356245068234187334, 1.529793261165068641, -1.832113589038696144 ) ) ;
#949 = CARTESIAN_POINT ( 'NONE',  ( 2.561851429771059507, -0.5936261737674615180, -7.206746676601791357 ) ) ;
#950 = CARTESIAN_POINT ( 'NONE',  ( 2.834972777814000811, 0.2674454339572855943, -2.425077649656282475 ) ) ;
#951 = CARTESIAN_POINT ( 'NONE',  ( -1.028701737841140940, 1.783934741873949958, -3.356161103101815257 ) ) ;
#952 = B_SPLINE_CURVE_WITH_KNOTS ( 'NONE', 3,
 ( #311, #755, #47, #1034, #830, #324, #938, #672, #676, #665, #401, #393, #653, #584, #920, #127, #1123, #235, #146, #589, #58, #408, #498, #741, #577, #851 ),
 .UNSPECIFIED., .F., .F.,
 ( 4, 2, 2, 2, 2, 2, 2, 2, 2, 2, 2, 2, 4 ),
 ( 0.000000000000000000, 0.05976293243680398659, 0.08964439865520598683, 0.1195258648736079732, 0.1472492877858686822, 0.1749727106981293911, 0.2304195565226508091, 0.3389681538411655759, 0.4486468989766494997, 0.5604392101087444233, 0.6716412636603952269, 0.7828433172120459194, 1.000000000000000000 ),
 .UNSPECIFIED. ) ;
#953 = CARTESIAN_POINT ( 'NONE',  ( 2.651931443643351205, 0.7566129000155867868, -1.400163337010349895 ) ) ;
#954 = CARTESIAN_POINT ( 'NONE',  ( -0.9151367508510522830, 1.935556698075535653, -4.374125335545683058 ) ) ;
#955 = CARTESIAN_POINT ( 'NONE',  ( 2.761697076139763229, -0.7171836717875995637, -4.667411390763736456 ) ) ;
#956 = ORIENTED_EDGE ( 'NONE', *, *, #701, .F. ) ;
#957 = CARTESIAN_POINT ( 'NONE',  ( -1.319913179915596757, 0.03418695966031706085, -3.205975840568191515 ) ) ;
#958 = CARTESIAN_POINT ( 'NONE',  ( 2.936989423752602413, 0.5348002986658496605, -6.777355416366188656 ) ) ;
#959 = CARTESIAN_POINT ( 'NONE',  ( -2.023723995892173111, 0.7028066240715659108, -0.5171121964398888160 ) ) ;
#960 = CARTESIAN_POINT ( 'NONE',  ( 3.002372672333553538, -0.1084582014693609570, -5.429226692439187651 ) ) ;
#961 = CARTESIAN_POINT ( 'NONE',  ( -1.244073098781155462, 1.251351574762763708, -3.517189255912967383 ) ) ;
#962 = CARTESIAN_POINT ( 'NONE',  ( 2.472716534366017349, 0.5854744170970889172, -9.301689846842135623 ) ) ;
#963 = CARTESIAN_POINT ( 'NONE',  ( 3.027905656403386825, 0.4215241883987535521, -4.452123722891214719 ) ) ;
#964 = CARTESIAN_POINT ( 'NONE',  ( -1.129242774292153806, 1.550234894061321311, -5.461806444189841514 ) ) ;
#965 = CARTESIAN_POINT ( 'NONE',  ( -7.572973768065776490, 0.5883827234407549289, -21.70092801694520190 ) ) ;
#966 = CARTESIAN_POINT ( 'NONE',  ( 2.883673630289051992, 1.138193574695197441, -7.464637285427835778 ) ) ;
#967 = CARTESIAN_POINT ( 'NONE',  ( -2.007510533122078833, 1.174469982217385411, 0.000000000000000000 ) ) ;
#968 = CARTESIAN_POINT ( 'NONE',  ( 2.475848203638462142, 0.6787197194086983520, -0.7015899883596272701 ) ) ;
#969 = CARTESIAN_POINT ( 'NONE',  ( 2.561851429771059507, -0.5936261737674615180, -7.206746676601791357 ) ) ;
#970 = CARTESIAN_POINT ( 'NONE',  ( -5.052916431051794000, 2.458331699084620237, -15.03541919707349983 ) ) ;
#971 = CARTESIAN_POINT ( 'NONE',  ( -12.66763321966110567, 2.255333348351690415, -24.87135601793735518 ) ) ;
#972 = CARTESIAN_POINT ( 'NONE',  ( 3.027905656403386825, 0.4215241883987535521, -4.452123722891214719 ) ) ;
#973 = CARTESIAN_POINT ( 'NONE',  ( -0.3939689985616033896, -1.505302036358779016, -2.910958683176867012 ) ) ;
#974 = CARTESIAN_POINT ( 'NONE',  ( 2.095120882593522360, 2.544082521948961340, -5.228627180003289077 ) ) ;
#975 = CARTESIAN_POINT ( 'NONE',  ( -4.229393163480803075, 3.706006822141606705, -16.00180038364057822 ) ) ;
#976 = CARTESIAN_POINT ( 'NONE',  ( 3.034858434724483356, 0.4431068491379198671, -4.799350440703207710 ) ) ;
#977 = CARTESIAN_POINT ( 'NONE',  ( -6.093416436432885774, 1.078180616668979575, -16.00118540931157085 ) ) ;
#978 = CARTESIAN_POINT ( 'NONE',  ( -4.019526535957314017, 1.300347865197158059, -19.95692707968574808 ) ) ;
#979 = CARTESIAN_POINT ( 'NONE',  ( 2.574668537839517324, -0.9013900332420951012, -2.360364225282501227 ) ) ;
#980 = CARTESIAN_POINT ( 'NONE',  ( -2.250000000000000444, 0.5890486225480866533, 0.000000000000000000 ) ) ;
#981 = CARTESIAN_POINT ( 'NONE',  ( 2.886179766091887977, 0.2978419941195675769, -2.767998399497046957 ) ) ;
#982 = CARTESIAN_POINT ( 'NONE',  ( 2.757852305236724533, 1.534078309352379987, -3.442294986110305821 ) ) ;
#983 = CARTESIAN_POINT ( 'NONE',  ( -2.007510533122079721, -1.174469982217384079, 0.000000000000000000 ) ) ;
#984 = CARTESIAN_POINT ( 'NONE',  ( 2.844624846446463629, 1.627145428271902894, -4.789799294667291818 ) ) ;
#985 = CARTESIAN_POINT ( 'NONE',  ( -4.725483085273319617, -0.6507075930693390076, -17.03894596057322275 ) ) ;
#986 = CARTESIAN_POINT ( 'NONE',  ( 2.977018493704245650, -0.2118759604579316114, -3.753070519504525304 ) ) ;
#987 = CARTESIAN_POINT ( 'NONE',  ( -1.397099229323013114, -0.8179557898224975032, -1.773566679274951596 ) ) ;
#988 = CARTESIAN_POINT ( 'NONE',  ( 2.645950619261101977, 0.1676802131177035082, -1.392046009216880043 ) ) ;
#989 = CARTESIAN_POINT ( 'NONE',  ( 1.527262456795748902, 2.770022330130031296, -4.432008912288003977 ) ) ;
#990 = CARTESIAN_POINT ( 'NONE',  ( -0.2855043082910678209, -1.191848356665853981, -5.222985719242921654 ) ) ;
#991 = CARTESIAN_POINT ( 'NONE',  ( 1.865684438632111419, 2.330183845391195163, -2.645754032375173370 ) ) ;
#992 = CARTESIAN_POINT ( 'NONE',  ( -7.610659385511686637, 0.1459915625711624976, -19.05779613934811678 ) ) ;
#993 = CARTESIAN_POINT ( 'NONE',  ( -1.017466286157314048, -0.4063294084463399680, -4.223222206028085957 ) ) ;
#994 = CARTESIAN_POINT ( 'NONE',  ( 2.064147699065403518, 2.619172818264265956, -6.491326475300541077 ) ) ;
#995 = CARTESIAN_POINT ( 'NONE',  ( -0.4319353430846804009, -1.543348733324057198, -2.660907564820937043 ) ) ;
#996 = CARTESIAN_POINT ( 'NONE',  ( -11.04571748378199025, 3.318784842716503203, -26.09219342604644254 ) ) ;
#997 = CARTESIAN_POINT ( 'NONE',  ( 1.736113487523631260, -1.716697212740708078, -2.217851501557705607 ) ) ;
#998 = CARTESIAN_POINT ( 'NONE',  ( -12.66763321966110567, 2.255333348351690415, -24.87135601793735518 ) ) ;
#999 = CC_DESIGN_PERSON_AND_ORGANIZATION_ASSIGNMENT ( #736, #306, ( #1035 ) ) ;
#1000 = CARTESIAN_POINT ( 'NONE',  ( 3.011541641401812353, 0.4946310944450669211, -5.794890691973344055 ) ) ;
#1001 = CARTESIAN_POINT ( 'NONE',  ( 0.2344724409353329819, -1.479832220623787942, -5.443827529190546244 ) ) ;
#1002 = CARTESIAN_POINT ( 'NONE',  ( 1.865684438632111419, 2.330183845391195163, -2.645754032375173370 ) ) ;
#1003 = CARTESIAN_POINT ( 'NONE',  ( 1.204189365819473112, -1.910398892835901030, -2.425642613846417994 ) ) ;
#1004 = ADVANCED_FACE ( 'NONE', ( #354 ), #1045, .F. ) ;
#1005 = CARTESIAN_POINT ( 'NONE',  ( -0.5890486225480860982, 2.250000000000000444, 0.000000000000000000 ) ) ;
#1006 = CARTESIAN_POINT ( 'NONE',  ( -10.46762572705867456, 3.626002454918976881, -20.30014374627767282 ) ) ;
#1007 = CARTESIAN_POINT ( 'NONE',  ( -1.596733372999627587, 2.637811521874024123, -16.80288275448126001 ) ) ;
#1008 = CARTESIAN_POINT ( 'NONE',  ( -0.3839406000865739355, -1.175737542951041270, -8.519644220618131314 ) ) ;
#1009 = CARTESIAN_POINT ( 'NONE',  ( 1.280974547614580628, 3.032603588100242220, -8.645345178605918335 ) ) ;
#1010 = ORIENTED_EDGE ( 'NONE', *, *, #892, .F. ) ;
#1011 = CARTESIAN_POINT ( 'NONE',  ( -1.158346032978452733, 0.8925241629324301984, -4.936956778177645333 ) ) ;
#1012 = CARTESIAN_POINT ( 'NONE',  ( -5.237968230016162963, 1.856267791421352342, -14.96276356711818423 ) ) ;
#1013 = CARTESIAN_POINT ( 'NONE',  ( 1.504226983323924127, 2.741842194463697258, -4.110477091589944010 ) ) ;
#1014 = CARTESIAN_POINT ( 'NONE',  ( 0.2427269075138075438, -1.663456252606094088, -3.853839311875572715 ) ) ;
#1015 = CARTESIAN_POINT ( 'NONE',  ( -3.643896359272825958, 3.877424213608218206, -17.01030353653920457 ) ) ;
#1016 = CARTESIAN_POINT ( 'NONE',  ( -4.799993937213316464, 2.922194651998046400, -15.29598064811724178 ) ) ;
#1017 = CARTESIAN_POINT ( 'NONE',  ( 2.848407914402782737, 0.5523165862406678173, -7.414546145082449691 ) ) ;
#1018 = CARTESIAN_POINT ( 'NONE',  ( 0.7998210652502348861, -2.151150996302916063, -0.6147551587594080047 ) ) ;
#1019 = APPROVAL_STATUS ( 'not_yet_approved' ) ;
#1020 = CARTESIAN_POINT ( 'NONE',  ( -2.288836528833882777, 3.660117706120242786, -15.49778269745664971 ) ) ;
#1021 = CARTESIAN_POINT ( 'NONE',  ( 0.2609396508508998180, -1.599286402113937466, -4.387358781409590236 ) ) ;
#1022 = CARTESIAN_POINT ( 'NONE',  ( -12.34886893210969028, 4.720587484125812416, -27.21527317911959898 ) ) ;
#1023 = LOCAL_TIME ( 23, 44, 41.00000000000000000, #293 ) ;
#1024 = ORIENTED_EDGE ( 'NONE', *, *, #701, .T. ) ;
#1025 = CARTESIAN_POINT ( 'NONE',  ( -7.034929101703800036, 4.071954231577551653, -18.90650143939661376 ) ) ;
#1026 = CARTESIAN_POINT ( 'NONE',  ( 1.361675544907698487, -1.643285850535695092, -5.066635629702518351 ) ) ;
#1027 = CARTESIAN_POINT ( 'NONE',  ( -0.9678074915310276305, 2.308650666536038454, -7.106272108818980193 ) ) ;
#1028 = CARTESIAN_POINT ( 'NONE',  ( -1.772418840921165639, -0.8508292147144338458, -11.39771936143144515 ) ) ;
#1029 = CARTESIAN_POINT ( 'NONE',  ( -0.1663316845646645448, 2.614363419350163031, -3.904876574624001950 ) ) ;
#1030 = DIRECTION ( 'NONE',  ( 0.000000000000000000, 0.000000000000000000, 1.000000000000000000 ) ) ;
#1031 = CARTESIAN_POINT ( 'NONE',  ( -0.07356277250823706204, 2.805899902932462719, -5.530662939359923591 ) ) ;
#1032 = CARTESIAN_POINT ( 'NONE',  ( 1.762236771143069536, -0.5366555800798410436, -10.23134852940609818 ) ) ;
#1033 = CARTESIAN_POINT ( 'NONE',  ( -1.401221710580148549, -0.04976525107599040487, -2.721131401177579345 ) ) ;
#1034 = CARTESIAN_POINT ( 'NONE',  ( 2.834972777814000811, 0.2674454339572855943, -2.425077649656282475 ) ) ;
#1035 = PRODUCT_DEFINITION ( '未知', '', #259, #402 ) ;
#1036 = CARTESIAN_POINT ( 'NONE',  ( -0.1171206041512612150, 2.681230085338695002, -4.449305336953265133 ) ) ;
#1037 = CARTESIAN_POINT ( 'NONE',  ( -5.677934153892692848, -0.4292588023386913476, -17.73814906370453670 ) ) ;
#1038 = CARTESIAN_POINT ( 'NONE',  ( -9.980308530504204967, 5.672503714163308786, -23.37795717304628695 ) ) ;
#1039 = EDGE_CURVE ( 'NONE', #478, #400, #429, .T. ) ;
#1040 = CARTESIAN_POINT ( 'NONE',  ( -0.9870222454547584734, 0.4101876885224196578, -16.00892379016456601 ) ) ;
#1041 = CARTESIAN_POINT ( 'NONE',  ( -0.2000356633216244240, 2.578421525420632410, -3.621562059767724939 ) ) ;
#1042 = CARTESIAN_POINT ( 'NONE',  ( 2.007510533122078833, -1.174469982217385855, 0.000000000000000000 ) ) ;
#1043 = EDGE_LOOP ( 'NONE', ( #836, #223 ) ) ;
#1044 = CARTESIAN_POINT ( 'NONE',  ( -4.547071443374837152, 3.386057604911472563, -15.55654209916098196 ) ) ;
#1045 = PLANE ( 'NONE',  #579 ) ;
#1046 = CARTESIAN_POINT ( 'NONE',  ( -1.401221710580148549, -0.04976525107599040487, -2.721131401177579345 ) ) ;
#1047 = CARTESIAN_POINT ( 'NONE',  ( 1.852206163282820395, -1.378575441334174645, -6.183649255183044424 ) ) ;
#1048 = CARTESIAN_POINT ( 'NONE',  ( -1.167143839140623029, 1.662087879881065433, -2.602307663402344762 ) ) ;
#1049 = CARTESIAN_POINT ( 'NONE',  ( -10.29781255221218572, 1.463269567610001376, -24.13558461542657341 ) ) ;
#1050 = CARTESIAN_POINT ( 'NONE',  ( 2.874506109714121127, -0.2908309882632600929, -2.751090350380514415 ) ) ;
#1051 = CARTESIAN_POINT ( 'NONE',  ( -9.980308530504204967, 5.672503714163308786, -23.37795717304628695 ) ) ;
#1052 = CARTESIAN_POINT ( 'NONE',  ( -0.6223706359539521449, -1.118548594659497963, -12.73582215841148546 ) ) ;
#1053 = UNCERTAINTY_MEASURE_WITH_UNIT (LENGTH_MEASURE( 1.000000000000000082E-05 ), #806, 'distance_accuracy_value', 'NONE');
#1054 = CARTESIAN_POINT ( 'NONE',  ( 1.060026734857854036, 0.5403868723187288392, -12.83834515896811723 ) ) ;
#1055 = CARTESIAN_POINT ( 'NONE',  ( -1.218549179438660479, 1.760645968649304116, -6.908369961132991399 ) ) ;
#1056 = CARTESIAN_POINT ( 'NONE',  ( 0.5497842083796118384, 1.068986509335191570, -14.06027495676721273 ) ) ;
#1057 = CARTESIAN_POINT ( 'NONE',  ( 2.423245598470110451, 0.001992617558004517939, -9.235895715881236256 ) ) ;
#1058 = CARTESIAN_POINT ( 'NONE',  ( -3.956048991597016506, 1.885770201040197991, -13.24921372385406926 ) ) ;
#1059 = CARTESIAN_POINT ( 'NONE',  ( -4.534367070947393330, 0.3090077979325056012, -19.54465641088070527 ) ) ;
#1060 = CARTESIAN_POINT ( 'NONE',  ( -4.043627967673452339, 1.252558098951162879, -13.24520173375722187 ) ) ;
#1061 = CARTESIAN_POINT ( 'NONE',  ( -6.543560455997052827, 0.4532616024116604692, -21.02581695817984908 ) ) ;
#1062 = CARTESIAN_POINT ( 'NONE',  ( 3.014062463090728006, -0.1447854972387319361, -4.768658968250735875 ) ) ;
#1063 = CARTESIAN_POINT ( 'NONE',  ( -10.59905079704174646, 5.516889599130752053, -22.38160594492060795 ) ) ;
#1064 = CARTESIAN_POINT ( 'NONE',  ( 2.897853422469653939, 0.8865149765023951911, -2.784906448613579055 ) ) ;
#1065 = CARTESIAN_POINT ( 'NONE',  ( -0.5875216525702209314, -1.667885008386816414, -1.874552628623348705 ) ) ;
#1066 = CARTESIAN_POINT ( 'NONE',  ( 1.408031539772407248, 2.102794417890168521, -0.6668656103996639661 ) ) ;
#1067 = CARTESIAN_POINT ( 'NONE',  ( -0.6223706359539521449, -1.118548594659497963, -12.73582215841148546 ) ) ;
#1068 = CARTESIAN_POINT ( 'NONE',  ( 0.7091084135832587121, -0.5426906932050334920, -12.45929572238971872 ) ) ;
#1069 = CARTESIAN_POINT ( 'NONE',  ( -6.401686352386597001, 4.425649385934360858, -19.85832154350510237 ) ) ;
#1070 = CARTESIAN_POINT ( 'NONE',  ( 2.615522698928543832, 1.446359017745471931, -2.418911135046279082 ) ) ;
#1071 = CARTESIAN_POINT ( 'NONE',  ( -6.774151383895911316, 3.450482196608234631, -17.66237140145053175 ) ) ;
#1072 = CARTESIAN_POINT ( 'NONE',  ( 1.012270408270783406, 2.435464688620555318, -1.285228479549749947 ) ) ;
#1073 = AXIS2_PLACEMENT_3D ( 'NONE', #925, #659, #329 ) ;
#1074 = CARTESIAN_POINT ( 'NONE',  ( 1.232534128997702538, -1.533484086807393121, -6.483966606328681159 ) ) ;
#1075 = CARTESIAN_POINT ( 'NONE',  ( 0.9668654508968882455, -0.03190805047652761628, -12.73290890069842085 ) ) ;
#1076 = CARTESIAN_POINT ( 'NONE',  ( -0.8175816981040896492, -0.8412263539001922918, -8.197290381582730490 ) ) ;
#1077 = AXIS2_PLACEMENT_3D ( 'NONE', #598, #685, #164 ) ;
#1078 = CARTESIAN_POINT ( 'NONE',  ( -6.862894786488918264, 0.1302543733982070018, -20.65847177897268949 ) ) ;
#1079 = CARTESIAN_POINT ( 'NONE',  ( 2.789796119879084380, 1.558301156443726798, -3.768096342277369004 ) ) ;
#1080 = PRODUCT_DEFINITION_SHAPE ( 'NONE', 'NONE',  #1035 ) ;
#1081 = CARTESIAN_POINT ( 'NONE',  ( -1.074635482137140219, -0.5205793507479651305, -3.496048929496537561 ) ) ;
#1082 = CARTESIAN_POINT ( 'NONE',  ( 1.593669654660094137, 2.186598521230212810, -1.330464327968536420 ) ) ;
#1083 = CARTESIAN_POINT ( 'NONE',  ( -1.181461964888779193, -0.6432326872898598280, -2.753291405753207854 ) ) ;
#1084 = CARTESIAN_POINT ( 'NONE',  ( -7.905114461056825803, 0.3168402677710918658, -21.29907168407850548 ) ) ;
#1085 = CARTESIAN_POINT ( 'NONE',  ( 1.174469982217385411, 2.007510533122079277, 0.000000000000000000 ) ) ;
#1086 = CARTESIAN_POINT ( 'NONE',  ( -1.317491051230963217, 0.5936823695708906001, -6.776781699211191778 ) ) ;
#1087 = CC_DESIGN_DATE_AND_TIME_ASSIGNMENT ( #299, #847, ( #375 ) ) ;
#1088 = CARTESIAN_POINT ( 'NONE',  ( -0.9694115381615410199, 2.680587388310658792, -15.74596785369874041 ) ) ;
#1089 = CARTESIAN_POINT ( 'NONE',  ( 0.2609396508508998180, -1.599286402113937466, -4.387358781409590236 ) ) ;
#1090 = CARTESIAN_POINT ( 'NONE',  ( 2.009481650160346078, 2.647498637516641384, -7.106569611765968908 ) ) ;
#1091 = CARTESIAN_POINT ( 'NONE',  ( 1.386488178645544522, -1.911819383366217595, -0.6403551663353093115 ) ) ;
#1092 = CARTESIAN_POINT ( 'NONE',  ( -0.3320593856007786893, 2.467756395650269496, -2.806874411929991986 ) ) ;
#1093 = CARTESIAN_POINT ( 'NONE',  ( -3.954527849191542099, 0.1285052158279162415, -13.62292601608115561 ) ) ;
#1094 = SHAPE_DEFINITION_REPRESENTATION ( #1080, #809 ) ;
#1095 = CARTESIAN_POINT ( 'NONE',  ( -12.34886893210969028, 4.720587484125812416, -27.21527317911959898 ) ) ;
#1096 = CARTESIAN_POINT ( 'NONE',  ( 0.2344724409353329819, -1.479832220623787942, -5.443827529190546244 ) ) ;
#1097 = CARTESIAN_POINT ( 'NONE',  ( -0.4016820547854682011, 3.120975878666119474, -8.723552207726172014 ) ) ;
#1098 = ORIENTED_EDGE ( 'NONE', *, *, #590, .T. ) ;
#1099 = CARTESIAN_POINT ( 'NONE',  ( -1.164508490178299160, 0.9643579056068534161, -5.411715303844455427 ) ) ;
#1100 = CARTESIAN_POINT ( 'NONE',  ( -1.384094321978021513, 0.1163393227944342773, -7.802550227639850178 ) ) ;
#1101 = DATE_AND_TIME ( #749, #396 ) ;
#1102 = CARTESIAN_POINT ( 'NONE',  ( 1.408031539772407248, 2.102794417890168521, -0.6668656103996639661 ) ) ;
#1103 = CARTESIAN_POINT ( 'NONE',  ( 1.927389824196028334, -1.534648603658661514, -4.064781009843875914 ) ) ;
#1104 = CARTESIAN_POINT ( 'NONE',  ( -2.625501549080937913, 3.711270489634424408, -14.95720350199460391 ) ) ;
#1105 = CARTESIAN_POINT ( 'NONE',  ( -3.761065927127416497, 2.411402050693925769, -13.44496719617982095 ) ) ;
#1106 = CARTESIAN_POINT ( 'NONE',  ( 1.286009530118706445, -1.841827367373406910, -3.021039635006593560 ) ) ;
#1107 = CLOSED_SHELL ( 'NONE', ( #183, #1122, #1004, #468 ) ) ;
#1108 = CARTESIAN_POINT ( 'NONE',  ( -6.881744279060498570, 1.317513165727436153, -22.35158411615797647 ) ) ;
#1109 = CARTESIAN_POINT ( 'NONE',  ( 0.4365372903812118066, 0.5034787658392309018, -13.93798117919217283 ) ) ;
#1110 = CARTESIAN_POINT ( 'NONE',  ( 1.152781274875537942, -1.946898374491540906, -2.126247839837896780 ) ) ;
#1111 = CARTESIAN_POINT ( 'NONE',  ( -3.759677504920246882, 2.975968795025286884, -19.44976857898375044 ) ) ;
#1112 = CARTESIAN_POINT ( 'NONE',  ( -1.268020115334811848, 1.177164169110097358, -6.842575830172091145 ) ) ;
#1113 = CARTESIAN_POINT ( 'NONE',  ( -3.778397418263045093, -0.3554138355887468959, -14.00233632555776886 ) ) ;
#1114 = CARTESIAN_POINT ( 'NONE',  ( -2.007510533122078833, 1.174469982217385411, 0.000000000000000000 ) ) ;
#1115 = CARTESIAN_POINT ( 'NONE',  ( -3.569385507333698637, 0.3045219685412984822, -18.75326884899568114 ) ) ;
#1116 = CARTESIAN_POINT ( 'NONE',  ( -0.07627812858386379125, -1.269965001893360368, -7.498920498407820823 ) ) ;
#1117 = CARTESIAN_POINT ( 'NONE',  ( -1.320192174667351503, 3.402686148545370326, -11.85414400000668245 ) ) ;
#1118 = DIRECTION ( 'NONE',  ( 0.5879089622600506271, -0.7628816768123986014, 0.2690252762812697096 ) ) ;
#1119 = CARTESIAN_POINT ( 'NONE',  ( 0.4720146344348258305, 3.000808570888452653, -5.788669428568997688 ) ) ;
#1120 = CARTESIAN_POINT ( 'NONE',  ( -1.436933387947469276, -0.5755746160290086122, -15.48732382724532464 ) ) ;
#1121 = CARTESIAN_POINT ( 'NONE',  ( -6.135482722913184972, 4.096496654635016554, -18.39706175986485803 ) ) ;
#1122 = ADVANCED_FACE ( 'NONE', ( #67 ), #106, .F. ) ;
#1123 = CARTESIAN_POINT ( 'NONE',  ( 0.4365372903812118066, 0.5034787658392309018, -13.93798117919217283 ) ) ;
#1124 = CARTESIAN_POINT ( 'NONE',  ( -1.028701737841140940, 1.783934741873949958, -3.356161103101815257 ) ) ;
#1125 = CARTESIAN_POINT ( 'NONE',  ( 2.874506109714121127, -0.2908309882632600929, -2.751090350380514415 ) ) ;
#1126 = MANIFOLD_SOLID_BREP ( '扫描1', #1107 ) ;
#1127 = CARTESIAN_POINT ( 'NONE',  ( -2.030046187361280730, -0.4751717473523304758, -0.5093337701219254887 ) ) ;
#1128 = CARTESIAN_POINT ( 'NONE',  ( 2.250000000000000444, 0.000000000000000000, 0.000000000000000000 ) ) ;
#1129 = CARTESIAN_POINT ( 'NONE',  ( -2.153987687892573888, 3.603515130279845380, -13.92591734145650761 ) ) ;
#1130 = APPLICATION_CONTEXT ( 'configuration controlled 3d designs of mechanical parts and assemblies' ) ;
#1131 = CARTESIAN_POINT ( 'NONE',  ( 2.223919580413863617, -1.083321931244433101, -0.6800051704580196699 ) ) ;
#1132 = VERTEX_POINT ( 'NONE', #543 ) ;
#1133 = CARTESIAN_POINT ( 'NONE',  ( -1.606304224179512685, 0.9497077686401329544, -1.782082096546211192 ) ) ;
#1134 = CARTESIAN_POINT ( 'NONE',  ( -1.790195295063623959, 0.3549146870076714810, -16.98084157438209729 ) ) ;
#1135 = CARTESIAN_POINT ( 'NONE',  ( -1.287686993621706355, 1.574926070011180457, -2.089698963326326098 ) ) ;
#1136 = CARTESIAN_POINT ( 'NONE',  ( 0.9668654508968882455, -0.03190805047652761628, -12.73290890069842085 ) ) ;
#1137 = CARTESIAN_POINT ( 'NONE',  ( -9.804129024820927185, 5.061498170182989753, -25.05329335891971709 ) ) ;
#1138 = CARTESIAN_POINT ( 'NONE',  ( 3.050324371510454213, 1.066546793246274216, -5.500113049448624558 ) ) ;
#1139 = CARTESIAN_POINT ( 'NONE',  ( -7.905114461056825803, 0.3168402677710918658, -21.29907168407850548 ) ) ;
#1140 = CARTESIAN_POINT ( 'NONE',  ( -2.098267323175780241, 1.044208078883795521, -9.599915889735404662 ) ) ;
#1141 = CARTESIAN_POINT ( 'NONE',  ( 0.05901582996986913521, -0.5552315962482464728, -13.51707569607057735 ) ) ;
#1142 = CARTESIAN_POINT ( 'NONE',  ( 3.050324371510454213, 1.066546793246274216, -5.500113049448624558 ) ) ;
#1143 = CARTESIAN_POINT ( 'NONE',  ( -1.281189811142272150, 1.210310507065893715, -3.262462852872325847 ) ) ;
#1144 = CARTESIAN_POINT ( 'NONE',  ( -10.63787394920072771, 1.324257236766670731, -23.65545133969366987 ) ) ;
#1145 = CARTESIAN_POINT ( 'NONE',  ( 2.250000000000000444, -0.5890486225480862092, 0.000000000000000000 ) ) ;
#1146 = CARTESIAN_POINT ( 'NONE',  ( -1.319913179915596757, 0.03418695966031706085, -3.205975840568191515 ) ) ;
#1147 = MECHANICAL_CONTEXT ( 'NONE', #1130, 'mechanical' ) ;
#1148 = CARTESIAN_POINT ( 'NONE',  ( -12.35845153196385304, 2.333330959895547174, -25.36913784209022182 ) ) ;
#1149 = CARTESIAN_POINT ( 'NONE',  ( -0.2805426672766873630, -1.323252419278442948, -4.207720681792920914 ) ) ;
ENDSEC;
END-ISO-10303-21;
