ISO-10303-21;
HEADER;
FILE_DESCRIPTION (( 'STEP AP203' ),
    '1' );
FILE_NAME ('FN-HAR-026_W6-soil-service-tail_R0.6.STEP',
    '2026-07-26T15:45:24',
    ( '' ),
    ( '' ),
    'SwSTEP 2.0',
    'SolidWorks 2022',
    '' );
FILE_SCHEMA (( 'CONFIG_CONTROL_DESIGN' ));
ENDSEC;

DATA;
#1 = CARTESIAN_POINT ( 'NONE',  ( 5.050664604885449549, -7.009489273946641674, -9.470380151676563329 ) ) ;
#2 = CARTESIAN_POINT ( 'NONE',  ( -30.61163006263443975, -63.29961901037714256, -31.90883374492873514 ) ) ;
#3 = CARTESIAN_POINT ( 'NONE',  ( 4.471004380393641675, -4.992712588186296152, -12.55158176347198129 ) ) ;
#4 = CARTESIAN_POINT ( 'NONE',  ( -53.79304223700905396, -123.9679861063715407, -28.20335512685112533 ) ) ;
#5 = CARTESIAN_POINT ( 'NONE',  ( -15.04177909194528695, -43.18772009659301858, -31.61941745000612514 ) ) ;
#6 = CARTESIAN_POINT ( 'NONE',  ( -60.11486262418922166, -117.7930340374310987, -25.03179164763416864 ) ) ;
#7 = CARTESIAN_POINT ( 'NONE',  ( -52.45975643893083173, -122.3489868144797157, -22.49023713506072752 ) ) ;
#8 = CARTESIAN_POINT ( 'NONE',  ( -17.92979363951674543, -47.62080908391251199, -34.18859194500362975 ) ) ;
#9 = CARTESIAN_POINT ( 'NONE',  ( -60.17962921416911115, -80.38858716220160261, -20.29728031854016379 ) ) ;
#10 = ORIENTED_EDGE ( 'NONE', *, *, #4690, .F. ) ;
#11 = CARTESIAN_POINT ( 'NONE',  ( -6.675682599615231361, -41.20183270302344170, -28.33029904271065291 ) ) ;
#12 = CARTESIAN_POINT ( 'NONE',  ( -49.89072234993531652, -126.4097707300498286, -28.07793702390197410 ) ) ;
#13 = CARTESIAN_POINT ( 'NONE',  ( -1.681319345307266788, -16.40031359740395800, -19.98606159174975616 ) ) ;
#14 = CARTESIAN_POINT ( 'NONE',  ( -33.75550117042767795, -61.53160953891705276, -33.65939637129243778 ) ) ;
#15 = B_SPLINE_SURFACE_WITH_KNOTS ( 'NONE', 3, 3, (
 ( #686, #1174, #5422, #1727, #223, #718, #2656, #4962, #2628, #4542, #1638, #5477, #3059, #2597, #4096, #2194, #4479, #4069, #2138, #1669, #3552, #1261, #750, #5019, #2682, #4568, #2337, #397, #2312, #4181, #4152, #1379, #3664, #2709, #20, #3259, #5594, #4595, #2802, #4209, #3636, #4125, #2366, #485, #1846, #2833, #6022, #3725, #3695, #4652, #1876, #3754, #6052, #917, #4711, #5107, #890, #5622, #5505, #5563, #4239, #1407, #1289, #3172, #946, #5047, #833, #6080, #2249, #371, #3230, #5992, #1786, #2772, #5534, #3288, #1815, #1318, #1346, #5138, #3201, #428, #4680, #5075, #456, #862, #2740, #5166, #4623, #2281, #2528, #118, #2462, #5776, #2895, #1937, #2430, #2956, #582, #5744, #4741, #4337, #1534, #4371, #2032, #4861, #2001, #5649, #646, #2397, #1905, #4405, #4800, #976, #1501, #3814, #4828, #5711, #3877, #3783, #86, #3415, #4304, #150, #614, #2495, #3908, #1566, #1008, #517, #3350, #3446, #5292, #1071, #1435, #4272, #3317, #53, #5323, #5196, #550, #1103, #2988, #2864, #5680, #1468, #5229, #1969, #4771, #3845, #3383, #5258, #1038, #2925, #680, #2561 ),
 ( #2159, #4035, #1598, #1198, #5355, #5874, #3601, #3113, #1691, #3515, #5444, #5415, #3139, #4536, #3545, #1228, #2101, #1631, #711, #5386, #2188, #3084, #4955, #5902, #4438, #3574, #4063, #772, #4985, #4923, #742, #2650, #3941, #3053, #1255, #1168, #5471, #185, #2067, #2621, #309, #5012, #2676, #3976, #280, #5930, #217, #1138, #3022, #1721, #4505, #3480, #4006, #799, #5842, #5810, #4893, #2591, #4472, #249, #2132, #1662, #336, #6046, #3195, #2243, #4119, #5557, #3282, #3224, #5986, #2215, #5100, #884, #3253, #1780, #4146, #4589, #5586, #4090, #4175, #3658, #2733, #5958, #1401, #6074, #2275, #3748, #5528, #1839, #391, #1809, #2766, #1750, #911, #4562, #1283, #5160, #4646, #1312, #422, #365, #3630, #5499, #2796, #5069, #3166, #2306, #5041, #5132, #856, #3719, #1372, #4617, #4674, #6016, #827, #940, #450, #2331, #2703, #4204, #1870, #3689, #1340, #5616, #5768, #1030, #2024, #3342, #2916, #2887, #3837, #1063, #2948, #5251, #110, #3900, #4295, #78, #4820, #4704, #4764, #1558, #607, #3438, #2359, #142, #478, #12, #3407, #1428, #2826, #2422, #4232, #1899 ),
 ( #3776, #2454, #508, #1000, #5643, #5315, #4363, #541, #3310, #4792, #5221, #5283, #3869, #5736, #2487, #5189, #1929, #969, #4264, #1526, #573, #4329, #2856, #4733, #2390, #45, #1993, #3806, #1460, #5673, #1962, #5703, #1492, #3375, #5865, #5833, #3965, #4852, #4915, #2551, #1094, #1622, #1590, #3471, #5377, #1683, #5346, #1160, #2058, #3076, #4946, #2519, #2125, #176, #702, #4527, #1129, #638, #3045, #3932, #2979, #2612, #3506, #4884, #670, #3998, #5922, #1655, #4428, #4396, #3537, #5408, #5894, #208, #2583, #3012, #2152, #5801, #734, #2092, #4463, #241, #4055, #2642, #1190, #300, #4496, #271, #3566, #4026, #5436, #1219, #3105, #4976, #763, #2179, #1712, #3594, #1333, #1248, #1743, #3133, #5952, #5092, #4196, #4110, #2297, #5124, #2758, #330, #4666, #4138, #5978, #2235, #5006, #3187, #820, #5464, #1772, #3624, #5492, #3650, #6037, #1277, #5519, #2209, #3218, #877, #792, #385, #4556, #5061, #2787, #4167, #4637, #2696, #413, #4610, #2325, #3711, #2726, #1831, #3160, #4582, #1304, #356, #1363, #2266, #6009, #5578, #5033, #3245, #904, #443, #6067, #848 ),
 ( #1802, #1862, #2670, #4083, #3681, #5550, #1054, #134, #1420, #3828, #5242, #3, #2818, #470, #1517, #67, #5152, #1450, #1022, #3301, #532, #2350, #1393, #2413, #4254, #1483, #3767, #4695, #3739, #3365, #5694, #4223, #2908, #2446, #5608, #1890, #2479, #599, #1952, #2940, #35, #4784, #3797, #4755, #1984, #3860, #565, #4321, #4813, #5211, #990, #5726, #3273, #5664, #4354, #3399, #932, #5634, #5179, #960, #2847, #100, #4724, #499, #3332, #2380, #1920, #2878, #4286, #5273, #4515, #3174, #5910, #4544, #5049, #4043, #3121, #4843, #317, #2510, #5307, #3638, #1581, #5759, #2712, #2196, #2658, #5966, #3004, #2048, #2542, #3147, #780, #5938, #629, #4071, #1729, #4570, #2223, #835, #3610, #1550, #4597, #4386, #2016, #3892, #4994, #1086, #1699, #3922, #5021, #3582, #5479, #3430, #288, #1263, #807, #2167, #5452, #1236, #2971, #166, #5791, #3463, #2684, #344, #5337, #1119, #4098, #1759, #5507, #1291, #4876, #661, #373, #3203, #3318, #2803, #5565, #2338, #399, #5994, #2251, #4712, #5109, #4127, #4210, #1788, #5167, #3232, #5139, #1877, #891, #4154, #6024, #1380 ),
 ( #3666, #5536, #1848, #5650, #2367, #2774, #1436, #4183, #4681, #5197, #2314, #3260, #5077, #457, #864, #1320, #1906, #1817, #2742, #977, #6081, #918, #4240, #1348, #2283, #4654, #1408, #3755, #5623, #4625, #3289, #947, #2834, #486, #2865, #21, #3697, #430, #6054, #3726, #5595, #3784, #3815, #4338, #4772, #5777, #2463, #1072, #3481, #2926, #4829, #2957, #4801, #583, #119, #5356, #4742, #518, #551, #2002, #5324, #1938, #4305, #151, #3878, #5745, #5293, #54, #1104, #2398, #1469, #1599, #615, #3846, #2496, #2431, #4273, #5681, #2989, #3384, #3351, #4372, #5230, #3447, #1502, #3416, #2033, #5259, #3909, #87, #1009, #1139, #1567, #4862, #2896, #647, #2529, #1970, #5712, #1039, #1535, #4406, #3942, #186, #2068, #5811, #4037, #1257, #3141, #5446, #311, #4092, #4507, #282, #5014, #4894, #3086, #2217, #774, #3054, #2102, #5501, #2652, #4987, #3977, #2190, #1723, #3023, #3516, #1752, #5960, #1230, #3632, #3547, #3115, #4957, #5904, #801, #2678, #4538, #4065, #681, #2161, #1693, #4564, #2562, #744, #4439, #338, #218, #5843, #1633, #5387, #1169, #3603, #4924 ),
 ( #712, #2592, #5417, #4473, #2623, #5932, #250, #3576, #5473, #2133, #4007, #5875, #1663, #1200, #858, #5043, #1901, #5588, #1841, #5162, #2277, #1314, #1811, #2333, #6048, #5134, #4121, #3721, #913, #3750, #1403, #4234, #1374, #829, #14, #1782, #1285, #3778, #4177, #367, #886, #3197, #4206, #5102, #3255, #3168, #5559, #2798, #4676, #1342, #3226, #2768, #2705, #4591, #2245, #5071, #4648, #1872, #5988, #2736, #452, #424, #2308, #6076, #3660, #5618, #5530, #4619, #393, #3284, #4148, #942, #6018, #3691, #2828, #4706, #480, #2361, #1528, #5645, #4365, #2424, #4331, #112, #80, #3440, #144, #609, #4297, #575, #2489, #3312, #1964, #640, #543, #4854, #1430, #5191, #2918, #5285, #2981, #2060, #3344, #5738, #1065, #1931, #4735, #2392, #5317, #1995, #971, #3377, #2950, #5223, #2456, #4266, #2858, #3808, #510, #1494, #47, #5675, #4822, #3839, #1002, #2889, #3871, #4398, #3409, #4766, #1462, #2026, #3902, #5770, #5705, #5253, #1032, #1560, #4794, #1096, #2521, #178, #5803, #795, #5467, #1657, #3135, #5896, #243, #303, #4979, #765, #4057, #4530, #3047, #2554 ),
 ( #673, #273, #3568, #2182, #5924, #2672, #4028, #1592, #4558, #4431, #3934, #332, #737, #3015, #3539, #3968, #2645, #5410, #2154, #3473, #2127, #1685, #5438, #4000, #5868, #1192, #5349, #1131, #4887, #5835, #3078, #1715, #211, #3509, #1221, #4949, #2615, #4498, #2094, #3596, #1625, #5380, #1162, #3108, #4917, #1250, #705, #2585, #4466, #5008, #850, #4085, #4169, #6039, #3626, #3220, #1279, #1804, #5610, #5126, #3713, #5521, #1365, #1335, #5154, #445, #5552, #3247, #4112, #3652, #2728, #1306, #4198, #5094, #879, #1833, #358, #5580, #6069, #2790, #906, #4612, #2760, #4668, #5954, #5063, #3275, #3189, #1395, #2211, #1745, #4639, #2327, #934, #4697, #5980, #2299, #1864, #4584, #3162, #5035, #3741, #415, #5494, #6011, #2820, #1774, #822, #2698, #2237, #387, #2268, #4140, #3683, #2352, #1986, #5213, #4257, #38, #1485, #5309, #5245, #1922, #4225, #1024, #2910, #5275, #3799, #70, #501, #1519, #6, #103, #5666, #4757, #1892, #3432, #2018, #4289, #5761, #2448, #2880, #2942, #3401, #1056, #601, #4815, #1452, #5182, #3334, #2481, #567, #4323, #3769, #2849, #5636 ),
 ( #136, #3862, #1422, #1552, #4786, #992, #534, #3303, #1954, #2415, #472, #3831, #962, #4726, #5696, #4357, #2383, #3368, #5729, #3894, #1088, #2973, #3925, #632, #1584, #2513, #2086, #2051, #4389, #4456, #2545, #5340, #1123, #3500, #4491, #1154, #3007, #169, #3039, #4910, #5860, #4879, #5827, #3466, #2119, #5793, #235, #664, #203, #4845, #4423, #3958, #729, #1617, #5371, #266, #697, #2578, #3993, #1649, #3532, #5403, #1185, #3070, #4941, #2607, #123, #24, #521, #1910, #4744, #3881, #2993, #2898, #1075, #3912, #1538, #5201, #3451, #2929, #4775, #1011, #3786, #1974, #5685, #4244, #554, #2401, #4276, #2435, #4833, #57, #4308, #979, #2005, #5748, #5652, #5262, #3321, #3850, #1570, #2960, #3419, #1471, #5296, #3389, #1107, #2499, #1507, #618, #1942, #3354, #90, #5232, #155, #1042, #4804, #4375, #3818, #2036, #5781, #5327, #4865, #5716, #587, #650, #1439, #2467, #2867, #4342, #2483, #1554, #3865, #1522, #1059, #4846, #2851, #1089, #5310, #569, #3434, #2882, #2450, #2418, #3370, #603, #4359, #4728, #2354, #2974, #5247, #1424, #1957, #2385, #3403, #74 ),
 ( #2944, #503, #537, #3305, #4325, #106, #3771, #1026, #5184, #3833, #5764, #5279, #5732, #5668, #4816, #1488, #4227, #138, #5699, #2020, #4259, #3801, #4760, #1455, #3896, #2912, #4788, #1989, #40, #8, #1894, #5638, #964, #995, #1924, #3337, #5216, #4291, #1709, #1619, #2120, #1650, #2053, #2546, #267, #4052, #3130, #4424, #730, #2148, #3008, #5795, #3467, #4524, #3071, #3927, #4457, #4022, #204, #3533, #5342, #4391, #4880, #171, #2579, #1124, #2514, #5890, #5373, #2088, #3960, #5404, #5461, #1186, #5829, #1586, #4942, #2608, #5432, #3502, #236, #665, #1679, #1156, #3562, #3041, #4911, #698, #3591, #2176, #3994, #5919, #4492, #5861, #3101, #1215, #4972, #760, #2639, #297, #1245, #633, #6034, #5089, #874, #789, #1274, #2667, #5489, #4634, #3735, #3647, #1827, #4663, #2294, #3157, #3184, #5948, #2754, #410, #327, #6006, #4080, #4607, #2322, #3708, #4164, #2232, #5575, #4135, #1858, #3242, #2262, #1359, #817, #353, #5516, #4107, #901, #1799, #3678, #5121, #5030, #2784, #440, #4191, #6063, #1301, #5546, #5604, #5058, #2693, #1330, #3214, #1389, #5003 ),
 ( #4553, #2206, #1740, #3621, #845, #4579, #2723, #5975, #1769, #382, #5779, #648, #4440, #4831, #616, #5357, #5148, #3417, #2563, #1140, #3978, #2813, #682, #928, #552, #3943, #1972, #3270, #2958, #4773, #2433, #2497, #219, #3024, #5746, #2104, #1073, #1568, #5844, #5294, #4373, #88, #3449, #3848, #4306, #4895, #2927, #5714, #1505, #5325, #3910, #3387, #4340, #5260, #3879, #4407, #2034, #1105, #1040, #2991, #4863, #5812, #3482, #4802, #2530, #585, #2465, #121, #2003, #1536, #153, #187, #2069, #1601, #2679, #5447, #4066, #368, #5905, #1724, #5933, #2162, #4565, #312, #5474, #4474, #3604, #1258, #4093, #1754, #4592, #3142, #5388, #2246, #2134, #1634, #4122, #4539, #714, #1231, #1664, #339, #3116, #5015, #3517, #1694, #802, #2218, #3577, #4988, #775, #1170, #3055, #4925, #3548, #2653, #5961, #2593, #1201, #3633, #2191, #5502, #1286, #251, #3169, #4008, #5876, #5418, #5044, #745, #830, #3087, #4958, #2624, #2706, #283, #4508, #4038, #5989, #4707, #2769, #4677, #453, #5619, #2309, #6019, #2334, #3256, #16, #5192, #1404, #5163, #481, #2394, #394, #4737 ),
 ( #3779, #4207, #1315, #3722, #3285, #5560, #2799, #4620, #3661, #4149, #5531, #1843, #2737, #1783, #943, #4649, #3692, #1343, #914, #513, #6077, #3227, #3198, #1873, #3751, #2362, #5104, #5591, #1812, #2829, #5072, #4235, #887, #4178, #859, #2860, #1431, #1376, #973, #1902, #6049, #5646, #3313, #2278, #425, #5135, #3380, #2891, #5708, #1100, #3938, #1563, #5225, #3477, #2953, #2921, #1035, #1933, #1998, #1497, #4268, #4797, #4768, #545, #2459, #4858, #2426, #4334, #1004, #147, #2029, #5677, #5288, #3346, #3874, #1596, #2985, #5773, #5255, #3443, #3412, #1135, #2525, #1531, #5320, #82, #578, #115, #5741, #182, #1068, #4825, #3905, #4299, #643, #2064, #4402, #5807, #612, #2492, #5352, #3019, #4890, #4368, #677, #50, #3811, #1464, #1966, #3841, #5956, #5038, #246, #2647, #4060, #4920, #1628, #5383, #334, #4982, #3973, #276, #5927, #2130, #5441, #1165, #214, #708, #2098, #4501, #3050, #4435, #1718, #1195, #4003, #5871, #3571, #1281, #1224, #1659, #5839, #3110, #768, #1253, #3542, #2156, #2588, #3598, #3512, #2185, #5412, #739, #4469, #5497, #4088, #4031 ),
 ( #4533, #306, #2213, #3081, #4952, #2618, #5469, #3137, #5010, #5898, #797, #2674, #4560, #1748, #3164, #1688, #3628, #2558, #4228, #3306, #4614, #908, #2329, #3191, #5982, #3654, #4700, #3249, #2239, #4642, #4201, #389, #3716, #5524, #4586, #5065, #361, #2763, #1308, #2700, #6071, #5554, #2272, #4143, #1836, #5639, #5583, #6013, #4115, #1368, #5128, #5612, #1806, #418, #853, #1866, #1776, #447, #3686, #5097, #2730, #3772, #2355, #2302, #9, #2793, #3222, #3278, #3744, #1397, #937, #5156, #1337, #881, #4172, #2823, #4671, #474, #6042, #1895, #1425, #824, #4817, #3929, #3834, #2021, #4848, #2484, #41, #4393, #3866, #5700, #1958, #2852, #2913, #538, #5185, #1489, #5669, #1456, #3372, #5765, #3338, #5248, #1925, #1060, #2945, #504, #107, #4260, #4789, #2516, #3897, #604, #2419, #4360, #4326, #2055, #3435, #2451, #139, #996, #4292, #1027, #75, #1091, #1990, #5733, #1555, #5217, #5312, #2976, #635, #173, #570, #1523, #5797, #1588, #965, #3404, #5280, #4729, #2386, #3802, #2883, #4761, #3962, #3469, #4081, #269, #2548, #3073, #3504, #4525, #1188, #5892 ),
 ( #1652, #3535, #2207, #5344, #1126, #5375, #5406, #4053, #667, #3043, #4974, #4944, #732, #4024, #4882, #5920, #3010, #206, #328, #1681, #2581, #5434, #1158, #4426, #2090, #1710, #2122, #5831, #1217, #1620, #2177, #238, #2150, #3564, #3103, #5863, #4913, #761, #2610, #3592, #2668, #2640, #298, #5462, #5949, #700, #4460, #3996, #1246, #4554, #4494, #3131, #5004, #790, #6064, #1859, #4165, #5122, #2814, #3215, #5090, #3736, #3622, #1800, #929, #5605, #2346, #1275, #5149, #5490, #5031, #2323, #354, #1741, #1331, #3158, #818, #875, #4689, #1390, #4136, #466, #5547, #6035, #4220, #3679, #2755, #4580, #1828, #2233, #2694, #3271, #1302, #4108, #5976, #3709, #2295, #1770, #2724, #3648, #2263, #2785, #411, #5576, #5517, #1360, #3243, #4192, #3185, #5059, #846, #4608, #383, #6007, #4635, #902, #4664, #441, #4282, #956, #1980, #3856, #1417, #1017, #5175, #5690, #3425, #2935, #1512, #3328, #5268, #5238, #2966, #4349, #3360, #1049, #1916, #1446, #527, #5207, #2011, #2904, #4781, #5722, #4250, #3395, #3887, #594, #4808, #4750, #560, #2474, #129, #5754, #63, #2442 ),
 ( #1545, #2504, #495, #4838, #624, #4317, #5302, #2408, #96, #1948, #1081, #6088, #1886, #3764, #5630, #3297, #1478, #2843, #4720, #2376, #3824, #31, #3793, #5659, #986, #2873, #2042, #1576, #4966, #2999, #4380, #3986, #161, #5786, #5853, #3585, #291, #690, #5455, #2112, #722, #1239, #227, #5396, #1114, #2601, #4871, #3458, #5913, #3951, #3917, #4997, #4484, #4934, #2170, #5364, #4416, #4902, #5426, #3063, #2142, #656, #259, #4016, #754, #4518, #3124, #5884, #5332, #783, #2537, #196, #2077, #1178, #5820, #1642, #1608, #1209, #1673, #3556, #3491, #1147, #3031, #2571, #3095, #4448, #3526, #2632, #4046, #1702, #3614, #1851, #1323, #1294, #5510, #321, #377, #4101, #2661, #3177, #3151, #5024, #838, #3235, #811, #2717, #5483, #4627, #404, #4074, #3670, #1734, #2256, #6056, #5567, #4158, #5969, #1820, #1792, #5597, #893, #5998, #3702, #4574, #1763, #5052, #3641, #4656, #5539, #3208, #2287, #2688, #6027, #432, #5113, #1352, #4600, #5081, #2776, #2315, #4184, #4130, #867, #2747, #3728, #5942, #347, #1382, #3262, #5141, #2226, #4547, #2200, #1268, #6082, #3757 ),
 ( #488, #3817, #5624, #4683, #5168, #459, #2866, #1411, #2806, #2434, #5651, #4714, #2369, #1941, #5747, #5684, #4243, #2340, #1470, #3353, #5715, #23, #520, #949, #1973, #4213, #553, #1909, #5200, #1879, #3880, #2466, #4743, #122, #2897, #3320, #3388, #3849, #1506, #1041, #5261, #3785, #3291, #1438, #2928, #2836, #978, #4803, #1010, #4774, #2400, #4275, #56, #5231, #4307, #1537, #89, #586, #4341, #2004, #3418, #921, #3979, #3944, #2070, #2959, #3025, #649, #5295, #5813, #5780, #1569, #3483, #5877, #3450, #5358, #154, #1171, #3056, #617, #220, #4374, #4896, #2625, #2135, #715, #2531, #4476, #4441, #2241, #3549, #2564, #252, #1106, #4408, #1602, #188, #1202, #2105, #5845, #4926, #5326, #2594, #3088, #1665, #4009, #1141, #1635, #5419, #4959, #747, #683, #3518, #5389, #4510, #2498, #2992, #363, #4117, #1778, #4864, #5984, #1074, #4832, #2035, #3911, #1427, #6073, #5067, #1371, #939, #3223, #449, #2274, #1310, #1808, #3193, #5585, #390, #5526, #5159, #2305, #1339, #5099, #4673, #2389, #2330, #883, #855, #4203, #1869, #2358, #2765, #3252, #3688, #4703 ),
 ( #3747, #4145, #5615, #6015, #2732, #5188, #4645, #4616, #4263, #1400, #3281, #3309, #421, #2825, #477, #5556, #4174, #6045, #968, #4231, #1838, #5131, #11, #3718, #1898, #910, #2795, #3775, #5642, #2855, #4732, #507, #44, #3656, #5702, #1491, #2947, #669, #606, #3374, #5672, #2486, #4362, #637, #5250, #1525, #1961, #2978, #1459, #1557, #1029, #109, #3805, #4883, #3470, #5735, #1128, #3899, #4328, #4395, #4850, #2518, #2057, #175, #2915, #540, #4791, #3931, #2023, #5767, #3341, #4294, #5220, #2421, #3437, #2550, #572, #5799, #1589, #5314, #2886, #3011, #141, #2453, #1992, #999, #3406, #3868, #1928, #5282, #77, #3836, #1062, #5345, #4819, #1093, #4763, #4427, #4054, #1621, #1218, #5376, #5893, #3623, #3132, #1711, #3536, #5463, #5435, #3159, #4555, #3565, #1247, #2124, #1653, #733, #5407, #2208, #3104, #4975, #5921, #4462, #3593, #4082, #791, #5005, #4945, #762, #2669, #329, #2178, #4495, #2641, #1682, #4526, #3505, #3997, #5951, #5491, #2695, #2091, #2582, #3964, #701, #1742, #5032, #2611, #1276, #819, #207, #1159, #5832, #299, #270, #3075, #3044 ),
 ( #240, #2151, #4914, #5864, #4025, #1189, #442, #2324, #5977, #5577, #3649, #4166, #1887, #1391, #6065, #1801, #3737, #3710, #1418, #2815, #1830, #5606, #384, #6008, #5091, #3680, #467, #1361, #3244, #4194, #2725, #1860, #2347, #5150, #3272, #3216, #5123, #930, #4691, #4221, #2756, #903, #6036, #2786, #1771, #2264, #6089, #3765, #957, #4137, #4665, #5631, #847, #5518, #1303, #3298, #5176, #3186, #2296, #4581, #5549, #355, #5060, #2234, #4609, #4109, #412, #1332, #876, #4636, #1479, #528, #2409, #3857, #1577, #1513, #4283, #496, #3396, #5269, #1546, #64, #2443, #2874, #3888, #2377, #2475, #1949, #1018, #4721, #5787, #4381, #561, #2043, #4809, #5239, #5303, #5755, #3426, #2967, #1082, #3825, #1447, #5691, #4839, #2936, #595, #1050, #4350, #625, #3361, #4318, #4751, #2505, #4251, #130, #2905, #4782, #32, #3459, #162, #97, #3918, #2012, #1981, #5333, #2844, #1917, #3794, #5660, #5723, #3329, #5208, #987, #1210, #3096, #3000, #3492, #4872, #1609, #755, #5943, #5854, #4047, #784, #4519, #2078, #322, #5885, #1643, #3987, #657, #4935, #2572, #1115, #3527 ),
 ( #5397, #1179, #1735, #2538, #4417, #1148, #3064, #1703, #197, #691, #2633, #723, #4485, #1674, #3952, #3586, #5821, #5365, #4075, #3557, #228, #4967, #3032, #4903, #4449, #5456, #2602, #2113, #292, #260, #5914, #2143, #5427, #2171, #1240, #4017, #3125, #4998, #2662, #4548, #2201, #3615, #4657, #4185, #1880, #5970, #4214, #2341, #3703, #4684, #5999, #5568, #5540, #405, #3729, #5598, #1821, #2777, #460, #868, #2748, #1383, #1269, #1324, #6083, #3263, #5484, #5025, #2807, #3152, #2689, #6057, #4102, #812, #5082, #4575, #348, #4628, #2227, #5142, #1793, #1764, #3209, #1353, #3642, #2288, #4159, #5511, #3236, #1295, #3178, #922, #5053, #839, #2718, #5114, #6028, #4601, #378, #2257, #3671, #434, #894, #2316, #4131, #1852, #3390, #124, #3882, #619, #3851, #1412, #2500, #4245, #3758, #4376, #555, #2837, #3355, #3787, #4805, #1472, #91, #156, #1943, #5717, #1975, #3819, #5686, #5233, #5625, #3292, #5169, #5653, #1012, #4343, #951, #3322, #5263, #2899, #4776, #4309, #4715, #2006, #489, #2370, #26, #1508, #2868, #1043, #1440, #1911, #5202, #5749, #2402, #980 ) ),
 .UNSPECIFIED., .T., .F., .F.,
 ( 4, 2, 2, 2, 2, 2, 2, 2, 4 ),
 ( 4, 2, 2, 2, 2, 2, 2, 2, 2, 2, 2, 2, 2, 2, 2, 2, 2, 2, 2, 2, 2, 2, 2, 2, 2, 2, 2, 2, 2, 2, 2, 2, 2, 2, 2, 2, 2, 2, 2, 2, 2, 2, 2, 2, 2, 2, 2, 2, 2, 2, 2, 2, 2, 2, 2, 2, 2, 2, 2, 2, 2, 2, 2, 2, 2, 2, 2, 2, 2, 2, 2, 2, 2, 2, 2, 2, 2, 4 ),
 ( 0.000000000000000000, 0.1250000000000000000, 0.2500000000000000000, 0.3750000000000000000, 0.5000000000000000000, 0.6250000000000000000, 0.7500000000000000000, 0.8750000000000000000, 1.000000000000000000 ),
 ( 0.000000000000000000, 0.02293537602862477653, 0.03440306404293716480, 0.04587075205724955307, 0.05693406602288443585, 0.06799737998851931864, 0.09012400791978908421, 0.1338873713130900589, 0.1777104776079845017, 0.2363799888749228140, 0.2656527158564966906, 0.2949254428380705395, 0.3233973304351067668, 0.3518692180321429386, 0.3528660844690512666, 0.4015154277736653343, 0.4501647710782793466, 0.4986000673676909134, 0.5228177155123967523, 0.5349265395847495608, 0.5470353636571024802, 0.5590122694769990019, 0.5709891752968955236, 0.5829660811167920453, 0.5889545340267403617, 0.5949429869366885670, 0.6005512422895866731, 0.6061594976424847792, 0.6173760083482809913, 0.6285925190540772034, 0.6398090297598734155, 0.6505235711324950376, 0.6612381125051167707, 0.6826671952503600149, 0.6925461171759064172, 0.7024250391014527084, 0.7127705627819214129, 0.7179433246221558207, 0.7231160864623901174, 0.7286883790484774970, 0.7342606716345647655, 0.7398329642206520340, 0.7454052568067394136, 0.7515501346096509216, 0.7576950124125623187, 0.7638398902154737158, 0.7669123291169295253, 0.7699847680183852239, 0.7734276392345147411, 0.7768705104506441472, 0.7837562528829031816, 0.7906419953151622160, 0.7940848665312917332, 0.7975277377474212503, 0.8009136226312292273, 0.8042995075150372042, 0.8110712772826531580, 0.8246148168178849547, 0.8381583563531167513, 0.8449301261207327052, 0.8483160110045406821, 0.8517018958883486590, 0.8537872587745400921, 0.8558726216607316362, 0.8600433474331146133, 0.8683847989778806786, 0.8850677020674126982, 0.9017506051569446068, 0.9100920567017105611, 0.9142627824740936493, 0.9163481453602850824, 0.9184335082464766264, 0.9209824611137742423, 0.9235314139810717471, 0.9286293197156669788, 0.9388251311848574421, 0.9592167541232383687, 1.000000000000000000 ),
 .UNSPECIFIED. ) ;
#16 = CARTESIAN_POINT ( 'NONE',  ( -54.24132129036956229, -127.8549472511658678, -22.91345157442510327 ) ) ;
#17 = CARTESIAN_POINT ( 'NONE',  ( -44.45641556872503486, -64.03157201843910684, -29.21342072883906127 ) ) ;
#18 = CARTESIAN_POINT ( 'NONE',  ( -3.744262038083045141, -36.80053956746305488, -27.19951101040123476 ) ) ;
#19 = COORDINATED_UNIVERSAL_TIME_OFFSET ( 8, 0, .AHEAD. ) ;
#20 = CARTESIAN_POINT ( 'NONE',  ( -33.67386058620095213, -64.96039233048615813, -29.60522533836441283 ) ) ;
#21 = CARTESIAN_POINT ( 'NONE',  ( -37.08537755477271958, -65.46367941781741706, -32.40724774039045997 ) ) ;
#22 = CARTESIAN_POINT ( 'NONE',  ( -64.35932589085470568, -96.84152943860183882, -24.96659256312690545 ) ) ;
#23 = CARTESIAN_POINT ( 'NONE',  ( -7.146153176394337336, -39.20222713821186744, -27.39575550151310779 ) ) ;
#24 = CARTESIAN_POINT ( 'NONE',  ( -64.34397895766825570, -82.86735633732101292, -23.02836694860672040 ) ) ;
#25 = CARTESIAN_POINT ( 'NONE',  ( -42.14171473401803070, -70.16182568755202453, -28.39330921270950725 ) ) ;
#26 = CARTESIAN_POINT ( 'NONE',  ( -50.13934749841764926, -125.2797781150910339, -27.16587295114009848 ) ) ;
#27 = CARTESIAN_POINT ( 'NONE',  ( 4.380191840295052152, -18.84083940612153185, -20.62126417253619337 ) ) ;
#28 = CARTESIAN_POINT ( 'NONE',  ( -55.76968203507074406, -114.7341014879343959, -25.19316251293669495 ) ) ;
#29 = CARTESIAN_POINT ( 'NONE',  ( -57.41177144298238488, -117.1089724464635964, -26.96528369606433628 ) ) ;
#30 = CARTESIAN_POINT ( 'NONE',  ( -57.81186750682959996, -77.05608567169639400, -21.15881875276244983 ) ) ;
#31 = CARTESIAN_POINT ( 'NONE',  ( -7.886297220932670271, -38.66589932286749587, -27.33271623572383646 ) ) ;
#32 = CARTESIAN_POINT ( 'NONE',  ( -56.21596117500876488, -112.8789274283686552, -24.22095007150996437 ) ) ;
#33 = CARTESIAN_POINT ( 'NONE',  ( 5.192970253775258449, -8.861937469161714986, -11.54863376123073415 ) ) ;
#34 = CARTESIAN_POINT ( 'NONE',  ( -59.18902246046213378, -83.87959169923736624, -25.83751778327973980 ) ) ;
#35 = CARTESIAN_POINT ( 'NONE',  ( -42.61549739566186190, -69.36077910554450909, -30.60239763071232133 ) ) ;
#36 = CARTESIAN_POINT ( 'NONE',  ( -53.17219122511356488, -125.0519594078579644, -28.41963490611677301 ) ) ;
#37 = CARTESIAN_POINT ( 'NONE',  ( -41.16321046275676565, -61.81378720658264569, -28.52233996840771368 ) ) ;
#38 = CARTESIAN_POINT ( 'NONE',  ( -62.41475453743920809, -112.5592127549710142, -24.31140967647931461 ) ) ;
#39 = CARTESIAN_POINT ( 'NONE',  ( -55.53382869302151903, -116.5098272481554744, -21.43937567162322111 ) ) ;
#40 = CARTESIAN_POINT ( 'NONE',  ( -15.85111750450002255, -45.49138567347031170, -34.00085441663338770 ) ) ;
#41 = CARTESIAN_POINT ( 'NONE',  ( -63.71625454196271221, -98.52549872760155836, -18.55883062594396549 ) ) ;
#42 = EDGE_LOOP ( 'NONE', ( #2303, #5129, #1896, #1457 ) ) ;
#43 = CARTESIAN_POINT ( 'NONE',  ( -50.26855514939687453, -70.43779544081989741, -29.66007162145400855 ) ) ;
#44 = CARTESIAN_POINT ( 'NONE',  ( -26.66760913637743258, -59.82507022551903475, -29.48514387856746310 ) ) ;
#45 = CARTESIAN_POINT ( 'NONE',  ( -10.12605441015777252, -47.79646639328803559, -31.85100701093603703 ) ) ;
#46 = CARTESIAN_POINT ( 'NONE',  ( -63.48217981432094348, -110.8126152971005354, -21.56745018506133604 ) ) ;
#47 = CARTESIAN_POINT ( 'NONE',  ( -61.58625057371958889, -113.1857135434443222, -25.16413586959176740 ) ) ;
#48 = CARTESIAN_POINT ( 'NONE',  ( -60.86188978356180712, -107.1821173565703873, -19.22922990204617477 ) ) ;
#49 = CARTESIAN_POINT ( 'NONE',  ( -65.26943711094813239, -103.6826287095681352, -23.50784350206797058 ) ) ;
#50 = CARTESIAN_POINT ( 'NONE',  ( -63.75469772159252102, -105.5611706828873793, -19.22782603401820722 ) ) ;
#51 = CARTESIAN_POINT ( 'NONE',  ( -64.19598458695196541, -83.26208551952296943, -21.34784366848058923 ) ) ;
#52 = CARTESIAN_POINT ( 'NONE',  ( -51.35172451981836872, -76.07926183546739196, -24.74147349149160391 ) ) ;
#53 = CARTESIAN_POINT ( 'NONE',  ( -51.17075751684724594, -123.5192474415159580, -26.79891795266354393 ) ) ;
#54 = CARTESIAN_POINT ( 'NONE',  ( -62.17576906762995748, -84.61937458365854070, -25.98173832708299358 ) ) ;
#55 = CARTESIAN_POINT ( 'NONE',  ( -64.37941661108970948, -93.64414135714079634, -25.03346302750583519 ) ) ;
#56 = CARTESIAN_POINT ( 'NONE',  ( -51.84326211007495999, -75.19125527881656978, -23.37043084068120180 ) ) ;
#57 = CARTESIAN_POINT ( 'NONE',  ( -66.62229793927015464, -98.59722841594270903, -21.71127226864474835 ) ) ;
#58 = CARTESIAN_POINT ( 'NONE',  ( 4.709459278186787223, -3.601775776663232786, -6.274299660075625340 ) ) ;
#59 = CARTESIAN_POINT ( 'NONE',  ( -58.48802888598972061, -108.1628720201355947, -24.28411325835676848 ) ) ;
#60 = CARTESIAN_POINT ( 'NONE',  ( -55.03962255121542313, -116.2700198153301159, -25.44445786536799758 ) ) ;
#61 = CARTESIAN_POINT ( 'NONE',  ( -57.63733838107057750, -113.0316928087651434, -26.09305023551877056 ) ) ;
#62 = CARTESIAN_POINT ( 'NONE',  ( -53.87991815733776946, -124.2714208677191579, -21.56218817100937812 ) ) ;
#63 = CARTESIAN_POINT ( 'NONE',  ( -45.03572263097966299, -136.6967634040239261, -24.58529187610559674 ) ) ;
#64 = CARTESIAN_POINT ( 'NONE',  ( -60.77289806284068874, -95.46061110611591971, -22.80017517789500658 ) ) ;
#65 = CARTESIAN_POINT ( 'NONE',  ( -43.24337559031757650, -70.27246599337946975, -26.68272519408250076 ) ) ;
#66 = CARTESIAN_POINT ( 'NONE',  ( -59.75692473096916046, -84.90006389048640756, -25.65494450305455487 ) ) ;
#67 = CARTESIAN_POINT ( 'NONE',  ( 4.145011457799310683, -15.90841933426003685, -22.10737699528789690 ) ) ;
#68 = CARTESIAN_POINT ( 'NONE',  ( -52.81872031034907877, -125.6604492892507920, -28.54324692474412473 ) ) ;
#69 = CARTESIAN_POINT ( 'NONE',  ( -65.38745918255474976, -96.33832348717167804, -18.92212669213037302 ) ) ;
#70 = CARTESIAN_POINT ( 'NONE',  ( -61.23343964237143666, -115.3530680244718667, -24.67736567216216059 ) ) ;
#72 = CARTESIAN_POINT ( 'NONE',  ( -51.14301688703071846, -133.5885471808522880, -28.05967310127763881 ) ) ;
#71 = CARTESIAN_POINT ( 'NONE',  ( -59.56151576645324042, -106.7801544354111769, -20.13392078678013064 ) ) ;
#73 = SECURITY_CLASSIFICATION ( '', '', #5523 ) ;
#74 = CARTESIAN_POINT ( 'NONE',  ( -48.26059241471661210, -138.6604999296586982, -27.53232566381622703 ) ) ;
#75 = CARTESIAN_POINT ( 'NONE',  ( -58.19575578046118380, -116.0151748905772848, -20.13097713397704780 ) ) ;
#76 = CARTESIAN_POINT ( 'NONE',  ( -56.29141667455684939, -74.63341986596394406, -27.78406222942784964 ) ) ;
#77 = CARTESIAN_POINT ( 'NONE',  ( -60.26740934862677079, -99.92531186831006096, -22.01097042855937147 ) ) ;
#78 = CARTESIAN_POINT ( 'NONE',  ( -51.36828272678583573, -123.9078108563028167, -27.55104368460988695 ) ) ;
#79 = CARTESIAN_POINT ( 'NONE',  ( -25.79824799279759162, -52.65660649405846527, -31.96564800627638192 ) ) ;
#80 = CARTESIAN_POINT ( 'NONE',  ( -65.81265374305436922, -94.29443052376467449, -24.12244414397080305 ) ) ;
#81 = CARTESIAN_POINT ( 'NONE',  ( -61.18765478458604434, -84.08899490330801996, -19.66804129788370759 ) ) ;
#82 = CARTESIAN_POINT ( 'NONE',  ( -65.38745918255474976, -96.33832348717167804, -18.92212669213037302 ) ) ;
#83 = CARTESIAN_POINT ( 'NONE',  ( -52.31563886369070104, -69.20726128725276283, -25.92801124776780597 ) ) ;
#84 = CARTESIAN_POINT ( 'NONE',  ( -52.79612348900452901, -77.42202510292955253, -24.41290523856352834 ) ) ;
#85 = CARTESIAN_POINT ( 'NONE',  ( -45.54660205625992830, -132.5995104946522929, -28.82340113812940174 ) ) ;
#86 = CARTESIAN_POINT ( 'NONE',  ( -56.36243562834467014, -113.4338458857758809, -24.99143651199414862 ) ) ;
#87 = CARTESIAN_POINT ( 'NONE',  ( -64.30693783952561660, -97.58578044849949151, -24.96798808572512129 ) ) ;
#88 = CARTESIAN_POINT ( 'NONE',  ( -46.52587652148059760, -65.06489258843424750, -27.75317128125450594 ) ) ;
#89 = CARTESIAN_POINT ( 'NONE',  ( -53.72729123234640269, -77.07082707963986934, -22.85530774848885116 ) ) ;
#90 = CARTESIAN_POINT ( 'NONE',  ( -64.87582801835993962, -106.9111350517481043, -22.08487927176398458 ) ) ;
#91 = CARTESIAN_POINT ( 'NONE',  ( -56.08498762558757278, -114.0489642463931261, -25.08524759137066340 ) ) ;
#92 = CARTESIAN_POINT ( 'NONE',  ( -61.02734420597191445, -97.06503826850651251, -23.52250876058367268 ) ) ;
#93 = CARTESIAN_POINT ( 'NONE',  ( -56.45017887103157506, -113.2364907394351121, -24.96180092752042157 ) ) ;
#94 = CARTESIAN_POINT ( 'NONE',  ( -47.68166873304182474, -68.19440310288216267, -30.20906245312638205 ) ) ;
#95 = CARTESIAN_POINT ( 'NONE',  ( -52.40197562176997792, -126.7964725579301444, -22.06760978073288371 ) ) ;
#96 = CARTESIAN_POINT ( 'NONE',  ( 2.217574778510182476, -8.045555257542824634, -7.749917188062550366 ) ) ;
#97 = CARTESIAN_POINT ( 'NONE',  ( -55.68546581078398816, -114.0576556697812975, -24.40082699387338749 ) ) ;
#98 = CARTESIAN_POINT ( 'NONE',  ( -60.43190059101911515, -90.63503386340059365, -22.96878262602663767 ) ) ;
#99 = CARTESIAN_POINT ( 'NONE',  ( -56.75823244932499279, -80.53471106193309481, -26.59206104298281659 ) ) ;
#100 = CARTESIAN_POINT ( 'NONE',  ( -57.43587873852535353, -79.18877618906496707, -27.38077402062393872 ) ) ;
#101 = CARTESIAN_POINT ( 'NONE',  ( -53.86078299570889527, -123.8484942289304058, -28.17983817405953317 ) ) ;
#102 = CARTESIAN_POINT ( 'NONE',  ( -65.27460213235021058, -91.08588459105286006, -19.13340211927160794 ) ) ;
#103 = CARTESIAN_POINT ( 'NONE',  ( -59.67591740847462489, -118.7007180251239049, -25.17319548561967935 ) ) ;
#105 = CARTESIAN_POINT ( 'NONE',  ( -61.65426286308593973, -114.3872073547534427, -24.54627216590735372 ) ) ;
#104 = CARTESIAN_POINT ( 'NONE',  ( 3.050684349724992028, -7.434666111251897469, -7.346151291681592532 ) ) ;
#106 = CARTESIAN_POINT ( 'NONE',  ( -1.648606798055643141, -2.012740187620905008, -6.106283792396085985 ) ) ;
#107 = CARTESIAN_POINT ( 'NONE',  ( -61.87109278635771403, -106.7312481933154373, -19.00476510299787947 ) ) ;
#108 = CARTESIAN_POINT ( 'NONE',  ( -65.40711817465349043, -90.05094801561644147, -24.38480504307650776 ) ) ;
#109 = CARTESIAN_POINT ( 'NONE',  ( -51.09518940022694267, -75.84813208169475729, -24.79515439342190319 ) ) ;
#110 = CARTESIAN_POINT ( 'NONE',  ( -52.10041765384907819, -122.6286527582012127, -27.29233904266444810 ) ) ;
#111 = CARTESIAN_POINT ( 'NONE',  ( -53.49486393004502816, -70.23994271031256176, -24.61286981332047574 ) ) ;
#112 = CARTESIAN_POINT ( 'NONE',  ( -65.80276664487446681, -93.90825567647618755, -24.13676464504168351 ) ) ;
#113 = CARTESIAN_POINT ( 'NONE',  ( 1.151232020646498544, -3.818318314916683942, -1.204604825249093958 ) ) ;
#114 = CARTESIAN_POINT ( 'NONE',  ( -66.35244089692930913, -93.82138779870884093, -23.41002738661092053 ) ) ;
#115 = CARTESIAN_POINT ( 'NONE',  ( -65.29872134117657367, -97.50460727311302378, -18.91615533241022362 ) ) ;
#116 = CARTESIAN_POINT ( 'NONE',  ( -65.97853493426356408, -89.24084730390616471, -20.52157540363103649 ) ) ;
#117 = CARTESIAN_POINT ( 'NONE',  ( 2.899737436731891549, -1.696456640980668062, 0.000000000000000000 ) ) ;
#118 = CARTESIAN_POINT ( 'NONE',  ( -60.67737617250225668, -99.92360631325404086, -23.60783629814064710 ) ) ;
#119 = CARTESIAN_POINT ( 'NONE',  ( -52.67708559539764224, -73.84192265310943526, -29.06180903638581370 ) ) ;
#120 = CARTESIAN_POINT ( 'NONE',  ( -62.06741462982058266, -113.4085270499357847, -24.41809473385769635 ) ) ;
#121 = CARTESIAN_POINT ( 'NONE',  ( -64.00376396207973073, -83.56831055576982692, -20.57743195627702448 ) ) ;
#122 = CARTESIAN_POINT ( 'NONE',  ( -32.49689644418889145, -61.73842505082756560, -27.78319397533709179 ) ) ;
#123 = CARTESIAN_POINT ( 'NONE',  ( -63.39621043375824883, -80.96649979956258392, -23.41908997120268765 ) ) ;
#124 = CARTESIAN_POINT ( 'NONE',  ( -59.33564722136577529, -105.5781879296369965, -24.01058593520619766 ) ) ;
#125 = CARTESIAN_POINT ( 'NONE',  ( -55.76968203507074406, -114.7341014879343959, -25.19316251293669495 ) ) ;
#126 = CARTESIAN_POINT ( 'NONE',  ( -17.94707691979129294, -54.94823668322724330, -31.68107014164969826 ) ) ;
#127 = CARTESIAN_POINT ( 'NONE',  ( -51.83016097938146061, -70.39824810387719367, -28.84761365804775224 ) ) ;
#128 = CARTESIAN_POINT ( 'NONE',  ( -60.98272129064669400, -109.3605811210709362, -19.26200598398187225 ) ) ;
#129 = CARTESIAN_POINT ( 'NONE',  ( -48.52302520449257628, -131.4635637140740130, -23.34558573579702312 ) ) ;
#130 = CARTESIAN_POINT ( 'NONE',  ( -57.18277338667562049, -110.5944390809057154, -23.89620505360769087 ) ) ;
#131 = CARTESIAN_POINT ( 'NONE',  ( -55.26869512612966417, -80.20714264503169488, -24.60848932172564929 ) ) ;
#132 = CARTESIAN_POINT ( 'NONE',  ( -61.35406556942238865, -101.7129376636818989, -24.91460618677914240 ) ) ;
#133 = CARTESIAN_POINT ( 'NONE',  ( 5.064933426046745346, -5.299122828738119573, -8.570966443578246441 ) ) ;
#134 = CARTESIAN_POINT ( 'NONE',  ( 3.855781512802303190, -1.803302242390026233, -8.479766359233993356 ) ) ;
#135 = CARTESIAN_POINT ( 'NONE',  ( -61.42742076012577712, -112.3123894457691989, -19.88883607479766980 ) ) ;
#136 = CARTESIAN_POINT ( 'NONE',  ( -2.899737436731891549, 1.696456640980668062, 0.000000000000000000 ) ) ;
#137 = CARTESIAN_POINT ( 'NONE',  ( -56.48927624968845862, -124.7376670164000814, -26.22733096059618063 ) ) ;
#138 = CARTESIAN_POINT ( 'NONE',  ( -2.669493145673965895, -22.33036107635313172, -25.77864703563124138 ) ) ;
#139 = CARTESIAN_POINT ( 'NONE',  ( -58.68008472210145499, -114.9656606211256786, -19.97565185545181521 ) ) ;
#140 = CARTESIAN_POINT ( 'NONE',  ( -65.68690236166339957, -92.10704325192780573, -24.22853380540909995 ) ) ;
#141 = CARTESIAN_POINT ( 'NONE',  ( -60.70814765334466045, -95.97487182872177414, -21.90978014828767328 ) ) ;
#142 = CARTESIAN_POINT ( 'NONE',  ( -50.46617655874938890, -125.4472947305053623, -27.87209914601439920 ) ) ;
#143 = CARTESIAN_POINT ( 'NONE',  ( -64.91723234330603987, -86.13928525556013938, -20.17264791826601567 ) ) ;
#144 = CARTESIAN_POINT ( 'NONE',  ( -65.81542497237791167, -95.40073467249186479, -24.09009225553090161 ) ) ;
#145 = CARTESIAN_POINT ( 'NONE',  ( -8.872726760049920003, -40.01577454122675448, -27.70559354089457926 ) ) ;
#146 = CARTESIAN_POINT ( 'NONE',  ( -66.34214762497104800, -96.13177259796252372, -23.34332284080738162 ) ) ;
#147 = CARTESIAN_POINT ( 'NONE',  ( -64.23641701316920205, -85.97225518180061954, -19.66541321095834149 ) ) ;
#148 = CARTESIAN_POINT ( 'NONE',  ( -16.40544160703066012, -45.43923440694911875, -33.35736578025095866 ) ) ;
#149 = CARTESIAN_POINT ( 'NONE',  ( -48.77543312313650858, -73.80483535686735763, -25.17960277216704057 ) ) ;
#150 = CARTESIAN_POINT ( 'NONE',  ( -55.95057769052191077, -114.3425067062699014, -25.13104926928759397 ) ) ;
#151 = CARTESIAN_POINT ( 'NONE',  ( -59.13675106563376005, -79.85044005122533406, -27.04407824470378330 ) ) ;
#152 = CARTESIAN_POINT ( 'NONE',  ( -61.78921000777283012, -114.0713890630699012, -24.50434564974942475 ) ) ;
#153 = CARTESIAN_POINT ( 'NONE',  ( -64.91723234330603987, -86.13928525556013938, -20.17264791826601567 ) ) ;
#154 = CARTESIAN_POINT ( 'NONE',  ( -61.22728038264231998, -93.27062744585064991, -20.32603446438001882 ) ) ;
#155 = CARTESIAN_POINT ( 'NONE',  ( -64.24698462957428546, -108.9021779971669872, -22.25549591990519716 ) ) ;
#156 = CARTESIAN_POINT ( 'NONE',  ( -55.95057769052191077, -114.3425067062699014, -25.13104926928759397 ) ) ;
#157 = CARTESIAN_POINT ( 'NONE',  ( -55.03962255121542313, -116.2700198153301159, -25.44445786536799758 ) ) ;
#158 = CARTESIAN_POINT ( 'NONE',  ( -3.851057780462973312, -39.28559719404107398, -29.77379751314475342 ) ) ;
#159 = CARTESIAN_POINT ( 'NONE',  ( -0.1870597331629555993, 0.5177229845462271163, -5.242463260029565753 ) ) ;
#160 = CARTESIAN_POINT ( 'NONE',  ( -63.55159876837639388, -99.69665642361231050, -18.58507943794740314 ) ) ;
#161 = CARTESIAN_POINT ( 'NONE',  ( -27.88695450815322374, -57.83133003240525483, -28.47410233940730606 ) ) ;
#162 = CARTESIAN_POINT ( 'NONE',  ( -55.86547633888253017, -113.6622948453435669, -24.33968031567439994 ) ) ;
#163 = CARTESIAN_POINT ( 'NONE',  ( -60.78060300434483310, -94.55543387546973122, -22.80838113094086239 ) ) ;
#164 = CARTESIAN_POINT ( 'NONE',  ( -44.51941696579252294, -71.37927196644616856, -28.90522107733801960 ) ) ;
#165 = CARTESIAN_POINT ( 'NONE',  ( -1.625038739099649021, -34.84038044440278270, -27.86463394630754564 ) ) ;
#166 = CARTESIAN_POINT ( 'NONE',  ( -59.14169148704506540, -113.3017857120719611, -26.39171028368120986 ) ) ;
#167 = CARTESIAN_POINT ( 'NONE',  ( -14.92867461838635457, -51.28056891944953577, -34.33975166528620093 ) ) ;
#168 = CARTESIAN_POINT ( 'NONE',  ( -64.81668995237680519, -101.0033609521725708, -18.98021261146658745 ) ) ;
#169 = CARTESIAN_POINT ( 'NONE',  ( -41.92508978171582612, -63.54028522430166248, -31.25778329531339494 ) ) ;
#170 = CARTESIAN_POINT ( 'NONE',  ( -60.11486262418922166, -117.7930340374310987, -25.03179164763416864 ) ) ;
#171 = CARTESIAN_POINT ( 'NONE',  ( -61.05782447083423392, -77.41269575965253580, -23.45712282031066209 ) ) ;
#172 = CARTESIAN_POINT ( 'NONE',  ( -51.44391122158936724, -68.89489738931617069, -27.87668397625774119 ) ) ;
#173 = CARTESIAN_POINT ( 'NONE',  ( -55.18209182851824579, -121.9469282580779037, -21.12213747382157081 ) ) ;
#174 = CARTESIAN_POINT ( 'NONE',  ( -64.07900029084483151, -85.29613265927234522, -24.97519297702383767 ) ) ;
#175 = CARTESIAN_POINT ( 'NONE',  ( -57.50473986317061303, -83.01730850695101083, -23.05664805532490291 ) ) ;
#176 = CARTESIAN_POINT ( 'NONE',  ( -51.71078291752170486, -75.84438856301679266, -27.96920708973931369 ) ) ;
#177 = CARTESIAN_POINT ( 'NONE',  ( -43.49062563934008097, -63.14249269181581781, -28.78254063529881890 ) ) ;
#178 = CARTESIAN_POINT ( 'NONE',  ( -55.84808357953370717, -124.8027347389322586, -27.04431801266021296 ) ) ;
#179 = CARTESIAN_POINT ( 'NONE',  ( -45.03572263097966299, -136.6967634040239261, -24.58529187610559674 ) ) ;
#180 = CARTESIAN_POINT ( 'NONE',  ( -66.41040291396217299, -89.47127452017853955, -22.08850321240005954 ) ) ;
#181 = CARTESIAN_POINT ( 'NONE',  ( -65.94982178054064548, -89.85844134264215199, -23.67330303776179079 ) ) ;
#182 = CARTESIAN_POINT ( 'NONE',  ( -65.16818111785505607, -98.71347678025314565, -18.92464194183116888 ) ) ;
#183 = CARTESIAN_POINT ( 'NONE',  ( -61.01210525375039850, -115.8331591269602399, -21.51088583380582264 ) ) ;
#184 = CARTESIAN_POINT ( 'NONE',  ( -58.56851767133841946, -106.5981331208236469, -22.52770499168702401 ) ) ;
#185 = CARTESIAN_POINT ( 'NONE',  ( -40.29752046775041663, -69.08642706107882248, -28.75257488244032444 ) ) ;
#186 = CARTESIAN_POINT ( 'NONE',  ( -63.37326054865978620, -103.3663891268809607, -25.17153588154306121 ) ) ;
#187 = CARTESIAN_POINT ( 'NONE',  ( -65.28077653180523043, -87.48038301850773735, -19.99998921966790988 ) ) ;
#188 = CARTESIAN_POINT ( 'NONE',  ( -60.34308125031453329, -101.9981265665209804, -20.48790010374148451 ) ) ;
#189 = CARTESIAN_POINT ( 'NONE',  ( -18.42419675389319522, -51.28123773979660882, -29.22885266315088870 ) ) ;
#190 = CARTESIAN_POINT ( 'NONE',  ( -60.90423761980241579, -91.66448359949855273, -23.63030373733206346 ) ) ;
#191 = CARTESIAN_POINT ( 'NONE',  ( -60.33628281850877073, -101.7262490590506161, -23.70453623450262981 ) ) ;
#192 = CARTESIAN_POINT ( 'NONE',  ( -13.21391101783019018, -50.78388055744655816, -31.30032208691595130 ) ) ;
#193 = CARTESIAN_POINT ( 'NONE',  ( -58.14193565046507217, -111.8425334639313888, -25.92547902261839710 ) ) ;
#194 = CARTESIAN_POINT ( 'NONE',  ( -47.01914724116240762, -67.87404574275522862, -30.41765629423117545 ) ) ;
#195 = CARTESIAN_POINT ( 'NONE',  ( -46.41466056249181094, -67.03245546644906483, -25.00305307255618459 ) ) ;
#196 = CARTESIAN_POINT ( 'NONE',  ( -61.50341436653849314, -90.35478368731310184, -19.76136718397264502 ) ) ;
#197 = CARTESIAN_POINT ( 'NONE',  ( 5.064933426046745346, -5.299122828738119573, -8.570966443578246441 ) ) ;
#198 = CARTESIAN_POINT ( 'NONE',  ( -50.92077488026043852, -76.02229083702205514, -25.67783974053833163 ) ) ;
#199 = CARTESIAN_POINT ( 'NONE',  ( -61.04842597893001965, -90.52949780149117487, -24.42522464200691701 ) ) ;
#200 = CARTESIAN_POINT ( 'NONE',  ( -38.72484755262392042, -67.85115001794703460, -28.36284504905827220 ) ) ;
#201 = CARTESIAN_POINT ( 'NONE',  ( -63.75469772159252102, -105.5611706828873793, -19.22782603401820722 ) ) ;
#202 = CARTESIAN_POINT ( 'NONE',  ( -56.59457423716128943, -125.4502040703277004, -24.66395111745865876 ) ) ;
#203 = CARTESIAN_POINT ( 'NONE',  ( -51.44391122158936724, -68.89489738931617069, -27.87668397625774119 ) ) ;
#204 = CARTESIAN_POINT ( 'NONE',  ( -57.23693403470208096, -73.16427064889531096, -24.85722956407092354 ) ) ;
#205 = CARTESIAN_POINT ( 'NONE',  ( -0.2355189883605538770, -5.021247788322456884, -11.88823145988572172 ) ) ;
#206 = CARTESIAN_POINT ( 'NONE',  ( -2.811955041161440683, -26.24019355832945521, -23.05685224999310279 ) ) ;
#207 = CARTESIAN_POINT ( 'NONE',  ( -48.53645428273450335, -127.0672170578047968, -25.99343500392106421 ) ) ;
#208 = CARTESIAN_POINT ( 'NONE',  ( -61.73297060802349279, -90.89023863067336606, -24.93965036830238446 ) ) ;
#209 = CARTESIAN_POINT ( 'NONE',  ( -63.60721260728370652, -102.3194835732914925, -25.11059422559147336 ) ) ;
#210 = CARTESIAN_POINT ( 'NONE',  ( -65.69318295415615694, -89.55383040830098196, -19.78364022351483342 ) ) ;
#211 = CARTESIAN_POINT ( 'NONE',  ( -26.31463767415439747, -55.90503846043464620, -34.59253766905492711 ) ) ;
#212 = CARTESIAN_POINT ( 'NONE',  ( 1.900165117653742630, -16.10017076723187301, -15.87961031834416659 ) ) ;
#213 = CARTESIAN_POINT ( 'NONE',  ( -66.19815619966014708, -91.61139266594261699, -23.53204724359072841 ) ) ;
#214 = CARTESIAN_POINT ( 'NONE',  ( -59.72723717617331829, -116.2199405952032123, -20.41536475531141193 ) ) ;
#215 = CARTESIAN_POINT ( 'NONE',  ( -64.75641217834770202, -105.7055932154958242, -20.42593429776232128 ) ) ;
#216 = CARTESIAN_POINT ( 'NONE',  ( -59.95594527230737469, -101.5349425666624512, -22.09878740389115492 ) ) ;
#217 = CARTESIAN_POINT ( 'NONE',  ( -48.29105176891469142, -73.93901920880880141, -27.67564793401991352 ) ) ;
#218 = CARTESIAN_POINT ( 'NONE',  ( -53.25831189686537215, -126.5563286491261863, -28.46497335870829204 ) ) ;
#219 = CARTESIAN_POINT ( 'NONE',  ( -28.22233794317280342, -54.21744060056571612, -31.47797854308246457 ) ) ;
#220 = CARTESIAN_POINT ( 'NONE',  ( -61.24419010522260010, -95.11576168457615665, -20.28868956179884719 ) ) ;
#221 = CARTESIAN_POINT ( 'NONE',  ( -60.21846611481183231, -87.35377233602737590, -20.76209477989199215 ) ) ;
#222 = CARTESIAN_POINT ( 'NONE',  ( 5.369795174472105082, -12.10231242602334589, -15.70002068421942276 ) ) ;
#223 = CARTESIAN_POINT ( 'NONE',  ( 4.483378212472402424, -2.804713314717867334, -5.080524282288601867 ) ) ;
#224 = CARTESIAN_POINT ( 'NONE',  ( 1.163943111981269984, -27.50899289341355569, -28.31351167819264347 ) ) ;
#225 = CARTESIAN_POINT ( 'NONE',  ( 1.182291415317855421, -4.185005391108465034, -12.32409614130554232 ) ) ;
#226 = CARTESIAN_POINT ( 'NONE',  ( -55.65430068355706084, -75.84753011057748040, -21.64051469855124665 ) ) ;
#227 = CARTESIAN_POINT ( 'NONE',  ( -46.45785111971370185, -69.08196838362420067, -24.51741840392467608 ) ) ;
#228 = CARTESIAN_POINT ( 'NONE',  ( -2.494631304086665669, -36.42484298168070467, -28.34222453534297159 ) ) ;
#229 = CARTESIAN_POINT ( 'NONE',  ( -55.26694816646664066, -114.9577931612261921, -24.54419125560120918 ) ) ;
#230 = CARTESIAN_POINT ( 'NONE',  ( -58.14633729179007560, -110.1138962076546193, -25.21397329767189532 ) ) ;
#231 = CARTESIAN_POINT ( 'NONE',  ( 4.483378212472402424, -2.804713314717867334, -5.080524282288601867 ) ) ;
#232 = CARTESIAN_POINT ( 'NONE',  ( -5.593837722130425405, -29.87928698699078822, -29.50224533140666594 ) ) ;
#233 = CARTESIAN_POINT ( 'NONE',  ( -52.39465947263818890, -73.64753695756205332, -29.13708737784872937 ) ) ;
#234 = CARTESIAN_POINT ( 'NONE',  ( -54.88232399751561985, -125.4918214755808066, -21.99988453240607811 ) ) ;
#235 = CARTESIAN_POINT ( 'NONE',  ( -50.21400364565349861, -68.14467539445466571, -28.37570006661970368 ) ) ;
#236 = CARTESIAN_POINT ( 'NONE',  ( -66.69782813046180081, -92.23412726346906254, -20.99205916934501559 ) ) ;
#237 = CARTESIAN_POINT ( 'NONE',  ( -60.06329616759957446, -76.31962303896395383, -24.70284988100928913 ) ) ;
#238 = CARTESIAN_POINT ( 'NONE',  ( -26.07778527886089037, -54.57905984304996139, -29.25174982139928304 ) ) ;
#239 = CARTESIAN_POINT ( 'NONE',  ( -58.90685766880722696, -115.8865581087856071, -26.54728182780663559 ) ) ;
#240 = CARTESIAN_POINT ( 'NONE',  ( 3.250000000000000444, -0.8508480103472357836, 0.000000000000000000 ) ) ;
#241 = CARTESIAN_POINT ( 'NONE',  ( -62.07299885679300644, -94.44572355465520275, -24.77289653739282116 ) ) ;
#242 = CARTESIAN_POINT ( 'NONE',  ( -65.51927125893318760, -100.6914639228937887, -19.47705331115814076 ) ) ;
#243 = CARTESIAN_POINT ( 'NONE',  ( -54.99978103114649741, -126.2843897330293004, -27.33282849280227111 ) ) ;
#244 = CARTESIAN_POINT ( 'NONE',  ( -25.53422498301603838, -56.09866017242276115, -28.81979568187213303 ) ) ;
#245 = CARTESIAN_POINT ( 'NONE',  ( -64.51158907197019232, -108.0982194952528062, -22.18230497497009068 ) ) ;
#246 = CARTESIAN_POINT ( 'NONE',  ( -63.03362273278190031, -107.9237331470194192, -19.42162637202500264 ) ) ;
#247 = CARTESIAN_POINT ( 'NONE',  ( -61.63359096274872684, -114.4236678995484340, -21.31917933254039710 ) ) ;
#248 = CARTESIAN_POINT ( 'NONE',  ( -60.67128804846150558, -96.60383651342114320, -21.91405416593398670 ) ) ;
#249 = CARTESIAN_POINT ( 'NONE',  ( -55.34796176726772643, -79.73413533371893891, -26.24470656797296542 ) ) ;
#250 = CARTESIAN_POINT ( 'NONE',  ( 1.130136501317198228, -0.2998943049765094293, -7.188192255013092336 ) ) ;
#251 = CARTESIAN_POINT ( 'NONE',  ( -60.70115903527310053, -115.6347070649706836, -20.80251262643184162 ) ) ;
#252 = CARTESIAN_POINT ( 'NONE',  ( -60.57775172850783463, -100.8907495063639459, -20.42336501226589363 ) ) ;
#253 = CARTESIAN_POINT ( 'NONE',  ( -46.09512412729372244, -69.89248406151435233, -24.71100125885980248 ) ) ;
#254 = CARTESIAN_POINT ( 'NONE',  ( -58.71055050066692615, -84.70827963818084072, -24.39450985143247408 ) ) ;
#255 = CARTESIAN_POINT ( 'NONE',  ( -49.92669692725618802, -125.6367085548655211, -27.24199987829977943 ) ) ;
#256 = CARTESIAN_POINT ( 'NONE',  ( -14.83305793785659610, -51.93933918389872417, -33.71700368477295484 ) ) ;
#257 = CARTESIAN_POINT ( 'NONE',  ( -61.40939034160395238, -113.6096562231142144, -25.21942510578413987 ) ) ;
#258 = CARTESIAN_POINT ( 'NONE',  ( -56.98940782031021968, -77.36488312994468686, -21.19691404610950869 ) ) ;
#259 = CARTESIAN_POINT ( 'NONE',  ( -57.75070906750929112, -80.85486930696845320, -21.16004260861453545 ) ) ;
#260 = CARTESIAN_POINT ( 'NONE',  ( -16.05449542753289194, -52.89359601034081493, -30.82681879989143070 ) ) ;
#261 = CARTESIAN_POINT ( 'NONE',  ( -50.50226246506034755, -123.9461511616134004, -26.21356897559618915 ) ) ;
#262 = CARTESIAN_POINT ( 'NONE',  ( -61.42688323009689100, -96.11920693511260083, -24.22725226133235310 ) ) ;
#263 = CARTESIAN_POINT ( 'NONE',  ( -42.98909383422420660, -70.39091049835776914, -27.48918235843336078 ) ) ;
#264 = CARTESIAN_POINT ( 'NONE',  ( -1.404325019957574749, -17.23594183914291023, -22.45032534993144679 ) ) ;
#265 = CARTESIAN_POINT ( 'NONE',  ( -47.57954538332518979, -137.0665623933493862, -24.51887983074831112 ) ) ;
#266 = CARTESIAN_POINT ( 'NONE',  ( -54.95352286684803289, -71.38160212536052995, -26.53526608038695755 ) ) ;
#267 = CARTESIAN_POINT ( 'NONE',  ( -48.60799526647206648, -66.74010580791471625, -28.34729116301835816 ) ) ;
#268 = CARTESIAN_POINT ( 'NONE',  ( 0.06744855407571624661, -8.552675527691929958, -15.97493585866844867 ) ) ;
#269 = CARTESIAN_POINT ( 'NONE',  ( -51.29334100156477660, -128.6210387167725457, -22.44968147219923438 ) ) ;
#270 = CARTESIAN_POINT ( 'NONE',  ( -44.70020054946240862, -133.0532390619227385, -27.38171150060309955 ) ) ;
#271 = CARTESIAN_POINT ( 'NONE',  ( -61.98322695014724104, -97.38503770906197587, -24.75928469468920667 ) ) ;
#272 = CARTESIAN_POINT ( 'NONE',  ( -60.65774427331120933, -115.7305996570305524, -20.81587446062348690 ) ) ;
#273 = CARTESIAN_POINT ( 'NONE',  ( -1.258759715371242205, 2.387770224920293671, -1.361275582673079798 ) ) ;
#274 = CARTESIAN_POINT ( 'NONE',  ( -58.42574030514906269, -81.91189286093832322, -20.93075811477243064 ) ) ;
#275 = CARTESIAN_POINT ( 'NONE',  ( -65.64776398552868386, -104.0554188716465802, -21.89115191677198169 ) ) ;
#276 = CARTESIAN_POINT ( 'NONE',  ( -60.16886163350427097, -115.2521232889283169, -20.27687379929122002 ) ) ;
#277 = CARTESIAN_POINT ( 'NONE',  ( -66.31443982710105445, -97.26044044640396180, -20.13100666975619646 ) ) ;
#278 = CARTESIAN_POINT ( 'NONE',  ( -60.11472512369015675, -89.18117241173256105, -22.19099497061838733 ) ) ;
#279 = CARTESIAN_POINT ( 'NONE',  ( -22.72341624092137380, -58.38182354686752973, -32.63950030312140882 ) ) ;
#280 = CARTESIAN_POINT ( 'NONE',  ( -46.48811684536556044, -72.77773582992625734, -27.84617742442114618 ) ) ;
#281 = CARTESIAN_POINT ( 'NONE',  ( -52.24257683931267593, -69.08132354685018583, -26.76421618756583953 ) ) ;
#282 = CARTESIAN_POINT ( 'NONE',  ( -62.26444584268779181, -107.3791425569354487, -25.48621827376788929 ) ) ;
#283 = CARTESIAN_POINT ( 'NONE',  ( -56.36932489986186567, -124.1782640782461726, -22.19916597777799083 ) ) ;
#284 = CARTESIAN_POINT ( 'NONE',  ( -58.01380760179360863, -82.46037594523241410, -21.53454298918291698 ) ) ;
#285 = CARTESIAN_POINT ( 'NONE',  ( -13.72239613717693096, -50.68826754315340821, -30.65342179810044243 ) ) ;
#286 = CARTESIAN_POINT ( 'NONE',  ( -51.82787096296198115, -122.3682571429477264, -26.56653775665118644 ) ) ;
#287 = CARTESIAN_POINT ( 'NONE',  ( -52.90164599723512850, -122.5207565492613782, -27.72145491076501145 ) ) ;
#288 = CARTESIAN_POINT ( 'NONE',  ( -61.12292072876253712, -108.1720888216200507, -25.76021054929652010 ) ) ;
#289 = CARTESIAN_POINT ( 'NONE',  ( -65.19698212582157737, -101.4166738273473811, -24.14504052673033030 ) ) ;
#290 = CARTESIAN_POINT ( 'NONE',  ( -51.26611909562900138, -71.42220086907541088, -23.18890995782383513 ) ) ;
#291 = CARTESIAN_POINT ( 'NONE',  ( -40.55175038038070312, -65.01975467876019366, -25.98500535847968962 ) ) ;
#292 = CARTESIAN_POINT ( 'NONE',  ( -13.76823512036099295, -50.73172929092537231, -30.65683345053342279 ) ) ;
#293 = CARTESIAN_POINT ( 'NONE',  ( -55.40834594025740500, -114.6562424716559434, -24.49550137714492593 ) ) ;
#294 = CARTESIAN_POINT ( 'NONE',  ( -61.28173835112354340, -98.07865204719553276, -24.25179378696064703 ) ) ;
#295 = CARTESIAN_POINT ( 'NONE',  ( -61.02721067451154369, -92.79764066616138507, -23.57541428719974519 ) ) ;
#296 = CARTESIAN_POINT ( 'NONE',  ( -54.23729439166648802, -126.5994540639301107, -22.21794572412722601 ) ) ;
#297 = CARTESIAN_POINT ( 'NONE',  ( -66.08737550799892801, -101.6342194046902989, -20.89870050248770639 ) ) ;
#298 = CARTESIAN_POINT ( 'NONE',  ( -47.00554417704368859, -67.50824930201450513, -24.80192539103191507 ) ) ;
#299 = CARTESIAN_POINT ( 'NONE',  ( -46.68528580725243415, -130.0109616263001442, -26.66118963769436689 ) ) ;
#300 = CARTESIAN_POINT ( 'NONE',  ( -62.04680165161381922, -96.39420683553875335, -24.75193622645835134 ) ) ;
#301 = CARTESIAN_POINT ( 'NONE',  ( -60.20626533417706128, -112.9265787462086337, -26.12553055101276556 ) ) ;
#302 = CARTESIAN_POINT ( 'NONE',  ( -60.50937138514630220, -116.0568508002516239, -20.86191457647003489 ) ) ;
#303 = CARTESIAN_POINT ( 'NONE',  ( -54.56283333649124501, -127.0338228758014196, -27.48211451965021013 ) ) ;
#304 = CARTESIAN_POINT ( 'NONE',  ( -61.71105326928645951, -96.64388753900685458, -19.56261206389094198 ) ) ;
#305 = CARTESIAN_POINT ( 'NONE',  ( -66.68888634210709654, -97.97000318777756434, -21.70755949143807229 ) ) ;
#306 = CARTESIAN_POINT ( 'NONE',  ( -1.388047586941120182, -3.411254466887104098, -1.186863196282455624 ) ) ;
#307 = CARTESIAN_POINT ( 'NONE',  ( -55.22315344481599908, -126.9173309594502967, -23.39468034379286365 ) ) ;
#308 = CARTESIAN_POINT ( 'NONE',  ( -60.64226823369131836, -92.42011741229535460, -21.97717609936078276 ) ) ;
#309 = CARTESIAN_POINT ( 'NONE',  ( -42.73481207813085092, -70.50935500333609696, -28.29563952278422079 ) ) ;
#310 = CARTESIAN_POINT ( 'NONE',  ( -65.32011719888546963, -105.0223687015677996, -21.07076997511570582 ) ) ;
#311 = CARTESIAN_POINT ( 'NONE',  ( -62.86805178709138886, -105.3387349254868042, -25.31090516570888482 ) ) ;
#312 = CARTESIAN_POINT ( 'NONE',  ( -66.07478162081237372, -94.76614440175714549, -19.47158506035916758 ) ) ;
#313 = CARTESIAN_POINT ( 'NONE',  ( -13.77121804256901072, -46.89822037566715096, -28.91255518923744461 ) ) ;
#314 = CARTESIAN_POINT ( 'NONE',  ( -56.36243562834467014, -113.4338458857758809, -24.99143651199414862 ) ) ;
#315 = CARTESIAN_POINT ( 'NONE',  ( -49.05261653890165263, -127.0816271148816128, -27.55561166555441233 ) ) ;
#316 = CARTESIAN_POINT ( 'NONE',  ( -51.12962350469228312, -125.5959450581794243, -28.34688323743381488 ) ) ;
#317 = CARTESIAN_POINT ( 'NONE',  ( -63.39970063210860474, -92.06442518128153552, -25.25784816687666989 ) ) ;
#318 = CARTESIAN_POINT ( 'NONE',  ( -62.57445912045395175, -110.6887324094366960, -24.86017899993546720 ) ) ;
#319 = CARTESIAN_POINT ( 'NONE',  ( -0.8508480103472363387, -3.250000000000000444, 0.000000000000000000 ) ) ;
#320 = CARTESIAN_POINT ( 'NONE',  ( -10.48737124187003644, -38.73856657480640564, -32.63906782204225010 ) ) ;
#321 = CARTESIAN_POINT ( 'NONE',  ( -60.92175580727028716, -101.8611714270553392, -19.73820821216723687 ) ) ;
#322 = CARTESIAN_POINT ( 'NONE',  ( -49.38721729576298713, -125.8261223792256658, -26.61190061058515965 ) ) ;
#323 = CARTESIAN_POINT ( 'NONE',  ( -55.68546581078398816, -114.0576556697812975, -24.40082699387338749 ) ) ;
#324 = CARTESIAN_POINT ( 'NONE',  ( -61.37929736859690877, -93.06398854745363280, -24.28328006952540008 ) ) ;
#325 = CARTESIAN_POINT ( 'NONE',  ( -57.50381067279259639, -82.75248494505862595, -24.76582711240877543 ) ) ;
#326 = CARTESIAN_POINT ( 'NONE',  ( -7.522423906102526203, -33.91131431666928364, -27.17722426503824451 ) ) ;
#327 = CARTESIAN_POINT ( 'NONE',  ( -62.13055025221165550, -114.1952189399815722, -21.97093552885975498 ) ) ;
#328 = CARTESIAN_POINT ( 'NONE',  ( -4.076405119221889528, -29.06365767996121718, -24.47746847523843883 ) ) ;
#329 = CARTESIAN_POINT ( 'NONE',  ( -54.50902633908432193, -116.3580747437753189, -23.88720348054170373 ) ) ;
#330 = CARTESIAN_POINT ( 'NONE',  ( -60.38165349925436942, -105.5672772993649744, -25.20385297075225495 ) ) ;
#331 = CARTESIAN_POINT ( 'NONE',  ( -66.07387897627926066, -93.99198918961216975, -19.49773357726484946 ) ) ;
#332 = CARTESIAN_POINT ( 'NONE',  ( 1.182291415317855421, -4.185005391108465034, -12.32409614130554232 ) ) ;
#333 = CARTESIAN_POINT ( 'NONE',  ( -61.29180410530864975, -89.19633224345240308, -19.85625117369338000 ) ) ;
#334 = CARTESIAN_POINT ( 'NONE',  ( -60.72865724283305866, -113.9793563210556044, -20.10269377584936024 ) ) ;
#335 = CARTESIAN_POINT ( 'NONE',  ( -8.118020047518143656, -44.11509253740418757, -29.36738430576807346 ) ) ;
#336 = CARTESIAN_POINT ( 'NONE',  ( -56.90042538270373740, -81.54481392724039779, -25.77729987943462220 ) ) ;
#337 = CARTESIAN_POINT ( 'NONE',  ( -66.59347433558870932, -91.10869569467431006, -21.06789395134210352 ) ) ;
#338 = CARTESIAN_POINT ( 'NONE',  ( -53.69128771414590062, -125.8156663259049850, -28.31461769977030229 ) ) ;
#339 = CARTESIAN_POINT ( 'NONE',  ( -64.94895149941454804, -103.5041399915950819, -19.59411533633996783 ) ) ;
#340 = CARTESIAN_POINT ( 'NONE',  ( -55.16127515594055097, -116.0651827108258090, -22.15163876521924280 ) ) ;
#341 = CARTESIAN_POINT ( 'NONE',  ( -60.67737617250225668, -99.92360631325404086, -23.60783629814064710 ) ) ;
#342 = CARTESIAN_POINT ( 'NONE',  ( -53.06936562199163632, -120.1200137305740725, -26.12979299666279331 ) ) ;
#343 = CARTESIAN_POINT ( 'NONE',  ( 4.571980540007723803, -5.972598400521476947, -13.63392405318288247 ) ) ;
#344 = CARTESIAN_POINT ( 'NONE',  ( -58.78193788611924475, -114.1301350831170964, -26.50966717755989777 ) ) ;
#345 = CARTESIAN_POINT ( 'NONE',  ( -4.752932772557969088, -38.40406851294194013, -32.47771610324114278 ) ) ;
#346 = CARTESIAN_POINT ( 'NONE',  ( -62.90316034472273543, -98.41556319933108909, -18.70723984691181130 ) ) ;
#347 = CARTESIAN_POINT ( 'NONE',  ( -49.93190674552771213, -126.6574569805113697, -23.37412290472879306 ) ) ;
#348 = CARTESIAN_POINT ( 'NONE',  ( -61.02721067451154369, -92.79764066616138507, -23.57541428719974519 ) ) ;
#349 = CARTESIAN_POINT ( 'NONE',  ( -49.67167012972915785, -125.3518364635970670, -26.50983273873143986 ) ) ;
#350 = CARTESIAN_POINT ( 'NONE',  ( 2.899737436731892437, 1.696456640980667618, 0.000000000000000000 ) ) ;
#351 = CARTESIAN_POINT ( 'NONE',  ( -60.31121114253276261, -88.75428153593298930, -23.85857933390431285 ) ) ;
#352 = CARTESIAN_POINT ( 'NONE',  ( -54.45881069542401320, -126.2213457432200556, -22.14289343650874287 ) ) ;
#353 = CARTESIAN_POINT ( 'NONE',  ( -57.43010001204312687, -123.7810233325568987, -23.46910868469347022 ) ) ;
#354 = CARTESIAN_POINT ( 'NONE',  ( -62.87284805010042987, -90.14427261825373705, -18.93315564430777442 ) ) ;
#355 = CARTESIAN_POINT ( 'NONE',  ( -56.39467540639159182, -81.58051077152190089, -24.27317540656128259 ) ) ;
#356 = CARTESIAN_POINT ( 'NONE',  ( -51.55301912882959670, -124.8754009112511625, -28.19653744226236114 ) ) ;
#357 = CARTESIAN_POINT ( 'NONE',  ( -63.90698225063179194, -107.2986855452589054, -19.85761885591243470 ) ) ;
#358 = CARTESIAN_POINT ( 'NONE',  ( -65.94982178054064548, -89.85844134264215199, -23.67330303776179079 ) ) ;
#359 = CARTESIAN_POINT ( 'NONE',  ( -39.29246097034307184, -64.31636931931895163, -26.27056764490148311 ) ) ;
#360 = COORDINATED_UNIVERSAL_TIME_OFFSET ( 8, 0, .AHEAD. ) ;
#361 = CARTESIAN_POINT ( 'NONE',  ( -41.20551208370652319, -62.71268411856098624, -27.04377137618311622 ) ) ;
#362 = CARTESIAN_POINT ( 'NONE',  ( 2.075134736034135230, -4.059504562953063278, -12.48418343946462983 ) ) ;
#363 = CARTESIAN_POINT ( 'NONE',  ( -56.46739295259894931, -113.2640069855751790, -21.71259980799894151 ) ) ;
#364 = CARTESIAN_POINT ( 'NONE',  ( -55.04980614035894604, -115.2393318010475554, -23.70079107496610860 ) ) ;
#365 = CARTESIAN_POINT ( 'NONE',  ( -60.37434411620430552, -103.1514965102037706, -24.50307816355214996 ) ) ;
#366 = CARTESIAN_POINT ( 'NONE',  ( -66.76101193836673531, -93.38273571490560698, -20.93041437819620754 ) ) ;
#367 = CARTESIAN_POINT ( 'NONE',  ( -42.69714568410493172, -66.74172049774446691, -31.68834732855240688 ) ) ;
#368 = CARTESIAN_POINT ( 'NONE',  ( -65.93072226876047637, -91.37404307642557910, -19.63766605653725605 ) ) ;
#369 = CARTESIAN_POINT ( 'NONE',  ( -55.45563988407346301, -115.4543747730660641, -22.05169329362810871 ) ) ;
#370 = CARTESIAN_POINT ( 'NONE',  ( -51.82787096296198115, -122.3682571429477264, -26.56653775665118644 ) ) ;
#371 = CARTESIAN_POINT ( 'NONE',  ( -60.31121114253276261, -88.75428153593298930, -23.85857933390431285 ) ) ;
#372 = CARTESIAN_POINT ( 'NONE',  ( -53.71593204562347523, -75.69121366638835013, -28.52237221057612260 ) ) ;
#373 = CARTESIAN_POINT ( 'NONE',  ( -55.60005510918470151, -120.6847240029367043, -27.57983910039012443 ) ) ;
#374 = CARTESIAN_POINT ( 'NONE',  ( 1.786748602187566703, -23.39582119078403721, -27.08714402582235792 ) ) ;
#375 = CARTESIAN_POINT ( 'NONE',  ( -57.35024907409205497, -115.8757133661234491, -20.32795811659468299 ) ) ;
#376 = LOCAL_TIME ( 23, 45, 24.00000000000000000, #4171 ) ;
#377 = CARTESIAN_POINT ( 'NONE',  ( -60.88172513017076426, -102.0401825920631325, -19.74908451102568918 ) ) ;
#378 = CARTESIAN_POINT ( 'NONE',  ( -60.33628281850877073, -101.7262490590506161, -23.70453623450262981 ) ) ;
#379 = CARTESIAN_POINT ( 'NONE',  ( -44.21041395528941820, -71.15747370984547615, -27.30737693806633359 ) ) ;
#380 = CARTESIAN_POINT ( 'NONE',  ( -60.90423761980241579, -91.66448359949855273, -23.63030373733206346 ) ) ;
#381 = CARTESIAN_POINT ( 'NONE',  ( -46.58958565874991109, -66.28762503457511457, -25.50031804046069794 ) ) ;
#382 = CARTESIAN_POINT ( 'NONE',  ( -1.320570210844597359, -5.782228805728983900, -9.070574755394485322 ) ) ;
#383 = CARTESIAN_POINT ( 'NONE',  ( -60.48898575425173618, -108.2840249779612662, -19.33954826243347824 ) ) ;
#384 = CARTESIAN_POINT ( 'NONE',  ( -5.932463341196695161, -41.26077181080268730, -28.86293369166364897 ) ) ;
#385 = CARTESIAN_POINT ( 'NONE',  ( -56.53307434550977462, -115.4822758172972925, -26.46560980383346617 ) ) ;
#386 = CARTESIAN_POINT ( 'NONE',  ( -21.52200261358705191, -49.46037440639158689, -31.85308238897619759 ) ) ;
#387 = CARTESIAN_POINT ( 'NONE',  ( -64.80078661840413190, -105.5297616932197684, -23.62580580611339798 ) ) ;
#388 = CARTESIAN_POINT ( 'NONE',  ( -46.45785111971370185, -69.08196838362420067, -24.51741840392467608 ) ) ;
#389 = CARTESIAN_POINT ( 'NONE',  ( -26.19519918901660560, -53.85605267396822882, -29.77370091266665142 ) ) ;
#390 = CARTESIAN_POINT ( 'NONE',  ( -50.42085435635697621, -124.8177710221056316, -23.79590032564471258 ) ) ;
#391 = CARTESIAN_POINT ( 'NONE',  ( -61.15587523596184383, -99.10934134354616276, -24.28173571106582074 ) ) ;
#392 = CARTESIAN_POINT ( 'NONE',  ( -65.79019460618901860, -86.85327618190767396, -21.49775063558474031 ) ) ;
#393 = CARTESIAN_POINT ( 'NONE',  ( -63.58477539080335816, -84.13294295268731560, -25.17483936813187739 ) ) ;
#394 = CARTESIAN_POINT ( 'NONE',  ( -48.39622270164461781, -137.0159833081349063, -24.92909034018834902 ) ) ;
#395 = CARTESIAN_POINT ( 'NONE',  ( -49.13716710737837445, -126.9469925379896011, -24.25083686978266684 ) ) ;
#396 = CARTESIAN_POINT ( 'NONE',  ( -59.33564722136577529, -105.5781879296369965, -24.01058593520619766 ) ) ;
#397 = CARTESIAN_POINT ( 'NONE',  ( -13.72239613717693096, -50.68826754315340821, -30.65342179810044243 ) ) ;
#398 = CARTESIAN_POINT ( 'NONE',  ( -63.27585073844549157, -91.14577138819358026, -25.31833933268951498 ) ) ;
#399 = CARTESIAN_POINT ( 'NONE',  ( -53.79304223700905396, -123.9679861063715407, -28.20335512685112533 ) ) ;
#400 = CARTESIAN_POINT ( 'NONE',  ( -54.04438722891578095, -74.84557492129064826, -28.67867075591156834 ) ) ;
#401 = CARTESIAN_POINT ( 'NONE',  ( -61.71608300833365490, -104.3361529285044185, -18.98659927430283645 ) ) ;
#402 = CARTESIAN_POINT ( 'NONE',  ( -39.12500619604706742, -61.20468100482758445, -31.28149698460686778 ) ) ;
#403 = CARTESIAN_POINT ( 'NONE',  ( -42.94155645409954758, -63.43374207179714119, -30.38852495608968596 ) ) ;
#404 = CARTESIAN_POINT ( 'NONE',  ( -59.56151576645324042, -106.7801544354111769, -20.13392078678013064 ) ) ;
#405 = CARTESIAN_POINT ( 'NONE',  ( -51.64903933927472934, -76.50798363843516370, -26.36367684629358976 ) ) ;
#406 = CARTESIAN_POINT ( 'NONE',  ( -51.13762927259139701, -76.08740667369141875, -26.46428409176784768 ) ) ;
#407 = CARTESIAN_POINT ( 'NONE',  ( -59.94027594357370958, -103.4219280987763483, -23.82306954709947178 ) ) ;
#408 = CARTESIAN_POINT ( 'NONE',  ( -60.58179703934074212, -109.7023077212674309, -25.92905963442760964 ) ) ;
#409 = CARTESIAN_POINT ( 'NONE',  ( -63.76244456213679968, -98.14035028186049203, -18.55318303713742978 ) ) ;
#410 = CARTESIAN_POINT ( 'NONE',  ( -62.22162478918960460, -113.9798381120517234, -21.94317220014694314 ) ) ;
#411 = CARTESIAN_POINT ( 'NONE',  ( -61.60144672898406526, -104.7540919993356425, -19.01804533288520815 ) ) ;
#412 = CARTESIAN_POINT ( 'NONE',  ( -59.06188953179287893, -86.02998917782991839, -23.45150107396674599 ) ) ;
#413 = CARTESIAN_POINT ( 'NONE',  ( -52.90164599723512850, -122.5207565492613782, -27.72145491076501145 ) ) ;
#414 = CARTESIAN_POINT ( 'NONE',  ( -46.64536537933844329, -65.30080526001864882, -26.87962391222518121 ) ) ;
#415 = CARTESIAN_POINT ( 'NONE',  ( -65.46986851618015635, -102.7955080865807815, -23.46041889451360163 ) ) ;
#416 = CARTESIAN_POINT ( 'NONE',  ( -51.67395797917085787, -123.7216943556819189, -22.76349570615823126 ) ) ;
#417 = PERSON_AND_ORGANIZATION_ROLE ( 'classification_officer' ) ;
#418 = CARTESIAN_POINT ( 'NONE',  ( -53.55646374103159246, -72.54303840663058622, -22.64904283824613174 ) ) ;
#419 = EDGE_LOOP ( 'NONE', ( #2853, #4701 ) ) ;
#420 = CARTESIAN_POINT ( 'NONE',  ( -2.537407752313256104, -30.59836525849888034, -30.79729535756893100 ) ) ;
#421 = CARTESIAN_POINT ( 'NONE',  ( 4.680782848234595228, -10.51491043664164415, -12.23599273834911294 ) ) ;
#422 = CARTESIAN_POINT ( 'NONE',  ( -60.55531972398406282, -102.3848940347263579, -24.44916971704461162 ) ) ;
#423 = CARTESIAN_POINT ( 'NONE',  ( -55.68861558997948435, -126.8513452142387905, -24.04983460371849091 ) ) ;
#424 = CARTESIAN_POINT ( 'NONE',  ( -58.70413172499566201, -76.99348971627679816, -26.96115318905826541 ) ) ;
#425 = CARTESIAN_POINT ( 'NONE',  ( -49.01551111808203132, -67.05144944537575213, -25.85671513328358628 ) ) ;
#426 = CARTESIAN_POINT ( 'NONE',  ( -60.38244045209501820, -101.8227865870657638, -20.47673520770923616 ) ) ;
#427 = CARTESIAN_POINT ( 'NONE',  ( -56.45017887103157506, -113.2364907394351121, -24.96180092752042157 ) ) ;
#428 = CARTESIAN_POINT ( 'NONE',  ( -61.11187437444654336, -95.15495384712382076, -23.51826424497762602 ) ) ;
#429 = CARTESIAN_POINT ( 'NONE',  ( -52.37796185906680790, -74.69033715644621907, -28.87309265992344010 ) ) ;
#430 = CARTESIAN_POINT ( 'NONE',  ( -40.25440345889053617, -67.28829091208078239, -31.68165771683842991 ) ) ;
#431 = CARTESIAN_POINT ( 'NONE',  ( -55.57324028032125796, -76.12422677791339254, -28.21220376088025716 ) ) ;
#432 = CARTESIAN_POINT ( 'NONE',  ( -52.95996473838377483, -121.4511112028251887, -22.31728642721366995 ) ) ;
#433 = CARTESIAN_POINT ( 'NONE',  ( -40.29752046775041663, -69.08642706107882248, -28.75257488244032444 ) ) ;
#434 = CARTESIAN_POINT ( 'NONE',  ( -59.94027594357370958, -103.4219280987763483, -23.82306954709947178 ) ) ;
#435 = CARTESIAN_POINT ( 'NONE',  ( -56.45907884916960739, -81.32723167775543516, -25.08229795535258688 ) ) ;
#436 = CARTESIAN_POINT ( 'NONE',  ( 5.381819953428623293, -12.74130753647154890, -18.20150811894146159 ) ) ;
#437 = CARTESIAN_POINT ( 'NONE',  ( -50.41201623578281499, -124.8192395335429410, -27.06826298491188965 ) ) ;
#438 = CARTESIAN_POINT ( 'NONE',  ( -59.04457125938231599, -113.5271753139228963, -26.42338608114978626 ) ) ;
#439 = CARTESIAN_POINT ( 'NONE',  ( -53.55646374103159246, -72.54303840663058622, -22.64904283824613174 ) ) ;
#440 = CARTESIAN_POINT ( 'NONE',  ( -55.90596633063459109, -126.4775596965000375, -23.97713123582571271 ) ) ;
#441 = CARTESIAN_POINT ( 'NONE',  ( -58.34060583906010322, -113.7064248721389390, -20.00761147604935175 ) ) ;
#442 = CARTESIAN_POINT ( 'NONE',  ( 4.708182036077706023, -4.839336937473485811, -6.707971452320506067 ) ) ;
#443 = CARTESIAN_POINT ( 'NONE',  ( -46.91723526397220212, -132.3687043928733260, -29.85729505825381480 ) ) ;
#444 = CARTESIAN_POINT ( 'NONE',  ( -52.60029944277349756, -70.00976622528268933, -24.18115578614562011 ) ) ;
#445 = CARTESIAN_POINT ( 'NONE',  ( -62.11537417046461940, -80.17785371727441657, -25.27456786190157345 ) ) ;
#446 = CARTESIAN_POINT ( 'NONE',  ( -48.81289749725081606, -128.4713205169981904, -23.77016253354990383 ) ) ;
#447 = CARTESIAN_POINT ( 'NONE',  ( -56.00786170940362041, -75.00924610551528815, -21.77604227401738868 ) ) ;
#448 = CARTESIAN_POINT ( 'NONE',  ( 1.671050186655649972, -16.76853214692541272, -23.82325591623131800 ) ) ;
#449 = CARTESIAN_POINT ( 'NONE',  ( -53.45618073567606388, -119.4241101211897416, -22.73595256089688732 ) ) ;
#450 = CARTESIAN_POINT ( 'NONE',  ( -57.20265287182186853, -112.4161934416730730, -25.52789667701996379 ) ) ;
#451 = CARTESIAN_POINT ( 'NONE',  ( -63.16846069464952507, -111.6437759985230542, -21.65900120352171143 ) ) ;
#452 = CARTESIAN_POINT ( 'NONE',  ( -57.76545082810098819, -76.02118079459005173, -27.28485856870669224 ) ) ;
#453 = CARTESIAN_POINT ( 'NONE',  ( -55.04136106814858920, -126.5013484338287668, -22.64408011768967910 ) ) ;
#454 = CARTESIAN_POINT ( 'NONE',  ( -49.78120527297269859, -125.8884361951843402, -24.02181100680519066 ) ) ;
#455 = CARTESIAN_POINT ( 'NONE',  ( -44.13037438550303193, -134.7089397432989415, -29.34024220488246826 ) ) ;
#456 = CARTESIAN_POINT ( 'NONE',  ( -61.06972327800796307, -96.42038646550695091, -23.51613077149948694 ) ) ;
#457 = CARTESIAN_POINT ( 'NONE',  ( 4.039919315809061828, -8.454692753013146600, -16.83947751659646030 ) ) ;
#458 = CARTESIAN_POINT ( 'NONE',  ( -64.40452618244810878, -95.74839803412977801, -24.97588119687665653 ) ) ;
#459 = CARTESIAN_POINT ( 'NONE',  ( 2.855247529692574560, -6.271537253474192219, -5.764619584193159341 ) ) ;
#460 = CARTESIAN_POINT ( 'NONE',  ( -54.46993738282691311, -79.08311016127765924, -25.66869302637196881 ) ) ;
#461 = CARTESIAN_POINT ( 'NONE',  ( 5.247614400426285464, -6.655816564204232400, -10.21390255024240190 ) ) ;
#462 = CARTESIAN_POINT ( 'NONE',  ( -55.74752042994472134, -115.6365551837593841, -26.02192670844317846 ) ) ;
#463 = CARTESIAN_POINT ( 'NONE',  ( -49.05261653890165263, -127.0816271148816128, -27.55561166555441233 ) ) ;
#464 = CARTESIAN_POINT ( 'NONE',  ( -62.43382962131840941, -103.6886884236442938, -25.37101091425851251 ) ) ;
#465 = CARTESIAN_POINT ( 'NONE',  ( -28.53094426580086918, -55.50857378898674455, -29.29956148503000790 ) ) ;
#466 = CARTESIAN_POINT ( 'NONE',  ( -63.15687393104248315, -95.15405148136572677, -18.70161180922992017 ) ) ;
#467 = CARTESIAN_POINT ( 'NONE',  ( -12.93888791581485975, -49.37715883986368937, -29.91783032971250123 ) ) ;
#468 = CARTESIAN_POINT ( 'NONE',  ( -53.67518096190944732, -118.0213752325666832, -24.17612402483256417 ) ) ;
#469 = CARTESIAN_POINT ( 'NONE',  ( -12.75845516635251364, -50.50532620526887229, -32.08136124009686796 ) ) ;
#470 = CARTESIAN_POINT ( 'NONE',  ( 4.735617679647360134, -9.045066704712652950, -16.75501653843252470 ) ) ;
#471 = CARTESIAN_POINT ( 'NONE',  ( -48.39622270164461781, -137.0159833081349063, -24.92909034018834902 ) ) ;
#472 = CARTESIAN_POINT ( 'NONE',  ( -0.4604516259051669724, -3.806066739895350270, -10.25495909921788495 ) ) ;
#473 = CARTESIAN_POINT ( 'NONE',  ( -52.95996473838377483, -121.4511112028251887, -22.31728642721366995 ) ) ;
#474 = CARTESIAN_POINT ( 'NONE',  ( -63.94689859623223072, -92.67433963213201764, -18.64467026454286369 ) ) ;
#475 = CARTESIAN_POINT ( 'NONE',  ( -1.348569013205862310, -15.75620119516594997, -20.43517112073363151 ) ) ;
#476 = CARTESIAN_POINT ( 'NONE',  ( 2.036931015466513006, -14.43441395768055457, -22.21933015975723080 ) ) ;
#477 = CARTESIAN_POINT ( 'NONE',  ( 4.290792879611131205, -15.58485755849458521, -16.68929702747674426 ) ) ;
#478 = CARTESIAN_POINT ( 'NONE',  ( -50.32349527840648307, -125.6870550699997722, -27.92309949987430073 ) ) ;
#479 = CARTESIAN_POINT ( 'NONE',  ( -61.84271134327784125, -114.8653252189980520, -22.05929761255626431 ) ) ;
#480 = CARTESIAN_POINT ( 'NONE',  ( -65.40711817465349043, -90.05094801561644147, -24.38480504307650776 ) ) ;
#481 = CARTESIAN_POINT ( 'NONE',  ( -51.88888046751890926, -131.6786672850864477, -23.71556136841898521 ) ) ;
#482 = CARTESIAN_POINT ( 'NONE',  ( -53.15902590230210478, -69.85310929582713868, -25.56704902363207665 ) ) ;
#483 = CARTESIAN_POINT ( 'NONE',  ( -12.41451836504291606, -47.84700948595858705, -29.33140163863049921 ) ) ;
#484 = CARTESIAN_POINT ( 'NONE',  ( -49.92669692725618802, -125.6367085548655211, -27.24199987829977943 ) ) ;
#485 = CARTESIAN_POINT ( 'NONE',  ( -46.06278234553553830, -72.36756619100212617, -27.08451063845747342 ) ) ;
#486 = CARTESIAN_POINT ( 'NONE',  ( -30.68383939270353267, -61.49883876441278119, -33.77229514776616526 ) ) ;
#487 = CARTESIAN_POINT ( 'NONE',  ( -63.94676845304648793, -100.4907651114860130, -25.02995064240058198 ) ) ;
#488 = CARTESIAN_POINT ( 'NONE',  ( 1.696456640980666730, -2.899737436731891993, 0.000000000000000000 ) ) ;
#489 = CARTESIAN_POINT ( 'NONE',  ( -50.35005066795763895, -124.9242753486853559, -27.09049919284488794 ) ) ;
#490 = CARTESIAN_POINT ( 'NONE',  ( -37.47225150743506106, -67.13395283939259173, -28.67237402807184310 ) ) ;
#491 = CARTESIAN_POINT ( 'NONE',  ( -50.20984108564871207, -125.1610871055782752, -27.14064821810608663 ) ) ;
#492 = CARTESIAN_POINT ( 'NONE',  ( -63.06554542886101444, -100.6661980285531115, -25.20439324634002887 ) ) ;
#493 = CARTESIAN_POINT ( 'NONE',  ( -50.47767477531323976, -69.61273324156491071, -23.90964392222924317 ) ) ;
#494 = CARTESIAN_POINT ( 'NONE',  ( -61.73198114846179152, -115.3279288138498657, -23.00325727177670032 ) ) ;
#495 = CARTESIAN_POINT ( 'NONE',  ( 1.406180845910131039, -4.441671296080774489, -2.365635563359023141 ) ) ;
#496 = CARTESIAN_POINT ( 'NONE',  ( -60.75838169502180364, -93.68517140422926559, -22.82570682470843693 ) ) ;
#497 = CARTESIAN_POINT ( 'NONE',  ( -50.78131021371702758, -123.3075058006377844, -25.19219271585473052 ) ) ;
#498 = CARTESIAN_POINT ( 'NONE',  ( -55.95488603645521408, -79.63167038299700096, -26.83794960303143995 ) ) ;
#499 = CARTESIAN_POINT ( 'NONE',  ( -58.64819053106088376, -80.62109228789587689, -26.98901167948205781 ) ) ;
#500 = CARTESIAN_POINT ( 'NONE',  ( -19.37768631563805499, -47.62108611837352612, -32.07158826240838323 ) ) ;
#501 = CARTESIAN_POINT ( 'NONE',  ( -60.93958838646597087, -116.0114180392048837, -24.76967281470140136 ) ) ;
#502 = CARTESIAN_POINT ( 'NONE',  ( -58.68192669141448903, -109.2840748295845970, -20.40794939521887130 ) ) ;
#503 = CARTESIAN_POINT ( 'NONE',  ( -2.857846776731000293, 0.3736987130548869440, -1.282412937214936210 ) ) ;
#504 = CARTESIAN_POINT ( 'NONE',  ( -61.92379591434818309, -106.5637449895981916, -18.98999000796022329 ) ) ;
#505 = CARTESIAN_POINT ( 'NONE',  ( -4.126186147582560970, -25.79025493450644291, -26.86283675491035083 ) ) ;
#506 = CARTESIAN_POINT ( 'NONE',  ( -51.51033166179170308, -71.12805563942697518, -29.29556540017694743 ) ) ;
#507 = CARTESIAN_POINT ( 'NONE',  ( -24.20251510035719988, -58.07073993193822048, -29.66271706090494931 ) ) ;
#508 = CARTESIAN_POINT ( 'NONE',  ( 3.670965314263440415, 0.4015610581386203637, -2.708794073839629668 ) ) ;
#509 = CARTESIAN_POINT ( 'NONE',  ( -62.13055025221165550, -114.1952189399815722, -21.97093552885975498 ) ) ;
#510 = CARTESIAN_POINT ( 'NONE',  ( -61.92991762229428332, -112.3442728432335684, -25.05739248361371097 ) ) ;
#511 = CARTESIAN_POINT ( 'NONE',  ( -62.54474026437765843, -100.7087607990080471, -18.77733023292226378 ) ) ;
#512 = CARTESIAN_POINT ( 'NONE',  ( -65.46986851618015635, -102.7955080865807815, -23.46041889451360163 ) ) ;
#513 = CARTESIAN_POINT ( 'NONE',  ( -6.847309780595148609, -31.17189789476160300, -27.66274834254364734 ) ) ;
#514 = CARTESIAN_POINT ( 'NONE',  ( -59.62764885268487092, -75.99153866676323332, -23.16160397660259562 ) ) ;
#515 = CARTESIAN_POINT ( 'NONE',  ( 4.261263986352529010, -5.622614445760651947, -6.550550017459542573 ) ) ;
#516 = CARTESIAN_POINT ( 'NONE',  ( -49.05261653890165263, -127.0816271148816128, -27.55561166555441233 ) ) ;
#517 = CARTESIAN_POINT ( 'NONE',  ( -55.23994564804051777, -115.8561811252806990, -25.37533432374965159 ) ) ;
#518 = CARTESIAN_POINT ( 'NONE',  ( -55.07629629699054874, -75.68986425764236969, -28.36790997139064174 ) ) ;
#519 = CARTESIAN_POINT ( 'NONE',  ( -56.53177973692224612, -77.01428519187814459, -27.90522829756249479 ) ) ;
#520 = CARTESIAN_POINT ( 'NONE',  ( -8.150354701097851873, -40.57741152766576676, -27.74984178798865742 ) ) ;
#521 = CARTESIAN_POINT ( 'NONE',  ( -64.61838591569910761, -83.47485240908336834, -22.91329783313556945 ) ) ;
#522 = CARTESIAN_POINT ( 'NONE',  ( 3.946116637313144437, -1.306980117275295505, -2.613418202174650595 ) ) ;
#523 = CARTESIAN_POINT ( 'NONE',  ( -60.64787964058677971, -100.1000265567762142, -23.61583278816756959 ) ) ;
#524 = CARTESIAN_POINT ( 'NONE',  ( -44.13037438550303193, -134.7089397432989415, -29.34024220488246826 ) ) ;
#525 = CARTESIAN_POINT ( 'NONE',  ( -63.39970063210860474, -92.06442518128153552, -25.25784816687666989 ) ) ;
#526 = CARTESIAN_POINT ( 'NONE',  ( -56.14919409942529427, -120.1386807686498628, -20.79947382682756896 ) ) ;
#527 = CARTESIAN_POINT ( 'NONE',  ( -52.17713196001468390, -125.5584192378971551, -22.07009204937885372 ) ) ;
#528 = CARTESIAN_POINT ( 'NONE',  ( -60.43190059101911515, -90.63503386340059365, -22.96878262602663767 ) ) ;
#529 = CARTESIAN_POINT ( 'NONE',  ( -54.30480047429148982, -116.7706806249740907, -23.95783444429356024 ) ) ;
#530 = CARTESIAN_POINT ( 'NONE',  ( -62.05162974072027993, -93.82561424418649665, -24.78953892990485386 ) ) ;
#531 = CARTESIAN_POINT ( 'NONE',  ( -49.15860995940973766, -74.52909501776269963, -27.58075393863653346 ) ) ;
#532 = CARTESIAN_POINT ( 'NONE',  ( -1.790164968375444143, -34.22051926951344569, -30.68564649389681520 ) ) ;
#533 = CARTESIAN_POINT ( 'NONE',  ( -65.41272555433562275, -92.89193594480948946, -19.02456160743191305 ) ) ;
#534 = CARTESIAN_POINT ( 'NONE',  ( -1.083226056530463888, -1.559386957757096237, -6.830349422537276283 ) ) ;
#536 = CARTESIAN_POINT ( 'NONE',  ( -2.899737436731891549, 1.696456640980668062, 0.000000000000000000 ) ) ;
#535 = CARTESIAN_POINT ( 'NONE',  ( 2.855247529692574560, -6.271537253474192219, -5.764619584193159341 ) ) ;
#537 = CARTESIAN_POINT ( 'NONE',  ( -2.509803030801390999, -0.1648539113738024531, -2.527223064136468356 ) ) ;
#538 = CARTESIAN_POINT ( 'NONE',  ( -63.22616088283465530, -101.5117911332409761, -18.65225039402240270 ) ) ;
#539 = CARTESIAN_POINT ( 'NONE',  ( -65.63848516072387440, -98.32591050948042266, -24.07136027790392063 ) ) ;
#540 = CARTESIAN_POINT ( 'NONE',  ( -58.64890084215113575, -85.03523626224563259, -22.69588582529461007 ) ) ;
#541 = CARTESIAN_POINT ( 'NONE',  ( 4.876320161506204620, -3.154630601943074986, -8.310297934209140536 ) ) ;
#542 = CARTESIAN_POINT ( 'NONE',  ( -1.113333987673968961, -12.51492221121407056, -16.71417500528345101 ) ) ;
#543 = CARTESIAN_POINT ( 'NONE',  ( -65.54519754311104407, -99.14473020704859607, -24.08225160575216606 ) ) ;
#544 = CARTESIAN_POINT ( 'NONE',  ( -60.48898575425173618, -108.2840249779612662, -19.33954826243347824 ) ) ;
#545 = CARTESIAN_POINT ( 'NONE',  ( -60.59268605833563015, -78.49376660386775484, -21.17499859510522242 ) ) ;
#546 = CARTESIAN_POINT ( 'NONE',  ( -66.24118010554916225, -91.06345164803551029, -20.36645267894572342 ) ) ;
#547 = CARTESIAN_POINT ( 'NONE',  ( -51.09518940022694267, -75.84813208169475729, -24.79515439342190319 ) ) ;
#548 = CC_DESIGN_DATE_AND_TIME_ASSIGNMENT ( #6041, #1835, ( #5016 ) ) ;
#549 =( NAMED_UNIT ( * ) SI_UNIT ( $, .STERADIAN. ) SOLID_ANGLE_UNIT ( ) );
#550 = CARTESIAN_POINT ( 'NONE',  ( -50.76476685020355717, -124.2184780667852380, -26.94288120088261707 ) ) ;
#551 = CARTESIAN_POINT ( 'NONE',  ( -55.57324028032125796, -76.12422677791339254, -28.21220376088025716 ) ) ;
#552 = CARTESIAN_POINT ( 'NONE',  ( -12.57279714365960110, -40.33381654213484069, -31.77252672077513651 ) ) ;
#553 = CARTESIAN_POINT ( 'NONE',  ( -14.97800669675759089, -48.06577059295135257, -29.03246169190104453 ) ) ;
#554 = CARTESIAN_POINT ( 'NONE',  ( -66.83854068734089537, -95.52520453019765512, -21.73433769564440610 ) ) ;
#555 = CARTESIAN_POINT ( 'NONE',  ( -57.36229016328962871, -111.1062158750394673, -24.65555297262093148 ) ) ;
#556 = CARTESIAN_POINT ( 'NONE',  ( -61.00083837978342416, -92.50302800301962236, -23.58800795786788029 ) ) ;
#557 = CARTESIAN_POINT ( 'NONE',  ( 5.400149920099861944, -5.846819805272678749, -10.42946792586893423 ) ) ;
#558 = CARTESIAN_POINT ( 'NONE',  ( -3.324114866981488170, -30.14188975230486278, -30.68762850999105041 ) ) ;
#559 = CARTESIAN_POINT ( 'NONE',  ( -63.45282166980135941, -100.2922089247402084, -18.60409799989711033 ) ) ;
#560 = CARTESIAN_POINT ( 'NONE',  ( -50.11478411661543930, -128.9545344783670373, -22.78661075909311151 ) ) ;
#561 = CARTESIAN_POINT ( 'NONE',  ( -60.24567726383029509, -100.3856509034462334, -22.92258156065503627 ) ) ;
#562 = CARTESIAN_POINT ( 'NONE',  ( -44.44354791393305248, -71.06928724203365277, -26.49655154202579510 ) ) ;
#563 = CARTESIAN_POINT ( 'NONE',  ( -45.79648173629617958, -72.09756171178294437, -28.75706271585981710 ) ) ;
#564 = CARTESIAN_POINT ( 'NONE',  ( -55.74680795191282812, -80.16811420089221940, -26.12513179618576586 ) ) ;
#565 = CARTESIAN_POINT ( 'NONE',  ( -48.51176199346920015, -72.33677750975708420, -29.64565891656379648 ) ) ;
#566 = CARTESIAN_POINT ( 'NONE',  ( -58.43197483614218868, -75.69725182505568739, -21.97743776887989142 ) ) ;
#567 = CARTESIAN_POINT ( 'NONE',  ( -53.77081754602842523, -129.3853218696538079, -27.15058385623605020 ) ) ;
#568 = CARTESIAN_POINT ( 'NONE',  ( 1.876948106063144106, -20.29876126025098060, -19.04619638832124551 ) ) ;
#569 = CARTESIAN_POINT ( 'NONE',  ( -56.66446785503772787, -125.3269468302010665, -24.64056303223686939 ) ) ;
#570 = CARTESIAN_POINT ( 'NONE',  ( -54.67544001521554264, -122.8669098146252452, -21.29253827203513794 ) ) ;
#571 = CARTESIAN_POINT ( 'NONE',  ( -65.77704634755708923, -96.55054952924996314, -24.07132891093482741 ) ) ;
#572 = CARTESIAN_POINT ( 'NONE',  ( -60.70400849134995980, -93.28630577267391288, -21.94524724042798525 ) ) ;
#573 = CARTESIAN_POINT ( 'NONE',  ( -1.710938828501016529, -35.54068883689812708, -29.61194021447717972 ) ) ;
#574 = CARTESIAN_POINT ( 'NONE',  ( -65.63310870559040211, -89.20002817426747299, -19.81692500961415959 ) ) ;
#575 = CARTESIAN_POINT ( 'NONE',  ( -65.72808456277691391, -97.33173063026256955, -24.06693178634091979 ) ) ;
#576 = CARTESIAN_POINT ( 'NONE',  ( -52.31681620175929481, -125.3210232496125514, -22.02191592912500440 ) ) ;
#577 = CARTESIAN_POINT ( 'NONE',  ( -57.65372947213153054, -74.93189300442703882, -26.88221765745173286 ) ) ;
#578 = CARTESIAN_POINT ( 'NONE',  ( -65.36294143836438764, -96.71125229851712390, -18.91865864324696389 ) ) ;
#579 = CARTESIAN_POINT ( 'NONE',  ( -27.89718090826625385, -54.27560641457888835, -32.25451751484472140 ) ) ;
#580 = CARTESIAN_POINT ( 'NONE',  ( -43.03743948523157314, -69.45023932509462838, -26.07093823590468773 ) ) ;
#581 =( LENGTH_UNIT ( ) NAMED_UNIT ( * ) SI_UNIT ( .MILLI., .METRE. ) );
#582 = CARTESIAN_POINT ( 'NONE',  ( -60.33628281850877073, -101.7262490590506161, -23.70453623450262981 ) ) ;
#583 = CARTESIAN_POINT ( 'NONE',  ( -52.39465947263818890, -73.64753695756205332, -29.13708737784872937 ) ) ;
#584 = APPROVAL_PERSON_ORGANIZATION ( #3715, #5548, #936 ) ;
#585 = CARTESIAN_POINT ( 'NONE',  ( -62.44269446952910840, -80.34264184349839866, -21.23487744731784232 ) ) ;
#586 = CARTESIAN_POINT ( 'NONE',  ( -54.61527677732186703, -78.01295571667326101, -22.59770719781310078 ) ) ;
#587 = CARTESIAN_POINT ( 'NONE',  ( -61.87592029383466752, -114.9996621421734631, -22.95905581743193480 ) ) ;
#588 = CARTESIAN_POINT ( 'NONE',  ( 4.483378212472402424, -2.804713314717867334, -5.080524282288601867 ) ) ;
#589 = CARTESIAN_POINT ( 'NONE',  ( -55.95057769052191077, -114.3425067062699014, -25.13104926928759397 ) ) ;
#590 = CARTESIAN_POINT ( 'NONE',  ( -60.48231934277637123, -105.2216678095630300, -25.17263984191523463 ) ) ;
#591 = CARTESIAN_POINT ( 'NONE',  ( -43.07211412838455544, -65.90770011552433516, -31.56838496335662114 ) ) ;
#592 = CARTESIAN_POINT ( 'NONE',  ( -63.10069702558385529, -102.1124551219086527, -18.68097788020583749 ) ) ;
#593 = EDGE_CURVE ( 'NONE', #966, #4643, #5950, .T. ) ;
#594 = CARTESIAN_POINT ( 'NONE',  ( -51.02251977274861616, -127.4826512477007725, -22.47009546330726337 ) ) ;
#595 = CARTESIAN_POINT ( 'NONE',  ( -58.99807690677111793, -105.4710012976924958, -23.30170857024740272 ) ) ;
#596 = CARTESIAN_POINT ( 'NONE',  ( -60.42055072225397794, -99.34307989941120809, -22.87457881233087775 ) ) ;
#597 = CARTESIAN_POINT ( 'NONE',  ( -49.18003999382333546, -74.10714272409073544, -28.38653860034861154 ) ) ;
#598 = CARTESIAN_POINT ( 'NONE',  ( -54.92984287454545722, -127.4158109846407996, -23.49322249962860454 ) ) ;
#599 = CARTESIAN_POINT ( 'NONE',  ( -40.10728236325519447, -68.00956859602881366, -31.11648345070404531 ) ) ;
#600 = CARTESIAN_POINT ( 'NONE',  ( -62.64156187024351397, -109.0925687274304039, -19.53151637075984581 ) ) ;
#601 = CARTESIAN_POINT ( 'NONE',  ( -55.85905495893770478, -125.8474925206206620, -26.43984596251618768 ) ) ;
#602 = CARTESIAN_POINT ( 'NONE',  ( -54.98794014045282808, -127.3479865307590444, -26.73490287155002676 ) ) ;
#603 = CARTESIAN_POINT ( 'NONE',  ( -56.02603129187662745, -126.4423689269733302, -24.85428412474139037 ) ) ;
#604 = CARTESIAN_POINT ( 'NONE',  ( -60.98272129064669400, -109.3605811210709362, -19.26200598398187225 ) ) ;
#605 = CARTESIAN_POINT ( 'NONE',  ( -64.30968876149309210, -85.90707614350544929, -24.87959095075602889 ) ) ;
#606 = CARTESIAN_POINT ( 'NONE',  ( -41.84555727786858625, -68.68504133641340559, -26.31506992021259705 ) ) ;
#607 = CARTESIAN_POINT ( 'NONE',  ( -50.88756034196738653, -124.7328548930709218, -27.72167556076708905 ) ) ;
#608 = CARTESIAN_POINT ( 'NONE',  ( -57.18940424235732678, -73.61302379048795785, -23.20939611713603412 ) ) ;
#609 = CARTESIAN_POINT ( 'NONE',  ( -65.79446865698956515, -96.16436714620495252, -24.07598605293791039 ) ) ;
#610 = CARTESIAN_POINT ( 'NONE',  ( -1.460076249709942209, -27.27672889374543885, -22.96909816586272157 ) ) ;
#611 = CARTESIAN_POINT ( 'NONE',  ( -66.18138841230903324, -98.33996037831738590, -23.33460328388967753 ) ) ;
#612 = CARTESIAN_POINT ( 'NONE',  ( -64.65668472915788811, -101.8380329771087389, -19.01201115902689409 ) ) ;
#613 = CARTESIAN_POINT ( 'NONE',  ( -41.82830789299140406, -137.9775037004715159, -26.89261324210603021 ) ) ;
#614 = CARTESIAN_POINT ( 'NONE',  ( -55.90972440075128702, -114.4314329870522755, -25.14513447567076909 ) ) ;
#615 = CARTESIAN_POINT ( 'NONE',  ( -63.60966963261157048, -88.53503171032656383, -25.41502368329783934 ) ) ;
#616 = CARTESIAN_POINT ( 'NONE',  ( -1.113333987673968961, -12.51492221121407056, -16.71417500528345101 ) ) ;
#617 = CARTESIAN_POINT ( 'NONE',  ( -61.25001356317832091, -94.80044114583733972, -20.29211865315283703 ) ) ;
#618 = CARTESIAN_POINT ( 'NONE',  ( -65.21158168231777097, -105.7404258643959594, -21.99821283476430978 ) ) ;
#619 = CARTESIAN_POINT ( 'NONE',  ( -59.18337934245271015, -106.0722478046345287, -24.05938542929333224 ) ) ;
#620 = CARTESIAN_POINT ( 'NONE',  ( -60.81118974320509096, -99.05278806832251348, -23.57249753904849143 ) ) ;
#621 = CARTESIAN_POINT ( 'NONE',  ( -53.15868406834837856, -122.0590715279499960, -27.63144424078663164 ) ) ;
#622 = CARTESIAN_POINT ( 'NONE',  ( -39.24340861086200505, -63.77947212685179323, -32.51136393915390244 ) ) ;
#623 = CARTESIAN_POINT ( 'NONE',  ( -63.22616088283465530, -101.5117911332409761, -18.65225039402240270 ) ) ;
#624 = CARTESIAN_POINT ( 'NONE',  ( 1.814103991522155734, -5.798260903134688782, -4.594427852622252395 ) ) ;
#625 = CARTESIAN_POINT ( 'NONE',  ( -58.72869545180476081, -106.3307576903144991, -23.38828216370448132 ) ) ;
#626 = CARTESIAN_POINT ( 'NONE',  ( -60.70541906786584718, -92.81527019461444183, -22.85371589417900040 ) ) ;
#627 = CARTESIAN_POINT ( 'NONE',  ( -61.86441534958846233, -91.74324916222229831, -24.88327840970126559 ) ) ;
#628 = CARTESIAN_POINT ( 'NONE',  ( 3.250000000000000444, 0.000000000000000000, 0.000000000000000000 ) ) ;
#629 = CARTESIAN_POINT ( 'NONE',  ( -63.24300718879362648, -99.52075650596933087, -25.16397607560729099 ) ) ;
#630 = CARTESIAN_POINT ( 'NONE',  ( -33.26351561082570640, -63.14067846637390602, -33.25434187087457616 ) ) ;
#631 = CARTESIAN_POINT ( 'NONE',  ( -65.25980076153287257, -97.90502704287733593, -18.91733381535813052 ) ) ;
#632 = CARTESIAN_POINT ( 'NONE',  ( -9.744601695003622055, -38.88188648139419001, -33.15613636661862529 ) ) ;
#633 = CARTESIAN_POINT ( 'NONE',  ( -65.81708784466691498, -102.9632768144352184, -20.95413256924312151 ) ) ;
#634 = CARTESIAN_POINT ( 'NONE',  ( -47.67934929008674061, -66.71926838319889441, -29.38968921344309138 ) ) ;
#635 = CARTESIAN_POINT ( 'NONE',  ( -56.14919409942529427, -120.1386807686498628, -20.79947382682756896 ) ) ;
#636 = CARTESIAN_POINT ( 'NONE',  ( -65.46540490806809487, -99.74756542573084062, -24.09420414521601117 ) ) ;
#637 = CARTESIAN_POINT ( 'NONE',  ( -46.55651665527498295, -71.98792053865888363, -25.48837423090666121 ) ) ;
#638 = CARTESIAN_POINT ( 'NONE',  ( -54.20656595603012562, -77.90146912291068304, -27.35469401495818786 ) ) ;
#639 = CARTESIAN_POINT ( 'NONE',  ( -59.56324540989757566, -76.24481776052739690, -22.35248142781012959 ) ) ;
#640 = CARTESIAN_POINT ( 'NONE',  ( -65.57144017165208538, -98.93067431158944203, -24.07869213608139347 ) ) ;
#641 = CARTESIAN_POINT ( 'NONE',  ( -51.02251977274861616, -127.4826512477007725, -22.47009546330726337 ) ) ;
#642 = CARTESIAN_POINT ( 'NONE',  ( -65.56149613725862935, -102.3570482409138265, -23.43985288500735464 ) ) ;
#643 = CARTESIAN_POINT ( 'NONE',  ( -64.89077042277961027, -100.5822807949043636, -18.96652377008283707 ) ) ;
#644 = CARTESIAN_POINT ( 'NONE',  ( -61.72556053681592658, -114.2090146779219140, -21.29098972388962352 ) ) ;
#645 = CARTESIAN_POINT ( 'NONE',  ( -56.99148830203635185, -110.8708825261304014, -23.04487968633913653 ) ) ;
#646 = CARTESIAN_POINT ( 'NONE',  ( -59.28877136306049067, -105.7321397840680390, -24.02567674453847602 ) ) ;
#647 = CARTESIAN_POINT ( 'NONE',  ( -64.06575191778856038, -99.71047545989586069, -25.00509759215191607 ) ) ;
#648 = CARTESIAN_POINT ( 'NONE',  ( -1.107407178987640295, -7.314566126392819889, -11.11282641185248998 ) ) ;
#649 = CARTESIAN_POINT ( 'NONE',  ( -60.21846611481183231, -87.35377233602737590, -20.76209477989199215 ) ) ;
#650 = CARTESIAN_POINT ( 'NONE',  ( -61.78020089878253174, -115.2183595070858928, -22.98842985956878238 ) ) ;
#651 = CARTESIAN_POINT ( 'NONE',  ( -60.45031628817858405, -89.27647202458402376, -23.80700716082309754 ) ) ;
#652 = CARTESIAN_POINT ( 'NONE',  ( -58.22742474021846704, -108.8824953783943954, -24.36936931178148669 ) ) ;
#653 = CARTESIAN_POINT ( 'NONE',  ( -60.38165349925436942, -105.5672772993649744, -25.20385297075225495 ) ) ;
#654 = CARTESIAN_POINT ( 'NONE',  ( -43.69222307721760501, -66.22939020401734922, -31.39903692229140830 ) ) ;
#655 = CARTESIAN_POINT ( 'NONE',  ( -61.50901771702690723, -107.8459804549548835, -19.10800748253346271 ) ) ;
#656 = CARTESIAN_POINT ( 'NONE',  ( -57.38259597685647861, -80.32528062824418669, -21.28274874289112262 ) ) ;
#657 = CARTESIAN_POINT ( 'NONE',  ( -47.59843332936068805, -128.7323932712398289, -27.25618763874888728 ) ) ;
#658 = CARTESIAN_POINT ( 'NONE',  ( -59.63786515335875293, -87.57367395313981717, -23.25795106547860414 ) ) ;
#659 = CARTESIAN_POINT ( 'NONE',  ( -60.06731447358929188, -104.3298917315778738, -24.59640712088609504 ) ) ;
#660 = CARTESIAN_POINT ( 'NONE',  ( 3.809827863998407338, -21.20399535503310062, -22.02674145734653521 ) ) ;
#661 = CARTESIAN_POINT ( 'NONE',  ( -56.07704582273127869, -119.7740231319542374, -27.41695194696104210 ) ) ;
#662 = CARTESIAN_POINT ( 'NONE',  ( -51.81967642923517303, -73.26631854367744268, -29.28545957501610530 ) ) ;
#663 = CARTESIAN_POINT ( 'NONE',  ( -63.68583155403119633, -105.8038154486052633, -19.24595961169670844 ) ) ;
#664 = CARTESIAN_POINT ( 'NONE',  ( -51.13830042024177658, -68.70513784897222820, -28.00045375570156025 ) ) ;
#665 = CARTESIAN_POINT ( 'NONE',  ( -66.74455065593312497, -92.99729522419879402, -20.94937399468174277 ) ) ;
#666 = CARTESIAN_POINT ( 'NONE',  ( -15.15809688261806265, -45.82841008185400966, -34.49485819210125470 ) ) ;
#667 = CARTESIAN_POINT ( 'NONE',  ( 0.5416835453329025274, -7.765893108496786823, -7.652471076921409043 ) ) ;
#668 = CARTESIAN_POINT ( 'NONE',  ( -58.29715678437114690, -117.1914403358668295, -26.74821277647299311 ) ) ;
#669 = CARTESIAN_POINT ( 'NONE',  ( -41.24071905875447897, -68.31204773946369357, -26.44719462617869965 ) ) ;
#670 = CARTESIAN_POINT ( 'NONE',  ( -58.21947766702385252, -82.41849095372143097, -26.14120941596178227 ) ) ;
#671 = CARTESIAN_POINT ( 'NONE',  ( -63.01589211164980497, -104.7936422981677396, -25.26920881605970592 ) ) ;
#672 = CARTESIAN_POINT ( 'NONE',  ( -8.923303436641988995, -34.87537694853840975, -30.01053836711749767 ) ) ;
#673 = CARTESIAN_POINT ( 'NONE',  ( -1.696456640980667396, 2.899737436731891993, 0.000000000000000000 ) ) ;
#674 = CARTESIAN_POINT ( 'NONE',  ( -49.17463087797660393, -130.4493920685455919, -23.11604822736603637 ) ) ;
#675 = CARTESIAN_POINT ( 'NONE',  ( -66.62229793927015464, -98.59722841594270903, -21.71127226864474835 ) ) ;
#676 = CARTESIAN_POINT ( 'NONE',  ( -65.67132316146418702, -88.48310919055700197, -23.81246131202949812 ) ) ;
#677 = CARTESIAN_POINT ( 'NONE',  ( -63.87893183396513308, -105.1126419523585156, -19.19570394012502845 ) ) ;
#678 = CARTESIAN_POINT ( 'NONE',  ( -66.34472514044092861, -96.85331110666764687, -20.13371654977528991 ) ) ;
#679 = CARTESIAN_POINT ( 'NONE',  ( -60.44004919654867081, -90.77666322741571037, -22.06453537122736819 ) ) ;
#680 = CARTESIAN_POINT ( 'NONE',  ( -44.13037438550303193, -134.7089397432989415, -29.34024220488246826 ) ) ;
#681 = CARTESIAN_POINT ( 'NONE',  ( -54.53167148920294238, -124.3521022588779061, -28.02399326612160024 ) ) ;
#682 = CARTESIAN_POINT ( 'NONE',  ( -9.778697477386838699, -36.27600634854481854, -30.49948543047668537 ) ) ;
#683 = CARTESIAN_POINT ( 'NONE',  ( -58.68895528050145316, -107.6977684353929732, -20.98888345566928848 ) ) ;
#684 = CARTESIAN_POINT ( 'NONE',  ( -52.32479334403435445, -75.66309755256808955, -23.24274986304436652 ) ) ;
#685 = CARTESIAN_POINT ( 'NONE',  ( -42.40396138430828188, -70.03214748758409769, -27.58834333493420488 ) ) ;
#686 = CARTESIAN_POINT ( 'NONE',  ( 3.250000000000000444, 0.000000000000000000, 0.000000000000000000 ) ) ;
#687 = CARTESIAN_POINT ( 'NONE',  ( -57.10069194753589272, -114.2450701291810304, -26.27307329496832367 ) ) ;
#688 = CARTESIAN_POINT ( 'NONE',  ( -52.71911167110285135, -130.0955436646729311, -28.11751083420767827 ) ) ;
#689 = CARTESIAN_POINT ( 'NONE',  ( -45.89410602212951318, -136.9064594989396255, -24.34644969971682471 ) ) ;
#690 = CARTESIAN_POINT ( 'NONE',  ( -42.38436519368015354, -66.14005153537600279, -25.55080316960370723 ) ) ;
#691 = CARTESIAN_POINT ( 'NONE',  ( 5.194692664009377125, -6.195817402267189244, -9.673870763882021606 ) ) ;
#692 = CARTESIAN_POINT ( 'NONE',  ( -51.92752745098795231, -76.89614482823111530, -25.47548143913587992 ) ) ;
#693 = CARTESIAN_POINT ( 'NONE',  ( -56.27241590367484747, -114.5104098146425997, -25.84213377027218073 ) ) ;
#694 = FACE_OUTER_BOUND ( 'NONE', #2356, .T. ) ;
#695 = CARTESIAN_POINT ( 'NONE',  ( -25.40293773774990882, -58.27568411974090168, -34.40642310067711662 ) ) ;
#696 = CARTESIAN_POINT ( 'NONE',  ( -57.83598671720954343, -120.0937499647081950, -21.02017482384350799 ) ) ;
#697 = CARTESIAN_POINT ( 'NONE',  ( -55.50729255262950090, -71.83398808657946688, -26.33576489184606118 ) ) ;
#698 = CARTESIAN_POINT ( 'NONE',  ( -66.72319651348385605, -96.55863023240765131, -20.83648378476886620 ) ) ;
#699 = CARTESIAN_POINT ( 'NONE',  ( -0.3764142220542954775, -14.63816323273179165, -21.34065254955082125 ) ) ;
#700 = CARTESIAN_POINT ( 'NONE',  ( -49.72793963197161560, -69.92986710494723468, -23.78824096424057544 ) ) ;
#701 = CARTESIAN_POINT ( 'NONE',  ( -49.61147639303537460, -125.2952584133478240, -25.60771827855909066 ) ) ;
#702 = CARTESIAN_POINT ( 'NONE',  ( -51.97480038371421784, -76.04441218699614069, -27.91243379927081492 ) ) ;
#703 = CARTESIAN_POINT ( 'NONE',  ( -61.47428794940560692, -109.6942957903035847, -25.72590833727442217 ) ) ;
#704 = CARTESIAN_POINT ( 'NONE',  ( -66.01781581694127965, -92.47322120024588799, -19.56895869372162977 ) ) ;
#705 = CARTESIAN_POINT ( 'NONE',  ( -49.64006775922512560, -69.17514265161379683, -29.57605705460784407 ) ) ;
#706 = CARTESIAN_POINT ( 'NONE',  ( -2.795508085709169421, -30.17763029071926795, -24.31476391675131410 ) ) ;
#707 = CARTESIAN_POINT ( 'NONE',  ( -66.20225822594144915, -88.41189819061710864, -22.19728881823773392 ) ) ;
#708 = CARTESIAN_POINT ( 'NONE',  ( -59.57614629877700452, -116.5448698684876518, -20.46288797973123863 ) ) ;
#709 = CARTESIAN_POINT ( 'NONE',  ( -55.86856549711889386, -125.8049545568038496, -23.17813279382006897 ) ) ;
#710 = CARTESIAN_POINT ( 'NONE',  ( -60.70400849134995980, -93.28630577267391288, -21.94524724042798525 ) ) ;
#711 = CARTESIAN_POINT ( 'NONE',  ( 1.226226964156303945, -29.59950967069116246, -26.80578477398457338 ) ) ;
#712 = CARTESIAN_POINT ( 'NONE',  ( -0.8508480103472355616, 3.250000000000000444, 0.000000000000000000 ) ) ;
#713 = CARTESIAN_POINT ( 'NONE',  ( -64.64163197557078888, -106.1047475258722130, -23.66752039121258022 ) ) ;
#714 = CARTESIAN_POINT ( 'NONE',  ( -65.36642574416454465, -101.5363077791781024, -19.50494074666870858 ) ) ;
#715 = CARTESIAN_POINT ( 'NONE',  ( -61.06604927177026099, -97.74893641417092738, -20.30488816211300573 ) ) ;
#716 = CARTESIAN_POINT ( 'NONE',  ( -42.60907379106090076, -67.36630295826218173, -25.50611315831119441 ) ) ;
#717 = CARTESIAN_POINT ( 'NONE',  ( -50.33973381021100835, -75.45230066190069351, -26.60233668380009675 ) ) ;
#718 = CARTESIAN_POINT ( 'NONE',  ( 4.709459278186787223, -3.601775776663232786, -6.274299660075625340 ) ) ;
#719 = CARTESIAN_POINT ( 'NONE',  ( -51.69218469749144163, -124.6366292920771599, -28.14718468196749512 ) ) ;
#720 = CARTESIAN_POINT ( 'NONE',  ( -60.76082756836279231, -115.1134813854573906, -25.42367581777705965 ) ) ;
#721 = CARTESIAN_POINT ( 'NONE',  ( -9.879668502234633110, -38.71076599488227288, -28.13404178421415125 ) ) ;
#722 = CARTESIAN_POINT ( 'NONE',  ( -44.72173862720226367, -67.72425948878090196, -24.97205194530476646 ) ) ;
#723 = CARTESIAN_POINT ( 'NONE',  ( 5.370796127252447150, -8.068074364259082643, -11.79978958451074078 ) ) ;
#724 = CARTESIAN_POINT ( 'NONE',  ( -49.87481657714823058, -125.0109693742121095, -26.43691635639813597 ) ) ;
#725 = CARTESIAN_POINT ( 'NONE',  ( -60.27715344820790477, -103.5401846684333407, -24.53236989545644064 ) ) ;
#726 = CARTESIAN_POINT ( 'NONE',  ( -23.35108386556704474, -58.53906328208469034, -31.06219893416229638 ) ) ;
#727 = ADVANCED_BREP_SHAPE_REPRESENTATION ( 'FN-HAR-026_W6-soil-service-tail_R0.6', ( #2710, #5199 ), #5683 ) ;
#728 = CARTESIAN_POINT ( 'NONE',  ( -1.388047586941120182, -3.411254466887104098, -1.186863196282455624 ) ) ;
#729 = CARTESIAN_POINT ( 'NONE',  ( -53.23588517755109706, -70.08985979969766333, -27.17232031378834733 ) ) ;
#730 = CARTESIAN_POINT ( 'NONE',  ( -51.65141606006155683, -68.67469108998794525, -27.01827556698257027 ) ) ;
#731 = CARTESIAN_POINT ( 'NONE',  ( -5.568326836388262535, -31.33129401872593434, -30.66335974852443513 ) ) ;
#732 = CARTESIAN_POINT ( 'NONE',  ( 0.7147124429385036670, -10.95816522332326848, -11.48140586417870779 ) ) ;
#733 = CARTESIAN_POINT ( 'NONE',  ( -56.99148830203635185, -110.8708825261304014, -23.04487968633913653 ) ) ;
#734 = CARTESIAN_POINT ( 'NONE',  ( -61.99235966633249006, -92.91680695997354178, -24.82305917834131748 ) ) ;
#735 = CARTESIAN_POINT ( 'NONE',  ( -62.01571919800596078, -108.1409266967292666, -25.56067519520253128 ) ) ;
#736 = CARTESIAN_POINT ( 'NONE',  ( -65.48439229817583396, -100.8920717528983175, -19.48304405595816036 ) ) ;
#737 = CARTESIAN_POINT ( 'NONE',  ( 1.305123847513203872, -5.081318587121698371, -13.40371155119659541 ) ) ;
#738 = CARTESIAN_POINT ( 'NONE',  ( -56.22900347067796645, -78.82104003300219119, -21.65533879246494564 ) ) ;
#739 = CARTESIAN_POINT ( 'NONE',  ( -51.73131613268595430, -130.7198439492784416, -23.07230570840698292 ) ) ;
#740 = CARTESIAN_POINT ( 'NONE',  ( -64.93770484198135762, -105.0385710208050796, -20.38023904672555275 ) ) ;
#741 = CARTESIAN_POINT ( 'NONE',  ( -60.47400258477438939, -98.56013201505719223, -21.95687080085683718 ) ) ;
#742 = CARTESIAN_POINT ( 'NONE',  ( -17.94707691979129294, -54.94823668322724330, -31.68107014164969826 ) ) ;
#743 = CARTESIAN_POINT ( 'NONE',  ( -53.40509691950987303, -69.92348721263466871, -26.28614961370803371 ) ) ;
#744 = CARTESIAN_POINT ( 'NONE',  ( -54.04574062284886793, -125.2027953393977100, -28.19182582087534783 ) ) ;
#745 = CARTESIAN_POINT ( 'NONE',  ( -59.94897322183586397, -117.2633790564815115, -21.03714007870388514 ) ) ;
#746 = CC_DESIGN_DATE_AND_TIME_ASSIGNMENT ( #2301, #4670, ( #73 ) ) ;
#747 = CARTESIAN_POINT ( 'NONE',  ( -58.86885248286509409, -107.1734829667567794, -20.93202785369302532 ) ) ;
#748 = CARTESIAN_POINT ( 'NONE',  ( -50.36437177481008121, -73.75010751839727163, -23.74001327255398763 ) ) ;
#749 = CARTESIAN_POINT ( 'NONE',  ( -46.06278234553553830, -72.36756619100212617, -27.08451063845747342 ) ) ;
#750 = CARTESIAN_POINT ( 'NONE',  ( -5.393183569302022917, -41.04979998504419569, -29.48760307432427652 ) ) ;
#751 = CARTESIAN_POINT ( 'NONE',  ( -51.89277179357569025, -124.2907100243784839, -28.07616409984166594 ) ) ;
#752 = CARTESIAN_POINT ( 'NONE',  ( -65.27193034188677245, -100.9945420806888166, -24.12952229358600320 ) ) ;
#753 = CARTESIAN_POINT ( 'NONE',  ( -35.96345197145245720, -60.63391562862468476, -27.50330302902168711 ) ) ;
#754 = CARTESIAN_POINT ( 'NONE',  ( -58.74132984852396788, -82.45049952011771666, -20.82119592961233323 ) ) ;
#755 = CARTESIAN_POINT ( 'NONE',  ( -50.22917692819714830, -124.4118588883856802, -26.31067025602591158 ) ) ;
#756 = CARTESIAN_POINT ( 'NONE',  ( 3.622631505573179922, -0.6220934500396986255, -1.328974262891565727 ) ) ;
#757 = CARTESIAN_POINT ( 'NONE',  ( -59.89452996051681311, -104.9462241933163114, -24.64958202425732381 ) ) ;
#758 = CARTESIAN_POINT ( 'NONE',  ( -56.45907884916960739, -81.32723167775543516, -25.08229795535258688 ) ) ;
#759 = CARTESIAN_POINT ( 'NONE',  ( -56.87021987037084614, -121.9306280490900747, -21.33651466882633940 ) ) ;
#760 = CARTESIAN_POINT ( 'NONE',  ( -66.24077986419261777, -100.7627861570663299, -20.87161817146641241 ) ) ;
#761 = CARTESIAN_POINT ( 'NONE',  ( -42.91140538159513085, -64.56404205168969668, -26.02332020465495788 ) ) ;
#762 = CARTESIAN_POINT ( 'NONE',  ( -54.90496353597269064, -115.5424219039614542, -23.75064019592942088 ) ) ;
#763 = CARTESIAN_POINT ( 'NONE',  ( -61.65802397906752930, -100.0437823456534403, -24.83216650236396106 ) ) ;
#764 = CARTESIAN_POINT ( 'NONE',  ( -66.07478162081237372, -94.76614440175714549, -19.47158506035916758 ) ) ;
#765 = CARTESIAN_POINT ( 'NONE',  ( -53.35294491701618114, -129.0621009639739896, -27.89802382801578773 ) ) ;
#766 = CARTESIAN_POINT ( 'NONE',  ( -61.79240670511101996, -94.98150512605879214, -19.56807229743598953 ) ) ;
#767 = CARTESIAN_POINT ( 'NONE',  ( -65.53572034663396551, -104.5110496261449526, -21.91801676893115314 ) ) ;
#768 = CARTESIAN_POINT ( 'NONE',  ( -54.23729439166648802, -126.5994540639301107, -22.21794572412722601 ) ) ;
#769 = CARTESIAN_POINT ( 'NONE',  ( -61.44683161808349325, -114.8547054684636208, -21.37665062725211484 ) ) ;
#770 = CARTESIAN_POINT ( 'NONE',  ( -59.83770067917996016, -88.15981878561512985, -22.29252514433517973 ) ) ;
#771 = CARTESIAN_POINT ( 'NONE',  ( -40.75079998360069311, -69.26574663143014732, -29.51714917900520874 ) ) ;
#772 = CARTESIAN_POINT ( 'NONE',  ( -13.16753370937618328, -50.73951058795310587, -31.29661612451411301 ) ) ;
#773 = CARTESIAN_POINT ( 'NONE',  ( -66.08737550799892801, -101.6342194046902989, -20.89870050248770639 ) ) ;
#774 = CARTESIAN_POINT ( 'NONE',  ( -60.54553462327955060, -112.1034001831952054, -26.01724728747371174 ) ) ;
#775 = CARTESIAN_POINT ( 'NONE',  ( -64.08425456718718749, -106.7177177459347632, -19.81060429312875826 ) ) ;
#776 = CARTESIAN_POINT ( 'NONE',  ( -61.16137901723045189, -96.73075541678149136, -20.28934932232411015 ) ) ;
#777 = CARTESIAN_POINT ( 'NONE',  ( -59.22062818780976556, -85.73192554899463858, -24.23259740327693379 ) ) ;
#778 = DIRECTION ( 'NONE',  ( 1.000000000000000000, 0.000000000000000000, 0.000000000000000000 ) ) ;
#779 = CARTESIAN_POINT ( 'NONE',  ( -43.91357085937911364, -70.02292773152169048, -30.37105557489936913 ) ) ;
#780 = CARTESIAN_POINT ( 'NONE',  ( -63.31920795768493093, -98.94390212397675555, -25.14864264829967055 ) ) ;
#781 = CARTESIAN_POINT ( 'NONE',  ( -55.35755674757497502, -125.6640811123666026, -27.21094881310585478 ) ) ;
#782 = CARTESIAN_POINT ( 'NONE',  ( -0.5503192587894975008, -3.780354832576035662, -1.185715914436249907 ) ) ;
#783 = CARTESIAN_POINT ( 'NONE',  ( -61.16297770679875612, -88.61590444263418931, -19.91131605509587033 ) ) ;
#784 = CARTESIAN_POINT ( 'NONE',  ( -49.81254099394790558, -125.1156958042997900, -26.45932282492268328 ) ) ;
#785 = CARTESIAN_POINT ( 'NONE',  ( -59.50620777094311364, -103.6923596873489117, -23.14306093064679359 ) ) ;
#786 = CARTESIAN_POINT ( 'NONE',  ( -56.58464832133195443, -113.8227434977715546, -25.73571423965253047 ) ) ;
#787 = CARTESIAN_POINT ( 'NONE',  ( -61.02734420597191445, -97.06503826850651251, -23.52250876058367268 ) ) ;
#788 = CARTESIAN_POINT ( 'NONE',  ( -60.45221460437042538, -114.6135506206237267, -20.18844814680314315 ) ) ;
#789 = CARTESIAN_POINT ( 'NONE',  ( -65.38433563710296426, -104.7752299514949215, -21.05486384377673659 ) ) ;
#790 = CARTESIAN_POINT ( 'NONE',  ( -53.26300134525853736, -73.39115275184856557, -22.45286746587725091 ) ) ;
#791 = CARTESIAN_POINT ( 'NONE',  ( -55.19292684072170374, -114.9375610173065354, -23.65158621738797962 ) ) ;
#792 = CARTESIAN_POINT ( 'NONE',  ( -56.82063627271297435, -114.8609214532557559, -26.36793449678483370 ) ) ;
#793 = CARTESIAN_POINT ( 'NONE',  ( -62.91820957009440463, -105.1564416286439325, -25.29668792440284975 ) ) ;
#794 = CARTESIAN_POINT ( 'NONE',  ( -54.83094698261611200, -126.8604006077259641, -22.71477849997762277 ) ) ;
#795 = CARTESIAN_POINT ( 'NONE',  ( -55.63156446892909202, -125.1843845407033484, -27.11788221238173691 ) ) ;
#796 = CARTESIAN_POINT ( 'NONE',  ( -60.70731166223528419, -86.95876153810239373, -20.09622638085014046 ) ) ;
#797 = CARTESIAN_POINT ( 'NONE',  ( -0.1080636609952338734, -8.418169441787545892, -9.166560610851337998 ) ) ;
#798 = CARTESIAN_POINT ( 'NONE',  ( -2.124140469275493714, -35.18911860202022268, -27.26896108897840065 ) ) ;
#799 = CARTESIAN_POINT ( 'NONE',  ( -51.61623525904382603, -76.33670617961449523, -27.19966114268514801 ) ) ;
#800 = CARTESIAN_POINT ( 'NONE',  ( -66.51758916753577466, -98.83886237119953933, -20.83469444824712369 ) ) ;
#801 = CARTESIAN_POINT ( 'NONE',  ( -55.07232912422363569, -123.3907597397758877, -27.83802901667464624 ) ) ;
#802 = CARTESIAN_POINT ( 'NONE',  ( -64.42366414513978157, -105.5471458059426340, -19.72289652110610447 ) ) ;
#803 = CARTESIAN_POINT ( 'NONE',  ( -59.09422892651242876, -106.4972411301268238, -20.86113033902071479 ) ) ;
#804 = CARTESIAN_POINT ( 'NONE',  ( -55.23994564804051777, -115.8561811252806990, -25.37533432374965159 ) ) ;
#805 = CARTESIAN_POINT ( 'NONE',  ( -50.76476685020355717, -124.2184780667852380, -26.94288120088261707 ) ) ;
#806 = CARTESIAN_POINT ( 'NONE',  ( 2.283565492324233670, -24.12002617288207773, -26.82162989454642599 ) ) ;
#807 = CARTESIAN_POINT ( 'NONE',  ( -60.28945762596165991, -110.4827572644104521, -26.02151732759263680 ) ) ;
#808 = CARTESIAN_POINT ( 'NONE',  ( -12.57813308135280472, -48.93110447493054238, -34.10693584708047155 ) ) ;
#809 = CARTESIAN_POINT ( 'NONE',  ( -60.85634175042365968, -114.8967492788070217, -25.39343047977660817 ) ) ;
#810 = CARTESIAN_POINT ( 'NONE',  ( -51.76928369473659330, -71.91881140895840474, -22.99634395616568483 ) ) ;
#811 = CARTESIAN_POINT ( 'NONE',  ( -59.93449102031988929, -105.6034205939093056, -20.02109293335410101 ) ) ;
#812 = CARTESIAN_POINT ( 'NONE',  ( -60.90423761980241579, -91.66448359949855273, -23.63030373733206346 ) ) ;
#813 = CARTESIAN_POINT ( 'NONE',  ( -59.23701576236088329, -104.6634589757682221, -23.22672408454359783 ) ) ;
#814 = CARTESIAN_POINT ( 'NONE',  ( -53.11355804186289475, -120.8059484292365653, -26.93603018616389022 ) ) ;
#815 = CARTESIAN_POINT ( 'NONE',  ( -59.67903904275465266, -104.3974482251880858, -23.90333371422179809 ) ) ;
#816 = CARTESIAN_POINT ( 'NONE',  ( -53.58460337166764731, -127.6976025658873795, -22.43891268296937014 ) ) ;
#817 = CARTESIAN_POINT ( 'NONE',  ( -58.21451582136289460, -122.3404043749978740, -23.21058315014044027 ) ) ;
#818 = CARTESIAN_POINT ( 'NONE',  ( -63.11109868956511804, -92.43246783871757088, -18.78947402569107794 ) ) ;
#819 = CARTESIAN_POINT ( 'NONE',  ( -48.97577491786016424, -126.3486217697103200, -25.83566016898474516 ) ) ;
#820 = CARTESIAN_POINT ( 'NONE',  ( -58.61755220474741890, -110.6748783588399618, -25.76868812868599079 ) ) ;
#821 = CARTESIAN_POINT ( 'NONE',  ( -66.06789948051913086, -95.17530612815376401, -19.46062561207976316 ) ) ;
#822 = CARTESIAN_POINT ( 'NONE',  ( -64.99783047320170226, -104.7865400150053716, -23.57538989394666373 ) ) ;
#823 = CARTESIAN_POINT ( 'NONE',  ( -61.32267554438308821, -99.80344668163050414, -19.63628175452021907 ) ) ;
#824 = CARTESIAN_POINT ( 'NONE',  ( -63.98509457828602365, -94.78729013598288589, -18.56960735115791294 ) ) ;
#825 = CARTESIAN_POINT ( 'NONE',  ( -54.11591784070955669, -125.0807083723463933, -28.16754797036690405 ) ) ;
#826 = CARTESIAN_POINT ( 'NONE',  ( -50.24297251091896754, -124.2304505856104271, -25.38309730192337810 ) ) ;
#827 = CARTESIAN_POINT ( 'NONE',  ( -57.84806805635863469, -110.8689399439988250, -25.31258294528598540 ) ) ;
#828 = CARTESIAN_POINT ( 'NONE',  ( -66.72319651348385605, -96.55863023240765131, -20.83648378476886620 ) ) ;
#829 = CARTESIAN_POINT ( 'NONE',  ( -31.17547112905397810, -59.88524334727668474, -34.09728282848442404 ) ) ;
#830 = CARTESIAN_POINT ( 'NONE',  ( -59.73745595962488864, -117.7069888201542796, -21.10389313063842209 ) ) ;
#831 = CARTESIAN_POINT ( 'NONE',  ( -55.06121661901367048, -116.2702406091343050, -22.18568581723479838 ) ) ;
#832 = CARTESIAN_POINT ( 'NONE',  ( -58.96401535857923903, -106.7592888162167526, -24.12985330816365348 ) ) ;
#833 = CARTESIAN_POINT ( 'NONE',  ( -59.22062818780976556, -85.73192554899463858, -24.23259740327693379 ) ) ;
#834 = CARTESIAN_POINT ( 'NONE',  ( -62.86114926937054292, -89.05537418590003540, -25.50003476472711839 ) ) ;
#835 = CARTESIAN_POINT ( 'NONE',  ( -62.96225288117400254, -101.2541003047664958, -25.22959367191550584 ) ) ;
#836 = CARTESIAN_POINT ( 'NONE',  ( -48.09350584594316302, -71.19978064385054495, -30.09808738916978399 ) ) ;
#837 = CARTESIAN_POINT ( 'NONE',  ( -61.15720554451409186, -106.2589027346394488, -19.14352519651054152 ) ) ;
#838 = CARTESIAN_POINT ( 'NONE',  ( -60.17730681142644755, -104.7877051391106136, -19.94901791029069571 ) ) ;
#839 = CARTESIAN_POINT ( 'NONE',  ( -60.58580534568704223, -100.4554070386947870, -23.63287899995226127 ) ) ;
#840 = CARTESIAN_POINT ( 'NONE',  ( -55.95411461865749203, -113.4656673053037252, -24.30961845126270759 ) ) ;
#841 = CARTESIAN_POINT ( 'NONE',  ( 4.282032266470028326, -1.094795371688000118, -5.272805144710495107 ) ) ;
#842 = CARTESIAN_POINT ( 'NONE',  ( -50.33973381021100835, -75.45230066190069351, -26.60233668380009675 ) ) ;
#843 = CARTESIAN_POINT ( 'NONE',  ( -63.06531353067533274, -87.07829783017535874, -19.11481235090997188 ) ) ;
#844 = CARTESIAN_POINT ( 'NONE',  ( -61.18746731270285011, -116.5418594964688452, -23.17186330661358085 ) ) ;
#845 = CARTESIAN_POINT ( 'NONE',  ( -2.058333767138572856, -3.048617661590433237, -4.728092633943185241 ) ) ;
#846 = CARTESIAN_POINT ( 'NONE',  ( -60.80158731417581919, -107.3645097344911505, -19.24692849409821349 ) ) ;
#847 = CARTESIAN_POINT ( 'NONE',  ( -51.18251277785957143, -76.24563442253034395, -25.62764419157621276 ) ) ;
#848 = CARTESIAN_POINT ( 'NONE',  ( -43.98822884406153122, -136.6920988253155542, -30.92440694534497680 ) ) ;
#849 = CARTESIAN_POINT ( 'NONE',  ( -55.33329187946694816, -125.9986585763462301, -22.54575277807364131 ) ) ;
#850 = CARTESIAN_POINT ( 'NONE',  ( -51.83016097938146061, -70.39824810387719367, -28.84761365804775224 ) ) ;
#851 = CARTESIAN_POINT ( 'NONE',  ( -60.79372042739934301, -102.4233810424267830, -19.77313949302843810 ) ) ;
#852 = PERSON_AND_ORGANIZATION ( #2782, #5590 ) ;
#853 = CARTESIAN_POINT ( 'NONE',  ( -53.80799071469566996, -72.78671471518691760, -22.55571166260974891 ) ) ;
#854 = CARTESIAN_POINT ( 'NONE',  ( -13.26980159553531813, -47.54593287828404868, -34.81388063431625568 ) ) ;
#855 = CARTESIAN_POINT ( 'NONE',  ( -49.13716710737837445, -126.9469925379896011, -24.25083686978266684 ) ) ;
#856 = CARTESIAN_POINT ( 'NONE',  ( -59.58538453408271351, -105.9855269140431346, -24.74722936667765083 ) ) ;
#857 = CARTESIAN_POINT ( 'NONE',  ( -65.38433563710296426, -104.7752299514949215, -21.05486384377673659 ) ) ;
#858 = CARTESIAN_POINT ( 'NONE',  ( 2.419689336623207954, -9.999237217363774022, -18.67923643554825830 ) ) ;
#859 = CARTESIAN_POINT ( 'NONE',  ( -36.02810132450383662, -58.91110663625808286, -29.46234730808495428 ) ) ;
#860 = CARTESIAN_POINT ( 'NONE',  ( -49.50171796278598890, -126.3498476597079474, -24.12115075073088022 ) ) ;
#861 = CARTESIAN_POINT ( 'NONE',  ( -61.00191201092679449, -97.37464458063128347, -23.52763947048332938 ) ) ;
#862 = CARTESIAN_POINT ( 'NONE',  ( -61.02734420597191445, -97.06503826850651251, -23.52250876058367268 ) ) ;
#863 = CARTESIAN_POINT ( 'NONE',  ( -58.64819053106088376, -80.62109228789587689, -26.98901167948205781 ) ) ;
#864 = CARTESIAN_POINT ( 'NONE',  ( 3.990308717108729919, -10.65261770377782646, -18.77664047434898009 ) ) ;
#865 = CARTESIAN_POINT ( 'NONE',  ( -64.27401185411983420, -97.96258375632193349, -24.97099122483000500 ) ) ;
#866 = CARTESIAN_POINT ( 'NONE',  ( -63.14503245620694827, -95.50640835891874758, -18.69658900846415150 ) ) ;
#867 = CARTESIAN_POINT ( 'NONE',  ( -50.35769306472218432, -125.9538064022908088, -23.22404697102289006 ) ) ;
#868 = CARTESIAN_POINT ( 'NONE',  ( -55.30832844669869530, -79.97063898937531690, -25.42659794484930913 ) ) ;
#869 = CARTESIAN_POINT ( 'NONE',  ( 4.808721844350544394, -4.006183476360379636, -6.849157825315062453 ) ) ;
#870 = CARTESIAN_POINT ( 'NONE',  ( -50.67784709371261442, -125.0893633515429144, -27.79650878816329040 ) ) ;
#871 = CARTESIAN_POINT ( 'NONE',  ( -60.68660962821101634, -90.32148044509843032, -23.71766333398397464 ) ) ;
#872 = CARTESIAN_POINT ( 'NONE',  ( -61.12292072876253712, -108.1720888216200507, -25.76021054929652010 ) ) ;
#873 = CARTESIAN_POINT ( 'NONE',  ( -36.08895112161071950, -59.88270897968097728, -28.03631377089813626 ) ) ;
#874 = CARTESIAN_POINT ( 'NONE',  ( -65.49965156885096462, -104.3182827872332723, -21.02702966476562807 ) ) ;
#875 = CARTESIAN_POINT ( 'NONE',  ( -63.14620603221363382, -93.10286168790207739, -18.75939966036339968 ) ) ;
#876 = CARTESIAN_POINT ( 'NONE',  ( -59.79911694397213040, -88.06219294947298692, -23.20197735236754610 ) ) ;
#877 = CARTESIAN_POINT ( 'NONE',  ( -56.91505638746662044, -114.6548536853311617, -26.33591428793723566 ) ) ;
#878 = CARTESIAN_POINT ( 'NONE',  ( -46.83027195438147317, -139.2654334234144642, -25.48301268167243805 ) ) ;
#879 = CARTESIAN_POINT ( 'NONE',  ( -65.74671260207922785, -88.81968457048574805, -23.77589833821792809 ) ) ;
#880 = CARTESIAN_POINT ( 'NONE',  ( -55.83385165781335502, -115.8915309825452198, -21.33853326501644432 ) ) ;
#881 = CARTESIAN_POINT ( 'NONE',  ( -63.76099316735932376, -90.61823264724539229, -18.77014589631884434 ) ) ;
#882 = CARTESIAN_POINT ( 'NONE',  ( -23.24419013886715746, -55.17502069708422141, -34.95454546232243587 ) ) ;
#883 = CARTESIAN_POINT ( 'NONE',  ( -49.28390553359241721, -126.7074587726771995, -24.19860365854382778 ) ) ;
#884 = CARTESIAN_POINT ( 'NONE',  ( -61.18450445603390619, -91.35123704104276499, -24.37006796299158751 ) ) ;
#885 = CARTESIAN_POINT ( 'NONE',  ( -61.36738666628418315, -115.9390518189378270, -22.20527400168091248 ) ) ;
#886 = CARTESIAN_POINT ( 'NONE',  ( -43.31919463726874397, -67.05857887312309629, -31.53248068831329576 ) ) ;
#887 = CARTESIAN_POINT ( 'NONE',  ( -28.43853655307785999, -54.48231187275719378, -30.63667405261472609 ) ) ;
#888 = CARTESIAN_POINT ( 'NONE',  ( -57.89638919315147803, -109.8509718172307998, -21.24289372037606327 ) ) ;
#889 = CARTESIAN_POINT ( 'NONE',  ( -56.18419364703679264, -113.8306566196338991, -25.05173840703304933 ) ) ;
#890 = CARTESIAN_POINT ( 'NONE',  ( -53.11691680724739228, -77.78153977111045947, -26.03049664278752928 ) ) ;
#891 = CARTESIAN_POINT ( 'NONE',  ( -50.56371218972220305, -129.4047573627698000, -29.33763001306229867 ) ) ;
#892 = CARTESIAN_POINT ( 'NONE',  ( -56.87298768432734164, -124.9579262929730135, -24.57086242046607438 ) ) ;
#893 = CARTESIAN_POINT ( 'NONE',  ( -56.40977601737618841, -114.6718002418776479, -21.14647997494161302 ) ) ;
#894 = CARTESIAN_POINT ( 'NONE',  ( -59.83984917209300392, -103.8088539346783392, -23.85373865758121781 ) ) ;
#895 = CARTESIAN_POINT ( 'NONE',  ( 4.986506454766347574, -4.855159848429318359, -7.997828799835533076 ) ) ;
#896 = CARTESIAN_POINT ( 'NONE',  ( 5.455725999813847871, -7.395109420276567036, -13.32821598285665488 ) ) ;
#897 = CARTESIAN_POINT ( 'NONE',  ( -56.18419364703679264, -113.8306566196338991, -25.05173840703304933 ) ) ;
#898 = CARTESIAN_POINT ( 'NONE',  ( -58.21659155271574804, -115.3915213042725725, -26.69663973527234901 ) ) ;
#899 = CARTESIAN_POINT ( 'NONE',  ( -61.78363781641809283, -83.39274886621063843, -19.66358466725043996 ) ) ;
#900 = CARTESIAN_POINT ( 'NONE',  ( -62.86734077714066160, -112.6315669378273014, -22.65699544028466406 ) ) ;
#901 = CARTESIAN_POINT ( 'NONE',  ( -56.61369773018303420, -125.2422257169642563, -23.74039074678985628 ) ) ;
#902 = CARTESIAN_POINT ( 'NONE',  ( -59.19066525157651171, -111.7127585877026092, -19.73774690139889643 ) ) ;
#903 = CARTESIAN_POINT ( 'NONE',  ( -44.44354791393305248, -71.06928724203365277, -26.49655154202579510 ) ) ;
#904 = CARTESIAN_POINT ( 'NONE',  ( -48.87558696183601370, -129.2968734115978577, -29.15207087569188005 ) ) ;
#905 = CARTESIAN_POINT ( 'NONE',  ( -50.70403559371250424, -68.40068252563339968, -25.06063296185487843 ) ) ;
#906 = CARTESIAN_POINT ( 'NONE',  ( -66.23511896155660850, -91.97278669341044122, -23.50791654105039896 ) ) ;
#907 = CARTESIAN_POINT ( 'NONE',  ( -50.00459458327976847, -126.5379261269156075, -23.34847268774193552 ) ) ;
#908 = CARTESIAN_POINT ( 'NONE',  ( -9.240525780613090490, -36.64229450429822066, -28.16606281543830193 ) ) ;
#909 = CARTESIAN_POINT ( 'NONE',  ( -54.45663327915826812, -124.4840344772604368, -28.04986129158369579 ) ) ;
#910 = CARTESIAN_POINT ( 'NONE',  ( -12.41451836504291606, -47.84700948595858705, -29.33140163863049921 ) ) ;
#911 = CARTESIAN_POINT ( 'NONE',  ( -60.95920467785835228, -100.3608867924338170, -24.33332401731451355 ) ) ;
#912 = CARTESIAN_POINT ( 'NONE',  ( -64.99609816696695930, -106.2022232755870448, -21.15171715126450280 ) ) ;
#913 = CARTESIAN_POINT ( 'NONE',  ( -13.31468578172578177, -47.59189905318827840, -34.81854400600778376 ) ) ;
#914 = CARTESIAN_POINT ( 'NONE',  ( -4.779199895595362513, -26.90841473490776536, -25.70395542144636636 ) ) ;
#915 = CARTESIAN_POINT ( 'NONE',  ( -49.92475193637553588, -125.6498365275658387, -23.97097594886742655 ) ) ;
#916 = CARTESIAN_POINT ( 'NONE',  ( -61.08397868876945580, -93.65531493981561084, -23.54621896377409485 ) ) ;
#917 = CARTESIAN_POINT ( 'NONE',  ( -51.64903933927472934, -76.50798363843516370, -26.36367684629358976 ) ) ;
#918 = CARTESIAN_POINT ( 'NONE',  ( -3.837643537327906529, -36.77899421708799110, -32.06527646924369179 ) ) ;
#919 = CARTESIAN_POINT ( 'NONE',  ( -64.16381360514606058, -91.33516993597716294, -25.16154646569754050 ) ) ;
#920 = CARTESIAN_POINT ( 'NONE',  ( -56.16974153381894297, -126.1933018565544415, -24.80620149349438819 ) ) ;
#921 = CARTESIAN_POINT ( 'NONE',  ( -56.99689769414642626, -80.91515472246383922, -21.86570454380793294 ) ) ;
#922 = CARTESIAN_POINT ( 'NONE',  ( -60.67737617250225668, -99.92360631325404086, -23.60783629814064710 ) ) ;
#923 = CARTESIAN_POINT ( 'NONE',  ( -55.30832844669869530, -79.97063898937531690, -25.42659794484930913 ) ) ;
#924 = CARTESIAN_POINT ( 'NONE',  ( -7.755231282963775286, -44.93833559536252409, -31.55065169737938291 ) ) ;
#925 = CARTESIAN_POINT ( 'NONE',  ( -49.92669692725618802, -125.6367085548655211, -27.24199987829977943 ) ) ;
#926 = CARTESIAN_POINT ( 'NONE',  ( -62.48432277752242925, -103.4811732474488650, -25.35693040302799517 ) ) ;
#927 = CARTESIAN_POINT ( 'NONE',  ( -48.31826780491714857, -67.68663711311380382, -24.83051770202605368 ) ) ;
#928 = CARTESIAN_POINT ( 'NONE',  ( -11.60408305555243658, -39.00436267195166806, -31.38024670924577464 ) ) ;
#929 = CARTESIAN_POINT ( 'NONE',  ( -59.67374766743203907, -81.14872174173343922, -20.25196205360200707 ) ) ;
#930 = CARTESIAN_POINT ( 'NONE',  ( -40.85514314596637320, -68.78581869521119074, -27.14752091529368272 ) ) ;
#931 = CARTESIAN_POINT ( 'NONE',  ( -14.27725856497767687, -50.63702449835371056, -30.01022747168677185 ) ) ;
#932 = CARTESIAN_POINT ( 'NONE',  ( -53.71593204562347523, -75.69121366638835013, -28.52237221057612260 ) ) ;
#933 = CARTESIAN_POINT ( 'NONE',  ( -2.184368496395630466, -19.23100642609397326, -21.01757281060636728 ) ) ;
#934 = CARTESIAN_POINT ( 'NONE',  ( -66.11265452558626521, -98.95689781410732166, -23.34102497645668706 ) ) ;
#935 = CARTESIAN_POINT ( 'NONE',  ( -56.11717702616580539, -115.2978810877966396, -21.24368151158802931 ) ) ;
#936 = APPROVAL_ROLE ( '' ) ;
#937 = CARTESIAN_POINT ( 'NONE',  ( -63.23034461996762445, -87.71590083125737181, -19.03960972529094064 ) ) ;
#938 = CARTESIAN_POINT ( 'NONE',  ( -0.7463124597942425442, -9.918182854731599107, -15.27548430827446069 ) ) ;
#939 = CARTESIAN_POINT ( 'NONE',  ( -54.54851664465431327, -117.3048358312889548, -22.36062209539183954 ) ) ;
#940 = CARTESIAN_POINT ( 'NONE',  ( -57.36807945196707692, -112.0262830066673274, -25.47256047736137674 ) ) ;
#941 = CARTESIAN_POINT ( 'NONE',  ( -1.832092303548924050, -3.685073286287475547, -5.848803600830368765 ) ) ;
#942 = CARTESIAN_POINT ( 'NONE',  ( -64.71868083066964061, -87.13352635798659662, -24.70516607764304595 ) ) ;
#943 = CARTESIAN_POINT ( 'NONE',  ( -1.061965499150215209, -13.35810044812409103, -16.35733863494629503 ) ) ;
#944 = CARTESIAN_POINT ( 'NONE',  ( -18.45665398173743199, -47.52425822085319851, -33.53012985141265290 ) ) ;
#945 = CARTESIAN_POINT ( 'NONE',  ( -44.81440397806860432, -133.6789164247818746, -25.80329321705717405 ) ) ;
#946 = CARTESIAN_POINT ( 'NONE',  ( -57.82150230685218162, -83.23496936707783789, -24.66886088516756459 ) ) ;
#947 = CARTESIAN_POINT ( 'NONE',  ( -22.70062984305861420, -56.69462102646740220, -34.52259132280565979 ) ) ;
#948 = CARTESIAN_POINT ( 'NONE',  ( -64.41062707553344069, -95.40832668962876539, -24.98156930185459501 ) ) ;
#949 = CARTESIAN_POINT ( 'NONE',  ( -10.29576450130010912, -43.21361991516154433, -28.33281615059233616 ) ) ;
#950 = CARTESIAN_POINT ( 'NONE',  ( -40.91440800553121449, -69.44494145942486796, -28.62401855054096345 ) ) ;
#951 = CARTESIAN_POINT ( 'NONE',  ( -51.56869658326804284, -122.8259475251304025, -26.65807063455801540 ) ) ;
#952 = CARTESIAN_POINT ( 'NONE',  ( -5.393183569302022917, -41.04979998504419569, -29.48760307432427652 ) ) ;
#953 = CARTESIAN_POINT ( 'NONE',  ( -54.42147408143526377, -117.5244455094063483, -25.65829852437362391 ) ) ;
#954 = CARTESIAN_POINT ( 'NONE',  ( -63.56456632301013343, -94.66945267259343666, -25.14846847424782439 ) ) ;
#955 = CARTESIAN_POINT ( 'NONE',  ( -26.19519918901660560, -53.85605267396822882, -29.77370091266665142 ) ) ;
#956 = CARTESIAN_POINT ( 'NONE',  ( -57.88358968062123466, -114.7254457937166876, -20.15473370532868103 ) ) ;
#957 = CARTESIAN_POINT ( 'NONE',  ( -49.62221968219771639, -74.93995835447022102, -25.87729175788196301 ) ) ;
#958 = CARTESIAN_POINT ( 'NONE',  ( 1.644286706705561985, -27.30565367276661348, -24.36534924017796655 ) ) ;
#959 = CARTESIAN_POINT ( 'NONE',  ( -55.54386616408085331, -79.19936513791891741, -26.96341918375471991 ) ) ;
#960 = CARTESIAN_POINT ( 'NONE',  ( -56.13760321563891864, -77.83524003991951190, -27.79624424726133824 ) ) ;
#961 = CARTESIAN_POINT ( 'NONE',  ( -10.10739617350079200, -36.75429084941222868, -29.79047453322392514 ) ) ;
#962 = CARTESIAN_POINT ( 'NONE',  ( -0.1282815267133042003, -5.871653188571168691, -12.93471591083187455 ) ) ;
#963 = CARTESIAN_POINT ( 'NONE',  ( -54.36853958729447100, -118.8248598623823256, -21.83401359463201530 ) ) ;
#964 = CARTESIAN_POINT ( 'NONE',  ( -27.57202387335970784, -54.33377222859206057, -33.03105648660697824 ) ) ;
#965 = CARTESIAN_POINT ( 'NONE',  ( -53.05312711984501561, -125.6975415650173034, -21.84421462698603023 ) ) ;
#966 = VERTEX_POINT ( 'NONE', #2478 ) ;
#967 = CARTESIAN_POINT ( 'NONE',  ( -44.63364831028462731, -67.70615045523094011, -31.19730282123605036 ) ) ;
#968 = CARTESIAN_POINT ( 'NONE',  ( -0.4138314215138135799, -30.70489547372424255, -25.14944921869665961 ) ) ;
#969 = CARTESIAN_POINT ( 'NONE',  ( 2.638435539033768595, -25.57140144656811742, -25.99724523283986599 ) ) ;
#970 = CARTESIAN_POINT ( 'NONE',  ( -59.66303958189750034, -119.5359209474633957, -22.74133595037675803 ) ) ;
#971 = CARTESIAN_POINT ( 'NONE',  ( -64.28457330373866796, -105.3954659002803425, -24.36960226889087622 ) ) ;
#972 = CARTESIAN_POINT ( 'NONE',  ( -63.14620603221363382, -93.10286168790207739, -18.75939966036339968 ) ) ;
#973 = CARTESIAN_POINT ( 'NONE',  ( -43.65423366129857641, -63.32168751981055976, -27.88941000683713156 ) ) ;
#974 = CARTESIAN_POINT ( 'NONE',  ( -60.09238642446100442, -76.55300340141046433, -22.98864137246974693 ) ) ;
#975 = CARTESIAN_POINT ( 'NONE',  ( -39.40498890061049053, -67.21300541173782506, -26.86364793549070384 ) ) ;
#976 = CARTESIAN_POINT ( 'NONE',  ( -58.48802888598972061, -108.1628720201355947, -24.28411325835676848 ) ) ;
#977 = CARTESIAN_POINT ( 'NONE',  ( -1.367714080846158087, -31.80587705229796924, -30.52451648887587510 ) ) ;
#978 = CARTESIAN_POINT ( 'NONE',  ( -49.34936900956739692, -72.77436809970315323, -23.97924578418267672 ) ) ;
#979 = CARTESIAN_POINT ( 'NONE',  ( -66.54650079545153574, -99.22950506161396333, -21.71829278559583187 ) ) ;
#980 = CARTESIAN_POINT ( 'NONE',  ( -42.60578640177187992, -136.8969167504480993, -29.90090730721353651 ) ) ;
#981 = CARTESIAN_POINT ( 'NONE',  ( -60.89914658054215124, -98.37190182831895413, -23.55066192455300467 ) ) ;
#982 = CARTESIAN_POINT ( 'NONE',  ( -58.48802888598972061, -108.1628720201355947, -24.28411325835676848 ) ) ;
#983 = CARTESIAN_POINT ( 'NONE',  ( -54.06283307540129357, -123.4908353135700594, -28.10974509540827526 ) ) ;
#984 = CARTESIAN_POINT ( 'NONE',  ( -62.48915382855373934, -104.6267877509959305, -18.83479273738296200 ) ) ;
#985 = CARTESIAN_POINT ( 'NONE',  ( -58.95748213487227929, -121.1116435125341013, -23.88304761517409602 ) ) ;
#986 = CARTESIAN_POINT ( 'NONE',  ( -12.09490003402381930, -43.84248241657240897, -28.59409119044890701 ) ) ;
#987 = CARTESIAN_POINT ( 'NONE',  ( -52.54593846744320729, -120.3253922078651783, -25.49119356584071383 ) ) ;
#988 = CARTESIAN_POINT ( 'NONE',  ( -48.53645428273450335, -127.0672170578047968, -25.99343500392106421 ) ) ;
#989 = CARTESIAN_POINT ( 'NONE',  ( -62.03544420850284524, -93.51989786697050988, -24.79960428931105909 ) ) ;
#990 = CARTESIAN_POINT ( 'NONE',  ( -50.65492400989960231, -73.54945435280389177, -29.26315818991106354 ) ) ;
#991 = CARTESIAN_POINT ( 'NONE',  ( -64.90594534510672986, -88.62361721726351504, -19.34457254376159696 ) ) ;
#992 = CARTESIAN_POINT ( 'NONE',  ( -1.209871047520943987, -1.222292125813304819, -6.250222282733033374 ) ) ;
#994 = CARTESIAN_POINT ( 'NONE',  ( -56.20531424886747374, -125.2403275607426565, -26.32313387510105684 ) ) ;
#993 = CARTESIAN_POINT ( 'NONE',  ( 2.266367304258520399, -4.130310711967274173, -2.404780997152156541 ) ) ;
#995 = CARTESIAN_POINT ( 'NONE',  ( -32.67122518824284327, -57.39095695816880749, -32.28198776705480100 ) ) ;
#996 = CARTESIAN_POINT ( 'NONE',  ( -58.48933377807363598, -115.3835763760310869, -20.03667875060592252 ) ) ;
#997 = CARTESIAN_POINT ( 'NONE',  ( -1.336499546222589929, -4.230892106752394355, -8.198749717027192574 ) ) ;
#998 = CARTESIAN_POINT ( 'NONE',  ( -65.80276664487446681, -93.90825567647618755, -24.13676464504168351 ) ) ;
#999 = CARTESIAN_POINT ( 'NONE',  ( -60.58765993752643908, -97.58525181861837439, -21.92978307939900162 ) ) ;
#1000 = CARTESIAN_POINT ( 'NONE',  ( 4.138463637329725664, -0.7094248028421665797, -4.640252695414939232 ) ) ;
#1001 = CARTESIAN_POINT ( 'NONE',  ( -56.40383911477083956, -125.6112505372614692, -23.81051280956649663 ) ) ;
#1002 = CARTESIAN_POINT ( 'NONE',  ( -61.13669285056703018, -114.2505356289663752, -25.30507463221130138 ) ) ;
#1003 = CARTESIAN_POINT ( 'NONE',  ( -62.42938336600049354, -101.3080073218583266, -18.80379033648594245 ) ) ;
#1004 = CARTESIAN_POINT ( 'NONE',  ( -63.81047409629100997, -84.70401324220962636, -19.85492451497620792 ) ) ;
#1005 = CARTESIAN_POINT ( 'NONE',  ( -64.93076685510870050, -85.15775556597562002, -21.02792969821379998 ) ) ;
#1006 = CARTESIAN_POINT ( 'NONE',  ( -49.82972452066115920, -74.71975205513950868, -25.01888334861115837 ) ) ;
#1007 = CARTESIAN_POINT ( 'NONE',  ( -49.78337013154695967, -125.8758053943446242, -27.29335480150891868 ) ) ;
#1008 = CARTESIAN_POINT ( 'NONE',  ( -55.53196321120615409, -115.2418168486203172, -25.27481945320183954 ) ) ;
#1009 = CARTESIAN_POINT ( 'NONE',  ( -64.27401185411983420, -97.96258375632193349, -24.97099122483000500 ) ) ;
#1010 = CARTESIAN_POINT ( 'NONE',  ( -50.36437177481008121, -73.75010751839727163, -23.74001327255398763 ) ) ;
#1011 = CARTESIAN_POINT ( 'NONE',  ( -66.79618038956149917, -92.79331811223234183, -21.84016515882184706 ) ) ;
#1012 = CARTESIAN_POINT ( 'NONE',  ( -52.58726867244823922, -121.0085889358965829, -26.29891220422527454 ) ) ;
#1013 = CARTESIAN_POINT ( 'NONE',  ( -56.08498762558757278, -114.0489642463931261, -25.08524759137066340 ) ) ;
#1014 = CARTESIAN_POINT ( 'NONE',  ( 4.423001973183509961, -1.575953324593081017, -4.562530149991425255 ) ) ;
#1015 = CARTESIAN_POINT ( 'NONE',  ( -26.31463767415439747, -55.90503846043464620, -34.59253766905492711 ) ) ;
#1016 = CARTESIAN_POINT ( 'NONE',  ( -52.19082173922392087, -127.1476614056661560, -22.14013734483666340 ) ) ;
#1017 = CARTESIAN_POINT ( 'NONE',  ( -57.35024907409205497, -115.8757133661234491, -20.32795811659468299 ) ) ;
#1018 = CARTESIAN_POINT ( 'NONE',  ( -60.51655480996075909, -98.66515160944236129, -22.84953006214536231 ) ) ;
#1019 = CARTESIAN_POINT ( 'NONE',  ( -40.85514314596637320, -68.78581869521119074, -27.14752091529368272 ) ) ;
#1020 = CARTESIAN_POINT ( 'NONE',  ( -61.65802397906752930, -100.0437823456534403, -24.83216650236396106 ) ) ;
#1021 = CARTESIAN_POINT ( 'NONE',  ( -53.11525028715125529, -77.57913500975875820, -26.86191856068298378 ) ) ;
#1022 = CARTESIAN_POINT ( 'NONE',  ( 1.163943111981269984, -27.50899289341355569, -28.31351167819264347 ) ) ;
#1023 = CARTESIAN_POINT ( 'NONE',  ( -63.57746378309621349, -84.08848511723010688, -19.95620823268426491 ) ) ;
#1024 = CARTESIAN_POINT ( 'NONE',  ( -61.61320725048287983, -114.4828483864170749, -24.55894874119341509 ) ) ;
#1025 = CARTESIAN_POINT ( 'NONE',  ( -0.6133389918491682913, -27.58267643587458906, -23.14739858799082839 ) ) ;
#1026 = CARTESIAN_POINT ( 'NONE',  ( -1.310568101299671051, -3.040820461522756979, -7.809048260353555371 ) ) ;
#1027 = CARTESIAN_POINT ( 'NONE',  ( -58.23966752174978012, -115.9218447280612878, -20.11689754236155281 ) ) ;
#1028 = CARTESIAN_POINT ( 'NONE',  ( -65.74646219903678457, -92.81900202566309588, -24.18740819034841394 ) ) ;
#1029 = CARTESIAN_POINT ( 'NONE',  ( -50.59147790550008494, -75.39609353253059965, -24.89144215985120212 ) ) ;
#1030 = CARTESIAN_POINT ( 'NONE',  ( -56.13196645657664874, -114.8155170314665838, -25.89015752502594481 ) ) ;
#1031 = CARTESIAN_POINT ( 'NONE',  ( -62.44269446952910840, -80.34264184349839866, -21.23487744731784232 ) ) ;
#1032 = CARTESIAN_POINT ( 'NONE',  ( -56.79342721557297580, -123.1047846334952283, -26.72461469367762632 ) ) ;
#1033 = CARTESIAN_POINT ( 'NONE',  ( -57.20692455404763876, -116.1771159186809683, -20.37474520051592464 ) ) ;
#1034 = CARTESIAN_POINT ( 'NONE',  ( -53.62299393368878242, -71.57886472454023874, -28.25031872483733864 ) ) ;
#1035 = CARTESIAN_POINT ( 'NONE',  ( -55.51393810870594336, -72.64111438265280185, -23.02031673444027504 ) ) ;
#1036 = CARTESIAN_POINT ( 'NONE',  ( -40.69544668502955886, -61.79975414172704262, -30.22189236785804312 ) ) ;
#1037 = CARTESIAN_POINT ( 'NONE',  ( 4.564199594496073153, -7.752017859986001014, -9.246598467864250992 ) ) ;
#1038 = CARTESIAN_POINT ( 'NONE',  ( -47.51515324986173283, -129.5487957410566082, -28.10975848760276108 ) ) ;
#1039 = CARTESIAN_POINT ( 'NONE',  ( -63.84557638146628733, -101.0921305233127185, -25.05258831496013983 ) ) ;
#1040 = CARTESIAN_POINT ( 'NONE',  ( -57.18940424235732678, -73.61302379048795785, -23.20939611713603412 ) ) ;
#1041 = CARTESIAN_POINT ( 'NONE',  ( -43.78826282465512776, -68.15601939049633984, -25.23337910041539089 ) ) ;
#1042 = CARTESIAN_POINT ( 'NONE',  ( -63.67346489894865158, -110.5361718518699377, -22.41877555233417141 ) ) ;
#1043 = CARTESIAN_POINT ( 'NONE',  ( -49.34868321795745771, -126.5965417641833284, -27.44924698194529356 ) ) ;
#1044 = CARTESIAN_POINT ( 'NONE',  ( -58.84878693280552397, -107.1072129015535381, -24.16706405319196804 ) ) ;
#1045 = CARTESIAN_POINT ( 'NONE',  ( -1.984730559951253470, -36.10890756030204329, -28.94719448824201180 ) ) ;
#1046 = CARTESIAN_POINT ( 'NONE',  ( -57.23239914018220276, -113.9510958437130199, -26.22849322210464251 ) ) ;
#1047 = CARTESIAN_POINT ( 'NONE',  ( -37.96523315207214466, -63.01935908187376612, -32.78425674744072893 ) ) ;
#1048 = CARTESIAN_POINT ( 'NONE',  ( -52.54812951325975945, -126.5516976144248105, -22.01741250647043913 ) ) ;
#1049 = CARTESIAN_POINT ( 'NONE',  ( -53.00176297705335315, -124.1435543712310761, -21.78635555975306559 ) ) ;
#1050 = CARTESIAN_POINT ( 'NONE',  ( -58.88465187347545537, -105.8389238323855750, -23.33785634248249607 ) ) ;
#1051 = CARTESIAN_POINT ( 'NONE',  ( -60.66143216488456602, -97.36371912766148284, -22.81479147148164799 ) ) ;
#1052 = CARTESIAN_POINT ( 'NONE',  ( -61.74304158802997478, -99.48934490149636645, -24.81097271934666537 ) ) ;
#1053 = CARTESIAN_POINT ( 'NONE',  ( -57.59688176370335100, -82.48264140328089411, -25.56605884612756796 ) ) ;
#1054 = CARTESIAN_POINT ( 'NONE',  ( 3.612306182802663024, -0.9682871442182658939, -7.254464261047210982 ) ) ;
#1055 = CARTESIAN_POINT ( 'NONE',  ( -63.39844585440121705, -106.7712816858454232, -19.32206485569743393 ) ) ;
#1056 = CARTESIAN_POINT ( 'NONE',  ( -56.00088707371902075, -125.5996124853003266, -26.39201017711031838 ) ) ;
#1058 = CARTESIAN_POINT ( 'NONE',  ( -55.78774553031671246, -125.9716904331699965, -26.46392096710479791 ) ) ;
#1057 = CARTESIAN_POINT ( 'NONE',  ( -10.29576450130010912, -43.21361991516154433, -28.33281615059233616 ) ) ;
#1059 = CARTESIAN_POINT ( 'NONE',  ( -58.46269138165014567, -122.0563251604186235, -24.04452934738186443 ) ) ;
#1060 = CARTESIAN_POINT ( 'NONE',  ( -62.11823566003985064, -105.9251372134047955, -18.93569728905499616 ) ) ;
#1061 = CARTESIAN_POINT ( 'NONE',  ( -60.04282374757386265, -78.52313138555059879, -26.49196008423164983 ) ) ;
#1062 = CARTESIAN_POINT ( 'NONE',  ( -60.13918547091143552, -100.6283246342828761, -22.04650565947467555 ) ) ;
#1063 = CARTESIAN_POINT ( 'NONE',  ( -53.59279277654006535, -119.9146352532829667, -26.76839242748487635 ) ) ;
#1064 = CARTESIAN_POINT ( 'NONE',  ( -18.98351432395812211, -47.42770735779387792, -32.87166775782168315 ) ) ;
#1065 = CARTESIAN_POINT ( 'NONE',  ( -64.74532749330117554, -103.5749980425524228, -24.25045751903175173 ) ) ;
#1066 = CARTESIAN_POINT ( 'NONE',  ( -56.59230562475848103, -117.4443292314494727, -20.57650285950688485 ) ) ;
#1067 = CARTESIAN_POINT ( 'NONE',  ( -62.86561818873082075, -81.36111395012441960, -24.98762430829940229 ) ) ;
#1068 = CARTESIAN_POINT ( 'NONE',  ( -65.11548214356137976, -99.12150679238324358, -18.93077155193522287 ) ) ;
#1069 = CARTESIAN_POINT ( 'NONE',  ( -66.42735615251186232, -94.46372816979234699, -20.18447233940896268 ) ) ;
#1070 = CARTESIAN_POINT ( 'NONE',  ( -45.39671648804719695, -71.10318459005132752, -25.66053658804483462 ) ) ;
#1071 = CARTESIAN_POINT ( 'NONE',  ( -53.06936562199163632, -120.1200137305740725, -26.12979299666279331 ) ) ;
#1072 = CARTESIAN_POINT ( 'NONE',  ( -49.69395761292241076, -72.02286484802021960, -29.77335757546395101 ) ) ;
#1073 = CARTESIAN_POINT ( 'NONE',  ( -40.98330927127474865, -61.64324437591086792, -29.41973521481671128 ) ) ;
#1074 = CARTESIAN_POINT ( 'NONE',  ( -55.63882826534556614, -115.0691211509428058, -21.98973290589465890 ) ) ;
#1075 = CARTESIAN_POINT ( 'NONE',  ( -66.27595573214036051, -88.76234335874087833, -22.15960683942313381 ) ) ;
#1076 = CARTESIAN_POINT ( 'NONE',  ( 5.247614400426285464, -6.655816564204232400, -10.21390255024240190 ) ) ;
#1077 = CARTESIAN_POINT ( 'NONE',  ( -59.50971181471010141, -104.9929034773464451, -23.95594321046003827 ) ) ;
#1078 = CARTESIAN_POINT ( 'NONE',  ( -37.18334496392918709, -67.28413538009245087, -29.47566357413346694 ) ) ;
#1079 = CARTESIAN_POINT ( 'NONE',  ( -4.046883600867731801, -31.75786327062118275, -31.30076689354847730 ) ) ;
#1080 = CARTESIAN_POINT ( 'NONE',  ( -61.92379591434818309, -106.5637449895981916, -18.98999000796022329 ) ) ;
#1081 = CARTESIAN_POINT ( 'NONE',  ( 2.319476983025110073, -9.263477038921262618, -9.238844533604517295 ) ) ;
#1082 = CARTESIAN_POINT ( 'NONE',  ( -59.70050447040156172, -102.9327407316039142, -23.08352092845991166 ) ) ;
#1083 = CARTESIAN_POINT ( 'NONE',  ( -60.76343712892872873, -95.76781400114913367, -22.79963765776771112 ) ) ;
#1084 = CARTESIAN_POINT ( 'NONE',  ( -47.67360813728421221, -73.18266848179685269, -28.55979755906743733 ) ) ;
#1085 = CARTESIAN_POINT ( 'NONE',  ( -55.15011599468503789, -127.0417599777868816, -23.41919876669517464 ) ) ;
#1086 = CARTESIAN_POINT ( 'NONE',  ( -62.16826348536399394, -104.7200361555314032, -25.44653022500619244 ) ) ;
#1087 = CARTESIAN_POINT ( 'NONE',  ( -65.23236395169567459, -90.71639781618812037, -19.16037825302746356 ) ) ;
#1088 = CARTESIAN_POINT ( 'NONE',  ( -5.568326836388262535, -31.33129401872593434, -30.66335974852443513 ) ) ;
#1089 = CARTESIAN_POINT ( 'NONE',  ( -57.01045287471961842, -124.7129141797810803, -24.52501353654047733 ) ) ;
#1090 = CARTESIAN_POINT ( 'NONE',  ( -12.75331513704949948, -43.13717700392246712, -34.13902282231470053 ) ) ;
#1091 = CARTESIAN_POINT ( 'NONE',  ( -58.09600509775666666, -116.2267903322759111, -20.16306651416958573 ) ) ;
#1092 = CARTESIAN_POINT ( 'NONE',  ( -55.77473921033333681, -74.18337108558311854, -27.95580868409851405 ) ) ;
#1093 = CARTESIAN_POINT ( 'NONE',  ( -59.95594527230737469, -101.5349425666624512, -22.09878740389115492 ) ) ;
#1094 = CARTESIAN_POINT ( 'NONE',  ( -42.59325038653157947, -70.30380567999580421, -29.17937057982033977 ) ) ;
#1095 = CARTESIAN_POINT ( 'NONE',  ( -12.57279714365960110, -40.33381654213484069, -31.77252672077513651 ) ) ;
#1096 = CARTESIAN_POINT ( 'NONE',  ( -56.05453470467061550, -124.4363195961727229, -26.97427761482207842 ) ) ;
#1097 = CARTESIAN_POINT ( 'NONE',  ( -57.00549074159444274, -116.5971149945358292, -20.44067153736812870 ) ) ;
#1098 = CARTESIAN_POINT ( 'NONE',  ( -65.96228324342746419, -87.37267834863693849, -22.31644914782180678 ) ) ;
#1099 = CARTESIAN_POINT ( 'NONE',  ( -66.11104847810283047, -90.89691104239493313, -23.58470027920497358 ) ) ;
#1100 = CARTESIAN_POINT ( 'NONE',  ( -52.34080469162346105, -69.78400208986370501, -24.29905953151622811 ) ) ;
#1101 = CARTESIAN_POINT ( 'NONE',  ( -66.11727782304029688, -99.12527912920734252, -20.14067626614471962 ) ) ;
#1102 = CARTESIAN_POINT ( 'NONE',  ( -60.03161054743026881, -101.1729841387870721, -22.07688014100576623 ) ) ;
#1103 = CARTESIAN_POINT ( 'NONE',  ( -50.62751043802403217, -124.4529721114528087, -26.99161574384863016 ) ) ;
#1104 = CARTESIAN_POINT ( 'NONE',  ( -62.41907455365306845, -85.14695381916014583, -25.89008607262615058 ) ) ;
#1105 = CARTESIAN_POINT ( 'NONE',  ( -56.68346082950949238, -73.10934507028453311, -23.39048680224628640 ) ) ;
#1106 = CARTESIAN_POINT ( 'NONE',  ( -60.50367552115939418, -101.2567417279500859, -20.44334233101247378 ) ) ;
#1107 = CARTESIAN_POINT ( 'NONE',  ( -65.47321745358026135, -104.7574927294817968, -21.93340654046224358 ) ) ;
#1108 = CARTESIAN_POINT ( 'NONE',  ( -1.625038739099649021, -34.84038044440278270, -27.86463394630754564 ) ) ;
#1109 = CARTESIAN_POINT ( 'NONE',  ( -59.62374070917891800, -104.5950137904008841, -23.92046395425298400 ) ) ;
#1110 = CARTESIAN_POINT ( 'NONE',  ( -38.43698496638640449, -68.00765978376833232, -29.16500220209703542 ) ) ;
#1111 = CARTESIAN_POINT ( 'NONE',  ( -60.33006352474480138, -105.7410438621590743, -25.21990687914742679 ) ) ;
#1112 = CARTESIAN_POINT ( 'NONE',  ( 0.6258478883501324974, -1.683974425081210313, -8.897695364853339228 ) ) ;
#1113 = CARTESIAN_POINT ( 'NONE',  ( -60.69675901947979924, -110.1327820176147299, -19.34759520240348252 ) ) ;
#1114 = CARTESIAN_POINT ( 'NONE',  ( -48.11051615599708242, -70.52670097852187325, -24.06508875403572034 ) ) ;
#1115 = CARTESIAN_POINT ( 'NONE',  ( -43.57030051908498791, -134.8758700516998488, -28.72184523524413180 ) ) ;
#1116 = CARTESIAN_POINT ( 'NONE',  ( -48.53682445649302934, -74.06741810386456848, -26.01299521297234207 ) ) ;
#1117 = CARTESIAN_POINT ( 'NONE',  ( -61.43035394589483644, -93.93861261153408293, -24.25520720302077393 ) ) ;
#1118 = CARTESIAN_POINT ( 'NONE',  ( -18.41828655687732663, -54.85042377193588692, -30.99354143707735432 ) ) ;
#1119 = CARTESIAN_POINT ( 'NONE',  ( -58.59710802781466299, -114.5480706732722780, -26.57062354073011079 ) ) ;
#1120 = CARTESIAN_POINT ( 'NONE',  ( -50.92089836121109414, -72.70852489653367456, -29.50397935524343040 ) ) ;
#1121 = CARTESIAN_POINT ( 'NONE',  ( -64.52444829828826300, -102.4795671117386604, -19.04012170580686814 ) ) ;
#1122 = CC_DESIGN_PERSON_AND_ORGANIZATION_ASSIGNMENT ( #4271, #3349, ( #1437 ) ) ;
#1123 = CARTESIAN_POINT ( 'NONE',  ( -27.14191293874760902, -54.71425877809490856, -33.73326634548599401 ) ) ;
#1124 = CARTESIAN_POINT ( 'NONE',  ( -62.71358934133566976, -79.76303500100257793, -22.81054477422657101 ) ) ;
#1125 = CARTESIAN_POINT ( 'NONE',  ( -48.32056150833602715, -67.07010144854305622, -29.13810068197626180 ) ) ;
#1126 = CARTESIAN_POINT ( 'NONE',  ( 0.1208139585133337357, -5.641823845252075920, -4.529172330499105392 ) ) ;
#1127 = APPLICATION_CONTEXT ( 'configuration controlled 3d designs of mechanical parts and assemblies' ) ;
#1128 = CARTESIAN_POINT ( 'NONE',  ( -53.25657434577110649, -77.86934120484353627, -24.29574250377802258 ) ) ;
#1129 = CARTESIAN_POINT ( 'NONE',  ( -53.24992878969228371, -77.06221490877021552, -27.61119066119101362 ) ) ;
#1130 = CARTESIAN_POINT ( 'NONE',  ( -9.778697477386838699, -36.27600634854481854, -30.49948543047668537 ) ) ;
#1131 = CARTESIAN_POINT ( 'NONE',  ( -13.84192254177717984, -46.83651704678766237, -34.90039715946484478 ) ) ;
#1132 = CARTESIAN_POINT ( 'NONE',  ( -48.52302520449257628, -131.4635637140740130, -23.34558573579702312 ) ) ;
#1133 = CARTESIAN_POINT ( 'NONE',  ( -66.72592622216713210, -97.55588459296718895, -21.70772151516483106 ) ) ;
#1134 = CARTESIAN_POINT ( 'NONE',  ( -65.42695688262503495, -87.48571205870254630, -23.92794538888522382 ) ) ;
#1135 = CARTESIAN_POINT ( 'NONE',  ( -65.44444986197960645, -94.01218277565709514, -18.97665263518510770 ) ) ;
#1136 = CARTESIAN_POINT ( 'NONE',  ( -61.99726056163423493, -113.5676262230325761, -21.20804809382821077 ) ) ;
#1137 = CARTESIAN_POINT ( 'NONE',  ( -58.91169631005593033, -105.5204248719988840, -22.41816548825290312 ) ) ;
#1138 = CARTESIAN_POINT ( 'NONE',  ( -49.15860995940973766, -74.52909501776269963, -27.58075393863653346 ) ) ;
#1139 = CARTESIAN_POINT ( 'NONE',  ( -64.21432223892446700, -98.53491207752782088, -24.97906065168279710 ) ) ;
#1140 = CARTESIAN_POINT ( 'NONE',  ( -6.592041182495040452, -30.57676330222878036, -28.31089961675778355 ) ) ;
#1141 = CARTESIAN_POINT ( 'NONE',  ( -59.21547399254188093, -106.1210465995806658, -20.82347142072306312 ) ) ;
#1142 = CARTESIAN_POINT ( 'NONE',  ( -27.49488440093381314, -58.63429054315825084, -28.62587255500906025 ) ) ;
#1143 = CARTESIAN_POINT ( 'NONE',  ( -31.07797658315350375, -63.47664817030027251, -30.23434654001953703 ) ) ;
#1144 = CARTESIAN_POINT ( 'NONE',  ( 0.000000000000000000, 0.000000000000000000, 0.000000000000000000 ) ) ;
#1145 = CARTESIAN_POINT ( 'NONE',  ( -52.43678526096654480, -70.77663437667732182, -28.64530642214106138 ) ) ;
#1146 = CARTESIAN_POINT ( 'NONE',  ( -52.51008269798154515, -72.65143035118636305, -22.72054410061995711 ) ) ;
#1147 = CARTESIAN_POINT ( 'NONE',  ( -61.77098651974059607, -95.63890430464924464, -19.56214098223130549 ) ) ;
#1148 = CARTESIAN_POINT ( 'NONE',  ( 4.709459278186787223, -3.601775776663232786, -6.274299660075625340 ) ) ;
#1149 = CARTESIAN_POINT ( 'NONE',  ( -49.62221968219771639, -74.93995835447022102, -25.87729175788196301 ) ) ;
#1150 = CARTESIAN_POINT ( 'NONE',  ( -60.37434411620430552, -103.1514965102037706, -24.50307816355214996 ) ) ;
#1151 = CARTESIAN_POINT ( 'NONE',  ( -7.559664140676567001, -43.98219448883155991, -29.99679486216937008 ) ) ;
#1152 = CARTESIAN_POINT ( 'NONE',  ( 3.536717099757384908, -15.24197035289102331, -22.26804920679443356 ) ) ;
#1153 = CARTESIAN_POINT ( 'NONE',  ( -58.29554938377119555, -119.1906352987857787, -20.87122418769203591 ) ) ;
#1154 = CARTESIAN_POINT ( 'NONE',  ( -38.73324926916536981, -61.68153955776493547, -31.98252987891474319 ) ) ;
#1155 = CARTESIAN_POINT ( 'NONE',  ( -1.083226056530463888, -1.559386957757096237, -6.830349422537276283 ) ) ;
#1156 = CARTESIAN_POINT ( 'NONE',  ( -66.77993068421132250, -94.16131193782754849, -20.89735961845875778 ) ) ;
#1157 = CARTESIAN_POINT ( 'NONE',  ( -58.62082650285516650, -74.73213637130074005, -25.22774435113117164 ) ) ;
#1158 = CARTESIAN_POINT ( 'NONE',  ( -9.879668502234633110, -38.71076599488227288, -28.13404178421415125 ) ) ;
#1159 = CARTESIAN_POINT ( 'NONE',  ( -48.23736111477120403, -127.5508785965806453, -26.10103487967491276 ) ) ;
#1160 = CARTESIAN_POINT ( 'NONE',  ( -49.18003999382333546, -74.10714272409073544, -28.38653860034861154 ) ) ;
#1161 = CARTESIAN_POINT ( 'NONE',  ( -16.95976570956129947, -45.38708314042792580, -32.71387714386853673 ) ) ;
#1162 = CARTESIAN_POINT ( 'NONE',  ( -45.68757778866945785, -67.22665016203301036, -30.82437207405565260 ) ) ;
#1163 = CARTESIAN_POINT ( 'NONE',  ( 0.8508480103472351175, -3.250000000000000444, 0.000000000000000000 ) ) ;
#1164 = CARTESIAN_POINT ( 'NONE',  ( -65.21158168231777097, -105.7404258643959594, -21.99821283476430978 ) ) ;
#1165 = CARTESIAN_POINT ( 'NONE',  ( -59.77725103634042370, -116.1118552862087512, -20.39966039675953979 ) ) ;
#1166 = CARTESIAN_POINT ( 'NONE',  ( -63.00039786175505441, -111.0528867337260408, -20.90856606303138321 ) ) ;
#1167 = CARTESIAN_POINT ( 'NONE',  ( -57.57269511866224576, -109.4026928420676796, -22.85230983178901454 ) ) ;
#1168 = CARTESIAN_POINT ( 'NONE',  ( -37.18334496392918709, -67.28413538009245087, -29.47566357413346694 ) ) ;
#1169 = CARTESIAN_POINT ( 'NONE',  ( -49.46563669450077327, -132.7072719902445499, -29.79809535201254889 ) ) ;
#1170 = CARTESIAN_POINT ( 'NONE',  ( -63.90698225063179194, -107.2986855452589054, -19.85761885591243470 ) ) ;
#1171 = CARTESIAN_POINT ( 'NONE',  ( -61.24700582215948685, -93.88071778593581485, -20.30878501312088957 ) ) ;
#1172 = CARTESIAN_POINT ( 'NONE',  ( -61.02886147653075710, -98.07089957261203494, -20.31256197171156330 ) ) ;
#1173 = CARTESIAN_POINT ( 'NONE',  ( -11.11161149087995170, -48.10313835605828103, -30.45301831650126090 ) ) ;
#1174 = CARTESIAN_POINT ( 'NONE',  ( 3.622631505573179922, -0.6220934500396986255, -1.328974262891565727 ) ) ;
#1175 = CARTESIAN_POINT ( 'NONE',  ( -44.59556427622579378, -70.36439762639771800, -30.25711004626719358 ) ) ;
#1176 = CARTESIAN_POINT ( 'NONE',  ( -58.29917291286574965, -120.2698401872283398, -26.22180299358677757 ) ) ;
#1177 = CARTESIAN_POINT ( 'NONE',  ( -8.936717679774314860, -37.38197992548523985, -27.71905941100605375 ) ) ;
#1178 = CARTESIAN_POINT ( 'NONE',  ( -61.68257150321485938, -91.83574666350014581, -19.67014048611611088 ) ) ;
#1179 = CARTESIAN_POINT ( 'NONE',  ( 3.622631505573179922, -0.6220934500396986255, -1.328974262891565727 ) ) ;
#1180 = CARTESIAN_POINT ( 'NONE',  ( -59.70050447040156172, -102.9327407316039142, -23.08352092845991166 ) ) ;
#1181 = CARTESIAN_POINT ( 'NONE',  ( -61.20182876415620399, -98.76249623723380466, -24.27041626576610156 ) ) ;
#1182 = CARTESIAN_POINT ( 'NONE',  ( 2.069295085959760083, -26.79764404239783815, -24.90440018271264933 ) ) ;
#1183 = CARTESIAN_POINT ( 'NONE',  ( -1.032514092596888533, -4.154885062370083482, -9.477555979804805020 ) ) ;
#1184 = CARTESIAN_POINT ( 'NONE',  ( -46.01177115593839062, -139.3079011746846163, -25.07559305465510491 ) ) ;
#1185 = CARTESIAN_POINT ( 'NONE',  ( -60.06329616759957446, -76.31962303896395383, -24.70284988100928913 ) ) ;
#1186 = CARTESIAN_POINT ( 'NONE',  ( -66.19364237805116602, -88.57353505735144950, -21.29645346093042946 ) ) ;
#1187 = CARTESIAN_POINT ( 'NONE',  ( -7.120454735810933578, -34.40018299615530140, -31.78567412804852310 ) ) ;
#1188 = CARTESIAN_POINT ( 'NONE',  ( -45.89410602212951318, -136.9064594989396255, -24.34644969971682471 ) ) ;
#1189 = CARTESIAN_POINT ( 'NONE',  ( 4.617716525440600073, -4.437942325996520054, -6.145559564292916832 ) ) ;
#1190 = CARTESIAN_POINT ( 'NONE',  ( -62.07042443073885352, -95.73655941099032418, -24.75377749219468626 ) ) ;
#1191 = CARTESIAN_POINT ( 'NONE',  ( -59.73745595962488864, -117.7069888201542796, -21.10389313063842209 ) ) ;
#1192 = CARTESIAN_POINT ( 'NONE',  ( -11.39661545952340127, -44.08596611420172451, -34.55786927171079270 ) ) ;
#1193 = CARTESIAN_POINT ( 'NONE',  ( -48.11051615599708242, -70.52670097852187325, -24.06508875403572034 ) ) ;
#1194 = CARTESIAN_POINT ( 'NONE',  ( -66.80794570655707787, -96.32951296712290912, -21.71856922624131414 ) ) ;
#1195 = CARTESIAN_POINT ( 'NONE',  ( -56.87021987037084614, -121.9306280490900747, -21.33651466882633940 ) ) ;
#1196 = CARTESIAN_POINT ( 'NONE',  ( -66.19498633976959923, -98.49720872814914685, -20.13313516938094949 ) ) ;
#1197 = CARTESIAN_POINT ( 'NONE',  ( -57.50473986317061303, -83.01730850695101083, -23.05664805532490291 ) ) ;
#1198 = CARTESIAN_POINT ( 'NONE',  ( 4.423001973183509961, -1.575953324593081017, -4.562530149991425255 ) ) ;
#1199 = CARTESIAN_POINT ( 'NONE',  ( -55.09752156566370473, -71.25570693210576678, -25.63443999415765262 ) ) ;
#1200 = CARTESIAN_POINT ( 'NONE',  ( 2.438726081443192584, -7.882888968378019889, -16.72833415328231155 ) ) ;
#1201 = CARTESIAN_POINT ( 'NONE',  ( -61.50391471322691217, -113.7989932163772266, -20.55457479107242946 ) ) ;
#1202 = CARTESIAN_POINT ( 'NONE',  ( -60.25649390040893394, -102.3735836939192581, -20.51250614269621053 ) ) ;
#1203 = CARTESIAN_POINT ( 'NONE',  ( -57.35619802029731318, -81.43135677826484198, -21.74982250939539341 ) ) ;
#1204 = CARTESIAN_POINT ( 'NONE',  ( -8.709778297166737460, -45.39752529228300659, -30.17611730474147080 ) ) ;
#1205 = CARTESIAN_POINT ( 'NONE',  ( -52.58726867244823922, -121.0085889358965829, -26.29891220422527454 ) ) ;
#1206 = CARTESIAN_POINT ( 'NONE',  ( -52.17160897103200767, -123.8070921181756603, -27.97796531273447584 ) ) ;
#1207 = CARTESIAN_POINT ( 'NONE',  ( -60.99742716498001016, -114.5730573631868481, -25.34890288792880852 ) ) ;
#1208 = CARTESIAN_POINT ( 'NONE',  ( 0.4879913223834890790, -7.387524407554406203, -7.138526878635965467 ) ) ;
#1209 = CARTESIAN_POINT ( 'NONE',  ( -61.79209043652267042, -93.70791366924935062, -19.59402678175020895 ) ) ;
#1210 = CARTESIAN_POINT ( 'NONE',  ( -52.06097930303358368, -121.2112294425566006, -25.66179422228666240 ) ) ;
#1211 = CARTESIAN_POINT ( 'NONE',  ( -43.57030051908498791, -134.8758700516998488, -28.72184523524413180 ) ) ;
#1212 = CARTESIAN_POINT ( 'NONE',  ( -60.94131866540291753, -90.00792702679626700, -24.46654404194131516 ) ) ;
#1213 = CARTESIAN_POINT ( 'NONE',  ( -54.78144643722908569, -127.6661969268209589, -23.54319627279097915 ) ) ;
#1214 = CARTESIAN_POINT ( 'NONE',  ( -54.31573942835290580, -126.4657927212235791, -22.19132240027751735 ) ) ;
#1215 = CARTESIAN_POINT ( 'NONE',  ( -66.34236751590817960, -100.1284130353422057, -20.85592172644360431 ) ) ;
#1216 = CARTESIAN_POINT ( 'NONE',  ( -57.11272930040293971, -73.24813070323438069, -25.76419773938404134 ) ) ;
#1217 = CARTESIAN_POINT ( 'NONE',  ( -17.54940998937654228, -47.19349272413106178, -29.90265293542852021 ) ) ;
#1218 = CARTESIAN_POINT ( 'NONE',  ( -59.56924728324162288, -103.1882507357618266, -22.21447453255084881 ) ) ;
#1219 = CARTESIAN_POINT ( 'NONE',  ( -61.76867133366685181, -99.30951740743357448, -24.80476572831205573 ) ) ;
#1220 = CARTESIAN_POINT ( 'NONE',  ( -61.50391471322691217, -113.7989932163772266, -20.55457479107242946 ) ) ;
#1221 = CARTESIAN_POINT ( 'NONE',  ( -34.11895801511456483, -60.68365563766496251, -33.52894587201656407 ) ) ;
#1222 = CARTESIAN_POINT ( 'NONE',  ( -61.68257150321485938, -91.83574666350014581, -19.67014048611611088 ) ) ;
#1223 = CARTESIAN_POINT ( 'NONE',  ( -66.81630141395199018, -93.17567788734022827, -21.82027188768229919 ) ) ;
#1224 = CARTESIAN_POINT ( 'NONE',  ( -54.74229167510510052, -125.7342341291185193, -22.04709922897325569 ) ) ;
#1225 = CARTESIAN_POINT ( 'NONE',  ( -56.63084161469906519, -124.4624162316450082, -22.92343132311652454 ) ) ;
#1226 = CARTESIAN_POINT ( 'NONE',  ( -60.42813043602141221, -98.89670279014485743, -21.96844223475930136 ) ) ;
#1227 = CARTESIAN_POINT ( 'NONE',  ( -15.13346309367102904, -52.79676811283081861, -32.28536038892155347 ) ) ;
#1228 = CARTESIAN_POINT ( 'NONE',  ( 4.712942172396457075, -18.19672700388586151, -21.07037370151773104 ) ) ;
#1229 = CARTESIAN_POINT ( 'NONE',  ( -66.34236751590817960, -100.1284130353422057, -20.85592172644360431 ) ) ;
#1230 = CARTESIAN_POINT ( 'NONE',  ( -58.29715678437114690, -117.1914403358668295, -26.74821277647299311 ) ) ;
#1231 = CARTESIAN_POINT ( 'NONE',  ( -65.23940916130702306, -102.1855249779728609, -19.53017490765843078 ) ) ;
#1232 = CARTESIAN_POINT ( 'NONE',  ( -61.25119461627107853, -94.17704454817848614, -20.30239157371967451 ) ) ;
#1233 = CARTESIAN_POINT ( 'NONE',  ( -56.45907884916960739, -81.32723167775543516, -25.08229795535258688 ) ) ;
#1234 = PLANE ( 'NONE',  #4193 ) ;
#1235 = CARTESIAN_POINT ( 'NONE',  ( 3.707305466895991497, -18.33556267406700258, -23.64777521759512169 ) ) ;
#1236 = CARTESIAN_POINT ( 'NONE',  ( -59.40164489679538917, -112.6878839396486569, -26.30712678826091988 ) ) ;
#1237 = CARTESIAN_POINT ( 'NONE',  ( -61.58625057371958889, -113.1857135434443222, -25.16413586959176740 ) ) ;
#1238 = CARTESIAN_POINT ( 'NONE',  ( -6.350264110564062925, -33.26252853670989396, -26.24668993151859908 ) ) ;
#1239 = CARTESIAN_POINT ( 'NONE',  ( -45.86950820784443295, -68.60440231086060692, -24.67407079412797799 ) ) ;
#1240 = CARTESIAN_POINT ( 'NONE',  ( -33.67386058620095213, -64.96039233048615813, -29.60522533836441283 ) ) ;
#1241 = CARTESIAN_POINT ( 'NONE',  ( -58.38681323303080006, -107.3611442587826161, -23.49919451380883828 ) ) ;
#1242 = CARTESIAN_POINT ( 'NONE',  ( -58.84599793657021394, -84.41847621693293036, -25.18234351488114342 ) ) ;
#1243 = CARTESIAN_POINT ( 'NONE',  ( -61.10700360997306291, -95.46318726379824682, -23.51597805823642773 ) ) ;
#1244 = CARTESIAN_POINT ( 'NONE',  ( -51.07771318960183038, -131.7515162088167244, -23.29789251500943337 ) ) ;
#1245 = CARTESIAN_POINT ( 'NONE',  ( -66.00229201672713941, -102.0744905912990106, -20.91532451099338275 ) ) ;
#1246 = CARTESIAN_POINT ( 'NONE',  ( -51.26611909562900138, -71.42220086907541088, -23.18890995782383513 ) ) ;
#1247 = CARTESIAN_POINT ( 'NONE',  ( -58.21849655724430761, -107.6311808127842937, -22.64100161565608005 ) ) ;
#1248 = CARTESIAN_POINT ( 'NONE',  ( -61.35406556942238865, -101.7129376636818989, -24.91460618677914240 ) ) ;
#1249 = CARTESIAN_POINT ( 'NONE',  ( -55.04136106814858920, -126.5013484338287668, -22.64408011768967910 ) ) ;
#1250 = CARTESIAN_POINT ( 'NONE',  ( -48.99211812714433023, -68.84494374187622157, -29.78826598965398986 ) ) ;
#1251 = CARTESIAN_POINT ( 'NONE',  ( -61.12010916137285932, -100.9088846791480876, -19.68629529481833274 ) ) ;
#1252 = AXIS2_PLACEMENT_3D ( 'NONE', #1144, #3608, #4012 ) ;
#1253 = CARTESIAN_POINT ( 'NONE',  ( -54.09113458759395598, -126.8473564577974884, -22.26742043818827455 ) ) ;
#1254 = CARTESIAN_POINT ( 'NONE',  ( 5.211169588661117125, -9.829379000978208936, -12.53197089626767813 ) ) ;
#1255 = CARTESIAN_POINT ( 'NONE',  ( -33.38484050219933152, -65.07790018856327663, -30.41105607248120890 ) ) ;
#1256 = CARTESIAN_POINT ( 'NONE',  ( -66.77993068421132250, -94.16131193782754849, -20.89735961845875778 ) ) ;
#1257 = CARTESIAN_POINT ( 'NONE',  ( -63.05912856056289684, -104.6292754733044177, -25.25712767967057459 ) ) ;
#1258 = CARTESIAN_POINT ( 'NONE',  ( -65.96625376739800117, -97.14799198092762822, -19.43094931478171716 ) ) ;
#1259 = CARTESIAN_POINT ( 'NONE',  ( -60.88954371396893350, -99.10566674068790860, -20.34384504651578141 ) ) ;
#1260 = CARTESIAN_POINT ( 'NONE',  ( -55.90972440075128702, -114.4314329870522755, -25.14513447567076909 ) ) ;
#1261 = CARTESIAN_POINT ( 'NONE',  ( -4.381025308353801329, -39.53259249480324655, -29.15430682721220634 ) ) ;
#1262 = CARTESIAN_POINT ( 'NONE',  ( 4.658151977835973234, -11.27084607381896930, -18.66893163973164604 ) ) ;
#1263 = CARTESIAN_POINT ( 'NONE',  ( -60.58179703934074212, -109.7023077212674309, -25.92905963442760964 ) ) ;
#1264 = CARTESIAN_POINT ( 'NONE',  ( 2.679264367337108599, -0.1299706338654830207, -6.656517885955901548 ) ) ;
#1265 = CARTESIAN_POINT ( 'NONE',  ( -56.25902940595524626, -124.0712014649581789, -26.90501100587528427 ) ) ;
#1266 = CARTESIAN_POINT ( 'NONE',  ( -43.51651483300768319, -64.95060757383741645, -25.86704882310427323 ) ) ;
#1267 = CARTESIAN_POINT ( 'NONE',  ( -14.58280098570753935, -44.17886255160233588, -33.87727675776493896 ) ) ;
#1268 = CARTESIAN_POINT ( 'NONE',  ( -45.21833520260472739, -134.0186746047475310, -25.05547690361642310 ) ) ;
#1269 = CARTESIAN_POINT ( 'NONE',  ( -56.82675694192040794, -81.80377438797820844, -24.97112817524108053 ) ) ;
#1270 = CARTESIAN_POINT ( 'NONE',  ( -56.87651227022062983, -111.3434918060801238, -23.99852299995588467 ) ) ;
#1271 = CARTESIAN_POINT ( 'NONE',  ( -50.32349527840648307, -125.6870550699997722, -27.92309949987430073 ) ) ;
#1272 = CARTESIAN_POINT ( 'NONE',  ( -60.48293986215488616, -101.0057304377976237, -23.66175848608982335 ) ) ;
#1273 = CARTESIAN_POINT ( 'NONE',  ( -15.30826544944414813, -44.17235894880791136, -30.25113142331467131 ) ) ;
#1274 = CARTESIAN_POINT ( 'NONE',  ( -65.32011719888546963, -105.0223687015677996, -21.07076997511570582 ) ) ;
#1275 = CARTESIAN_POINT ( 'NONE',  ( -61.85030129755301687, -85.91015985275741684, -19.39446811907872714 ) ) ;
#1276 = CARTESIAN_POINT ( 'NONE',  ( -49.12066195480957731, -126.1102395137571079, -25.78367271586347442 ) ) ;
#1277 = CARTESIAN_POINT ( 'NONE',  ( -57.23239914018220276, -113.9510958437130199, -26.22849322210464251 ) ) ;
#1278 = CARTESIAN_POINT ( 'NONE',  ( -66.02110927801270179, -96.34409605681216249, -19.43808117849219741 ) ) ;
#1279 = CARTESIAN_POINT ( 'NONE',  ( -55.03657566605657081, -72.63250221178311961, -27.77619964713883505 ) ) ;
#1280 = CARTESIAN_POINT ( 'NONE',  ( -61.76998398852522598, -93.07812077287209718, -19.61453245906267284 ) ) ;
#1281 = CARTESIAN_POINT ( 'NONE',  ( -54.88232399751561985, -125.4918214755808066, -21.99988453240607811 ) ) ;
#1282 = CARTESIAN_POINT ( 'NONE',  ( -54.80702210082456816, -115.7455385407571811, -23.78438946857244218 ) ) ;
#1283 = CARTESIAN_POINT ( 'NONE',  ( -60.86273774006161119, -100.8956762648956413, -24.36024460028353289 ) ) ;
#1284 = CARTESIAN_POINT ( 'NONE',  ( -62.71358934133566976, -79.76303500100257793, -22.81054477422657101 ) ) ;
#1285 = CARTESIAN_POINT ( 'NONE',  ( -38.86854385728047845, -64.63114948091902079, -32.59973205843665056 ) ) ;
#1286 = CARTESIAN_POINT ( 'NONE',  ( -60.84338995178776344, -115.3177667162386086, -20.75836431599157805 ) ) ;
#1287 = CARTESIAN_POINT ( 'NONE',  ( -48.69233114712267962, -127.6689905929744526, -24.40934687000669356 ) ) ;
#1288 = CARTESIAN_POINT ( 'NONE',  ( -59.18337934245271015, -106.0722478046345287, -24.05938542929333224 ) ) ;
#1289 = CARTESIAN_POINT ( 'NONE',  ( -56.82675694192040794, -81.80377438797820844, -24.97112817524108053 ) ) ;
#1290 = CARTESIAN_POINT ( 'NONE',  ( -40.10728236325519447, -68.00956859602881366, -31.11648345070404531 ) ) ;
#1291 = CARTESIAN_POINT ( 'NONE',  ( -57.41177144298238488, -117.1089724464635964, -26.96528369606433628 ) ) ;
#1292 = CARTESIAN_POINT ( 'NONE',  ( -7.757185020180893176, -43.14736600722334714, -33.40111794860856520 ) ) ;
#1293 = CARTESIAN_POINT ( 'NONE',  ( -59.67374766743203907, -81.14872174173343922, -20.25196205360200707 ) ) ;
#1294 = CARTESIAN_POINT ( 'NONE',  ( -61.04488987509218845, -101.2829652304624659, -19.70567517138535152 ) ) ;
#1295 = CARTESIAN_POINT ( 'NONE',  ( -60.81118974320509096, -99.05278806832251348, -23.57249753904849143 ) ) ;
#1296 = CARTESIAN_POINT ( 'NONE',  ( -59.06308101958924794, -105.2562445466566174, -23.28131841340771047 ) ) ;
#1297 = CARTESIAN_POINT ( 'NONE',  ( -44.69044825192108306, -134.5420094348980911, -29.95863917452080116 ) ) ;
#1298 = CARTESIAN_POINT ( 'NONE',  ( -59.22062818780976556, -85.73192554899463858, -24.23259740327693379 ) ) ;
#1299 = CARTESIAN_POINT ( 'NONE',  ( -51.51660752768455609, -70.59098558916664956, -23.46383280343779276 ) ) ;
#1300 = CARTESIAN_POINT ( 'NONE',  ( -62.05595634559837492, -114.5843163697293932, -22.90386819779209659 ) ) ;
#1301 = CARTESIAN_POINT ( 'NONE',  ( -55.46932250603964576, -127.2263971602806691, -24.12332176734296851 ) ) ;
#1302 = CARTESIAN_POINT ( 'NONE',  ( -62.54474026437765843, -100.7087607990080471, -18.77733023292226378 ) ) ;
#1303 = CARTESIAN_POINT ( 'NONE',  ( -51.92752745098795231, -76.89614482823111530, -25.47548143913587992 ) ) ;
#1304 = CARTESIAN_POINT ( 'NONE',  ( -51.69218469749144163, -124.6366292920771599, -28.14718468196749512 ) ) ;
#1305 = CARTESIAN_POINT ( 'NONE',  ( -55.54505947777680319, -125.6315784194445229, -22.47461192392093210 ) ) ;
#1306 = CARTESIAN_POINT ( 'NONE',  ( -65.24463446774444719, -86.85220467181514437, -24.01065854301150893 ) ) ;
#1307 = CARTESIAN_POINT ( 'NONE',  ( -50.68822192212885369, -73.00664018983279391, -23.32742667376420087 ) ) ;
#1308 = CARTESIAN_POINT ( 'NONE',  ( -43.66721823653764289, -64.22853707475479723, -26.42716196131010875 ) ) ;
#1309 = CARTESIAN_POINT ( 'NONE',  ( -8.619869839275253298, -41.79786889264689620, -33.98379116628802166 ) ) ;
#1310 = CARTESIAN_POINT ( 'NONE',  ( -52.01280810740266247, -122.0659442824595402, -23.23717192276020427 ) ) ;
#1311 = CARTESIAN_POINT ( 'NONE',  ( 4.868389671042596234, -5.681344088883022891, -7.831514754896328867 ) ) ;
#1312 = CARTESIAN_POINT ( 'NONE',  ( -60.63910470640071537, -102.0069797974419146, -24.42455298492397020 ) ) ;
#1313 = CARTESIAN_POINT ( 'NONE',  ( -58.25249243111693431, -74.17202567679585457, -24.49365302194635063 ) ) ;
#1314 = CARTESIAN_POINT ( 'NONE',  ( -4.888063996171896797, -35.49507481970573508, -32.45161964452902481 ) ) ;
#1315 = CARTESIAN_POINT ( 'NONE',  ( -2.272145299140173158, -2.722381486460286215, -2.380288987148789115 ) ) ;
#1316 = CARTESIAN_POINT ( 'NONE',  ( -52.01280810740266247, -122.0659442824595402, -23.23717192276020427 ) ) ;
#1317 = CARTESIAN_POINT ( 'NONE',  ( -61.11187437444654336, -95.15495384712382076, -23.51826424497762602 ) ) ;
#1318 = CARTESIAN_POINT ( 'NONE',  ( -61.06883953180935976, -93.37457997584144209, -23.55449344711691850 ) ) ;
#1319 = CARTESIAN_POINT ( 'NONE',  ( -47.87219661899818135, -72.00407255983003552, -29.74654629818691021 ) ) ;
#1320 = CARTESIAN_POINT ( 'NONE',  ( 3.536717099757384908, -15.24197035289102331, -22.26804920679443356 ) ) ;
#1321 = CARTESIAN_POINT ( 'NONE',  ( -40.88851881187378723, -67.63682657739821025, -31.53951036272917463 ) ) ;
#1322 = CARTESIAN_POINT ( 'NONE',  ( -63.02363375863015449, -97.32420363307423372, -18.69249361672977372 ) ) ;
#1323 = CARTESIAN_POINT ( 'NONE',  ( -61.12010916137285932, -100.9088846791480876, -19.68629529481833274 ) ) ;
#1324 = CARTESIAN_POINT ( 'NONE',  ( -57.50381067279259639, -82.75248494505862595, -24.76582711240877543 ) ) ;
#1325 = CARTESIAN_POINT ( 'NONE',  ( -56.82675694192040794, -81.80377438797820844, -24.97112817524108053 ) ) ;
#1326 = CARTESIAN_POINT ( 'NONE',  ( -52.35825851905168093, -122.1696367701068482, -27.20150911010847850 ) ) ;
#1327 = CARTESIAN_POINT ( 'NONE',  ( -59.50971181471010141, -104.9929034773464451, -23.95594321046003827 ) ) ;
#1328 = CARTESIAN_POINT ( 'NONE',  ( -62.32918099665159417, -104.1063372847359716, -25.40048496812675793 ) ) ;
#1329 = CARTESIAN_POINT ( 'NONE',  ( -63.97732071763567774, -95.14998132570478617, -18.56192307251735585 ) ) ;
#1330 = CARTESIAN_POINT ( 'NONE',  ( -52.98741333561152800, -131.3205204736818246, -24.96484843778679164 ) ) ;
#1331 = CARTESIAN_POINT ( 'NONE',  ( -63.02873109345581781, -91.43320831749477406, -18.84473121201092383 ) ) ;
#1332 = CARTESIAN_POINT ( 'NONE',  ( -59.63786515335875293, -87.57367395313981717, -23.25795106547860414 ) ) ;
#1333 = CARTESIAN_POINT ( 'NONE',  ( -61.46472379785822682, -101.1463126088221856, -24.88393292156549208 ) ) ;
#1334 = CARTESIAN_POINT ( 'NONE',  ( -43.65423366129857641, -63.32168751981055976, -27.88941000683713156 ) ) ;
#1335 = CARTESIAN_POINT ( 'NONE',  ( -60.45475645092472661, -77.97464830125650792, -25.88817520982229681 ) ) ;
#1336 = CARTESIAN_POINT ( 'NONE',  ( -55.97539891311284066, -115.5963598466972968, -21.29103892394867259 ) ) ;
#1337 = CARTESIAN_POINT ( 'NONE',  ( -63.62136841334145743, -89.62393014268025127, -18.84814456288732742 ) ) ;
#1338 = CARTESIAN_POINT ( 'NONE',  ( -10.77729405956167774, -44.76010907194939392, -34.48436660322403924 ) ) ;
#1339 = CARTESIAN_POINT ( 'NONE',  ( -49.92475193637553588, -125.6498365275658387, -23.97097594886742655 ) ) ;
#1340 = CARTESIAN_POINT ( 'NONE',  ( -56.41110286124516904, -114.2066235024486218, -25.79476757419661226 ) ) ;
#1341 = CARTESIAN_POINT ( 'NONE',  ( -64.33534783330460982, -108.3706736558094121, -21.32645581306962157 ) ) ;
#1342 = CARTESIAN_POINT ( 'NONE',  ( -51.21113094280201494, -70.95671794142161559, -29.38447913728696648 ) ) ;
#1343 = CARTESIAN_POINT ( 'NONE',  ( -3.663641978003343791, -24.06461330255787701, -24.14675104298810027 ) ) ;
#1344 = CARTESIAN_POINT ( 'NONE',  ( -55.35831445849032661, -115.6573790442657241, -22.08470779749812252 ) ) ;
#1345 = CARTESIAN_POINT ( 'NONE',  ( -60.64787964058677971, -100.1000265567762142, -23.61583278816756959 ) ) ;
#1346 = CARTESIAN_POINT ( 'NONE',  ( -61.08397868876945580, -93.65531493981561084, -23.54621896377409485 ) ) ;
#1347 = CARTESIAN_POINT ( 'NONE',  ( -60.73649769638906548, -83.66239848720904604, -26.29568421081640395 ) ) ;
#1348 = CARTESIAN_POINT ( 'NONE',  ( -6.713608602135743730, -41.58818937851594200, -33.14391422227749473 ) ) ;
#1349 = CARTESIAN_POINT ( 'NONE',  ( -64.06575191778856038, -99.71047545989586069, -25.00509759215191607 ) ) ;
#1350 = CARTESIAN_POINT ( 'NONE',  ( -57.49373470631999794, -115.5708283441401107, -20.28119788931829248 ) ) ;
#1351 = CARTESIAN_POINT ( 'NONE',  ( -46.71736539735240257, -65.62322007416821634, -29.12473135036010419 ) ) ;
#1352 = CARTESIAN_POINT ( 'NONE',  ( -51.67395797917085787, -123.7216943556819189, -22.76349570615823126 ) ) ;
#1353 = CARTESIAN_POINT ( 'NONE',  ( -61.08646376164728053, -96.08841504569799952, -23.51490436952486363 ) ) ;
#1354 = CARTESIAN_POINT ( 'NONE',  ( -41.18894259815783698, -69.29931676943168384, -27.82102639014426870 ) ) ;
#1355 = CARTESIAN_POINT ( 'NONE',  ( 4.138463637329725664, -0.7094248028421665797, -4.640252695414939232 ) ) ;
#1356 = CARTESIAN_POINT ( 'NONE',  ( -49.53311556999781828, -74.83338092136077080, -26.71233110294686597 ) ) ;
#1357 = CARTESIAN_POINT ( 'NONE',  ( -58.59710802781466299, -114.5480706732722780, -26.57062354073011079 ) ) ;
#1358 = CARTESIAN_POINT ( 'NONE',  ( -56.47652635929878073, -75.51434970602232966, -21.61622550382339014 ) ) ;
#1359 = CARTESIAN_POINT ( 'NONE',  ( -58.71319918381343683, -121.3955591821811879, -23.04789585495259630 ) ) ;
#1360 = CARTESIAN_POINT ( 'NONE',  ( -61.22822698337024150, -106.0276039061341180, -19.12315563969001175 ) ) ;
#1361 = CARTESIAN_POINT ( 'NONE',  ( -14.27725856497767687, -50.63702449835371056, -30.01022747168677185 ) ) ;
#1362 = CC_DESIGN_SECURITY_CLASSIFICATION ( #73, ( #1667 ) ) ;
#1363 = CARTESIAN_POINT ( 'NONE',  ( -51.48304371665020795, -124.9950682508166722, -28.22136593618384026 ) ) ;
#1364 = CARTESIAN_POINT ( 'NONE',  ( -51.79923029395946088, -69.31989454974001319, -24.54681066119327681 ) ) ;
#1365 = CARTESIAN_POINT ( 'NONE',  ( -59.56294534608636582, -76.92542101112385922, -26.20994703831312833 ) ) ;
#1366 = CARTESIAN_POINT ( 'NONE',  ( -55.78436012384114662, -115.9942032517073613, -21.35514545881259707 ) ) ;
#1367 = COORDINATED_UNIVERSAL_TIME_OFFSET ( 8, 0, .AHEAD. ) ;
#1368 = CARTESIAN_POINT ( 'NONE',  ( -52.03013958307481346, -71.08080101594347866, -23.24809251607856098 ) ) ;
#1369 = VERTEX_POINT ( 'NONE', #5430 ) ;
#1370 = CARTESIAN_POINT ( 'NONE',  ( -54.66830479207568771, -124.1107619007032667, -27.97692596136135990 ) ) ;
#1371 = CARTESIAN_POINT ( 'NONE',  ( -54.75690526531624158, -116.8885162010457748, -22.28939397245305543 ) ) ;
#1372 = CARTESIAN_POINT ( 'NONE',  ( -59.31076063258026210, -106.8532815443244459, -24.83493359257510136 ) ) ;
#1373 = CARTESIAN_POINT ( 'NONE',  ( -49.51637045312516250, -136.6821226532755986, -26.16588426043008653 ) ) ;
#1374 = CARTESIAN_POINT ( 'NONE',  ( -25.92256756697181785, -56.70799897120869559, -34.74430788465667064 ) ) ;
#1375 = CARTESIAN_POINT ( 'NONE',  ( -64.80078661840413190, -105.5297616932197684, -23.62580580611339798 ) ) ;
#1376 = CARTESIAN_POINT ( 'NONE',  ( -43.03690139095822786, -62.94091958859432623, -28.05755901484115000 ) ) ;
#1377 = CARTESIAN_POINT ( 'NONE',  ( -60.25649390040893394, -102.3735836939192581, -20.51250614269621053 ) ) ;
#1378 = CARTESIAN_POINT ( 'NONE',  ( -56.08498762558757278, -114.0489642463931261, -25.08524759137066340 ) ) ;
#1379 = CARTESIAN_POINT ( 'NONE',  ( -23.35108386556704474, -58.53906328208469034, -31.06219893416229638 ) ) ;
#1380 = CARTESIAN_POINT ( 'NONE',  ( -45.67219699399914390, -136.8709068199858621, -31.09188326571619143 ) ) ;
#1381 = CARTESIAN_POINT ( 'NONE',  ( -63.60966963261157048, -88.53503171032656383, -25.41502368329783934 ) ) ;
#1382 = CARTESIAN_POINT ( 'NONE',  ( -49.71269922667762842, -127.0168833207574721, -23.45152308603880087 ) ) ;
#1383 = CARTESIAN_POINT ( 'NONE',  ( -56.45907884916960739, -81.32723167775543516, -25.08229795535258688 ) ) ;
#1384 = CARTESIAN_POINT ( 'NONE',  ( -23.35108386556704474, -58.53906328208469034, -31.06219893416229638 ) ) ;
#1385 = CARTESIAN_POINT ( 'NONE',  ( -3.540563272506250136, -38.77585185485398966, -30.46899505590352675 ) ) ;
#1386 = CARTESIAN_POINT ( 'NONE',  ( -42.60578640177187992, -136.8969167504480993, -29.90090730721353651 ) ) ;
#1387 = CARTESIAN_POINT ( 'NONE',  ( -63.31920795768493093, -98.94390212397675555, -25.14864264829967055 ) ) ;
#1388 = CARTESIAN_POINT ( 'NONE',  ( -16.43158933122208865, -45.32738421339352897, -30.43666089178846690 ) ) ;
#1389 = CARTESIAN_POINT ( 'NONE',  ( -49.51637045312516250, -136.6821226532755986, -26.16588426043008653 ) ) ;
#1390 = CARTESIAN_POINT ( 'NONE',  ( -63.16870154595743969, -94.11139774198019836, -18.72480928894401231 ) ) ;
#1391 = CARTESIAN_POINT ( 'NONE',  ( 5.126954947189733325, -12.84620407140126019, -15.36068853365561715 ) ) ;
#1392 = CARTESIAN_POINT ( 'NONE',  ( -49.44401145779792017, -74.72680348825130636, -27.54737044801177248 ) ) ;
#1393 = CARTESIAN_POINT ( 'NONE',  ( -4.474563668124682536, -39.13940404852564825, -32.00765792544314792 ) ) ;
#1394 = CARTESIAN_POINT ( 'NONE',  ( -2.899737436731892437, -1.696456640980665842, 0.000000000000000000 ) ) ;
#1395 = CARTESIAN_POINT ( 'NONE',  ( -66.32404269367033578, -96.52667553403502154, -23.33782354779374302 ) ) ;
#1396 = CARTESIAN_POINT ( 'NONE',  ( -56.22163492351396030, -115.0757058649856930, -21.20896392850224288 ) ) ;
#1397 = CARTESIAN_POINT ( 'NONE',  ( -63.06531353067533274, -87.07829783017535874, -19.11481235090997188 ) ) ;
#1398 = CARTESIAN_POINT ( 'NONE',  ( -1.107012273569443872, -5.348639321565113569, -9.803014420480545610 ) ) ;
#1399 = CARTESIAN_POINT ( 'NONE',  ( 0.4348698107450573169, -22.35928585536804647, -27.17489810994648636 ) ) ;
#1400 = CARTESIAN_POINT ( 'NONE',  ( 4.564199594496073153, -7.752017859986001014, -9.246598467864250992 ) ) ;
#1401 = CARTESIAN_POINT ( 'NONE',  ( -61.42688323009689100, -96.11920693511260083, -24.22725226133235310 ) ) ;
#1402 = CARTESIAN_POINT ( 'NONE',  ( -50.96678927403824844, -134.4962909100866284, -25.66037248338561483 ) ) ;
#1403 = CARTESIAN_POINT ( 'NONE',  ( -18.06155729713279712, -51.75982677009170629, -35.10698846141615803 ) ) ;
#1404 = CARTESIAN_POINT ( 'NONE',  ( -53.48217207046598531, -129.1128349481908799, -23.17072162064447838 ) ) ;
#1405 = CARTESIAN_POINT ( 'NONE',  ( -48.38961288845518283, -128.1548516497313130, -24.51743404129387116 ) ) ;
#1406 = CALENDAR_DATE ( 2026, 26, 7 ) ;
#1407 = CARTESIAN_POINT ( 'NONE',  ( -56.45907884916960739, -81.32723167775543516, -25.08229795535258688 ) ) ;
#1408 = CARTESIAN_POINT ( 'NONE',  ( -11.21756055990888612, -47.55599132813226504, -33.96968208401590772 ) ) ;
#1409 = CARTESIAN_POINT ( 'NONE',  ( -62.86960343339173818, -86.23770095640854549, -25.71625531871912784 ) ) ;
#1410 = CARTESIAN_POINT ( 'NONE',  ( -55.73587784699004999, -126.9422800257452906, -24.95154966206418123 ) ) ;
#1411 = CARTESIAN_POINT ( 'NONE',  ( 3.050684349724992028, -7.434666111251897469, -7.346151291681592532 ) ) ;
#1412 = CARTESIAN_POINT ( 'NONE',  ( -58.96401535857923903, -106.7592888162167526, -24.12985330816365348 ) ) ;
#1413 = CARTESIAN_POINT ( 'NONE',  ( -40.57633180685839136, -68.93612287814501371, -27.95004789886700536 ) ) ;
#1414 = CARTESIAN_POINT ( 'NONE',  ( -52.58726867244823922, -121.0085889358965829, -26.29891220422527454 ) ) ;
#1415 = CARTESIAN_POINT ( 'NONE',  ( -62.72045652393494208, -102.4552964110158513, -25.29235513791564927 ) ) ;
#1416 = CARTESIAN_POINT ( 'NONE',  ( -63.90125142473534936, -91.98329740029706159, -18.68099816944754821 ) ) ;
#1417 = CARTESIAN_POINT ( 'NONE',  ( -57.49373470631999794, -115.5708283441401107, -20.28119788931829248 ) ) ;
#1418 = CARTESIAN_POINT ( 'NONE',  ( 0.3067332753539007140, -30.49112407700100746, -25.67691746807851416 ) ) ;
#1419 = CARTESIAN_POINT ( 'NONE',  ( -49.75317968657245160, -125.0579113606684842, -25.55715340683792292 ) ) ;
#1420 = CARTESIAN_POINT ( 'NONE',  ( 3.967310496841919942, -2.241576610438951622, -9.091987530281285146 ) ) ;
#1421 = CARTESIAN_POINT ( 'NONE',  ( -0.9446324383056546869, -8.186923255535054622, -10.88670131785429440 ) ) ;
#1422 = CARTESIAN_POINT ( 'NONE',  ( -2.122632692119009068, 0.6631082797754600522, -2.585886834830920744 ) ) ;
#1423 = CARTESIAN_POINT ( 'NONE',  ( -56.77664996275295550, -113.8709138148198576, -21.02507898447321466 ) ) ;
#1424 = CARTESIAN_POINT ( 'NONE',  ( -53.91234031719907449, -129.9956965008635734, -25.56843317448655739 ) ) ;
#1425 = CARTESIAN_POINT ( 'NONE',  ( -63.98831864229523347, -94.06907642738795516, -18.58923748209847560 ) ) ;
#1426 = CARTESIAN_POINT ( 'NONE',  ( 0.6847609412239632487, 0.7863798187710385745, -5.317362978117268213 ) ) ;
#1427 = CARTESIAN_POINT ( 'NONE',  ( -55.30931111315268112, -115.7591372838926986, -22.10134361161519223 ) ) ;
#1428 = CARTESIAN_POINT ( 'NONE',  ( -48.69231338681112931, -128.3692013093446462, -28.50810592345345640 ) ) ;
#1429 = CARTESIAN_POINT ( 'NONE',  ( -61.56363151176984161, -115.4998259402638752, -22.14485840218116053 ) ) ;
#1430 = CARTESIAN_POINT ( 'NONE',  ( -65.46540490806809487, -99.74756542573084062, -24.09420414521601117 ) ) ;
#1431 = CARTESIAN_POINT ( 'NONE',  ( -41.16321046275676565, -61.81378720658264569, -28.52233996840771368 ) ) ;
#1432 = CARTESIAN_POINT ( 'NONE',  ( -57.21316913852970032, -73.38864721969162019, -24.03331284060347528 ) ) ;
#1433 = CARTESIAN_POINT ( 'NONE',  ( 4.676733810102549960, -9.567529597428581667, -11.27554035975987823 ) ) ;
#1434 = APPROVAL_ROLE ( '' ) ;
#1435 = CARTESIAN_POINT ( 'NONE',  ( -52.58726867244823922, -121.0085889358965829, -26.29891220422527454 ) ) ;
#1436 = CARTESIAN_POINT ( 'NONE',  ( 2.815968986782150907, -0.5172834974072724190, -7.271291624633947848 ) ) ;
#1437 = PRODUCT ( 'FN-HAR-026_W6-soil-service-tail_R0.6', 'FN-HAR-026_W6-soil-service-tail_R0.6', '', ( #3753 ) ) ;
#1438 = CARTESIAN_POINT ( 'NONE',  ( -47.21671870420971828, -70.83314317909733404, -24.46040715012897238 ) ) ;
#1439 = CARTESIAN_POINT ( 'NONE',  ( -61.73198114846179152, -115.3279288138498657, -23.00325727177670032 ) ) ;
#1440 = CARTESIAN_POINT ( 'NONE',  ( -49.05261653890165263, -127.0816271148816128, -27.55561166555441233 ) ) ;
#1441 = CARTESIAN_POINT ( 'NONE',  ( -50.33973381021100835, -75.45230066190069351, -26.60233668380009675 ) ) ;
#1442 = CARTESIAN_POINT ( 'NONE',  ( -53.98646842711470129, -118.3779419363137890, -25.80948611876805643 ) ) ;
#1443 = CARTESIAN_POINT ( 'NONE',  ( -54.84766526157578426, -122.0764799806225653, -27.83848691687895283 ) ) ;
#1444 = CARTESIAN_POINT ( 'NONE',  ( -59.75551533890240563, -112.5045105401743939, -19.63600687587276283 ) ) ;
#1445 = CARTESIAN_POINT ( 'NONE',  ( -57.68391749924051481, -123.4967939710804643, -24.30129616618448907 ) ) ;
#1446 = CARTESIAN_POINT ( 'NONE',  ( -52.31681620175929481, -125.3210232496125514, -22.02191592912500440 ) ) ;
#1447 = CARTESIAN_POINT ( 'NONE',  ( -59.40254489597811016, -104.0775232009233235, -23.17510741970599852 ) ) ;
#1448 = CARTESIAN_POINT ( 'NONE',  ( -9.277583864703121463, -45.48851581749371320, -29.54687897353026926 ) ) ;
#1449 = CARTESIAN_POINT ( 'NONE',  ( -61.78016185460728593, -91.17203958992391222, -24.91982865703954886 ) ) ;
#1450 = CARTESIAN_POINT ( 'NONE',  ( 2.283565492324233670, -24.12002617288207773, -26.82162989454642599 ) ) ;
#1451 = CARTESIAN_POINT ( 'NONE',  ( -1.061965499150215209, -13.35810044812409103, -16.35733863494629503 ) ) ;
#1452 = CARTESIAN_POINT ( 'NONE',  ( -55.57263426820924224, -126.3450607668291070, -26.53661871938384564 ) ) ;
#1454 = CARTESIAN_POINT ( 'NONE',  ( -56.69510583888934718, -124.3706058564680887, -26.15805939673938951 ) ) ;
#1453 = CARTESIAN_POINT ( 'NONE',  ( -49.93190674552771213, -126.6574569805113697, -23.37412290472879306 ) ) ;
#1455 = CARTESIAN_POINT ( 'NONE',  ( -10.48737124187003644, -38.73856657480640564, -32.63906782204225010 ) ) ;
#1456 = CARTESIAN_POINT ( 'NONE',  ( -62.91626098653231480, -102.9384044706483223, -18.72513422067119393 ) ) ;
#1457 = ORIENTED_EDGE ( 'NONE', *, *, #1632, .T. ) ;
#1458 = CARTESIAN_POINT ( 'NONE',  ( -65.51792920083927640, -90.73011795463445139, -24.32691934431188585 ) ) ;
#1459 = CARTESIAN_POINT ( 'NONE',  ( -49.82972452066115920, -74.71975205513950868, -25.01888334861115837 ) ) ;
#1460 = CARTESIAN_POINT ( 'NONE',  ( -12.80511030483693347, -50.55051640455488382, -32.08537059345890441 ) ) ;
#1461 = CARTESIAN_POINT ( 'NONE',  ( -57.16256268528104556, -124.2651214647177795, -23.55769973122727023 ) ) ;
#1462 = CARTESIAN_POINT ( 'NONE',  ( -60.27007562500136117, -116.2056406434664240, -25.57998146122148597 ) ) ;
#1463 = CARTESIAN_POINT ( 'NONE',  ( -62.30807167242367939, -101.8922449180515883, -18.83284431215218646 ) ) ;
#1464 = CARTESIAN_POINT ( 'NONE',  ( -63.56509232436570755, -106.2185940218458171, -19.27778217183034926 ) ) ;
#1465 = CARTESIAN_POINT ( 'NONE',  ( -48.78226924391168495, -66.73542840579644064, -27.52441119725865448 ) ) ;
#1466 = CARTESIAN_POINT ( 'NONE',  ( -17.23441582682870532, -52.41175374872451442, -29.65962141340335734 ) ) ;
#1467 = DIRECTION ( 'NONE',  ( 0.000000000000000000, 0.000000000000000000, 1.000000000000000000 ) ) ;
#1468 = CARTESIAN_POINT ( 'NONE',  ( -50.20984108564871207, -125.1610871055782752, -27.14064821810608663 ) ) ;
#1469 = CARTESIAN_POINT ( 'NONE',  ( -63.07900641532076946, -86.81016246804931313, -25.63309466996175701 ) ) ;
#1470 = CARTESIAN_POINT ( 'NONE',  ( -1.969742622486763128, -30.54766447948336250, -24.46626898825225638 ) ) ;
#1471 = CARTESIAN_POINT ( 'NONE',  ( -65.70186686728322911, -103.8286848523375312, -21.87843175635098092 ) ) ;
#1472 = CARTESIAN_POINT ( 'NONE',  ( -56.18419364703679264, -113.8306566196338991, -25.05173840703304933 ) ) ;
#1473 = CARTESIAN_POINT ( 'NONE',  ( -56.70930702341532026, -112.6475604350208641, -24.87442337426496408 ) ) ;
#1474 = CARTESIAN_POINT ( 'NONE',  ( -50.35005066795763895, -124.9242753486853559, -27.09049919284488794 ) ) ;
#1475 = CARTESIAN_POINT ( 'NONE',  ( -56.53307434550977462, -115.4822758172972925, -26.46560980383346617 ) ) ;
#1476 = CARTESIAN_POINT ( 'NONE',  ( 0.7972046907771311863, -16.58054932691211647, -23.61854898834950589 ) ) ;
#1477 = CARTESIAN_POINT ( 'NONE',  ( -52.76963585745084373, -126.1783811310188668, -21.94135601182530948 ) ) ;
#1478 = CARTESIAN_POINT ( 'NONE',  ( 0.3735573533055662754, -22.27727809797754333, -20.17423662253760241 ) ) ;
#1479 = CARTESIAN_POINT ( 'NONE',  ( -60.21637205286145900, -89.58882091777448409, -23.05082011545666276 ) ) ;
#1480 = CARTESIAN_POINT ( 'NONE',  ( -56.75308850113707848, -82.06273484871603330, -24.16495647104754241 ) ) ;
#1481 = CARTESIAN_POINT ( 'NONE',  ( -61.00556098447436426, -87.93978192010587236, -25.22109582115715654 ) ) ;
#1482 = CARTESIAN_POINT ( 'NONE',  ( -51.09274576732321549, -75.92917892485247933, -27.30092399195948616 ) ) ;
#1483 = CARTESIAN_POINT ( 'NONE',  ( -9.859568052651308534, -46.81182754106706057, -33.21929303762443908 ) ) ;
#1484 = CARTESIAN_POINT ( 'NONE',  ( -56.52403102451271621, -73.63592524529960315, -22.65373065497652405 ) ) ;
#1485 = CARTESIAN_POINT ( 'NONE',  ( -62.15532374622041090, -113.1955284608688288, -24.39101231312862694 ) ) ;
#1487 = CARTESIAN_POINT ( 'NONE',  ( -55.57263426820924224, -126.3450607668291070, -26.53661871938384564 ) ) ;
#1486 = CARTESIAN_POINT ( 'NONE',  ( -4.393863324433439743, -34.92651583670926385, -26.08357791040341311 ) ) ;
#1488 = CARTESIAN_POINT ( 'NONE',  ( -1.015818681104457832, -15.11208879292793839, -20.88428064971750331 ) ) ;
#1489 = CARTESIAN_POINT ( 'NONE',  ( -63.10069702558385529, -102.1124551219086527, -18.68097788020583749 ) ) ;
#1490 = CARTESIAN_POINT ( 'NONE',  ( -41.41922503467775840, -66.06309825777950095, -32.00145705947524988 ) ) ;
#1491 = CARTESIAN_POINT ( 'NONE',  ( -38.15291497783823615, -66.50691174575018749, -27.16805158770754502 ) ) ;
#1492 = CARTESIAN_POINT ( 'NONE',  ( -25.37098552204714608, -60.05701713086727267, -32.58173617144925061 ) ) ;
#1493 = CARTESIAN_POINT ( 'NONE',  ( -54.04142555885048438, -70.70198352979370782, -24.39029370104511685 ) ) ;
#1494 = CARTESIAN_POINT ( 'NONE',  ( -61.67324141773730872, -112.9746657953552358, -25.13704082024639774 ) ) ;
#1495 = CARTESIAN_POINT ( 'NONE',  ( -62.85426051678192039, -98.79081283612367770, -18.71507603118719842 ) ) ;
#1496 = CARTESIAN_POINT ( 'NONE',  ( -64.95318029673289573, -104.9588286201145166, -23.58660724050322699 ) ) ;
#1497 = CARTESIAN_POINT ( 'NONE',  ( -57.97732139315397859, -75.17980318390394245, -22.13872315991728001 ) ) ;
#1498 = CARTESIAN_POINT ( 'NONE',  ( -61.38307602460696444, -78.26254452936639439, -22.49454764177164634 ) ) ;
#1499 = CARTESIAN_POINT ( 'NONE',  ( -54.14369865184779940, -78.77013793201217595, -24.05819480833904578 ) ) ;
#1500 = DIRECTION ( 'NONE',  ( 1.000000000000000000, 0.000000000000000000, 0.000000000000000000 ) ) ;
#1501 = CARTESIAN_POINT ( 'NONE',  ( -58.22742474021846704, -108.8824953783943954, -24.36936931178148669 ) ) ;
#1502 = CARTESIAN_POINT ( 'NONE',  ( -64.41063001631924578, -94.69924041051446295, -24.99800174123444663 ) ) ;
#1503 = CARTESIAN_POINT ( 'NONE',  ( -63.06663160253312128, -110.8872113476081722, -24.11439640169492904 ) ) ;
#1504 = CARTESIAN_POINT ( 'NONE',  ( -56.02603129187662745, -126.4423689269733302, -24.85428412474139037 ) ) ;
#1505 = CARTESIAN_POINT ( 'NONE',  ( -51.82962428445885905, -68.88784595620434459, -25.34819687685337897 ) ) ;
#1506 = CARTESIAN_POINT ( 'NONE',  ( -42.60907379106090076, -67.36630295826218173, -25.50611315831119441 ) ) ;
#1507 = CARTESIAN_POINT ( 'NONE',  ( -65.31676033405547344, -105.3540358404131325, -21.97186140983250269 ) ) ;
#1508 = CARTESIAN_POINT ( 'NONE',  ( -49.92669692725618802, -125.6367085548655211, -27.24199987829977943 ) ) ;
#1509 = CARTESIAN_POINT ( 'NONE',  ( -55.81659542800576901, -114.6330356565940463, -25.17706646056554476 ) ) ;
#1510 = CARTESIAN_POINT ( 'NONE',  ( -1.258759715371242205, 2.387770224920293671, -1.361275582673079798 ) ) ;
#1511 = CARTESIAN_POINT ( 'NONE',  ( -52.84079161054143725, -126.0579752037167225, -21.91695828862226136 ) ) ;
#1512 = CARTESIAN_POINT ( 'NONE',  ( -56.90323056260582746, -116.8081934487824185, -20.47422934278150564 ) ) ;
#1513 = CARTESIAN_POINT ( 'NONE',  ( -60.70541906786584718, -92.81527019461444183, -22.85371589417900040 ) ) ;
#1514 = CARTESIAN_POINT ( 'NONE',  ( -50.15236693960082448, -75.37628095164934905, -25.80272497864608283 ) ) ;
#1515 = CARTESIAN_POINT ( 'NONE',  ( -61.57657233760089355, -90.05568711131681425, -25.00360678384732083 ) ) ;
#1516 = CARTESIAN_POINT ( 'NONE',  ( -50.81807100738898697, -75.72015701023939016, -27.35139360015618593 ) ) ;
#1517 = CARTESIAN_POINT ( 'NONE',  ( 4.658151977835973234, -11.27084607381896930, -18.66893163973164604 ) ) ;
#1518 = CARTESIAN_POINT ( 'NONE',  ( -63.81047409629100997, -84.70401324220962636, -19.85492451497620792 ) ) ;
#1519 = CARTESIAN_POINT ( 'NONE',  ( -60.73783748753280065, -116.4540093029612962, -24.83347840022590702 ) ) ;
#1521 = CARTESIAN_POINT ( 'NONE',  ( -56.00088707371902075, -125.5996124853003266, -26.39201017711031838 ) ) ;
#1520 = CARTESIAN_POINT ( 'NONE',  ( 2.793269625998453076, -16.13129947587528790, -16.08412339398124402 ) ) ;
#1522 = CARTESIAN_POINT ( 'NONE',  ( -58.95748213487227929, -121.1116435125341013, -23.88304761517409602 ) ) ;
#1523 = CARTESIAN_POINT ( 'NONE',  ( -53.87991815733776946, -124.2714208677191579, -21.56218817100937812 ) ) ;
#1524 = CARTESIAN_POINT ( 'NONE',  ( -54.15544236922826826, -72.88968188329201325, -28.48130666213077333 ) ) ;
#1525 = CARTESIAN_POINT ( 'NONE',  ( -48.23356600300144237, -73.34684854722740965, -25.25521971672387878 ) ) ;
#1526 = CARTESIAN_POINT ( 'NONE',  ( -0.8706684108119377985, -33.89650769424626731, -29.10845807784768624 ) ) ;
#1527 = CARTESIAN_POINT ( 'NONE',  ( -55.11971571641944223, -71.64272129632294650, -23.96760040020020099 ) ) ;
#1528 = CARTESIAN_POINT ( 'NONE',  ( -65.56506520078609412, -91.06029529117923005, -24.30098300516171150 ) ) ;
#1529 = CARTESIAN_POINT ( 'NONE',  ( 0.3735573533055662754, -22.27727809797754333, -20.17423662253760241 ) ) ;
#1530 = CARTESIAN_POINT ( 'NONE',  ( -65.24463446774444719, -86.85220467181514437, -24.01065854301150893 ) ) ;
#1531 = CARTESIAN_POINT ( 'NONE',  ( -65.43657592887356600, -95.15424717279194056, -18.94255310801903747 ) ) ;
#1532 = CARTESIAN_POINT ( 'NONE',  ( -58.68741165095456580, -74.91878397197282879, -23.50534180360951808 ) ) ;
#1533 = CARTESIAN_POINT ( 'NONE',  ( 0.9436362830062513529, -27.59718349138495341, -23.84768023375116641 ) ) ;
#1534 = CARTESIAN_POINT ( 'NONE',  ( -59.83984917209300392, -103.8088539346783392, -23.85373865758121781 ) ) ;
#1535 = CARTESIAN_POINT ( 'NONE',  ( -63.77096811422521228, -101.4979372588198032, -25.07019903825509743 ) ) ;
#1536 = CARTESIAN_POINT ( 'NONE',  ( -64.70737006989634210, -85.46906167435400903, -20.26806492549865624 ) ) ;
#1537 = CARTESIAN_POINT ( 'NONE',  ( -53.26861785785413872, -76.60251442248851106, -22.98507573696604922 ) ) ;
#1538 = CARTESIAN_POINT ( 'NONE',  ( -66.47309367182876372, -89.84276301581463997, -22.05409026171222564 ) ) ;
#1539 = CARTESIAN_POINT ( 'NONE',  ( 4.986506454766347574, -4.855159848429318359, -7.997828799835533076 ) ) ;
#1540 = CARTESIAN_POINT ( 'NONE',  ( -61.11187437444654336, -95.15495384712382076, -23.51826424497762602 ) ) ;
#1541 = CARTESIAN_POINT ( 'NONE',  ( -22.98016712912193782, -58.61707437545889121, -31.80869313793895259 ) ) ;
#1542 = CARTESIAN_POINT ( 'NONE',  ( -16.08695265538746710, -49.13661649139740462, -35.12809598814286716 ) ) ;
#1543 = CARTESIAN_POINT ( 'NONE',  ( -62.24598889230187382, -105.4897302128236731, -18.90053953812967436 ) ) ;
#1544 = CIRCLE ( 'NONE', #4989, 3.250000000000000444 ) ;
#1545 = CARTESIAN_POINT ( 'NONE',  ( 0.8508480103472351175, -3.250000000000000444, 0.000000000000000000 ) ) ;
#1546 = CARTESIAN_POINT ( 'NONE',  ( -60.78148093631622828, -94.85442111451517633, -22.80454693350305106 ) ) ;
#1547 = CARTESIAN_POINT ( 'NONE',  ( -52.65212479018642000, -77.54792029617941296, -25.31373132480136334 ) ) ;
#1548 = CARTESIAN_POINT ( 'NONE',  ( -61.09903004187523123, -102.8725876843969615, -24.98765897288778604 ) ) ;
#1549 = DIRECTION ( 'NONE',  ( -0.1341557180636410718, 0.9210821352023572661, 0.3655269395296264490 ) ) ;
#1550 = CARTESIAN_POINT ( 'NONE',  ( -62.72045652393494208, -102.4552964110158513, -25.29235513791564927 ) ) ;
#1551 = CARTESIAN_POINT ( 'NONE',  ( -60.98510066443297006, -79.07902294272280130, -21.02219911098028859 ) ) ;
#1552 = CARTESIAN_POINT ( 'NONE',  ( -1.639055602040427884, -0.2447870973372637815, -4.441258577359200821 ) ) ;
#1553 = CARTESIAN_POINT ( 'NONE',  ( -61.51962852538596138, -114.6995463711256349, -24.58802589422997897 ) ) ;
#1554 = CARTESIAN_POINT ( 'NONE',  ( -60.34623514804511046, -118.3380120977515588, -23.43637059911970866 ) ) ;
#1555 = CARTESIAN_POINT ( 'NONE',  ( -57.79158781055191696, -116.8651357212440445, -20.26133636919530190 ) ) ;
#1556 = CARTESIAN_POINT ( 'NONE',  ( -65.54519754311104407, -99.14473020704859607, -24.08225160575216606 ) ) ;
#1557 = CARTESIAN_POINT ( 'NONE',  ( -50.34548737735326540, -75.17580236317317599, -24.93336029577022117 ) ) ;
#1558 = CARTESIAN_POINT ( 'NONE',  ( -50.94921589441740650, -124.6275096928737867, -27.69960961342565042 ) ) ;
#1559 = CARTESIAN_POINT ( 'NONE',  ( -65.84934324088582969, -90.64316833819020758, -19.69149609749612395 ) ) ;
#1560 = CARTESIAN_POINT ( 'NONE',  ( -56.39379564457745886, -123.8288255416331509, -26.85945145180885518 ) ) ;
#1561 = CARTESIAN_POINT ( 'NONE',  ( -5.180570439106571001, -34.47004033051211991, -25.97391106282866957 ) ) ;
#1562 = CARTESIAN_POINT ( 'NONE',  ( -66.15969752368106072, -98.54488669308639714, -23.33630977930598860 ) ) ;
#1563 = CARTESIAN_POINT ( 'NONE',  ( -53.13803475836633794, -70.47860830176099967, -23.94970904603097139 ) ) ;
#1564 = CARTESIAN_POINT ( 'NONE',  ( -54.00862147861894869, -70.53070607097301092, -25.22627799743452215 ) ) ;
#1565 = CARTESIAN_POINT ( 'NONE',  ( -55.76603436975926087, -80.59678583675191987, -23.58764302078624553 ) ) ;
#1566 = CARTESIAN_POINT ( 'NONE',  ( -55.62789123826846094, -115.0380943831721936, -25.24184289550553828 ) ) ;
#1567 = CARTESIAN_POINT ( 'NONE',  ( -64.19270898781259405, -98.72687540043955323, -24.98234455864995240 ) ) ;
#1568 = CARTESIAN_POINT ( 'NONE',  ( -42.86828837273009896, -62.76590590269165659, -28.95240303905433876 ) ) ;
#1569 = CARTESIAN_POINT ( 'NONE',  ( -60.97746072946368656, -90.63610537348884577, -20.45587471860095619 ) ) ;
#1570 = CARTESIAN_POINT ( 'NONE',  ( -66.13354920387972413, -101.8189805871293458, -21.78437090689804734 ) ) ;
#1571 = CARTESIAN_POINT ( 'NONE',  ( -38.72484755262392042, -67.85115001794703460, -28.36284504905827220 ) ) ;
#1572 = CARTESIAN_POINT ( 'NONE',  ( -56.36243562834467014, -113.4338458857758809, -24.99143651199414862 ) ) ;
#1573 = CARTESIAN_POINT ( 'NONE',  ( -60.52696707534842346, -105.0651871232850141, -25.15873806113638267 ) ) ;
#1574 = CARTESIAN_POINT ( 'NONE',  ( 1.305123847513203872, -5.081318587121698371, -13.40371155119659541 ) ) ;
#1575 = CARTESIAN_POINT ( 'NONE',  ( -51.74609625843000771, -127.8815530318986049, -22.29330414954715067 ) ) ;
#1576 = CARTESIAN_POINT ( 'NONE',  ( -16.81696979113447199, -48.53963644874043126, -29.19329313904448853 ) ) ;
#1577 = CARTESIAN_POINT ( 'NONE',  ( -60.65433705145509435, -92.25459657151816373, -22.87727235503555079 ) ) ;
#1578 = CARTESIAN_POINT ( 'NONE',  ( -60.27706482800608967, -100.2100230712631657, -22.91381811603874041 ) ) ;
#1579 = CARTESIAN_POINT ( 'NONE',  ( -48.28540117507497342, -73.54882822568356460, -28.49466987693691422 ) ) ;
#1580 = CARTESIAN_POINT ( 'NONE',  ( -13.72239613717693096, -50.68826754315340821, -30.65342179810044243 ) ) ;
#1581 = CARTESIAN_POINT ( 'NONE',  ( -63.54712834965858548, -94.00056839035475775, -25.16812896345019723 ) ) ;
#1582 = CARTESIAN_POINT ( 'NONE',  ( -46.77916103787114110, -70.56243369860423797, -30.35142863189634355 ) ) ;
#1583 = CARTESIAN_POINT ( 'NONE',  ( -64.65668472915788811, -101.8380329771087389, -19.01201115902689409 ) ) ;
#1584 = CARTESIAN_POINT ( 'NONE',  ( -10.69530922358926794, -40.33917422187862201, -33.53643449543115906 ) ) ;
#1585 = CARTESIAN_POINT ( 'NONE',  ( -49.71163197026136515, -135.7686438114716339, -28.56151232109365878 ) ) ;
#1586 = CARTESIAN_POINT ( 'NONE',  ( -66.39136023342385329, -89.64437678380269858, -21.18994076855194209 ) ) ;
#1587 = CARTESIAN_POINT ( 'NONE',  ( -52.93325944589431487, -69.87620113776188191, -27.28651130055898477 ) ) ;
#1588 = CARTESIAN_POINT ( 'NONE',  ( -53.19317512628609279, -125.4582979988661293, -21.79631819625484468 ) ) ;
#1589 = CARTESIAN_POINT ( 'NONE',  ( -60.73540196644477618, -94.15276960591044997, -21.92392867774381671 ) ) ;
#1590 = CARTESIAN_POINT ( 'NONE',  ( -44.51941696579252294, -71.37927196644616856, -28.90522107733801960 ) ) ;
#1591 = CARTESIAN_POINT ( 'NONE',  ( -35.84212708006842973, -58.69669390644570939, -30.34658882742543540 ) ) ;
#1592 = CARTESIAN_POINT ( 'NONE',  ( 0.5071372200183816847, -1.287498439153281105, -8.294411723567394645 ) ) ;
#1593 = CARTESIAN_POINT ( 'NONE',  ( 1.978401362898310145, -6.517812533440555889, -5.673016000293710448 ) ) ;
#1594 = CARTESIAN_POINT ( 'NONE',  ( -66.83854068734089537, -95.52520453019765512, -21.73433769564440610 ) ) ;
#1595 = CARTESIAN_POINT ( 'NONE',  ( -64.58801091833764474, -84.95640069751199519, -24.29413533574238571 ) ) ;
#1596 = CARTESIAN_POINT ( 'NONE',  ( -65.23236395169567459, -90.71639781618812037, -19.16037825302746356 ) ) ;
#1597 = CARTESIAN_POINT ( 'NONE',  ( -60.55451973337758886, -97.89610841016006759, -21.93747672008076322 ) ) ;
#1598 = CARTESIAN_POINT ( 'NONE',  ( 3.983610228700102507, -0.4579937176033364032, -2.664976407497044342 ) ) ;
#1599 = CARTESIAN_POINT ( 'NONE',  ( -63.44924807786264864, -87.95941201791553965, -25.48239437392918560 ) ) ;
#1600 = PRODUCT_DEFINITION_SHAPE ( 'NONE', 'NONE',  #5016 ) ;
#1601 = CARTESIAN_POINT ( 'NONE',  ( -65.63310870559040211, -89.20002817426747299, -19.81692500961415959 ) ) ;
#1602 = CARTESIAN_POINT ( 'NONE',  ( -60.38244045209501820, -101.8227865870657638, -20.47673520770923616 ) ) ;
#1603 = CARTESIAN_POINT ( 'NONE',  ( -44.34871018725873881, -68.55344815788664903, -25.10549571133197588 ) ) ;
#1604 = CARTESIAN_POINT ( 'NONE',  ( -54.46993738282691311, -79.08311016127765924, -25.66869302637196881 ) ) ;
#1605 = CARTESIAN_POINT ( 'NONE',  ( -60.44944378597687518, -101.1764141539545108, -23.67153420863986213 ) ) ;
#1606 = CARTESIAN_POINT ( 'NONE',  ( 0.9316354426049707760, -2.903957362685053223, -10.63587823789144871 ) ) ;
#1607 = CARTESIAN_POINT ( 'NONE',  ( 0.3620689430393703168, -6.664717906110321444, -6.109607815363181871 ) ) ;
#1608 = CARTESIAN_POINT ( 'NONE',  ( -61.76998398852522598, -93.07812077287209718, -19.61453245906267284 ) ) ;
#1609 = CARTESIAN_POINT ( 'NONE',  ( -50.29773549148094958, -124.2952188953905193, -26.28628365311944748 ) ) ;
#1610 = CARTESIAN_POINT ( 'NONE',  ( -60.55875177783997287, -98.33101474977243583, -22.83895624233375798 ) ) ;
#1611 = CARTESIAN_POINT ( 'NONE',  ( -56.31887938390342185, -114.4089718380581786, -25.82625763158377907 ) ) ;
#1612 = CARTESIAN_POINT ( 'NONE',  ( -42.40396138430828188, -70.03214748758409769, -27.58834333493420488 ) ) ;
#1613 = CARTESIAN_POINT ( 'NONE',  ( -0.7517554320341470753, -5.726839916588147616, -11.61513805841486402 ) ) ;
#1614 = CARTESIAN_POINT ( 'NONE',  ( 3.990308717108729919, -10.65261770377782646, -18.77664047434898009 ) ) ;
#1615 = CARTESIAN_POINT ( 'NONE',  ( -59.76952968032164648, -77.35227561151842224, -21.48809160521695460 ) ) ;
#1616 = CARTESIAN_POINT ( 'NONE',  ( -56.45401100647194426, -125.6972213885141656, -24.71103740552071670 ) ) ;
#1617 = CARTESIAN_POINT ( 'NONE',  ( -53.81606558352433467, -70.51130070698708607, -26.95438923665579622 ) ) ;
#1618 = CARTESIAN_POINT ( 'NONE',  ( -0.5460490822073640338, -3.412356476330277832, -9.701337663617714213 ) ) ;
#1619 = CARTESIAN_POINT ( 'NONE',  ( -44.19416891842843853, -64.16125021840957743, -30.01838660661564617 ) ) ;
#1620 = CARTESIAN_POINT ( 'NONE',  ( -19.58247479087620491, -49.13728531174447056, -30.01719698601272057 ) ) ;
#1621 = CARTESIAN_POINT ( 'NONE',  ( -59.66335451094516884, -102.8121539627431105, -22.18598214879371966 ) ) ;
#1622 = CARTESIAN_POINT ( 'NONE',  ( -43.85779113878535895, -71.00974750606762598, -28.99174970314279420 ) ) ;
#1623 = CARTESIAN_POINT ( 'NONE',  ( -60.29214972722743937, -112.7200596236402959, -26.09805694608331095 ) ) ;
#1624 = CARTESIAN_POINT ( 'NONE',  ( -55.64861661123979530, -72.12419428165469526, -23.76958883494709340 ) ) ;
#1625 = CARTESIAN_POINT ( 'NONE',  ( -43.69222307721760501, -66.22939020401734922, -31.39903692229140830 ) ) ;
#1626 = CARTESIAN_POINT ( 'NONE',  ( -10.97913352591857539, -42.60345568368012437, -28.33557176058745952 ) ) ;
#1627 = CARTESIAN_POINT ( 'NONE',  ( -66.21515935675689946, -101.3803508126602964, -21.76874574378656391 ) ) ;
#1628 = CARTESIAN_POINT ( 'NONE',  ( -61.42742076012577712, -112.3123894457691989, -19.88883607479766980 ) ) ;
#1629 = CARTESIAN_POINT ( 'NONE',  ( -59.59994202851420653, -118.8349418209288757, -21.95419609958036844 ) ) ;
#1630 = CARTESIAN_POINT ( 'NONE',  ( -55.47339445177792783, -114.3384393553964031, -23.55588598954086166 ) ) ;
#1631 = CARTESIAN_POINT ( 'NONE',  ( 2.494303465213958848, -26.28963441202906282, -25.44345112524733565 ) ) ;
#1632 = EDGE_CURVE ( 'NONE', #1369, #4643, #2041, .T. ) ;
#1633 = CARTESIAN_POINT ( 'NONE',  ( -52.05892143718968157, -128.5620928442638160, -28.88360449514535588 ) ) ;
#1634 = CARTESIAN_POINT ( 'NONE',  ( -65.51927125893318760, -100.6914639228937887, -19.47705331115814076 ) ) ;
#1635 = CARTESIAN_POINT ( 'NONE',  ( -59.09422892651242876, -106.4972411301268238, -20.86113033902071479 ) ) ;
#1636 = CARTESIAN_POINT ( 'NONE',  ( -61.17151136374909015, -92.36277620055045645, -20.36088460056655336 ) ) ;
#1637 = CARTESIAN_POINT ( 'NONE',  ( -2.494631304086665669, -36.42484298168070467, -28.34222453534297159 ) ) ;
#1638 = CARTESIAN_POINT ( 'NONE',  ( 5.247614400426285464, -6.655816564204232400, -10.21390255024240190 ) ) ;
#1639 = CARTESIAN_POINT ( 'NONE',  ( -4.853903797407351561, -40.83882815928569698, -30.11227245698490407 ) ) ;
#1640 = CARTESIAN_POINT ( 'NONE',  ( -49.50223618246374002, -128.2916409635309947, -28.92734701409823472 ) ) ;
#1641 = CARTESIAN_POINT ( 'NONE',  ( 0.1208139585133337357, -5.641823845252075920, -4.529172330499105392 ) ) ;
#1642 = CARTESIAN_POINT ( 'NONE',  ( -61.75302363690575902, -92.75582496907875907, -19.62706412014313884 ) ) ;
#1643 = CARTESIAN_POINT ( 'NONE',  ( -48.80664408597959181, -126.7833127983168140, -26.82055693998860590 ) ) ;
#1644 = CARTESIAN_POINT ( 'NONE',  ( -54.73237086613631419, -116.0758070668020423, -24.72874193905612827 ) ) ;
#1645 = CARTESIAN_POINT ( 'NONE',  ( -61.05008201734325723, -99.81440221010619496, -24.30908401568010646 ) ) ;
#1646 = CARTESIAN_POINT ( 'NONE',  ( 4.808721844350544394, -4.006183476360379636, -6.849157825315062453 ) ) ;
#1647 = CC_DESIGN_PERSON_AND_ORGANIZATION_ASSIGNMENT ( #5228, #2924, ( #5016 ) ) ;
#1648 = CARTESIAN_POINT ( 'NONE',  ( -53.80641977645147733, -127.3264698420612859, -22.36370578165035283 ) ) ;
#1649 = CARTESIAN_POINT ( 'NONE',  ( -58.13536656473362996, -74.23670126118395274, -25.40108210032497738 ) ) ;
#1650 = CARTESIAN_POINT ( 'NONE',  ( -46.05960860420124448, -65.24126552406315227, -29.37482207333427553 ) ) ;
#1651 = CARTESIAN_POINT ( 'NONE',  ( -2.945874606323458877, -25.13067633463771600, -27.95473865724208196 ) ) ;
#1652 = CARTESIAN_POINT ( 'NONE',  ( -0.8508480103472363387, -3.250000000000000444, 0.000000000000000000 ) ) ;
#1653 = CARTESIAN_POINT ( 'NONE',  ( -57.57269511866224576, -109.4026928420676796, -22.85230983178901454 ) ) ;
#1654 = APPROVAL ( #5621, '未指定' ) ;
#1655 = CARTESIAN_POINT ( 'NONE',  ( -60.44860658208255444, -86.44104931918582224, -25.41999821347641131 ) ) ;
#1656 = CARTESIAN_POINT ( 'NONE',  ( -61.22949628444223436, -114.4381912437920761, -20.63880724763230390 ) ) ;
#1657 = CARTESIAN_POINT ( 'NONE',  ( -55.42839994718545427, -125.5404919381133908, -27.18685587415711780 ) ) ;
#1658 = CARTESIAN_POINT ( 'NONE',  ( -52.17713196001468390, -125.5584192378971551, -22.07009204937885372 ) ) ;
#1659 = CARTESIAN_POINT ( 'NONE',  ( -54.52996563521928408, -126.0993773144763423, -22.11883114995026745 ) ) ;
#1660 = CARTESIAN_POINT ( 'NONE',  ( -64.59672001120185314, -106.2663111805824911, -20.46653239715668704 ) ) ;
#1661 = CARTESIAN_POINT ( 'NONE',  ( -58.21849655724430761, -107.6311808127842937, -22.64100161565608005 ) ) ;
#1662 = CARTESIAN_POINT ( 'NONE',  ( -56.52348229194762297, -81.07395258398896942, -25.89142050414389473 ) ) ;
#1663 = CARTESIAN_POINT ( 'NONE',  ( 2.199315810805692717, -4.981382169599264387, -13.57384103694130495 ) ) ;
#1664 = CARTESIAN_POINT ( 'NONE',  ( -65.14747676313581337, -102.6223372881618587, -19.54967572240647300 ) ) ;
#1665 = CARTESIAN_POINT ( 'NONE',  ( -59.41038140266985579, -105.4957899268859478, -20.76370695031405944 ) ) ;
#1666 = CARTESIAN_POINT ( 'NONE',  ( -61.22185381851564046, -95.75401013996518884, -20.28536670246022311 ) ) ;
#1667 = PRODUCT_DEFINITION_FORMATION_WITH_SPECIFIED_SOURCE ( '任何', '', #1437, .NOT_KNOWN. ) ;
#1668 = CARTESIAN_POINT ( 'NONE',  ( -33.67386058620095213, -64.96039233048615813, -29.60522533836441283 ) ) ;
#1669 = CARTESIAN_POINT ( 'NONE',  ( -1.625038739099649021, -34.84038044440278270, -27.86463394630754564 ) ) ;
#1670 = CARTESIAN_POINT ( 'NONE',  ( 3.480576357997548165, -0.5721328546670345627, -6.642126426331866007 ) ) ;
#1671 = CARTESIAN_POINT ( 'NONE',  ( -56.05453470467061550, -124.4363195961727229, -26.97427761482207842 ) ) ;
#1672 = CARTESIAN_POINT ( 'NONE',  ( -58.21212566397818478, -78.92839946447786303, -20.77991223510810670 ) ) ;
#1673 = CARTESIAN_POINT ( 'NONE',  ( -61.79717789359130364, -94.01366029939191549, -19.58610884776411964 ) ) ;
#1674 = CARTESIAN_POINT ( 'NONE',  ( 5.369795174472105082, -12.10231242602334589, -15.70002068421942276 ) ) ;
#1675 = CARTESIAN_POINT ( 'NONE',  ( -46.96588681580454505, -129.7278691467676310, -27.48511495290145135 ) ) ;
#1676 = CARTESIAN_POINT ( 'NONE',  ( -61.15587523596184383, -99.10934134354616276, -24.28173571106582074 ) ) ;
#1677 = CARTESIAN_POINT ( 'NONE',  ( -46.66239082280261385, -72.77305842780798173, -27.02329745866080657 ) ) ;
#1678 = CARTESIAN_POINT ( 'NONE',  ( -0.01947921848702540218, -10.41396522469369579, -11.53678459599809791 ) ) ;
#1679 = CARTESIAN_POINT ( 'NONE',  ( -66.76101193836673531, -93.38273571490560698, -20.93041437819620754 ) ) ;
#1680 = CARTESIAN_POINT ( 'NONE',  ( -17.27673358246228830, -48.00610048247984452, -34.69732723790074402 ) ) ;
#1681 = CARTESIAN_POINT ( 'NONE',  ( -6.350264110564062925, -33.26252853670989396, -26.24668993151859908 ) ) ;
#1682 = CARTESIAN_POINT ( 'NONE',  ( -52.30165551638435772, -120.6093078775336380, -24.65604180564058368 ) ) ;
#1683 = CARTESIAN_POINT ( 'NONE',  ( -47.67360813728421221, -73.18266848179685269, -28.55979755906743733 ) ) ;
#1684 = CARTESIAN_POINT ( 'NONE',  ( -60.94810378183147748, -115.0817045186117582, -20.72573921409204800 ) ) ;
#1685 = CARTESIAN_POINT ( 'NONE',  ( -5.628208040711028204, -34.95874700436137772, -32.38858037874913975 ) ) ;
#1686 = CARTESIAN_POINT ( 'NONE',  ( -42.98580861019355837, -66.52433589345611153, -25.40510212636203136 ) ) ;
#1687 = CARTESIAN_POINT ( 'NONE',  ( -65.36431132519203402, -85.39004553792824481, -22.59164734585548473 ) ) ;
#1688 = CARTESIAN_POINT ( 'NONE',  ( -1.113388630707784266, -18.68862126702510196, -18.94905829799361641 ) ) ;
#1689 = CARTESIAN_POINT ( 'NONE',  ( -60.24673158097255765, -117.4888253189117506, -21.74964263025228917 ) ) ;
#1690 = CARTESIAN_POINT ( 'NONE',  ( -60.68637638732191419, -92.98837245823186493, -21.95515345032976740 ) ) ;
#1691 = CARTESIAN_POINT ( 'NONE',  ( 5.191798209659642005, -4.476885115428754780, -8.749949246575470241 ) ) ;
#1692 = CARTESIAN_POINT ( 'NONE',  ( -66.40530796805556690, -99.69883172382986913, -20.84726418394593495 ) ) ;
#1693 = CARTESIAN_POINT ( 'NONE',  ( -54.31713226772433245, -124.7289641580685355, -28.09800052773365309 ) ) ;
#1694 = CARTESIAN_POINT ( 'NONE',  ( -64.49107404685973677, -105.3019120901152235, -19.70561424967436892 ) ) ;
#1695 = CARTESIAN_POINT ( 'NONE',  ( -60.97746072946368656, -90.63610537348884577, -20.45587471860095619 ) ) ;
#1696 = CARTESIAN_POINT ( 'NONE',  ( -52.64102771480732912, -77.35441311407326737, -26.14715112177643519 ) ) ;
#1697 = CARTESIAN_POINT ( 'NONE',  ( -51.17075751684724594, -123.5192474415159580, -26.79891795266354393 ) ) ;
#1698 = CARTESIAN_POINT ( 'NONE',  ( 3.855781512802303190, -1.803302242390026233, -8.479766359233993356 ) ) ;
#1699 = CARTESIAN_POINT ( 'NONE',  ( -62.12484852393284740, -104.8813882897734402, -25.45918430856008641 ) ) ;
#1700 = CARTESIAN_POINT ( 'NONE',  ( -65.03211958334557607, -102.2702077721798588, -24.18148244167247185 ) ) ;
#1701 = CARTESIAN_POINT ( 'NONE',  ( 0.7147124429385036670, -10.95816522332326848, -11.48140586417870779 ) ) ;
#1702 = CARTESIAN_POINT ( 'NONE',  ( -61.32267554438308821, -99.80344668163050414, -19.63628175452021907 ) ) ;
#1703 = CARTESIAN_POINT ( 'NONE',  ( 4.986506454766347574, -4.855159848429318359, -7.997828799835533076 ) ) ;
#1704 = CARTESIAN_POINT ( 'NONE',  ( 3.946116637313144437, -1.306980117275295505, -2.613418202174650595 ) ) ;
#1705 = CARTESIAN_POINT ( 'NONE',  ( -57.20265287182186853, -112.4161934416730730, -25.52789667701996379 ) ) ;
#1706 = CARTESIAN_POINT ( 'NONE',  ( -61.10547847511983832, -94.24702324350189997, -23.53179416698081994 ) ) ;
#1707 = CARTESIAN_POINT ( 'NONE',  ( -1.648606798055643141, -2.012740187620905008, -6.106283792396085985 ) ) ;
#1708 = CARTESIAN_POINT ( 'NONE',  ( -54.52996563521928408, -126.0993773144763423, -22.11883114995026745 ) ) ;
#1709 = CARTESIAN_POINT ( 'NONE',  ( -42.94155645409954758, -63.43374207179714119, -30.38852495608968596 ) ) ;
#1710 = CARTESIAN_POINT ( 'NONE',  ( -15.16143667407135887, -44.85693739471118846, -29.65741302115890576 ) ) ;
#1711 = CARTESIAN_POINT ( 'NONE',  ( -58.91169631005593033, -105.5204248719988840, -22.41816548825290312 ) ) ;
#1712 = CARTESIAN_POINT ( 'NONE',  ( -61.56707367935324982, -100.5862168865103143, -24.85612297777991486 ) ) ;
#1713 = CARTESIAN_POINT ( 'NONE',  ( -59.80244708608415749, -113.8763518900885998, -26.25544271588153578 ) ) ;
#1714 = CARTESIAN_POINT ( 'NONE',  ( -55.26232132224942717, -126.1212699922056260, -22.56961899293860796 ) ) ;
#1715 = CARTESIAN_POINT ( 'NONE',  ( -23.66698937118425050, -54.38778498142139028, -34.86188860928441358 ) ) ;
#1716 = CARTESIAN_POINT ( 'NONE',  ( -61.48747963433550012, -98.72527783597001871, -19.59945397415961921 ) ) ;
#1717 = CARTESIAN_POINT ( 'NONE',  ( -62.63979156395273407, -79.72588179819484822, -23.72133513692261175 ) ) ;
#1718 = CARTESIAN_POINT ( 'NONE',  ( -57.83598671720954343, -120.0937499647081950, -21.02017482384350799 ) ) ;
#1719 = CARTESIAN_POINT ( 'NONE',  ( -64.54017636707706629, -106.4599705107608969, -20.48116072219663053 ) ) ;
#1720 = CARTESIAN_POINT ( 'NONE',  ( -49.82933366130800579, -124.9300121156149856, -25.53011026104757875 ) ) ;
#1721 = CARTESIAN_POINT ( 'NONE',  ( -50.00624289084727536, -75.12440547084666775, -27.47513485824152113 ) ) ;
#1722 = CARTESIAN_POINT ( 'NONE',  ( -66.76118754157967317, -95.74924066264577505, -20.85026871198703446 ) ) ;
#1723 = CARTESIAN_POINT ( 'NONE',  ( -59.62496397574528828, -114.2853247461359700, -26.31292066823305120 ) ) ;
#1724 = CARTESIAN_POINT ( 'NONE',  ( -66.01781581694127965, -92.47322120024588799, -19.56895869372162977 ) ) ;
#1725 = CARTESIAN_POINT ( 'NONE',  ( -61.22728038264231998, -93.27062744585064991, -20.32603446438001882 ) ) ;
#1726 = CARTESIAN_POINT ( 'NONE',  ( -60.58580534568704223, -100.4554070386947870, -23.63287899995226127 ) ) ;
#1727 = CARTESIAN_POINT ( 'NONE',  ( 4.358204758292115955, -2.419614916423941775, -4.472233208863963583 ) ) ;
#1728 = CARTESIAN_POINT ( 'NONE',  ( -11.09009957029426374, -48.22863717807249628, -33.35844619568291591 ) ) ;
#1729 = CARTESIAN_POINT ( 'NONE',  ( -63.16013890681669807, -100.0845858238504036, -25.18222689637288525 ) ) ;
#1730 = CARTESIAN_POINT ( 'NONE',  ( 0.8508480103472358946, 3.250000000000000444, 0.000000000000000000 ) ) ;
#1731 = CARTESIAN_POINT ( 'NONE',  ( -61.92991762229428332, -112.3442728432335684, -25.05739248361371097 ) ) ;
#1732 = CARTESIAN_POINT ( 'NONE',  ( -48.66549902886367818, -68.94605313500019861, -24.19628002402121325 ) ) ;
#1733 = CARTESIAN_POINT ( 'NONE',  ( -13.48233908496718314, -42.86837333600342248, -33.64925289080044024 ) ) ;
#1734 = CARTESIAN_POINT ( 'NONE',  ( -59.20259749262007176, -107.8398697518584015, -20.24474233915644561 ) ) ;
#1735 = CARTESIAN_POINT ( 'NONE',  ( 3.946116637313144437, -1.306980117275295505, -2.613418202174650595 ) ) ;
#1736 = CARTESIAN_POINT ( 'NONE',  ( -52.06097930303358368, -121.2112294425566006, -25.66179422228666240 ) ) ;
#1737 = CARTESIAN_POINT ( 'NONE',  ( -54.93572886998035898, -117.3106313933735834, -26.30156569303767000 ) ) ;
#1738 = CARTESIAN_POINT ( 'NONE',  ( -61.00083837978342416, -92.50302800301962236, -23.58800795786788029 ) ) ;
#1739 = CARTESIAN_POINT ( 'NONE',  ( -9.240525780613090490, -36.64229450429822066, -28.16606281543830193 ) ) ;
#1740 = CARTESIAN_POINT ( 'NONE',  ( -2.584790213574390538, -1.862826710718636036, -2.424106653491678198 ) ) ;
#1741 = CARTESIAN_POINT ( 'NONE',  ( -62.99396074460152306, -91.10854598468490906, -18.86547009114921991 ) ) ;
#1742 = CARTESIAN_POINT ( 'NONE',  ( -49.54876579076550058, -125.3999536442473328, -25.63025256725251211 ) ) ;
#1743 = CARTESIAN_POINT ( 'NONE',  ( -61.27361398108156010, -102.0959308903401563, -24.93736267293569142 ) ) ;
#1744 = CARTESIAN_POINT ( 'NONE',  ( -64.25499314103225856, -106.1405305297128336, -19.76606503590125996 ) ) ;
#1745 = CARTESIAN_POINT ( 'NONE',  ( -66.24100381854022146, -97.72840210448003972, -23.33141703805704381 ) ) ;
#1746 = CARTESIAN_POINT ( 'NONE',  ( -61.58598209082109065, -90.93152757401912822, -19.72162797258122069 ) ) ;
#1747 = CALENDAR_DATE ( 2026, 26, 7 ) ;
#1748 = CARTESIAN_POINT ( 'NONE',  ( -0.1121349649686188138, -12.97542857603760069, -14.22048845406018103 ) ) ;
#1749 = CARTESIAN_POINT ( 'NONE',  ( 3.603663686315147441, -1.472875331784120778, -1.303386142839743522 ) ) ;
#1750 = CARTESIAN_POINT ( 'NONE',  ( -60.99174180325983485, -100.1713846721136179, -24.32461096017379987 ) ) ;
#1751 = CARTESIAN_POINT ( 'NONE',  ( -56.71499156207790548, -72.67366925633484698, -25.04382690143608414 ) ) ;
#1752 = CARTESIAN_POINT ( 'NONE',  ( -59.10418802702866969, -115.4556050088012427, -26.48256392764510991 ) ) ;
#1753 = CARTESIAN_POINT ( 'NONE',  ( -2.509803030801390999, -0.1648539113738024531, -2.527223064136468356 ) ) ;
#1754 = CARTESIAN_POINT ( 'NONE',  ( -65.84893134300118334, -98.37268107465926903, -19.43279727509766275 ) ) ;
#1755 = CARTESIAN_POINT ( 'NONE',  ( -50.00184958229744581, -125.5212276195860852, -23.94377012711294839 ) ) ;
#1756 = CARTESIAN_POINT ( 'NONE',  ( -60.81118974320509096, -99.05278806832251348, -23.57249753904849143 ) ) ;
#1757 = DIRECTION ( 'NONE',  ( 0.000000000000000000, 0.000000000000000000, 1.000000000000000000 ) ) ;
#1758 = CARTESIAN_POINT ( 'NONE',  ( -4.474563668124682536, -39.13940404852564825, -32.00765792544314792 ) ) ;
#1759 = CARTESIAN_POINT ( 'NONE',  ( -58.21659155271574804, -115.3915213042725725, -26.69663973527234901 ) ) ;
#1760 = CARTESIAN_POINT ( 'NONE',  ( 3.837788878582637953, -5.428398401890724756, -13.68930278500227971 ) ) ;
#1761 = CARTESIAN_POINT ( 'NONE',  ( -61.22822698337024150, -106.0276039061341180, -19.12315563969001175 ) ) ;
#1762 = APPROVAL_PERSON_ORGANIZATION ( #2429, #1654, #1434 ) ;
#1763 = CARTESIAN_POINT ( 'NONE',  ( -55.93215428399016531, -115.6866875305192508, -21.30556740261062032 ) ) ;
#1764 = CARTESIAN_POINT ( 'NONE',  ( -61.11187437444654336, -95.15495384712382076, -23.51826424497762602 ) ) ;
#1765 = CARTESIAN_POINT ( 'NONE',  ( -49.38721729576298713, -125.8261223792256658, -26.61190061058515965 ) ) ;
#1766 = CARTESIAN_POINT ( 'NONE',  ( -52.10041765384907819, -122.6286527582012127, -27.29233904266444810 ) ) ;
#1767 = CARTESIAN_POINT ( 'NONE',  ( -59.33564722136577529, -105.5781879296369965, -24.01058593520619766 ) ) ;
#1768 = CARTESIAN_POINT ( 'NONE',  ( -60.72865724283305866, -113.9793563210556044, -20.10269377584936024 ) ) ;
#1769 = CARTESIAN_POINT ( 'NONE',  ( -1.463364329835561417, -5.053129820061758259, -8.019766914029670346 ) ) ;
#1770 = CARTESIAN_POINT ( 'NONE',  ( -62.22021404452003424, -102.2924135183678374, -18.85454709261752626 ) ) ;
#1771 = CARTESIAN_POINT ( 'NONE',  ( -46.83666480023968148, -72.76838102568972033, -26.20041749290046695 ) ) ;
#1772 = CARTESIAN_POINT ( 'NONE',  ( -57.97791034221103956, -112.2358303370008912, -25.97977769224456779 ) ) ;
#1773 = CARTESIAN_POINT ( 'NONE',  ( -58.62821985217091481, -119.9578514725648972, -21.45798790512738918 ) ) ;
#1774 = CARTESIAN_POINT ( 'NONE',  ( -65.10272011311406004, -104.3723233996796296, -23.54900712464136703 ) ) ;
#1775 = CARTESIAN_POINT ( 'NONE',  ( -58.74132984852396788, -82.45049952011771666, -20.82119592961233323 ) ) ;
#1776 = CARTESIAN_POINT ( 'NONE',  ( -55.04793485276276499, -74.01211562502984975, -22.10913518504436226 ) ) ;
#1777 = CARTESIAN_POINT ( 'NONE',  ( -5.759874514751338381, -37.09905996661004224, -32.90616434657015077 ) ) ;
#1778 = CARTESIAN_POINT ( 'NONE',  ( -56.02041566162903052, -114.2499769564849856, -21.86177833828179828 ) ) ;
#1779 = CARTESIAN_POINT ( 'NONE',  ( -47.32121199796718258, -129.0157884119458060, -26.43121954802899509 ) ) ;
#1780 = CARTESIAN_POINT ( 'NONE',  ( -61.29625769170099403, -92.19078581142481710, -24.32230002155675663 ) ) ;
#1781 = CARTESIAN_POINT ( 'NONE',  ( -65.81708784466691498, -102.9632768144352184, -20.95413256924312151 ) ) ;
#1782 = CARTESIAN_POINT ( 'NONE',  ( -37.59370327667090805, -63.87208198421696892, -32.88001382172860332 ) ) ;
#1783 = CARTESIAN_POINT ( 'NONE',  ( -0.9009216160637925075, -11.51908058858734663, -14.62178635765150858 ) ) ;
#1784 = CARTESIAN_POINT ( 'NONE',  ( -59.28489571594429464, -105.9012993649888017, -20.80216715821020301 ) ) ;
#1785 = CARTESIAN_POINT ( 'NONE',  ( -55.03962255121542313, -116.2700198153301159, -25.44445786536799758 ) ) ;
#1786 = CARTESIAN_POINT ( 'NONE',  ( -60.78352589916116955, -90.84319837648224905, -23.67996088622468775 ) ) ;
#1787 = CARTESIAN_POINT ( 'NONE',  ( -61.52866331870968253, -85.26650835731933853, -26.01330687983455547 ) ) ;
#1788 = CARTESIAN_POINT ( 'NONE',  ( -52.96105883187907892, -125.4163930339169184, -28.49343049772594227 ) ) ;
#1789 = CARTESIAN_POINT ( 'NONE',  ( -22.70062984305861420, -56.69462102646740220, -34.52259132280565979 ) ) ;
#1790 = CARTESIAN_POINT ( 'NONE',  ( -63.02873109345581781, -91.43320831749477406, -18.84473121201092383 ) ) ;
#1791 = CARTESIAN_POINT ( 'NONE',  ( -20.23453875492865706, -49.45732452193760054, -34.03846678373719215 ) ) ;
#1792 = CARTESIAN_POINT ( 'NONE',  ( -56.77664996275295550, -113.8709138148198576, -21.02507898447321466 ) ) ;
#1793 = CARTESIAN_POINT ( 'NONE',  ( -61.11111174307013982, -94.54687189873622799, -23.52617231893239236 ) ) ;
#1794 = CARTESIAN_POINT ( 'NONE',  ( 5.369795174472105082, -12.10231242602334589, -15.70002068421942276 ) ) ;
#1795 = CARTESIAN_POINT ( 'NONE',  ( -60.55134555582651501, -100.6440591045839454, -23.64237505290736863 ) ) ;
#1796 = CARTESIAN_POINT ( 'NONE',  ( -63.24300718879362648, -99.52075650596933087, -25.16397607560729099 ) ) ;
#1797 = CARTESIAN_POINT ( 'NONE',  ( -63.98509457828602365, -94.78729013598288589, -18.56960735115791294 ) ) ;
#1798 = CARTESIAN_POINT ( 'NONE',  ( -60.34623514804511046, -118.3380120977515588, -23.43637059911970866 ) ) ;
#1799 = CARTESIAN_POINT ( 'NONE',  ( -56.40383911477083956, -125.6112505372614692, -23.81051280956649663 ) ) ;
#1800 = CARTESIAN_POINT ( 'NONE',  ( -59.33181298708688445, -80.58458419525896943, -20.37863995430718234 ) ) ;
#1801 = CARTESIAN_POINT ( 'NONE',  ( 4.047441508193649007, -19.48495180835720575, -20.17215464355465926 ) ) ;
#1802 = CARTESIAN_POINT ( 'NONE',  ( 1.696456640980667618, 2.899737436731892437, 0.000000000000000000 ) ) ;
#1803 = CARTESIAN_POINT ( 'NONE',  ( -1.575712185458672643, -4.556660375680731789, -5.736847419549128801 ) ) ;
#1804 = CARTESIAN_POINT ( 'NONE',  ( -56.11532020321615732, -73.52443865153699676, -27.41071747212519227 ) ) ;
#1805 = CARTESIAN_POINT ( 'NONE',  ( -51.91066604515088301, -74.22696907645011777, -22.96861673042947061 ) ) ;
#1806 = CARTESIAN_POINT ( 'NONE',  ( -53.05027856188861080, -72.05636432839089878, -22.84073215357908992 ) ) ;
#1807 = CARTESIAN_POINT ( 'NONE',  ( -51.43027494694528912, -129.5848259063405692, -29.10437765491077045 ) ) ;
#1808 = CARTESIAN_POINT ( 'NONE',  ( -51.23248456263372219, -123.4302985800189845, -23.51045139824260843 ) ) ;
#1809 = CARTESIAN_POINT ( 'NONE',  ( -61.07768751699841658, -99.63718955524491605, -24.30185448024255379 ) ) ;
#1810 = CARTESIAN_POINT ( 'NONE',  ( -62.22162478918960460, -113.9798381120517234, -21.94317220014694314 ) ) ;
#1811 = CARTESIAN_POINT ( 'NONE',  ( -5.759874514751338381, -37.09905996661004224, -32.90616434657015077 ) ) ;
#1812 = CARTESIAN_POINT ( 'NONE',  ( -17.36856642255391847, -45.62044729331940118, -31.92882863732496190 ) ) ;
#1813 = CARTESIAN_POINT ( 'NONE',  ( -59.97314579843727955, -103.5181749267221250, -20.59462915625599067 ) ) ;
#1814 = CARTESIAN_POINT ( 'NONE',  ( -57.36229016328962871, -111.1062158750394673, -24.65555297262093148 ) ) ;
#1815 = CARTESIAN_POINT ( 'NONE',  ( -61.02721067451154369, -92.79764066616138507, -23.57541428719974519 ) ) ;
#1816 = CARTESIAN_POINT ( 'NONE',  ( -55.20658016205783269, -76.95740767494929457, -28.08578036315084958 ) ) ;
#1817 = CARTESIAN_POINT ( 'NONE',  ( 1.786748602187566703, -23.39582119078403721, -27.08714402582235792 ) ) ;
#1818 = CARTESIAN_POINT ( 'NONE',  ( -55.07629629699054874, -75.68986425764236969, -28.36790997139064174 ) ) ;
#1819 = CARTESIAN_POINT ( 'NONE',  ( -57.88358968062123466, -114.7254457937166876, -20.15473370532868103 ) ) ;
#1820 = CARTESIAN_POINT ( 'NONE',  ( -56.95406597542101679, -113.4749047514366254, -20.96665787716962726 ) ) ;
#1821 = CARTESIAN_POINT ( 'NONE',  ( -53.11691680724739228, -77.78153977111045947, -26.03049664278752928 ) ) ;
#1822 = CARTESIAN_POINT ( 'NONE',  ( -13.76823512036099295, -50.73172929092537231, -30.65683345053342279 ) ) ;
#1823 = CARTESIAN_POINT ( 'NONE',  ( -51.08870511709441331, -124.3888156544797852, -27.65002970627880785 ) ) ;
#1824 = CARTESIAN_POINT ( 'NONE',  ( -54.03137078475032951, -78.64588720490297646, -25.79126781809589986 ) ) ;
#1825 = CARTESIAN_POINT ( 'NONE',  ( -63.16013890681669807, -100.0845858238504036, -25.18222689637288525 ) ) ;
#1826 = CARTESIAN_POINT ( 'NONE',  ( -58.65084896333373621, -78.12999415546528326, -20.86312791133471478 ) ) ;
#1827 = CARTESIAN_POINT ( 'NONE',  ( -64.70751134257893966, -107.1811716057498813, -21.22668637361468669 ) ) ;
#1828 = CARTESIAN_POINT ( 'NONE',  ( -62.85426051678192039, -98.79081283612367770, -18.71507603118719842 ) ) ;
#1829 = CC_DESIGN_PERSON_AND_ORGANIZATION_ASSIGNMENT ( #4087, #417, ( #73 ) ) ;
#1830 = CARTESIAN_POINT ( 'NONE',  ( -3.004532048222078089, -36.74077840305937315, -27.73725458244392783 ) ) ;
#1831 = CARTESIAN_POINT ( 'NONE',  ( -51.96760523942752741, -124.1614407829104891, -28.04982526629322592 ) ) ;
#1832 = CARTESIAN_POINT ( 'NONE',  ( -9.233797944599887231, -35.38512228771924129, -29.31534082434933808 ) ) ;
#1833 = CARTESIAN_POINT ( 'NONE',  ( -65.88498290518221268, -89.50108892901690183, -23.70681173600013025 ) ) ;
#1834 = CARTESIAN_POINT ( 'NONE',  ( -50.64703990158070468, -125.4701498364821930, -23.12251884786337186 ) ) ;
#1835 = DATE_TIME_ROLE ( 'creation_date' ) ;
#1836 = CARTESIAN_POINT ( 'NONE',  ( -48.86953958770681794, -68.16252140868998310, -24.60022088886224267 ) ) ;
#1837 = CARTESIAN_POINT ( 'NONE',  ( -33.75550117042767795, -61.53160953891705276, -33.65939637129243778 ) ) ;
#1838 = CARTESIAN_POINT ( 'NONE',  ( -3.744262038083045141, -36.80053956746305488, -27.19951101040123476 ) ) ;
#1839 = CARTESIAN_POINT ( 'NONE',  ( -61.20182876415620399, -98.76249623723380466, -24.27041626576610156 ) ) ;
#1840 = CARTESIAN_POINT ( 'NONE',  ( -64.70751134257893966, -107.1811716057498813, -21.22668637361468669 ) ) ;
#1841 = CARTESIAN_POINT ( 'NONE',  ( -0.5641979421033647135, -25.65794151763639519, -28.78942395917486152 ) ) ;
#1842 = CARTESIAN_POINT ( 'NONE',  ( -65.16252094074945944, -104.1301751331657641, -23.53401509897770083 ) ) ;
#1843 = CARTESIAN_POINT ( 'NONE',  ( -0.9446324383056546869, -8.186923255535054622, -10.88670131785429440 ) ) ;
#1844 = CARTESIAN_POINT ( 'NONE',  ( -60.21163980387861869, -102.5625169334392268, -20.52535698352720672 ) ) ;
#1845 = CARTESIAN_POINT ( 'NONE',  ( -60.21512153305405946, -102.2826325840846380, -23.74029018751004116 ) ) ;
#1846 = CARTESIAN_POINT ( 'NONE',  ( -46.66239082280261385, -72.77305842780798173, -27.02329745866080657 ) ) ;
#1847 = CARTESIAN_POINT ( 'NONE',  ( -54.72273527115118696, -76.52814826269975867, -28.23238239592807020 ) ) ;
#1848 = CARTESIAN_POINT ( 'NONE',  ( 1.692610785278203300, 2.044107045948859280, -2.759511238589843263 ) ) ;
#1849 = CARTESIAN_POINT ( 'NONE',  ( -59.13675106563376005, -79.85044005122533406, -27.04407824470378330 ) ) ;
#1850 = CARTESIAN_POINT ( 'NONE',  ( -54.84071254265690953, -128.4581170056427482, -25.25329741080508938 ) ) ;
#1851 = CARTESIAN_POINT ( 'NONE',  ( -61.15616883481936128, -100.7229749329769248, -19.67715228638229519 ) ) ;
#1852 = CARTESIAN_POINT ( 'NONE',  ( -59.50971181471010141, -104.9929034773464451, -23.95594321046003827 ) ) ;
#1853 = CARTESIAN_POINT ( 'NONE',  ( -2.494631304086665669, -36.42484298168070467, -28.34222453534297159 ) ) ;
#1854 = CARTESIAN_POINT ( 'NONE',  ( 1.419493867757305017, -28.92715707345418608, -27.40023245449237876 ) ) ;
#1855 = CARTESIAN_POINT ( 'NONE',  ( 4.909261652623383654, -3.173030015247275237, -6.990344198309619728 ) ) ;
#1856 = CARTESIAN_POINT ( 'NONE',  ( -63.34183232574455502, -98.75667651771983913, -25.14441456438944300 ) ) ;
#1857 = CARTESIAN_POINT ( 'NONE',  ( -57.38358434160297605, -76.54392828190331954, -21.30589809641063326 ) ) ;
#1858 = CARTESIAN_POINT ( 'NONE',  ( -60.75600720232023377, -117.2706618176692359, -22.39539212986615624 ) ) ;
#1859 = CARTESIAN_POINT ( 'NONE',  ( -54.24021778045314335, -74.36796786200343945, -22.11444840486559471 ) ) ;
#1860 = CARTESIAN_POINT ( 'NONE',  ( -23.72200060201214811, -58.46105218871049658, -30.31570473038564373 ) ) ;
#1861 = CARTESIAN_POINT ( 'NONE',  ( -50.00624289084727536, -75.12440547084666775, -27.47513485824152113 ) ) ;
#1862 = CARTESIAN_POINT ( 'NONE',  ( 2.133864175000831587, 2.312076667040914746, -1.398936392142599017 ) ) ;
#1863 = CARTESIAN_POINT ( 'NONE',  ( -51.88888046751890926, -131.6786672850864477, -23.71556136841898521 ) ) ;
#1864 = CARTESIAN_POINT ( 'NONE',  ( -65.94243261100527320, -100.2103639341885071, -23.36507541867529980 ) ) ;
#1865 = CARTESIAN_POINT ( 'NONE',  ( 1.696456640980666730, -2.899737436731891993, 0.000000000000000000 ) ) ;
#1866 = CARTESIAN_POINT ( 'NONE',  ( -54.55666740064751963, -73.52007932722436578, -22.28241335338312012 ) ) ;
#1867 = CARTESIAN_POINT ( 'NONE',  ( -1.630683914528945788, -3.175817927157523535, -6.531741614681756403 ) ) ;
#1868 = CARTESIAN_POINT ( 'NONE',  ( 1.821125143832097448, -2.740978846847787587, -10.77807243711725249 ) ) ;
#1869 = CARTESIAN_POINT ( 'NONE',  ( -48.38961288845518283, -128.1548516497313130, -24.51743404129387116 ) ) ;
#1870 = CARTESIAN_POINT ( 'NONE',  ( -56.58464832133195443, -113.8227434977715546, -25.73571423965253047 ) ) ;
#1871 = CARTESIAN_POINT ( 'NONE',  ( -55.46932250603964576, -127.2263971602806691, -24.12332176734296851 ) ) ;
#1872 = CARTESIAN_POINT ( 'NONE',  ( -55.77473921033333681, -74.18337108558311854, -27.95580868409851405 ) ) ;
#1873 = CARTESIAN_POINT ( 'NONE',  ( -11.97114879783956454, -39.41184194778333705, -30.64624575085031211 ) ) ;
#1874 = CARTESIAN_POINT ( 'NONE',  ( -59.41038140266985579, -105.4957899268859478, -20.76370695031405944 ) ) ;
#1875 = CARTESIAN_POINT ( 'NONE',  ( -50.13934749841764926, -125.2797781150910339, -27.16587295114009848 ) ) ;
#1876 = CARTESIAN_POINT ( 'NONE',  ( -50.33973381021100835, -75.45230066190069351, -26.60233668380009675 ) ) ;
#1877 = CARTESIAN_POINT ( 'NONE',  ( -51.19073896649920385, -128.3883845965293915, -29.11567614958365624 ) ) ;
#1878 = CARTESIAN_POINT ( 'NONE',  ( -59.53083066401799073, -80.34879215470166969, -26.91144647333094753 ) ) ;
#1879 = CARTESIAN_POINT ( 'NONE',  ( -18.42419675389319522, -51.28123773979660882, -29.22885266315088870 ) ) ;
#1880 = CARTESIAN_POINT ( 'NONE',  ( -46.66239082280261385, -72.77305842780798173, -27.02329745866080657 ) ) ;
#1881 = CARTESIAN_POINT ( 'NONE',  ( -1.625038739099649021, -34.84038044440278270, -27.86463394630754564 ) ) ;
#1882 = CARTESIAN_POINT ( 'NONE',  ( 4.712942172396457075, -18.19672700388586151, -21.07037370151773104 ) ) ;
#1883 = CARTESIAN_POINT ( 'NONE',  ( -61.97646628764898935, -105.4166490834887924, -25.50261521397854025 ) ) ;
#1884 = CARTESIAN_POINT ( 'NONE',  ( -63.62136841334145743, -89.62393014268025127, -18.84814456288732742 ) ) ;
#1885 = CARTESIAN_POINT ( 'NONE',  ( -62.43036225250265403, -113.6996668190526947, -22.78914599065255331 ) ) ;
#1886 = CARTESIAN_POINT ( 'NONE',  ( 2.353185510715892104, -11.40518145561295427, -11.59686761223730578 ) ) ;
#1887 = CARTESIAN_POINT ( 'NONE',  ( 5.211169588661117125, -9.829379000978208936, -12.53197089626767813 ) ) ;
#1888 = CARTESIAN_POINT ( 'NONE',  ( 3.250000000000000444, -0.8508480103472357836, 0.000000000000000000 ) ) ;
#1889 = CARTESIAN_POINT ( 'NONE',  ( -33.19886625776393885, -64.86348745875088184, -31.29529759181652082 ) ) ;
#1890 = CARTESIAN_POINT ( 'NONE',  ( -36.95171189307076531, -66.19275315832307172, -31.84163579922786980 ) ) ;
#1891 = CARTESIAN_POINT ( 'NONE',  ( -1.068715128173433282, -7.032090442204415481, -9.395352427757273972 ) ) ;
#1892 = CARTESIAN_POINT ( 'NONE',  ( -57.49509885628171446, -122.9176022683189871, -25.89022368964291587 ) ) ;
#1893 = CARTESIAN_POINT ( 'NONE',  ( -60.74813634115410821, -102.6161425207646971, -19.78572829953740353 ) ) ;
#1894 = CARTESIAN_POINT ( 'NONE',  ( -20.23453875492865706, -49.45732452193760054, -34.03846678373719215 ) ) ;
#1895 = CARTESIAN_POINT ( 'NONE',  ( -63.98376878045848315, -93.71355390866922619, -18.60118335882721041 ) ) ;
#1896 = ORIENTED_EDGE ( 'NONE', *, *, #4690, .T. ) ;
#1897 = CARTESIAN_POINT ( 'NONE',  ( -55.07232912422363569, -123.3907597397758877, -27.83802901667464624 ) ) ;
#1898 = CARTESIAN_POINT ( 'NONE',  ( -10.01946064970827699, -45.30117708732851156, -29.04144786129664624 ) ) ;
#1899 = CARTESIAN_POINT ( 'NONE',  ( -43.16972804561840604, -136.7345665765856779, -30.51698731832762945 ) ) ;
#1900 = CARTESIAN_POINT ( 'NONE',  ( -2.126115628105412547, -18.44768794059213590, -21.49117681290865178 ) ) ;
#1901 = CARTESIAN_POINT ( 'NONE',  ( 1.671050186655649972, -16.76853214692541272, -23.82325591623131800 ) ) ;
#1902 = CARTESIAN_POINT ( 'NONE',  ( -44.86869432698263438, -64.09636445438317764, -27.52087600719371707 ) ) ;
#1903 = CARTESIAN_POINT ( 'NONE',  ( -50.57549865607856532, -67.94629209498279465, -26.71098126529312822 ) ) ;
#1904 = CARTESIAN_POINT ( 'NONE',  ( -48.23356600300144237, -73.34684854722740965, -25.25521971672387878 ) ) ;
#1905 = CARTESIAN_POINT ( 'NONE',  ( -59.12946273419248655, -106.2432741492163473, -24.07667293760945526 ) ) ;
#1906 = CARTESIAN_POINT ( 'NONE',  ( 3.130594389238877895, -17.64874893437175274, -23.83791416236554994 ) ) ;
#1907 = CARTESIAN_POINT ( 'NONE',  ( -64.30693783952561660, -97.58578044849949151, -24.96798808572512129 ) ) ;
#1908 = CARTESIAN_POINT ( 'NONE',  ( -49.81294320184711211, -136.4008969455879878, -26.98485170293887947 ) ) ;
#1909 = CARTESIAN_POINT ( 'NONE',  ( -16.24484884489320535, -49.24905228023679626, -29.10677661389613036 ) ) ;
#1910 = CARTESIAN_POINT ( 'NONE',  ( -65.12725287394920315, -84.73086469016968181, -22.69551406150342743 ) ) ;
#1911 = CARTESIAN_POINT ( 'NONE',  ( -48.14537335808591223, -128.5507972902922234, -27.88214678110117362 ) ) ;
#1912 = CARTESIAN_POINT ( 'NONE',  ( -47.83797357062248778, -73.59088667209309165, -26.90320176505130334 ) ) ;
#1913 = CARTESIAN_POINT ( 'NONE',  ( -58.84878693280552397, -107.1072129015535381, -24.16706405319196804 ) ) ;
#1914 = CARTESIAN_POINT ( 'NONE',  ( -56.98290404472894011, -117.9861473776851994, -27.10967421970144642 ) ) ;
#1915 = CARTESIAN_POINT ( 'NONE',  ( -63.30578721305413126, -101.1053066345822629, -18.63471419683670405 ) ) ;
#1916 = CARTESIAN_POINT ( 'NONE',  ( -52.73137745257464104, -124.6120056287974904, -21.87916097861456066 ) ) ;
#1917 = CARTESIAN_POINT ( 'NONE',  ( -55.12381601996025893, -115.2606717348778034, -24.59352826598513531 ) ) ;
#1918 = CARTESIAN_POINT ( 'NONE',  ( -41.73940758528328843, -137.3395000703414155, -28.46767433618384047 ) ) ;
#1919 = CARTESIAN_POINT ( 'NONE',  ( -61.45574843403172594, -89.52631117320703424, -25.05083523880306373 ) ) ;
#1920 = CARTESIAN_POINT ( 'NONE',  ( -60.73649769638906548, -83.66239848720904604, -26.29568421081640395 ) ) ;
#1921 = CARTESIAN_POINT ( 'NONE',  ( -3.663641978003343791, -24.06461330255787701, -24.14675104298810027 ) ) ;
#1922 = CARTESIAN_POINT ( 'NONE',  ( -61.78921000777283012, -114.0713890630699012, -24.50434564974942475 ) ) ;
#1923 = CARTESIAN_POINT ( 'NONE',  ( -60.50581436129976254, -103.5905574955378654, -19.85380491271559933 ) ) ;
#1924 = CARTESIAN_POINT ( 'NONE',  ( -35.26408691209638135, -58.93170962261032741, -31.95825029566424291 ) ) ;
#1925 = CARTESIAN_POINT ( 'NONE',  ( -62.24598889230187382, -105.4897302128236731, -18.90053953812967436 ) ) ;
#1926 = CARTESIAN_POINT ( 'NONE',  ( -1.740349550802283485, -2.848906736954190499, -5.977543696613227375 ) ) ;
#1927 = CARTESIAN_POINT ( 'NONE',  ( -60.46324848292378817, -79.04701437631285899, -26.34221259732746034 ) ) ;
#1928 = CARTESIAN_POINT ( 'NONE',  ( -60.42813043602141221, -98.89670279014485743, -21.96844223475930136 ) ) ;
#1929 = CARTESIAN_POINT ( 'NONE',  ( 4.228976036360352353, -19.81480381879963915, -22.97991972814853412 ) ) ;
#1930 = CARTESIAN_POINT ( 'NONE',  ( -2.895782839540109510, -1.327865244983386761, -1.231236322973401132 ) ) ;
#1931 = CARTESIAN_POINT ( 'NONE',  ( -64.64023492483875089, -104.0158263269295844, -24.27690945647675136 ) ) ;
#1932 = CARTESIAN_POINT ( 'NONE',  ( -59.80396055023346236, -110.1639441424996875, -19.54713055649169107 ) ) ;
#1933 = CARTESIAN_POINT ( 'NONE',  ( -56.52403102451271621, -73.63592524529960315, -22.65373065497652405 ) ) ;
#1934 = CARTESIAN_POINT ( 'NONE',  ( -16.36437524949275968, -45.39730178387095805, -33.35375197526025204 ) ) ;
#1935 = CARTESIAN_POINT ( 'NONE',  ( -10.01946064970827699, -45.30117708732851156, -29.04144786129664624 ) ) ;
#1936 = CARTESIAN_POINT ( 'NONE',  ( -48.14537335808591223, -128.5507972902922234, -27.88214678110117362 ) ) ;
#1937 = CARTESIAN_POINT ( 'NONE',  ( -60.48293986215488616, -101.0057304377976237, -23.66175848608982335 ) ) ;
#1938 = CARTESIAN_POINT ( 'NONE',  ( -57.87460203788787538, -78.39037088004309339, -27.46398969685173697 ) ) ;
#1939 = CARTESIAN_POINT ( 'NONE',  ( -64.36057478773012974, -93.30385484894418369, -25.04793736334801935 ) ) ;
#1940 = CARTESIAN_POINT ( 'NONE',  ( -55.95378617678235145, -126.5671558723849017, -24.87848242976313529 ) ) ;
#1941 = CARTESIAN_POINT ( 'NONE',  ( 3.080391623677981805, -14.11551507326814736, -14.44209077845948741 ) ) ;
#1942 = CARTESIAN_POINT ( 'NONE',  ( -65.15764779573375165, -105.9343861858401965, -22.01189414829662638 ) ) ;
#1943 = CARTESIAN_POINT ( 'NONE',  ( -55.90972440075128702, -114.4314329870522755, -25.14513447567076909 ) ) ;
#1944 = CARTESIAN_POINT ( 'NONE',  ( -57.66455533923284804, -110.3541676442801531, -24.55508917563979310 ) ) ;
#1945 = CARTESIAN_POINT ( 'NONE',  ( -50.13934749841764926, -125.2797781150910339, -27.16587295114009848 ) ) ;
#1946 = CARTESIAN_POINT ( 'NONE',  ( -57.36457105654453414, -113.6540969088399464, -26.18406602136431971 ) ) ;
#1947 = CARTESIAN_POINT ( 'NONE',  ( -62.60283909168096272, -104.2003400907712773, -18.80483836197280922 ) ) ;
#1948 = CARTESIAN_POINT ( 'NONE',  ( 2.292921282001545435, -8.850832798164733006, -8.749025586405712929 ) ) ;
#1949 = CARTESIAN_POINT ( 'NONE',  ( -60.55875177783997287, -98.33101474977243583, -22.83895624233375798 ) ) ;
#1950 = CARTESIAN_POINT ( 'NONE',  ( -49.35349042268011033, -74.72167118081860337, -25.91227477476341789 ) ) ;
#1951 = CARTESIAN_POINT ( 'NONE',  ( -50.05413908729006778, -74.67360240863582987, -28.26788163469381843 ) ) ;
#1952 = CARTESIAN_POINT ( 'NONE',  ( -40.73781540834382753, -68.35889707648082947, -30.97939722452715117 ) ) ;
#1953 = CARTESIAN_POINT ( 'NONE',  ( -64.92775434275785074, -100.3620966035065294, -18.95988408410160631 ) ) ;
#1954 = CARTESIAN_POINT ( 'NONE',  ( -0.7386000647336878888, -2.649043148707927564, -8.575670651435387981 ) ) ;
#1956 = CARTESIAN_POINT ( 'NONE',  ( -60.73783748753280065, -116.4540093029612962, -24.83347840022590702 ) ) ;
#1955 = CARTESIAN_POINT ( 'NONE',  ( -57.47051384441621735, -112.2985353951725074, -20.79734520353147431 ) ) ;
#1957 = CARTESIAN_POINT ( 'NONE',  ( -53.26801434417670578, -131.0374279941144380, -25.78877375299605745 ) ) ;
#1958 = CARTESIAN_POINT ( 'NONE',  ( -63.41824129450530734, -100.4917340754708164, -18.61103214327150113 ) ) ;
#1959 = LOCAL_TIME ( 23, 45, 24.00000000000000000, #19 ) ;
#1960 = CARTESIAN_POINT ( 'NONE',  ( -65.57144017165208538, -98.93067431158944203, -24.07869213608139347 ) ) ;
#1961 = CARTESIAN_POINT ( 'NONE',  ( -48.77543312313650858, -73.80483535686735763, -25.17960277216704057 ) ) ;
#1962 = CARTESIAN_POINT ( 'NONE',  ( -17.60203233530495481, -54.74956097619055129, -32.49139712726081086 ) ) ;
#1963 = CARTESIAN_POINT ( 'NONE',  ( -28.22233794317280342, -54.21744060056571612, -31.47797854308246457 ) ) ;
#1964 = CARTESIAN_POINT ( 'NONE',  ( -65.61734009081740737, -98.52675152030769823, -24.07337949675591560 ) ) ;
#1965 = CARTESIAN_POINT ( 'NONE',  ( -62.74382226763569292, -99.54939686339095317, -18.73522545513272775 ) ) ;
#1966 = CARTESIAN_POINT ( 'NONE',  ( -63.51362196751550471, -106.3909686735297697, -19.29130956964272414 ) ) ;
#1967 = CARTESIAN_POINT ( 'NONE',  ( -9.239417705491769439, -36.06503452278631983, -31.12415481314045707 ) ) ;
#1968 = CARTESIAN_POINT ( 'NONE',  ( -53.25657434577110649, -77.86934120484353627, -24.29574250377802258 ) ) ;
#1969 = CARTESIAN_POINT ( 'NONE',  ( -49.92669692725618802, -125.6367085548655211, -27.24199987829977943 ) ) ;
#1970 = CARTESIAN_POINT ( 'NONE',  ( -63.97871246689694402, -100.2915341097441484, -25.02303446875642834 ) ) ;
#1971 = CARTESIAN_POINT ( 'NONE',  ( -48.26059241471661210, -138.6604999296586982, -27.53232566381622703 ) ) ;
#1972 = CARTESIAN_POINT ( 'NONE',  ( -15.72360014948709050, -44.13107384213840589, -32.60793586462753524 ) ) ;
#1973 = CARTESIAN_POINT ( 'NONE',  ( -11.43246926972537381, -44.47561856122451474, -28.56358266277334579 ) ) ;
#1974 = CARTESIAN_POINT ( 'NONE',  ( -66.84253186569701199, -93.94830670206432899, -21.78532254299677717 ) ) ;
#1975 = CARTESIAN_POINT ( 'NONE',  ( -55.76968203507074406, -114.7341014879343959, -25.19316251293669495 ) ) ;
#1976 = CARTESIAN_POINT ( 'NONE',  ( -60.76130935096965402, -99.39810632793846423, -23.58539475061816759 ) ) ;
#1977 = CARTESIAN_POINT ( 'NONE',  ( -56.08498762558757278, -114.0489642463931261, -25.08524759137066340 ) ) ;
#1978 = CARTESIAN_POINT ( 'NONE',  ( 1.154674721023127182, -14.29827934103183118, -22.01023890495092061 ) ) ;
#1979 = CARTESIAN_POINT ( 'NONE',  ( -51.29334100156477660, -128.6210387167725457, -22.44968147219923438 ) ) ;
#1980 = CARTESIAN_POINT ( 'NONE',  ( -57.78976125691711019, -114.9309350391101248, -20.18508529351781533 ) ) ;
#1981 = CARTESIAN_POINT ( 'NONE',  ( -55.40834594025740500, -114.6562424716559434, -24.49550137714492593 ) ) ;
#1982 = CARTESIAN_POINT ( 'NONE',  ( -60.51862581939231234, -91.15689895147333743, -22.93469713044245850 ) ) ;
#1983 = CARTESIAN_POINT ( 'NONE',  ( -61.17007730394286114, -88.46781406071610832, -25.15963001341085814 ) ) ;
#1984 = CARTESIAN_POINT ( 'NONE',  ( -46.57512047901776242, -71.34596542491956939, -29.94748776705275617 ) ) ;
#1985 = CARTESIAN_POINT ( 'NONE',  ( -62.76321078186962410, -82.15508346296037701, -20.30432437501680454 ) ) ;
#1986 = CARTESIAN_POINT ( 'NONE',  ( -63.36703564936171773, -110.0670297641690780, -24.02562321877304896 ) ) ;
#1988 = CARTESIAN_POINT ( 'NONE',  ( -58.74982965477335028, -120.5470456655018552, -25.47490237213786912 ) ) ;
#1987 = CARTESIAN_POINT ( 'NONE',  ( 3.102585991473946425, -7.846040510409895141, -7.872020795752399991 ) ) ;
#1989 = CARTESIAN_POINT ( 'NONE',  ( -15.80951282169222161, -45.44854482867075518, -33.99694630167418552 ) ) ;
#1990 = CARTESIAN_POINT ( 'NONE',  ( -58.04578609289440294, -116.3328307086748907, -20.17924431123392992 ) ) ;
#1991 = CARTESIAN_POINT ( 'NONE',  ( -59.16843429886980488, -77.50190848242024799, -26.79972693909514803 ) ) ;
#1992 = CARTESIAN_POINT ( 'NONE',  ( -60.64618328486987053, -96.93756830624451482, -21.91804946721522995 ) ) ;
#1993 = CARTESIAN_POINT ( 'NONE',  ( -11.38126012534489462, -49.16600135456579324, -31.96289397654921416 ) ) ;
#1994 = CARTESIAN_POINT ( 'NONE',  ( -65.93072226876047637, -91.37404307642557910, -19.63766605653725605 ) ) ;
#1995 = CARTESIAN_POINT ( 'NONE',  ( -64.33541884312231218, -105.2072473016638270, -24.35608120013763056 ) ) ;
#1996 = CARTESIAN_POINT ( 'NONE',  ( -51.52766137617773978, -126.6490926309753462, -22.29474924922559254 ) ) ;
#1997 = CARTESIAN_POINT ( 'NONE',  ( -66.36821156239206232, -94.98359390853205753, -23.36917475647260645 ) ) ;
#1998 = CARTESIAN_POINT ( 'NONE',  ( -57.01796239622447615, -74.14287363964325550, -22.47867792821955391 ) ) ;
#1999 = CARTESIAN_POINT ( 'NONE',  ( -11.04572714871123651, -38.87146462337904040, -32.00965726564400882 ) ) ;
#2000 = CARTESIAN_POINT ( 'NONE',  ( 3.234579956063568851, -2.310604285602511965, -1.274067821993060567 ) ) ;
#2001 = CARTESIAN_POINT ( 'NONE',  ( -59.44630343364396907, -105.2086127455043965, -23.97564529725236682 ) ) ;
#2002 = CARTESIAN_POINT ( 'NONE',  ( -56.53177973692224612, -77.01428519187814459, -27.90522829756249479 ) ) ;
#2003 = CARTESIAN_POINT ( 'NONE',  ( -64.25176615352894771, -84.18895674752660341, -20.46993618716724228 ) ) ;
#2004 = CARTESIAN_POINT ( 'NONE',  ( -55.86745808511506084, -79.44727531740053905, -22.21992468622498151 ) ) ;
#2005 = CARTESIAN_POINT ( 'NONE',  ( -66.51718385441688497, -99.45307900176447902, -21.72181013143667982 ) ) ;
#2006 = CARTESIAN_POINT ( 'NONE',  ( -50.41201623578281499, -124.8192395335429410, -27.06826298491188965 ) ) ;
#2007 = CARTESIAN_POINT ( 'NONE',  ( -61.02721067451154369, -92.79764066616138507, -23.57541428719974519 ) ) ;
#2008 = CARTESIAN_POINT ( 'NONE',  ( -60.69271893509742455, -104.4703038152564574, -25.10835622316470861 ) ) ;
#2009 = CARTESIAN_POINT ( 'NONE',  ( -0.8675472891344894188, 1.809490283646218112, -2.684302063836260910 ) ) ;
#2010 = CARTESIAN_POINT ( 'NONE',  ( -52.33716122520777958, -126.9043556463652891, -22.08984170286686677 ) ) ;
#2011 = CARTESIAN_POINT ( 'NONE',  ( -51.89437330238273915, -126.0356053366929956, -22.16778517732044307 ) ) ;
#2012 = CARTESIAN_POINT ( 'NONE',  ( -55.44961825614070250, -114.5676552212960218, -24.48121033252999368 ) ) ;
#2013 = CARTESIAN_POINT ( 'NONE',  ( -60.77289806284068874, -95.46061110611591971, -22.80017517789500658 ) ) ;
#2014 = CARTESIAN_POINT ( 'NONE',  ( -61.27361398108156010, -102.0959308903401563, -24.93736267293569142 ) ) ;
#2015 = CARTESIAN_POINT ( 'NONE',  ( 5.247614400426285464, -6.655816564204232400, -10.21390255024240190 ) ) ;
#2016 = CARTESIAN_POINT ( 'NONE',  ( -62.43382962131840941, -103.6886884236442938, -25.37101091425851251 ) ) ;
#2017 = CARTESIAN_POINT ( 'NONE',  ( -54.21115219004580155, -71.43263968463455171, -23.51637052326482547 ) ) ;
#2018 = CARTESIAN_POINT ( 'NONE',  ( -56.83076587063774099, -124.1269190582971049, -26.11249753675784291 ) ) ;
#2019 = CARTESIAN_POINT ( 'NONE',  ( -2.488762805848046877, 1.211427488287082577, -1.311731690058685063 ) ) ;
#2020 = CARTESIAN_POINT ( 'NONE',  ( -5.593837722130425405, -29.87928698699078822, -29.50224533140666594 ) ) ;
#2021 = CARTESIAN_POINT ( 'NONE',  ( -63.87411430602151086, -97.01943593528768872, -18.54529483226517783 ) ) ;
#2022 = CARTESIAN_POINT ( 'NONE',  ( -65.81899584228935396, -95.04244994629596022, -24.09905545060034626 ) ) ;
#2023 = CARTESIAN_POINT ( 'NONE',  ( -59.83770067917996016, -88.15981878561512985, -22.29252514433517973 ) ) ;
#2024 = CARTESIAN_POINT ( 'NONE',  ( -56.03692147844762417, -115.0199795582819604, -25.92270048175119967 ) ) ;
#2025 = CARTESIAN_POINT ( 'NONE',  ( -65.43409170377978512, -88.14980652708473485, -19.92295468560090299 ) ) ;
#2026 = CARTESIAN_POINT ( 'NONE',  ( -59.65287652265333662, -117.5345274679427519, -25.77848102931859486 ) ) ;
#2027 = CARTESIAN_POINT ( 'NONE',  ( 2.184756633233789547, -14.13760631237810017, -14.24717083921508376 ) ) ;
#2028 = CARTESIAN_POINT ( 'NONE',  ( -59.08983000771495142, -76.40361562205713142, -26.37819738814609849 ) ) ;
#2029 = CARTESIAN_POINT ( 'NONE',  ( -64.43141556285888782, -86.63559432623350176, -19.57621211104367731 ) ) ;
#2030 = CARTESIAN_POINT ( 'NONE',  ( -15.15320056759731493, -44.15496819687037089, -33.24260631119623355 ) ) ;
#2031 = CARTESIAN_POINT ( 'NONE',  ( -43.37503903875474265, -135.7893489073897513, -26.32621714261560797 ) ) ;
#2032 = CARTESIAN_POINT ( 'NONE',  ( -59.62374070917891800, -104.5950137904008841, -23.92046395425298400 ) ) ;
#2033 = CARTESIAN_POINT ( 'NONE',  ( -64.40452618244810878, -95.74839803412977801, -24.97588119687665653 ) ) ;
#2034 = CARTESIAN_POINT ( 'NONE',  ( -55.64861661123979530, -72.12419428165469526, -23.76958883494709340 ) ) ;
#2035 = CARTESIAN_POINT ( 'NONE',  ( -55.45563988407346301, -115.4543747730660641, -22.05169329362810871 ) ) ;
#2036 = CARTESIAN_POINT ( 'NONE',  ( -62.43036225250265403, -113.6996668190526947, -22.78914599065255331 ) ) ;
#2037 = CARTESIAN_POINT ( 'NONE',  ( -60.00171869265903979, -87.75395369831822734, -23.96893207133815551 ) ) ;
#2038 = CARTESIAN_POINT ( 'NONE',  ( -60.21512153305405946, -102.2826325840846380, -23.74029018751004116 ) ) ;
#2039 = CARTESIAN_POINT ( 'NONE',  ( -45.68757778866945785, -67.22665016203301036, -30.82437207405565260 ) ) ;
#2040 = CARTESIAN_POINT ( 'NONE',  ( -58.77409451105484095, -114.7576214777036512, -19.94566386314793505 ) ) ;
#2041 = CIRCLE ( 'NONE', #4509, 3.250000000000004441 ) ;
#2042 = CARTESIAN_POINT ( 'NONE',  ( -15.57509238364847093, -47.37345190407864948, -29.12115702130764916 ) ) ;
#2043 = CARTESIAN_POINT ( 'NONE',  ( -60.17986888811424251, -100.7394294052759420, -22.94114703973072267 ) ) ;
#2044 = CARTESIAN_POINT ( 'NONE',  ( -39.01271013886143635, -67.69464025212573688, -27.56068789601950897 ) ) ;
#2045 = CARTESIAN_POINT ( 'NONE',  ( -49.47440544829984788, -74.29475489471815308, -28.34875666367313229 ) ) ;
#2046 = CARTESIAN_POINT ( 'NONE',  ( -8.709778297166737460, -45.39752529228300659, -30.17611730474147080 ) ) ;
#2047 = CARTESIAN_POINT ( 'NONE',  ( -0.6586682671404164857, -6.557184624235190995, -12.63873775291330581 ) ) ;
#2048 = CARTESIAN_POINT ( 'NONE',  ( -63.43992847579646366, -97.83152553783577332, -25.12843470826383552 ) ) ;
#2049 = CARTESIAN_POINT ( 'NONE',  ( -42.15981443513130245, -68.31266748200940242, -31.26290306170724520 ) ) ;
#2050 = CARTESIAN_POINT ( 'NONE',  ( -64.23641701316920205, -85.97225518180061954, -19.66541321095834149 ) ) ;
#2051 = CARTESIAN_POINT ( 'NONE',  ( -15.11570000913544654, -45.78458420875897161, -34.49066847278824355 ) ) ;
#2052 = CARTESIAN_POINT ( 'NONE',  ( -58.26268701699383712, -121.4856895351098984, -25.63520544967068204 ) ) ;
#2053 = CARTESIAN_POINT ( 'NONE',  ( -46.71736539735240257, -65.62322007416821634, -29.12473135036010419 ) ) ;
#2054 = CARTESIAN_POINT ( 'NONE',  ( -52.33945907675428089, -69.47155991909382067, -27.51714853994907628 ) ) ;
#2055 = CARTESIAN_POINT ( 'NONE',  ( -59.23193459934193328, -113.7256215648110214, -19.80041265306903853 ) ) ;
#2056 = CARTESIAN_POINT ( 'NONE',  ( -64.89653559189314080, -87.74777675456563486, -24.62655135503433712 ) ) ;
#2057 = CARTESIAN_POINT ( 'NONE',  ( -56.85584719878414006, -82.03715475042929484, -23.25691966670499156 ) ) ;
#2058 = CARTESIAN_POINT ( 'NONE',  ( -49.47440544829984788, -74.29475489471815308, -28.34875666367313229 ) ) ;
#2059 = CARTESIAN_POINT ( 'NONE',  ( -47.15736989551630387, -65.48475004835347590, -27.49737862278539069 ) ) ;
#2060 = CARTESIAN_POINT ( 'NONE',  ( -65.03211958334557607, -102.2702077721798588, -24.18148244167247185 ) ) ;
#2061 = CARTESIAN_POINT ( 'NONE',  ( -43.47270524867135322, -138.9089185037931315, -25.14909133209456726 ) ) ;
#2062 = CARTESIAN_POINT ( 'NONE',  ( -66.70822637983432912, -91.66209169910622734, -21.90930443866729505 ) ) ;
#2063 = CARTESIAN_POINT ( 'NONE',  ( -66.29559490025697244, -92.70389619034710904, -23.46418247011533253 ) ) ;
#2064 = CARTESIAN_POINT ( 'NONE',  ( -64.81668995237680519, -101.0033609521725708, -18.98021261146658745 ) ) ;
#2065 = CARTESIAN_POINT ( 'NONE',  ( -56.21838780913328293, -125.1925355478734332, -23.06102699313634119 ) ) ;
#2066 = CARTESIAN_POINT ( 'NONE',  ( -56.18203189508034257, -112.7710156735908100, -23.31613843377402162 ) ) ;
#2067 = CARTESIAN_POINT ( 'NONE',  ( -40.91440800553121449, -69.44494145942486796, -28.62401855054096345 ) ) ;
#2068 = CARTESIAN_POINT ( 'NONE',  ( -63.32314496744120902, -103.5780372570750529, -25.18491835186664574 ) ) ;
#2069 = CARTESIAN_POINT ( 'NONE',  ( -65.43409170377978512, -88.14980652708473485, -19.92295468560090299 ) ) ;
#2070 = CARTESIAN_POINT ( 'NONE',  ( -58.32053524929855826, -82.98412658918570628, -21.43224282356570143 ) ) ;
#2071 = CARTESIAN_POINT ( 'NONE',  ( -16.24484884489320535, -49.24905228023679626, -29.10677661389613036 ) ) ;
#2072 = CARTESIAN_POINT ( 'NONE',  ( -37.47225150743506106, -67.13395283939259173, -28.67237402807184310 ) ) ;
#2073 = CARTESIAN_POINT ( 'NONE',  ( -59.94027594357370958, -103.4219280987763483, -23.82306954709947178 ) ) ;
#2074 = CARTESIAN_POINT ( 'NONE',  ( -57.72352480347980475, -112.8319547967316652, -26.06434250460648983 ) ) ;
#2075 = CARTESIAN_POINT ( 'NONE',  ( -41.15811731377801408, -64.86725443141904179, -32.05860783994798879 ) ) ;
#2076 = CARTESIAN_POINT ( 'NONE',  ( -47.00554417704368859, -67.50824930201450513, -24.80192539103191507 ) ) ;
#2077 = CARTESIAN_POINT ( 'NONE',  ( -61.58598209082109065, -90.93152757401912822, -19.72162797258122069 ) ) ;
#2078 = CARTESIAN_POINT ( 'NONE',  ( -49.60084790312268410, -125.4701928786391392, -26.53523711411690300 ) ) ;
#2079 = CARTESIAN_POINT ( 'NONE',  ( -54.01560541846011887, -78.86372511187065015, -24.96459776850219114 ) ) ;
#2080 = CARTESIAN_POINT ( 'NONE',  ( -59.42360500543912138, -106.5038304160035949, -24.79878499096942335 ) ) ;
#2081 = DIRECTION ( 'NONE',  ( 0.7366811071470975580, 0.3394102306313740436, -0.5848945560656930720 ) ) ;
#2082 = CARTESIAN_POINT ( 'NONE',  ( -1.910692792313844590, -1.365717877700835414, -4.934440462958349372 ) ) ;
#2083 = CARTESIAN_POINT ( 'NONE',  ( 2.215642600009934959, 0.9951483337449869016, -4.734821365246189018 ) ) ;
#2084 = CARTESIAN_POINT ( 'NONE',  ( -63.51362196751550471, -106.3909686735297697, -19.29130956964272414 ) ) ;
#2085 = CARTESIAN_POINT ( 'NONE',  ( -56.37688649866890245, -125.8322527276368419, -24.73695641712814108 ) ) ;
#2086 = CARTESIAN_POINT ( 'NONE',  ( -13.86585529904480296, -44.48530318096246816, -34.36307850834472788 ) ) ;
#2087 = CARTESIAN_POINT ( 'NONE',  ( -59.67591740847462489, -118.7007180251239049, -25.17319548561967935 ) ) ;
#2088 = CARTESIAN_POINT ( 'NONE',  ( -65.15416364032107310, -84.84644945759723100, -21.78779447092894728 ) ) ;
#2089 = CARTESIAN_POINT ( 'NONE',  ( -40.01530533707120441, -62.43789874795161410, -31.72108948142816942 ) ) ;
#2090 = CARTESIAN_POINT ( 'NONE',  ( -12.95758485311208474, -42.49298530198986867, -29.17676440812227057 ) ) ;
#2091 = CARTESIAN_POINT ( 'NONE',  ( -49.96810385729810378, -124.6961631670656487, -25.48076002122121153 ) ) ;
#2092 = CARTESIAN_POINT ( 'NONE',  ( -62.03544420850284524, -93.51989786697050988, -24.79960428931105909 ) ) ;
#2093 = CARTESIAN_POINT ( 'NONE',  ( -66.06659803271902831, -93.60860974217821706, -19.51319586051532085 ) ) ;
#2094 = CARTESIAN_POINT ( 'NONE',  ( -41.79595985381041601, -65.22113119297853245, -31.90044602752861636 ) ) ;
#2095 = CARTESIAN_POINT ( 'NONE',  ( -7.886297220932670271, -38.66589932286749587, -27.33271623572383646 ) ) ;
#2096 = CARTESIAN_POINT ( 'NONE',  ( -66.79618038956149917, -92.79331811223234183, -21.84016515882184706 ) ) ;
#2097 = CARTESIAN_POINT ( 'NONE',  ( -66.11265452558626521, -98.95689781410732166, -23.34102497645668706 ) ) ;
#2098 = CARTESIAN_POINT ( 'NONE',  ( -59.47401998867050565, -116.7623871803554607, -20.49511699261377728 ) ) ;
#2099 = CARTESIAN_POINT ( 'NONE',  ( -64.87189067201262560, -105.2847572537552168, -20.39683324811090159 ) ) ;
#2100 = CARTESIAN_POINT ( 'NONE',  ( -60.17235605627508477, -100.4516570265186886, -22.03724029564146747 ) ) ;
#2101 = CARTESIAN_POINT ( 'NONE',  ( 4.170723168075395115, -20.59812230431082369, -22.50631572585559326 ) ) ;
#2102 = CARTESIAN_POINT ( 'NONE',  ( -60.20626533417706128, -112.9265787462086337, -26.12553055101276556 ) ) ;
#2103 = CARTESIAN_POINT ( 'NONE',  ( -63.92329055507928359, -108.4538990219981400, -23.86491203131815553 ) ) ;
#2104 = CARTESIAN_POINT ( 'NONE',  ( -39.70281928307437624, -60.90431592343305311, -29.67491789248620293 ) ) ;
#2105 = CARTESIAN_POINT ( 'NONE',  ( -60.21163980387861869, -102.5625169334392268, -20.52535698352720672 ) ) ;
#2106 = CARTESIAN_POINT ( 'NONE',  ( -51.84326211007495999, -75.19125527881656978, -23.37043084068120180 ) ) ;
#2107 = CARTESIAN_POINT ( 'NONE',  ( -50.07930491522405703, -75.25034321124802261, -26.63892991844380376 ) ) ;
#2108 = CARTESIAN_POINT ( 'NONE',  ( -51.56869658326804284, -122.8259475251304025, -26.65807063455801540 ) ) ;
#2109 = CARTESIAN_POINT ( 'NONE',  ( -7.562243234177833173, -43.85541699966866958, -32.85254126278835685 ) ) ;
#2110 = CARTESIAN_POINT ( 'NONE',  ( 1.526584828279368145, -9.968108508722695049, -18.47472335991118797 ) ) ;
#2111 = CARTESIAN_POINT ( 'NONE',  ( -7.169893896103100239, -34.65513577729302597, -26.77487541550989292 ) ) ;
#2112 = CARTESIAN_POINT ( 'NONE',  ( -44.16323126893473017, -67.32199900828129557, -25.11341673522215956 ) ) ;
#2113 = CARTESIAN_POINT ( 'NONE',  ( -13.72239613717693096, -50.68826754315340821, -30.65342179810044243 ) ) ;
#2114 = CARTESIAN_POINT ( 'NONE',  ( -58.88465187347545537, -105.8389238323855750, -23.33785634248249607 ) ) ;
#2115 = CARTESIAN_POINT ( 'NONE',  ( -56.03692147844762417, -115.0199795582819604, -25.92270048175119967 ) ) ;
#2116 = CARTESIAN_POINT ( 'NONE',  ( -53.08817895706793877, -130.4606876225420251, -24.11750594140711712 ) ) ;
#2117 = CARTESIAN_POINT ( 'NONE',  ( -52.67708559539764224, -73.84192265310943526, -29.06180903638581370 ) ) ;
#2118 = CARTESIAN_POINT ( 'NONE',  ( -54.09113458759395598, -126.8473564577974884, -22.26742043818827455 ) ) ;
#2119 = CARTESIAN_POINT ( 'NONE',  ( -48.32056150833602715, -67.07010144854305622, -29.13810068197626180 ) ) ;
#2120 = CARTESIAN_POINT ( 'NONE',  ( -44.79755767414808787, -64.51037236851917100, -29.82180743953954760 ) ) ;
#2121 = CARTESIAN_POINT ( 'NONE',  ( -60.96382418954775773, -77.41771573953329266, -24.36607014367459456 ) ) ;
#2122 = CARTESIAN_POINT ( 'NONE',  ( -16.30412834160745206, -46.00003006332165967, -29.82542500346757208 ) ) ;
#2123 = CARTESIAN_POINT ( 'NONE',  ( -59.39142569877681410, -114.8151151848238243, -26.38882214661669678 ) ) ;
#2124 = CARTESIAN_POINT ( 'NONE',  ( -57.84283698704292220, -108.6846812320795550, -22.76352025472022689 ) ) ;
#2125 = CARTESIAN_POINT ( 'NONE',  ( -51.17274326898007786, -75.44829952012834440, -28.07772931516353410 ) ) ;
#2126 = CARTESIAN_POINT ( 'NONE',  ( -65.40695089810859031, -101.3209023789180918, -19.49719888081057206 ) ) ;
#2127 = CARTESIAN_POINT ( 'NONE',  ( -4.046883600867731801, -31.75786327062118275, -31.30076689354847730 ) ) ;
#2128 = CARTESIAN_POINT ( 'NONE',  ( -27.88695450815322374, -57.83133003240525483, -28.47410233940730606 ) ) ;
#2129 = B_SPLINE_CURVE_WITH_KNOTS ( 'NONE', 3,
 ( #2930, #4277, #522, #4745, #588, #58, #2468, #1539, #3420, #5297, #1076, #2961, #4834, #222, #2994, #4011, #5879, #3452, #3058, #1108, #1637, #4961, #3551, #5360, #1204, #1173, #4991, #285, #5391, #3090, #3946, #3485, #4478, #1143, #1668, #2072, #1571, #3913, #2164, #685, #5782, #5907, #2627, #749, #2566, #4928, #4512, #4040, #5421, #2107, #717, #3520, #2596, #5328, #5815, #1696, #5449, #4541, #1604, #2137, #3579, #1233, #4443, #3118, #3981, #254, #777, #2655, #2037, #4866, #651, #2533, #4410, #190, #3027, #5847, #4898, #4180, #916, #5935, #3724, #1317, #5137, #5074, #5963, #4068, #861, #2739, #5106, #1756, #5991, #341, #1345, #1726, #6021, #4095, #4594, #2193, #3258, #1845, #4124, #3607, #5593, #3635, #5476, #2801, #4622, #396, #6051, #1288, #2220, #832, #3229, #2280, #4151, #3144, #1814, #3694, #2771, #427, #314, #889, #1378, #5562, #1260, #5018, #4651, #5046, #3171, #804, #1785, #5504, #2681, #2708, #4567, #370, #2248, #2311, #3663, #5533, #3200, #4679, #2336, #2832, #3316, #4303, #1875, #484, #1007, #5195, #516, #1936, #6079, #85, #455, #5165 ),
 .UNSPECIFIED., .F., .F.,
 ( 4, 2, 2, 2, 2, 2, 2, 2, 2, 2, 2, 2, 2, 2, 2, 2, 2, 2, 2, 2, 2, 2, 2, 2, 2, 2, 2, 2, 2, 2, 2, 2, 2, 2, 2, 2, 2, 2, 2, 2, 2, 2, 2, 2, 2, 2, 2, 2, 2, 2, 2, 2, 2, 2, 2, 2, 2, 2, 2, 2, 2, 2, 2, 2, 2, 2, 2, 2, 2, 2, 2, 2, 2, 2, 2, 2, 2, 4 ),
 ( 0.000000000000000000, 0.02293537602862477653, 0.03440306404293716480, 0.04587075205724955307, 0.05693406602288443585, 0.06799737998851931864, 0.09012400791978908421, 0.1338873713130900589, 0.1777104776079845017, 0.2363799888749228140, 0.2656527158564966906, 0.2949254428380705395, 0.3233973304351067668, 0.3518692180321429386, 0.3528660844690512666, 0.4015154277736653343, 0.4501647710782793466, 0.4986000673676909134, 0.5228177155123967523, 0.5349265395847495608, 0.5470353636571024802, 0.5590122694769990019, 0.5709891752968955236, 0.5829660811167920453, 0.5889545340267403617, 0.5949429869366885670, 0.6005512422895866731, 0.6061594976424847792, 0.6173760083482809913, 0.6285925190540772034, 0.6398090297598734155, 0.6505235711324950376, 0.6612381125051167707, 0.6826671952503600149, 0.6925461171759064172, 0.7024250391014527084, 0.7127705627819214129, 0.7179433246221558207, 0.7231160864623901174, 0.7286883790484774970, 0.7342606716345647655, 0.7398329642206520340, 0.7454052568067394136, 0.7515501346096509216, 0.7576950124125623187, 0.7638398902154737158, 0.7669123291169295253, 0.7699847680183852239, 0.7734276392345147411, 0.7768705104506441472, 0.7837562528829031816, 0.7906419953151622160, 0.7940848665312917332, 0.7975277377474212503, 0.8009136226312292273, 0.8042995075150372042, 0.8110712772826531580, 0.8246148168178849547, 0.8381583563531167513, 0.8449301261207327052, 0.8483160110045406821, 0.8517018958883486590, 0.8537872587745400921, 0.8558726216607316362, 0.8600433474331146133, 0.8683847989778806786, 0.8850677020674126982, 0.9017506051569446068, 0.9100920567017105611, 0.9142627824740936493, 0.9163481453602850824, 0.9184335082464766264, 0.9209824611137742423, 0.9235314139810717471, 0.9286293197156669788, 0.9388251311848574421, 0.9592167541232383687, 1.000000000000000000 ),
 .UNSPECIFIED. ) ;
#2130 = CARTESIAN_POINT ( 'NONE',  ( -59.92029701999241098, -115.8009694125014448, -20.35490761037216956 ) ) ;
#2131 = CARTESIAN_POINT ( 'NONE',  ( -60.64618328486987053, -96.93756830624451482, -21.91804946721522995 ) ) ;
#2132 = CARTESIAN_POINT ( 'NONE',  ( -55.74680795191282812, -80.16811420089221940, -26.12513179618576586 ) ) ;
#2133 = CARTESIAN_POINT ( 'NONE',  ( 1.725229230286791759, -2.313541538151099086, -10.19891054507565720 ) ) ;
#2134 = CARTESIAN_POINT ( 'NONE',  ( -65.58958972399065601, -100.2651763481202210, -19.46536625513011032 ) ) ;
#2135 = CARTESIAN_POINT ( 'NONE',  ( -61.13246332124732874, -97.07725666682210885, -20.29325909745322321 ) ) ;
#2136 = CARTESIAN_POINT ( 'NONE',  ( -35.10800956717400823, -63.09093845735443296, -27.22869902788490393 ) ) ;
#2137 = CARTESIAN_POINT ( 'NONE',  ( -55.30832844669869530, -79.97063898937531690, -25.42659794484930913 ) ) ;
#2138 = CARTESIAN_POINT ( 'NONE',  ( 0.7664801197551023293, -30.04531687384608318, -26.24135112103154199 ) ) ;
#2139 = CARTESIAN_POINT ( 'NONE',  ( -25.27857780935045895, -59.03075521461668274, -33.91884873906027309 ) ) ;
#2140 = CARTESIAN_POINT ( 'NONE',  ( -61.04409132606217980, -114.4653944328437660, -25.33420042671124506 ) ) ;
#2141 = CARTESIAN_POINT ( 'NONE',  ( -57.40365677926926224, -77.87010822893861928, -21.05805846245296920 ) ) ;
#2142 = CARTESIAN_POINT ( 'NONE',  ( -56.62141004451586923, -79.30774141346749673, -21.53052880321193641 ) ) ;
#2143 = CARTESIAN_POINT ( 'NONE',  ( -23.35108386556704474, -58.53906328208469034, -31.06219893416229638 ) ) ;
#2144 = CARTESIAN_POINT ( 'NONE',  ( -48.50933149083495266, -127.2670935757388975, -26.92761266126811748 ) ) ;
#2145 = CARTESIAN_POINT ( 'NONE',  ( -60.68426052349569488, -88.96412313139357764, -24.56319420618953231 ) ) ;
#2146 = CARTESIAN_POINT ( 'NONE',  ( -44.84533426953402113, -71.56514916228911716, -27.22431834635048631 ) ) ;
#2147 = CARTESIAN_POINT ( 'NONE',  ( -60.16886163350427097, -115.2521232889283169, -20.27687379929122002 ) ) ;
#2148 = CARTESIAN_POINT ( 'NONE',  ( -52.24257683931267593, -69.08132354685018583, -26.76421618756583953 ) ) ;
#2149 = CARTESIAN_POINT ( 'NONE',  ( -4.857049629809163882, -29.78124020676940020, -30.03810366423785183 ) ) ;
#2150 = CARTESIAN_POINT ( 'NONE',  ( -28.40658433736985700, -56.26364488387305585, -28.81198712340789925 ) ) ;
#2151 = CARTESIAN_POINT ( 'NONE',  ( 3.603663686315147441, -1.472875331784120778, -1.303386142839743522 ) ) ;
#2152 = CARTESIAN_POINT ( 'NONE',  ( -61.90250003082852714, -92.04318419743778179, -24.86593538286915006 ) ) ;
#2153 = CARTESIAN_POINT ( 'NONE',  ( -60.55906359997290167, -115.9479535773372731, -20.84647606014572219 ) ) ;
#2154 = CARTESIAN_POINT ( 'NONE',  ( -1.389963405335588043, -25.28790732886601589, -28.63791888768020044 ) ) ;
#2155 = CARTESIAN_POINT ( 'NONE',  ( -35.47146641181932125, -62.24298455607117120, -27.09824852859346223 ) ) ;
#2156 = CARTESIAN_POINT ( 'NONE',  ( -53.87997540163511445, -127.2030171537738852, -22.33879111963350894 ) ) ;
#2157 = CARTESIAN_POINT ( 'NONE',  ( -65.78512570850908503, -101.2580965268823832, -20.19140784609113481 ) ) ;
#2158 = CARTESIAN_POINT ( 'NONE',  ( -60.26740934862677079, -99.92531186831006096, -22.01097042855937147 ) ) ;
#2159 = CARTESIAN_POINT ( 'NONE',  ( 3.250000000000000444, 0.8508480103472357836, 0.000000000000000000 ) ) ;
#2160 = CARTESIAN_POINT ( 'NONE',  ( -63.45824598103688885, -81.02515817561688038, -22.50776780410009437 ) ) ;
#2161 = CARTESIAN_POINT ( 'NONE',  ( -54.45663327915826812, -124.4840344772604368, -28.04986129158369579 ) ) ;
#2162 = CARTESIAN_POINT ( 'NONE',  ( -66.06659803271902831, -93.60860974217821706, -19.51319586051532085 ) ) ;
#2163 = CARTESIAN_POINT ( 'NONE',  ( -59.17331823562557247, -84.58326434315694087, -21.14265310030424772 ) ) ;
#2164 = CARTESIAN_POINT ( 'NONE',  ( -41.18894259815783698, -69.29931676943168384, -27.82102639014426870 ) ) ;
#2165 = DIRECTION ( 'NONE',  ( 0.7366811071470974470, 0.3394102306313728779, -0.5848945560656936271 ) ) ;
#2166 = CARTESIAN_POINT ( 'NONE',  ( -48.87558696183601370, -129.2968734115978577, -29.15207087569188005 ) ) ;
#2167 = CARTESIAN_POINT ( 'NONE',  ( -59.81743807287908510, -111.6769610466132008, -26.17272122099648968 ) ) ;
#2168 = CARTESIAN_POINT ( 'NONE',  ( -55.77237312051959606, -124.9363576860193490, -27.07006285294718495 ) ) ;
#2169 = CARTESIAN_POINT ( 'NONE',  ( -52.76793326813057661, -72.90280309148511151, -22.62833423026816959 ) ) ;
#2170 = CARTESIAN_POINT ( 'NONE',  ( -52.88442834673536908, -75.19567020965898507, -22.67934394909816831 ) ) ;
#2171 = CARTESIAN_POINT ( 'NONE',  ( -31.07797658315350375, -63.47664817030027251, -30.23434654001953703 ) ) ;
#2172 = CARTESIAN_POINT ( 'NONE',  ( -56.38510106604237393, -112.4919578854975697, -24.16386080610993048 ) ) ;
#2173 = CARTESIAN_POINT ( 'NONE',  ( -58.95697954628189308, -107.9135169687481408, -24.94885710009965507 ) ) ;
#2174 = CARTESIAN_POINT ( 'NONE',  ( -61.06883953180935976, -93.37457997584144209, -23.55449344711691850 ) ) ;
#2175 = CARTESIAN_POINT ( 'NONE',  ( -3.308771931294594015, -25.51598857624392025, -23.32236638127529815 ) ) ;
#2176 = CARTESIAN_POINT ( 'NONE',  ( -66.63020938489817979, -97.79209741248185139, -20.82863472853091480 ) ) ;
#2177 = CARTESIAN_POINT ( 'NONE',  ( -21.66133375980458808, -51.01259117020265421, -29.85465605254287880 ) ) ;
#2178 = CARTESIAN_POINT ( 'NONE',  ( -54.30480047429148982, -116.7706806249740907, -23.95783444429356024 ) ) ;
#2179 = CARTESIAN_POINT ( 'NONE',  ( -61.59706929720154278, -100.4123079647444712, -24.84803339342256123 ) ) ;
#2180 = CARTESIAN_POINT ( 'NONE',  ( -60.03163494257672994, -113.3415608614139956, -26.18156083663989619 ) ) ;
#2181 = CARTESIAN_POINT ( 'NONE',  ( -61.13663167328579817, -114.6521168591152957, -20.66742313622103921 ) ) ;
#2182 = CARTESIAN_POINT ( 'NONE',  ( -0.3486930829118734532, 0.8519270761505139955, -4.610245233019224287 ) ) ;
#2183 = CARTESIAN_POINT ( 'NONE',  ( -61.61526499187296935, -97.69008037640455200, -19.57500746798403313 ) ) ;
#2184 = CARTESIAN_POINT ( 'NONE',  ( -65.47321745358026135, -104.7574927294817968, -21.93340654046224358 ) ) ;
#2185 = CARTESIAN_POINT ( 'NONE',  ( -52.98233604951584397, -128.6945439928941255, -22.64379730601541851 ) ) ;
#2186 = CARTESIAN_POINT ( 'NONE',  ( -55.57791108753063725, -126.3089557387395985, -23.27577773506713399 ) ) ;
#2187 = CARTESIAN_POINT ( 'NONE',  ( -59.09055226828432694, -104.9256457215888076, -22.36211496862225800 ) ) ;
#2188 = CARTESIAN_POINT ( 'NONE',  ( -1.984730559951253470, -36.10890756030204329, -28.94719448824201180 ) ) ;
#2189 = CARTESIAN_POINT ( 'NONE',  ( -65.20740752623801484, -105.4448573127466062, -21.09866389048618984 ) ) ;
#2190 = CARTESIAN_POINT ( 'NONE',  ( -59.67101842982827975, -114.1798094967103907, -26.29798849121294779 ) ) ;
#2191 = CARTESIAN_POINT ( 'NONE',  ( -61.13663167328579817, -114.6521168591152957, -20.66742313622103921 ) ) ;
#2192 = CARTESIAN_POINT ( 'NONE',  ( -54.61527677732186703, -78.01295571667326101, -22.59770719781310078 ) ) ;
#2193 = CARTESIAN_POINT ( 'NONE',  ( -60.37506113026570631, -101.5421033601225673, -23.69317303523423135 ) ) ;
#2194 = CARTESIAN_POINT ( 'NONE',  ( 4.380191840295052152, -18.84083940612153185, -20.62126417253619337 ) ) ;
#2195 = CARTESIAN_POINT ( 'NONE',  ( 4.162780695102643591, -3.129454879438715587, -10.27182195408015097 ) ) ;
#2196 = CARTESIAN_POINT ( 'NONE',  ( -63.56014652814706523, -95.71309438741032238, -25.12876808632043790 ) ) ;
#2197 = CARTESIAN_POINT ( 'NONE',  ( -64.28457330373866796, -105.3954659002803425, -24.36960226889087622 ) ) ;
#2198 = CARTESIAN_POINT ( 'NONE',  ( -12.95758485311208474, -42.49298530198986867, -29.17676440812227057 ) ) ;
#2199 = CARTESIAN_POINT ( 'NONE',  ( -11.43718600858986711, -40.15183549172558486, -33.03100338320057716 ) ) ;
#2200 = CARTESIAN_POINT ( 'NONE',  ( -47.23418848034805961, -130.9528459557416227, -24.33245255649793037 ) ) ;
#2201 = CARTESIAN_POINT ( 'NONE',  ( -42.98909383422420660, -70.39091049835776914, -27.48918235843336078 ) ) ;
#2202 = CARTESIAN_POINT ( 'NONE',  ( -59.79113835970741064, -102.5582853707273614, -23.05602739009611213 ) ) ;
#2203 = CARTESIAN_POINT ( 'NONE',  ( -61.44074254982405847, -94.23932268295729386, -24.24779770436173720 ) ) ;
#2204 = CARTESIAN_POINT ( 'NONE',  ( -60.67737617250225668, -99.92360631325404086, -23.60783629814064710 ) ) ;
#2205 = CARTESIAN_POINT ( 'NONE',  ( -0.5114666306131976370, -5.878549658950236179, -5.609716930357141251 ) ) ;
#2206 = CARTESIAN_POINT ( 'NONE',  ( -2.895782839540109510, -1.327865244983386761, -1.231236322973401132 ) ) ;
#2207 = CARTESIAN_POINT ( 'NONE',  ( -0.2937907701537142424, -4.364927474271137697, -2.329571822399493009 ) ) ;
#2208 = CARTESIAN_POINT ( 'NONE',  ( -56.18203189508034257, -112.7710156735908100, -23.31613843377402162 ) ) ;
#2209 = CARTESIAN_POINT ( 'NONE',  ( -57.10069194753589272, -114.2450701291810304, -26.27307329496832367 ) ) ;
#2210 = CARTESIAN_POINT ( 'NONE',  ( -65.58958972399065601, -100.2651763481202210, -19.46536625513011032 ) ) ;
#2211 = CARTESIAN_POINT ( 'NONE',  ( -66.27347073851518644, -97.32499029763438614, -23.33187066344791916 ) ) ;
#2212 = CARTESIAN_POINT ( 'NONE',  ( -61.79760243784380691, -94.65651974562298676, -19.57288809983062805 ) ) ;
#2213 = CARTESIAN_POINT ( 'NONE',  ( -1.123107787037162186, -3.977295643963101313, -2.332875589718053089 ) ) ;
#2214 = CARTESIAN_POINT ( 'NONE',  ( -11.68549441712979764, -48.11581315386546009, -29.82117157014171838 ) ) ;
#2215 = CARTESIAN_POINT ( 'NONE',  ( -60.94131866540291753, -90.00792702679626700, -24.46654404194131516 ) ) ;
#2216 = CARTESIAN_POINT ( 'NONE',  ( -61.48642143968790208, -77.98743167856751768, -23.29175957371553451 ) ) ;
#2217 = CARTESIAN_POINT ( 'NONE',  ( -60.70876683315939459, -111.6961577392761171, -25.96552239800933393 ) ) ;
#2218 = CARTESIAN_POINT ( 'NONE',  ( -64.30541683045737500, -105.9663291182450564, -19.75320470503845627 ) ) ;
#2219 = CARTESIAN_POINT ( 'NONE',  ( -54.75690526531624158, -116.8885162010457748, -22.28939397245305543 ) ) ;
#2220 = CARTESIAN_POINT ( 'NONE',  ( -59.12946273419248655, -106.2432741492163473, -24.07667293760945526 ) ) ;
#2221 = CARTESIAN_POINT ( 'NONE',  ( -44.99999999999995026, -138.0000000000000568, -28.00000000000003197 ) ) ;
#2222 = CARTESIAN_POINT ( 'NONE',  ( -33.13801646061547501, -63.89188511530723247, -32.72133112899294360 ) ) ;
#2223 = CARTESIAN_POINT ( 'NONE',  ( -63.06554542886101444, -100.6661980285531115, -25.20439324634002887 ) ) ;
#2224 = CARTESIAN_POINT ( 'NONE',  ( -47.19256495372513172, -134.6515332876364255, -30.54127979792314918 ) ) ;
#2225 = CARTESIAN_POINT ( 'NONE',  ( -63.08691836310488554, -92.08917664456470220, -18.80701438534062220 ) ) ;
#2226 = CARTESIAN_POINT ( 'NONE',  ( -48.81289749725081606, -128.4713205169981904, -23.77016253354990383 ) ) ;
#2227 = CARTESIAN_POINT ( 'NONE',  ( -61.08397868876945580, -93.65531493981561084, -23.54621896377409485 ) ) ;
#2228 = CARTESIAN_POINT ( 'NONE',  ( -51.03697551268701460, -123.0232422920595781, -26.02380222645158980 ) ) ;
#2229 = CARTESIAN_POINT ( 'NONE',  ( -55.54889817256394480, -116.0518563140892780, -26.09020736498187532 ) ) ;
#2230 = CARTESIAN_POINT ( 'NONE',  ( -60.45031628817858405, -89.27647202458402376, -23.80700716082309754 ) ) ;
#2231 = CARTESIAN_POINT ( 'NONE',  ( -60.35868821002360818, -114.8258209765631221, -20.21756560901694399 ) ) ;
#2232 = CARTESIAN_POINT ( 'NONE',  ( -61.36738666628418315, -115.9390518189378270, -22.20527400168091248 ) ) ;
#2233 = CARTESIAN_POINT ( 'NONE',  ( -62.74382226763569292, -99.54939686339095317, -18.73522545513272775 ) ) ;
#2234 = CARTESIAN_POINT ( 'NONE',  ( -57.41073958188183468, -83.02232848683637201, -23.96559537868997936 ) ) ;
#2235 = CARTESIAN_POINT ( 'NONE',  ( -59.71286418876138669, -107.6903319999020141, -25.41430885891816516 ) ) ;
#2236 = CARTESIAN_POINT ( 'NONE',  ( -60.35923622966780755, -116.3842065223506381, -20.90864474264132866 ) ) ;
#2237 = CARTESIAN_POINT ( 'NONE',  ( -64.85248351974793479, -105.3389126421467807, -23.61240556787079115 ) ) ;
#2238 = CARTESIAN_POINT ( 'NONE',  ( -47.56971658714486750, -70.03762744975809085, -24.21521062986095529 ) ) ;
#2239 = CARTESIAN_POINT ( 'NONE',  ( -17.66429909863537162, -46.52644156575623668, -30.51887540503481233 ) ) ;
#2240 = CARTESIAN_POINT ( 'NONE',  ( 2.199315810805692717, -4.981382169599264387, -13.57384103694130495 ) ) ;
#2241 = CARTESIAN_POINT ( 'NONE',  ( -60.77728936864352960, -99.81018701425870177, -20.37134287741452709 ) ) ;
#2242 = CARTESIAN_POINT ( 'NONE',  ( 3.448932559921420005, -21.80986840575537755, -21.54716718883747717 ) ) ;
#2243 = CARTESIAN_POINT ( 'NONE',  ( -58.84599793657021394, -84.41847621693293036, -25.18234351488114342 ) ) ;
#2244 = CARTESIAN_POINT ( 'NONE',  ( -66.00229201672713941, -102.0744905912990106, -20.91532451099338275 ) ) ;
#2245 = CARTESIAN_POINT ( 'NONE',  ( -53.30152422702955306, -72.28138166197415160, -28.74946037343685390 ) ) ;
#2246 = CARTESIAN_POINT ( 'NONE',  ( -65.62458824348375686, -100.0422548699437755, -19.45975634729433423 ) ) ;
#2247 = CARTESIAN_POINT ( 'NONE',  ( -51.23248456263372219, -123.4302985800189845, -23.51045139824260843 ) ) ;
#2248 = CARTESIAN_POINT ( 'NONE',  ( -51.56869658326804284, -122.8259475251304025, -26.65807063455801540 ) ) ;
#2249 = CARTESIAN_POINT ( 'NONE',  ( -60.00171869265903979, -87.75395369831822734, -23.96893207133815551 ) ) ;
#2250 = CARTESIAN_POINT ( 'NONE',  ( -50.65492400989960231, -73.54945435280389177, -29.26315818991106354 ) ) ;
#2251 = CARTESIAN_POINT ( 'NONE',  ( -53.58193667198202093, -124.3384664738845373, -28.27669731750004090 ) ) ;
#2252 = CARTESIAN_POINT ( 'NONE',  ( -6.713608602135743730, -41.58818937851594200, -33.14391422227749473 ) ) ;
#2253 = CARTESIAN_POINT ( 'NONE',  ( -62.37237456425603455, -87.67433614549790377, -19.17025371339949658 ) ) ;
#2254 = CARTESIAN_POINT ( 'NONE',  ( -15.85111750450002255, -45.49138567347031170, -34.00085441663338770 ) ) ;
#2255 = CARTESIAN_POINT ( 'NONE',  ( -48.60799526647206648, -66.74010580791471625, -28.34729116301835816 ) ) ;
#2256 = CARTESIAN_POINT ( 'NONE',  ( -59.07611972226894892, -108.1981835606094791, -20.28418517538664645 ) ) ;
#2257 = CARTESIAN_POINT ( 'NONE',  ( -60.21512153305405946, -102.2826325840846380, -23.74029018751004116 ) ) ;
#2258 = CARTESIAN_POINT ( 'NONE',  ( -54.46993738282691311, -79.08311016127765924, -25.66869302637196881 ) ) ;
#2259 = CARTESIAN_POINT ( 'NONE',  ( 5.209317255030199156, -4.972365443564781273, -10.62156454296567709 ) ) ;
#2260 = CARTESIAN_POINT ( 'NONE',  ( -59.83008577822786833, -87.26744891689087069, -24.02836277768269468 ) ) ;
#2261 = CARTESIAN_POINT ( 'NONE',  ( -63.76099316735932376, -90.61823264724539229, -18.77014589631884434 ) ) ;
#2262 = CARTESIAN_POINT ( 'NONE',  ( -59.66303958189750034, -119.5359209474633957, -22.74133595037675803 ) ) ;
#2263 = CARTESIAN_POINT ( 'NONE',  ( -61.93182837289611342, -103.5092940640713692, -18.92864640119377384 ) ) ;
#2264 = CARTESIAN_POINT ( 'NONE',  ( -47.97839538407010451, -73.63205845291673768, -26.07450581896142339 ) ) ;
#2265 = EDGE_CURVE ( 'NONE', #4643, #1369, #6055, .T. ) ;
#2266 = CARTESIAN_POINT ( 'NONE',  ( -51.27193643013599456, -125.3549169736189697, -28.29630969496130177 ) ) ;
#2267 = CARTESIAN_POINT ( 'NONE',  ( -28.43853655307785999, -54.48231187275719378, -30.63667405261472609 ) ) ;
#2268 = CARTESIAN_POINT ( 'NONE',  ( -64.64163197557078888, -106.1047475258722130, -23.66752039121258022 ) ) ;
#2269 = CARTESIAN_POINT ( 'NONE',  ( -49.16624948091372005, -71.51430988070219996, -23.76731669443196537 ) ) ;
#2270 = ADVANCED_FACE ( 'NONE', ( #694 ), #3969, .F. ) ;
#2271 = CALENDAR_DATE ( 2026, 26, 7 ) ;
#2272 = CARTESIAN_POINT ( 'NONE',  ( -47.18713763972958475, -66.75473659714444352, -25.27826328665085498 ) ) ;
#2273 = CARTESIAN_POINT ( 'NONE',  ( -56.48031106159803727, -120.8009273758612068, -27.35745999066812928 ) ) ;
#2274 = CARTESIAN_POINT ( 'NONE',  ( -52.50930799647973402, -121.1739057245515738, -23.06418704865721025 ) ) ;
#2275 = CARTESIAN_POINT ( 'NONE',  ( -61.37195114270706853, -97.07721688355064771, -24.23373323723298256 ) ) ;
#2276 = CARTESIAN_POINT ( 'NONE',  ( -66.26388691437097123, -88.92786419951134746, -21.25951058374723601 ) ) ;
#2277 = CARTESIAN_POINT ( 'NONE',  ( -3.274539148150223955, -32.24156694481644791, -31.39650541997929878 ) ) ;
#2278 = CARTESIAN_POINT ( 'NONE',  ( -48.43938420908374809, -66.60962721006961829, -26.12100072849383636 ) ) ;
#2279 = CARTESIAN_POINT ( 'NONE',  ( -47.46273476913371780, -129.6261630431721130, -24.84906886628156286 ) ) ;
#2280 = CARTESIAN_POINT ( 'NONE',  ( -58.48802888598972061, -108.1628720201355947, -24.28411325835676848 ) ) ;
#2281 = CARTESIAN_POINT ( 'NONE',  ( -60.81118974320509096, -99.05278806832251348, -23.57249753904849143 ) ) ;
#2282 = CARTESIAN_POINT ( 'NONE',  ( -50.36480419584493262, -73.37680348255854312, -29.31884865013086383 ) ) ;
#2283 = CARTESIAN_POINT ( 'NONE',  ( -7.757185020180893176, -43.14736600722334714, -33.40111794860856520 ) ) ;
#2284 = CARTESIAN_POINT ( 'NONE',  ( -56.98320409333299352, -77.45881397911888655, -27.75732890945472775 ) ) ;
#2285 = CARTESIAN_POINT ( 'NONE',  ( -62.68228383661804060, -99.93273129976839186, -18.74753869516471383 ) ) ;
#2286 = CARTESIAN_POINT ( 'NONE',  ( -40.40758409878436197, -61.95626390754322443, -31.02404952089937495 ) ) ;
#2287 = CARTESIAN_POINT ( 'NONE',  ( -55.01627850718749357, -117.5532044907805016, -21.61411903440049187 ) ) ;
#2288 = CARTESIAN_POINT ( 'NONE',  ( -61.02734420597191445, -97.06503826850651251, -23.52250876058367268 ) ) ;
#2289 = CARTESIAN_POINT ( 'NONE',  ( -57.50381067279259639, -82.75248494505862595, -24.76582711240877543 ) ) ;
#2290 = CARTESIAN_POINT ( 'NONE',  ( 4.734940335786063770, -17.39036043244322371, -21.50668977694558848 ) ) ;
#2291 = CARTESIAN_POINT ( 'NONE',  ( -61.08397868876945580, -93.65531493981561084, -23.54621896377409485 ) ) ;
#2292 = CARTESIAN_POINT ( 'NONE',  ( -59.65451333833123471, -112.0789506884486997, -26.22520865889030617 ) ) ;
#2293 = CARTESIAN_POINT ( 'NONE',  ( -63.71625454196271221, -98.52549872760155836, -18.55883062594396549 ) ) ;
#2294 = CARTESIAN_POINT ( 'NONE',  ( -64.06562337277941310, -109.1760644951657326, -21.40117748455328694 ) ) ;
#2295 = CARTESIAN_POINT ( 'NONE',  ( -62.30807167242367939, -101.8922449180515883, -18.83284431215218646 ) ) ;
#2296 = CARTESIAN_POINT ( 'NONE',  ( -54.44617248664981446, -79.30748673207159527, -24.84477630290334815 ) ) ;
#2297 = CARTESIAN_POINT ( 'NONE',  ( -60.63236255162473753, -104.6895545506562826, -25.12651893366838252 ) ) ;
#2298 = CARTESIAN_POINT ( 'NONE',  ( -48.43938420908374809, -66.60962721006961829, -26.12100072849383636 ) ) ;
#2299 = CARTESIAN_POINT ( 'NONE',  ( -66.00404878792573982, -99.78962145127862016, -23.35538855250092283 ) ) ;
#2300 = CARTESIAN_POINT ( 'NONE',  ( -50.99534968140066127, -124.8829574477552598, -23.00049349398933529 ) ) ;
#2301 = DATE_AND_TIME ( #2271, #4301 ) ;
#2302 = CARTESIAN_POINT ( 'NONE',  ( -59.82037352166204158, -79.81393195860221113, -20.43370651952314176 ) ) ;
#2303 = ORIENTED_EDGE ( 'NONE', *, *, #593, .F. ) ;
#2304 = CARTESIAN_POINT ( 'NONE',  ( -54.73622912506830573, -123.9903601305386474, -27.95354630795025130 ) ) ;
#2305 = CARTESIAN_POINT ( 'NONE',  ( -50.00184958229744581, -125.5212276195860852, -23.94377012711294839 ) ) ;
#2306 = CARTESIAN_POINT ( 'NONE',  ( -59.78664256925610232, -105.3174520268884180, -24.68331552792989925 ) ) ;
#2307 = CARTESIAN_POINT ( 'NONE',  ( -57.43010001204312687, -123.7810233325568987, -23.46910868469347022 ) ) ;
#2308 = CARTESIAN_POINT ( 'NONE',  ( -59.16843429886980488, -77.50190848242024799, -26.79972693909514803 ) ) ;
#2309 = CARTESIAN_POINT ( 'NONE',  ( -54.83094698261611200, -126.8604006077259641, -22.71477849997762277 ) ) ;
#2310 = CARTESIAN_POINT ( 'NONE',  ( -58.86885248286509409, -107.1734829667567794, -20.93202785369302532 ) ) ;
#2311 = CARTESIAN_POINT ( 'NONE',  ( -51.17075751684724594, -123.5192474415159580, -26.79891795266354393 ) ) ;
#2312 = CARTESIAN_POINT ( 'NONE',  ( -13.76823512036099295, -50.73172929092537231, -30.65683345053342279 ) ) ;
#2313 = CARTESIAN_POINT ( 'NONE',  ( -62.17666446696399873, -86.83373927172688411, -25.77169668120445678 ) ) ;
#2314 = CARTESIAN_POINT ( 'NONE',  ( 3.484762516776727992, -3.083197048716316946, -10.88564269794424533 ) ) ;
#2315 = CARTESIAN_POINT ( 'NONE',  ( -50.64703990158070468, -125.4701498364821930, -23.12251884786337186 ) ) ;
#2316 = CARTESIAN_POINT ( 'NONE',  ( -59.67903904275465266, -104.3974482251880858, -23.90333371422179809 ) ) ;
#2317 = CARTESIAN_POINT ( 'NONE',  ( 5.159589284573384838, -14.29756880188848278, -17.46545138797746333 ) ) ;
#2318 = CARTESIAN_POINT ( 'NONE',  ( -48.06441968391892772, -129.3697223353455570, -28.73440202230407436 ) ) ;
#2319 = CARTESIAN_POINT ( 'NONE',  ( -55.62789123826846094, -115.0380943831721936, -25.24184289550553828 ) ) ;
#2320 = CARTESIAN_POINT ( 'NONE',  ( -58.78193788611924475, -114.1301350831170964, -26.50966717755989777 ) ) ;
#2321 = CARTESIAN_POINT ( 'NONE',  ( -44.85961652664879296, -65.02379905070142740, -26.08164781949203004 ) ) ;
#2322 = CARTESIAN_POINT ( 'NONE',  ( -61.66050119429736043, -115.2809806878248367, -22.11514065767616088 ) ) ;
#2323 = CARTESIAN_POINT ( 'NONE',  ( -62.77284711934762385, -89.52889802740564562, -18.98413888768325464 ) ) ;
#2324 = CARTESIAN_POINT ( 'NONE',  ( 4.868389671042596234, -5.681344088883022891, -7.831514754896328867 ) ) ;
#2325 = CARTESIAN_POINT ( 'NONE',  ( -52.37366852013924756, -123.4541427494591517, -27.90686049341523045 ) ) ;
#2326 = CARTESIAN_POINT ( 'NONE',  ( -47.26328495016286269, -65.73986225710119413, -26.63015225558392984 ) ) ;
#2327 = CARTESIAN_POINT ( 'NONE',  ( -66.15969752368106072, -98.54488669308639714, -23.33630977930598860 ) ) ;
#2328 = CARTESIAN_POINT ( 'NONE',  ( -47.23418848034805961, -130.9528459557416227, -24.33245255649793037 ) ) ;
#2329 = CARTESIAN_POINT ( 'NONE',  ( -10.15803760666164202, -37.97543045930484595, -28.60409996202158922 ) ) ;
#2330 = CARTESIAN_POINT ( 'NONE',  ( -49.50171796278598890, -126.3498476597079474, -24.12115075073088022 ) ) ;
#2331 = CARTESIAN_POINT ( 'NONE',  ( -56.94624312340565808, -113.0073141735664990, -25.61398340377813199 ) ) ;
#2332 = CARTESIAN_POINT ( 'NONE',  ( -61.66050119429736043, -115.2809806878248367, -22.11514065767616088 ) ) ;
#2333 = CARTESIAN_POINT ( 'NONE',  ( -7.626257763461957495, -40.25020342852434396, -33.67088036722591937 ) ) ;
#2334 = CARTESIAN_POINT ( 'NONE',  ( -54.61161639939058432, -127.2321747413350010, -22.78856292967186192 ) ) ;
#2335 = CARTESIAN_POINT ( 'NONE',  ( -49.71762025086547965, -125.9936430154954508, -24.04444388363462792 ) ) ;
#2336 = CARTESIAN_POINT ( 'NONE',  ( -50.55215509771214499, -124.5812083495677598, -27.01833208890043991 ) ) ;
#2337 = CARTESIAN_POINT ( 'NONE',  ( -12.36848833393113267, -49.40105319459868127, -30.55250077628875971 ) ) ;
#2338 = CARTESIAN_POINT ( 'NONE',  ( -53.86078299570889527, -123.8484942289304058, -28.17983817405953317 ) ) ;
#2339 = CARTESIAN_POINT ( 'NONE',  ( -64.19270898781259405, -98.72687540043955323, -24.98234455864995240 ) ) ;
#2340 = CARTESIAN_POINT ( 'NONE',  ( -0.6133389918491682913, -27.58267643587458906, -23.14739858799082839 ) ) ;
#2341 = CARTESIAN_POINT ( 'NONE',  ( -49.25605019104492754, -74.62538309929064440, -26.74651435669997568 ) ) ;
#2342 = CARTESIAN_POINT ( 'NONE',  ( -25.91234116681931710, -60.26372258902456025, -30.96389270922450621 ) ) ;
#2343 = CARTESIAN_POINT ( 'NONE',  ( 5.599837841493832791, -8.264660856504693953, -13.07976914350618181 ) ) ;
#2344 = CARTESIAN_POINT ( 'NONE',  ( -63.56014652814706523, -95.71309438741032238, -25.12876808632043790 ) ) ;
#2345 = CARTESIAN_POINT ( 'NONE',  ( -56.00786170940362041, -75.00924610551528815, -21.77604227401738868 ) ) ;
#2346 = CARTESIAN_POINT ( 'NONE',  ( -61.18765478458604434, -84.08899490330801996, -19.66804129788370759 ) ) ;
#2347 = CARTESIAN_POINT ( 'NONE',  ( -26.23749820170219493, -60.20555677500086489, -30.18735373747277251 ) ) ;
#2348 = CARTESIAN_POINT ( 'NONE',  ( -51.81280374273136147, -121.4953086571508294, -24.82784802503964272 ) ) ;
#2349 = CARTESIAN_POINT ( 'NONE',  ( -25.37098552204714608, -60.05701713086727267, -32.58173617144925061 ) ) ;
#2350 = CARTESIAN_POINT ( 'NONE',  ( -3.533835436490319282, -37.51867963828127017, -31.61827306481455935 ) ) ;
#2351 = CARTESIAN_POINT ( 'NONE',  ( -1.897446440786259458, -3.609043210758543729, -4.081182879765422378 ) ) ;
#2352 = CARTESIAN_POINT ( 'NONE',  ( -63.92329055507928359, -108.4538990219981400, -23.86491203131815553 ) ) ;
#2353 = CARTESIAN_POINT ( 'NONE',  ( -59.44468051053522828, -107.1313116835531503, -20.16983662631337637 ) ) ;
#2354 = CARTESIAN_POINT ( 'NONE',  ( -55.58904165091889382, -127.1933805514431981, -25.00089090530909530 ) ) ;
#2355 = CARTESIAN_POINT ( 'NONE',  ( -59.06081304264791498, -78.69052437505632724, -20.71499084717376604 ) ) ;
#2356 = EDGE_LOOP ( 'NONE', ( #5218, #3717, #3745, #10 ) ) ;
#2357 = CARTESIAN_POINT ( 'NONE',  ( -4.888063996171896797, -35.49507481970573508, -32.45161964452902481 ) ) ;
#2358 = CARTESIAN_POINT ( 'NONE',  ( -47.46273476913371780, -129.6261630431721130, -24.84906886628156286 ) ) ;
#2359 = CARTESIAN_POINT ( 'NONE',  ( -50.67784709371261442, -125.0893633515429144, -27.79650878816329040 ) ) ;
#2360 = CARTESIAN_POINT ( 'NONE',  ( -61.70307790403470705, -115.1844100349168514, -22.10219049994641694 ) ) ;
#2361 = CARTESIAN_POINT ( 'NONE',  ( -65.51792920083927640, -90.73011795463445139, -24.32691934431188585 ) ) ;
#2362 = CARTESIAN_POINT ( 'NONE',  ( -15.04177909194528695, -43.18772009659301858, -31.61941745000612514 ) ) ;
#2363 = CARTESIAN_POINT ( 'NONE',  ( -55.10861864104158059, -71.44921411421435664, -24.80102019717892503 ) ) ;
#2364 = CARTESIAN_POINT ( 'NONE',  ( -38.15291497783823615, -66.50691174575018749, -27.16805158770754502 ) ) ;
#2365 = DIRECTION ( 'NONE',  ( 1.000000000000000000, 0.000000000000000000, 0.000000000000000000 ) ) ;
#2366 = CARTESIAN_POINT ( 'NONE',  ( -44.84533426953402113, -71.56514916228911716, -27.22431834635048631 ) ) ;
#2367 = CARTESIAN_POINT ( 'NONE',  ( 2.378050974232934323, 0.6299427608890287855, -5.382618500239510162 ) ) ;
#2368 = CARTESIAN_POINT ( 'NONE',  ( -63.84557638146628733, -101.0921305233127185, -25.05258831496013983 ) ) ;
#2369 = CARTESIAN_POINT ( 'NONE',  ( 3.247377474008677822, -11.30524503809110826, -11.76699709798557514 ) ) ;
#2370 = CARTESIAN_POINT ( 'NONE',  ( -50.20984108564871207, -125.1610871055782752, -27.14064821810608663 ) ) ;
#2371 = CARTESIAN_POINT ( 'NONE',  ( -50.07930491522405703, -75.25034321124802261, -26.63892991844380376 ) ) ;
#2372 = CARTESIAN_POINT ( 'NONE',  ( -47.51515324986173283, -129.5487957410566082, -28.10975848760276108 ) ) ;
#2373 = CARTESIAN_POINT ( 'NONE',  ( -62.27063595873095636, -104.3325769822343148, -25.41709926851462598 ) ) ;
#2374 = CARTESIAN_POINT ( 'NONE',  ( -52.03013958307481346, -71.08080101594347866, -23.24809251607856098 ) ) ;
#2375 = CARTESIAN_POINT ( 'NONE',  ( -61.58623915027257567, -115.6573016498492592, -23.04816207173661624 ) ) ;
#2376 = CARTESIAN_POINT ( 'NONE',  ( -5.180570439106571001, -34.47004033051211991, -25.97391106282866957 ) ) ;
#2377 = CARTESIAN_POINT ( 'NONE',  ( -60.66143216488456602, -97.36371912766148284, -22.81479147148164799 ) ) ;
#2378 = CARTESIAN_POINT ( 'NONE',  ( 4.293407543400722837, -3.263276508254802089, -4.381936267736501911 ) ) ;
#2379 = CARTESIAN_POINT ( 'NONE',  ( -51.97480038371421784, -76.04441218699614069, -27.91243379927081492 ) ) ;
#2380 = CARTESIAN_POINT ( 'NONE',  ( -60.09654305563535814, -82.60793192265558105, -26.51261516179441102 ) ) ;
#2381 = CARTESIAN_POINT ( 'NONE',  ( -53.44281802213357935, -124.5815842311107673, -28.32513999622117140 ) ) ;
#2382 = CARTESIAN_POINT ( 'NONE',  ( -53.13803475836633794, -70.47860830176099967, -23.94970904603097139 ) ) ;
#2383 = CARTESIAN_POINT ( 'NONE',  ( -0.7452319459244084454, -16.81497595300289305, -22.92996360841050674 ) ) ;
#2384 = CARTESIAN_POINT ( 'NONE',  ( -49.11743795108423427, -127.9831542479159197, -23.66213522189940122 ) ) ;
#2385 = CARTESIAN_POINT ( 'NONE',  ( -51.25722031562816028, -134.2142245437114809, -26.48125481774479439 ) ) ;
#2386 = CARTESIAN_POINT ( 'NONE',  ( -52.54812951325975945, -126.5516976144248105, -22.01741250647043913 ) ) ;
#2387 = CARTESIAN_POINT ( 'NONE',  ( -3.250000000000000444, 4.158455393585458477E-16, 0.000000000000000000 ) ) ;
#2388 = CARTESIAN_POINT ( 'NONE',  ( -43.31919463726874397, -67.05857887312309629, -31.53248068831329576 ) ) ;
#2389 = CARTESIAN_POINT ( 'NONE',  ( -49.57393957152554975, -126.2309255444102547, -24.09548259938437198 ) ) ;
#2390 = CARTESIAN_POINT ( 'NONE',  ( -7.755231282963775286, -44.93833559536252409, -31.55065169737938291 ) ) ;
#2391 = CARTESIAN_POINT ( 'NONE',  ( -58.71319918381343683, -121.3955591821811879, -23.04789585495259630 ) ) ;
#2392 = CARTESIAN_POINT ( 'NONE',  ( -64.47828150770428124, -104.6626300991454031, -24.31866807551662291 ) ) ;
#2393 = CARTESIAN_POINT ( 'NONE',  ( -61.35667354617753233, -105.6003813793898303, -19.08663210051807368 ) ) ;
#2394 = CARTESIAN_POINT ( 'NONE',  ( -49.85484834363175111, -134.8396153117728318, -24.41875787699042988 ) ) ;
#2395 = CARTESIAN_POINT ( 'NONE',  ( -46.93736764643436032, -65.55398506126083191, -28.31105498657274921 ) ) ;
#2396 = CARTESIAN_POINT ( 'NONE',  ( -14.97107137753433115, -50.30098511826529517, -29.51650530057270672 ) ) ;
#2397 = CARTESIAN_POINT ( 'NONE',  ( -59.18337934245271015, -106.0722478046345287, -24.05938542929333224 ) ) ;
#2398 = CARTESIAN_POINT ( 'NONE',  ( -62.86960343339173818, -86.23770095640854549, -25.71625531871912784 ) ) ;
#2399 = CARTESIAN_POINT ( 'NONE',  ( -63.88949287237248598, -89.74925245353922776, -25.29205172677300340 ) ) ;
#2400 = CARTESIAN_POINT ( 'NONE',  ( -51.10077600286626165, -74.46940534774454079, -23.56097704175452279 ) ) ;
#2401 = CARTESIAN_POINT ( 'NONE',  ( -66.80794570655707787, -96.32951296712290912, -21.71856922624131414 ) ) ;
#2402 = CARTESIAN_POINT ( 'NONE',  ( -44.13037438550303193, -134.7089397432989415, -29.34024220488246826 ) ) ;
#2403 = CARTESIAN_POINT ( 'NONE',  ( -59.33564722136577529, -105.5781879296369965, -24.01058593520619766 ) ) ;
#2404 = CARTESIAN_POINT ( 'NONE',  ( 3.250000000000000444, 0.8508480103472357836, 0.000000000000000000 ) ) ;
#2405 = CARTESIAN_POINT ( 'NONE',  ( -63.27058366137221412, -99.32081362038417183, -25.15826447185242642 ) ) ;
#2406 = CARTESIAN_POINT ( 'NONE',  ( -61.69317281362023664, -107.2865955764852117, -19.05521844582756330 ) ) ;
#2407 = CARTESIAN_POINT ( 'NONE',  ( -57.41822798424912122, -123.9808579561510271, -24.38930924182603732 ) ) ;
#2408 = CARTESIAN_POINT ( 'NONE',  ( 2.167484487754945732, -7.646222819946316918, -7.231490423447697324 ) ) ;
#2409 = CARTESIAN_POINT ( 'NONE',  ( -60.51862581939231234, -91.15689895147333743, -22.93469713044245850 ) ) ;
#2410 = CARTESIAN_POINT ( 'NONE',  ( 4.885990127197898936, -15.01065183040005202, -17.08623102734127741 ) ) ;
#2411 = CARTESIAN_POINT ( 'NONE',  ( -62.07042443073885352, -95.73655941099032418, -24.75377749219468626 ) ) ;
#2412 = CARTESIAN_POINT ( 'NONE',  ( -51.61623525904382603, -76.33670617961449523, -27.19966114268514801 ) ) ;
#2413 = CARTESIAN_POINT ( 'NONE',  ( -6.489948406285693139, -42.30777200335995047, -32.62294865667625743 ) ) ;
#2414 = CARTESIAN_POINT ( 'NONE',  ( -65.43657592887356600, -95.15424717279194056, -18.94255310801903747 ) ) ;
#2415 = CARTESIAN_POINT ( 'NONE',  ( -0.5460490822073640338, -3.412356476330277832, -9.701337663617714213 ) ) ;
#2417 = CARTESIAN_POINT ( 'NONE',  ( -56.83076587063774099, -124.1269190582971049, -26.11249753675784291 ) ) ;
#2416 = CARTESIAN_POINT ( 'NONE',  ( -60.17730681142644755, -104.7877051391106136, -19.94901791029069571 ) ) ;
#2418 = CARTESIAN_POINT ( 'NONE',  ( -56.23331725086865163, -126.0827983756980188, -24.78503149840040365 ) ) ;
#2419 = CARTESIAN_POINT ( 'NONE',  ( -60.69675901947979924, -110.1327820176147299, -19.34759520240348252 ) ) ;
#2420 = CARTESIAN_POINT ( 'NONE',  ( -65.61734009081740737, -98.52675152030769823, -24.07337949675591560 ) ) ;
#2421 = CARTESIAN_POINT ( 'NONE',  ( -60.61535493568396760, -92.13936702469088402, -21.98970415436580339 ) ) ;
#2422 = CARTESIAN_POINT ( 'NONE',  ( -46.10257252144140949, -132.4278482938266279, -29.44420844129218295 ) ) ;
#2423 = CARTESIAN_POINT ( 'NONE',  ( -3.519509904190567084, -23.34638033708442251, -24.70054515056812150 ) ) ;
#2424 = CARTESIAN_POINT ( 'NONE',  ( -65.74646219903678457, -92.81900202566309588, -24.18740819034841394 ) ) ;
#2425 = CARTESIAN_POINT ( 'NONE',  ( -63.15687393104248315, -95.15405148136572677, -18.70161180922992017 ) ) ;
#2426 = CARTESIAN_POINT ( 'NONE',  ( -62.76321078186962410, -82.15508346296037701, -20.30432437501680454 ) ) ;
#2427 = CARTESIAN_POINT ( 'NONE',  ( -51.74052017226020439, -68.78126852309614492, -26.18323622191797639 ) ) ;
#2428 = CARTESIAN_POINT ( 'NONE',  ( -51.84159523436872519, -76.52738900242110276, -24.63556560707445797 ) ) ;
#2429 = PERSON_AND_ORGANIZATION ( #2782, #5590 ) ;
#2430 = CARTESIAN_POINT ( 'NONE',  ( -60.44944378597687518, -101.1764141539545108, -23.67153420863986213 ) ) ;
#2431 = CARTESIAN_POINT ( 'NONE',  ( -64.00986093818256961, -90.37047033384794759, -25.23664227738921539 ) ) ;
#2432 = CARTESIAN_POINT ( 'NONE',  ( -53.26801434417670578, -131.0374279941144380, -25.78877375299605745 ) ) ;
#2433 = CARTESIAN_POINT ( 'NONE',  ( -21.17695802907993752, -49.26169869934449252, -32.66340937458729599 ) ) ;
#2434 = CARTESIAN_POINT ( 'NONE',  ( 3.181069390845514988, -8.675533048114482781, -8.884807260362428849 ) ) ;
#2435 = CARTESIAN_POINT ( 'NONE',  ( -66.72592622216713210, -97.55588459296718895, -21.70772151516483106 ) ) ;
#2436 = CARTESIAN_POINT ( 'NONE',  ( -47.39421359822802771, -139.1030832495520428, -26.09909269278652744 ) ) ;
#2437 = CARTESIAN_POINT ( 'NONE',  ( -61.10547847511983832, -94.24702324350189997, -23.53179416698081994 ) ) ;
#2438 = CARTESIAN_POINT ( 'NONE',  ( 5.548622000729634962, -7.274211259356448522, -12.05094540779074563 ) ) ;
#2439 = CARTESIAN_POINT ( 'NONE',  ( -58.91268264693430012, -109.9127558822011537, -25.67230157803808055 ) ) ;
#2440 = CARTESIAN_POINT ( 'NONE',  ( -41.79595985381041601, -65.22113119297853245, -31.90044602752861636 ) ) ;
#2441 = CARTESIAN_POINT ( 'NONE',  ( -62.91626098653231480, -102.9384044706483223, -18.72513422067119393 ) ) ;
#2442 = CARTESIAN_POINT ( 'NONE',  ( -43.47270524867135322, -138.9089185037931315, -25.14909133209456726 ) ) ;
#2443 = CARTESIAN_POINT ( 'NONE',  ( -60.76343712892872873, -95.76781400114913367, -22.79963765776771112 ) ) ;
#2444 = CARTESIAN_POINT ( 'NONE',  ( -59.79911694397213040, -88.06219294947298692, -23.20197735236754610 ) ) ;
#2445 = CARTESIAN_POINT ( 'NONE',  ( -46.42914894863745445, -72.45703738822869866, -28.69099352263268443 ) ) ;
#2446 = CARTESIAN_POINT ( 'NONE',  ( -30.55671553995224698, -62.26864539052102288, -33.27888646294324104 ) ) ;
#2447 = CARTESIAN_POINT ( 'NONE',  ( -64.22426557373776745, -103.7830488173960646, -19.10953452699849109 ) ) ;
#2448 = CARTESIAN_POINT ( 'NONE',  ( -56.42027646233228211, -124.8602758969070123, -26.25057627777084690 ) ) ;
#2449 = CARTESIAN_POINT ( 'NONE',  ( -7.146153176394337336, -39.20222713821186744, -27.39575550151310779 ) ) ;
#2450 = CARTESIAN_POINT ( 'NONE',  ( -56.37688649866890245, -125.8322527276368419, -24.73695641712814108 ) ) ;
#2451 = CARTESIAN_POINT ( 'NONE',  ( -58.77409451105484095, -114.7576214777036512, -19.94566386314793505 ) ) ;
#2452 = CARTESIAN_POINT ( 'NONE',  ( -65.72808456277691391, -97.33173063026256955, -24.06693178634091979 ) ) ;
#2453 = CARTESIAN_POINT ( 'NONE',  ( -60.67128804846150558, -96.60383651342114320, -21.91405416593398670 ) ) ;
#2454 = CARTESIAN_POINT ( 'NONE',  ( 3.310217677621307253, 1.082045326050112388, -1.376105198631789817 ) ) ;
#2455 = CARTESIAN_POINT ( 'NONE',  ( -45.30612118634277863, -64.27348335856785866, -28.20889311083649176 ) ) ;
#2456 = CARTESIAN_POINT ( 'NONE',  ( -63.42022847776006245, -108.2822669717924100, -24.61009919220659370 ) ) ;
#2457 = CARTESIAN_POINT ( 'NONE',  ( 2.366080085706677050, -10.52927282279709154, -10.67958838018215140 ) ) ;
#2458 = CARTESIAN_POINT ( 'NONE',  ( -64.08063308967049920, -83.75595023952209317, -24.50369139339597169 ) ) ;
#2459 = CARTESIAN_POINT ( 'NONE',  ( -60.98510066443297006, -79.07902294272280130, -21.02219911098028859 ) ) ;
#2460 = CARTESIAN_POINT ( 'NONE',  ( -42.58947703362597537, -62.91621008562804462, -29.75493002262637887 ) ) ;
#2461 = CARTESIAN_POINT ( 'NONE',  ( -2.860928561598313991, -35.28716538223847010, -26.73310275615347464 ) ) ;
#2462 = CARTESIAN_POINT ( 'NONE',  ( -60.64787964058677971, -100.1000265567762142, -23.61583278816756959 ) ) ;
#2463 = CARTESIAN_POINT ( 'NONE',  ( -48.74237951366171018, -71.52238138250241661, -29.97053841531204199 ) ) ;
#2464 = CARTESIAN_POINT ( 'NONE',  ( -62.41475453743920809, -112.5592127549710142, -24.31140967647931461 ) ) ;
#2465 = CARTESIAN_POINT ( 'NONE',  ( -63.14076866901665852, -81.62128543329646391, -20.94557514547746990 ) ) ;
#2466 = CARTESIAN_POINT ( 'NONE',  ( -25.11142575074047656, -56.88589588809595909, -28.91245253492052214 ) ) ;
#2467 = CARTESIAN_POINT ( 'NONE',  ( -61.58623915027257567, -115.6573016498492592, -23.04816207173661624 ) ) ;
#2468 = CARTESIAN_POINT ( 'NONE',  ( 4.808721844350544394, -4.006183476360379636, -6.849157825315062453 ) ) ;
#2469 = CARTESIAN_POINT ( 'NONE',  ( -59.28877136306049067, -105.7321397840680390, -24.02567674453847602 ) ) ;
#2470 = CARTESIAN_POINT ( 'NONE',  ( -11.79808875204740737, -49.42494754933366607, -31.18717122286501464 ) ) ;
#2471 = CARTESIAN_POINT ( 'NONE',  ( -56.33563089151686398, -115.9007134486980135, -26.53287960795921308 ) ) ;
#2472 = CARTESIAN_POINT ( 'NONE',  ( -1.696456640980667396, 2.899737436731891993, 0.000000000000000000 ) ) ;
#2473 = CARTESIAN_POINT ( 'NONE',  ( -63.05586309815719659, -102.3181475573806267, -18.69155083425197361 ) ) ;
#2474 = CARTESIAN_POINT ( 'NONE',  ( -49.17463087797660393, -130.4493920685455919, -23.11604822736603637 ) ) ;
#2475 = CARTESIAN_POINT ( 'NONE',  ( -60.63187287914651336, -97.67207227771193345, -22.82154570373367264 ) ) ;
#2476 = CARTESIAN_POINT ( 'NONE',  ( -60.36674346597746421, -99.68687131233076570, -22.88905379017051445 ) ) ;
#2477 = CARTESIAN_POINT ( 'NONE',  ( -43.85779113878535895, -71.00974750606762598, -28.99174970314279420 ) ) ;
#2478 = CARTESIAN_POINT ( 'NONE',  ( -3.250000000000000444, 4.158455393585458477E-16, 0.000000000000000000 ) ) ;
#2479 = CARTESIAN_POINT ( 'NONE',  ( -38.21478215397000611, -66.93822004113870605, -31.54096604073319909 ) ) ;
#2480 = CARTESIAN_POINT ( 'NONE',  ( -62.35934101689012010, -109.8843883763617697, -19.61269383831678326 ) ) ;
#2481 = CARTESIAN_POINT ( 'NONE',  ( -54.68846076897502684, -127.8541439524838239, -26.83689824918507938 ) ) ;
#2482 = CARTESIAN_POINT ( 'NONE',  ( -53.77081754602842523, -129.3853218696538079, -27.15058385623605020 ) ) ;
#2483 = CARTESIAN_POINT ( 'NONE',  ( -60.98155365789397564, -116.9881645092761744, -23.23626605132753653 ) ) ;
#2484 = CARTESIAN_POINT ( 'NONE',  ( -63.76244456213679968, -98.14035028186049203, -18.55318303713742978 ) ) ;
#2485 = CARTESIAN_POINT ( 'NONE',  ( -65.76968703566740260, -93.17923150864135096, -24.16902656065677490 ) ) ;
#2486 = CARTESIAN_POINT ( 'NONE',  ( -44.78745577354512619, -70.65808770985526621, -25.75843397327496120 ) ) ;
#2487 = CARTESIAN_POINT ( 'NONE',  ( 5.381819953428623293, -12.74130753647154890, -18.20150811894146159 ) ) ;
#2488 = CARTESIAN_POINT ( 'NONE',  ( -61.27973060952602680, -78.53765738016529951, -21.69733570982775817 ) ) ;
#2489 = CARTESIAN_POINT ( 'NONE',  ( -65.69654516328408533, -97.72672931622834369, -24.06719177993965886 ) ) ;
#2490 = CARTESIAN_POINT ( 'NONE',  ( 1.406180845910131039, -4.441671296080774489, -2.365635563359023141 ) ) ;
#2491 = CARTESIAN_POINT ( 'NONE',  ( -55.03657566605657081, -72.63250221178311961, -27.77619964713883505 ) ) ;
#2492 = CARTESIAN_POINT ( 'NONE',  ( -64.52444829828826300, -102.4795671117386604, -19.04012170580686814 ) ) ;
#2493 = CARTESIAN_POINT ( 'NONE',  ( -66.14989148867036306, -90.33142812233349161, -20.42392321493888119 ) ) ;
#2494 = CARTESIAN_POINT ( 'NONE',  ( -46.55651665527498295, -71.98792053865888363, -25.48837423090666121 ) ) ;
#2495 = CARTESIAN_POINT ( 'NONE',  ( -55.81659542800576901, -114.6330356565940463, -25.17706646056554476 ) ) ;
#2496 = CARTESIAN_POINT ( 'NONE',  ( -63.88949287237248598, -89.74925245353922776, -25.29205172677300340 ) ) ;
#2497 = CARTESIAN_POINT ( 'NONE',  ( -25.79824799279759162, -52.65660649405846527, -31.96564800627638192 ) ) ;
#2498 = CARTESIAN_POINT ( 'NONE',  ( -57.29791755162905531, -111.3400246138371017, -21.43803201990026608 ) ) ;
#2499 = CARTESIAN_POINT ( 'NONE',  ( -65.36351940811199768, -105.1788615469882728, -21.96041543013913966 ) ) ;
#2500 = CARTESIAN_POINT ( 'NONE',  ( -58.84878693280552397, -107.1072129015535381, -24.16706405319196804 ) ) ;
#2501 = CARTESIAN_POINT ( 'NONE',  ( -60.78352589916116955, -90.84319837648224905, -23.67996088622468775 ) ) ;
#2502 = CARTESIAN_POINT ( 'NONE',  ( -45.00051861167227685, -66.88871382839610646, -31.02699431391440399 ) ) ;
#2503 = CARTESIAN_POINT ( 'NONE',  ( -61.87109278635771403, -106.7312481933154373, -19.00476510299787947 ) ) ;
#2504 = CARTESIAN_POINT ( 'NONE',  ( 1.151232020646498544, -3.818318314916683942, -1.204604825249093958 ) ) ;
#2505 = CARTESIAN_POINT ( 'NONE',  ( -58.01907822569755524, -108.4122270715230485, -23.61936941661387834 ) ) ;
#2506 = CARTESIAN_POINT ( 'NONE',  ( -51.18251277785957143, -76.24563442253034395, -25.62764419157621276 ) ) ;
#2507 = CARTESIAN_POINT ( 'NONE',  ( -51.17274326898007786, -75.44829952012834440, -28.07772931516353410 ) ) ;
#2508 = CARTESIAN_POINT ( 'NONE',  ( 5.194692664009377125, -6.195817402267189244, -9.673870763882021606 ) ) ;
#2509 = CARTESIAN_POINT ( 'NONE',  ( -1.530144106256106529, -2.342664466044109162, -6.672927987676622763 ) ) ;
#2510 = CARTESIAN_POINT ( 'NONE',  ( -63.46440098238112171, -92.69827990311772226, -25.22298253791811362 ) ) ;
#2511 = CARTESIAN_POINT ( 'NONE',  ( -37.08537755477271958, -65.46367941781741706, -32.40724774039045997 ) ) ;
#2512 = CARTESIAN_POINT ( 'NONE',  ( -65.16818111785505607, -98.71347678025314565, -18.92464194183116888 ) ) ;
#2513 = CARTESIAN_POINT ( 'NONE',  ( -12.75331513704949948, -43.13717700392246712, -34.13902282231470053 ) ) ;
#2514 = CARTESIAN_POINT ( 'NONE',  ( -63.45824598103688885, -81.02515817561688038, -22.50776780410009437 ) ) ;
#2515 = CARTESIAN_POINT ( 'NONE',  ( -49.58787947492612602, -67.78279920157039840, -28.63110863668903150 ) ) ;
#2516 = CARTESIAN_POINT ( 'NONE',  ( -61.50901771702690723, -107.8459804549548835, -19.10800748253346271 ) ) ;
#2517 = CARTESIAN_POINT ( 'NONE',  ( -65.40520608401627101, -100.1605665856866096, -24.10444206834376857 ) ) ;
#2518 = CARTESIAN_POINT ( 'NONE',  ( -56.50141184942967953, -81.54470813640172366, -23.36553573041479481 ) ) ;
#2519 = CARTESIAN_POINT ( 'NONE',  ( -50.89041408775739228, -75.24572491769809801, -28.13195664795116002 ) ) ;
#2520 = CARTESIAN_POINT ( 'NONE',  ( -60.87168228902188361, -77.95238284320801370, -21.85665935287766359 ) ) ;
#2521 = CARTESIAN_POINT ( 'NONE',  ( -55.98597891314383901, -124.5582846811763744, -26.99752103095715228 ) ) ;
#2522 = CARTESIAN_POINT ( 'NONE',  ( -51.46302575219172581, -126.7561813563934123, -22.31715119042126716 ) ) ;
#2523 = CARTESIAN_POINT ( 'NONE',  ( -63.39621043375824883, -80.96649979956258392, -23.41908997120268765 ) ) ;
#2524 = CARTESIAN_POINT ( 'NONE',  ( -59.56294534608636582, -76.92542101112385922, -26.20994703831312833 ) ) ;
#2525 = CARTESIAN_POINT ( 'NONE',  ( -65.44626673960792118, -94.39043315577291082, -18.96373249452296150 ) ) ;
#2526 = CARTESIAN_POINT ( 'NONE',  ( -61.06134755587137164, -115.7238897588005813, -21.49566723116343780 ) ) ;
#2527 = CARTESIAN_POINT ( 'NONE',  ( -59.12392507907154027, -86.08864755387519097, -22.54017890686643355 ) ) ;
#2528 = CARTESIAN_POINT ( 'NONE',  ( -60.76130935096965402, -99.39810632793846423, -23.58539475061816759 ) ) ;
#2529 = CARTESIAN_POINT ( 'NONE',  ( -64.03905836581373023, -99.89550309974380582, -25.01044434408774464 ) ) ;
#2530 = CARTESIAN_POINT ( 'NONE',  ( -61.27973060952602680, -78.53765738016529951, -21.69733570982775817 ) ) ;
#2531 = CARTESIAN_POINT ( 'NONE',  ( -61.02886147653075710, -98.07089957261203494, -20.31256197171156330 ) ) ;
#2532 = CARTESIAN_POINT ( 'NONE',  ( -32.49689644418889145, -61.73842505082756560, -27.78319397533709179 ) ) ;
#2533 = CARTESIAN_POINT ( 'NONE',  ( -60.68660962821101634, -90.32148044509843032, -23.71766333398397464 ) ) ;
#2534 = CARTESIAN_POINT ( 'NONE',  ( -60.55134555582651501, -100.6440591045839454, -23.64237505290736863 ) ) ;
#2535 = CARTESIAN_POINT ( 'NONE',  ( -0.3486930829118734532, 0.8519270761505139955, -4.610245233019224287 ) ) ;
#2536 = CARTESIAN_POINT ( 'NONE',  ( -58.23966752174978012, -115.9218447280612878, -20.11689754236155281 ) ) ;
#2537 = CARTESIAN_POINT ( 'NONE',  ( -61.29180410530864975, -89.19633224345240308, -19.85625117369338000 ) ) ;
#2538 = CARTESIAN_POINT ( 'NONE',  ( 4.358204758292115955, -2.419614916423941775, -4.472233208863963583 ) ) ;
#2539 = CARTESIAN_POINT ( 'NONE',  ( -60.03614983189213916, -101.4571520430133660, -22.98282381699619492 ) ) ;
#2540 = CARTESIAN_POINT ( 'NONE',  ( -61.39325624705927709, -96.76635740935154217, -24.23022604968570093 ) ) ;
#2541 = CARTESIAN_POINT ( 'NONE',  ( -4.381025308353801329, -39.53259249480324655, -29.15430682721220634 ) ) ;
#2542 = CARTESIAN_POINT ( 'NONE',  ( -63.40469692235611632, -98.19865863247801485, -25.13345048204936560 ) ) ;
#2543 = CARTESIAN_POINT ( 'NONE',  ( 4.039919315809061828, -8.454692753013146600, -16.83947751659646030 ) ) ;
#2544 = CARTESIAN_POINT ( 'NONE',  ( -57.97732139315397859, -75.17980318390394245, -22.13872315991728001 ) ) ;
#2545 = CARTESIAN_POINT ( 'NONE',  ( -19.64296732555972369, -49.85042142050841818, -34.59472983379691158 ) ) ;
#2546 = CARTESIAN_POINT ( 'NONE',  ( -47.98248804230181008, -66.36711767877892498, -28.61324870223889150 ) ) ;
#2547 = CARTESIAN_POINT ( 'NONE',  ( -13.86585529904480296, -44.48530318096246816, -34.36307850834472788 ) ) ;
#2548 = CARTESIAN_POINT ( 'NONE',  ( -50.98536932718126025, -129.1183040216818938, -22.55638703966130620 ) ) ;
#2549 = CARTESIAN_POINT ( 'NONE',  ( -57.86707654078011842, -118.0773917422644956, -26.89120309560399491 ) ) ;
#2550 = CARTESIAN_POINT ( 'NONE',  ( -60.68637638732191419, -92.98837245823186493, -21.95515345032976740 ) ) ;
#2551 = CARTESIAN_POINT ( 'NONE',  ( -41.99168262602911028, -69.96735505163751156, -29.28088805657574767 ) ) ;
#2552 = CARTESIAN_POINT ( 'NONE',  ( -59.76240358066028335, -113.9692695755549323, -26.26839870628574403 ) ) ;
#2553 = CARTESIAN_POINT ( 'NONE',  ( -51.54829133990723022, -68.66715202962312503, -25.47955430524210740 ) ) ;
#2554 = CARTESIAN_POINT ( 'NONE',  ( -47.78090205988156924, -137.6686545350554525, -29.85559592932264650 ) ) ;
#2555 = CARTESIAN_POINT ( 'NONE',  ( 2.353185510715892104, -11.40518145561295427, -11.59686761223730578 ) ) ;
#2556 = CARTESIAN_POINT ( 'NONE',  ( -66.54650079545153574, -99.22950506161396333, -21.71829278559583187 ) ) ;
#2557 = CARTESIAN_POINT ( 'NONE',  ( -65.88498290518221268, -89.50108892901690183, -23.70681173600013025 ) ) ;
#2558 = CARTESIAN_POINT ( 'NONE',  ( -3.308771931294594015, -25.51598857624392025, -23.32236638127529815 ) ) ;
#2559 = CARTESIAN_POINT ( 'NONE',  ( -58.18977202926323145, -121.6009376594651741, -22.40929642412872980 ) ) ;
#2560 = CARTESIAN_POINT ( 'NONE',  ( -60.72126832921348694, -95.66458821808234347, -21.90938401375785105 ) ) ;
#2561 = CARTESIAN_POINT ( 'NONE',  ( -42.60578640177187992, -136.8969167504480993, -29.90090730721353651 ) ) ;
#2562 = CARTESIAN_POINT ( 'NONE',  ( -54.11591784070955669, -125.0807083723463933, -28.16754797036690405 ) ) ;
#2563 = CARTESIAN_POINT ( 'NONE',  ( -4.585932991970797623, -26.23606213765821593, -26.29840310194789410 ) ) ;
#2564 = CARTESIAN_POINT ( 'NONE',  ( -60.61326558323554536, -100.7089250641453191, -20.41390928039787056 ) ) ;
#2565 = CARTESIAN_POINT ( 'NONE',  ( -55.86745808511506084, -79.44727531740053905, -22.21992468622498151 ) ) ;
#2566 = CARTESIAN_POINT ( 'NONE',  ( -46.66239082280261385, -72.77305842780798173, -27.02329745866080657 ) ) ;
#2567 = CARTESIAN_POINT ( 'NONE',  ( -50.83300910913339266, -124.1015148758466751, -26.91866366886466722 ) ) ;
#2568 = CARTESIAN_POINT ( 'NONE',  ( -52.37366852013924756, -123.4541427494591517, -27.90686049341523045 ) ) ;
#2569 = CARTESIAN_POINT ( 'NONE',  ( -52.74434758729569239, -70.97786635634844288, -28.54336296460000000 ) ) ;
#2570 = CARTESIAN_POINT ( 'NONE',  ( -52.01003862103794262, -72.15912855508805990, -22.90461134455818382 ) ) ;
#2571 = CARTESIAN_POINT ( 'NONE',  ( -61.71105326928645951, -96.64388753900685458, -19.56261206389094198 ) ) ;
#2572 = CARTESIAN_POINT ( 'NONE',  ( -44.99063159107844001, -132.7711726954779863, -28.20259383496662409 ) ) ;
#2573 = CARTESIAN_POINT ( 'NONE',  ( -33.96288067020257273, -64.84288447240903963, -28.79939460424761677 ) ) ;
#2574 = CARTESIAN_POINT ( 'NONE',  ( -56.13196645657664874, -114.8155170314665838, -25.89015752502594481 ) ) ;
#2575 = CARTESIAN_POINT ( 'NONE',  ( -44.99999999999995026, -138.0000000000000568, -28.00000000000003197 ) ) ;
#2576 = CARTESIAN_POINT ( 'NONE',  ( -51.51836614814462934, -73.07290286827273462, -29.36112159335970517 ) ) ;
#2577 = CARTESIAN_POINT ( 'NONE',  ( -59.72723717617331829, -116.2199405952032123, -20.41536475531141193 ) ) ;
#2578 = CARTESIAN_POINT ( 'NONE',  ( -56.58689832869263370, -72.76725643619809603, -25.95022986160282130 ) ) ;
#2579 = CARTESIAN_POINT ( 'NONE',  ( -61.48642143968790208, -77.98743167856751768, -23.29175957371553451 ) ) ;
#2580 = CARTESIAN_POINT ( 'NONE',  ( -27.14191293874760902, -54.71425877809490856, -33.73326634548599401 ) ) ;
#2581 = CARTESIAN_POINT ( 'NONE',  ( -7.169893896103100239, -34.65513577729302597, -26.77487541550989292 ) ) ;
#2582 = CARTESIAN_POINT ( 'NONE',  ( -49.82933366130800579, -124.9300121156149856, -25.53011026104757875 ) ) ;
#2583 = CARTESIAN_POINT ( 'NONE',  ( -61.78016185460728593, -91.17203958992391222, -24.91982865703954886 ) ) ;
#2584 = CARTESIAN_POINT ( 'NONE',  ( -40.98330927127474865, -61.64324437591086792, -29.41973521481671128 ) ) ;
#2585 = CARTESIAN_POINT ( 'NONE',  ( -50.59419730864894404, -69.68977926466233441, -29.26035195303798275 ) ) ;
#2586 = CARTESIAN_POINT ( 'NONE',  ( -15.57509238364847093, -47.37345190407864948, -29.12115702130764916 ) ) ;
#2587 = CARTESIAN_POINT ( 'NONE',  ( -66.47309367182876372, -89.84276301581463997, -22.05409026171222564 ) ) ;
#2588 = CARTESIAN_POINT ( 'NONE',  ( -53.80641977645147733, -127.3264698420612859, -22.36370578165035283 ) ) ;
#2589 = CARTESIAN_POINT ( 'NONE',  ( -61.15912273380428132, -115.5057901724276945, -21.46550755914982389 ) ) ;
#2590 = CARTESIAN_POINT ( 'NONE',  ( -60.61535493568396760, -92.13936702469088402, -21.98970415436580339 ) ) ;
#2591 = CARTESIAN_POINT ( 'NONE',  ( -54.04713615104053304, -78.42804929793533120, -26.61793786768960857 ) ) ;
#2592 = CARTESIAN_POINT ( 'NONE',  ( -0.4054147692485916554, 2.719140528242226740, -1.381195566664505048 ) ) ;
#2593 = CARTESIAN_POINT ( 'NONE',  ( -61.68129322025089323, -113.3762996047447444, -20.50057339670189904 ) ) ;
#2594 = CARTESIAN_POINT ( 'NONE',  ( -59.64964360881676697, -104.6938070464536281, -20.69100511880116144 ) ) ;
#2595 = CARTESIAN_POINT ( 'NONE',  ( -60.37545350521068599, -87.87872095517219861, -20.70213158407900877 ) ) ;
#2596 = CARTESIAN_POINT ( 'NONE',  ( -51.13762927259139701, -76.08740667369141875, -26.46428409176784768 ) ) ;
#2597 = CARTESIAN_POINT ( 'NONE',  ( 5.369795174472105082, -12.10231242602334589, -15.70002068421942276 ) ) ;
#2598 = CARTESIAN_POINT ( 'NONE',  ( 4.248665787851998665, -3.586286443981649974, -10.85035635987102332 ) ) ;
#2599 = CARTESIAN_POINT ( 'NONE',  ( -64.64023492483875089, -104.0158263269295844, -24.27690945647675136 ) ) ;
#2600 = CARTESIAN_POINT ( 'NONE',  ( -42.91140538159513085, -64.56404205168969668, -26.02332020465495788 ) ) ;
#2601 = CARTESIAN_POINT ( 'NONE',  ( -49.16624948091372005, -71.51430988070219996, -23.76731669443196537 ) ) ;
#2602 = CARTESIAN_POINT ( 'NONE',  ( -12.36848833393113267, -49.40105319459868127, -30.55250077628875971 ) ) ;
#2603 = CARTESIAN_POINT ( 'NONE',  ( -49.24324498468744338, -126.0645557186894905, -26.66361010314353308 ) ) ;
#2604 = CARTESIAN_POINT ( 'NONE',  ( -59.78664256925610232, -105.3174520268884180, -24.68331552792989925 ) ) ;
#2605 = CARTESIAN_POINT ( 'NONE',  ( -37.47225150743506106, -67.13395283939259173, -28.67237402807184310 ) ) ;
#2606 = CARTESIAN_POINT ( 'NONE',  ( -0.2388766170178396875, -7.288438325051412647, -7.677728630323858106 ) ) ;
#2607 = CARTESIAN_POINT ( 'NONE',  ( -62.63979156395273407, -79.72588179819484822, -23.72133513692261175 ) ) ;
#2608 = CARTESIAN_POINT ( 'NONE',  ( -66.55163794233787655, -90.75286021964541305, -21.09523930135419079 ) ) ;
#2609 = CARTESIAN_POINT ( 'NONE',  ( -45.71570074459445010, -65.65246505624155304, -30.11293964208511298 ) ) ;
#2610 = CARTESIAN_POINT ( 'NONE',  ( -43.51651483300768319, -64.95060757383741645, -25.86704882310427323 ) ) ;
#2611 = CARTESIAN_POINT ( 'NONE',  ( -49.33567731632130915, -125.7543822204950601, -25.70658928807253218 ) ) ;
#2612 = CARTESIAN_POINT ( 'NONE',  ( -56.75823244932499279, -80.53471106193309481, -26.59206104298281659 ) ) ;
#2613 = CARTESIAN_POINT ( 'NONE',  ( -60.70876683315939459, -111.6961577392761171, -25.96552239800933393 ) ) ;
#2614 = CARTESIAN_POINT ( 'NONE',  ( -64.49107404685973677, -105.3019120901152235, -19.70561424967436892 ) ) ;
#2615 = CARTESIAN_POINT ( 'NONE',  ( -39.24340861086200505, -63.77947212685179323, -32.51136393915390244 ) ) ;
#2616 = CARTESIAN_POINT ( 'NONE',  ( -56.62141004451586923, -79.30774141346749673, -21.53052880321193641 ) ) ;
#2617 = CARTESIAN_POINT ( 'NONE',  ( -66.84253186569701199, -93.94830670206432899, -21.78532254299677717 ) ) ;
#2618 = CARTESIAN_POINT ( 'NONE',  ( -0.5114666306131976370, -5.878549658950236179, -5.609716930357141251 ) ) ;
#2619 = CARTESIAN_POINT ( 'NONE',  ( -65.57488438993146929, -102.3484139397304347, -20.23250011669992787 ) ) ;
#2620 = CARTESIAN_POINT ( 'NONE',  ( -60.52023443928012369, -91.30662597994336238, -22.03173017979042214 ) ) ;
#2621 = CARTESIAN_POINT ( 'NONE',  ( -42.14171473401803070, -70.16182568755202453, -28.39330921270950725 ) ) ;
#2622 = CARTESIAN_POINT ( 'NONE',  ( -66.66756675849127589, -91.85639993631487243, -21.01578476580035115 ) ) ;
#2623 = CARTESIAN_POINT ( 'NONE',  ( 0.6847609412239632487, 0.7863798187710385745, -5.317362978117268213 ) ) ;
#2624 = CARTESIAN_POINT ( 'NONE',  ( -57.66634487471301895, -121.8063161367491318, -21.77069699330486330 ) ) ;
#2625 = CARTESIAN_POINT ( 'NONE',  ( -61.16137901723045189, -96.73075541678149136, -20.28934932232411015 ) ) ;
#2626 = CARTESIAN_POINT ( 'NONE',  ( -53.26861785785413872, -76.60251442248851106, -22.98507573696604922 ) ) ;
#2627 = CARTESIAN_POINT ( 'NONE',  ( -44.84533426953402113, -71.56514916228911716, -27.22431834635048631 ) ) ;
#2628 = CARTESIAN_POINT ( 'NONE',  ( 5.064933426046745346, -5.299122828738119573, -8.570966443578246441 ) ) ;
#2629 = CARTESIAN_POINT ( 'NONE',  ( -51.55301912882959670, -124.8754009112511625, -28.19653744226236114 ) ) ;
#2630 = CARTESIAN_POINT ( 'NONE',  ( -60.46989133014254492, -115.7665106286634824, -25.51610482060715412 ) ) ;
#2631 = CARTESIAN_POINT ( 'NONE',  ( -48.12219216358914053, -68.45951554220209800, -24.40083743522169613 ) ) ;
#2632 = CARTESIAN_POINT ( 'NONE',  ( -61.48747963433550012, -98.72527783597001871, -19.59945397415961921 ) ) ;
#2633 = CARTESIAN_POINT ( 'NONE',  ( 5.247614400426285464, -6.655816564204232400, -10.21390255024240190 ) ) ;
#2634 = CARTESIAN_POINT ( 'NONE',  ( -55.86547633888253017, -113.6622948453435669, -24.33968031567439994 ) ) ;
#2635 = CARTESIAN_POINT ( 'NONE',  ( -59.31076063258026210, -106.8532815443244459, -24.83493359257510136 ) ) ;
#2636 = CARTESIAN_POINT ( 'NONE',  ( -60.78352589916116955, -90.84319837648224905, -23.67996088622468775 ) ) ;
#2637 = AXIS2_PLACEMENT_3D ( 'NONE', #2894, #3844, #1500 ) ;
#2638 = CARTESIAN_POINT ( 'NONE',  ( -0.3382975235634034794, -14.82856191077667773, -15.88991511415145652 ) ) ;
#2639 = CARTESIAN_POINT ( 'NONE',  ( -66.20382567285362541, -100.9798852745866498, -20.87787494551356460 ) ) ;
#2640 = CARTESIAN_POINT ( 'NONE',  ( -46.41466056249181094, -67.03245546644906483, -25.00305307255618459 ) ) ;
#2641 = CARTESIAN_POINT ( 'NONE',  ( -53.23284421428373037, -118.8723410541703771, -24.33017977471922322 ) ) ;
#2642 = CARTESIAN_POINT ( 'NONE',  ( -62.07724398528981880, -95.39789604269594747, -24.75682360091294143 ) ) ;
#2643 = CARTESIAN_POINT ( 'NONE',  ( -63.21918967332273809, -104.0038705920097328, -25.21302661749519558 ) ) ;
#2644 = CARTESIAN_POINT ( 'NONE',  ( -61.68129322025089323, -113.3762996047447444, -20.50057339670189904 ) ) ;
#2645 = CARTESIAN_POINT ( 'NONE',  ( 0.7972046907771311863, -16.58054932691211647, -23.61854898834950589 ) ) ;
#2646 = CARTESIAN_POINT ( 'NONE',  ( -49.68116202818884375, -72.01282903453387974, -23.61967283453592970 ) ) ;
#2647 = CARTESIAN_POINT ( 'NONE',  ( -62.64156187024351397, -109.0925687274304039, -19.53151637075984581 ) ) ;
#2648 = CARTESIAN_POINT ( 'NONE',  ( -55.43277740811949883, -126.5588172555004434, -23.32448679204574660 ) ) ;
#2649 = CARTESIAN_POINT ( 'NONE',  ( -59.79508050915892170, -102.2557312613072895, -22.14651882300442054 ) ) ;
#2650 = CARTESIAN_POINT ( 'NONE',  ( -22.98016712912193782, -58.61707437545889121, -31.80869313793895259 ) ) ;
#2651 = CARTESIAN_POINT ( 'NONE',  ( -65.49965156885096462, -104.3182827872332723, -21.02702966476562807 ) ) ;
#2652 = CARTESIAN_POINT ( 'NONE',  ( -59.93430356679971283, -113.5696818698739463, -26.21288066632710212 ) ) ;
#2653 = CARTESIAN_POINT ( 'NONE',  ( -62.51861590918916534, -111.2931581703515604, -20.24968194100142327 ) ) ;
#2654 = CARTESIAN_POINT ( 'NONE',  ( -61.13246332124732874, -97.07725666682210885, -20.29325909745322321 ) ) ;
#2655 = CARTESIAN_POINT ( 'NONE',  ( -59.83008577822786833, -87.26744891689087069, -24.02836277768269468 ) ) ;
#2656 = CARTESIAN_POINT ( 'NONE',  ( 4.808721844350544394, -4.006183476360379636, -6.849157825315062453 ) ) ;
#2657 = CARTESIAN_POINT ( 'NONE',  ( -17.35909649074653416, -53.87141099038927905, -33.90011110078118861 ) ) ;
#2658 = CARTESIAN_POINT ( 'NONE',  ( -63.55108944306203966, -96.04359923821610323, -25.12537578659082271 ) ) ;
#2659 = CARTESIAN_POINT ( 'NONE',  ( -64.33541884312231218, -105.2072473016638270, -24.35608120013763056 ) ) ;
#2660 = CARTESIAN_POINT ( 'NONE',  ( -26.07778527886089037, -54.57905984304996139, -29.25174982139928304 ) ) ;
#2661 = CARTESIAN_POINT ( 'NONE',  ( -60.74813634115410821, -102.6161425207646971, -19.78572829953740353 ) ) ;
#2662 = CARTESIAN_POINT ( 'NONE',  ( -41.18894259815783698, -69.29931676943168384, -27.82102639014426870 ) ) ;
#2663 = CARTESIAN_POINT ( 'NONE',  ( -56.21596117500876488, -112.8789274283686552, -24.22095007150996437 ) ) ;
#2664 = CARTESIAN_POINT ( 'NONE',  ( -56.45153712490311904, -114.1173581912437669, -25.78088820604519427 ) ) ;
#2665 = CARTESIAN_POINT ( 'NONE',  ( -61.00191201092679449, -97.37464458063128347, -23.52763947048332938 ) ) ;
#2666 = CARTESIAN_POINT ( 'NONE',  ( -0.2979599430593790621, -6.918862308015300222, -7.160796656015596007 ) ) ;
#2667 = CARTESIAN_POINT ( 'NONE',  ( -65.20740752623801484, -105.4448573127466062, -21.09866389048618984 ) ) ;
#2668 = CARTESIAN_POINT ( 'NONE',  ( -45.26176416143228920, -66.15372950756417936, -25.37160177158783725 ) ) ;
#2669 = CARTESIAN_POINT ( 'NONE',  ( -54.80702210082456816, -115.7455385407571811, -23.78438946857244218 ) ) ;
#2670 = CARTESIAN_POINT ( 'NONE',  ( 2.521927802162109877, 1.656475215642046139, -2.756207471270366138 ) ) ;
#2671 = CARTESIAN_POINT ( 'NONE',  ( -54.68498248889595459, -127.1080803174705949, -22.76386486442009627 ) ) ;
#2672 = CARTESIAN_POINT ( 'NONE',  ( 0.1138621976918531564, -0.1791452601430814640, -6.487223772496450103 ) ) ;
#2673 = CARTESIAN_POINT ( 'NONE',  ( -52.16256115211842115, -74.47508950505890368, -22.89400154124687248 ) ) ;
#2674 = CARTESIAN_POINT ( 'NONE',  ( -0.02978955865194421807, -9.596064797563560234, -10.61219005617362043 ) ) ;
#2675 = CARTESIAN_POINT ( 'NONE',  ( -3.004532048222078089, -36.74077840305937315, -27.73725458244392783 ) ) ;
#2676 = CARTESIAN_POINT ( 'NONE',  ( -44.62533202045206338, -71.63438417519907375, -28.03799471014043476 ) ) ;
#2677 = CARTESIAN_POINT ( 'NONE',  ( -66.31098020634674128, -100.3305959747777933, -20.86046483924443962 ) ) ;
#2678 = CARTESIAN_POINT ( 'NONE',  ( -54.93882823522969971, -123.6299576406921545, -27.88386767301642521 ) ) ;
#2679 = CARTESIAN_POINT ( 'NONE',  ( -65.69318295415615694, -89.55383040830098196, -19.78364022351483342 ) ) ;
#2680 = CARTESIAN_POINT ( 'NONE',  ( -59.04276101355699069, -106.6538078629730393, -20.87734217105408874 ) ) ;
#2681 = CARTESIAN_POINT ( 'NONE',  ( -53.98646842711470129, -118.3779419363137890, -25.80948611876805643 ) ) ;
#2682 = CARTESIAN_POINT ( 'NONE',  ( -8.709778297166737460, -45.39752529228300659, -30.17611730474147080 ) ) ;
#2683 = CARTESIAN_POINT ( 'NONE',  ( -22.58321593291848828, -57.41762819554912767, -34.00064023154867954 ) ) ;
#2684 = CARTESIAN_POINT ( 'NONE',  ( -58.87309135409559246, -113.9220482689042768, -26.47966490084304070 ) ) ;
#2685 = CARTESIAN_POINT ( 'NONE',  ( -38.35264221080182523, -66.21540121664152423, -32.11303460848802871 ) ) ;
#2686 = CARTESIAN_POINT ( 'NONE',  ( -64.58140397859716586, -104.2544018502630081, -24.29202254533896976 ) ) ;
#2687 = CARTESIAN_POINT ( 'NONE',  ( -50.24705725513080523, -70.42712936881957830, -23.58476442348226243 ) ) ;
#2688 = CARTESIAN_POINT ( 'NONE',  ( -54.36853958729447100, -118.8248598623823256, -21.83401359463201530 ) ) ;
#2689 = CARTESIAN_POINT ( 'NONE',  ( -60.45031628817858405, -89.27647202458402376, -23.80700716082309754 ) ) ;
#2690 = CARTESIAN_POINT ( 'NONE',  ( -49.81254099394790558, -125.1156958042997900, -26.45932282492268328 ) ) ;
#2691 = CARTESIAN_POINT ( 'NONE',  ( -59.62374070917891800, -104.5950137904008841, -23.92046395425298400 ) ) ;
#2692 = CARTESIAN_POINT ( 'NONE',  ( -59.87658126123596247, -115.8961314021866258, -20.36852408722149477 ) ) ;
#2693 = CARTESIAN_POINT ( 'NONE',  ( -53.63511898579315584, -130.2790916416026619, -24.74346508376249076 ) ) ;
#2694 = CARTESIAN_POINT ( 'NONE',  ( -62.68228383661804060, -99.93273129976839186, -18.74753869516471383 ) ) ;
#2695 = CARTESIAN_POINT ( 'NONE',  ( -50.03710675121261175, -124.5795226024479803, -25.45623343044737297 ) ) ;
#2696 = CARTESIAN_POINT ( 'NONE',  ( -53.15868406834837856, -122.0590715279499960, -27.63144424078663164 ) ) ;
#2697 = CARTESIAN_POINT ( 'NONE',  ( -64.84235867678901855, -103.9491304645918888, -19.61905411785905784 ) ) ;
#2698 = CARTESIAN_POINT ( 'NONE',  ( -64.95318029673289573, -104.9588286201145166, -23.58660724050322699 ) ) ;
#2699 = CARTESIAN_POINT ( 'NONE',  ( -54.05711850464037838, -76.39183339844609577, -22.32707517056925894 ) ) ;
#2700 = CARTESIAN_POINT ( 'NONE',  ( -44.85961652664879296, -65.02379905070142740, -26.08164781949203004 ) ) ;
#2701 = CARTESIAN_POINT ( 'NONE',  ( -53.69128771414590062, -125.8156663259049850, -28.31461769977030229 ) ) ;
#2702 = CARTESIAN_POINT ( 'NONE',  ( -49.61147639303537460, -125.2952584133478240, -25.60771827855909066 ) ) ;
#2703 = CARTESIAN_POINT ( 'NONE',  ( -56.85939491780680299, -113.2053969262081949, -25.64319270831389375 ) ) ;
#2704 = CARTESIAN_POINT ( 'NONE',  ( -66.69703159768506850, -96.96719066528054043, -20.83213853216481937 ) ) ;
#2705 = CARTESIAN_POINT ( 'NONE',  ( -52.42504854525351732, -71.69403213010858167, -29.01979226403432577 ) ) ;
#2706 = CARTESIAN_POINT ( 'NONE',  ( -57.16193708253734229, -122.7456853883029595, -21.93634718626512736 ) ) ;
#2707 = CARTESIAN_POINT ( 'NONE',  ( -46.81985095433742572, -130.6253416555302920, -25.07999005824205341 ) ) ;
#2708 = CARTESIAN_POINT ( 'NONE',  ( -53.06936562199163632, -120.1200137305740725, -26.12979299666279331 ) ) ;
#2709 = CARTESIAN_POINT ( 'NONE',  ( -31.07797658315350375, -63.47664817030027251, -30.23434654001953703 ) ) ;
#2710 = MANIFOLD_SOLID_BREP ( '扫描1', #3619 ) ;
#2711 = CARTESIAN_POINT ( 'NONE',  ( -46.57512047901776242, -71.34596542491956939, -29.94748776705275617 ) ) ;
#2712 = CARTESIAN_POINT ( 'NONE',  ( -63.56690536347171872, -95.02438341838650615, -25.14034243326586804 ) ) ;
#2713 = CARTESIAN_POINT ( 'NONE',  ( -50.56371218972220305, -129.4047573627698000, -29.33763001306229867 ) ) ;
#2714 = CARTESIAN_POINT ( 'NONE',  ( -58.60564886681544294, -79.48022067721392148, -20.64102877732854324 ) ) ;
#2715 = CARTESIAN_POINT ( 'NONE',  ( -47.98248804230181008, -66.36711767877892498, -28.61324870223889150 ) ) ;
#2716 = ADVANCED_FACE ( 'NONE', ( #3521 ), #4899, .T. ) ;
#2717 = CARTESIAN_POINT ( 'NONE',  ( -59.80718173185192654, -106.0156481712172649, -20.05927280070728003 ) ) ;
#2718 = CARTESIAN_POINT ( 'NONE',  ( -60.55134555582651501, -100.6440591045839454, -23.64237505290736863 ) ) ;
#2719 = CARTESIAN_POINT ( 'NONE',  ( -48.41393811270386038, -74.00321865633668494, -26.84432157349613135 ) ) ;
#2720 = CARTESIAN_POINT ( 'NONE',  ( 5.385847260047353480, -6.401854130214805316, -12.27707050179012604 ) ) ;
#2721 = CARTESIAN_POINT ( 'NONE',  ( -47.83797357062248778, -73.59088667209309165, -26.90320176505130334 ) ) ;
#2722 = CARTESIAN_POINT ( 'NONE',  ( -19.67809147144733473, -48.47851504730562766, -30.63994496653114297 ) ) ;
#2723 = CARTESIAN_POINT ( 'NONE',  ( -1.731223722801785048, -4.008971388270937908, -6.390555241686890042 ) ) ;
#2724 = CARTESIAN_POINT ( 'NONE',  ( -62.17464007396954884, -102.4935804744477110, -18.86599343819282026 ) ) ;
#2725 = CARTESIAN_POINT ( 'NONE',  ( -18.88949619396336033, -54.75261086064453053, -30.30601273250500327 ) ) ;
#2726 = CARTESIAN_POINT ( 'NONE',  ( -52.10386739903487552, -123.9250214941684050, -28.00181770216868316 ) ) ;
#2727 = CARTESIAN_POINT ( 'NONE',  ( -0.9032246782949254760, -8.991454204935648065, -11.84249266632196118 ) ) ;
#2728 = CARTESIAN_POINT ( 'NONE',  ( -64.82493460315623679, -85.58689596107825537, -24.19386491060874533 ) ) ;
#2729 = CARTESIAN_POINT ( 'NONE',  ( -61.68212896756277530, -97.00008253950393566, -19.56543372944243941 ) ) ;
#2730 = CARTESIAN_POINT ( 'NONE',  ( -57.81186750682959996, -77.05608567169639400, -21.15881875276244983 ) ) ;
#2731 = CARTESIAN_POINT ( 'NONE',  ( -13.31468578172578177, -47.59189905318827840, -34.81854400600778376 ) ) ;
#2732 = CARTESIAN_POINT ( 'NONE',  ( 3.987659465244663970, -4.450231924121268889, -4.861380142092007084 ) ) ;
#2733 = CARTESIAN_POINT ( 'NONE',  ( -61.45057009101740420, -95.15856052644737417, -24.23231845870514434 ) ) ;
#2734 = CARTESIAN_POINT ( 'NONE',  ( -65.05140390184946853, -106.0078012949051782, -21.13763566274620587 ) ) ;
#2735 = CC_DESIGN_APPROVAL ( #5548, ( #1667 ) ) ;
#2736 = CARTESIAN_POINT ( 'NONE',  ( -57.29218408655921735, -75.55812828882066867, -27.44680355120821602 ) ) ;
#2737 = CARTESIAN_POINT ( 'NONE',  ( -0.9032246782949254760, -8.991454204935648065, -11.84249266632196118 ) ) ;
#2738 = CARTESIAN_POINT ( 'NONE',  ( -54.54851664465431327, -117.3048358312889548, -22.36062209539183954 ) ) ;
#2739 = CARTESIAN_POINT ( 'NONE',  ( -60.93722315088608354, -98.03633387550989653, -23.54172347732509962 ) ) ;
#2740 = CARTESIAN_POINT ( 'NONE',  ( -61.00191201092679449, -97.37464458063128347, -23.52763947048332938 ) ) ;
#2741 = CARTESIAN_POINT ( 'NONE',  ( -63.22540735337037177, -90.83028046918835230, -25.34186147652271259 ) ) ;
#2742 = CARTESIAN_POINT ( 'NONE',  ( 0.7166990913901152283, -26.77191412840073426, -28.62671940069403220 ) ) ;
#2743 = CARTESIAN_POINT ( 'NONE',  ( -62.41907455365306845, -85.14695381916014583, -25.89008607262615058 ) ) ;
#2744 = CARTESIAN_POINT ( 'NONE',  ( -62.98853423827674192, -97.67291490623044581, -18.69593321884595483 ) ) ;
#2745 = CARTESIAN_POINT ( 'NONE',  ( -46.05960860420124448, -65.24126552406315227, -29.37482207333427553 ) ) ;
#2746 = CC_DESIGN_APPROVAL ( #1654, ( #5016 ) ) ;
#2747 = CARTESIAN_POINT ( 'NONE',  ( -50.21322917497445104, -126.1936722483365543, -23.27486756457280492 ) ) ;
#2748 = CARTESIAN_POINT ( 'NONE',  ( -55.69944922165987578, -80.41013823608714972, -25.31004556830302121 ) ) ;
#2749 = CARTESIAN_POINT ( 'NONE',  ( -31.07797658315350375, -63.47664817030027251, -30.23434654001953703 ) ) ;
#2750 = CARTESIAN_POINT ( 'NONE',  ( -48.69231338681112931, -128.3692013093446462, -28.50810592345345640 ) ) ;
#2751 = CARTESIAN_POINT ( 'NONE',  ( -60.58580534568704223, -100.4554070386947870, -23.63287899995226127 ) ) ;
#2752 = CARTESIAN_POINT ( 'NONE',  ( -62.12484852393284740, -104.8813882897734402, -25.45918430856008641 ) ) ;
#2753 = CARTESIAN_POINT ( 'NONE',  ( -63.87411430602151086, -97.01943593528768872, -18.54529483226517783 ) ) ;
#2754 = CARTESIAN_POINT ( 'NONE',  ( -62.49060641004156480, -113.3362592296878972, -21.86152139658398497 ) ) ;
#2755 = CARTESIAN_POINT ( 'NONE',  ( -62.98853423827674192, -97.67291490623044581, -18.69593321884595483 ) ) ;
#2756 = CARTESIAN_POINT ( 'NONE',  ( -43.24337559031757650, -70.27246599337946975, -26.68272519408250076 ) ) ;
#2757 = CARTESIAN_POINT ( 'NONE',  ( -42.59325038653157947, -70.30380567999580421, -29.17937057982033977 ) ) ;
#2758 = CARTESIAN_POINT ( 'NONE',  ( -60.48231934277637123, -105.2216678095630300, -25.17263984191523463 ) ) ;
#2759 = CARTESIAN_POINT ( 'NONE',  ( -1.783167333723683745, -3.917085712675726583, -4.638985686028420652 ) ) ;
#2760 = CARTESIAN_POINT ( 'NONE',  ( -66.31910814611597971, -93.07361153042444357, -23.44457908490855047 ) ) ;
#2761 = CARTESIAN_POINT ( 'NONE',  ( -55.22660232164133731, -117.1334236115741163, -21.54296196654074791 ) ) ;
#2762 = CALENDAR_DATE ( 2026, 26, 7 ) ;
#2763 = CARTESIAN_POINT ( 'NONE',  ( -43.05852647721762594, -63.84276436773142649, -26.58849447078933892 ) ) ;
#2764 = CARTESIAN_POINT ( 'NONE',  ( -25.92256756697181785, -56.70799897120869559, -34.74430788465667064 ) ) ;
#2765 = CARTESIAN_POINT ( 'NONE',  ( -46.81985095433742572, -130.6253416555302920, -25.07999005824205341 ) ) ;
#2766 = CARTESIAN_POINT ( 'NONE',  ( -61.05008201734325723, -99.81440221010619496, -24.30908401568010646 ) ) ;
#2767 = CARTESIAN_POINT ( 'NONE',  ( -60.11419681706099283, -118.6211277048994930, -22.59746326824440388 ) ) ;
#2768 = CARTESIAN_POINT ( 'NONE',  ( -52.11778280097162508, -71.49736414300404874, -29.11304896355078498 ) ) ;
#2769 = CARTESIAN_POINT ( 'NONE',  ( -55.26232132224942717, -126.1212699922056260, -22.56961899293860796 ) ) ;
#2770 = CARTESIAN_POINT ( 'NONE',  ( -56.29181304760643911, -113.6559739030886078, -21.77106179161306088 ) ) ;
#2771 = CARTESIAN_POINT ( 'NONE',  ( -56.70930702341532026, -112.6475604350208641, -24.87442337426496408 ) ) ;
#2772 = CARTESIAN_POINT ( 'NONE',  ( -60.90423761980241579, -91.66448359949855273, -23.63030373733206346 ) ) ;
#2773 = CARTESIAN_POINT ( 'NONE',  ( -48.51176199346920015, -72.33677750975708420, -29.64565891656379648 ) ) ;
#2774 = CARTESIAN_POINT ( 'NONE',  ( 2.679264367337108599, -0.1299706338654830207, -6.656517885955901548 ) ) ;
#2775 = CARTESIAN_POINT ( 'NONE',  ( -56.66446785503772787, -125.3269468302010665, -24.64056303223686939 ) ) ;
#2776 = CARTESIAN_POINT ( 'NONE',  ( -50.85693078928913025, -125.1171754136136371, -23.04894871651172394 ) ) ;
#2777 = CARTESIAN_POINT ( 'NONE',  ( -54.03137078475032951, -78.64588720490297646, -25.79126781809589986 ) ) ;
#2778 = CARTESIAN_POINT ( 'NONE',  ( -59.22062818780976556, -85.73192554899463858, -24.23259740327693379 ) ) ;
#2779 = CARTESIAN_POINT ( 'NONE',  ( -51.70443287794716269, -123.3239192183063437, -27.43214987181112008 ) ) ;
#2780 = CARTESIAN_POINT ( 'NONE',  ( -50.62751043802403217, -124.4529721114528087, -26.99161574384863016 ) ) ;
#2781 = CARTESIAN_POINT ( 'NONE',  ( -41.20551208370652319, -62.71268411856098624, -27.04377137618311622 ) ) ;
#2782 = PERSON ( '未指定', '未指定', '未指定', ('未指定'), ('未指定'), ('未指定') ) ;
#2783 = DESIGN_CONTEXT ( 'detailed design', #1127, 'design' ) ;
#2784 = CARTESIAN_POINT ( 'NONE',  ( -55.96997706675432482, -126.3670874148327670, -23.95583342056060516 ) ) ;
#2785 = CARTESIAN_POINT ( 'NONE',  ( -61.71608300833365490, -104.3361529285044185, -18.98659927430283645 ) ) ;
#2786 = CARTESIAN_POINT ( 'NONE',  ( -46.25337790306512886, -72.34007124307363767, -26.26481474211604805 ) ) ;
#2787 = CARTESIAN_POINT ( 'NONE',  ( -55.29611142694468384, -118.0310781816126422, -26.88897322268196888 ) ) ;
#2788 = CARTESIAN_POINT ( 'NONE',  ( -59.48571194465164069, -114.6026085592716441, -26.35813073029792974 ) ) ;
#2789 = CARTESIAN_POINT ( 'NONE',  ( -52.34080469162346105, -69.78400208986370501, -24.29905953151622811 ) ) ;
#2790 = CARTESIAN_POINT ( 'NONE',  ( -66.19815619966014708, -91.61139266594261699, -23.53204724359072841 ) ) ;
#2791 = CARTESIAN_POINT ( 'NONE',  ( -49.56503553762752290, -127.2576125881443829, -23.50372258149658933 ) ) ;
#2792 = COORDINATED_UNIVERSAL_TIME_OFFSET ( 8, 0, .AHEAD. ) ;
#2793 = CARTESIAN_POINT ( 'NONE',  ( -61.19214935045938120, -82.15318613777574797, -19.90460580040911154 ) ) ;
#2794 = CARTESIAN_POINT ( 'NONE',  ( -53.25831189686537215, -126.5563286491261863, -28.46497335870829204 ) ) ;
#2795 = CARTESIAN_POINT ( 'NONE',  ( -13.65583360248060352, -49.07071821050961802, -29.43202857913270165 ) ) ;
#2796 = CARTESIAN_POINT ( 'NONE',  ( -60.06731447358929188, -104.3298917315778738, -24.59640712088609504 ) ) ;
#2797 = CARTESIAN_POINT ( 'NONE',  ( -1.259547793243242841, -6.157636080496812880, -9.587449044854603031 ) ) ;
#2798 = CARTESIAN_POINT ( 'NONE',  ( -50.26855514939687453, -70.43779544081989741, -29.66007162145400855 ) ) ;
#2799 = CARTESIAN_POINT ( 'NONE',  ( -1.484147074980267433, -4.881739962930353727, -6.267342734690418027 ) ) ;
#2800 = CARTESIAN_POINT ( 'NONE',  ( -60.71529187219498169, -100.1669129516048571, -20.38711288193768922 ) ) ;
#2801 = CARTESIAN_POINT ( 'NONE',  ( -59.50971181471010141, -104.9929034773464451, -23.95594321046003827 ) ) ;
#2802 = CARTESIAN_POINT ( 'NONE',  ( -41.18894259815783698, -69.29931676943168384, -27.82102639014426870 ) ) ;
#2803 = CARTESIAN_POINT ( 'NONE',  ( -54.19597019969395291, -123.2534849905165260, -28.06362674954191760 ) ) ;
#2804 = CARTESIAN_POINT ( 'NONE',  ( -64.31060057504417671, -92.63200218516718110, -25.08088416070912174 ) ) ;
#2805 = CARTESIAN_POINT ( 'NONE',  ( -53.91234031719907449, -129.9956965008635734, -25.56843317448655739 ) ) ;
#2806 = CARTESIAN_POINT ( 'NONE',  ( 3.102585991473946425, -7.846040510409895141, -7.872020795752399991 ) ) ;
#2807 = CARTESIAN_POINT ( 'NONE',  ( -60.00171869265903979, -87.75395369831822734, -23.96893207133815551 ) ) ;
#2808 = CARTESIAN_POINT ( 'NONE',  ( -51.64903933927472934, -76.50798363843516370, -26.36367684629358976 ) ) ;
#2809 = CARTESIAN_POINT ( 'NONE',  ( -10.12605441015777252, -47.79646639328803559, -31.85100701093603703 ) ) ;
#2810 = CARTESIAN_POINT ( 'NONE',  ( 4.557198699885219639, -1.963263422773066758, -5.183698196796334479 ) ) ;
#2811 = CARTESIAN_POINT ( 'NONE',  ( -63.46440098238112171, -92.69827990311772226, -25.22298253791811362 ) ) ;
#2812 = CARTESIAN_POINT ( 'NONE',  ( -39.93445235395357429, -61.99569814521282041, -27.30894566739960894 ) ) ;
#2813 = CARTESIAN_POINT ( 'NONE',  ( -8.923303436641988995, -34.87537694853840975, -30.01053836711749767 ) ) ;
#2814 = CARTESIAN_POINT ( 'NONE',  ( -56.10986624104477016, -76.34753060305824590, -21.48980210609401809 ) ) ;
#2815 = CARTESIAN_POINT ( 'NONE',  ( -2.124140469275493714, -35.18911860202022268, -27.26896108897840065 ) ) ;
#2816 = CARTESIAN_POINT ( 'NONE',  ( -54.50902633908432193, -116.3580747437753189, -23.88720348054170373 ) ) ;
#2817 = CARTESIAN_POINT ( 'NONE',  ( -54.04713615104053304, -78.42804929793533120, -26.61793786768960857 ) ) ;
#2818 = CARTESIAN_POINT ( 'NONE',  ( 4.571980540007723803, -5.972598400521476947, -13.63392405318288247 ) ) ;
#2819 = CARTESIAN_POINT ( 'NONE',  ( -51.52686130549110999, -69.08910432329510343, -24.67376964353004354 ) ) ;
#2820 = CARTESIAN_POINT ( 'NONE',  ( -65.16252094074945944, -104.1301751331657641, -23.53401509897770083 ) ) ;
#2821 = CARTESIAN_POINT ( 'NONE',  ( -55.63486093582080372, -116.3029742750102287, -21.40537178789229600 ) ) ;
#2822 = APPROVAL_DATE_TIME ( #3743, #5548 ) ;
#2823 = CARTESIAN_POINT ( 'NONE',  ( -63.87137194791483807, -91.62936650922429749, -18.70179518620658499 ) ) ;
#2824 = CARTESIAN_POINT ( 'NONE',  ( -1.428684885023422391, -3.867004701976160863, -7.642734215414652255 ) ) ;
#2825 = CARTESIAN_POINT ( 'NONE',  ( 4.556034160601853067, -13.46781975306302037, -15.00056913382426593 ) ) ;
#2826 = CARTESIAN_POINT ( 'NONE',  ( -48.06441968391892772, -129.3697223353455570, -28.73440202230407436 ) ) ;
#2827 = CARTESIAN_POINT ( 'NONE',  ( -1.047336519972248414, -8.121902768707521147, -12.09093950567361553 ) ) ;
#2828 = CARTESIAN_POINT ( 'NONE',  ( -65.20865964491419220, -89.04219352541714727, -24.48214072866757007 ) ) ;
#2829 = CARTESIAN_POINT ( 'NONE',  ( -19.37768631563805499, -47.62108611837352612, -32.07158826240838323 ) ) ;
#2830 = CARTESIAN_POINT ( 'NONE',  ( -20.70574839200429906, -49.35951161064104298, -33.35093807916224051 ) ) ;
#2831 = CARTESIAN_POINT ( 'NONE',  ( 4.601053752761786519, -8.198389145873257178, -9.761957871504476358 ) ) ;
#2832 = CARTESIAN_POINT ( 'NONE',  ( -50.41201623578281499, -124.8192395335429410, -27.06826298491188965 ) ) ;
#2833 = CARTESIAN_POINT ( 'NONE',  ( -47.83797357062248778, -73.59088667209309165, -26.90320176505130334 ) ) ;
#2834 = CARTESIAN_POINT ( 'NONE',  ( -25.40293773774990882, -58.27568411974090168, -34.40642310067711662 ) ) ;
#2835 = CARTESIAN_POINT ( 'NONE',  ( -64.03905836581373023, -99.89550309974380582, -25.01044434408774464 ) ) ;
#2836 = CARTESIAN_POINT ( 'NONE',  ( -48.82932735077812936, -72.28470400691644215, -24.09806236375508703 ) ) ;
#2837 = CARTESIAN_POINT ( 'NONE',  ( -56.87659025900472187, -112.2591204460824343, -24.81821064173565361 ) ) ;
#2838 = CARTESIAN_POINT ( 'NONE',  ( -42.98909383422420660, -70.39091049835776914, -27.48918235843336078 ) ) ;
#2839 = CARTESIAN_POINT ( 'NONE',  ( -55.53196321120615409, -115.2418168486203172, -25.27481945320183954 ) ) ;
#2840 = CARTESIAN_POINT ( 'NONE',  ( -58.01979604327296158, -115.8178090904615800, -26.76212265955394898 ) ) ;
#2841 = CARTESIAN_POINT ( 'NONE',  ( -63.98831864229523347, -94.06907642738795516, -18.58923748209847560 ) ) ;
#2842 = CARTESIAN_POINT ( 'NONE',  ( -61.78020089878253174, -115.2183595070858928, -22.98842985956878238 ) ) ;
#2843 = CARTESIAN_POINT ( 'NONE',  ( -1.460076249709942209, -27.27672889374543885, -22.96909816586272157 ) ) ;
#2844 = CARTESIAN_POINT ( 'NONE',  ( -55.26694816646664066, -114.9577931612261921, -24.54419125560120918 ) ) ;
#2845 = CARTESIAN_POINT ( 'NONE',  ( -44.70020054946240862, -133.0532390619227385, -27.38171150060309955 ) ) ;
#2846 = CARTESIAN_POINT ( 'NONE',  ( -51.71078291752170486, -75.84438856301679266, -27.96920708973931369 ) ) ;
#2847 = CARTESIAN_POINT ( 'NONE',  ( -56.57499336577995308, -78.27283653635140581, -27.65656861914643372 ) ) ;
#2848 = CARTESIAN_POINT ( 'NONE',  ( -11.97114879783956454, -39.41184194778333705, -30.64624575085031211 ) ) ;
#2849 = CARTESIAN_POINT ( 'NONE',  ( -49.71163197026136515, -135.7686438114716339, -28.56151232109365878 ) ) ;
#2850 = CARTESIAN_POINT ( 'NONE',  ( -50.57669918131556130, -125.5880825562179552, -23.14719010772124008 ) ) ;
#2851 = CARTESIAN_POINT ( 'NONE',  ( -57.41822798424912122, -123.9808579561510271, -24.38930924182603732 ) ) ;
#2852 = CARTESIAN_POINT ( 'NONE',  ( -63.34574638537203128, -100.8928259216759500, -18.62610283561739521 ) ) ;
#2853 = ORIENTED_EDGE ( 'NONE', *, *, #1632, .F. ) ;
#2854 = CARTESIAN_POINT ( 'NONE',  ( -53.01239663218094478, -72.08268934969468944, -28.83931705553467140 ) ) ;
#2855 = CARTESIAN_POINT ( 'NONE',  ( -17.23441582682870532, -52.41175374872451442, -29.65962141340335734 ) ) ;
#2856 = CARTESIAN_POINT ( 'NONE',  ( -4.525205101294961452, -40.36054365841827263, -30.82128335423450594 ) ) ;
#2857 = CARTESIAN_POINT ( 'NONE',  ( -56.75206317023270941, -124.9972073246628952, -23.69425891228175374 ) ) ;
#2858 = CARTESIAN_POINT ( 'NONE',  ( -62.57445912045395175, -110.6887324094366960, -24.86017899993546720 ) ) ;
#2859 = CARTESIAN_POINT ( 'NONE',  ( -58.34060583906010322, -113.7064248721389390, -20.00761147604935175 ) ) ;
#2860 = CARTESIAN_POINT ( 'NONE',  ( -39.88531736685202134, -61.08265899288403489, -28.77926473996857837 ) ) ;
#2861 = CARTESIAN_POINT ( 'NONE',  ( -65.15117657862315070, -85.82693636236763268, -20.92883496363142726 ) ) ;
#2862 = CARTESIAN_POINT ( 'NONE',  ( -41.84555727786858625, -68.68504133641340559, -26.31506992021259705 ) ) ;
#2863 = DATE_AND_TIME ( #1406, #1959 ) ;
#2864 = CARTESIAN_POINT ( 'NONE',  ( -50.41201623578281499, -124.8192395335429410, -27.06826298491188965 ) ) ;
#2865 = CARTESIAN_POINT ( 'NONE',  ( -33.26351561082570640, -63.14067846637390602, -33.25434187087457616 ) ) ;
#2866 = CARTESIAN_POINT ( 'NONE',  ( 2.927015643517101307, -6.647153997880565157, -6.292122206176832933 ) ) ;
#2867 = CARTESIAN_POINT ( 'NONE',  ( -61.48763416055808761, -115.8777700928523728, -23.07866202082410823 ) ) ;
#2868 = CARTESIAN_POINT ( 'NONE',  ( -49.78337013154695967, -125.8758053943446242, -27.29335480150891868 ) ) ;
#2869 = CARTESIAN_POINT ( 'NONE',  ( -60.68660962821101634, -90.32148044509843032, -23.71766333398397464 ) ) ;
#2870 = CARTESIAN_POINT ( 'NONE',  ( -57.36229016328962871, -111.1062158750394673, -24.65555297262093148 ) ) ;
#2871 = CARTESIAN_POINT ( 'NONE',  ( -62.02679191132067871, -105.2376141489491914, -25.48782691754454177 ) ) ;
#2872 = CARTESIAN_POINT ( 'NONE',  ( -62.04755814692696703, -106.1607930170286522, -18.95537927685080604 ) ) ;
#2873 = CARTESIAN_POINT ( 'NONE',  ( -14.39053944252922257, -46.22407741791949576, -28.98605785771203713 ) ) ;
#2874 = CARTESIAN_POINT ( 'NONE',  ( -60.73388922994841721, -96.39083127766524228, -22.80201709047810965 ) ) ;
#2875 = CARTESIAN_POINT ( 'NONE',  ( -14.32255922289179395, -50.67957802440417936, -30.01334481415089428 ) ) ;
#2876 = CARTESIAN_POINT ( 'NONE',  ( -62.07818232768388356, -94.76011656028666152, -24.76631954144579240 ) ) ;
#2877 = CARTESIAN_POINT ( 'NONE',  ( -47.69755175717487816, -73.54971489126944562, -27.73189771114118329 ) ) ;
#2878 = CARTESIAN_POINT ( 'NONE',  ( -61.52866331870968253, -85.26650835731933853, -26.01330687983455547 ) ) ;
#2879 = CARTESIAN_POINT ( 'NONE',  ( -65.42767932605890735, -93.26293413380007280, -19.00706717294200132 ) ) ;
#2880 = CARTESIAN_POINT ( 'NONE',  ( -56.28149508548351321, -125.1060058845449845, -26.29737753945583023 ) ) ;
#2881 = CARTESIAN_POINT ( 'NONE',  ( 2.589710279454955799, -5.170395089751531614, -4.111190342161137323 ) ) ;
#2882 = CARTESIAN_POINT ( 'NONE',  ( -56.45401100647194426, -125.6972213885141656, -24.71103740552071670 ) ) ;
#2883 = CARTESIAN_POINT ( 'NONE',  ( -52.33716122520777958, -126.9043556463652891, -22.08984170286686677 ) ) ;
#2884 = CARTESIAN_POINT ( 'NONE',  ( -1.176542151720742835, -4.968556934049534135, -9.274065367599646947 ) ) ;
#2885 = CARTESIAN_POINT ( 'NONE',  ( -52.42504854525351732, -71.69403213010858167, -29.01979226403432577 ) ) ;
#2886 = CARTESIAN_POINT ( 'NONE',  ( -60.73716613643478723, -95.05202343406043042, -21.91192468500447887 ) ) ;
#2887 = CARTESIAN_POINT ( 'NONE',  ( -54.93572886998035898, -117.3106313933735834, -26.30156569303767000 ) ) ;
#2888 = CARTESIAN_POINT ( 'NONE',  ( -1.320570210844597359, -5.782228805728983900, -9.070574755394485322 ) ) ;
#2889 = CARTESIAN_POINT ( 'NONE',  ( -61.04409132606217980, -114.4653944328437660, -25.33420042671124506 ) ) ;
#2890 = CARTESIAN_POINT ( 'NONE',  ( -61.60144672898406526, -104.7540919993356425, -19.01804533288520815 ) ) ;
#2891 = CARTESIAN_POINT ( 'NONE',  ( -51.52686130549110999, -69.08910432329510343, -24.67376964353004354 ) ) ;
#2892 = CARTESIAN_POINT ( 'NONE',  ( -65.69899178355085212, -87.83610595209806604, -20.66821844138588204 ) ) ;
#2893 = CARTESIAN_POINT ( 'NONE',  ( -13.65583360248060352, -49.07071821050961802, -29.43202857913270165 ) ) ;
#2894 = CARTESIAN_POINT ( 'NONE',  ( 0.000000000000000000, 0.000000000000000000, 0.000000000000000000 ) ) ;
#2895 = CARTESIAN_POINT ( 'NONE',  ( -60.55134555582651501, -100.6440591045839454, -23.64237505290736863 ) ) ;
#2896 = CARTESIAN_POINT ( 'NONE',  ( -64.11941103584724999, -99.31805581870190736, -24.99489993595959447 ) ) ;
#2897 = CARTESIAN_POINT ( 'NONE',  ( -35.10800956717400823, -63.09093845735443296, -27.22869902788490393 ) ) ;
#2898 = CARTESIAN_POINT ( 'NONE',  ( -66.20225822594144915, -88.41189819061710864, -22.19728881823773392 ) ) ;
#2899 = CARTESIAN_POINT ( 'NONE',  ( -50.83300910913339266, -124.1015148758466751, -26.91866366886466722 ) ) ;
#2900 = CARTESIAN_POINT ( 'NONE',  ( -55.90972440075128702, -114.4314329870522755, -25.14513447567076909 ) ) ;
#2901 = CARTESIAN_POINT ( 'NONE',  ( 5.104623238490098025, -4.028975607975613826, -8.164142844774735508 ) ) ;
#2902 = CARTESIAN_POINT ( 'NONE',  ( -31.53695162674050678, -59.05139080690999265, -33.92686060459509889 ) ) ;
#2903 = CARTESIAN_POINT ( 'NONE',  ( -52.11727226798912938, -127.2695786850199227, -22.16543681171863511 ) ) ;
#2904 = CARTESIAN_POINT ( 'NONE',  ( -51.75167317857800242, -126.2751312452482466, -22.21715440044470924 ) ) ;
#2905 = CARTESIAN_POINT ( 'NONE',  ( -56.87651227022062983, -111.3434918060801238, -23.99852299995588467 ) ) ;
#2906 = CARTESIAN_POINT ( 'NONE',  ( -58.57510306476364548, -84.99808305942875108, -23.60667618798380119 ) ) ;
#2907 = CARTESIAN_POINT ( 'NONE',  ( -61.59706929720154278, -100.4123079647444712, -24.84803339342256123 ) ) ;
#2908 = CARTESIAN_POINT ( 'NONE',  ( -25.27857780935045895, -59.03075521461668274, -33.91884873906027309 ) ) ;
#2909 = CARTESIAN_POINT ( 'NONE',  ( -65.36988342804140473, -92.15714863059993434, -19.06403267458390260 ) ) ;
#2910 = CARTESIAN_POINT ( 'NONE',  ( -61.51962852538596138, -114.6995463711256349, -24.58802589422997897 ) ) ;
#2911 = CARTESIAN_POINT ( 'NONE',  ( -8.150354701097851873, -40.57741152766576676, -27.74984178798865742 ) ) ;
#2912 = CARTESIAN_POINT ( 'NONE',  ( -13.48233908496718314, -42.86837333600342248, -33.64925289080044024 ) ) ;
#2913 = CARTESIAN_POINT ( 'NONE',  ( -63.30578721305413126, -101.1053066345822629, -18.63471419683670405 ) ) ;
#2914 = CARTESIAN_POINT ( 'NONE',  ( -65.56506520078609412, -91.06029529117923005, -24.30098300516171150 ) ) ;
#2915 = CARTESIAN_POINT ( 'NONE',  ( -57.80736877425694331, -83.51555415909426472, -22.96217988360801954 ) ) ;
#2916 = CARTESIAN_POINT ( 'NONE',  ( -55.54889817256394480, -116.0518563140892780, -26.09020736498187532 ) ) ;
#2917 = CARTESIAN_POINT ( 'NONE',  ( -54.31270732814061830, -70.93531732494075470, -24.28239743089653757 ) ) ;
#2918 = CARTESIAN_POINT ( 'NONE',  ( -65.37327218586339939, -100.3682030651704338, -24.11021578105565411 ) ) ;
#2919 = CARTESIAN_POINT ( 'NONE',  ( -51.89437330238273915, -126.0356053366929956, -22.16778517732044307 ) ) ;
#2920 = CARTESIAN_POINT ( 'NONE',  ( -56.11532020321615732, -73.52443865153699676, -27.41071747212519227 ) ) ;
#2921 = CARTESIAN_POINT ( 'NONE',  ( -54.99777450049744942, -72.15324768408461864, -23.21185101185861299 ) ) ;
#2922 = CARTESIAN_POINT ( 'NONE',  ( -45.05183943024542970, -64.39192786354351483, -29.01535027518801968 ) ) ;
#2923 = CARTESIAN_POINT ( 'NONE',  ( -34.35138711912576781, -64.39490321394129069, -28.08189899704977321 ) ) ;
#2924 = PERSON_AND_ORGANIZATION_ROLE ( 'creator' ) ;
#2925 = CARTESIAN_POINT ( 'NONE',  ( -45.54660205625992830, -132.5995104946522929, -28.82340113812940174 ) ) ;
#2926 = CARTESIAN_POINT ( 'NONE',  ( -50.62566008417812924, -72.53879308954363125, -29.57059721004560870 ) ) ;
#2927 = CARTESIAN_POINT ( 'NONE',  ( -50.69838499986774139, -68.01049154250816287, -25.87965490477187203 ) ) ;
#2928 = CARTESIAN_POINT ( 'NONE',  ( -47.76299133368531358, -71.31408373072738982, -24.33864620279245727 ) ) ;
#2929 = CARTESIAN_POINT ( 'NONE',  ( -66.70822637983432912, -91.66209169910622734, -21.90930443866729505 ) ) ;
#2930 = CARTESIAN_POINT ( 'NONE',  ( 3.250000000000000444, 0.000000000000000000, 0.000000000000000000 ) ) ;
#2931 = CARTESIAN_POINT ( 'NONE',  ( -60.31121114253276261, -88.75428153593298930, -23.85857933390431285 ) ) ;
#2932 = CARTESIAN_POINT ( 'NONE',  ( -57.05455011264821508, -114.3473200196901729, -26.28868359143017486 ) ) ;
#2933 = CARTESIAN_POINT ( 'NONE',  ( -54.99978103114649741, -126.2843897330293004, -27.33282849280227111 ) ) ;
#2934 = CARTESIAN_POINT ( 'NONE',  ( -50.04281334865879671, -130.6231003162965294, -22.88397657292360066 ) ) ;
#2935 = CARTESIAN_POINT ( 'NONE',  ( -57.00549074159444274, -116.5971149945358292, -20.44067153736812870 ) ) ;
#2936 = CARTESIAN_POINT ( 'NONE',  ( -59.06308101958924794, -105.2562445466566174, -23.28131841340771047 ) ) ;
#2937 = CARTESIAN_POINT ( 'NONE',  ( -60.63187287914651336, -97.67207227771193345, -22.82154570373367264 ) ) ;
#2938 = CARTESIAN_POINT ( 'NONE',  ( -61.49994005957859144, -100.9587482957514055, -24.87428539602908018 ) ) ;
#2939 = CARTESIAN_POINT ( 'NONE',  ( -56.90042538270373740, -81.54481392724039779, -25.77729987943462220 ) ) ;
#2940 = CARTESIAN_POINT ( 'NONE',  ( -42.00076042638071527, -69.03992045532433508, -30.72011624428251508 ) ) ;
#2941 = CARTESIAN_POINT ( 'NONE',  ( -63.15909755662778480, -107.5372704189302766, -19.38697589085275652 ) ) ;
#2942 = CARTESIAN_POINT ( 'NONE',  ( -56.20531424886747374, -125.2403275607426565, -26.32313387510105684 ) ) ;
#2943 = CARTESIAN_POINT ( 'NONE',  ( -55.42764946139568849, -126.5950097831759820, -26.58571420451269063 ) ) ;
#2944 = CARTESIAN_POINT ( 'NONE',  ( -3.250000000000000444, 0.8508480103472361167, 0.000000000000000000 ) ) ;
#2945 = CARTESIAN_POINT ( 'NONE',  ( -62.04755814692696703, -106.1607930170286522, -18.95537927685080604 ) ) ;
#2946 = CARTESIAN_POINT ( 'NONE',  ( -47.33414391072238914, -68.98178585508769345, -30.48261990188053261 ) ) ;
#2947 = CARTESIAN_POINT ( 'NONE',  ( -39.40498890061049053, -67.21300541173782506, -26.86364793549070384 ) ) ;
#2948 = CARTESIAN_POINT ( 'NONE',  ( -53.11355804186289475, -120.8059484292365653, -26.93603018616389022 ) ) ;
#2949 = CARTESIAN_POINT ( 'NONE',  ( -16.91923767729329597, -45.34605873907115381, -32.71055764884631145 ) ) ;
#2950 = CARTESIAN_POINT ( 'NONE',  ( -64.01820485333665545, -106.3441323039202189, -24.44169571203822144 ) ) ;
#2951 = CARTESIAN_POINT ( 'NONE',  ( -51.31707668975568026, -126.9977096926846230, -22.36778059153265019 ) ) ;
#2952 = CARTESIAN_POINT ( 'NONE',  ( -66.36231938936981578, -94.21725639644422756, -23.39461877595888240 ) ) ;
#2953 = CARTESIAN_POINT ( 'NONE',  ( -54.21115219004580155, -71.43263968463455171, -23.51637052326482547 ) ) ;
#2954 = CARTESIAN_POINT ( 'NONE',  ( -52.59120317203739603, -69.41535278972240519, -25.80625401600183721 ) ) ;
#2955 = CARTESIAN_POINT ( 'NONE',  ( -54.57037722094659671, -79.22362667773252554, -23.93780812758786425 ) ) ;
#2956 = CARTESIAN_POINT ( 'NONE',  ( -60.37506113026570631, -101.5421033601225673, -23.69317303523423135 ) ) ;
#2957 = CARTESIAN_POINT ( 'NONE',  ( -51.51836614814462934, -73.07290286827273462, -29.36112159335970517 ) ) ;
#2958 = CARTESIAN_POINT ( 'NONE',  ( -16.95976570956129947, -45.38708314042792580, -32.71387714386853673 ) ) ;
#2959 = CARTESIAN_POINT ( 'NONE',  ( -59.17331823562557247, -84.58326434315694087, -21.14265310030424772 ) ) ;
#2960 = CARTESIAN_POINT ( 'NONE',  ( -65.95519242586752284, -102.7046530080547058, -21.82119423420388671 ) ) ;
#2961 = CARTESIAN_POINT ( 'NONE',  ( 5.370796127252447150, -8.068074364259082643, -11.79978958451074078 ) ) ;
#2962 = CARTESIAN_POINT ( 'NONE',  ( -55.53196321120615409, -115.2418168486203172, -25.27481945320183954 ) ) ;
#2963 = CARTESIAN_POINT ( 'NONE',  ( -55.29611142694468384, -118.0310781816126422, -26.88897322268196888 ) ) ;
#2964 = CARTESIAN_POINT ( 'NONE',  ( -8.309626788091897254, -39.64003919705516665, -33.67363597722103918 ) ) ;
#2965 = CARTESIAN_POINT ( 'NONE',  ( -60.08315616163849171, -111.7047466567330218, -19.53459560423994290 ) ) ;
#2966 = CARTESIAN_POINT ( 'NONE',  ( -55.26502160336699632, -120.0474364040491935, -21.01794495090723913 ) ) ;
#2967 = CARTESIAN_POINT ( 'NONE',  ( -59.79113835970741064, -102.5582853707273614, -23.05602739009611213 ) ) ;
#2968 = CARTESIAN_POINT ( 'NONE',  ( -60.14348643379469195, -100.9272314167340738, -22.95142608850022370 ) ) ;
#2969 = CARTESIAN_POINT ( 'NONE',  ( -61.56707367935324982, -100.5862168865103143, -24.85612297777991486 ) ) ;
#2970 = CARTESIAN_POINT ( 'NONE',  ( -48.95629657738488305, -136.8490529807052667, -25.54748730030921777 ) ) ;
#2971 = CARTESIAN_POINT ( 'NONE',  ( -59.31594186899352650, -112.8918531641930798, -26.33496398908073743 ) ) ;
#2972 = CARTESIAN_POINT ( 'NONE',  ( -65.34345659979143761, -91.80726066277452446, -19.08515969273540591 ) ) ;
#2973 = CARTESIAN_POINT ( 'NONE',  ( -7.120454735810933578, -34.40018299615530140, -31.78567412804852310 ) ) ;
#2974 = CARTESIAN_POINT ( 'NONE',  ( -55.14381700483085069, -127.9497600659530150, -25.15081473763868658 ) ) ;
#2975 = CARTESIAN_POINT ( 'NONE',  ( -38.73324926916536981, -61.68153955776493547, -31.98252987891474319 ) ) ;
#2976 = CARTESIAN_POINT ( 'NONE',  ( -56.60964466697552666, -119.2504148838546598, -20.64721092788118639 ) ) ;
#2977 = CARTESIAN_POINT ( 'NONE',  ( -65.49200344230737869, -99.55449748986023906, -24.09003779272363133 ) ) ;
#2978 = CARTESIAN_POINT ( 'NONE',  ( -49.56860087907141832, -74.49110919841109535, -25.05985448817959949 ) ) ;
#2979 = CARTESIAN_POINT ( 'NONE',  ( -55.95488603645521408, -79.63167038299700096, -26.83794960303143995 ) ) ;
#2980 = CARTESIAN_POINT ( 'NONE',  ( -52.38870088806871905, -69.33319902765535403, -25.09180630796977240 ) ) ;
#2981 = CARTESIAN_POINT ( 'NONE',  ( -65.19698212582157737, -101.4166738273473811, -24.14504052673033030 ) ) ;
#2982 = CARTESIAN_POINT ( 'NONE',  ( -56.37949646338329046, -117.8722870254545114, -20.64681866781868536 ) ) ;
#2983 = CARTESIAN_POINT ( 'NONE',  ( -66.27595573214036051, -88.76234335874087833, -22.15960683942313381 ) ) ;
#2984 = CARTESIAN_POINT ( 'NONE',  ( -66.00404878792573982, -99.78962145127862016, -23.35538855250092283 ) ) ;
#2985 = CARTESIAN_POINT ( 'NONE',  ( -65.27460213235021058, -91.08588459105286006, -19.13340211927160794 ) ) ;
#2986 = CARTESIAN_POINT ( 'NONE',  ( -66.03052470105656369, -99.75823250336124204, -20.15148830751568809 ) ) ;
#2987 = CARTESIAN_POINT ( 'NONE',  ( -57.84283698704292220, -108.6846812320795550, -22.76352025472022689 ) ) ;
#2988 = CARTESIAN_POINT ( 'NONE',  ( -50.55215509771214499, -124.5812083495677598, -27.01833208890043991 ) ) ;
#2989 = CARTESIAN_POINT ( 'NONE',  ( -64.20520438006388986, -91.64585525075678163, -25.14014064517839131 ) ) ;
#2990 = ADVANCED_FACE ( 'NONE', ( #4444 ), #1234, .F. ) ;
#2991 = CARTESIAN_POINT ( 'NONE',  ( -58.17322578996947158, -74.64503298810393517, -22.85743577569667906 ) ) ;
#2992 = CARTESIAN_POINT ( 'NONE',  ( -56.97834136233093716, -112.1000564569826992, -21.54312780177199116 ) ) ;
#2993 = CARTESIAN_POINT ( 'NONE',  ( -65.96228324342746419, -87.37267834863693849, -22.31644914782180678 ) ) ;
#2994 = CARTESIAN_POINT ( 'NONE',  ( 5.159589284573384838, -14.29756880188848278, -17.46545138797746333 ) ) ;
#2995 = CARTESIAN_POINT ( 'NONE',  ( -59.12946273419248655, -106.2432741492163473, -24.07667293760945526 ) ) ;
#2996 = CARTESIAN_POINT ( 'NONE',  ( -60.17148969944981474, -106.2652455423215514, -25.26942795602778702 ) ) ;
#2997 = CARTESIAN_POINT ( 'NONE',  ( -13.84192254177717984, -46.83651704678766237, -34.90039715946484478 ) ) ;
#2998 = CARTESIAN_POINT ( 'NONE',  ( -59.23193459934193328, -113.7256215648110214, -19.80041265306903853 ) ) ;
#2999 = CARTESIAN_POINT ( 'NONE',  ( -18.95359115198275646, -50.54297465790682509, -29.30947180769667781 ) ) ;
#3000 = CARTESIAN_POINT ( 'NONE',  ( -51.03697551268701460, -123.0232422920595781, -26.02380222645158980 ) ) ;
#3001 = CARTESIAN_POINT ( 'NONE',  ( -60.24567726383029509, -100.3856509034462334, -22.92258156065503627 ) ) ;
#3002 = CARTESIAN_POINT ( 'NONE',  ( -60.63910470640071537, -102.0069797974419146, -24.42455298492397020 ) ) ;
#3003 = CARTESIAN_POINT ( 'NONE',  ( -25.91234116681931710, -60.26372258902456025, -30.96389270922450621 ) ) ;
#3004 = CARTESIAN_POINT ( 'NONE',  ( -63.49733186567652155, -97.10684354712395816, -25.12283796836554828 ) ) ;
#3005 = CARTESIAN_POINT ( 'NONE',  ( -46.11367378178298537, -70.24767337965565162, -30.47722600913454372 ) ) ;
#3006 = CARTESIAN_POINT ( 'NONE',  ( -63.87893183396513308, -105.1126419523585156, -19.19570394012502845 ) ) ;
#3007 = CARTESIAN_POINT ( 'NONE',  ( -40.01530533707120441, -62.43789874795161410, -31.72108948142816942 ) ) ;
#3008 = CARTESIAN_POINT ( 'NONE',  ( -52.52579168403223520, -69.28038566067336035, -26.64282794560853063 ) ) ;
#3009 = CARTESIAN_POINT ( 'NONE',  ( -0.4604516259051669724, -3.806066739895350270, -10.25495909921788495 ) ) ;
#3010 = CARTESIAN_POINT ( 'NONE',  ( -1.085986849270942800, -21.39706131053121396, -20.15957837639870220 ) ) ;
#3011 = CARTESIAN_POINT ( 'NONE',  ( -60.72126832921348694, -95.66458821808234347, -21.90938401375785105 ) ) ;
#3012 = CARTESIAN_POINT ( 'NONE',  ( -61.86441534958846233, -91.74324916222229831, -24.88327840970126559 ) ) ;
#3013 = CARTESIAN_POINT ( 'NONE',  ( -62.26444584268779181, -107.3791425569354487, -25.48621827376788929 ) ) ;
#3014 = CARTESIAN_POINT ( 'NONE',  ( -14.63010493746992147, -42.89372293162995931, -32.38555939808440343 ) ) ;
#3015 = CARTESIAN_POINT ( 'NONE',  ( 1.543091090998415238, -7.904980207486795862, -16.53341421403088418 ) ) ;
#3016 = CARTESIAN_POINT ( 'NONE',  ( -52.73137745257464104, -124.6120056287974904, -21.87916097861456066 ) ) ;
#3017 = CARTESIAN_POINT ( 'NONE',  ( -66.59826378127746693, -98.80731156516883118, -21.71316913209992450 ) ) ;
#3018 = CARTESIAN_POINT ( 'NONE',  ( -54.48102849798866032, -72.20111280579180857, -27.96309558198810663 ) ) ;
#3019 = CARTESIAN_POINT ( 'NONE',  ( -64.22426557373776745, -103.7830488173960646, -19.10953452699849109 ) ) ;
#3020 = CARTESIAN_POINT ( 'NONE',  ( -59.14562971703421113, -119.7468862100141394, -22.09966192775207361 ) ) ;
#3021 = CARTESIAN_POINT ( 'NONE',  ( -56.68042331047304572, -111.6210598720162039, -23.14865999933000396 ) ) ;
#3022 = CARTESIAN_POINT ( 'NONE',  ( -49.44401145779792017, -74.72680348825130636, -27.54737044801177248 ) ) ;
#3023 = CARTESIAN_POINT ( 'NONE',  ( -59.48571194465164069, -114.6026085592716441, -26.35813073029792974 ) ) ;
#3024 = CARTESIAN_POINT ( 'NONE',  ( -33.24051778731416107, -57.23537841668484560, -30.66942831275999737 ) ) ;
#3025 = CARTESIAN_POINT ( 'NONE',  ( -59.65451732409896834, -85.69403340331335528, -20.97164456976970115 ) ) ;
#3026 = CARTESIAN_POINT ( 'NONE',  ( -50.86280309743668226, -74.23520915808192910, -23.61918257763800000 ) ) ;
#3027 = CARTESIAN_POINT ( 'NONE',  ( -60.93968903156418548, -91.94161346712671445, -23.61520753515232585 ) ) ;
#3028 = CARTESIAN_POINT ( 'NONE',  ( -50.55215509771214499, -124.5812083495677598, -27.01833208890043991 ) ) ;
#3029 = CARTESIAN_POINT ( 'NONE',  ( -54.26517616018146128, -127.5376750852169607, -27.58416975693214113 ) ) ;
#3030 = CARTESIAN_POINT ( 'NONE',  ( -54.24021778045314335, -74.36796786200343945, -22.11444840486559471 ) ) ;
#3031 = CARTESIAN_POINT ( 'NONE',  ( -61.75476203162682509, -95.97131820742308150, -19.56102547531141056 ) ) ;
#3032 = CARTESIAN_POINT ( 'NONE',  ( -5.393183569302022917, -41.04979998504419569, -29.48760307432427652 ) ) ;
#3033 = CARTESIAN_POINT ( 'NONE',  ( -46.25337790306512886, -72.34007124307363767, -26.26481474211604805 ) ) ;
#3034 = CARTESIAN_POINT ( 'NONE',  ( -59.95634260983094777, -104.7295624080362586, -24.63056800751236963 ) ) ;
#3035 = CARTESIAN_POINT ( 'NONE',  ( -47.39421359822802771, -139.1030832495520428, -26.09909269278652744 ) ) ;
#3036 = CARTESIAN_POINT ( 'NONE',  ( -3.666439303194324317, -25.34444773135467344, -27.42727040787280757 ) ) ;
#3037 = CARTESIAN_POINT ( 'NONE',  ( 3.724569690834350411, -4.464605433186572547, -12.59827753672710493 ) ) ;
#3038 = CARTESIAN_POINT ( 'NONE',  ( -59.77725103634042370, -116.1118552862087512, -20.39966039675953979 ) ) ;
#3039 = CARTESIAN_POINT ( 'NONE',  ( -42.55947636700526004, -63.90239281482222822, -31.09148926562720661 ) ) ;
#3040 = CARTESIAN_POINT ( 'NONE',  ( -1.209871047520943987, -1.222292125813304819, -6.250222282733033374 ) ) ;
#3041 = CARTESIAN_POINT ( 'NONE',  ( -66.77282866928152316, -95.36881119504153048, -20.85927144710460013 ) ) ;
#3042 = CARTESIAN_POINT ( 'NONE',  ( 0.02906157466494284011, -10.51455042609406121, -17.86954972641101591 ) ) ;
#3043 = CARTESIAN_POINT ( 'NONE',  ( 0.6249359077186505962, -8.529536758917185324, -8.644356778421665055 ) ) ;
#3044 = CARTESIAN_POINT ( 'NONE',  ( -41.73940758528328843, -137.3395000703414155, -28.46767433618384047 ) ) ;
#3045 = CARTESIAN_POINT ( 'NONE',  ( -54.66514412513919297, -78.32888374132836873, -27.22332793875471424 ) ) ;
#3046 = CARTESIAN_POINT ( 'NONE',  ( -65.96305447562480140, -91.72858560683663143, -19.61385182696247753 ) ) ;
#3047 = CARTESIAN_POINT ( 'NONE',  ( -49.31437184497136172, -135.4215096919094776, -29.30949668585576973 ) ) ;
#3048 = CARTESIAN_POINT ( 'NONE',  ( -53.79518406278721443, -122.7507064417007427, -21.51491738177210067 ) ) ;
#3049 = CARTESIAN_POINT ( 'NONE',  ( -65.15764779573375165, -105.9343861858401965, -22.01189414829662638 ) ) ;
#3050 = CARTESIAN_POINT ( 'NONE',  ( -58.95072324067196234, -117.8581316855387513, -20.66122088766275056 ) ) ;
#3051 = CARTESIAN_POINT ( 'NONE',  ( -62.68268280158052619, -111.8810519295667376, -21.00197123085285966 ) ) ;
#3052 = CARTESIAN_POINT ( 'NONE',  ( -59.68209140751470443, -87.66217809909909420, -22.34783949755501808 ) ) ;
#3053 = CARTESIAN_POINT ( 'NONE',  ( -30.79333028359426905, -63.55443744103177295, -31.04062626717740869 ) ) ;
#3054 = CARTESIAN_POINT ( 'NONE',  ( -60.29214972722743937, -112.7200596236402959, -26.09805694608331095 ) ) ;
#3055 = CARTESIAN_POINT ( 'NONE',  ( -63.78356394302811339, -107.6890343202162228, -19.89094729484840940 ) ) ;
#3056 = CARTESIAN_POINT ( 'NONE',  ( -61.25119461627107853, -94.17704454817848614, -20.30239157371967451 ) ) ;
#3057 = CARTESIAN_POINT ( 'NONE',  ( -56.25219098184639677, -79.92249933610263213, -22.10085004095364525 ) ) ;
#3058 = CARTESIAN_POINT ( 'NONE',  ( 0.7664801197551023293, -30.04531687384608318, -26.24135112103154199 ) ) ;
#3059 = CARTESIAN_POINT ( 'NONE',  ( 5.405503715077475846, -9.047019928741452333, -12.80587001988692997 ) ) ;
#3060 = CARTESIAN_POINT ( 'NONE',  ( -52.10386739903487552, -123.9250214941684050, -28.00181770216868316 ) ) ;
#3061 = CARTESIAN_POINT ( 'NONE',  ( -61.31086124695393380, -113.8426291262187249, -25.25039704405771346 ) ) ;
#3062 = CARTESIAN_POINT ( 'NONE',  ( -11.89178268725319931, -41.26546973370076188, -28.86253790554506438 ) ) ;
#3063 = CARTESIAN_POINT ( 'NONE',  ( -56.22900347067796645, -78.82104003300219119, -21.65533879246494564 ) ) ;
#3064 = CARTESIAN_POINT ( 'NONE',  ( 4.808721844350544394, -4.006183476360379636, -6.849157825315062453 ) ) ;
#3065 = CARTESIAN_POINT ( 'NONE',  ( -52.54593846744320729, -120.3253922078651783, -25.49119356584071383 ) ) ;
#3066 = CARTESIAN_POINT ( 'NONE',  ( -61.37195114270706853, -97.07721688355064771, -24.23373323723298256 ) ) ;
#3067 = CARTESIAN_POINT ( 'NONE',  ( -11.11161149087995170, -48.10313835605828103, -30.45301831650126090 ) ) ;
#3068 = CARTESIAN_POINT ( 'NONE',  ( -0.5034722325109898255, -9.174291209352514187, -15.61481645883709390 ) ) ;
#3069 = CARTESIAN_POINT ( 'NONE',  ( -1.696456640980669395, -2.899737436731890661, 0.000000000000000000 ) ) ;
#3070 = CARTESIAN_POINT ( 'NONE',  ( -60.96382418954775773, -77.41771573953329266, -24.36607014367459456 ) ) ;
#3071 = CARTESIAN_POINT ( 'NONE',  ( -54.25842512277572638, -70.58090704340200716, -25.95332288339731619 ) ) ;
#3072 = CARTESIAN_POINT ( 'NONE',  ( -10.69530922358926794, -40.33917422187862201, -33.53643449543115906 ) ) ;
#3073 = CARTESIAN_POINT ( 'NONE',  ( -50.04281334865879671, -130.6231003162965294, -22.88397657292360066 ) ) ;
#3074 = CARTESIAN_POINT ( 'NONE',  ( -56.95865365016413051, -119.8821352092642485, -27.19582671859224021 ) ) ;
#3075 = CARTESIAN_POINT ( 'NONE',  ( -43.27372778572759415, -135.1570957524826895, -27.90287777822723214 ) ) ;
#3076 = CARTESIAN_POINT ( 'NONE',  ( -50.05413908729006778, -74.67360240863582987, -28.26788163469381843 ) ) ;
#3077 = CARTESIAN_POINT ( 'NONE',  ( -65.80042045477605939, -98.78597371254414838, -19.43679420893431598 ) ) ;
#3078 = CARTESIAN_POINT ( 'NONE',  ( -18.55312105112388465, -51.00522809775297617, -35.13064069735691675 ) ) ;
#3079 = CARTESIAN_POINT ( 'NONE',  ( -53.59420398661944063, -75.91394534499320912, -22.46686465682459755 ) ) ;
#3080 = CARTESIAN_POINT ( 'NONE',  ( -66.51718385441688497, -99.45307900176447902, -21.72181013143667982 ) ) ;
#3081 = CARTESIAN_POINT ( 'NONE',  ( -0.7903581218652904194, -4.898564367711320422, -3.994771217858416268 ) ) ;
#3082 = CARTESIAN_POINT ( 'NONE',  ( -64.24553764280352652, -107.4351029629830521, -20.55881683423154627 ) ) ;
#3083 = CARTESIAN_POINT ( 'NONE',  ( -60.58765993752643908, -97.58525181861837439, -21.92978307939900162 ) ) ;
#3084 = CARTESIAN_POINT ( 'NONE',  ( -3.851057780462973312, -39.28559719404107398, -29.77379751314475342 ) ) ;
#3085 = CARTESIAN_POINT ( 'NONE',  ( -66.19364237805116602, -88.57353505735144950, -21.29645346093042946 ) ) ;
#3086 = CARTESIAN_POINT ( 'NONE',  ( -61.18158358489657900, -110.4858808047060705, -25.81668446320781740 ) ) ;
#3087 = CARTESIAN_POINT ( 'NONE',  ( -59.08568723996742023, -119.0487559369582584, -21.31092893091633300 ) ) ;
#3088 = CARTESIAN_POINT ( 'NONE',  ( -59.47144283074281645, -105.2943321727778283, -20.74508375269451577 ) ) ;
#3089 = CARTESIAN_POINT ( 'NONE',  ( -43.78826282465512776, -68.15601939049633984, -25.23337910041539089 ) ) ;
#3090 = CARTESIAN_POINT ( 'NONE',  ( -16.05449542753289194, -52.89359601034081493, -30.82681879989143070 ) ) ;
#3091 = DIRECTION ( 'NONE',  ( -0.1341557180636410718, 0.9210821352023572661, 0.3655269395296264490 ) ) ;
#3092 = CARTESIAN_POINT ( 'NONE',  ( 3.189093336093485220, 0.2058121820149991510, -5.372572471686888562 ) ) ;
#3093 = CARTESIAN_POINT ( 'NONE',  ( -60.27007562500136117, -116.2056406434664240, -25.57998146122148597 ) ) ;
#3094 = CARTESIAN_POINT ( 'NONE',  ( -15.16143667407135887, -44.85693739471118846, -29.65741302115890576 ) ) ;
#3095 = CARTESIAN_POINT ( 'NONE',  ( -61.68212896756277530, -97.00008253950393566, -19.56543372944243941 ) ) ;
#3096 = CARTESIAN_POINT ( 'NONE',  ( -51.29748340687227426, -122.5668775157886046, -25.93156640319389439 ) ) ;
#3097 = CARTESIAN_POINT ( 'NONE',  ( 3.250000000000000444, 0.000000000000000000, 0.000000000000000000 ) ) ;
#3098 = CARTESIAN_POINT ( 'NONE',  ( -61.22504101167328372, -91.62863036273527939, -24.35314271526909735 ) ) ;
#3099 = CARTESIAN_POINT ( 'NONE',  ( 3.946116637313144437, -1.306980117275295505, -2.613418202174650595 ) ) ;
#3100 = CARTESIAN_POINT ( 'NONE',  ( -54.74229167510510052, -125.7342341291185193, -22.04709922897325569 ) ) ;
#3101 = CARTESIAN_POINT ( 'NONE',  ( -66.40530796805556690, -99.69883172382986913, -20.84726418394593495 ) ) ;
#3102 = CARTESIAN_POINT ( 'NONE',  ( -58.13536656473362996, -74.23670126118395274, -25.40108210032497738 ) ) ;
#3103 = CARTESIAN_POINT ( 'NONE',  ( -35.96345197145245720, -60.63391562862468476, -27.50330302902168711 ) ) ;
#3104 = CARTESIAN_POINT ( 'NONE',  ( -56.01060283099874937, -113.1584488718976615, -23.37393243977896518 ) ) ;
#3105 = CARTESIAN_POINT ( 'NONE',  ( -61.74304158802997478, -99.48934490149636645, -24.81097271934666537 ) ) ;
#3106 = CARTESIAN_POINT ( 'NONE',  ( -63.51806539600980983, -102.7352231336865884, -25.13337868042724210 ) ) ;
#3107 = CARTESIAN_POINT ( 'NONE',  ( -64.94895149941454804, -103.5041399915950819, -19.59411533633996783 ) ) ;
#3108 = CARTESIAN_POINT ( 'NONE',  ( -47.01914724116240762, -67.87404574275522862, -30.41765629423117545 ) ) ;
#3109 = CARTESIAN_POINT ( 'NONE',  ( -61.70956432091748667, -92.14026724561909987, -19.65464221012029711 ) ) ;
#3110 = CARTESIAN_POINT ( 'NONE',  ( -54.31573942835290580, -126.4657927212235791, -22.19132240027751735 ) ) ;
#3111 = CARTESIAN_POINT ( 'NONE',  ( -55.65583422975591787, -126.1742613926777921, -23.24953192272125690 ) ) ;
#3112 = CARTESIAN_POINT ( 'NONE',  ( -58.72853999160147254, -106.1049195981412652, -22.47610480282725831 ) ) ;
#3113 = CARTESIAN_POINT ( 'NONE',  ( 5.104623238490098025, -4.028975607975613826, -8.164142844774735508 ) ) ;
#3114 = CARTESIAN_POINT ( 'NONE',  ( -54.25842512277572638, -70.58090704340200716, -25.95332288339731619 ) ) ;
#3115 = CARTESIAN_POINT ( 'NONE',  ( -56.48031106159803727, -120.8009273758612068, -27.35745999066812928 ) ) ;
#3116 = CARTESIAN_POINT ( 'NONE',  ( -64.84235867678901855, -103.9491304645918888, -19.61905411785905784 ) ) ;
#3117 = CARTESIAN_POINT ( 'NONE',  ( -25.11142575074047656, -56.88589588809595909, -28.91245253492052214 ) ) ;
#3118 = CARTESIAN_POINT ( 'NONE',  ( -57.50381067279259639, -82.75248494505862595, -24.76582711240877543 ) ) ;
#3119 = CARTESIAN_POINT ( 'NONE',  ( -47.51515324986173283, -129.5487957410566082, -28.10975848760276108 ) ) ;
#3120 = CARTESIAN_POINT ( 'NONE',  ( -9.859568052651308534, -46.81182754106706057, -33.21929303762443908 ) ) ;
#3121 = CARTESIAN_POINT ( 'NONE',  ( -63.27585073844549157, -91.14577138819358026, -25.31833933268951498 ) ) ;
#3122 = CARTESIAN_POINT ( 'NONE',  ( -62.87120825519597389, -109.8772200201687781, -24.77125081879955815 ) ) ;
#3123 = CARTESIAN_POINT ( 'NONE',  ( 0.7166451309064627573, -10.12417195256151636, -10.56549428291731552 ) ) ;
#3124 = CARTESIAN_POINT ( 'NONE',  ( -60.11980672355745980, -85.24319084461380669, -20.32409117183544822 ) ) ;
#3125 = CARTESIAN_POINT ( 'NONE',  ( -38.72484755262392042, -67.85115001794703460, -28.36284504905827220 ) ) ;
#3126 = CARTESIAN_POINT ( 'NONE',  ( -59.91758285416459273, -102.0044603113456532, -23.01806913507983765 ) ) ;
#3127 = CARTESIAN_POINT ( 'NONE',  ( -58.70079310499134095, -108.6361844127254983, -25.03211035641766813 ) ) ;
#3128 = CARTESIAN_POINT ( 'NONE',  ( -61.08646376164728053, -96.08841504569799952, -23.51490436952486363 ) ) ;
#3129 = CARTESIAN_POINT ( 'NONE',  ( -4.523649139829542420, -28.32657891496096525, -24.79067619776495235 ) ) ;
#3130 = CARTESIAN_POINT ( 'NONE',  ( -50.45261231228938925, -67.88209264745742644, -27.54230762581438441 ) ) ;
#3131 = CARTESIAN_POINT ( 'NONE',  ( -52.51008269798154515, -72.65143035118636305, -22.72054410061995711 ) ) ;
#3132 = CARTESIAN_POINT ( 'NONE',  ( -59.03205452809313414, -105.1229997648182746, -22.38039853561389236 ) ) ;
#3133 = CARTESIAN_POINT ( 'NONE',  ( -61.09903004187523123, -102.8725876843969615, -24.98765897288778604 ) ) ;
#3134 = CARTESIAN_POINT ( 'NONE',  ( -62.19690490851152020, -112.1183278606104068, -20.34494125818400789 ) ) ;
#3135 = CARTESIAN_POINT ( 'NONE',  ( -55.35755674757497502, -125.6640811123666026, -27.21094881310585478 ) ) ;
#3136 = CARTESIAN_POINT ( 'NONE',  ( -61.79717789359130364, -94.01366029939191549, -19.58610884776411964 ) ) ;
#3137 = CARTESIAN_POINT ( 'NONE',  ( -0.2979599430593790621, -6.918862308015300222, -7.160796656015596007 ) ) ;
#3138 = CARTESIAN_POINT ( 'NONE',  ( 5.095078880752708983, -7.464813323135785161, -9.998337174615869571 ) ) ;
#3139 = CARTESIAN_POINT ( 'NONE',  ( 5.599837841493832791, -8.264660856504693953, -13.07976914350618181 ) ) ;
#3140 = CARTESIAN_POINT ( 'NONE',  ( -66.69782813046180081, -92.23412726346906254, -20.99205916934501559 ) ) ;
#3141 = CARTESIAN_POINT ( 'NONE',  ( -63.01589211164980497, -104.7936422981677396, -25.26920881605970592 ) ) ;
#3142 = CARTESIAN_POINT ( 'NONE',  ( -65.71696647854480489, -99.41169588721513151, -19.44665808404231200 ) ) ;
#3143 = CARTESIAN_POINT ( 'NONE',  ( -14.97800669675759089, -48.06577059295135257, -29.03246169190104453 ) ) ;
#3144 = CARTESIAN_POINT ( 'NONE',  ( -57.66455533923284804, -110.3541676442801531, -24.55508917563979310 ) ) ;
#3145 = CARTESIAN_POINT ( 'NONE',  ( -50.13934749841764926, -125.2797781150910339, -27.16587295114009848 ) ) ;
#3146 = CARTESIAN_POINT ( 'NONE',  ( -51.75365905630908969, -124.5307003312444181, -28.12532933876777719 ) ) ;
#3147 = CARTESIAN_POINT ( 'NONE',  ( -63.34183232574455502, -98.75667651771983913, -25.14441456438944300 ) ) ;
#3148 = CARTESIAN_POINT ( 'NONE',  ( 2.815968986782150907, -0.5172834974072724190, -7.271291624633947848 ) ) ;
#3149 = CARTESIAN_POINT ( 'NONE',  ( -55.98597891314383901, -124.5582846811763744, -26.99752103095715228 ) ) ;
#3150 = CARTESIAN_POINT ( 'NONE',  ( -1.085986849270942800, -21.39706131053121396, -20.15957837639870220 ) ) ;
#3151 = CARTESIAN_POINT ( 'NONE',  ( -60.50581436129976254, -103.5905574955378654, -19.85380491271559933 ) ) ;
#3152 = CARTESIAN_POINT ( 'NONE',  ( -60.31121114253276261, -88.75428153593298930, -23.85857933390431285 ) ) ;
#3153 = CARTESIAN_POINT ( 'NONE',  ( -50.22917692819714830, -124.4118588883856802, -26.31067025602591158 ) ) ;
#3154 = CARTESIAN_POINT ( 'NONE',  ( -49.89072234993531652, -126.4097707300498286, -28.07793702390197410 ) ) ;
#3155 = CARTESIAN_POINT ( 'NONE',  ( -60.89914658054215124, -98.37190182831895413, -23.55066192455300467 ) ) ;
#3156 = CARTESIAN_POINT ( 'NONE',  ( -49.04018560110096558, -134.8987592127608650, -24.00567126007232943 ) ) ;
#3157 = CARTESIAN_POINT ( 'NONE',  ( -63.48217981432094348, -110.8126152971005354, -21.56745018506133604 ) ) ;
#3158 = CARTESIAN_POINT ( 'NONE',  ( -63.08691836310488554, -92.08917664456470220, -18.80701438534062220 ) ) ;
#3159 = CARTESIAN_POINT ( 'NONE',  ( -58.56851767133841946, -106.5981331208236469, -22.52770499168702401 ) ) ;
#3160 = CARTESIAN_POINT ( 'NONE',  ( -51.89277179357569025, -124.2907100243784839, -28.07616409984166594 ) ) ;
#3161 = CARTESIAN_POINT ( 'NONE',  ( -65.68736723484769868, -99.62123398934413387, -19.45059077589279184 ) ) ;
#3162 = CARTESIAN_POINT ( 'NONE',  ( -65.80617755293850735, -101.0595243528322129, -23.38914571531480746 ) ) ;
#3163 = CARTESIAN_POINT ( 'NONE',  ( -61.77098651974059607, -95.63890430464924464, -19.56214098223130549 ) ) ;
#3164 = CARTESIAN_POINT ( 'NONE',  ( -0.3382975235634034794, -14.82856191077667773, -15.88991511415145652 ) ) ;
#3165 = CARTESIAN_POINT ( 'NONE',  ( -53.23284421428373037, -118.8723410541703771, -24.33017977471922322 ) ) ;
#3166 = CARTESIAN_POINT ( 'NONE',  ( -59.89452996051681311, -104.9462241933163114, -24.64958202425732381 ) ) ;
#3167 = CARTESIAN_POINT ( 'NONE',  ( -64.65696965090693027, -83.57247824522129065, -22.00384562510530273 ) ) ;
#3168 = CARTESIAN_POINT ( 'NONE',  ( -48.65519599701643472, -69.61533786809047797, -30.11901165897964816 ) ) ;
#3169 = CARTESIAN_POINT ( 'NONE',  ( -60.65774427331120933, -115.7305996570305524, -20.81587446062348690 ) ) ;
#3170 = CARTESIAN_POINT ( 'NONE',  ( -56.97834136233093716, -112.1000564569826992, -21.54312780177199116 ) ) ;
#3171 = CARTESIAN_POINT ( 'NONE',  ( -55.53196321120615409, -115.2418168486203172, -25.27481945320183954 ) ) ;
#3172 = CARTESIAN_POINT ( 'NONE',  ( -57.50381067279259639, -82.75248494505862595, -24.76582711240877543 ) ) ;
#3173 = CARTESIAN_POINT ( 'NONE',  ( -42.00076042638071527, -69.03992045532433508, -30.72011624428251508 ) ) ;
#3174 = CARTESIAN_POINT ( 'NONE',  ( -62.71358591666221827, -88.49889032590797910, -25.56032909376377305 ) ) ;
#3175 = CARTESIAN_POINT ( 'NONE',  ( -12.62426673801525467, -48.97747097374342218, -34.11154629535597849 ) ) ;
#3176 = CARTESIAN_POINT ( 'NONE',  ( -61.93182837289611342, -103.5092940640713692, -18.92864640119377384 ) ) ;
#3177 = CARTESIAN_POINT ( 'NONE',  ( -60.60658352582098729, -103.1979626947231168, -19.82520559899854362 ) ) ;
#3178 = CARTESIAN_POINT ( 'NONE',  ( -60.76130935096965402, -99.39810632793846423, -23.58539475061816759 ) ) ;
#3179 = CARTESIAN_POINT ( 'NONE',  ( -58.83659455686068895, -105.9921736147600768, -23.35346911341992282 ) ) ;
#3180 = CARTESIAN_POINT ( 'NONE',  ( 4.876320161506204620, -3.154630601943074986, -8.310297934209140536 ) ) ;
#3181 = CARTESIAN_POINT ( 'NONE',  ( -54.46993738282691311, -79.08311016127765924, -25.66869302637196881 ) ) ;
#3182 = CARTESIAN_POINT ( 'NONE',  ( -62.69967698875590401, -85.85694333152402180, -19.27604254465316558 ) ) ;
#3183 = CARTESIAN_POINT ( 'NONE',  ( -61.48763416055808761, -115.8777700928523728, -23.07866202082410823 ) ) ;
#3184 = CARTESIAN_POINT ( 'NONE',  ( -63.16846069464952507, -111.6437759985230542, -21.65900120352171143 ) ) ;
#3185 = CARTESIAN_POINT ( 'NONE',  ( -60.98004919864139595, -106.8189941849210953, -19.19474059549890299 ) ) ;
#3186 = CARTESIAN_POINT ( 'NONE',  ( -54.01560541846011887, -78.86372511187065015, -24.96459776850219114 ) ) ;
#3187 = CARTESIAN_POINT ( 'NONE',  ( -58.91268264693430012, -109.9127558822011537, -25.67230157803808055 ) ) ;
#3188 = CARTESIAN_POINT ( 'NONE',  ( -65.14747676313581337, -102.6223372881618587, -19.54967572240647300 ) ) ;
#3189 = CARTESIAN_POINT ( 'NONE',  ( -66.34214762497104800, -96.13177259796252372, -23.34332284080738162 ) ) ;
#3190 = CARTESIAN_POINT ( 'NONE',  ( -52.88442834673536908, -75.19567020965898507, -22.67934394909816831 ) ) ;
#3191 = CARTESIAN_POINT ( 'NONE',  ( -12.11544288310938278, -40.54588710885064273, -29.38350347113711791 ) ) ;
#3192 = CARTESIAN_POINT ( 'NONE',  ( -11.94659651787694621, -46.18256948738738998, -34.67395006617583419 ) ) ;
#3193 = CARTESIAN_POINT ( 'NONE',  ( -50.96644797224598022, -123.8894660230931066, -23.60384484437983232 ) ) ;
#3194 = CARTESIAN_POINT ( 'NONE',  ( -5.932463341196695161, -41.26077181080268730, -28.86293369166364897 ) ) ;
#3195 = CARTESIAN_POINT ( 'NONE',  ( -57.92484772193312637, -82.95985651627893276, -25.46607281711431270 ) ) ;
#3196 = CARTESIAN_POINT ( 'NONE',  ( -65.55540337320745437, -104.0908715981551040, -21.01382264042774750 ) ) ;
#3197 = CARTESIAN_POINT ( 'NONE',  ( -44.63364831028462731, -67.70615045523094011, -31.19730282123605036 ) ) ;
#3198 = CARTESIAN_POINT ( 'NONE',  ( -10.10739617350079200, -36.75429084941222868, -29.79047453322392514 ) ) ;
#3199 = CARTESIAN_POINT ( 'NONE',  ( -50.14240163212615187, -125.2860913404843473, -23.89413486090852956 ) ) ;
#3200 = CARTESIAN_POINT ( 'NONE',  ( -50.76476685020355717, -124.2184780667852380, -26.94288120088261707 ) ) ;
#3201 = CARTESIAN_POINT ( 'NONE',  ( -61.11111174307013982, -94.54687189873622799, -23.52617231893239236 ) ) ;
#3202 = CARTESIAN_POINT ( 'NONE',  ( -57.43587873852535353, -79.18877618906496707, -27.38077402062393872 ) ) ;
#3203 = CARTESIAN_POINT ( 'NONE',  ( -54.84766526157578426, -122.0764799806225653, -27.83848691687895283 ) ) ;
#3204 = CARTESIAN_POINT ( 'NONE',  ( -48.60396063685293200, -132.5088477306724997, -30.03478499026147830 ) ) ;
#3205 = CARTESIAN_POINT ( 'NONE',  ( -62.03701204121754387, -86.48771737553413175, -19.31573690484773209 ) ) ;
#3206 = CARTESIAN_POINT ( 'NONE',  ( -27.57202387335970784, -54.33377222859206057, -33.03105648660697824 ) ) ;
#3207 = CARTESIAN_POINT ( 'NONE',  ( -44.79755767414808787, -64.51037236851917100, -29.82180743953954760 ) ) ;
#3208 = CARTESIAN_POINT ( 'NONE',  ( -55.22660232164133731, -117.1334236115741163, -21.54296196654074791 ) ) ;
#3209 = CARTESIAN_POINT ( 'NONE',  ( -61.10700360997306291, -95.46318726379824682, -23.51597805823642773 ) ) ;
#3210 = CARTESIAN_POINT ( 'NONE',  ( -57.82150230685218162, -83.23496936707783789, -24.66886088516756459 ) ) ;
#3211 = CARTESIAN_POINT ( 'NONE',  ( -57.82150230685218162, -83.23496936707783789, -24.66886088516756459 ) ) ;
#3212 = CARTESIAN_POINT ( 'NONE',  ( -62.96225288117400254, -101.2541003047664958, -25.22959367191550584 ) ) ;
#3213 = CARTESIAN_POINT ( 'NONE',  ( -63.80172170052195213, -90.95301229490438288, -18.74604990079106770 ) ) ;
#3214 = CARTESIAN_POINT ( 'NONE',  ( -50.96678927403824844, -134.4962909100866284, -25.66037248338561483 ) ) ;
#3215 = CARTESIAN_POINT ( 'NONE',  ( -56.98940782031021968, -77.36488312994468686, -21.19691404610950869 ) ) ;
#3216 = CARTESIAN_POINT ( 'NONE',  ( -37.76115805094094213, -66.98377029869273258, -27.86908448201022281 ) ) ;
#3217 = CARTESIAN_POINT ( 'NONE',  ( -41.99168262602911028, -69.96735505163751156, -29.28088805657574767 ) ) ;
#3218 = CARTESIAN_POINT ( 'NONE',  ( -57.05455011264821508, -114.3473200196901729, -26.28868359143017486 ) ) ;
#3219 = CARTESIAN_POINT ( 'NONE',  ( -0.9009216160637925075, -11.51908058858734663, -14.62178635765150858 ) ) ;
#3220 = CARTESIAN_POINT ( 'NONE',  ( -54.48102849798866032, -72.20111280579180857, -27.96309558198810663 ) ) ;
#3221 = CARTESIAN_POINT ( 'NONE',  ( -59.93449102031988929, -105.6034205939093056, -20.02109293335410101 ) ) ;
#3222 = CARTESIAN_POINT ( 'NONE',  ( -61.78363781641809283, -83.39274886621063843, -19.66358466725043996 ) ) ;
#3223 = CARTESIAN_POINT ( 'NONE',  ( -53.90655348576191841, -118.5663532928871291, -22.58070297632488987 ) ) ;
#3224 = CARTESIAN_POINT ( 'NONE',  ( -60.53460792774725263, -88.44297542755671770, -24.61844410661787919 ) ) ;
#3225 = CARTESIAN_POINT ( 'NONE',  ( -58.21451582136289460, -122.3404043749978740, -23.21058315014044027 ) ) ;
#3226 = CARTESIAN_POINT ( 'NONE',  ( -51.51033166179170308, -71.12805563942697518, -29.29556540017694743 ) ) ;
#3227 = CARTESIAN_POINT ( 'NONE',  ( -9.233797944599887231, -35.38512228771924129, -29.31534082434933808 ) ) ;
#3228 = CARTESIAN_POINT ( 'NONE',  ( -50.55837945534422317, -124.5848639310836035, -23.74744740904035467 ) ) ;
#3229 = CARTESIAN_POINT ( 'NONE',  ( -58.84878693280552397, -107.1072129015535381, -24.16706405319196804 ) ) ;
#3230 = CARTESIAN_POINT ( 'NONE',  ( -60.45031628817858405, -89.27647202458402376, -23.80700716082309754 ) ) ;
#3231 = CARTESIAN_POINT ( 'NONE',  ( -59.02494911729228733, -81.10892673424262966, -26.86612820839960136 ) ) ;
#3232 = CARTESIAN_POINT ( 'NONE',  ( -52.38693028600059876, -126.3959384069932810, -28.69456826936552929 ) ) ;
#3233 = CARTESIAN_POINT ( 'NONE',  ( -62.99396074460152306, -91.10854598468490906, -18.86547009114921991 ) ) ;
#3234 = LOCAL_TIME ( 23, 45, 24.00000000000000000, #1367 ) ;
#3235 = CARTESIAN_POINT ( 'NONE',  ( -59.99645142691221622, -105.3985615686630126, -20.00261906041599858 ) ) ;
#3236 = CARTESIAN_POINT ( 'NONE',  ( -60.89914658054215124, -98.37190182831895413, -23.55066192455300467 ) ) ;
#3237 = CARTESIAN_POINT ( 'NONE',  ( -13.72239613717693096, -50.68826754315340821, -30.65342179810044243 ) ) ;
#3238 = CARTESIAN_POINT ( 'NONE',  ( -43.16972804561840604, -136.7345665765856779, -30.51698731832762945 ) ) ;
#3239 = CARTESIAN_POINT ( 'NONE',  ( -55.90972440075128702, -114.4314329870522755, -25.14513447567076909 ) ) ;
#3240 = CARTESIAN_POINT ( 'NONE',  ( -58.50306845083319729, -114.7581729123588730, -26.60171512020163931 ) ) ;
#3241 = CARTESIAN_POINT ( 'NONE',  ( -21.76493845810910344, -50.33852439218246388, -30.44436841545581629 ) ) ;
#3242 = CARTESIAN_POINT ( 'NONE',  ( -60.11419681706099283, -118.6211277048994930, -22.59746326824440388 ) ) ;
#3243 = CARTESIAN_POINT ( 'NONE',  ( -61.15720554451409186, -106.2589027346394488, -19.14352519651054152 ) ) ;
#3244 = CARTESIAN_POINT ( 'NONE',  ( -14.32255922289179395, -50.67957802440417936, -30.01334481415089428 ) ) ;
#3245 = CARTESIAN_POINT ( 'NONE',  ( -49.50223618246374002, -128.2916409635309947, -28.92734701409823472 ) ) ;
#3246 = CARTESIAN_POINT ( 'NONE',  ( -53.78954893763611267, -128.6072063936837253, -23.06631271764666735 ) ) ;
#3247 = CARTESIAN_POINT ( 'NONE',  ( -63.80760425037114203, -83.17576210039273121, -24.61411166626973213 ) ) ;
#3248 = CARTESIAN_POINT ( 'NONE',  ( -50.21322917497445104, -126.1936722483365543, -23.27486756457280492 ) ) ;
#3249 = CARTESIAN_POINT ( 'NONE',  ( -17.62392669425346980, -46.48723874191820471, -30.51631294062941180 ) ) ;
#3250 = VERTEX_POINT ( 'NONE', #5936 ) ;
#3251 = CARTESIAN_POINT ( 'NONE',  ( -48.05094836044690254, -134.8612293758199883, -30.30243760717183932 ) ) ;
#3252 = CARTESIAN_POINT ( 'NONE',  ( -44.81440397806860432, -133.6789164247818746, -25.80329321705717405 ) ) ;
#3253 = CARTESIAN_POINT ( 'NONE',  ( -61.22504101167328372, -91.62863036273527939, -24.35314271526909735 ) ) ;
#3254 = CARTESIAN_POINT ( 'NONE',  ( -55.76132440073605778, -126.7265816014299702, -24.02549582316562748 ) ) ;
#3255 = CARTESIAN_POINT ( 'NONE',  ( -47.33414391072238914, -68.98178585508769345, -30.48261990188053261 ) ) ;
#3256 = CARTESIAN_POINT ( 'NONE',  ( -54.39036324305126158, -127.6052248090009442, -22.86312323191423701 ) ) ;
#3257 = CARTESIAN_POINT ( 'NONE',  ( -55.49843329709106143, -115.3648579014593736, -22.03712866656965730 ) ) ;
#3258 = CARTESIAN_POINT ( 'NONE',  ( -60.33628281850877073, -101.7262490590506161, -23.70453623450262981 ) ) ;
#3259 = CARTESIAN_POINT ( 'NONE',  ( -37.47225150743506106, -67.13395283939259173, -28.67237402807184310 ) ) ;
#3260 = CARTESIAN_POINT ( 'NONE',  ( 3.724569690834350411, -4.464605433186572547, -12.59827753672710493 ) ) ;
#3261 = CARTESIAN_POINT ( 'NONE',  ( -63.82365241702167680, -89.44271923062312624, -25.32152288145763563 ) ) ;
#3262 = CARTESIAN_POINT ( 'NONE',  ( -49.56503553762752290, -127.2576125881443829, -23.50372258149658933 ) ) ;
#3263 = CARTESIAN_POINT ( 'NONE',  ( -58.71055050066692615, -84.70827963818084072, -24.39450985143247408 ) ) ;
#3264 = CARTESIAN_POINT ( 'NONE',  ( -42.40396138430828188, -70.03214748758409769, -27.58834333493420488 ) ) ;
#3265 = CARTESIAN_POINT ( 'NONE',  ( -4.525205101294961452, -40.36054365841827263, -30.82128335423450594 ) ) ;
#3266 = CARTESIAN_POINT ( 'NONE',  ( -59.18337934245271015, -106.0722478046345287, -24.05938542929333224 ) ) ;
#3267 = CARTESIAN_POINT ( 'NONE',  ( -63.09822948583174451, -100.4714925062047683, -25.19660368116532823 ) ) ;
#3268 = CARTESIAN_POINT ( 'NONE',  ( -45.42543586880911732, -65.42205925635413166, -25.90213500290971993 ) ) ;
#3269 = CARTESIAN_POINT ( 'NONE',  ( -63.67346489894865158, -110.5361718518699377, -22.41877555233417141 ) ) ;
#3270 = CARTESIAN_POINT ( 'NONE',  ( -16.91923767729329597, -45.34605873907115381, -32.71055764884631145 ) ) ;
#3271 = CARTESIAN_POINT ( 'NONE',  ( -62.58033175661871184, -100.5139733649322125, -18.76945191260474033 ) ) ;
#3272 = CARTESIAN_POINT ( 'NONE',  ( -33.96288067020257273, -64.84288447240903963, -28.79939460424761677 ) ) ;
#3273 = CARTESIAN_POINT ( 'NONE',  ( -51.53733113548087630, -74.11275730677414231, -29.07306165170271584 ) ) ;
#3274 = CARTESIAN_POINT ( 'NONE',  ( -2.564401282032139129, -2.181222469418088838, -1.209693649336434307 ) ) ;
#3275 = CARTESIAN_POINT ( 'NONE',  ( -66.36419894419411492, -95.35041336775333320, -23.35925244401425260 ) ) ;
#3276 = CARTESIAN_POINT ( 'NONE',  ( -58.39945127047358397, -110.0226038674365441, -20.49770655949050635 ) ) ;
#3277 = PERSON_AND_ORGANIZATION ( #2782, #5590 ) ;
#3278 = CARTESIAN_POINT ( 'NONE',  ( -62.49740704648365863, -85.26302607910908193, -19.36289956632820264 ) ) ;
#3279 = CARTESIAN_POINT ( 'NONE',  ( -0.9295813055108937961, -6.520703021490484197, -11.36398223513367789 ) ) ;
#3280 = CARTESIAN_POINT ( 'NONE',  ( -54.93882823522969971, -123.6299576406921545, -27.88386767301642521 ) ) ;
#3281 = CARTESIAN_POINT ( 'NONE',  ( 4.601053752761786519, -8.198389145873257178, -9.761957871504476358 ) ) ;
#3282 = CARTESIAN_POINT ( 'NONE',  ( -60.20432044134593497, -87.44571444716348196, -24.73588679030876492 ) ) ;
#3283 = CARTESIAN_POINT ( 'NONE',  ( -1.107407178987640295, -7.314566126392819889, -11.11282641185248998 ) ) ;
#3284 = CARTESIAN_POINT ( 'NONE',  ( -64.07900029084483151, -85.29613265927234522, -24.97519297702383767 ) ) ;
#3285 = CARTESIAN_POINT ( 'NONE',  ( -1.783167333723683745, -3.917085712675726583, -4.638985686028420652 ) ) ;
#3286 = CARTESIAN_POINT ( 'NONE',  ( -58.56421423768912859, -108.0509930304133377, -21.02853228826195675 ) ) ;
#3287 = CARTESIAN_POINT ( 'NONE',  ( 0.000000000000000000, 0.000000000000000000, 0.000000000000000000 ) ) ;
#3288 = CARTESIAN_POINT ( 'NONE',  ( -61.00083837978342416, -92.50302800301962236, -23.58800795786788029 ) ) ;
#3289 = CARTESIAN_POINT ( 'NONE',  ( -17.46270118906663171, -53.19734421236909583, -34.48982346370451069 ) ) ;
#3290 = CARTESIAN_POINT ( 'NONE',  ( -63.07900641532076946, -86.81016246804931313, -25.63309466996175701 ) ) ;
#3291 = CARTESIAN_POINT ( 'NONE',  ( -46.09512412729372244, -69.89248406151435233, -24.71100125885980248 ) ) ;
#3292 = CARTESIAN_POINT ( 'NONE',  ( -54.42147408143526377, -117.5244455094063483, -25.65829852437362391 ) ) ;
#3293 = CARTESIAN_POINT ( 'NONE',  ( 4.709459278186787223, -3.601775776663232786, -6.274299660075625340 ) ) ;
#3294 = CARTESIAN_POINT ( 'NONE',  ( -51.17075751684724594, -123.5192474415159580, -26.79891795266354393 ) ) ;
#3295 = CARTESIAN_POINT ( 'NONE',  ( -58.87309135409559246, -113.9220482689042768, -26.47966490084304070 ) ) ;
#3296 = CARTESIAN_POINT ( 'NONE',  ( -63.94689859623223072, -92.67433963213201764, -18.64467026454286369 ) ) ;
#3297 = CARTESIAN_POINT ( 'NONE',  ( 0.9946918116206387994, -20.16262664360458601, -18.83710513351492821 ) ) ;
#3298 = CARTESIAN_POINT ( 'NONE',  ( -52.65212479018642000, -77.54792029617941296, -25.31373132480136334 ) ) ;
#3299 = CARTESIAN_POINT ( 'NONE',  ( -55.09774208509378468, -115.1385659083087774, -23.68430383216093560 ) ) ;
#3300 = CARTESIAN_POINT ( 'NONE',  ( -50.27432232220651542, -75.31733353285297028, -27.43891061340712412 ) ) ;
#3301 = CARTESIAN_POINT ( 'NONE',  ( -0.9919303019980405534, -32.54947768427251731, -30.14375049923610916 ) ) ;
#3302 = CARTESIAN_POINT ( 'NONE',  ( -26.05499888097737227, -52.89185732263945994, -31.13484084109393280 ) ) ;
#3303 = CARTESIAN_POINT ( 'NONE',  ( -0.8474861436583764895, -2.272971995337519147, -7.993472992662589149 ) ) ;
#3304 = CARTESIAN_POINT ( 'NONE',  ( -56.50249799011137952, -114.4708396220017761, -21.11574983116677018 ) ) ;
#3305 = CARTESIAN_POINT ( 'NONE',  ( -2.052390346858021353, -1.055191505346216196, -4.339499307443706044 ) ) ;
#3306 = CARTESIAN_POINT ( 'NONE',  ( -6.726047889403952595, -32.51892790472908246, -26.62745592114581328 ) ) ;
#3307 = CARTESIAN_POINT ( 'NONE',  ( -2.547296622187890769, -1.013840311046219078, -2.475664858814073277 ) ) ;
#3308 = CARTESIAN_POINT ( 'NONE',  ( -37.59370327667090805, -63.87208198421696892, -32.88001382172860332 ) ) ;
#3309 = CARTESIAN_POINT ( 'NONE',  ( 4.676733810102549960, -9.567529597428581667, -11.27554035975987823 ) ) ;
#3310 = CARTESIAN_POINT ( 'NONE',  ( 4.972930654779994519, -3.602147338126390430, -8.907772428838107714 ) ) ;
#3311 = CARTESIAN_POINT ( 'NONE',  ( -60.96412278564920939, -116.8241271734356133, -22.33032484809096729 ) ) ;
#3312 = CARTESIAN_POINT ( 'NONE',  ( -65.63848516072387440, -98.32591050948042266, -24.07136027790392063 ) ) ;
#3313 = CARTESIAN_POINT ( 'NONE',  ( -47.26328495016286269, -65.73986225710119413, -26.63015225558392984 ) ) ;
#3314 = CARTESIAN_POINT ( 'NONE',  ( -43.21609104671981072, -63.28811738180647950, -29.58553279569425243 ) ) ;
#3315 = CARTESIAN_POINT ( 'NONE',  ( -19.48106762332710318, -54.35951396207372710, -29.74974968244009332 ) ) ;
#3316 = CARTESIAN_POINT ( 'NONE',  ( -50.35005066795763895, -124.9242753486853559, -27.09049919284488794 ) ) ;
#3317 = CARTESIAN_POINT ( 'NONE',  ( -51.56869658326804284, -122.8259475251304025, -26.65807063455801540 ) ) ;
#3318 = CARTESIAN_POINT ( 'NONE',  ( -54.59071805458857085, -122.5446829014048120, -27.92708900916545289 ) ) ;
#3319 = CARTESIAN_POINT ( 'NONE',  ( -63.44924807786264864, -87.95941201791553965, -25.48239437392918560 ) ) ;
#3320 = CARTESIAN_POINT ( 'NONE',  ( -38.92093109492106606, -65.16909222164655091, -26.36632471918155929 ) ) ;
#3321 = CARTESIAN_POINT ( 'NONE',  ( -66.32632801786145649, -100.7286143246321615, -21.74942525759079004 ) ) ;
#3322 = CARTESIAN_POINT ( 'NONE',  ( -51.17075751684724594, -123.5192474415159580, -26.79891795266354393 ) ) ;
#3323 = CARTESIAN_POINT ( 'NONE',  ( -54.03137078475032951, -78.64588720490297646, -25.79126781809589986 ) ) ;
#3324 = CARTESIAN_POINT ( 'NONE',  ( -56.36243562834467014, -113.4338458857758809, -24.99143651199414862 ) ) ;
#3325 = CARTESIAN_POINT ( 'NONE',  ( -54.59071805458857085, -122.5446829014048120, -27.92708900916545289 ) ) ;
#3326 = CARTESIAN_POINT ( 'NONE',  ( -57.89409465842735614, -116.6516528805449298, -20.22817872693632424 ) ) ;
#3327 = CARTESIAN_POINT ( 'NONE',  ( -57.01045287471961842, -124.7129141797810803, -24.52501353654047733 ) ) ;
#3328 = CARTESIAN_POINT ( 'NONE',  ( -56.59230562475848103, -117.4443292314494727, -20.57650285950688485 ) ) ;
#3329 = CARTESIAN_POINT ( 'NONE',  ( -53.90721929289016856, -117.7382596254390990, -25.01503135570958136 ) ) ;
#3330 = CARTESIAN_POINT ( 'NONE',  ( -49.12066195480957731, -126.1102395137571079, -25.78367271586347442 ) ) ;
#3331 = CARTESIAN_POINT ( 'NONE',  ( -61.96656303757054474, -92.63077096110698960, -24.83578643332496583 ) ) ;
#3332 = CARTESIAN_POINT ( 'NONE',  ( -59.02494911729228733, -81.10892673424262966, -26.86612820839960136 ) ) ;
#3333 = CARTESIAN_POINT ( 'NONE',  ( -16.14042877615784022, -44.39002003690023912, -31.83221311093125649 ) ) ;
#3334 = CARTESIAN_POINT ( 'NONE',  ( -54.98794014045282808, -127.3479865307590444, -26.73490287155002676 ) ) ;
#3336 = CARTESIAN_POINT ( 'NONE',  ( -61.32992753030064392, -115.1345408429881445, -24.64716350244722065 ) ) ;
#3335 = CARTESIAN_POINT ( 'NONE',  ( -43.77229916502801643, -136.1364830497786897, -25.57823277845246679 ) ) ;
#3337 = CARTESIAN_POINT ( 'NONE',  ( -39.12500619604706742, -61.20468100482758445, -31.28149698460686778 ) ) ;
#3338 = CARTESIAN_POINT ( 'NONE',  ( -62.48915382855373934, -104.6267877509959305, -18.83479273738296200 ) ) ;
#3339 = CARTESIAN_POINT ( 'NONE',  ( -1.765220324031493870, -17.84181488986752484, -21.97075108142004751 ) ) ;
#3340 = CARTESIAN_POINT ( 'NONE',  ( -57.29218408655921735, -75.55812828882066867, -27.44680355120821602 ) ) ;
#3341 = CARTESIAN_POINT ( 'NONE',  ( -60.23718154160561511, -89.71336284901724412, -22.14419477859185648 ) ) ;
#3342 = CARTESIAN_POINT ( 'NONE',  ( -55.74752042994472134, -115.6365551837593841, -26.02192670844317846 ) ) ;
#3343 = CARTESIAN_POINT ( 'NONE',  ( -1.546801668747173508, -4.693188942429564747, -7.476420170475749138 ) ) ;
#3344 = CARTESIAN_POINT ( 'NONE',  ( -64.94220531356590698, -102.7016099939176570, -24.20240610302024109 ) ) ;
#3345 = CARTESIAN_POINT ( 'NONE',  ( -63.15703871431116312, -93.42810033981197648, -18.74695120774335777 ) ) ;
#3346 = CARTESIAN_POINT ( 'NONE',  ( -65.08464255360193818, -89.66102658463466923, -19.24734260430280131 ) ) ;
#3347 = CARTESIAN_POINT ( 'NONE',  ( -54.28556622545817589, -70.75811218417138093, -25.11786015714692510 ) ) ;
#3348 = CARTESIAN_POINT ( 'NONE',  ( -26.66760913637743258, -59.82507022551903475, -29.48514387856746310 ) ) ;
#3349 = PERSON_AND_ORGANIZATION_ROLE ( 'design_owner' ) ;
#3350 = CARTESIAN_POINT ( 'NONE',  ( -55.03962255121542313, -116.2700198153301159, -25.44445786536799758 ) ) ;
#3351 = CARTESIAN_POINT ( 'NONE',  ( -64.31060057504417671, -92.63200218516718110, -25.08088416070912174 ) ) ;
#3352 = CARTESIAN_POINT ( 'NONE',  ( -55.58904165091889382, -127.1933805514431981, -25.00089090530909530 ) ) ;
#3353 = CARTESIAN_POINT ( 'NONE',  ( -4.393863324433439743, -34.92651583670926385, -26.08357791040341311 ) ) ;
#3354 = CARTESIAN_POINT ( 'NONE',  ( -64.99179599173920963, -106.5185829582764967, -22.05446428328093234 ) ) ;
#3355 = CARTESIAN_POINT ( 'NONE',  ( -56.70930702341532026, -112.6475604350208641, -24.87442337426496408 ) ) ;
#3356 = CARTESIAN_POINT ( 'NONE',  ( -56.45017887103157506, -113.2364907394351121, -24.96180092752042157 ) ) ;
#3357 = CARTESIAN_POINT ( 'NONE',  ( -56.70930702341532026, -112.6475604350208641, -24.87442337426496408 ) ) ;
#3358 = CARTESIAN_POINT ( 'NONE',  ( -11.39661545952340127, -44.08596611420172451, -34.55786927171079270 ) ) ;
#3359 = CARTESIAN_POINT ( 'NONE',  ( -59.05205424671286352, -114.1362359696140771, -19.85726280920518505 ) ) ;
#3360 = CARTESIAN_POINT ( 'NONE',  ( -53.79518406278721443, -122.7507064417007427, -21.51491738177210067 ) ) ;
#3361 = CARTESIAN_POINT ( 'NONE',  ( -58.67354093430225959, -106.5010213843895599, -23.40611650854126324 ) ) ;
#3362 = CARTESIAN_POINT ( 'NONE',  ( -57.41073958188183468, -83.02232848683637201, -23.96559537868997936 ) ) ;
#3363 = CARTESIAN_POINT ( 'NONE',  ( -57.14961368605975167, -81.00450217787486906, -26.47167794249273243 ) ) ;
#3364 = CARTESIAN_POINT ( 'NONE',  ( -51.87324524562428252, -76.54173454668992349, -27.14640689164030718 ) ) ;
#3365 = CARTESIAN_POINT ( 'NONE',  ( -14.83305793785659610, -51.93933918389872417, -33.71700368477295484 ) ) ;
#3366 = CARTESIAN_POINT ( 'NONE',  ( -52.09270433025103131, -126.8906915805332289, -28.79794525082282775 ) ) ;
#3367 = CARTESIAN_POINT ( 'NONE',  ( -64.69898645183774022, -101.6251993323620297, -19.00329616534348887 ) ) ;
#3368 = CARTESIAN_POINT ( 'NONE',  ( -1.968842721968786513, -22.03883125770975937, -26.29631604205803797 ) ) ;
#3369 = CARTESIAN_POINT ( 'NONE',  ( 3.181069390845514988, -8.675533048114482781, -8.884807260362428849 ) ) ;
#3370 = CARTESIAN_POINT ( 'NONE',  ( -56.16974153381894297, -126.1933018565544415, -24.80620149349438819 ) ) ;
#3371 = APPROVAL ( #5037, '未指定' ) ;
#3372 = CARTESIAN_POINT ( 'NONE',  ( -62.81639266590224935, -103.3561484704161302, -18.75000910456269665 ) ) ;
#3373 = CARTESIAN_POINT ( 'NONE',  ( -65.81265374305436922, -94.29443052376467449, -24.12244414397080305 ) ) ;
#3374 = CARTESIAN_POINT ( 'NONE',  ( -43.03743948523157314, -69.45023932509462838, -26.07093823590468773 ) ) ;
#3375 = CARTESIAN_POINT ( 'NONE',  ( -30.61163006263443975, -63.29961901037714256, -31.90883374492873514 ) ) ;
#3376 = CARTESIAN_POINT ( 'NONE',  ( -56.68346082950949238, -73.10934507028453311, -23.39048680224628640 ) ) ;
#3377 = CARTESIAN_POINT ( 'NONE',  ( -64.12798976345349899, -105.9626462093987556, -24.41166150771805476 ) ) ;
#3378 = CARTESIAN_POINT ( 'NONE',  ( -62.87284805010042987, -90.14427261825373705, -18.93315564430777442 ) ) ;
#3379 = CARTESIAN_POINT ( 'NONE',  ( -64.85248351974793479, -105.3389126421467807, -23.61240556787079115 ) ) ;
#3380 = CARTESIAN_POINT ( 'NONE',  ( -50.70403559371250424, -68.40068252563339968, -25.06063296185487843 ) ) ;
#3381 = CARTESIAN_POINT ( 'NONE',  ( -65.53548556899711741, -87.16682960020770565, -20.74886992762632687 ) ) ;
#3382 = CARTESIAN_POINT ( 'NONE',  ( -55.38582099251533464, -80.14246706064359671, -23.70106024334937445 ) ) ;
#3383 = CARTESIAN_POINT ( 'NONE',  ( -49.05261653890165263, -127.0816271148816128, -27.55561166555441233 ) ) ;
#3384 = CARTESIAN_POINT ( 'NONE',  ( -64.27946821687984880, -92.30043606980440529, -25.09935660780247346 ) ) ;
#3385 = CARTESIAN_POINT ( 'NONE',  ( -62.58197971962205486, -112.1385756258459452, -24.26053406606582996 ) ) ;
#3386 = CARTESIAN_POINT ( 'NONE',  ( -2.857846776731000293, 0.3736987130548869440, -1.282412937214936210 ) ) ;
#3387 = CARTESIAN_POINT ( 'NONE',  ( -53.21037783873721594, -70.00417620921724904, -24.73027209382284752 ) ) ;
#3388 = CARTESIAN_POINT ( 'NONE',  ( -40.17688562680943676, -65.87143203282742832, -26.07337347776755365 ) ) ;
#3389 = CARTESIAN_POINT ( 'NONE',  ( -65.53572034663396551, -104.5110496261449526, -21.91801676893115314 ) ) ;
#3390 = CARTESIAN_POINT ( 'NONE',  ( -59.44630343364396907, -105.2086127455043965, -23.97564529725236682 ) ) ;
#3391 = CARTESIAN_POINT ( 'NONE',  ( -60.93722315088608354, -98.03633387550989653, -23.54172347732509962 ) ) ;
#3392 = CARTESIAN_POINT ( 'NONE',  ( -59.46033873134066283, -108.4204824628902770, -25.49511191338610772 ) ) ;
#3393 = CARTESIAN_POINT ( 'NONE',  ( -5.628208040711028204, -34.95874700436137772, -32.38858037874913975 ) ) ;
#3394 = CARTESIAN_POINT ( 'NONE',  ( -58.19575578046118380, -116.0151748905772848, -20.13097713397704780 ) ) ;
#3395 = CARTESIAN_POINT ( 'NONE',  ( -51.31707668975568026, -126.9977096926846230, -22.36778059153265019 ) ) ;
#3396 = CARTESIAN_POINT ( 'NONE',  ( -60.76876875878750894, -93.96525989589444805, -22.81919790158485739 ) ) ;
#3397 = CARTESIAN_POINT ( 'NONE',  ( -60.78148093631622828, -94.85442111451517633, -22.80454693350305106 ) ) ;
#3398 = CARTESIAN_POINT ( 'NONE',  ( -61.95378564610771122, -97.72731523184559421, -24.76433477895140101 ) ) ;
#3399 = CARTESIAN_POINT ( 'NONE',  ( -53.19297895520505648, -75.28354790106084238, -28.66575796557589229 ) ) ;
#3400 = CARTESIAN_POINT ( 'NONE',  ( -65.11548214356137976, -99.12150679238324358, -18.93077155193522287 ) ) ;
#3401 = CARTESIAN_POINT ( 'NONE',  ( -56.06358837092939496, -125.4896205938575093, -26.37093877015134780 ) ) ;
#3402 = CARTESIAN_POINT ( 'NONE',  ( 1.247402849188760099, -22.46526091799083247, -20.37894355041006378 ) ) ;
#3403 = CARTESIAN_POINT ( 'NONE',  ( -49.81294320184711211, -136.4008969455879878, -26.98485170293887947 ) ) ;
#3404 = CARTESIAN_POINT ( 'NONE',  ( -52.84079161054143725, -126.0579752037167225, -21.91695828862226136 ) ) ;
#3405 = CARTESIAN_POINT ( 'NONE',  ( -54.70674839375784870, -73.31149589298169644, -28.30443222505484613 ) ) ;
#3406 = CARTESIAN_POINT ( 'NONE',  ( -60.55451973337758886, -97.89610841016006759, -21.93747672008076322 ) ) ;
#3407 = CARTESIAN_POINT ( 'NONE',  ( -49.59590158696835971, -126.8961606540243139, -28.18361066984070007 ) ) ;
#3408 = CARTESIAN_POINT ( 'NONE',  ( -58.17322578996947158, -74.64503298810393517, -22.85743577569667906 ) ) ;
#3409 = CARTESIAN_POINT ( 'NONE',  ( -60.76082756836279231, -115.1134813854573906, -25.42367581777705965 ) ) ;
#3410 = CARTESIAN_POINT ( 'NONE',  ( -51.96534548118302155, -125.9161093021075004, -22.14325015473106362 ) ) ;
#3411 = CARTESIAN_POINT ( 'NONE',  ( -66.31910814611597971, -93.07361153042444357, -23.44457908490855047 ) ) ;
#3412 = CARTESIAN_POINT ( 'NONE',  ( -65.42767932605890735, -93.26293413380007280, -19.00706717294200132 ) ) ;
#3413 = CARTESIAN_POINT ( 'NONE',  ( -65.91337554182078406, -88.88678161580945414, -20.55668923527229452 ) ) ;
#3414 = CARTESIAN_POINT ( 'NONE',  ( -31.74670965222750496, -62.98941995404222638, -28.69364470770474540 ) ) ;
#3415 = CARTESIAN_POINT ( 'NONE',  ( -56.18419364703679264, -113.8306566196338991, -25.05173840703304933 ) ) ;
#3416 = CARTESIAN_POINT ( 'NONE',  ( -64.41062707553344069, -95.40832668962876539, -24.98156930185459501 ) ) ;
#3417 = CARTESIAN_POINT ( 'NONE',  ( -3.519509904190567084, -23.34638033708442251, -24.70054515056812150 ) ) ;
#3418 = CARTESIAN_POINT ( 'NONE',  ( -56.25219098184639677, -79.92249933610263213, -22.10085004095364525 ) ) ;
#3419 = CARTESIAN_POINT ( 'NONE',  ( -65.85844587107925463, -103.1516957276243858, -21.84239237147831147 ) ) ;
#3420 = CARTESIAN_POINT ( 'NONE',  ( 5.064933426046745346, -5.299122828738119573, -8.570966443578246441 ) ) ;
#3421 = CARTESIAN_POINT ( 'NONE',  ( -61.10700360997306291, -95.46318726379824682, -23.51597805823642773 ) ) ;
#3422 = CARTESIAN_POINT ( 'NONE',  ( -25.58718413193643926, -60.32188840304824140, -31.74043168097623280 ) ) ;
#3423 = CARTESIAN_POINT ( 'NONE',  ( -18.55312105112388465, -51.00522809775297617, -35.13064069735691675 ) ) ;
#3424 = CARTESIAN_POINT ( 'NONE',  ( -62.11823566003985064, -105.9251372134047955, -18.93569728905499616 ) ) ;
#3425 = CARTESIAN_POINT ( 'NONE',  ( -57.15682331307504427, -116.2819358687630995, -20.39112767850977548 ) ) ;
#3426 = CARTESIAN_POINT ( 'NONE',  ( -59.91758285416459273, -102.0044603113456532, -23.01806913507983765 ) ) ;
#3427 = CARTESIAN_POINT ( 'NONE',  ( -53.11858332734353638, -77.98394453246218916, -25.19907472489207123 ) ) ;
#3428 = CARTESIAN_POINT ( 'NONE',  ( -61.00489766521585011, -103.2662511812201132, -25.01519879805898583 ) ) ;
#3429 = DIRECTION ( 'NONE',  ( -0.1341557180636410718, 0.9210821352023572661, 0.3655269395296264490 ) ) ;
#3430 = CARTESIAN_POINT ( 'NONE',  ( -61.37170476836094934, -107.4223196062505536, -25.68381924569614583 ) ) ;
#3431 = CARTESIAN_POINT ( 'NONE',  ( -55.51393810870594336, -72.64111438265280185, -23.02031673444027504 ) ) ;
#3432 = CARTESIAN_POINT ( 'NONE',  ( -57.23309022571825011, -123.3988977336995418, -25.97765711329805782 ) ) ;
#3433 = CARTESIAN_POINT ( 'NONE',  ( -61.47247617567007438, -114.8081233310031166, -24.60270473512743195 ) ) ;
#3434 = CARTESIAN_POINT ( 'NONE',  ( -56.59457423716128943, -125.4502040703277004, -24.66395111745865876 ) ) ;
#3435 = CARTESIAN_POINT ( 'NONE',  ( -59.05205424671286352, -114.1362359696140771, -19.85726280920518505 ) ) ;
#3436 = CARTESIAN_POINT ( 'NONE',  ( -46.66614935823246668, -68.66956147209967298, -30.66285281449269462 ) ) ;
#3437 = CARTESIAN_POINT ( 'NONE',  ( -60.64226823369131836, -92.42011741229535460, -21.97717609936078276 ) ) ;
#3438 = CARTESIAN_POINT ( 'NONE',  ( -50.74801204156828049, -124.9703377475594408, -27.77146369748072630 ) ) ;
#3439 = CARTESIAN_POINT ( 'NONE',  ( -33.24051778731416107, -57.23537841668484560, -30.66942831275999737 ) ) ;
#3440 = CARTESIAN_POINT ( 'NONE',  ( -65.81899584228935396, -95.04244994629596022, -24.09905545060034626 ) ) ;
#3441 = CARTESIAN_POINT ( 'NONE',  ( -16.81696979113447199, -48.53963644874043126, -29.19329313904448853 ) ) ;
#3442 = CARTESIAN_POINT ( 'NONE',  ( -65.94243261100527320, -100.2103639341885071, -23.36507541867529980 ) ) ;
#3443 = CARTESIAN_POINT ( 'NONE',  ( -65.41272555433562275, -92.89193594480948946, -19.02456160743191305 ) ) ;
#3444 = CARTESIAN_POINT ( 'NONE',  ( -35.55310699608241265, -58.81420176452802195, -31.15241956154483915 ) ) ;
#3445 = CARTESIAN_POINT ( 'NONE',  ( -59.66335451094516884, -102.8121539627431105, -22.18598214879371966 ) ) ;
#3446 = CARTESIAN_POINT ( 'NONE',  ( -54.42147408143526377, -117.5244455094063483, -25.65829852437362391 ) ) ;
#3447 = CARTESIAN_POINT ( 'NONE',  ( -64.40452428664349327, -94.33359770595369298, -25.00866971163159036 ) ) ;
#3448 = CARTESIAN_POINT ( 'NONE',  ( -64.53011033791648288, -106.4913228341218456, -23.69734859916291114 ) ) ;
#3449 = CARTESIAN_POINT ( 'NONE',  ( -47.15736989551630387, -65.48475004835347590, -27.49737862278539069 ) ) ;
#3450 = CARTESIAN_POINT ( 'NONE',  ( -61.17151136374909015, -92.36277620055045645, -20.36088460056655336 ) ) ;
#3451 = CARTESIAN_POINT ( 'NONE',  ( -66.62684112792794622, -90.92118598465599177, -21.96316317518257932 ) ) ;
#3452 = CARTESIAN_POINT ( 'NONE',  ( 2.069295085959760083, -26.79764404239783815, -24.90440018271264933 ) ) ;
#3453 = CARTESIAN_POINT ( 'NONE',  ( -53.98646842711470129, -118.3779419363137890, -25.80948611876805643 ) ) ;
#3454 = CARTESIAN_POINT ( 'NONE',  ( -30.79333028359426905, -63.55443744103177295, -31.04062626717740869 ) ) ;
#3455 = CARTESIAN_POINT ( 'NONE',  ( -57.97791034221103956, -112.2358303370008912, -25.97977769224456779 ) ) ;
#3456 = CARTESIAN_POINT ( 'NONE',  ( -50.73908566244234208, -133.2487890008866884, -28.80748941470096725 ) ) ;
#3457 = CARTESIAN_POINT ( 'NONE',  ( -47.35346022822025702, -134.7586158749616629, -23.82818132805157063 ) ) ;
#3458 = CARTESIAN_POINT ( 'NONE',  ( -50.43834614991630616, -72.75845160656088240, -23.40023662242335689 ) ) ;
#3459 = CARTESIAN_POINT ( 'NONE',  ( -55.95411461865749203, -113.4656673053037252, -24.30961845126270759 ) ) ;
#3460 = CARTESIAN_POINT ( 'NONE',  ( -51.68184341950563976, -76.67926109725584638, -25.52769254990203152 ) ) ;
#3461 = CARTESIAN_POINT ( 'NONE',  ( -61.45057009101740420, -95.15856052644737417, -24.23231845870514434 ) ) ;
#3462 = CARTESIAN_POINT ( 'NONE',  ( -52.43814690156521863, -131.4995938793841503, -24.34020490310288665 ) ) ;
#3463 = CARTESIAN_POINT ( 'NONE',  ( -58.91302863842684445, -113.8302205281451336, -26.46650329011365343 ) ) ;
#3464 = CARTESIAN_POINT ( 'NONE',  ( -49.69395761292241076, -72.02286484802021960, -29.77335757546395101 ) ) ;
#3465 = CARTESIAN_POINT ( 'NONE',  ( -64.76634676317642914, -87.96199887210124757, -19.41569802280724844 ) ) ;
#3466 = CARTESIAN_POINT ( 'NONE',  ( -47.67934929008674061, -66.71926838319889441, -29.38968921344309138 ) ) ;
#3467 = CARTESIAN_POINT ( 'NONE',  ( -53.40509691950987303, -69.92348721263466871, -26.28614961370803371 ) ) ;
#3468 = CARTESIAN_POINT ( 'NONE',  ( -53.81606558352433467, -70.51130070698708607, -26.95438923665579622 ) ) ;
#3469 = CARTESIAN_POINT ( 'NONE',  ( -51.89548096992257342, -127.6361265055893597, -22.24179188020220366 ) ) ;
#3470 = CARTESIAN_POINT ( 'NONE',  ( -52.08303053370363500, -76.75105035084591520, -24.58087217368527888 ) ) ;
#3471 = CARTESIAN_POINT ( 'NONE',  ( -45.79648173629617958, -72.09756171178294437, -28.75706271585981710 ) ) ;
#3472 = CARTESIAN_POINT ( 'NONE',  ( -44.71866221902162408, -63.90189381846864336, -28.40845485106247992 ) ) ;
#3473 = CARTESIAN_POINT ( 'NONE',  ( -3.324114866981488170, -30.14188975230486278, -30.68762850999105041 ) ) ;
#3474 = CARTESIAN_POINT ( 'NONE',  ( 2.047901428504245835, -6.882107098541236034, -6.192707184984969082 ) ) ;
#3475 = CARTESIAN_POINT ( 'NONE',  ( -66.78545597162177216, -96.73563948457541528, -21.71322635954956226 ) ) ;
#3476 = CARTESIAN_POINT ( 'NONE',  ( -64.82493460315623679, -85.58689596107825537, -24.19386491060874533 ) ) ;
#3477 = CARTESIAN_POINT ( 'NONE',  ( -53.94687790037134789, -71.19430114639138196, -23.62074775398850335 ) ) ;
#3478 = CARTESIAN_POINT ( 'NONE',  ( -66.08956961160417620, -99.33560964267549309, -20.14384200340548503 ) ) ;
#3479 = CARTESIAN_POINT ( 'NONE',  ( -55.74537715534602711, -113.7458385983026972, -23.46364466075787192 ) ) ;
#3480 = CARTESIAN_POINT ( 'NONE',  ( -50.81807100738898697, -75.72015701023939016, -27.35139360015618593 ) ) ;
#3481 = CARTESIAN_POINT ( 'NONE',  ( -50.00751664662899998, -72.19244857538025428, -29.70665736704131987 ) ) ;
#3482 = CARTESIAN_POINT ( 'NONE',  ( -60.01871798367307065, -76.81196386214827498, -22.18246966827391020 ) ) ;
#3483 = CARTESIAN_POINT ( 'NONE',  ( -61.05556080008256004, -91.19359226987774036, -20.42023393872259263 ) ) ;
#3484 = CARTESIAN_POINT ( 'NONE',  ( -45.50263790645152540, -69.42183893769546899, -24.84437930144436280 ) ) ;
#3485 = CARTESIAN_POINT ( 'NONE',  ( -23.35108386556704474, -58.53906328208469034, -31.06219893416229638 ) ) ;
#3486 = CARTESIAN_POINT ( 'NONE',  ( -60.12791209719281227, -102.6588173831651432, -23.76634532275226519 ) ) ;
#3487 = CARTESIAN_POINT ( 'NONE',  ( -8.141972729630349903, -45.30653476707229999, -30.80535563595266879 ) ) ;
#3488 = CARTESIAN_POINT ( 'NONE',  ( -60.63236255162473753, -104.6895545506562826, -25.12651893366838252 ) ) ;
#3489 = CARTESIAN_POINT ( 'NONE',  ( -48.99211812714433023, -68.84494374187622157, -29.78826598965398986 ) ) ;
#3490 = CARTESIAN_POINT ( 'NONE',  ( -44.32780300600077794, -139.1290931800142516, -24.90811673428386186 ) ) ;
#3491 = CARTESIAN_POINT ( 'NONE',  ( -61.79240670511101996, -94.98150512605879214, -19.56807229743598953 ) ) ;
#3492 = CARTESIAN_POINT ( 'NONE',  ( -50.63708215574732208, -123.7145756647255865, -26.16568603351596778 ) ) ;
#3493 = CARTESIAN_POINT ( 'NONE',  ( -57.71815689177122977, -83.51008221787672881, -23.87164895322082003 ) ) ;
#3494 = CARTESIAN_POINT ( 'NONE',  ( -60.02230640309698373, -86.96122388064192421, -24.79877448988678523 ) ) ;
#3495 = CARTESIAN_POINT ( 'NONE',  ( -54.33158806961397858, -128.4204353595502255, -23.69500275960232472 ) ) ;
#3496 = CARTESIAN_POINT ( 'NONE',  ( -0.5661356729229939377, -11.08875615419559502, -17.47261572655115103 ) ) ;
#3497 = CARTESIAN_POINT ( 'NONE',  ( 3.130594389238877895, -17.64874893437175274, -23.83791416236554994 ) ) ;
#3498 = CARTESIAN_POINT ( 'NONE',  ( -64.89077042277961027, -100.5822807949043636, -18.96652377008283707 ) ) ;
#3499 = CARTESIAN_POINT ( 'NONE',  ( -56.23331725086865163, -126.0827983756980188, -24.78503149840040365 ) ) ;
#3500 = CARTESIAN_POINT ( 'NONE',  ( -32.28713841866522927, -57.80039590367437796, -33.01640987223790802 ) ) ;
#3501 = CARTESIAN_POINT ( 'NONE',  ( -0.8474861436583764895, -2.272971995337519147, -7.993472992662589149 ) ) ;
#3502 = CARTESIAN_POINT ( 'NONE',  ( -66.66756675849127589, -91.85639993631487243, -21.01578476580035115 ) ) ;
#3503 = CARTESIAN_POINT ( 'NONE',  ( -56.58689832869263370, -72.76725643619809603, -25.95022986160282130 ) ) ;
#3504 = CARTESIAN_POINT ( 'NONE',  ( -49.38958796171566235, -131.6436322576447253, -23.11233337764550555 ) ) ;
#3505 = CARTESIAN_POINT ( 'NONE',  ( -51.04366591968239675, -122.8511068772575499, -25.09937892170571061 ) ) ;
#3506 = CARTESIAN_POINT ( 'NONE',  ( -57.14961368605975167, -81.00450217787486906, -26.47167794249273243 ) ) ;
#3507 = CARTESIAN_POINT ( 'NONE',  ( -59.93430356679971283, -113.5696818698739463, -26.21288066632710212 ) ) ;
#3508 = CARTESIAN_POINT ( 'NONE',  ( -39.70281928307437624, -60.90431592343305311, -29.67491789248620293 ) ) ;
#3509 = CARTESIAN_POINT ( 'NONE',  ( -31.53695162674050678, -59.05139080690999265, -33.92686060459509889 ) ) ;
#3510 = CARTESIAN_POINT ( 'NONE',  ( -56.90323056260582746, -116.8081934487824185, -20.47422934278150564 ) ) ;
#3511 = CARTESIAN_POINT ( 'NONE',  ( -66.84859942574840375, -94.35694475701731676, -21.76982840619800896 ) ) ;
#3512 = CARTESIAN_POINT ( 'NONE',  ( -53.43519306408173719, -127.9460572629902657, -22.48966783686558202 ) ) ;
#3513 = CARTESIAN_POINT ( 'NONE',  ( -64.36657189749233510, -107.0432271450471120, -20.52655053871887958 ) ) ;
#3514 = CARTESIAN_POINT ( 'NONE',  ( -55.23473105144741879, -114.8489170500270404, -23.63714067400070462 ) ) ;
#3515 = CARTESIAN_POINT ( 'NONE',  ( 5.338720723133303814, -5.382145530587738591, -9.877361376087476330 ) ) ;
#3516 = CARTESIAN_POINT ( 'NONE',  ( -59.39142569877681410, -114.8151151848238243, -26.38882214661669678 ) ) ;
#3517 = CARTESIAN_POINT ( 'NONE',  ( -64.61250404003175163, -104.8485269048792503, -19.67514333149708605 ) ) ;
#3518 = CARTESIAN_POINT ( 'NONE',  ( -58.56421423768912859, -108.0509930304133377, -21.02853228826195675 ) ) ;
#3519 = CARTESIAN_POINT ( 'NONE',  ( -55.04459598091833783, -78.48678339034842111, -22.46987214279268130 ) ) ;
#3520 = CARTESIAN_POINT ( 'NONE',  ( -50.86942294382470919, -75.87122392363070844, -26.51461667034726233 ) ) ;
#3521 = FACE_OUTER_BOUND ( 'NONE', #5186, .T. ) ;
#3522 = CARTESIAN_POINT ( 'NONE',  ( -7.001308233834990347, -43.84929644025893936, -30.62620541857066314 ) ) ;
#3523 = CARTESIAN_POINT ( 'NONE',  ( -51.48304371665020795, -124.9950682508166722, -28.22136593618384026 ) ) ;
#3524 = CARTESIAN_POINT ( 'NONE',  ( -64.47828150770428124, -104.6626300991454031, -24.31866807551662291 ) ) ;
#3525 = CARTESIAN_POINT ( 'NONE',  ( 0.5835633988687998208, -13.56580252773945539, -14.13602747589625253 ) ) ;
#3526 = CARTESIAN_POINT ( 'NONE',  ( -61.57763544834696035, -98.02057826787094541, -19.58172216019493206 ) ) ;
#3527 = CARTESIAN_POINT ( 'NONE',  ( -42.04184475792534670, -137.0592669243105206, -29.28482729609944357 ) ) ;
#3528 = CARTESIAN_POINT ( 'NONE',  ( -58.01907822569755524, -108.4122270715230485, -23.61936941661387834 ) ) ;
#3529 = CARTESIAN_POINT ( 'NONE',  ( -60.89448799064307138, -100.7242049940273887, -24.35119269373342377 ) ) ;
#3530 = CARTESIAN_POINT ( 'NONE',  ( 5.159589284573384838, -14.29756880188848278, -17.46545138797746333 ) ) ;
#3531 = CARTESIAN_POINT ( 'NONE',  ( -52.98233604951584397, -128.6945439928941255, -22.64379730601541851 ) ) ;
#3532 = CARTESIAN_POINT ( 'NONE',  ( -58.62082650285516650, -74.73213637130074005, -25.22774435113117164 ) ) ;
#3533 = CARTESIAN_POINT ( 'NONE',  ( -58.25249243111693431, -74.17202567679585457, -24.49365302194635063 ) ) ;
#3534 = CARTESIAN_POINT ( 'NONE',  ( -32.28713841866522927, -57.80039590367437796, -33.01640987223790802 ) ) ;
#3535 = CARTESIAN_POINT ( 'NONE',  ( -0.5503192587894975008, -3.780354832576035662, -1.185715914436249907 ) ) ;
#3536 = CARTESIAN_POINT ( 'NONE',  ( -58.84497665207632622, -105.7358772697810849, -22.43907200490317422 ) ) ;
#3537 = CARTESIAN_POINT ( 'NONE',  ( -61.17007730394286114, -88.46781406071610832, -25.15963001341085814 ) ) ;
#3538 = CARTESIAN_POINT ( 'NONE',  ( -57.66634487471301895, -121.8063161367491318, -21.77069699330486330 ) ) ;
#3539 = CARTESIAN_POINT ( 'NONE',  ( 1.526584828279368145, -9.968108508722695049, -18.47472335991118797 ) ) ;
#3540 = CARTESIAN_POINT ( 'NONE',  ( -51.75167317857800242, -126.2751312452482466, -22.21715440044470924 ) ) ;
#3541 = CARTESIAN_POINT ( 'NONE',  ( -66.62684112792794622, -90.92118598465599177, -21.96316317518257932 ) ) ;
#3542 = CARTESIAN_POINT ( 'NONE',  ( -54.02632262709153821, -126.9566262087246713, -22.28926937878218340 ) ) ;
#3543 = CARTESIAN_POINT ( 'NONE',  ( -63.86639717301381580, -108.6200287071886237, -20.66171197132672788 ) ) ;
#3544 = CARTESIAN_POINT ( 'NONE',  ( -58.84497665207632622, -105.7358772697810849, -22.43907200490317422 ) ) ;
#3545 = CARTESIAN_POINT ( 'NONE',  ( 5.433188441948871628, -13.58448577337691177, -17.84467174861364214 ) ) ;
#3546 = CARTESIAN_POINT ( 'NONE',  ( -66.45043973645488222, -90.01968790647677565, -21.15635033238164553 ) ) ;
#3547 = CARTESIAN_POINT ( 'NONE',  ( -56.95865365016413051, -119.8821352092642485, -27.19582671859224021 ) ) ;
#3548 = CARTESIAN_POINT ( 'NONE',  ( -63.11888664325099541, -109.6686864265034416, -20.07569539527655422 ) ) ;
#3549 = CARTESIAN_POINT ( 'NONE',  ( -60.71529187219498169, -100.1669129516048571, -20.38711288193768922 ) ) ;
#3550 = CARTESIAN_POINT ( 'NONE',  ( -49.34936900956739692, -72.77436809970315323, -23.97924578418267672 ) ) ;
#3551 = CARTESIAN_POINT ( 'NONE',  ( -5.393183569302022917, -41.04979998504419569, -29.48760307432427652 ) ) ;
#3552 = CARTESIAN_POINT ( 'NONE',  ( -2.494631304086665669, -36.42484298168070467, -28.34222453534297159 ) ) ;
#3553 = CARTESIAN_POINT ( 'NONE',  ( -3.533835436490319282, -37.51867963828127017, -31.61827306481455935 ) ) ;
#3554 = CARTESIAN_POINT ( 'NONE',  ( -64.43442554383663889, -104.8324820476750148, -24.33002862477651007 ) ) ;
#3555 = CARTESIAN_POINT ( 'NONE',  ( -4.076405119221889528, -29.06365767996121718, -24.47746847523843883 ) ) ;
#3556 = CARTESIAN_POINT ( 'NONE',  ( -61.79760243784380691, -94.65651974562298676, -19.57288809983062805 ) ) ;
#3557 = CARTESIAN_POINT ( 'NONE',  ( -1.625038739099649021, -34.84038044440278270, -27.86463394630754564 ) ) ;
#3558 = CARTESIAN_POINT ( 'NONE',  ( -44.99063159107844001, -132.7711726954779863, -28.20259383496662409 ) ) ;
#3559 = CARTESIAN_POINT ( 'NONE',  ( -61.39918861875140976, -93.34536998373677363, -24.27324002596333585 ) ) ;
#3560 = CARTESIAN_POINT ( 'NONE',  ( 5.370796127252447150, -8.068074364259082643, -11.79978958451074078 ) ) ;
#3561 = CARTESIAN_POINT ( 'NONE',  ( -56.36401550778908387, -122.8643915343313893, -21.50390395152114564 ) ) ;
#3562 = CARTESIAN_POINT ( 'NONE',  ( -66.78221938469476981, -94.57294706736506384, -20.88286859174493060 ) ) ;
#3563 = CARTESIAN_POINT ( 'NONE',  ( -15.11570000913544654, -45.78458420875897161, -34.49066847278824355 ) ) ;
#3564 = CARTESIAN_POINT ( 'NONE',  ( -33.35000867819442760, -59.29097709330383026, -27.93775943214505730 ) ) ;
#3565 = CARTESIAN_POINT ( 'NONE',  ( -58.33879126433566853, -107.2839330029940328, -22.60193956360293299 ) ) ;
#3566 = CARTESIAN_POINT ( 'NONE',  ( -61.95378564610771122, -97.72731523184559421, -24.76433477895140101 ) ) ;
#3567 = CARTESIAN_POINT ( 'NONE',  ( -65.84893134300118334, -98.37268107465926903, -19.43279727509766275 ) ) ;
#3568 = CARTESIAN_POINT ( 'NONE',  ( -0.8675472891344894188, 1.809490283646218112, -2.684302063836260910 ) ) ;
#3569 = CARTESIAN_POINT ( 'NONE',  ( -60.87131120407151030, -87.50172824200701882, -20.03098360934097499 ) ) ;
#3570 = CC_DESIGN_PERSON_AND_ORGANIZATION_ASSIGNMENT ( #3277, #4699, ( #1667 ) ) ;
#3571 = CARTESIAN_POINT ( 'NONE',  ( -55.29789220073293166, -124.7676072075120857, -21.86004704690809675 ) ) ;
#3572 = CARTESIAN_POINT ( 'NONE',  ( -57.68822645195011489, -122.5430448816504168, -22.57346516820278737 ) ) ;
#3573 = CARTESIAN_POINT ( 'NONE',  ( -59.26106625391766158, -104.3376194053978878, -22.30903164183265730 ) ) ;
#3574 = CARTESIAN_POINT ( 'NONE',  ( -10.53772856463010577, -48.09046355825109487, -31.08486506286079987 ) ) ;
#3575 = CARTESIAN_POINT ( 'NONE',  ( -59.69205229547216618, -75.73825957299908396, -23.97072652539506521 ) ) ;
#3576 = CARTESIAN_POINT ( 'NONE',  ( 1.390337081988128665, -1.075941730459309964, -8.409072591801292518 ) ) ;
#3577 = CARTESIAN_POINT ( 'NONE',  ( -64.25499314103225856, -106.1405305297128336, -19.76606503590125996 ) ) ;
#3578 = CARTESIAN_POINT ( 'NONE',  ( -56.99689769414642626, -80.91515472246383922, -21.86570454380793294 ) ) ;
#3579 = CARTESIAN_POINT ( 'NONE',  ( -55.69944922165987578, -80.41013823608714972, -25.31004556830302121 ) ) ;
#3580 = CARTESIAN_POINT ( 'NONE',  ( -50.35005066795763895, -124.9242753486853559, -27.09049919284488794 ) ) ;
#3581 = CARTESIAN_POINT ( 'NONE',  ( -50.40381039015267106, -126.8112968960166427, -28.60529667117738839 ) ) ;
#3582 = CARTESIAN_POINT ( 'NONE',  ( -61.82156953904533481, -105.9565355063157455, -25.54839636434908812 ) ) ;
#3583 = CARTESIAN_POINT ( 'NONE',  ( -55.56929718795154827, -125.2938367938327673, -27.13898345846707016 ) ) ;
#3584 = CARTESIAN_POINT ( 'NONE',  ( -19.58247479087620491, -49.13728531174447056, -30.01719698601272057 ) ) ;
#3585 = CARTESIAN_POINT ( 'NONE',  ( -39.29246097034307184, -64.31636931931895163, -26.27056764490148311 ) ) ;
#3586 = CARTESIAN_POINT ( 'NONE',  ( 4.380191840295052152, -18.84083940612153185, -20.62126417253619337 ) ) ;
#3587 = CARTESIAN_POINT ( 'NONE',  ( 4.358204758292115955, -2.419614916423941775, -4.472233208863963583 ) ) ;
#3588 = CARTESIAN_POINT ( 'NONE',  ( -61.32775892229710735, -92.48590045030253748, -24.30784140464251664 ) ) ;
#3589 = CARTESIAN_POINT ( 'NONE',  ( -61.11111174307013982, -94.54687189873622799, -23.52617231893239236 ) ) ;
#3590 = CARTESIAN_POINT ( 'NONE',  ( -54.02632262709153821, -126.9566262087246713, -22.28926937878218340 ) ) ;
#3591 = CARTESIAN_POINT ( 'NONE',  ( -66.69703159768506850, -96.96719066528054043, -20.83213853216481937 ) ) ;
#3592 = CARTESIAN_POINT ( 'NONE',  ( -44.70056251789820578, -65.75105202401634585, -25.53886100207110488 ) ) ;
#3593 = CARTESIAN_POINT ( 'NONE',  ( -55.37208192752136426, -114.5561938442846355, -23.59021035785459119 ) ) ;
#3594 = CARTESIAN_POINT ( 'NONE',  ( -61.49994005957859144, -100.9587482957514055, -24.87428539602908018 ) ) ;
#3595 = CARTESIAN_POINT ( 'NONE',  ( -55.11961536218376523, -126.3669976446530825, -22.61765768347933303 ) ) ;
#3596 = CARTESIAN_POINT ( 'NONE',  ( -43.07211412838455544, -65.90770011552433516, -31.56838496335662114 ) ) ;
#3597 = CARTESIAN_POINT ( 'NONE',  ( -61.15616883481936128, -100.7229749329769248, -19.67715228638229519 ) ) ;
#3598 = CARTESIAN_POINT ( 'NONE',  ( -53.58460337166764731, -127.6976025658873795, -22.43891268296937014 ) ) ;
#3599 = CARTESIAN_POINT ( 'NONE',  ( -49.40696323858657735, -125.6360491380516748, -25.68104443715715490 ) ) ;
#3600 = CARTESIAN_POINT ( 'NONE',  ( -40.12890744952486699, -68.91141337517103693, -29.64741890665479573 ) ) ;
#3601 = CARTESIAN_POINT ( 'NONE',  ( 4.909261652623383654, -3.173030015247275237, -6.990344198309619728 ) ) ;
#3602 = CARTESIAN_POINT ( 'NONE',  ( -66.63020938489817979, -97.79209741248185139, -20.82863472853091480 ) ) ;
#3603 = CARTESIAN_POINT ( 'NONE',  ( -48.05094836044690254, -134.8612293758199883, -30.30243760717183932 ) ) ;
#3604 = CARTESIAN_POINT ( 'NONE',  ( -66.02110927801270179, -96.34409605681216249, -19.43808117849219741 ) ) ;
#3605 = EDGE_CURVE ( 'NONE', #966, #3250, #1544, .T. ) ;
#3606 = CARTESIAN_POINT ( 'NONE',  ( -47.76299133368531358, -71.31408373072738982, -24.33864620279245727 ) ) ;
#3607 = CARTESIAN_POINT ( 'NONE',  ( -59.94027594357370958, -103.4219280987763483, -23.82306954709947178 ) ) ;
#3608 = DIRECTION ( 'NONE',  ( 0.000000000000000000, 0.000000000000000000, 1.000000000000000000 ) ) ;
#3609 = CARTESIAN_POINT ( 'NONE',  ( 2.133864175000831587, 2.312076667040914746, -1.398936392142599017 ) ) ;
#3610 = CARTESIAN_POINT ( 'NONE',  ( -62.88640382122055428, -101.6510828524839098, -25.24883633489208634 ) ) ;
#3611 = CARTESIAN_POINT ( 'NONE',  ( -1.367714080846158087, -31.80587705229796924, -30.52451648887587510 ) ) ;
#3612 = CARTESIAN_POINT ( 'NONE',  ( -57.81573868545815742, -121.2026470030747731, -26.38214023735702440 ) ) ;
#3613 = CARTESIAN_POINT ( 'NONE',  ( 0.6558396100804803064, -8.921258837053768431, -9.131274272778705736 ) ) ;
#3614 = CARTESIAN_POINT ( 'NONE',  ( -61.25975052745383209, -100.1685857398673534, -19.65133814005778490 ) ) ;
#3615 = CARTESIAN_POINT ( 'NONE',  ( -44.21041395528941820, -71.15747370984547615, -27.30737693806633359 ) ) ;
#3616 = CARTESIAN_POINT ( 'NONE',  ( -50.09129157045188663, -124.6457083634266070, -26.35974150460631904 ) ) ;
#3617 = CARTESIAN_POINT ( 'NONE',  ( -51.30035677220995893, -124.0250972451848099, -27.57509214573932255 ) ) ;
#3618 = CARTESIAN_POINT ( 'NONE',  ( -60.21512153305405946, -102.2826325840846380, -23.74029018751004116 ) ) ;
#3619 = CLOSED_SHELL ( 'NONE', ( #2270, #4459, #2990, #2716 ) ) ;
#3620 = CARTESIAN_POINT ( 'NONE',  ( -12.11544288310938278, -40.54588710885064273, -29.38350347113711791 ) ) ;
#3621 = CARTESIAN_POINT ( 'NONE',  ( -2.181984776641268109, -2.742514689007477191, -4.158905425188780924 ) ) ;
#3622 = CARTESIAN_POINT ( 'NONE',  ( -58.60564886681544294, -79.48022067721392148, -20.64102877732854324 ) ) ;
#3623 = CARTESIAN_POINT ( 'NONE',  ( -59.09055226828432694, -104.9256457215888076, -22.36211496862225800 ) ) ;
#3624 = CARTESIAN_POINT ( 'NONE',  ( -57.72352480347980475, -112.8319547967316652, -26.06434250460648983 ) ) ;
#3625 = CARTESIAN_POINT ( 'NONE',  ( -63.39744651272301468, -108.8693837585678210, -19.99696812958383063 ) ) ;
#3626 = CARTESIAN_POINT ( 'NONE',  ( -53.62299393368878242, -71.57886472454023874, -28.25031872483733864 ) ) ;
#3627 = CARTESIAN_POINT ( 'NONE',  ( -51.18381283611646637, -73.50088655708042040, -23.18246202892431640 ) ) ;
#3628 = CARTESIAN_POINT ( 'NONE',  ( -1.662697926930688519, -20.71024757082661338, -20.34971732116445864 ) ) ;
#3629 = CARTESIAN_POINT ( 'NONE',  ( 0.3067332753539007140, -30.49112407700100746, -25.67691746807851416 ) ) ;
#3630 = CARTESIAN_POINT ( 'NONE',  ( -60.27715344820790477, -103.5401846684333407, -24.53236989545644064 ) ) ;
#3631 = CARTESIAN_POINT ( 'NONE',  ( -64.38820521182420009, -82.95586048327612616, -22.11825538068415753 ) ) ;
#3632 = CARTESIAN_POINT ( 'NONE',  ( -57.86707654078011842, -118.0773917422644956, -26.89120309560399491 ) ) ;
#3633 = CARTESIAN_POINT ( 'NONE',  ( -61.22949628444223436, -114.4381912437920761, -20.63880724763230390 ) ) ;
#3634 = CARTESIAN_POINT ( 'NONE',  ( -53.90655348576191841, -118.5663532928871291, -22.58070297632488987 ) ) ;
#3635 = CARTESIAN_POINT ( 'NONE',  ( -59.67903904275465266, -104.3974482251880858, -23.90333371422179809 ) ) ;
#3636 = CARTESIAN_POINT ( 'NONE',  ( -42.98909383422420660, -70.39091049835776914, -27.48918235843336078 ) ) ;
#3637 = CARTESIAN_POINT ( 'NONE',  ( -1.790164968375444143, -34.22051926951344569, -30.68564649389681520 ) ) ;
#3638 = CARTESIAN_POINT ( 'NONE',  ( -63.53235414048422314, -93.67061619433179942, -25.17994182142003012 ) ) ;
#3639 = CARTESIAN_POINT ( 'NONE',  ( -10.00639682802561126, -46.12724909516378347, -33.81301143978324575 ) ) ;
#3640 = CARTESIAN_POINT ( 'NONE',  ( -61.03293083915123418, -106.6545056718290425, -19.17939255329614667 ) ) ;
#3641 = CARTESIAN_POINT ( 'NONE',  ( -55.78436012384114662, -115.9942032517073613, -21.35514545881259707 ) ) ;
#3642 = CARTESIAN_POINT ( 'NONE',  ( -61.06972327800796307, -96.42038646550695091, -23.51613077149948694 ) ) ;
#3643 = CARTESIAN_POINT ( 'NONE',  ( -48.80664408597959181, -126.7833127983168140, -26.82055693998860590 ) ) ;
#3644 = CARTESIAN_POINT ( 'NONE',  ( -49.59590158696835971, -126.8961606540243139, -28.18361066984070007 ) ) ;
#3645 = CARTESIAN_POINT ( 'NONE',  ( -59.28877136306049067, -105.7321397840680390, -24.02567674453847602 ) ) ;
#3646 = CARTESIAN_POINT ( 'NONE',  ( -52.78680578335646345, -71.80632329616038589, -22.94174160197749401 ) ) ;
#3647 = CARTESIAN_POINT ( 'NONE',  ( -64.82616154435287115, -106.7877687448353186, -21.19548222152532801 ) ) ;
#3648 = CARTESIAN_POINT ( 'NONE',  ( -62.03293748624428616, -103.1003742521020854, -18.90213957762368224 ) ) ;
#3649 = CARTESIAN_POINT ( 'NONE',  ( 5.095078880752708983, -7.464813323135785161, -9.998337174615869571 ) ) ;
#3650 = CARTESIAN_POINT ( 'NONE',  ( -57.46216363161521201, -113.4332387991652382, -26.15151523499274688 ) ) ;
#3651 = CARTESIAN_POINT ( 'NONE',  ( -62.51861590918916534, -111.2931581703515604, -20.24968194100142327 ) ) ;
#3652 = CARTESIAN_POINT ( 'NONE',  ( -64.58801091833764474, -84.95640069751199519, -24.29413533574238571 ) ) ;
#3653 = CARTESIAN_POINT ( 'NONE',  ( -60.88172513017076426, -102.0401825920631325, -19.74908451102568918 ) ) ;
#3654 = CARTESIAN_POINT ( 'NONE',  ( -15.30826544944414813, -44.17235894880791136, -30.25113142331467131 ) ) ;
#3655 = CARTESIAN_POINT ( 'NONE',  ( -7.626257763461957495, -40.25020342852434396, -33.67088036722591937 ) ) ;
#3656 = CARTESIAN_POINT ( 'NONE',  ( -31.74670965222750496, -62.98941995404222638, -28.69364470770474540 ) ) ;
#3657 = CARTESIAN_POINT ( 'NONE',  ( 3.908623045926187256, -2.155966516947254608, -2.561859996852256849 ) ) ;
#3658 = CARTESIAN_POINT ( 'NONE',  ( -61.45085068605239087, -94.84929658813170761, -24.23635331206024190 ) ) ;
#3659 = CARTESIAN_POINT ( 'NONE',  ( -65.38512081394026154, -85.51458746917511178, -21.68502200899683885 ) ) ;
#3660 = CARTESIAN_POINT ( 'NONE',  ( -60.46324848292378817, -79.04701437631285899, -26.34221259732746034 ) ) ;
#3661 = CARTESIAN_POINT ( 'NONE',  ( -1.244496774955764495, -5.927867597364418373, -7.861943731767630617 ) ) ;
#3662 = CARTESIAN_POINT ( 'NONE',  ( -59.47144283074281645, -105.2943321727778283, -20.74508375269451577 ) ) ;
#3663 = CARTESIAN_POINT ( 'NONE',  ( -51.03658159126251093, -123.7514748103761661, -26.84645838703308840 ) ) ;
#3664 = CARTESIAN_POINT ( 'NONE',  ( -25.91234116681931710, -60.26372258902456025, -30.96389270922450621 ) ) ;
#3665 = CARTESIAN_POINT ( 'NONE',  ( -53.19297895520505648, -75.28354790106084238, -28.66575796557589229 ) ) ;
#3666 = CARTESIAN_POINT ( 'NONE',  ( 0.8508480103472358946, 3.250000000000000444, 0.000000000000000000 ) ) ;
#3667 = CARTESIAN_POINT ( 'NONE',  ( -45.67219699399914390, -136.8709068199858621, -31.09188326571619143 ) ) ;
#3668 = CARTESIAN_POINT ( 'NONE',  ( -63.16870154595743969, -94.11139774198019836, -18.72480928894401231 ) ) ;
#3669 = CARTESIAN_POINT ( 'NONE',  ( -25.05641451988661572, -52.81262868079647177, -33.45863641382450027 ) ) ;
#3670 = CARTESIAN_POINT ( 'NONE',  ( -59.38506579752988301, -107.3077787597001986, -20.18823139091919572 ) ) ;
#3671 = CARTESIAN_POINT ( 'NONE',  ( -60.12791209719281227, -102.6588173831651432, -23.76634532275226519 ) ) ;
#3672 = CARTESIAN_POINT ( 'NONE',  ( 5.064933426046745346, -5.299122828738119573, -8.570966443578246441 ) ) ;
#3673 = CARTESIAN_POINT ( 'NONE',  ( -50.88756034196738653, -124.7328548930709218, -27.72167556076708905 ) ) ;
#3674 = CARTESIAN_POINT ( 'NONE',  ( -51.64903933927472934, -76.50798363843516370, -26.36367684629358976 ) ) ;
#3675 = CARTESIAN_POINT ( 'NONE',  ( -63.18759836674299635, -99.90387778368300076, -25.17599561086984750 ) ) ;
#3676 = CARTESIAN_POINT ( 'NONE',  ( -55.04793485276276499, -74.01211562502984975, -22.10913518504436226 ) ) ;
#3677 = CARTESIAN_POINT ( 'NONE',  ( -59.89925392986337727, -119.2524870921291011, -23.57896827177779286 ) ) ;
#3678 = CARTESIAN_POINT ( 'NONE',  ( -56.33350116626223780, -125.7345083490076547, -23.83404088265271170 ) ) ;
#3679 = CARTESIAN_POINT ( 'NONE',  ( -63.02363375863015449, -97.32420363307423372, -18.69249361672977372 ) ) ;
#3680 = CARTESIAN_POINT ( 'NONE',  ( -11.68549441712979764, -48.11581315386546009, -29.82117157014171838 ) ) ;
#3681 = CARTESIAN_POINT ( 'NONE',  ( 3.189093336093485220, 0.2058121820149991510, -5.372572471686888562 ) ) ;
#3682 = CARTESIAN_POINT ( 'NONE',  ( -1.120387517313942372, -6.657023052505844696, -8.889881337092431224 ) ) ;
#3683 = CARTESIAN_POINT ( 'NONE',  ( -64.17914126011164910, -107.6609492978765275, -23.79297410118793366 ) ) ;
#3684 = CARTESIAN_POINT ( 'NONE',  ( -42.38436519368015354, -66.14005153537600279, -25.55080316960370723 ) ) ;
#3685 = PERSON_AND_ORGANIZATION_ROLE ( 'design_supplier' ) ;
#3686 = CARTESIAN_POINT ( 'NONE',  ( -56.47652635929878073, -75.51434970602232966, -21.61622550382339014 ) ) ;
#3687 = CARTESIAN_POINT ( 'NONE',  ( -53.83402002905403805, -125.5698682918055766, -28.26512691462438198 ) ) ;
#3688 = CARTESIAN_POINT ( 'NONE',  ( -43.37503903875474265, -135.7893489073897513, -26.32621714261560797 ) ) ;
#3689 = CARTESIAN_POINT ( 'NONE',  ( -56.45153712490311904, -114.1173581912437669, -25.78088820604519427 ) ) ;
#3690 = CARTESIAN_POINT ( 'NONE',  ( -64.06562337277941310, -109.1760644951657326, -21.40117748455328694 ) ) ;
#3691 = CARTESIAN_POINT ( 'NONE',  ( -65.13504165840724625, -88.71551855180568680, -24.51685248648578863 ) ) ;
#3692 = CARTESIAN_POINT ( 'NONE',  ( -2.184368496395630466, -19.23100642609397326, -21.01757281060636728 ) ) ;
#3693 = CARTESIAN_POINT ( 'NONE',  ( -60.57775172850783463, -100.8907495063639459, -20.42336501226589363 ) ) ;
#3694 = CARTESIAN_POINT ( 'NONE',  ( -56.87659025900472187, -112.2591204460824343, -24.81821064173565361 ) ) ;
#3695 = CARTESIAN_POINT ( 'NONE',  ( -49.53311556999781828, -74.83338092136077080, -26.71233110294686597 ) ) ;
#3696 = CARTESIAN_POINT ( 'NONE',  ( -56.13760321563891864, -77.83524003991951190, -27.79624424726133824 ) ) ;
#3697 = CARTESIAN_POINT ( 'NONE',  ( -38.35264221080182523, -66.21540121664152423, -32.11303460848802871 ) ) ;
#3698 = CARTESIAN_POINT ( 'NONE',  ( -64.14601597767783403, -99.11319417813201937, -24.99011808805197177 ) ) ;
#3699 = CARTESIAN_POINT ( 'NONE',  ( -57.59939032254276015, -115.3438012266890382, -20.24682819764922215 ) ) ;
#3700 = CARTESIAN_POINT ( 'NONE',  ( -15.80951282169222161, -45.44854482867075518, -33.99694630167418552 ) ) ;
#3701 = CARTESIAN_POINT ( 'NONE',  ( -44.19416891842843853, -64.16125021840957743, -30.01838660661564617 ) ) ;
#3702 = CARTESIAN_POINT ( 'NONE',  ( -56.11717702616580539, -115.2978810877966396, -21.24368151158802931 ) ) ;
#3703 = CARTESIAN_POINT ( 'NONE',  ( -49.53311556999781828, -74.83338092136077080, -26.71233110294686597 ) ) ;
#3704 = CARTESIAN_POINT ( 'NONE',  ( -46.66239082280261385, -72.77305842780798173, -27.02329745866080657 ) ) ;
#3705 = CARTESIAN_POINT ( 'NONE',  ( -53.11691680724739228, -77.78153977111045947, -26.03049664278752928 ) ) ;
#3706 = CARTESIAN_POINT ( 'NONE',  ( -61.37170476836094934, -107.4223196062505536, -25.68381924569614583 ) ) ;
#3707 = CARTESIAN_POINT ( 'NONE',  ( -60.17962921416911115, -80.38858716220160261, -20.29728031854016379 ) ) ;
#3708 = CARTESIAN_POINT ( 'NONE',  ( -61.56363151176984161, -115.4998259402638752, -22.14485840218116053 ) ) ;
#3709 = CARTESIAN_POINT ( 'NONE',  ( -62.34800733178907706, -101.7051934570183676, -18.82314841273860040 ) ) ;
#3710 = CARTESIAN_POINT ( 'NONE',  ( 1.644286706705561985, -27.30565367276661348, -24.36534924017796655 ) ) ;
#3711 = CARTESIAN_POINT ( 'NONE',  ( -52.17160897103200767, -123.8070921181756603, -27.97796531273447584 ) ) ;
#3712 = CARTESIAN_POINT ( 'NONE',  ( -49.01551111808203132, -67.05144944537575213, -25.85671513328358628 ) ) ;
#3713 = CARTESIAN_POINT ( 'NONE',  ( -58.13466989076068359, -75.40642287195490212, -26.71453733096011973 ) ) ;
#3714 = CARTESIAN_POINT ( 'NONE',  ( -50.14921013663094840, -126.2994187069650707, -23.29747060227934341 ) ) ;
#3715 = PERSON_AND_ORGANIZATION ( #2782, #5590 ) ;
#3716 = CARTESIAN_POINT ( 'NONE',  ( -28.53094426580086918, -55.50857378898674455, -29.29956148503000790 ) ) ;
#3717 = ORIENTED_EDGE ( 'NONE', *, *, #593, .T. ) ;
#3718 = CARTESIAN_POINT ( 'NONE',  ( -8.860789594386851320, -43.97177263082252097, -28.85031576119780539 ) ) ;
#3719 = CARTESIAN_POINT ( 'NONE',  ( -59.42360500543912138, -106.5038304160035949, -24.79878499096942335 ) ) ;
#3720 = CARTESIAN_POINT ( 'NONE',  ( -61.51483912235449480, -115.6094674536688416, -22.15985709114161040 ) ) ;
#3721 = CARTESIAN_POINT ( 'NONE',  ( -13.26980159553531813, -47.54593287828404868, -34.81388063431625568 ) ) ;
#3722 = CARTESIAN_POINT ( 'NONE',  ( -1.897446440786259458, -3.609043210758543729, -4.081182879765422378 ) ) ;
#3723 = CARTESIAN_POINT ( 'NONE',  ( -59.76179947835583306, -104.2985882608762154, -20.65734061487889406 ) ) ;
#3724 = CARTESIAN_POINT ( 'NONE',  ( -61.11111174307013982, -94.54687189873622799, -23.52617231893239236 ) ) ;
#3725 = CARTESIAN_POINT ( 'NONE',  ( -49.25605019104492754, -74.62538309929064440, -26.74651435669997568 ) ) ;
#3726 = CARTESIAN_POINT ( 'NONE',  ( -42.15981443513130245, -68.31266748200940242, -31.26290306170724520 ) ) ;
#3727 = CARTESIAN_POINT ( 'NONE',  ( -57.87460203788787538, -78.39037088004309339, -27.46398969685173697 ) ) ;
#3728 = CARTESIAN_POINT ( 'NONE',  ( -50.14921013663094840, -126.2994187069650707, -23.29747060227934341 ) ) ;
#3729 = CARTESIAN_POINT ( 'NONE',  ( -51.90038634830611386, -76.71893968746051939, -26.31094416538809355 ) ) ;
#3730 = CARTESIAN_POINT ( 'NONE',  ( 5.405503715077475846, -9.047019928741452333, -12.80587001988692997 ) ) ;
#3731 = CARTESIAN_POINT ( 'NONE',  ( -0.8706684108119377985, -33.89650769424626731, -29.10845807784768624 ) ) ;
#3732 = CARTESIAN_POINT ( 'NONE',  ( -55.95057769052191077, -114.3425067062699014, -25.13104926928759397 ) ) ;
#3733 = CARTESIAN_POINT ( 'NONE',  ( -63.56690536347171872, -95.02438341838650615, -25.14034243326586804 ) ) ;
#3734 = CARTESIAN_POINT ( 'NONE',  ( -51.25836078809938812, -70.34608956057326168, -23.57408197877605716 ) ) ;
#3735 = CARTESIAN_POINT ( 'NONE',  ( -64.99609816696695930, -106.2022232755870448, -21.15171715126450280 ) ) ;
#3736 = CARTESIAN_POINT ( 'NONE',  ( -58.21212566397818478, -78.92839946447786303, -20.77991223510810670 ) ) ;
#3737 = CARTESIAN_POINT ( 'NONE',  ( 3.448932559921420005, -21.80986840575537755, -21.54716718883747717 ) ) ;
#3738 = CARTESIAN_POINT ( 'NONE',  ( -46.48811684536556044, -72.77773582992625734, -27.84617742442114618 ) ) ;
#3739 = CARTESIAN_POINT ( 'NONE',  ( -12.50937762875559933, -49.64452213211804121, -33.49532382574957978 ) ) ;
#3740 = CARTESIAN_POINT ( 'NONE',  ( -50.14783734064595677, -67.94697926700094115, -25.32653079434420107 ) ) ;
#3741 = CARTESIAN_POINT ( 'NONE',  ( -65.56149613725862935, -102.3570482409138265, -23.43985288500735464 ) ) ;
#3742 = CARTESIAN_POINT ( 'NONE',  ( -56.95406597542101679, -113.4749047514366254, -20.96665787716962726 ) ) ;
#3743 = DATE_AND_TIME ( #1747, #376 ) ;
#3744 = CARTESIAN_POINT ( 'NONE',  ( -62.69967698875590401, -85.85694333152402180, -19.27604254465316558 ) ) ;
#3745 = ORIENTED_EDGE ( 'NONE', *, *, #2265, .T. ) ;
#3746 = CARTESIAN_POINT ( 'NONE',  ( -52.05892143718968157, -128.5620928442638160, -28.88360449514535588 ) ) ;
#3747 = CARTESIAN_POINT ( 'NONE',  ( 2.899737436731891549, -1.696456640980668062, 0.000000000000000000 ) ) ;
#3748 = CARTESIAN_POINT ( 'NONE',  ( -61.31569452393220132, -97.74165300124732880, -24.24449071231644126 ) ) ;
#3749 = CARTESIAN_POINT ( 'NONE',  ( -54.56874216659939947, -128.7419020264679261, -24.42671962921392392 ) ) ;
#3750 = CARTESIAN_POINT ( 'NONE',  ( -15.55755825725139019, -49.87487957327685706, -35.04747684360741999 ) ) ;
#3751 = CARTESIAN_POINT ( 'NONE',  ( -12.95953859032312572, -40.70201571384460948, -31.02723065935146352 ) ) ;
#3752 = CARTESIAN_POINT ( 'NONE',  ( -49.28390553359241721, -126.7074587726771995, -24.19860365854382778 ) ) ;
#3753 = MECHANICAL_CONTEXT ( 'NONE', #3963, 'mechanical' ) ;
#3754 = CARTESIAN_POINT ( 'NONE',  ( -50.86942294382470919, -75.87122392363070844, -26.51461667034726233 ) ) ;
#3755 = CARTESIAN_POINT ( 'NONE',  ( -12.57813308135280472, -48.93110447493054238, -34.10693584708047155 ) ) ;
#3756 = CARTESIAN_POINT ( 'NONE',  ( -61.33248072824375186, -82.96615245013879303, -26.29122758018539230 ) ) ;
#3757 = CARTESIAN_POINT ( 'NONE',  ( -42.21909794011833839, -138.3313454649447181, -26.14440407067741035 ) ) ;
#3758 = CARTESIAN_POINT ( 'NONE',  ( -58.22742474021846704, -108.8824953783943954, -24.36936931178148669 ) ) ;
#3759 = CARTESIAN_POINT ( 'NONE',  ( -8.709778297166737460, -45.39752529228300659, -30.17611730474147080 ) ) ;
#3760 = CARTESIAN_POINT ( 'NONE',  ( -59.12946273419248655, -106.2432741492163473, -24.07667293760945526 ) ) ;
#3761 = CARTESIAN_POINT ( 'NONE',  ( -61.71307846663057006, -106.3201685965245105, -25.58080550898418792 ) ) ;
#3762 = CARTESIAN_POINT ( 'NONE',  ( -49.94924885892683619, -69.12557518896262820, -24.13978205522600717 ) ) ;
#3763 = CARTESIAN_POINT ( 'NONE',  ( -62.15763081334235807, -114.3469227327097855, -22.87250304474746443 ) ) ;
#3764 = CARTESIAN_POINT ( 'NONE',  ( 2.184756633233789547, -14.13760631237810017, -14.24717083921508376 ) ) ;
#3765 = CARTESIAN_POINT ( 'NONE',  ( -49.35349042268011033, -74.72167118081860337, -25.91227477476341789 ) ) ;
#3766 = CARTESIAN_POINT ( 'NONE',  ( -48.23736111477120403, -127.5508785965806453, -26.10103487967491276 ) ) ;
#3767 = CARTESIAN_POINT ( 'NONE',  ( -11.09009957029426374, -48.22863717807249628, -33.35844619568291591 ) ) ;
#3768 = CARTESIAN_POINT ( 'NONE',  ( -54.61161639939058432, -127.2321747413350010, -22.78856292967186192 ) ) ;
#3769 = CARTESIAN_POINT ( 'NONE',  ( -51.14301688703071846, -133.5885471808522880, -28.05967310127763881 ) ) ;
#3770 = CARTESIAN_POINT ( 'NONE',  ( -57.79374494579192145, -111.5298343578374016, -20.69240441987086498 ) ) ;
#3771 = CARTESIAN_POINT ( 'NONE',  ( -1.530144106256106529, -2.342664466044109162, -6.672927987676622763 ) ) ;
#3772 = CARTESIAN_POINT ( 'NONE',  ( -58.65084896333373621, -78.12999415546528326, -20.86312791133471478 ) ) ;
#3773 = CARTESIAN_POINT ( 'NONE',  ( -2.876814808135554902, -0.4770832659642499363, -1.256824630094168782 ) ) ;
#3774 = CARTESIAN_POINT ( 'NONE',  ( 1.130136501317198228, -0.2998943049765094293, -7.188192255013092336 ) ) ;
#3775 = CARTESIAN_POINT ( 'NONE',  ( -14.97107137753433115, -50.30098511826529517, -29.51650530057270672 ) ) ;
#3776 = CARTESIAN_POINT ( 'NONE',  ( 2.899737436731892437, 1.696456640980667618, 0.000000000000000000 ) ) ;
#3777 = CARTESIAN_POINT ( 'NONE',  ( -64.82616154435287115, -106.7877687448353186, -21.19548222152532801 ) ) ;
#3778 = CARTESIAN_POINT ( 'NONE',  ( -40.78144364680039757, -65.71228142839451891, -32.15417475188969831 ) ) ;
#3779 = CARTESIAN_POINT ( 'NONE',  ( -2.899737436731892437, -1.696456640980665842, 0.000000000000000000 ) ) ;
#3780 = CARTESIAN_POINT ( 'NONE',  ( -55.64695009114961977, -71.92178952031014205, -24.60101075284134708 ) ) ;
#3781 = CARTESIAN_POINT ( 'NONE',  ( 4.178980774905748596, -5.228390387804116912, -6.001621073956274088 ) ) ;
#3782 = APPLICATION_PROTOCOL_DEFINITION ( 'international standard', 'config_control_design', 1994, #3963 ) ;
#3783 = CARTESIAN_POINT ( 'NONE',  ( -56.45017887103157506, -113.2364907394351121, -24.96180092752042157 ) ) ;
#3784 = CARTESIAN_POINT ( 'NONE',  ( -44.08849595562931967, -69.27809729964774021, -30.86832054280914051 ) ) ;
#3785 = CARTESIAN_POINT ( 'NONE',  ( -45.50263790645152540, -69.42183893769546899, -24.84437930144436280 ) ) ;
#3786 = CARTESIAN_POINT ( 'NONE',  ( -66.81630141395199018, -93.17567788734022827, -21.82027188768229919 ) ) ;
#3787 = CARTESIAN_POINT ( 'NONE',  ( -56.45017887103157506, -113.2364907394351121, -24.96180092752042157 ) ) ;
#3788 = CARTESIAN_POINT ( 'NONE',  ( -46.06278234553553830, -72.36756619100212617, -27.08451063845747342 ) ) ;
#3789 = CARTESIAN_POINT ( 'NONE',  ( -45.54660205625992830, -132.5995104946522929, -28.82340113812940174 ) ) ;
#3790 = CARTESIAN_POINT ( 'NONE',  ( -56.07704582273127869, -119.7740231319542374, -27.41695194696104210 ) ) ;
#3791 = CARTESIAN_POINT ( 'NONE',  ( -63.41824129450530734, -100.4917340754708164, -18.61103214327150113 ) ) ;
#3792 = CARTESIAN_POINT ( 'NONE',  ( -64.24698462957428546, -108.9021779971669872, -22.25549591990519716 ) ) ;
#3793 = CARTESIAN_POINT ( 'NONE',  ( -8.872726760049920003, -40.01577454122675448, -27.70559354089457926 ) ) ;
#3794 = CARTESIAN_POINT ( 'NONE',  ( -55.02700494396468400, -115.4636541389586881, -24.62693842465248295 ) ) ;
#3795 = CARTESIAN_POINT ( 'NONE',  ( -4.910992836244627568, -39.77958779556541913, -28.53481614127965571 ) ) ;
#3796 = CARTESIAN_POINT ( 'NONE',  ( -53.24992878969228371, -77.06221490877021552, -27.61119066119101362 ) ) ;
#3797 = CARTESIAN_POINT ( 'NONE',  ( -44.59556427622579378, -70.36439762639771800, -30.25711004626719358 ) ) ;
#3798 = CARTESIAN_POINT ( 'NONE',  ( -7.601650045974209569, -32.59114474929085503, -28.25093054445788709 ) ) ;
#3799 = CARTESIAN_POINT ( 'NONE',  ( -61.32992753030064392, -115.1345408429881445, -24.64716350244722065 ) ) ;
#3800 = CARTESIAN_POINT ( 'NONE',  ( -51.40611098239892840, -124.1835791232820725, -22.85688726400026027 ) ) ;
#3801 = CARTESIAN_POINT ( 'NONE',  ( -7.863368380854478978, -34.38138634700157326, -31.24951973896695279 ) ) ;
#3802 = CARTESIAN_POINT ( 'NONE',  ( -52.40197562176997792, -126.7964725579301444, -22.06760978073288371 ) ) ;
#3803 = CARTESIAN_POINT ( 'NONE',  ( -6.092939452312732485, -30.22802514460978429, -28.90657247408222474 ) ) ;
#3804 = CARTESIAN_POINT ( 'NONE',  ( -51.21113094280201494, -70.95671794142161559, -29.38447913728696648 ) ) ;
#3805 = CARTESIAN_POINT ( 'NONE',  ( -51.35172451981836872, -76.07926183546739196, -24.74147349149160391 ) ) ;
#3806 = CARTESIAN_POINT ( 'NONE',  ( -12.75845516635251364, -50.50532620526887229, -32.08136124009686796 ) ) ;
#3807 = CARTESIAN_POINT ( 'NONE',  ( -2.584790213574390538, -1.862826710718636036, -2.424106653491678198 ) ) ;
#3808 = CARTESIAN_POINT ( 'NONE',  ( -62.09530669679695336, -111.9276778599754323, -25.00647599689516554 ) ) ;
#3809 = CARTESIAN_POINT ( 'NONE',  ( -57.30644355389649292, -115.9679535839282067, -20.34224332853493777 ) ) ;
#3810 = CARTESIAN_POINT ( 'NONE',  ( -65.10272011311406004, -104.3723233996796296, -23.54900712464136703 ) ) ;
#3811 = CARTESIAN_POINT ( 'NONE',  ( -63.68583155403119633, -105.8038154486052633, -19.24595961169670844 ) ) ;
#3812 = CARTESIAN_POINT ( 'NONE',  ( -14.05622201121855142, -42.88104813381668379, -33.01740614444241828 ) ) ;
#3813 = CARTESIAN_POINT ( 'NONE',  ( 2.789839485883877312, -22.23083429191407490, -21.06752893035841012 ) ) ;
#3814 = CARTESIAN_POINT ( 'NONE',  ( -57.66455533923284804, -110.3541676442801531, -24.55508917563979310 ) ) ;
#3815 = CARTESIAN_POINT ( 'NONE',  ( -44.77715773891948459, -69.61088492152767060, -30.73344794188743379 ) ) ;
#3816 = CARTESIAN_POINT ( 'NONE',  ( -60.65545076691452664, -81.88298733197044044, -26.52838113519321084 ) ) ;
#3817 = CARTESIAN_POINT ( 'NONE',  ( 2.004577057646386162, -3.486947678777393644, -1.224524665973233173 ) ) ;
#3818 = CARTESIAN_POINT ( 'NONE',  ( -62.69596475404848235, -113.0567377861588341, -22.70853902831341031 ) ) ;
#3819 = CARTESIAN_POINT ( 'NONE',  ( -55.62789123826846094, -115.0380943831721936, -25.24184289550553828 ) ) ;
#3820 = CARTESIAN_POINT ( 'NONE',  ( -60.45031628817858405, -89.27647202458402376, -23.80700716082309754 ) ) ;
#3821 = CARTESIAN_POINT ( 'NONE',  ( 3.641599324831211959, 0.2286884317047236104, -1.354562382943387933 ) ) ;
#3822 = CARTESIAN_POINT ( 'NONE',  ( -56.82063627271297435, -114.8609214532557559, -26.36793449678483370 ) ) ;
#3823 = CARTESIAN_POINT ( 'NONE',  ( -53.19317512628609279, -125.4582979988661293, -21.79631819625484468 ) ) ;
#3824 = CARTESIAN_POINT ( 'NONE',  ( -6.038049726326558897, -35.89026664137253420, -26.46636533895575383 ) ) ;
#3825 = CARTESIAN_POINT ( 'NONE',  ( -59.50620777094311364, -103.6923596873489117, -23.14306093064679359 ) ) ;
#3826 = CARTESIAN_POINT ( 'NONE',  ( -54.44617248664981446, -79.30748673207159527, -24.84477630290334815 ) ) ;
#3827 = CARTESIAN_POINT ( 'NONE',  ( -62.07724398528981880, -95.39789604269594747, -24.75682360091294143 ) ) ;
#3828 = CARTESIAN_POINT ( 'NONE',  ( 4.162780695102643591, -3.129454879438715587, -10.27182195408015097 ) ) ;
#3829 = CARTESIAN_POINT ( 'NONE',  ( -52.38693028600059876, -126.3959384069932810, -28.69456826936552929 ) ) ;
#3830 = CARTESIAN_POINT ( 'NONE',  ( -54.99777450049744942, -72.15324768408461864, -23.21185101185861299 ) ) ;
#3831 = CARTESIAN_POINT ( 'NONE',  ( -0.2355189883605538770, -5.021247788322456884, -11.88823145988572172 ) ) ;
#3832 = CARTESIAN_POINT ( 'NONE',  ( -5.265705273608284109, -36.37397031556781002, -26.56210386537720680 ) ) ;
#3833 = CARTESIAN_POINT ( 'NONE',  ( -1.032514092596888533, -4.154885062370083482, -9.477555979804805020 ) ) ;
#3834 = CARTESIAN_POINT ( 'NONE',  ( -63.92787734713981251, -96.27012964488436353, -18.54753544014624111 ) ) ;
#3835 = CARTESIAN_POINT ( 'NONE',  ( -57.76545082810098819, -76.02118079459005173, -27.28485856870669224 ) ) ;
#3836 = CARTESIAN_POINT ( 'NONE',  ( -60.17235605627508477, -100.4516570265186886, -22.03724029564146747 ) ) ;
#3837 = CARTESIAN_POINT ( 'NONE',  ( -54.50387829197977396, -118.1669766737701508, -26.45116014139451721 ) ) ;
#3838 = CARTESIAN_POINT ( 'NONE',  ( -15.72360014948709050, -44.13107384213840589, -32.60793586462753524 ) ) ;
#3839 = CARTESIAN_POINT ( 'NONE',  ( -61.17729724706339312, -114.1557054095139563, -25.29236190852736854 ) ) ;
#3840 = CARTESIAN_POINT ( 'NONE',  ( -62.58033175661871184, -100.5139733649322125, -18.76945191260474033 ) ) ;
#3841 = CARTESIAN_POINT ( 'NONE',  ( -63.39844585440121705, -106.7712816858454232, -19.32206485569743393 ) ) ;
#3842 = CARTESIAN_POINT ( 'NONE',  ( -66.27826440560674826, -91.41864065075547785, -20.34087288915229053 ) ) ;
#3843 = CARTESIAN_POINT ( 'NONE',  ( -6.675682599615231361, -41.20183270302344170, -28.33029904271065291 ) ) ;
#3844 = DIRECTION ( 'NONE',  ( 0.000000000000000000, 0.000000000000000000, 1.000000000000000000 ) ) ;
#3845 = CARTESIAN_POINT ( 'NONE',  ( -49.34868321795745771, -126.5965417641833284, -27.44924698194529356 ) ) ;
#3846 = CARTESIAN_POINT ( 'NONE',  ( -63.82365241702167680, -89.44271923062312624, -25.32152288145763563 ) ) ;
#3847 = CARTESIAN_POINT ( 'NONE',  ( -3.250000000000000444, 0.8508480103472361167, 0.000000000000000000 ) ) ;
#3848 = CARTESIAN_POINT ( 'NONE',  ( -48.36367915736096279, -66.31212778291677523, -26.97385690955083248 ) ) ;
#3849 = CARTESIAN_POINT ( 'NONE',  ( -42.00769152669742112, -66.98507853235146570, -25.64637008154284104 ) ) ;
#3850 = CARTESIAN_POINT ( 'NONE',  ( -66.21515935675689946, -101.3803508126602964, -21.76874574378656391 ) ) ;
#3851 = CARTESIAN_POINT ( 'NONE',  ( -59.12946273419248655, -106.2432741492163473, -24.07667293760945526 ) ) ;
#3852 = CARTESIAN_POINT ( 'NONE',  ( -59.83984917209300392, -103.8088539346783392, -23.85373865758121781 ) ) ;
#3853 = CARTESIAN_POINT ( 'NONE',  ( -55.81659542800576901, -114.6330356565940463, -25.17706646056554476 ) ) ;
#3854 = CARTESIAN_POINT ( 'NONE',  ( -49.64006775922512560, -69.17514265161379683, -29.57605705460784407 ) ) ;
#3855 = CARTESIAN_POINT ( 'NONE',  ( -50.98536932718126025, -129.1183040216818938, -22.55638703966130620 ) ) ;
#3856 = CARTESIAN_POINT ( 'NONE',  ( -57.59939032254276015, -115.3438012266890382, -20.24682819764922215 ) ) ;
#3857 = CARTESIAN_POINT ( 'NONE',  ( -60.62397078357093250, -91.97773015795435469, -22.89053951167253942 ) ) ;
#3858 = CARTESIAN_POINT ( 'NONE',  ( -60.72666242672596582, -93.10938088202024687, -22.84298716975697374 ) ) ;
#3859 = CARTESIAN_POINT ( 'NONE',  ( -62.03011898236177046, -96.71006064184570050, -24.75315577247693355 ) ) ;
#3860 = CARTESIAN_POINT ( 'NONE',  ( -47.87219661899818135, -72.00407255983003552, -29.74654629818691021 ) ) ;
#3861 = CARTESIAN_POINT ( 'NONE',  ( -65.29872134117657367, -97.50460727311302378, -18.91615533241022362 ) ) ;
#3862 = CARTESIAN_POINT ( 'NONE',  ( -2.488762805848046877, 1.211427488287082577, -1.311731690058685063 ) ) ;
#3864 = CARTESIAN_POINT ( 'NONE',  ( -56.42027646233228211, -124.8602758969070123, -26.25057627777084690 ) ) ;
#3863 = CARTESIAN_POINT ( 'NONE',  ( 3.258923406423104296, -10.40377199464139224, -10.83967567834005941 ) ) ;
#3865 = CARTESIAN_POINT ( 'NONE',  ( -59.89925392986337727, -119.2524870921291011, -23.57896827177779286 ) ) ;
#3866 = CARTESIAN_POINT ( 'NONE',  ( -63.55159876837639388, -99.69665642361231050, -18.58507943794740314 ) ) ;
#3867 = CARTESIAN_POINT ( 'NONE',  ( -42.69714568410493172, -66.74172049774446691, -31.68834732855240688 ) ) ;
#3868 = CARTESIAN_POINT ( 'NONE',  ( -60.47400258477438939, -98.56013201505719223, -21.95687080085683718 ) ) ;
#3869 = CARTESIAN_POINT ( 'NONE',  ( 5.455725999813847871, -7.395109420276567036, -13.32821598285665488 ) ) ;
#3870 = CARTESIAN_POINT ( 'NONE',  ( -42.86828837273009896, -62.76590590269165659, -28.95240303905433876 ) ) ;
#3871 = CARTESIAN_POINT ( 'NONE',  ( -60.99742716498001016, -114.5730573631868481, -25.34890288792880852 ) ) ;
#3872 = CARTESIAN_POINT ( 'NONE',  ( -55.72425932557325723, -119.1679469944716772, -20.86428184747082781 ) ) ;
#3873 = CARTESIAN_POINT ( 'NONE',  ( -63.80760425037114203, -83.17576210039273121, -24.61411166626973213 ) ) ;
#3874 = CARTESIAN_POINT ( 'NONE',  ( -65.13806211122442846, -90.01042118111233492, -19.21695428174550813 ) ) ;
#3875 = CARTESIAN_POINT ( 'NONE',  ( -66.40557434432606954, -93.30295248318850554, -20.23128492759853003 ) ) ;
#3876 = CARTESIAN_POINT ( 'NONE',  ( 4.405307713400852698, -6.449192555068109733, -7.647090022587595293 ) ) ;
#3877 = CARTESIAN_POINT ( 'NONE',  ( -56.70930702341532026, -112.6475604350208641, -24.87442337426496408 ) ) ;
#3878 = CARTESIAN_POINT ( 'NONE',  ( -59.53083066401799073, -80.34879215470166969, -26.91144647333094753 ) ) ;
#3879 = CARTESIAN_POINT ( 'NONE',  ( -54.31270732814061830, -70.93531732494075470, -24.28239743089653757 ) ) ;
#3880 = CARTESIAN_POINT ( 'NONE',  ( -20.57091389774215884, -53.20470728481874545, -29.21383881889046208 ) ) ;
#3881 = CARTESIAN_POINT ( 'NONE',  ( -65.78204600066376884, -86.71164681789686313, -22.40199789039045442 ) ) ;
#3882 = CARTESIAN_POINT ( 'NONE',  ( -59.28877136306049067, -105.7321397840680390, -24.02567674453847602 ) ) ;
#3883 = CARTESIAN_POINT ( 'NONE',  ( -55.62789123826846094, -115.0380943831721936, -25.24184289550553828 ) ) ;
#3884 = CARTESIAN_POINT ( 'NONE',  ( -54.38891778087866413, -119.7903233409563057, -27.20257475195985464 ) ) ;
#3885 = CARTESIAN_POINT ( 'NONE',  ( -49.31437184497136172, -135.4215096919094776, -29.30949668585576973 ) ) ;
#3886 = CARTESIAN_POINT ( 'NONE',  ( -63.34574638537203128, -100.8928259216759500, -18.62610283561739521 ) ) ;
#3887 = CARTESIAN_POINT ( 'NONE',  ( -51.24372287025334316, -127.1187427534802623, -22.39324589695831946 ) ) ;
#3888 = CARTESIAN_POINT ( 'NONE',  ( -60.71256332591903515, -96.72156599590130099, -22.80500928166662078 ) ) ;
#3889 = CARTESIAN_POINT ( 'NONE',  ( -60.76876875878750894, -93.96525989589444805, -22.81919790158485739 ) ) ;
#3890 = CARTESIAN_POINT ( 'NONE',  ( -61.68857570398781576, -99.85154293855775620, -24.82448322336790270 ) ) ;
#3891 = CARTESIAN_POINT ( 'NONE',  ( 0.7664801197551023293, -30.04531687384608318, -26.24135112103154199 ) ) ;
#3892 = CARTESIAN_POINT ( 'NONE',  ( -62.32918099665159417, -104.1063372847359716, -25.40048496812675793 ) ) ;
#3893 = CARTESIAN_POINT ( 'NONE',  ( -60.90743702175137031, -113.5600491474806404, -20.04765485143800063 ) ) ;
#3894 = CARTESIAN_POINT ( 'NONE',  ( -4.857049629809163882, -29.78124020676940020, -30.03810366423785183 ) ) ;
#3895 = CARTESIAN_POINT ( 'NONE',  ( -2.122632692119009068, 0.6631082797754600522, -2.585886834830920744 ) ) ;
#3896 = CARTESIAN_POINT ( 'NONE',  ( -11.43718600858986711, -40.15183549172558486, -33.03100338320057716 ) ) ;
#3897 = CARTESIAN_POINT ( 'NONE',  ( -61.38124610897642697, -108.2221472680134440, -19.14507537844207619 ) ) ;
#3898 = CARTESIAN_POINT ( 'NONE',  ( -65.81542497237791167, -95.40073467249186479, -24.09009225553090161 ) ) ;
#3899 = CARTESIAN_POINT ( 'NONE',  ( -54.14369865184779940, -78.77013793201217595, -24.05819480833904578 ) ) ;
#3900 = CARTESIAN_POINT ( 'NONE',  ( -51.70443287794716269, -123.3239192183063437, -27.43214987181112008 ) ) ;
#3901 = CARTESIAN_POINT ( 'NONE',  ( -50.69838499986774139, -68.01049154250816287, -25.87965490477187203 ) ) ;
#3902 = CARTESIAN_POINT ( 'NONE',  ( -59.21774180804303711, -118.4357805150470995, -25.91997339356075969 ) ) ;
#3903 = CARTESIAN_POINT ( 'NONE',  ( -18.95359115198275646, -50.54297465790682509, -29.30947180769667781 ) ) ;
#3904 = CARTESIAN_POINT ( 'NONE',  ( -60.88404308216513527, -78.51338730725854020, -25.73116570337294107 ) ) ;
#3905 = CARTESIAN_POINT ( 'NONE',  ( -64.99440766415895609, -99.94629129794718381, -18.94870207222487934 ) ) ;
#3906 = CARTESIAN_POINT ( 'NONE',  ( -46.29274256284092104, -65.15307905624869989, -28.56399667729438718 ) ) ;
#3907 = CARTESIAN_POINT ( 'NONE',  ( 3.408037049142321528, -19.95887736856035843, -19.71578274372601314 ) ) ;
#3908 = CARTESIAN_POINT ( 'NONE',  ( -55.76968203507074406, -114.7341014879343959, -25.19316251293669495 ) ) ;
#3909 = CARTESIAN_POINT ( 'NONE',  ( -64.35932589085470568, -96.84152943860183882, -24.96659256312690545 ) ) ;
#3910 = CARTESIAN_POINT ( 'NONE',  ( -52.65661466004254976, -69.55031991877143582, -24.96968008639514380 ) ) ;
#3911 = CARTESIAN_POINT ( 'NONE',  ( -55.35831445849032661, -115.6573790442657241, -22.08470779749812252 ) ) ;
#3912 = CARTESIAN_POINT ( 'NONE',  ( -66.41040291396217299, -89.47127452017853955, -22.08850321240005954 ) ) ;
#3913 = CARTESIAN_POINT ( 'NONE',  ( -40.57633180685839136, -68.93612287814501371, -27.95004789886700536 ) ) ;
#3914 = CARTESIAN_POINT ( 'NONE',  ( -54.42147408143526377, -117.5244455094063483, -25.65829852437362391 ) ) ;
#3915 = CARTESIAN_POINT ( 'NONE',  ( 0.5071372200183816847, -1.287498439153281105, -8.294411723567394645 ) ) ;
#3916 = CARTESIAN_POINT ( 'NONE',  ( -58.68008472210145499, -114.9656606211256786, -19.97565185545181521 ) ) ;
#3917 = CARTESIAN_POINT ( 'NONE',  ( -51.42060532046134824, -73.73959781220007415, -23.11302529962398467 ) ) ;
#3918 = CARTESIAN_POINT ( 'NONE',  ( -55.58532692984317691, -114.2751849950147260, -24.43478094308879278 ) ) ;
#3919 = CARTESIAN_POINT ( 'NONE',  ( -37.76115805094094213, -66.98377029869273258, -27.86908448201022281 ) ) ;
#3920 = CARTESIAN_POINT ( 'NONE',  ( -61.98322695014724104, -97.38503770906197587, -24.75928469468920667 ) ) ;
#3921 = CARTESIAN_POINT ( 'NONE',  ( -12.36848833393113267, -49.40105319459868127, -30.55250077628875971 ) ) ;
#3922 = CARTESIAN_POINT ( 'NONE',  ( -62.02679191132067871, -105.2376141489491914, -25.48782691754454177 ) ) ;
#3923 = CARTESIAN_POINT ( 'NONE',  ( -48.74237951366171018, -71.52238138250241661, -29.97053841531204199 ) ) ;
#3924 = CARTESIAN_POINT ( 'NONE',  ( -64.78005635888490588, -101.2015311312837156, -18.98716567846145153 ) ) ;
#3925 = CARTESIAN_POINT ( 'NONE',  ( -7.956918675175801425, -35.91300180480077131, -32.28145884475092942 ) ) ;
#3926 = CARTESIAN_POINT ( 'NONE',  ( -57.23309022571825011, -123.3988977336995418, -25.97765711329805782 ) ) ;
#3927 = CARTESIAN_POINT ( 'NONE',  ( -55.09752156566370473, -71.25570693210576678, -25.63443999415765262 ) ) ;
#3928 = CARTESIAN_POINT ( 'NONE',  ( -44.43368750260911071, -64.95135197892251711, -30.54105865457913183 ) ) ;
#3929 = CARTESIAN_POINT ( 'NONE',  ( -63.94925359115083552, -95.88269054289443716, -18.55090823468538375 ) ) ;
#3930 = CARTESIAN_POINT ( 'NONE',  ( -53.30152422702955306, -72.28138166197415160, -28.74946037343685390 ) ) ;
#3931 = CARTESIAN_POINT ( 'NONE',  ( -59.68209140751470443, -87.66217809909909420, -22.34783949755501808 ) ) ;
#3932 = CARTESIAN_POINT ( 'NONE',  ( -55.54386616408085331, -79.19936513791891741, -26.96341918375471991 ) ) ;
#3933 = CARTESIAN_POINT ( 'NONE',  ( -64.00376396207973073, -83.56831055576982692, -20.57743195627702448 ) ) ;
#3934 = CARTESIAN_POINT ( 'NONE',  ( 0.9316354426049707760, -2.903957362685053223, -10.63587823789144871 ) ) ;
#3935 = CARTESIAN_POINT ( 'NONE',  ( 1.814103991522155734, -5.798260903134688782, -4.594427852622252395 ) ) ;
#3936 = CARTESIAN_POINT ( 'NONE',  ( -66.74214293034199841, -92.03652494392378003, -21.88468141784058574 ) ) ;
#3937 = CARTESIAN_POINT ( 'NONE',  ( -56.63851054043355049, -73.98497399061851354, -27.23213372417687594 ) ) ;
#3938 = CARTESIAN_POINT ( 'NONE',  ( -52.60029944277349756, -70.00976622528268933, -24.18115578614562011 ) ) ;
#3939 = CARTESIAN_POINT ( 'NONE',  ( -66.39114840979617327, -96.04666835972896877, -20.14417494523961594 ) ) ;
#3940 = CARTESIAN_POINT ( 'NONE',  ( -56.01060283099874937, -113.1584488718976615, -23.37393243977896518 ) ) ;
#3941 = CARTESIAN_POINT ( 'NONE',  ( -25.58718413193643926, -60.32188840304824140, -31.74043168097623280 ) ) ;
#3942 = CARTESIAN_POINT ( 'NONE',  ( -63.51806539600980983, -102.7352231336865884, -25.13337868042724210 ) ) ;
#3943 = CARTESIAN_POINT ( 'NONE',  ( -14.63010493746992147, -42.89372293162995931, -32.38555939808440343 ) ) ;
#3944 = CARTESIAN_POINT ( 'NONE',  ( -58.01380760179360863, -82.46037594523241410, -21.53454298918291698 ) ) ;
#3945 = CARTESIAN_POINT ( 'NONE',  ( -40.17688562680943676, -65.87143203282742832, -26.07337347776755365 ) ) ;
#3946 = CARTESIAN_POINT ( 'NONE',  ( -18.41828655687732663, -54.85042377193588692, -30.99354143707735432 ) ) ;
#3947 = CARTESIAN_POINT ( 'NONE',  ( -60.58580534568704223, -100.4554070386947870, -23.63287899995226127 ) ) ;
#3948 = CARTESIAN_POINT ( 'NONE',  ( -57.19226587332040879, -114.0410917572981759, -26.24211794760019956 ) ) ;
#3949 = CARTESIAN_POINT ( 'NONE',  ( -47.78090205988156924, -137.6686545350554525, -29.85559592932264650 ) ) ;
#3950 = CARTESIAN_POINT ( 'NONE',  ( -41.06765202684909610, -63.43550294303766890, -26.47170280842829371 ) ) ;
#3951 = CARTESIAN_POINT ( 'NONE',  ( -51.18381283611646637, -73.50088655708042040, -23.18246202892431640 ) ) ;
#3952 = CARTESIAN_POINT ( 'NONE',  ( 5.159589284573384838, -14.29756880188848278, -17.46545138797746333 ) ) ;
#3953 = CARTESIAN_POINT ( 'NONE',  ( -56.39467540639159182, -81.58051077152190089, -24.27317540656128259 ) ) ;
#3954 = CARTESIAN_POINT ( 'NONE',  ( -61.45085068605239087, -94.84929658813170761, -24.23635331206024190 ) ) ;
#3955 = CARTESIAN_POINT ( 'NONE',  ( -5.393183569302022917, -41.04979998504419569, -29.48760307432427652 ) ) ;
#3956 = CARTESIAN_POINT ( 'NONE',  ( 3.186750334491772918, -1.764121826993132025, -9.117245083683139129 ) ) ;
#3957 = CARTESIAN_POINT ( 'NONE',  ( -65.13806211122442846, -90.01042118111233492, -19.21695428174550813 ) ) ;
#3958 = CARTESIAN_POINT ( 'NONE',  ( -52.93325944589431487, -69.87620113776188191, -27.28651130055898477 ) ) ;
#3959 = CARTESIAN_POINT ( 'NONE',  ( -57.49509885628171446, -122.9176022683189871, -25.89022368964291587 ) ) ;
#3960 = CARTESIAN_POINT ( 'NONE',  ( -65.38512081394026154, -85.51458746917511178, -21.68502200899683885 ) ) ;
#3961 = CARTESIAN_POINT ( 'NONE',  ( -54.10292204005882866, -70.72600152078479141, -26.84793214885217338 ) ) ;
#3962 = CARTESIAN_POINT ( 'NONE',  ( -52.11727226798912938, -127.2695786850199227, -22.16543681171863511 ) ) ;
#3963 = APPLICATION_CONTEXT ( 'configuration controlled 3d designs of mechanical parts and assemblies' ) ;
#3964 = CARTESIAN_POINT ( 'NONE',  ( -49.75317968657245160, -125.0579113606684842, -25.55715340683792292 ) ) ;
#3965 = CARTESIAN_POINT ( 'NONE',  ( -38.25708377489926448, -67.83711695310680057, -30.06239744850347151 ) ) ;
#3966 = CARTESIAN_POINT ( 'NONE',  ( -60.54553462327955060, -112.1034001831952054, -26.01724728747371174 ) ) ;
#3967 = CARTESIAN_POINT ( 'NONE',  ( -7.327858314525141914, -32.02292602588068604, -28.91567627068366875 ) ) ;
#3968 = CARTESIAN_POINT ( 'NONE',  ( 1.154674721023127182, -14.29827934103183118, -22.01023890495092061 ) ) ;
#3969 = B_SPLINE_SURFACE_WITH_KNOTS ( 'NONE', 3, 3, (
 ( #628, #5306, #3099, #4452, #231, #4842, #1646, #5400, #133, #2508, #2015, #3560, #4906, #5888, #3530, #4384, #660, #1182, #3891, #165, #3990, #2541, #3955, #1151, #2046, #3067, #3921, #1580, #5336, #4938, #1118, #726, #3003, #4875, #4420, #2605, #200, #5824, #4488, #1612, #263, #5368, #2146, #4020, #1677, #2721, #5001, #4050, #1356, #4604, #842, #5917, #4133, #3674, #4970, #5459, #3705, #1824, #3181, #4161, #6002, #758, #6031, #325, #3211, #5085, #1298, #2260, #5571, #351, #2230, #871, #2636, #380, #4522, #1738, #295, #2174, #2291, #1706, #3589, #5543, #1243, #3128, #4577, #787, #2665, #4105, #3155, #5514, #4551, #2204, #5946, #2751, #1795, #1272, #5973, #4078, #5056, #3618, #5487, #407, #5028, #815, #2691, #1327, #4631, #1767, #3645, #3266, #3760, #4279, #1913, #982, #6060, #5655, #2870, #5688, #3357, #93, #3324, #897, #1977, #3732, #3239, #3853, #28, #2319, #2839, #5145, #60, #953, #1442, #5719, #1414, #5204, #4747, #3294, #5171, #4717, #5117, #2780, #4660, #437, #1474, #491, #1945, #925, #4686, #5627, #463, #5235, #2372, #3789, #524, #1386 ),
 ( #2404, #3821, #4247, #1014, #2810, #4188, #1855, #2901, #4778, #5601, #557, #2438, #2343, #4217, #6085, #1882, #4311, #4480, #5849, #5265, #1045, #158, #1639, #3522, #3487, #4930, #2470, #4412, #192, #4345, #126, #1541, #3422, #3454, #5299, #1078, #1110, #433, #950, #25, #4851, #4195, #5663, #6066, #3738, #2877, #4754, #531, #1392, #1861, #3300, #1516, #1482, #2412, #3364, #5151, #1021, #2817, #5607, #5272, #564, #4694, #2939, #1053, #4812, #1242, #4451, #3494, #3989, #4521, #2145, #1212, #199, #5887, #3098, #5916, #3588, #324, #3559, #1117, #2203, #3954, #3461, #4077, #262, #2540, #3066, #5367, #294, #1181, #1676, #5945, #1645, #5429, #4969, #3529, #5399, #4937, #5335, #3002, #4874, #1150, #725, #4049, #659, #3034, #757, #2604, #4487, #4019, #4419, #2080, #2635, #2173, #3127, #230, #4905, #5856, #1705, #5458, #5000, #5823, #786, #2664, #4550, #1611, #693, #2574, #2115, #462, #2229, #1737, #4216, #4630, #814, #1326, #1766, #2779, #5542, #6030, #3617, #6001, #1823, #5570, #3673, #5084, #870, #5486, #1271, #3154, #3644, #2750, #2318, #5027, #1297, #3238 ),
 ( #350, #4104, #5972, #1355, #841, #5116, #5513, #3180, #5055, #6059, #2259, #2720, #896, #4603, #436, #2290, #4659, #4187, #1854, #3731, #5600, #1385, #3265, #5144, #924, #2809, #4693, #469, #4504, #1227, #5633, #279, #2349, #2, #1889, #4034, #5901, #3600, #771, #3217, #2757, #2477, #164, #563, #2445, #1084, #1579, #597, #2045, #1951, #5789, #4723, #2507, #2846, #2379, #5757, #3796, #5178, #4320, #959, #498, #99, #3363, #5725, #4253, #34, #66, #5305, #4811, #1481, #1983, #1919, #1515, #5662, #1449, #627, #4753, #3331, #5210, #989, #530, #4383, #2876, #3827, #2411, #4285, #3859, #3920, #3398, #5693, #5241, #5271, #1052, #3890, #1020, #2907, #2969, #2938, #4352, #132, #2014, #1548, #3428, #4841, #5817, #2008, #3488, #1573, #590, #653, #1111, #2996, #4413, #4868, #3392, #2439, #5266, #193, #3455, #2074, #61, #4312, #1946, #1046, #3948, #687, #2932, #4280, #3822, #1475, #2471, #4346, #2963, #3884, #5751, #621, #287, #4013, #2568, #1206, #3060, #4931, #751, #3146, #719, #2629, #3523, #4543, #316, #3983, #3581, #1640, #2166, #5965, #5478, #4070 ),
 ( #5909, #3609, #4481, #5881, #3092, #1670, #4569, #1698, #5451, #2195, #2598, #5937, #343, #5020, #1262, #4963, #1235, #806, #224, #5423, #3637, #3553, #1758, #4445, #2109, #3120, #1728, #5506, #5048, #256, #2657, #2683, #2139, #5393, #2222, #4097, #4993, #1290, #4042, #3173, #4514, #779, #1175, #5850, #2711, #1319, #2773, #5564, #5076, #2282, #2250, #6023, #4126, #4596, #429, #3665, #372, #1847, #1816, #3696, #4653, #3202, #5993, #863, #3231, #4153, #1347, #1787, #5108, #2313, #4182, #6053, #834, #5535, #4624, #2741, #398, #6003, #525, #2811, #5086, #5602, #6032, #954, #3733, #2344, #4748, #4189, #6086, #4218, #6061, #1856, #1387, #2405, #1796, #3675, #1825, #3267, #492, #3212, #5572, #1415, #5146, #926, #464, #1328, #2373, #5544, #2752, #2871, #1883, #5118, #3761, #3706, #872, #408, #4248, #4661, #2292, #5628, #4162, #4718, #438, #4687, #3295, #2320, #5172, #1357, #3240, #898, #2840, #29, #1914, #3790, #5656, #1443, #3325, #5205, #983, #101, #4, #4355, #5180, #2381, #4287, #4255, #36, #5727, #68, #3829, #3366, #5243, #2713, #3204, #2224, #3667 ),
 ( #1730, #5537, #5480, #2083, #4387, #1264, #3148, #5508, #3956, #5825, #4598, #3037, #1760, #2543, #1614, #1152, #3497, #374, #5939, #3611, #4571, #4877, #345, #2252, #1292, #3639, #5369, #808, #3175, #167, #4908, #1789, #695, #5995, #630, #2511, #2685, #4099, #1321, #2049, #4421, #5967, #5050, #3005, #1582, #836, #3923, #3464, #5338, #4454, #1120, #2576, #662, #233, #2117, #5110, #400, #1818, #431, #519, #2284, #3727, #4655, #1849, #1878, #3816, #3756, #5596, #2743, #1409, #3290, #3319, #1381, #3261, #2399, #5140, #5078, #919, #4155, #4274, #2804, #1939, #55, #4682, #5682, #948, #458, #5198, #22, #1907, #865, #6025, #2339, #3698, #4211, #1349, #2835, #4713, #487, #2368, #4241, #209, #3106, #5347, #4464, #2643, #5465, #4977, #671, #793, #4528, #5866, #4947, #3013, #735, #703, #4885, #2613, #3966, #1623, #301, #2180, #3507, #1713, #2552, #4429, #5378, #2788, #2123, #4461, #239, #668, #2549, #3074, #2273, #4202, #4173, #1897, #3280, #2304, #1370, #4144, #909, #5066, #4587, #825, #5158, #3687, #2701, #2794, #5039, #3746, #1807, #5584, #3251, #5555 ),
 ( #4672, #5983, #6072, #5614, #1426, #5525, #3774, #5641, #5130, #4230, #1868, #362, #2240, #6014, #4702, #476, #448, #1399, #4116, #420, #6044, #2357, #1777, #3655, #1309, #1338, #3192, #854, #2731, #4615, #5098, #882, #2764, #4644, #1837, #3308, #4731, #4790, #1490, #3867, #2388, #967, #4293, #3436, #2946, #5701, #4327, #43, #5734, #3804, #506, #4849, #2885, #2854, #3930, #1524, #3405, #1092, #76, #3340, #3835, #4361, #1991, #1061, #1927, #5281, #4818, #5766, #5313, #174, #605, #4262, #2056, #5671, #5187, #5798, #108, #1458, #2914, #5219, #140, #1028, #2485, #998, #3373, #2022, #3898, #5249, #571, #2452, #4762, #539, #2420, #1960, #1556, #2977, #636, #2517, #4394, #752, #289, #1700, #5394, #4072, #5851, #2599, #2686, #3524, #3554, #2659, #2197, #4014, #4482, #4545, #5940, #3122, #318, #4044, #1731, #5424, #1237, #257, #3061, #5882, #4932, #2140, #1207, #809, #720, #2630, #3093, #4964, #5453, #1176, #3612, #5911, #4516, #5481, #1265, #1671, #3149, #5022, #2168, #4572, #3583, #4995, #781, #4900, #2933, #4446, #3029, #5300, #688, #3456, #3885, #3949 ),
 ( #2472, #1510, #2009, #2535, #159, #5330, #4313, #3915, #1112, #5818, #1606, #225, #1574, #5236, #2110, #1978, #1476, #3984, #4378, #558, #1079, #3393, #4414, #2964, #5784, #3358, #5752, #2997, #4869, #1542, #3423, #4836, #1015, #2902, #4779, #1047, #622, #2075, #2440, #591, #654, #2502, #2039, #194, #94, #3489, #3854, #5720, #4347, #5362, #127, #1145, #2569, #4796, #1034, #3018, #2491, #2920, #3937, #577, #4889, #2028, #2524, #4401, #3904, #5806, #1067, #3873, #2458, #1595, #3476, #1530, #1134, #676, #5351, #2557, #181, #4434, #1099, #213, #4367, #2063, #3411, #114, #2952, #1997, #5287, #146, #3972, #5740, #5772, #611, #1562, #2097, #4333, #5838, #2984, #3442, #4824, #5319, #4857, #642, #512, #5707, #49, #1842, #3810, #5589, #1496, #3379, #1375, #713, #3448, #5713, #2103, #5778, #1503, #3385, #2464, #4339, #120, #4830, #152, #105, #4390, #1553, #3433, #3336, #5698, #5215, #1956, #170, #2087, #1988, #2052, #3959, #3926, #2417, #1454, #137, #3864, #5731, #994, #5277, #1521, #4759, #1058, #1487, #2943, #602, #5794, #2482, #4358, #72, #1585, #5341 ),
 ( #536, #2019, #3895, #5762, #5372, #3040, #1155, #3501, #5828, #1618, #3009, #205, #4881, #268, #3042, #699, #3995, #5796, #1651, #2149, #731, #1187, #4425, #4912, #3072, #1090, #2547, #3563, #666, #1680, #5311, #4847, #2580, #3534, #5433, #2975, #2089, #5405, #4943, #5343, #3928, #2609, #4023, #634, #1125, #2515, #4392, #4493, #172, #5891, #2054, #1587, #5374, #3468, #3961, #4973, #5830, #3503, #1216, #3102, #1157, #4458, #237, #2121, #5862, #1717, #2523, #4532, #4856, #4400, #1687, #5805, #1098, #707, #2983, #180, #2587, #5382, #3541, #2062, #3936, #2096, #1223, #2617, #3511, #4002, #1594, #1194, #3475, #1133, #305, #675, #3017, #2556, #3080, #4951, #4981, #3971, #4433, #1627, #5440, #5870, #4500, #5837, #275, #767, #2184, #4059, #5926, #1164, #3049, #4919, #4468, #245, #3792, #3269, #6005, #900, #5088, #1885, #5120, #3763, #1300, #5574, #5174, #2842, #494, #2375, #3183, #844, #4606, #1798, #3677, #985, #5658, #1445, #2407, #3327, #892, #2775, #202, #1616, #2085, #3499, #920, #1504, #1940, #1410, #3352, #4212, #1850, #2805, #2432, #4242, #1908, #1971 ),
 ( #3847, #3386, #1753, #4632, #2082, #1707, #2509, #4385, #4453, #1183, #4489, #1613, #2047, #3068, #3496, #5858, #264, #4907, #3036, #232, #3991, #5401, #4939, #320, #2199, #1733, #1267, #3700, #2254, #5997, #1791, #3669, #3206, #5112, #5080, #402, #2286, #4157, #403, #3701, #3207, #2745, #1351, #2715, #2255, #4129, #4618, #5472, #4563, #281, #5959, #4036, #743, #5070, #3114, #1199, #4147, #1751, #4091, #1313, #4537, #3575, #4064, #4590, #2216, #1284, #2160, #3631, #3167, #5987, #3659, #392, #5500, #3085, #2276, #5903, #3546, #6017, #337, #2622, #3140, #5445, #366, #1256, #5042, #5416, #1722, #828, #2704, #3602, #5013, #800, #4956, #4506, #1692, #1229, #2677, #4120, #4986, #773, #2244, #1781, #5529, #3196, #2651, #857, #310, #2189, #5931, #2734, #912, #3777, #1840, #1341, #3690, #46, #451, #5558, #5644, #1810, #509, #4675, #479, #2360, #2332, #1429, #3720, #885, #4296, #3311, #5190, #2767, #970, #2391, #3225, #2307, #1461, #2857, #4647, #1001, #4233, #4205, #6075, #5101, #5617, #3254, #423, #1871, #4176, #6047, #3749, #4265, #5587, #1402, #1373, #4734 ),
 ( #5222, #1930, #3807, #5133, #5674, #941, #4765, #3343, #5161, #2888, #2797, #3283, #2827, #4705, #542, #13, #1900, #2423, #4330, #5802, #3967, #672, #1130, #4821, #1095, #3014, #3838, #2949, #1161, #1064, #5379, #79, #1963, #3439, #1591, #3508, #2584, #3870, #177, #3472, #2455, #5252, #2059, #4886, #4853, #5348, #3901, #2553, #5737, #2980, #4793, #5704, #111, #1493, #2917, #1527, #1624, #3376, #608, #3408, #5284, #639, #4916, #2520, #2488, #1031, #4397, #3933, #4430, #4364, #143, #5834, #2025, #574, #210, #5769, #1559, #1994, #3046, #704, #5316, #2093, #331, #764, #821, #5493, #1278, #4583, #5034, #3567, #3077, #5895, #3161, #4557, #2210, #242, #736, #2126, #4948, #4084, #3188, #3107, #2697, #5953, #3999, #2614, #5867, #4497, #1744, #5062, #4978, #357, #4111, #3625, #5409, #3651, #3134, #2644, #1220, #1656, #2181, #1684, #4465, #4529, #272, #2153, #302, #2236, #4027, #4056, #1191, #5979, #1773, #3538, #5466, #5437, #5923, #5520, #1305, #849, #1714, #3595, #1249, #5007, #794, #2671, #3768, #4638, #4168, #3246, #6038, #4725, #1863, #5609, #471, #878 ),
 ( #1394, #3274, #5125, #2351, #2759, #1803, #5212, #4224, #4696, #3682, #1891, #1421, #2727, #3219, #1451, #5665, #933, #1921, #5635, #4611, #3798, #1832, #961, #2848, #5153, #5, #3333, #4197, #6068, #500, #386, #3302, #2267, #5579, #4139, #6010, #37, #5551, #1334, #5181, #5093, #414, #2326, #2298, #3712, #3740, #905, #2819, #1364, #2789, #444, #2382, #4667, #4256, #2017, #3830, #3431, #1484, #4288, #2544, #566, #4756, #1615, #5308, #1551, #4878, #1985, #1023, #1518, #2050, #5760, #3465, #991, #5695, #3957, #1087, #102, #2972, #2909, #533, #2879, #5339, #5728, #2414, #4844, #69, #5792, #3861, #631, #2512, #3400, #4388, #4785, #1953, #3498, #168, #3924, #3367, #1583, #1121, #5244, #2447, #5826, #4322, #3006, #201, #663, #5274, #2084, #1055, #4422, #2941, #4814, #600, #2480, #4356, #135, #3893, #1768, #788, #2231, #2147, #5974, #4909, #2692, #3038, #2577, #5947, #3992, #5370, #4971, #1153, #696, #759, #3561, #5918, #4455, #234, #3100, #1708, #352, #1214, #296, #2118, #3590, #5859, #1648, #816, #4940, #3531, #5402, #5460, #1244, #3156, #265, #1184 ),
 ( #3069, #728, #5002, #4106, #4021, #2205, #5029, #2666, #2606, #4578, #4051, #5889, #1678, #4490, #2638, #5431, #4523, #2175, #3129, #4552, #326, #1739, #4079, #3620, #5488, #1273, #1388, #5057, #4662, #2722, #3241, #955, #465, #5147, #873, #2812, #2781, #4163, #4688, #2321, #3268, #381, #6062, #927, #6087, #3762, #493, #3734, #1299, #2374, #4134, #3646, #4249, #439, #4605, #5119, #3676, #2345, #1358, #1857, #30, #1826, #5603, #4219, #3707, #5573, #899, #5515, #3182, #843, #5545, #4190, #1884, #2261, #3213, #5629, #1416, #3296, #5173, #6004, #2841, #1797, #1329, #5087, #4719, #2753, #4633, #409, #2293, #6033, #160, #559, #3791, #3886, #1915, #623, #4780, #592, #2473, #2441, #5753, #1947, #984, #4415, #1543, #3424, #2872, #1080, #2503, #5657, #2406, #655, #4870, #128, #1113, #2965, #1444, #2998, #3359, #2040, #3916, #4348, #5301, #2536, #3394, #5267, #5785, #3326, #4837, #5206, #4314, #4749, #526, #5331, #4281, #62, #4379, #3823, #5689, #1511, #1477, #5237, #1048, #95, #2010, #1016, #2903, #5721, #1575, #1979, #3855, #2934, #4807, #3457, #689, #3490 ),
 ( #319, #782, #5395, #4901, #1641, #4045, #1607, #1208, #5363, #5883, #3613, #3123, #1701, #3525, #5454, #5425, #3150, #4546, #3555, #1238, #2111, #1177, #721, #3062, #2198, #3094, #4965, #5912, #4447, #3584, #4073, #2660, #4996, #4933, #753, #5941, #3950, #2600, #1266, #4483, #5482, #195, #2076, #2631, #1732, #5023, #2687, #3985, #290, #810, #2570, #1146, #2169, #5819, #4517, #3030, #4015, #226, #5852, #258, #2141, #1672, #2714, #4100, #1293, #5996, #81, #5968, #3205, #2253, #4128, #5566, #3378, #3233, #1790, #2225, #5111, #972, #3345, #3668, #5538, #2425, #866, #4573, #4267, #1322, #2744, #346, #1495, #1965, #2285, #3840, #511, #4626, #1003, #5676, #1463, #4767, #5224, #5079, #3176, #401, #2890, #4736, #2393, #1761, #837, #3640, #5051, #48, #5254, #4156, #544, #4298, #1932, #5509, #5706, #2859, #6026, #1819, #4599, #3699, #1350, #375, #3809, #1033, #5286, #1097, #3510, #1066, #2982, #3872, #4888, #5381, #3048, #5869, #3016, #576, #1658, #3410, #2919, #3540, #5804, #1996, #2522, #2951, #3970, #641, #5350, #5411, #4855, #674, #1132, #4399, #179, #2061 ),
 ( #1163, #113, #2490, #4432, #3935, #1593, #3474, #4332, #4918, #4795, #5739, #2457, #2555, #2027, #212, #4823, #1529, #610, #706, #1561, #4366, #2095, #145, #1626, #5771, #5836, #2586, #3441, #4467, #3903, #5318, #244, #2128, #4001, #2155, #359, #5981, #3684, #1686, #6012, #4141, #5495, #388, #2238, #1193, #2269, #2646, #5522, #1307, #3627, #4585, #1805, #2673, #4559, #3190, #3079, #2699, #4950, #4058, #738, #2616, #4613, #4499, #274, #1775, #5897, #4029, #796, #3569, #5439, #333, #5468, #1746, #1222, #3109, #5009, #1280, #4980, #3136, #2212, #766, #3163, #4531, #304, #2729, #2183, #5925, #1716, #5036, #823, #5064, #3597, #1251, #4086, #4113, #5955, #3653, #851, #1893, #5183, #1923, #5667, #2416, #5637, #3221, #4290, #6040, #5553, #71, #2353, #4640, #5155, #5581, #502, #3276, #3770, #1955, #3742, #1423, #3304, #5611, #1396, #935, #1336, #5095, #880, #1366, #2821, #39, #2761, #5127, #963, #4698, #473, #7, #416, #3800, #2300, #4170, #1834, #2850, #4669, #4727, #3248, #3714, #907, #1453, #4199, #2791, #2384, #446, #4258, #2328, #4226, #3335, #6070 ),
 ( #1865, #5214, #993, #2881, #4758, #535, #5246, #104, #1987, #3369, #5697, #3863, #5730, #4324, #1520, #568, #3402, #1025, #5276, #1486, #3832, #2449, #2911, #1057, #4787, #313, #3143, #2071, #5934, #189, #5814, #3117, #1142, #2532, #2136, #4409, #3945, #4010, #716, #3089, #1603, #3484, #253, #4960, #3606, #4477, #3550, #5359, #748, #3026, #4897, #4067, #2106, #684, #5017, #2626, #4511, #2192, #3519, #2565, #3057, #3578, #1203, #284, #4442, #2163, #4039, #221, #2595, #3980, #5906, #1695, #5846, #5420, #1636, #5878, #1725, #5448, #1232, #5390, #4990, #1666, #5475, #776, #2654, #4540, #1172, #4927, #1259, #4123, #2800, #6020, #3693, #4650, #5045, #426, #4678, #1377, #1844, #5532, #1813, #3723, #4566, #3662, #1874, #1784, #6078, #803, #2680, #4150, #2310, #4208, #3286, #4593, #888, #4179, #3170, #5962, #2770, #5592, #5561, #6050, #4621, #3257, #369, #1344, #5503, #340, #831, #2219, #2738, #3634, #4094, #5136, #1316, #2247, #5990, #3228, #5620, #5105, #3199, #1755, #915, #454, #2335, #5073, #860, #3752, #395, #1287, #1405, #2279, #2707, #945, #2031, #613 ),
 ( #117, #2000, #5290, #5743, #4270, #3781, #515, #3876, #5257, #1037, #2831, #1433, #4709, #5648, #4799, #3907, #3813, #1533, #4827, #2461, #18, #4370, #3843, #5679, #1935, #483, #2893, #2396, #5164, #1466, #3315, #5194, #3348, #3414, #2923, #2364, #975, #4237, #2862, #580, #5775, #5227, #1070, #2494, #4336, #1904, #149, #5710, #1006, #4770, #4739, #547, #52, #2428, #4302, #84, #1968, #1499, #2955, #3382, #1565, #4404, #5414, #1197, #4860, #4471, #2527, #3052, #770, #278, #4954, #679, #2620, #2590, #308, #1690, #710, #4503, #5354, #4892, #3975, #2560, #5443, #248, #2131, #3083, #1597, #741, #1226, #4033, #2158, #2100, #4005, #5900, #1102, #216, #4535, #4437, #2649, #3445, #5322, #5873, #3573, #2187, #5929, #1137, #3544, #3112, #5809, #184, #4984, #4062, #1661, #2987, #1167, #645, #3021, #2066, #3940, #3479, #5841, #1630, #5385, #3514, #4922, #3299, #364, #5498, #1282, #2816, #529, #468, #3165, #5470, #2348, #4222, #497, #5040, #826, #5661, #4118, #1720, #1419, #2702, #5985, #3599, #4752, #3330, #5527, #988, #3766, #1779, #4252, #2845, #4722, #1918 ),
 ( #1888, #1749, #3657, #2378, #5011, #4588, #5177, #1311, #5068, #1, #3138, #33, #1254, #4561, #2410, #5632, #2242, #958, #3629, #798, #2675, #3795, #3194, #335, #1448, #2214, #5209, #931, #2875, #4284, #4692, #4089, #5957, #5240, #2573, #3919, #2044, #1019, #5334, #4873, #65, #562, #4904, #3033, #4382, #5366, #1116, #1950, #1149, #1514, #4418, #198, #2506, #3460, #692, #1547, #3427, #2079, #3826, #131, #5692, #3953, #1480, #3362, #3493, #2906, #4783, #658, #2444, #4319, #5756, #98, #1982, #5304, #4351, #626, #3858, #5724, #3889, #163, #3397, #2013, #1083, #5270, #5788, #1051, #2937, #1610, #4810, #596, #2476, #1578, #3001, #5822, #2968, #4840, #2539, #5485, #3126, #2202, #1180, #785, #4076, #813, #4576, #1296, #4549, #2114, #3179, #4936, #4450, #5054, #1241, #3528, #4048, #4486, #1270, #2172, #2663, #840, #2634, #323, #5944, #4520, #293, #5915, #229, #3988, #5855, #1644, #5971, #4018, #5398, #3065, #1736, #4999, #2228, #5428, #261, #4968, #3153, #3616, #5026, #724, #2690, #349, #4103, #1765, #2603, #3643, #2144, #5886, #1675, #3558, #1211, #5512 ),
 ( #3097, #756, #1704, #3587, #5457, #3293, #869, #895, #3672, #4685, #461, #4132, #3730, #1794, #2317, #27, #5626, #4215, #6029, #1881, #1853, #5654, #952, #6058, #3759, #4629, #4160, #3237, #1822, #4716, #5599, #1384, #2342, #2749, #6084, #490, #5170, #1413, #1354, #3264, #2838, #379, #5569, #3788, #3704, #1912, #2719, #4602, #5143, #2371, #1441, #5203, #406, #2808, #4246, #5083, #5541, #3323, #2258, #923, #6000, #435, #1325, #2289, #3210, #5115, #2778, #4658, #4186, #2931, #3820, #2869, #2501, #5718, #4777, #556, #2007, #5816, #5750, #2437, #4746, #1540, #3421, #5783, #4310, #92, #4867, #3391, #981, #620, #1976, #5264, #523, #3947, #2534, #4806, #1605, #5298, #191, #2038, #3486, #2073, #3852, #5329, #1109, #1077, #4377, #2403, #2469, #4344, #2995, #4278, #1044, #59, #652, #1944, #5687, #4411, #1473, #3356, #1572, #5234, #1013, #589, #2900, #1509, #125, #3883, #2962, #4835, #157, #3914, #3453, #342, #1205, #286, #2108, #1697, #5848, #2567, #805, #4929, #3028, #5964, #3580, #5908, #3145, #255, #5392, #5880, #315, #4041, #3119, #3982, #5450, #4992 ) ),
 .UNSPECIFIED., .T., .F., .F.,
 ( 4, 2, 2, 2, 2, 2, 2, 2, 4 ),
 ( 4, 2, 2, 2, 2, 2, 2, 2, 2, 2, 2, 2, 2, 2, 2, 2, 2, 2, 2, 2, 2, 2, 2, 2, 2, 2, 2, 2, 2, 2, 2, 2, 2, 2, 2, 2, 2, 2, 2, 2, 2, 2, 2, 2, 2, 2, 2, 2, 2, 2, 2, 2, 2, 2, 2, 2, 2, 2, 2, 2, 2, 2, 2, 2, 2, 2, 2, 2, 2, 2, 2, 2, 2, 2, 2, 2, 2, 4 ),
 ( 0.000000000000000000, 0.1250000000000000000, 0.2500000000000000000, 0.3750000000000000000, 0.5000000000000000000, 0.6250000000000000000, 0.7500000000000000000, 0.8750000000000000000, 1.000000000000000000 ),
 ( 0.000000000000000000, 0.02293537602862477653, 0.03440306404293716480, 0.04587075205724955307, 0.05693406602288443585, 0.06799737998851931864, 0.09012400791978908421, 0.1338873713130900589, 0.1777104776079845017, 0.2363799888749228140, 0.2656527158564966906, 0.2949254428380705395, 0.3233973304351067668, 0.3518692180321429386, 0.3528660844690512666, 0.4015154277736653343, 0.4501647710782793466, 0.4986000673676909134, 0.5228177155123967523, 0.5349265395847495608, 0.5470353636571024802, 0.5590122694769990019, 0.5709891752968955236, 0.5829660811167920453, 0.5889545340267403617, 0.5949429869366885670, 0.6005512422895866731, 0.6061594976424847792, 0.6173760083482809913, 0.6285925190540772034, 0.6398090297598734155, 0.6505235711324950376, 0.6612381125051167707, 0.6826671952503600149, 0.6925461171759064172, 0.7024250391014527084, 0.7127705627819214129, 0.7179433246221558207, 0.7231160864623901174, 0.7286883790484774970, 0.7342606716345647655, 0.7398329642206520340, 0.7454052568067394136, 0.7515501346096509216, 0.7576950124125623187, 0.7638398902154737158, 0.7669123291169295253, 0.7699847680183852239, 0.7734276392345147411, 0.7768705104506441472, 0.7837562528829031816, 0.7906419953151622160, 0.7940848665312917332, 0.7975277377474212503, 0.8009136226312292273, 0.8042995075150372042, 0.8110712772826531580, 0.8246148168178849547, 0.8381583563531167513, 0.8449301261207327052, 0.8483160110045406821, 0.8517018958883486590, 0.8537872587745400921, 0.8558726216607316362, 0.8600433474331146133, 0.8683847989778806786, 0.8850677020674126982, 0.9017506051569446068, 0.9100920567017105611, 0.9142627824740936493, 0.9163481453602850824, 0.9184335082464766264, 0.9209824611137742423, 0.9235314139810717471, 0.9286293197156669788, 0.9388251311848574421, 0.9592167541232383687, 1.000000000000000000 ),
 .UNSPECIFIED. ) ;
#3970 = CARTESIAN_POINT ( 'NONE',  ( -51.24372287025334316, -127.1187427534802623, -22.39324589695831946 ) ) ;
#3971 = CARTESIAN_POINT ( 'NONE',  ( -66.36150980472154970, -100.5124036749785148, -21.74367130258195147 ) ) ;
#3972 = CARTESIAN_POINT ( 'NONE',  ( -66.32404269367033578, -96.52667553403502154, -23.33782354779374302 ) ) ;
#3973 = CARTESIAN_POINT ( 'NONE',  ( -60.35868821002360818, -114.8258209765631221, -20.21756560901694399 ) ) ;
#3974 = CARTESIAN_POINT ( 'NONE',  ( -65.82386538115061114, -101.0418442679922038, -20.18440852613849046 ) ) ;
#3975 = CARTESIAN_POINT ( 'NONE',  ( -60.73716613643478723, -95.05202343406043042, -21.91192468500447887 ) ) ;
#3976 = CARTESIAN_POINT ( 'NONE',  ( -45.87218678800596194, -72.39506113893060046, -27.90420653479889879 ) ) ;
#3977 = CARTESIAN_POINT ( 'NONE',  ( -59.76240358066028335, -113.9692695755549323, -26.26839870628574403 ) ) ;
#3978 = CARTESIAN_POINT ( 'NONE',  ( -7.327858314525141914, -32.02292602588068604, -28.91567627068366875 ) ) ;
#3979 = CARTESIAN_POINT ( 'NONE',  ( -57.35619802029731318, -81.43135677826484198, -21.74982250939539341 ) ) ;
#3980 = CARTESIAN_POINT ( 'NONE',  ( -60.65396707929962616, -88.95563640439449671, -20.59237369637522974 ) ) ;
#3981 = CARTESIAN_POINT ( 'NONE',  ( -57.82150230685218162, -83.23496936707783789, -24.66886088516756459 ) ) ;
#3982 = CARTESIAN_POINT ( 'NONE',  ( -45.54660205625992830, -132.5995104946522929, -28.82340113812940174 ) ) ;
#3983 = CARTESIAN_POINT ( 'NONE',  ( -50.69793523805963531, -126.3224331308313566, -28.50045243553321583 ) ) ;
#3984 = CARTESIAN_POINT ( 'NONE',  ( -0.4118674471219698763, -22.05333831323888916, -26.99659768783087799 ) ) ;
#3985 = CARTESIAN_POINT ( 'NONE',  ( -51.01294368638951227, -71.17338219936307553, -23.28695066841342864 ) ) ;
#3986 = CARTESIAN_POINT ( 'NONE',  ( -25.53422498301603838, -56.09866017242276115, -28.81979568187213303 ) ) ;
#3987 = CARTESIAN_POINT ( 'NONE',  ( -48.50933149083495266, -127.2670935757388975, -26.92761266126811748 ) ) ;
#3988 = CARTESIAN_POINT ( 'NONE',  ( -55.12381601996025893, -115.2606717348778034, -24.59352826598513531 ) ) ;
#3989 = CARTESIAN_POINT ( 'NONE',  ( -60.20432044134593497, -87.44571444716348196, -24.73588679030876492 ) ) ;
#3990 = CARTESIAN_POINT ( 'NONE',  ( -2.494631304086665669, -36.42484298168070467, -28.34222453534297159 ) ) ;
#3991 = CARTESIAN_POINT ( 'NONE',  ( -6.308056826260192373, -31.39105518313589016, -30.12561617649739532 ) ) ;
#3992 = CARTESIAN_POINT ( 'NONE',  ( -59.47401998867050565, -116.7623871803554607, -20.49511699261377728 ) ) ;
#3993 = CARTESIAN_POINT ( 'NONE',  ( -57.11272930040293971, -73.24813070323438069, -25.76419773938404134 ) ) ;
#3994 = CARTESIAN_POINT ( 'NONE',  ( -66.58955222476313907, -98.20844374375413111, -20.82947612982758301 ) ) ;
#3995 = CARTESIAN_POINT ( 'NONE',  ( -0.7452319459244084454, -16.81497595300289305, -22.92996360841050674 ) ) ;
#3996 = CARTESIAN_POINT ( 'NONE',  ( -51.01294368638951227, -71.17338219936307553, -23.28695066841342864 ) ) ;
#3997 = CARTESIAN_POINT ( 'NONE',  ( -50.78131021371702758, -123.3075058006377844, -25.19219271585473052 ) ) ;
#3998 = CARTESIAN_POINT ( 'NONE',  ( -59.18902246046213378, -83.87959169923736624, -25.83751778327973980 ) ) ;
#3999 = CARTESIAN_POINT ( 'NONE',  ( -64.61250404003175163, -104.8485269048792503, -19.67514333149708605 ) ) ;
#4000 = CARTESIAN_POINT ( 'NONE',  ( -8.309626788091897254, -39.64003919705516665, -33.67363597722103918 ) ) ;
#4001 = CARTESIAN_POINT ( 'NONE',  ( -32.85837694183875612, -60.90457251043993381, -27.61277175144775242 ) ) ;
#4002 = CARTESIAN_POINT ( 'NONE',  ( -66.84660089663464078, -95.14727850408958432, -21.74427983918536711 ) ) ;
#4003 = CARTESIAN_POINT ( 'NONE',  ( -56.36401550778908387, -122.8643915343313893, -21.50390395152114564 ) ) ;
#4004 = CARTESIAN_POINT ( 'NONE',  ( -65.11338009281330130, -104.3568823487359651, -20.33721301074934829 ) ) ;
#4005 = CARTESIAN_POINT ( 'NONE',  ( -60.13918547091143552, -100.6283246342828761, -22.04650565947467555 ) ) ;
#4006 = CARTESIAN_POINT ( 'NONE',  ( -51.09274576732321549, -75.92917892485247933, -27.30092399195948616 ) ) ;
#4007 = CARTESIAN_POINT ( 'NONE',  ( 1.821125143832097448, -2.740978846847787587, -10.77807243711725249 ) ) ;
#4008 = CARTESIAN_POINT ( 'NONE',  ( -60.55906359997290167, -115.9479535773372731, -20.84647606014572219 ) ) ;
#4009 = CARTESIAN_POINT ( 'NONE',  ( -59.28489571594429464, -105.9012993649888017, -20.80216715821020301 ) ) ;
#4010 = CARTESIAN_POINT ( 'NONE',  ( -42.00769152669742112, -66.98507853235146570, -25.64637008154284104 ) ) ;
#4011 = CARTESIAN_POINT ( 'NONE',  ( 4.380191840295052152, -18.84083940612153185, -20.62126417253619337 ) ) ;
#4012 = DIRECTION ( 'NONE',  ( 1.000000000000000000, 0.000000000000000000, -0.000000000000000000 ) ) ;
#4013 = CARTESIAN_POINT ( 'NONE',  ( -52.50682132846440453, -123.2199615138095368, -27.86006041339453532 ) ) ;
#4014 = CARTESIAN_POINT ( 'NONE',  ( -64.12798976345349899, -105.9626462093987556, -24.41166150771805476 ) ) ;
#4015 = CARTESIAN_POINT ( 'NONE',  ( -54.71947966947762865, -74.85775437012274836, -21.95283663971253318 ) ) ;
#4016 = CARTESIAN_POINT ( 'NONE',  ( -58.42574030514906269, -81.91189286093832322, -20.93075811477243064 ) ) ;
#4017 = CARTESIAN_POINT ( 'NONE',  ( -37.47225150743506106, -67.13395283939259173, -28.67237402807184310 ) ) ;
#4018 = CARTESIAN_POINT ( 'NONE',  ( -53.90721929289016856, -117.7382596254390990, -25.01503135570958136 ) ) ;
#4019 = CARTESIAN_POINT ( 'NONE',  ( -59.63806323310065949, -105.8137379189545584, -24.73048869488218315 ) ) ;
#4020 = CARTESIAN_POINT ( 'NONE',  ( -46.06278234553553830, -72.36756619100212617, -27.08451063845747342 ) ) ;
#4021 = CARTESIAN_POINT ( 'NONE',  ( -0.6902284033471420832, -5.217693266378649497, -4.539218359052332730 ) ) ;
#4022 = CARTESIAN_POINT ( 'NONE',  ( -56.71499156207790548, -72.67366925633484698, -25.04382690143608414 ) ) ;
#4023 = CARTESIAN_POINT ( 'NONE',  ( -46.38598542792636437, -66.01594963349086242, -29.87483674488100149 ) ) ;
#4024 = CARTESIAN_POINT ( 'NONE',  ( 0.5835633988687998208, -13.56580252773945539, -14.13602747589625253 ) ) ;
#4025 = CARTESIAN_POINT ( 'NONE',  ( 4.409557725059585209, -3.646163206662667466, -4.977350367780867479 ) ) ;
#4026 = CARTESIAN_POINT ( 'NONE',  ( -61.88257898930235967, -98.42170053163994226, -24.77857159903128803 ) ) ;
#4027 = CARTESIAN_POINT ( 'NONE',  ( -60.25773478293832142, -116.6033290753292846, -20.94035100764947899 ) ) ;
#4028 = CARTESIAN_POINT ( 'NONE',  ( 0.2510222863040327268, -0.5348474056376473218, -7.088777233821226709 ) ) ;
#4029 = CARTESIAN_POINT ( 'NONE',  ( -60.11980672355745980, -85.24319084461380669, -20.32409117183544822 ) ) ;
#4030 = CC_DESIGN_APPROVAL ( #3371, ( #73 ) ) ;
#4031 = CARTESIAN_POINT ( 'NONE',  ( -46.01177115593839062, -139.3079011746846163, -25.07559305465510491 ) ) ;
#4032 = CARTESIAN_POINT ( 'NONE',  ( -60.76269305017854805, -116.3814917849917663, -21.58823203619884978 ) ) ;
#4033 = CARTESIAN_POINT ( 'NONE',  ( -60.32483388498761911, -99.57929271892849954, -21.99549202569826889 ) ) ;
#4034 = CARTESIAN_POINT ( 'NONE',  ( -37.00084688015154910, -67.10579231064144778, -30.37131672665370985 ) ) ;
#4035 = CARTESIAN_POINT ( 'NONE',  ( 3.641599324831211959, 0.2286884317047236104, -1.354562382943387933 ) ) ;
#4036 = CARTESIAN_POINT ( 'NONE',  ( -53.10767396586700784, -69.70204238243704253, -26.40382595344130934 ) ) ;
#4037 = CARTESIAN_POINT ( 'NONE',  ( -63.16098856114182780, -104.2344672646194823, -25.22895334885453522 ) ) ;
#4038 = CARTESIAN_POINT ( 'NONE',  ( -55.68471244803384934, -125.3878637710839854, -22.42779507399093575 ) ) ;
#4039 = CARTESIAN_POINT ( 'NONE',  ( -59.65451732409896834, -85.69403340331335528, -20.97164456976970115 ) ) ;
#4040 = CARTESIAN_POINT ( 'NONE',  ( -49.25605019104492754, -74.62538309929064440, -26.74651435669997568 ) ) ;
#4041 = CARTESIAN_POINT ( 'NONE',  ( -48.14537335808591223, -128.5507972902922234, -27.88214678110117362 ) ) ;
#4042 = CARTESIAN_POINT ( 'NONE',  ( -40.73781540834382753, -68.35889707648082947, -30.97939722452715117 ) ) ;
#4043 = CARTESIAN_POINT ( 'NONE',  ( -63.22540735337037177, -90.83028046918835230, -25.34186147652271259 ) ) ;
#4044 = CARTESIAN_POINT ( 'NONE',  ( -62.09530669679695336, -111.9276778599754323, -25.00647599689516554 ) ) ;
#4045 = CARTESIAN_POINT ( 'NONE',  ( 0.2898453600473187564, -6.320711879752392015, -5.595325470733708784 ) ) ;
#4046 = CARTESIAN_POINT ( 'NONE',  ( -61.43654006008085133, -99.08179274547295279, -19.61033968337600797 ) ) ;
#4047 = CARTESIAN_POINT ( 'NONE',  ( -49.87481657714823058, -125.0109693742121095, -26.43691635639813597 ) ) ;
#4048 = CARTESIAN_POINT ( 'NONE',  ( -57.75405637544559312, -109.1288063440633067, -23.70662826714530524 ) ) ;
#4049 = CARTESIAN_POINT ( 'NONE',  ( -60.12106232314841492, -104.1314374746079494, -24.57994334390000191 ) ) ;
#4050 = CARTESIAN_POINT ( 'NONE',  ( -49.25605019104492754, -74.62538309929064440, -26.74651435669997568 ) ) ;
#4051 = CARTESIAN_POINT ( 'NONE',  ( -0.1080636609952338734, -8.418169441787545892, -9.166560610851337998 ) ) ;
#4052 = CARTESIAN_POINT ( 'NONE',  ( -49.84305009386768859, -67.49758929588105616, -27.81182253444763930 ) ) ;
#4053 = CARTESIAN_POINT ( 'NONE',  ( 0.4879913223834890790, -7.387524407554406203, -7.138526878635965467 ) ) ;
#4054 = CARTESIAN_POINT ( 'NONE',  ( -59.79508050915892170, -102.2557312613072895, -22.14651882300442054 ) ) ;
#4055 = CARTESIAN_POINT ( 'NONE',  ( -62.07818232768388356, -94.76011656028666152, -24.76631954144579240 ) ) ;
#4056 = CARTESIAN_POINT ( 'NONE',  ( -59.94897322183586397, -117.2633790564815115, -21.03714007870388514 ) ) ;
#4057 = CARTESIAN_POINT ( 'NONE',  ( -52.71911167110285135, -130.0955436646729311, -28.11751083420767827 ) ) ;
#4058 = CARTESIAN_POINT ( 'NONE',  ( -55.39168984680448204, -77.83833751500768017, -21.91794363754522124 ) ) ;
#4059 = CARTESIAN_POINT ( 'NONE',  ( -65.36351940811199768, -105.1788615469882728, -21.96041543013913966 ) ) ;
#4060 = CARTESIAN_POINT ( 'NONE',  ( -62.35934101689012010, -109.8843883763617697, -19.61269383831678326 ) ) ;
#4061 = CARTESIAN_POINT ( 'NONE',  ( -65.89768625226128052, -100.6113338638380554, -20.17175444760129821 ) ) ;
#4062 = CARTESIAN_POINT ( 'NONE',  ( -58.33879126433566853, -107.2839330029940328, -22.60193956360293299 ) ) ;
#4063 = CARTESIAN_POINT ( 'NONE',  ( -11.79808875204740737, -49.42494754933366607, -31.18717122286501464 ) ) ;
#4064 = CARTESIAN_POINT ( 'NONE',  ( -60.16605486524893820, -76.29404294067265369, -23.79481307666558365 ) ) ;
#4065 = CARTESIAN_POINT ( 'NONE',  ( -54.66830479207568771, -124.1107619007032667, -27.97692596136135990 ) ) ;
#4066 = CARTESIAN_POINT ( 'NONE',  ( -65.84934324088582969, -90.64316833819020758, -19.69149609749612395 ) ) ;
#4067 = CARTESIAN_POINT ( 'NONE',  ( -51.59166358516087314, -74.94769884278174743, -23.43635927183798273 ) ) ;
#4068 = CARTESIAN_POINT ( 'NONE',  ( -61.02734420597191445, -97.06503826850651251, -23.52250876058367268 ) ) ;
#4069 = CARTESIAN_POINT ( 'NONE',  ( 2.069295085959760083, -26.79764404239783815, -24.90440018271264933 ) ) ;
#4070 = CARTESIAN_POINT ( 'NONE',  ( -43.98822884406153122, -136.6920988253155542, -30.92440694534497680 ) ) ;
#4071 = CARTESIAN_POINT ( 'NONE',  ( -63.18759836674299635, -99.90387778368300076, -25.17599561086984750 ) ) ;
#4072 = CARTESIAN_POINT ( 'NONE',  ( -64.79596770865761357, -103.3557690052602425, -24.23792766455721193 ) ) ;
#4073 = CARTESIAN_POINT ( 'NONE',  ( -21.66133375980458808, -51.01259117020265421, -29.85465605254287880 ) ) ;
#4074 = CARTESIAN_POINT ( 'NONE',  ( -59.44468051053522828, -107.1313116835531503, -20.16983662631337637 ) ) ;
#4075 = CARTESIAN_POINT ( 'NONE',  ( 0.7664801197551023293, -30.04531687384608318, -26.24135112103154199 ) ) ;
#4076 = CARTESIAN_POINT ( 'NONE',  ( -59.40254489597811016, -104.0775232009233235, -23.17510741970599852 ) ) ;
#4077 = CARTESIAN_POINT ( 'NONE',  ( -61.43903829334614386, -95.78599881373074254, -24.22779164857161760 ) ) ;
#4078 = CARTESIAN_POINT ( 'NONE',  ( -60.37506113026570631, -101.5421033601225673, -23.69317303523423135 ) ) ;
#4079 = CARTESIAN_POINT ( 'NONE',  ( -10.15803760666164202, -37.97543045930484595, -28.60409996202158922 ) ) ;
#4080 = CARTESIAN_POINT ( 'NONE',  ( -61.84271134327784125, -114.8653252189980520, -22.05929761255626431 ) ) ;
#4081 = CARTESIAN_POINT ( 'NONE',  ( -51.74609625843000771, -127.8815530318986049, -22.29330414954715067 ) ) ;
#4082 = CARTESIAN_POINT ( 'NONE',  ( -55.23473105144741879, -114.8489170500270404, -23.63714067400070462 ) ) ;
#4083 = CARTESIAN_POINT ( 'NONE',  ( 3.031375318407914410, 0.5800963541103048016, -4.726664357321945786 ) ) ;
#4084 = CARTESIAN_POINT ( 'NONE',  ( -65.23940916130702306, -102.1855249779728609, -19.53017490765843078 ) ) ;
#4085 = CARTESIAN_POINT ( 'NONE',  ( -52.43678526096654480, -70.77663437667732182, -28.64530642214106138 ) ) ;
#4086 = CARTESIAN_POINT ( 'NONE',  ( -61.04488987509218845, -101.2829652304624659, -19.70567517138535152 ) ) ;
#4087 = PERSON_AND_ORGANIZATION ( #2782, #5590 ) ;
#4088 = CARTESIAN_POINT ( 'NONE',  ( -47.57954538332518979, -137.0665623933493862, -24.51887983074831112 ) ) ;
#4089 = CARTESIAN_POINT ( 'NONE',  ( -23.72200060201214811, -58.46105218871049658, -30.31570473038564373 ) ) ;
#4090 = CARTESIAN_POINT ( 'NONE',  ( -61.43035394589483644, -93.93861261153408293, -24.25520720302077393 ) ) ;
#4091 = CARTESIAN_POINT ( 'NONE',  ( -57.23693403470208096, -73.16427064889531096, -24.85722956407092354 ) ) ;
#4092 = CARTESIAN_POINT ( 'NONE',  ( -62.71360376901893829, -105.8883113287441091, -25.35500396681660362 ) ) ;
#4093 = CARTESIAN_POINT ( 'NONE',  ( -65.93184805651702618, -97.55369022752738317, -19.42987480734757000 ) ) ;
#4094 = CARTESIAN_POINT ( 'NONE',  ( -53.45618073567606388, -119.4241101211897416, -22.73595256089688732 ) ) ;
#4095 = CARTESIAN_POINT ( 'NONE',  ( -60.48293986215488616, -101.0057304377976237, -23.66175848608982335 ) ) ;
#4096 = CARTESIAN_POINT ( 'NONE',  ( 5.159589284573384838, -14.29756880188848278, -17.46545138797746333 ) ) ;
#4097 = CARTESIAN_POINT ( 'NONE',  ( -36.95171189307076531, -66.19275315832307172, -31.84163579922786980 ) ) ;
#4098 = CARTESIAN_POINT ( 'NONE',  ( -58.50306845083319729, -114.7581729123588730, -26.60171512020163931 ) ) ;
#4099 = CARTESIAN_POINT ( 'NONE',  ( -40.25440345889053617, -67.28829091208078239, -31.68165771683842991 ) ) ;
#4100 = CARTESIAN_POINT ( 'NONE',  ( -59.33181298708688445, -80.58458419525896943, -20.37863995430718234 ) ) ;
#4101 = CARTESIAN_POINT ( 'NONE',  ( -60.79372042739934301, -102.4233810424267830, -19.77313949302843810 ) ) ;
#4102 = CARTESIAN_POINT ( 'NONE',  ( -60.78352589916116955, -90.84319837648224905, -23.67996088622468775 ) ) ;
#4103 = CARTESIAN_POINT ( 'NONE',  ( -49.60084790312268410, -125.4701928786391392, -26.53523711411690300 ) ) ;
#4104 = CARTESIAN_POINT ( 'NONE',  ( 3.310217677621307253, 1.082045326050112388, -1.376105198631789817 ) ) ;
#4105 = CARTESIAN_POINT ( 'NONE',  ( -60.93722315088608354, -98.03633387550989653, -23.54172347732509962 ) ) ;
#4106 = CARTESIAN_POINT ( 'NONE',  ( -0.7903581218652904194, -4.898564367711320422, -3.994771217858416268 ) ) ;
#4107 = CARTESIAN_POINT ( 'NONE',  ( -56.75206317023270941, -124.9972073246628952, -23.69425891228175374 ) ) ;
#4108 = CARTESIAN_POINT ( 'NONE',  ( -62.47031406906643980, -101.1004453639281166, -18.79424921941684090 ) ) ;
#4109 = CARTESIAN_POINT ( 'NONE',  ( -58.57510306476364548, -84.99808305942875108, -23.60667618798380119 ) ) ;
#4110 = CARTESIAN_POINT ( 'NONE',  ( -60.69271893509742455, -104.4703038152564574, -25.10835622316470861 ) ) ;
#4111 = CARTESIAN_POINT ( 'NONE',  ( -63.78356394302811339, -107.6890343202162228, -19.89094729484840940 ) ) ;
#4112 = CARTESIAN_POINT ( 'NONE',  ( -64.08063308967049920, -83.75595023952209317, -24.50369139339597169 ) ) ;
#4113 = CARTESIAN_POINT ( 'NONE',  ( -61.00359685873674209, -101.4813329335103589, -19.71643866669306533 ) ) ;
#4114 = DATE_AND_TIME ( #5496, #3234 ) ;
#4115 = CARTESIAN_POINT ( 'NONE',  ( -51.51660752768455609, -70.59098558916664956, -23.46383280343779276 ) ) ;
#4116 = CARTESIAN_POINT ( 'NONE',  ( -0.5641979421033647135, -25.65794151763639519, -28.78942395917486152 ) ) ;
#4117 = CARTESIAN_POINT ( 'NONE',  ( -56.29181304760643911, -113.6559739030886078, -21.77106179161306088 ) ) ;
#4118 = CARTESIAN_POINT ( 'NONE',  ( -49.96810385729810378, -124.6961631670656487, -25.48076002122121153 ) ) ;
#4119 = CARTESIAN_POINT ( 'NONE',  ( -59.37936684382665931, -85.43386192015934455, -25.01369373258711803 ) ) ;
#4120 = CARTESIAN_POINT ( 'NONE',  ( -66.24077986419261777, -100.7627861570663299, -20.87161817146641241 ) ) ;
#4121 = CARTESIAN_POINT ( 'NONE',  ( -11.94659651787694621, -46.18256948738738998, -34.67395006617583419 ) ) ;
#4122 = CARTESIAN_POINT ( 'NONE',  ( -65.48439229817583396, -100.8920717528983175, -19.48304405595816036 ) ) ;
#4123 = CARTESIAN_POINT ( 'NONE',  ( -60.77728936864352960, -99.81018701425870177, -20.37134287741452709 ) ) ;
#4124 = CARTESIAN_POINT ( 'NONE',  ( -60.12791209719281227, -102.6588173831651432, -23.76634532275226519 ) ) ;
#4125 = CARTESIAN_POINT ( 'NONE',  ( -44.21041395528941820, -71.15747370984547615, -27.30737693806633359 ) ) ;
#4126 = CARTESIAN_POINT ( 'NONE',  ( -51.53733113548087630, -74.11275730677414231, -29.07306165170271584 ) ) ;
#4127 = CARTESIAN_POINT ( 'NONE',  ( -53.24217279124179925, -124.9307566593628422, -28.39519121706216254 ) ) ;
#4128 = CARTESIAN_POINT ( 'NONE',  ( -62.52248645147891182, -88.29324591888799034, -19.10274745449070366 ) ) ;
#4129 = CARTESIAN_POINT ( 'NONE',  ( -49.84305009386768859, -67.49758929588105616, -27.81182253444763930 ) ) ;
#4130 = CARTESIAN_POINT ( 'NONE',  ( -50.43526108824625709, -125.8244987651958837, -23.19682965390953910 ) ) ;
#4131 = CARTESIAN_POINT ( 'NONE',  ( -59.62374070917891800, -104.5950137904008841, -23.92046395425298400 ) ) ;
#4132 = CARTESIAN_POINT ( 'NONE',  ( 5.370796127252447150, -8.068074364259082643, -11.79978958451074078 ) ) ;
#4133 = CARTESIAN_POINT ( 'NONE',  ( -51.13762927259139701, -76.08740667369141875, -26.46428409176784768 ) ) ;
#4134 = CARTESIAN_POINT ( 'NONE',  ( -52.27601297234812705, -71.31819909881782849, -23.14543250989054002 ) ) ;
#4135 = CARTESIAN_POINT ( 'NONE',  ( -60.96412278564920939, -116.8241271734356133, -22.33032484809096729 ) ) ;
#4136 = CARTESIAN_POINT ( 'NONE',  ( -63.16870849173498925, -94.45654619282177578, -18.71572194213775475 ) ) ;
#4137 = CARTESIAN_POINT ( 'NONE',  ( -50.15236693960082448, -75.37628095164934905, -25.80272497864608283 ) ) ;
#4138 = CARTESIAN_POINT ( 'NONE',  ( -60.17148969944981474, -106.2652455423215514, -25.26942795602778702 ) ) ;
#4139 = CARTESIAN_POINT ( 'NONE',  ( -36.02810132450383662, -58.91110663625808286, -29.46234730808495428 ) ) ;
#4140 = CARTESIAN_POINT ( 'NONE',  ( -64.53011033791648288, -106.4913228341218456, -23.69734859916291114 ) ) ;
#4141 = CARTESIAN_POINT ( 'NONE',  ( -44.72173862720226367, -67.72425948878090196, -24.97205194530476646 ) ) ;
#4142 = PERSON_AND_ORGANIZATION ( #2782, #5590 ) ;
#4143 = CARTESIAN_POINT ( 'NONE',  ( -48.31826780491714857, -67.68663711311380382, -24.83051770202605368 ) ) ;
#4144 = CARTESIAN_POINT ( 'NONE',  ( -54.53167148920294238, -124.3521022588779061, -28.02399326612160024 ) ) ;
#4145 = CARTESIAN_POINT ( 'NONE',  ( 3.234579956063568851, -2.310604285602511965, -1.274067821993060567 ) ) ;
#4146 = CARTESIAN_POINT ( 'NONE',  ( -61.32775892229710735, -92.48590045030253748, -24.30784140464251664 ) ) ;
#4147 = CARTESIAN_POINT ( 'NONE',  ( -55.64528357105945133, -71.71938475896558884, -25.43243267073560432 ) ) ;
#4148 = CARTESIAN_POINT ( 'NONE',  ( -64.30968876149309210, -85.90707614350544929, -24.87959095075602889 ) ) ;
#4149 = CARTESIAN_POINT ( 'NONE',  ( -1.120387517313942372, -6.657023052505844696, -8.889881337092431224 ) ) ;
#4150 = CARTESIAN_POINT ( 'NONE',  ( -58.92761583390958435, -106.9996463430689175, -20.91351225857956919 ) ) ;
#4151 = CARTESIAN_POINT ( 'NONE',  ( -58.22742474021846704, -108.8824953783943954, -24.36936931178148669 ) ) ;
#4152 = CARTESIAN_POINT ( 'NONE',  ( -18.41828655687732663, -54.85042377193588692, -30.99354143707735432 ) ) ;
#4153 = CARTESIAN_POINT ( 'NONE',  ( -60.09654305563535814, -82.60793192265558105, -26.51261516179441102 ) ) ;
#4154 = CARTESIAN_POINT ( 'NONE',  ( -48.60396063685293200, -132.5088477306724997, -30.03478499026147830 ) ) ;
#4155 = CARTESIAN_POINT ( 'NONE',  ( -64.20520438006388986, -91.64585525075678163, -25.14014064517839131 ) ) ;
#4156 = CARTESIAN_POINT ( 'NONE',  ( -60.61698348705729700, -107.9142046325184623, -19.30139988006393992 ) ) ;
#4157 = CARTESIAN_POINT ( 'NONE',  ( -42.31066569452185178, -63.06651426856443976, -30.55745700619842253 ) ) ;
#4158 = CARTESIAN_POINT ( 'NONE',  ( -57.79374494579192145, -111.5298343578374016, -20.69240441987086498 ) ) ;
#4159 = CARTESIAN_POINT ( 'NONE',  ( -61.00191201092679449, -97.37464458063128347, -23.52763947048332938 ) ) ;
#4160 = CARTESIAN_POINT ( 'NONE',  ( -12.36848833393113267, -49.40105319459868127, -30.55250077628875971 ) ) ;
#4161 = CARTESIAN_POINT ( 'NONE',  ( -55.30832844669869530, -79.97063898937531690, -25.42659794484930913 ) ) ;
#4162 = CARTESIAN_POINT ( 'NONE',  ( -59.31594186899352650, -112.8918531641930798, -26.33496398908073743 ) ) ;
#4163 = CARTESIAN_POINT ( 'NONE',  ( -43.05852647721762594, -63.84276436773142649, -26.58849447078933892 ) ) ;
#4164 = CARTESIAN_POINT ( 'NONE',  ( -61.51483912235449480, -115.6094674536688416, -22.15985709114161040 ) ) ;
#4165 = CARTESIAN_POINT ( 'NONE',  ( -54.71947966947762865, -74.85775437012274836, -21.95283663971253318 ) ) ;
#4166 = CARTESIAN_POINT ( 'NONE',  ( 5.192970253775258449, -8.861937469161714986, -11.54863376123073415 ) ) ;
#4167 = CARTESIAN_POINT ( 'NONE',  ( -54.38891778087866413, -119.7903233409563057, -27.20257475195985464 ) ) ;
#4168 = CARTESIAN_POINT ( 'NONE',  ( -54.24132129036956229, -127.8549472511658678, -22.91345157442510327 ) ) ;
#4169 = CARTESIAN_POINT ( 'NONE',  ( -52.74434758729569239, -70.97786635634844288, -28.54336296460000000 ) ) ;
#4170 = CARTESIAN_POINT ( 'NONE',  ( -50.85693078928913025, -125.1171754136136371, -23.04894871651172394 ) ) ;
#4171 = COORDINATED_UNIVERSAL_TIME_OFFSET ( 8, 0, .AHEAD. ) ;
#4172 = CARTESIAN_POINT ( 'NONE',  ( -63.80172170052195213, -90.95301229490438288, -18.74604990079106770 ) ) ;
#4173 = CARTESIAN_POINT ( 'NONE',  ( -55.46816074538767083, -122.6763581279798530, -27.70234097906046244 ) ) ;
#4174 = CARTESIAN_POINT ( 'NONE',  ( 2.789839485883877312, -22.23083429191407490, -21.06752893035841012 ) ) ;
#4175 = CARTESIAN_POINT ( 'NONE',  ( -61.44074254982405847, -94.23932268295729386, -24.24779770436173720 ) ) ;
#4176 = CARTESIAN_POINT ( 'NONE',  ( -55.32157158408860909, -127.4774466024760926, -24.17294097115685503 ) ) ;
#4177 = CARTESIAN_POINT ( 'NONE',  ( -41.41922503467775840, -66.06309825777950095, -32.00145705947524988 ) ) ;
#4178 = CARTESIAN_POINT ( 'NONE',  ( -33.42221800825826250, -57.49019684732898128, -29.80122083500344843 ) ) ;
#4179 = CARTESIAN_POINT ( 'NONE',  ( -57.29791755162905531, -111.3400246138371017, -21.43803201990026608 ) ) ;
#4180 = CARTESIAN_POINT ( 'NONE',  ( -61.06883953180935976, -93.37457997584144209, -23.55449344711691850 ) ) ;
#4181 = CARTESIAN_POINT ( 'NONE',  ( -16.05449542753289194, -52.89359601034081493, -30.82681879989143070 ) ) ;
#4182 = CARTESIAN_POINT ( 'NONE',  ( -62.37114824682795700, -87.38750755567990325, -25.69623239915743440 ) ) ;
#4183 = CARTESIAN_POINT ( 'NONE',  ( 3.069830247359510267, -1.334640142851373223, -8.502036136613920547 ) ) ;
#4184 = CARTESIAN_POINT ( 'NONE',  ( -50.57669918131556130, -125.5880825562179552, -23.14719010772124008 ) ) ;
#4185 = CARTESIAN_POINT ( 'NONE',  ( -46.06278234553553830, -72.36756619100212617, -27.08451063845747342 ) ) ;
#4186 = CARTESIAN_POINT ( 'NONE',  ( -60.00171869265903979, -87.75395369831822734, -23.96893207133815551 ) ) ;
#4187 = CARTESIAN_POINT ( 'NONE',  ( 2.638435539033768595, -25.57140144656811742, -25.99724523283986599 ) ) ;
#4188 = CARTESIAN_POINT ( 'NONE',  ( 4.801202030932974374, -2.765609227329945519, -6.403039755858333848 ) ) ;
#4189 = CARTESIAN_POINT ( 'NONE',  ( -63.51950372918830112, -96.74929470031449341, -25.12225698996073220 ) ) ;
#4190 = CARTESIAN_POINT ( 'NONE',  ( -63.50850928055236722, -88.98941971941317775, -18.90620416785297664 ) ) ;
#4191 = CARTESIAN_POINT ( 'NONE',  ( -55.76132440073605778, -126.7265816014299702, -24.02549582316562748 ) ) ;
#4192 = CARTESIAN_POINT ( 'NONE',  ( -61.03293083915123418, -106.6545056718290425, -19.17939255329614667 ) ) ;
#4193 = AXIS2_PLACEMENT_3D ( 'NONE', #2221, #3091, #2165 ) ;
#4194 = CARTESIAN_POINT ( 'NONE',  ( -16.58135576974583358, -52.79704514728150144, -30.16835670630563015 ) ) ;
#4195 = CARTESIAN_POINT ( 'NONE',  ( -43.97727999664579812, -71.24566017765729953, -28.11820233410687564 ) ) ;
#4196 = CARTESIAN_POINT ( 'NONE',  ( -60.80088667965670624, -104.0657766841063534, -25.07584651226201800 ) ) ;
#4197 = CARTESIAN_POINT ( 'NONE',  ( -17.32831622031806873, -45.58024312175560766, -31.92581253326399349 ) ) ;
#4198 = CARTESIAN_POINT ( 'NONE',  ( -65.42695688262503495, -87.48571205870254630, -23.92794538888522382 ) ) ;
#4199 = CARTESIAN_POINT ( 'NONE',  ( -49.71269922667762842, -127.0168833207574721, -23.45152308603880087 ) ) ;
#4200 = APPROVAL_STATUS ( 'not_yet_approved' ) ;
#4201 = CARTESIAN_POINT ( 'NONE',  ( -21.76493845810910344, -50.33852439218246388, -30.44436841545581629 ) ) ;
#4202 = CARTESIAN_POINT ( 'NONE',  ( -55.72582044186768968, -122.2043464771106613, -27.61431952812775492 ) ) ;
#4203 = CARTESIAN_POINT ( 'NONE',  ( -48.69233114712267962, -127.6689905929744526, -24.40934687000669356 ) ) ;
#4204 = CARTESIAN_POINT ( 'NONE',  ( -56.68292148328960423, -113.6036575694865007, -25.70264982019271827 ) ) ;
#4205 = CARTESIAN_POINT ( 'NONE',  ( -56.19205309732807052, -125.9815251407025158, -23.88140616196318078 ) ) ;
#4206 = CARTESIAN_POINT ( 'NONE',  ( -45.32485079624429858, -68.03716583991798927, -31.01795492899727336 ) ) ;
#4207 = CARTESIAN_POINT ( 'NONE',  ( -2.564401282032139129, -2.181222469418088838, -1.209693649336434307 ) ) ;
#4208 = CARTESIAN_POINT ( 'NONE',  ( -58.68895528050145316, -107.6977684353929732, -20.98888345566928848 ) ) ;
#4209 = CARTESIAN_POINT ( 'NONE',  ( -42.40396138430828188, -70.03214748758409769, -27.58834333493420488 ) ) ;
#4210 = CARTESIAN_POINT ( 'NONE',  ( -53.17219122511356488, -125.0519594078579644, -28.41963490611677301 ) ) ;
#4211 = CARTESIAN_POINT ( 'NONE',  ( -64.11941103584724999, -99.31805581870190736, -24.99489993595959447 ) ) ;
#4212 = CARTESIAN_POINT ( 'NONE',  ( -55.14381700483085069, -127.9497600659530150, -25.15081473763868658 ) ) ;
#4213 = CARTESIAN_POINT ( 'NONE',  ( -13.77121804256901072, -46.89822037566715096, -28.91255518923744461 ) ) ;
#4214 = CARTESIAN_POINT ( 'NONE',  ( -48.41393811270386038, -74.00321865633668494, -26.84432157349613135 ) ) ;
#4215 = CARTESIAN_POINT ( 'NONE',  ( 2.069295085959760083, -26.79764404239783815, -24.90440018271264933 ) ) ;
#4216 = CARTESIAN_POINT ( 'NONE',  ( -54.50387829197977396, -118.1669766737701508, -26.45116014139451721 ) ) ;
#4217 = CARTESIAN_POINT ( 'NONE',  ( 5.612635401754476838, -11.35842078064543159, -16.03935283478323015 ) ) ;
#4218 = CARTESIAN_POINT ( 'NONE',  ( -63.43992847579646366, -97.83152553783577332, -25.12843470826383552 ) ) ;
#4219 = CARTESIAN_POINT ( 'NONE',  ( -59.82037352166204158, -79.81393195860221113, -20.43370651952314176 ) ) ;
#4220 = CARTESIAN_POINT ( 'NONE',  ( -63.08415269429679029, -96.59527265275188768, -18.68987613217879229 ) ) ;
#4221 = CARTESIAN_POINT ( 'NONE',  ( -42.66620803459853306, -69.90246928761618506, -26.78337745715889895 ) ) ;
#4222 = CARTESIAN_POINT ( 'NONE',  ( -51.04366591968239675, -122.8511068772575499, -25.09937892170571061 ) ) ;
#4223 = CARTESIAN_POINT ( 'NONE',  ( -22.58321593291848828, -57.41762819554912767, -34.00064023154867954 ) ) ;
#4224 = CARTESIAN_POINT ( 'NONE',  ( -1.318498591763727079, -5.567533948462851434, -7.330265081041343223 ) ) ;
#4225 = CARTESIAN_POINT ( 'NONE',  ( -61.65426286308593973, -114.3872073547534427, -24.54627216590735372 ) ) ;
#4226 = CARTESIAN_POINT ( 'NONE',  ( -45.21833520260472739, -134.0186746047475310, -25.05547690361642310 ) ) ;
#4227 = CARTESIAN_POINT ( 'NONE',  ( -1.404325019957574749, -17.23594183914291023, -22.45032534993144679 ) ) ;
#4228 = CARTESIAN_POINT ( 'NONE',  ( -4.523649139829542420, -28.32657891496096525, -24.79067619776495235 ) ) ;
#4229 = CARTESIAN_POINT ( 'NONE',  ( -0.8530023935563325610, -7.339543696471356959, -12.36483862929346067 ) ) ;
#4230 = CARTESIAN_POINT ( 'NONE',  ( 1.725229230286791759, -2.313541538151099086, -10.19891054507565720 ) ) ;
#4231 = CARTESIAN_POINT ( 'NONE',  ( -2.860928561598313991, -35.28716538223847010, -26.73310275615347464 ) ) ;
#4232 = CARTESIAN_POINT ( 'NONE',  ( -44.69044825192108306, -134.5420094348980911, -29.95863917452080116 ) ) ;
#4233 = CARTESIAN_POINT ( 'NONE',  ( -56.33350116626223780, -125.7345083490076547, -23.83404088265271170 ) ) ;
#4234 = CARTESIAN_POINT ( 'NONE',  ( -23.24419013886715746, -55.17502069708422141, -34.95454546232243587 ) ) ;
#4235 = CARTESIAN_POINT ( 'NONE',  ( -26.05499888097737227, -52.89185732263945994, -31.13484084109393280 ) ) ;
#4236 = CARTESIAN_POINT ( 'NONE',  ( -49.98347190731274736, -67.53876107670470219, -26.98312658835711986 ) ) ;
#4237 = CARTESIAN_POINT ( 'NONE',  ( -41.24071905875447897, -68.31204773946369357, -26.44719462617869965 ) ) ;
#4238 = APPLICATION_PROTOCOL_DEFINITION ( 'international standard', 'config_control_design', 1994, #1127 ) ;
#4239 = CARTESIAN_POINT ( 'NONE',  ( -55.69944922165987578, -80.41013823608714972, -25.31004556830302121 ) ) ;
#4240 = CARTESIAN_POINT ( 'NONE',  ( -4.752932772557969088, -38.40406851294194013, -32.47771610324114278 ) ) ;
#4241 = CARTESIAN_POINT ( 'NONE',  ( -63.77096811422521228, -101.4979372588198032, -25.07019903825509743 ) ) ;
#4242 = CARTESIAN_POINT ( 'NONE',  ( -51.25722031562816028, -134.2142245437114809, -26.48125481774479439 ) ) ;
#4243 = CARTESIAN_POINT ( 'NONE',  ( 1.247402849188760099, -22.46526091799083247, -20.37894355041006378 ) ) ;
#4244 = CARTESIAN_POINT ( 'NONE',  ( -66.84660089663464078, -95.14727850408958432, -21.74427983918536711 ) ) ;
#4245 = CARTESIAN_POINT ( 'NONE',  ( -58.48802888598972061, -108.1628720201355947, -24.28411325835676848 ) ) ;
#4246 = CARTESIAN_POINT ( 'NONE',  ( -51.90038634830611386, -76.71893968746051939, -26.31094416538809355 ) ) ;
#4247 = CARTESIAN_POINT ( 'NONE',  ( 3.983610228700102507, -0.4579937176033364032, -2.664976407497044342 ) ) ;
#4248 = CARTESIAN_POINT ( 'NONE',  ( -60.28945762596165991, -110.4827572644104521, -26.02151732759263680 ) ) ;
#4249 = CARTESIAN_POINT ( 'NONE',  ( -53.05027856188861080, -72.05636432839089878, -22.84073215357908992 ) ) ;
#4250 = CARTESIAN_POINT ( 'NONE',  ( -51.46302575219172581, -126.7561813563934123, -22.31715119042126716 ) ) ;
#4251 = CARTESIAN_POINT ( 'NONE',  ( -57.75405637544559312, -109.1288063440633067, -23.70662826714530524 ) ) ;
#4252 = CARTESIAN_POINT ( 'NONE',  ( -46.68528580725243415, -130.0109616263001442, -26.66118963769436689 ) ) ;
#4253 = CARTESIAN_POINT ( 'NONE',  ( -58.21947766702385252, -82.41849095372143097, -26.14120941596178227 ) ) ;
#4254 = CARTESIAN_POINT ( 'NONE',  ( -7.562243234177833173, -43.85541699966866958, -32.85254126278835685 ) ) ;
#4255 = CARTESIAN_POINT ( 'NONE',  ( -53.24217279124179925, -124.9307566593628422, -28.39519121706216254 ) ) ;
#4256 = CARTESIAN_POINT ( 'NONE',  ( -53.94687790037134789, -71.19430114639138196, -23.62074775398850335 ) ) ;
#4257 = CARTESIAN_POINT ( 'NONE',  ( -62.58197971962205486, -112.1385756258459452, -24.26053406606582996 ) ) ;
#4258 = CARTESIAN_POINT ( 'NONE',  ( -47.88060739814181233, -129.9493839488519882, -24.10162889449559387 ) ) ;
#4259 = CARTESIAN_POINT ( 'NONE',  ( -6.308056826260192373, -31.39105518313589016, -30.12561617649739532 ) ) ;
#4260 = CARTESIAN_POINT ( 'NONE',  ( -61.75330744233619384, -107.1009448362651852, -19.03809090890516131 ) ) ;
#4261 = CARTESIAN_POINT ( 'NONE',  ( -6.817957570392666256, -31.70699060450828810, -29.52064622359053203 ) ) ;
#4262 = CARTESIAN_POINT ( 'NONE',  ( -64.71868083066964061, -87.13352635798659662, -24.70516607764304595 ) ) ;
#4263 = CARTESIAN_POINT ( 'NONE',  ( 4.467033944557771363, -6.880971786783032229, -8.194045509169757935 ) ) ;
#4264 = CARTESIAN_POINT ( 'NONE',  ( 1.419493867757305017, -28.92715707345418608, -27.40023245449237876 ) ) ;
#4265 = CARTESIAN_POINT ( 'NONE',  ( -53.63511898579315584, -130.2790916416026619, -24.74346508376249076 ) ) ;
#4266 = CARTESIAN_POINT ( 'NONE',  ( -62.87120825519597389, -109.8772200201687781, -24.77125081879955815 ) ) ;
#4267 = CARTESIAN_POINT ( 'NONE',  ( -63.08415269429679029, -96.59527265275188768, -18.68987613217879229 ) ) ;
#4268 = CARTESIAN_POINT ( 'NONE',  ( -58.43197483614218868, -75.69725182505568739, -21.97743776887989142 ) ) ;
#4269 = CARTESIAN_POINT ( 'NONE',  ( -63.29950732502677369, -81.32322180445666504, -21.72667147478878036 ) ) ;
#4270 = CARTESIAN_POINT ( 'NONE',  ( 3.987659465244663970, -4.450231924121268889, -4.861380142092007084 ) ) ;
#4271 = PERSON_AND_ORGANIZATION ( #2782, #5590 ) ;
#4272 = CARTESIAN_POINT ( 'NONE',  ( -51.82787096296198115, -122.3682571429477264, -26.56653775665118644 ) ) ;
#4273 = CARTESIAN_POINT ( 'NONE',  ( -64.06600347361572290, -90.69660094977518838, -25.20986347644914716 ) ) ;
#4274 = CARTESIAN_POINT ( 'NONE',  ( -64.27946821687984880, -92.30043606980440529, -25.09935660780247346 ) ) ;
#4275 = CARTESIAN_POINT ( 'NONE',  ( -51.59166358516087314, -74.94769884278174743, -23.43635927183798273 ) ) ;
#4276 = CARTESIAN_POINT ( 'NONE',  ( -66.78545597162177216, -96.73563948457541528, -21.71322635954956226 ) ) ;
#4277 = CARTESIAN_POINT ( 'NONE',  ( 3.622631505573179922, -0.6220934500396986255, -1.328974262891565727 ) ) ;
#4278 = CARTESIAN_POINT ( 'NONE',  ( -58.96401535857923903, -106.7592888162167526, -24.12985330816365348 ) ) ;
#4279 = CARTESIAN_POINT ( 'NONE',  ( -58.96401535857923903, -106.7592888162167526, -24.12985330816365348 ) ) ;
#4280 = CARTESIAN_POINT ( 'NONE',  ( -56.91505638746662044, -114.6548536853311617, -26.33591428793723566 ) ) ;
#4281 = CARTESIAN_POINT ( 'NONE',  ( -54.67544001521554264, -122.8669098146252452, -21.29253827203513794 ) ) ;
#4282 = CARTESIAN_POINT ( 'NONE',  ( -58.16103296176767401, -114.1117864748582065, -20.06522418061555157 ) ) ;
#4283 = CARTESIAN_POINT ( 'NONE',  ( -60.72666242672596582, -93.10938088202024687, -22.84298716975697374 ) ) ;
#4284 = CARTESIAN_POINT ( 'NONE',  ( -16.58135576974583358, -52.79704514728150144, -30.16835670630563015 ) ) ;
#4285 = CARTESIAN_POINT ( 'NONE',  ( -62.04680165161381922, -96.39420683553875335, -24.75193622645835134 ) ) ;
#4286 = CARTESIAN_POINT ( 'NONE',  ( -61.75640960612314245, -85.77772786317446219, -25.92978043282494838 ) ) ;
#4287 = CARTESIAN_POINT ( 'NONE',  ( -53.38134609937421970, -124.6888998544325631, -28.34661235787982037 ) ) ;
#4288 = CARTESIAN_POINT ( 'NONE',  ( -57.01796239622447615, -74.14287363964325550, -22.47867792821955391 ) ) ;
#4289 = CARTESIAN_POINT ( 'NONE',  ( -56.69510583888934718, -124.3706058564680887, -26.15805939673938951 ) ) ;
#4290 = CARTESIAN_POINT ( 'NONE',  ( -59.80718173185192654, -106.0156481712172649, -20.05927280070728003 ) ) ;
#4291 = CARTESIAN_POINT ( 'NONE',  ( -42.31066569452185178, -63.06651426856443976, -30.55745700619842253 ) ) ;
#4292 = CARTESIAN_POINT ( 'NONE',  ( -58.38346701373675529, -115.6133349001002557, -20.07069247449723193 ) ) ;
#4293 = CARTESIAN_POINT ( 'NONE',  ( -45.32485079624429858, -68.03716583991798927, -31.01795492899727336 ) ) ;
#4294 = CARTESIAN_POINT ( 'NONE',  ( -60.44004919654867081, -90.77666322741571037, -22.06453537122736819 ) ) ;
#4295 = CARTESIAN_POINT ( 'NONE',  ( -51.57090071746466009, -123.5567984591389461, -27.47934779846999120 ) ) ;
#4296 = CARTESIAN_POINT ( 'NONE',  ( -61.26765131741878179, -116.1596544946542338, -22.23611306474822413 ) ) ;
#4297 = CARTESIAN_POINT ( 'NONE',  ( -65.77704634755708923, -96.55054952924996314, -24.07132891093482741 ) ) ;
#4298 = CARTESIAN_POINT ( 'NONE',  ( -60.08998021631436615, -109.4037581703750419, -19.45960695591421796 ) ) ;
#4299 = CARTESIAN_POINT ( 'NONE',  ( -64.92775434275785074, -100.3620966035065294, -18.95988408410160631 ) ) ;
#4300 = CARTESIAN_POINT ( 'NONE',  ( -25.42733125634210367, -52.73461758742746497, -32.71214221005044465 ) ) ;
#4301 = LOCAL_TIME ( 23, 45, 24.00000000000000000, #360 ) ;
#4302 = CARTESIAN_POINT ( 'NONE',  ( -52.08303053370363500, -76.75105035084591520, -24.58087217368527888 ) ) ;
#4303 = CARTESIAN_POINT ( 'NONE',  ( -50.20984108564871207, -125.1610871055782752, -27.14064821810608663 ) ) ;
#4304 = CARTESIAN_POINT ( 'NONE',  ( -56.08498762558757278, -114.0489642463931261, -25.08524759137066340 ) ) ;
#4305 = CARTESIAN_POINT ( 'NONE',  ( -58.31349449956595521, -78.87655711217934140, -27.31874077037424442 ) ) ;
#4306 = CARTESIAN_POINT ( 'NONE',  ( -48.95654322135130343, -66.73075100367817925, -26.70153123149895080 ) ) ;
#4307 = CARTESIAN_POINT ( 'NONE',  ( -52.56295864007852714, -75.89818714709531378, -23.17848559769829819 ) ) ;
#4308 = CARTESIAN_POINT ( 'NONE',  ( -66.59826378127746693, -98.80731156516883118, -21.71316913209992450 ) ) ;
#4309 = CARTESIAN_POINT ( 'NONE',  ( -50.62751043802403217, -124.4529721114528087, -26.99161574384863016 ) ) ;
#4310 = CARTESIAN_POINT ( 'NONE',  ( -61.06972327800796307, -96.42038646550695091, -23.51613077149948694 ) ) ;
#4311 = CARTESIAN_POINT ( 'NONE',  ( 4.170723168075395115, -20.59812230431082369, -22.50631572585559326 ) ) ;
#4312 = CARTESIAN_POINT ( 'NONE',  ( -57.46216363161521201, -113.4332387991652382, -26.15151523499274688 ) ) ;
#4313 = CARTESIAN_POINT ( 'NONE',  ( 0.2510222863040327268, -0.5348474056376473218, -7.088777233821226709 ) ) ;
#4314 = CARTESIAN_POINT ( 'NONE',  ( -57.26655808891079147, -117.9410360437886851, -20.43197783607054063 ) ) ;
#4315 = LOCAL_TIME ( 23, 45, 24.00000000000000000, #2792 ) ;
#4316 = UNCERTAINTY_MEASURE_WITH_UNIT (LENGTH_MEASURE( 1.000000000000000082E-05 ), #581, 'distance_accuracy_value', 'NONE');
#4317 = CARTESIAN_POINT ( 'NONE',  ( 1.978401362898310145, -6.517812533440555889, -5.673016000293710448 ) ) ;
#4318 = CARTESIAN_POINT ( 'NONE',  ( -58.50442571171935668, -107.0147472164299103, -23.46092162535788717 ) ) ;
#4319 = CARTESIAN_POINT ( 'NONE',  ( -60.08781435731826548, -89.06558764430924668, -23.09871456119075006 ) ) ;
#4320 = CARTESIAN_POINT ( 'NONE',  ( -54.66514412513919297, -78.32888374132836873, -27.22332793875471424 ) ) ;
#4321 = CARTESIAN_POINT ( 'NONE',  ( -49.44854051121758687, -72.85015748681003345, -29.48622626510194777 ) ) ;
#4322 = CARTESIAN_POINT ( 'NONE',  ( -63.93921755653995831, -104.8894517552507608, -19.18032613546293419 ) ) ;
#4323 = CARTESIAN_POINT ( 'NONE',  ( -53.13344919708740122, -130.4230479648842049, -27.36997333245487596 ) ) ;
#4324 = CARTESIAN_POINT ( 'NONE',  ( 3.080391623677981805, -14.11551507326814736, -14.44209077845948741 ) ) ;
#4325 = CARTESIAN_POINT ( 'NONE',  ( -1.910692792313844590, -1.365717877700835414, -4.934440462958349372 ) ) ;
#4326 = CARTESIAN_POINT ( 'NONE',  ( -59.75551533890240563, -112.5045105401743939, -19.63600687587276283 ) ) ;
#4327 = CARTESIAN_POINT ( 'NONE',  ( -49.30827474060114923, -69.93668171679316004, -29.93563000425836051 ) ) ;
#4328 = CARTESIAN_POINT ( 'NONE',  ( -54.57037722094659671, -79.22362667773252554, -23.93780812758786425 ) ) ;
#4329 = CARTESIAN_POINT ( 'NONE',  ( -3.540563272506250136, -38.77585185485398966, -30.46899505590352675 ) ) ;
#4330 = CARTESIAN_POINT ( 'NONE',  ( -4.585932991970797623, -26.23606213765821593, -26.29840310194789410 ) ) ;
#4331 = CARTESIAN_POINT ( 'NONE',  ( -65.76968703566740260, -93.17923150864135096, -24.16902656065677490 ) ) ;
#4332 = CARTESIAN_POINT ( 'NONE',  ( 2.167484487754945732, -7.646222819946316918, -7.231490423447697324 ) ) ;
#4333 = CARTESIAN_POINT ( 'NONE',  ( -66.08580044852196522, -99.17517259278859854, -23.34429935093860919 ) ) ;
#4334 = CARTESIAN_POINT ( 'NONE',  ( -63.57746378309621349, -84.08848511723010688, -19.95620823268426491 ) ) ;
#4335 = CARTESIAN_POINT ( 'NONE',  ( -53.44998042477745059, -70.08171496147360813, -25.44950971351425650 ) ) ;
#4336 = CARTESIAN_POINT ( 'NONE',  ( -47.12409855838598816, -72.43838538506140878, -25.40960797393872994 ) ) ;
#4337 = CARTESIAN_POINT ( 'NONE',  ( -59.94027594357370958, -103.4219280987763483, -23.82306954709947178 ) ) ;
#4338 = CARTESIAN_POINT ( 'NONE',  ( -46.11367378178298537, -70.24767337965565162, -30.47722600913454372 ) ) ;
#4339 = CARTESIAN_POINT ( 'NONE',  ( -62.15532374622041090, -113.1955284608688288, -24.39101231312862694 ) ) ;
#4340 = CARTESIAN_POINT ( 'NONE',  ( -53.49486393004502816, -70.23994271031256176, -24.61286981332047574 ) ) ;
#4341 = CARTESIAN_POINT ( 'NONE',  ( -55.04459598091833783, -78.48678339034842111, -22.46987214279268130 ) ) ;
#4342 = CARTESIAN_POINT ( 'NONE',  ( -61.18746731270285011, -116.5418594964688452, -23.17186330661358085 ) ) ;
#4343 = CARTESIAN_POINT ( 'NONE',  ( -51.82787096296198115, -122.3682571429477264, -26.56653775665118644 ) ) ;
#4344 = CARTESIAN_POINT ( 'NONE',  ( -59.18337934245271015, -106.0722478046345287, -24.05938542929333224 ) ) ;
#4345 = CARTESIAN_POINT ( 'NONE',  ( -15.52763508531995740, -52.99014687340012841, -31.48528089347723480 ) ) ;
#4346 = CARTESIAN_POINT ( 'NONE',  ( -55.72586672617658365, -117.1687520315595350, -26.74127043625856359 ) ) ;
#4347 = CARTESIAN_POINT ( 'NONE',  ( -50.90926396745042837, -69.86454192606086622, -29.15555405230990971 ) ) ;
#4348 = CARTESIAN_POINT ( 'NONE',  ( -58.48933377807363598, -115.3835763760310869, -20.03667875060592252 ) ) ;
#4349 = CARTESIAN_POINT ( 'NONE',  ( -54.30048400109250650, -121.8388161807892232, -21.34326270220818600 ) ) ;
#4350 = CARTESIAN_POINT ( 'NONE',  ( -58.83659455686068895, -105.9921736147600768, -23.35346911341992282 ) ) ;
#4351 = CARTESIAN_POINT ( 'NONE',  ( -60.65433705145509435, -92.25459657151816373, -22.87727235503555079 ) ) ;
#4352 = CARTESIAN_POINT ( 'NONE',  ( -61.46472379785822682, -101.1463126088221856, -24.88393292156549208 ) ) ;
#4353 = CARTESIAN_POINT ( 'NONE',  ( -44.99999999999995026, -138.0000000000000568, -28.00000000000003197 ) ) ;
#4354 = CARTESIAN_POINT ( 'NONE',  ( -52.37796185906680790, -74.69033715644621907, -28.87309265992344010 ) ) ;
#4355 = CARTESIAN_POINT ( 'NONE',  ( -53.65677715025620387, -124.2075158438721871, -28.25069537005890652 ) ) ;
#4356 = CARTESIAN_POINT ( 'NONE',  ( -61.75227055405650134, -111.4942984957819050, -19.79135366062658008 ) ) ;
#4357 = CARTESIAN_POINT ( 'NONE',  ( -0.3764142220542954775, -14.63816323273179165, -21.34065254955082125 ) ) ;
#4358 = CARTESIAN_POINT ( 'NONE',  ( -53.13344919708740122, -130.4230479648842049, -27.36997333245487596 ) ) ;
#4359 = CARTESIAN_POINT ( 'NONE',  ( -55.95378617678235145, -126.5671558723849017, -24.87848242976313529 ) ) ;
#4360 = CARTESIAN_POINT ( 'NONE',  ( -60.08315616163849171, -111.7047466567330218, -19.53459560423994290 ) ) ;
#4361 = CARTESIAN_POINT ( 'NONE',  ( -58.70413172499566201, -76.99348971627679816, -26.96115318905826541 ) ) ;
#4362 = CARTESIAN_POINT ( 'NONE',  ( -45.39671648804719695, -71.10318459005132752, -25.66053658804483462 ) ) ;
#4363 = CARTESIAN_POINT ( 'NONE',  ( 4.662185004802332777, -2.300261440587082262, -7.113556705306090855 ) ) ;
#4364 = CARTESIAN_POINT ( 'NONE',  ( -64.70737006989634210, -85.46906167435400903, -20.26806492549865624 ) ) ;
#4365 = CARTESIAN_POINT ( 'NONE',  ( -65.68690236166339957, -92.10704325192780573, -24.22853380540909995 ) ) ;
#4366 = CARTESIAN_POINT ( 'NONE',  ( -6.038049726326558897, -35.89026664137253420, -26.46636533895575383 ) ) ;
#4367 = CARTESIAN_POINT ( 'NONE',  ( -66.23511896155660850, -91.97278669341044122, -23.50791654105039896 ) ) ;
#4368 = CARTESIAN_POINT ( 'NONE',  ( -63.93921755653995831, -104.8894517552507608, -19.18032613546293419 ) ) ;
#4369 = CARTESIAN_POINT ( 'NONE',  ( -32.95587148777850217, -57.31316768742681944, -31.47570803990740274 ) ) ;
#4370 = CARTESIAN_POINT ( 'NONE',  ( -5.653906481299107334, -39.76079114641793666, -27.99866175221371378 ) ) ;
#4371 = CARTESIAN_POINT ( 'NONE',  ( -59.67903904275465266, -104.3974482251880858, -23.90333371422179809 ) ) ;
#4372 = CARTESIAN_POINT ( 'NONE',  ( -64.36057478773012974, -93.30385484894418369, -25.04793736334801935 ) ) ;
#4373 = CARTESIAN_POINT ( 'NONE',  ( -45.30612118634277863, -64.27348335856785866, -28.20889311083649176 ) ) ;
#4374 = CARTESIAN_POINT ( 'NONE',  ( -61.22185381851564046, -95.75401013996518884, -20.28536670246022311 ) ) ;
#4375 = CARTESIAN_POINT ( 'NONE',  ( -62.86734077714066160, -112.6315669378273014, -22.65699544028466406 ) ) ;
#4376 = CARTESIAN_POINT ( 'NONE',  ( -57.66455533923284804, -110.3541676442801531, -24.55508917563979310 ) ) ;
#4377 = CARTESIAN_POINT ( 'NONE',  ( -59.44630343364396907, -105.2086127455043965, -23.97564529725236682 ) ) ;
#4378 = CARTESIAN_POINT ( 'NONE',  ( -1.389963405335588043, -25.28790732886601589, -28.63791888768020044 ) ) ;
#4379 = CARTESIAN_POINT ( 'NONE',  ( -53.60882014337950352, -124.7436808553840137, -21.65441294851533272 ) ) ;
#4380 = CARTESIAN_POINT ( 'NONE',  ( -21.06247765177482023, -52.45010861249043899, -29.23749105484161959 ) ) ;
#4381 = CARTESIAN_POINT ( 'NONE',  ( -60.27706482800608967, -100.2100230712631657, -22.91381811603874041 ) ) ;
#4382 = CARTESIAN_POINT ( 'NONE',  ( -46.83666480023968148, -72.76838102568972033, -26.20041749290046695 ) ) ;
#4383 = CARTESIAN_POINT ( 'NONE',  ( -62.07299885679300644, -94.44572355465520275, -24.77289653739282116 ) ) ;
#4384 = CARTESIAN_POINT ( 'NONE',  ( 4.380191840295052152, -18.84083940612153185, -20.62126417253619337 ) ) ;
#4385 = CARTESIAN_POINT ( 'NONE',  ( -1.310568101299671051, -3.040820461522756979, -7.809048260353555371 ) ) ;
#4386 = CARTESIAN_POINT ( 'NONE',  ( -62.48432277752242925, -103.4811732474488650, -25.35693040302799517 ) ) ;
#4387 = CARTESIAN_POINT ( 'NONE',  ( 2.378050974232934323, 0.6299427608890287855, -5.382618500239510162 ) ) ;
#4388 = CARTESIAN_POINT ( 'NONE',  ( -65.02598266187570175, -99.73936803502780890, -18.94374683597382614 ) ) ;
#4389 = CARTESIAN_POINT ( 'NONE',  ( -15.15809688261806265, -45.82841008185400966, -34.49485819210125470 ) ) ;
#4390 = CARTESIAN_POINT ( 'NONE',  ( -61.61320725048287983, -114.4828483864170749, -24.55894874119341509 ) ) ;
#4391 = CARTESIAN_POINT ( 'NONE',  ( -59.69205229547216618, -75.73825957299908396, -23.97072652539506521 ) ) ;
#4392 = CARTESIAN_POINT ( 'NONE',  ( -50.21400364565349861, -68.14467539445466571, -28.37570006661970368 ) ) ;
#4393 = CARTESIAN_POINT ( 'NONE',  ( -63.61083163136223106, -99.30365177405468557, -18.57477883259859652 ) ) ;
#4394 = CARTESIAN_POINT ( 'NONE',  ( -65.37327218586339939, -100.3682030651704338, -24.11021578105565411 ) ) ;
#4395 = CARTESIAN_POINT ( 'NONE',  ( -55.38582099251533464, -80.14246706064359671, -23.70106024334937445 ) ) ;
#4396 = CARTESIAN_POINT ( 'NONE',  ( -61.00556098447436426, -87.93978192010587236, -25.22109582115715654 ) ) ;
#4397 = CARTESIAN_POINT ( 'NONE',  ( -63.14076866901665852, -81.62128543329646391, -20.94557514547746990 ) ) ;
#4398 = CARTESIAN_POINT ( 'NONE',  ( -60.85634175042365968, -114.8967492788070217, -25.39343047977660817 ) ) ;
#4399 = CARTESIAN_POINT ( 'NONE',  ( -46.49178417057241575, -134.5601916153896696, -24.06487096630049294 ) ) ;
#4400 = CARTESIAN_POINT ( 'NONE',  ( -65.12725287394920315, -84.73086469016968181, -22.69551406150342743 ) ) ;
#4401 = CARTESIAN_POINT ( 'NONE',  ( -60.45475645092472661, -77.97464830125650792, -25.88817520982229681 ) ) ;
#4402 = CARTESIAN_POINT ( 'NONE',  ( -64.78005635888490588, -101.2015311312837156, -18.98716567846145153 ) ) ;
#4403 = CARTESIAN_POINT ( 'NONE',  ( -65.05607780444135813, -104.5834048460562684, -20.35108649813135528 ) ) ;
#4404 = CARTESIAN_POINT ( 'NONE',  ( -56.50141184942967953, -81.54470813640172366, -23.36553573041479481 ) ) ;
#4405 = CARTESIAN_POINT ( 'NONE',  ( -58.96401535857923903, -106.7592888162167526, -24.12985330816365348 ) ) ;
#4406 = CARTESIAN_POINT ( 'NONE',  ( -63.60721260728370652, -102.3194835732914925, -25.11059422559147336 ) ) ;
#4407 = CARTESIAN_POINT ( 'NONE',  ( -55.11971571641944223, -71.64272129632294650, -23.96760040020020099 ) ) ;
#4408 = CARTESIAN_POINT ( 'NONE',  ( -60.46299395332580673, -101.4508905477667327, -20.45439092150664706 ) ) ;
#4409 = CARTESIAN_POINT ( 'NONE',  ( -38.92093109492106606, -65.16909222164655091, -26.36632471918155929 ) ) ;
#4410 = CARTESIAN_POINT ( 'NONE',  ( -60.78352589916116955, -90.84319837648224905, -23.67996088622468775 ) ) ;
#4411 = CARTESIAN_POINT ( 'NONE',  ( -56.87659025900472187, -112.2591204460824343, -24.81821064173565361 ) ) ;
#4412 = CARTESIAN_POINT ( 'NONE',  ( -13.16753370937618328, -50.73951058795310587, -31.29661612451411301 ) ) ;
#4413 = CARTESIAN_POINT ( 'NONE',  ( -60.06070184282646807, -106.6185827175130072, -25.30425451540125437 ) ) ;
#4414 = CARTESIAN_POINT ( 'NONE',  ( -6.482246573691610614, -36.53742298015843915, -32.86191609947607617 ) ) ;
#4415 = CARTESIAN_POINT ( 'NONE',  ( -62.30809635804437363, -105.2731573264745037, -18.88361632194374806 ) ) ;
#4416 = CARTESIAN_POINT ( 'NONE',  ( -54.05711850464037838, -76.39183339844609577, -22.32707517056925894 ) ) ;
#4417 = CARTESIAN_POINT ( 'NONE',  ( 4.483378212472402424, -2.804713314717867334, -5.080524282288601867 ) ) ;
#4418 = CARTESIAN_POINT ( 'NONE',  ( -50.40514529821550838, -75.58726779094840253, -25.76576275419306938 ) ) ;
#4419 = CARTESIAN_POINT ( 'NONE',  ( -59.58538453408271351, -105.9855269140431346, -24.74722936667765083 ) ) ;
#4420 = CARTESIAN_POINT ( 'NONE',  ( -33.67386058620095213, -64.96039233048615813, -29.60522533836441283 ) ) ;
#4421 = CARTESIAN_POINT ( 'NONE',  ( -42.77916910304667653, -68.62910885433447561, -31.13293086202887494 ) ) ;
#4422 = CARTESIAN_POINT ( 'NONE',  ( -63.33957557652176718, -106.9622007978241811, -19.33792678065967863 ) ) ;
#4423 = CARTESIAN_POINT ( 'NONE',  ( -52.33945907675428089, -69.47155991909382067, -27.51714853994907628 ) ) ;
#4424 = CARTESIAN_POINT ( 'NONE',  ( -51.35341087663683624, -68.47457586656470596, -27.14803346911772408 ) ) ;
#4425 = CARTESIAN_POINT ( 'NONE',  ( -7.956918675175801425, -35.91300180480077131, -32.28145884475092942 ) ) ;
#4426 = CARTESIAN_POINT ( 'NONE',  ( -11.89178268725319931, -41.26546973370076188, -28.86253790554506438 ) ) ;
#4427 = CARTESIAN_POINT ( 'NONE',  ( -59.83741670669545698, -102.0715439531377058, -22.13391025879061047 ) ) ;
#4428 = CARTESIAN_POINT ( 'NONE',  ( -60.64561249858383718, -86.93065795248466543, -25.35089846250086865 ) ) ;
#4429 = CARTESIAN_POINT ( 'NONE',  ( -59.67101842982827975, -114.1798094967103907, -26.29798849121294779 ) ) ;
#4430 = CARTESIAN_POINT ( 'NONE',  ( -64.25176615352894771, -84.18895674752660341, -20.46993618716724228 ) ) ;
#4431 = CARTESIAN_POINT ( 'NONE',  ( 0.8370811214431906899, -2.488841288201645963, -10.06312887111894128 ) ) ;
#4432 = CARTESIAN_POINT ( 'NONE',  ( 1.720628341679367956, -5.449951472813800102, -4.045003547972811475 ) ) ;
#4433 = CARTESIAN_POINT ( 'NONE',  ( -66.32632801786145649, -100.7286143246321615, -21.74942525759079004 ) ) ;
#4434 = CARTESIAN_POINT ( 'NONE',  ( -66.06301381519791960, -90.55731383794343969, -23.61216111293832753 ) ) ;
#4435 = CARTESIAN_POINT ( 'NONE',  ( -58.29554938377119555, -119.1906352987857787, -20.87122418769203591 ) ) ;
#4436 = CARTESIAN_POINT ( 'NONE',  ( -66.40691662819293128, -95.66749205419650082, -20.15155415800225924 ) ) ;
#4437 = CARTESIAN_POINT ( 'NONE',  ( -59.83741670669545698, -102.0715439531377058, -22.13391025879061047 ) ) ;
#4438 = CARTESIAN_POINT ( 'NONE',  ( -8.141972729630349903, -45.30653476707229999, -30.80535563595266879 ) ) ;
#4439 = CARTESIAN_POINT ( 'NONE',  ( -53.83402002905403805, -125.5698682918055766, -28.26512691462438198 ) ) ;
#4440 = CARTESIAN_POINT ( 'NONE',  ( -1.047336519972248414, -8.121902768707521147, -12.09093950567361553 ) ) ;
#4441 = CARTESIAN_POINT ( 'NONE',  ( -60.88954371396893350, -99.10566674068790860, -20.34384504651578141 ) ) ;
#4442 = CARTESIAN_POINT ( 'NONE',  ( -58.32053524929855826, -82.98412658918570628, -21.43224282356570143 ) ) ;
#4443 = CARTESIAN_POINT ( 'NONE',  ( -56.82675694192040794, -81.80377438797820844, -24.97112817524108053 ) ) ;
#4444 = FACE_OUTER_BOUND ( 'NONE', #419, .T. ) ;
#4445 = CARTESIAN_POINT ( 'NONE',  ( -6.489948406285693139, -42.30777200335995047, -32.62294865667625743 ) ) ;
#4446 = CARTESIAN_POINT ( 'NONE',  ( -54.56283333649124501, -127.0338228758014196, -27.48211451965021013 ) ) ;
#4447 = CARTESIAN_POINT ( 'NONE',  ( -17.54940998937654228, -47.19349272413106178, -29.90265293542852021 ) ) ;
#4448 = CARTESIAN_POINT ( 'NONE',  ( -61.61526499187296935, -97.69008037640455200, -19.57500746798403313 ) ) ;
#4449 = CARTESIAN_POINT ( 'NONE',  ( -8.709778297166737460, -45.39752529228300659, -30.17611730474147080 ) ) ;
#4450 = CARTESIAN_POINT ( 'NONE',  ( -58.67354093430225959, -106.5010213843895599, -23.40611650854126324 ) ) ;
#4451 = CARTESIAN_POINT ( 'NONE',  ( -59.37936684382665931, -85.43386192015934455, -25.01369373258711803 ) ) ;
#4452 = CARTESIAN_POINT ( 'NONE',  ( 4.358204758292115955, -2.419614916423941775, -4.472233208863963583 ) ) ;
#4453 = CARTESIAN_POINT ( 'NONE',  ( -1.209634762609617997, -3.408654393443030450, -8.377732520024713025 ) ) ;
#4454 = CARTESIAN_POINT ( 'NONE',  ( -50.62566008417812924, -72.53879308954363125, -29.57059721004560870 ) ) ;
#4455 = CARTESIAN_POINT ( 'NONE',  ( -55.29789220073293166, -124.7676072075120857, -21.86004704690809675 ) ) ;
#4456 = CARTESIAN_POINT ( 'NONE',  ( -17.27673358246228830, -48.00610048247984452, -34.69732723790074402 ) ) ;
#4457 = CARTESIAN_POINT ( 'NONE',  ( -55.64528357105945133, -71.71938475896558884, -25.43243267073560432 ) ) ;
#4458 = CARTESIAN_POINT ( 'NONE',  ( -59.58531585242479167, -75.77406220812392235, -24.87836620153575851 ) ) ;
#4459 = ADVANCED_FACE ( 'NONE', ( #4513 ), #15, .F. ) ;
#4460 = CARTESIAN_POINT ( 'NONE',  ( -50.24705725513080523, -70.42712936881957830, -23.58476442348226243 ) ) ;
#4461 = CARTESIAN_POINT ( 'NONE',  ( -59.10418802702866969, -115.4556050088012427, -26.48256392764510991 ) ) ;
#4462 = CARTESIAN_POINT ( 'NONE',  ( -55.47339445177792783, -114.3384393553964031, -23.55588598954086166 ) ) ;
#4463 = CARTESIAN_POINT ( 'NONE',  ( -62.05162974072027993, -93.82561424418649665, -24.78953892990485386 ) ) ;
#4464 = CARTESIAN_POINT ( 'NONE',  ( -63.32314496744120902, -103.5780372570750529, -25.18491835186664574 ) ) ;
#4465 = CARTESIAN_POINT ( 'NONE',  ( -60.84338995178776344, -115.3177667162386086, -20.75836431599157805 ) ) ;
#4466 = CARTESIAN_POINT ( 'NONE',  ( -50.90926396745042837, -69.86454192606086622, -29.15555405230990971 ) ) ;
#4467 = CARTESIAN_POINT ( 'NONE',  ( -16.85899094566661205, -48.57906464468643293, -29.19565522477660835 ) ) ;
#4468 = CARTESIAN_POINT ( 'NONE',  ( -64.87582801835993962, -106.9111350517481043, -22.08487927176398458 ) ) ;
#4469 = CARTESIAN_POINT ( 'NONE',  ( -51.07771318960183038, -131.7515162088167244, -23.29789251500943337 ) ) ;
#4470 = CARTESIAN_POINT ( 'NONE',  ( -55.79791124425582893, -125.9278891706066617, -23.20182993779566161 ) ) ;
#4471 = CARTESIAN_POINT ( 'NONE',  ( -58.64890084215113575, -85.03523626224563259, -22.69588582529461007 ) ) ;
#4472 = CARTESIAN_POINT ( 'NONE',  ( -54.49370227900401176, -78.85873359048372322, -26.49260974984059303 ) ) ;
#4473 = CARTESIAN_POINT ( 'NONE',  ( 0.5203888548636775857, 1.131483459212325293, -4.676432027207090947 ) ) ;
#4474 = CARTESIAN_POINT ( 'NONE',  ( -66.04100458710431099, -95.96617291335148536, -19.44383686889992191 ) ) ;
#4475 = CC_DESIGN_PERSON_AND_ORGANIZATION_ASSIGNMENT ( #852, #3685, ( #1667 ) ) ;
#4476 = CARTESIAN_POINT ( 'NONE',  ( -60.93980066635403858, -98.75787238420990377, -20.33211718629013731 ) ) ;
#4477 = CARTESIAN_POINT ( 'NONE',  ( -48.82932735077812936, -72.28470400691644215, -24.09806236375508703 ) ) ;
#4478 = CARTESIAN_POINT ( 'NONE',  ( -25.91234116681931710, -60.26372258902456025, -30.96389270922450621 ) ) ;
#4479 = CARTESIAN_POINT ( 'NONE',  ( 3.809827863998407338, -21.20399535503310062, -22.02674145734653521 ) ) ;
#4480 = CARTESIAN_POINT ( 'NONE',  ( 2.494303465213958848, -26.28963441202906282, -25.44345112524733565 ) ) ;
#4481 = CARTESIAN_POINT ( 'NONE',  ( 2.521927802162109877, 1.656475215642046139, -2.756207471270366138 ) ) ;
#4482 = CARTESIAN_POINT ( 'NONE',  ( -64.01820485333665545, -106.3441323039202189, -24.44169571203822144 ) ) ;
#4483 = CARTESIAN_POINT ( 'NONE',  ( -44.70056251789820578, -65.75105202401634585, -25.53886100207110488 ) ) ;
#4484 = CARTESIAN_POINT ( 'NONE',  ( -52.16256115211842115, -74.47508950505890368, -22.89400154124687248 ) ) ;
#4485 = CARTESIAN_POINT ( 'NONE',  ( 5.405503715077475846, -9.047019928741452333, -12.80587001988692997 ) ) ;
#4486 = CARTESIAN_POINT ( 'NONE',  ( -57.18277338667562049, -110.5944390809057154, -23.89620505360769087 ) ) ;
#4487 = CARTESIAN_POINT ( 'NONE',  ( -59.74094816926029239, -105.4721059533760155, -24.69788437565702566 ) ) ;
#4488 = CARTESIAN_POINT ( 'NONE',  ( -41.18894259815783698, -69.29931676943168384, -27.82102639014426870 ) ) ;
#4489 = CARTESIAN_POINT ( 'NONE',  ( -0.9544767538956450137, -4.539642562633413370, -10.01857979610648997 ) ) ;
#4490 = CARTESIAN_POINT ( 'NONE',  ( -0.1121349649686188138, -12.97542857603760069, -14.22048845406018103 ) ) ;
#4491 = CARTESIAN_POINT ( 'NONE',  ( -34.87558046314202898, -59.37969088108847870, -32.67574590285169478 ) ) ;
#4492 = CARTESIAN_POINT ( 'NONE',  ( -66.49177198836066793, -99.04998529600682389, -20.83709323091818177 ) ) ;
#4493 = CARTESIAN_POINT ( 'NONE',  ( -51.13830042024177658, -68.70513784897222820, -28.00045375570156025 ) ) ;
#4494 = CARTESIAN_POINT ( 'NONE',  ( -52.01003862103794262, -72.15912855508805990, -22.90461134455818382 ) ) ;
#4495 = CARTESIAN_POINT ( 'NONE',  ( -53.67518096190944732, -118.0213752325666832, -24.17612402483256417 ) ) ;
#4496 = CARTESIAN_POINT ( 'NONE',  ( -62.03011898236177046, -96.71006064184570050, -24.75315577247693355 ) ) ;
#4497 = CARTESIAN_POINT ( 'NONE',  ( -64.30541683045737500, -105.9663291182450564, -19.75320470503845627 ) ) ;
#4498 = CARTESIAN_POINT ( 'NONE',  ( -41.15811731377801408, -64.86725443141904179, -32.05860783994798879 ) ) ;
#4499 = CARTESIAN_POINT ( 'NONE',  ( -57.75070906750929112, -80.85486930696845320, -21.16004260861453545 ) ) ;
#4500 = CARTESIAN_POINT ( 'NONE',  ( -65.85844587107925463, -103.1516957276243858, -21.84239237147831147 ) ) ;
#4501 = CARTESIAN_POINT ( 'NONE',  ( -59.16341930627574186, -117.4176584229435747, -20.59345698331770436 ) ) ;
#4502 = CARTESIAN_POINT ( 'NONE',  ( -56.89971245595249627, -123.9796437054015428, -22.83413733123573053 ) ) ;
#4503 = CARTESIAN_POINT ( 'NONE',  ( -60.72855518527023122, -93.86931153454011678, -21.92961543590361018 ) ) ;
#4504 = CARTESIAN_POINT ( 'NONE',  ( -12.80511030483693347, -50.55051640455488382, -32.08537059345890441 ) ) ;
#4505 = CARTESIAN_POINT ( 'NONE',  ( -50.27432232220651542, -75.31733353285297028, -27.43891061340712412 ) ) ;
#4506 = CARTESIAN_POINT ( 'NONE',  ( -66.43646115862937052, -99.47421013677870860, -20.84322026773704195 ) ) ;
#4507 = CARTESIAN_POINT ( 'NONE',  ( -62.60533882135798933, -106.2582908865821310, -25.38633262499070398 ) ) ;
#4508 = CARTESIAN_POINT ( 'NONE',  ( -56.09912054411707771, -124.6597109985722511, -22.28916291500577884 ) ) ;
#4509 = AXIS2_PLACEMENT_3D ( 'NONE', #2575, #1549, #5857 ) ;
#4510 = CARTESIAN_POINT ( 'NONE',  ( -57.89638919315147803, -109.8509718172307998, -21.24289372037606327 ) ) ;
#4511 = CARTESIAN_POINT ( 'NONE',  ( -53.72729123234640269, -77.07082707963986934, -22.85530774848885116 ) ) ;
#4512 = CARTESIAN_POINT ( 'NONE',  ( -48.41393811270386038, -74.00321865633668494, -26.84432157349613135 ) ) ;
#4513 = FACE_OUTER_BOUND ( 'NONE', #42, .T. ) ;
#4514 = CARTESIAN_POINT ( 'NONE',  ( -42.61549739566186190, -69.36077910554450909, -30.60239763071232133 ) ) ;
#4515 = CARTESIAN_POINT ( 'NONE',  ( -62.37114824682795700, -87.38750755567990325, -25.69623239915743440 ) ) ;
#4516 = CARTESIAN_POINT ( 'NONE',  ( -56.79342721557297580, -123.1047846334952283, -26.72461469367762632 ) ) ;
#4517 = CARTESIAN_POINT ( 'NONE',  ( -53.50886697836116923, -73.63512921851884130, -22.36699528614861165 ) ) ;
#4518 = CARTESIAN_POINT ( 'NONE',  ( -59.62070857717478845, -84.09692238875632597, -20.50977528530026106 ) ) ;
#4519 = CARTESIAN_POINT ( 'NONE',  ( -49.67167012972915785, -125.3518364635970670, -26.50983273873143986 ) ) ;
#4520 = CARTESIAN_POINT ( 'NONE',  ( -55.44961825614070250, -114.5676552212960218, -24.48121033252999368 ) ) ;
#4521 = CARTESIAN_POINT ( 'NONE',  ( -60.53460792774725263, -88.44297542755671770, -24.61844410661787919 ) ) ;
#4522 = CARTESIAN_POINT ( 'NONE',  ( -60.93968903156418548, -91.94161346712671445, -23.61520753515232585 ) ) ;
#4523 = CARTESIAN_POINT ( 'NONE',  ( -1.662697926930688519, -20.71024757082661338, -20.34971732116445864 ) ) ;
#4524 = CARTESIAN_POINT ( 'NONE',  ( -53.97581739838741299, -70.35942861215232824, -26.06226229382392390 ) ) ;
#4525 = CARTESIAN_POINT ( 'NONE',  ( -47.35346022822025702, -134.7586158749616629, -23.82818132805157063 ) ) ;
#4526 = CARTESIAN_POINT ( 'NONE',  ( -51.81280374273136147, -121.4953086571508294, -24.82784802503964272 ) ) ;
#4527 = CARTESIAN_POINT ( 'NONE',  ( -52.75187185535997969, -76.65037954420546384, -27.73632030709554641 ) ) ;
#4528 = CARTESIAN_POINT ( 'NONE',  ( -62.86805178709138886, -105.3387349254868042, -25.31090516570888482 ) ) ;
#4529 = CARTESIAN_POINT ( 'NONE',  ( -60.70115903527310053, -115.6347070649706836, -20.80251262643184162 ) ) ;
#4530 = CARTESIAN_POINT ( 'NONE',  ( -50.73908566244234208, -133.2487890008866884, -28.80748941470096725 ) ) ;
#4531 = CARTESIAN_POINT ( 'NONE',  ( -61.75476203162682509, -95.97131820742308150, -19.56102547531141056 ) ) ;
#4532 = CARTESIAN_POINT ( 'NONE',  ( -64.34397895766825570, -82.86735633732101292, -23.02836694860672040 ) ) ;
#4533 = CARTESIAN_POINT ( 'NONE',  ( -1.696456640980669395, -2.899737436731890661, 0.000000000000000000 ) ) ;
#4534 = CARTESIAN_POINT ( 'NONE',  ( -61.20211846965390379, -115.4095585499437675, -21.45235156318912928 ) ) ;
#4535 = CARTESIAN_POINT ( 'NONE',  ( -59.91898785307575537, -101.7057109688236380, -22.10976333796854831 ) ) ;
#4536 = CARTESIAN_POINT ( 'NONE',  ( 5.612635401754476838, -11.35842078064543159, -16.03935283478323015 ) ) ;
#4537 = CARTESIAN_POINT ( 'NONE',  ( -58.73477038119778371, -74.67675993677542579, -24.32042803149105126 ) ) ;
#4538 = CARTESIAN_POINT ( 'NONE',  ( -54.73622912506830573, -123.9903601305386474, -27.95354630795025130 ) ) ;
#4539 = CARTESIAN_POINT ( 'NONE',  ( -65.40695089810859031, -101.3209023789180918, -19.49719888081057206 ) ) ;
#4540 = CARTESIAN_POINT ( 'NONE',  ( -61.06604927177026099, -97.74893641417092738, -20.30488816211300573 ) ) ;
#4541 = CARTESIAN_POINT ( 'NONE',  ( -54.03137078475032951, -78.64588720490297646, -25.79126781809589986 ) ) ;
#4542 = CARTESIAN_POINT ( 'NONE',  ( 5.194692664009377125, -6.195817402267189244, -9.673870763882021606 ) ) ;
#4543 = CARTESIAN_POINT ( 'NONE',  ( -51.27193643013599456, -125.3549169736189697, -28.29630969496130177 ) ) ;
#4544 = CARTESIAN_POINT ( 'NONE',  ( -63.05661999426389031, -89.93303256806261459, -25.41684707628359519 ) ) ;
#4545 = CARTESIAN_POINT ( 'NONE',  ( -63.67249936759587570, -107.4988258977532922, -24.53787583446186815 ) ) ;
#4546 = CARTESIAN_POINT ( 'NONE',  ( -2.811955041161440683, -26.24019355832945521, -23.05685224999310279 ) ) ;
#4547 = CARTESIAN_POINT ( 'NONE',  ( -47.88060739814181233, -129.9493839488519882, -24.10162889449559387 ) ) ;
#4548 = CARTESIAN_POINT ( 'NONE',  ( -42.40396138430828188, -70.03214748758409769, -27.58834333493420488 ) ) ;
#4549 = CARTESIAN_POINT ( 'NONE',  ( -58.99807690677111793, -105.4710012976924958, -23.30170857024740272 ) ) ;
#4550 = CARTESIAN_POINT ( 'NONE',  ( -56.41110286124516904, -114.2066235024486218, -25.79476757419661226 ) ) ;
#4551 = CARTESIAN_POINT ( 'NONE',  ( -60.76130935096965402, -99.39810632793846423, -23.58539475061816759 ) ) ;
#4552 = CARTESIAN_POINT ( 'NONE',  ( -6.726047889403952595, -32.51892790472908246, -26.62745592114581328 ) ) ;
#4553 = CARTESIAN_POINT ( 'NONE',  ( -3.250000000000000444, -0.8508480103472353395, 0.000000000000000000 ) ) ;
#4554 = CARTESIAN_POINT ( 'NONE',  ( -51.76928369473659330, -71.91881140895840474, -22.99634395616568483 ) ) ;
#4555 = CARTESIAN_POINT ( 'NONE',  ( -58.51199130553410299, -106.7688584741336939, -22.54593951150879150 ) ) ;
#4556 = CARTESIAN_POINT ( 'NONE',  ( -56.33563089151686398, -115.9007134486980135, -26.53287960795921308 ) ) ;
#4557 = CARTESIAN_POINT ( 'NONE',  ( -65.62458824348375686, -100.0422548699437755, -19.45975634729433423 ) ) ;
#4558 = CARTESIAN_POINT ( 'NONE',  ( 0.6258478883501324974, -1.683974425081210313, -8.897695364853339228 ) ) ;
#4559 = CARTESIAN_POINT ( 'NONE',  ( -52.64526418570967081, -74.95600035971102670, -22.75063778819436777 ) ) ;
#4560 = CARTESIAN_POINT ( 'NONE',  ( -0.01947921848702540218, -10.41396522469369579, -11.53678459599809791 ) ) ;
#4561 = CARTESIAN_POINT ( 'NONE',  ( 5.126954947189733325, -12.84620407140126019, -15.36068853365561715 ) ) ;
#4562 = CARTESIAN_POINT ( 'NONE',  ( -60.89448799064307138, -100.7242049940273887, -24.35119269373342377 ) ) ;
#4563 = CARTESIAN_POINT ( 'NONE',  ( -51.65141606006155683, -68.67469108998794525, -27.01827556698257027 ) ) ;
#4564 = CARTESIAN_POINT ( 'NONE',  ( -54.25548157239078506, -124.8370741444024645, -28.11930287032465969 ) ) ;
#4565 = CARTESIAN_POINT ( 'NONE',  ( -66.07387897627926066, -93.99198918961216975, -19.49773357726484946 ) ) ;
#4566 = CARTESIAN_POINT ( 'NONE',  ( -59.64964360881676697, -104.6938070464536281, -20.69100511880116144 ) ) ;
#4567 = CARTESIAN_POINT ( 'NONE',  ( -52.58726867244823922, -121.0085889358965829, -26.29891220422527454 ) ) ;
#4568 = CARTESIAN_POINT ( 'NONE',  ( -11.11161149087995170, -48.10313835605828103, -30.45301831650126090 ) ) ;
#4569 = CARTESIAN_POINT ( 'NONE',  ( 3.612306182802663024, -0.9682871442182658939, -7.254464261047210982 ) ) ;
#4570 = CARTESIAN_POINT ( 'NONE',  ( -63.09822948583174451, -100.4714925062047683, -25.19660368116532823 ) ) ;
#4571 = CARTESIAN_POINT ( 'NONE',  ( -2.142694978376028736, -33.47669780889595614, -31.08799534342830739 ) ) ;
#4572 = CARTESIAN_POINT ( 'NONE',  ( -55.63156446892909202, -125.1843845407033484, -27.11788221238173691 ) ) ;
#4573 = CARTESIAN_POINT ( 'NONE',  ( -63.10929562751502431, -96.21854550953419505, -18.69070699729918772 ) ) ;
#4574 = CARTESIAN_POINT ( 'NONE',  ( -55.97539891311284066, -115.5963598466972968, -21.29103892394867259 ) ) ;
#4575 = CARTESIAN_POINT ( 'NONE',  ( -61.00083837978342416, -92.50302800301962236, -23.58800795786788029 ) ) ;
#4576 = CARTESIAN_POINT ( 'NONE',  ( -59.18016694476854411, -104.8601358492238944, -23.24452078761987295 ) ) ;
#4577 = CARTESIAN_POINT ( 'NONE',  ( -61.06972327800796307, -96.42038646550695091, -23.51613077149948694 ) ) ;
#4578 = CARTESIAN_POINT ( 'NONE',  ( -0.1446301828139362478, -8.034919456878153454, -8.676114177401814231 ) ) ;
#4579 = CARTESIAN_POINT ( 'NONE',  ( -1.832092303548924050, -3.685073286287475547, -5.848803600830368765 ) ) ;
#4580 = CARTESIAN_POINT ( 'NONE',  ( -62.90316034472273543, -98.41556319933108909, -18.70723984691181130 ) ) ;
#4581 = CARTESIAN_POINT ( 'NONE',  ( -55.26869512612966417, -80.20714264503169488, -24.60848932172564929 ) ) ;
#4582 = CARTESIAN_POINT ( 'NONE',  ( -51.75365905630908969, -124.5307003312444181, -28.12532933876777719 ) ) ;
#4583 = CARTESIAN_POINT ( 'NONE',  ( -65.96625376739800117, -97.14799198092762822, -19.43094931478171716 ) ) ;
#4584 = CARTESIAN_POINT ( 'NONE',  ( -65.90976872313817125, -100.4218286524959183, -23.37058709706728621 ) ) ;
#4585 = CARTESIAN_POINT ( 'NONE',  ( -51.42060532046134824, -73.73959781220007415, -23.11302529962398467 ) ) ;
#4586 = CARTESIAN_POINT ( 'NONE',  ( -36.08895112161071950, -59.88270897968097728, -28.03631377089813626 ) ) ;
#4587 = CARTESIAN_POINT ( 'NONE',  ( -54.25548157239078506, -124.8370741444024645, -28.11930287032465969 ) ) ;
#4588 = CARTESIAN_POINT ( 'NONE',  ( 4.617716525440600073, -4.437942325996520054, -6.145559564292916832 ) ) ;
#4589 = CARTESIAN_POINT ( 'NONE',  ( -61.37929736859690877, -93.06398854745363280, -24.28328006952540008 ) ) ;
#4590 = CARTESIAN_POINT ( 'NONE',  ( -61.05782447083423392, -77.41269575965253580, -23.45712282031066209 ) ) ;
#4591 = CARTESIAN_POINT ( 'NONE',  ( -53.01239663218094478, -72.08268934969468944, -28.83931705553467140 ) ) ;
#4592 = CARTESIAN_POINT ( 'NONE',  ( -65.80042045477605939, -98.78597371254414838, -19.43679420893431598 ) ) ;
#4593 = CARTESIAN_POINT ( 'NONE',  ( -58.17528479889872273, -109.1219514294504052, -21.15285112849279869 ) ) ;
#4594 = CARTESIAN_POINT ( 'NONE',  ( -60.44944378597687518, -101.1764141539545108, -23.67153420863986213 ) ) ;
#4595 = CARTESIAN_POINT ( 'NONE',  ( -40.57633180685839136, -68.93612287814501371, -27.95004789886700536 ) ) ;
#4596 = CARTESIAN_POINT ( 'NONE',  ( -52.10119707686149582, -74.49565130277760261, -28.94091200548229281 ) ) ;
#4597 = CARTESIAN_POINT ( 'NONE',  ( -62.63035829644469743, -102.8625273820324537, -25.31663127593105500 ) ) ;
#4598 = CARTESIAN_POINT ( 'NONE',  ( 3.484762516776727992, -3.083197048716316946, -10.88564269794424533 ) ) ;
#4599 = CARTESIAN_POINT ( 'NONE',  ( -57.78976125691711019, -114.9309350391101248, -20.18508529351781533 ) ) ;
#4600 = CARTESIAN_POINT ( 'NONE',  ( -51.40611098239892840, -124.1835791232820725, -22.85688726400026027 ) ) ;
#4601 = CARTESIAN_POINT ( 'NONE',  ( -60.37506113026570631, -101.5421033601225673, -23.69317303523423135 ) ) ;
#4602 = CARTESIAN_POINT ( 'NONE',  ( -49.25605019104492754, -74.62538309929064440, -26.74651435669997568 ) ) ;
#4603 = CARTESIAN_POINT ( 'NONE',  ( 5.524404330746049752, -10.50141469216877077, -16.35371863484588673 ) ) ;
#4604 = CARTESIAN_POINT ( 'NONE',  ( -50.07930491522405703, -75.25034321124802261, -26.63892991844380376 ) ) ;
#4605 = CARTESIAN_POINT ( 'NONE',  ( -53.80799071469566996, -72.78671471518691760, -22.55571166260974891 ) ) ;
#4606 = CARTESIAN_POINT ( 'NONE',  ( -60.98155365789397564, -116.9881645092761744, -23.23626605132753653 ) ) ;
#4607 = CARTESIAN_POINT ( 'NONE',  ( -61.70307790403470705, -115.1844100349168514, -22.10219049994641694 ) ) ;
#4608 = CARTESIAN_POINT ( 'NONE',  ( -60.61698348705729700, -107.9142046325184623, -19.30139988006393992 ) ) ;
#4609 = CARTESIAN_POINT ( 'NONE',  ( -57.71815689177122977, -83.51008221787672881, -23.87164895322082003 ) ) ;
#4610 = CARTESIAN_POINT ( 'NONE',  ( -52.50682132846440453, -123.2199615138095368, -27.86006041339453532 ) ) ;
#4611 = CARTESIAN_POINT ( 'NONE',  ( -6.847309780595148609, -31.17189789476160300, -27.66274834254364734 ) ) ;
#4612 = CARTESIAN_POINT ( 'NONE',  ( -66.29559490025697244, -92.70389619034710904, -23.46418247011533253 ) ) ;
#4613 = CARTESIAN_POINT ( 'NONE',  ( -57.38259597685647861, -80.32528062824418669, -21.28274874289112262 ) ) ;
#4614 = CARTESIAN_POINT ( 'NONE',  ( -7.522423906102526203, -33.91131431666928364, -27.17722426503824451 ) ) ;
#4615 = CARTESIAN_POINT ( 'NONE',  ( -15.55755825725139019, -49.87487957327685706, -35.04747684360741999 ) ) ;
#4616 = CARTESIAN_POINT ( 'NONE',  ( 4.405307713400852698, -6.449192555068109733, -7.647090022587595293 ) ) ;
#4617 = CARTESIAN_POINT ( 'NONE',  ( -58.95697954628189308, -107.9135169687481408, -24.94885710009965507 ) ) ;
#4618 = CARTESIAN_POINT ( 'NONE',  ( -50.45261231228938925, -67.88209264745742644, -27.54230762581438441 ) ) ;
#4619 = CARTESIAN_POINT ( 'NONE',  ( -63.31875870294351216, -83.57077289830941424, -25.27998006530950192 ) ) ;
#4620 = CARTESIAN_POINT ( 'NONE',  ( -1.318498591763727079, -5.567533948462851434, -7.330265081041343223 ) ) ;
#4621 = CARTESIAN_POINT ( 'NONE',  ( -55.63882826534556614, -115.0691211509428058, -21.98973290589465890 ) ) ;
#4622 = CARTESIAN_POINT ( 'NONE',  ( -59.44630343364396907, -105.2086127455043965, -23.97564529725236682 ) ) ;
#4623 = CARTESIAN_POINT ( 'NONE',  ( -60.89914658054215124, -98.37190182831895413, -23.55066192455300467 ) ) ;
#4624 = CARTESIAN_POINT ( 'NONE',  ( -63.11650226530859698, -90.22944847612960473, -25.39073303799344217 ) ) ;
#4625 = CARTESIAN_POINT ( 'NONE',  ( -14.92867461838635457, -51.28056891944953577, -34.33975166528620093 ) ) ;
#4626 = CARTESIAN_POINT ( 'NONE',  ( -62.47031406906643980, -101.1004453639281166, -18.79424921941684090 ) ) ;
#4627 = CARTESIAN_POINT ( 'NONE',  ( -59.61377789200984267, -106.6211510459854281, -20.11785215745010191 ) ) ;
#4628 = CARTESIAN_POINT ( 'NONE',  ( -61.06883953180935976, -93.37457997584144209, -23.55449344711691850 ) ) ;
#4629 = CARTESIAN_POINT ( 'NONE',  ( -11.11161149087995170, -48.10313835605828103, -30.45301831650126090 ) ) ;
#4630 = CARTESIAN_POINT ( 'NONE',  ( -53.59279277654006535, -119.9146352532829667, -26.76839242748487635 ) ) ;
#4631 = CARTESIAN_POINT ( 'NONE',  ( -59.44630343364396907, -105.2086127455043965, -23.97564529725236682 ) ) ;
#4632 = CARTESIAN_POINT ( 'NONE',  ( -2.052390346858021353, -1.055191505346216196, -4.339499307443706044 ) ) ;
#4633 = CARTESIAN_POINT ( 'NONE',  ( -63.84197097766285367, -97.37771370214670696, -18.54643862913435726 ) ) ;
#4634 = CARTESIAN_POINT ( 'NONE',  ( -65.05140390184946853, -106.0078012949051782, -21.13763566274620587 ) ) ;
#4635 = CARTESIAN_POINT ( 'NONE',  ( -59.80396055023346236, -110.1639441424996875, -19.54713055649169107 ) ) ;
#4636 = CARTESIAN_POINT ( 'NONE',  ( -60.08781435731826548, -89.06558764430924668, -23.09871456119075006 ) ) ;
#4637 = CARTESIAN_POINT ( 'NONE',  ( -53.91147961660364984, -120.6872422832005896, -27.36847342089098589 ) ) ;
#4638 = CARTESIAN_POINT ( 'NONE',  ( -54.39036324305126158, -127.6052248090009442, -22.86312323191423701 ) ) ;
#4639 = CARTESIAN_POINT ( 'NONE',  ( -66.18138841230903324, -98.33996037831738590, -23.33460328388967753 ) ) ;
#4640 = CARTESIAN_POINT ( 'NONE',  ( -59.38506579752988301, -107.3077787597001986, -20.18823139091919572 ) ) ;
#4641 = SHAPE_DEFINITION_REPRESENTATION ( #1600, #727 ) ;
#4642 = CARTESIAN_POINT ( 'NONE',  ( -19.67809147144733473, -48.47851504730562766, -30.63994496653114297 ) ) ;
#4643 = VERTEX_POINT ( 'NONE', #2436 ) ;
#4644 = CARTESIAN_POINT ( 'NONE',  ( -31.17547112905397810, -59.88524334727668474, -34.09728282848442404 ) ) ;
#4645 = CARTESIAN_POINT ( 'NONE',  ( 4.261263986352529010, -5.622614445760651947, -6.550550017459542573 ) ) ;
#4646 = CARTESIAN_POINT ( 'NONE',  ( -60.75498278285295584, -101.4480378067555790, -24.39100333392541842 ) ) ;
#4647 = CARTESIAN_POINT ( 'NONE',  ( -56.61369773018303420, -125.2422257169642563, -23.74039074678985628 ) ) ;
#4648 = CARTESIAN_POINT ( 'NONE',  ( -54.70674839375784870, -73.31149589298169644, -28.30443222505484613 ) ) ;
#4649 = CARTESIAN_POINT ( 'NONE',  ( -1.703317508700373795, -17.20668016884190621, -19.54974551633124236 ) ) ;
#4650 = CARTESIAN_POINT ( 'NONE',  ( -60.50367552115939418, -101.2567417279500859, -20.44334233101247378 ) ) ;
#4651 = CARTESIAN_POINT ( 'NONE',  ( -55.76968203507074406, -114.7341014879343959, -25.19316251293669495 ) ) ;
#4652 = CARTESIAN_POINT ( 'NONE',  ( -50.07930491522405703, -75.25034321124802261, -26.63892991844380376 ) ) ;
#4653 = CARTESIAN_POINT ( 'NONE',  ( -56.57499336577995308, -78.27283653635140581, -27.65656861914643372 ) ) ;
#4654 = CARTESIAN_POINT ( 'NONE',  ( -10.00639682802561126, -46.12724909516378347, -33.81301143978324575 ) ) ;
#4655 = CARTESIAN_POINT ( 'NONE',  ( -58.31349449956595521, -78.87655711217934140, -27.31874077037424442 ) ) ;
#4656 = CARTESIAN_POINT ( 'NONE',  ( -55.63486093582080372, -116.3029742750102287, -21.40537178789229600 ) ) ;
#4657 = CARTESIAN_POINT ( 'NONE',  ( -44.84533426953402113, -71.56514916228911716, -27.22431834635048631 ) ) ;
#4658 = CARTESIAN_POINT ( 'NONE',  ( -59.83008577822786833, -87.26744891689087069, -24.02836277768269468 ) ) ;
#4659 = CARTESIAN_POINT ( 'NONE',  ( 4.228976036360352353, -19.81480381879963915, -22.97991972814853412 ) ) ;
#4660 = CARTESIAN_POINT ( 'NONE',  ( -50.55215509771214499, -124.5812083495677598, -27.01833208890043991 ) ) ;
#4661 = CARTESIAN_POINT ( 'NONE',  ( -59.81743807287908510, -111.6769610466132008, -26.17272122099648968 ) ) ;
#4662 = CARTESIAN_POINT ( 'NONE',  ( -17.66429909863537162, -46.52644156575623668, -30.51887540503481233 ) ) ;
#4663 = CARTESIAN_POINT ( 'NONE',  ( -64.33534783330460982, -108.3706736558094121, -21.32645581306962157 ) ) ;
#4664 = CARTESIAN_POINT ( 'NONE',  ( -58.86338937997052767, -112.5013869998969938, -19.84083974027127795 ) ) ;
#4665 = CARTESIAN_POINT ( 'NONE',  ( -50.40514529821550838, -75.58726779094840253, -25.76576275419306938 ) ) ;
#4666 = CARTESIAN_POINT ( 'NONE',  ( -60.33006352474480138, -105.7410438621590743, -25.21990687914742679 ) ) ;
#4667 = CARTESIAN_POINT ( 'NONE',  ( -53.41486642838937371, -70.72082211503669669, -23.83606449011888984 ) ) ;
#4668 = CARTESIAN_POINT ( 'NONE',  ( -66.35244089692930913, -93.82138779870884093, -23.41002738661092053 ) ) ;
#4669 = CARTESIAN_POINT ( 'NONE',  ( -50.43526108824625709, -125.8244987651958837, -23.19682965390953910 ) ) ;
#4670 = DATE_TIME_ROLE ( 'classification_date' ) ;
#4671 = CARTESIAN_POINT ( 'NONE',  ( -63.90125142473534936, -91.98329740029706159, -18.68099816944754821 ) ) ;
#4672 = CARTESIAN_POINT ( 'NONE',  ( -0.8508480103472355616, 3.250000000000000444, 0.000000000000000000 ) ) ;
#4673 = CARTESIAN_POINT ( 'NONE',  ( -49.71762025086547965, -125.9936430154954508, -24.04444388363462792 ) ) ;
#4674 = CARTESIAN_POINT ( 'NONE',  ( -58.70079310499134095, -108.6361844127254983, -25.03211035641766813 ) ) ;
#4675 = CARTESIAN_POINT ( 'NONE',  ( -61.94555945433550193, -114.6277064183154693, -22.02756204041218524 ) ) ;
#4676 = CARTESIAN_POINT ( 'NONE',  ( -50.58541382012542442, -70.60800925462285704, -29.56814065110094347 ) ) ;
#4677 = CARTESIAN_POINT ( 'NONE',  ( -55.11961536218376523, -126.3669976446530825, -22.61765768347933303 ) ) ;
#4678 = CARTESIAN_POINT ( 'NONE',  ( -60.34308125031453329, -101.9981265665209804, -20.48790010374148451 ) ) ;
#4679 = CARTESIAN_POINT ( 'NONE',  ( -50.62751043802403217, -124.4529721114528087, -26.99161574384863016 ) ) ;
#4680 = CARTESIAN_POINT ( 'NONE',  ( -61.10700360997306291, -95.46318726379824682, -23.51597805823642773 ) ) ;
#4681 = CARTESIAN_POINT ( 'NONE',  ( 3.186750334491772918, -1.764121826993132025, -9.117245083683139129 ) ) ;
#4682 = CARTESIAN_POINT ( 'NONE',  ( -64.40452428664349327, -94.33359770595369298, -25.00866971163159036 ) ) ;
#4683 = CARTESIAN_POINT ( 'NONE',  ( 2.589710279454955799, -5.170395089751531614, -4.111190342161137323 ) ) ;
#4684 = CARTESIAN_POINT ( 'NONE',  ( -50.07930491522405703, -75.25034321124802261, -26.63892991844380376 ) ) ;
#4685 = CARTESIAN_POINT ( 'NONE',  ( 5.194692664009377125, -6.195817402267189244, -9.673870763882021606 ) ) ;
#4686 = CARTESIAN_POINT ( 'NONE',  ( -49.78337013154695967, -125.8758053943446242, -27.29335480150891868 ) ) ;
#4687 = CARTESIAN_POINT ( 'NONE',  ( -58.91302863842684445, -113.8302205281451336, -26.46650329011365343 ) ) ;
#4688 = CARTESIAN_POINT ( 'NONE',  ( -43.66721823653764289, -64.22853707475479723, -26.42716196131010875 ) ) ;
#4689 = CARTESIAN_POINT ( 'NONE',  ( -63.15703871431116312, -93.42810033981197648, -18.74695120774335777 ) ) ;
#4690 = EDGE_CURVE ( 'NONE', #3250, #1369, #2129, .T. ) ;
#4691 = CARTESIAN_POINT ( 'NONE',  ( -41.46347719078445948, -69.15369207943848551, -27.01803422974757396 ) ) ;
#4692 = CARTESIAN_POINT ( 'NONE',  ( -18.88949619396336033, -54.75261086064453053, -30.30601273250500327 ) ) ;
#4693 = CARTESIAN_POINT ( 'NONE',  ( -11.38126012534489462, -49.16600135456579324, -31.96289397654921416 ) ) ;
#4694 = CARTESIAN_POINT ( 'NONE',  ( -56.52348229194762297, -81.07395258398896942, -25.89142050414389473 ) ) ;
#4695 = CARTESIAN_POINT ( 'NONE',  ( -12.46284469241664716, -49.59833058510626813, -33.49086083273174808 ) ) ;
#4696 = CARTESIAN_POINT ( 'NONE',  ( -1.244496774955764495, -5.927867597364418373, -7.861943731767630617 ) ) ;
#4697 = CARTESIAN_POINT ( 'NONE',  ( -66.08580044852196522, -99.17517259278859854, -23.34429935093860919 ) ) ;
#4698 = CARTESIAN_POINT ( 'NONE',  ( -53.91435633611121148, -119.6890476312666607, -21.98917465295049567 ) ) ;
#4699 = PERSON_AND_ORGANIZATION_ROLE ( 'creator' ) ;
#4700 = CARTESIAN_POINT ( 'NONE',  ( -16.43158933122208865, -45.32738421339352897, -30.43666089178846690 ) ) ;
#4701 = ORIENTED_EDGE ( 'NONE', *, *, #2265, .F. ) ;
#4702 = CARTESIAN_POINT ( 'NONE',  ( 2.419689336623207954, -9.999237217363774022, -18.67923643554825830 ) ) ;
#4703 = CARTESIAN_POINT ( 'NONE',  ( -41.82830789299140406, -137.9775037004715159, -26.89261324210603021 ) ) ;
#4704 = CARTESIAN_POINT ( 'NONE',  ( -51.16372930559617771, -124.2602358594790246, -27.62348998309094128 ) ) ;
#4705 = CARTESIAN_POINT ( 'NONE',  ( -0.9891526870774952629, -10.66207450011068580, -14.93615215771182569 ) ) ;
#4706 = CARTESIAN_POINT ( 'NONE',  ( -65.34375566437834948, -89.70382200933165961, -24.41659254258279077 ) ) ;
#4707 = CARTESIAN_POINT ( 'NONE',  ( -55.33329187946694816, -125.9986585763462301, -22.54575277807364131 ) ) ;
#4708 = CARTESIAN_POINT ( 'NONE',  ( -12.00499157612473411, -40.24282601693021633, -32.40176505198785861 ) ) ;
#4709 = CARTESIAN_POINT ( 'NONE',  ( 4.680782848234595228, -10.51491043664164415, -12.23599273834911294 ) ) ;
#4710 =( NAMED_UNIT ( * ) PLANE_ANGLE_UNIT ( ) SI_UNIT ( $, .RADIAN. ) );
#4711 = CARTESIAN_POINT ( 'NONE',  ( -51.90038634830611386, -76.71893968746051939, -26.31094416538809355 ) ) ;
#4712 = CARTESIAN_POINT ( 'NONE',  ( -53.44281802213357935, -124.5815842311107673, -28.32513999622117140 ) ) ;
#4713 = CARTESIAN_POINT ( 'NONE',  ( -63.97871246689694402, -100.2915341097441484, -25.02303446875642834 ) ) ;
#4714 = CARTESIAN_POINT ( 'NONE',  ( 3.258923406423104296, -10.40377199464139224, -10.83967567834005941 ) ) ;
#4715 = CARTESIAN_POINT ( 'NONE',  ( -50.55215509771214499, -124.5812083495677598, -27.01833208890043991 ) ) ;
#4716 = CARTESIAN_POINT ( 'NONE',  ( -16.05449542753289194, -52.89359601034081493, -30.82681879989143070 ) ) ;
#4717 = CARTESIAN_POINT ( 'NONE',  ( -50.83300910913339266, -124.1015148758466751, -26.91866366886466722 ) ) ;
#4718 = CARTESIAN_POINT ( 'NONE',  ( -59.14169148704506540, -113.3017857120719611, -26.39171028368120986 ) ) ;
#4719 = CARTESIAN_POINT ( 'NONE',  ( -63.92787734713981251, -96.27012964488436353, -18.54753544014624111 ) ) ;
#4720 = CARTESIAN_POINT ( 'NONE',  ( -2.795508085709169421, -30.17763029071926795, -24.31476391675131410 ) ) ;
#4721 = CARTESIAN_POINT ( 'NONE',  ( -60.42055072225397794, -99.34307989941120809, -22.87457881233087775 ) ) ;
#4722 = CARTESIAN_POINT ( 'NONE',  ( -43.27372778572759415, -135.1570957524826895, -27.90287777822723214 ) ) ;
#4723 = CARTESIAN_POINT ( 'NONE',  ( -50.89041408775739228, -75.24572491769809801, -28.13195664795116002 ) ) ;
#4724 = CARTESIAN_POINT ( 'NONE',  ( -57.85833032373118101, -79.66625341432317953, -27.24477870053473438 ) ) ;
#4725 = CARTESIAN_POINT ( 'NONE',  ( -52.54123892834271459, -130.6422836034813599, -23.49154679905173992 ) ) ;
#4726 = CARTESIAN_POINT ( 'NONE',  ( 0.06744855407571624661, -8.552675527691929958, -15.97493585866844867 ) ) ;
#4727 = CARTESIAN_POINT ( 'NONE',  ( -50.35769306472218432, -125.9538064022908088, -23.22404697102289006 ) ) ;
#4728 = CARTESIAN_POINT ( 'NONE',  ( -55.73587784699004999, -126.9422800257452906, -24.95154966206418123 ) ) ;
#4729 = CARTESIAN_POINT ( 'NONE',  ( -52.62656751752326301, -126.4197176602598915, -21.99045229651281019 ) ) ;
#4730 = CARTESIAN_POINT ( 'NONE',  ( -2.117187561749644509, -1.898853097176846694, -4.249202366316243484 ) ) ;
#4731 = CARTESIAN_POINT ( 'NONE',  ( -38.86854385728047845, -64.63114948091902079, -32.59973205843665056 ) ) ;
#4732 = CARTESIAN_POINT ( 'NONE',  ( -19.48106762332710318, -54.35951396207372710, -29.74974968244009332 ) ) ;
#4733 = CARTESIAN_POINT ( 'NONE',  ( -6.634242491546322285, -43.44181716442725616, -31.36020637696918101 ) ) ;
#4734 = CARTESIAN_POINT ( 'NONE',  ( -47.95815524207456804, -138.9407330756895931, -26.71517270390062393 ) ) ;
#4735 = CARTESIAN_POINT ( 'NONE',  ( -64.58140397859716586, -104.2544018502630081, -24.29202254533896976 ) ) ;
#4736 = CARTESIAN_POINT ( 'NONE',  ( -61.41915858690927621, -105.3879414470453355, -19.06901084342938901 ) ) ;
#4737 = CARTESIAN_POINT ( 'NONE',  ( -46.83027195438147317, -139.2654334234144642, -25.48301268167243805 ) ) ;
#4738 = CARTESIAN_POINT ( 'NONE',  ( -39.41391273956072183, -61.05449846413031878, -30.47820743854653358 ) ) ;
#4739 = CARTESIAN_POINT ( 'NONE',  ( -50.59147790550008494, -75.39609353253059965, -24.89144215985120212 ) ) ;
#4740 = APPROVAL_DATE_TIME ( #2863, #1654 ) ;
#4741 = CARTESIAN_POINT ( 'NONE',  ( -60.12791209719281227, -102.6588173831651432, -23.76634532275226519 ) ) ;
#4742 = CARTESIAN_POINT ( 'NONE',  ( -54.04438722891578095, -74.84557492129064826, -28.67867075591156834 ) ) ;
#4743 = CARTESIAN_POINT ( 'NONE',  ( -27.49488440093381314, -58.63429054315825084, -28.62587255500906025 ) ) ;
#4744 = CARTESIAN_POINT ( 'NONE',  ( -65.36431132519203402, -85.39004553792824481, -22.59164734585548473 ) ) ;
#4745 = CARTESIAN_POINT ( 'NONE',  ( 4.358204758292115955, -2.419614916423941775, -4.472233208863963583 ) ) ;
#4746 = CARTESIAN_POINT ( 'NONE',  ( -61.11111174307013982, -94.54687189873622799, -23.52617231893239236 ) ) ;
#4747 = CARTESIAN_POINT ( 'NONE',  ( -51.56869658326804284, -122.8259475251304025, -26.65807063455801540 ) ) ;
#4748 = CARTESIAN_POINT ( 'NONE',  ( -63.55108944306203966, -96.04359923821610323, -25.12537578659082271 ) ) ;
#4749 = CARTESIAN_POINT ( 'NONE',  ( -56.60964466697552666, -119.2504148838546598, -20.64721092788118639 ) ) ;
#4750 = CARTESIAN_POINT ( 'NONE',  ( -50.42195939070607125, -128.4606484745993100, -22.67927638284033165 ) ) ;
#4751 = CARTESIAN_POINT ( 'NONE',  ( -58.38681323303080006, -107.3611442587826161, -23.49919451380883828 ) ) ;
#4752 = CARTESIAN_POINT ( 'NONE',  ( -49.33567731632130915, -125.7543822204950601, -25.70658928807253218 ) ) ;
#4753 = CARTESIAN_POINT ( 'NONE',  ( -61.90250003082852714, -92.04318419743778179, -24.86593538286915006 ) ) ;
#4754 = CARTESIAN_POINT ( 'NONE',  ( -48.29105176891469142, -73.93901920880880141, -27.67564793401991352 ) ) ;
#4755 = CARTESIAN_POINT ( 'NONE',  ( -45.91759814046277199, -71.02055180874396001, -30.04754574233149000 ) ) ;
#4756 = CARTESIAN_POINT ( 'NONE',  ( -59.32849525254572853, -76.78405928259253699, -21.65184088897353831 ) ) ;
#4757 = CARTESIAN_POINT ( 'NONE',  ( -58.26268701699383712, -121.4856895351098984, -25.63520544967068204 ) ) ;
#4759 = CARTESIAN_POINT ( 'NONE',  ( -55.85905495893770478, -125.8474925206206620, -26.43984596251618768 ) ) ;
#4758 = CARTESIAN_POINT ( 'NONE',  ( 2.685924665909224629, -5.529604068909880432, -4.669327570709047137 ) ) ;
#4760 = CARTESIAN_POINT ( 'NONE',  ( -8.700137933596696627, -35.85406269702781401, -31.74882419580422876 ) ) ;
#4761 = CARTESIAN_POINT ( 'NONE',  ( -52.19082173922392087, -127.1476614056661560, -22.14013734483666340 ) ) ;
#4762 = CARTESIAN_POINT ( 'NONE',  ( -65.69654516328408533, -97.72672931622834369, -24.06719177993965886 ) ) ;
#4763 = CARTESIAN_POINT ( 'NONE',  ( -59.91898785307575537, -101.7057109688236380, -22.10976333796854831 ) ) ;
#4764 = CARTESIAN_POINT ( 'NONE',  ( -51.08870511709441331, -124.3888156544797852, -27.65002970627880785 ) ) ;
#4765 = CARTESIAN_POINT ( 'NONE',  ( -1.731223722801785048, -4.008971388270937908, -6.390555241686890042 ) ) ;
#4766 = CARTESIAN_POINT ( 'NONE',  ( -60.46989133014254492, -115.7665106286634824, -25.51610482060715412 ) ) ;
#4767 = CARTESIAN_POINT ( 'NONE',  ( -62.22021404452003424, -102.2924135183678374, -18.85454709261752626 ) ) ;
#4768 = CARTESIAN_POINT ( 'NONE',  ( -59.76952968032164648, -77.35227561151842224, -21.48809160521695460 ) ) ;
#4769 = CARTESIAN_POINT ( 'NONE',  ( -66.09594092150462075, -89.95661897539415008, -20.45564870486251507 ) ) ;
#4770 = CARTESIAN_POINT ( 'NONE',  ( -50.34548737735326540, -75.17580236317317599, -24.93336029577022117 ) ) ;
#4771 = CARTESIAN_POINT ( 'NONE',  ( -49.78337013154695967, -125.8758053943446242, -27.29335480150891868 ) ) ;
#4772 = CARTESIAN_POINT ( 'NONE',  ( -46.77916103787114110, -70.56243369860423797, -30.35142863189634355 ) ) ;
#4773 = CARTESIAN_POINT ( 'NONE',  ( -18.98351432395812211, -47.42770735779387792, -32.87166775782168315 ) ) ;
#4774 = CARTESIAN_POINT ( 'NONE',  ( -50.86280309743668226, -74.23520915808192910, -23.61918257763800000 ) ) ;
#4775 = CARTESIAN_POINT ( 'NONE',  ( -66.74214293034199841, -92.03652494392378003, -21.88468141784058574 ) ) ;
#4776 = CARTESIAN_POINT ( 'NONE',  ( -50.76476685020355717, -124.2184780667852380, -26.94288120088261707 ) ) ;
#4777 = CARTESIAN_POINT ( 'NONE',  ( -60.93968903156418548, -91.94161346712671445, -23.61520753515232585 ) ) ;
#4778 = CARTESIAN_POINT ( 'NONE',  ( 5.191798209659642005, -4.476885115428754780, -8.749949246575470241 ) ) ;
#4779 = CARTESIAN_POINT ( 'NONE',  ( -34.11895801511456483, -60.68365563766496251, -33.52894587201656407 ) ) ;
#4780 = CARTESIAN_POINT ( 'NONE',  ( -63.18699113142214685, -101.7031621939436121, -18.66106175986988447 ) ) ;
#4781 = CARTESIAN_POINT ( 'NONE',  ( -51.67343290608472017, -126.4061296110465520, -22.24424853238257072 ) ) ;
#4782 = CARTESIAN_POINT ( 'NONE',  ( -56.38510106604237393, -112.4919578854975697, -24.16386080610993048 ) ) ;
#4783 = CARTESIAN_POINT ( 'NONE',  ( -59.06188953179287893, -86.02998917782991839, -23.45150107396674599 ) ) ;
#4784 = CARTESIAN_POINT ( 'NONE',  ( -43.91357085937911364, -70.02292773152169048, -30.37105557489936913 ) ) ;
#4785 = CARTESIAN_POINT ( 'NONE',  ( -64.99440766415895609, -99.94629129794718381, -18.94870207222487934 ) ) ;
#4786 = CARTESIAN_POINT ( 'NONE',  ( -1.488794532498773471, -0.5616491602422308826, -5.050410688646909563 ) ) ;
#4787 = CARTESIAN_POINT ( 'NONE',  ( -11.43246926972537381, -44.47561856122451474, -28.56358266277334579 ) ) ;
#4788 = CARTESIAN_POINT ( 'NONE',  ( -14.58280098570753935, -44.17886255160233588, -33.87727675776493896 ) ) ;
#4789 = CARTESIAN_POINT ( 'NONE',  ( -61.69317281362023664, -107.2865955764852117, -19.05521844582756330 ) ) ;
#4790 = CARTESIAN_POINT ( 'NONE',  ( -40.78144364680039757, -65.71228142839451891, -32.15417475188969831 ) ) ;
#4791 = CARTESIAN_POINT ( 'NONE',  ( -59.12392507907154027, -86.08864755387519097, -22.54017890686643355 ) ) ;
#4792 = CARTESIAN_POINT ( 'NONE',  ( 5.138538029602502277, -4.507351283810579368, -10.05805479438893890 ) ) ;
#4793 = CARTESIAN_POINT ( 'NONE',  ( -52.65661466004254976, -69.55031991877143582, -24.96968008639514380 ) ) ;
#4794 = CARTESIAN_POINT ( 'NONE',  ( -56.25902940595524626, -124.0712014649581789, -26.90501100587528427 ) ) ;
#4795 = CARTESIAN_POINT ( 'NONE',  ( 2.292921282001545435, -8.850832798164733006, -8.749025586405712929 ) ) ;
#4796 = CARTESIAN_POINT ( 'NONE',  ( -53.33286747385744775, -71.37559215684007086, -28.34720498068467975 ) ) ;
#4797 = CARTESIAN_POINT ( 'NONE',  ( -59.32849525254572853, -76.78405928259253699, -21.65184088897353831 ) ) ;
#4798 = CARTESIAN_POINT ( 'NONE',  ( -66.36819732370905456, -92.54167647925038409, -20.27043378391626405 ) ) ;
#4799 = CARTESIAN_POINT ( 'NONE',  ( 4.290792879611131205, -15.58485755849458521, -16.68929702747674426 ) ) ;
#4800 = CARTESIAN_POINT ( 'NONE',  ( -58.84878693280552397, -107.1072129015535381, -24.16706405319196804 ) ) ;
#4801 = CARTESIAN_POINT ( 'NONE',  ( -51.81967642923517303, -73.26631854367744268, -29.28545957501610530 ) ) ;
#4802 = CARTESIAN_POINT ( 'NONE',  ( -60.87168228902188361, -77.95238284320801370, -21.85665935287766359 ) ) ;
#4803 = CARTESIAN_POINT ( 'NONE',  ( -50.11270399066299319, -73.50646778272347603, -23.79995629084129050 ) ) ;
#4804 = CARTESIAN_POINT ( 'NONE',  ( -63.36454965439101983, -111.3662079325807781, -22.50886420414909850 ) ) ;
#4805 = CARTESIAN_POINT ( 'NONE',  ( -56.36243562834467014, -113.4338458857758809, -24.99143651199414862 ) ) ;
#4806 = CARTESIAN_POINT ( 'NONE',  ( -60.48293986215488616, -101.0057304377976237, -23.66175848608982335 ) ) ;
#4807 = CARTESIAN_POINT ( 'NONE',  ( -49.38958796171566235, -131.6436322576447253, -23.11233337764550555 ) ) ;
#4808 = CARTESIAN_POINT ( 'NONE',  ( -50.87352885463015895, -127.7263359952647050, -22.52193337452908750 ) ) ;
#4809 = CARTESIAN_POINT ( 'NONE',  ( -60.14348643379469195, -100.9272314167340738, -22.95142608850022370 ) ) ;
#4810 = CARTESIAN_POINT ( 'NONE',  ( -60.51655480996075909, -98.66515160944236129, -22.84953006214536231 ) ) ;
#4811 = CARTESIAN_POINT ( 'NONE',  ( -60.64561249858383718, -86.93065795248466543, -25.35089846250086865 ) ) ;
#4812 = CARTESIAN_POINT ( 'NONE',  ( -57.92484772193312637, -82.95985651627893276, -25.46607281711431270 ) ) ;
#4813 = CARTESIAN_POINT ( 'NONE',  ( -49.75702821456847147, -73.02366385528900139, -29.43173452142924162 ) ) ;
#4814 = CARTESIAN_POINT ( 'NONE',  ( -63.03362273278190031, -107.9237331470194192, -19.42162637202500264 ) ) ;
#4815 = CARTESIAN_POINT ( 'NONE',  ( -55.78774553031671246, -125.9716904331699965, -26.46392096710479791 ) ) ;
#4816 = CARTESIAN_POINT ( 'NONE',  ( -0.5661356729229939377, -11.08875615419559502, -17.47261572655115103 ) ) ;
#4817 = CARTESIAN_POINT ( 'NONE',  ( -63.97732071763567774, -95.14998132570478617, -18.56192307251735585 ) ) ;
#4818 = CARTESIAN_POINT ( 'NONE',  ( -62.40032878928136029, -81.81195650884205861, -25.63517770623817782 ) ) ;
#4819 = CARTESIAN_POINT ( 'NONE',  ( -60.03161054743026881, -101.1729841387870721, -22.07688014100576623 ) ) ;
#4820 = CARTESIAN_POINT ( 'NONE',  ( -51.30035677220995893, -124.0250972451848099, -27.57509214573932255 ) ) ;
#4821 = CARTESIAN_POINT ( 'NONE',  ( -11.60408305555243658, -39.00436267195166806, -31.38024670924577464 ) ) ;
#4822 = CARTESIAN_POINT ( 'NONE',  ( -61.31086124695393380, -113.8426291262187249, -25.25039704405771346 ) ) ;
#4823 = CARTESIAN_POINT ( 'NONE',  ( 0.9946918116206387994, -20.16262664360458601, -18.83710513351492821 ) ) ;
#4824 = CARTESIAN_POINT ( 'NONE',  ( -65.90976872313817125, -100.4218286524959183, -23.37058709706728621 ) ) ;
#4825 = CARTESIAN_POINT ( 'NONE',  ( -65.02598266187570175, -99.73936803502780890, -18.94374683597382614 ) ) ;
#4826 = CARTESIAN_POINT ( 'NONE',  ( -64.45436790221793899, -83.88071749637394703, -21.23689090613627073 ) ) ;
#4827 = CARTESIAN_POINT ( 'NONE',  ( -0.4138314215138135799, -30.70489547372424255, -25.14944921869665961 ) ) ;
#4828 = CARTESIAN_POINT ( 'NONE',  ( -57.36229016328962871, -111.1062158750394673, -24.65555297262093148 ) ) ;
#4829 = CARTESIAN_POINT ( 'NONE',  ( -50.92089836121109414, -72.70852489653367456, -29.50397935524343040 ) ) ;
#4830 = CARTESIAN_POINT ( 'NONE',  ( -61.88871829783322909, -113.8363255490796604, -24.47336349285209423 ) ) ;
#4831 = CARTESIAN_POINT ( 'NONE',  ( -0.9891526870774952629, -10.66207450011068580, -14.93615215771182569 ) ) ;
#4832 = CARTESIAN_POINT ( 'NONE',  ( -55.49843329709106143, -115.3648579014593736, -22.03712866656965730 ) ) ;
#4833 = CARTESIAN_POINT ( 'NONE',  ( -66.68888634210709654, -97.97000318777756434, -21.70755949143807229 ) ) ;
#4834 = CARTESIAN_POINT ( 'NONE',  ( 5.405503715077475846, -9.047019928741452333, -12.80587001988692997 ) ) ;
#4835 = CARTESIAN_POINT ( 'NONE',  ( -55.23994564804051777, -115.8561811252806990, -25.37533432374965159 ) ) ;
#4836 = CARTESIAN_POINT ( 'NONE',  ( -23.66698937118425050, -54.38778498142139028, -34.86188860928441358 ) ) ;
#4837 = CARTESIAN_POINT ( 'NONE',  ( -57.79158781055191696, -116.8651357212440445, -20.26133636919530190 ) ) ;
#4838 = CARTESIAN_POINT ( 'NONE',  ( 1.720628341679367956, -5.449951472813800102, -4.045003547972811475 ) ) ;
#4839 = CARTESIAN_POINT ( 'NONE',  ( -59.18016694476854411, -104.8601358492238944, -23.24452078761987295 ) ) ;
#4840 = CARTESIAN_POINT ( 'NONE',  ( -60.07139173366670803, -101.2872558815678730, -22.97232427844622293 ) ) ;
#4841 = CARTESIAN_POINT ( 'NONE',  ( -60.85320157902837224, -103.8648788186695242, -25.06022058950805942 ) ) ;
#4842 = CARTESIAN_POINT ( 'NONE',  ( 4.709459278186787223, -3.601775776663232786, -6.274299660075625340 ) ) ;
#4843 = CARTESIAN_POINT ( 'NONE',  ( -63.36312104112744237, -91.76369199174951063, -25.27627586152151196 ) ) ;
#4844 = CARTESIAN_POINT ( 'NONE',  ( -65.42435827987264929, -95.55795365226921945, -18.93410038121459493 ) ) ;
#4845 = CARTESIAN_POINT ( 'NONE',  ( -52.04945640156897468, -69.28180213532888843, -27.63358087043732070 ) ) ;
#4846 = CARTESIAN_POINT ( 'NONE',  ( -57.68391749924051481, -123.4967939710804643, -24.30129616618448907 ) ) ;
#4847 = CARTESIAN_POINT ( 'NONE',  ( -24.57590002154675801, -53.20294093756876919, -34.11162408331039586 ) ) ;
#4848 = CARTESIAN_POINT ( 'NONE',  ( -63.84197097766285367, -97.37771370214670696, -18.54643862913435726 ) ) ;
#4849 = CARTESIAN_POINT ( 'NONE',  ( -52.11778280097162508, -71.49736414300404874, -29.11304896355078498 ) ) ;
#4850 = CARTESIAN_POINT ( 'NONE',  ( -55.76603436975926087, -80.59678583675191987, -23.58764302078624553 ) ) ;
#4851 = CARTESIAN_POINT ( 'NONE',  ( -42.73481207813085092, -70.50935500333609696, -28.29563952278422079 ) ) ;
#4852 = CARTESIAN_POINT ( 'NONE',  ( -40.12890744952486699, -68.91141337517103693, -29.64741890665479573 ) ) ;
#4853 = CARTESIAN_POINT ( 'NONE',  ( -48.95654322135130343, -66.73075100367817925, -26.70153123149895080 ) ) ;
#4854 = CARTESIAN_POINT ( 'NONE',  ( -65.49200344230737869, -99.55449748986023906, -24.09003779272363133 ) ) ;
#4855 = CARTESIAN_POINT ( 'NONE',  ( -50.11478411661543930, -128.9545344783670373, -22.78661075909311151 ) ) ;
#4856 = CARTESIAN_POINT ( 'NONE',  ( -64.61838591569910761, -83.47485240908336834, -22.91329783313556945 ) ) ;
#4857 = CARTESIAN_POINT ( 'NONE',  ( -65.72965068868701621, -101.4890563961749450, -23.40421628320098790 ) ) ;
#4858 = CARTESIAN_POINT ( 'NONE',  ( -62.09966994564170051, -80.88152636119397698, -20.57970317891924239 ) ) ;
#4859 = CARTESIAN_POINT ( 'NONE',  ( -62.17278241321324828, -113.1434621653311723, -21.15492323232571792 ) ) ;
#4860 = CARTESIAN_POINT ( 'NONE',  ( -57.80736877425694331, -83.51555415909426472, -22.96217988360801954 ) ) ;
#4861 = CARTESIAN_POINT ( 'NONE',  ( -59.50971181471010141, -104.9929034773464451, -23.95594321046003827 ) ) ;
#4862 = CARTESIAN_POINT ( 'NONE',  ( -64.14601597767783403, -99.11319417813201937, -24.99011808805197177 ) ) ;
#4863 = CARTESIAN_POINT ( 'NONE',  ( -58.64005292071134079, -75.16080800717020338, -22.69025557572798846 ) ) ;
#4864 = CARTESIAN_POINT ( 'NONE',  ( -55.92861196127357459, -114.4489867353892549, -21.89252111067644435 ) ) ;
#4865 = CARTESIAN_POINT ( 'NONE',  ( -62.05595634559837492, -114.5843163697293932, -22.90386819779209659 ) ) ;
#4866 = CARTESIAN_POINT ( 'NONE',  ( -60.31121114253276261, -88.75428153593298930, -23.85857933390431285 ) ) ;
#4867 = CARTESIAN_POINT ( 'NONE',  ( -61.00191201092679449, -97.37464458063128347, -23.52763947048332938 ) ) ;
#4868 = CARTESIAN_POINT ( 'NONE',  ( -59.71286418876138669, -107.6903319999020141, -25.41430885891816516 ) ) ;
#4869 = CARTESIAN_POINT ( 'NONE',  ( -13.88596423120111645, -46.88191041110940915, -34.90496567342129453 ) ) ;
#4870 = CARTESIAN_POINT ( 'NONE',  ( -61.38124610897642697, -108.2221472680134440, -19.14507537844207619 ) ) ;
#4871 = CARTESIAN_POINT ( 'NONE',  ( -49.68116202818884375, -72.01282903453387974, -23.61967283453592970 ) ) ;
#4872 = CARTESIAN_POINT ( 'NONE',  ( -50.50226246506034755, -123.9461511616134004, -26.21356897559618915 ) ) ;
#4873 = CARTESIAN_POINT ( 'NONE',  ( -42.66620803459853306, -69.90246928761618506, -26.78337745715889895 ) ) ;
#4874 = CARTESIAN_POINT ( 'NONE',  ( -60.55531972398406282, -102.3848940347263579, -24.44916971704461162 ) ) ;
#4875 = CARTESIAN_POINT ( 'NONE',  ( -31.07797658315350375, -63.47664817030027251, -30.23434654001953703 ) ) ;
#4876 = CARTESIAN_POINT ( 'NONE',  ( -56.98290404472894011, -117.9861473776851994, -27.10967421970144642 ) ) ;
#4877 = CARTESIAN_POINT ( 'NONE',  ( -3.837643537327906529, -36.77899421708799110, -32.06527646924369179 ) ) ;
#4878 = CARTESIAN_POINT ( 'NONE',  ( -62.09966994564170051, -80.88152636119397698, -20.57970317891924239 ) ) ;
#4879 = CARTESIAN_POINT ( 'NONE',  ( -45.71570074459445010, -65.65246505624155304, -30.11293964208511298 ) ) ;
#4880 = CARTESIAN_POINT ( 'NONE',  ( -60.16605486524893820, -76.29404294067265369, -23.79481307666558365 ) ) ;
#4881 = CARTESIAN_POINT ( 'NONE',  ( -0.1282815267133042003, -5.871653188571168691, -12.93471591083187455 ) ) ;
#4882 = CARTESIAN_POINT ( 'NONE',  ( 0.3295457371688002568, -15.44679028082015293, -15.78220627954345012 ) ) ;
#4883 = CARTESIAN_POINT ( 'NONE',  ( -51.84159523436872519, -76.52738900242110276, -24.63556560707445797 ) ) ;
#4884 = CARTESIAN_POINT ( 'NONE',  ( -57.87587799438501435, -81.94125764261657707, -26.24771960389886516 ) ) ;
#4885 = CARTESIAN_POINT ( 'NONE',  ( -61.18158358489657900, -110.4858808047060705, -25.81668446320781740 ) ) ;
#4886 = CARTESIAN_POINT ( 'NONE',  ( -48.36367915736096279, -66.31212778291677523, -26.97385690955083248 ) ) ;
#4887 = CARTESIAN_POINT ( 'NONE',  ( -13.88596423120111645, -46.88191041110940915, -34.90496567342129453 ) ) ;
#4888 = CARTESIAN_POINT ( 'NONE',  ( -55.26502160336699632, -120.0474364040491935, -21.01794495090723913 ) ) ;
#4889 = CARTESIAN_POINT ( 'NONE',  ( -58.13466989076068359, -75.40642287195490212, -26.71453733096011973 ) ) ;
#4890 = CARTESIAN_POINT ( 'NONE',  ( -64.11461445977957396, -104.2230639518142823, -19.13622521525654818 ) ) ;
#4891 = CARTESIAN_POINT ( 'NONE',  ( -56.07937860397991869, -125.4369020682044038, -23.10750133535539064 ) ) ;
#4892 = CARTESIAN_POINT ( 'NONE',  ( -60.73994338300528995, -94.74974211268072111, -21.91486145807452601 ) ) ;
#4893 = CARTESIAN_POINT ( 'NONE',  ( -53.11525028715125529, -77.57913500975875820, -26.86191856068298378 ) ) ;
#4894 = CARTESIAN_POINT ( 'NONE',  ( -61.47428794940560692, -109.6942957903035847, -25.72590833727442217 ) ) ;
#4895 = CARTESIAN_POINT ( 'NONE',  ( -50.12389372075780614, -67.57993285752833401, -26.15443064226660042 ) ) ;
#4896 = CARTESIAN_POINT ( 'NONE',  ( -61.20534092117947722, -96.07693818563267030, -20.28547295105717652 ) ) ;
#4897 = CARTESIAN_POINT ( 'NONE',  ( -51.10077600286626165, -74.46940534774454079, -23.56097704175452279 ) ) ;
#4898 = CARTESIAN_POINT ( 'NONE',  ( -61.02721067451154369, -92.79764066616138507, -23.57541428719974519 ) ) ;
#4899 = PLANE ( 'NONE',  #1252 ) ;
#4900 = CARTESIAN_POINT ( 'NONE',  ( -55.14384057512401682, -126.0356362187488628, -27.28369929189083010 ) ) ;
#4901 = CARTESIAN_POINT ( 'NONE',  ( 0.02537459653291791739, -5.313616347345391233, -3.986614209933713848 ) ) ;
#4902 = CARTESIAN_POINT ( 'NONE',  ( -54.95585777020951213, -77.35402328262236438, -22.05261598584338145 ) ) ;
#4903 = CARTESIAN_POINT ( 'NONE',  ( -7.559664140676567001, -43.98219448883155991, -29.99679486216937008 ) ) ;
#4904 = CARTESIAN_POINT ( 'NONE',  ( -45.06533651861598599, -71.49591414937916056, -26.41064198256053785 ) ) ;
#4905 = CARTESIAN_POINT ( 'NONE',  ( -57.84806805635863469, -110.8689399439988250, -25.31258294528598540 ) ) ;
#4906 = CARTESIAN_POINT ( 'NONE',  ( 5.405503715077475846, -9.047019928741452333, -12.80587001988692997 ) ) ;
#4907 = CARTESIAN_POINT ( 'NONE',  ( -2.669493145673965895, -22.33036107635313172, -25.77864703563124138 ) ) ;
#4908 = CARTESIAN_POINT ( 'NONE',  ( -17.46270118906663171, -53.19734421236909583, -34.48982346370451069 ) ) ;
#4909 = CARTESIAN_POINT ( 'NONE',  ( -59.92029701999241098, -115.8009694125014448, -20.35490761037216956 ) ) ;
#4910 = CARTESIAN_POINT ( 'NONE',  ( -43.82293746780555210, -64.61348018093111989, -30.73082582786732431 ) ) ;
#4911 = CARTESIAN_POINT ( 'NONE',  ( -66.76118754157967317, -95.74924066264577505, -20.85026871198703446 ) ) ;
#4912 = CARTESIAN_POINT ( 'NONE',  ( -9.744601695003622055, -38.88188648139419001, -33.15613636661862529 ) ) ;
#4913 = CARTESIAN_POINT ( 'NONE',  ( -41.06765202684909610, -63.43550294303766890, -26.47170280842829371 ) ) ;
#4914 = CARTESIAN_POINT ( 'NONE',  ( 3.908623045926187256, -2.155966516947254608, -2.561859996852256849 ) ) ;
#4915 = CARTESIAN_POINT ( 'NONE',  ( -40.75079998360069311, -69.26574663143014732, -29.51714917900520874 ) ) ;
#4916 = CARTESIAN_POINT ( 'NONE',  ( -60.01871798367307065, -76.81196386214827498, -22.18246966827391020 ) ) ;
#4917 = CARTESIAN_POINT ( 'NONE',  ( -47.68166873304182474, -68.19440310288216267, -30.20906245312638205 ) ) ;
#4918 = CARTESIAN_POINT ( 'NONE',  ( 2.217574778510182476, -8.045555257542824634, -7.749917188062550366 ) ) ;
#4919 = CARTESIAN_POINT ( 'NONE',  ( -64.99179599173920963, -106.5185829582764967, -22.05446428328093234 ) ) ;
#4920 = CARTESIAN_POINT ( 'NONE',  ( -61.75227055405650134, -111.4942984957819050, -19.79135366062658008 ) ) ;
#4921 = CARTESIAN_POINT ( 'NONE',  ( -61.34305064753279879, -115.0915459676183303, -21.40883096427392118 ) ) ;
#4922 = CARTESIAN_POINT ( 'NONE',  ( -55.19292684072170374, -114.9375610173065354, -23.65158621738797962 ) ) ;
#4923 = CARTESIAN_POINT ( 'NONE',  ( -15.52763508531995740, -52.99014687340012841, -31.48528089347723480 ) ) ;
#4924 = CARTESIAN_POINT ( 'NONE',  ( -46.52729475132855441, -137.0910814962069821, -30.85090866790550379 ) ) ;
#4925 = CARTESIAN_POINT ( 'NONE',  ( -63.39744651272301468, -108.8693837585678210, -19.99696812958383063 ) ) ;
#4926 = CARTESIAN_POINT ( 'NONE',  ( -59.97314579843727955, -103.5181749267221250, -20.59462915625599067 ) ) ;
#4927 = CARTESIAN_POINT ( 'NONE',  ( -60.93980066635403858, -98.75787238420990377, -20.33211718629013731 ) ) ;
#4928 = CARTESIAN_POINT ( 'NONE',  ( -47.83797357062248778, -73.59088667209309165, -26.90320176505130334 ) ) ;
#4929 = CARTESIAN_POINT ( 'NONE',  ( -50.62751043802403217, -124.4529721114528087, -26.99161574384863016 ) ) ;
#4930 = CARTESIAN_POINT ( 'NONE',  ( -10.53772856463010577, -48.09046355825109487, -31.08486506286079987 ) ) ;
#4931 = CARTESIAN_POINT ( 'NONE',  ( -51.96760523942752741, -124.1614407829104891, -28.04982526629322592 ) ) ;
#4932 = CARTESIAN_POINT ( 'NONE',  ( -61.13669285056703018, -114.2505356289663752, -25.30507463221130138 ) ) ;
#4933 = CARTESIAN_POINT ( 'NONE',  ( -33.35000867819442760, -59.29097709330383026, -27.93775943214505730 ) ) ;
#4934 = CARTESIAN_POINT ( 'NONE',  ( -52.64526418570967081, -74.95600035971102670, -22.75063778819436777 ) ) ;
#4935 = CARTESIAN_POINT ( 'NONE',  ( -46.96588681580454505, -129.7278691467676310, -27.48511495290145135 ) ) ;
#4936 = CARTESIAN_POINT ( 'NONE',  ( -58.72869545180476081, -106.3307576903144991, -23.38828216370448132 ) ) ;
#4937 = CARTESIAN_POINT ( 'NONE',  ( -60.79197561330841637, -101.2630452491952582, -24.38038268056162750 ) ) ;
#4938 = CARTESIAN_POINT ( 'NONE',  ( -16.05449542753289194, -52.89359601034081493, -30.82681879989143070 ) ) ;
#4939 = CARTESIAN_POINT ( 'NONE',  ( -8.700137933596696627, -35.85406269702781401, -31.74882419580422876 ) ) ;
#4940 = CARTESIAN_POINT ( 'NONE',  ( -53.43519306408173719, -127.9460572629902657, -22.48966783686558202 ) ) ;
#4941 = CARTESIAN_POINT ( 'NONE',  ( -61.39720955719991480, -77.98195973734539166, -24.20122864332492441 ) ) ;
#4942 = CARTESIAN_POINT ( 'NONE',  ( -66.45043973645488222, -90.01968790647677565, -21.15635033238164553 ) ) ;
#4943 = CARTESIAN_POINT ( 'NONE',  ( -42.55947636700526004, -63.90239281482222822, -31.09148926562720661 ) ) ;
#4944 = CARTESIAN_POINT ( 'NONE',  ( 0.7166451309064627573, -10.12417195256151636, -10.56549428291731552 ) ) ;
#4945 = CARTESIAN_POINT ( 'NONE',  ( -55.04980614035894604, -115.2393318010475554, -23.70079107496610860 ) ) ;
#4946 = CARTESIAN_POINT ( 'NONE',  ( -50.33063753947822505, -74.85788722633904513, -28.22743491365334023 ) ) ;
#4947 = CARTESIAN_POINT ( 'NONE',  ( -62.60533882135798933, -106.2582908865821310, -25.38633262499070398 ) ) ;
#4948 = CARTESIAN_POINT ( 'NONE',  ( -65.36642574416454465, -101.5363077791781024, -19.50494074666870858 ) ) ;
#4949 = CARTESIAN_POINT ( 'NONE',  ( -37.96523315207214466, -63.01935908187376612, -32.78425674744072893 ) ) ;
#4950 = CARTESIAN_POINT ( 'NONE',  ( -54.95585777020951213, -77.35402328262236438, -22.05261598584338145 ) ) ;
#4951 = CARTESIAN_POINT ( 'NONE',  ( -66.45781397727095907, -99.88072635026145463, -21.72945860100282900 ) ) ;
#4952 = CARTESIAN_POINT ( 'NONE',  ( -0.6902284033471420832, -5.217693266378649497, -4.539218359052332730 ) ) ;
#4953 = CARTESIAN_POINT ( 'NONE',  ( -65.93081938742068360, -100.4099384791179972, -20.16648751880087431 ) ) ;
#4954 = CARTESIAN_POINT ( 'NONE',  ( -60.23718154160561511, -89.71336284901724412, -22.14419477859185648 ) ) ;
#4955 = CARTESIAN_POINT ( 'NONE',  ( -4.853903797407351561, -40.83882815928569698, -30.11227245698490407 ) ) ;
#4956 = CARTESIAN_POINT ( 'NONE',  ( -66.49177198836066793, -99.04998529600682389, -20.83709323091818177 ) ) ;
#4957 = CARTESIAN_POINT ( 'NONE',  ( -55.72582044186768968, -122.2043464771106613, -27.61431952812775492 ) ) ;
#4958 = CARTESIAN_POINT ( 'NONE',  ( -58.62821985217091481, -119.9578514725648972, -21.45798790512738918 ) ) ;
#4959 = CARTESIAN_POINT ( 'NONE',  ( -58.92761583390958435, -106.9996463430689175, -20.91351225857956919 ) ) ;
#4960 = CARTESIAN_POINT ( 'NONE',  ( -47.21671870420971828, -70.83314317909733404, -24.46040715012897238 ) ) ;
#4961 = CARTESIAN_POINT ( 'NONE',  ( -4.381025308353801329, -39.53259249480324655, -29.15430682721220634 ) ) ;
#4962 = CARTESIAN_POINT ( 'NONE',  ( 4.986506454766347574, -4.855159848429318359, -7.997828799835533076 ) ) ;
#4963 = CARTESIAN_POINT ( 'NONE',  ( 4.145011457799310683, -15.90841933426003685, -22.10737699528789690 ) ) ;
#4964 = CARTESIAN_POINT ( 'NONE',  ( -59.65287652265333662, -117.5345274679427519, -25.77848102931859486 ) ) ;
#4965 = CARTESIAN_POINT ( 'NONE',  ( -16.30412834160745206, -46.00003006332165967, -29.82542500346757208 ) ) ;
#4966 = CARTESIAN_POINT ( 'NONE',  ( -16.85899094566661205, -48.57906464468643293, -29.19565522477660835 ) ) ;
#4967 = CARTESIAN_POINT ( 'NONE',  ( -4.381025308353801329, -39.53259249480324655, -29.15430682721220634 ) ) ;
#4968 = CARTESIAN_POINT ( 'NONE',  ( -50.29773549148094958, -124.2952188953905193, -26.28628365311944748 ) ) ;
#4969 = CARTESIAN_POINT ( 'NONE',  ( -60.95920467785835228, -100.3608867924338170, -24.33332401731451355 ) ) ;
#4970 = CARTESIAN_POINT ( 'NONE',  ( -51.90038634830611386, -76.71893968746051939, -26.31094416538809355 ) ) ;
#4971 = CARTESIAN_POINT ( 'NONE',  ( -58.95072324067196234, -117.8581316855387513, -20.66122088766275056 ) ) ;
#4972 = CARTESIAN_POINT ( 'NONE',  ( -66.31098020634674128, -100.3305959747777933, -20.86046483924443962 ) ) ;
#4973 = CARTESIAN_POINT ( 'NONE',  ( -54.95352286684803289, -71.38160212536052995, -26.53526608038695755 ) ) ;
#4974 = CARTESIAN_POINT ( 'NONE',  ( 0.6558396100804803064, -8.921258837053768431, -9.131274272778705736 ) ) ;
#4975 = CARTESIAN_POINT ( 'NONE',  ( -55.74537715534602711, -113.7458385983026972, -23.46364466075787192 ) ) ;
#4976 = CARTESIAN_POINT ( 'NONE',  ( -61.68857570398781576, -99.85154293855775620, -24.82448322336790270 ) ) ;
#4977 = CARTESIAN_POINT ( 'NONE',  ( -63.05912856056289684, -104.6292754733044177, -25.25712767967057459 ) ) ;
#4978 = CARTESIAN_POINT ( 'NONE',  ( -64.08425456718718749, -106.7177177459347632, -19.81060429312875826 ) ) ;
#4979 = CARTESIAN_POINT ( 'NONE',  ( -54.26517616018146128, -127.5376750852169607, -27.58416975693214113 ) ) ;
#4980 = CARTESIAN_POINT ( 'NONE',  ( -61.79209043652267042, -93.70791366924935062, -19.59402678175020895 ) ) ;
#4981 = CARTESIAN_POINT ( 'NONE',  ( -66.42814218516168978, -100.0820370489675497, -21.73352531827280032 ) ) ;
#4982 = CARTESIAN_POINT ( 'NONE',  ( -60.45221460437042538, -114.6135506206237267, -20.18844814680314315 ) ) ;
#4983 = CARTESIAN_POINT ( 'NONE',  ( -65.66339233465296843, -101.9098721913315728, -20.21443770507307036 ) ) ;
#4984 = CARTESIAN_POINT ( 'NONE',  ( -58.51199130553410299, -106.7688584741336939, -22.54593951150879150 ) ) ;
#4985 = CARTESIAN_POINT ( 'NONE',  ( -13.21391101783019018, -50.78388055744655816, -31.30032208691595130 ) ) ;
#4986 = CARTESIAN_POINT ( 'NONE',  ( -66.20382567285362541, -100.9798852745866498, -20.87787494551356460 ) ) ;
#4987 = CARTESIAN_POINT ( 'NONE',  ( -59.80244708608415749, -113.8763518900885998, -26.25544271588153578 ) ) ;
#4988 = CARTESIAN_POINT ( 'NONE',  ( -64.14203612055425197, -106.5248210662597899, -19.79542913156717177 ) ) ;
#4989 = AXIS2_PLACEMENT_3D ( 'NONE', #5361, #1757, #778 ) ;
#4990 = CARTESIAN_POINT ( 'NONE',  ( -61.24419010522260010, -95.11576168457615665, -20.28868956179884719 ) ) ;
#4991 = CARTESIAN_POINT ( 'NONE',  ( -12.36848833393113267, -49.40105319459868127, -30.55250077628875971 ) ) ;
#4992 = CARTESIAN_POINT ( 'NONE',  ( -42.60578640177187992, -136.8969167504480993, -29.90090730721353651 ) ) ;
#4993 = CARTESIAN_POINT ( 'NONE',  ( -38.21478215397000611, -66.93822004113870605, -31.54096604073319909 ) ) ;
#4994 = CARTESIAN_POINT ( 'NONE',  ( -62.27063595873095636, -104.3325769822343148, -25.41709926851462598 ) ) ;
#4995 = CARTESIAN_POINT ( 'NONE',  ( -55.42839994718545427, -125.5404919381133908, -27.18685587415711780 ) ) ;
#4996 = CARTESIAN_POINT ( 'NONE',  ( -28.40658433736985700, -56.26364488387305585, -28.81198712340789925 ) ) ;
#4997 = CARTESIAN_POINT ( 'NONE',  ( -51.91066604515088301, -74.22696907645011777, -22.96861673042947061 ) ) ;
#4998 = CARTESIAN_POINT ( 'NONE',  ( -40.57633180685839136, -68.93612287814501371, -27.95004789886700536 ) ) ;
#4999 = CARTESIAN_POINT ( 'NONE',  ( -51.29748340687227426, -122.5668775157886046, -25.93156640319389439 ) ) ;
#5000 = CARTESIAN_POINT ( 'NONE',  ( -56.85939491780680299, -113.2053969262081949, -25.64319270831389375 ) ) ;
#5001 = CARTESIAN_POINT ( 'NONE',  ( -48.41393811270386038, -74.00321865633668494, -26.84432157349613135 ) ) ;
#5002 = CARTESIAN_POINT ( 'NONE',  ( -1.123107787037162186, -3.977295643963101313, -2.332875589718053089 ) ) ;
#5003 = CARTESIAN_POINT ( 'NONE',  ( -47.95815524207456804, -138.9407330756895931, -26.71517270390062393 ) ) ;
#5004 = CARTESIAN_POINT ( 'NONE',  ( -52.76793326813057661, -72.90280309148511151, -22.62833423026816959 ) ) ;
#5005 = CARTESIAN_POINT ( 'NONE',  ( -55.09774208509378468, -115.1385659083087774, -23.68430383216093560 ) ) ;
#5006 = CARTESIAN_POINT ( 'NONE',  ( -59.46033873134066283, -108.4204824628902770, -25.49511191338610772 ) ) ;
#5007 = CARTESIAN_POINT ( 'NONE',  ( -54.89557774948467994, -126.7505470961681198, -22.69314016353089158 ) ) ;
#5008 = CARTESIAN_POINT ( 'NONE',  ( -51.53214068147554627, -70.22239534041760578, -28.94775858857454054 ) ) ;
#5009 = CARTESIAN_POINT ( 'NONE',  ( -61.75302363690575902, -92.75582496907875907, -19.62706412014313884 ) ) ;
#5010 = CARTESIAN_POINT ( 'NONE',  ( -0.2388766170178396875, -7.288438325051412647, -7.677728630323858106 ) ) ;
#5011 = CARTESIAN_POINT ( 'NONE',  ( 4.409557725059585209, -3.646163206662667466, -4.977350367780867479 ) ) ;
#5012 = CARTESIAN_POINT ( 'NONE',  ( -43.97727999664579812, -71.24566017765729953, -28.11820233410687564 ) ) ;
#5013 = CARTESIAN_POINT ( 'NONE',  ( -66.58955222476313907, -98.20844374375413111, -20.82947612982758301 ) ) ;
#5014 = CARTESIAN_POINT ( 'NONE',  ( -62.01571919800596078, -108.1409266967292666, -25.56067519520253128 ) ) ;
#5015 = CARTESIAN_POINT ( 'NONE',  ( -64.67135681241914824, -104.6228930993168120, -19.66060338107095262 ) ) ;
#5016 = PRODUCT_DEFINITION ( '未知', '', #1667, #2783 ) ;
#5017 = CARTESIAN_POINT ( 'NONE',  ( -52.56295864007852714, -75.89818714709531378, -23.17848559769829819 ) ) ;
#5018 = CARTESIAN_POINT ( 'NONE',  ( -55.81659542800576901, -114.6330356565940463, -25.17706646056554476 ) ) ;
#5019 = CARTESIAN_POINT ( 'NONE',  ( -7.559664140676567001, -43.98219448883155991, -29.99679486216937008 ) ) ;
#5020 = CARTESIAN_POINT ( 'NONE',  ( 4.735617679647360134, -9.045066704712652950, -16.75501653843252470 ) ) ;
#5021 = CARTESIAN_POINT ( 'NONE',  ( -61.97646628764898935, -105.4166490834887924, -25.50261521397854025 ) ) ;
#5022 = CARTESIAN_POINT ( 'NONE',  ( -55.84808357953370717, -124.8027347389322586, -27.04431801266021296 ) ) ;
#5023 = CARTESIAN_POINT ( 'NONE',  ( -49.72793963197161560, -69.92986710494723468, -23.78824096424057544 ) ) ;
#5024 = CARTESIAN_POINT ( 'NONE',  ( -60.29117603227179245, -104.3854287296218644, -19.91571105822478316 ) ) ;
#5025 = CARTESIAN_POINT ( 'NONE',  ( -59.83008577822786833, -87.26744891689087069, -24.02836277768269468 ) ) ;
#5026 = CARTESIAN_POINT ( 'NONE',  ( -50.01560507832988378, -124.7736010446557344, -26.38663447152206842 ) ) ;
#5027 = CARTESIAN_POINT ( 'NONE',  ( -46.10257252144140949, -132.4278482938266279, -29.44420844129218295 ) ) ;
#5028 = CARTESIAN_POINT ( 'NONE',  ( -59.83984917209300392, -103.8088539346783392, -23.85373865758121781 ) ) ;
#5029 = CARTESIAN_POINT ( 'NONE',  ( -0.4342682529810649728, -6.213714259299789155, -6.126435178950230487 ) ) ;
#5030 = CARTESIAN_POINT ( 'NONE',  ( -56.11446110691268530, -126.1165630436504301, -23.90747535244458888 ) ) ;
#5031 = CARTESIAN_POINT ( 'NONE',  ( -62.52248645147891182, -88.29324591888799034, -19.10274745449070366 ) ) ;
#5032 = CARTESIAN_POINT ( 'NONE',  ( -49.40696323858657735, -125.6360491380516748, -25.68104443715715490 ) ) ;
#5033 = CARTESIAN_POINT ( 'NONE',  ( -50.40381039015267106, -126.8112968960166427, -28.60529667117738839 ) ) ;
#5034 = CARTESIAN_POINT ( 'NONE',  ( -65.93184805651702618, -97.55369022752738317, -19.42987480734757000 ) ) ;
#5035 = CARTESIAN_POINT ( 'NONE',  ( -65.72965068868701621, -101.4890563961749450, -23.40421628320098790 ) ) ;
#5036 = CARTESIAN_POINT ( 'NONE',  ( -61.43654006008085133, -99.08179274547295279, -19.61033968337600797 ) ) ;
#5037 = APPROVAL_STATUS ( 'not_yet_approved' ) ;
#5038 = CARTESIAN_POINT ( 'NONE',  ( -63.15909755662778480, -107.5372704189302766, -19.38697589085275652 ) ) ;
#5039 = CARTESIAN_POINT ( 'NONE',  ( -52.96328954081270268, -127.0544611238563988, -28.56772153138894055 ) ) ;
#5040 = CARTESIAN_POINT ( 'NONE',  ( -50.37869245126137940, -123.9988688096015466, -25.33493140925627429 ) ) ;
#5041 = CARTESIAN_POINT ( 'NONE',  ( -59.74094816926029239, -105.4721059533760155, -24.69788437565702566 ) ) ;
#5042 = CARTESIAN_POINT ( 'NONE',  ( -66.78221938469476981, -94.57294706736506384, -20.88286859174493060 ) ) ;
#5043 = CARTESIAN_POINT ( 'NONE',  ( 2.036931015466513006, -14.43441395768055457, -22.21933015975723080 ) ) ;
#5044 = CARTESIAN_POINT ( 'NONE',  ( -60.25773478293832142, -116.6033290753292846, -20.94035100764947899 ) ) ;
#5045 = CARTESIAN_POINT ( 'NONE',  ( -60.46299395332580673, -101.4508905477667327, -20.45439092150664706 ) ) ;
#5046 = CARTESIAN_POINT ( 'NONE',  ( -55.62789123826846094, -115.0380943831721936, -25.24184289550553828 ) ) ;
#5047 = CARTESIAN_POINT ( 'NONE',  ( -58.71055050066692615, -84.70827963818084072, -24.39450985143247408 ) ) ;
#5048 = CARTESIAN_POINT ( 'NONE',  ( -12.50937762875559933, -49.64452213211804121, -33.49532382574957978 ) ) ;
#5049 = CARTESIAN_POINT ( 'NONE',  ( -63.11650226530859698, -90.22944847612960473, -25.39073303799344217 ) ) ;
#5050 = CARTESIAN_POINT ( 'NONE',  ( -44.77715773891948459, -69.61088492152767060, -30.73344794188743379 ) ) ;
#5051 = CARTESIAN_POINT ( 'NONE',  ( -60.98004919864139595, -106.8189941849210953, -19.19474059549890299 ) ) ;
#5052 = CARTESIAN_POINT ( 'NONE',  ( -55.83385165781335502, -115.8915309825452198, -21.33853326501644432 ) ) ;
#5053 = CARTESIAN_POINT ( 'NONE',  ( -60.64787964058677971, -100.1000265567762142, -23.61583278816756959 ) ) ;
#5054 = CARTESIAN_POINT ( 'NONE',  ( -58.50442571171935668, -107.0147472164299103, -23.46092162535788717 ) ) ;
#5055 = CARTESIAN_POINT ( 'NONE',  ( 4.972930654779994519, -3.602147338126390430, -8.907772428838107714 ) ) ;
#5056 = CARTESIAN_POINT ( 'NONE',  ( -60.33628281850877073, -101.7262490590506161, -23.70453623450262981 ) ) ;
#5057 = CARTESIAN_POINT ( 'NONE',  ( -17.62392669425346980, -46.48723874191820471, -30.51631294062941180 ) ) ;
#5058 = CARTESIAN_POINT ( 'NONE',  ( -54.56874216659939947, -128.7419020264679261, -24.42671962921392392 ) ) ;
#5059 = CARTESIAN_POINT ( 'NONE',  ( -60.86188978356180712, -107.1821173565703873, -19.22922990204617477 ) ) ;
#5060 = CARTESIAN_POINT ( 'NONE',  ( -56.75308850113707848, -82.06273484871603330, -24.16495647104754241 ) ) ;
#5061 = CARTESIAN_POINT ( 'NONE',  ( -55.72586672617658365, -117.1687520315595350, -26.74127043625856359 ) ) ;
#5062 = CARTESIAN_POINT ( 'NONE',  ( -64.14203612055425197, -106.5248210662597899, -19.79542913156717177 ) ) ;
#5063 = CARTESIAN_POINT ( 'NONE',  ( -66.36821156239206232, -94.98359390853205753, -23.36917475647260645 ) ) ;
#5064 = CARTESIAN_POINT ( 'NONE',  ( -61.25975052745383209, -100.1685857398673534, -19.65133814005778490 ) ) ;
#5065 = CARTESIAN_POINT ( 'NONE',  ( -39.93445235395357429, -61.99569814521282041, -27.30894566739960894 ) ) ;
#5066 = CARTESIAN_POINT ( 'NONE',  ( -54.31713226772433245, -124.7289641580685355, -28.09800052773365309 ) ) ;
#5067 = CARTESIAN_POINT ( 'NONE',  ( -55.06121661901367048, -116.2702406091343050, -22.18568581723479838 ) ) ;
#5068 = CARTESIAN_POINT ( 'NONE',  ( 4.938068642433848687, -6.121360542047485254, -8.391983640581024417 ) ) ;
#5069 = CARTESIAN_POINT ( 'NONE',  ( -59.95634260983094777, -104.7295624080362586, -24.63056800751236963 ) ) ;
#5070 = CARTESIAN_POINT ( 'NONE',  ( -53.97581739838741299, -70.35942861215232824, -26.06226229382392390 ) ) ;
#5071 = CARTESIAN_POINT ( 'NONE',  ( -54.15544236922826826, -72.88968188329201325, -28.48130666213077333 ) ) ;
#5072 = CARTESIAN_POINT ( 'NONE',  ( -21.52200261358705191, -49.46037440639158689, -31.85308238897619759 ) ) ;
#5073 = CARTESIAN_POINT ( 'NONE',  ( -49.57393957152554975, -126.2309255444102547, -24.09548259938437198 ) ) ;
#5074 = CARTESIAN_POINT ( 'NONE',  ( -61.08646376164728053, -96.08841504569799952, -23.51490436952486363 ) ) ;
#5075 = CARTESIAN_POINT ( 'NONE',  ( -61.08646376164728053, -96.08841504569799952, -23.51490436952486363 ) ) ;
#5076 = CARTESIAN_POINT ( 'NONE',  ( -49.75702821456847147, -73.02366385528900139, -29.43173452142924162 ) ) ;
#5077 = CARTESIAN_POINT ( 'NONE',  ( 3.837788878582637953, -5.428398401890724756, -13.68930278500227971 ) ) ;
#5078 = CARTESIAN_POINT ( 'NONE',  ( -64.06600347361572290, -90.69660094977518838, -25.20986347644914716 ) ) ;
#5079 = CARTESIAN_POINT ( 'NONE',  ( -62.03293748624428616, -103.1003742521020854, -18.90213957762368224 ) ) ;
#5080 = CARTESIAN_POINT ( 'NONE',  ( -35.26408691209638135, -58.93170962261032741, -31.95825029566424291 ) ) ;
#5081 = CARTESIAN_POINT ( 'NONE',  ( -50.99534968140066127, -124.8829574477552598, -23.00049349398933529 ) ) ;
#5082 = CARTESIAN_POINT ( 'NONE',  ( -60.93968903156418548, -91.94161346712671445, -23.61520753515232585 ) ) ;
#5083 = CARTESIAN_POINT ( 'NONE',  ( -52.64102771480732912, -77.35441311407326737, -26.14715112177643519 ) ) ;
#5084 = CARTESIAN_POINT ( 'NONE',  ( -50.74801204156828049, -124.9703377475594408, -27.77146369748072630 ) ) ;
#5085 = CARTESIAN_POINT ( 'NONE',  ( -58.71055050066692615, -84.70827963818084072, -24.39450985143247408 ) ) ;
#5086 = CARTESIAN_POINT ( 'NONE',  ( -63.49099042448633412, -93.01947195059624107, -25.20736862074839379 ) ) ;
#5087 = CARTESIAN_POINT ( 'NONE',  ( -63.94925359115083552, -95.88269054289443716, -18.55090823468538375 ) ) ;
#5088 = CARTESIAN_POINT ( 'NONE',  ( -62.69596475404848235, -113.0567377861588341, -22.70853902831341031 ) ) ;
#5089 = CARTESIAN_POINT ( 'NONE',  ( -65.55540337320745437, -104.0908715981551040, -21.01382264042774750 ) ) ;
#5090 = CARTESIAN_POINT ( 'NONE',  ( -57.40365677926926224, -77.87010822893861928, -21.05805846245296920 ) ) ;
#5091 = CARTESIAN_POINT ( 'NONE',  ( -9.277583864703121463, -45.48851581749371320, -29.54687897353026926 ) ) ;
#5092 = CARTESIAN_POINT ( 'NONE',  ( -60.85320157902837224, -103.8648788186695242, -25.06022058950805942 ) ) ;
#5093 = CARTESIAN_POINT ( 'NONE',  ( -45.44768287794476436, -64.47903268191349468, -27.32516205379372920 ) ) ;
#5094 = CARTESIAN_POINT ( 'NONE',  ( -65.67132316146418702, -88.48310919055700197, -23.81246131202949812 ) ) ;
#5095 = CARTESIAN_POINT ( 'NONE',  ( -55.93215428399016531, -115.6866875305192508, -21.30556740261062032 ) ) ;
#5096 = APPROVAL_DATE_TIME ( #4114, #3371 ) ;
#5097 = CARTESIAN_POINT ( 'NONE',  ( -57.38358434160297605, -76.54392828190331954, -21.30589809641063326 ) ) ;
#5098 = CARTESIAN_POINT ( 'NONE',  ( -18.06155729713279712, -51.75982677009170629, -35.10698846141615803 ) ) ;
#5099 = CARTESIAN_POINT ( 'NONE',  ( -49.78120527297269859, -125.8884361951843402, -24.02181100680519066 ) ) ;
#5100 = CARTESIAN_POINT ( 'NONE',  ( -61.04842597893001965, -90.52949780149117487, -24.42522464200691701 ) ) ;
#5101 = CARTESIAN_POINT ( 'NONE',  ( -55.96997706675432482, -126.3670874148327670, -23.95583342056060516 ) ) ;
#5102 = CARTESIAN_POINT ( 'NONE',  ( -46.66614935823246668, -68.66956147209967298, -30.66285281449269462 ) ) ;
#5103 = APPROVAL_PERSON_ORGANIZATION ( #4142, #3371, #5582 ) ;
#5104 = CARTESIAN_POINT ( 'NONE',  ( -16.14042877615784022, -44.39002003690023912, -31.83221311093125649 ) ) ;
#5105 = CARTESIAN_POINT ( 'NONE',  ( -50.21229835656190232, -125.1688024162538397, -23.86946550209074402 ) ) ;
#5106 = CARTESIAN_POINT ( 'NONE',  ( -60.89914658054215124, -98.37190182831895413, -23.55066192455300467 ) ) ;
#5107 = CARTESIAN_POINT ( 'NONE',  ( -52.64102771480732912, -77.35441311407326737, -26.14715112177643519 ) ) ;
#5108 = CARTESIAN_POINT ( 'NONE',  ( -61.75640960612314245, -85.77772786317446219, -25.92978043282494838 ) ) ;
#5109 = CARTESIAN_POINT ( 'NONE',  ( -53.38134609937421970, -124.6888998544325631, -28.34661235787982037 ) ) ;
#5110 = CARTESIAN_POINT ( 'NONE',  ( -53.50942857540673714, -74.43565936629151736, -28.83372291409100185 ) ) ;
#5111 = CARTESIAN_POINT ( 'NONE',  ( -63.11109868956511804, -92.43246783871757088, -18.78947402569107794 ) ) ;
#5112 = CARTESIAN_POINT ( 'NONE',  ( -32.67122518824284327, -57.39095695816880749, -32.28198776705480100 ) ) ;
#5113 = CARTESIAN_POINT ( 'NONE',  ( -52.45975643893083173, -122.3489868144797157, -22.49023713506072752 ) ) ;
#5114 = CARTESIAN_POINT ( 'NONE',  ( -60.48293986215488616, -101.0057304377976237, -23.66175848608982335 ) ) ;
#5115 = CARTESIAN_POINT ( 'NONE',  ( -58.71055050066692615, -84.70827963818084072, -24.39450985143247408 ) ) ;
#5116 = CARTESIAN_POINT ( 'NONE',  ( 4.544821912843024059, -1.894022137936463235, -6.514995937140178661 ) ) ;
#5117 = CARTESIAN_POINT ( 'NONE',  ( -50.76476685020355717, -124.2184780667852380, -26.94288120088261707 ) ) ;
#5118 = CARTESIAN_POINT ( 'NONE',  ( -61.82156953904533481, -105.9565355063157455, -25.54839636434908812 ) ) ;
#5119 = CARTESIAN_POINT ( 'NONE',  ( -54.55666740064751963, -73.52007932722436578, -22.28241335338312012 ) ) ;
#5120 = CARTESIAN_POINT ( 'NONE',  ( -62.34040498353154902, -113.9148386392301404, -22.81656358303290588 ) ) ;
#5121 = CARTESIAN_POINT ( 'NONE',  ( -56.19205309732807052, -125.9815251407025158, -23.88140616196318078 ) ) ;
#5122 = CARTESIAN_POINT ( 'NONE',  ( -55.65430068355706084, -75.84753011057748040, -21.64051469855124665 ) ) ;
#5123 = CARTESIAN_POINT ( 'NONE',  ( -39.01271013886143635, -67.69464025212573688, -27.56068789601950897 ) ) ;
#5124 = CARTESIAN_POINT ( 'NONE',  ( -60.52696707534842346, -105.0651871232850141, -25.15873806113638267 ) ) ;
#5125 = CARTESIAN_POINT ( 'NONE',  ( -2.272145299140173158, -2.722381486460286215, -2.380288987148789115 ) ) ;
#5126 = CARTESIAN_POINT ( 'NONE',  ( -57.65372947213153054, -74.93189300442703882, -26.88221765745173286 ) ) ;
#5127 = CARTESIAN_POINT ( 'NONE',  ( -55.01627850718749357, -117.5532044907805016, -21.61411903440049187 ) ) ;
#5128 = CARTESIAN_POINT ( 'NONE',  ( -52.27601297234812705, -71.31819909881782849, -23.14543250989054002 ) ) ;
#5129 = ORIENTED_EDGE ( 'NONE', *, *, #5800, .F. ) ;
#5130 = CARTESIAN_POINT ( 'NONE',  ( 1.510859101314269815, -1.484459677948581691, -9.019798972543187077 ) ) ;
#5131 = CARTESIAN_POINT ( 'NONE',  ( -5.653906481299107334, -39.76079114641793666, -27.99866175221371378 ) ) ;
#5132 = CARTESIAN_POINT ( 'NONE',  ( -59.63806323310065949, -105.8137379189545584, -24.73048869488218315 ) ) ;
#5133 = CARTESIAN_POINT ( 'NONE',  ( -2.181984776641268109, -2.742514689007477191, -4.158905425188780924 ) ) ;
#5134 = CARTESIAN_POINT ( 'NONE',  ( -10.77729405956167774, -44.76010907194939392, -34.48436660322403924 ) ) ;
#5135 = CARTESIAN_POINT ( 'NONE',  ( -50.14783734064595677, -67.94697926700094115, -25.32653079434420107 ) ) ;
#5136 = CARTESIAN_POINT ( 'NONE',  ( -52.50930799647973402, -121.1739057245515738, -23.06418704865721025 ) ) ;
#5137 = CARTESIAN_POINT ( 'NONE',  ( -61.10700360997306291, -95.46318726379824682, -23.51597805823642773 ) ) ;
#5138 = CARTESIAN_POINT ( 'NONE',  ( -61.10547847511983832, -94.24702324350189997, -23.53179416698081994 ) ) ;
#5139 = CARTESIAN_POINT ( 'NONE',  ( -52.09270433025103131, -126.8906915805332289, -28.79794525082282775 ) ) ;
#5140 = CARTESIAN_POINT ( 'NONE',  ( -64.00986093818256961, -90.37047033384794759, -25.23664227738921539 ) ) ;
#5141 = CARTESIAN_POINT ( 'NONE',  ( -49.11743795108423427, -127.9831542479159197, -23.66213522189940122 ) ) ;
#5142 = CARTESIAN_POINT ( 'NONE',  ( -61.10547847511983832, -94.24702324350189997, -23.53179416698081994 ) ) ;
#5143 = CARTESIAN_POINT ( 'NONE',  ( -49.53311556999781828, -74.83338092136077080, -26.71233110294686597 ) ) ;
#5144 = CARTESIAN_POINT ( 'NONE',  ( -6.634242491546322285, -43.44181716442725616, -31.36020637696918101 ) ) ;
#5145 = CARTESIAN_POINT ( 'NONE',  ( -55.23994564804051777, -115.8561811252806990, -25.37533432374965159 ) ) ;
#5146 = CARTESIAN_POINT ( 'NONE',  ( -62.63035829644469743, -102.8625273820324537, -25.31663127593105500 ) ) ;
#5147 = CARTESIAN_POINT ( 'NONE',  ( -33.47713253091427532, -58.52117046720606197, -28.43116811696275903 ) ) ;
#5148 = CARTESIAN_POINT ( 'NONE',  ( -2.126115628105412547, -18.44768794059213590, -21.49117681290865178 ) ) ;
#5149 = CARTESIAN_POINT ( 'NONE',  ( -62.03701204121754387, -86.48771737553413175, -19.31573690484773209 ) ) ;
#5150 = CARTESIAN_POINT ( 'NONE',  ( -31.36262288271274201, -63.39885889956877207, -29.42806681286166892 ) ) ;
#5151 = CARTESIAN_POINT ( 'NONE',  ( -52.62993063942825245, -77.16090593196712177, -26.98057091875151059 ) ) ;
#5152 = CARTESIAN_POINT ( 'NONE',  ( 3.707305466895991497, -18.33556267406700258, -23.64777521759512169 ) ) ;
#5153 = CARTESIAN_POINT ( 'NONE',  ( -12.95953859032312572, -40.70201571384460948, -31.02723065935146352 ) ) ;
#5154 = CARTESIAN_POINT ( 'NONE',  ( -60.88404308216513527, -78.51338730725854020, -25.73116570337294107 ) ) ;
#5155 = CARTESIAN_POINT ( 'NONE',  ( -59.20259749262007176, -107.8398697518584015, -20.24474233915644561 ) ) ;
#5156 = CARTESIAN_POINT ( 'NONE',  ( -63.50850928055236722, -88.98941971941317775, -18.90620416785297664 ) ) ;
#5157 = CARTESIAN_POINT ( 'NONE',  ( -0.8397348302984813939, -11.80183918270483190, -17.09339536591729924 ) ) ;
#5158 = CARTESIAN_POINT ( 'NONE',  ( -54.04574062284886793, -125.2027953393977100, -28.19182582087534783 ) ) ;
#5159 = CARTESIAN_POINT ( 'NONE',  ( -50.14240163212615187, -125.2860913404843473, -23.89413486090852956 ) ) ;
#5160 = CARTESIAN_POINT ( 'NONE',  ( -60.79197561330841637, -101.2630452491952582, -24.38038268056162750 ) ) ;
#5161 = CARTESIAN_POINT ( 'NONE',  ( -1.463364329835561417, -5.053129820061758259, -8.019766914029670346 ) ) ;
#5162 = CARTESIAN_POINT ( 'NONE',  ( -2.537407752313256104, -30.59836525849888034, -30.79729535756893100 ) ) ;
#5163 = CARTESIAN_POINT ( 'NONE',  ( -52.54123892834271459, -130.6422836034813599, -23.49154679905173992 ) ) ;
#5164 = CARTESIAN_POINT ( 'NONE',  ( -15.01557984477315344, -50.34255361602027534, -29.51934103868313741 ) ) ;
#5165 = CARTESIAN_POINT ( 'NONE',  ( -42.60578640177187992, -136.8969167504480993, -29.90090730721353651 ) ) ;
#5166 = CARTESIAN_POINT ( 'NONE',  ( -60.93722315088608354, -98.03633387550989653, -23.54172347732509962 ) ) ;
#5167 = CARTESIAN_POINT ( 'NONE',  ( -52.81872031034907877, -125.6604492892507920, -28.54324692474412473 ) ) ;
#5168 = CARTESIAN_POINT ( 'NONE',  ( 2.685924665909224629, -5.529604068909880432, -4.669327570709047137 ) ) ;
#5169 = CARTESIAN_POINT ( 'NONE',  ( -53.98646842711470129, -118.3779419363137890, -25.80948611876805643 ) ) ;
#5170 = CARTESIAN_POINT ( 'NONE',  ( -38.72484755262392042, -67.85115001794703460, -28.36284504905827220 ) ) ;
#5171 = CARTESIAN_POINT ( 'NONE',  ( -51.03658159126251093, -123.7514748103761661, -26.84645838703308840 ) ) ;
#5172 = CARTESIAN_POINT ( 'NONE',  ( -58.73600119592795465, -114.2344299062192903, -26.52480403550866939 ) ) ;
#5173 = CARTESIAN_POINT ( 'NONE',  ( -63.96254246226411055, -93.00953040928490623, -18.62924368604625158 ) ) ;
#5174 = CARTESIAN_POINT ( 'NONE',  ( -61.87592029383466752, -114.9996621421734631, -22.95905581743193480 ) ) ;
#5175 = CARTESIAN_POINT ( 'NONE',  ( -57.30644355389649292, -115.9679535839282067, -20.34224332853493777 ) ) ;
#5176 = CARTESIAN_POINT ( 'NONE',  ( -53.11858332734353638, -77.98394453246218916, -25.19907472489207123 ) ) ;
#5177 = CARTESIAN_POINT ( 'NONE',  ( 4.708182036077706023, -4.839336937473485811, -6.707971452320506067 ) ) ;
#5178 = CARTESIAN_POINT ( 'NONE',  ( -54.20656595603012562, -77.90146912291068304, -27.35469401495818786 ) ) ;
#5179 = CARTESIAN_POINT ( 'NONE',  ( -55.20658016205783269, -76.95740767494929457, -28.08578036315084958 ) ) ;
#5180 = CARTESIAN_POINT ( 'NONE',  ( -53.58193667198202093, -124.3384664738845373, -28.27669731750004090 ) ) ;
#5181 = CARTESIAN_POINT ( 'NONE',  ( -44.86869432698263438, -64.09636445438317764, -27.52087600719371707 ) ) ;
#5182 = CARTESIAN_POINT ( 'NONE',  ( -55.42764946139568849, -126.5950097831759820, -26.58571420451269063 ) ) ;
#5183 = CARTESIAN_POINT ( 'NONE',  ( -60.60658352582098729, -103.1979626947231168, -19.82520559899854362 ) ) ;
#5184 = CARTESIAN_POINT ( 'NONE',  ( -1.209634762609617997, -3.408654393443030450, -8.377732520024713025 ) ) ;
#5185 = CARTESIAN_POINT ( 'NONE',  ( -63.18699113142214685, -101.7031621939436121, -18.66106175986988447 ) ) ;
#5186 = EDGE_LOOP ( 'NONE', ( #5670, #6043 ) ) ;
#5187 = CARTESIAN_POINT ( 'NONE',  ( -65.20865964491419220, -89.04219352541714727, -24.48214072866757007 ) ) ;
#5188 = CARTESIAN_POINT ( 'NONE',  ( 4.178980774905748596, -5.228390387804116912, -6.001621073956274088 ) ) ;
#5189 = CARTESIAN_POINT ( 'NONE',  ( 4.734940335786063770, -17.39036043244322371, -21.50668977694558848 ) ) ;
#5190 = CARTESIAN_POINT ( 'NONE',  ( -60.75600720232023377, -117.2706618176692359, -22.39539212986615624 ) ) ;
#5191 = CARTESIAN_POINT ( 'NONE',  ( -65.40520608401627101, -100.1605665856866096, -24.10444206834376857 ) ) ;
#5192 = CARTESIAN_POINT ( 'NONE',  ( -53.78954893763611267, -128.6072063936837253, -23.06631271764666735 ) ) ;
#5193 = CARTESIAN_POINT ( 'NONE',  ( -58.21285911054320650, -74.40852933244990197, -23.67554439882151840 ) ) ;
#5194 = CARTESIAN_POINT ( 'NONE',  ( -24.20251510035719988, -58.07073993193822048, -29.66271706090494931 ) ) ;
#5195 = CARTESIAN_POINT ( 'NONE',  ( -49.34868321795745771, -126.5965417641833284, -27.44924698194529356 ) ) ;
#5196 = CARTESIAN_POINT ( 'NONE',  ( -50.83300910913339266, -124.1015148758466751, -26.91866366886466722 ) ) ;
#5197 = CARTESIAN_POINT ( 'NONE',  ( 3.393214604569463777, -2.634837577400130026, -10.30357935306089345 ) ) ;
#5198 = CARTESIAN_POINT ( 'NONE',  ( -64.37878794660232984, -96.47408178284641167, -24.96820018018888732 ) ) ;
#5199 = AXIS2_PLACEMENT_3D ( 'NONE', #3287, #1467, #2365 ) ;
#5200 = CARTESIAN_POINT ( 'NONE',  ( -16.28771249619032346, -49.28905328676507480, -29.10923355736330365 ) ) ;
#5201 = CARTESIAN_POINT ( 'NONE',  ( -66.58146445209173692, -90.56872008934368523, -21.99133069015730868 ) ) ;
#5202 = CARTESIAN_POINT ( 'NONE',  ( -47.51515324986173283, -129.5487957410566082, -28.10975848760276108 ) ) ;
#5203 = CARTESIAN_POINT ( 'NONE',  ( -50.86942294382470919, -75.87122392363070844, -26.51461667034726233 ) ) ;
#5204 = CARTESIAN_POINT ( 'NONE',  ( -51.82787096296198115, -122.3682571429477264, -26.56653775665118644 ) ) ;
#5205 = CARTESIAN_POINT ( 'NONE',  ( -54.19597019969395291, -123.2534849905165260, -28.06362674954191760 ) ) ;
#5206 = CARTESIAN_POINT ( 'NONE',  ( -57.47990209906647863, -117.5084129359846941, -20.36242705188208646 ) ) ;
#5207 = CARTESIAN_POINT ( 'NONE',  ( -51.96534548118302155, -125.9161093021075004, -22.14325015473106362 ) ) ;
#5208 = CARTESIAN_POINT ( 'NONE',  ( -53.46905856224962861, -118.5889071988574273, -25.16781209614159565 ) ) ;
#5209 = CARTESIAN_POINT ( 'NONE',  ( -12.93888791581485975, -49.37715883986368937, -29.91783032971250123 ) ) ;
#5210 = CARTESIAN_POINT ( 'NONE',  ( -61.99235966633249006, -92.91680695997354178, -24.82305917834131748 ) ) ;
#5211 = CARTESIAN_POINT ( 'NONE',  ( -50.36480419584493262, -73.37680348255854312, -29.31884865013086383 ) ) ;
#5212 = CARTESIAN_POINT ( 'NONE',  ( -1.484147074980267433, -4.881739962930353727, -6.267342734690418027 ) ) ;
#5213 = CARTESIAN_POINT ( 'NONE',  ( -63.06663160253312128, -110.8872113476081722, -24.11439640169492904 ) ) ;
#5215 = CARTESIAN_POINT ( 'NONE',  ( -60.93958838646597087, -116.0114180392048837, -24.76967281470140136 ) ) ;
#5214 = CARTESIAN_POINT ( 'NONE',  ( 2.004577057646386162, -3.486947678777393644, -1.224524665973233173 ) ) ;
#5216 = CARTESIAN_POINT ( 'NONE',  ( -40.40758409878436197, -61.95626390754322443, -31.02404952089937495 ) ) ;
#5217 = CARTESIAN_POINT ( 'NONE',  ( -57.47990209906647863, -117.5084129359846941, -20.36242705188208646 ) ) ;
#5218 = ORIENTED_EDGE ( 'NONE', *, *, #3605, .F. ) ;
#5219 = CARTESIAN_POINT ( 'NONE',  ( -65.65056732499117231, -91.75531406615935737, -24.25127779691179342 ) ) ;
#5220 = CARTESIAN_POINT ( 'NONE',  ( -60.52023443928012369, -91.30662597994336238, -22.03173017979042214 ) ) ;
#5221 = CARTESIAN_POINT ( 'NONE',  ( 5.209317255030199156, -4.972365443564781273, -10.62156454296567709 ) ) ;
#5222 = CARTESIAN_POINT ( 'NONE',  ( -3.250000000000000444, -0.8508480103472353395, 0.000000000000000000 ) ) ;
#5223 = CARTESIAN_POINT ( 'NONE',  ( -63.67249936759587570, -107.4988258977532922, -24.53787583446186815 ) ) ;
#5224 = CARTESIAN_POINT ( 'NONE',  ( -62.17464007396954884, -102.4935804744477110, -18.86599343819282026 ) ) ;
#5225 = CARTESIAN_POINT ( 'NONE',  ( -53.41486642838937371, -70.72082211503669669, -23.83606449011888984 ) ) ;
#5226 = CARTESIAN_POINT ( 'NONE',  ( -48.17308359983138644, -66.33962273084783590, -27.79355280589486554 ) ) ;
#5227 = CARTESIAN_POINT ( 'NONE',  ( -44.78745577354512619, -70.65808770985526621, -25.75843397327496120 ) ) ;
#5228 = PERSON_AND_ORGANIZATION ( #2782, #5590 ) ;
#5229 = CARTESIAN_POINT ( 'NONE',  ( -50.13934749841764926, -125.2797781150910339, -27.16587295114009848 ) ) ;
#5230 = CARTESIAN_POINT ( 'NONE',  ( -64.37941661108970948, -93.64414135714079634, -25.03346302750583519 ) ) ;
#5231 = CARTESIAN_POINT ( 'NONE',  ( -52.32479334403435445, -75.66309755256808955, -23.24274986304436652 ) ) ;
#5232 = CARTESIAN_POINT ( 'NONE',  ( -64.51158907197019232, -108.0982194952528062, -22.18230497497009068 ) ) ;
#5233 = CARTESIAN_POINT ( 'NONE',  ( -55.23994564804051777, -115.8561811252806990, -25.37533432374965159 ) ) ;
#5234 = CARTESIAN_POINT ( 'NONE',  ( -56.18419364703679264, -113.8306566196338991, -25.05173840703304933 ) ) ;
#5235 = CARTESIAN_POINT ( 'NONE',  ( -48.14537335808591223, -128.5507972902922234, -27.88214678110117362 ) ) ;
#5236 = CARTESIAN_POINT ( 'NONE',  ( 1.543091090998415238, -7.904980207486795862, -16.53341421403088418 ) ) ;
#5237 = CARTESIAN_POINT ( 'NONE',  ( -52.62656751752326301, -126.4197176602598915, -21.99045229651281019 ) ) ;
#5238 = CARTESIAN_POINT ( 'NONE',  ( -55.72425932557325723, -119.1679469944716772, -20.86428184747082781 ) ) ;
#5239 = CARTESIAN_POINT ( 'NONE',  ( -60.07139173366670803, -101.2872558815678730, -22.97232427844622293 ) ) ;
#5240 = CARTESIAN_POINT ( 'NONE',  ( -31.36262288271274201, -63.39885889956877207, -29.42806681286166892 ) ) ;
#5241 = CARTESIAN_POINT ( 'NONE',  ( -61.84081354717788770, -98.77380826370438172, -24.78775836806289590 ) ) ;
#5242 = CARTESIAN_POINT ( 'NONE',  ( 4.248665787851998665, -3.586286443981649974, -10.85035635987102332 ) ) ;
#5243 = CARTESIAN_POINT ( 'NONE',  ( -51.19073896649920385, -128.3883845965293915, -29.11567614958365624 ) ) ;
#5244 = CARTESIAN_POINT ( 'NONE',  ( -64.42918250604422781, -102.9113004325540146, -19.06148276652131557 ) ) ;
#5245 = CARTESIAN_POINT ( 'NONE',  ( -61.88871829783322909, -113.8363255490796604, -24.47336349285209423 ) ) ;
#5246 = CARTESIAN_POINT ( 'NONE',  ( 2.927015643517101307, -6.647153997880565157, -6.292122206176832933 ) ) ;
#5247 = CARTESIAN_POINT ( 'NONE',  ( -54.84071254265690953, -128.4581170056427482, -25.25329741080508938 ) ) ;
#5248 = CARTESIAN_POINT ( 'NONE',  ( -62.30809635804437363, -105.2731573264745037, -18.88361632194374806 ) ) ;
#5249 = CARTESIAN_POINT ( 'NONE',  ( -65.79446865698956515, -96.16436714620495252, -24.07598605293791039 ) ) ;
#5250 = CARTESIAN_POINT ( 'NONE',  ( -47.12409855838598816, -72.43838538506140878, -25.40960797393872994 ) ) ;
#5251 = CARTESIAN_POINT ( 'NONE',  ( -52.35825851905168093, -122.1696367701068482, -27.20150911010847850 ) ) ;
#5252 = CARTESIAN_POINT ( 'NONE',  ( -46.52587652148059760, -65.06489258843424750, -27.75317128125450594 ) ) ;
#5253 = CARTESIAN_POINT ( 'NONE',  ( -57.05362543974830913, -122.6262064926635844, -26.63717938173383004 ) ) ;
#5254 = CARTESIAN_POINT ( 'NONE',  ( -60.80158731417581919, -107.3645097344911505, -19.24692849409821349 ) ) ;
#5255 = CARTESIAN_POINT ( 'NONE',  ( -65.36988342804140473, -92.15714863059993434, -19.06403267458390260 ) ) ;
#5256 = CARTESIAN_POINT ( 'NONE',  ( -66.34269128771627777, -92.16481056828038732, -20.29237172976099046 ) ) ;
#5257 = CARTESIAN_POINT ( 'NONE',  ( 4.467033944557771363, -6.880971786783032229, -8.194045509169757935 ) ) ;
#5258 = CARTESIAN_POINT ( 'NONE',  ( -48.14537335808591223, -128.5507972902922234, -27.88214678110117362 ) ) ;
#5259 = CARTESIAN_POINT ( 'NONE',  ( -64.37878794660232984, -96.47408178284641167, -24.96820018018888732 ) ) ;
#5260 = CARTESIAN_POINT ( 'NONE',  ( -54.04142555885048438, -70.70198352979370782, -24.39029370104511685 ) ) ;
#5261 = CARTESIAN_POINT ( 'NONE',  ( -44.34871018725873881, -68.55344815788664903, -25.10549571133197588 ) ) ;
#5262 = CARTESIAN_POINT ( 'NONE',  ( -66.36150980472154970, -100.5124036749785148, -21.74367130258195147 ) ) ;
#5263 = CARTESIAN_POINT ( 'NONE',  ( -51.03658159126251093, -123.7514748103761661, -26.84645838703308840 ) ) ;
#5264 = CARTESIAN_POINT ( 'NONE',  ( -60.67737617250225668, -99.92360631325404086, -23.60783629814064710 ) ) ;
#5265 = CARTESIAN_POINT ( 'NONE',  ( -1.125937008923804328, -34.49164228678534982, -28.46030680363669063 ) ) ;
#5266 = CARTESIAN_POINT ( 'NONE',  ( -58.61755220474741890, -110.6748783588399618, -25.76868812868599079 ) ) ;
#5267 = CARTESIAN_POINT ( 'NONE',  ( -58.09600509775666666, -116.2267903322759111, -20.16306651416958573 ) ) ;
#5268 = CARTESIAN_POINT ( 'NONE',  ( -56.37949646338329046, -117.8722870254545114, -20.64681866781868536 ) ) ;
#5269 = CARTESIAN_POINT ( 'NONE',  ( -60.78060300434483310, -94.55543387546973122, -22.80838113094086239 ) ) ;
#5270 = CARTESIAN_POINT ( 'NONE',  ( -60.73388922994841721, -96.39083127766524228, -22.80201709047810965 ) ) ;
#5271 = CARTESIAN_POINT ( 'NONE',  ( -61.76867133366685181, -99.30951740743357448, -24.80476572831205573 ) ) ;
#5272 = CARTESIAN_POINT ( 'NONE',  ( -55.34796176726772643, -79.73413533371893891, -26.24470656797296542 ) ) ;
#5273 = CARTESIAN_POINT ( 'NONE',  ( -62.17666446696399873, -86.83373927172688411, -25.77169668120445678 ) ) ;
#5274 = CARTESIAN_POINT ( 'NONE',  ( -63.56509232436570755, -106.2185940218458171, -19.27778217183034926 ) ) ;
#5275 = CARTESIAN_POINT ( 'NONE',  ( -61.47247617567007438, -114.8081233310031166, -24.60270473512743195 ) ) ;
#5277 = CARTESIAN_POINT ( 'NONE',  ( -56.06358837092939496, -125.4896205938575093, -26.37093877015134780 ) ) ;
#5276 = CARTESIAN_POINT ( 'NONE',  ( -1.969742622486763128, -30.54766447948336250, -24.46626898825225638 ) ) ;
#5278 = CIRCLE ( 'NONE', #2637, 3.250000000000000444 ) ;
#5279 = CARTESIAN_POINT ( 'NONE',  ( -0.7517554320341470753, -5.726839916588147616, -11.61513805841486402 ) ) ;
#5280 = CARTESIAN_POINT ( 'NONE',  ( -52.76963585745084373, -126.1783811310188668, -21.94135601182530948 ) ) ;
#5281 = CARTESIAN_POINT ( 'NONE',  ( -61.66798382894734942, -80.66419567170241578, -25.90744567690328637 ) ) ;
#5282 = CARTESIAN_POINT ( 'NONE',  ( -60.32483388498761911, -99.57929271892849954, -21.99549202569826889 ) ) ;
#5283 = CARTESIAN_POINT ( 'NONE',  ( 5.385847260047353480, -6.401854130214805316, -12.27707050179012604 ) ) ;
#5284 = CARTESIAN_POINT ( 'NONE',  ( -58.64005292071134079, -75.16080800717020338, -22.69025557572798846 ) ) ;
#5285 = CARTESIAN_POINT ( 'NONE',  ( -65.27193034188677245, -100.9945420806888166, -24.12952229358600320 ) ) ;
#5286 = CARTESIAN_POINT ( 'NONE',  ( -57.15682331307504427, -116.2819358687630995, -20.39112767850977548 ) ) ;
#5287 = CARTESIAN_POINT ( 'NONE',  ( -66.36419894419411492, -95.35041336775333320, -23.35925244401425260 ) ) ;
#5288 = CARTESIAN_POINT ( 'NONE',  ( -64.90594534510672986, -88.62361721726351504, -19.34457254376159696 ) ) ;
#5289 = CARTESIAN_POINT ( 'NONE',  ( -66.41744545732299798, -93.68736245225889547, -20.21407397773052850 ) ) ;
#5290 = CARTESIAN_POINT ( 'NONE',  ( 3.521452707243346580, -2.983928708096821314, -2.503196226157802240 ) ) ;
#5291 = PRODUCT_RELATED_PRODUCT_CATEGORY ( 'detail', '', ( #1437 ) ) ;
#5292 = CARTESIAN_POINT ( 'NONE',  ( -53.98646842711470129, -118.3779419363137890, -25.80948611876805643 ) ) ;
#5293 = CARTESIAN_POINT ( 'NONE',  ( -61.33248072824375186, -82.96615245013879303, -26.29122758018539230 ) ) ;
#5294 = CARTESIAN_POINT ( 'NONE',  ( -44.71866221902162408, -63.90189381846864336, -28.40845485106247992 ) ) ;
#5295 = CARTESIAN_POINT ( 'NONE',  ( -60.37545350521068599, -87.87872095517219861, -20.70213158407900877 ) ) ;
#5296 = CARTESIAN_POINT ( 'NONE',  ( -65.64776398552868386, -104.0554188716465802, -21.89115191677198169 ) ) ;
#5297 = CARTESIAN_POINT ( 'NONE',  ( 5.194692664009377125, -6.195817402267189244, -9.673870763882021606 ) ) ;
#5298 = CARTESIAN_POINT ( 'NONE',  ( -60.37506113026570631, -101.5421033601225673, -23.69317303523423135 ) ) ;
#5299 = CARTESIAN_POINT ( 'NONE',  ( -33.38484050219933152, -65.07790018856327663, -30.41105607248120890 ) ) ;
#5300 = CARTESIAN_POINT ( 'NONE',  ( -53.35294491701618114, -129.0621009639739896, -27.89802382801578773 ) ) ;
#5301 = CARTESIAN_POINT ( 'NONE',  ( -58.38346701373675529, -115.6133349001002557, -20.07069247449723193 ) ) ;
#5302 = CARTESIAN_POINT ( 'NONE',  ( 2.047901428504245835, -6.882107098541236034, -6.192707184984969082 ) ) ;
#5303 = CARTESIAN_POINT ( 'NONE',  ( -60.03614983189213916, -101.4571520430133660, -22.98282381699619492 ) ) ;
#5304 = CARTESIAN_POINT ( 'NONE',  ( -60.62397078357093250, -91.97773015795435469, -22.89053951167253942 ) ) ;
#5305 = CARTESIAN_POINT ( 'NONE',  ( -60.44860658208255444, -86.44104931918582224, -25.41999821347641131 ) ) ;
#5306 = CARTESIAN_POINT ( 'NONE',  ( 3.622631505573179922, -0.6220934500396986255, -1.328974262891565727 ) ) ;
#5307 = CARTESIAN_POINT ( 'NONE',  ( -63.49099042448633412, -93.01947195059624107, -25.20736862074839379 ) ) ;
#5308 = CARTESIAN_POINT ( 'NONE',  ( -60.59268605833563015, -78.49376660386775484, -21.17499859510522242 ) ) ;
#5309 = CARTESIAN_POINT ( 'NONE',  ( -62.06741462982058266, -113.4085270499357847, -24.41809473385769635 ) ) ;
#5310 = CARTESIAN_POINT ( 'NONE',  ( -56.87298768432734164, -124.9579262929730135, -24.57086242046607438 ) ) ;
#5311 = CARTESIAN_POINT ( 'NONE',  ( -19.64296732555972369, -49.85042142050841818, -34.59472983379691158 ) ) ;
#5312 = CARTESIAN_POINT ( 'NONE',  ( -57.26655808891079147, -117.9410360437886851, -20.43197783607054063 ) ) ;
#5313 = CARTESIAN_POINT ( 'NONE',  ( -63.58477539080335816, -84.13294295268731560, -25.17483936813187739 ) ) ;
#5314 = CARTESIAN_POINT ( 'NONE',  ( -60.73994338300528995, -94.74974211268072111, -21.91486145807452601 ) ) ;
#5315 = CARTESIAN_POINT ( 'NONE',  ( 4.544821912843024059, -1.894022137936463235, -6.514995937140178661 ) ) ;
#5316 = CARTESIAN_POINT ( 'NONE',  ( -66.03856651695630831, -92.84922569503167722, -19.54880839848751251 ) ) ;
#5317 = CARTESIAN_POINT ( 'NONE',  ( -64.43442554383663889, -104.8324820476750148, -24.33002862477651007 ) ) ;
#5318 = CARTESIAN_POINT ( 'NONE',  ( -21.06247765177482023, -52.45010861249043899, -29.23749105484161959 ) ) ;
#5319 = CARTESIAN_POINT ( 'NONE',  ( -65.80617755293850735, -101.0595243528322129, -23.38914571531480746 ) ) ;
#5320 = CARTESIAN_POINT ( 'NONE',  ( -65.42435827987264929, -95.55795365226921945, -18.93410038121459493 ) ) ;
#5321 = CARTESIAN_POINT ( 'NONE',  ( -65.38301967204073151, -103.2337084030151573, -20.27412395279154467 ) ) ;
#5322 = CARTESIAN_POINT ( 'NONE',  ( -59.56924728324162288, -103.1882507357618266, -22.21447453255084881 ) ) ;
#5323 = CARTESIAN_POINT ( 'NONE',  ( -51.03658159126251093, -123.7514748103761661, -26.84645838703308840 ) ) ;
#5324 = CARTESIAN_POINT ( 'NONE',  ( -56.98320409333299352, -77.45881397911888655, -27.75732890945472775 ) ) ;
#5325 = CARTESIAN_POINT ( 'NONE',  ( -52.38870088806871905, -69.33319902765535403, -25.09180630796977240 ) ) ;
#5326 = CARTESIAN_POINT ( 'NONE',  ( -59.76179947835583306, -104.2985882608762154, -20.65734061487889406 ) ) ;
#5327 = CARTESIAN_POINT ( 'NONE',  ( -62.15763081334235807, -114.3469227327097855, -22.87250304474746443 ) ) ;
#5328 = CARTESIAN_POINT ( 'NONE',  ( -51.64903933927472934, -76.50798363843516370, -26.36367684629358976 ) ) ;
#5329 = CARTESIAN_POINT ( 'NONE',  ( -59.67903904275465266, -104.3974482251880858, -23.90333371422179809 ) ) ;
#5330 = CARTESIAN_POINT ( 'NONE',  ( 0.1138621976918531564, -0.1791452601430814640, -6.487223772496450103 ) ) ;
#5331 = CARTESIAN_POINT ( 'NONE',  ( -55.18209182851824579, -121.9469282580779037, -21.12213747382157081 ) ) ;
#5332 = CARTESIAN_POINT ( 'NONE',  ( -60.87131120407151030, -87.50172824200701882, -20.03098360934097499 ) ) ;
#5333 = CARTESIAN_POINT ( 'NONE',  ( -55.31431147210810195, -114.8570994751299423, -24.52787528954731044 ) ) ;
#5334 = CARTESIAN_POINT ( 'NONE',  ( -41.46347719078445948, -69.15369207943848551, -27.01803422974757396 ) ) ;
#5335 = CARTESIAN_POINT ( 'NONE',  ( -60.75498278285295584, -101.4480378067555790, -24.39100333392541842 ) ) ;
#5336 = CARTESIAN_POINT ( 'NONE',  ( -13.76823512036099295, -50.73172929092537231, -30.65683345053342279 ) ) ;
#5337 = CARTESIAN_POINT ( 'NONE',  ( -58.73600119592795465, -114.2344299062192903, -26.52480403550866939 ) ) ;
#5338 = CARTESIAN_POINT ( 'NONE',  ( -50.00751664662899998, -72.19244857538025428, -29.70665736704131987 ) ) ;
#5339 = CARTESIAN_POINT ( 'NONE',  ( -65.44444986197960645, -94.01218277565709514, -18.97665263518510770 ) ) ;
#5340 = CARTESIAN_POINT ( 'NONE',  ( -24.57590002154675801, -53.20294093756876919, -34.11162408331039586 ) ) ;
#5341 = CARTESIAN_POINT ( 'NONE',  ( -48.17169210700851778, -138.0224962995285978, -29.10738675789402663 ) ) ;
#5342 = CARTESIAN_POINT ( 'NONE',  ( -58.73477038119778371, -74.67675993677542579, -24.32042803149105126 ) ) ;
#5343 = CARTESIAN_POINT ( 'NONE',  ( -43.82293746780555210, -64.61348018093111989, -30.73082582786732431 ) ) ;
#5344 = CARTESIAN_POINT ( 'NONE',  ( 0.02537459653291791739, -5.313616347345391233, -3.986614209933713848 ) ) ;
#5345 = CARTESIAN_POINT ( 'NONE',  ( -60.06982925129412365, -100.9841344804420942, -22.06607452187058627 ) ) ;
#5346 = CARTESIAN_POINT ( 'NONE',  ( -48.28540117507497342, -73.54882822568356460, -28.49466987693691422 ) ) ;
#5347 = CARTESIAN_POINT ( 'NONE',  ( -63.37326054865978620, -103.3663891268809607, -25.17153588154306121 ) ) ;
#5348 = CARTESIAN_POINT ( 'NONE',  ( -50.12389372075780614, -67.57993285752833401, -26.15443064226660042 ) ) ;
#5349 = CARTESIAN_POINT ( 'NONE',  ( -12.54368220475120843, -45.49025079851465847, -34.76264539557640632 ) ) ;
#5350 = CARTESIAN_POINT ( 'NONE',  ( -50.87352885463015895, -127.7263359952647050, -22.52193337452908750 ) ) ;
#5351 = CARTESIAN_POINT ( 'NONE',  ( -65.74671260207922785, -88.81968457048574805, -23.77589833821792809 ) ) ;
#5352 = CARTESIAN_POINT ( 'NONE',  ( -64.42918250604422781, -102.9113004325540146, -19.06148276652131557 ) ) ;
#5353 = CARTESIAN_POINT ( 'NONE',  ( -64.70716994723237292, -105.8804966990181953, -20.43827266701915946 ) ) ;
#5354 = CARTESIAN_POINT ( 'NONE',  ( -60.73540196644477618, -94.15276960591044997, -21.92392867774381671 ) ) ;
#5355 = CARTESIAN_POINT ( 'NONE',  ( 4.557198699885219639, -1.963263422773066758, -5.183698196796334479 ) ) ;
#5356 = CARTESIAN_POINT ( 'NONE',  ( -53.50942857540673714, -74.43565936629151736, -28.83372291409100185 ) ) ;
#5357 = CARTESIAN_POINT ( 'NONE',  ( -1.681319345307266788, -16.40031359740395800, -19.98606159174975616 ) ) ;
#5358 = CARTESIAN_POINT ( 'NONE',  ( -61.21179639610524958, -92.95855804939348843, -20.33684492672914246 ) ) ;
#5359 = CARTESIAN_POINT ( 'NONE',  ( -50.11270399066299319, -73.50646778272347603, -23.79995629084129050 ) ) ;
#5360 = CARTESIAN_POINT ( 'NONE',  ( -7.559664140676567001, -43.98219448883155991, -29.99679486216937008 ) ) ;
#5361 = CARTESIAN_POINT ( 'NONE',  ( 0.000000000000000000, 0.000000000000000000, 0.000000000000000000 ) ) ;
#5362 = CARTESIAN_POINT ( 'NONE',  ( -51.53214068147554627, -70.22239534041760578, -28.94775858857454054 ) ) ;
#5363 = CARTESIAN_POINT ( 'NONE',  ( 0.5416835453329025274, -7.765893108496786823, -7.652471076921409043 ) ) ;
#5364 = CARTESIAN_POINT ( 'NONE',  ( -53.59420398661944063, -75.91394534499320912, -22.46686465682459755 ) ) ;
#5365 = CARTESIAN_POINT ( 'NONE',  ( 2.069295085959760083, -26.79764404239783815, -24.90440018271264933 ) ) ;
#5366 = CARTESIAN_POINT ( 'NONE',  ( -47.97839538407010451, -73.63205845291673768, -26.07450581896142339 ) ) ;
#5367 = CARTESIAN_POINT ( 'NONE',  ( -61.31569452393220132, -97.74165300124732880, -24.24449071231644126 ) ) ;
#5368 = CARTESIAN_POINT ( 'NONE',  ( -44.21041395528941820, -71.15747370984547615, -27.30737693806633359 ) ) ;
#5369 = CARTESIAN_POINT ( 'NONE',  ( -11.21756055990888612, -47.55599132813226504, -33.96968208401590772 ) ) ;
#5370 = CARTESIAN_POINT ( 'NONE',  ( -59.16341930627574186, -117.4176584229435747, -20.59345698331770436 ) ) ;
#5371 = CARTESIAN_POINT ( 'NONE',  ( -54.10292204005882866, -70.72600152078479141, -26.84793214885217338 ) ) ;
#5372 = CARTESIAN_POINT ( 'NONE',  ( -1.488794532498773471, -0.5616491602422308826, -5.050410688646909563 ) ) ;
#5373 = CARTESIAN_POINT ( 'NONE',  ( -64.65696965090693027, -83.57247824522129065, -22.00384562510530273 ) ) ;
#5374 = CARTESIAN_POINT ( 'NONE',  ( -53.23588517755109706, -70.08985979969766333, -27.17232031378834733 ) ) ;
#5375 = CARTESIAN_POINT ( 'NONE',  ( 0.2898453600473187564, -6.320711879752392015, -5.595325470733708784 ) ) ;
#5376 = CARTESIAN_POINT ( 'NONE',  ( -59.36810318974985279, -103.9509834937411767, -22.27599926569044797 ) ) ;
#5377 = CARTESIAN_POINT ( 'NONE',  ( -46.42914894863745445, -72.45703738822869866, -28.69099352263268443 ) ) ;
#5378 = CARTESIAN_POINT ( 'NONE',  ( -59.62496397574528828, -114.2853247461359700, -26.31292066823305120 ) ) ;
#5379 = CARTESIAN_POINT ( 'NONE',  ( -21.17695802907993752, -49.26169869934449252, -32.66340937458729599 ) ) ;
#5380 = CARTESIAN_POINT ( 'NONE',  ( -45.00051861167227685, -66.88871382839610646, -31.02699431391440399 ) ) ;
#5381 = CARTESIAN_POINT ( 'NONE',  ( -54.30048400109250650, -121.8388161807892232, -21.34326270220818600 ) ) ;
#5382 = CARTESIAN_POINT ( 'NONE',  ( -66.58146445209173692, -90.56872008934368523, -21.99133069015730868 ) ) ;
#5383 = CARTESIAN_POINT ( 'NONE',  ( -60.90743702175137031, -113.5600491474806404, -20.04765485143800063 ) ) ;
#5384 = CARTESIAN_POINT ( 'NONE',  ( -63.59225500801520070, -109.4223754608345871, -20.73843643991492414 ) ) ;
#5385 = CARTESIAN_POINT ( 'NONE',  ( -55.37208192752136426, -114.5561938442846355, -23.59021035785459119 ) ) ;
#5386 = CARTESIAN_POINT ( 'NONE',  ( -1.125937008923804328, -34.49164228678534982, -28.46030680363669063 ) ) ;
#5387 = CARTESIAN_POINT ( 'NONE',  ( -51.43027494694528912, -129.5848259063405692, -29.10437765491077045 ) ) ;
#5388 = CARTESIAN_POINT ( 'NONE',  ( -65.68736723484769868, -99.62123398934413387, -19.45059077589279184 ) ) ;
#5389 = CARTESIAN_POINT ( 'NONE',  ( -58.17528479889872273, -109.1219514294504052, -21.15285112849279869 ) ) ;
#5390 = CARTESIAN_POINT ( 'NONE',  ( -61.25001356317832091, -94.80044114583733972, -20.29211865315283703 ) ) ;
#5391 = CARTESIAN_POINT ( 'NONE',  ( -13.76823512036099295, -50.73172929092537231, -30.65683345053342279 ) ) ;
#5392 = CARTESIAN_POINT ( 'NONE',  ( -49.78337013154695967, -125.8758053943446242, -27.29335480150891868 ) ) ;
#5393 = CARTESIAN_POINT ( 'NONE',  ( -30.55671553995224698, -62.26864539052102288, -33.27888646294324104 ) ) ;
#5394 = CARTESIAN_POINT ( 'NONE',  ( -64.94220531356590698, -102.7016099939176570, -24.20240610302024109 ) ) ;
#5395 = CARTESIAN_POINT ( 'NONE',  ( -0.2937907701537142424, -4.364927474271137697, -2.329571822399493009 ) ) ;
#5396 = CARTESIAN_POINT ( 'NONE',  ( -47.56971658714486750, -70.03762744975809085, -24.21521062986095529 ) ) ;
#5397 = CARTESIAN_POINT ( 'NONE',  ( 3.250000000000000444, 0.000000000000000000, 0.000000000000000000 ) ) ;
#5398 = CARTESIAN_POINT ( 'NONE',  ( -53.46905856224962861, -118.5889071988574273, -25.16781209614159565 ) ) ;
#5399 = CARTESIAN_POINT ( 'NONE',  ( -60.86273774006161119, -100.8956762648956413, -24.36024460028353289 ) ) ;
#5400 = CARTESIAN_POINT ( 'NONE',  ( 4.986506454766347574, -4.855159848429318359, -7.997828799835533076 ) ) ;
#5401 = CARTESIAN_POINT ( 'NONE',  ( -7.863368380854478978, -34.38138634700157326, -31.24951973896695279 ) ) ;
#5402 = CARTESIAN_POINT ( 'NONE',  ( -52.67426326728372743, -129.1976987062067792, -22.74903561930781848 ) ) ;
#5403 = CARTESIAN_POINT ( 'NONE',  ( -59.58531585242479167, -75.77406220812392235, -24.87836620153575851 ) ) ;
#5404 = CARTESIAN_POINT ( 'NONE',  ( -65.79019460618901860, -86.85327618190767396, -21.49775063558474031 ) ) ;
#5405 = CARTESIAN_POINT ( 'NONE',  ( -41.92508978171582612, -63.54028522430166248, -31.25778329531339494 ) ) ;
#5406 = CARTESIAN_POINT ( 'NONE',  ( 0.3620689430393703168, -6.664717906110321444, -6.109607815363181871 ) ) ;
#5407 = CARTESIAN_POINT ( 'NONE',  ( -56.68042331047304572, -111.6210598720162039, -23.14865999933000396 ) ) ;
#5408 = CARTESIAN_POINT ( 'NONE',  ( -61.45574843403172594, -89.52631117320703424, -25.05083523880306373 ) ) ;
#5409 = CARTESIAN_POINT ( 'NONE',  ( -63.11888664325099541, -109.6686864265034416, -20.07569539527655422 ) ) ;
#5410 = CARTESIAN_POINT ( 'NONE',  ( -0.4118674471219698763, -22.05333831323888916, -26.99659768783087799 ) ) ;
#5411 = CARTESIAN_POINT ( 'NONE',  ( -50.42195939070607125, -128.4606484745993100, -22.67927638284033165 ) ) ;
#5412 = CARTESIAN_POINT ( 'NONE',  ( -52.67426326728372743, -129.1976987062067792, -22.74903561930781848 ) ) ;
#5413 = CARTESIAN_POINT ( 'NONE',  ( -66.23957036394966735, -98.08238924357056021, -20.13071600181428877 ) ) ;
#5414 = CARTESIAN_POINT ( 'NONE',  ( -56.85584719878414006, -82.03715475042929484, -23.25691966670499156 ) ) ;
#5415 = CARTESIAN_POINT ( 'NONE',  ( 5.548622000729634962, -7.274211259356448522, -12.05094540779074563 ) ) ;
#5416 = CARTESIAN_POINT ( 'NONE',  ( -66.77282866928152316, -95.36881119504153048, -20.85927144710460013 ) ) ;
#5417 = CARTESIAN_POINT ( 'NONE',  ( -0.007360830786022642437, 2.120850867760637470, -2.723447497630312686 ) ) ;
#5418 = CARTESIAN_POINT ( 'NONE',  ( -60.35923622966780755, -116.3842065223506381, -20.90864474264132866 ) ) ;
#5419 = CARTESIAN_POINT ( 'NONE',  ( -59.04276101355699069, -106.6538078629730393, -20.87734217105408874 ) ) ;
#5420 = CARTESIAN_POINT ( 'NONE',  ( -61.14629000016121552, -92.06815602475099070, -20.37453166057624543 ) ) ;
#5421 = CARTESIAN_POINT ( 'NONE',  ( -49.53311556999781828, -74.83338092136077080, -26.71233110294686597 ) ) ;
#5422 = CARTESIAN_POINT ( 'NONE',  ( 3.946116637313144437, -1.306980117275295505, -2.613418202174650595 ) ) ;
#5423 = CARTESIAN_POINT ( 'NONE',  ( -0.9919303019980405534, -32.54947768427251731, -30.14375049923610916 ) ) ;
#5424 = CARTESIAN_POINT ( 'NONE',  ( -61.67324141773730872, -112.9746657953552358, -25.13704082024639774 ) ) ;
#5425 = CARTESIAN_POINT ( 'NONE',  ( -0.5050942726708210762, -19.35507024839178314, -18.78838608647772546 ) ) ;
#5426 = CARTESIAN_POINT ( 'NONE',  ( -55.39168984680448204, -77.83833751500768017, -21.91794363754522124 ) ) ;
#5427 = CARTESIAN_POINT ( 'NONE',  ( -25.91234116681931710, -60.26372258902456025, -30.96389270922450621 ) ) ;
#5428 = CARTESIAN_POINT ( 'NONE',  ( -50.63708215574732208, -123.7145756647255865, -26.16568603351596778 ) ) ;
#5429 = CARTESIAN_POINT ( 'NONE',  ( -60.99174180325983485, -100.1713846721136179, -24.32461096017379987 ) ) ;
#5430 = CARTESIAN_POINT ( 'NONE',  ( -42.60578640177187992, -136.8969167504480993, -29.90090730721353651 ) ) ;
#5431 = CARTESIAN_POINT ( 'NONE',  ( -1.113388630707784266, -18.68862126702510196, -18.94905829799361641 ) ) ;
#5432 = CARTESIAN_POINT ( 'NONE',  ( -66.59347433558870932, -91.10869569467431006, -21.06789395134210352 ) ) ;
#5433 = CARTESIAN_POINT ( 'NONE',  ( -34.87558046314202898, -59.37969088108847870, -32.67574590285169478 ) ) ;
#5434 = CARTESIAN_POINT ( 'NONE',  ( -8.936717679774314860, -37.38197992548523985, -27.71905941100605375 ) ) ;
#5435 = CARTESIAN_POINT ( 'NONE',  ( -58.67918097623572038, -106.2586006426704301, -22.49208800172380407 ) ) ;
#5436 = CARTESIAN_POINT ( 'NONE',  ( -61.84081354717788770, -98.77380826370438172, -24.78775836806289590 ) ) ;
#5437 = CARTESIAN_POINT ( 'NONE',  ( -56.36932489986186567, -124.1782640782461726, -22.19916597777799083 ) ) ;
#5438 = CARTESIAN_POINT ( 'NONE',  ( -6.482246573691610614, -36.53742298015843915, -32.86191609947607617 ) ) ;
#5439 = CARTESIAN_POINT ( 'NONE',  ( -61.16297770679875612, -88.61590444263418931, -19.91131605509587033 ) ) ;
#5440 = CARTESIAN_POINT ( 'NONE',  ( -66.13354920387972413, -101.8189805871293458, -21.78437090689804734 ) ) ;
#5441 = CARTESIAN_POINT ( 'NONE',  ( -59.87658126123596247, -115.8961314021866258, -20.36852408722149477 ) ) ;
#5442 = CARTESIAN_POINT ( 'NONE',  ( -60.45654800374253313, -117.0437531149585766, -21.68373246339742977 ) ) ;
#5443 = CARTESIAN_POINT ( 'NONE',  ( -60.70814765334466045, -95.97487182872177414, -21.90978014828767328 ) ) ;
#5444 = CARTESIAN_POINT ( 'NONE',  ( 5.400149920099861944, -5.846819805272678749, -10.42946792586893423 ) ) ;
#5445 = CARTESIAN_POINT ( 'NONE',  ( -66.74455065593312497, -92.99729522419879402, -20.94937399468174277 ) ) ;
#5446 = CARTESIAN_POINT ( 'NONE',  ( -62.91820957009440463, -105.1564416286439325, -25.29668792440284975 ) ) ;
#5447 = CARTESIAN_POINT ( 'NONE',  ( -65.80052160958535978, -90.26886116698561580, -19.72135664117308451 ) ) ;
#5448 = CARTESIAN_POINT ( 'NONE',  ( -61.24700582215948685, -93.88071778593581485, -20.30878501312088957 ) ) ;
#5449 = CARTESIAN_POINT ( 'NONE',  ( -53.11691680724739228, -77.78153977111045947, -26.03049664278752928 ) ) ;
#5450 = CARTESIAN_POINT ( 'NONE',  ( -44.13037438550303193, -134.7089397432989415, -29.34024220488246826 ) ) ;
#5451 = CARTESIAN_POINT ( 'NONE',  ( 3.967310496841919942, -2.241576610438951622, -9.091987530281285146 ) ) ;
#5452 = CARTESIAN_POINT ( 'NONE',  ( -59.65451333833123471, -112.0789506884486997, -26.22520865889030617 ) ) ;
#5453 = CARTESIAN_POINT ( 'NONE',  ( -59.21774180804303711, -118.4357805150470995, -25.91997339356075969 ) ) ;
#5454 = CARTESIAN_POINT ( 'NONE',  ( 0.3295457371688002568, -15.44679028082015293, -15.78220627954345012 ) ) ;
#5455 = CARTESIAN_POINT ( 'NONE',  ( -42.98580861019355837, -66.52433589345611153, -25.40510212636203136 ) ) ;
#5456 = CARTESIAN_POINT ( 'NONE',  ( -11.11161149087995170, -48.10313835605828103, -30.45301831650126090 ) ) ;
#5457 = CARTESIAN_POINT ( 'NONE',  ( 4.483378212472402424, -2.804713314717867334, -5.080524282288601867 ) ) ;
#5458 = CARTESIAN_POINT ( 'NONE',  ( -56.94624312340565808, -113.0073141735664990, -25.61398340377813199 ) ) ;
#5459 = CARTESIAN_POINT ( 'NONE',  ( -52.64102771480732912, -77.35441311407326737, -26.14715112177643519 ) ) ;
#5460 = CARTESIAN_POINT ( 'NONE',  ( -51.73131613268595430, -130.7198439492784416, -23.07230570840698292 ) ) ;
#5461 = CARTESIAN_POINT ( 'NONE',  ( -65.96389186332189070, -87.52240537711138302, -21.41348219717085755 ) ) ;
#5462 = CARTESIAN_POINT ( 'NONE',  ( -48.12219216358914053, -68.45951554220209800, -24.40083743522169613 ) ) ;
#5463 = CARTESIAN_POINT ( 'NONE',  ( -58.72853999160147254, -106.1049195981412652, -22.47610480282725831 ) ) ;
#5464 = CARTESIAN_POINT ( 'NONE',  ( -58.14193565046507217, -111.8425334639313888, -25.92547902261839710 ) ) ;
#5465 = CARTESIAN_POINT ( 'NONE',  ( -63.16098856114182780, -104.2344672646194823, -25.22895334885453522 ) ) ;
#5466 = CARTESIAN_POINT ( 'NONE',  ( -57.16193708253734229, -122.7456853883029595, -21.93634718626512736 ) ) ;
#5467 = CARTESIAN_POINT ( 'NONE',  ( -55.56929718795154827, -125.2938367938327673, -27.13898345846707016 ) ) ;
#5468 = CARTESIAN_POINT ( 'NONE',  ( -61.50341436653849314, -90.35478368731310184, -19.76136718397264502 ) ) ;
#5469 = CARTESIAN_POINT ( 'NONE',  ( -0.4342682529810649728, -6.213714259299789155, -6.126435178950230487 ) ) ;
#5470 = CARTESIAN_POINT ( 'NONE',  ( -52.30165551638435772, -120.6093078775336380, -24.65604180564058368 ) ) ;
#5471 = CARTESIAN_POINT ( 'NONE',  ( -38.43698496638640449, -68.00765978376833232, -29.16500220209703542 ) ) ;
#5472 = CARTESIAN_POINT ( 'NONE',  ( -51.35341087663683624, -68.47457586656470596, -27.14803346911772408 ) ) ;
#5473 = CARTESIAN_POINT ( 'NONE',  ( 1.510859101314269815, -1.484459677948581691, -9.019798972543187077 ) ) ;
#5474 = CARTESIAN_POINT ( 'NONE',  ( -66.06789948051913086, -95.17530612815376401, -19.46062561207976316 ) ) ;
#5475 = CARTESIAN_POINT ( 'NONE',  ( -61.20534092117947722, -96.07693818563267030, -20.28547295105717652 ) ) ;
#5476 = CARTESIAN_POINT ( 'NONE',  ( -59.62374070917891800, -104.5950137904008841, -23.92046395425298400 ) ) ;
#5477 = CARTESIAN_POINT ( 'NONE',  ( 5.370796127252447150, -8.068074364259082643, -11.79978958451074078 ) ) ;
#5478 = CARTESIAN_POINT ( 'NONE',  ( -45.50712557126861668, -134.4914303725389289, -30.36884968454533151 ) ) ;
#5479 = CARTESIAN_POINT ( 'NONE',  ( -61.71307846663057006, -106.3201685965245105, -25.58080550898418792 ) ) ;
#5480 = CARTESIAN_POINT ( 'NONE',  ( 1.692610785278203300, 2.044107045948859280, -2.759511238589843263 ) ) ;
#5481 = CARTESIAN_POINT ( 'NONE',  ( -56.39379564457745886, -123.8288255416331509, -26.85945145180885518 ) ) ;
#5482 = CARTESIAN_POINT ( 'NONE',  ( -45.26176416143228920, -66.15372950756417936, -25.37160177158783725 ) ) ;
#5483 = CARTESIAN_POINT ( 'NONE',  ( -59.73679012705875380, -106.2389681489985520, -20.08045600002611053 ) ) ;
#5484 = CARTESIAN_POINT ( 'NONE',  ( -59.22062818780976556, -85.73192554899463858, -24.23259740327693379 ) ) ;
#5485 = CARTESIAN_POINT ( 'NONE',  ( -59.95814664722301046, -101.8211614710498765, -23.00596338990683520 ) ) ;
#5486 = CARTESIAN_POINT ( 'NONE',  ( -50.46617655874938890, -125.4472947305053623, -27.87209914601439920 ) ) ;
#5487 = CARTESIAN_POINT ( 'NONE',  ( -60.12791209719281227, -102.6588173831651432, -23.76634532275226519 ) ) ;
#5488 = CARTESIAN_POINT ( 'NONE',  ( -13.15252663911667419, -41.78493430954454624, -29.72534109394553070 ) ) ;
#5489 = CARTESIAN_POINT ( 'NONE',  ( -65.15934675343248728, -105.6204628683235711, -21.11048029813705895 ) ) ;
#5490 = CARTESIAN_POINT ( 'NONE',  ( -62.37237456425603455, -87.67433614549790377, -19.17025371339949658 ) ) ;
#5491 = CARTESIAN_POINT ( 'NONE',  ( -50.24297251091896754, -124.2304505856104271, -25.38309730192337810 ) ) ;
#5492 = CARTESIAN_POINT ( 'NONE',  ( -57.63733838107057750, -113.0316928087651434, -26.09305023551877056 ) ) ;
#5493 = CARTESIAN_POINT ( 'NONE',  ( -66.04100458710431099, -95.96617291335148536, -19.44383686889992191 ) ) ;
#5494 = CARTESIAN_POINT ( 'NONE',  ( -65.32097630482475381, -103.4599984011424709, -23.49546297227684377 ) ) ;
#5495 = CARTESIAN_POINT ( 'NONE',  ( -45.86950820784443295, -68.60440231086060692, -24.67407079412797799 ) ) ;
#5496 = CALENDAR_DATE ( 2026, 26, 7 ) ;
#5497 = CARTESIAN_POINT ( 'NONE',  ( -49.04018560110096558, -134.8987592127608650, -24.00567126007232943 ) ) ;
#5498 = CARTESIAN_POINT ( 'NONE',  ( -54.90496353597269064, -115.5424219039614542, -23.75064019592942088 ) ) ;
#5499 = CARTESIAN_POINT ( 'NONE',  ( -60.12106232314841492, -104.1314374746079494, -24.57994334390000191 ) ) ;
#5500 = CARTESIAN_POINT ( 'NONE',  ( -65.96389186332189070, -87.52240537711138302, -21.41348219717085755 ) ) ;
#5501 = CARTESIAN_POINT ( 'NONE',  ( -60.03163494257672994, -113.3415608614139956, -26.18156083663989619 ) ) ;
#5502 = CARTESIAN_POINT ( 'NONE',  ( -60.94810378183147748, -115.0817045186117582, -20.72573921409204800 ) ) ;
#5503 = CARTESIAN_POINT ( 'NONE',  ( -55.30931111315268112, -115.7591372838926986, -22.10134361161519223 ) ) ;
#5504 = CARTESIAN_POINT ( 'NONE',  ( -54.42147408143526377, -117.5244455094063483, -25.65829852437362391 ) ) ;
#5505 = CARTESIAN_POINT ( 'NONE',  ( -54.46993738282691311, -79.08311016127765924, -25.66869302637196881 ) ) ;
#5506 = CARTESIAN_POINT ( 'NONE',  ( -12.46284469241664716, -49.59833058510626813, -33.49086083273174808 ) ) ;
#5507 = CARTESIAN_POINT ( 'NONE',  ( -58.01979604327296158, -115.8178090904615800, -26.76212265955394898 ) ) ;
#5508 = CARTESIAN_POINT ( 'NONE',  ( 3.069830247359510267, -1.334640142851373223, -8.502036136613920547 ) ) ;
#5509 = CARTESIAN_POINT ( 'NONE',  ( -59.19066525157651171, -111.7127585877026092, -19.73774690139889643 ) ) ;
#5510 = CARTESIAN_POINT ( 'NONE',  ( -61.00359685873674209, -101.4813329335103589, -19.71643866669306533 ) ) ;
#5511 = CARTESIAN_POINT ( 'NONE',  ( -60.93722315088608354, -98.03633387550989653, -23.54172347732509962 ) ) ;
#5512 = CARTESIAN_POINT ( 'NONE',  ( -42.04184475792534670, -137.0592669243105206, -29.28482729609944357 ) ) ;
#5513 = CARTESIAN_POINT ( 'NONE',  ( 4.662185004802332777, -2.300261440587082262, -7.113556705306090855 ) ) ;
#5514 = CARTESIAN_POINT ( 'NONE',  ( -60.81118974320509096, -99.05278806832251348, -23.57249753904849143 ) ) ;
#5515 = CARTESIAN_POINT ( 'NONE',  ( -62.49740704648365863, -85.26302607910908193, -19.36289956632820264 ) ) ;
#5516 = CARTESIAN_POINT ( 'NONE',  ( -57.16256268528104556, -124.2651214647177795, -23.55769973122727023 ) ) ;
#5517 = CARTESIAN_POINT ( 'NONE',  ( -61.35667354617753233, -105.6003813793898303, -19.08663210051807368 ) ) ;
#5518 = CARTESIAN_POINT ( 'NONE',  ( -51.68184341950563976, -76.67926109725584638, -25.52769254990203152 ) ) ;
#5519 = CARTESIAN_POINT ( 'NONE',  ( -57.19226587332040879, -114.0410917572981759, -26.24211794760019956 ) ) ;
#5520 = CARTESIAN_POINT ( 'NONE',  ( -55.68471244803384934, -125.3878637710839854, -22.42779507399093575 ) ) ;
#5521 = CARTESIAN_POINT ( 'NONE',  ( -59.08983000771495142, -76.40361562205713142, -26.37819738814609849 ) ) ;
#5522 = CARTESIAN_POINT ( 'NONE',  ( -50.43834614991630616, -72.75845160656088240, -23.40023662242335689 ) ) ;
#5523 = SECURITY_CLASSIFICATION_LEVEL ( 'unclassified' ) ;
#5524 = CARTESIAN_POINT ( 'NONE',  ( -33.47713253091427532, -58.52117046720606197, -28.43116811696275903 ) ) ;
#5525 = CARTESIAN_POINT ( 'NONE',  ( 0.9907083644862696437, 0.06713001982328693773, -6.578827356394992165 ) ) ;
#5526 = CARTESIAN_POINT ( 'NONE',  ( -50.21229835656190232, -125.1688024162538397, -23.86946550209074402 ) ) ;
#5527 = CARTESIAN_POINT ( 'NONE',  ( -48.97577491786016424, -126.3486217697103200, -25.83566016898474516 ) ) ;
#5528 = CARTESIAN_POINT ( 'NONE',  ( -61.28173835112354340, -98.07865204719553276, -24.25179378696064703 ) ) ;
#5529 = CARTESIAN_POINT ( 'NONE',  ( -65.71696722901729970, -103.4117919321050323, -20.97631659360875389 ) ) ;
#5530 = CARTESIAN_POINT ( 'NONE',  ( -62.40032878928136029, -81.81195650884205861, -25.63517770623817782 ) ) ;
#5531 = CARTESIAN_POINT ( 'NONE',  ( -1.068715128173433282, -7.032090442204415481, -9.395352427757273972 ) ) ;
#5532 = CARTESIAN_POINT ( 'NONE',  ( -60.07233631477066638, -103.1329804225797346, -20.56558217726688653 ) ) ;
#5533 = CARTESIAN_POINT ( 'NONE',  ( -50.83300910913339266, -124.1015148758466751, -26.91866366886466722 ) ) ;
#5534 = CARTESIAN_POINT ( 'NONE',  ( -60.93968903156418548, -91.94161346712671445, -23.61520753515232585 ) ) ;
#5535 = CARTESIAN_POINT ( 'NONE',  ( -63.05661999426389031, -89.93303256806261459, -25.41684707628359519 ) ) ;
#5536 = CARTESIAN_POINT ( 'NONE',  ( 1.296136086308882218, 2.681176851419823759, -1.400084107202566708 ) ) ;
#5537 = CARTESIAN_POINT ( 'NONE',  ( 1.296136086308882218, 2.681176851419823759, -1.400084107202566708 ) ) ;
#5538 = CARTESIAN_POINT ( 'NONE',  ( -63.16870849173498925, -94.45654619282177578, -18.71572194213775475 ) ) ;
#5539 = CARTESIAN_POINT ( 'NONE',  ( -55.53382869302151903, -116.5098272481554744, -21.43937567162322111 ) ) ;
#5540 = CARTESIAN_POINT ( 'NONE',  ( -51.13762927259139701, -76.08740667369141875, -26.46428409176784768 ) ) ;
#5541 = CARTESIAN_POINT ( 'NONE',  ( -53.11691680724739228, -77.78153977111045947, -26.03049664278752928 ) ) ;
#5542 = CARTESIAN_POINT ( 'NONE',  ( -51.57090071746466009, -123.5567984591389461, -27.47934779846999120 ) ) ;
#5543 = CARTESIAN_POINT ( 'NONE',  ( -61.11187437444654336, -95.15495384712382076, -23.51826424497762602 ) ) ;
#5544 = CARTESIAN_POINT ( 'NONE',  ( -62.16826348536399394, -104.7200361555314032, -25.44653022500619244 ) ) ;
#5545 = CARTESIAN_POINT ( 'NONE',  ( -63.23034461996762445, -87.71590083125737181, -19.03960972529094064 ) ) ;
#5546 = CARTESIAN_POINT ( 'NONE',  ( -55.32157158408860909, -127.4774466024760926, -24.17294097115685503 ) ) ;
#5547 = CARTESIAN_POINT ( 'NONE',  ( -63.14503245620694827, -95.50640835891874758, -18.69658900846415150 ) ) ;
#5548 = APPROVAL ( #4200, '未指定' ) ;
#5549 = CARTESIAN_POINT ( 'NONE',  ( -55.65209049140692343, -80.65216227128209425, -24.49495934042028011 ) ) ;
#5550 = CARTESIAN_POINT ( 'NONE',  ( 3.480576357997548165, -0.5721328546670345627, -6.642126426331866007 ) ) ;
#5551 = CARTESIAN_POINT ( 'NONE',  ( -43.03690139095822786, -62.94091958859432623, -28.05755901484115000 ) ) ;
#5552 = CARTESIAN_POINT ( 'NONE',  ( -62.86561818873082075, -81.36111395012441960, -24.98762430829940229 ) ) ;
#5553 = CARTESIAN_POINT ( 'NONE',  ( -59.61377789200984267, -106.6211510459854281, -20.11785215745010191 ) ) ;
#5554 = CARTESIAN_POINT ( 'NONE',  ( -46.58958565874991109, -66.28762503457511457, -25.50031804046069794 ) ) ;
#5555 = CARTESIAN_POINT ( 'NONE',  ( -46.52729475132855441, -137.0910814962069821, -30.85090866790550379 ) ) ;
#5556 = CARTESIAN_POINT ( 'NONE',  ( 3.408037049142321528, -19.95887736856035843, -19.71578274372601314 ) ) ;
#5557 = CARTESIAN_POINT ( 'NONE',  ( -60.02230640309698373, -86.96122388064192421, -24.79877448988678523 ) ) ;
#5558 = CARTESIAN_POINT ( 'NONE',  ( -62.66427160617560332, -112.9106247259175859, -21.80927306794953680 ) ) ;
#5559 = CARTESIAN_POINT ( 'NONE',  ( -49.30827474060114923, -69.93668171679316004, -29.93563000425836051 ) ) ;
#5560 = CARTESIAN_POINT ( 'NONE',  ( -1.575712185458672643, -4.556660375680731789, -5.736847419549128801 ) ) ;
#5561 = CARTESIAN_POINT ( 'NONE',  ( -55.92861196127357459, -114.4489867353892549, -21.89252111067644435 ) ) ;
#5562 = CARTESIAN_POINT ( 'NONE',  ( -55.95057769052191077, -114.3425067062699014, -25.13104926928759397 ) ) ;
#5563 = CARTESIAN_POINT ( 'NONE',  ( -55.30832844669869530, -79.97063898937531690, -25.42659794484930913 ) ) ;
#5564 = CARTESIAN_POINT ( 'NONE',  ( -49.44854051121758687, -72.85015748681003345, -29.48622626510194777 ) ) ;
#5565 = CARTESIAN_POINT ( 'NONE',  ( -54.06283307540129357, -123.4908353135700594, -28.10974509540827526 ) ) ;
#5566 = CARTESIAN_POINT ( 'NONE',  ( -62.77284711934762385, -89.52889802740564562, -18.98413888768325464 ) ) ;
#5567 = CARTESIAN_POINT ( 'NONE',  ( -58.39945127047358397, -110.0226038674365441, -20.49770655949050635 ) ) ;
#5568 = CARTESIAN_POINT ( 'NONE',  ( -50.86942294382470919, -75.87122392363070844, -26.51461667034726233 ) ) ;
#5569 = CARTESIAN_POINT ( 'NONE',  ( -44.84533426953402113, -71.56514916228911716, -27.22431834635048631 ) ) ;
#5570 = CARTESIAN_POINT ( 'NONE',  ( -50.94921589441740650, -124.6275096928737867, -27.69960961342565042 ) ) ;
#5571 = CARTESIAN_POINT ( 'NONE',  ( -60.00171869265903979, -87.75395369831822734, -23.96893207133815551 ) ) ;
#5572 = CARTESIAN_POINT ( 'NONE',  ( -62.88640382122055428, -101.6510828524839098, -25.24883633489208634 ) ) ;
#5573 = CARTESIAN_POINT ( 'NONE',  ( -61.19214935045938120, -82.15318613777574797, -19.90460580040911154 ) ) ;
#5574 = CARTESIAN_POINT ( 'NONE',  ( -61.91796510872880788, -114.9031482061849658, -22.94626015847469702 ) ) ;
#5575 = CARTESIAN_POINT ( 'NONE',  ( -61.26765131741878179, -116.1596544946542338, -22.23611306474822413 ) ) ;
#5576 = CARTESIAN_POINT ( 'NONE',  ( -61.41915858690927621, -105.3879414470453355, -19.06901084342938901 ) ) ;
#5577 = CARTESIAN_POINT ( 'NONE',  ( 5.050664604885449549, -7.009489273946641674, -9.470380151676563329 ) ) ;
#5578 = CARTESIAN_POINT ( 'NONE',  ( -50.69793523805963531, -126.3224331308313566, -28.50045243553321583 ) ) ;
#5579 = CARTESIAN_POINT ( 'NONE',  ( -33.42221800825826250, -57.49019684732898128, -29.80122083500344843 ) ) ;
#5580 = CARTESIAN_POINT ( 'NONE',  ( -66.06301381519791960, -90.55731383794343969, -23.61216111293832753 ) ) ;
#5581 = CARTESIAN_POINT ( 'NONE',  ( -59.07611972226894892, -108.1981835606094791, -20.28418517538664645 ) ) ;
#5582 = APPROVAL_ROLE ( '' ) ;
#5583 = CARTESIAN_POINT ( 'NONE',  ( -50.47767477531323976, -69.61273324156491071, -23.90964392222924317 ) ) ;
#5584 = CARTESIAN_POINT ( 'NONE',  ( -49.46563669450077327, -132.7072719902445499, -29.79809535201254889 ) ) ;
#5585 = CARTESIAN_POINT ( 'NONE',  ( -50.55837945534422317, -124.5848639310836035, -23.74744740904035467 ) ) ;
#5586 = CARTESIAN_POINT ( 'NONE',  ( -61.39918861875140976, -93.34536998373677363, -24.27324002596333585 ) ) ;
#5587 = CARTESIAN_POINT ( 'NONE',  ( -52.98741333561152800, -131.3205204736818246, -24.96484843778679164 ) ) ;
#5588 = CARTESIAN_POINT ( 'NONE',  ( 0.4348698107450573169, -22.35928585536804647, -27.17489810994648636 ) ) ;
#5589 = CARTESIAN_POINT ( 'NONE',  ( -64.99783047320170226, -104.7865400150053716, -23.57538989394666373 ) ) ;
#5590 = ORGANIZATION ( '未指定', '未指定', '' ) ;
#5591 = CARTESIAN_POINT ( 'NONE',  ( -17.32831622031806873, -45.58024312175560766, -31.92581253326399349 ) ) ;
#5592 = CARTESIAN_POINT ( 'NONE',  ( -56.02041566162903052, -114.2499769564849856, -21.86177833828179828 ) ) ;
#5593 = CARTESIAN_POINT ( 'NONE',  ( -59.83984917209300392, -103.8088539346783392, -23.85373865758121781 ) ) ;
#5594 = CARTESIAN_POINT ( 'NONE',  ( -38.72484755262392042, -67.85115001794703460, -28.36284504905827220 ) ) ;
#5595 = CARTESIAN_POINT ( 'NONE',  ( -42.77916910304667653, -68.62910885433447561, -31.13293086202887494 ) ) ;
#5596 = CARTESIAN_POINT ( 'NONE',  ( -62.17576906762995748, -84.61937458365854070, -25.98173832708299358 ) ) ;
#5597 = CARTESIAN_POINT ( 'NONE',  ( -56.50249799011137952, -114.4708396220017761, -21.11574983116677018 ) ) ;
#5598 = CARTESIAN_POINT ( 'NONE',  ( -52.64102771480732912, -77.35441311407326737, -26.14715112177643519 ) ) ;
#5599 = CARTESIAN_POINT ( 'NONE',  ( -18.41828655687732663, -54.85042377193588692, -30.99354143707735432 ) ) ;
#5600 = CARTESIAN_POINT ( 'NONE',  ( -1.710938828501016529, -35.54068883689812708, -29.61194021447717972 ) ) ;
#5601 = CARTESIAN_POINT ( 'NONE',  ( 5.338720723133303814, -5.382145530587738591, -9.877361376087476330 ) ) ;
#5602 = CARTESIAN_POINT ( 'NONE',  ( -63.53235414048422314, -93.67061619433179942, -25.17994182142003012 ) ) ;
#5603 = CARTESIAN_POINT ( 'NONE',  ( -59.06081304264791498, -78.69052437505632724, -20.71499084717376604 ) ) ;
#5604 = CARTESIAN_POINT ( 'NONE',  ( -54.87362720159184448, -128.2336643254166972, -24.32369280155798563 ) ) ;
#5605 = CARTESIAN_POINT ( 'NONE',  ( -60.63324163920304244, -82.87813072847914952, -19.88883982702401809 ) ) ;
#5606 = CARTESIAN_POINT ( 'NONE',  ( -4.910992836244627568, -39.77958779556541913, -28.53481614127965571 ) ) ;
#5607 = CARTESIAN_POINT ( 'NONE',  ( -54.49370227900401176, -78.85873359048372322, -26.49260974984059303 ) ) ;
#5608 = CARTESIAN_POINT ( 'NONE',  ( -33.13801646061547501, -63.89188511530723247, -32.72133112899294360 ) ) ;
#5609 = CARTESIAN_POINT ( 'NONE',  ( -49.85484834363175111, -134.8396153117728318, -24.41875787699042988 ) ) ;
#5610 = CARTESIAN_POINT ( 'NONE',  ( -56.63851054043355049, -73.98497399061851354, -27.23213372417687594 ) ) ;
#5611 = CARTESIAN_POINT ( 'NONE',  ( -56.40977601737618841, -114.6718002418776479, -21.14647997494161302 ) ) ;
#5612 = CARTESIAN_POINT ( 'NONE',  ( -52.78680578335646345, -71.80632329616038589, -22.94174160197749401 ) ) ;
#5613 = CARTESIAN_POINT ( 'NONE',  ( -1.984513279726208612, -2.207167769645633992, -4.831266548450766862 ) ) ;
#5614 = CARTESIAN_POINT ( 'NONE',  ( 0.5203888548636775857, 1.131483459212325293, -4.676432027207090947 ) ) ;
#5615 = CARTESIAN_POINT ( 'NONE',  ( 3.521452707243346580, -2.983928708096821314, -2.503196226157802240 ) ) ;
#5616 = CARTESIAN_POINT ( 'NONE',  ( -56.31887938390342185, -114.4089718380581786, -25.82625763158377907 ) ) ;
#5617 = CARTESIAN_POINT ( 'NONE',  ( -55.90596633063459109, -126.4775596965000375, -23.97713123582571271 ) ) ;
#5618 = CARTESIAN_POINT ( 'NONE',  ( -61.66798382894734942, -80.66419567170241578, -25.90744567690328637 ) ) ;
#5619 = CARTESIAN_POINT ( 'NONE',  ( -54.89557774948467994, -126.7505470961681198, -22.69314016353089158 ) ) ;
#5620 = CARTESIAN_POINT ( 'NONE',  ( -50.42085435635697621, -124.8177710221056316, -23.79590032564471258 ) ) ;
#5621 = APPROVAL_STATUS ( 'not_yet_approved' ) ;
#5622 = CARTESIAN_POINT ( 'NONE',  ( -54.03137078475032951, -78.64588720490297646, -25.79126781809589986 ) ) ;
#5623 = CARTESIAN_POINT ( 'NONE',  ( -12.62426673801525467, -48.97747097374342218, -34.11154629535597849 ) ) ;
#5624 = CARTESIAN_POINT ( 'NONE',  ( 2.266367304258520399, -4.130310711967274173, -2.404780997152156541 ) ) ;
#5625 = CARTESIAN_POINT ( 'NONE',  ( -55.03962255121542313, -116.2700198153301159, -25.44445786536799758 ) ) ;
#5626 = CARTESIAN_POINT ( 'NONE',  ( 3.809827863998407338, -21.20399535503310062, -22.02674145734653521 ) ) ;
#5627 = CARTESIAN_POINT ( 'NONE',  ( -49.34868321795745771, -126.5965417641833284, -27.44924698194529356 ) ) ;
#5628 = CARTESIAN_POINT ( 'NONE',  ( -59.40164489679538917, -112.6878839396486569, -26.30712678826091988 ) ) ;
#5629 = CARTESIAN_POINT ( 'NONE',  ( -63.87137194791483807, -91.62936650922429749, -18.70179518620658499 ) ) ;
#5630 = CARTESIAN_POINT ( 'NONE',  ( 1.900165117653742630, -16.10017076723187301, -15.87961031834416659 ) ) ;
#5631 = CARTESIAN_POINT ( 'NONE',  ( -50.92077488026043852, -76.02229083702205514, -25.67783974053833163 ) ) ;
#5632 = CARTESIAN_POINT ( 'NONE',  ( 4.047441508193649007, -19.48495180835720575, -20.17215464355465926 ) ) ;
#5633 = CARTESIAN_POINT ( 'NONE',  ( -17.60203233530495481, -54.74956097619055129, -32.49139712726081086 ) ) ;
#5634 = CARTESIAN_POINT ( 'NONE',  ( -54.72273527115118696, -76.52814826269975867, -28.23238239592807020 ) ) ;
#5635 = CARTESIAN_POINT ( 'NONE',  ( -4.779199895595362513, -26.90841473490776536, -25.70395542144636636 ) ) ;
#5636 = CARTESIAN_POINT ( 'NONE',  ( -48.17169210700851778, -138.0224962995285978, -29.10738675789402663 ) ) ;
#5637 = CARTESIAN_POINT ( 'NONE',  ( -59.99645142691221622, -105.3985615686630126, -20.00261906041599858 ) ) ;
#5638 = CARTESIAN_POINT ( 'NONE',  ( -25.05641451988661572, -52.81262868079647177, -33.45863641382450027 ) ) ;
#5639 = CARTESIAN_POINT ( 'NONE',  ( -49.94924885892683619, -69.12557518896262820, -24.13978205522600717 ) ) ;
#5640 = CARTESIAN_POINT ( 'NONE',  ( -3.094501524932266268, -22.83837070671877711, -25.23959609309968499 ) ) ;
#5641 = CARTESIAN_POINT ( 'NONE',  ( 1.390337081988128665, -1.075941730459309964, -8.409072591801292518 ) ) ;
#5642 = CARTESIAN_POINT ( 'NONE',  ( -15.01557984477315344, -50.34255361602027534, -29.51934103868313741 ) ) ;
#5643 = CARTESIAN_POINT ( 'NONE',  ( 4.282032266470028326, -1.094795371688000118, -5.272805144710495107 ) ) ;
#5644 = CARTESIAN_POINT ( 'NONE',  ( -62.49060641004156480, -113.3362592296878972, -21.86152139658398497 ) ) ;
#5645 = CARTESIAN_POINT ( 'NONE',  ( -65.65056732499117231, -91.75531406615935737, -24.25127779691179342 ) ) ;
#5646 = CARTESIAN_POINT ( 'NONE',  ( -46.64536537933844329, -65.30080526001864882, -26.87962391222518121 ) ) ;
#5647 = CARTESIAN_POINT ( 'NONE',  ( -56.69922619579369893, -72.89150716330969715, -24.21715685184118527 ) ) ;
#5648 = CARTESIAN_POINT ( 'NONE',  ( 4.556034160601853067, -13.46781975306302037, -15.00056913382426593 ) ) ;
#5649 = CARTESIAN_POINT ( 'NONE',  ( -59.33564722136577529, -105.5781879296369965, -24.01058593520619766 ) ) ;
#5650 = CARTESIAN_POINT ( 'NONE',  ( 2.215642600009934959, 0.9951483337449869016, -4.734821365246189018 ) ) ;
#5651 = CARTESIAN_POINT ( 'NONE',  ( 3.208966684252162693, -9.100498523084143088, -9.381038732830910831 ) ) ;
#5652 = CARTESIAN_POINT ( 'NONE',  ( -66.42814218516168978, -100.0820370489675497, -21.73352531827280032 ) ) ;
#5653 = CARTESIAN_POINT ( 'NONE',  ( -53.06936562199163632, -120.1200137305740725, -26.12979299666279331 ) ) ;
#5654 = CARTESIAN_POINT ( 'NONE',  ( -4.381025308353801329, -39.53259249480324655, -29.15430682721220634 ) ) ;
#5655 = CARTESIAN_POINT ( 'NONE',  ( -57.66455533923284804, -110.3541676442801531, -24.55508917563979310 ) ) ;
#5656 = CARTESIAN_POINT ( 'NONE',  ( -55.60005510918470151, -120.6847240029367043, -27.57983910039012443 ) ) ;
#5657 = CARTESIAN_POINT ( 'NONE',  ( -61.75330744233619384, -107.1009448362651852, -19.03809090890516131 ) ) ;
#5658 = CARTESIAN_POINT ( 'NONE',  ( -58.46269138165014567, -122.0563251604186235, -24.04452934738186443 ) ) ;
#5659 = CARTESIAN_POINT ( 'NONE',  ( -10.97913352591857539, -42.60345568368012437, -28.33557176058745952 ) ) ;
#5660 = CARTESIAN_POINT ( 'NONE',  ( -54.73237086613631419, -116.0758070668020423, -24.72874193905612827 ) ) ;
#5661 = CARTESIAN_POINT ( 'NONE',  ( -50.03710675121261175, -124.5795226024479803, -25.45623343044737297 ) ) ;
#5662 = CARTESIAN_POINT ( 'NONE',  ( -61.73297060802349279, -90.89023863067336606, -24.93965036830238446 ) ) ;
#5663 = CARTESIAN_POINT ( 'NONE',  ( -44.62533202045206338, -71.63438417519907375, -28.03799471014043476 ) ) ;
#5664 = CARTESIAN_POINT ( 'NONE',  ( -52.10119707686149582, -74.49565130277760261, -28.94091200548229281 ) ) ;
#5665 = CARTESIAN_POINT ( 'NONE',  ( -1.703317508700373795, -17.20668016884190621, -19.54974551633124236 ) ) ;
#5666 = CARTESIAN_POINT ( 'NONE',  ( -58.74982965477335028, -120.5470456655018552, -25.47490237213786912 ) ) ;
#5667 = CARTESIAN_POINT ( 'NONE',  ( -60.29117603227179245, -104.3854287296218644, -19.91571105822478316 ) ) ;
#5668 = CARTESIAN_POINT ( 'NONE',  ( -0.5034722325109898255, -9.174291209352514187, -15.61481645883709390 ) ) ;
#5669 = CARTESIAN_POINT ( 'NONE',  ( -63.05586309815719659, -102.3181475573806267, -18.69155083425197361 ) ) ;
#5670 = ORIENTED_EDGE ( 'NONE', *, *, #5800, .T. ) ;
#5671 = CARTESIAN_POINT ( 'NONE',  ( -65.13504165840724625, -88.71551855180568680, -24.51685248648578863 ) ) ;
#5672 = CARTESIAN_POINT ( 'NONE',  ( -43.60724576185124590, -69.83148638297613786, -25.96347397904291299 ) ) ;
#5673 = CARTESIAN_POINT ( 'NONE',  ( -15.13346309367102904, -52.79676811283081861, -32.28536038892155347 ) ) ;
#5674 = CARTESIAN_POINT ( 'NONE',  ( -2.058333767138572856, -3.048617661590433237, -4.728092633943185241 ) ) ;
#5675 = CARTESIAN_POINT ( 'NONE',  ( -61.40939034160395238, -113.6096562231142144, -25.21942510578413987 ) ) ;
#5676 = CARTESIAN_POINT ( 'NONE',  ( -62.34800733178907706, -101.7051934570183676, -18.82314841273860040 ) ) ;
#5677 = CARTESIAN_POINT ( 'NONE',  ( -64.76634676317642914, -87.96199887210124757, -19.41569802280724844 ) ) ;
#5678 = CARTESIAN_POINT ( 'NONE',  ( -8.393335908748234431, -34.62838164776999150, -30.63002905304222523 ) ) ;
#5679 = CARTESIAN_POINT ( 'NONE',  ( -8.860789594386851320, -43.97177263082252097, -28.85031576119780539 ) ) ;
#5680 = CARTESIAN_POINT ( 'NONE',  ( -50.35005066795763895, -124.9242753486853559, -27.09049919284488794 ) ) ;
#5681 = CARTESIAN_POINT ( 'NONE',  ( -64.16381360514606058, -91.33516993597716294, -25.16154646569754050 ) ) ;
#5682 = CARTESIAN_POINT ( 'NONE',  ( -64.41063001631924578, -94.69924041051446295, -24.99800174123444663 ) ) ;
#5683 =( GEOMETRIC_REPRESENTATION_CONTEXT ( 3 ) GLOBAL_UNCERTAINTY_ASSIGNED_CONTEXT ( ( #4316 ) ) GLOBAL_UNIT_ASSIGNED_CONTEXT ( ( #581, #4710, #549 ) ) REPRESENTATION_CONTEXT ( 'NONE', 'WORKASPACE' ) );
#5684 = CARTESIAN_POINT ( 'NONE',  ( 1.876948106063144106, -20.29876126025098060, -19.04619638832124551 ) ) ;
#5685 = CARTESIAN_POINT ( 'NONE',  ( -66.84859942574840375, -94.35694475701731676, -21.76982840619800896 ) ) ;
#5686 = CARTESIAN_POINT ( 'NONE',  ( -55.53196321120615409, -115.2418168486203172, -25.27481945320183954 ) ) ;
#5687 = CARTESIAN_POINT ( 'NONE',  ( -57.36229016328962871, -111.1062158750394673, -24.65555297262093148 ) ) ;
#5688 = CARTESIAN_POINT ( 'NONE',  ( -56.87659025900472187, -112.2591204460824343, -24.81821064173565361 ) ) ;
#5689 = CARTESIAN_POINT ( 'NONE',  ( -53.05312711984501561, -125.6975415650173034, -21.84421462698603023 ) ) ;
#5690 = CARTESIAN_POINT ( 'NONE',  ( -57.20692455404763876, -116.1771159186809683, -20.37474520051592464 ) ) ;
#5691 = CARTESIAN_POINT ( 'NONE',  ( -59.23701576236088329, -104.6634589757682221, -23.22672408454359783 ) ) ;
#5692 = CARTESIAN_POINT ( 'NONE',  ( -55.65209049140692343, -80.65216227128209425, -24.49495934042028011 ) ) ;
#5693 = CARTESIAN_POINT ( 'NONE',  ( -61.88257898930235967, -98.42170053163994226, -24.77857159903128803 ) ) ;
#5694 = CARTESIAN_POINT ( 'NONE',  ( -17.35909649074653416, -53.87141099038927905, -33.90011110078118861 ) ) ;
#5695 = CARTESIAN_POINT ( 'NONE',  ( -65.08464255360193818, -89.66102658463466923, -19.24734260430280131 ) ) ;
#5696 = CARTESIAN_POINT ( 'NONE',  ( 0.02906157466494284011, -10.51455042609406121, -17.86954972641101591 ) ) ;
#5698 = CARTESIAN_POINT ( 'NONE',  ( -61.23343964237143666, -115.3530680244718667, -24.67736567216216059 ) ) ;
#5697 = CARTESIAN_POINT ( 'NONE',  ( 3.208966684252162693, -9.100498523084143088, -9.381038732830910831 ) ) ;
#5699 = CARTESIAN_POINT ( 'NONE',  ( -3.666439303194324317, -25.34444773135467344, -27.42727040787280757 ) ) ;
#5700 = CARTESIAN_POINT ( 'NONE',  ( -63.45282166980135941, -100.2922089247402084, -18.60409799989711033 ) ) ;
#5701 = CARTESIAN_POINT ( 'NONE',  ( -48.65519599701643472, -69.61533786809047797, -30.11901165897964816 ) ) ;
#5702 = CARTESIAN_POINT ( 'NONE',  ( -34.35138711912576781, -64.39490321394129069, -28.08189899704977321 ) ) ;
#5703 = CARTESIAN_POINT ( 'NONE',  ( -22.72341624092137380, -58.38182354686752973, -32.63950030312140882 ) ) ;
#5704 = CARTESIAN_POINT ( 'NONE',  ( -53.21037783873721594, -70.00417620921724904, -24.73027209382284752 ) ) ;
#5705 = CARTESIAN_POINT ( 'NONE',  ( -57.81573868545815742, -121.2026470030747731, -26.38214023735702440 ) ) ;
#5706 = CARTESIAN_POINT ( 'NONE',  ( -58.86338937997052767, -112.5013869998969938, -19.84083974027127795 ) ) ;
#5707 = CARTESIAN_POINT ( 'NONE',  ( -65.32097630482475381, -103.4599984011424709, -23.49546297227684377 ) ) ;
#5708 = CARTESIAN_POINT ( 'NONE',  ( -51.79923029395946088, -69.31989454974001319, -24.54681066119327681 ) ) ;
#5709 = CARTESIAN_POINT ( 'NONE',  ( -60.96475337992805521, -77.68253930143028185, -22.65689108659416462 ) ) ;
#5710 = CARTESIAN_POINT ( 'NONE',  ( -49.56860087907141832, -74.49110919841109535, -25.05985448817959949 ) ) ;
#5711 = CARTESIAN_POINT ( 'NONE',  ( -56.87659025900472187, -112.2591204460824343, -24.81821064173565361 ) ) ;
#5712 = CARTESIAN_POINT ( 'NONE',  ( -63.94676845304648793, -100.4907651114860130, -25.02995064240058198 ) ) ;
#5713 = CARTESIAN_POINT ( 'NONE',  ( -64.17914126011164910, -107.6609492978765275, -23.79297410118793366 ) ) ;
#5714 = CARTESIAN_POINT ( 'NONE',  ( -51.54829133990723022, -68.66715202962312503, -25.47955430524210740 ) ) ;
#5715 = CARTESIAN_POINT ( 'NONE',  ( -5.265705273608284109, -36.37397031556781002, -26.56210386537720680 ) ) ;
#5716 = CARTESIAN_POINT ( 'NONE',  ( -61.91796510872880788, -114.9031482061849658, -22.94626015847469702 ) ) ;
#5717 = CARTESIAN_POINT ( 'NONE',  ( -55.81659542800576901, -114.6330356565940463, -25.17706646056554476 ) ) ;
#5718 = CARTESIAN_POINT ( 'NONE',  ( -60.90423761980241579, -91.66448359949855273, -23.63030373733206346 ) ) ;
#5719 = CARTESIAN_POINT ( 'NONE',  ( -53.06936562199163632, -120.1200137305740725, -26.12979299666279331 ) ) ;
#5720 = CARTESIAN_POINT ( 'NONE',  ( -50.59419730864894404, -69.68977926466233441, -29.26035195303798275 ) ) ;
#5721 = CARTESIAN_POINT ( 'NONE',  ( -51.89548096992257342, -127.6361265055893597, -22.24179188020220366 ) ) ;
#5722 = CARTESIAN_POINT ( 'NONE',  ( -51.52766137617773978, -126.6490926309753462, -22.29474924922559254 ) ) ;
#5723 = CARTESIAN_POINT ( 'NONE',  ( -54.53034692986690857, -116.4881833165709395, -24.79870836575411985 ) ) ;
#5724 = CARTESIAN_POINT ( 'NONE',  ( -60.75838169502180364, -93.68517140422926559, -22.82570682470843693 ) ) ;
#5725 = CARTESIAN_POINT ( 'NONE',  ( -57.87587799438501435, -81.94125764261657707, -26.24771960389886516 ) ) ;
#5726 = CARTESIAN_POINT ( 'NONE',  ( -51.24164306277097580, -73.91800992329869757, -29.13992409200215761 ) ) ;
#5727 = CARTESIAN_POINT ( 'NONE',  ( -52.96105883187907892, -125.4163930339169184, -28.49343049772594227 ) ) ;
#5728 = CARTESIAN_POINT ( 'NONE',  ( -65.44626673960792118, -94.39043315577291082, -18.96373249452296150 ) ) ;
#5729 = CARTESIAN_POINT ( 'NONE',  ( -2.945874606323458877, -25.13067633463771600, -27.95473865724208196 ) ) ;
#5731 = CARTESIAN_POINT ( 'NONE',  ( -56.28149508548351321, -125.1060058845449845, -26.29737753945583023 ) ) ;
#5730 = CARTESIAN_POINT ( 'NONE',  ( 3.247377474008677822, -11.30524503809110826, -11.76699709798557514 ) ) ;
#5732 = CARTESIAN_POINT ( 'NONE',  ( -0.6586682671404164857, -6.557184624235190995, -12.63873775291330581 ) ) ;
#5733 = CARTESIAN_POINT ( 'NONE',  ( -57.89409465842735614, -116.6516528805449298, -20.22817872693632424 ) ) ;
#5734 = CARTESIAN_POINT ( 'NONE',  ( -50.58541382012542442, -70.60800925462285704, -29.56814065110094347 ) ) ;
#5735 = CARTESIAN_POINT ( 'NONE',  ( -52.79612348900452901, -77.42202510292955253, -24.41290523856352834 ) ) ;
#5736 = CARTESIAN_POINT ( 'NONE',  ( 5.524404330746049752, -10.50141469216877077, -16.35371863484588673 ) ) ;
#5737 = CARTESIAN_POINT ( 'NONE',  ( -51.82962428445885905, -68.88784595620434459, -25.34819687685337897 ) ) ;
#5738 = CARTESIAN_POINT ( 'NONE',  ( -64.79596770865761357, -103.3557690052602425, -24.23792766455721193 ) ) ;
#5739 = CARTESIAN_POINT ( 'NONE',  ( 2.319476983025110073, -9.263477038921262618, -9.238844533604517295 ) ) ;
#5740 = CARTESIAN_POINT ( 'NONE',  ( -66.27347073851518644, -97.32499029763438614, -23.33187066344791916 ) ) ;
#5741 = CARTESIAN_POINT ( 'NONE',  ( -65.25980076153287257, -97.90502704287733593, -18.91733381535813052 ) ) ;
#5742 = CARTESIAN_POINT ( 'NONE',  ( -62.57814190543238908, -80.05283842225050250, -22.02271111077220311 ) ) ;
#5743 = CARTESIAN_POINT ( 'NONE',  ( 3.880072798583359184, -4.073680916263600515, -4.280176997821007134 ) ) ;
#5744 = CARTESIAN_POINT ( 'NONE',  ( -60.21512153305405946, -102.2826325840846380, -23.74029018751004116 ) ) ;
#5745 = CARTESIAN_POINT ( 'NONE',  ( -60.65545076691452664, -81.88298733197044044, -26.52838113519321084 ) ) ;
#5746 = CARTESIAN_POINT ( 'NONE',  ( -35.84212708006842973, -58.69669390644570939, -30.34658882742543540 ) ) ;
#5747 = CARTESIAN_POINT ( 'NONE',  ( 2.793269625998453076, -16.13129947587528790, -16.08412339398124402 ) ) ;
#5748 = CARTESIAN_POINT ( 'NONE',  ( -66.45781397727095907, -99.88072635026145463, -21.72945860100282900 ) ) ;
#5749 = CARTESIAN_POINT ( 'NONE',  ( -45.54660205625992830, -132.5995104946522929, -28.82340113812940174 ) ) ;
#5750 = CARTESIAN_POINT ( 'NONE',  ( -61.08397868876945580, -93.65531493981561084, -23.54621896377409485 ) ) ;
#5751 = CARTESIAN_POINT ( 'NONE',  ( -53.91147961660364984, -120.6872422832005896, -27.36847342089098589 ) ) ;
#5752 = CARTESIAN_POINT ( 'NONE',  ( -12.54368220475120843, -45.49025079851465847, -34.76264539557640632 ) ) ;
#5753 = CARTESIAN_POINT ( 'NONE',  ( -62.81639266590224935, -103.3561484704161302, -18.75000910456269665 ) ) ;
#5754 = CARTESIAN_POINT ( 'NONE',  ( -46.49178417057241575, -134.5601916153896696, -24.06487096630049294 ) ) ;
#5755 = CARTESIAN_POINT ( 'NONE',  ( -59.95814664722301046, -101.8211614710498765, -23.00596338990683520 ) ) ;
#5756 = CARTESIAN_POINT ( 'NONE',  ( -60.21637205286145900, -89.58882091777448409, -23.05082011545666276 ) ) ;
#5757 = CARTESIAN_POINT ( 'NONE',  ( -52.75187185535997969, -76.65037954420546384, -27.73632030709554641 ) ) ;
#5758 = CARTESIAN_POINT ( 'NONE',  ( -54.02545711853269950, -128.9273684873293746, -23.79872062492919937 ) ) ;
#5759 = CARTESIAN_POINT ( 'NONE',  ( -63.56456632301013343, -94.66945267259343666, -25.14846847424782439 ) ) ;
#5760 = CARTESIAN_POINT ( 'NONE',  ( -64.43141556285888782, -86.63559432623350176, -19.57621211104367731 ) ) ;
#5761 = CARTESIAN_POINT ( 'NONE',  ( -56.48927624968845862, -124.7376670164000814, -26.22733096059618063 ) ) ;
#5762 = CARTESIAN_POINT ( 'NONE',  ( -1.639055602040427884, -0.2447870973372637815, -4.441258577359200821 ) ) ;
#5763 = AXIS2_PLACEMENT_3D ( 'NONE', #4353, #3429, #2081 ) ;
#5764 = CARTESIAN_POINT ( 'NONE',  ( -0.9544767538956450137, -4.539642562633413370, -10.01857979610648997 ) ) ;
#5765 = CARTESIAN_POINT ( 'NONE',  ( -62.60283909168096272, -104.2003400907712773, -18.80483836197280922 ) ) ;
#5766 = CARTESIAN_POINT ( 'NONE',  ( -63.31875870294351216, -83.57077289830941424, -25.27998006530950192 ) ) ;
#5767 = CARTESIAN_POINT ( 'NONE',  ( -60.11472512369015675, -89.18117241173256105, -22.19099497061838733 ) ) ;
#5768 = CARTESIAN_POINT ( 'NONE',  ( -56.27241590367484747, -114.5104098146425997, -25.84213377027218073 ) ) ;
#5769 = CARTESIAN_POINT ( 'NONE',  ( -65.80052160958535978, -90.26886116698561580, -19.72135664117308451 ) ) ;
#5770 = CARTESIAN_POINT ( 'NONE',  ( -58.29917291286574965, -120.2698401872283398, -26.22180299358677757 ) ) ;
#5771 = CARTESIAN_POINT ( 'NONE',  ( -12.09490003402381930, -43.84248241657240897, -28.59409119044890701 ) ) ;
#5772 = CARTESIAN_POINT ( 'NONE',  ( -66.24100381854022146, -97.72840210448003972, -23.33141703805704381 ) ) ;
#5773 = CARTESIAN_POINT ( 'NONE',  ( -65.34345659979143761, -91.80726066277452446, -19.08515969273540591 ) ) ;
#5774 = CARTESIAN_POINT ( 'NONE',  ( -51.45085110827203323, -68.57086394809391550, -26.31379388717991574 ) ) ;
#5775 = CARTESIAN_POINT ( 'NONE',  ( -43.60724576185124590, -69.83148638297613786, -25.96347397904291299 ) ) ;
#5776 = CARTESIAN_POINT ( 'NONE',  ( -60.58580534568704223, -100.4554070386947870, -23.63287899995226127 ) ) ;
#5777 = CARTESIAN_POINT ( 'NONE',  ( -48.09350584594316302, -71.19978064385054495, -30.09808738916978399 ) ) ;
#5778 = CARTESIAN_POINT ( 'NONE',  ( -63.36703564936171773, -110.0670297641690780, -24.02562321877304896 ) ) ;
#5779 = CARTESIAN_POINT ( 'NONE',  ( -1.259547793243242841, -6.157636080496812880, -9.587449044854603031 ) ) ;
#5780 = CARTESIAN_POINT ( 'NONE',  ( -60.77655826364551928, -89.51651242587547586, -20.54197721384374020 ) ) ;
#5781 = CARTESIAN_POINT ( 'NONE',  ( -62.34040498353154902, -113.9148386392301404, -22.81656358303290588 ) ) ;
#5782 = CARTESIAN_POINT ( 'NONE',  ( -42.98909383422420660, -70.39091049835776914, -27.48918235843336078 ) ) ;
#5783 = CARTESIAN_POINT ( 'NONE',  ( -61.08646376164728053, -96.08841504569799952, -23.51490436952486363 ) ) ;
#5784 = CARTESIAN_POINT ( 'NONE',  ( -9.282300603572169351, -41.16473274799477622, -34.01429969395141484 ) ) ;
#5785 = CARTESIAN_POINT ( 'NONE',  ( -58.04578609289440294, -116.3328307086748907, -20.17924431123392992 ) ) ;
#5786 = CARTESIAN_POINT ( 'NONE',  ( -32.85837694183875612, -60.90457251043993381, -27.61277175144775242 ) ) ;
#5787 = CARTESIAN_POINT ( 'NONE',  ( -60.36674346597746421, -99.68687131233076570, -22.88905379017051445 ) ) ;
#5788 = CARTESIAN_POINT ( 'NONE',  ( -60.71256332591903515, -96.72156599590130099, -22.80500928166662078 ) ) ;
#5789 = CARTESIAN_POINT ( 'NONE',  ( -50.33063753947822505, -74.85788722633904513, -28.22743491365334023 ) ) ;
#5790 = CARTESIAN_POINT ( 'NONE',  ( -50.41081880883499622, -134.6679531109297159, -25.03956518018802413 ) ) ;
#5791 = CARTESIAN_POINT ( 'NONE',  ( -59.04457125938231599, -113.5271753139228963, -26.42338608114978626 ) ) ;
#5792 = CARTESIAN_POINT ( 'NONE',  ( -65.36294143836438764, -96.71125229851712390, -18.91865864324696389 ) ) ;
#5793 = CARTESIAN_POINT ( 'NONE',  ( -49.58787947492612602, -67.78279920157039840, -28.63110863668903150 ) ) ;
#5794 = CARTESIAN_POINT ( 'NONE',  ( -54.68846076897502684, -127.8541439524838239, -26.83689824918507938 ) ) ;
#5795 = CARTESIAN_POINT ( 'NONE',  ( -53.10767396586700784, -69.70204238243704253, -26.40382595344130934 ) ) ;
#5796 = CARTESIAN_POINT ( 'NONE',  ( -1.968842721968786513, -22.03883125770975937, -26.29631604205803797 ) ) ;
#5797 = CARTESIAN_POINT ( 'NONE',  ( -53.60882014337950352, -124.7436808553840137, -21.65441294851533272 ) ) ;
#5798 = CARTESIAN_POINT ( 'NONE',  ( -65.34375566437834948, -89.70382200933165961, -24.41659254258279077 ) ) ;
#5799 = CARTESIAN_POINT ( 'NONE',  ( -60.72855518527023122, -93.86931153454011678, -21.92961543590361018 ) ) ;
#5800 = EDGE_CURVE ( 'NONE', #3250, #966, #5278, .T. ) ;
#5801 = CARTESIAN_POINT ( 'NONE',  ( -61.96656303757054474, -92.63077096110698960, -24.83578643332496583 ) ) ;
#5802 = CARTESIAN_POINT ( 'NONE',  ( -6.592041182495040452, -30.57676330222878036, -28.31089961675778355 ) ) ;
#5803 = CARTESIAN_POINT ( 'NONE',  ( -55.77237312051959606, -124.9363576860193490, -27.07006285294718495 ) ) ;
#5804 = CARTESIAN_POINT ( 'NONE',  ( -51.67343290608472017, -126.4061296110465520, -22.24424853238257072 ) ) ;
#5805 = CARTESIAN_POINT ( 'NONE',  ( -65.78204600066376884, -86.71164681789686313, -22.40199789039045442 ) ) ;
#5806 = CARTESIAN_POINT ( 'NONE',  ( -62.11537417046461940, -80.17785371727441657, -25.27456786190157345 ) ) ;
#5807 = CARTESIAN_POINT ( 'NONE',  ( -64.69898645183774022, -101.6251993323620297, -19.00329616534348887 ) ) ;
#5808 = CARTESIAN_POINT ( 'NONE',  ( -65.99744884602310435, -99.98200403597503794, -20.15631521953801908 ) ) ;
#5809 = CARTESIAN_POINT ( 'NONE',  ( -58.67918097623572038, -106.2586006426704301, -22.49208800172380407 ) ) ;
#5810 = CARTESIAN_POINT ( 'NONE',  ( -52.62993063942825245, -77.16090593196712177, -26.98057091875151059 ) ) ;
#5811 = CARTESIAN_POINT ( 'NONE',  ( -63.21918967332273809, -104.0038705920097328, -25.21302661749519558 ) ) ;
#5812 = CARTESIAN_POINT ( 'NONE',  ( -59.56324540989757566, -76.24481776052739690, -22.35248142781012959 ) ) ;
#5813 = CARTESIAN_POINT ( 'NONE',  ( -60.65396707929962616, -88.95563640439449671, -20.59237369637522974 ) ) ;
#5814 = CARTESIAN_POINT ( 'NONE',  ( -20.57091389774215884, -53.20470728481874545, -29.21383881889046208 ) ) ;
#5815 = CARTESIAN_POINT ( 'NONE',  ( -51.90038634830611386, -76.71893968746051939, -26.31094416538809355 ) ) ;
#5816 = CARTESIAN_POINT ( 'NONE',  ( -61.06883953180935976, -93.37457997584144209, -23.55449344711691850 ) ) ;
#5817 = CARTESIAN_POINT ( 'NONE',  ( -60.80088667965670624, -104.0657766841063534, -25.07584651226201800 ) ) ;
#5818 = CARTESIAN_POINT ( 'NONE',  ( 0.8370811214431906899, -2.488841288201645963, -10.06312887111894128 ) ) ;
#5819 = CARTESIAN_POINT ( 'NONE',  ( -53.26300134525853736, -73.39115275184856557, -22.45286746587725091 ) ) ;
#5820 = CARTESIAN_POINT ( 'NONE',  ( -61.70956432091748667, -92.14026724561909987, -19.65464221012029711 ) ) ;
#5821 = CARTESIAN_POINT ( 'NONE',  ( 3.809827863998407338, -21.20399535503310062, -22.02674145734653521 ) ) ;
#5822 = CARTESIAN_POINT ( 'NONE',  ( -60.17986888811424251, -100.7394294052759420, -22.94114703973072267 ) ) ;
#5823 = CARTESIAN_POINT ( 'NONE',  ( -56.68292148328960423, -113.6036575694865007, -25.70264982019271827 ) ) ;
#5824 = CARTESIAN_POINT ( 'NONE',  ( -40.57633180685839136, -68.93612287814501371, -27.95004789886700536 ) ) ;
#5825 = CARTESIAN_POINT ( 'NONE',  ( 3.393214604569463777, -2.634837577400130026, -10.30357935306089345 ) ) ;
#5826 = CARTESIAN_POINT ( 'NONE',  ( -64.11461445977957396, -104.2230639518142823, -19.13622521525654818 ) ) ;
#5827 = CARTESIAN_POINT ( 'NONE',  ( -46.38598542792636437, -66.01594963349086242, -29.87483674488100149 ) ) ;
#5828 = CARTESIAN_POINT ( 'NONE',  ( -0.7386000647336878888, -2.649043148707927564, -8.575670651435387981 ) ) ;
#5829 = CARTESIAN_POINT ( 'NONE',  ( -66.26388691437097123, -88.92786419951134746, -21.25951058374723601 ) ) ;
#5830 = CARTESIAN_POINT ( 'NONE',  ( -55.50729255262950090, -71.83398808657946688, -26.33576489184606118 ) ) ;
#5831 = CARTESIAN_POINT ( 'NONE',  ( -17.50863830531729448, -47.15446485209434968, -29.90023792628026911 ) ) ;
#5832 = CARTESIAN_POINT ( 'NONE',  ( -47.32121199796718258, -129.0157884119458060, -26.43121954802899509 ) ) ;
#5833 = CARTESIAN_POINT ( 'NONE',  ( -37.00084688015154910, -67.10579231064144778, -30.37131672665370985 ) ) ;
#5834 = CARTESIAN_POINT ( 'NONE',  ( -65.28077653180523043, -87.48038301850773735, -19.99998921966790988 ) ) ;
#5835 = CARTESIAN_POINT ( 'NONE',  ( -16.08695265538746710, -49.13661649139740462, -35.12809598814286716 ) ) ;
#5836 = CARTESIAN_POINT ( 'NONE',  ( -14.39053944252922257, -46.22407741791949576, -28.98605785771203713 ) ) ;
#5837 = CARTESIAN_POINT ( 'NONE',  ( -65.70186686728322911, -103.8286848523375312, -21.87843175635098092 ) ) ;
#5838 = CARTESIAN_POINT ( 'NONE',  ( -66.03131879748264055, -99.59288232985406353, -23.35151079718165690 ) ) ;
#5839 = CARTESIAN_POINT ( 'NONE',  ( -54.45881069542401320, -126.2213457432200556, -22.14289343650874287 ) ) ;
#5840 = CARTESIAN_POINT ( 'NONE',  ( -60.86331144797599535, -116.1616291706442325, -21.55695937216112057 ) ) ;
#5841 = CARTESIAN_POINT ( 'NONE',  ( -55.65562160756183374, -113.9426751460854632, -23.49405226149846015 ) ) ;
#5842 = CARTESIAN_POINT ( 'NONE',  ( -51.87324524562428252, -76.54173454668992349, -27.14640689164030718 ) ) ;
#5843 = CARTESIAN_POINT ( 'NONE',  ( -52.96328954081270268, -127.0544611238563988, -28.56772153138894055 ) ) ;
#5844 = CARTESIAN_POINT ( 'NONE',  ( -43.49062563934008097, -63.14249269181581781, -28.78254063529881890 ) ) ;
#5845 = CARTESIAN_POINT ( 'NONE',  ( -60.07233631477066638, -103.1329804225797346, -20.56558217726688653 ) ) ;
#5846 = CARTESIAN_POINT ( 'NONE',  ( -61.05556080008256004, -91.19359226987774036, -20.42023393872259263 ) ) ;
#5847 = CARTESIAN_POINT ( 'NONE',  ( -61.00083837978342416, -92.50302800301962236, -23.58800795786788029 ) ) ;
#5848 = CARTESIAN_POINT ( 'NONE',  ( -51.03658159126251093, -123.7514748103761661, -26.84645838703308840 ) ) ;
#5849 = CARTESIAN_POINT ( 'NONE',  ( 1.226226964156303945, -29.59950967069116246, -26.80578477398457338 ) ) ;
#5850 = CARTESIAN_POINT ( 'NONE',  ( -45.91759814046277199, -71.02055180874396001, -30.04754574233149000 ) ) ;
#5851 = CARTESIAN_POINT ( 'NONE',  ( -64.74532749330117554, -103.5749980425524228, -24.25045751903175173 ) ) ;
#5852 = CARTESIAN_POINT ( 'NONE',  ( -56.10986624104477016, -76.34753060305824590, -21.48980210609401809 ) ) ;
#5853 = CARTESIAN_POINT ( 'NONE',  ( -35.47146641181932125, -62.24298455607117120, -27.09824852859346223 ) ) ;
#5854 = CARTESIAN_POINT ( 'NONE',  ( -50.01560507832988378, -124.7736010446557344, -26.38663447152206842 ) ) ;
#5855 = CARTESIAN_POINT ( 'NONE',  ( -55.02700494396468400, -115.4636541389586881, -24.62693842465248295 ) ) ;
#5856 = CARTESIAN_POINT ( 'NONE',  ( -57.36807945196707692, -112.0262830066673274, -25.47256047736137674 ) ) ;
#5857 = DIRECTION ( 'NONE',  ( 0.7366811071470975580, 0.3394102306313740436, -0.5848945560656930720 ) ) ;
#5858 = CARTESIAN_POINT ( 'NONE',  ( -1.015818681104457832, -15.11208879292793839, -20.88428064971750331 ) ) ;
#5859 = CARTESIAN_POINT ( 'NONE',  ( -53.87997540163511445, -127.2030171537738852, -22.33879111963350894 ) ) ;
#5860 = CARTESIAN_POINT ( 'NONE',  ( -44.43368750260911071, -64.95135197892251711, -30.54105865457913183 ) ) ;
#5861 = CARTESIAN_POINT ( 'NONE',  ( -66.43646115862937052, -99.47421013677870860, -20.84322026773704195 ) ) ;
#5862 = CARTESIAN_POINT ( 'NONE',  ( -61.39720955719991480, -77.98195973734539166, -24.20122864332492441 ) ) ;
#5863 = CARTESIAN_POINT ( 'NONE',  ( -39.80078669222565679, -62.72477188571329521, -26.74333372623440752 ) ) ;
#5864 = CARTESIAN_POINT ( 'NONE',  ( 4.293407543400722837, -3.263276508254802089, -4.381936267736501911 ) ) ;
#5865 = CARTESIAN_POINT ( 'NONE',  ( -33.19886625776393885, -64.86348745875088184, -31.29529759181652082 ) ) ;
#5866 = CARTESIAN_POINT ( 'NONE',  ( -62.71360376901893829, -105.8883113287441091, -25.35500396681660362 ) ) ;
#5867 = CARTESIAN_POINT ( 'NONE',  ( -64.42366414513978157, -105.5471458059426340, -19.72289652110610447 ) ) ;
#5868 = CARTESIAN_POINT ( 'NONE',  ( -9.282300603572169351, -41.16473274799477622, -34.01429969395141484 ) ) ;
#5869 = CARTESIAN_POINT ( 'NONE',  ( -53.00176297705335315, -124.1435543712310761, -21.78635555975306559 ) ) ;
#5870 = CARTESIAN_POINT ( 'NONE',  ( -65.95519242586752284, -102.7046530080547058, -21.82119423420388671 ) ) ;
#5871 = CARTESIAN_POINT ( 'NONE',  ( -55.56889935056890550, -124.2888293204067338, -21.76923084710824341 ) ) ;
#5872 = CARTESIAN_POINT ( 'NONE',  ( -55.36845665662534799, -126.6689801521130079, -23.34595486790166774 ) ) ;
#5873 = CARTESIAN_POINT ( 'NONE',  ( -59.36810318974985279, -103.9509834937411767, -22.27599926569044797 ) ) ;
#5874 = CARTESIAN_POINT ( 'NONE',  ( 4.801202030932974374, -2.765609227329945519, -6.403039755858333848 ) ) ;
#5875 = CARTESIAN_POINT ( 'NONE',  ( 2.075134736034135230, -4.059504562953063278, -12.48418343946462983 ) ) ;
#5876 = CARTESIAN_POINT ( 'NONE',  ( -60.50937138514630220, -116.0568508002516239, -20.86191457647003489 ) ) ;
#5877 = CARTESIAN_POINT ( 'NONE',  ( -61.14629000016121552, -92.06815602475099070, -20.37453166057624543 ) ) ;
#5878 = CARTESIAN_POINT ( 'NONE',  ( -61.21179639610524958, -92.95855804939348843, -20.33684492672914246 ) ) ;
#5879 = CARTESIAN_POINT ( 'NONE',  ( 3.809827863998407338, -21.20399535503310062, -22.02674145734653521 ) ) ;
#5880 = CARTESIAN_POINT ( 'NONE',  ( -49.34868321795745771, -126.5965417641833284, -27.44924698194529356 ) ) ;
#5881 = CARTESIAN_POINT ( 'NONE',  ( 3.031375318407914410, 0.5800963541103048016, -4.726664357321945786 ) ) ;
#5882 = CARTESIAN_POINT ( 'NONE',  ( -61.17729724706339312, -114.1557054095139563, -25.29236190852736854 ) ) ;
#5883 = CARTESIAN_POINT ( 'NONE',  ( 0.6249359077186505962, -8.529536758917185324, -8.644356778421665055 ) ) ;
#5884 = CARTESIAN_POINT ( 'NONE',  ( -60.70731166223528419, -86.95876153810239373, -20.09622638085014046 ) ) ;
#5885 = CARTESIAN_POINT ( 'NONE',  ( -49.24324498468744338, -126.0645557186894905, -26.66361010314353308 ) ) ;
#5886 = CARTESIAN_POINT ( 'NONE',  ( -47.59843332936068805, -128.7323932712398289, -27.25618763874888728 ) ) ;
#5887 = CARTESIAN_POINT ( 'NONE',  ( -61.18450445603390619, -91.35123704104276499, -24.37006796299158751 ) ) ;
#5888 = CARTESIAN_POINT ( 'NONE',  ( 5.369795174472105082, -12.10231242602334589, -15.70002068421942276 ) ) ;
#5889 = CARTESIAN_POINT ( 'NONE',  ( -0.02978955865194421807, -9.596064797563560234, -10.61219005617362043 ) ) ;
#5890 = CARTESIAN_POINT ( 'NONE',  ( -64.38820521182420009, -82.95586048327612616, -22.11825538068415753 ) ) ;
#5891 = CARTESIAN_POINT ( 'NONE',  ( -52.04945640156897468, -69.28180213532888843, -27.63358087043732070 ) ) ;
#5892 = CARTESIAN_POINT ( 'NONE',  ( -44.32780300600077794, -139.1290931800142516, -24.90811673428386186 ) ) ;
#5893 = CARTESIAN_POINT ( 'NONE',  ( -59.26106625391766158, -104.3376194053978878, -22.30903164183265730 ) ) ;
#5894 = CARTESIAN_POINT ( 'NONE',  ( -61.57657233760089355, -90.05568711131681425, -25.00360678384732083 ) ) ;
#5895 = CARTESIAN_POINT ( 'NONE',  ( -65.71696647854480489, -99.41169588721513151, -19.44665808404231200 ) ) ;
#5896 = CARTESIAN_POINT ( 'NONE',  ( -55.14384057512401682, -126.0356362187488628, -27.28369929189083010 ) ) ;
#5897 = CARTESIAN_POINT ( 'NONE',  ( -59.62070857717478845, -84.09692238875632597, -20.50977528530026106 ) ) ;
#5898 = CARTESIAN_POINT ( 'NONE',  ( -0.1446301828139362478, -8.034919456878153454, -8.676114177401814231 ) ) ;
#5899 = CARTESIAN_POINT ( 'NONE',  ( -66.42505943260695744, -94.87412659775941393, -20.17174710191234865 ) ) ;
#5900 = CARTESIAN_POINT ( 'NONE',  ( -60.06982925129412365, -100.9841344804420942, -22.06607452187058627 ) ) ;
#5901 = CARTESIAN_POINT ( 'NONE',  ( -38.25708377489926448, -67.83711695310680057, -30.06239744850347151 ) ) ;
#5902 = CARTESIAN_POINT ( 'NONE',  ( -7.001308233834990347, -43.84929644025893936, -30.62620541857066314 ) ) ;
#5903 = CARTESIAN_POINT ( 'NONE',  ( -66.39136023342385329, -89.64437678380269858, -21.18994076855194209 ) ) ;
#5904 = CARTESIAN_POINT ( 'NONE',  ( -55.46816074538767083, -122.6763581279798530, -27.70234097906046244 ) ) ;
#5905 = CARTESIAN_POINT ( 'NONE',  ( -65.96305447562480140, -91.72858560683663143, -19.61385182696247753 ) ) ;
#5906 = CARTESIAN_POINT ( 'NONE',  ( -60.77655826364551928, -89.51651242587547586, -20.54197721384374020 ) ) ;
#5907 = CARTESIAN_POINT ( 'NONE',  ( -44.21041395528941820, -71.15747370984547615, -27.30737693806633359 ) ) ;
#5908 = CARTESIAN_POINT ( 'NONE',  ( -50.20984108564871207, -125.1610871055782752, -27.14064821810608663 ) ) ;
#5909 = CARTESIAN_POINT ( 'NONE',  ( 1.696456640980667618, 2.899737436731892437, 0.000000000000000000 ) ) ;
#5910 = CARTESIAN_POINT ( 'NONE',  ( -62.86114926937054292, -89.05537418590003540, -25.50003476472711839 ) ) ;
#5911 = CARTESIAN_POINT ( 'NONE',  ( -57.05362543974830913, -122.6262064926635844, -26.63717938173383004 ) ) ;
#5912 = CARTESIAN_POINT ( 'NONE',  ( -17.50863830531729448, -47.15446485209434968, -29.90023792628026911 ) ) ;
#5913 = CARTESIAN_POINT ( 'NONE',  ( -50.68822192212885369, -73.00664018983279391, -23.32742667376420087 ) ) ;
#5914 = CARTESIAN_POINT ( 'NONE',  ( -18.41828655687732663, -54.85042377193588692, -30.99354143707735432 ) ) ;
#5915 = CARTESIAN_POINT ( 'NONE',  ( -55.31431147210810195, -114.8570994751299423, -24.52787528954731044 ) ) ;
#5916 = CARTESIAN_POINT ( 'NONE',  ( -61.29625769170099403, -92.19078581142481710, -24.32230002155675663 ) ) ;
#5917 = CARTESIAN_POINT ( 'NONE',  ( -50.86942294382470919, -75.87122392363070844, -26.51461667034726233 ) ) ;
#5918 = CARTESIAN_POINT ( 'NONE',  ( -55.56889935056890550, -124.2888293204067338, -21.76923084710824341 ) ) ;
#5919 = CARTESIAN_POINT ( 'NONE',  ( -66.51758916753577466, -98.83886237119953933, -20.83469444824712369 ) ) ;
#5920 = CARTESIAN_POINT ( 'NONE',  ( -0.5050942726708210762, -19.35507024839178314, -18.78838608647772546 ) ) ;
#5921 = CARTESIAN_POINT ( 'NONE',  ( -55.65562160756183374, -113.9426751460854632, -23.49405226149846015 ) ) ;
#5922 = CARTESIAN_POINT ( 'NONE',  ( -59.75692473096916046, -84.90006389048640756, -25.65494450305455487 ) ) ;
#5923 = CARTESIAN_POINT ( 'NONE',  ( -56.09912054411707771, -124.6597109985722511, -22.28916291500577884 ) ) ;
#5924 = CARTESIAN_POINT ( 'NONE',  ( -0.1870597331629555993, 0.5177229845462271163, -5.242463260029565753 ) ) ;
#5925 = CARTESIAN_POINT ( 'NONE',  ( -61.57763544834696035, -98.02057826787094541, -19.58172216019493206 ) ) ;
#5926 = CARTESIAN_POINT ( 'NONE',  ( -65.31676033405547344, -105.3540358404131325, -21.97186140983250269 ) ) ;
#5927 = CARTESIAN_POINT ( 'NONE',  ( -60.06346721657778431, -115.4864133051701884, -20.31001253428009079 ) ) ;
#5928 = CARTESIAN_POINT ( 'NONE',  ( -65.27966295290316623, -103.6804611983484676, -20.29768535573390409 ) ) ;
#5929 = CARTESIAN_POINT ( 'NONE',  ( -59.03205452809313414, -105.1229997648182746, -22.38039853561389236 ) ) ;
#5930 = CARTESIAN_POINT ( 'NONE',  ( -47.69755175717487816, -73.54971489126944562, -27.73189771114118329 ) ) ;
#5931 = CARTESIAN_POINT ( 'NONE',  ( -65.15934675343248728, -105.6204628683235711, -21.11048029813705895 ) ) ;
#5932 = CARTESIAN_POINT ( 'NONE',  ( 0.9907083644862696437, 0.06713001982328693773, -6.578827356394992165 ) ) ;
#5933 = CARTESIAN_POINT ( 'NONE',  ( -66.03856651695630831, -92.84922569503167722, -19.54880839848751251 ) ) ;
#5934 = CARTESIAN_POINT ( 'NONE',  ( -16.28771249619032346, -49.28905328676507480, -29.10923355736330365 ) ) ;
#5935 = CARTESIAN_POINT ( 'NONE',  ( -61.10547847511983832, -94.24702324350189997, -23.53179416698081994 ) ) ;
#5936 = CARTESIAN_POINT ( 'NONE',  ( 3.250000000000000444, 0.000000000000000000, 0.000000000000000000 ) ) ;
#5937 = CARTESIAN_POINT ( 'NONE',  ( 4.471004380393641675, -4.992712588186296152, -12.55158176347198129 ) ) ;
#5938 = CARTESIAN_POINT ( 'NONE',  ( -63.27058366137221412, -99.32081362038417183, -25.15826447185242642 ) ) ;
#5939 = CARTESIAN_POINT ( 'NONE',  ( 0.7166990913901152283, -26.77191412840073426, -28.62671940069403220 ) ) ;
#5940 = CARTESIAN_POINT ( 'NONE',  ( -63.42022847776006245, -108.2822669717924100, -24.61009919220659370 ) ) ;
#5941 = CARTESIAN_POINT ( 'NONE',  ( -39.80078669222565679, -62.72477188571329521, -26.74333372623440752 ) ) ;
#5942 = CARTESIAN_POINT ( 'NONE',  ( -50.00459458327976847, -126.5379261269156075, -23.34847268774193552 ) ) ;
#5943 = CARTESIAN_POINT ( 'NONE',  ( -50.09129157045188663, -124.6457083634266070, -26.35974150460631904 ) ) ;
#5944 = CARTESIAN_POINT ( 'NONE',  ( -55.58532692984317691, -114.2751849950147260, -24.43478094308879278 ) ) ;
#5945 = CARTESIAN_POINT ( 'NONE',  ( -61.07768751699841658, -99.63718955524491605, -24.30185448024255379 ) ) ;
#5946 = CARTESIAN_POINT ( 'NONE',  ( -60.64787964058677971, -100.1000265567762142, -23.61583278816756959 ) ) ;
#5947 = CARTESIAN_POINT ( 'NONE',  ( -59.57614629877700452, -116.5448698684876518, -20.46288797973123863 ) ) ;
#5948 = CARTESIAN_POINT ( 'NONE',  ( -62.66427160617560332, -112.9106247259175859, -21.80927306794953680 ) ) ;
#5949 = CARTESIAN_POINT ( 'NONE',  ( -48.66549902886367818, -68.94605313500019861, -24.19628002402121325 ) ) ;
#5950 = B_SPLINE_CURVE_WITH_KNOTS ( 'NONE', 3,
 ( #2387, #3773, #3307, #4730, #5613, #1926, #1867, #2824, #997, #2884, #1398, #3279, #4229, #938, #5157, #475, #3339, #5640, #505, #3803, #4261, #5678, #1967, #1999, #4708, #3812, #2030, #1934, #148, #944, #2830, #4300, #579, #4369, #3444, #4738, #1036, #2460, #3314, #17, #2922, #3906, #2395, #5226, #1465, #4236, #1903, #5774, #2427, #83, #2954, #482, #4335, #1564, #3347, #2363, #3780, #5647, #1432, #5193, #1532, #514, #974, #5709, #1498, #5742, #4269, #51, #4826, #1005, #2861, #3381, #2892, #3413, #116, #4769, #2493, #546, #3842, #5256, #4798, #3875, #5289, #1069, #5899, #4436, #3939, #678, #277, #5413, #1196, #1101, #3478, #2986, #5808, #4953, #4061, #3974, #2157, #4983, #2619, #5321, #5928, #4004, #4403, #740, #2099, #215, #5353, #1660, #1719, #3513, #3082, #3543, #5384, #1166, #3051, #4859, #1136, #644, #247, #769, #4921, #4534, #2589, #2526, #183, #5840, #4032, #5442, #1689, #1629, #3020, #2559, #3572, #4502, #1225, #2065, #4891, #709, #4470, #3111, #2186, #2648, #5872, #307, #1085, #598, #1213, #3495, #5758, #2116, #3462, #5790, #2970, #3035 ),
 .UNSPECIFIED., .F., .F.,
 ( 4, 2, 2, 2, 2, 2, 2, 2, 2, 2, 2, 2, 2, 2, 2, 2, 2, 2, 2, 2, 2, 2, 2, 2, 2, 2, 2, 2, 2, 2, 2, 2, 2, 2, 2, 2, 2, 2, 2, 2, 2, 2, 2, 2, 2, 2, 2, 2, 2, 2, 2, 2, 2, 2, 2, 2, 2, 2, 2, 2, 2, 2, 2, 2, 2, 2, 2, 2, 2, 2, 2, 2, 2, 2, 2, 2, 2, 4 ),
 ( 0.000000000000000000, 0.02293537602862477653, 0.03440306404293716480, 0.04587075205724955307, 0.05693406602288443585, 0.06799737998851931864, 0.09012400791978908421, 0.1338873713130900589, 0.1777104776079845017, 0.2363799888749228140, 0.2656527158564966906, 0.2949254428380705395, 0.3233973304351067668, 0.3518692180321429386, 0.3528660844690512666, 0.4015154277736653343, 0.4501647710782793466, 0.4986000673676909134, 0.5228177155123967523, 0.5349265395847495608, 0.5470353636571024802, 0.5590122694769990019, 0.5709891752968955236, 0.5829660811167920453, 0.5889545340267403617, 0.5949429869366885670, 0.6005512422895866731, 0.6061594976424847792, 0.6173760083482809913, 0.6285925190540772034, 0.6398090297598734155, 0.6505235711324950376, 0.6612381125051167707, 0.6826671952503600149, 0.6925461171759064172, 0.7024250391014527084, 0.7127705627819214129, 0.7179433246221558207, 0.7231160864623901174, 0.7286883790484774970, 0.7342606716345647655, 0.7398329642206520340, 0.7454052568067394136, 0.7515501346096509216, 0.7576950124125623187, 0.7638398902154737158, 0.7669123291169295253, 0.7699847680183852239, 0.7734276392345147411, 0.7768705104506441472, 0.7837562528829031816, 0.7906419953151622160, 0.7940848665312917332, 0.7975277377474212503, 0.8009136226312292273, 0.8042995075150372042, 0.8110712772826531580, 0.8246148168178849547, 0.8381583563531167513, 0.8449301261207327052, 0.8483160110045406821, 0.8517018958883486590, 0.8537872587745400921, 0.8558726216607316362, 0.8600433474331146133, 0.8683847989778806786, 0.8850677020674126982, 0.9017506051569446068, 0.9100920567017105611, 0.9142627824740936493, 0.9163481453602850824, 0.9184335082464766264, 0.9209824611137742423, 0.9235314139810717471, 0.9286293197156669788, 0.9388251311848574421, 0.9592167541232383687, 1.000000000000000000 ),
 .UNSPECIFIED. ) ;
#5951 = CARTESIAN_POINT ( 'NONE',  ( -50.37869245126137940, -123.9988688096015466, -25.33493140925627429 ) ) ;
#5952 = CARTESIAN_POINT ( 'NONE',  ( -61.00489766521585011, -103.2662511812201132, -25.01519879805898583 ) ) ;
#5953 = CARTESIAN_POINT ( 'NONE',  ( -64.67135681241914824, -104.6228930993168120, -19.66060338107095262 ) ) ;
#5954 = CARTESIAN_POINT ( 'NONE',  ( -66.36231938936981578, -94.21725639644422756, -23.39461877595888240 ) ) ;
#5955 = CARTESIAN_POINT ( 'NONE',  ( -60.92175580727028716, -101.8611714270553392, -19.73820821216723687 ) ) ;
#5956 = CARTESIAN_POINT ( 'NONE',  ( -63.33957557652176718, -106.9622007978241811, -19.33792678065967863 ) ) ;
#5957 = CARTESIAN_POINT ( 'NONE',  ( -26.23749820170219493, -60.20555677500086489, -30.18735373747277251 ) ) ;
#5958 = CARTESIAN_POINT ( 'NONE',  ( -61.43903829334614386, -95.78599881373074254, -24.22779164857161760 ) ) ;
#5959 = CARTESIAN_POINT ( 'NONE',  ( -52.52579168403223520, -69.28038566067336035, -26.64282794560853063 ) ) ;
#5960 = CARTESIAN_POINT ( 'NONE',  ( -58.90685766880722696, -115.8865581087856071, -26.54728182780663559 ) ) ;
#5961 = CARTESIAN_POINT ( 'NONE',  ( -62.19690490851152020, -112.1183278606104068, -20.34494125818400789 ) ) ;
#5962 = CARTESIAN_POINT ( 'NONE',  ( -56.46739295259894931, -113.2640069855751790, -21.71259980799894151 ) ) ;
#5963 = CARTESIAN_POINT ( 'NONE',  ( -61.06972327800796307, -96.42038646550695091, -23.51613077149948694 ) ) ;
#5964 = CARTESIAN_POINT ( 'NONE',  ( -50.41201623578281499, -124.8192395335429410, -27.06826298491188965 ) ) ;
#5965 = CARTESIAN_POINT ( 'NONE',  ( -46.91723526397220212, -132.3687043928733260, -29.85729505825381480 ) ) ;
#5966 = CARTESIAN_POINT ( 'NONE',  ( -63.51950372918830112, -96.74929470031449341, -25.12225698996073220 ) ) ;
#5967 = CARTESIAN_POINT ( 'NONE',  ( -44.08849595562931967, -69.27809729964774021, -30.86832054280914051 ) ) ;
#5968 = CARTESIAN_POINT ( 'NONE',  ( -61.85030129755301687, -85.91015985275741684, -19.39446811907872714 ) ) ;
#5969 = CARTESIAN_POINT ( 'NONE',  ( -57.47051384441621735, -112.2985353951725074, -20.79734520353147431 ) ) ;
#5970 = CARTESIAN_POINT ( 'NONE',  ( -47.83797357062248778, -73.59088667209309165, -26.90320176505130334 ) ) ;
#5971 = CARTESIAN_POINT ( 'NONE',  ( -54.53034692986690857, -116.4881833165709395, -24.79870836575411985 ) ) ;
#5972 = CARTESIAN_POINT ( 'NONE',  ( 3.670965314263440415, 0.4015610581386203637, -2.708794073839629668 ) ) ;
#5973 = CARTESIAN_POINT ( 'NONE',  ( -60.44944378597687518, -101.1764141539545108, -23.67153420863986213 ) ) ;
#5974 = CARTESIAN_POINT ( 'NONE',  ( -60.06346721657778431, -115.4864133051701884, -20.31001253428009079 ) ) ;
#5975 = CARTESIAN_POINT ( 'NONE',  ( -1.546801668747173508, -4.693188942429564747, -7.476420170475749138 ) ) ;
#5976 = CARTESIAN_POINT ( 'NONE',  ( -62.42938336600049354, -101.3080073218583266, -18.80379033648594245 ) ) ;
#5977 = CARTESIAN_POINT ( 'NONE',  ( 4.938068642433848687, -6.121360542047485254, -8.391983640581024417 ) ) ;
#5978 = CARTESIAN_POINT ( 'NONE',  ( -60.06070184282646807, -106.6185827175130072, -25.30425451540125437 ) ) ;
#5979 = CARTESIAN_POINT ( 'NONE',  ( -59.08568723996742023, -119.0487559369582584, -21.31092893091633300 ) ) ;
#5980 = CARTESIAN_POINT ( 'NONE',  ( -66.03131879748264055, -99.59288232985406353, -23.35151079718165690 ) ) ;
#5981 = CARTESIAN_POINT ( 'NONE',  ( -40.55175038038070312, -65.01975467876019366, -25.98500535847968962 ) ) ;
#5982 = CARTESIAN_POINT ( 'NONE',  ( -13.15252663911667419, -41.78493430954454624, -29.72534109394553070 ) ) ;
#5983 = CARTESIAN_POINT ( 'NONE',  ( -0.4054147692485916554, 2.719140528242226740, -1.381195566664505048 ) ) ;
#5984 = CARTESIAN_POINT ( 'NONE',  ( -55.74230696728623968, -114.8490365390169785, -21.95502554143346430 ) ) ;
#5985 = CARTESIAN_POINT ( 'NONE',  ( -49.54876579076550058, -125.3999536442473328, -25.63025256725251211 ) ) ;
#5986 = CARTESIAN_POINT ( 'NONE',  ( -60.68426052349569488, -88.96412313139357764, -24.56319420618953231 ) ) ;
#5987 = CARTESIAN_POINT ( 'NONE',  ( -65.15416364032107310, -84.84644945759723100, -21.78779447092894728 ) ) ;
#5988 = CARTESIAN_POINT ( 'NONE',  ( -56.29141667455684939, -74.63341986596394406, -27.78406222942784964 ) ) ;
#5989 = CARTESIAN_POINT ( 'NONE',  ( -55.54505947777680319, -125.6315784194445229, -22.47461192392093210 ) ) ;
#5990 = CARTESIAN_POINT ( 'NONE',  ( -50.96644797224598022, -123.8894660230931066, -23.60384484437983232 ) ) ;
#5991 = CARTESIAN_POINT ( 'NONE',  ( -60.76130935096965402, -99.39810632793846423, -23.58539475061816759 ) ) ;
#5992 = CARTESIAN_POINT ( 'NONE',  ( -60.68660962821101634, -90.32148044509843032, -23.71766333398397464 ) ) ;
#5993 = CARTESIAN_POINT ( 'NONE',  ( -57.85833032373118101, -79.66625341432317953, -27.24477870053473438 ) ) ;
#5994 = CARTESIAN_POINT ( 'NONE',  ( -53.65677715025620387, -124.2075158438721871, -28.25069537005890652 ) ) ;
#5995 = CARTESIAN_POINT ( 'NONE',  ( -30.68383939270353267, -61.49883876441278119, -33.77229514776616526 ) ) ;
#5996 = CARTESIAN_POINT ( 'NONE',  ( -60.63324163920304244, -82.87813072847914952, -19.88883982702401809 ) ) ;
#5997 = CARTESIAN_POINT ( 'NONE',  ( -17.92979363951674543, -47.62080908391251199, -34.18859194500362975 ) ) ;
#5998 = CARTESIAN_POINT ( 'NONE',  ( -56.22163492351396030, -115.0757058649856930, -21.20896392850224288 ) ) ;
#5999 = CARTESIAN_POINT ( 'NONE',  ( -50.33973381021100835, -75.45230066190069351, -26.60233668380009675 ) ) ;
#6000 = CARTESIAN_POINT ( 'NONE',  ( -55.69944922165987578, -80.41013823608714972, -25.31004556830302121 ) ) ;
#6001 = CARTESIAN_POINT ( 'NONE',  ( -51.16372930559617771, -124.2602358594790246, -27.62348998309094128 ) ) ;
#6002 = CARTESIAN_POINT ( 'NONE',  ( -55.69944922165987578, -80.41013823608714972, -25.31004556830302121 ) ) ;
#6003 = CARTESIAN_POINT ( 'NONE',  ( -63.36312104112744237, -91.76369199174951063, -25.27627586152151196 ) ) ;
#6004 = CARTESIAN_POINT ( 'NONE',  ( -63.98376878045848315, -93.71355390866922619, -18.60118335882721041 ) ) ;
#6005 = CARTESIAN_POINT ( 'NONE',  ( -63.36454965439101983, -111.3662079325807781, -22.50886420414909850 ) ) ;
#6006 = CARTESIAN_POINT ( 'NONE',  ( -61.94555945433550193, -114.6277064183154693, -22.02756204041218524 ) ) ;
#6007 = CARTESIAN_POINT ( 'NONE',  ( -60.08998021631436615, -109.4037581703750419, -19.45960695591421796 ) ) ;
#6008 = CARTESIAN_POINT ( 'NONE',  ( -8.118020047518143656, -44.11509253740418757, -29.36738430576807346 ) ) ;
#6009 = CARTESIAN_POINT ( 'NONE',  ( -51.12962350469228312, -125.5959450581794243, -28.34688323743381488 ) ) ;
#6010 = CARTESIAN_POINT ( 'NONE',  ( -39.88531736685202134, -61.08265899288403489, -28.77926473996857837 ) ) ;
#6011 = CARTESIAN_POINT ( 'NONE',  ( -65.26943711094813239, -103.6826287095681352, -23.50784350206797058 ) ) ;
#6012 = CARTESIAN_POINT ( 'NONE',  ( -44.16323126893473017, -67.32199900828129557, -25.11341673522215956 ) ) ;
#6013 = CARTESIAN_POINT ( 'NONE',  ( -51.25836078809938812, -70.34608956057326168, -23.57408197877605716 ) ) ;
#6014 = CARTESIAN_POINT ( 'NONE',  ( 2.438726081443192584, -7.882888968378019889, -16.72833415328231155 ) ) ;
#6015 = CARTESIAN_POINT ( 'NONE',  ( 3.880072798583359184, -4.073680916263600515, -4.280176997821007134 ) ) ;
#6016 = CARTESIAN_POINT ( 'NONE',  ( -58.14633729179007560, -110.1138962076546193, -25.21397329767189532 ) ) ;
#6017 = CARTESIAN_POINT ( 'NONE',  ( -66.55163794233787655, -90.75286021964541305, -21.09523930135419079 ) ) ;
#6018 = CARTESIAN_POINT ( 'NONE',  ( -64.89653559189314080, -87.74777675456563486, -24.62655135503433712 ) ) ;
#6019 = CARTESIAN_POINT ( 'NONE',  ( -54.68498248889595459, -127.1080803174705949, -22.76386486442009627 ) ) ;
#6020 = CARTESIAN_POINT ( 'NONE',  ( -60.61326558323554536, -100.7089250641453191, -20.41390928039787056 ) ) ;
#6021 = CARTESIAN_POINT ( 'NONE',  ( -60.55134555582651501, -100.6440591045839454, -23.64237505290736863 ) ) ;
#6022 = CARTESIAN_POINT ( 'NONE',  ( -48.41393811270386038, -74.00321865633668494, -26.84432157349613135 ) ) ;
#6023 = CARTESIAN_POINT ( 'NONE',  ( -51.24164306277097580, -73.91800992329869757, -29.13992409200215761 ) ) ;
#6024 = CARTESIAN_POINT ( 'NONE',  ( -47.19256495372513172, -134.6515332876364255, -30.54127979792314918 ) ) ;
#6025 = CARTESIAN_POINT ( 'NONE',  ( -64.21432223892446700, -98.53491207752782088, -24.97906065168279710 ) ) ;
#6026 = CARTESIAN_POINT ( 'NONE',  ( -58.16103296176767401, -114.1117864748582065, -20.06522418061555157 ) ) ;
#6027 = CARTESIAN_POINT ( 'NONE',  ( -53.91435633611121148, -119.6890476312666607, -21.98917465295049567 ) ) ;
#6028 = CARTESIAN_POINT ( 'NONE',  ( -60.44944378597687518, -101.1764141539545108, -23.67153420863986213 ) ) ;
#6029 = CARTESIAN_POINT ( 'NONE',  ( 0.7664801197551023293, -30.04531687384608318, -26.24135112103154199 ) ) ;
#6030 = CARTESIAN_POINT ( 'NONE',  ( -51.36828272678583573, -123.9078108563028167, -27.55104368460988695 ) ) ;
#6031 = CARTESIAN_POINT ( 'NONE',  ( -56.82675694192040794, -81.80377438797820844, -24.97112817524108053 ) ) ;
#6032 = CARTESIAN_POINT ( 'NONE',  ( -63.54712834965858548, -94.00056839035475775, -25.16812896345019723 ) ) ;
#6033 = CARTESIAN_POINT ( 'NONE',  ( -63.61083163136223106, -99.30365177405468557, -18.57477883259859652 ) ) ;
#6034 = CARTESIAN_POINT ( 'NONE',  ( -65.71696722901729970, -103.4117919321050323, -20.97631659360875389 ) ) ;
#6035 = CARTESIAN_POINT ( 'NONE',  ( -63.10929562751502431, -96.21854550953419505, -18.69070699729918772 ) ) ;
#6036 = CARTESIAN_POINT ( 'NONE',  ( -45.06533651861598599, -71.49591414937916056, -26.41064198256053785 ) ) ;
#6037 = CARTESIAN_POINT ( 'NONE',  ( -57.36457105654453414, -113.6540969088399464, -26.18406602136431971 ) ) ;
#6038 = CARTESIAN_POINT ( 'NONE',  ( -53.48217207046598531, -129.1128349481908799, -23.17072162064447838 ) ) ;
#6039 = CARTESIAN_POINT ( 'NONE',  ( -53.33286747385744775, -71.37559215684007086, -28.34720498068467975 ) ) ;
#6040 = CARTESIAN_POINT ( 'NONE',  ( -59.73679012705875380, -106.2389681489985520, -20.08045600002611053 ) ) ;
#6041 = DATE_AND_TIME ( #2762, #4315 ) ;
#6042 = CARTESIAN_POINT ( 'NONE',  ( -63.96254246226411055, -93.00953040928490623, -18.62924368604625158 ) ) ;
#6043 = ORIENTED_EDGE ( 'NONE', *, *, #3605, .T. ) ;
#6044 = CARTESIAN_POINT ( 'NONE',  ( -3.274539148150223955, -32.24156694481644791, -31.39650541997929878 ) ) ;
#6045 = CARTESIAN_POINT ( 'NONE',  ( 0.9436362830062513529, -27.59718349138495341, -23.84768023375116641 ) ) ;
#6046 = CARTESIAN_POINT ( 'NONE',  ( -57.59688176370335100, -82.48264140328089411, -25.56605884612756796 ) ) ;
#6047 = CARTESIAN_POINT ( 'NONE',  ( -54.87362720159184448, -128.2336643254166972, -24.32369280155798563 ) ) ;
#6048 = CARTESIAN_POINT ( 'NONE',  ( -8.619869839275253298, -41.79786889264689620, -33.98379116628802166 ) ) ;
#6049 = CARTESIAN_POINT ( 'NONE',  ( -45.44768287794476436, -64.47903268191349468, -27.32516205379372920 ) ) ;
#6050 = CARTESIAN_POINT ( 'NONE',  ( -55.74230696728623968, -114.8490365390169785, -21.95502554143346430 ) ) ;
#6051 = CARTESIAN_POINT ( 'NONE',  ( -59.28877136306049067, -105.7321397840680390, -24.02567674453847602 ) ) ;
#6052 = CARTESIAN_POINT ( 'NONE',  ( -51.13762927259139701, -76.08740667369141875, -26.46428409176784768 ) ) ;
#6053 = CARTESIAN_POINT ( 'NONE',  ( -62.71358591666221827, -88.49889032590797910, -25.56032909376377305 ) ) ;
#6054 = CARTESIAN_POINT ( 'NONE',  ( -40.88851881187378723, -67.63682657739821025, -31.53951036272917463 ) ) ;
#6055 = CIRCLE ( 'NONE', #5763, 3.250000000000004441 ) ;
#6056 = CARTESIAN_POINT ( 'NONE',  ( -58.68192669141448903, -109.2840748295845970, -20.40794939521887130 ) ) ;
#6057 = CARTESIAN_POINT ( 'NONE',  ( -60.68660962821101634, -90.32148044509843032, -23.71766333398397464 ) ) ;
#6058 = CARTESIAN_POINT ( 'NONE',  ( -7.559664140676567001, -43.98219448883155991, -29.99679486216937008 ) ) ;
#6059 = CARTESIAN_POINT ( 'NONE',  ( 5.138538029602502277, -4.507351283810579368, -10.05805479438893890 ) ) ;
#6060 = CARTESIAN_POINT ( 'NONE',  ( -58.22742474021846704, -108.8824953783943954, -24.36936931178148669 ) ) ;
#6061 = CARTESIAN_POINT ( 'NONE',  ( -63.40469692235611632, -98.19865863247801485, -25.13345048204936560 ) ) ;
#6062 = CARTESIAN_POINT ( 'NONE',  ( -47.18713763972958475, -66.75473659714444352, -25.27826328665085498 ) ) ;
#6063 = CARTESIAN_POINT ( 'NONE',  ( -55.68861558997948435, -126.8513452142387905, -24.04983460371849091 ) ) ;
#6064 = CARTESIAN_POINT ( 'NONE',  ( -53.50886697836116923, -73.63512921851884130, -22.36699528614861165 ) ) ;
#6065 = CARTESIAN_POINT ( 'NONE',  ( 4.885990127197898936, -15.01065183040005202, -17.08623102734127741 ) ) ;
#6066 = CARTESIAN_POINT ( 'NONE',  ( -45.87218678800596194, -72.39506113893060046, -27.90420653479889879 ) ) ;
#6067 = CARTESIAN_POINT ( 'NONE',  ( -45.50712557126861668, -134.4914303725389289, -30.36884968454533151 ) ) ;
#6068 = CARTESIAN_POINT ( 'NONE',  ( -17.36856642255391847, -45.62044729331940118, -31.92882863732496190 ) ) ;
#6069 = CARTESIAN_POINT ( 'NONE',  ( -66.11104847810283047, -90.89691104239493313, -23.58470027920497358 ) ) ;
#6070 = CARTESIAN_POINT ( 'NONE',  ( -42.21909794011833839, -138.3313454649447181, -26.14440407067741035 ) ) ;
#6071 = CARTESIAN_POINT ( 'NONE',  ( -45.42543586880911732, -65.42205925635413166, -25.90213500290971993 ) ) ;
#6072 = CARTESIAN_POINT ( 'NONE',  ( -0.007360830786022642437, 2.120850867760637470, -2.723447497630312686 ) ) ;
#6073 = CARTESIAN_POINT ( 'NONE',  ( -55.16127515594055097, -116.0651827108258090, -22.15163876521924280 ) ) ;
#6074 = CARTESIAN_POINT ( 'NONE',  ( -61.39325624705927709, -96.76635740935154217, -24.23022604968570093 ) ) ;
#6075 = CARTESIAN_POINT ( 'NONE',  ( -56.11446110691268530, -126.1165630436504301, -23.90747535244458888 ) ) ;
#6076 = CARTESIAN_POINT ( 'NONE',  ( -60.04282374757386265, -78.52313138555059879, -26.49196008423164983 ) ) ;
#6077 = CARTESIAN_POINT ( 'NONE',  ( -7.601650045974209569, -32.59114474929085503, -28.25093054445788709 ) ) ;
#6078 = CARTESIAN_POINT ( 'NONE',  ( -59.21547399254188093, -106.1210465995806658, -20.82347142072306312 ) ) ;
#6079 = CARTESIAN_POINT ( 'NONE',  ( -47.51515324986173283, -129.5487957410566082, -28.10975848760276108 ) ) ;
#6080 = CARTESIAN_POINT ( 'NONE',  ( -59.83008577822786833, -87.26744891689087069, -24.02836277768269468 ) ) ;
#6081 = CARTESIAN_POINT ( 'NONE',  ( -2.142694978376028736, -33.47669780889595614, -31.08799534342830739 ) ) ;
#6082 = CARTESIAN_POINT ( 'NONE',  ( -43.77229916502801643, -136.1364830497786897, -25.57823277845246679 ) ) ;
#6083 = CARTESIAN_POINT ( 'NONE',  ( -57.82150230685218162, -83.23496936707783789, -24.66886088516756459 ) ) ;
#6084 = CARTESIAN_POINT ( 'NONE',  ( -33.67386058620095213, -64.96039233048615813, -29.60522533836441283 ) ) ;
#6085 = CARTESIAN_POINT ( 'NONE',  ( 5.433188441948871628, -13.58448577337691177, -17.84467174861364214 ) ) ;
#6086 = CARTESIAN_POINT ( 'NONE',  ( -63.49733186567652155, -97.10684354712395816, -25.12283796836554828 ) ) ;
#6087 = CARTESIAN_POINT ( 'NONE',  ( -48.86953958770681794, -68.16252140868998310, -24.60022088886224267 ) ) ;
#6088 = CARTESIAN_POINT ( 'NONE',  ( 2.366080085706677050, -10.52927282279709154, -10.67958838018215140 ) ) ;
#6089 = CARTESIAN_POINT ( 'NONE',  ( -48.53682445649302934, -74.06741810386456848, -26.01299521297234207 ) ) ;
ENDSEC;
END-ISO-10303-21;
