ISO-10303-21;
HEADER;
FILE_DESCRIPTION (( 'STEP AP203' ),
    '1' );
FILE_NAME ('FN-HAR-024_W8-xls1-coax-round_R0.6.STEP',
    '2026-07-26T15:45:13',
    ( '' ),
    ( '' ),
    'SwSTEP 2.0',
    'SolidWorks 2022',
    '' );
FILE_SCHEMA (( 'CONFIG_CONTROL_DESIGN' ));
ENDSEC;

DATA;
#1 = CARTESIAN_POINT ( 'NONE',  ( 34.86678980813664452, 2.789779775643725035, -111.0220106168161038 ) ) ;
#2 = CARTESIAN_POINT ( 'NONE',  ( 10.03176804454583682, -0.4389878378765212918, -105.6514564682394877 ) ) ;
#3 = CARTESIAN_POINT ( 'NONE',  ( 34.11560991049054792, 2.327274622688346728, -113.0175766732321421 ) ) ;
#4 = CARTESIAN_POINT ( 'NONE',  ( 48.82970896384099291, -0.4195115733016909765, -126.6246981471764457 ) ) ;
#5 = CARTESIAN_POINT ( 'NONE',  ( 44.74795636231151974, 0.02385668212116659123, -114.4351125510235647 ) ) ;
#6 = CARTESIAN_POINT ( 'NONE',  ( 44.11397325767088518, 0.4589732678171641878, -113.8554144278660658 ) ) ;
#7 = CARTESIAN_POINT ( 'NONE',  ( -8.410908266223200869, -1.067034464024926299, -12.62553042936525038 ) ) ;
#8 = CARTESIAN_POINT ( 'NONE',  ( -9.449574376671886711, -0.1184052832161458235, -65.12301401895628317 ) ) ;
#9 = CARTESIAN_POINT ( 'NONE',  ( -11.14884971198818242, -1.365713866924117337, -64.82563475232176131 ) ) ;
#10 = CARTESIAN_POINT ( 'NONE',  ( 51.27054639269671554, 1.973294683822832463, -126.9381388521463094 ) ) ;
#11 = CARTESIAN_POINT ( 'NONE',  ( 10.82565689791929131, -0.3418675356358505391, -107.1974105932672217 ) ) ;
#12 = CARTESIAN_POINT ( 'NONE',  ( -11.14884971198818242, -1.365713866924117337, -64.82563475232176131 ) ) ;
#13 = CARTESIAN_POINT ( 'NONE',  ( -6.421718088871018359, -2.660386226701462853, -80.27832866695132452 ) ) ;
#14 = CARTESIAN_POINT ( 'NONE',  ( -0.8618179436528822235, -0.8816653877895799241, -94.05293860114414883 ) ) ;
#15 = CARTESIAN_POINT ( 'NONE',  ( -3.135204498034642739, 1.578235792848129648, -90.62912886497527154 ) ) ;
#16 = CARTESIAN_POINT ( 'NONE',  ( -12.64513642564377172, -0.6988019502033941954, -46.47950446665922186 ) ) ;
#17 = CARTESIAN_POINT ( 'NONE',  ( -1.561397081317172697, -0.9134766528357431969, 0.000000000000000000 ) ) ;
#18 = CARTESIAN_POINT ( 'NONE',  ( 44.36709226851766630, 0.4518069750218965397, -113.9932141400636425 ) ) ;
#19 = CARTESIAN_POINT ( 'NONE',  ( -9.096096754899800629, -0.7565920587134243869, -24.61828106403211791 ) ) ;
#20 = CARTESIAN_POINT ( 'NONE',  ( -5.666401523665566486, -1.443549008850304682, -87.66541408331802643 ) ) ;
#21 = CARTESIAN_POINT ( 'NONE',  ( -5.094505937181730282, -0.08403454520886738388, -80.98640533434169697 ) ) ;
#22 = CARTESIAN_POINT ( 'NONE',  ( 48.64173567754475869, -0.06909955554317487314, -124.6686458651680454 ) ) ;
#23 = CARTESIAN_POINT ( 'NONE',  ( 3.519824283705760504, 2.555858110387355886, -101.3974481973196333 ) ) ;
#24 = CARTESIAN_POINT ( 'NONE',  ( 50.51359895797735078, -0.4949912816883895728, -127.9351335124178917 ) ) ;
#25 = CARTESIAN_POINT ( 'NONE',  ( 10.03176804454583682, -0.4389878378765212918, -105.6514564682394877 ) ) ;
#26 = CARTESIAN_POINT ( 'NONE',  ( 35.70871172216462242, 0.7111070030759821803, -110.8499746367539984 ) ) ;
#27 = CARTESIAN_POINT ( 'NONE',  ( 50.26040299495871722, 2.348595001503142043, -131.0607189941414674 ) ) ;
#28 = CARTESIAN_POINT ( 'NONE',  ( 12.11805759796108184, 2.103032961159433611, -108.3924244314464005 ) ) ;
#29 = CARTESIAN_POINT ( 'NONE',  ( 5.906596972718490157, -0.6179407204119096164, -103.4359299176166331 ) ) ;
#30 = CARTESIAN_POINT ( 'NONE',  ( -13.13907803646252859, -2.732709726164270325, -41.77756871230173630 ) ) ;
#31 = CARTESIAN_POINT ( 'NONE',  ( -0.6889937714400131696, -1.398692290903567503, -96.53634036440065813 ) ) ;
#32 = CARTESIAN_POINT ( 'NONE',  ( 51.06178382813833139, -0.1703469825978572438, -125.3985875535458518 ) ) ;
#33 = CARTESIAN_POINT ( 'NONE',  ( 50.71325814210281635, 0.2507299887115630455, -129.8649900582143459 ) ) ;
#34 = CARTESIAN_POINT ( 'NONE',  ( -13.08700668524030775, -2.190409212893535962, -36.44494722663578301 ) ) ;
#35 = CARTESIAN_POINT ( 'NONE',  ( 51.20384688058791056, 1.135861599378963804, -128.8078303217566827 ) ) ;
#36 = CARTESIAN_POINT ( 'NONE',  ( 51.50826150148389360, 1.129594994846106593, -126.2347297890300268 ) ) ;
#37 = CARTESIAN_POINT ( 'NONE',  ( 47.47901683608428414, -0.3719446945252432024, -132.5704744554847139 ) ) ;
#38 = CARTESIAN_POINT ( 'NONE',  ( 45.23849952392806983, 2.510652998835664285, -116.9698091190299039 ) ) ;
#39 = CARTESIAN_POINT ( 'NONE',  ( -12.59457869668637819, -2.988572642416281067, -32.90977875082500503 ) ) ;
#40 = CARTESIAN_POINT ( 'NONE',  ( 5.075322926896236986, -0.3125818658949079953, -104.6602819767334722 ) ) ;
#41 = CARTESIAN_POINT ( 'NONE',  ( 0.9213183640735059798, 0.5840178453142941262, -101.7173531309785233 ) ) ;
#42 = CARTESIAN_POINT ( 'NONE',  ( 13.40050313068360133, 0.1547968418640605914, -106.2557305374768646 ) ) ;
#43 = CARTESIAN_POINT ( 'NONE',  ( -11.28877127221624477, -0.3744185464860046997, -50.96132287173433184 ) ) ;
#44 = LOCAL_TIME ( 23, 45, 13.00000000000000000, #3461 ) ;
#45 = CARTESIAN_POINT ( 'NONE',  ( -0.9134766528357438631, 1.561397081317172475, 0.000000000000000000 ) ) ;
#46 = CARTESIAN_POINT ( 'NONE',  ( -11.42728672643489674, -3.124912242483079527, -59.69529741364839026 ) ) ;
#47 = CARTESIAN_POINT ( 'NONE',  ( 51.26623960094740795, 0.2387796082872019887, -125.0037087384294807 ) ) ;
#48 = CARTESIAN_POINT ( 'NONE',  ( 1.273159640939742765, 1.265674535045017812, -97.54326033723276623 ) ) ;
#49 = CARTESIAN_POINT ( 'NONE',  ( 43.76606619631912309, 0.8872221872982601898, -113.4579977542961871 ) ) ;
#50 = CARTESIAN_POINT ( 'NONE',  ( 15.29736763887831330, 0.03161074492270263270, -109.0206116152037907 ) ) ;
#51 = CARTESIAN_POINT ( 'NONE',  ( 26.75746081878470406, 2.861911608289021025, -109.3673651274673944 ) ) ;
#52 = CARTESIAN_POINT ( 'NONE',  ( 43.98552752645971964, -0.2988324815721664085, -114.3839511434328671 ) ) ;
#53 = CARTESIAN_POINT ( 'NONE',  ( 21.48218774379814278, -0.3317733139657572661, -109.2318152022840536 ) ) ;
#54 = CARTESIAN_POINT ( 'NONE',  ( 51.11508908966781917, 0.2461711303704128551, -123.1147575100079337 ) ) ;
#55 = CARTESIAN_POINT ( 'NONE',  ( -12.39079838669182898, -0.4473650187124469935, -40.89624340487180376 ) ) ;
#56 = CARTESIAN_POINT ( 'NONE',  ( 30.60845092864060035, 2.398827157736119986, -112.2689103280931278 ) ) ;
#57 = CARTESIAN_POINT ( 'NONE',  ( -8.687500400824623270, -3.144146093198951331, -62.56624911650210663 ) ) ;
#58 = CARTESIAN_POINT ( 'NONE',  ( -3.914395940901033377, -0.2303400704909957519, -93.73149382029826882 ) ) ;
#59 = CARTESIAN_POINT ( 'NONE',  ( 14.86032471108998543, -0.4312337221208902283, -107.7899217851681613 ) ) ;
#60 = LOCAL_TIME ( 23, 45, 13.00000000000000000, #3931 ) ;
#61 = CARTESIAN_POINT ( 'NONE',  ( -2.217425709107156084, -0.2544482506119743470, -90.16698834962049602 ) ) ;
#62 = DIRECTION ( 'NONE',  ( 0.8583505132673652227, -0.4161946485164998988, 0.3000273502863995412 ) ) ;
#63 = CARTESIAN_POINT ( 'NONE',  ( 11.04942848782333087, 1.627205578402033392, -108.0962673104641567 ) ) ;
#64 = CARTESIAN_POINT ( 'NONE',  ( 43.32935613335286718, 2.222311765359294977, -113.4362109180724048 ) ) ;
#65 = ADVANCED_FACE ( 'NONE', ( #2051 ), #934, .F. ) ;
#66 = CARTESIAN_POINT ( 'NONE',  ( 50.92151148656925841, 1.143396139996317507, -130.1766878810643675 ) ) ;
#67 = CARTESIAN_POINT ( 'NONE',  ( -10.13899605210329646, -3.731805676494688306, -55.70064400364105239 ) ) ;
#68 = CARTESIAN_POINT ( 'NONE',  ( 41.78493863492155214, 2.223661375852818978, -115.3553707171261351 ) ) ;
#69 = CARTESIAN_POINT ( 'NONE',  ( 38.64733918532030543, 2.617564142709391195, -113.8856385598143675 ) ) ;
#70 = CARTESIAN_POINT ( 'NONE',  ( 43.82213568682789173, 0.04448274064384906412, -116.6922442166105185 ) ) ;
#71 = CARTESIAN_POINT ( 'NONE',  ( 1.284678783498805821, -0.5269126712977167948, -97.88623136469466601 ) ) ;
#72 = CARTESIAN_POINT ( 'NONE',  ( -6.188237373693089793, -1.186673433879602557, -14.95006376803078041 ) ) ;
#73 = CARTESIAN_POINT ( 'NONE',  ( 35.38937187318368416, 3.058084659843001152, -112.2755715464893882 ) ) ;
#74 = CARTESIAN_POINT ( 'NONE',  ( -0.9909631719075564504, -0.1452496597472775208, -99.06510226715592182 ) ) ;
#75 = CARTESIAN_POINT ( 'NONE',  ( 50.66384801638765367, 0.2521019067728529905, -130.0806770033616147 ) ) ;
#76 = CARTESIAN_POINT ( 'NONE',  ( -9.816889634677314902, -0.9714397062730921739, -55.66992781474402818 ) ) ;
#77 = CARTESIAN_POINT ( 'NONE',  ( 47.51153006392348743, 0.7800957151819449820, -115.9191906230672657 ) ) ;
#78 = CARTESIAN_POINT ( 'NONE',  ( 41.38788227355347260, 0.07599656997471586350, -115.3855432811048587 ) ) ;
#79 = CARTESIAN_POINT ( 'NONE',  ( -11.55501679555165850, -1.360132730453094574, -62.09087798254800106 ) ) ;
#80 = CARTESIAN_POINT ( 'NONE',  ( -11.94018164311144758, -0.2775185491711689711, -32.20550524131716230 ) ) ;
#81 = CARTESIAN_POINT ( 'NONE',  ( 33.47650965252576327, -0.04046903002500712443, -110.8174733860678600 ) ) ;
#82 = CARTESIAN_POINT ( 'NONE',  ( 43.07782383325923092, -0.6226574615106454935, -114.7493628241428212 ) ) ;
#83 = CARTESIAN_POINT ( 'NONE',  ( 51.23366998295847452, 0.2408776051271357688, -124.2367861301592029 ) ) ;
#84 = CARTESIAN_POINT ( 'NONE',  ( 51.07344414676641975, 2.329208172338437244, -124.4440199249609833 ) ) ;
#85 = CARTESIAN_POINT ( 'NONE',  ( -3.437376103509640846, 0.8049204203579224393, -94.69558025181530070 ) ) ;
#86 = CARTESIAN_POINT ( 'NONE',  ( -3.740221695977837157, -1.878801127164944518, -87.19290864147882303 ) ) ;
#87 = CARTESIAN_POINT ( 'NONE',  ( -13.11739899490494921, -2.695901442231837919, -39.13733240160853200 ) ) ;
#88 = CARTESIAN_POINT ( 'NONE',  ( 11.64636407980819932, -0.4935977446414953063, -106.7180655862213285 ) ) ;
#89 = CARTESIAN_POINT ( 'NONE',  ( -5.583335574759736630, -0.5281765845725280295, -78.25382202572306767 ) ) ;
#90 = CARTESIAN_POINT ( 'NONE',  ( 50.94258895526135689, 0.2444776722370677613, -128.7230139850266539 ) ) ;
#91 = CARTESIAN_POINT ( 'NONE',  ( 43.73340824694612650, 1.779635484433774284, -116.5740208291362023 ) ) ;
#92 = CARTESIAN_POINT ( 'NONE',  ( 50.71254164599718450, 1.998956244813286931, -121.0913642200619620 ) ) ;
#93 = CARTESIAN_POINT ( 'NONE',  ( 51.33316800352034903, 1.140485571314047597, -122.7842806815074255 ) ) ;
#94 = CARTESIAN_POINT ( 'NONE',  ( -10.98200969701364649, -3.751543136884102569, -35.42144024386630718 ) ) ;
#95 = CARTESIAN_POINT ( 'NONE',  ( 48.85564332595085091, 2.077739917537866798, -127.1796577120214096 ) ) ;
#96 = CARTESIAN_POINT ( 'NONE',  ( 49.14654340648613839, 2.407231410161444263, -123.3034580070782624 ) ) ;
#97 = CARTESIAN_POINT ( 'NONE',  ( 48.30735181146261681, -0.05526083775891341837, -128.6273540555788486 ) ) ;
#98 = CARTESIAN_POINT ( 'NONE',  ( -13.13907803646252859, -2.732709726164270325, -41.77756871230173630 ) ) ;
#99 = CARTESIAN_POINT ( 'NONE',  ( -7.826459686235136992, -1.631020859334480377, -65.98347654278451557 ) ) ;
#100 = CARTESIAN_POINT ( 'NONE',  ( -9.562316876151770728, -1.869185933382153442, -54.71816971516211225 ) ) ;
#101 = CARTESIAN_POINT ( 'NONE',  ( 38.45640150835932758, 3.003049959208097697, -113.0772705039305492 ) ) ;
#102 = CARTESIAN_POINT ( 'NONE',  ( 43.57448403994062858, 0.8795670372128455705, -116.7594576124832599 ) ) ;
#103 = CARTESIAN_POINT ( 'NONE',  ( 50.94258895526135689, 0.2444776722370677613, -128.7230139850266539 ) ) ;
#104 = CARTESIAN_POINT ( 'NONE',  ( -9.904773139620933975, -0.9989802294801484184, -54.77517473349401911 ) ) ;
#105 = CARTESIAN_POINT ( 'NONE',  ( 31.88109547722895698, 2.501205515554976611, -110.0902611628504815 ) ) ;
#106 = CARTESIAN_POINT ( 'NONE',  ( -9.096096754899800629, -0.7565920587134243869, -24.61828106403211791 ) ) ;
#107 = CARTESIAN_POINT ( 'NONE',  ( 48.19039623417359053, -0.05102134667893402226, -129.1940120195378086 ) ) ;
#108 = CARTESIAN_POINT ( 'NONE',  ( -13.14737980642304827, -1.382486288156402399, -44.24074947785885570 ) ) ;
#109 = CARTESIAN_POINT ( 'NONE',  ( 51.08771819025729144, 2.326904508241451452, -125.9535471184012039 ) ) ;
#110 = CARTESIAN_POINT ( 'NONE',  ( 50.41310305748832121, -0.4864838804160496744, -122.3373884949295558 ) ) ;
#111 = CARTESIAN_POINT ( 'NONE',  ( 49.90681676137692335, -0.8112816012613388583, -126.4563893309384213 ) ) ;
#112 = CARTESIAN_POINT ( 'NONE',  ( 43.69574165026165247, 0.4713811879109812142, -113.6369555555030786 ) ) ;
#113 = CARTESIAN_POINT ( 'NONE',  ( 50.92828480382628697, 2.329982401471432762, -127.7789037087281798 ) ) ;
#114 = CARTESIAN_POINT ( 'NONE',  ( -11.91871169214766724, -1.828213157207298156, -59.72574712518933637 ) ) ;
#115 = CARTESIAN_POINT ( 'NONE',  ( 34.70464698776078194, 0.9721852572178372176, -113.5046568426597844 ) ) ;
#116 = CARTESIAN_POINT ( 'NONE',  ( 33.26275408450886317, -0.4291837442502281497, -111.5081854715477192 ) ) ;
#117 = CARTESIAN_POINT ( 'NONE',  ( -10.73933948959064111, -3.673769565014413097, -31.98785918619448410 ) ) ;
#118 = CARTESIAN_POINT ( 'NONE',  ( -10.32323480491419510, -2.022669647968672546, -42.37709930496848187 ) ) ;
#119 = CARTESIAN_POINT ( 'NONE',  ( -1.576319787214613966, -0.1565040201389441832, -91.84833584270646156 ) ) ;
#120 = PERSON_AND_ORGANIZATION_ROLE ( 'classification_officer' ) ;
#121 = CARTESIAN_POINT ( 'NONE',  ( 27.71374645697550676, 2.021228555623435952, -111.8889621035393560 ) ) ;
#122 = CARTESIAN_POINT ( 'NONE',  ( 21.43865713403765128, 2.597458484932928524, -108.1625684128841414 ) ) ;
#123 = CARTESIAN_POINT ( 'NONE',  ( 40.15740174146713315, 1.496512144052934312, -111.9136691585365782 ) ) ;
#124 = CARTESIAN_POINT ( 'NONE',  ( 48.75306847533784804, -0.4166972312451600602, -127.3262487455190950 ) ) ;
#125 = CARTESIAN_POINT ( 'NONE',  ( 48.75759730762933941, 2.081275485384348034, -127.8784615956580240 ) ) ;
#126 = CARTESIAN_POINT ( 'NONE',  ( 48.37035256499902403, 2.434974568328077460, -131.1060282529676897 ) ) ;
#127 = CARTESIAN_POINT ( 'NONE',  ( -11.85484627830733118, -3.930527511911276140, -43.78923266303699080 ) ) ;
#128 = CARTESIAN_POINT ( 'NONE',  ( -7.434470272994995632, -1.949103698948859931, -80.85996409698350362 ) ) ;
#129 = CARTESIAN_POINT ( 'NONE',  ( 50.68305173877007519, -0.4989618843802584025, -126.3029168819834780 ) ) ;
#130 = CARTESIAN_POINT ( 'NONE',  ( -1.991109478157906176, -0.2221997031173693626, -90.77939396177734466 ) ) ;
#131 = CARTESIAN_POINT ( 'NONE',  ( 5.007987297154077311, 2.750575541844706873, -104.0533541884018121 ) ) ;
#132 = CARTESIAN_POINT ( 'NONE',  ( 42.95090982971464655, 0.8870729285355563043, -116.3963707210356660 ) ) ;
#133 = CARTESIAN_POINT ( 'NONE',  ( -6.188237373693089793, -1.186673433879602557, -14.95006376803078041 ) ) ;
#134 = CARTESIAN_POINT ( 'NONE',  ( 8.467037461187601366, 2.569795925521756619, -104.3663730870113682 ) ) ;
#135 = CARTESIAN_POINT ( 'NONE',  ( -10.56638372114664826, -1.141633220394875359, -45.03723849365974274 ) ) ;
#136 = CARTESIAN_POINT ( 'NONE',  ( -11.83397659674173141, -3.855180673240528044, -37.63679903231744817 ) ) ;
#137 = CARTESIAN_POINT ( 'NONE',  ( -8.253221083474732822, -0.1490857470505768667, -12.55717877798186599 ) ) ;
#138 = CARTESIAN_POINT ( 'NONE',  ( -9.590687259967726419, -0.1800703919426817901, -71.59767644690575139 ) ) ;
#139 = CARTESIAN_POINT ( 'NONE',  ( -1.375769027641969622, -0.5732708626576135114, -92.41818798922304268 ) ) ;
#140 = CARTESIAN_POINT ( 'NONE',  ( 42.38226669582370221, -0.6057434714537889286, -114.3986171578012261 ) ) ;
#141 = CARTESIAN_POINT ( 'NONE',  ( 35.02754500640715207, 0.7250176692343874851, -110.6881401272772081 ) ) ;
#142 = CARTESIAN_POINT ( 'NONE',  ( 42.87813543375048653, 2.578318750702906836, -113.5147128403257710 ) ) ;
#143 = CARTESIAN_POINT ( 'NONE',  ( 36.89628078384770049, 0.9400439146438960281, -114.0636547224575139 ) ) ;
#144 = CARTESIAN_POINT ( 'NONE',  ( 48.14279532578321152, 1.271934721349911035, -128.9857029515894169 ) ) ;
#145 = CARTESIAN_POINT ( 'NONE',  ( -2.215892018961417964, -1.449962997996985470, -5.838453870713630423 ) ) ;
#146 = CARTESIAN_POINT ( 'NONE',  ( -10.66180165239443767, -3.832796551414832109, -51.22558385245746138 ) ) ;
#147 = CARTESIAN_POINT ( 'NONE',  ( 35.68244969412115353, 1.871507259345857266, -113.5573358320043411 ) ) ;
#148 = CARTESIAN_POINT ( 'NONE',  ( 39.45337489492553118, 1.401095123555851529, -114.8225391163909705 ) ) ;
#149 = CARTESIAN_POINT ( 'NONE',  ( 43.88305664335720024, 2.204880147694417758, -113.7089427167948799 ) ) ;
#150 = CARTESIAN_POINT ( 'NONE',  ( 45.92892994139269547, 1.310828435861481012, -114.6569290371723326 ) ) ;
#151 = CARTESIAN_POINT ( 'NONE',  ( -3.304074187700121179, -2.299356945820388631, -5.974126308691149134 ) ) ;
#152 = CARTESIAN_POINT ( 'NONE',  ( 34.27320130611066418, 2.686762872097407051, -112.7449171472427309 ) ) ;
#153 = CARTESIAN_POINT ( 'NONE',  ( 47.38886459372541538, 0.3671188758180904399, -116.0757542024153679 ) ) ;
#154 = CARTESIAN_POINT ( 'NONE',  ( 48.05525068135030864, -0.04617407213225077633, -129.7772996349739003 ) ) ;
#155 = CARTESIAN_POINT ( 'NONE',  ( -5.506527898655059872, -0.8355182578674091864, -89.12393244467301656 ) ) ;
#156 = CARTESIAN_POINT ( 'NONE',  ( 50.66752347841109128, -0.4962199612288423767, -124.0395576678841252 ) ) ;
#157 = CARTESIAN_POINT ( 'NONE',  ( 10.26147914359986224, 0.9444828925451714818, -104.7537342009346446 ) ) ;
#158 = CARTESIAN_POINT ( 'NONE',  ( 49.00031487054327783, 2.749075604853852717, -119.4763409195031869 ) ) ;
#159 = CARTESIAN_POINT ( 'NONE',  ( -1.272090802190775527, 2.098041919477474870, -97.13446413422896342 ) ) ;
#160 = CARTESIAN_POINT ( 'NONE',  ( 7.425530567975559215, 0.5717034616077708575, -106.5233729513955439 ) ) ;
#161 = CARTESIAN_POINT ( 'NONE',  ( -8.938294617425395217, -1.632744006480919330, -59.88408617124116518 ) ) ;
#162 = CARTESIAN_POINT ( 'NONE',  ( 43.32935613335286718, 2.222311765359294977, -113.4362109180724048 ) ) ;
#163 = CLOSED_SHELL ( 'NONE', ( #3431, #65, #3229, #4204 ) ) ;
#164 = CARTESIAN_POINT ( 'NONE',  ( 49.59241329035910439, 0.7150186481491658252, -118.3800889232070119 ) ) ;
#165 = CARTESIAN_POINT ( 'NONE',  ( -4.829171843587737101, -2.170859285550229334, -86.90840167857568588 ) ) ;
#166 = CARTESIAN_POINT ( 'NONE',  ( 49.72483806222924585, 2.727032117563204405, -128.5877322470556692 ) ) ;
#167 = CARTESIAN_POINT ( 'NONE',  ( -5.065720893548446568, 1.265072628601773053, -87.86346019020329834 ) ) ;
#168 = CARTESIAN_POINT ( 'NONE',  ( 5.108838900393485538, 0.2527776384192248482, -101.8290677226751626 ) ) ;
#169 = CARTESIAN_POINT ( 'NONE',  ( -1.472999273963902400, -0.9941356204410121133, -92.65829203374516965 ) ) ;
#170 = CARTESIAN_POINT ( 'NONE',  ( -8.233957987965542458, -0.8073473941543208854, -65.94723827068088440 ) ) ;
#171 = CARTESIAN_POINT ( 'NONE',  ( 27.15090597451604992, 3.184952160200797078, -110.1318152563267887 ) ) ;
#172 = CARTESIAN_POINT ( 'NONE',  ( -11.40669528064671034, -1.219233146636449217, -22.56976489845596134 ) ) ;
#173 = CARTESIAN_POINT ( 'NONE',  ( 22.48771451293134049, 1.062340627576832786, -111.1233459120439875 ) ) ;
#174 = CARTESIAN_POINT ( 'NONE',  ( 48.56281272279149874, -0.7681488118202699500, -119.6147182120000565 ) ) ;
#175 = CARTESIAN_POINT ( 'NONE',  ( 38.67657592967613311, -0.5400407107472143808, -113.3518063266061660 ) ) ;
#176 = CARTESIAN_POINT ( 'NONE',  ( -0.7673121840789832726, -0.01085720922289879278, -93.72186023211587269 ) ) ;
#177 = COORDINATED_UNIVERSAL_TIME_OFFSET ( 8, 0, .AHEAD. ) ;
#178 = CARTESIAN_POINT ( 'NONE',  ( 48.49150126781173498, 1.675034025518310044, -128.2499884507387549 ) ) ;
#179 = CARTESIAN_POINT ( 'NONE',  ( 33.42206309563667332, 1.485727184428931258, -113.1929802526233573 ) ) ;
#180 = CARTESIAN_POINT ( 'NONE',  ( 16.81165475782202989, 2.708345073519031754, -107.2688919149878046 ) ) ;
#181 = CARTESIAN_POINT ( 'NONE',  ( -4.884412914170392028, 0.7513598901962066368, -90.78461239539480232 ) ) ;
#182 = CARTESIAN_POINT ( 'NONE',  ( -3.244487673685592544, 1.274387252002043613, -89.36140675639789777 ) ) ;
#183 = CARTESIAN_POINT ( 'NONE',  ( 0.9349230759445488204, -1.153808677801903437, -99.06987149309564700 ) ) ;
#184 = CARTESIAN_POINT ( 'NONE',  ( -13.23261125432554586, -1.848135790452221983, -44.38332392135996685 ) ) ;
#185 = CARTESIAN_POINT ( 'NONE',  ( 51.04934023370596918, 0.2417796879271745802, -128.0655223646470233 ) ) ;
#186 = CARTESIAN_POINT ( 'NONE',  ( -7.096631557177073724, -2.788444930814641065, -12.39441373889898301 ) ) ;
#187 = CARTESIAN_POINT ( 'NONE',  ( -12.89341177427257357, -2.766584174015419340, -48.92726428153468277 ) ) ;
#188 = CARTESIAN_POINT ( 'NONE',  ( -10.25393060041533211, -2.454415390627539217, -39.81026275101087464 ) ) ;
#189 = CARTESIAN_POINT ( 'NONE',  ( -6.787495036726140185, -0.7435760632900729750, -72.77962967753784085 ) ) ;
#190 = CARTESIAN_POINT ( 'NONE',  ( 44.11144448526832917, 2.884928050567564295, -114.8931195822072340 ) ) ;
#191 = CARTESIAN_POINT ( 'NONE',  ( -3.362870246076374858, 1.683784155619482137, -93.00749183893030647 ) ) ;
#192 = CARTESIAN_POINT ( 'NONE',  ( 15.48121033024709625, 0.7978267858919628752, -109.4899254527578876 ) ) ;
#193 = CARTESIAN_POINT ( 'NONE',  ( -0.1205921073151395018, 0.1058316275550676977, -95.06293216412332470 ) ) ;
#194 = CARTESIAN_POINT ( 'NONE',  ( 44.71815531390558363, 2.180040312572271599, -114.1605534779419600 ) ) ;
#195 = CARTESIAN_POINT ( 'NONE',  ( 8.386351560228041180, 1.806973098585498816, -103.8653102573572227 ) ) ;
#196 = CARTESIAN_POINT ( 'NONE',  ( -13.14714761835404211, -1.326414023789372676, -38.94112230530705432 ) ) ;
#197 = CARTESIAN_POINT ( 'NONE',  ( -2.514381430842756782, 1.459264310530716147, -2.967171210528802838 ) ) ;
#198 = CARTESIAN_POINT ( 'NONE',  ( -9.985912879759592187, -2.360922689311744094, -33.81803479363018283 ) ) ;
#199 = CARTESIAN_POINT ( 'NONE',  ( 48.28988676511880129, 2.097779525205426765, -130.1333272350294408 ) ) ;
#200 = CARTESIAN_POINT ( 'NONE',  ( 49.85716791558634498, -0.8099125313958982497, -127.0283460971260752 ) ) ;
#201 = CARTESIAN_POINT ( 'NONE',  ( -8.817914661236081031, -1.077927804040040183, -61.87151834600239653 ) ) ;
#202 = CARTESIAN_POINT ( 'NONE',  ( -10.78810025423945973, -0.3461319885822323195, -63.32618123826355827 ) ) ;
#203 = CARTESIAN_POINT ( 'NONE',  ( 47.86951089620880140, 0.7965988810383310970, -129.8498941119215147 ) ) ;
#204 = CARTESIAN_POINT ( 'NONE',  ( 49.90681676137692335, -0.8112816012613388583, -126.4563893309384213 ) ) ;
#205 = CARTESIAN_POINT ( 'NONE',  ( 49.47404626019021379, -0.7928725705190566853, -126.6915305811108823 ) ) ;
#206 = CARTESIAN_POINT ( 'NONE',  ( -9.257113755057860160, -1.762071458781228284, -57.40132665009954138 ) ) ;
#207 = DIRECTION ( 'NONE',  ( 0.000000000000000000, 0.000000000000000000, 1.000000000000000000 ) ) ;
#208 = CARTESIAN_POINT ( 'NONE',  ( 48.22502890818280719, 1.684651505862648779, -129.5461209313050972 ) ) ;
#209 = CARTESIAN_POINT ( 'NONE',  ( 45.67482251921597225, 1.324433609244082266, -118.2342917701654983 ) ) ;
#210 = CARTESIAN_POINT ( 'NONE',  ( 51.24959010912829172, 1.973704486116450996, -127.1565011593154821 ) ) ;
#211 = CARTESIAN_POINT ( 'NONE',  ( 10.97196379846714542, 2.486708841525935298, -107.7413503561585486 ) ) ;
#212 = CARTESIAN_POINT ( 'NONE',  ( -11.24172388176798343, -0.5391166221361693989, -41.87920109292512194 ) ) ;
#213 = CARTESIAN_POINT ( 'NONE',  ( 43.12607041231531468, -0.6261179563600153264, -115.2398027784607564 ) ) ;
#214 = CARTESIAN_POINT ( 'NONE',  ( 34.79623544480504904, 2.314392901351479459, -113.1762621687256285 ) ) ;
#215 = CARTESIAN_POINT ( 'NONE',  ( 10.51681225578734669, 2.063342173543753599, -107.8149125031246598 ) ) ;
#216 = CARTESIAN_POINT ( 'NONE',  ( -2.360981800459984736, -0.3708265159344191764, -96.75480798966823670 ) ) ;
#217 = CARTESIAN_POINT ( 'NONE',  ( 44.83225068910230959, 0.4386752386393267811, -114.2597351670986399 ) ) ;
#218 = CARTESIAN_POINT ( 'NONE',  ( 7.342392536559437133, -0.4656622451156186560, -105.6100973569776045 ) ) ;
#219 = CARTESIAN_POINT ( 'NONE',  ( 8.401931935511342431, 0.4253381020026992254, -103.9493940299529697 ) ) ;
#220 = CARTESIAN_POINT ( 'NONE',  ( 46.15728939252934993, 0.4020456477308601007, -115.1164030505520657 ) ) ;
#221 = CARTESIAN_POINT ( 'NONE',  ( -10.60608029185435086, -1.113639975251242031, -39.81987414042039575 ) ) ;
#222 = CARTESIAN_POINT ( 'NONE',  ( 38.31071891324055656, 3.026475545548638735, -112.6073138182184721 ) ) ;
#223 = CARTESIAN_POINT ( 'NONE',  ( 50.00175999281258754, 2.718859356261511984, -126.3395027457606119 ) ) ;
#224 = CARTESIAN_POINT ( 'NONE',  ( 48.12655480649612372, 0.7795851654086429772, -122.2956516129215458 ) ) ;
#225 = CARTESIAN_POINT ( 'NONE',  ( -9.904773139620933975, -0.9989802294801484184, -54.77517473349401911 ) ) ;
#226 = CARTESIAN_POINT ( 'NONE',  ( 44.14977714616865256, 2.882547543404939461, -115.3844685957871548 ) ) ;
#227 = CARTESIAN_POINT ( 'NONE',  ( 34.51654643576195269, 3.098547369335605151, -111.6509756840208496 ) ) ;
#228 = CARTESIAN_POINT ( 'NONE',  ( -2.033755698642894405, -0.9922060020631539023, -5.810571797994398047 ) ) ;
#229 = CARTESIAN_POINT ( 'NONE',  ( -3.432149496497413299, -0.09895984615689849828, -94.85596703623782844 ) ) ;
#230 = CARTESIAN_POINT ( 'NONE',  ( -10.14998921342477978, -2.841647475669941247, -34.79536515200796032 ) ) ;
#231 = CARTESIAN_POINT ( 'NONE',  ( 17.67131175430102985, 1.415435690112662570, -107.0545487514777818 ) ) ;
#232 = CARTESIAN_POINT ( 'NONE',  ( -11.21096799565265911, -0.3834307226024845083, -59.69095230960039800 ) ) ;
#233 = CARTESIAN_POINT ( 'NONE',  ( 44.01063877015872094, 0.8734748917856760553, -117.0340282046585827 ) ) ;
#234 = CARTESIAN_POINT ( 'NONE',  ( 38.54054054298666188, -0.5193519089476966721, -112.8787845394995628 ) ) ;
#235 = CARTESIAN_POINT ( 'NONE',  ( 49.41753191261886968, -0.7910963040280817316, -127.2503474785516318 ) ) ;
#236 = CARTESIAN_POINT ( 'NONE',  ( -8.558820642969459769, -1.460191913081149817, -62.57450934563720324 ) ) ;
#237 = CARTESIAN_POINT ( 'NONE',  ( -10.30431564477938444, -1.991937997861535692, -38.93380526024155586 ) ) ;
#238 = CARTESIAN_POINT ( 'NONE',  ( 11.06698495222846645, 1.177675095625440482, -108.1839369292916757 ) ) ;
#239 = CARTESIAN_POINT ( 'NONE',  ( 7.709917890462200774, -0.6251942618434566112, -104.9688174614288698 ) ) ;
#240 = CARTESIAN_POINT ( 'NONE',  ( -3.194700851812289688, 0.8614522500175540998, -95.20780913031099146 ) ) ;
#241 = CARTESIAN_POINT ( 'NONE',  ( 0.9776721027382161422, 0.1036408827099468966, -101.6251827811791628 ) ) ;
#242 = CARTESIAN_POINT ( 'NONE',  ( 43.15941356014564434, 0.4882121983219783190, -113.3722423836449593 ) ) ;
#243 = CARTESIAN_POINT ( 'NONE',  ( 33.57793194561324412, -0.1554775554983855446, -112.7034153928314169 ) ) ;
#244 = CARTESIAN_POINT ( 'NONE',  ( 16.03887628149693612, 0.5654841815684097384, -106.8302916266328566 ) ) ;
#245 = CARTESIAN_POINT ( 'NONE',  ( 16.56300899491787604, 1.001002100240266479, -106.8773969749944968 ) ) ;
#246 = CARTESIAN_POINT ( 'NONE',  ( 48.39920090379156647, 1.238564689150656539, -116.7041549310268636 ) ) ;
#247 = CARTESIAN_POINT ( 'NONE',  ( 50.42194936106369596, 2.701169584032009574, -126.0822872018132159 ) ) ;
#248 = CARTESIAN_POINT ( 'NONE',  ( 36.67626376445036129, 2.753069108281215538, -111.4560226360890596 ) ) ;
#249 = CARTESIAN_POINT ( 'NONE',  ( 48.59052797739595775, 2.763646166336223953, -132.8952403428519347 ) ) ;
#250 = CARTESIAN_POINT ( 'NONE',  ( 48.30935715077014692, 0.7802727452198735536, -127.6648275808704227 ) ) ;
#251 = CARTESIAN_POINT ( 'NONE',  ( 16.60015771461672074, 1.930830082153070393, -106.8347240046658015 ) ) ;
#252 = CARTESIAN_POINT ( 'NONE',  ( 39.29222969877526594, 2.987020433119727425, -113.3293089784720422 ) ) ;
#253 = CARTESIAN_POINT ( 'NONE',  ( -3.520963158387635961, 1.709247150223578871, -91.68319374365947283 ) ) ;
#254 = CARTESIAN_POINT ( 'NONE',  ( -2.826079987132389171, -0.7768708768892961247, -88.35338297948979402 ) ) ;
#255 = CARTESIAN_POINT ( 'NONE',  ( 11.06698495222846645, 1.177675095625440482, -108.1839369292916757 ) ) ;
#256 = CARTESIAN_POINT ( 'NONE',  ( 49.25515021255797876, -0.7913190440036337314, -130.3350150999559673 ) ) ;
#257 = CARTESIAN_POINT ( 'NONE',  ( -10.34486680250159374, -1.577517945207695060, -44.95709225209633786 ) ) ;
#258 = CARTESIAN_POINT ( 'NONE',  ( 13.90190798956990470, 3.166810410403636311, -107.6263523442718935 ) ) ;
#259 = CARTESIAN_POINT ( 'NONE',  ( -9.944048803234952771, -3.537015177147026623, -63.83098983214431854 ) ) ;
#260 = CARTESIAN_POINT ( 'NONE',  ( 49.58959092850062689, -0.8018692394596699247, -128.8343463211959090 ) ) ;
#261 = CARTESIAN_POINT ( 'NONE',  ( 44.19742780030906459, -0.6504326324965735706, -115.8610814831492490 ) ) ;
#262 = CARTESIAN_POINT ( 'NONE',  ( 48.77273687275292247, 1.663851978834826717, -125.2964211377817776 ) ) ;
#263 = CARTESIAN_POINT ( 'NONE',  ( 48.94770871035800042, 2.412932573966436234, -122.3219575189246768 ) ) ;
#264 = CARTESIAN_POINT ( 'NONE',  ( 13.76983370265962314, -0.4493720088954471503, -107.4472195425257866 ) ) ;
#265 = CARTESIAN_POINT ( 'NONE',  ( 35.00406787781704310, 2.310645822110306113, -113.2257361321352391 ) ) ;
#266 = CARTESIAN_POINT ( 'NONE',  ( -5.645444553385558173, 0.03513836050681031636, -89.01575083618845952 ) ) ;
#267 = CARTESIAN_POINT ( 'NONE',  ( 51.19714453385490316, 0.2386044733008282903, -126.8037716582053633 ) ) ;
#268 = CARTESIAN_POINT ( 'NONE',  ( 2.687188041394476645, -0.7713631156011216961, -102.2496413445783077 ) ) ;
#269 = CARTESIAN_POINT ( 'NONE',  ( 10.27903560800162630, 0.4949524097680247370, -104.8414038197621636 ) ) ;
#270 = CARTESIAN_POINT ( 'NONE',  ( 50.63803334792510213, 0.2639297967662962430, -121.0703317872864346 ) ) ;
#271 = CARTESIAN_POINT ( 'NONE',  ( 17.72899851990664999, 1.901090952817009017, -107.1049674368280762 ) ) ;
#272 = CARTESIAN_POINT ( 'NONE',  ( 50.40062326941382054, 2.703143102050734381, -124.2947555012655272 ) ) ;
#273 = CARTESIAN_POINT ( 'NONE',  ( -10.25413406821263607, -3.744841948674498600, -59.93108907540884900 ) ) ;
#274 = CARTESIAN_POINT ( 'NONE',  ( 43.81499797383290939, 2.890505144266676929, -115.1969003886403584 ) ) ;
#275 = CARTESIAN_POINT ( 'NONE',  ( -12.25256477008893086, -3.780154410245003760, -44.04096725725271710 ) ) ;
#276 = CARTESIAN_POINT ( 'NONE',  ( -9.021161737284270288, -0.6551283042011285529, -62.65575544665229302 ) ) ;
#277 = CARTESIAN_POINT ( 'NONE',  ( 35.83820834953395007, 3.050327028687313646, -112.3846472047138434 ) ) ;
#278 = CARTESIAN_POINT ( 'NONE',  ( 41.57158906338653281, 2.950260949764667018, -113.6929613080551178 ) ) ;
#279 = CARTESIAN_POINT ( 'NONE',  ( 44.03868440366849768, 0.04356303872922780845, -114.0334205686574478 ) ) ;
#280 = CARTESIAN_POINT ( 'NONE',  ( 48.31824557288105382, 1.259633586767209046, -122.7598335704399801 ) ) ;
#281 = CARTESIAN_POINT ( 'NONE',  ( -10.34018063145511945, -2.941732827299823771, -42.55256959594550636 ) ) ;
#282 = CARTESIAN_POINT ( 'NONE',  ( -10.16551873038933884, -1.472552229981360039, -34.60596370057032090 ) ) ;
#283 = CARTESIAN_POINT ( 'NONE',  ( 25.16166882252761283, 3.197276485778712374, -109.7802055903691922 ) ) ;
#284 = CARTESIAN_POINT ( 'NONE',  ( 46.91533255879833320, 0.8310990371529564102, -132.9602915596325374 ) ) ;
#285 = CARTESIAN_POINT ( 'NONE',  ( 3.045656543511626957, -0.3256265901314177036, -100.1385624753362009 ) ) ;
#286 = CARTESIAN_POINT ( 'NONE',  ( 30.63494181619974910, -0.4184663008139767326, -111.4126028225794158 ) ) ;
#287 = CARTESIAN_POINT ( 'NONE',  ( 47.32479846847155613, 1.716701225164319000, -132.6258778881272349 ) ) ;
#288 = CARTESIAN_POINT ( 'NONE',  ( 48.79240049966592352, 2.420580864330676540, -129.4653045652459298 ) ) ;
#289 = CARTESIAN_POINT ( 'NONE',  ( 49.53622910694960524, -0.7947446755555485076, -125.1195054787229992 ) ) ;
#290 = CARTESIAN_POINT ( 'NONE',  ( -12.58740794545703956, -1.844712187852369345, -54.27270758888435154 ) ) ;
#291 = CARTESIAN_POINT ( 'NONE',  ( 12.41420972953896040, -0.3038050778047509670, -107.7727515291937692 ) ) ;
#292 = CARTESIAN_POINT ( 'NONE',  ( 42.91096013183334890, 0.07737960753751303711, -113.4637512321986463 ) ) ;
#293 = CARTESIAN_POINT ( 'NONE',  ( 5.098960008278724310, 0.7021771862440586709, -101.7400246088781870 ) ) ;
#294 = CARTESIAN_POINT ( 'NONE',  ( 11.24764895423122724, 0.9739790773330987417, -105.1603985756716355 ) ) ;
#295 = CARTESIAN_POINT ( 'NONE',  ( 51.48142092847146500, 1.129864214298127667, -126.6487050412458473 ) ) ;
#296 = CARTESIAN_POINT ( 'NONE',  ( -3.905216721925401924, 1.537691244557131576, -91.76977746695942528 ) ) ;
#297 = CARTESIAN_POINT ( 'NONE',  ( 10.38997088387504952, 2.639683106130937151, -105.2538389641180601 ) ) ;
#298 = CARTESIAN_POINT ( 'NONE',  ( -11.37103833439284450, -3.687473761032254327, -30.71133324972327117 ) ) ;
#299 = CARTESIAN_POINT ( 'NONE',  ( -12.99333822899101776, -1.252820260198447500, -35.41069972961295775 ) ) ;
#300 = CARTESIAN_POINT ( 'NONE',  ( 47.71570088333731974, 0.8021741169481182432, -130.4378037783096431 ) ) ;
#301 = CARTESIAN_POINT ( 'NONE',  ( -1.681675380913450812, 0.7720476253139403333, -91.84619239393889245 ) ) ;
#302 = CARTESIAN_POINT ( 'NONE',  ( -4.051971869667290171, 1.567581054411888219, -90.42951515337952628 ) ) ;
#303 = CARTESIAN_POINT ( 'NONE',  ( 38.33077343872151488, 0.2188073624071752432, -111.7274173118887433 ) ) ;
#304 = CARTESIAN_POINT ( 'NONE',  ( 42.71721291556099942, 1.374214156755520833, -116.2149206010064688 ) ) ;
#305 = CARTESIAN_POINT ( 'NONE',  ( 35.07804766581624278, -0.06579494081141905315, -111.1794564005264618 ) ) ;
#306 = CARTESIAN_POINT ( 'NONE',  ( 34.34855866989722273, 1.165293504293776428, -110.3668687125932877 ) ) ;
#307 = CARTESIAN_POINT ( 'NONE',  ( -1.607058106237873707, 1.886336643430703841, -94.05503858809072426 ) ) ;
#308 = CARTESIAN_POINT ( 'NONE',  ( -12.05440029982853467, -3.791245804550242848, -48.49570662304146396 ) ) ;
#309 = CARTESIAN_POINT ( 'NONE',  ( -10.34879982613465188, -2.935746083557328134, -41.68248366888887091 ) ) ;
#310 = CARTESIAN_POINT ( 'NONE',  ( -3.740221695977837157, -1.878801127164944518, -87.19290864147882303 ) ) ;
#311 = CARTESIAN_POINT ( 'NONE',  ( 10.26147914359986224, 0.9444828925451714818, -104.7537342009346446 ) ) ;
#312 = LOCAL_TIME ( 23, 45, 13.00000000000000000, #3159 ) ;
#313 = CARTESIAN_POINT ( 'NONE',  ( 41.77796956286801588, 2.574248092645430308, -115.0093200100474888 ) ) ;
#314 = CARTESIAN_POINT ( 'NONE',  ( -10.78205979769823664, -3.628309807526383768, -42.10182767723870256 ) ) ;
#315 = CARTESIAN_POINT ( 'NONE',  ( 37.43037807198486178, 2.273853210033880856, -113.8518615667929197 ) ) ;
#316 = ORIENTED_EDGE ( 'NONE', *, *, #328, .F. ) ;
#317 = CARTESIAN_POINT ( 'NONE',  ( 27.16718230233547260, -0.05337851277683431511, -111.4905746775513506 ) ) ;
#318 = CARTESIAN_POINT ( 'NONE',  ( 3.723051748648698478, 0.1456425468904737064, -100.5632409888331296 ) ) ;
#319 = CARTESIAN_POINT ( 'NONE',  ( 16.02237681074210940, 1.011617516694614416, -106.7285285609734444 ) ) ;
#320 = CARTESIAN_POINT ( 'NONE',  ( 40.03447026128765884, 0.5907132250881602653, -112.0947883610983951 ) ) ;
#321 = CARTESIAN_POINT ( 'NONE',  ( 16.05587398052205828, 1.942708874889254700, -106.6971253782104441 ) ) ;
#322 = CARTESIAN_POINT ( 'NONE',  ( 7.771979142981526145, 2.891039249194121918, -105.6581034262638923 ) ) ;
#323 = CARTESIAN_POINT ( 'NONE',  ( 51.18983947799770817, 1.981149102433359399, -123.1196040063804418 ) ) ;
#324 = CARTESIAN_POINT ( 'NONE',  ( 9.309115818775902440, -0.3872865390735489299, -106.5712152771810821 ) ) ;
#325 = CARTESIAN_POINT ( 'NONE',  ( -13.17707256689275219, -1.352163965947122071, -40.70816735806282338 ) ) ;
#326 = CARTESIAN_POINT ( 'NONE',  ( -8.694985743905089493, -2.823510937844551094, -15.72699292220545253 ) ) ;
#327 = CARTESIAN_POINT ( 'NONE',  ( -10.27275307647716573, -1.572435728425062518, -46.71035605949650460 ) ) ;
#328 = EDGE_CURVE ( 'NONE', #1149, #3246, #4658, .T. ) ;
#329 = CARTESIAN_POINT ( 'NONE',  ( 12.27036627585206041, 3.133681141795078062, -107.1085567070875015 ) ) ;
#330 = CARTESIAN_POINT ( 'NONE',  ( 51.06178382813833139, -0.1703469825978572438, -125.3985875535458518 ) ) ;
#331 = CARTESIAN_POINT ( 'NONE',  ( 22.55868396224981254, 1.549371200497317913, -111.1284958627935282 ) ) ;
#332 = CARTESIAN_POINT ( 'NONE',  ( 40.81354182884365400, -0.2067873786973434824, -112.9086626584701634 ) ) ;
#333 = CARTESIAN_POINT ( 'NONE',  ( 17.68448254772626171, 0.9741884900215584953, -107.1728606112328492 ) ) ;
#334 = CARTESIAN_POINT ( 'NONE',  ( 36.17205251201325922, 1.127311582170940962, -110.7956353467050263 ) ) ;
#335 = CARTESIAN_POINT ( 'NONE',  ( 5.960865798268239146, -0.2602762191357939070, -105.2286865455931490 ) ) ;
#336 = CARTESIAN_POINT ( 'NONE',  ( -3.780125060588014119, -1.285532263626557592, -85.27860331701691621 ) ) ;
#337 = CARTESIAN_POINT ( 'NONE',  ( -7.878742943713828772, -2.865111551649426769, -66.61854658250702244 ) ) ;
#338 = CARTESIAN_POINT ( 'NONE',  ( -7.322152325939927486, -0.9276231059302441073, -70.04735645720519699 ) ) ;
#339 = CARTESIAN_POINT ( 'NONE',  ( 44.29107086081195632, 2.531717530714609143, -116.3204009842433351 ) ) ;
#340 = CARTESIAN_POINT ( 'NONE',  ( 48.32626779300090192, -0.7584002279474446606, -120.0476199746870520 ) ) ;
#341 = CARTESIAN_POINT ( 'NONE',  ( 46.18275091248903408, 2.144786503449453541, -118.1883829226444220 ) ) ;
#342 = CARTESIAN_POINT ( 'NONE',  ( 7.425530567975559215, 0.5717034616077708575, -106.5233729513955439 ) ) ;
#343 = CARTESIAN_POINT ( 'NONE',  ( 48.88342415909792749, -0.4217603361138835827, -125.6435811400819205 ) ) ;
#344 = CARTESIAN_POINT ( 'NONE',  ( -9.815553836781825581, -1.852666261515737212, -31.25120127315757301 ) ) ;
#345 = CARTESIAN_POINT ( 'NONE',  ( 37.48932493267327715, 0.6677393272685318015, -111.3085231452132717 ) ) ;
#346 = CARTESIAN_POINT ( 'NONE',  ( -12.05407763726033998, -2.278686172806942523, -57.93814084767212336 ) ) ;
#347 = CARTESIAN_POINT ( 'NONE',  ( 0.9134766528357440851, 1.561397081317172475, 0.000000000000000000 ) ) ;
#348 = CARTESIAN_POINT ( 'NONE',  ( 3.343944074678048217, 2.629940982160548391, -102.7705844687521761 ) ) ;
#349 = CARTESIAN_POINT ( 'NONE',  ( -10.93989248495481448, -0.1625435023262582768, -30.06603057208446117 ) ) ;
#350 = CARTESIAN_POINT ( 'NONE',  ( 12.41420972953896040, -0.3038050778047509670, -107.7727515291937692 ) ) ;
#351 = CARTESIAN_POINT ( 'NONE',  ( 0.2682308242808174592, 1.814494192115171600, -100.4491010604984780 ) ) ;
#352 = CARTESIAN_POINT ( 'NONE',  ( -9.345394894456577006, -2.194495068462130938, -15.87813026169402519 ) ) ;
#353 = CARTESIAN_POINT ( 'NONE',  ( 33.07504773290015976, 0.1817661073879521805, -112.8775362569913199 ) ) ;
#354 = CARTESIAN_POINT ( 'NONE',  ( -11.63546855422476156, -0.3745077320409992416, -40.38120390858985331 ) ) ;
#355 = CARTESIAN_POINT ( 'NONE',  ( -8.233957987965542458, -0.8073473941543208854, -65.94723827068088440 ) ) ;
#356 = CARTESIAN_POINT ( 'NONE',  ( 48.22371842358216298, 2.772526693651927499, -118.2580961135226687 ) ) ;
#357 = CARTESIAN_POINT ( 'NONE',  ( 33.62249204841671713, 0.3208171375705219930, -110.5380836273790806 ) ) ;
#358 = CARTESIAN_POINT ( 'NONE',  ( 45.17329197125100393, 1.335847369709620480, -117.8081290990753160 ) ) ;
#359 = CARTESIAN_POINT ( 'NONE',  ( 34.09442143475838805, 0.7416526058584080872, -110.4759911546324957 ) ) ;
#360 = CARTESIAN_POINT ( 'NONE',  ( 14.34731347492367348, 0.7691364258907520401, -109.1708189169130634 ) ) ;
#361 = CARTESIAN_POINT ( 'NONE',  ( 51.31492670848218296, 0.6552477425439320324, -123.0633367268242182 ) ) ;
#362 = CARTESIAN_POINT ( 'NONE',  ( 33.63509414415869969, 1.176568951114397965, -110.2105061611375589 ) ) ;
#363 = CARTESIAN_POINT ( 'NONE',  ( 3.393128699556732464, -0.4335052561757504752, -103.3714651956111794 ) ) ;
#364 = CARTESIAN_POINT ( 'NONE',  ( 21.20754516423745173, 0.07011960129141990572, -108.4566854655803496 ) ) ;
#365 = CARTESIAN_POINT ( 'NONE',  ( 1.080260366348692047, -1.048775677204531132, -98.61077114620026407 ) ) ;
#366 = CARTESIAN_POINT ( 'NONE',  ( 26.21089666414123798, 0.7873045398860771815, -108.9689777014247056 ) ) ;
#367 = CARTESIAN_POINT ( 'NONE',  ( 17.68448254772626171, 0.9741884900215584953, -107.1728606112328492 ) ) ;
#368 = CARTESIAN_POINT ( 'NONE',  ( 30.52866862477186416, 2.757465712889829668, -111.9387390548170345 ) ) ;
#369 = CARTESIAN_POINT ( 'NONE',  ( -13.04077939369808625, -1.858725739197043980, -48.85914519476978057 ) ) ;
#370 = CARTESIAN_POINT ( 'NONE',  ( 49.48720269301097119, -0.7931199928464944815, -124.1164231465264720 ) ) ;
#371 = CARTESIAN_POINT ( 'NONE',  ( 17.80795290712353207, 2.248894096707445556, -109.9321469237698068 ) ) ;
#372 = CARTESIAN_POINT ( 'NONE',  ( 48.75306847533784804, -0.4166972312451600602, -127.3262487455190950 ) ) ;
#373 = ORIENTED_EDGE ( 'NONE', *, *, #4454, .F. ) ;
#374 = CARTESIAN_POINT ( 'NONE',  ( 51.03023150686499321, -0.1679163078054189406, -124.2744450281779649 ) ) ;
#375 = CARTESIAN_POINT ( 'NONE',  ( 24.22938351348282637, 0.7973970208376593982, -108.6175495872489165 ) ) ;
#376 = CARTESIAN_POINT ( 'NONE',  ( -13.20477256679711076, -2.279856282079526952, -41.74536930675523649 ) ) ;
#377 = CARTESIAN_POINT ( 'NONE',  ( -11.24172388176798343, -0.5391166221361693989, -41.87920109292512194 ) ) ;
#378 = CARTESIAN_POINT ( 'NONE',  ( -11.03535699096638822, -0.6202081330774424917, -63.65218869839027604 ) ) ;
#379 = CARTESIAN_POINT ( 'NONE',  ( 50.82955266712907161, 1.984230765933934437, -129.7582592189189370 ) ) ;
#380 = CARTESIAN_POINT ( 'NONE',  ( 38.97047230364653814, -0.2305184986755940690, -114.1621073202058483 ) ) ;
#381 = CARTESIAN_POINT ( 'NONE',  ( 15.99578427771462508, 2.601399942650704400, -109.2703465515261883 ) ) ;
#382 = CARTESIAN_POINT ( 'NONE',  ( 10.92093674754958776, -0.06799463518281055607, -107.5961625472845924 ) ) ;
#383 = CARTESIAN_POINT ( 'NONE',  ( -9.437481163048587973, 0.1659000205809091633, -21.69989462809061109 ) ) ;
#384 = CARTESIAN_POINT ( 'NONE',  ( -10.27081163426185739, -1.502696026103468308, -36.31039115940081530 ) ) ;
#385 = CARTESIAN_POINT ( 'NONE',  ( 50.20301955784292858, 2.706829552390665583, -128.1932117141078038 ) ) ;
#386 = CARTESIAN_POINT ( 'NONE',  ( 50.45558499624216608, -0.1557377243610645057, -130.0666782469458269 ) ) ;
#387 = CARTESIAN_POINT ( 'NONE',  ( -12.77829095960756511, -3.202523896706210405, -47.05098527533557728 ) ) ;
#388 = CARTESIAN_POINT ( 'NONE',  ( 16.56300899491787604, 1.001002100240266479, -106.8773969749944968 ) ) ;
#389 = CARTESIAN_POINT ( 'NONE',  ( 51.02502520808209852, 0.6665208873352529428, -121.6573781630046511 ) ) ;
#390 = CARTESIAN_POINT ( 'NONE',  ( 21.62268674539387092, 2.919044653044431836, -108.4868105224456514 ) ) ;
#391 = CARTESIAN_POINT ( 'NONE',  ( 35.72112521124613238, 1.137992148766114209, -110.6848713638513999 ) ) ;
#392 = CARTESIAN_POINT ( 'NONE',  ( 42.41294740489885839, 0.06438853466443281159, -115.8876758263639744 ) ) ;
#393 = CARTESIAN_POINT ( 'NONE',  ( 7.152381358933132205, 2.784636841529881668, -104.0331458543187040 ) ) ;
#394 = CARTESIAN_POINT ( 'NONE',  ( -1.472999273963902400, -0.9941356204410121133, -92.65829203374516965 ) ) ;
#395 = CARTESIAN_POINT ( 'NONE',  ( -0.0005934610488458154018, -1.206484526961830950, -96.95367565785919339 ) ) ;
#396 = CARTESIAN_POINT ( 'NONE',  ( 32.94655673923134742, 0.7570282130561730716, -110.2302426402845867 ) ) ;
#397 = CARTESIAN_POINT ( 'NONE',  ( -9.479002479616172039, -3.249321231930086373, -25.02182556228940058 ) ) ;
#398 = CARTESIAN_POINT ( 'NONE',  ( 45.34793227105711821, 2.165141262158806423, -117.4595226399888332 ) ) ;
#399 = CARTESIAN_POINT ( 'NONE',  ( 48.47210029653469121, -0.4067281282977878720, -129.0016086475425823 ) ) ;
#400 = CARTESIAN_POINT ( 'NONE',  ( -10.10668844828574109, -1.925080289297482317, -34.63668014283436491 ) ) ;
#401 = CARTESIAN_POINT ( 'NONE',  ( -11.41054142023183893, -2.261827919406187437, -62.27874399507516046 ) ) ;
#402 = CARTESIAN_POINT ( 'NONE',  ( -2.742665849142401413, 1.369968816353436925, -90.59723214079545528 ) ) ;
#403 = CARTESIAN_POINT ( 'NONE',  ( -10.94418319148544683, -0.6168167271795318429, -64.34009983304170532 ) ) ;
#404 = CARTESIAN_POINT ( 'NONE',  ( -11.63271415957619226, -0.3936916035445645057, -43.00408641077042660 ) ) ;
#405 = CARTESIAN_POINT ( 'NONE',  ( 36.46971043102532661, -0.1992421200926930980, -113.4040960190980769 ) ) ;
#406 = CARTESIAN_POINT ( 'NONE',  ( -13.06227309375691270, -1.392734082632747006, -46.91703181533875266 ) ) ;
#407 = CARTESIAN_POINT ( 'NONE',  ( 38.32175265576609036, 0.1056246612154123771, -114.2261225874357820 ) ) ;
#408 = CARTESIAN_POINT ( 'NONE',  ( -10.93989248495481448, -0.1625435023262582768, -30.06603057208446117 ) ) ;
#409 = CARTESIAN_POINT ( 'NONE',  ( -11.48706506899443802, -0.6357854868972121487, -60.01235884548420785 ) ) ;
#410 = CARTESIAN_POINT ( 'NONE',  ( 48.44392322953734720, 1.260650825260559271, -127.2298517698734486 ) ) ;
#411 = CARTESIAN_POINT ( 'NONE',  ( 40.84810421474431053, 0.5637856236788618691, -112.3850921006034440 ) ) ;
#412 = CARTESIAN_POINT ( 'NONE',  ( 48.30253079260494786, 0.7558717869834147285, -116.6794587567191002 ) ) ;
#413 = CARTESIAN_POINT ( 'NONE',  ( 10.48525073350295322, 2.913556006581505819, -105.6525909181277001 ) ) ;
#414 = CARTESIAN_POINT ( 'NONE',  ( -8.878711977385613352, -2.876727080973223050, -72.45305907862011452 ) ) ;
#415 = CARTESIAN_POINT ( 'NONE',  ( 32.95139829189376002, 1.184894300262726796, -110.0659456099365912 ) ) ;
#416 = CARTESIAN_POINT ( 'NONE',  ( 47.13511485386395350, -0.03118782062143615752, -119.7258374597042803 ) ) ;
#417 = CARTESIAN_POINT ( 'NONE',  ( 43.43355832534688687, 2.561408142354808515, -113.7782472296043039 ) ) ;
#418 = CARTESIAN_POINT ( 'NONE',  ( 44.89755804135509720, -0.3233956754793749222, -114.9190286966740757 ) ) ;
#419 = CARTESIAN_POINT ( 'NONE',  ( -1.122629712340968755, -1.845416189425718168, -2.916210786385787568 ) ) ;
#420 = CARTESIAN_POINT ( 'NONE',  ( 1.339612456152052378, 0.3362346584497446500, -97.53924595789010255 ) ) ;
#421 = CARTESIAN_POINT ( 'NONE',  ( 33.94421278355800808, 2.804879547184448096, -110.8139866118089714 ) ) ;
#422 = CARTESIAN_POINT ( 'NONE',  ( 9.460951570643507225, 2.031655455558726064, -107.3891818141645729 ) ) ;
#423 = CARTESIAN_POINT ( 'NONE',  ( 3.631351111846784274, -0.7786185559817541124, -101.5908373206728754 ) ) ;
#424 = CARTESIAN_POINT ( 'NONE',  ( 48.43325963473315454, 2.092748372091763454, -129.5456033276300900 ) ) ;
#425 = CARTESIAN_POINT ( 'NONE',  ( 48.44430727246378154, -0.4107220901756676312, -122.0298497625295653 ) ) ;
#426 = CARTESIAN_POINT ( 'NONE',  ( -9.829927579339221566, -1.951013618716500142, -52.04520071836636674 ) ) ;
#427 = CARTESIAN_POINT ( 'NONE',  ( 50.83195965649296255, 0.2570016805906142343, -121.7277189253087784 ) ) ;
#428 = CARTESIAN_POINT ( 'NONE',  ( 50.85937351265988582, 0.2466941481264264269, -129.1692003045648676 ) ) ;
#429 = CARTESIAN_POINT ( 'NONE',  ( 50.55490700435949947, 1.153822674584289887, -131.6003231454660636 ) ) ;
#430 = CARTESIAN_POINT ( 'NONE',  ( 50.88031176541335299, 1.982817207335071830, -129.5201673192812848 ) ) ;
#431 = CARTESIAN_POINT ( 'NONE',  ( -1.087256315488953184, -1.242658390749123765, -97.34940027822275965 ) ) ;
#432 = CARTESIAN_POINT ( 'NONE',  ( 19.49249303243028919, 2.698597641550886106, -109.9950413653037629 ) ) ;
#433 = CARTESIAN_POINT ( 'NONE',  ( -4.094966834839142145, -1.615364289394431552, -91.28103794090627332 ) ) ;
#434 = CARTESIAN_POINT ( 'NONE',  ( 33.01191359936372294, -0.03474861401069593431, -110.7197076988321669 ) ) ;
#435 = CARTESIAN_POINT ( 'NONE',  ( -9.646913821766824881, -0.02037011971260274321, -66.80951104368106996 ) ) ;
#436 = CARTESIAN_POINT ( 'NONE',  ( -12.71800717636802958, -0.6896362503973517688, -43.81674549430803722 ) ) ;
#437 = CARTESIAN_POINT ( 'NONE',  ( -12.80910932575528705, -3.078381079607749982, -36.40874969308924847 ) ) ;
#438 = CARTESIAN_POINT ( 'NONE',  ( 18.25096107087171049, 0.9577884474870482778, -107.3154241175228236 ) ) ;
#439 = CARTESIAN_POINT ( 'NONE',  ( -9.349211685716232623, -0.7988471387117523914, -59.95429984718930427 ) ) ;
#440 = CARTESIAN_POINT ( 'NONE',  ( -10.48117335927188165, -3.061673518154849560, -64.92524472476797825 ) ) ;
#441 = CARTESIAN_POINT ( 'NONE',  ( 17.67131175430102985, 1.415435690112662570, -107.0545487514777818 ) ) ;
#442 = CARTESIAN_POINT ( 'NONE',  ( 48.57043020621780727, -0.06766156754422331110, -123.8059474469276466 ) ) ;
#443 = CARTESIAN_POINT ( 'NONE',  ( 29.67542344242889740, 2.845108978332247407, -109.9240135275476291 ) ) ;
#444 = CARTESIAN_POINT ( 'NONE',  ( 31.60261296435679057, -0.02100764228953151333, -110.4384646135807770 ) ) ;
#445 = CARTESIAN_POINT ( 'NONE',  ( 40.92054607172249803, -0.5712091899278232132, -113.7424344766918978 ) ) ;
#446 = MANIFOLD_SOLID_BREP ( 'É¨Ãè1', #163 ) ;
#447 = CARTESIAN_POINT ( 'NONE',  ( 50.71325814210281635, 0.2507299887115630455, -129.8649900582143459 ) ) ;
#448 = CARTESIAN_POINT ( 'NONE',  ( 49.99627613465958120, 2.356540428548934862, -131.9983579616979910 ) ) ;
#449 = CARTESIAN_POINT ( 'NONE',  ( -3.934718479036729999, 0.6703958928257335304, -93.57907514833463836 ) ) ;
#450 = CARTESIAN_POINT ( 'NONE',  ( -9.461553005162768315, -3.390877294543757969, -58.07448613456882924 ) ) ;
#451 = CARTESIAN_POINT ( 'NONE',  ( -12.64801424836452703, -2.494979328704535870, -31.23136223407017553 ) ) ;
#452 = CARTESIAN_POINT ( 'NONE',  ( 48.24419307349542407, -0.3987563434221212399, -129.9957355177550085 ) ) ;
#453 = CARTESIAN_POINT ( 'NONE',  ( -2.039463500117077555, -0.5337211334530755913, -5.803694117170546285 ) ) ;
#454 = CARTESIAN_POINT ( 'NONE',  ( 49.96518826587600870, 0.2866746527792823351, -119.4315913613791480 ) ) ;
#455 = CARTESIAN_POINT ( 'NONE',  ( 50.81137416311873523, 0.2480154803054886725, -129.4075969459365751 ) ) ;
#456 = CARTESIAN_POINT ( 'NONE',  ( -10.72382582500103254, -0.3676123229840154161, -31.55495606891297555 ) ) ;
#457 = CARTESIAN_POINT ( 'NONE',  ( 46.35821260322219217, 1.298870931785374383, -114.9568155278805222 ) ) ;
#458 = CARTESIAN_POINT ( 'NONE',  ( -11.12579527475507213, -3.851155849637115658, -42.37750771005428874 ) ) ;
#459 = CARTESIAN_POINT ( 'NONE',  ( -6.039490055648466083, 0.2668068119208164557, -87.47710867971828463 ) ) ;
#460 = CARTESIAN_POINT ( 'NONE',  ( 25.37577542378490847, 0.2969444649532111402, -111.4473664437512639 ) ) ;
#461 = CARTESIAN_POINT ( 'NONE',  ( -1.066485622259661037, 0.3348509107959272701, -99.15013865947332761 ) ) ;
#462 = CARTESIAN_POINT ( 'NONE',  ( 14.46882084298120397, 0.1648146888862216386, -106.6019176871365062 ) ) ;
#463 = CARTESIAN_POINT ( 'NONE',  ( 51.08397290771552690, 1.977452540468717768, -128.4176312764128056 ) ) ;
#464 = CARTESIAN_POINT ( 'NONE',  ( 50.28869539557340573, 2.704433036810354185, -127.5850340484401499 ) ) ;
#465 = CARTESIAN_POINT ( 'NONE',  ( 47.40066775744939775, 1.298808134804400272, -131.7478797723978801 ) ) ;
#466 = CARTESIAN_POINT ( 'NONE',  ( -5.583335574759736630, -0.5281765845725280295, -78.25382202572306767 ) ) ;
#467 = CARTESIAN_POINT ( 'NONE',  ( -1.998239502961913105, 0.7183001936568448320, -91.07375522803060619 ) ) ;
#468 = CARTESIAN_POINT ( 'NONE',  ( -3.800110418849068861, -0.7017648811105082762, -93.65226205868135878 ) ) ;
#469 = CARTESIAN_POINT ( 'NONE',  ( 30.09797468597223968, 1.202520258578941625, -109.5017057505271225 ) ) ;
#470 = CARTESIAN_POINT ( 'NONE',  ( 12.52814523926252654, -0.03030410902565859599, -108.1671744141161469 ) ) ;
#471 = CARTESIAN_POINT ( 'NONE',  ( 16.96926891620956823, 2.995885060910695952, -107.6362099619051520 ) ) ;
#472 = CARTESIAN_POINT ( 'NONE',  ( 50.59042314304208787, -0.4930691412656177386, -123.3348447580106324 ) ) ;
#473 = CARTESIAN_POINT ( 'NONE',  ( 18.04328897040502255, -0.3205890036741718685, -108.3212247168178237 ) ) ;
#474 = CARTESIAN_POINT ( 'NONE',  ( 51.21472604037786880, 0.2383027072641716593, -126.5853930762516626 ) ) ;
#475 = CARTESIAN_POINT ( 'NONE',  ( -12.38134083920590278, -0.4380685936715783546, -40.03738358600924130 ) ) ;
#476 = CARTESIAN_POINT ( 'NONE',  ( 25.72087969405530217, 2.460338056150956465, -111.3605114681813717 ) ) ;
#477 = CARTESIAN_POINT ( 'NONE',  ( 11.52311292409414101, -0.3967750717796708071, -106.2504282282886550 ) ) ;
#478 = CARTESIAN_POINT ( 'NONE',  ( -13.11755683173422860, -2.749111294535754091, -43.55713755929010489 ) ) ;
#479 = CARTESIAN_POINT ( 'NONE',  ( 13.76983370265962314, -0.4493720088954471503, -107.4472195425257866 ) ) ;
#480 = CARTESIAN_POINT ( 'NONE',  ( 5.098960008278724310, 0.7021771862440586709, -101.7400246088781870 ) ) ;
#481 = CARTESIAN_POINT ( 'NONE',  ( 46.15728939252934993, 0.4020456477308601007, -115.1164030505520657 ) ) ;
#482 = CARTESIAN_POINT ( 'NONE',  ( 34.99776682994931321, 1.882769915338336153, -113.3895248652560070 ) ) ;
#483 = CARTESIAN_POINT ( 'NONE',  ( 35.37594730274505395, 2.453110637663873383, -110.8541601395285028 ) ) ;
#484 = CARTESIAN_POINT ( 'NONE',  ( 50.97147625339677290, 1.142042398573334339, -129.9593321577999916 ) ) ;
#485 = CARTESIAN_POINT ( 'NONE',  ( -10.66180165239443767, -3.832796551414832109, -51.22558385245746138 ) ) ;
#486 = CARTESIAN_POINT ( 'NONE',  ( 35.38811881621025179, 2.667095231009546819, -113.0092343488753670 ) ) ;
#487 = CARTESIAN_POINT ( 'NONE',  ( 47.95483321786742437, -0.04259402412484469824, -130.1755187430022147 ) ) ;
#488 = CARTESIAN_POINT ( 'NONE',  ( 43.06235053784904920, -0.2726755626043050884, -113.9027447440172551 ) ) ;
#489 = CARTESIAN_POINT ( 'NONE',  ( -8.030208837100341057, -1.219184126744400576, -65.96535740673270709 ) ) ;
#490 = CARTESIAN_POINT ( 'NONE',  ( -2.039197119682932158, 1.966044690002970663, -95.73933848993169704 ) ) ;
#491 = CARTESIAN_POINT ( 'NONE',  ( -10.48117335927188165, -3.061673518154849560, -64.92524472476797825 ) ) ;
#492 = CARTESIAN_POINT ( 'NONE',  ( 50.15899882091930806, 0.2668709094993885755, -131.9794516921728587 ) ) ;
#493 = CARTESIAN_POINT ( 'NONE',  ( -10.31919244974496941, -1.019935571502067484, -33.82284234860550498 ) ) ;
#494 = CARTESIAN_POINT ( 'NONE',  ( 50.50872636180253750, 0.6702987699261108157, -131.5168507483555516 ) ) ;
#495 = CARTESIAN_POINT ( 'NONE',  ( 31.20888815246868830, 0.2183319181051856517, -112.5022643002570959 ) ) ;
#496 = CARTESIAN_POINT ( 'NONE',  ( 49.35941337499374271, 2.740561175890483536, -121.2068758861840365 ) ) ;
#497 = CARTESIAN_POINT ( 'NONE',  ( 51.09038458302166674, 2.328210777999443870, -124.8318126896665774 ) ) ;
#498 = CARTESIAN_POINT ( 'NONE',  ( 24.31534134746259568, 0.01962347024985563321, -109.1300261682729484 ) ) ;
#499 = CARTESIAN_POINT ( 'NONE',  ( 49.95013862149847483, -0.8122904772589303324, -125.5532280584187532 ) ) ;
#500 = CARTESIAN_POINT ( 'NONE',  ( 51.15690790178562963, 0.2393677593811074089, -127.2234955904713587 ) ) ;
#501 = CARTESIAN_POINT ( 'NONE',  ( 50.86226722072592565, 2.338079639604694115, -122.7000148192663715 ) ) ;
#502 = CARTESIAN_POINT ( 'NONE',  ( -1.066596808494059800, 1.235970170006304603, -98.97888952756866843 ) ) ;
#503 = CARTESIAN_POINT ( 'NONE',  ( 34.39204724055521467, -0.4452606453120722119, -111.7565775859616366 ) ) ;
#504 = CARTESIAN_POINT ( 'NONE',  ( -11.53692835060972399, -2.706208439998107007, -60.71763215965026461 ) ) ;
#505 = CARTESIAN_POINT ( 'NONE',  ( -8.799458776452754094, -3.378673983270406023, -63.56756874398126911 ) ) ;
#506 = CARTESIAN_POINT ( 'NONE',  ( -1.376482263122748684, -0.1210467056712816458, -92.33668858246450384 ) ) ;
#507 = CARTESIAN_POINT ( 'NONE',  ( 37.41627634474076558, 1.847367870071154661, -114.0177173859838717 ) ) ;
#508 = CARTESIAN_POINT ( 'NONE',  ( 37.83923628488859947, 2.394907547289665040, -111.4700221786278433 ) ) ;
#509 = CARTESIAN_POINT ( 'NONE',  ( -7.056619509816148827, 0.3499262515125552420, -15.11849329933220432 ) ) ;
#510 = CARTESIAN_POINT ( 'NONE',  ( -11.13359931085596877, -3.834053209910448512, -40.62718924735695225 ) ) ;
#511 = CARTESIAN_POINT ( 'NONE',  ( 48.56317682836538552, 2.083302034667590341, -122.1311679754574726 ) ) ;
#512 = CARTESIAN_POINT ( 'NONE',  ( 48.65113310215268427, 2.425392359866485492, -130.0620935050899050 ) ) ;
#513 = CARTESIAN_POINT ( 'NONE',  ( 44.73654712760860264, 0.02626465902202176558, -117.3184978675993193 ) ) ;
#514 = CARTESIAN_POINT ( 'NONE',  ( -10.77607984826651411, -2.681909283282458478, -65.03147022838300018 ) ) ;
#515 = CARTESIAN_POINT ( 'NONE',  ( -9.018299751477297121, -2.158757244602575565, -58.34652158740475869 ) ) ;
#516 = CARTESIAN_POINT ( 'NONE',  ( -10.31962513074953947, -2.001561946542747883, -39.77806334546590250 ) ) ;
#517 = CARTESIAN_POINT ( 'NONE',  ( 35.83820834953395007, 3.050327028687313646, -112.3846472047138434 ) ) ;
#518 = CARTESIAN_POINT ( 'NONE',  ( 40.89062972409022478, 0.9046206329479485886, -115.4053433121173668 ) ) ;
#519 = CARTESIAN_POINT ( 'NONE',  ( -9.465332053171554350, -1.837066466934525799, -55.61127155761587915 ) ) ;
#520 = CARTESIAN_POINT ( 'NONE',  ( -6.406210359267646481, -0.2790896178685592366, -14.96735595984960554 ) ) ;
#521 = CARTESIAN_POINT ( 'NONE',  ( 7.113551998094370887, 2.510047744627282196, -103.6256603603283395 ) ) ;
#522 = CARTESIAN_POINT ( 'NONE',  ( 50.71934992572647616, 0.6775185970629399312, -120.6780624616547186 ) ) ;
#523 = CARTESIAN_POINT ( 'NONE',  ( 48.43568091549418142, -0.05995795104014266935, -127.8972426748454012 ) ) ;
#524 = CARTESIAN_POINT ( 'NONE',  ( 50.01363241933002257, 2.719172691231062977, -124.5997440829496128 ) ) ;
#525 = CARTESIAN_POINT ( 'NONE',  ( -12.15335299140165937, -0.3441290208546488039, -34.79417258708083693 ) ) ;
#526 = CARTESIAN_POINT ( 'NONE',  ( 49.75995011965146375, -0.4644152999931698833, -120.2822043365145959 ) ) ;
#527 = CARTESIAN_POINT ( 'NONE',  ( 37.70458743231710486, -0.5025177507027206447, -112.6188742621206842 ) ) ;
#528 = CARTESIAN_POINT ( 'NONE',  ( 42.97311023481719161, 0.4941514585754705480, -113.2841317806286554 ) ) ;
#529 = CARTESIAN_POINT ( 'NONE',  ( 49.68534125215136044, 2.366164529140949657, -132.9689994179523183 ) ) ;
#530 = CARTESIAN_POINT ( 'NONE',  ( 11.03187202341819351, 2.076736061178626525, -108.0085976916366093 ) ) ;
#531 = CARTESIAN_POINT ( 'NONE',  ( 47.53129077910055855, 1.294093110882986730, -131.3304364417509760 ) ) ;
#532 = CARTESIAN_POINT ( 'NONE',  ( 31.86425715408525150, -0.4116865545689064043, -111.2259314619722517 ) ) ;
#533 = CARTESIAN_POINT ( 'NONE',  ( -2.044599686479823486, -1.652691154435600662, -93.73780631415915821 ) ) ;
#534 = CARTESIAN_POINT ( 'NONE',  ( 1.339612456152052378, 0.3362346584497446500, -97.53924595789010255 ) ) ;
#535 = CARTESIAN_POINT ( 'NONE',  ( 7.918153869673911771, 1.525596902958469059, -106.7767301040020413 ) ) ;
#536 = CARTESIAN_POINT ( 'NONE',  ( 50.98630731022300466, 1.989037358241217079, -122.0654160270211293 ) ) ;
#537 = CARTESIAN_POINT ( 'NONE',  ( -2.353055978446116914, 1.432494646059151222, -96.41901310963342553 ) ) ;
#538 = CARTESIAN_POINT ( 'NONE',  ( 38.46404971558393981, 1.551555625419932527, -111.3824609440121520 ) ) ;
#539 = CARTESIAN_POINT ( 'NONE',  ( 48.44430727246378154, -0.4107220901756676312, -122.0298497625295653 ) ) ;
#540 = CARTESIAN_POINT ( 'NONE',  ( 47.74015890882042612, 2.446515929785252119, -119.5199474884152409 ) ) ;
#541 = CARTESIAN_POINT ( 'NONE',  ( 44.16338825024487136, 0.03823112158200603350, -116.9139630603954600 ) ) ;
#542 = CARTESIAN_POINT ( 'NONE',  ( -13.09604001160162134, -2.754963144521733742, -44.44911561631179353 ) ) ;
#543 = CARTESIAN_POINT ( 'NONE',  ( -5.367882156286915674, -0.9251802919438147921, -78.26940530383635064 ) ) ;
#544 = CARTESIAN_POINT ( 'NONE',  ( 5.098960008278724310, 0.7021771862440586709, -101.7400246088781870 ) ) ;
#545 = CARTESIAN_POINT ( 'NONE',  ( 22.18760487175531537, 3.177945506978983481, -109.7226661535490280 ) ) ;
#546 = CARTESIAN_POINT ( 'NONE',  ( 36.24946817773795971, 0.9483632702809600135, -113.8897632107484839 ) ) ;
#547 = CARTESIAN_POINT ( 'NONE',  ( -10.04328832389667170, -1.908309543891474336, -33.78760834359258780 ) ) ;
#548 = CARTESIAN_POINT ( 'NONE',  ( 37.83923628488859947, 2.394907547289665040, -111.4700221786278433 ) ) ;
#549 = CARTESIAN_POINT ( 'NONE',  ( -10.60608029185435086, -1.113639975251242031, -39.81987414042039575 ) ) ;
#550 = CARTESIAN_POINT ( 'NONE',  ( -10.05639433210374101, -3.360391237887029536, -22.21011035619269336 ) ) ;
#551 = CARTESIAN_POINT ( 'NONE',  ( -13.18028645517521724, -1.361941668538817707, -41.57515744671586333 ) ) ;
#552 = CARTESIAN_POINT ( 'NONE',  ( -4.260119180440844033, 1.193029270261541486, -6.023837017400582639 ) ) ;
#553 = CARTESIAN_POINT ( 'NONE',  ( -9.138744403512358616, -2.204344540950372355, -57.43357383226957324 ) ) ;
#554 = CARTESIAN_POINT ( 'NONE',  ( 40.14853578601789508, -0.5536979973750697503, -113.4405750894400313 ) ) ;
#555 = CARTESIAN_POINT ( 'NONE',  ( 50.83195965649296255, 0.2570016805906142343, -121.7277189253087784 ) ) ;
#556 = CARTESIAN_POINT ( 'NONE',  ( 50.26335155756482465, 2.359239364149488427, -120.5743120929129191 ) ) ;
#557 = CARTESIAN_POINT ( 'NONE',  ( 48.12655480649612372, 0.7795851654086429772, -122.2956516129215458 ) ) ;
#558 = CARTESIAN_POINT ( 'NONE',  ( 49.78644760192389640, -0.8078552344790592699, -127.6273471548151690 ) ) ;
#559 = CARTESIAN_POINT ( 'NONE',  ( -9.318802973073450957, -3.527426059797620805, -60.88065179630029178 ) ) ;
#560 = PERSON_AND_ORGANIZATION ( #2755, #4374 ) ;
#561 = CARTESIAN_POINT ( 'NONE',  ( 30.60857091201463831, 1.973171051141816568, -112.4414040504631060 ) ) ;
#562 = CARTESIAN_POINT ( 'NONE',  ( 9.492501314403256174, 1.133416373976354308, -107.5667843191025952 ) ) ;
#563 = CARTESIAN_POINT ( 'NONE',  ( 12.95995312445342584, 2.703762417259679030, -106.2111023809398063 ) ) ;
#564 = CARTESIAN_POINT ( 'NONE',  ( 43.86187898173693611, 1.370627213420873680, -113.4533020086216197 ) ) ;
#565 = CARTESIAN_POINT ( 'NONE',  ( 48.38723956420563610, -0.4037521652516268267, -129.3937360940050212 ) ) ;
#566 = CARTESIAN_POINT ( 'NONE',  ( 47.74833969282769175, 2.116790567184747118, -131.9963153760728289 ) ) ;
#567 = CARTESIAN_POINT ( 'NONE',  ( 49.05168652181145461, 2.411754549703102324, -128.1339018179867537 ) ) ;
#568 = CARTESIAN_POINT ( 'NONE',  ( 51.25000827217067467, 0.2379595342238494948, -125.9738198648879575 ) ) ;
#569 = CARTESIAN_POINT ( 'NONE',  ( 47.88284111198893811, -0.05006958618013870876, -121.1529835270780069 ) ) ;
#570 = CARTESIAN_POINT ( 'NONE',  ( -12.59922405594319983, -2.757008164650588178, -52.53270835465682609 ) ) ;
#571 = CARTESIAN_POINT ( 'NONE',  ( -0.2924183996934370255, -0.7367716193012331383, -2.861230633546356650 ) ) ;
#572 = CARTESIAN_POINT ( 'NONE',  ( -7.322152325939927486, -0.9276231059302441073, -70.04735645720519699 ) ) ;
#573 = CARTESIAN_POINT ( 'NONE',  ( 49.61441782878384288, 2.724632375745718704, -130.9314529723675662 ) ) ;
#574 = CARTESIAN_POINT ( 'NONE',  ( -4.560692948939343516, 1.338592984554710652, -90.18056657380743957 ) ) ;
#575 = CARTESIAN_POINT ( 'NONE',  ( -3.675994200834958203, -0.6662367482164910371, -93.96081624672511623 ) ) ;
#576 = CARTESIAN_POINT ( 'NONE',  ( -9.815553836781825581, -1.852666261515737212, -31.25120127315757301 ) ) ;
#577 = CARTESIAN_POINT ( 'NONE',  ( 40.38842326959404261, 2.318160344164585940, -112.2449136710646229 ) ) ;
#578 = CARTESIAN_POINT ( 'NONE',  ( 50.82677111686147953, 0.6736986312626731532, -120.9903594924803514 ) ) ;
#579 = CARTESIAN_POINT ( 'NONE',  ( 48.23137148019581133, -0.05250047795081391744, -129.0032964984819728 ) ) ;
#580 = CARTESIAN_POINT ( 'NONE',  ( 49.52233629471369625, 2.733363016636326748, -129.6006706091868921 ) ) ;
#581 = CARTESIAN_POINT ( 'NONE',  ( -6.900822874705871079, 0.6379922716933249527, -82.54692175797549680 ) ) ;
#582 = CARTESIAN_POINT ( 'NONE',  ( 0.3339974683775623898, -0.2648425720711589104, -95.99288138075189636 ) ) ;
#583 = CARTESIAN_POINT ( 'NONE',  ( -1.671254351473742350, -1.030146964240066465, -92.16597832780404076 ) ) ;
#584 = CARTESIAN_POINT ( 'NONE',  ( -9.077571550353924934, -1.197505930669883201, -59.85458224697484297 ) ) ;
#585 = CARTESIAN_POINT ( 'NONE',  ( -5.543919099538694439, 1.105768176194823704, -86.54765413752485870 ) ) ;
#586 = CARTESIAN_POINT ( 'NONE',  ( 48.47479369521825276, 0.7716607363163713318, -124.4390310134861721 ) ) ;
#587 = CARTESIAN_POINT ( 'NONE',  ( 49.83721723002366133, -0.8078586268613995314, -123.5003673852733783 ) ) ;
#588 = CARTESIAN_POINT ( 'NONE',  ( 8.648129022604818417, -0.5862286455343480585, -105.4506149865350864 ) ) ;
#589 = CARTESIAN_POINT ( 'NONE',  ( 3.068031628774105624, 0.5353011286389056655, -99.78181211679694229 ) ) ;
#590 = CARTESIAN_POINT ( 'NONE',  ( 39.47768584898295785, 1.824978142660997893, -114.6516076612427923 ) ) ;
#591 = CARTESIAN_POINT ( 'NONE',  ( 44.10645155557425312, 1.356879917908372146, -117.0293324589824664 ) ) ;
#592 = CARTESIAN_POINT ( 'NONE',  ( 20.27008018533096845, 2.630293957355969603, -107.9619310930607696 ) ) ;
#593 = CARTESIAN_POINT ( 'NONE',  ( -9.699404837107309163, -0.2010971583669979856, -63.07063794604867013 ) ) ;
#594 = CARTESIAN_POINT ( 'NONE',  ( 15.42599315501897905, -0.4228767516550396288, -107.9606832259763110 ) ) ;
#595 = CARTESIAN_POINT ( 'NONE',  ( -11.22515703288406641, -1.830569806194817239, -64.29445520540143377 ) ) ;
#596 = CARTESIAN_POINT ( 'NONE',  ( 50.85937351265988582, 0.2466941481264264269, -129.1692003045648676 ) ) ;
#597 = CARTESIAN_POINT ( 'NONE',  ( 47.53649258066656103, -0.02766443076328355469, -131.6291962310406518 ) ) ;
#598 = CARTESIAN_POINT ( 'NONE',  ( -11.99789813533343974, -2.298706504133200212, -26.04567177522680055 ) ) ;
#599 = CARTESIAN_POINT ( 'NONE',  ( 50.41166207721580861, -0.4922252176372270416, -128.5736227231967348 ) ) ;
#600 = CARTESIAN_POINT ( 'NONE',  ( 50.09306241518447678, -0.1450590264389857997, -131.4715895040480689 ) ) ;
#601 = CARTESIAN_POINT ( 'NONE',  ( 33.79174246980967666, 3.085014962081380041, -111.9041666918507474 ) ) ;
#602 = CARTESIAN_POINT ( 'NONE',  ( -2.360981800459984736, -0.3708265159344191764, -96.75480798966823670 ) ) ;
#603 = CARTESIAN_POINT ( 'NONE',  ( 18.25096107087171049, 0.9577884474870482778, -107.3154241175228236 ) ) ;
#604 = CARTESIAN_POINT ( 'NONE',  ( 44.46666902088770001, 2.187215791190185943, -114.0188306796787430 ) ) ;
#605 = CARTESIAN_POINT ( 'NONE',  ( 50.92155669933866591, 0.6585983014363504529, -129.8775721678420325 ) ) ;
#606 = CARTESIAN_POINT ( 'NONE',  ( 49.77892034248810660, 2.727225696732562099, -122.7222192085776555 ) ) ;
#607 = CARTESIAN_POINT ( 'NONE',  ( 50.86226722072592565, 2.338079639604694115, -122.7000148192663715 ) ) ;
#608 = CARTESIAN_POINT ( 'NONE',  ( 8.401931935511342431, 0.4253381020026992254, -103.9493940299529697 ) ) ;
#609 = CARTESIAN_POINT ( 'NONE',  ( -10.37824841345602600, -2.663606958333848418, -67.08639732258019706 ) ) ;
#610 = CARTESIAN_POINT ( 'NONE',  ( 49.69880155536781530, -0.8052224843078581440, -128.2171339875880278 ) ) ;
#611 = CARTESIAN_POINT ( 'NONE',  ( -2.233445470182352288, 0.1945547772711762602, -90.09348180224165503 ) ) ;
#612 = CARTESIAN_POINT ( 'NONE',  ( -3.520963158387635961, 1.709247150223578871, -91.68319374365947283 ) ) ;
#613 = CARTESIAN_POINT ( 'NONE',  ( 48.08612228804938837, 0.7886416254947833382, -128.9075306398740679 ) ) ;
#614 = CARTESIAN_POINT ( 'NONE',  ( 49.92887522254429200, -0.8111553279367658131, -124.4814217874668429 ) ) ;
#615 = CARTESIAN_POINT ( 'NONE',  ( 49.52759309371710827, -0.7944333345710434813, -124.7673062117551268 ) ) ;
#616 = CARTESIAN_POINT ( 'NONE',  ( 5.098960008278724310, 0.7021771862440586709, -101.7400246088781870 ) ) ;
#617 = CALENDAR_DATE ( 2026, 26, 7 ) ;
#618 = CARTESIAN_POINT ( 'NONE',  ( -0.2951453372997800417, -0.2784319233462688725, -2.857723955912208069 ) ) ;
#619 = CARTESIAN_POINT ( 'NONE',  ( 42.71721291556099942, 1.374214156755520833, -116.2149206010064688 ) ) ;
#620 = CARTESIAN_POINT ( 'NONE',  ( 51.34354024733624300, 1.972558166549985392, -125.7256428147917120 ) ) ;
#621 = CARTESIAN_POINT ( 'NONE',  ( -10.53106504403504928, -0.4425583474836142228, -55.15512806800356316 ) ) ;
#622 = CARTESIAN_POINT ( 'NONE',  ( 38.67657592967613311, -0.5400407107472143808, -113.3518063266061660 ) ) ;
#623 = CARTESIAN_POINT ( 'NONE',  ( 5.013778358523736323, 1.830714949578752249, -105.0896364381007544 ) ) ;
#624 = CARTESIAN_POINT ( 'NONE',  ( 37.48932493267327715, 0.6677393272685318015, -111.3085231452132717 ) ) ;
#625 = CARTESIAN_POINT ( 'NONE',  ( 11.87907693596792669, -0.3157807559143055998, -107.5870031501088704 ) ) ;
#626 = CARTESIAN_POINT ( 'NONE',  ( -8.391386037645075291, -1.885491287088555179, -62.59948874823714959 ) ) ;
#627 = CARTESIAN_POINT ( 'NONE',  ( 44.11397325767088518, 0.4589732678171641878, -113.8554144278660658 ) ) ;
#628 = CARTESIAN_POINT ( 'NONE',  ( -9.021161737284270288, -0.6551283042011285529, -62.65575544665229302 ) ) ;
#629 = CARTESIAN_POINT ( 'NONE',  ( 34.51654643576195269, 3.098547369335605151, -111.6509756840208496 ) ) ;
#630 = CARTESIAN_POINT ( 'NONE',  ( 42.76968334816878325, 2.914524063504014162, -114.6657863522175091 ) ) ;
#631 = CARTESIAN_POINT ( 'NONE',  ( 9.474911876954271506, 0.6499343031498611145, -107.4731351415279050 ) ) ;
#632 = CARTESIAN_POINT ( 'NONE',  ( 3.068031628774105624, 0.5353011286389056655, -99.78181211679694229 ) ) ;
#633 = CARTESIAN_POINT ( 'NONE',  ( -7.914432341153208483, -0.2007623881345076411, -70.16232309133118861 ) ) ;
#634 = CARTESIAN_POINT ( 'NONE',  ( 30.25482701918249262, 3.138208909807248759, -111.1494666782345746 ) ) ;
#635 = CARTESIAN_POINT ( 'NONE',  ( 33.61150694637470338, 3.112822765247101220, -111.4460973217234567 ) ) ;
#636 = CARTESIAN_POINT ( 'NONE',  ( -9.895136953881181086, -2.438891044912852912, -50.30626360495483596 ) ) ;
#637 = CARTESIAN_POINT ( 'NONE',  ( -12.89341177427257357, -2.766584174015419340, -48.92726428153468277 ) ) ;
#638 = ORIENTED_EDGE ( 'NONE', *, *, #1269, .F. ) ;
#639 = CARTESIAN_POINT ( 'NONE',  ( -10.28240158700038087, -2.951423034467576478, -45.17119195367493489 ) ) ;
#640 = CARTESIAN_POINT ( 'NONE',  ( 14.90746919613173205, 1.470016453426800318, -106.3175594151340846 ) ) ;
#641 = CARTESIAN_POINT ( 'NONE',  ( -11.31377350901112955, -0.3934714548636420450, -58.76497239106117831 ) ) ;
#642 = CARTESIAN_POINT ( 'NONE',  ( 48.48789730293528777, 2.430950456298283768, -130.6868335824328824 ) ) ;
#643 = CARTESIAN_POINT ( 'NONE',  ( 38.56856448754340505, 0.9224601907924854238, -114.5577607050422984 ) ) ;
#644 = ADVANCED_BREP_SHAPE_REPRESENTATION ( 'FN-HAR-024_W8-xls1-coax-round_R0.6', ( #446, #2152 ), #746 ) ;
#645 = CARTESIAN_POINT ( 'NONE',  ( 37.70458743231710486, -0.5025177507027206447, -112.6188742621206842 ) ) ;
#646 = CARTESIAN_POINT ( 'NONE',  ( 49.45729602167472905, -0.7923487728977851585, -126.8761135865702983 ) ) ;
#647 = CARTESIAN_POINT ( 'NONE',  ( 18.25096107087171049, 0.9577884474870482778, -107.3154241175228236 ) ) ;
#648 = CARTESIAN_POINT ( 'NONE',  ( -10.20932662581670591, -1.955163726718495587, -36.34164320661006542 ) ) ;
#649 = CARTESIAN_POINT ( 'NONE',  ( 14.38553663045600217, 1.253231319090992724, -109.2589054717324188 ) ) ;
#650 = CARTESIAN_POINT ( 'NONE',  ( 9.412006667480367739, 2.440881260310332479, -107.1190237781554231 ) ) ;
#651 = CARTESIAN_POINT ( 'NONE',  ( -9.931951691450830566, -0.2768614509265170387, -61.02349602938735984 ) ) ;
#652 = CARTESIAN_POINT ( 'NONE',  ( 21.67147546668968872, -0.3640123664754219002, -109.6852128403433824 ) ) ;
#653 = CARTESIAN_POINT ( 'NONE',  ( 5.936173941453330549, 1.883777864266589663, -105.6557194197041554 ) ) ;
#654 = CARTESIAN_POINT ( 'NONE',  ( 33.41393327005549452, 0.7515247188427455205, -110.3283900851838837 ) ) ;
#655 = CARTESIAN_POINT ( 'NONE',  ( -4.535098358894782855, -2.060590680604610370, -88.27668349593751884 ) ) ;
#656 = CARTESIAN_POINT ( 'NONE',  ( 7.090459412783376436, 0.3655896283461829710, -103.2034575240297443 ) ) ;
#657 = CARTESIAN_POINT ( 'NONE',  ( 21.11749508196524872, 0.8670498336072015588, -107.9828559896447899 ) ) ;
#658 = CARTESIAN_POINT ( 'NONE',  ( 45.24576323521241505, 1.330085456355707407, -114.2239624387512720 ) ) ;
#659 = CARTESIAN_POINT ( 'NONE',  ( 50.04203034062189914, 2.715967330434806648, -122.0683190337127115 ) ) ;
#660 = CARTESIAN_POINT ( 'NONE',  ( 49.65020123036234168, 2.729347300957323696, -128.9879137651664394 ) ) ;
#661 = CARTESIAN_POINT ( 'NONE',  ( 47.07078585260637027, 0.8254984223243696517, -132.5197748688662500 ) ) ;
#662 = VERTEX_POINT ( 'NONE', #2433 ) ;
#663 = CARTESIAN_POINT ( 'NONE',  ( 11.76502036382746219, 1.920603701351669912, -105.3591460712278263 ) ) ;
#664 = CARTESIAN_POINT ( 'NONE',  ( 37.16358761442447189, 3.026822579345332720, -112.7220130575734203 ) ) ;
#665 = CARTESIAN_POINT ( 'NONE',  ( 10.69153538943485238, 3.092292387776315987, -106.5276640399028167 ) ) ;
#666 = CARTESIAN_POINT ( 'NONE',  ( -5.367882156286915674, -0.9251802919438147921, -78.26940530383635064 ) ) ;
#667 = CARTESIAN_POINT ( 'NONE',  ( 35.43861645035209307, 1.447512074252184089, -113.6624277685230879 ) ) ;
#668 = CARTESIAN_POINT ( 'NONE',  ( 49.46003501299396987, -0.7978225325503891519, -129.4670338443226854 ) ) ;
#669 = CARTESIAN_POINT ( 'NONE',  ( 13.28620506177849236, 1.464207082417314787, -105.8146664150652896 ) ) ;
#670 = CARTESIAN_POINT ( 'NONE',  ( -4.310195667580465795, 1.493293621980469554, -89.79343095789353413 ) ) ;
#671 = CARTESIAN_POINT ( 'NONE',  ( 47.19257443501670224, 0.8024864507850724138, -120.1032096857597224 ) ) ;
#672 = CARTESIAN_POINT ( 'NONE',  ( 46.86346433140571577, -0.7194865562632701828, -117.3766035793396867 ) ) ;
#673 = CARTESIAN_POINT ( 'NONE',  ( 36.13424904592461928, -0.4981110280744392438, -112.6059277108455632 ) ) ;
#674 = CARTESIAN_POINT ( 'NONE',  ( 14.37072616969930294, 1.021672318623458198, -106.2443641434102801 ) ) ;
#675 = CARTESIAN_POINT ( 'NONE',  ( -9.829927579339221566, -1.951013618716500142, -52.04520071836636674 ) ) ;
#676 = CARTESIAN_POINT ( 'NONE',  ( 49.14654340648613839, 2.407231410161444263, -123.3034580070782624 ) ) ;
#677 = CARTESIAN_POINT ( 'NONE',  ( 2.854874614600531491, -0.9413748185449778427, -101.3643275345289965 ) ) ;
#678 = CARTESIAN_POINT ( 'NONE',  ( -10.50553712932660666, -1.821398123744582875, -68.42180581634588066 ) ) ;
#679 = CARTESIAN_POINT ( 'NONE',  ( 51.24060879872146756, 0.2379956528657173609, -126.1761713620225862 ) ) ;
#680 = CARTESIAN_POINT ( 'NONE',  ( 0.6400544187254399997, -0.9927726793897754254, -99.92251034461456527 ) ) ;
#681 = CARTESIAN_POINT ( 'NONE',  ( 38.33077343872151488, 0.2188073624071752432, -111.7274173118887433 ) ) ;
#682 = CARTESIAN_POINT ( 'NONE',  ( 51.06091411731873819, 0.2483830560600742421, -122.7750556451314878 ) ) ;
#683 = CARTESIAN_POINT ( 'NONE',  ( 51.19090917754007819, 1.146076381300126013, -122.0768315934801507 ) ) ;
#684 = CARTESIAN_POINT ( 'NONE',  ( 38.86229793811833133, 2.698187022846978422, -112.0459861977657567 ) ) ;
#685 = CARTESIAN_POINT ( 'NONE',  ( -2.520421475269117195, -1.513865536769567699, -94.51080041068226478 ) ) ;
#686 = CARTESIAN_POINT ( 'NONE',  ( 49.99435792551545887, 2.719908173751435676, -124.2878824862639391 ) ) ;
#687 = CARTESIAN_POINT ( 'NONE',  ( -10.34499439366516249, -3.594788285872810185, -61.80695581945346362 ) ) ;
#688 = CARTESIAN_POINT ( 'NONE',  ( 3.021376372266360910, 1.466216358850652490, -99.78951261273472539 ) ) ;
#689 = CARTESIAN_POINT ( 'NONE',  ( 25.35718090783042911, 3.184135503397941047, -110.2335256750287868 ) ) ;
#690 = CARTESIAN_POINT ( 'NONE',  ( 38.31071891324055656, 3.026475545548638735, -112.6073138182184721 ) ) ;
#691 = CARTESIAN_POINT ( 'NONE',  ( 12.80009766096236490, 0.5571899187866385939, -105.8133531870711437 ) ) ;
#692 = CARTESIAN_POINT ( 'NONE',  ( 12.70636540791265290, 1.215401504440673630, -108.7481958373069943 ) ) ;
#693 = CARTESIAN_POINT ( 'NONE',  ( -6.961459415255613514, -1.786208764105036151, -70.20405015369571800 ) ) ;
#694 = CARTESIAN_POINT ( 'NONE',  ( -9.663537507499126988, -1.421552040013202900, -54.68429526173516564 ) ) ;
#695 = CARTESIAN_POINT ( 'NONE',  ( -11.59553395809313159, -0.4205030437057480919, -56.04694630726356763 ) ) ;
#696 = CARTESIAN_POINT ( 'NONE',  ( -2.052744652978134798, -1.116355270930643018, -96.31330953119721983 ) ) ;
#697 = CARTESIAN_POINT ( 'NONE',  ( -9.029541948703581511, -2.625555706578411641, -58.50553281641015957 ) ) ;
#698 = CARTESIAN_POINT ( 'NONE',  ( 33.44185152311710851, -0.4572792690803335058, -111.9666399018411340 ) ) ;
#699 = CARTESIAN_POINT ( 'NONE',  ( 48.49767823631540153, 1.669899141777529517, -122.6625491574404521 ) ) ;
#700 = CARTESIAN_POINT ( 'NONE',  ( 48.83540382775350253, 2.419116098337877219, -129.2699142403421888 ) ) ;
#701 = CARTESIAN_POINT ( 'NONE',  ( 26.77373714661778692, -0.3764190646879692070, -110.7261245486646288 ) ) ;
#702 = CARTESIAN_POINT ( 'NONE',  ( -13.04077939369808625, -1.858725739197043980, -48.85914519476978057 ) ) ;
#703 = CARTESIAN_POINT ( 'NONE',  ( -11.66396480198302399, -3.940867116344425991, -48.23018388310600812 ) ) ;
#704 = CARTESIAN_POINT ( 'NONE',  ( 41.97148183382028463, 0.1068658193923788524, -113.0395924007887203 ) ) ;
#705 = CARTESIAN_POINT ( 'NONE',  ( 30.09728371935799274, 0.7760633686210763882, -109.6715802158170447 ) ) ;
#706 = CARTESIAN_POINT ( 'NONE',  ( 51.53702884971104226, 1.129882439187459564, -125.4221315175436615 ) ) ;
#707 = CARTESIAN_POINT ( 'NONE',  ( 5.829993374306819298, 2.444147906968681561, -102.8269524843659752 ) ) ;
#708 = CARTESIAN_POINT ( 'NONE',  ( 47.60273508069420956, -0.03002695695502176007, -131.4157618666678218 ) ) ;
#709 = CARTESIAN_POINT ( 'NONE',  ( -3.612984256007367723, 0.6158813841684900314, -3.034948154882691096 ) ) ;
#710 = CARTESIAN_POINT ( 'NONE',  ( 48.28300501449766813, 0.7812795045055260790, -127.8370025895734159 ) ) ;
#711 = CARTESIAN_POINT ( 'NONE',  ( -1.475843431903955505, 0.8091915660920155906, -92.33329812615163235 ) ) ;
#712 = CARTESIAN_POINT ( 'NONE',  ( 35.38937187318368416, 3.058084659843001152, -112.2755715464893882 ) ) ;
#713 = CARTESIAN_POINT ( 'NONE',  ( 42.69421374960322169, 2.921785657242726764, -114.1788996573099979 ) ) ;
#714 = CARTESIAN_POINT ( 'NONE',  ( 34.08695996316581756, 0.3138844181845612535, -110.6397648341928885 ) ) ;
#715 = CARTESIAN_POINT ( 'NONE',  ( 36.33030848997096740, 1.434329796052973727, -113.8901467657812390 ) ) ;
#716 = CARTESIAN_POINT ( 'NONE',  ( 1.845529237846340154, -0.4552514856418349853, -98.67646842823829445 ) ) ;
#717 = CARTESIAN_POINT ( 'NONE',  ( 46.26015317729884657, 0.8159288247684346462, -114.9488085391597281 ) ) ;
#718 = CARTESIAN_POINT ( 'NONE',  ( -2.615704780132657170, 1.687747439752958156, -91.84318358395618986 ) ) ;
#719 = CARTESIAN_POINT ( 'NONE',  ( 0.4923388038086036200, -0.7276953131214738413, -100.3107984418388128 ) ) ;
#720 = CARTESIAN_POINT ( 'NONE',  ( 8.924090468869259496, 0.03518497726997307784, -104.4612648829928787 ) ) ;
#721 = CARTESIAN_POINT ( 'NONE',  ( 43.45543575151889115, -0.6333728945393338750, -115.4215937854887670 ) ) ;
#722 = CARTESIAN_POINT ( 'NONE',  ( 47.16811899845532707, 1.722274057408522685, -133.0695008893978297 ) ) ;
#723 = CARTESIAN_POINT ( 'NONE',  ( -10.70422738654328398, -3.562251459598720249, -36.89357882231646357 ) ) ;
#724 = CARTESIAN_POINT ( 'NONE',  ( 21.35743310994303812, 2.372096624090182626, -110.6138278108488606 ) ) ;
#725 = CARTESIAN_POINT ( 'NONE',  ( 8.792495213545432620, -0.4055788584248534168, -106.3373208884783452 ) ) ;
#726 = CARTESIAN_POINT ( 'NONE',  ( 17.69765334115149713, 0.5329412899304544204, -107.2911724709879024 ) ) ;
#727 = CARTESIAN_POINT ( 'NONE',  ( 38.35508439278043369, 0.6426903815107997131, -111.5564858567287843 ) ) ;
#728 = CARTESIAN_POINT ( 'NONE',  ( 36.15795078476838142, 0.7008262422078517240, -110.9614911658944294 ) ) ;
#729 = CARTESIAN_POINT ( 'NONE',  ( 33.03122018306658703, 1.671446279236786125, -110.0645430046982653 ) ) ;
#730 = CARTESIAN_POINT ( 'NONE',  ( 2.559852649684340342, 2.560877994153891279, -102.0569111189572027 ) ) ;
#731 = CARTESIAN_POINT ( 'NONE',  ( 51.33102905115212167, 1.974581706303300654, -124.5868912154578396 ) ) ;
#732 = CARTESIAN_POINT ( 'NONE',  ( 32.88900337191639522, -0.1435502788225337945, -112.5569151302641870 ) ) ;
#733 = CARTESIAN_POINT ( 'NONE',  ( 49.35941337499374271, 2.740561175890483536, -121.2068758861840365 ) ) ;
#734 = CARTESIAN_POINT ( 'NONE',  ( -12.05440029982853467, -3.791245804550242848, -48.49570662304146396 ) ) ;
#735 = CARTESIAN_POINT ( 'NONE',  ( -10.38531966108374682, -1.548708502457957215, -39.74586393992092326 ) ) ;
#736 = CARTESIAN_POINT ( 'NONE',  ( 18.46281929352190687, 3.211366847061425833, -108.6878975079843883 ) ) ;
#737 = CARTESIAN_POINT ( 'NONE',  ( 51.00034113305721917, -0.1665019204588055468, -123.8862988979195876 ) ) ;
#738 = CARTESIAN_POINT ( 'NONE',  ( 10.55078713595620066, 1.164655882308924140, -107.9911586241761370 ) ) ;
#739 = CARTESIAN_POINT ( 'NONE',  ( 34.15238054049924443, -0.05016236322561278688, -110.9654108947214155 ) ) ;
#740 = CARTESIAN_POINT ( 'NONE',  ( 51.40468464795245040, 0.6468988722420794257, -126.7925327268392692 ) ) ;
#741 = CARTESIAN_POINT ( 'NONE',  ( 3.519824283705760504, 2.555858110387355886, -101.3974481973196333 ) ) ;
#742 = CARTESIAN_POINT ( 'NONE',  ( -8.142951132824414628, -3.212736387160753715, -72.00123078456721259 ) ) ;
#743 = CARTESIAN_POINT ( 'NONE',  ( 13.40050313068360133, 0.1547968418640605914, -106.2557305374768646 ) ) ;
#744 = CARTESIAN_POINT ( 'NONE',  ( -5.342986662792724495, -2.125911868654801751, -78.92609153815050149 ) ) ;
#745 = CARTESIAN_POINT ( 'NONE',  ( 32.71187851633490595, 0.7594330106286590887, -110.1818830163018674 ) ) ;
#746 =( GEOMETRIC_REPRESENTATION_CONTEXT ( 3 ) GLOBAL_UNCERTAINTY_ASSIGNED_CONTEXT ( ( #3108 ) ) GLOBAL_UNIT_ASSIGNED_CONTEXT ( ( #2542, #5121, #5093 ) ) REPRESENTATION_CONTEXT ( 'NONE', 'WORKASPACE' ) );
#747 = CARTESIAN_POINT ( 'NONE',  ( 49.25259981527204189, 2.404220998031841194, -124.1784741120347917 ) ) ;
#748 = CARTESIAN_POINT ( 'NONE',  ( 43.97481022214393676, -0.6451781356413026636, -115.7245760259068277 ) ) ;
#749 = CARTESIAN_POINT ( 'NONE',  ( 44.24710064769145390, 2.188561916682981945, -116.6714168565716960 ) ) ;
#750 = CARTESIAN_POINT ( 'NONE',  ( 36.46971043102532661, -0.1992421200926930980, -113.4040960190980769 ) ) ;
#751 = CARTESIAN_POINT ( 'NONE',  ( -2.309081262915237076, -0.7175079492574020223, -89.93001828580059964 ) ) ;
#752 = CARTESIAN_POINT ( 'NONE',  ( -3.852746593339634984, -0.4208108425913487105, -85.04029782979000629 ) ) ;
#753 = CARTESIAN_POINT ( 'NONE',  ( 51.13452177196557358, 0.2398226292839067686, -127.4219969148357166 ) ) ;
#754 = CARTESIAN_POINT ( 'NONE',  ( 36.25387422410886984, 1.612953867442710632, -110.7954903214126574 ) ) ;
#755 = CARTESIAN_POINT ( 'NONE',  ( -3.770544430873149278, 1.575677635257499709, -92.08399691566454237 ) ) ;
#756 = CARTESIAN_POINT ( 'NONE',  ( -10.17125757205146819, 0.01404174833112197332, -25.02099860069826676 ) ) ;
#757 = CARTESIAN_POINT ( 'NONE',  ( 43.27634186992059284, -0.2880241306660749068, -116.0780264153619186 ) ) ;
#758 = CARTESIAN_POINT ( 'NONE',  ( -2.353055978446116914, 1.432494646059151222, -96.41901310963342553 ) ) ;
#759 = CARTESIAN_POINT ( 'NONE',  ( -8.199786645070460622, -1.976505032352300129, -12.61126990002781945 ) ) ;
#760 = CARTESIAN_POINT ( 'NONE',  ( -7.516237608557974070, -3.059017774671019207, -74.74139889954152238 ) ) ;
#761 = CARTESIAN_POINT ( 'NONE',  ( -8.994479415599862193, -1.159407847170768058, -60.51749720674791178 ) ) ;
#762 = CARTESIAN_POINT ( 'NONE',  ( -10.70174470493597774, -0.08321820273662439149, -22.20931665786320863 ) ) ;
#763 = CARTESIAN_POINT ( 'NONE',  ( 32.70748355901252324, 0.3316134990711804842, -110.3464655669429533 ) ) ;
#764 = CARTESIAN_POINT ( 'NONE',  ( 14.38553663045600217, 1.253231319090992724, -109.2589054717324188 ) ) ;
#765 = CARTESIAN_POINT ( 'NONE',  ( 9.798016907479865978, 0.9285785864332712913, -104.5496455952844173 ) ) ;
#766 = CARTESIAN_POINT ( 'NONE',  ( 51.45670552949318477, 0.6463920095844545299, -125.9547493050300346 ) ) ;
#767 = CARTESIAN_POINT ( 'NONE',  ( -6.345987724210906400, 0.8177177806748677780, -81.86639495477210460 ) ) ;
#768 = CARTESIAN_POINT ( 'NONE',  ( 3.708619876410147231, 1.044526391915897578, -100.3869291047178507 ) ) ;
#769 = CARTESIAN_POINT ( 'NONE',  ( -10.63335209665318537, -3.634927016896204677, -60.22661532847249788 ) ) ;
#770 = CARTESIAN_POINT ( 'NONE',  ( -8.793819242106767575, -2.534439195433455083, -60.07195218377070489 ) ) ;
#771 = CARTESIAN_POINT ( 'NONE',  ( -9.318661569529915312, -3.349164796575173408, -58.98892724331097526 ) ) ;
#772 = CARTESIAN_POINT ( 'NONE',  ( -9.143549019691766588, -1.718749544038428390, -58.31508775827483504 ) ) ;
#773 = CARTESIAN_POINT ( 'NONE',  ( 36.06974987516331765, 2.655971672004630246, -113.1783955462681490 ) ) ;
#774 = CARTESIAN_POINT ( 'NONE',  ( 49.45757749552316085, -0.7921829579555478285, -123.8145313895274029 ) ) ;
#775 = CARTESIAN_POINT ( 'NONE',  ( 48.85564332595085091, 2.077739917537866798, -127.1796577120214096 ) ) ;
#776 = CARTESIAN_POINT ( 'NONE',  ( 35.15609907548087421, -0.1806679412650578909, -113.0660353047768041 ) ) ;
#777 = CARTESIAN_POINT ( 'NONE',  ( 51.00736756545496320, -0.1700250074204097961, -126.5986274908473490 ) ) ;
#778 = CARTESIAN_POINT ( 'NONE',  ( -1.376482263122748684, -0.1210467056712816458, -92.33668858246450384 ) ) ;
#779 = DIRECTION ( 'NONE',  ( 1.000000000000000000, 0.000000000000000000, 0.000000000000000000 ) ) ;
#780 = CARTESIAN_POINT ( 'NONE',  ( -9.931951691450830566, -0.2768614509265170387, -61.02349602938735984 ) ) ;
#781 = CARTESIAN_POINT ( 'NONE',  ( -10.45325387184428578, -0.5873074314287306530, -67.78673577664270056 ) ) ;
#782 = CARTESIAN_POINT ( 'NONE',  ( -11.64098270320991979, -0.3888155269107043677, -42.12798980893163758 ) ) ;
#783 = CARTESIAN_POINT ( 'NONE',  ( 43.11697533602639254, -0.2853645479362476589, -115.9875515157260679 ) ) ;
#784 = CARTESIAN_POINT ( 'NONE',  ( 17.15520155534059654, 2.631035943236426089, -109.5366767233947058 ) ) ;
#785 = CARTESIAN_POINT ( 'NONE',  ( -11.78792885822739578, -2.740575848708288298, -25.99441423983000732 ) ) ;
#786 = CARTESIAN_POINT ( 'NONE',  ( 3.393128699556732464, -0.4335052561757504752, -103.3714651956111794 ) ) ;
#787 = CARTESIAN_POINT ( 'NONE',  ( -9.028122350756030201, 0.1399121445446386558, -70.93776677892562077 ) ) ;
#788 = CARTESIAN_POINT ( 'NONE',  ( 47.57404448203942593, 2.791494209476161892, -117.5030732584726536 ) ) ;
#789 = CARTESIAN_POINT ( 'NONE',  ( 32.94171518656892772, 0.3291621258496194025, -110.3945396706325681 ) ) ;
#790 = CARTESIAN_POINT ( 'NONE',  ( -5.325540438652201836, -1.484657605755258736, -6.186935475454192535 ) ) ;
#791 = CARTESIAN_POINT ( 'NONE',  ( 50.83195965649296255, 0.2570016805906142343, -121.7277189253087784 ) ) ;
#792 = CARTESIAN_POINT ( 'NONE',  ( 31.53282999403927889, 1.196219413359757455, -109.7790099080628892 ) ) ;
#793 = CARTESIAN_POINT ( 'NONE',  ( 7.152381358933132205, 2.784636841529881668, -104.0331458543187040 ) ) ;
#794 = CARTESIAN_POINT ( 'NONE',  ( 8.843595821948584401, 1.342649863602689120, -104.0135043420386864 ) ) ;
#795 = CARTESIAN_POINT ( 'NONE',  ( -12.12856752082023526, -3.649471112503808623, -35.24561008263037820 ) ) ;
#796 = CARTESIAN_POINT ( 'NONE',  ( 18.69890638874645106, 2.973350509093382055, -107.9814991519009766 ) ) ;
#797 = CARTESIAN_POINT ( 'NONE',  ( -8.689380091640426684, -2.491487005831176660, -60.73235548342812962 ) ) ;
#798 = CARTESIAN_POINT ( 'NONE',  ( -2.011593780252549646, -1.574971032742805033, -92.82131655485295596 ) ) ;
#799 = CARTESIAN_POINT ( 'NONE',  ( 13.30528252804611711, 1.014446022294287042, -105.9031833431817518 ) ) ;
#800 = CARTESIAN_POINT ( 'NONE',  ( 48.40855681219317574, -0.7578969397764320215, -131.8254727433659923 ) ) ;
#801 = CARTESIAN_POINT ( 'NONE',  ( 43.63957352953588753, 2.198663986881596255, -116.3020475131302902 ) ) ;
#802 = CARTESIAN_POINT ( 'NONE',  ( 0.4581489286485111445, -1.750000000000000000, 0.000000000000000000 ) ) ;
#803 = CARTESIAN_POINT ( 'NONE',  ( -0.2951453372997800417, -0.2784319233462688725, -2.857723955912208069 ) ) ;
#804 = CARTESIAN_POINT ( 'NONE',  ( 50.53292299807246479, 0.2676195802126086765, -120.7626806924332499 ) ) ;
#805 = CARTESIAN_POINT ( 'NONE',  ( -12.69724961189443135, -2.041554998897515016, -31.20268307104575456 ) ) ;
#806 = CARTESIAN_POINT ( 'NONE',  ( 50.80790097060904031, 1.146564852204376983, -130.6455981611409811 ) ) ;
#807 = CARTESIAN_POINT ( 'NONE',  ( -12.69322736062364143, -0.6356509017508271686, -38.54651587271679603 ) ) ;
#808 = CARTESIAN_POINT ( 'NONE',  ( 48.45666048493796296, 2.072238960557609921, -117.0815271570823057 ) ) ;
#809 = CARTESIAN_POINT ( 'NONE',  ( 2.687188041394476645, -0.7713631156011216961, -102.2496413445783077 ) ) ;
#810 = PRODUCT_DEFINITION ( 'Î´Öª', '', #3393, #1401 ) ;
#811 = CARTESIAN_POINT ( 'NONE',  ( -11.45863504838441749, -1.362129542678926830, -62.76379901512444093 ) ) ;
#812 = CARTESIAN_POINT ( 'NONE',  ( -5.142720913715161046, -2.017333214762277560, -87.23697784844559067 ) ) ;
#813 = CARTESIAN_POINT ( 'NONE',  ( -6.345987724210906400, 0.8177177806748677780, -81.86639495477210460 ) ) ;
#814 = CARTESIAN_POINT ( 'NONE',  ( -11.89339607140812838, -0.6586278625470584069, -56.36157019271571045 ) ) ;
#815 = CARTESIAN_POINT ( 'NONE',  ( 50.34329620676068373, -0.1524817453113889720, -130.5291568282677872 ) ) ;
#816 = CARTESIAN_POINT ( 'NONE',  ( 48.01679818163246694, 1.276554639633534105, -129.5466385349801044 ) ) ;
#817 = CARTESIAN_POINT ( 'NONE',  ( 14.92551022807748673, 1.021759343651314378, -106.4118811362900203 ) ) ;
#818 = CARTESIAN_POINT ( 'NONE',  ( 33.41975001237975818, 1.179418957900532972, -110.1644907844306545 ) ) ;
#819 = CARTESIAN_POINT ( 'NONE',  ( -7.169085318520236783, 0.6103354313725153357, -79.15047433145396383 ) ) ;
#820 = CARTESIAN_POINT ( 'NONE',  ( -11.27673014504098781, -3.114006391522387229, -60.62110146040320302 ) ) ;
#821 = CARTESIAN_POINT ( 'NONE',  ( -0.7653246089969615307, 0.4413654369783523990, -93.63765224275243781 ) ) ;
#822 = CARTESIAN_POINT ( 'NONE',  ( 44.91528736212927697, 0.02230019891523042641, -117.4542567582070660 ) ) ;
#823 = CARTESIAN_POINT ( 'NONE',  ( 36.67626376445036129, 2.753069108281215538, -111.4560226360890596 ) ) ;
#824 = CARTESIAN_POINT ( 'NONE',  ( 50.71612396035483528, -0.4992642474260777230, -125.5222105466077807 ) ) ;
#825 = CARTESIAN_POINT ( 'NONE',  ( -10.77652771188892622, -3.601087574500187127, -39.50712479509906672 ) ) ;
#826 = CARTESIAN_POINT ( 'NONE',  ( 8.386802387764381805, 0.8744104022196241832, -103.8603460036257502 ) ) ;
#827 = CARTESIAN_POINT ( 'NONE',  ( -13.09782263920061141, -1.716711492001280037, -35.53683836275904184 ) ) ;
#828 = CARTESIAN_POINT ( 'NONE',  ( -10.76955326151397685, -3.634582865058873402, -42.97657357949634616 ) ) ;
#829 = CARTESIAN_POINT ( 'NONE',  ( 48.59444096417823289, 2.087045078660445085, -128.7985198926568273 ) ) ;
#830 = CARTESIAN_POINT ( 'NONE',  ( -6.200731538425214850, -2.767850049530609979, -12.19373454285869940 ) ) ;
#831 = EDGE_LOOP ( 'NONE', ( #373, #638 ) ) ;
#832 = CARTESIAN_POINT ( 'NONE',  ( 49.79474501327996450, -0.1359213523752238473, -132.4470818572093265 ) ) ;
#833 = CARTESIAN_POINT ( 'NONE',  ( 51.25000827217067467, 0.2379595342238494948, -125.9738198648879575 ) ) ;
#834 = CARTESIAN_POINT ( 'NONE',  ( 50.30089438849350358, 0.2626198717435624941, -131.4942201262018102 ) ) ;
#835 = CARTESIAN_POINT ( 'NONE',  ( -5.852391143077593227, 0.5546256618676091987, -11.99597135150130711 ) ) ;
#836 = CARTESIAN_POINT ( 'NONE',  ( 51.30295420326260825, 1.972780812869709077, -126.5288411793922023 ) ) ;
#837 = CARTESIAN_POINT ( 'NONE',  ( 27.16718230233547260, -0.05337851277683431511, -111.4905746775513506 ) ) ;
#838 = CARTESIAN_POINT ( 'NONE',  ( -13.14737980642304827, -1.382486288156402399, -44.24074947785885570 ) ) ;
#839 = CARTESIAN_POINT ( 'NONE',  ( 17.01624043670080155, 0.07825443597878325996, -109.4972374858217847 ) ) ;
#840 = CARTESIAN_POINT ( 'NONE',  ( 7.121925721125955455, -0.04358004360702944641, -103.4763239786641691 ) ) ;
#841 = CARTESIAN_POINT ( 'NONE',  ( -10.15788567505801687, -0.1490907731855013185, -62.69185785180196291 ) ) ;
#842 = CARTESIAN_POINT ( 'NONE',  ( 50.11344562274929615, 2.713543575139079511, -122.3603103805911729 ) ) ;
#843 = CARTESIAN_POINT ( 'NONE',  ( -4.168055217018197034, -0.8153911476212089005, -92.68378761061599391 ) ) ;
#844 = CARTESIAN_POINT ( 'NONE',  ( 45.06089877545425537, 0.4323126294596166819, -114.3970784202934396 ) ) ;
#845 = CARTESIAN_POINT ( 'NONE',  ( -10.49074252689132258, -1.067681331957448965, -36.37975769956429417 ) ) ;
#846 = CARTESIAN_POINT ( 'NONE',  ( 35.03769924273851188, 1.152365070378868150, -110.5238213227299582 ) ) ;
#847 = CARTESIAN_POINT ( 'NONE',  ( 18.72888429535052524, 0.1359019166665018652, -109.9486216428819176 ) ) ;
#848 = CARTESIAN_POINT ( 'NONE',  ( 30.64022041228607662, 2.839424357706706203, -110.1148575014791078 ) ) ;
#849 = CARTESIAN_POINT ( 'NONE',  ( 50.65454078638018842, -0.4984178169205009112, -126.7014797090076854 ) ) ;
#850 = CARTESIAN_POINT ( 'NONE',  ( 10.50963770209414605, -0.4243667688350475919, -105.8514048576286797 ) ) ;
#851 = CARTESIAN_POINT ( 'NONE',  ( -1.879823506295037472, -0.2057465445072835519, -91.07247378567889484 ) ) ;
#852 = CARTESIAN_POINT ( 'NONE',  ( -0.4581489286485113666, 1.750000000000000000, 0.000000000000000000 ) ) ;
#853 = CARTESIAN_POINT ( 'NONE',  ( -7.865377109913770148, -1.155096284206748480, -80.82879754075690926 ) ) ;
#854 = CARTESIAN_POINT ( 'NONE',  ( 26.57734887835837867, -0.3624422639250883260, -110.2730343071892207 ) ) ;
#855 = CARTESIAN_POINT ( 'NONE',  ( 47.37573554448508162, 2.129903298095795261, -133.0948139975118920 ) ) ;
#856 = CARTESIAN_POINT ( 'NONE',  ( 34.46840997586152611, -0.1701837791110120401, -112.9022294359715062 ) ) ;
#857 = CARTESIAN_POINT ( 'NONE',  ( 50.34649607041845343, -0.1422794366377225228, -120.8472989232117811 ) ) ;
#858 = CARTESIAN_POINT ( 'NONE',  ( 51.24060879872146756, 0.2379956528657173609, -126.1761713620225862 ) ) ;
#859 = CARTESIAN_POINT ( 'NONE',  ( 51.15690790178562963, 0.2393677593811074089, -127.2234955904713587 ) ) ;
#860 = CARTESIAN_POINT ( 'NONE',  ( -10.51847148820512778, -0.3188775977001349071, -29.86604397921156462 ) ) ;
#861 = CARTESIAN_POINT ( 'NONE',  ( 51.51811583226000835, 1.129579114554737362, -126.0299430309666775 ) ) ;
#862 = CARTESIAN_POINT ( 'NONE',  ( 48.34168348924499981, -0.4021591408632931297, -129.5925467872572767 ) ) ;
#863 = CARTESIAN_POINT ( 'NONE',  ( 5.919402175041872383, 2.293331263704504686, -105.3818530908733919 ) ) ;
#864 = CARTESIAN_POINT ( 'NONE',  ( 17.57473894592166985, 0.09691033824008354891, -109.6475012841567889 ) ) ;
#865 = CARTESIAN_POINT ( 'NONE',  ( 3.705630699295469288, -0.2654045081872510314, -100.8346746602564679 ) ) ;
#866 = CARTESIAN_POINT ( 'NONE',  ( -7.169085318520236783, 0.6103354313725153357, -79.15047433145396383 ) ) ;
#867 = CARTESIAN_POINT ( 'NONE',  ( 49.61441782878384288, 2.724632375745718704, -130.9314529723675662 ) ) ;
#868 = CARTESIAN_POINT ( 'NONE',  ( 48.28414279288884359, 1.266706310833567439, -128.2632228653358197 ) ) ;
#869 = CARTESIAN_POINT ( 'NONE',  ( -8.030208837100341057, -1.219184126744400576, -65.96535740673270709 ) ) ;
#870 = CARTESIAN_POINT ( 'NONE',  ( -8.558860044518405985, -0.4526903767797265110, -66.06257661254856828 ) ) ;
#871 = CARTESIAN_POINT ( 'NONE',  ( -2.233445470182352288, 0.1945547772711762602, -90.09348180224165503 ) ) ;
#872 = CARTESIAN_POINT ( 'NONE',  ( 48.57388690675553278, -0.06516523161010129295, -126.8526024507858949 ) ) ;
#873 = CARTESIAN_POINT ( 'NONE',  ( 9.026981317571545205, 2.863352776651556741, -105.0090733839567037 ) ) ;
#874 = CARTESIAN_POINT ( 'NONE',  ( 50.28852820454254413, -0.4887308942770537401, -129.2267971811245673 ) ) ;
#875 = CARTESIAN_POINT ( 'NONE',  ( 44.81103966009791151, -0.6657730552506346822, -115.7647177719147606 ) ) ;
#876 = CARTESIAN_POINT ( 'NONE',  ( 44.83225068910230959, 0.4386752386393267811, -114.2597351670986399 ) ) ;
#877 = CARTESIAN_POINT ( 'NONE',  ( 50.68243545958235785, 2.336409124257863290, -129.2592482340390347 ) ) ;
#878 = CARTESIAN_POINT ( 'NONE',  ( 19.57645848138846745, 2.311214706224742343, -110.2857475922451869 ) ) ;
#879 = CARTESIAN_POINT ( 'NONE',  ( 48.01679818163246694, 1.276554639633534105, -129.5466385349801044 ) ) ;
#880 = CARTESIAN_POINT ( 'NONE',  ( 33.03135099969257027, -0.4261268403218025358, -111.4598755483276022 ) ) ;
#881 = CARTESIAN_POINT ( 'NONE',  ( -6.880990948619713166, -1.589865403139135047, -83.64218465865451435 ) ) ;
#882 = CARTESIAN_POINT ( 'NONE',  ( -2.665932438997124621, -1.779252327110782073, -92.13198425469448694 ) ) ;
#883 = CARTESIAN_POINT ( 'NONE',  ( -9.613681207462132505, -1.808462264461832447, -29.57468075075158609 ) ) ;
#884 = CARTESIAN_POINT ( 'NONE',  ( 13.80249274817707139, 1.690268702395211875, -109.0067001761369170 ) ) ;
#885 = CARTESIAN_POINT ( 'NONE',  ( -10.53106504403504928, -0.4425583474836142228, -55.15512806800356316 ) ) ;
#886 = CARTESIAN_POINT ( 'NONE',  ( 51.38731248503880522, 1.138199256738495979, -123.1297949064481543 ) ) ;
#887 = CC_DESIGN_PERSON_AND_ORGANIZATION_ASSIGNMENT ( #560, #1066, ( #3393 ) ) ;
#888 = CARTESIAN_POINT ( 'NONE',  ( -10.93929720671019723, -3.865916566788683895, -47.66763220299181114 ) ) ;
#889 = CARTESIAN_POINT ( 'NONE',  ( 34.93656085580244053, 2.674775452659104324, -112.9004756474823665 ) ) ;
#890 = CARTESIAN_POINT ( 'NONE',  ( 48.40476413576146797, -0.05883714182799390513, -128.0871153450972031 ) ) ;
#891 = CARTESIAN_POINT ( 'NONE',  ( 44.89755804135509720, -0.3233956754793749222, -114.9190286966740757 ) ) ;
#892 = CARTESIAN_POINT ( 'NONE',  ( -8.117822470852694039, -1.519028537850929617, -21.31716939449280446 ) ) ;
#893 = CARTESIAN_POINT ( 'NONE',  ( 34.69204729798405396, 3.069942913832080844, -112.1106636583741789 ) ) ;
#894 = CARTESIAN_POINT ( 'NONE',  ( -10.87632628659945588, -3.088390820150480831, -62.87742299138123059 ) ) ;
#895 = DIRECTION ( 'NONE',  ( 0.000000000000000000, 0.000000000000000000, 1.000000000000000000 ) ) ;
#896 = CARTESIAN_POINT ( 'NONE',  ( 50.20948178315602917, 0.6792400825674205223, -132.5028224167878363 ) ) ;
#897 = CARTESIAN_POINT ( 'NONE',  ( -10.99962435194098731, -3.095724787174797044, -62.20853031912938036 ) ) ;
#898 = CARTESIAN_POINT ( 'NONE',  ( 45.14821892535690040, 0.8469595756836559852, -114.2227751907468161 ) ) ;
#899 = CARTESIAN_POINT ( 'NONE',  ( 17.01624043670080155, 0.07825443597878325996, -109.4972374858217847 ) ) ;
#900 = CARTESIAN_POINT ( 'NONE',  ( 49.14825160307976404, 2.745353692793953471, -131.0900971015724110 ) ) ;
#901 = CARTESIAN_POINT ( 'NONE',  ( 43.61647993716883320, 2.555871813421644934, -113.8682367974199821 ) ) ;
#902 = CARTESIAN_POINT ( 'NONE',  ( 29.21012541137697838, -0.006160860141024478327, -109.9982552261746633 ) ) ;
#903 = CARTESIAN_POINT ( 'NONE',  ( 42.90573410421567502, -0.6184516244208170255, -114.6605171202433837 ) ) ;
#904 = CARTESIAN_POINT ( 'NONE',  ( 51.06091411731873819, 0.2483830560600742421, -122.7750556451314878 ) ) ;
#905 = CARTESIAN_POINT ( 'NONE',  ( 50.59095190978836598, 2.338979526632653183, -129.6999505445284626 ) ) ;
#906 = CARTESIAN_POINT ( 'NONE',  ( 21.35743310994303812, 2.372096624090182626, -110.6138278108488606 ) ) ;
#907 = CARTESIAN_POINT ( 'NONE',  ( 7.650357581657716288, -0.5301345931582672755, -104.4888810323341488 ) ) ;
#908 = CARTESIAN_POINT ( 'NONE',  ( 47.53263044177976582, 2.124380123347340721, -132.6485085102777077 ) ) ;
#909 = CARTESIAN_POINT ( 'NONE',  ( 16.54017475913672541, -0.4077361614152908431, -108.2919127898499738 ) ) ;
#910 = CARTESIAN_POINT ( 'NONE',  ( -10.24913333787677594, -1.968756632638153148, -37.21486543824435955 ) ) ;
#911 = CARTESIAN_POINT ( 'NONE',  ( -2.865590592118123059, -0.3337446349935996870, -88.28921182223305664 ) ) ;
#912 = CARTESIAN_POINT ( 'NONE',  ( 50.85937351265988582, 0.2466941481264264269, -129.1692003045648676 ) ) ;
#913 = CARTESIAN_POINT ( 'NONE',  ( 34.79041870247913693, 1.886498662293690787, -113.3401614694805062 ) ) ;
#914 = CARTESIAN_POINT ( 'NONE',  ( 9.915979759525837878, 2.623785126133639345, -105.0507998655761526 ) ) ;
#915 = CARTESIAN_POINT ( 'NONE',  ( 0.9134766528357440851, 1.561397081317172475, 0.000000000000000000 ) ) ;
#916 = CARTESIAN_POINT ( 'NONE',  ( -9.195376765675586483, -3.492785021917887978, -61.54220979494218113 ) ) ;
#917 = CARTESIAN_POINT ( 'NONE',  ( 44.10728666918738128, 2.190955176927150472, -116.5831288393348757 ) ) ;
#918 = CARTESIAN_POINT ( 'NONE',  ( 33.35499474516955587, 2.704063422951328288, -112.5360275300596840 ) ) ;
#919 = CARTESIAN_POINT ( 'NONE',  ( -0.4581489286485118106, -1.750000000000000000, 0.000000000000000000 ) ) ;
#920 = CARTESIAN_POINT ( 'NONE',  ( -13.11755683173422860, -2.749111294535754091, -43.55713755929010489 ) ) ;
#921 = CARTESIAN_POINT ( 'NONE',  ( 50.48196864222178704, -0.4941496705410800550, -128.1463387306988579 ) ) ;
#922 = CARTESIAN_POINT ( 'NONE',  ( -0.9749717390698635633, -0.04891744330516627909, -93.26573582621408320 ) ) ;
#923 = CARTESIAN_POINT ( 'NONE',  ( 5.884262199841623797, 2.801812408244798380, -104.6197091123570146 ) ) ;
#924 = CARTESIAN_POINT ( 'NONE',  ( 32.88050266425440782, 1.008921994329448291, -113.0981629575080376 ) ) ;
#925 = CARTESIAN_POINT ( 'NONE',  ( 51.04934023370596918, 0.2417796879271745802, -128.0655223646470233 ) ) ;
#926 = CARTESIAN_POINT ( 'NONE',  ( -10.53206899246000816, -1.081360698882362081, -37.25395264467658762 ) ) ;
#927 = CARTESIAN_POINT ( 'NONE',  ( 51.25757096025593995, 0.6498765541564213155, -128.0650047609705666 ) ) ;
#928 = CARTESIAN_POINT ( 'NONE',  ( 47.78482874808692316, -0.03654726067131011669, -130.8001433388992893 ) ) ;
#929 = CARTESIAN_POINT ( 'NONE',  ( 49.51844643854442296, 2.735581575216794459, -121.6806764921710737 ) ) ;
#930 = CARTESIAN_POINT ( 'NONE',  ( -11.59553395809313159, -0.4205030437057480919, -56.04694630726356763 ) ) ;
#931 = CARTESIAN_POINT ( 'NONE',  ( 42.33359838641955974, -0.2514382087479792305, -113.5550999641097292 ) ) ;
#932 = CARTESIAN_POINT ( 'NONE',  ( 49.94037521372953847, -0.8121269960310608660, -125.8967069611934591 ) ) ;
#933 = CARTESIAN_POINT ( 'NONE',  ( 50.20998059370445077, 0.2786181321956365808, -119.9416126980004123 ) ) ;
#934 = B_SPLINE_SURFACE_WITH_KNOTS ( 'NONE', 3, 3, (
 ( #3715, #2514, #5406, #4210, #5281, #4862, #2340, #4032, #1930, #3201, #3620, #4238, #910, #1774, #940, #5091, #118, #5176, #970, #2653, #3794, #3377, #5063, #206, #1829, #2682, #1119, #1420, #236, #1916, #3096, #2265, #1888, #1532, #3213, #4410, #2323, #3543, #4044, #4347, #3930, #1092, #1505, #4785, #1003, #4380, #176, #3187, #1065, #4875, #3604, #589, #2740, #616, #2293, #1858, #5234, #5263, #2771, #3128, #4466, #3575, #4817, #1034, #2712, #674, #1476, #3158, #4845, #4439, #647, #3656, #4517, #3681, #366, #1073, #3610, #1946, #2749, #4446, #5325, #654, #4023, #2356, #5272, #4795, #1098, #2303, #3192, #624, #1897, #3137, #1511, #3219, #4854, #1455, #242, #4472, #1921, #4826, #3968, #217, #1045, #2691, #2720, #153, #5297, #4388, #1838, #4419, #2245, #1485, #2332, #3999, #980, #3585, #2661, #4357, #3167, #4881, #2777, #568, #679, #4049, #267, #3636, #1538, #3939, #185, #3523, #5214, #596, #1429, #3105, #1012, #2272, #1867, #3553, #5242, #5418 ),
 ( #4994, #3752, #4966, #2889, #5446, #1213, #4582, #1187, #2472, #3698, #4166, #384, #2062, #1657, #735, #2414, #4109, #2034, #327, #5387, #1626, #1598, #2861, #4556, #2004, #3284, #761, #3312, #2442, #4138, #355, #3726, #2868, #2946, #21, #2141, #4663, #4563, #3367, #2041, #871, #3732, #2116, #2091, #4227, #4589, #821, #2504, #5080, #1296, #1712, #2896, #768, #3394, #3810, #5052, #2452, #5395, #794, #3319, #2971, #3784, #4198, #1221, #1606, #2557, #5001, #3292, #1271, #441, #4254, #2530, #3760, #2479, #1686, #4145, #469, #4974, #3345, #4174, #415, #1194, #362, #4638, #5425, #1634, #846, #391, #2069, #5453, #1664, #5027, #1247, #4614, #2922, #5476, #4689, #1848, #49, #3863, #1323, #5108, #898, #3532, #1737, #77, #2997, #2671, #164, #4805, #4773, #522, #578, #4744, #990, #2701, #4367, #2254, #5164, #3948, #3836, #2581, #3449, #5223, #4399, #1438, #4717, #3116, #927, #1023, #5136, #4280, #4306, #605, #5193, #3420, #1351, #494, #2169, #1408 ),
 ( #3084, #1762, #3027, #2611, #2198, #3892, #106, #1792, #3477, #1380, #3055, #959, #2640, #4335, #549, #2225, #3918, #135, #1818, #3504, #4890, #225, #5252, #5334, #2390, #4531, #1573, #1465, #276, #4427, #3258, #633, #4506, #4481, #1134, #1494, #3202, #1108, #1979, #3671, #4084, #5282, #3146, #301, #711, #1954, #4834, #2282, #3175, #1904, #5360, #688, #2786, #3593, #3978, #4940, #4863, #195, #3645, #2811, #1160, #4914, #663, #1081, #4058, #1054, #2836, #1876, #251, #2759, #2365, #3563, #2729, #1547, #2312, #4007, #3230, #4455, #2341, #4033, #1931, #3621, #5307, #1520, #2960, #4321, #2242, #4269, #3906, #1834, #538, #123, #3851, #2213, #1727, #1807, #3492, #2657, #564, #3519, #1395, #5181, #3014, #150, #457, #2597, #2131, #4679, #1313, #4353, #3072, #4652, #5096, #3936, #3464, #93, #886, #3825, #4760, #976, #5210, #861, #36, #946, #2987, #2546, #2571, #4242, #5151, #3409, #2158, #3879, #1779, #484, #66, #1751, #3438, #5124, #1339, #4706 ),
 ( #915, #4295, #1367, #3042, #509, #2185, #4732, #2628, #1425, #3581, #3163, #4851, #5269, #3133, #3549, #212, #2687, #1069, #2328, #4822, #5238, #621, #2745, #4791, #1894, #4443, #651, #1482, #593, #3102, #1008, #4416, #4384, #2299, #2269, #3965, #1452, #1040, #182, #1864, #2717, #3996, #4833, #2386, #1569, #1464, #2670, #2806, #1437, #3145, #4936, #1130, #4502, #1847, #707, #521, #4743, #134, #4080, #1156, #297, #1407, #1975, #3083, #3667, #1817, #958, #989, #5356, #3254, #2832, #3503, #1379, #2197, #3891, #3977, #5163, #105, #5192, #3917, #1791, #2700, #4804, #4772, #3476, #3054, #4366, #4333, #3562, #548, #2224, #577, #2253, #3947, #2281, #162, #3115, #1022, #4397, #604, #194, #5251, #4104, #4188, #4215, #2106, #808, #4962, #2935, #5068, #2884, #4627, #4577, #3747, #4527, #323, #5383, #2519, #731, #4551, #2000, #3358, #836, #10, #5467, #1208, #1260, #5441, #1677, #3382, #5041, #430, #379, #3799, #2410, #3280, #4133, #1701, #1285, #3694 ),
 ( #2057, #1593, #1650, #1182, #2857, #2029, #756, #349, #2436, #3334, #5015, #3721, #5412, #3774, #1234, #782, #404, #2467, #1621, #4160, #3307, #2910, #2493, #4989, #4603, #2082, #5366, #4562, #4144, #2422, #3264, #4116, #1579, #819, #767, #2013, #2451, #5394, #1193, #4513, #4946, #3783, #718, #2895, #4588, #307, #1166, #2040, #2503, #4613, #3291, #5000, #741, #1554, #1985, #793, #2478, #3677, #2842, #5424, #413, #3237, #4973, #1220, #1633, #5026, #4921, #1141, #3758, #4173, #2818, #4537, #390, #2068, #5452, #1663, #3344, #1246, #2921, #4205, #2458, #421, #4029, #2097, #1, #1692, #3225, #5058, #248, #1104, #684, #3616, #5303, #2875, #142, #3456, #5171, #2232, #2123, #1387, #1825, #1302, #4723, #1799, #3511, #935, #2618, #5200, #4312, #2205, #556, #5143, #2977, #4751, #501, #3062, #2176, #84, #1330, #966, #1415, #3034, #5114, #3899, #2647, #113, #3004, #2147, #3871, #4696, #877, #905, #3816, #3484, #2563, #27, #2588, #448, #1358, #529 ),
 ( #852, #3842, #1718, #4260, #3925, #1769, #4342, #4644, #2536, #4233, #3400, #5086, #4669, #475, #55, #1743, #3427, #4014, #1088, #1445, #1030, #695, #3123, #641, #232, #3985, #4813, #202, #2708, #2372, #4435, #1884, #2319, #3570, #2736, #585, #4406, #670, #4488, #1911, #612, #3209, #3600, #5314, #5289, #1501, #5259, #3628, #5341, #3182, #1471, #2348, #1115, #4040, #3153, #2289, #4870, #4841, #1061, #2766, #2261, #1938, #4462, #3955, #258, #4375, #1527, #4897, #2793, #3091, #4065, #4780, #997, #283, #171, #1961, #3652, #2678, #1854, #3539, #5230, #4028, #629, #2725, #4451, #4423, #1926, #2308, #5302, #222, #2754, #3111, #2696, #2361, #4800, #4004, #3590, #190, #1017, #1872, #4393, #4054, #5277, #3558, #1490, #5247, #3172, #158, #2277, #1543, #1843, #659, #2337, #3528, #3973, #4859, #272, #3641, #1078, #247, #1459, #2782, #5330, #4768, #1516, #3615, #2666, #985, #3141, #3197, #4886, #1103, #4477, #4362, #573, #5219, #3279, #1181, #1129, #1233 ),
 ( #2409, #4988, #4079, #5440, #3773, #2856, #4103, #2028, #3333, #4501, #2883, #2909, #807, #1207, #3666, #1649, #5466, #1592, #5014, #4961, #3746, #2492, #2385, #4602, #4187, #5355, #3306, #378, #403, #4576, #781, #2081, #2466, #4159, #3224, #3720, #1568, #4910, #4550, #296, #755, #4132, #5382, #1974, #3253, #1620, #3693, #2056, #4935, #1155, #2435, #730, #348, #5411, #2831, #4526, #322, #1999, #1905, #1055, #2342, #4835, #1521, #4891, #4034, #5253, #3203, #3147, #4428, #2760, #3594, #1082, #2730, #689, #2787, #634, #2313, #1135, #4482, #1109, #3231, #2366, #2812, #4059, #712, #277, #1548, #4456, #664, #4008, #252, #1955, #3646, #3622, #1932, #5308, #5335, #226, #4915, #4507, #2391, #4085, #5283, #1495, #3176, #4864, #4282, #2673, #4369, #496, #929, #4337, #606, #4400, #1382, #4775, #524, #4806, #2283, #3564, #3533, #3950, #4691, #2999, #5138, #2613, #166, #3506, #1849, #580, #2583, #5195, #3057, #4746, #900, #1024, #2227, #2256, #2200, #5224 ),
 ( #1439, #1325, #3979, #137, #961, #3117, #2642, #2702, #3920, #992, #1353, #3894, #196, #3029, #551, #1820, #108, #1794, #3479, #5166, #1878, #1410, #3086, #2171, #3865, #79, #1764, #3451, #9, #2545, #1312, #2986, #5180, #4352, #3964, #3607, #1508, #181, #4415, #1833, #4442, #945, #2627, #4850, #3580, #4320, #537, #975, #2241, #5268, #4821, #1481, #2298, #3071, #1039, #1863, #3548, #3935, #650, #1451, #211, #5209, #2744, #2716, #1424, #3101, #4790, #2327, #3995, #1893, #3683, #5400, #2457, #2353, #1611, #368, #1534, #4951, #2018, #2047, #1171, #2847, #3738, #4542, #4122, #773, #5371, #3215, #4979, #2401, #3297, #4095, #313, #1559, #1199, #1640, #3269, #5346, #339, #2873, #3710, #3242, #2377, #1990, #4926, #1121, #1146, #4046, #4568, #2798, #263, #2823, #676, #1584, #747, #4150, #4878, #5431, #1095, #2774, #4070, #1943, #4493, #4469, #3633, #5321, #4902, #700, #288, #1966, #3658, #2902, #642, #3124, #1912, #5315, #3183, #3571, #3956, #1472 ),
 ( #1528, #2648, #4871, #2767, #4781, #172, #5372, #3270, #4123, #827, #1641, #3243, #4952, #1172, #5401, #3325, #3298, #4151, #369, #1277, #1770, #3457, #2206, #114, #1388, #936, #3872, #4261, #5172, #1693, #2148, #3373, #4234, #853, #3900, #5144, #2510, #4645, #3485, #3005, #5115, #449, #5059, #85, #2619, #4752, #3063, #2952, #502, #2537, #4206, #2124, #4724, #4697, #1359, #1719, #3428, #1331, #422, #2098, #530, #28, #3817, #3790, #3401, #2177, #5087, #1303, #2978, #4670, #878, #906, #2589, #476, #3843, #56, #4287, #3035, #3685, #5374, #2301, #214, #265, #5323, #4072, #2330, #3583, #4904, #1123, #2800, #4495, #3551, #68, #1836, #5240, #3135, #3521, #917, #4386, #1042, #4323, #4824, #2215, #5183, #3853, #1753, #1341, #3440, #5126, #511, #3017, #4793, #4708, #2599, #1427, #2630, #2187, #3881, #5212, #3908, #95, #1781, #125, #3466, #5153, #1369, #3044, #1010, #948, #3494, #1397, #978, #3074, #4762, #2659, #4355, #566, #5244, #3970, #2190 ),
 ( #4797, #4359, #1431, #2633, #4765, #982, #598, #2274, #2693, #4326, #3884, #1014, #4390, #3941, #98, #920, #542, #4736, #187, #570, #2247, #2218, #2602, #1869, #3911, #4299, #3107, #3555, #514, #1784, #2663, #5186, #3469, #128, #5156, #1372, #155, #1840, #3047, #951, #1400, #1811, #3497, #3077, #3525, #5216, #5129, #3020, #461, #1344, #41, #3413, #1655, #5019, #1239, #1918, #973, #1422, #562, #4441, #238, #4877, #1068, #1861, #649, #4413, #2743, #1094, #2326, #4019, #4819, #3606, #4758, #3517, #4382, #5294, #2655, #1507, #179, #3189, #3546, #2773, #2267, #3099, #5236, #4468, #4350, #2239, #3131, #3933, #148, #1831, #5207, #619, #4788, #1037, #1006, #2685, #591, #3962, #2714, #2296, #3993, #209, #3161, #1891, #3578, #5266, #1479, #4848, #3065, #1744, #4377, #3429, #3927, #1801, #2234, #1360, #2620, #4313, #1417, #3093, #3513, #4698, #2564, #5202, #144, #2650, #879, #1304, #4725, #5116, #2979, #4344, #531, #3006, #4671, #2149, #937, #2809 ),
 ( #1596, #1185, #4554, #759, #352, #5415, #785, #4245, #39, #4272, #4163, #5099, #1653, #1237, #3828, #2913, #4191, #2522, #4218, #4929, #5432, #4334, #3862, #1711, #820, #897, #4226, #3759, #440, #3809, #5051, #414, #2945, #1295, #4637, #20, #3392, #5079, #2970, #2556, #4253, #468, #1537, #3218, #1072, #2850, #216, #2748, #3166, #4022, #241, #3713, #2021, #4126, #5404, #342, #1614, #2866, #2010, #2448, #2420, #3317, #1218, #3704, #360, #1599, #4967, #3987, #999, #3957, #4436, #5173, #173, #2768, #3064, #5231, #4753, #1826, #3926, #1502, #2737, #115, #2233, #1389, #967, #3601, #1800, #143, #2649, #643, #1913, #1089, #1062, #2262, #2320, #1031, #4015, #4463, #233, #5290, #1446, #3184, #3486, #4343, #5201, #4872, #671, #2349, #998, #557, #2679, #3512, #1416, #3092, #586, #4782, #1473, #4376, #1855, #3540, #3125, #3155, #4814, #2709, #4842, #4407, #613, #2290, #3986, #203, #1885, #3572, #5260, #4091, #1222, #1529, #3678, #3210, #284, #2373 ),
 ( #4066, #3320, #5367, #2819, #3265, #4922, #1580, #4898, #1962, #795, #1116, #5396, #1607, #2794, #3653, #4947, #5002, #1635, #308, #2014, #3238, #2042, #2897, #4041, #769, #1195, #1939, #259, #5342, #1555, #2869, #742, #4564, #3293, #5317, #2423, #1986, #1167, #3629, #3733, #2843, #4975, #1142, #2453, #4538, #4489, #696, #4514, #4146, #719, #4590, #4117, #363, #2397, #335, #5426, #3706, #4615, #2558, #5109, #3450, #4255, #470, #1352, #2142, #50, #2923, #899, #3028, #847, #2582, #2531, #1713, #2480, #3761, #3346, #495, #4175, #2505, #5454, #1324, #4281, #5137, #3421, #4639, #4690, #3395, #2998, #4718, #2170, #3864, #3811, #78, #392, #1248, #2092, #1763, #2070, #1665, #3368, #5028, #5053, #822, #3785, #4199, #2947, #416, #3837, #5477, #1687, #1272, #4228, #1738, #442, #2117, #22, #5081, #1297, #2972, #4664, #872, #4774, #5331, #523, #991, #3668, #3893, #579, #107, #2641, #4745, #2387, #3642, #928, #3056, #708, #1517, #3617, #4336, #1793 ),
 ( #3255, #3478, #2362, #4055, #5165, #550, #3949, #298, #4081, #2672, #4478, #136, #4503, #1976, #2612, #3226, #1544, #4307, #2199, #960, #2226, #4911, #3198, #1131, #273, #1381, #4887, #4368, #2255, #3919, #5357, #1927, #1951, #1819, #2807, #165, #3505, #5194, #1409, #1570, #3085, #5304, #1105, #2783, #685, #2411, #5468, #431, #1594, #5016, #1157, #809, #1678, #3359, #2083, #3308, #4134, #1235, #324, #5042, #11, #2885, #350, #3748, #1261, #4528, #4604, #4628, #2520, #2911, #5384, #2936, #1702, #4990, #837, #1209, #4161, #4937, #732, #2001, #4216, #2833, #4963, #4106, #3775, #2107, #3800, #405, #1622, #3695, #380, #3281, #1183, #2858, #4552, #783, #757, #2438, #2030, #3722, #5413, #4578, #2468, #2058, #5442, #1651, #3335, #2494, #4189, #3852, #539, #4733, #2658, #4680, #4322, #2243, #947, #2214, #4270, #2629, #2132, #3907, #124, #3073, #1808, #1752, #3493, #2961, #3439, #565, #862, #3016, #2547, #5097, #1728, #4761, #5182, #3383, #37, #977 ),
 ( #1396, #4354, #151, #3937, #4243, #1368, #3410, #5069, #1314, #1286, #94, #4653, #2572, #4296, #510, #458, #3826, #2988, #888, #485, #2159, #67, #3043, #5125, #1340, #4707, #916, #2598, #1780, #2186, #3880, #3465, #5152, #1453, #4792, #5239, #4852, #1122, #4903, #1895, #5295, #1041, #5322, #2799, #4071, #4047, #4470, #5211, #3520, #183, #3134, #677, #4020, #2354, #3190, #3103, #239, #3582, #5270, #1426, #1535, #2746, #1096, #4823, #264, #1070, #594, #2689, #1009, #1944, #1835, #4494, #652, #3634, #701, #4385, #3216, #2378, #3966, #1919, #2270, #1865, #3608, #1509, #3550, #4879, #2775, #2718, #2329, #4417, #622, #3164, #2300, #1483, #4444, #3997, #213, #2511, #4152, #748, #5007, #3766, #1227, #2427, #3271, #4980, #4124, #1991, #340, #4927, #4595, #3684, #1147, #3711, #1560, #774, #370, #1612, #289, #2876, #1967, #3659, #4953, #2824, #5373, #3351, #4569, #1200, #1253, #5347, #2903, #3299, #2019, #2459, #2048, #5433, #3739, #800, #1642, #3326 ),
 ( #1670, #2485, #3244, #2402, #5459, #4180, #397, #1585, #4519, #2075, #5033, #723, #2928, #4096, #4620, #314, #828, #1173, #2848, #4543, #5402, #1332, #5088, #450, #1305, #2538, #3487, #57, #2980, #3430, #4672, #3844, #1694, #4235, #968, #3374, #86, #1771, #5060, #2125, #1745, #5174, #1802, #4262, #2178, #3402, #2207, #1390, #4207, #938, #1361, #2099, #423, #3818, #29, #3036, #907, #4726, #3458, #2, #2590, #477, #2150, #3791, #3901, #5117, #5145, #1720, #2621, #3007, #2953, #1278, #4646, #4314, #854, #3066, #4699, #532, #4754, #880, #116, #2565, #4288, #503, #3873, #3630, #2738, #4437, #1530, #645, #234, #4042, #1474, #1001, #2769, #3988, #4873, #2291, #3573, #4815, #3185, #4899, #1063, #3126, #1914, #672, #3602, #1032, #174, #1886, #2710, #4378, #4408, #1827, #1503, #587, #3514, #614, #3928, #3156, #2321, #204, #2651, #5261, #4345, #558, #1856, #5203, #2263, #260, #4843, #4016, #5318, #2235, #5291, #1090, #4464, #2350, #1940, #3211 ),
 ( #2680, #3958, #145, #1418, #3094, #3541, #4783, #5232, #1447, #2795, #2454, #1637, #3322, #3735, #4948, #309, #2870, #1963, #5004, #1667, #4539, #1987, #5397, #1224, #697, #770, #797, #4177, #4565, #1556, #2899, #3348, #1168, #4592, #2844, #336, #1117, #2374, #3654, #2482, #4490, #1143, #4067, #5428, #394, #2072, #2044, #3266, #3763, #2015, #5456, #285, #5343, #3239, #2424, #4923, #2820, #4515, #720, #2398, #4092, #3679, #5368, #1581, #743, #4118, #3707, #1608, #3294, #4976, #4147, #1196, #364, #498, #3896, #902, #2173, #444, #4284, #3787, #3867, #81, #4720, #2585, #3397, #1766, #4617, #5083, #2202, #2507, #4666, #4201, #1274, #3370, #931, #3453, #5030, #1689, #2615, #52, #2144, #2949, #418, #5140, #1355, #1796, #4309, #2094, #3001, #5055, #526, #4641, #3031, #1740, #110, #4230, #472, #3839, #1250, #2925, #824, #2533, #5479, #849, #2119, #4693, #3813, #24, #1715, #1299, #2974, #874, #2560, #4257, #3423, #5111, #1327, #2762, #1084, #3535 ),
 ( #4339, #3596, #228, #1467, #2644, #3481, #994, #1412, #5285, #198, #2285, #4777, #5168, #1907, #3088, #1384, #4837, #4010, #1497, #636, #1851, #2675, #5255, #553, #3178, #4036, #1441, #4371, #3981, #4866, #3059, #3149, #4458, #666, #1057, #3922, #2344, #254, #5226, #4748, #3119, #2704, #963, #2229, #139, #1822, #3508, #5197, #582, #2315, #2258, #3952, #4430, #168, #4808, #4402, #1026, #608, #1880, #3566, #2732, #2863, #1934, #691, #1550, #2445, #2474, #5420, #2814, #4140, #4509, #3728, #3233, #2368, #2393, #4558, #3286, #1215, #4917, #763, #789, #4969, #357, #714, #1189, #4061, #2036, #1628, #3314, #4996, #303, #2891, #1523, #1981, #4584, #4893, #1575, #1111, #3648, #279, #4168, #3624, #5310, #1957, #3205, #2416, #4533, #5337, #2789, #4484, #1137, #4087, #3673, #5362, #3260, #4942, #1162, #737, #2838, #4111, #330, #2006, #3700, #5389, #1601, #5022, #5448, #3340, #2064, #3754, #2499, #1659, #2917, #4609, #386, #815, #1242, #600, #3444, #1458 ),
 ( #1757, #1016, #3110, #4361, #72, #892, #3886, #4301, #2695, #3079, #5188, #2192, #2576, #4799, #516, #4275, #2249, #1433, #4392, #3527, #4738, #100, #2665, #5131, #2276, #3140, #4328, #1786, #1403, #3972, #489, #572, #189, #1871, #3943, #1346, #3557, #2163, #953, #5246, #2635, #130, #3857, #3022, #4712, #922, #2604, #3471, #5158, #5218, #1374, #3049, #1842, #544, #2220, #1813, #3913, #3499, #4767, #984, #157, #294, #4829, #3588, #4449, #5353, #5380, #2829, #245, #1566, #1924, #1153, #657, #5275, #5300, #1972, #705, #4101, #2335, #3664, #3691, #2383, #3250, #3613, #4077, #1488, #4933, #4524, #728, #2407, #3195, #320, #4422, #4884, #1997, #2306, #1590, #1048, #2723, #627, #3170, #4026, #4002, #1541, #220, #1900, #4857, #3222, #1101, #2780, #1076, #2752, #270, #1514, #4475, #682, #4052, #2359, #1949, #3639, #5328, #4908, #1127, #2804, #4499, #859, #753, #3797, #4240, #5409, #3356, #428, #455, #5039, #1258, #2129, #2933, #834, #4650, #2079 ) ),
 .UNSPECIFIED., .T., .F., .F.,
 ( 4, 2, 2, 2, 2, 2, 2, 2, 4 ),
 ( 4, 2, 2, 2, 2, 2, 2, 2, 2, 2, 2, 2, 2, 2, 2, 2, 2, 2, 2, 2, 2, 2, 2, 2, 2, 2, 2, 2, 2, 2, 2, 2, 2, 2, 2, 2, 2, 2, 2, 2, 2, 2, 2, 2, 2, 2, 2, 2, 2, 2, 2, 2, 2, 2, 2, 2, 2, 2, 2, 2, 2, 2, 2, 2, 2, 2, 2, 2, 2, 4 ),
 ( 0.000000000000000000, 0.1250000000000000000, 0.2500000000000000000, 0.3750000000000000000, 0.5000000000000000000, 0.6250000000000000000, 0.7500000000000000000, 0.8750000000000000000, 1.000000000000000000 ),
 ( 0.000000000000000000, 0.06095647388834152247, 0.1219129477766830449, 0.1821722183208780987, 0.2123018535929755979, 0.2273666712290243752, 0.2424314888650731248, 0.2581297113480545691, 0.2738279338310360411, 0.3052243787969989297, 0.3366208237629618183, 0.3523190462459432348, 0.3680172687289247069, 0.3802485942115154116, 0.3924799196941061163, 0.4169425706592874703, 0.4658678725896502337, 0.5148424969919661587, 0.5393298091931241212, 0.5515734652937031024, 0.5576952933439925930, 0.5638171213942820836, 0.5729825526567009497, 0.5821479839191199268, 0.6004788464439577700, 0.6182293842611867873, 0.6359799220784158047, 0.6543856185521313984, 0.6635884667889891952, 0.6727913150258469921, 0.6827089692409098465, 0.6926266234559728119, 0.7025442776710357773, 0.7124619318860986317, 0.7228984436244521028, 0.7333349553628056849, 0.7542079788395126272, 0.7886117950618370953, 0.8058137031729992739, 0.8144146572285804186, 0.8187151342563709910, 0.8230156112841615634, 0.8267421749974590561, 0.8304687387107564378, 0.8379218661373513122, 0.8528281209905409499, 0.8677343758437305876, 0.8751875032703254620, 0.8789140669836228437, 0.8826406306969203364, 0.8869234134402281811, 0.8912061961835361368, 0.8997717616701519372, 0.9161540917937399664, 0.9245138514860476997, 0.9328736111783554330, 0.9382755489117504677, 0.9436774866451455024, 0.9495787466445880787, 0.9554800066440306550, 0.9620441773377375050, 0.9653262626845909855, 0.9686083480314444660, 0.9722962362012697035, 0.9759841243710948300, 0.9796720125409199564, 0.9833599007107451939, 0.9875199255330588954, 0.9916799503553725970, 1.000000000000000000 ),
 .UNSPECIFIED. ) ;
#935 = CARTESIAN_POINT ( 'NONE',  ( 47.69163130212236013, 2.440054605165669077, -116.6626308877562082 ) ) ;
#936 = CARTESIAN_POINT ( 'NONE',  ( -11.54981835316095662, -1.826589843594814910, -62.24924007081359889 ) ) ;
#937 = CARTESIAN_POINT ( 'NONE',  ( 46.96050245242557253, 1.314644816721250109, -133.0441877812837959 ) ) ;
#938 = CARTESIAN_POINT ( 'NONE',  ( 1.080260366348692047, -1.048775677204531132, -98.61077114620026407 ) ) ;
#939 = CARTESIAN_POINT ( 'NONE',  ( -9.743682586649690336, -3.639086243293439882, -58.39434856639772420 ) ) ;
#940 = CARTESIAN_POINT ( 'NONE',  ( -10.31962513074953947, -2.001561946542747883, -39.77806334546590250 ) ) ;
#941 = CARTESIAN_POINT ( 'NONE',  ( -0.1205921073151395018, 0.1058316275550676977, -95.06293216412332470 ) ) ;
#942 = PERSON_AND_ORGANIZATION ( #2755, #4374 ) ;
#943 = CARTESIAN_POINT ( 'NONE',  ( 45.26061212115406818, 1.750494315934213674, -117.6338258695320889 ) ) ;
#944 = CARTESIAN_POINT ( 'NONE',  ( 30.44950195437114004, 2.510753094826349230, -109.7998477446812302 ) ) ;
#945 = CARTESIAN_POINT ( 'NONE',  ( -3.840630352324234664, 1.094160464142872380, -93.34836328345014067 ) ) ;
#946 = CARTESIAN_POINT ( 'NONE',  ( 51.48142092847146500, 1.129864214298127667, -126.6487050412458473 ) ) ;
#947 = CARTESIAN_POINT ( 'NONE',  ( 48.87397631661799124, -0.4219720146229520852, -124.6875813486706335 ) ) ;
#948 = CARTESIAN_POINT ( 'NONE',  ( 48.43325963473315454, 2.092748372091763454, -129.5456033276300900 ) ) ;
#949 = CARTESIAN_POINT ( 'NONE',  ( 48.91540563389634855, 2.416388779916325724, -128.8843503755658446 ) ) ;
#950 = CARTESIAN_POINT ( 'NONE',  ( -11.76225518689515503, -3.821006086646824507, -35.89484345938488019 ) ) ;
#951 = CARTESIAN_POINT ( 'NONE',  ( -4.294287028362073322, -0.3501646137544987547, -92.76494547832963633 ) ) ;
#952 = CARTESIAN_POINT ( 'NONE',  ( -9.895136953881181086, -2.438891044912852912, -50.30626360495483596 ) ) ;
#953 = CARTESIAN_POINT ( 'NONE',  ( -2.655542759821838850, -0.3106165100208912455, -88.92302524469890557 ) ) ;
#954 = CARTESIAN_POINT ( 'NONE',  ( -10.45325387184428578, -0.5873074314287306530, -67.78673577664270056 ) ) ;
#955 = CARTESIAN_POINT ( 'NONE',  ( 12.67467422895327367, 0.7316451601671238869, -108.6564028616564315 ) ) ;
#956 = CARTESIAN_POINT ( 'NONE',  ( 51.13452177196557358, 0.2398226292839067686, -127.4219969148357166 ) ) ;
#957 = CARTESIAN_POINT ( 'NONE',  ( -9.528996493474185314, -0.8709438919511454102, -58.38018462838278566 ) ) ;
#958 = CARTESIAN_POINT ( 'NONE',  ( 15.14348440687180997, 2.722712876576129037, -106.8600397267211974 ) ) ;
#959 = CARTESIAN_POINT ( 'NONE',  ( -10.49074252689132258, -1.067681331957448965, -36.37975769956429417 ) ) ;
#960 = CARTESIAN_POINT ( 'NONE',  ( -11.36973000025939129, -3.916079418608272356, -51.80846572490789015 ) ) ;
#961 = CARTESIAN_POINT ( 'NONE',  ( -9.417592600208996245, -0.3685244963578508393, -15.81083041260010802 ) ) ;
#962 = CARTESIAN_POINT ( 'NONE',  ( -10.43549305180005149, -0.3100300120052201791, -66.07772175241821344 ) ) ;
#963 = CARTESIAN_POINT ( 'NONE',  ( -1.872177199627647726, -0.6566685339108598862, -91.14992746677943103 ) ) ;
#964 = CARTESIAN_POINT ( 'NONE',  ( 13.09029586436085424, -0.3629760617933175393, -106.8086406379611901 ) ) ;
#965 = CARTESIAN_POINT ( 'NONE',  ( 49.42947162924562576, 0.3039619628236048809, -118.5003891440106401 ) ) ;
#966 = CARTESIAN_POINT ( 'NONE',  ( 51.09754377906580913, 2.327055729248530547, -125.5887133269113463 ) ) ;
#967 = CARTESIAN_POINT ( 'NONE',  ( 35.59394441798159647, 0.9576609360565149220, -113.7209152642584371 ) ) ;
#968 = CARTESIAN_POINT ( 'NONE',  ( -4.867471434577921308, -2.053938945229364155, -81.73189978451360105 ) ) ;
#969 = CARTESIAN_POINT ( 'NONE',  ( -7.202457058569881276, -2.897419077159910206, -71.01770572306490692 ) ) ;
#970 = CARTESIAN_POINT ( 'NONE',  ( -10.19906926676052805, -2.026364945833667885, -46.74441560287895214 ) ) ;
#971 = DATE_AND_TIME ( #2210, #44 ) ;
#972 = CARTESIAN_POINT ( 'NONE',  ( 14.36645916418663127, 1.702992379214208540, -109.1703885436159425 ) ) ;
#973 = CARTESIAN_POINT ( 'NONE',  ( 7.932013059920644871, 1.076535567372747026, -106.8660643973607023 ) ) ;
#974 = CARTESIAN_POINT ( 'NONE',  ( 43.51538040512391348, 2.216399418100005736, -113.5256147557781361 ) ) ;
#975 = CARTESIAN_POINT ( 'NONE',  ( -1.556262384403561683, 1.569891630227938650, -97.83049289784901248 ) ) ;
#976 = CARTESIAN_POINT ( 'NONE',  ( 51.53631273515736666, 1.130515512300477754, -125.0474316430873500 ) ) ;
#977 = CARTESIAN_POINT ( 'NONE',  ( 47.31465874784884562, -0.3661645291409990066, -133.0310005820472838 ) ) ;
#978 = CARTESIAN_POINT ( 'NONE',  ( 48.18414199990308333, 2.101480072341160188, -130.5342810344302507 ) ) ;
#979 = CARTESIAN_POINT ( 'NONE',  ( 47.20849467881379979, 2.460592593494514979, -118.8008550467210824 ) ) ;
#980 = CARTESIAN_POINT ( 'NONE',  ( 50.91907140712088875, 0.2538098951194477371, -122.0801801562912061 ) ) ;
#981 = CARTESIAN_POINT ( 'NONE',  ( -10.71276804108760494, -3.511209655754693237, -25.59169670315197820 ) ) ;
#982 = CARTESIAN_POINT ( 'NONE',  ( -11.34541076794517700, -2.131692212273193832, -22.61590628110144863 ) ) ;
#983 = CARTESIAN_POINT ( 'NONE',  ( -2.033755698642894405, -0.9922060020631539023, -5.810571797994398047 ) ) ;
#984 = CARTESIAN_POINT ( 'NONE',  ( 9.798016907479865978, 0.9285785864332712913, -104.5496455952844173 ) ) ;
#985 = CARTESIAN_POINT ( 'NONE',  ( 50.10161676187937729, 2.709759249910897783, -128.7910510896277856 ) ) ;
#986 = CARTESIAN_POINT ( 'NONE',  ( 14.04781380123436918, 3.071235964811802166, -108.0878340823977197 ) ) ;
#987 = CARTESIAN_POINT ( 'NONE',  ( 44.90236035748601751, 0.8564875393196093034, -117.6691587655475644 ) ) ;
#988 = CARTESIAN_POINT ( 'NONE',  ( 0.000000000000000000, 0.000000000000000000, 0.000000000000000000 ) ) ;
#989 = CARTESIAN_POINT ( 'NONE',  ( 16.26062978019810146, 2.716451470529636314, -107.1423635985393616 ) ) ;
#990 = CARTESIAN_POINT ( 'NONE',  ( 51.11412348617120216, 0.6632104706772955494, -122.0148397532905165 ) ) ;
#991 = CARTESIAN_POINT ( 'NONE',  ( 48.40476413576146797, -0.05883714182799390513, -128.0871153450972031 ) ) ;
#992 = CARTESIAN_POINT ( 'NONE',  ( -12.99333822899101776, -1.252820260198447500, -35.41069972961295775 ) ) ;
#993 = CARTESIAN_POINT ( 'NONE',  ( 50.37999626457790470, 2.345067550666384726, -130.6006018506414819 ) ) ;
#994 = CARTESIAN_POINT ( 'NONE',  ( -8.809355306987120215, -2.108321264083826030, -24.61862360273558537 ) ) ;
#995 = CARTESIAN_POINT ( 'NONE',  ( -2.291596413267763310, -1.128453364332346220, -90.46703284427752578 ) ) ;
#996 = CARTESIAN_POINT ( 'NONE',  ( -3.946306790354832117, 0.008098689175093074649, -84.99307608709062833 ) ) ;
#997 = CARTESIAN_POINT ( 'NONE',  ( 21.99831714884271960, 3.210184559490361522, -109.2692685155065817 ) ) ;
#998 = CARTESIAN_POINT ( 'NONE',  ( 47.87212667368437025, 0.7859157854574534419, -121.5283919087064817 ) ) ;
#999 = CARTESIAN_POINT ( 'NONE',  ( 17.78623598913002368, 0.8744253296066197834, -110.0816691944787920 ) ) ;
#1000 = CC_DESIGN_PERSON_AND_ORGANIZATION_ASSIGNMENT ( #2624, #4846, ( #810 ) ) ;
#1001 = CARTESIAN_POINT ( 'NONE',  ( 42.02368572920401135, -0.5971503894447575123, -114.2301968686560798 ) ) ;
#1002 = CARTESIAN_POINT ( 'NONE',  ( -9.878009480631503081, -3.461366916465320909, -25.21809636524002229 ) ) ;
#1003 = CARTESIAN_POINT ( 'NONE',  ( -1.376482263122748684, -0.1210467056712816458, -92.33668858246450384 ) ) ;
#1004 = APPLICATION_PROTOCOL_DEFINITION ( 'international standard', 'config_control_design', 1994, #2381 ) ;
#1005 = CARTESIAN_POINT ( 'NONE',  ( 7.417525757518295570, 1.504289445915536927, -106.5291743371408018 ) ) ;
#1006 = CARTESIAN_POINT ( 'NONE',  ( 43.66921379025792049, 1.363113997577608094, -116.7535583962182244 ) ) ;
#1007 = CARTESIAN_POINT ( 'NONE',  ( 1.644055375400268248, 2.088264835982195589, -98.82126965624576087 ) ) ;
#1008 = CARTESIAN_POINT ( 'NONE',  ( -9.267519865735247109, -0.05798647927364070781, -66.49504453158780848 ) ) ;
#1009 = CARTESIAN_POINT ( 'NONE',  ( 17.08715919723914212, -0.4009203245131194859, -108.4524784893446423 ) ) ;
#1010 = CARTESIAN_POINT ( 'NONE',  ( 48.47703934275921256, 2.091207196521663647, -129.3533155282208895 ) ) ;
#1011 = CARTESIAN_POINT ( 'NONE',  ( 48.18240870080226301, 2.441444728180204748, -131.7329755599396890 ) ) ;
#1012 = CARTESIAN_POINT ( 'NONE',  ( 50.66384801638765367, 0.2521019067728529905, -130.0806770033616147 ) ) ;
#1013 = CARTESIAN_POINT ( 'NONE',  ( 42.74341735871895054, 0.06032882709606691291, -116.0608685683404389 ) ) ;
#1014 = CARTESIAN_POINT ( 'NONE',  ( -13.09522837533986994, -2.679810413575774319, -38.23655410481296002 ) ) ;
#1015 = CARTESIAN_POINT ( 'NONE',  ( 50.71804930632734454, -0.4989474996358105874, -125.1631718887210809 ) ) ;
#1016 = CARTESIAN_POINT ( 'NONE',  ( -0.2951453372997800417, -0.2784319233462688725, -2.857723955912208069 ) ) ;
#1017 = CARTESIAN_POINT ( 'NONE',  ( 44.26784611741217645, 2.880791639065834353, -114.9807322354965464 ) ) ;
#1018 = CARTESIAN_POINT ( 'NONE',  ( 30.25482701918249262, 3.138208909807248759, -111.1494666782345746 ) ) ;
#1019 = CARTESIAN_POINT ( 'NONE',  ( 38.56856448754340505, 0.9224601907924854238, -114.5577607050422984 ) ) ;
#1020 = APPROVAL_PERSON_ORGANIZATION ( #4786, #3252, #4729 ) ;
#1021 = CARTESIAN_POINT ( 'NONE',  ( 9.798016907479865978, 0.9285785864332712913, -104.5496455952844173 ) ) ;
#1022 = CARTESIAN_POINT ( 'NONE',  ( 43.88305664335720024, 2.204880147694417758, -113.7089427167948799 ) ) ;
#1023 = CARTESIAN_POINT ( 'NONE',  ( 51.18890385276900901, 0.6515319174738161134, -128.5051755419817425 ) ) ;
#1024 = CARTESIAN_POINT ( 'NONE',  ( 49.02151916857324210, 2.749475743507712622, -131.5313471733271342 ) ) ;
#1025 = CARTESIAN_POINT ( 'NONE',  ( -12.30368746170231908, -0.3985820584082214735, -37.39805097814753054 ) ) ;
#1026 = CARTESIAN_POINT ( 'NONE',  ( 7.518042045215753255, 0.3862464174912657033, -103.4595886479510085 ) ) ;
#1027 = CARTESIAN_POINT ( 'NONE',  ( -10.90494273056388685, -2.686426422236056322, -64.34691946888757741 ) ) ;
#1028 = CARTESIAN_POINT ( 'NONE',  ( -10.33136419662487171, -2.909479904591306010, -39.10225125785935774 ) ) ;
#1029 = CARTESIAN_POINT ( 'NONE',  ( 0.3338862821432624362, 0.6362766871388162437, -95.82163224885454156 ) ) ;
#1030 = CARTESIAN_POINT ( 'NONE',  ( -11.85019890267134279, -0.4445552735148870505, -53.34003525270988888 ) ) ;
#1031 = CARTESIAN_POINT ( 'NONE',  ( 43.42094157859382619, 0.8815229450383990084, -116.6674956675080068 ) ) ;
#1032 = CARTESIAN_POINT ( 'NONE',  ( 48.32242447190852630, -0.7610600617670282286, -119.2174479376069200 ) ) ;
#1033 = CARTESIAN_POINT ( 'NONE',  ( 21.67147546668968872, -0.3640123664754219002, -109.6852128403433824 ) ) ;
#1034 = CARTESIAN_POINT ( 'NONE',  ( 12.78097491910458849, 1.007114849937920775, -105.7256876228273512 ) ) ;
#1035 = PERSON_AND_ORGANIZATION ( #2755, #4374 ) ;
#1036 = CARTESIAN_POINT ( 'NONE',  ( 48.38659872696260322, 1.678817843994618642, -128.8060355989219090 ) ) ;
#1037 = CARTESIAN_POINT ( 'NONE',  ( 43.51527332357227351, 1.365120284805690032, -116.6612864162716647 ) ) ;
#1038 = CARTESIAN_POINT ( 'NONE',  ( 8.467037461187601366, 2.569795925521756619, -104.3663730870113682 ) ) ;
#1039 = CARTESIAN_POINT ( 'NONE',  ( 5.919402175041872383, 2.293331263704504686, -105.3818530908733919 ) ) ;
#1040 = CARTESIAN_POINT ( 'NONE',  ( -3.490337910199891702, 1.227377510292014362, -88.73322163329180512 ) ) ;
#1041 = CARTESIAN_POINT ( 'NONE',  ( -2.665932438997124621, -1.779252327110782073, -92.13198425469448694 ) ) ;
#1042 = CARTESIAN_POINT ( 'NONE',  ( 44.59137286746666717, 2.181883874044119320, -116.8993731714202369 ) ) ;
#1043 = CARTESIAN_POINT ( 'NONE',  ( 3.252243437868518772, 1.705679879289753620, -103.7981808006055360 ) ) ;
#1044 = LOCAL_TIME ( 23, 45, 13.00000000000000000, #4756 ) ;
#1045 = CARTESIAN_POINT ( 'NONE',  ( 45.06089877545425537, 0.4323126294596166819, -114.3970784202934396 ) ) ;
#1046 = CARTESIAN_POINT ( 'NONE',  ( -3.398581198600582276, -1.720883314616013404, -92.24474240116879287 ) ) ;
#1047 = CARTESIAN_POINT ( 'NONE',  ( -10.20243720661028775, -2.485207552624117966, -45.02427583473826189 ) ) ;
#1048 = CARTESIAN_POINT ( 'NONE',  ( 43.52795417988061644, 0.4766542868975726654, -113.5524058188548793 ) ) ;
#1049 = CARTESIAN_POINT ( 'NONE',  ( 43.64479955715154347, 2.894495218839697070, -115.1052816250842454 ) ) ;
#1050 = CARTESIAN_POINT ( 'NONE',  ( 35.59394441798159647, 0.9576609360565149220, -113.7209152642584371 ) ) ;
#1051 = CARTESIAN_POINT ( 'NONE',  ( 43.15941356014564434, 0.4882121983219783190, -113.3722423836449593 ) ) ;
#1052 = EDGE_CURVE ( 'NONE', #3246, #5036, #1631, .T. ) ;
#1053 = AXIS2_PLACEMENT_3D ( 'NONE', #988, #4331, #2995 ) ;
#1054 = CARTESIAN_POINT ( 'NONE',  ( 14.39491916712499275, 1.954992195207574168, -106.2356563227201320 ) ) ;
#1055 = CARTESIAN_POINT ( 'NONE',  ( 10.30004855881004744, 2.981565452237103564, -106.8012246906991010 ) ) ;
#1056 = CARTESIAN_POINT ( 'NONE',  ( 50.92828480382628697, 2.329982401471432762, -127.7789037087281798 ) ) ;
#1057 = CARTESIAN_POINT ( 'NONE',  ( -4.761676785379054699, -0.9033645274448683926, -81.04276374731210808 ) ) ;
#1058 = CARTESIAN_POINT ( 'NONE',  ( 47.20525498672025577, 2.135921352375171445, -133.5529181427902756 ) ) ;
#1059 = CARTESIAN_POINT ( 'NONE',  ( -10.20131476344261046, -2.946855340928805411, -46.92811578597874700 ) ) ;
#1060 = CARTESIAN_POINT ( 'NONE',  ( 11.73332918486172893, 1.436847357076004750, -105.2673530955694332 ) ) ;
#1061 = CARTESIAN_POINT ( 'NONE',  ( 9.188604674639167413, 3.043734018816268705, -105.8928236795692897 ) ) ;
#1062 = CARTESIAN_POINT ( 'NONE',  ( 41.61235521863330433, 0.8994753609008886430, -115.7172131381554152 ) ) ;
#1063 = CARTESIAN_POINT ( 'NONE',  ( 44.81103966009791151, -0.6657730552506346822, -115.7647177719147606 ) ) ;
#1064 = CARTESIAN_POINT ( 'NONE',  ( 43.97481022214393676, -0.6451781356413026636, -115.7245760259068277 ) ) ;
#1065 = CARTESIAN_POINT ( 'NONE',  ( 0.3339418752604124130, 0.1857170575338286944, -95.90725681480321896 ) ) ;
#1066 = PERSON_AND_ORGANIZATION_ROLE ( 'creator' ) ;
#1067 = CARTESIAN_POINT ( 'NONE',  ( -9.815553836781825581, -1.852666261515737212, -31.25120127315757301 ) ) ;
#1068 = CARTESIAN_POINT ( 'NONE',  ( 12.70636540791265290, 1.215401504440673630, -108.7481958373069943 ) ) ;
#1069 = CARTESIAN_POINT ( 'NONE',  ( -11.18494625542875021, -0.5518983995905430984, -45.37975390862270331 ) ) ;
#1070 = CARTESIAN_POINT ( 'NONE',  ( 14.86032471108998543, -0.4312337221208902283, -107.7899217851681613 ) ) ;
#1071 = CARTESIAN_POINT ( 'NONE',  ( 0.9133915190516630478, 1.482797061553438933, -101.5444505852791792 ) ) ;
#1072 = CARTESIAN_POINT ( 'NONE',  ( -3.094626447547307979, -0.5210101787332189760, -95.29269899337873539 ) ) ;
#1073 = CARTESIAN_POINT ( 'NONE',  ( 29.13022312414105741, 0.7781338016077905539, -109.4955902305354840 ) ) ;
#1074 = CARTESIAN_POINT ( 'NONE',  ( 25.18250939107539565, -0.03866162229410673862, -111.1406675579063830 ) ) ;
#1075 = CARTESIAN_POINT ( 'NONE',  ( -1.573706483710574311, -0.6084441533962022808, -91.92852923491771833 ) ) ;
#1076 = CARTESIAN_POINT ( 'NONE',  ( 50.20998059370445077, 0.2786181321956365808, -119.9416126980004123 ) ) ;
#1077 = CARTESIAN_POINT ( 'NONE',  ( 43.86187898173693611, 1.370627213420873680, -113.4533020086216197 ) ) ;
#1078 = CARTESIAN_POINT ( 'NONE',  ( 50.43757963517880683, 2.701195117439795901, -125.3558883510254560 ) ) ;
#1079 = CARTESIAN_POINT ( 'NONE',  ( 49.60972007559949759, 2.730612379736921724, -129.1904839751960594 ) ) ;
#1080 = CARTESIAN_POINT ( 'NONE',  ( -12.26591665935849917, -3.719881467955217680, -38.76123818839558766 ) ) ;
#1081 = CARTESIAN_POINT ( 'NONE',  ( 12.79789325976202186, 1.941006952775145011, -105.7276987653072240 ) ) ;
#1082 = CARTESIAN_POINT ( 'NONE',  ( 21.00188673594986000, 3.169407168189969148, -109.5432061978231388 ) ) ;
#1083 = CARTESIAN_POINT ( 'NONE',  ( 15.01580478628963533, 3.184052703220433767, -107.9356599903018576 ) ) ;
#1084 = CARTESIAN_POINT ( 'NONE',  ( 49.58387598932633011, -0.4674508060788146735, -131.9877203467256948 ) ) ;
#1085 = CARTESIAN_POINT ( 'NONE',  ( 34.33371661358391691, 1.467119957823677101, -113.3986792361350666 ) ) ;
#1086 = CARTESIAN_POINT ( 'NONE',  ( -2.897309257610195754, -1.205787250661858545, -88.56657357204683478 ) ) ;
#1087 = CARTESIAN_POINT ( 'NONE',  ( -8.726255248293842470, -1.034892539073744455, -62.54952994303724978 ) ) ;
#1088 = CARTESIAN_POINT ( 'NONE',  ( -12.22686764401318626, -0.4731033356492798103, -47.96998813805178941 ) ) ;
#1089 = CARTESIAN_POINT ( 'NONE',  ( 40.89062972409022478, 0.9046206329479485886, -115.4053433121173668 ) ) ;
#1090 = CARTESIAN_POINT ( 'NONE',  ( 49.13874787293618596, -0.7875809123737831374, -130.7796047491031288 ) ) ;
#1091 = CARTESIAN_POINT ( 'NONE',  ( 49.21150327251072554, -0.7844710869060509406, -128.6139888492133707 ) ) ;
#1092 = CARTESIAN_POINT ( 'NONE',  ( -1.991109478157906176, -0.2221997031173693626, -90.77939396177734466 ) ) ;
#1093 = CARTESIAN_POINT ( 'NONE',  ( 47.54025873856651430, 1.709033178772180861, -131.9779138082586201 ) ) ;
#1094 = CARTESIAN_POINT ( 'NONE',  ( 17.27099287691162388, 1.336955054685698530, -110.0128355890470999 ) ) ;
#1095 = CARTESIAN_POINT ( 'NONE',  ( 49.28013076170902451, 2.403871469828868346, -126.0556505462569987 ) ) ;
#1096 = CARTESIAN_POINT ( 'NONE',  ( 12.16932831692086836, -0.4814322802767971865, -106.9069922257967420 ) ) ;
#1097 = CARTESIAN_POINT ( 'NONE',  ( -4.333037497638215108, 0.5462185025524821658, -92.62084498544652433 ) ) ;
#1098 = CARTESIAN_POINT ( 'NONE',  ( 35.02754500640715207, 0.7250176692343874851, -110.6881401272772081 ) ) ;
#1099 = CARTESIAN_POINT ( 'NONE',  ( -2.071907208997215477, -1.422416061318440228, -95.47905926159074852 ) ) ;
#1100 = CARTESIAN_POINT ( 'NONE',  ( -0.1224004880962651642, -0.3456439735360315457, -95.14856886586277085 ) ) ;
#1101 = CARTESIAN_POINT ( 'NONE',  ( 49.42947162924562576, 0.3039619628236048809, -118.5003891440106401 ) ) ;
#1102 = CARTESIAN_POINT ( 'NONE',  ( 51.10335314087430447, 1.149356785562578587, -121.7176564398913428 ) ) ;
#1103 = CARTESIAN_POINT ( 'NONE',  ( 49.83602666052662755, 2.717760014284420933, -130.0552870452271748 ) ) ;
#1104 = CARTESIAN_POINT ( 'NONE',  ( 38.00118326715567463, 2.721465238365300188, -111.8012077223350076 ) ) ;
#1105 = CARTESIAN_POINT ( 'NONE',  ( -3.058528923662358512, -1.635683994312628675, -93.19138789079700302 ) ) ;
#1106 = CARTESIAN_POINT ( 'NONE',  ( 44.30147563109223796, 2.878901341820961246, -115.4724478970740620 ) ) ;
#1107 = CARTESIAN_POINT ( 'NONE',  ( -10.63335209665318537, -3.634927016896204677, -60.22661532847249788 ) ) ;
#1108 = CARTESIAN_POINT ( 'NONE',  ( -3.054865078132756651, 0.5612603223851273526, -88.31067925352246561 ) ) ;
#1109 = CARTESIAN_POINT ( 'NONE',  ( 33.79174246980967666, 3.085014962081380041, -111.9041666918507474 ) ) ;
#1110 = CARTESIAN_POINT ( 'NONE',  ( 21.99831714884271960, 3.210184559490361522, -109.2692685155065817 ) ) ;
#1111 = CARTESIAN_POINT ( 'NONE',  ( 43.45959356759716030, 0.06059997910081106609, -113.7315845283584395 ) ) ;
#1112 = CARTESIAN_POINT ( 'NONE',  ( 12.15503557664854739, 1.203346924139373719, -108.5665667293371826 ) ) ;
#1113 = CARTESIAN_POINT ( 'NONE',  ( 49.76044016690946137, -0.8070811844255868506, -127.8141546556671670 ) ) ;
#1114 = CARTESIAN_POINT ( 'NONE',  ( -1.887469812962426996, 0.2451754448962927546, -90.99502010457835866 ) ) ;
#1115 = CARTESIAN_POINT ( 'NONE',  ( 3.400345211486540897, 2.728947688622702206, -102.2905118029290890 ) ) ;
#1116 = CARTESIAN_POINT ( 'NONE',  ( -12.17419386604402831, -3.669234675629386988, -36.11744267839170419 ) ) ;
#1117 = CARTESIAN_POINT ( 'NONE',  ( -3.449464649428636065, -1.261934713023569410, -86.61498393664417961 ) ) ;
#1118 = CARTESIAN_POINT ( 'NONE',  ( 48.84157210091603218, -0.7723464022949525498, -130.2913001676700446 ) ) ;
#1119 = CARTESIAN_POINT ( 'NONE',  ( -8.848452620868453522, -1.592306023816241867, -60.54599093060249970 ) ) ;
#1120 = CARTESIAN_POINT ( 'NONE',  ( 47.79794178269493443, 1.699836896969969313, -131.1501968711118593 ) ) ;
#1121 = CARTESIAN_POINT ( 'NONE',  ( 47.20849467881379979, 2.460592593494514979, -118.8008550467210824 ) ) ;
#1122 = CARTESIAN_POINT ( 'NONE',  ( -3.471526504195757035, -1.947720982446197846, -89.55775500954331392 ) ) ;
#1123 = CARTESIAN_POINT ( 'NONE',  ( 37.43037807198486178, 2.273853210033880856, -113.8518615667929197 ) ) ;
#1124 = CARTESIAN_POINT ( 'NONE',  ( -13.24278154001321184, -1.790919009179187560, -39.07432805757176197 ) ) ;
#1125 = CARTESIAN_POINT ( 'NONE',  ( 13.49849369818633349, -0.2804702371738399536, -108.1305352277061615 ) ) ;
#1126 = CARTESIAN_POINT ( 'NONE',  ( 29.13034310751509892, 0.3524776950135424802, -109.6680839529123404 ) ) ;
#1127 = CARTESIAN_POINT ( 'NONE',  ( 51.24060879872146756, 0.2379956528657173609, -126.1761713620225862 ) ) ;
#1128 = CARTESIAN_POINT ( 'NONE',  ( 21.18207810261159096, 1.783831565438373179, -107.8311354438059908 ) ) ;
#1129 = CARTESIAN_POINT ( 'NONE',  ( 49.06509043750654797, 2.742113316842562654, -132.7638523461652653 ) ) ;
#1130 = CARTESIAN_POINT ( 'NONE',  ( 2.894193210261434945, 2.221901491895276859, -100.2917351132076931 ) ) ;
#1131 = CARTESIAN_POINT ( 'NONE',  ( -10.40949827338381439, -3.772188921602227740, -59.01132271630822856 ) ) ;
#1132 = CARTESIAN_POINT ( 'NONE',  ( 49.31845595586474218, 2.739861366494235728, -130.4536190177315689 ) ) ;
#1133 = CARTESIAN_POINT ( 'NONE',  ( 48.47479369521825276, 0.7716607363163713318, -124.4390310134861721 ) ) ;
#1134 = CARTESIAN_POINT ( 'NONE',  ( -5.374098284765836731, 0.2861146349015332713, -81.09847347090503433 ) ) ;
#1135 = CARTESIAN_POINT ( 'NONE',  ( 32.62870953371501059, 3.103753508228237035, -111.6462858088865886 ) ) ;
#1136 = CARTESIAN_POINT ( 'NONE',  ( 44.26784611741217645, 2.880791639065834353, -114.9807322354965464 ) ) ;
#1137 = CARTESIAN_POINT ( 'NONE',  ( 50.03054793026771563, -0.1316474228150807391, -120.0388971109951797 ) ) ;
#1138 = CARTESIAN_POINT ( 'NONE',  ( 48.55157938658509664, 1.254526646938827650, -124.5010228536718131 ) ) ;
#1139 = CARTESIAN_POINT ( 'NONE',  ( 15.02448815109581126, 0.1670705677512410448, -106.7734608798628102 ) ) ;
#1140 = CARTESIAN_POINT ( 'NONE',  ( 30.09797468597223968, 1.202520258578941625, -109.5017057505271225 ) ) ;
#1141 = CARTESIAN_POINT ( 'NONE',  ( 16.41412808738541074, 3.000471465636168400, -107.5145002335076754 ) ) ;
#1142 = CARTESIAN_POINT ( 'NONE',  ( -3.310752167579504412, -1.389750383611183082, -93.53542476223668700 ) ) ;
#1143 = CARTESIAN_POINT ( 'NONE',  ( -2.075036335798646991, -1.096332256093115687, -91.08631516263899641 ) ) ;
#1144 = CARTESIAN_POINT ( 'NONE',  ( 48.89258698135385117, -0.7749586067416680546, -121.3175102632057758 ) ) ;
#1145 = CARTESIAN_POINT ( 'NONE',  ( 48.74663146563895566, 1.663927222496506042, -124.4356824506761541 ) ) ;
#1146 = CARTESIAN_POINT ( 'NONE',  ( 47.74015890882042612, 2.446515929785252119, -119.5199474884152409 ) ) ;
#1147 = CARTESIAN_POINT ( 'NONE',  ( 49.18843577837063918, -0.7838571395857523161, -122.3092025078116762 ) ) ;
#1148 = CARTESIAN_POINT ( 'NONE',  ( -11.11094905891048690, -1.831310535268322992, -64.98151142318312168 ) ) ;
#1149 = VERTEX_POINT ( 'NONE', #1558 ) ;
#1150 = CARTESIAN_POINT ( 'NONE',  ( -6.064173947697558908, -2.690612007525218008, -79.94772851311977035 ) ) ;
#1151 = CARTESIAN_POINT ( 'NONE',  ( 21.12388151064577002, 0.4372986746967800764, -108.1397264862331582 ) ) ;
#1152 = CARTESIAN_POINT ( 'NONE',  ( 40.03447026128765884, 0.5907132250881602653, -112.0947883610983951 ) ) ;
#1153 = CARTESIAN_POINT ( 'NONE',  ( 19.96396865991809122, 0.9056754448425542448, -107.7284167651605884 ) ) ;
#1154 = CARTESIAN_POINT ( 'NONE',  ( 51.33316800352034903, 1.140485571314047597, -122.7842806815074255 ) ) ;
#1155 = CARTESIAN_POINT ( 'NONE',  ( 0.4726492414047504531, 2.336357198017948722, -99.72456127899287992 ) ) ;
#1156 = CARTESIAN_POINT ( 'NONE',  ( 9.915979759525837878, 2.623785126133639345, -105.0507998655761526 ) ) ;
#1157 = CARTESIAN_POINT ( 'NONE',  ( 1.291513014660644387, -0.9143394324826670250, -100.7412844174419604 ) ) ;
#1158 = CARTESIAN_POINT ( 'NONE',  ( -13.14714761835404211, -1.326414023789372676, -38.94112230530705432 ) ) ;
#1159 = CARTESIAN_POINT ( 'NONE',  ( 48.48669661398955810, 0.7728771729725113504, -125.8807736761689284 ) ) ;
#1160 = CARTESIAN_POINT ( 'NONE',  ( 10.26893419487472414, 1.877565293500975896, -104.7590523896332826 ) ) ;
#1161 = CARTESIAN_POINT ( 'NONE',  ( 2.640673114529357157, 2.661373945587472090, -101.5809463563968933 ) ) ;
#1162 = CARTESIAN_POINT ( 'NONE',  ( 50.91525147085346248, -0.1629054818031062668, -123.1661782931916349 ) ) ;
#1163 = CARTESIAN_POINT ( 'NONE',  ( 45.97702334294147164, 1.317020149373986371, -118.5235719454359753 ) ) ;
#1164 = CARTESIAN_POINT ( 'NONE',  ( 5.871456997511890208, -0.1094595758708216127, -102.6737859391074892 ) ) ;
#1165 = CARTESIAN_POINT ( 'NONE',  ( 51.42208451530076729, 0.6466304219487530869, -126.5721586616559478 ) ) ;
#1166 = CARTESIAN_POINT ( 'NONE',  ( -1.379900831187909738, 1.927832105612812263, -94.51793048603612135 ) ) ;
#1167 = CARTESIAN_POINT ( 'NONE',  ( -4.291384261579163528, -1.681804870758031978, -90.61796433414983198 ) ) ;
#1168 = CARTESIAN_POINT ( 'NONE',  ( -6.398075797641734397, -1.592720840752727351, -72.93024581685189389 ) ) ;
#1169 = CARTESIAN_POINT ( 'NONE',  ( -10.18287776265198374, -3.409468368028579999, -30.06152435095924957 ) ) ;
#1170 = CARTESIAN_POINT ( 'NONE',  ( 26.21089666414123798, 0.7873045398860771815, -108.9689777014247056 ) ) ;
#1171 = CARTESIAN_POINT ( 'NONE',  ( 34.27320130611066418, 2.686762872097407051, -112.7449171472427309 ) ) ;
#1172 = CARTESIAN_POINT ( 'NONE',  ( -13.26892662726872807, -1.817025129152610718, -40.84463751698443446 ) ) ;
#1173 = CARTESIAN_POINT ( 'NONE',  ( -10.69953825510587109, -3.645355166896927734, -45.60871930235447991 ) ) ;
#1174 = CARTESIAN_POINT ( 'NONE',  ( 48.94357723525239123, 2.074366749690048639, -126.2009488015661276 ) ) ;
#1175 = ORIENTED_EDGE ( 'NONE', *, *, #1052, .F. ) ;
#1176 = CARTESIAN_POINT ( 'NONE',  ( 48.07834406277873995, -0.3929711008576708964, -130.6277665244730599 ) ) ;
#1177 = CARTESIAN_POINT ( 'NONE',  ( 19.97246829903915710, 0.4720645908791635814, -107.8723457959121816 ) ) ;
#1178 = CARTESIAN_POINT ( 'NONE',  ( -1.991109478157906176, -0.2221997031173693626, -90.77939396177734466 ) ) ;
#1179 = CARTESIAN_POINT ( 'NONE',  ( -12.03628422073527027, -1.843776573736101154, -26.01987173817667198 ) ) ;
#1180 = CARTESIAN_POINT ( 'NONE',  ( 43.12959208277472811, 1.394520649380856403, -113.0983030778250367 ) ) ;
#1181 = CARTESIAN_POINT ( 'NONE',  ( 49.21713604477270110, 2.737218036683857214, -132.2946252709728867 ) ) ;
#1182 = CARTESIAN_POINT ( 'NONE',  ( -6.303098979263033641, 0.7330426545686210549, -12.09010905523009605 ) ) ;
#1183 = CARTESIAN_POINT ( 'NONE',  ( 41.25431209573120839, -0.2581979325223946464, -115.0491130721341335 ) ) ;
#1184 = CARTESIAN_POINT ( 'NONE',  ( -4.112421389716717890, 1.013645132320800224, -92.71522503209838817 ) ) ;
#1185 = CARTESIAN_POINT ( 'NONE',  ( -3.602109923011573400, -1.211832433659450148, -3.048929936423394160 ) ) ;
#1186 = CARTESIAN_POINT ( 'NONE',  ( 47.86951089620880140, 0.7965988810383310970, -129.8498941119215147 ) ) ;
#1187 = CARTESIAN_POINT ( 'NONE',  ( -9.662916570993525411, -1.355037934655275444, -29.54600158772271001 ) ) ;
#1188 = CARTESIAN_POINT ( 'NONE',  ( 32.91313041159218500, 3.123089977960511909, -111.2915120843399421 ) ) ;
#1189 = CARTESIAN_POINT ( 'NONE',  ( 34.33231970908992281, 0.3099156457713400648, -110.6945514665774226 ) ) ;
#1190 = CARTESIAN_POINT ( 'NONE',  ( 34.78460196015321770, 1.458604423235902336, -113.5040607702353839 ) ) ;
#1191 = CARTESIAN_POINT ( 'NONE',  ( 30.09728371935799274, 0.7760633686210763882, -109.6715802158170447 ) ) ;
#1192 = CARTESIAN_POINT ( 'NONE',  ( 51.18890385276900901, 0.6515319174738161134, -128.5051755419817425 ) ) ;
#1193 = CARTESIAN_POINT ( 'NONE',  ( -3.520946110144196339, 1.494210209727937055, -89.69742086170431605 ) ) ;
#1194 = CARTESIAN_POINT ( 'NONE',  ( 33.41975001237975818, 1.179418957900532972, -110.1644907844306545 ) ) ;
#1195 = CARTESIAN_POINT ( 'NONE',  ( -10.34499439366516249, -3.594788285872810185, -61.80695581945346362 ) ) ;
#1196 = CARTESIAN_POINT ( 'NONE',  ( 20.05646260428295946, 0.09677842338978211167, -108.1786292158179776 ) ) ;
#1197 = CARTESIAN_POINT ( 'NONE',  ( -10.69953825510587109, -3.645355166896927734, -45.60871930235447991 ) ) ;
#1198 = CARTESIAN_POINT ( 'NONE',  ( -6.787495036726140185, -0.7435760632900729750, -72.77962967753784085 ) ) ;
#1199 = CARTESIAN_POINT ( 'NONE',  ( 43.17482955371348652, 2.552186378534905042, -115.6801409822710411 ) ) ;
#1200 = CARTESIAN_POINT ( 'NONE',  ( 49.24738602385077968, -0.7856344332620694981, -128.4139966631266532 ) ) ;
#1201 = CARTESIAN_POINT ( 'NONE',  ( 41.04875538867223383, 2.231753381132789649, -115.0488071690322016 ) ) ;
#1202 = CARTESIAN_POINT ( 'NONE',  ( 43.58920787610534120, -0.2934927340987363853, -116.2619440932906656 ) ) ;
#1203 = CARTESIAN_POINT ( 'NONE',  ( -10.30431564477938444, -1.991937997861535692, -38.93380526024155586 ) ) ;
#1204 = CARTESIAN_POINT ( 'NONE',  ( -0.9749717390698635633, -0.04891744330516627909, -93.26573582621408320 ) ) ;
#1205 = CARTESIAN_POINT ( 'NONE',  ( -4.683911748695080313, -0.03036052736999223997, -91.71941945262173590 ) ) ;
#1206 = CARTESIAN_POINT ( 'NONE',  ( -11.12331605718018324, -0.4781811804657714604, -36.68056138519501985 ) ) ;
#1207 = CARTESIAN_POINT ( 'NONE',  ( -12.73190905163096609, -0.6605562960383342119, -40.30329382082918954 ) ) ;
#1208 = CARTESIAN_POINT ( 'NONE',  ( 51.20312345673039545, 1.974667097730835819, -127.5761192632033385 ) ) ;
#1209 = CARTESIAN_POINT ( 'NONE',  ( 30.06337059372510367, -0.09380412558397471789, -112.0129807534236051 ) ) ;
#1210 = CARTESIAN_POINT ( 'NONE',  ( -10.82016243286133417, -1.364287064815654871, -66.89098174490472104 ) ) ;
#1211 = CARTESIAN_POINT ( 'NONE',  ( -3.427820133511167988, -1.420546618925977000, -93.22765312959299422 ) ) ;
#1212 = CARTESIAN_POINT ( 'NONE',  ( -11.14210886575410520, -0.2131275259818472267, -31.76281245602911341 ) ) ;
#1213 = CARTESIAN_POINT ( 'NONE',  ( -8.148464727201247371, -1.062799005032925237, -21.29409870317005726 ) ) ;
#1214 = CARTESIAN_POINT ( 'NONE',  ( 50.37399766002262425, 2.704232504845484275, -123.9737184820165936 ) ) ;
#1215 = CARTESIAN_POINT ( 'NONE',  ( 31.52788925231579142, 0.3415115384919618080, -110.1122410489871157 ) ) ;
#1216 = CARTESIAN_POINT ( 'NONE',  ( -4.513677536769193921, -0.9335623830183583660, -91.70327574865542886 ) ) ;
#1217 = CARTESIAN_POINT ( 'NONE',  ( 51.20269256271518543, 0.2423817966478294117, -123.8439808219394678 ) ) ;
#1218 = CARTESIAN_POINT ( 'NONE',  ( 12.67467422895327367, 0.7316451601671238869, -108.6564028616564315 ) ) ;
#1219 = CARTESIAN_POINT ( 'NONE',  ( 34.10188290635095854, 1.169420793532255143, -110.3122174750721172 ) ) ;
#1220 = CARTESIAN_POINT ( 'NONE',  ( 13.08497396909631050, 2.977853789505672033, -106.6018525712581209 ) ) ;
#1221 = CARTESIAN_POINT ( 'NONE',  ( 12.76185217724681031, 1.457039781089203068, -105.6380220585835730 ) ) ;
#1222 = CARTESIAN_POINT ( 'NONE',  ( 47.48189032906525142, 0.8106385087941599954, -131.2484243204608561 ) ) ;
#1223 = CARTESIAN_POINT ( 'NONE',  ( 2.808359687735614951, 2.491362242642414238, -100.6956325463545738 ) ) ;
#1224 = CARTESIAN_POINT ( 'NONE',  ( -9.158149760385422056, -2.671290897042982948, -57.59261512697140262 ) ) ;
#1225 = CARTESIAN_POINT ( 'NONE',  ( -2.633473372104752741, -1.690485867268796127, -91.09826096070899837 ) ) ;
#1226 = CARTESIAN_POINT ( 'NONE',  ( -8.250633916279891622, -1.318970368663073600, -64.60713987822086324 ) ) ;
#1227 = CARTESIAN_POINT ( 'NONE',  ( 44.80107462875523794, -0.6649807736759516530, -116.2575521884692051 ) ) ;
#1228 = CARTESIAN_POINT ( 'NONE',  ( 35.69056917452441269, 2.299196188607077307, -113.3934944550122736 ) ) ;
#1229 = CARTESIAN_POINT ( 'NONE',  ( 47.89986404655067531, -0.3867001703688530134, -131.2502329282888240 ) ) ;
#1230 = CARTESIAN_POINT ( 'NONE',  ( 50.73423218371008403, -0.1635295418109933008, -128.7184677862728961 ) ) ;
#1231 = CARTESIAN_POINT ( 'NONE',  ( -3.434762800003527072, 0.3529802871005119358, -94.77577364402655746 ) ) ;
#1232 = CARTESIAN_POINT ( 'NONE',  ( -8.143373984447681124, 0.2801551426231389530, -73.36586354428111179 ) ) ;
#1233 = CARTESIAN_POINT ( 'NONE',  ( 48.89883651603468451, 2.747522793795102114, -133.2439138361502557 ) ) ;
#1234 = CARTESIAN_POINT ( 'NONE',  ( -11.63546855422476156, -0.3745077320409992416, -40.38120390858985331 ) ) ;
#1235 = CARTESIAN_POINT ( 'NONE',  ( 8.792495213545432620, -0.4055788584248534168, -106.3373208884783452 ) ) ;
#1236 = CARTESIAN_POINT ( 'NONE',  ( 8.878359584431816387, 2.422637640606299936, -106.8872533870312651 ) ) ;
#1237 = CARTESIAN_POINT ( 'NONE',  ( -12.91864865572563126, -3.157311875460655948, -40.83567690916484594 ) ) ;
#1238 = CARTESIAN_POINT ( 'NONE',  ( 22.23113548148420904, 0.2487137080789859345, -110.7919129429573957 ) ) ;
#1239 = CARTESIAN_POINT ( 'NONE',  ( 5.958651155595997118, 0.9852923727479769855, -105.8344070591031709 ) ) ;
#1240 = CARTESIAN_POINT ( 'NONE',  ( -3.005436604378044052, 1.606075082605195714, -90.93751547520707845 ) ) ;
#1241 = CARTESIAN_POINT ( 'NONE',  ( -12.73231606146294936, -0.6846560034244959514, -42.93138819189680078 ) ) ;
#1242 = CARTESIAN_POINT ( 'NONE',  ( 50.28349846785296506, -0.1507242929362612172, -130.7628761471177654 ) ) ;
#1243 = CARTESIAN_POINT ( 'NONE',  ( -12.89715461287294751, -3.130806159461799965, -39.06674302315792602 ) ) ;
#1244 = CARTESIAN_POINT ( 'NONE',  ( 33.62879309628770130, 0.7486930443424599790, -110.3742948942583126 ) ) ;
#1245 = CARTESIAN_POINT ( 'NONE',  ( 38.37939534683934539, 1.066573400614424294, -111.3855544015688253 ) ) ;
#1246 = CARTESIAN_POINT ( 'NONE',  ( 32.06843871384378986, 2.827303045751587973, -110.4094764581859494 ) ) ;
#1247 = CARTESIAN_POINT ( 'NONE',  ( 40.88963567269290422, 0.9837719092585360814, -112.2075722497986732 ) ) ;
#1248 = CARTESIAN_POINT ( 'NONE',  ( 42.74341735871895054, 0.06032882709606691291, -116.0608685683404389 ) ) ;
#1249 = CARTESIAN_POINT ( 'NONE',  ( 21.62268674539387092, 2.919044653044431836, -108.4868105224456514 ) ) ;
#1250 = CARTESIAN_POINT ( 'NONE',  ( 50.69367798041390216, -0.4974210279435224424, -124.4197432834915134 ) ) ;
#1251 = CARTESIAN_POINT ( 'NONE',  ( -10.56409057587604927, -3.513224715944995413, -34.31665314852322979 ) ) ;
#1252 = CARTESIAN_POINT ( 'NONE',  ( 8.859370693829772492, 0.8935303228121908026, -104.1023055945146893 ) ) ;
#1253 = CARTESIAN_POINT ( 'NONE',  ( 49.21150327251072554, -0.7844710869060509406, -128.6139888492133707 ) ) ;
#1254 = CARTESIAN_POINT ( 'NONE',  ( 48.66474982513062031, 2.084557269928557499, -128.4286059148364245 ) ) ;
#1255 = CARTESIAN_POINT ( 'NONE',  ( 48.77437599197180873, -0.4174698436047927785, -127.1489283764373965 ) ) ;
#1256 = CARTESIAN_POINT ( 'NONE',  ( 50.92656064057425169, -0.1683709532196478731, -127.4278098785408559 ) ) ;
#1257 = CARTESIAN_POINT ( 'NONE',  ( 44.36709226851766630, 0.4518069750218965397, -113.9932141400636425 ) ) ;
#1258 = CARTESIAN_POINT ( 'NONE',  ( 50.66384801638765367, 0.2521019067728529905, -130.0806770033616147 ) ) ;
#1259 = CARTESIAN_POINT ( 'NONE',  ( 1.060570803943655882, 2.015276833934069867, -98.02453398336143664 ) ) ;
#1260 = CARTESIAN_POINT ( 'NONE',  ( 51.17792641767533013, 1.975211770896928121, -127.7745328471439308 ) ) ;
#1261 = CARTESIAN_POINT ( 'NONE',  ( 14.04764909635099990, -0.2691109941823245366, -108.3025718638142081 ) ) ;
#1262 = CARTESIAN_POINT ( 'NONE',  ( 12.05178283557967056, 2.513505592585496995, -108.1270347713586375 ) ) ;
#1263 = CARTESIAN_POINT ( 'NONE',  ( -4.837052642079016529, -1.882238970986443105, -88.60679664813881118 ) ) ;
#1264 = CARTESIAN_POINT ( 'NONE',  ( 31.60261296435679057, -0.02100764228953151333, -110.4384646135807770 ) ) ;
#1265 = CARTESIAN_POINT ( 'NONE',  ( -11.15132743578755559, -0.3542119686595400774, -52.74780345232839807 ) ) ;
#1266 = CARTESIAN_POINT ( 'NONE',  ( 49.00031487054327783, 2.749075604853852717, -119.4763409195031869 ) ) ;
#1267 = CARTESIAN_POINT ( 'NONE',  ( 48.06072286711598451, 1.274950656260665616, -129.3578291672384637 ) ) ;
#1268 = CARTESIAN_POINT ( 'NONE',  ( 32.71187851633490595, 0.7594330106286590887, -110.1818830163018674 ) ) ;
#1269 = EDGE_CURVE ( 'NONE', #5036, #662, #5103, .T. ) ;
#1270 = CARTESIAN_POINT ( 'NONE',  ( -1.681675380913450812, 0.7720476253139403333, -91.84619239393889245 ) ) ;
#1271 = CARTESIAN_POINT ( 'NONE',  ( 16.54757719321454701, 1.445642885428928048, -106.7705476746142494 ) ) ;
#1272 = CARTESIAN_POINT ( 'NONE',  ( 48.29541340513934955, -0.06083417565167474617, -122.3437778944248038 ) ) ;
#1273 = CARTESIAN_POINT ( 'NONE',  ( 49.30461704528973144, 2.390330982828032358, -118.6890106429245577 ) ) ;
#1274 = CARTESIAN_POINT ( 'NONE',  ( 40.81354182884365400, -0.2067873786973434824, -112.9086626584701634 ) ) ;
#1275 = CARTESIAN_POINT ( 'NONE',  ( 48.67024237310051404, -0.7666469725025817361, -130.9311720076124175 ) ) ;
#1276 = CARTESIAN_POINT ( 'NONE',  ( 33.41393327005549452, 0.7515247188427455205, -110.3283900851838837 ) ) ;
#1277 = CARTESIAN_POINT ( 'NONE',  ( -12.76336431859445142, -1.851606920183362925, -52.46352499168118300 ) ) ;
#1278 = CARTESIAN_POINT ( 'NONE',  ( 20.32801467303851339, -0.3252459532199111769, -108.9429674089461884 ) ) ;
#1279 = CARTESIAN_POINT ( 'NONE',  ( 48.56317682836538552, 2.083302034667590341, -122.1311679754574726 ) ) ;
#1280 = CARTESIAN_POINT ( 'NONE',  ( 42.63029250638393108, -0.2775705809148816261, -115.7205281060631421 ) ) ;
#1281 = CARTESIAN_POINT ( 'NONE',  ( 44.97357862555161034, 0.01766568323557734382, -114.5713816498400632 ) ) ;
#1282 = CARTESIAN_POINT ( 'NONE',  ( 48.50000000000010658, 0.9999999999999718003, -132.9999999999997726 ) ) ;
#1283 = CARTESIAN_POINT ( 'NONE',  ( -13.15671338378427002, -2.227342712960465043, -38.20530205760221065 ) ) ;
#1284 = CARTESIAN_POINT ( 'NONE',  ( 51.31232704846694759, 1.133211809908311274, -128.1442746906338925 ) ) ;
#1285 = CARTESIAN_POINT ( 'NONE',  ( 50.15172735573635521, 2.003945139045927526, -132.3262491978845503 ) ) ;
#1286 = CARTESIAN_POINT ( 'NONE',  ( -10.93038252756304729, -3.733505160457813776, -34.56070056931138623 ) ) ;
#1287 = CARTESIAN_POINT ( 'NONE',  ( 2.449891185611710487, 2.045625717173912506, -102.8067114155896746 ) ) ;
#1288 = CARTESIAN_POINT ( 'NONE',  ( 35.33402858976461403, 0.1429092480821850530, -113.3923326337139912 ) ) ;
#1289 = CARTESIAN_POINT ( 'NONE',  ( 43.58144689108141279, -0.2876154255073816168, -114.1669292290414006 ) ) ;
#1290 = CARTESIAN_POINT ( 'NONE',  ( 50.82955266712907161, 1.984230765933934437, -129.7582592189189370 ) ) ;
#1291 = CARTESIAN_POINT ( 'NONE',  ( 50.06286586937844163, 2.710902280695695055, -128.9976544467401993 ) ) ;
#1292 = CARTESIAN_POINT ( 'NONE',  ( -3.800110418849068861, -0.7017648811105082762, -93.65226205868135878 ) ) ;
#1293 = CARTESIAN_POINT ( 'NONE',  ( 40.03447026128765884, 0.5907132250881602653, -112.0947883610983951 ) ) ;
#1294 = CARTESIAN_POINT ( 'NONE',  ( -10.38458580777152207, -1.037108422582608602, -34.67287767637939311 ) ) ;
#1295 = CARTESIAN_POINT ( 'NONE',  ( -7.108982280471453308, -2.288487025884903048, -80.73585514458754631 ) ) ;
#1296 = CARTESIAN_POINT ( 'NONE',  ( 1.336723776510933437, 0.7857655279821941230, -97.45323839091524576 ) ) ;
#1297 = CARTESIAN_POINT ( 'NONE',  ( 48.65300859748087703, -0.06868525664923857965, -125.5586031505730489 ) ) ;
#1298 = CARTESIAN_POINT ( 'NONE',  ( 50.04883987624984343, 2.366349098141424356, -120.0642131154169761 ) ) ;
#1299 = CARTESIAN_POINT ( 'NONE',  ( 50.41166207721580861, -0.4922252176372270416, -128.5736227231967348 ) ) ;
#1300 = CARTESIAN_POINT ( 'NONE',  ( 38.54054054298666188, -0.5193519089476966721, -112.8787845394995628 ) ) ;
#1301 = CARTESIAN_POINT ( 'NONE',  ( -5.002222136888199167, -0.5301020288780268208, -11.84542782015414808 ) ) ;
#1302 = CARTESIAN_POINT ( 'NONE',  ( 45.24715042552308120, 2.508827182139713230, -114.7835202679179503 ) ) ;
#1303 = CARTESIAN_POINT ( 'NONE',  ( 17.23799393540956970, 2.229221724940515070, -109.8093094577242539 ) ) ;
#1304 = CARTESIAN_POINT ( 'NONE',  ( 47.92302337044529992, 1.279961859702903881, -129.9298413884040713 ) ) ;
#1305 = CARTESIAN_POINT ( 'NONE',  ( -9.318661569529915312, -3.349164796575173408, -58.98892724331097526 ) ) ;
#1306 = CARTESIAN_POINT ( 'NONE',  ( -10.09803882759014293, -2.645071588923757488, -68.45804408845918942 ) ) ;
#1307 = CARTESIAN_POINT ( 'NONE',  ( -2.252289588012034827, -1.694737354931828754, -93.23517022584114500 ) ) ;
#1308 = CARTESIAN_POINT ( 'NONE',  ( -6.188237373693089793, -1.186673433879602557, -14.95006376803078041 ) ) ;
#1309 = CARTESIAN_POINT ( 'NONE',  ( 51.20269256271518543, 0.2423817966478294117, -123.8439808219394678 ) ) ;
#1310 = CARTESIAN_POINT ( 'NONE',  ( 43.10015256527950811, 1.788390677240562221, -116.2098560051146166 ) ) ;
#1311 = CARTESIAN_POINT ( 'NONE',  ( -11.23308523419550653, -0.5247263743232969402, -40.13852522478968154 ) ) ;
#1312 = CARTESIAN_POINT ( 'NONE',  ( -10.58562406812493251, -1.357453719347271104, -68.27045235158382752 ) ) ;
#1313 = CARTESIAN_POINT ( 'NONE',  ( 49.68415568459340648, 1.197673999814089285, -118.4193301167685632 ) ) ;
#1314 = CARTESIAN_POINT ( 'NONE',  ( -10.73933948959064111, -3.673769565014413097, -31.98785918619448410 ) ) ;
#1315 = CARTESIAN_POINT ( 'NONE',  ( 37.37658614221213327, 2.635929153930291591, -113.5223375784947990 ) ) ;
#1316 = CARTESIAN_POINT ( 'NONE',  ( 42.41294740489885839, 0.06438853466443281159, -115.8876758263639744 ) ) ;
#1317 = CARTESIAN_POINT ( 'NONE',  ( 11.33241270595541295, 0.1136634273972886716, -105.5128593847009455 ) ) ;
#1318 = CARTESIAN_POINT ( 'NONE',  ( -2.050048404183194339, 1.802046924128563266, -93.11519670884811717 ) ) ;
#1319 = CARTESIAN_POINT ( 'NONE',  ( 8.754880860224060868, 2.929983088573412608, -106.1343247043014770 ) ) ;
#1320 = CARTESIAN_POINT ( 'NONE',  ( -11.13938240373299138, -2.576682664038929094, -22.57009365907063270 ) ) ;
#1321 = CARTESIAN_POINT ( 'NONE',  ( -10.10668844828574109, -1.925080289297482317, -34.63668014283436491 ) ) ;
#1322 = CARTESIAN_POINT ( 'NONE',  ( 5.826640980175282536, 1.681978683810233743, -102.3175109889095893 ) ) ;
#1323 = CARTESIAN_POINT ( 'NONE',  ( 44.44546166750032512, 0.8670051572564493325, -113.8160175189025125 ) ) ;
#1324 = CARTESIAN_POINT ( 'NONE',  ( 33.98936025838927577, 0.1648150622757344752, -113.0763062458093344 ) ) ;
#1325 = CARTESIAN_POINT ( 'NONE',  ( -3.612984256007367723, 0.6158813841684900314, -3.034948154882691096 ) ) ;
#1326 = CARTESIAN_POINT ( 'NONE',  ( 5.838892161758799659, 2.718224450826426164, -103.2369779062929780 ) ) ;
#1327 = CARTESIAN_POINT ( 'NONE',  ( 49.91766235704580623, -0.4777275070944631552, -130.8090704815952563 ) ) ;
#1328 = CARTESIAN_POINT ( 'NONE',  ( 49.67035099160825240, -0.8022911996624400022, -122.5448665029849451 ) ) ;
#1329 = CARTESIAN_POINT ( 'NONE',  ( -10.10066376803375121, -1.455696398471204578, -33.75718189355499277 ) ) ;
#1330 = CARTESIAN_POINT ( 'NONE',  ( 51.09038458302166674, 2.328210777999443870, -124.8318126896665774 ) ) ;
#1331 = CARTESIAN_POINT ( 'NONE',  ( 8.923111069702089893, 2.013514060525838367, -107.1582650340475169 ) ) ;
#1332 = CARTESIAN_POINT ( 'NONE',  ( -9.841133938780460610, -3.493680857651610072, -55.38602011818892379 ) ) ;
#1333 = CARTESIAN_POINT ( 'NONE',  ( -2.449549313106875736, 0.1094638212900958946, -96.83429946802877453 ) ) ;
#1334 = CARTESIAN_POINT ( 'NONE',  ( -3.984989145603596405, -2.058866449933081100, -87.56755614882237637 ) ) ;
#1335 = CARTESIAN_POINT ( 'NONE',  ( -8.030208837100341057, -1.219184126744400576, -65.96535740673270709 ) ) ;
#1336 = CARTESIAN_POINT ( 'NONE',  ( 51.04934023370596918, 0.2417796879271745802, -128.0655223646470233 ) ) ;
#1337 = CARTESIAN_POINT ( 'NONE',  ( 12.68753634386007079, 1.665367398371176755, -108.6612529384088361 ) ) ;
#1338 = CARTESIAN_POINT ( 'NONE',  ( 45.40622353447692205, 2.160506746478435325, -114.5766475316184483 ) ) ;
#1339 = CARTESIAN_POINT ( 'NONE',  ( 50.41178526476166155, 1.158045929310116184, -132.0886610166894570 ) ) ;
#1340 = CARTESIAN_POINT ( 'NONE',  ( -9.594758642867098786, -3.601519560870380054, -59.31033377919172267 ) ) ;
#1341 = CARTESIAN_POINT ( 'NONE',  ( 47.56388237000165020, 2.109732823619365316, -119.8353740805034704 ) ) ;
#1342 = CARTESIAN_POINT ( 'NONE',  ( 43.66877657065013807, 2.543477526511865872, -115.9512299942938256 ) ) ;
#1343 = CARTESIAN_POINT ( 'NONE',  ( 48.64173567754475869, -0.06909955554317487314, -124.6686458651680454 ) ) ;
#1344 = CARTESIAN_POINT ( 'NONE',  ( 0.2161858312490506362, 0.5018159928321648255, -100.8820940342779124 ) ) ;
#1345 = CARTESIAN_POINT ( 'NONE',  ( -6.170132202946328803, -1.644575920362324029, -14.96694069294812834 ) ) ;
#1346 = CARTESIAN_POINT ( 'NONE',  ( -3.852746593339634984, -0.4208108425913487105, -85.04029782979000629 ) ) ;
#1347 = CARTESIAN_POINT ( 'NONE',  ( 19.22797634314559190, 3.150710513653857792, -109.2457470034283347 ) ) ;
#1348 = CARTESIAN_POINT ( 'NONE',  ( 34.02704669159025030, 0.9850186731380594640, -113.3486363248895117 ) ) ;
#1349 = CARTESIAN_POINT ( 'NONE',  ( 50.71325814210281635, 0.2507299887115630455, -129.8649900582143459 ) ) ;
#1350 = CARTESIAN_POINT ( 'NONE',  ( -10.56638372114664826, -1.141633220394875359, -45.03723849365974274 ) ) ;
#1351 = CARTESIAN_POINT ( 'NONE',  ( 50.69966037637448864, 0.6647904838893490265, -130.7996792827429147 ) ) ;
#1352 = CARTESIAN_POINT ( 'NONE',  ( 13.62351454282286056, -0.006378864927659261622, -108.5212854180283983 ) ) ;
#1353 = CARTESIAN_POINT ( 'NONE',  ( -13.04370592010128505, -1.273842026521173176, -36.28626221746067415 ) ) ;
#1354 = CARTESIAN_POINT ( 'NONE',  ( 50.72468765900651988, 2.335245942428698207, -129.0412808363749377 ) ) ;
#1355 = CARTESIAN_POINT ( 'NONE',  ( 45.94802430010051353, -0.3515645296303302469, -115.6251295355128121 ) ) ;
#1356 = CARTESIAN_POINT ( 'NONE',  ( 34.39204724055521467, -0.4452606453120722119, -111.7565775859616366 ) ) ;
#1357 = CARTESIAN_POINT ( 'NONE',  ( 44.36709226851766630, 0.4518069750218965397, -113.9932141400636425 ) ) ;
#1358 = CARTESIAN_POINT ( 'NONE',  ( 49.84810095137222419, 2.361089663171243913, -132.4784781299637473 ) ) ;
#1359 = CARTESIAN_POINT ( 'NONE',  ( 5.936173941453330549, 1.883777864266589663, -105.6557194197041554 ) ) ;
#1360 = CARTESIAN_POINT ( 'NONE',  ( 48.55608972615355867, 1.255890891355245786, -125.9499174694257704 ) ) ;
#1361 = CARTESIAN_POINT ( 'NONE',  ( 1.671070505032195896, -0.9748248216167608726, -99.41053116779249876 ) ) ;
#1362 = CARTESIAN_POINT ( 'NONE',  ( -10.47914862099671041, -3.802557968949646483, -53.01252502770981323 ) ) ;
#1363 = CARTESIAN_POINT ( 'NONE',  ( -1.991109478157906176, -0.2221997031173693626, -90.77939396177734466 ) ) ;
#1364 = APPROVAL_STATUS ( 'not_yet_approved' ) ;
#1365 = CARTESIAN_POINT ( 'NONE',  ( 46.07988712771525286, 1.730903326411719956, -118.3559774340401987 ) ) ;
#1366 = CARTESIAN_POINT ( 'NONE',  ( 46.48935524598978475, 2.130188430150020018, -115.3195115033622642 ) ) ;
#1367 = CARTESIAN_POINT ( 'NONE',  ( -2.891917916448140780, 1.019526977916716870, -5.873604649945770362 ) ) ;
#1368 = CARTESIAN_POINT ( 'NONE',  ( -9.203391567898863812, -3.319436875384482732, -21.87614172721784200 ) ) ;
#1369 = CARTESIAN_POINT ( 'NONE',  ( 48.59444096417823289, 2.087045078660445085, -128.7985198926568273 ) ) ;
#1370 = CARTESIAN_POINT ( 'NONE',  ( 49.23384930797883641, 2.405516378636742392, -126.7295589154534525 ) ) ;
#1371 = CARTESIAN_POINT ( 'NONE',  ( -11.37103833439284450, -3.687473761032254327, -30.71133324972327117 ) ) ;
#1372 = CARTESIAN_POINT ( 'NONE',  ( -5.873308325896215543, -1.026824140883043190, -87.76263590963482386 ) ) ;
#1373 = CARTESIAN_POINT ( 'NONE',  ( -8.497700358914114460, -1.933784420082174993, -61.92398260948856148 ) ) ;
#1374 = CARTESIAN_POINT ( 'NONE',  ( 1.890041521158904780, 0.4070058440533158017, -98.32600896483474173 ) ) ;
#1375 = CARTESIAN_POINT ( 'NONE',  ( 31.21359785792125408, 3.125109612659259017, -111.3443810107453231 ) ) ;
#1376 = CARTESIAN_POINT ( 'NONE',  ( 43.42094157859382619, 0.8815229450383990084, -116.6674956675080068 ) ) ;
#1377 = CARTESIAN_POINT ( 'NONE',  ( 51.15690790178562963, 0.2393677593811074089, -127.2234955904713587 ) ) ;
#1378 = CARTESIAN_POINT ( 'NONE',  ( -7.401580391818244564, -0.03364292663984424364, -72.90361972075321262 ) ) ;
#1379 = CARTESIAN_POINT ( 'NONE',  ( 21.43865713403765128, 2.597458484932928524, -108.1625684128841414 ) ) ;
#1380 = CARTESIAN_POINT ( 'NONE',  ( -10.31919244974496941, -1.019935571502067484, -33.82284234860550498 ) ) ;
#1381 = CARTESIAN_POINT ( 'NONE',  ( -9.966035672537024936, -3.692119843076105745, -61.50757174856786236 ) ) ;
#1382 = CARTESIAN_POINT ( 'NONE',  ( 49.93060745876282880, 2.722159752154122536, -123.6500179548453104 ) ) ;
#1383 = CARTESIAN_POINT ( 'NONE',  ( 50.43285586201397308, 2.343537986539861340, -130.3874204048499905 ) ) ;
#1384 = CARTESIAN_POINT ( 'NONE',  ( -10.26194327405259088, -2.470293093256877626, -41.54140194361411886 ) ) ;
#1385 = CARTESIAN_POINT ( 'NONE',  ( 45.78822422384682511, -0.6908854356748521663, -116.4618543729663429 ) ) ;
#1386 = CARTESIAN_POINT ( 'NONE',  ( 51.24060879872146756, 0.2379956528657173609, -126.1761713620225862 ) ) ;
#1387 = CARTESIAN_POINT ( 'NONE',  ( 44.54997469929029563, 2.528322250132050364, -114.3647092799351697 ) ) ;
#1388 = CARTESIAN_POINT ( 'NONE',  ( -11.78742688703711572, -1.826193038870669305, -60.65476450137820308 ) ) ;
#1389 = CARTESIAN_POINT ( 'NONE',  ( 35.35836482280818416, 0.9612907301941233662, -113.6623120852698321 ) ) ;
#1390 = CARTESIAN_POINT ( 'NONE',  ( -0.4903442731944887001, -1.290373068375965548, -96.09706029757927581 ) ) ;
#1391 = CARTESIAN_POINT ( 'NONE',  ( -1.619250350552364548, -1.569483299122186093, -94.69297356136505073 ) ) ;
#1392 = SECURITY_CLASSIFICATION_LEVEL ( 'unclassified' ) ;
#1393 = CARTESIAN_POINT ( 'NONE',  ( 36.12220286791868773, 1.864831179361033930, -113.6691062485845407 ) ) ;
#1394 = CARTESIAN_POINT ( 'NONE',  ( 44.05038206507008169, 2.199619364563830004, -113.7950859966742172 ) ) ;
#1395 = CARTESIAN_POINT ( 'NONE',  ( 44.54228169369254431, 1.350264162517310407, -113.8137950915174059 ) ) ;
#1396 = CARTESIAN_POINT ( 'NONE',  ( 0.4581489286485111445, -1.750000000000000000, 0.000000000000000000 ) ) ;
#1397 = CARTESIAN_POINT ( 'NONE',  ( 48.28988676511880129, 2.097779525205426765, -130.1333272350294408 ) ) ;
#1398 = CARTESIAN_POINT ( 'NONE',  ( 41.77796956286801588, 2.574248092645430308, -115.0093200100474888 ) ) ;
#1399 = CARTESIAN_POINT ( 'NONE',  ( 45.43338710106846179, 0.01043865339675854702, -117.8704351011194831 ) ) ;
#1400 = CARTESIAN_POINT ( 'NONE',  ( -4.170572332800061233, -0.3093630092835546463, -93.08877607412485133 ) ) ;
#1401 = DESIGN_CONTEXT ( 'detailed design', #2381, 'design' ) ;
#1402 = CARTESIAN_POINT ( 'NONE',  ( 50.15533799463590015, -0.4775449746070226653, -121.3660548813246152 ) ) ;
#1403 = CARTESIAN_POINT ( 'NONE',  ( -8.558820642969459769, -1.460191913081149817, -62.57450934563720324 ) ) ;
#1404 = CARTESIAN_POINT ( 'NONE',  ( 7.291172375775236247, 2.870011986660576220, -105.4082998502694579 ) ) ;
#1405 = CARTESIAN_POINT ( 'NONE',  ( 44.54325607521244024, 0.8638353603011823534, -117.3994690585208502 ) ) ;
#1406 = CARTESIAN_POINT ( 'NONE',  ( -9.613681207462132505, -1.808462264461832447, -29.57468075075158609 ) ) ;
#1407 = CARTESIAN_POINT ( 'NONE',  ( 11.39708991195924348, 2.669405081578990035, -105.6569415721727552 ) ) ;
#1408 = CARTESIAN_POINT ( 'NONE',  ( 50.20948178315602917, 0.6792400825674205223, -132.5028224167878363 ) ) ;
#1409 = CARTESIAN_POINT ( 'NONE',  ( -3.818508398371582846, -1.835187247119745235, -90.94502383560923420 ) ) ;
#1410 = CARTESIAN_POINT ( 'NONE',  ( -12.23339279653233369, -1.368305826510786805, -56.83733495013238013 ) ) ;
#1411 = CARTESIAN_POINT ( 'NONE',  ( -12.31053279574886972, -0.4753584176050973942, -46.19158745714489100 ) ) ;
#1412 = CARTESIAN_POINT ( 'NONE',  ( -9.564445843930743152, -2.261886594268389672, -29.60335991378045506 ) ) ;
#1413 = CARTESIAN_POINT ( 'NONE',  ( 26.57734887835837867, -0.3624422639250883260, -110.2730343071892207 ) ) ;
#1414 = CARTESIAN_POINT ( 'NONE',  ( 43.15941356014564434, 0.4882121983219783190, -113.3722423836449593 ) ) ;
#1415 = CARTESIAN_POINT ( 'NONE',  ( 51.08771819025729144, 2.326904508241451452, -125.9535471184012039 ) ) ;
#1416 = CARTESIAN_POINT ( 'NONE',  ( 48.39391676197224967, 0.7732026480464052609, -123.6223622742940620 ) ) ;
#1417 = CARTESIAN_POINT ( 'NONE',  ( 48.44392322953734720, 1.260650825260559271, -127.2298517698734486 ) ) ;
#1418 = CARTESIAN_POINT ( 'NONE',  ( -5.146509452963125675, -1.906316529194320042, -11.92734401615021689 ) ) ;
#1419 = CARTESIAN_POINT ( 'NONE',  ( -11.11105043884136379, -3.857516945892360827, -43.25539217394828029 ) ) ;
#1420 = CARTESIAN_POINT ( 'NONE',  ( -8.657807510075096857, -1.505856112061107588, -61.89775047774547545 ) ) ;
#1421 = CARTESIAN_POINT ( 'NONE',  ( -1.641842968081369314, 0.7018372235451386665, -98.16859226768855251 ) ) ;
#1422 = CARTESIAN_POINT ( 'NONE',  ( 8.953370165207605424, 1.115369460091404585, -107.3363610867019275 ) ) ;
#1423 = CARTESIAN_POINT ( 'NONE',  ( 11.39708991195924348, 2.669405081578990035, -105.6569415721727552 ) ) ;
#1424 = CARTESIAN_POINT ( 'NONE',  ( 14.27123856154591230, 2.562641559643625389, -108.8178413493208581 ) ) ;
#1425 = CARTESIAN_POINT ( 'NONE',  ( -10.72382582500103254, -0.3676123229840154161, -31.55495606891297555 ) ) ;
#1426 = CARTESIAN_POINT ( 'NONE',  ( 10.13448180133404719, -0.5347969052725364270, -106.1239881554738815 ) ) ;
#1427 = CARTESIAN_POINT ( 'NONE',  ( 48.94168354469281468, 2.073327798054184434, -124.3703420476804808 ) ) ;
#1428 = CARTESIAN_POINT ( 'NONE',  ( 44.14769181757816341, 2.534489464873745046, -116.2320829580784789 ) ) ;
#1429 = CARTESIAN_POINT ( 'NONE',  ( 50.81137416311873523, 0.2480154803054886725, -129.4075969459365751 ) ) ;
#1430 = CARTESIAN_POINT ( 'NONE',  ( 48.51178467740984956, -0.06278781462556290438, -127.3683683424841604 ) ) ;
#1431 = CARTESIAN_POINT ( 'NONE',  ( -5.519022066551951156, -1.031091410716973078, -6.201146889742038759 ) ) ;
#1432 = CARTESIAN_POINT ( 'NONE',  ( -9.985912879759592187, -2.360922689311744094, -33.81803479363018283 ) ) ;
#1433 = CARTESIAN_POINT ( 'NONE',  ( -10.27365200455593985, -2.031362748915906735, -44.99068404341730343 ) ) ;
#1434 = CARTESIAN_POINT ( 'NONE',  ( -11.03535699096638822, -0.6202081330774424917, -63.65218869839027604 ) ) ;
#1435 = CARTESIAN_POINT ( 'NONE',  ( 13.78557440751619190, 0.7563765995565299161, -109.0046890336531220 ) ) ;
#1436 = FACE_OUTER_BOUND ( 'NONE', #4432, .T. ) ;
#1437 = CARTESIAN_POINT ( 'NONE',  ( -0.0009723899307731258268, 1.864580127491410222, -96.37004907269083276 ) ) ;
#1438 = CARTESIAN_POINT ( 'NONE',  ( 51.36475013900091824, 0.6475949940465121069, -127.2159798842021559 ) ) ;
#1439 = CARTESIAN_POINT ( 'NONE',  ( -1.561397081317172253, 0.9134766528357441961, 0.000000000000000000 ) ) ;
#1440 = CARTESIAN_POINT ( 'NONE',  ( -12.39079838669182898, -0.4473650187124469935, -40.89624340487180376 ) ) ;
#1441 = CARTESIAN_POINT ( 'NONE',  ( -8.702425826137043074, -2.025204200461715676, -60.57448465445708052 ) ) ;
#1442 = CARTESIAN_POINT ( 'NONE',  ( 47.81697083474871590, 2.114376576445226696, -131.7817950941592642 ) ) ;
#1443 = CARTESIAN_POINT ( 'NONE',  ( -9.392771599022003315, -2.750287950724627173, -55.80338920877795061 ) ) ;
#1444 = CARTESIAN_POINT ( 'NONE',  ( 9.781029467396853860, 1.377921732051419879, -104.4615225347662317 ) ) ;
#1445 = CARTESIAN_POINT ( 'NONE',  ( -11.99669962009981461, -0.4577014136827427526, -51.54420474416616571 ) ) ;
#1446 = CARTESIAN_POINT ( 'NONE',  ( 44.54325607521244024, 0.8638353603011823534, -117.3994690585208502 ) ) ;
#1447 = CARTESIAN_POINT ( 'NONE',  ( -9.874702195108111979, -2.769124446897752279, -31.40105706743820235 ) ) ;
#1448 = CARTESIAN_POINT ( 'NONE',  ( 49.45757749552316085, -0.7921829579555478285, -123.8145313895274029 ) ) ;
#1449 = CARTESIAN_POINT ( 'NONE',  ( 48.45720971103338570, 1.676262870987675235, -128.4398448462061708 ) ) ;
#1450 = CARTESIAN_POINT ( 'NONE',  ( 11.91154935352020239, 2.682552970544123117, -105.8483745187602807 ) ) ;
#1451 = CARTESIAN_POINT ( 'NONE',  ( 10.46028062682925963, 2.472983397585001519, -107.5466294795224798 ) ) ;
#1452 = CARTESIAN_POINT ( 'NONE',  ( -4.213657397067341215, 1.088445149655741906, -86.82421969087732805 ) ) ;
#1453 = CARTESIAN_POINT ( 'NONE',  ( -5.523142443890719733, -2.422549486413883013, -79.26952180702960504 ) ) ;
#1454 = CARTESIAN_POINT ( 'NONE',  ( -3.437376103509640846, 0.8049204203579224393, -94.69558025181530070 ) ) ;
#1455 = CARTESIAN_POINT ( 'NONE',  ( 42.97311023481719161, 0.4941514585754705480, -113.2841317806286554 ) ) ;
#1456 = CARTESIAN_POINT ( 'NONE',  ( 47.13511485386395350, -0.03118782062143615752, -119.7258374597042803 ) ) ;
#1457 = CARTESIAN_POINT ( 'NONE',  ( -9.461096244804410915, -2.316819826751103761, -54.75204416858906598 ) ) ;
#1458 = CARTESIAN_POINT ( 'NONE',  ( 49.79474501327996450, -0.1359213523752238473, -132.4470818572093265 ) ) ;
#1459 = CARTESIAN_POINT ( 'NONE',  ( 50.40236388819725732, 2.701538858280594368, -126.4329709691290304 ) ) ;
#1460 = CC_DESIGN_DATE_AND_TIME_ASSIGNMENT ( #4348, #5148, ( #810 ) ) ;
#1461 = CARTESIAN_POINT ( 'NONE',  ( 45.31110665440844798, 2.853714175641761663, -116.1231060713188015 ) ) ;
#1462 = CARTESIAN_POINT ( 'NONE',  ( 16.06772621820788416, 0.8138920881438549415, -109.6464718013966859 ) ) ;
#1463 = CARTESIAN_POINT ( 'NONE',  ( 32.00513464393716845, 0.7657834897922677353, -110.0386510607247459 ) ) ;
#1464 = CARTESIAN_POINT ( 'NONE',  ( -1.382780367588647197, 1.627033624364550901, -93.69879214378259746 ) ) ;
#1465 = CARTESIAN_POINT ( 'NONE',  ( -9.106753881414752172, -0.6931918864753969789, -61.97601145119174504 ) ) ;
#1466 = CARTESIAN_POINT ( 'NONE',  ( -12.33773618956285922, -0.4136463688528138061, -38.28754511281162820 ) ) ;
#1467 = CARTESIAN_POINT ( 'NONE',  ( -4.975422403544861538, -1.446633595561351404, -11.87255690937351460 ) ) ;
#1468 = CARTESIAN_POINT ( 'NONE',  ( -8.620465595457515562, -2.426259821226344648, -75.33430984848062906 ) ) ;
#1469 = CARTESIAN_POINT ( 'NONE',  ( -8.943025163467817507, -2.570709015486922766, -24.72116346759683836 ) ) ;
#1470 = CARTESIAN_POINT ( 'NONE',  ( -8.994479415599862193, -1.159407847170768058, -60.51749720674791178 ) ) ;
#1471 = CARTESIAN_POINT ( 'NONE',  ( 1.261234696982714620, 2.518744287820160910, -100.0808453417324557 ) ) ;
#1472 = CARTESIAN_POINT ( 'NONE',  ( 47.57323384388854492, 2.462496730519965205, -133.5240307681101228 ) ) ;
#1473 = CARTESIAN_POINT ( 'NONE',  ( 48.50051347737901608, 0.7718238524669196465, -125.2813837413392122 ) ) ;
#1474 = CARTESIAN_POINT ( 'NONE',  ( 40.92054607172249803, -0.5712091899278232132, -113.7424344766918978 ) ) ;
#1475 = CARTESIAN_POINT ( 'NONE',  ( 32.04956647060676289, -0.4374405506801501975, -111.6823256566650855 ) ) ;
#1476 = CARTESIAN_POINT ( 'NONE',  ( 14.92551022807748673, 1.021759343651314378, -106.4118811362900203 ) ) ;
#1477 = PERSON_AND_ORGANIZATION_ROLE ( 'design_supplier' ) ;
#1478 = CARTESIAN_POINT ( 'NONE',  ( 48.50000000000010658, 0.9999999999999718003, -132.9999999999997726 ) ) ;
#1479 = CARTESIAN_POINT ( 'NONE',  ( 47.96386906792196925, 1.268571137122836090, -121.5676331022713299 ) ) ;
#1480 = CARTESIAN_POINT ( 'NONE',  ( 51.06459212517883373, 1.986097319972016884, -122.4204771824837650 ) ) ;
#1481 = CARTESIAN_POINT ( 'NONE',  ( 2.449891185611710487, 2.045625717173912506, -102.8067114155896746 ) ) ;
#1482 = CARTESIAN_POINT ( 'NONE',  ( -9.778808588562649007, -0.2273390491276492398, -62.38744798275762804 ) ) ;
#1483 = CARTESIAN_POINT ( 'NONE',  ( 42.09915532777095137, -0.6044119831835992329, -114.7170835635608199 ) ) ;
#1484 = CARTESIAN_POINT ( 'NONE',  ( 9.460951570643507225, 2.031655455558726064, -107.3891818141645729 ) ) ;
#1485 = CARTESIAN_POINT ( 'NONE',  ( 50.53292299807246479, 0.2676195802126086765, -120.7626806924332499 ) ) ;
#1486 = CARTESIAN_POINT ( 'NONE',  ( -10.82226529463359199, -3.840174091310870619, -56.30572806921792761 ) ) ;
#1487 = CARTESIAN_POINT ( 'NONE',  ( 12.80009766096236490, 0.5571899187866385939, -105.8133531870711437 ) ) ;
#1488 = CARTESIAN_POINT ( 'NONE',  ( 34.79927185192308770, 0.7294027910265137304, -110.6351022972945657 ) ) ;
#1489 = CARTESIAN_POINT ( 'NONE',  ( 42.16835591618605861, 1.427024515172735653, -112.6740090887010268 ) ) ;
#1490 = CARTESIAN_POINT ( 'NONE',  ( 46.50136704283519862, 2.821338834161660092, -116.5200856593154413 ) ) ;
#1491 = CARTESIAN_POINT ( 'NONE',  ( 41.67096531999758469, 2.938669903877478617, -114.1755481918257686 ) ) ;
#1492 = CARTESIAN_POINT ( 'NONE',  ( -0.9134766528357447513, -1.561397081317171809, 0.000000000000000000 ) ) ;
#1493 = CIRCLE ( 'NONE', #2450, 1.749999999999999334 ) ;
#1494 = CARTESIAN_POINT ( 'NONE',  ( -4.153213592573930413, 0.4248235571440353020, -85.09029791341718862 ) ) ;
#1495 = CARTESIAN_POINT ( 'NONE',  ( 46.09171762933744532, 2.833415094101019882, -116.7075737161912912 ) ) ;
#1496 = CARTESIAN_POINT ( 'NONE',  ( 35.89465071973878452, 3.074482648924378392, -111.9769648522090222 ) ) ;
#1497 = CARTESIAN_POINT ( 'NONE',  ( -10.12538545704389037, -2.480294163242273697, -46.77847514626139969 ) ) ;
#1498 = CARTESIAN_POINT ( 'NONE',  ( 40.97836701987601060, 1.389085722695151848, -115.3996410500670180 ) ) ;
#1499 = CARTESIAN_POINT ( 'NONE',  ( -9.501137213655463043, -2.784002893688668046, -54.91025536076912061 ) ) ;
#1500 = CARTESIAN_POINT ( 'NONE',  ( -2.686103056749626461, 0.1348048190603348129, -88.85554531599073869 ) ) ;
#1501 = CARTESIAN_POINT ( 'NONE',  ( -2.059714964681516491, 2.033403881234854715, -94.84112428832376906 ) ) ;
#1502 = CARTESIAN_POINT ( 'NONE',  ( 34.02704669159025030, 0.9850186731380594640, -113.3486363248895117 ) ) ;
#1503 = CARTESIAN_POINT ( 'NONE',  ( 49.73509541399857881, -0.8044226345383407306, -122.8658446521250909 ) ) ;
#1504 = CARTESIAN_POINT ( 'NONE',  ( 49.31268013340025647, -0.7877447388064899858, -128.0192196107551581 ) ) ;
#1505 = CARTESIAN_POINT ( 'NONE',  ( -1.879823506295037472, -0.2057465445072835519, -91.07247378567889484 ) ) ;
#1506 = CARTESIAN_POINT ( 'NONE',  ( -10.27365200455593985, -2.031362748915906735, -44.99068404341730343 ) ) ;
#1507 = CARTESIAN_POINT ( 'NONE',  ( 32.96013669376680610, 1.495847540300197620, -113.0932073627959937 ) ) ;
#1508 = CARTESIAN_POINT ( 'NONE',  ( -5.601245389714772926, 0.4681408916921130925, -88.81603240237194541 ) ) ;
#1509 = CARTESIAN_POINT ( 'NONE',  ( 34.56481753582713878, -0.4738791968621658413, -112.2172263445407907 ) ) ;
#1510 = CARTESIAN_POINT ( 'NONE',  ( -13.09782263920061141, -1.716711492001280037, -35.53683836275904184 ) ) ;
#1511 = CARTESIAN_POINT ( 'NONE',  ( 40.84810421474431053, 0.5637856236788618691, -112.3850921006034440 ) ) ;
#1512 = CARTESIAN_POINT ( 'NONE',  ( -4.829171843587737101, -2.170859285550229334, -86.90840167857568588 ) ) ;
#1513 = CARTESIAN_POINT ( 'NONE',  ( 35.69629823308312666, 0.2842218573858500963, -111.0150779096566112 ) ) ;
#1514 = CARTESIAN_POINT ( 'NONE',  ( 50.83195965649296255, 0.2570016805906142343, -121.7277189253087784 ) ) ;
#1515 = CARTESIAN_POINT ( 'NONE',  ( 50.80187872084414380, 1.160282527655309481, -120.7330895299268718 ) ) ;
#1516 = CARTESIAN_POINT ( 'NONE',  ( 50.26126533400073271, 2.705192440209868376, -127.7930401761386889 ) ) ;
#1517 = CARTESIAN_POINT ( 'NONE',  ( 47.53649258066656103, -0.02766443076328355469, -131.6291962310406518 ) ) ;
#1518 = CARTESIAN_POINT ( 'NONE',  ( -11.26157404935901241, -0.7573833030493236640, -22.47809502468070519 ) ) ;
#1519 = CARTESIAN_POINT ( 'NONE',  ( -11.79245933114401801, -3.531139665657819560, -30.91131984258726106 ) ) ;
#1520 = CARTESIAN_POINT ( 'NONE',  ( 34.18213453389891754, 1.655642137589720564, -110.3123331583220903 ) ) ;
#1521 = CARTESIAN_POINT ( 'NONE',  ( 12.39980423997506520, 3.036713576890197164, -107.5745619246071669 ) ) ;
#1522 = CARTESIAN_POINT ( 'NONE',  ( 31.02344829064342591, 3.147551313748229607, -110.8895092223789902 ) ) ;
#1523 = CARTESIAN_POINT ( 'NONE',  ( 40.80657275679571683, 0.1437993380991876291, -112.5626119514082291 ) ) ;
#1524 = CARTESIAN_POINT ( 'NONE',  ( 43.97056544462114402, 1.358846561333756808, -116.9414862583406176 ) ) ;
#1525 = CARTESIAN_POINT ( 'NONE',  ( -8.689380091640426684, -2.491487005831176660, -60.73235548342812962 ) ) ;
#1526 = CARTESIAN_POINT ( 'NONE',  ( -9.917915580442320689, -1.499626182818876607, -52.01054874517853932 ) ) ;
#1527 = CARTESIAN_POINT ( 'NONE',  ( 15.59427927380638756, 3.191347262057890877, -108.0831242054088364 ) ) ;
#1528 = CARTESIAN_POINT ( 'NONE',  ( -1.750000000000000000, 0.4581489286485118106, 0.000000000000000000 ) ) ;
#1529 = CARTESIAN_POINT ( 'NONE',  ( 47.35236607090353544, 0.8153299789294119471, -131.6653537612925220 ) ) ;
#1530 = CARTESIAN_POINT ( 'NONE',  ( 36.41063951507928209, -0.4786284670665874597, -112.2571954943064583 ) ) ;
#1531 = CARTESIAN_POINT ( 'NONE',  ( 48.32626779300090192, -0.7584002279474446606, -120.0476199746870520 ) ) ;
#1532 = CARTESIAN_POINT ( 'NONE',  ( -5.583335574759736630, -0.5281765845725280295, -78.25382202572306767 ) ) ;
#1533 = CARTESIAN_POINT ( 'NONE',  ( -9.613681207462132505, -1.808462264461832447, -29.57468075075158609 ) ) ;
#1534 = CARTESIAN_POINT ( 'NONE',  ( 31.48360371509657796, 2.739887155194515422, -112.1323812683740897 ) ) ;
#1535 = CARTESIAN_POINT ( 'NONE',  ( 10.61937224198979557, -0.5206039168289113839, -106.3223374714998073 ) ) ;
#1536 = CARTESIAN_POINT ( 'NONE',  ( -12.07467030613709902, -1.388846643339002318, -25.99407170112653986 ) ) ;
#1537 = CARTESIAN_POINT ( 'NONE',  ( -3.675994200834958203, -0.6662367482164910371, -93.96081624672511623 ) ) ;
#1538 = CARTESIAN_POINT ( 'NONE',  ( 51.13452177196557358, 0.2398226292839067686, -127.4219969148357166 ) ) ;
#1539 = CARTESIAN_POINT ( 'NONE',  ( -8.685082993793699302, -3.432048863365099844, -67.59577131546868145 ) ) ;
#1540 = CARTESIAN_POINT ( 'NONE',  ( 32.94171518656892772, 0.3291621258496194025, -110.3945396706325681 ) ) ;
#1541 = CARTESIAN_POINT ( 'NONE',  ( 45.73435937995923695, 0.4136578256079000426, -114.8224278303127051 ) ) ;
#1542 = CARTESIAN_POINT ( 'NONE',  ( 51.50492640457035520, 1.132720054723844960, -124.2695714857860452 ) ) ;
#1543 = CARTESIAN_POINT ( 'NONE',  ( 49.63618589875353138, 2.729231853116810047, -120.7985616828901811 ) ) ;
#1544 = CARTESIAN_POINT ( 'NONE',  ( -11.85484627830733118, -3.930527511911276140, -43.78923266303699080 ) ) ;
#1545 = CARTESIAN_POINT ( 'NONE',  ( 49.75705902682466331, 2.726040837855045584, -128.4021840345794487 ) ) ;
#1546 = CARTESIAN_POINT ( 'NONE',  ( 48.49840715202207519, 0.7715639755752082829, -125.0039691900343115 ) ) ;
#1547 = CARTESIAN_POINT ( 'NONE',  ( 24.30446284873648111, 1.708739991252963497, -108.4198831714649316 ) ) ;
#1548 = CARTESIAN_POINT ( 'NONE',  ( 36.06127283658948102, 3.046431746816701036, -112.4397926623399826 ) ) ;
#1549 = CARTESIAN_POINT ( 'NONE',  ( 17.29923450650664662, 3.206175736273003452, -108.4639147097999086 ) ) ;
#1550 = CARTESIAN_POINT ( 'NONE',  ( 13.32435999431374185, 0.5646849621712592970, -105.9917002712982281 ) ) ;
#1551 = CARTESIAN_POINT ( 'NONE',  ( 33.42206309563667332, 1.485727184428931258, -113.1929802526233573 ) ) ;
#1552 = CARTESIAN_POINT ( 'NONE',  ( -9.029541948703581511, -2.625555706578411641, -58.50553281641015957 ) ) ;
#1553 = CARTESIAN_POINT ( 'NONE',  ( 5.089081116163962193, 1.151576734068892494, -101.6509814950812114 ) ) ;
#1554 = CARTESIAN_POINT ( 'NONE',  ( 5.033431149090455747, 2.669427136503094378, -102.6691135599026410 ) ) ;
#1555 = CARTESIAN_POINT ( 'NONE',  ( -9.368618232765589582, -3.446865720803169886, -66.54949669031560688 ) ) ;
#1556 = CARTESIAN_POINT ( 'NONE',  ( -7.998030176580928519, -2.200983939204411932, -64.78152896436715480 ) ) ;
#1557 = CARTESIAN_POINT ( 'NONE',  ( 43.12607041231531468, -0.6261179563600153264, -115.2398027784607564 ) ) ;
#1558 = CARTESIAN_POINT ( 'NONE',  ( 1.750000000000000000, 0.000000000000000000, 0.000000000000000000 ) ) ;
#1559 = CARTESIAN_POINT ( 'NONE',  ( 42.83371725017781273, 2.557786798013635732, -115.5071223367274200 ) ) ;
#1560 = CARTESIAN_POINT ( 'NONE',  ( 49.37217909874460275, -0.7895103750212302263, -123.1991787290715195 ) ) ;
#1561 = CARTESIAN_POINT ( 'NONE',  ( -11.40669528064671034, -1.219233146636449217, -22.56976489845596134 ) ) ;
#1562 = EDGE_LOOP ( 'NONE', ( #2758, #5376, #2429, #2023 ) ) ;
#1563 = CARTESIAN_POINT ( 'NONE',  ( 16.86274212951753171, -0.2057655591285768859, -109.1251008508534568 ) ) ;
#1564 = CARTESIAN_POINT ( 'NONE',  ( -3.405265485767963618, -0.8289321818399815189, -86.41526550282766550 ) ) ;
#1565 = CARTESIAN_POINT ( 'NONE',  ( 29.13022312414105741, 0.7781338016077905539, -109.4955902305354840 ) ) ;
#1566 = CARTESIAN_POINT ( 'NONE',  ( 17.68448254772626171, 0.9741884900215584953, -107.1728606112328492 ) ) ;
#1567 = CARTESIAN_POINT ( 'NONE',  ( 11.76502036382746219, 1.920603701351669912, -105.3591460712278263 ) ) ;
#1568 = CARTESIAN_POINT ( 'NONE',  ( -5.310488343176597681, 1.085007305831399371, -88.23810769754686589 ) ) ;
#1569 = CARTESIAN_POINT ( 'NONE',  ( -1.813308912681729224, 1.546897637789147240, -92.76462992725691947 ) ) ;
#1570 = CARTESIAN_POINT ( 'NONE',  ( -3.506914262518261882, -1.749525239552061295, -91.92173440627890102 ) ) ;
#1571 = CARTESIAN_POINT ( 'NONE',  ( -13.12048028769336838, -1.310526746079446747, -38.04256426556844417 ) ) ;
#1572 = CARTESIAN_POINT ( 'NONE',  ( -7.547339393364009830, -2.610027938112504664, -12.48855144262777550 ) ) ;
#1573 = CARTESIAN_POINT ( 'NONE',  ( -9.271688853428969423, -0.7652257283602941218, -60.61873150716415637 ) ) ;
#1574 = CARTESIAN_POINT ( 'NONE',  ( -2.525870192973686201, 1.940872541794198991, -93.88819080536389095 ) ) ;
#1575 = CARTESIAN_POINT ( 'NONE',  ( 43.09521910345777229, 0.07169071146588305854, -113.5517799507263277 ) ) ;
#1576 = CARTESIAN_POINT ( 'NONE',  ( 43.51527332357227351, 1.365120284805690032, -116.6612864162716647 ) ) ;
#1577 = CARTESIAN_POINT ( 'NONE',  ( 0.2585855195894899983, -0.6803123190829075684, -96.24811238147127312 ) ) ;
#1578 = CARTESIAN_POINT ( 'NONE',  ( 51.43710845905195583, 0.6496715180596904782, -124.1991272321404267 ) ) ;
#1579 = CARTESIAN_POINT ( 'NONE',  ( -8.518165341969977433, 0.2730610116915813124, -73.69459382225318222 ) ) ;
#1580 = CARTESIAN_POINT ( 'NONE',  ( -11.14337929692105256, -3.348699787263465399, -25.76672566974010437 ) ) ;
#1581 = CARTESIAN_POINT ( 'NONE',  ( 12.87414871789512461, 0.1468483530908234747, -106.0772813625163735 ) ) ;
#1582 = CARTESIAN_POINT ( 'NONE',  ( -7.021285495000846311, -2.574741713117685293, -70.68547506199885788 ) ) ;
#1583 = CARTESIAN_POINT ( 'NONE',  ( -2.217425709107156084, -0.2544482506119743470, -90.16698834962049602 ) ) ;
#1584 = CARTESIAN_POINT ( 'NONE',  ( 49.22326885119347395, 2.405052330575617070, -123.8732102781450521 ) ) ;
#1585 = CARTESIAN_POINT ( 'NONE',  ( -10.18287776265198374, -3.409468368028579999, -30.06152435095924957 ) ) ;
#1586 = CARTESIAN_POINT ( 'NONE',  ( 27.71161589063984465, 2.445125049461195577, -111.7111009112153539 ) ) ;
#1587 = CARTESIAN_POINT ( 'NONE',  ( 41.25431209573120839, -0.2581979325223946464, -115.0491130721341335 ) ) ;
#1588 = CARTESIAN_POINT ( 'NONE',  ( -2.201405948031959436, -0.7034512784951250097, -90.24049489699936544 ) ) ;
#1589 = CARTESIAN_POINT ( 'NONE',  ( 7.504182854963255878, 0.8353077530772735626, -103.3702543545923049 ) ) ;
#1590 = CARTESIAN_POINT ( 'NONE',  ( 43.15941356014564434, 0.4882121983219783190, -113.3722423836449593 ) ) ;
#1591 = CARTESIAN_POINT ( 'NONE',  ( 12.79789325976202186, 1.941006952775145011, -105.7276987653072240 ) ) ;
#1592 = CARTESIAN_POINT ( 'NONE',  ( -12.64513642564377172, -0.6988019502033941954, -46.47950446665922186 ) ) ;
#1593 = CARTESIAN_POINT ( 'NONE',  ( -1.597805605883193758, 1.464672284083952558, -2.916196513872288065 ) ) ;
#1594 = CARTESIAN_POINT ( 'NONE',  ( -0.5494101278595392435, -1.156947520715052136, -98.22623121561119319 ) ) ;
#1595 = CARTESIAN_POINT ( 'NONE',  ( -11.77618468981008171, -1.359394576895121443, -60.49575327237585043 ) ) ;
#1596 = CARTESIAN_POINT ( 'NONE',  ( -1.561397081317172697, -0.9134766528357431969, 0.000000000000000000 ) ) ;
#1597 = CARTESIAN_POINT ( 'NONE',  ( -9.802930259449452066, -3.515704663988529877, -64.51036222537160825 ) ) ;
#1598 = CARTESIAN_POINT ( 'NONE',  ( -9.663537507499126988, -1.421552040013202900, -54.68429526173516564 ) ) ;
#1599 = CARTESIAN_POINT ( 'NONE',  ( 15.48121033024709625, 0.7978267858919628752, -109.4899254527578876 ) ) ;
#1600 = CARTESIAN_POINT ( 'NONE',  ( 30.06245398824178139, 3.157968998656903725, -110.6952257821736509 ) ) ;
#1601 = CARTESIAN_POINT ( 'NONE',  ( 50.98960441975737012, -0.1696899256404228173, -126.8150105895714574 ) ) ;
#1602 = CARTESIAN_POINT ( 'NONE',  ( 9.492501314403256174, 1.133416373976354308, -107.5667843191025952 ) ) ;
#1603 = CARTESIAN_POINT ( 'NONE',  ( 45.94802430010051353, -0.3515645296303302469, -115.6251295355128121 ) ) ;
#1604 = CARTESIAN_POINT ( 'NONE',  ( 49.13465994795904379, 0.3133217461270185189, -118.0650153294302527 ) ) ;
#1605 = CARTESIAN_POINT ( 'NONE',  ( 51.11412348617120216, 0.6632104706772955494, -122.0148397532905165 ) ) ;
#1606 = CARTESIAN_POINT ( 'NONE',  ( 13.28620506177849236, 1.464207082417314787, -105.8146664150652896 ) ) ;
#1607 = CARTESIAN_POINT ( 'NONE',  ( -12.26591665935849917, -3.719881467955217680, -38.76123818839558766 ) ) ;
#1608 = CARTESIAN_POINT ( 'NONE',  ( 16.12166866156490030, 0.1636699632731274667, -107.1029243609704764 ) ) ;
#1609 = CARTESIAN_POINT ( 'NONE',  ( -8.558151905074298682, -3.099985095175918470, -63.24090033837855174 ) ) ;
#1610 = CARTESIAN_POINT ( 'NONE',  ( 3.715835812529423077, 0.5950844694031856008, -100.4750850467754901 ) ) ;
#1611 = CARTESIAN_POINT ( 'NONE',  ( 27.62851505620746195, 2.799919353658254728, -111.3769870781697193 ) ) ;
#1612 = CARTESIAN_POINT ( 'NONE',  ( 49.52759309371710827, -0.7944333345710434813, -124.7673062117551268 ) ) ;
#1613 = CARTESIAN_POINT ( 'NONE',  ( 44.59137286746666717, 2.181883874044119320, -116.8993731714202369 ) ) ;
#1614 = CARTESIAN_POINT ( 'NONE',  ( 7.923479438563904687, 0.5930421768250975223, -106.7712853654403347 ) ) ;
#1615 = CARTESIAN_POINT ( 'NONE',  ( 46.63694931752815620, -0.3634164481477512032, -118.6991309014609470 ) ) ;
#1616 = CARTESIAN_POINT ( 'NONE',  ( 50.84110950715599131, -0.1663171783020721828, -128.0660399683234516 ) ) ;
#1617 = CARTESIAN_POINT ( 'NONE',  ( 10.26147914359986224, 0.9444828925451714818, -104.7537342009346446 ) ) ;
#1618 = CARTESIAN_POINT ( 'NONE',  ( -5.966868522919961393, -0.5979146091170592925, -87.71541416694032023 ) ) ;
#1619 = CARTESIAN_POINT ( 'NONE',  ( -3.244487673685592544, 1.274387252002043613, -89.36140675639789777 ) ) ;
#1620 = CARTESIAN_POINT ( 'NONE',  ( -2.285306699254362695, 1.920262484525423918, -95.26612295999463242 ) ) ;
#1621 = CARTESIAN_POINT ( 'NONE',  ( -11.50220004875895619, -0.3981527860968299692, -47.40743645791896910 ) ) ;
#1622 = CARTESIAN_POINT ( 'NONE',  ( 36.89796336505803254, -0.2048749960023271699, -113.5231859157846088 ) ) ;
#1623 = CARTESIAN_POINT ( 'NONE',  ( 13.70931894938114759, 2.550535199242292883, -108.6551064364479231 ) ) ;
#1624 = CARTESIAN_POINT ( 'NONE',  ( 35.99206042996601695, 0.1335842287682406648, -113.5598079489874408 ) ) ;
#1625 = CARTESIAN_POINT ( 'NONE',  ( -6.303098979263033641, 0.7330426545686210549, -12.09010905523009605 ) ) ;
#1626 = CARTESIAN_POINT ( 'NONE',  ( -9.917915580442320689, -1.499626182818876607, -52.01054874517853932 ) ) ;
#1627 = CARTESIAN_POINT ( 'NONE',  ( 49.93341197495358585, 2.714786375916832029, -129.6272771874482999 ) ) ;
#1628 = CARTESIAN_POINT ( 'NONE',  ( 35.69629823308312666, 0.2842218573858500963, -111.0150779096566112 ) ) ;
#1629 = CARTESIAN_POINT ( 'NONE',  ( -8.878711977385613352, -2.876727080973223050, -72.45305907862011452 ) ) ;
#1630 = CARTESIAN_POINT ( 'NONE',  ( 50.63803334792510213, 0.2639297967662962430, -121.0703317872864346 ) ) ;
#1631 = B_SPLINE_CURVE_WITH_KNOTS ( 'NONE', 3,
 ( #4213, #3823, #2104, #7, #4600, #1699, #1179, #805, #2490, #3380, #34, #1283, #4157, #5066, #376, #2958, #4574, #2026, #3744, #2543, #4625, #2464, #346, #2881, #2854, #401, #4185, #4548, #4130, #2517, #3771, #3331, #5464, #1675, #3718, #1618, #3304, #4986, #1205, #2054, #5438, #1647, #5012, #1231, #2907, #1725, #3849, #1421, #2211, #4318, #5122, #4677, #4757, #1830, #3961, #1005, #535, #2595, #3436, #4293, #63, #3904, #1337, #884, #972, #3516, #3407, #2684, #2569, #5178, #1749, #4381, #3012, #3932, #121, #561, #3098, #4267, #2266, #4704, #4787, #913, #482, #5206, #147, #1393, #2156, #5094, #507, #2182, #590, #1805, #3490, #3877, #1310, #2984, #91, #1777, #3069, #2238, #3462, #4349, #943, #5149, #1365, #3040, #4730, #2625, #2654, #4467, #699, #3241, #3130, #2376, #1145, #2295, #262, #2797, #2822, #1942, #3632, #4018, #4876, #178, #1449, #1036, #3657, #1860, #208, #4818, #4492, #1965, #4518, #1120, #2325, #4069, #1093, #287, #722, #5345 ),
 .UNSPECIFIED., .F., .F.,
 ( 4, 2, 2, 2, 2, 2, 2, 2, 2, 2, 2, 2, 2, 2, 2, 2, 2, 2, 2, 2, 2, 2, 2, 2, 2, 2, 2, 2, 2, 2, 2, 2, 2, 2, 2, 2, 2, 2, 2, 2, 2, 2, 2, 2, 2, 2, 2, 2, 2, 2, 2, 2, 2, 2, 2, 2, 2, 2, 2, 2, 2, 2, 2, 2, 2, 2, 2, 2, 2, 4 ),
 ( 0.000000000000000000, 0.06095647388834152247, 0.1219129477766830449, 0.1821722183208780987, 0.2123018535929755979, 0.2273666712290243752, 0.2424314888650731248, 0.2581297113480545691, 0.2738279338310360411, 0.3052243787969989297, 0.3366208237629618183, 0.3523190462459432348, 0.3680172687289247069, 0.3802485942115154116, 0.3924799196941061163, 0.4169425706592874703, 0.4658678725896502337, 0.5148424969919661587, 0.5393298091931241212, 0.5515734652937031024, 0.5576952933439925930, 0.5638171213942820836, 0.5729825526567009497, 0.5821479839191199268, 0.6004788464439577700, 0.6182293842611867873, 0.6359799220784158047, 0.6543856185521313984, 0.6635884667889891952, 0.6727913150258469921, 0.6827089692409098465, 0.6926266234559728119, 0.7025442776710357773, 0.7124619318860986317, 0.7228984436244521028, 0.7333349553628056849, 0.7542079788395126272, 0.7886117950618370953, 0.8058137031729992739, 0.8144146572285804186, 0.8187151342563709910, 0.8230156112841615634, 0.8267421749974590561, 0.8304687387107564378, 0.8379218661373513122, 0.8528281209905409499, 0.8677343758437305876, 0.8751875032703254620, 0.8789140669836228437, 0.8826406306969203364, 0.8869234134402281811, 0.8912061961835361368, 0.8997717616701519372, 0.9161540917937399664, 0.9245138514860476997, 0.9328736111783554330, 0.9382755489117504677, 0.9436774866451455024, 0.9495787466445880787, 0.9554800066440306550, 0.9620441773377375050, 0.9653262626845909855, 0.9686083480314444660, 0.9722962362012697035, 0.9759841243710948300, 0.9796720125409199564, 0.9833599007107451939, 0.9875199255330588954, 0.9916799503553725970, 1.000000000000000000 ),
 .UNSPECIFIED. ) ;
#1632 = CARTESIAN_POINT ( 'NONE',  ( 50.92155669933866591, 0.6585983014363504529, -129.8775721678420325 ) ) ;
#1633 = CARTESIAN_POINT ( 'NONE',  ( 13.62409259588347687, 2.986549395690627939, -106.7710000229834861 ) ) ;
#1634 = CARTESIAN_POINT ( 'NONE',  ( 34.80871853406585359, 1.156881366411805612, -110.4709876509402022 ) ) ;
#1635 = CARTESIAN_POINT ( 'NONE',  ( -12.15972842532394793, -3.792258717511311605, -46.70846986037872739 ) ) ;
#1636 = CARTESIAN_POINT ( 'NONE',  ( 45.24715042552308120, 2.508827182139713230, -114.7835202679179503 ) ) ;
#1637 = CARTESIAN_POINT ( 'NONE',  ( -10.24555972190762532, -2.871979693599421513, -36.50438099864533115 ) ) ;
#1638 = CARTESIAN_POINT ( 'NONE',  ( 5.114629961755191800, -0.6670829538452442975, -102.8653499723881879 ) ) ;
#1639 = CARTESIAN_POINT ( 'NONE',  ( -8.558820642969459769, -1.460191913081149817, -62.57450934563720324 ) ) ;
#1640 = CARTESIAN_POINT ( 'NONE',  ( 43.66877657065013807, 2.543477526511865872, -115.9512299942938256 ) ) ;
#1641 = CARTESIAN_POINT ( 'NONE',  ( -13.14583696734465690, -1.737881153577695903, -36.41423078437323824 ) ) ;
#1642 = CARTESIAN_POINT ( 'NONE',  ( 48.26202733568592151, -0.7529683471343371348, -132.2851002471349773 ) ) ;
#1643 = CARTESIAN_POINT ( 'NONE',  ( 19.57645848138846745, 2.311214706224742343, -110.2857475922451869 ) ) ;
#1644 = CARTESIAN_POINT ( 'NONE',  ( 44.66909586884725769, -0.3156778140797091847, -116.9699689562433349 ) ) ;
#1645 = CARTESIAN_POINT ( 'NONE',  ( 50.09306241518447678, -0.1450590264389857997, -131.4715895040480689 ) ) ;
#1646 = CARTESIAN_POINT ( 'NONE',  ( 21.11749508196524872, 0.8670498336072015588, -107.9828559896447899 ) ) ;
#1647 = CARTESIAN_POINT ( 'NONE',  ( -3.924557209968881022, 0.2200279111673689170, -93.65528448431645359 ) ) ;
#1648 = CARTESIAN_POINT ( 'NONE',  ( -9.267519865735247109, -0.05798647927364070781, -66.49504453158780848 ) ) ;
#1649 = CARTESIAN_POINT ( 'NONE',  ( -12.73231606146294936, -0.6846560034244959514, -42.93138819189680078 ) ) ;
#1650 = CARTESIAN_POINT ( 'NONE',  ( -3.347678579008151356, 1.203209446440570263, -5.921584697493567973 ) ) ;
#1651 = CARTESIAN_POINT ( 'NONE',  ( 46.63694931752815620, -0.3634164481477512032, -118.6991309014609470 ) ) ;
#1652 = CARTESIAN_POINT ( 'NONE',  ( -11.89930633528094006, -1.361266801115282643, -59.56670583047802836 ) ) ;
#1653 = CARTESIAN_POINT ( 'NONE',  ( -12.89715461287294751, -3.130806159461799965, -39.06674302315792602 ) ) ;
#1654 = CARTESIAN_POINT ( 'NONE',  ( 0.4923388038086036200, -0.7276953131214738413, -100.3107984418388128 ) ) ;
#1655 = CARTESIAN_POINT ( 'NONE',  ( 3.266675310114290909, 0.8067960342639558524, -103.9744926847139652 ) ) ;
#1656 = CARTESIAN_POINT ( 'NONE',  ( -4.990443272646296613, 1.152133833847454492, -85.84731031815948654 ) ) ;
#1657 = CARTESIAN_POINT ( 'NONE',  ( -10.36912115330913764, -1.539257254337066616, -38.90182942153324319 ) ) ;
#1658 = CARTESIAN_POINT ( 'NONE',  ( -8.818392605697493281, 0.2976034475144122560, -15.61195792091143808 ) ) ;
#1659 = CARTESIAN_POINT ( 'NONE',  ( 50.65100298337923590, -0.1612568891304841379, -129.1614050278472234 ) ) ;
#1660 = CARTESIAN_POINT ( 'NONE',  ( 47.92302337044529992, 1.279961859702903881, -129.9298413884040713 ) ) ;
#1661 = CARTESIAN_POINT ( 'NONE',  ( 29.13022312414105741, 0.7781338016077905539, -109.4955902305354840 ) ) ;
#1662 = CARTESIAN_POINT ( 'NONE',  ( 26.20876609780557231, 1.211201033723941611, -108.7911165091143602 ) ) ;
#1663 = CARTESIAN_POINT ( 'NONE',  ( 29.67542344242889740, 2.845108978332247407, -109.9240135275476291 ) ) ;
#1664 = CARTESIAN_POINT ( 'NONE',  ( 38.37939534683934539, 1.066573400614424294, -111.3855544015688253 ) ) ;
#1665 = CARTESIAN_POINT ( 'NONE',  ( 43.82213568682789173, 0.04448274064384906412, -116.6922442166105185 ) ) ;
#1666 = CARTESIAN_POINT ( 'NONE',  ( 33.47883826095164039, 2.811376863414908556, -110.7115030451186470 ) ) ;
#1667 = CARTESIAN_POINT ( 'NONE',  ( -9.959286116655363230, -2.905946245949701634, -50.46061769895685245 ) ) ;
#1668 = CARTESIAN_POINT ( 'NONE',  ( -10.60952749112407467, -3.641806238387652161, -47.37406736194326839 ) ) ;
#1669 = CARTESIAN_POINT ( 'NONE',  ( -0.9749717390698635633, -0.04891744330516627909, -93.26573582621408320 ) ) ;
#1670 = CARTESIAN_POINT ( 'NONE',  ( 0.9134766528357435300, -1.561397081317172697, 0.000000000000000000 ) ) ;
#1671 = CARTESIAN_POINT ( 'NONE',  ( 48.85258582213331380, 2.075525473283809763, -123.5192088063060964 ) ) ;
#1672 = CARTESIAN_POINT ( 'NONE',  ( 35.59782495714701156, -0.1871036664508606284, -113.1761262342790104 ) ) ;
#1673 = CARTESIAN_POINT ( 'NONE',  ( -10.32323480491419510, -2.022669647968672546, -42.37709930496848187 ) ) ;
#1674 = CARTESIAN_POINT ( 'NONE',  ( 45.06089877545425537, 0.4323126294596166819, -114.3970784202934396 ) ) ;
#1675 = CARTESIAN_POINT ( 'NONE',  ( -7.649923691454382890, -1.552099991577804206, -80.84438081887020644 ) ) ;
#1676 = CARTESIAN_POINT ( 'NONE',  ( -1.382780367588647197, 1.627033624364550901, -93.69879214378259746 ) ) ;
#1677 = CARTESIAN_POINT ( 'NONE',  ( 51.08397290771552690, 1.977452540468717768, -128.4176312764128056 ) ) ;
#1678 = CARTESIAN_POINT ( 'NONE',  ( 3.455470902825031221, -0.7045356842052750146, -102.9639735921122110 ) ) ;
#1679 = CARTESIAN_POINT ( 'NONE',  ( 10.46028062682925963, 2.472983397585001519, -107.5466294795224798 ) ) ;
#1680 = CARTESIAN_POINT ( 'NONE',  ( -4.291384261579163528, -1.681804870758031978, -90.61796433414983198 ) ) ;
#1681 = CARTESIAN_POINT ( 'NONE',  ( -10.91226471555499522, -0.3121346288886822640, -55.44186224167728483 ) ) ;
#1682 = CARTESIAN_POINT ( 'NONE',  ( 49.42440280467508984, 2.730617998324360585, -131.6065238713780161 ) ) ;
#1683 = CARTESIAN_POINT ( 'NONE',  ( -10.61610351037983513, -3.071162339800324936, -64.24242636370301796 ) ) ;
#1684 = CARTESIAN_POINT ( 'NONE',  ( 43.15941356014564434, 0.4882121983219783190, -113.3722423836449593 ) ) ;
#1685 = CARTESIAN_POINT ( 'NONE',  ( 35.03769924273851188, 1.152365070378868150, -110.5238213227299582 ) ) ;
#1686 = CARTESIAN_POINT ( 'NONE',  ( 26.20876609780557231, 1.211201033723941611, -108.7911165091143602 ) ) ;
#1687 = CARTESIAN_POINT ( 'NONE',  ( 48.17197416861808534, -0.05757091046999289474, -121.9254868830962408 ) ) ;
#1688 = CARTESIAN_POINT ( 'NONE',  ( 46.52163090837794357, 2.473444707411070809, -115.6719670689896162 ) ) ;
#1689 = CARTESIAN_POINT ( 'NONE',  ( 43.41918841920637107, -0.2829343088457012545, -114.0826304096162005 ) ) ;
#1690 = CARTESIAN_POINT ( 'NONE',  ( -10.70422738654328398, -3.562251459598720249, -36.89357882231646357 ) ) ;
#1691 = CARTESIAN_POINT ( 'NONE',  ( -8.848452620868453522, -1.592306023816241867, -60.54599093060249970 ) ) ;
#1692 = CARTESIAN_POINT ( 'NONE',  ( 35.32364976269193590, 2.781337636838159266, -111.1280823115969127 ) ) ;
#1693 = CARTESIAN_POINT ( 'NONE',  ( -10.75686897285434185, -1.828994312374585318, -67.04434433952182815 ) ) ;
#1694 = CARTESIAN_POINT ( 'NONE',  ( -6.428092986795425290, -2.384762123828590763, -73.41137528076401964 ) ) ;
#1695 = CARTESIAN_POINT ( 'NONE',  ( 45.16828993205967890, 2.169292685939189003, -117.3183766731411737 ) ) ;
#1696 = CARTESIAN_POINT ( 'NONE',  ( 48.85435483524403111, -0.4204868502478210091, -126.3040174772631588 ) ) ;
#1697 = CARTESIAN_POINT ( 'NONE',  ( 49.79097761608596784, -0.1238427078974844858, -119.5370196545078869 ) ) ;
#1698 = CARTESIAN_POINT ( 'NONE',  ( 50.55144774541232522, 0.2553024755093616927, -130.5461144891501135 ) ) ;
#1699 = CARTESIAN_POINT ( 'NONE',  ( -11.37605302429594367, -1.675462679454821524, -22.59283558977870499 ) ) ;
#1700 = CARTESIAN_POINT ( 'NONE',  ( -2.363481536216822221, 1.441813829051671769, -91.49914671251401899 ) ) ;
#1701 = CARTESIAN_POINT ( 'NONE',  ( 50.29789055864975467, 1.999547419646884983, -131.8418203016761936 ) ) ;
#1702 = CARTESIAN_POINT ( 'NONE',  ( 22.04710587014066903, -0.07287246003278256834, -110.4676708334042985 ) ) ;
#1703 = CARTESIAN_POINT ( 'NONE',  ( -11.55501679555165850, -1.360132730453094574, -62.09087798254800106 ) ) ;
#1704 = CARTESIAN_POINT ( 'NONE',  ( 18.72888429535052524, 0.1359019166665018652, -109.9486216428819176 ) ) ;
#1705 = CARTESIAN_POINT ( 'NONE',  ( 20.05646260428295946, 0.09677842338978211167, -108.1786292158179776 ) ) ;
#1706 = CARTESIAN_POINT ( 'NONE',  ( -10.55159257029872144, -0.2401083347976007976, -59.07019701339244477 ) ) ;
#1707 = CARTESIAN_POINT ( 'NONE',  ( 50.43757963517880683, 2.701195117439795901, -125.3558883510254560 ) ) ;
#1708 = CARTESIAN_POINT ( 'NONE',  ( -12.91831740569495501, -3.167778253372029784, -41.70355851179923690 ) ) ;
#1709 = CARTESIAN_POINT ( 'NONE',  ( 48.16521188071686055, 0.3435950516493233020, -116.8257246465011150 ) ) ;
#1710 = CARTESIAN_POINT ( 'NONE',  ( -2.238652929487266352, 0.3783299301964119232, -5.811027850637538350 ) ) ;
#1711 = CARTESIAN_POINT ( 'NONE',  ( -11.42728672643489674, -3.124912242483079527, -59.69529741364839026 ) ) ;
#1712 = CARTESIAN_POINT ( 'NONE',  ( 1.886078098642409051, 0.8563954521724224112, -98.23955769198155963 ) ) ;
#1713 = CARTESIAN_POINT ( 'NONE',  ( 22.23113548148420904, 0.2487137080789859345, -110.7919129429573957 ) ) ;
#1714 = CARTESIAN_POINT ( 'NONE',  ( 18.11896292605594283, 2.982416467824196893, -107.8716859979841018 ) ) ;
#1715 = CARTESIAN_POINT ( 'NONE',  ( 50.48196864222178704, -0.4941496705410800550, -128.1463387306988579 ) ) ;
#1716 = CARTESIAN_POINT ( 'NONE',  ( 32.33378143488256029, -0.4172375449906657874, -111.3174808264734139 ) ) ;
#1717 = CARTESIAN_POINT ( 'NONE',  ( 51.25000827217067467, 0.2379595342238494948, -125.9738198648879575 ) ) ;
#1718 = CARTESIAN_POINT ( 'NONE',  ( -4.260119180440844033, 1.193029270261541486, -6.023837017400582639 ) ) ;
#1719 = CARTESIAN_POINT ( 'NONE',  ( 7.404314482709889234, 1.953384968068000660, -106.4397856872738402 ) ) ;
#1720 = CARTESIAN_POINT ( 'NONE',  ( 16.37309201185031782, -0.3244430674131854042, -107.8359919965168103 ) ) ;
#1721 = CARTESIAN_POINT ( 'NONE',  ( -3.793479991622858982, -0.7574282872460944560, -3.055937371431656224 ) ) ;
#1722 = CARTESIAN_POINT ( 'NONE',  ( 0.9349230759445488204, -1.153808677801903437, -99.06987149309564700 ) ) ;
#1723 = CARTESIAN_POINT ( 'NONE',  ( 50.98960441975737012, -0.1696899256404228173, -126.8150105895714574 ) ) ;
#1724 = CARTESIAN_POINT ( 'NONE',  ( 50.63803334792510213, 0.2639297967662962430, -121.0703317872864346 ) ) ;
#1725 = CARTESIAN_POINT ( 'NONE',  ( -2.703993576161149548, 0.5128380254175989306, -96.26836202346555638 ) ) ;
#1726 = CARTESIAN_POINT ( 'NONE',  ( -2.891917916448140780, 1.019526977916716870, -5.873604649945770362 ) ) ;
#1727 = CARTESIAN_POINT ( 'NONE',  ( 42.55751811042923549, 1.413675241251071801, -112.8388702253478186 ) ) ;
#1728 = CARTESIAN_POINT ( 'NONE',  ( 48.02340555105979547, -0.3910329018764032716, -130.8245103508868965 ) ) ;
#1729 = CARTESIAN_POINT ( 'NONE',  ( 49.22326885119347395, 2.405052330575617070, -123.8732102781450521 ) ) ;
#1730 = CARTESIAN_POINT ( 'NONE',  ( -8.142951132824414628, -3.212736387160753715, -72.00123078456721259 ) ) ;
#1731 = CARTESIAN_POINT ( 'NONE',  ( 36.19764098729000779, -0.08773504165130936727, -111.4568709733912755 ) ) ;
#1732 = CARTESIAN_POINT ( 'NONE',  ( -4.515611680253116766, 1.266796859272400377, -87.15433284306899964 ) ) ;
#1733 = CARTESIAN_POINT ( 'NONE',  ( -12.31505698106827751, -0.4959978602135807768, -32.43761561138217786 ) ) ;
#1734 = CARTESIAN_POINT ( 'NONE',  ( -10.99962435194098731, -3.095724787174797044, -62.20853031912938036 ) ) ;
#1735 = CARTESIAN_POINT ( 'NONE',  ( 51.24060879872146756, 0.2379956528657173609, -126.1761713620225862 ) ) ;
#1736 = CARTESIAN_POINT ( 'NONE',  ( 1.829724359956949264, 1.336772414774306972, -98.33172804178094850 ) ) ;
#1737 = CARTESIAN_POINT ( 'NONE',  ( 46.26015317729884657, 0.8159288247684346462, -114.9488085391597281 ) ) ;
#1738 = CARTESIAN_POINT ( 'NONE',  ( 48.49246267286094536, -0.06580435174709112212, -123.2673192836612088 ) ) ;
#1739 = CARTESIAN_POINT ( 'NONE',  ( 10.00470731846303707, 2.897931867665517469, -105.4507775627070600 ) ) ;
#1740 = CARTESIAN_POINT ( 'NONE',  ( 50.33346866524303920, -0.4836765398792622350, -121.9981531957951972 ) ) ;
#1741 = CARTESIAN_POINT ( 'NONE',  ( 30.44479224892194935, -0.3960245997256311989, -110.9577310341996679 ) ) ;
#1742 = CARTESIAN_POINT ( 'NONE',  ( 50.66384801638765367, 0.2521019067728529905, -130.0806770033616147 ) ) ;
#1743 = CARTESIAN_POINT ( 'NONE',  ( -12.38858058440229648, -0.4618099613128140435, -42.65570815907815216 ) ) ;
#1744 = CARTESIAN_POINT ( 'NONE',  ( 48.43970949473131782, 1.256752526684006499, -123.4290978841474953 ) ) ;
#1745 = CARTESIAN_POINT ( 'NONE',  ( -2.633473372104752741, -1.690485867268796127, -91.09826096070899837 ) ) ;
#1746 = CARTESIAN_POINT ( 'NONE',  ( -3.786763890837352875, -0.1931119994560873132, -94.03955137017236154 ) ) ;
#1747 = CARTESIAN_POINT ( 'NONE',  ( -2.883054644595462346, -1.824055382235350242, -91.49906413271405370 ) ) ;
#1748 = CARTESIAN_POINT ( 'NONE',  ( -8.848452620868453522, -1.592306023816241867, -60.54599093060249970 ) ) ;
#1749 = CARTESIAN_POINT ( 'NONE',  ( 19.58842624431279233, 1.871869675546036005, -110.4104418436645574 ) ) ;
#1750 = CARTESIAN_POINT ( 'NONE',  ( 45.17969916676175046, 2.166884709038412904, -114.4349913565654049 ) ) ;
#1751 = CARTESIAN_POINT ( 'NONE',  ( 50.80790097060904031, 1.146564852204376983, -130.6455981611409811 ) ) ;
#1752 = CARTESIAN_POINT ( 'NONE',  ( 48.61522182492366539, -0.4117967980952242923, -128.2506274806664237 ) ) ;
#1753 = CARTESIAN_POINT ( 'NONE',  ( 47.06238149610672394, 2.122496120562351152, -119.1294440074668159 ) ) ;
#1754 = CARTESIAN_POINT ( 'NONE',  ( 43.17482955371348652, 2.552186378534905042, -115.6801409822710411 ) ) ;
#1755 = CARTESIAN_POINT ( 'NONE',  ( 47.17539044581641150, -0.01480017130450105890, -132.7227033827965386 ) ) ;
#1756 = CARTESIAN_POINT ( 'NONE',  ( 49.72613870017406157, -0.4718720812354490479, -131.5100793680107643 ) ) ;
#1757 = CARTESIAN_POINT ( 'NONE',  ( 1.750000000000000000, 0.000000000000000000, 0.000000000000000000 ) ) ;
#1758 = CARTESIAN_POINT ( 'NONE',  ( 36.06127283658948102, 3.046431746816701036, -112.4397926623399826 ) ) ;
#1759 = CARTESIAN_POINT ( 'NONE',  ( 19.54021669314887077, 0.9466283452422130651, -110.4922826783008531 ) ) ;
#1760 = CARTESIAN_POINT ( 'NONE',  ( -4.988822270216529908, -0.9883678122196890570, -11.85899236476383223 ) ) ;
#1761 = CARTESIAN_POINT ( 'NONE',  ( -2.355478163546202097, 0.6620289761320810040, -90.17391193681152117 ) ) ;
#1762 = CARTESIAN_POINT ( 'NONE',  ( -0.4892428051196796579, 0.6343119667122438798, -2.861224326072318469 ) ) ;
#1763 = CARTESIAN_POINT ( 'NONE',  ( 43.37744140197222009, 0.05144826465585344150, -116.4206484570036935 ) ) ;
#1764 = CARTESIAN_POINT ( 'NONE',  ( -11.45863504838441749, -1.362129542678926830, -62.76379901512444093 ) ) ;
#1765 = CARTESIAN_POINT ( 'NONE',  ( -10.29048392724165950, 0.1249456580787320775, -22.03386325706546955 ) ) ;
#1766 = CARTESIAN_POINT ( 'NONE',  ( 34.85172484467400977, -0.06173770161712861804, -111.1258129996109858 ) ) ;
#1767 = CARTESIAN_POINT ( 'NONE',  ( 49.18921239146825997, -0.7870643012442724018, -120.9234853632618467 ) ) ;
#1768 = CARTESIAN_POINT ( 'NONE',  ( 50.98057385969629962, 0.2434955792737334979, -128.5022916388665521 ) ) ;
#1769 = CARTESIAN_POINT ( 'NONE',  ( -10.29048392724165950, 0.1249456580787320775, -22.03386325706546955 ) ) ;
#1770 = CARTESIAN_POINT ( 'NONE',  ( -12.58740794545703956, -1.844712187852369345, -54.27270758888435154 ) ) ;
#1771 = CARTESIAN_POINT ( 'NONE',  ( -3.221029222835686046, -1.793020345019313844, -89.17061939362942269 ) ) ;
#1772 = CARTESIAN_POINT ( 'NONE',  ( -12.59922405594319983, -2.757008164650588178, -52.53270835465682609 ) ) ;
#1773 = CARTESIAN_POINT ( 'NONE',  ( -4.275696016705075486, -2.124493627903385473, -86.20805785920059350 ) ) ;
#1774 = CARTESIAN_POINT ( 'NONE',  ( -10.30431564477938444, -1.991937997861535692, -38.93380526024155586 ) ) ;
#1775 = CARTESIAN_POINT ( 'NONE',  ( -6.787495036726140185, -0.7435760632900729750, -72.77962967753784085 ) ) ;
#1776 = PERSON_AND_ORGANIZATION_ROLE ( 'design_owner' ) ;
#1777 = CARTESIAN_POINT ( 'NONE',  ( 44.03892605690426620, 1.774900869130453529, -116.7623075488377538 ) ) ;
#1778 = CARTESIAN_POINT ( 'NONE',  ( 35.14765600871983509, 2.457648557995005145, -110.8009376195052198 ) ) ;
#1779 = CARTESIAN_POINT ( 'NONE',  ( 51.07080074904882139, 1.139358152755268527, -129.4982615954399137 ) ) ;
#1780 = CARTESIAN_POINT ( 'NONE',  ( -8.799458776452754094, -3.378673983270406023, -63.56756874398126911 ) ) ;
#1781 = CARTESIAN_POINT ( 'NONE',  ( 48.78416196818263018, 2.080324800911003802, -127.7018801870886335 ) ) ;
#1782 = CARTESIAN_POINT ( 'NONE',  ( 47.74324180877677293, 2.456595774424172429, -133.0612322434830901 ) ) ;
#1783 = CARTESIAN_POINT ( 'NONE',  ( -4.216514789134315322, -2.309537121999043485, -6.076378628598163800 ) ) ;
#1784 = CARTESIAN_POINT ( 'NONE',  ( -10.37824841345602600, -2.663606958333848418, -67.08639732258019706 ) ) ;
#1785 = CARTESIAN_POINT ( 'NONE',  ( -6.535844075937142783, -1.134549315761515187, -72.78630675973367659 ) ) ;
#1786 = CARTESIAN_POINT ( 'NONE',  ( -8.657807510075096857, -1.505856112061107588, -61.89775047774547545 ) ) ;
#1787 = CARTESIAN_POINT ( 'NONE',  ( -5.310488343176597681, 1.085007305831399371, -88.23810769754686589 ) ) ;
#1788 = CARTESIAN_POINT ( 'NONE',  ( 0.9776721027382161422, 0.1036408827099468966, -101.6251827811791628 ) ) ;
#1789 = CARTESIAN_POINT ( 'NONE',  ( -9.143549019691766588, -1.718749544038428390, -58.31508775827483504 ) ) ;
#1790 = CARTESIAN_POINT ( 'NONE',  ( -6.124276985693774655, 0.2082104497340329929, -78.36234769996657690 ) ) ;
#1791 = CARTESIAN_POINT ( 'NONE',  ( 33.29575464708266708, 2.487199195810720465, -110.3883186002655918 ) ) ;
#1792 = CARTESIAN_POINT ( 'NONE',  ( -9.878011608822621525, -0.9169662788880108550, -29.60522645168400402 ) ) ;
#1793 = CARTESIAN_POINT ( 'NONE',  ( 47.00919383374282035, -0.008873705021227766901, -133.1790845129756917 ) ) ;
#1794 = CARTESIAN_POINT ( 'NONE',  ( -13.06227309375691270, -1.392734082632747006, -46.91703181533875266 ) ) ;
#1795 = CARTESIAN_POINT ( 'NONE',  ( 51.07344414676641975, 2.329208172338437244, -124.4440199249609833 ) ) ;
#1796 = CARTESIAN_POINT ( 'NONE',  ( 47.12008594082027457, -0.3839544364748518346, -116.5609067425091894 ) ) ;
#1797 = CARTESIAN_POINT ( 'NONE',  ( 48.32242447190852630, -0.7610600617670282286, -119.2174479376069200 ) ) ;
#1798 = CARTESIAN_POINT ( 'NONE',  ( 50.63803334792510213, 0.2639297967662962430, -121.0703317872864346 ) ) ;
#1799 = CARTESIAN_POINT ( 'NONE',  ( 46.11695917323394411, 2.484676358337590596, -115.3671152049878259 ) ) ;
#1800 = CARTESIAN_POINT ( 'NONE',  ( 36.24946817773795971, 0.9483632702809600135, -113.8897632107484839 ) ) ;
#1801 = CARTESIAN_POINT ( 'NONE',  ( 48.57221618355328729, 1.254487775671857985, -125.0690564847062376 ) ) ;
#1802 = CARTESIAN_POINT ( 'NONE',  ( -2.311363457724064041, -1.631720710179654477, -92.02707963582288642 ) ) ;
#1803 = CARTESIAN_POINT ( 'NONE',  ( -11.06235254789866396, -3.783924381270457271, -37.14889428606323207 ) ) ;
#1804 = CARTESIAN_POINT ( 'NONE',  ( 1.890041521158904780, 0.4070058440533158017, -98.32600896483474173 ) ) ;
#1805 = CARTESIAN_POINT ( 'NONE',  ( 41.01356120427412577, 1.810419551913970970, -115.2242241095496098 ) ) ;
#1806 = CARTESIAN_POINT ( 'NONE',  ( 36.05727310906258509, 2.438804222640844621, -111.0159718468810013 ) ) ;
#1807 = CARTESIAN_POINT ( 'NONE',  ( 43.12959208277472811, 1.394520649380856403, -113.0983030778250367 ) ) ;
#1808 = CARTESIAN_POINT ( 'NONE',  ( 48.67577565166204323, -0.4139470075430572438, -127.8788992872851082 ) ) ;
#1809 = CARTESIAN_POINT ( 'NONE',  ( 48.11417580363320212, 2.443793781342917804, -131.9501210415821220 ) ) ;
#1810 = CARTESIAN_POINT ( 'NONE',  ( 47.32780229831612928, -0.02022632273904622843, -132.2782777126561768 ) ) ;
#1811 = CARTESIAN_POINT ( 'NONE',  ( -3.914395940901033377, -0.2303400704909957519, -93.73149382029826882 ) ) ;
#1812 = CARTESIAN_POINT ( 'NONE',  ( -9.564445843930743152, -2.261886594268389672, -29.60335991378045506 ) ) ;
#1813 = CARTESIAN_POINT ( 'NONE',  ( 7.077248137976655862, 0.8146851504991949877, -103.1140688741609637 ) ) ;
#1814 = CARTESIAN_POINT ( 'NONE',  ( 3.343944074678048217, 2.629940982160548391, -102.7705844687521761 ) ) ;
#1815 = CARTESIAN_POINT ( 'NONE',  ( 10.52802117553983230, 0.6811447749585143319, -107.8980364274826655 ) ) ;
#1816 = CARTESIAN_POINT ( 'NONE',  ( -8.847741392385984227, -1.653391333685799269, -24.59282356569436701 ) ) ;
#1817 = CARTESIAN_POINT ( 'NONE',  ( 14.57876185850176931, 2.721208236176900108, -106.7049701602662424 ) ) ;
#1818 = CARTESIAN_POINT ( 'NONE',  ( -10.49514253716350787, -1.136728911663984709, -46.79229707839351704 ) ) ;
#1819 = CARTESIAN_POINT ( 'NONE',  ( -6.064173947697558908, -2.690612007525218008, -79.94772851311977035 ) ) ;
#1820 = CARTESIAN_POINT ( 'NONE',  ( -13.16557603302577562, -1.377219727393172999, -43.35073220024965224 ) ) ;
#1821 = CARTESIAN_POINT ( 'NONE',  ( -11.50482456192441205, -0.4117630267149904877, -56.95145282881085080 ) ) ;
#1822 = CARTESIAN_POINT ( 'NONE',  ( -0.9765677001198427298, -0.5012832159583089364, -93.34924131893912147 ) ) ;
#1823 = CARTESIAN_POINT ( 'NONE',  ( 44.18398075545114523, -0.6499967752442220581, -115.3683453979851095 ) ) ;
#1824 = CARTESIAN_POINT ( 'NONE',  ( 50.30089438849350358, 0.2626198717435624941, -131.4942201262018102 ) ) ;
#1825 = CARTESIAN_POINT ( 'NONE',  ( 44.79612590759091262, 2.521447834643175678, -114.5073990116216720 ) ) ;
#1826 = CARTESIAN_POINT ( 'NONE',  ( 32.88050266425440782, 1.008921994329448291, -113.0981629575080376 ) ) ;
#1827 = CARTESIAN_POINT ( 'NONE',  ( 49.67035099160825240, -0.8022911996624400022, -122.5448665029849451 ) ) ;
#1828 = CARTESIAN_POINT ( 'NONE',  ( 10.13448180133404719, -0.5347969052725364270, -106.1239881554738815 ) ) ;
#1829 = CARTESIAN_POINT ( 'NONE',  ( -9.143549019691766588, -1.718749544038428390, -58.31508775827483504 ) ) ;
#1830 = CARTESIAN_POINT ( 'NONE',  ( 5.023657250634756544, 1.381315401754109828, -105.1786795519012259 ) ) ;
#1831 = CARTESIAN_POINT ( 'NONE',  ( 40.97836701987601060, 1.389085722695151848, -115.3996410500670180 ) ) ;
#1832 = CARTESIAN_POINT ( 'NONE',  ( 16.26062978019810146, 2.716451470529636314, -107.1423635985393616 ) ) ;
#1833 = CARTESIAN_POINT ( 'NONE',  ( -4.245317536659820590, 0.9718553077148043284, -92.39647397158742592 ) ) ;
#1834 = CARTESIAN_POINT ( 'NONE',  ( 37.59242445312366243, 1.578072017711814379, -111.1383840609964864 ) ) ;
#1835 = CARTESIAN_POINT ( 'NONE',  ( 18.79033336282829936, -0.3829982919650017359, -108.9340930633448465 ) ) ;
#1836 = CARTESIAN_POINT ( 'NONE',  ( 42.82188724355388842, 2.210507854665701544, -115.8563908200764843 ) ) ;
#1837 = CARTESIAN_POINT ( 'NONE',  ( 43.83047126924303427, 2.540523245360043703, -116.0435184687619738 ) ) ;
#1838 = CARTESIAN_POINT ( 'NONE',  ( 49.42947162924562576, 0.3039619628236048809, -118.5003891440106401 ) ) ;
#1839 = CARTESIAN_POINT ( 'NONE',  ( 48.48831231271829267, -0.06190631351825395812, -127.5428911992112262 ) ) ;
#1840 = CARTESIAN_POINT ( 'NONE',  ( -4.876620974685780929, -0.5638089673684911762, -91.12614530246054301 ) ) ;
#1841 = CARTESIAN_POINT ( 'NONE',  ( 49.97785834070634081, -0.4795498970461281041, -130.5779763624905740 ) ) ;
#1842 = CARTESIAN_POINT ( 'NONE',  ( 3.715835812529423077, 0.5950844694031856008, -100.4750850467754901 ) ) ;
#1843 = CARTESIAN_POINT ( 'NONE',  ( 49.81507184867313498, 2.723475880714836261, -121.2866515922302995 ) ) ;
#1844 = CARTESIAN_POINT ( 'NONE',  ( -7.890272603372485705, 0.04563529250423690314, -80.17211130642320427 ) ) ;
#1845 = CARTESIAN_POINT ( 'NONE',  ( 17.22099623637328847, 0.8519970316198882676, -109.9424757061547382 ) ) ;
#1846 = CARTESIAN_POINT ( 'NONE',  ( -8.657807510075096857, -1.505856112061107588, -61.89775047774547545 ) ) ;
#1847 = CARTESIAN_POINT ( 'NONE',  ( 5.047294332020959118, 2.396074453893044520, -102.2584221840494791 ) ) ;
#1848 = CARTESIAN_POINT ( 'NONE',  ( 43.59631479216407257, 0.8927085946943342787, -113.3732271093513333 ) ) ;
#1849 = CARTESIAN_POINT ( 'NONE',  ( 49.60972007559949759, 2.730612379736921724, -129.1904839751960594 ) ) ;
#1850 = CARTESIAN_POINT ( 'NONE',  ( 51.03819804064376342, 2.327571730596798449, -126.7454836330843762 ) ) ;
#1851 = CARTESIAN_POINT ( 'NONE',  ( -9.741939578236124220, -2.402401054614123677, -52.07985269155419417 ) ) ;
#1852 = CARTESIAN_POINT ( 'NONE',  ( -1.071324852056150911, -0.9205923327157247149, -93.59403376010797615 ) ) ;
#1853 = CARTESIAN_POINT ( 'NONE',  ( -0.7653246089969615307, 0.4413654369783523990, -93.63765224275243781 ) ) ;
#1854 = CARTESIAN_POINT ( 'NONE',  ( 32.91313041159218500, 3.123089977960511909, -111.2915120843399421 ) ) ;
#1855 = CARTESIAN_POINT ( 'NONE',  ( 48.46888233755255015, 0.7737303871613637751, -126.2058223439645985 ) ) ;
#1856 = CARTESIAN_POINT ( 'NONE',  ( 49.76044016690946137, -0.8070811844255868506, -127.8141546556671670 ) ) ;
#1857 = CARTESIAN_POINT ( 'NONE',  ( 42.09915532777095137, -0.6044119831835992329, -114.7170835635608199 ) ) ;
#1858 = CARTESIAN_POINT ( 'NONE',  ( 7.077248137976655862, 0.8146851504991949877, -103.1140688741609637 ) ) ;
#1859 = PERSON_AND_ORGANIZATION ( #2755, #4374 ) ;
#1860 = CARTESIAN_POINT ( 'NONE',  ( 48.26888110493759854, 1.683078926391164742, -129.3555723477296624 ) ) ;
#1861 = CARTESIAN_POINT ( 'NONE',  ( 13.82161549003779477, 1.240343771244584614, -109.0943657403846458 ) ) ;
#1862 = CARTESIAN_POINT ( 'NONE',  ( 46.07237927038666925, 2.141815087566516507, -115.0156796916335082 ) ) ;
#1863 = CARTESIAN_POINT ( 'NONE',  ( 7.372848174377743646, 2.362554640021802044, -106.1669192326321252 ) ) ;
#1864 = CARTESIAN_POINT ( 'NONE',  ( -2.868965797460524048, 1.345942924239217353, -90.28998329389847299 ) ) ;
#1865 = CARTESIAN_POINT ( 'NONE',  ( 33.89977614545335882, -0.4639916496116831546, -112.0660850382568867 ) ) ;
#1866 = CARTESIAN_POINT ( 'NONE',  ( -11.44558931388780110, -1.828412348047788738, -62.92166984409310260 ) ) ;
#1867 = CARTESIAN_POINT ( 'NONE',  ( 50.49157942211373040, 0.2570330954765439047, -130.7812777149303258 ) ) ;
#1868 = CARTESIAN_POINT ( 'NONE',  ( -11.71503688517065278, -3.801838752150665357, -35.02661354344304101 ) ) ;
#1869 = CARTESIAN_POINT ( 'NONE',  ( -11.68197298905589498, -2.712759321545588076, -59.79024148952623108 ) ) ;
#1870 = CARTESIAN_POINT ( 'NONE',  ( -10.26194327405259088, -2.470293093256877626, -41.54140194361411886 ) ) ;
#1871 = CARTESIAN_POINT ( 'NONE',  ( -5.583335574759736630, -0.5281765845725280295, -78.25382202572306767 ) ) ;
#1872 = CARTESIAN_POINT ( 'NONE',  ( 44.65524704898773223, 2.870625048413991021, -115.2082177141673753 ) ) ;
#1873 = CARTESIAN_POINT ( 'NONE',  ( 15.17104819696257678, 3.091544378400959303, -108.3945644977063409 ) ) ;
#1874 = CARTESIAN_POINT ( 'NONE',  ( 18.95340114983887858, 0.9218120571088450621, -110.3584520998373222 ) ) ;
#1875 = CARTESIAN_POINT ( 'NONE',  ( 17.68448254772626171, 0.9741884900215584953, -107.1728606112328492 ) ) ;
#1876 = CARTESIAN_POINT ( 'NONE',  ( 16.05587398052205828, 1.942708874889254700, -106.6971253782104441 ) ) ;
#1877 = CC_DESIGN_PERSON_AND_ORGANIZATION_ASSIGNMENT ( #3068, #120, ( #2437 ) ) ;
#1878 = CARTESIAN_POINT ( 'NONE',  ( -12.53100440217431455, -1.377508826631642647, -54.11636906518935319 ) ) ;
#1879 = CARTESIAN_POINT ( 'NONE',  ( 50.90138615092568131, 2.330624528098255155, -127.9748118391847669 ) ) ;
#1880 = CARTESIAN_POINT ( 'NONE',  ( 8.875145565710962359, 0.4444107820216925409, -104.1911068469907207 ) ) ;
#1881 = CARTESIAN_POINT ( 'NONE',  ( -4.653351451769655256, -0.4757818564522897087, -91.78689938132282577 ) ) ;
#1882 = CARTESIAN_POINT ( 'NONE',  ( 49.78644760192389640, -0.8078552344790592699, -127.6273471548151690 ) ) ;
#1883 = CARTESIAN_POINT ( 'NONE',  ( -10.39152042627500983, -1.569255970933726374, -42.34420345749563808 ) ) ;
#1884 = CARTESIAN_POINT ( 'NONE',  ( -9.590687259967726419, -0.1800703919426817901, -71.59767644690575139 ) ) ;
#1885 = CARTESIAN_POINT ( 'NONE',  ( 47.82027206823718757, 0.7983883840150109990, -130.0439646995336602 ) ) ;
#1886 = CARTESIAN_POINT ( 'NONE',  ( 48.99474106944114737, -0.7811018491205280467, -120.4613117437714607 ) ) ;
#1887 = CARTESIAN_POINT ( 'NONE',  ( 35.25148242706069368, -0.4843581234062704355, -112.3818258572509734 ) ) ;
#1888 = CARTESIAN_POINT ( 'NONE',  ( -6.787495036726140185, -0.7435760632900729750, -72.77962967753784085 ) ) ;
#1889 = APPROVAL_DATE_TIME ( #971, #5316 ) ;
#1890 = CARTESIAN_POINT ( 'NONE',  ( -4.988822270216529908, -0.9883678122196890570, -11.85899236476383223 ) ) ;
#1891 = CARTESIAN_POINT ( 'NONE',  ( 46.81705055572702889, 1.296542441835260906, -119.4425711661499037 ) ) ;
#1892 = CARTESIAN_POINT ( 'NONE',  ( 51.20312345673039545, 1.974667097730835819, -127.5761192632033385 ) ) ;
#1893 = CARTESIAN_POINT ( 'NONE',  ( 18.90088018322627406, 2.681366604586336688, -109.8866617501025189 ) ) ;
#1894 = CARTESIAN_POINT ( 'NONE',  ( -10.17237454186811618, -0.3500232665774233309, -58.77467076031962989 ) ) ;
#1895 = CARTESIAN_POINT ( 'NONE',  ( -2.987188608466207373, -1.845695499899008496, -91.17955220282325968 ) ) ;
#1896 = CARTESIAN_POINT ( 'NONE',  ( 11.03187202341819351, 2.076736061178626525, -108.0085976916366093 ) ) ;
#1897 = CARTESIAN_POINT ( 'NONE',  ( 38.35508439278043369, 0.6426903815107997131, -111.5564858567287843 ) ) ;
#1898 = CARTESIAN_POINT ( 'NONE',  ( 18.56343674368653041, -0.1595134578987931484, -109.5917335386853892 ) ) ;
#1899 = CARTESIAN_POINT ( 'NONE',  ( -3.759186396324437851, -0.8497203743577905755, -85.08751957248937003 ) ) ;
#1900 = CARTESIAN_POINT ( 'NONE',  ( 47.38886459372541538, 0.3671188758180904399, -116.0757542024153679 ) ) ;
#1901 = CARTESIAN_POINT ( 'NONE',  ( 24.30446284873648111, 1.708739991252963497, -108.4198831714649316 ) ) ;
#1902 = CARTESIAN_POINT ( 'NONE',  ( -9.417592600208996245, -0.3685244963578508393, -15.81083041260010802 ) ) ;
#1903 = CARTESIAN_POINT ( 'NONE',  ( 48.50051347737901608, 0.7718238524669196465, -125.2813837413392122 ) ) ;
#1904 = CARTESIAN_POINT ( 'NONE',  ( 1.273159640939742765, 1.265674535045017812, -97.54326033723276623 ) ) ;
#1905 = CARTESIAN_POINT ( 'NONE',  ( 9.275412657944237083, 2.948483406489825320, -106.3685340156515764 ) ) ;
#1906 = CARTESIAN_POINT ( 'NONE',  ( 35.21812733666995854, 3.086634804220398820, -111.8143793832768011 ) ) ;
#1907 = CARTESIAN_POINT ( 'NONE',  ( -10.23951013624962947, -2.444618741386004324, -38.96578109894986142 ) ) ;
#1908 = CARTESIAN_POINT ( 'NONE',  ( 3.266675310114290909, 0.8067960342639558524, -103.9744926847139652 ) ) ;
#1909 = CARTESIAN_POINT ( 'NONE',  ( -10.24555972190762532, -2.871979693599421513, -36.50438099864533115 ) ) ;
#1910 = CARTESIAN_POINT ( 'NONE',  ( 21.11110865328472741, 1.296800992517623152, -107.8259854930564074 ) ) ;
#1911 = CARTESIAN_POINT ( 'NONE',  ( -3.654930152081607986, 1.674406053195298449, -91.37131106843565931 ) ) ;
#1912 = CARTESIAN_POINT ( 'NONE',  ( 48.31237751196859165, 2.436974216884265410, -131.3042469421275484 ) ) ;
#1913 = CARTESIAN_POINT ( 'NONE',  ( 39.36872052618387841, 0.9161128987531071965, -114.8256325739535697 ) ) ;
#1914 = CARTESIAN_POINT ( 'NONE',  ( 45.78822422384682511, -0.6908854356748521663, -116.4618543729663429 ) ) ;
#1915 = CARTESIAN_POINT ( 'NONE',  ( 45.73580947740681069, -0.6883898600199380713, -116.9522948252768231 ) ) ;
#1916 = CARTESIAN_POINT ( 'NONE',  ( -8.250633916279891622, -1.318970368663073600, -64.60713987822086324 ) ) ;
#1917 = CARTESIAN_POINT ( 'NONE',  ( -10.31962513074953947, -2.001561946542747883, -39.77806334546590250 ) ) ;
#1918 = CARTESIAN_POINT ( 'NONE',  ( 7.430737032326703684, 1.055193923763073194, -106.6185629870077634 ) ) ;
#1919 = CARTESIAN_POINT ( 'NONE',  ( 33.21158652312421111, -0.4539346434876819769, -111.9179449184549355 ) ) ;
#1920 = CARTESIAN_POINT ( 'NONE',  ( -13.27046709713169292, -1.827002837994783579, -41.71316990120874379 ) ) ;
#1921 = CARTESIAN_POINT ( 'NONE',  ( 43.69574165026165247, 0.4713811879109812142, -113.6369555555030786 ) ) ;
#1922 = CARTESIAN_POINT ( 'NONE',  ( 33.80627664452197934, -0.1593626053280476906, -112.7531218009546166 ) ) ;
#1923 = CARTESIAN_POINT ( 'NONE',  ( 35.01739077007579226, 0.2976702680899069864, -110.8524589318244722 ) ) ;
#1924 = CARTESIAN_POINT ( 'NONE',  ( 18.25096107087171049, 0.9577884474870482778, -107.3154241175228236 ) ) ;
#1925 = CARTESIAN_POINT ( 'NONE',  ( 32.08795520934155832, 1.680192093982417312, -109.8694394039819997 ) ) ;
#1926 = CARTESIAN_POINT ( 'NONE',  ( 35.89465071973878452, 3.074482648924378392, -111.9769648522090222 ) ) ;
#1927 = CARTESIAN_POINT ( 'NONE',  ( -7.765021967763437338, -3.217401613648438907, -71.67761539102569657 ) ) ;
#1928 = CARTESIAN_POINT ( 'NONE',  ( 49.92065622165066685, 2.721133461035822876, -127.2383812808960641 ) ) ;
#1929 = CARTESIAN_POINT ( 'NONE',  ( 48.39391676197224967, 0.7732026480464052609, -123.6223622742940620 ) ) ;
#1930 = CARTESIAN_POINT ( 'NONE',  ( -9.815553836781825581, -1.852666261515737212, -31.25120127315757301 ) ) ;
#1931 = CARTESIAN_POINT ( 'NONE',  ( 33.03122018306658703, 1.671446279236786125, -110.0645430046982653 ) ) ;
#1932 = CARTESIAN_POINT ( 'NONE',  ( 43.12616124432290832, 2.906491641241183199, -114.8366237885930730 ) ) ;
#1933 = CARTESIAN_POINT ( 'NONE',  ( 19.04905395236393062, 3.212656414998843246, -108.7917728978342495 ) ) ;
#1934 = CARTESIAN_POINT ( 'NONE',  ( 11.77098731297276935, 0.5369155692163234406, -105.4412388933736082 ) ) ;
#1935 = CARTESIAN_POINT ( 'NONE',  ( 36.97766633681551696, 1.425816994387428149, -114.0638562699303122 ) ) ;
#1936 = CARTESIAN_POINT ( 'NONE',  ( 49.54868528928921023, -0.8005985916304753092, -129.0435079888957546 ) ) ;
#1937 = CARTESIAN_POINT ( 'NONE',  ( -10.31182461043381338, -1.516265416111872932, -37.18336326622888066 ) ) ;
#1938 = CARTESIAN_POINT ( 'NONE',  ( 11.73783146172641167, 3.120766764623806200, -106.9218285698382402 ) ) ;
#1939 = CARTESIAN_POINT ( 'NONE',  ( -10.21606344857463533, -3.576755097585304188, -62.47265846915087906 ) ) ;
#1940 = CARTESIAN_POINT ( 'NONE',  ( 48.73658979881272302, -0.7745011967136702369, -132.1537122517871126 ) ) ;
#1941 = CARTESIAN_POINT ( 'NONE',  ( 33.89977614545335882, -0.4639916496116831546, -112.0660850382568867 ) ) ;
#1942 = CARTESIAN_POINT ( 'NONE',  ( 48.68565901335812640, 1.667789270714341354, -126.8890220657413437 ) ) ;
#1943 = CARTESIAN_POINT ( 'NONE',  ( 49.13360056578942903, 2.408972528944380187, -127.5887802080670212 ) ) ;
#1944 = CARTESIAN_POINT ( 'NONE',  ( 18.21958037622470883, -0.3884638371357619913, -108.7755220286809816 ) ) ;
#1945 = CARTESIAN_POINT ( 'NONE',  ( 0.2104084719669382375, 1.400877731896680078, -100.7100789003352617 ) ) ;
#1946 = CARTESIAN_POINT ( 'NONE',  ( 31.53035962317753160, 0.7688654759258596316, -109.9456254785250024 ) ) ;
#1947 = CARTESIAN_POINT ( 'NONE',  ( -11.17802008789619705, -3.892901273806758766, -53.60475682811014764 ) ) ;
#1948 = CARTESIAN_POINT ( 'NONE',  ( 39.99927607689102160, 0.1693793958678196376, -112.2702053016039940 ) ) ;
#1949 = CARTESIAN_POINT ( 'NONE',  ( 51.23366998295847452, 0.2408776051271357688, -124.2367861301592029 ) ) ;
#1950 = CARTESIAN_POINT ( 'NONE',  ( 20.02256872645248009, 1.825881633034863061, -107.6046856745778086 ) ) ;
#1951 = CARTESIAN_POINT ( 'NONE',  ( -7.141446251012474100, -3.051923643733965186, -74.41266862158900608 ) ) ;
#1952 = CARTESIAN_POINT ( 'NONE',  ( 49.93060745876282880, 2.722159752154122536, -123.6500179548453104 ) ) ;
#1953 = CARTESIAN_POINT ( 'NONE',  ( -9.944048803234952771, -3.537015177147026623, -63.83098983214431854 ) ) ;
#1954 = CARTESIAN_POINT ( 'NONE',  ( -1.064960663192080270, 0.8832995723839413005, -93.26104021490354512 ) ) ;
#1955 = CARTESIAN_POINT ( 'NONE',  ( 40.89949567954538168, 2.954830774376972613, -113.8784373812080020 ) ) ;
#1956 = CARTESIAN_POINT ( 'NONE',  ( 43.05926845863323393, 2.912383457266174869, -114.3484054153009026 ) ) ;
#1957 = CARTESIAN_POINT ( 'NONE',  ( 45.63777490768268308, -0.0005044805041918051357, -114.9930326380311385 ) ) ;
#1958 = CARTESIAN_POINT ( 'NONE',  ( 48.43970949473131782, 1.256752526684006499, -123.4290978841474953 ) ) ;
#1959 = CARTESIAN_POINT ( 'NONE',  ( -6.398075797641734397, -1.592720840752727351, -72.93024581685189389 ) ) ;
#1960 = CARTESIAN_POINT ( 'NONE',  ( -0.9733757780198842857, 0.4034483293479763644, -93.18223033348903073 ) ) ;
#1961 = CARTESIAN_POINT ( 'NONE',  ( 30.06245398824178139, 3.157968998656903725, -110.6952257821736509 ) ) ;
#1962 = CARTESIAN_POINT ( 'NONE',  ( -11.95569530771004096, -3.583675791200818139, -32.63840835860465717 ) ) ;
#1963 = CARTESIAN_POINT ( 'NONE',  ( -10.28240158700038087, -2.951423034467576478, -45.17119195367493489 ) ) ;
#1964 = CARTESIAN_POINT ( 'NONE',  ( 35.47335701297149058, -0.4877877824921854621, -112.4370032363037666 ) ) ;
#1965 = CARTESIAN_POINT ( 'NONE',  ( 47.97577147062168024, 1.693529035084507139, -130.5264857577171256 ) ) ;
#1966 = CARTESIAN_POINT ( 'NONE',  ( 48.70026514599926770, 2.423718994814293204, -129.8613942071948202 ) ) ;
#1967 = CARTESIAN_POINT ( 'NONE',  ( 49.51506326589710483, -0.7941459233410301799, -126.1452742964434037 ) ) ;
#1968 = CARTESIAN_POINT ( 'NONE',  ( -9.709971020486673154, -1.752280635978120671, -72.55756172945527283 ) ) ;
#1969 = CARTESIAN_POINT ( 'NONE',  ( -3.058528923662358512, -1.635683994312628675, -93.19138789079700302 ) ) ;
#1970 = CARTESIAN_POINT ( 'NONE',  ( -1.872177199627647726, -0.6566685339108598862, -91.14992746677943103 ) ) ;
#1971 = CARTESIAN_POINT ( 'NONE',  ( 5.843446624046552351, 0.7493365693264871785, -102.3105757905663609 ) ) ;
#1972 = CARTESIAN_POINT ( 'NONE',  ( 29.13022312414105741, 0.7781338016077905539, -109.4955902305354840 ) ) ;
#1973 = CARTESIAN_POINT ( 'NONE',  ( 51.46330113486666846, 1.130149511110621230, -126.8695253396255396 ) ) ;
#1974 = CARTESIAN_POINT ( 'NONE',  ( -2.999488806962627319, 1.771447299704786538, -93.80279293187639666 ) ) ;
#1975 = CARTESIAN_POINT ( 'NONE',  ( 11.91154935352020239, 2.682552970544123117, -105.8483745187602807 ) ) ;
#1976 = CARTESIAN_POINT ( 'NONE',  ( -11.88626322213295516, -3.896294736444375850, -40.28166099991307192 ) ) ;
#1977 = CARTESIAN_POINT ( 'NONE',  ( -13.04370592010128505, -1.273842026521173176, -36.28626221746067415 ) ) ;
#1978 = CARTESIAN_POINT ( 'NONE',  ( 47.53972367139365218, 0.8085244871081697093, -131.0558547715168913 ) ) ;
#1979 = CARTESIAN_POINT ( 'NONE',  ( -2.825776971758516165, 0.5925853456265939290, -88.93916894865346023 ) ) ;
#1980 = CARTESIAN_POINT ( 'NONE',  ( -2.758792999204314977, 1.891213621893340413, -93.38893926089187403 ) ) ;
#1981 = CARTESIAN_POINT ( 'NONE',  ( 41.97148183382028463, 0.1068658193923788524, -113.0395924007887203 ) ) ;
#1982 = CARTESIAN_POINT ( 'NONE',  ( 48.21475552877707571, 1.262267313313852002, -122.3420245617083566 ) ) ;
#1983 = CARTESIAN_POINT ( 'NONE',  ( -0.2061726910042251670, -0.7622227791306106504, -95.40103153396647429 ) ) ;
#1984 = CARTESIAN_POINT ( 'NONE',  ( 47.51153006392348743, 0.7800957151819449820, -115.9191906230672657 ) ) ;
#1985 = CARTESIAN_POINT ( 'NONE',  ( 5.838892161758799659, 2.718224450826426164, -103.2369779062929780 ) ) ;
#1986 = CARTESIAN_POINT ( 'NONE',  ( -4.837052642079016529, -1.882238970986443105, -88.60679664813881118 ) ) ;
#1987 = CARTESIAN_POINT ( 'NONE',  ( -9.501137213655463043, -2.784002893688668046, -54.91025536076912061 ) ) ;
#1988 = CARTESIAN_POINT ( 'NONE',  ( -8.936616782506076717, -3.227543673473302288, -61.21771242710303795 ) ) ;
#1989 = CARTESIAN_POINT ( 'NONE',  ( 9.798016907479865978, 0.9285785864332712913, -104.5496455952844173 ) ) ;
#1990 = CARTESIAN_POINT ( 'NONE',  ( 45.96198481711386563, 2.492973845151556844, -117.5488676364260243 ) ) ;
#1991 = CARTESIAN_POINT ( 'NONE',  ( 48.10665633810275210, -0.7521285949258594838, -119.6610698681268872 ) ) ;
#1992 = CARTESIAN_POINT ( 'NONE',  ( 48.67711089974974215, 2.080164696787849987, -122.5652647444409098 ) ) ;
#1993 = EDGE_LOOP ( 'NONE', ( #1175, #316, #5349, #3273 ) ) ;
#1994 = CARTESIAN_POINT ( 'NONE',  ( 31.01816969454372241, -0.1103393447749657919, -112.1872545434525534 ) ) ;
#1995 = CARTESIAN_POINT ( 'NONE',  ( 7.518042045215753255, 0.3862464174912657033, -103.4595886479510085 ) ) ;
#1996 = CARTESIAN_POINT ( 'NONE',  ( 12.78097491910458849, 1.007114849937920775, -105.7256876228273512 ) ) ;
#1997 = CARTESIAN_POINT ( 'NONE',  ( 42.40827537485897381, 0.5123574925463524332, -113.0253849412755756 ) ) ;
#1998 = CARTESIAN_POINT ( 'NONE',  ( 18.29917062204644651, 1.883029777791314308, -107.2335832828824351 ) ) ;
#1999 = CARTESIAN_POINT ( 'NONE',  ( 8.754880860224060868, 2.929983088573412608, -106.1343247043014770 ) ) ;
#2000 = CARTESIAN_POINT ( 'NONE',  ( 51.34354024733624300, 1.972558166549985392, -125.7256428147917120 ) ) ;
#2001 = CARTESIAN_POINT ( 'NONE',  ( 33.57793194561324412, -0.1554775554983855446, -112.7034153928314169 ) ) ;
#2002 = CARTESIAN_POINT ( 'NONE',  ( 48.42263985861877273, 2.769241893931177589, -133.3690514464215084 ) ) ;
#2003 = CARTESIAN_POINT ( 'NONE',  ( -11.07287968243722709, -3.693420433400632419, -57.49606572068361032 ) ) ;
#2004 = CARTESIAN_POINT ( 'NONE',  ( -9.268798287906236055, -1.278741843474281215, -58.28365392914491139 ) ) ;
#2005 = CARTESIAN_POINT ( 'NONE',  ( 15.59427927380638756, 3.191347262057890877, -108.0831242054088364 ) ) ;
#2006 = CARTESIAN_POINT ( 'NONE',  ( 51.04331101484816458, -0.1704729411367555403, -125.9928904247458803 ) ) ;
#2007 = CARTESIAN_POINT ( 'NONE',  ( 27.71587702331116887, 1.597332061785676993, -112.0668232958633581 ) ) ;
#2008 = CARTESIAN_POINT ( 'NONE',  ( 42.33359838641955974, -0.2514382087479792305, -113.5550999641097292 ) ) ;
#2009 = CARTESIAN_POINT ( 'NONE',  ( 21.11749508196524872, 0.8670498336072015588, -107.9828559896447899 ) ) ;
#2010 = CARTESIAN_POINT ( 'NONE',  ( 9.474911876954271506, 0.6499343031498611145, -107.4731351415279050 ) ) ;
#2011 = CARTESIAN_POINT ( 'NONE',  ( 51.34248290335690257, 0.6480162117874614935, -127.4161839511305772 ) ) ;
#2012 = AXIS2_PLACEMENT_3D ( 'NONE', #3277, #4959, #779 ) ;
#2013 = CARTESIAN_POINT ( 'NONE',  ( -4.990443272646296613, 1.152133833847454492, -85.84731031815948654 ) ) ;
#2014 = CARTESIAN_POINT ( 'NONE',  ( -11.75529975066223898, -3.771104378185001327, -52.08387190452233284 ) ) ;
#2015 = CARTESIAN_POINT ( 'NONE',  ( 1.284678783498805821, -0.5269126712977167948, -97.88623136469466601 ) ) ;
#2016 = CARTESIAN_POINT ( 'NONE',  ( -2.418586212090625409, -1.651383533718815855, -91.72647664476676255 ) ) ;
#2017 = CARTESIAN_POINT ( 'NONE',  ( -8.938294617425395217, -1.632744006480919330, -59.88408617124116518 ) ) ;
#2018 = CARTESIAN_POINT ( 'NONE',  ( 33.35499474516955587, 2.704063422951328288, -112.5360275300596840 ) ) ;
#2019 = CARTESIAN_POINT ( 'NONE',  ( 48.94701854801105156, -0.7758281950787565551, -129.8631207378138299 ) ) ;
#2020 = CARTESIAN_POINT ( 'NONE',  ( 25.72087969405530217, 2.460338056150956465, -111.3605114681813717 ) ) ;
#2021 = CARTESIAN_POINT ( 'NONE',  ( 3.298439362657830998, 0.3244944206647897289, -103.8782851983146998 ) ) ;
#2022 = CARTESIAN_POINT ( 'NONE',  ( 44.85335946039624844, -0.3198816151487505755, -117.1049306891413124 ) ) ;
#2023 = ORIENTED_EDGE ( 'NONE', *, *, #4398, .F. ) ;
#2024 = CARTESIAN_POINT ( 'NONE',  ( -10.04328832389667170, -1.908309543891474336, -33.78760834359258780 ) ) ;
#2025 = CARTESIAN_POINT ( 'NONE',  ( 32.71187851633490595, 0.7594330106286590887, -110.1818830163018674 ) ) ;
#2026 = CARTESIAN_POINT ( 'NONE',  ( -13.07102267620211045, -2.312794368185563609, -47.09753972559639834 ) ) ;
#2027 = CARTESIAN_POINT ( 'NONE',  ( -8.650193185704734944, 0.1352469180581603037, -70.61415138540343150 ) ) ;
#2028 = CARTESIAN_POINT ( 'NONE',  ( -12.12805305670904055, -0.4405488953303036137, -30.71583947084255328 ) ) ;
#2029 = CARTESIAN_POINT ( 'NONE',  ( -9.437481163048587973, 0.1659000205809091633, -21.69989462809061109 ) ) ;
#2030 = CARTESIAN_POINT ( 'NONE',  ( 43.73060615936783080, -0.2959995893872430783, -116.3478691315043676 ) ) ;
#2031 = CARTESIAN_POINT ( 'NONE',  ( -13.18028645517521724, -1.361941668538817707, -41.57515744671586333 ) ) ;
#2032 = CARTESIAN_POINT ( 'NONE',  ( 33.76178595083876388, 0.1689494868354506629, -113.0259797012862180 ) ) ;
#2033 = CARTESIAN_POINT ( 'NONE',  ( -11.64098270320991979, -0.3888155269107043677, -42.12798980893163758 ) ) ;
#2034 = CARTESIAN_POINT ( 'NONE',  ( -10.34486680250159374, -1.577517945207695060, -44.95709225209633786 ) ) ;
#2035 = CARTESIAN_POINT ( 'NONE',  ( 50.04203034062189914, 2.715967330434806648, -122.0683190337127115 ) ) ;
#2036 = CARTESIAN_POINT ( 'NONE',  ( 35.01739077007579226, 0.2976702680899069864, -110.8524589318244722 ) ) ;
#2037 = CARTESIAN_POINT ( 'NONE',  ( 46.81705055572702889, 1.296542441835260906, -119.4425711661499037 ) ) ;
#2038 = CARTESIAN_POINT ( 'NONE',  ( 50.53292299807246479, 0.2676195802126086765, -120.7626806924332499 ) ) ;
#2039 = CARTESIAN_POINT ( 'NONE',  ( 51.06774404194054284, 0.6546451853833369361, -129.1769955812824833 ) ) ;
#2040 = CARTESIAN_POINT ( 'NONE',  ( -0.6751787599124793315, 2.050327241849164484, -95.88212415359272711 ) ) ;
#2041 = CARTESIAN_POINT ( 'NONE',  ( -2.347831732189028298, 0.1788751670506414093, -89.78591779292455044 ) ) ;
#2042 = CARTESIAN_POINT ( 'NONE',  ( -11.20346496615666432, -3.709750372715250766, -56.59246224290104976 ) ) ;
#2043 = CARTESIAN_POINT ( 'NONE',  ( 20.44896780438963546, 2.943157510922539188, -108.2967787138676385 ) ) ;
#2044 = CARTESIAN_POINT ( 'NONE',  ( -0.8618179436528822235, -0.8816653877895799241, -94.05293860114414883 ) ) ;
#2045 = CARTESIAN_POINT ( 'NONE',  ( 2.935695079426310361, -0.8408788671157646499, -100.8883627719686871 ) ) ;
#2046 = CARTESIAN_POINT ( 'NONE',  ( 18.25096107087171049, 0.9577884474870482778, -107.3154241175228236 ) ) ;
#2047 = CARTESIAN_POINT ( 'NONE',  ( 34.04457239405431324, 2.691027837399246447, -112.6923330659499527 ) ) ;
#2048 = CARTESIAN_POINT ( 'NONE',  ( 48.78898398685227278, -0.7705977269553196951, -130.4936592291671502 ) ) ;
#2049 = CARTESIAN_POINT ( 'NONE',  ( 35.00406787781704310, 2.310645822110306113, -113.2257361321352391 ) ) ;
#2050 = CARTESIAN_POINT ( 'NONE',  ( 34.91868037668692182, -0.1770961705114269535, -113.0085576502724223 ) ) ;
#2051 = FACE_OUTER_BOUND ( 'NONE', #1993, .T. ) ;
#2052 = CARTESIAN_POINT ( 'NONE',  ( 50.91525147085346248, -0.1629054818031062668, -123.1661782931916349 ) ) ;
#2053 = CARTESIAN_POINT ( 'NONE',  ( 35.70871172216462242, 0.7111070030759821803, -110.8499746367539984 ) ) ;
#2054 = CARTESIAN_POINT ( 'NONE',  ( -4.313662263000143327, 0.09802694439899170553, -92.69289523188808744 ) ) ;
#2055 = CARTESIAN_POINT ( 'NONE',  ( -10.44653000798875375, -0.4223322063410343552, -56.05334668460597669 ) ) ;
#2056 = CARTESIAN_POINT ( 'NONE',  ( -1.272090802190775527, 2.098041919477474870, -97.13446413422896342 ) ) ;
#2057 = CARTESIAN_POINT ( 'NONE',  ( 0.4581489286485115886, 1.750000000000000000, 0.000000000000000000 ) ) ;
#2058 = CARTESIAN_POINT ( 'NONE',  ( 45.38880719821106879, -0.3324226173748897062, -117.5189995877651938 ) ) ;
#2059 = CARTESIAN_POINT ( 'NONE',  ( 25.63764988411380585, 2.814528298912308379, -111.0261189422306813 ) ) ;
#2060 = CARTESIAN_POINT ( 'NONE',  ( 7.866444928456991725, -0.1698128662302692549, -106.2670159269303127 ) ) ;
#2061 = CARTESIAN_POINT ( 'NONE',  ( -11.50220004875895619, -0.3981527860968299692, -47.40743645791896910 ) ) ;
#2062 = CARTESIAN_POINT ( 'NONE',  ( -10.31182461043381338, -1.516265416111872932, -37.18336326622888066 ) ) ;
#2063 = CARTESIAN_POINT ( 'NONE',  ( 49.78083450476688654, 2.719464353781594124, -130.2842140950909879 ) ) ;
#2064 = CARTESIAN_POINT ( 'NONE',  ( 50.84110950715599131, -0.1663171783020721828, -128.0660399683234516 ) ) ;
#2065 = CARTESIAN_POINT ( 'NONE',  ( -12.59457869668637819, -2.988572642416281067, -32.90977875082500503 ) ) ;
#2066 = CARTESIAN_POINT ( 'NONE',  ( 45.73435937995923695, 0.4136578256079000426, -114.8224278303127051 ) ) ;
#2067 = CARTESIAN_POINT ( 'NONE',  ( 51.40504399237314459, 0.6512655137544643980, -123.8016627459593479 ) ) ;
#2068 = CARTESIAN_POINT ( 'NONE',  ( 24.77048184052881652, 2.872813391463215904, -109.0154775525972184 ) ) ;
#2069 = CARTESIAN_POINT ( 'NONE',  ( 36.17205251201325922, 1.127311582170940962, -110.7956353467050263 ) ) ;
#2070 = CARTESIAN_POINT ( 'NONE',  ( 43.68382359342338361, 0.04667500833349624151, -116.6057706508970853 ) ) ;
#2071 = CARTESIAN_POINT ( 'NONE',  ( 12.02548486323737720, 2.956053939323395774, -106.2427974036865805 ) ) ;
#2072 = CARTESIAN_POINT ( 'NONE',  ( -1.071324852056150911, -0.9205923327157247149, -93.59403376010797615 ) ) ;
#2073 = CARTESIAN_POINT ( 'NONE',  ( 8.570162144993080489, -0.4911309260452855763, -104.9733343596952864 ) ) ;
#2074 = CARTESIAN_POINT ( 'NONE',  ( 33.62879309628770130, 0.7486930443424599790, -110.3742948942583126 ) ) ;
#2075 = CARTESIAN_POINT ( 'NONE',  ( -10.56409057587604927, -3.513224715944995413, -34.31665314852322979 ) ) ;
#2076 = CARTESIAN_POINT ( 'NONE',  ( 47.56388237000165020, 2.109732823619365316, -119.8353740805034704 ) ) ;
#2077 = CARTESIAN_POINT ( 'NONE',  ( 43.11697533602639254, -0.2853645479362476589, -115.9875515157260679 ) ) ;
#2078 = CARTESIAN_POINT ( 'NONE',  ( -10.24913333787677594, -1.968756632638153148, -37.21486543824435955 ) ) ;
#2079 = CARTESIAN_POINT ( 'NONE',  ( 50.00211339821799328, 0.2716593650960983930, -132.4749521369985814 ) ) ;
#2080 = CARTESIAN_POINT ( 'NONE',  ( -2.487846554615000816, 1.418374826975185243, -91.20702531649610023 ) ) ;
#2081 = CARTESIAN_POINT ( 'NONE',  ( -9.771858823523464466, -0.5027477559852091549, -71.92990710795244524 ) ) ;
#2082 = CARTESIAN_POINT ( 'NONE',  ( -10.38280036512317928, -0.2024520828115585758, -60.65525841773892779 ) ) ;
#2083 = CARTESIAN_POINT ( 'NONE',  ( 5.951967010817179826, -0.5343527629917207422, -104.8186611236879173 ) ) ;
#2084 = CARTESIAN_POINT ( 'NONE',  ( -12.23339279653233369, -1.368305826510786805, -56.83733495013238013 ) ) ;
#2085 = CARTESIAN_POINT ( 'NONE',  ( -5.973725153516393327, -2.412283243574111058, -83.08876282073846653 ) ) ;
#2086 = CARTESIAN_POINT ( 'NONE',  ( -2.272253756201641828, 1.757830942164088972, -92.62253783668319329 ) ) ;
#2087 = CARTESIAN_POINT ( 'NONE',  ( -4.711180462732727392, 0.9992293133785898895, -6.077479637077092711 ) ) ;
#2088 = CARTESIAN_POINT ( 'NONE',  ( 48.24966959693615820, 1.267968472046792749, -128.4510837775758887 ) ) ;
#2089 = CARTESIAN_POINT ( 'NONE',  ( 42.02381899781744323, 0.5250126683480340617, -112.8603275103279060 ) ) ;
#2090 = CARTESIAN_POINT ( 'NONE',  ( 50.71934992572647616, 0.6775185970629399312, -120.6780624616547186 ) ) ;
#2091 = CARTESIAN_POINT ( 'NONE',  ( -1.578933090718653842, 0.2954361131183139144, -91.76814245049521901 ) ) ;
#2092 = CARTESIAN_POINT ( 'NONE',  ( 43.22117752802043356, 0.05373182905983285573, -116.3295878272565744 ) ) ;
#2093 = CARTESIAN_POINT ( 'NONE',  ( 38.00118326715567463, 2.721465238365300188, -111.8012077223350076 ) ) ;
#2094 = CARTESIAN_POINT ( 'NONE',  ( 48.75936523596581651, -0.4329983149704861312, -118.4807736372287224 ) ) ;
#2095 = CARTESIAN_POINT ( 'NONE',  ( -10.16808605044927738, -3.571845013065871655, -52.70396762776307042 ) ) ;
#2096 = CARTESIAN_POINT ( 'NONE',  ( 5.843446624046552351, 0.7493365693264871785, -102.3105757905663609 ) ) ;
#2097 = CARTESIAN_POINT ( 'NONE',  ( 34.62181898001774982, 2.794029038295891887, -110.9660875933211344 ) ) ;
#2098 = CARTESIAN_POINT ( 'NONE',  ( 10.51681225578734669, 2.063342173543753599, -107.8149125031246598 ) ) ;
#2099 = CARTESIAN_POINT ( 'NONE',  ( 2.935695079426310361, -0.8408788671157646499, -100.8883627719686871 ) ) ;
#2100 = CARTESIAN_POINT ( 'NONE',  ( 31.56179735409780207, 2.379478534269788170, -112.4606573638246800 ) ) ;
#2101 = CARTESIAN_POINT ( 'NONE',  ( -9.203391567898863812, -3.319436875384482732, -21.87614172721784200 ) ) ;
#2102 = CARTESIAN_POINT ( 'NONE',  ( 50.45558499624216608, -0.1557377243610645057, -130.0666782469458269 ) ) ;
#2103 = CARTESIAN_POINT ( 'NONE',  ( 50.66384801638765367, 0.2521019067728529905, -130.0806770033616147 ) ) ;
#2104 = CARTESIAN_POINT ( 'NONE',  ( -5.524729868025759494, -0.5726065421068013972, -6.194269208921184600 ) ) ;
#2105 = CARTESIAN_POINT ( 'NONE',  ( -0.0009723899307731258268, 1.864580127491410222, -96.37004907269083276 ) ) ;
#2106 = CARTESIAN_POINT ( 'NONE',  ( 47.69956584843315284, 2.095409610954650947, -116.3094487720034778 ) ) ;
#2107 = CARTESIAN_POINT ( 'NONE',  ( 35.59782495714701156, -0.1871036664508606284, -113.1761262342790104 ) ) ;
#2108 = CARTESIAN_POINT ( 'NONE',  ( 15.40730865439840080, 2.588004292213815560, -109.1236640883335554 ) ) ;
#2109 = CARTESIAN_POINT ( 'NONE',  ( 13.62351454282286056, -0.006378864927659261622, -108.5212854180283983 ) ) ;
#2110 = CARTESIAN_POINT ( 'NONE',  ( 40.01705844366883724, -0.1836341663488496867, -112.6131765442388257 ) ) ;
#2111 = CARTESIAN_POINT ( 'NONE',  ( -9.828923563639873962, -0.06725551589857717283, -65.43415839389994915 ) ) ;
#2112 = CARTESIAN_POINT ( 'NONE',  ( -12.31469891322132959, -0.6854464793365104835, -51.84809114794781237 ) ) ;
#2113 = CARTESIAN_POINT ( 'NONE',  ( -11.27673014504098781, -3.114006391522387229, -60.62110146040320302 ) ) ;
#2114 = CARTESIAN_POINT ( 'NONE',  ( 7.077248137976655862, 0.8146851504991949877, -103.1140688741609637 ) ) ;
#2115 = CARTESIAN_POINT ( 'NONE',  ( -7.914432341153208483, -0.2007623881345076411, -70.16232309133118861 ) ) ;
#2116 = CARTESIAN_POINT ( 'NONE',  ( -1.887469812962426996, 0.2451754448962927546, -90.99502010457835866 ) ) ;
#2117 = CARTESIAN_POINT ( 'NONE',  ( 48.60111074757954697, -0.06836020235635280329, -124.0953854244765324 ) ) ;
#2118 = CARTESIAN_POINT ( 'NONE',  ( 36.22908111703474532, 2.763051263245594136, -111.3446316146772830 ) ) ;
#2119 = CARTESIAN_POINT ( 'NONE',  ( 50.63569667307957189, -0.4979996674385611666, -126.9143426501777299 ) ) ;
#2120 = CARTESIAN_POINT ( 'NONE',  ( 43.41710309061593165, -0.6309923873771861036, -114.9302447719034888 ) ) ;
#2121 = CARTESIAN_POINT ( 'NONE',  ( -2.045171301591260704, -0.07523626484299715533, -5.796816436346694523 ) ) ;
#2122 = PRODUCT_DEFINITION_SHAPE ( 'NONE', 'NONE',  #810 ) ;
#2123 = CARTESIAN_POINT ( 'NONE',  ( 44.14191159253545038, 2.540101694594022685, -114.1394610817788617 ) ) ;
#2124 = CARTESIAN_POINT ( 'NONE',  ( 2.421427310654820086, 1.634042228949690090, -103.0759298048743346 ) ) ;
#2125 = CARTESIAN_POINT ( 'NONE',  ( -2.736902038628205691, -1.708980691261351659, -90.78108580429713470 ) ) ;
#2126 = CARTESIAN_POINT ( 'NONE',  ( -11.34541076794517700, -2.131692212273193832, -22.61590628110144863 ) ) ;
#2127 = CARTESIAN_POINT ( 'NONE',  ( 48.76508322101604165, -0.4193356294937917728, -123.5206075820509568 ) ) ;
#2128 = CARTESIAN_POINT ( 'NONE',  ( -4.988822270216529908, -0.9883678122196890570, -11.85899236476383223 ) ) ;
#2129 = CARTESIAN_POINT ( 'NONE',  ( 50.55144774541232522, 0.2553024755093616927, -130.5461144891501135 ) ) ;
#2130 = CARTESIAN_POINT ( 'NONE',  ( -10.17237454186811618, -0.3500232665774233309, -58.77467076031962989 ) ) ;
#2131 = CARTESIAN_POINT ( 'NONE',  ( 48.39920090379156647, 1.238564689150656539, -116.7041549310268636 ) ) ;
#2132 = CARTESIAN_POINT ( 'NONE',  ( 48.82970896384099291, -0.4195115733016909765, -126.6246981471764457 ) ) ;
#2133 = CARTESIAN_POINT ( 'NONE',  ( 44.29107086081195632, 2.531717530714609143, -116.3204009842433351 ) ) ;
#2134 = CARTESIAN_POINT ( 'NONE',  ( 40.65960819596332954, 0.08297243283786313872, -115.0740987995892652 ) ) ;
#2135 = CARTESIAN_POINT ( 'NONE',  ( 18.34689428276091050, 0.1310604814829569031, -107.7308245958836324 ) ) ;
#2136 = CARTESIAN_POINT ( 'NONE',  ( -1.379900831187909738, 1.927832105612812263, -94.51793048603612135 ) ) ;
#2137 = CARTESIAN_POINT ( 'NONE',  ( 50.29352377401069418, 2.707247492637112174, -123.3166838778927996 ) ) ;
#2138 = CARTESIAN_POINT ( 'NONE',  ( 47.33217778430534395, 1.301275790359614826, -131.9595122404443828 ) ) ;
#2139 = CARTESIAN_POINT ( 'NONE',  ( 51.19714453385490316, 0.2386044733008282903, -126.8037716582053633 ) ) ;
#2140 = CARTESIAN_POINT ( 'NONE',  ( -1.064960663192080270, 0.8832995723839413005, -93.26104021490354512 ) ) ;
#2141 = CARTESIAN_POINT ( 'NONE',  ( -3.946306790354832117, 0.008098689175093074649, -84.99307608709062833 ) ) ;
#2142 = CARTESIAN_POINT ( 'NONE',  ( 14.17784793765827800, 0.005614448950253212237, -108.6911753304749766 ) ) ;
#2143 = CARTESIAN_POINT ( 'NONE',  ( 16.41412808738541074, 3.000471465636168400, -107.5145002335076754 ) ) ;
#2144 = CARTESIAN_POINT ( 'NONE',  ( 44.22976926906586925, -0.3054151245216841781, -114.5203992818560437 ) ) ;
#2145 = CARTESIAN_POINT ( 'NONE',  ( 15.26645409148584065, -0.3326575460783035565, -107.5029470911533025 ) ) ;
#2146 = CARTESIAN_POINT ( 'NONE',  ( 50.49157942211373040, 0.2570330954765439047, -130.7812777149303258 ) ) ;
#2147 = CARTESIAN_POINT ( 'NONE',  ( 50.83759782359570067, 2.332235883865664050, -128.3967558320644571 ) ) ;
#2148 = CARTESIAN_POINT ( 'NONE',  ( -10.50553712932660666, -1.821398123744582875, -68.42180581634588066 ) ) ;
#2149 = CARTESIAN_POINT ( 'NONE',  ( 47.11696649516333935, 1.309022326981297502, -132.6032472659767620 ) ) ;
#2150 = CARTESIAN_POINT ( 'NONE',  ( 12.03989035280028475, -0.3844647153714323973, -106.4409870082810556 ) ) ;
#2151 = CARTESIAN_POINT ( 'NONE',  ( -4.170572332800061233, -0.3093630092835546463, -93.08877607412485133 ) ) ;
#2152 = AXIS2_PLACEMENT_3D ( 'NONE', #4266, #207, #2324 ) ;
#2153 = CARTESIAN_POINT ( 'NONE',  ( -10.56376201388711600, -3.626450225855669007, -30.28512323893275848 ) ) ;
#2154 = CARTESIAN_POINT ( 'NONE',  ( -9.143549019691766588, -1.718749544038428390, -58.31508775827483504 ) ) ;
#2155 = CARTESIAN_POINT ( 'NONE',  ( 50.30089438849350358, 0.2626198717435624941, -131.4942201262018102 ) ) ;
#2156 = CARTESIAN_POINT ( 'NONE',  ( 36.34046272630430963, 1.861677197197321387, -113.7258279612355665 ) ) ;
#2157 = CARTESIAN_POINT ( 'NONE',  ( 44.46666902088770001, 2.187215791190185943, -114.0188306796787430 ) ) ;
#2158 = CARTESIAN_POINT ( 'NONE',  ( 51.20384688058791056, 1.135861599378963804, -128.8078303217566827 ) ) ;
#2159 = CARTESIAN_POINT ( 'NONE',  ( -10.47914862099671041, -3.802557968949646483, -53.01252502770981323 ) ) ;
#2160 = CARTESIAN_POINT ( 'NONE',  ( 45.96198481711386563, 2.492973845151556844, -117.5488676364260243 ) ) ;
#2161 = CARTESIAN_POINT ( 'NONE',  ( 47.71569396433786636, -0.04577990708451126767, -120.7872602426644448 ) ) ;
#2162 = CARTESIAN_POINT ( 'NONE',  ( 44.22976926906586925, -0.3054151245216841781, -114.5203992818560437 ) ) ;
#2163 = CARTESIAN_POINT ( 'NONE',  ( -2.865590592118123059, -0.3337446349935996870, -88.28921182223305664 ) ) ;
#2164 = CARTESIAN_POINT ( 'NONE',  ( 0.4726492414047504531, 2.336357198017948722, -99.72456127899287992 ) ) ;
#2165 = CARTESIAN_POINT ( 'NONE',  ( 48.53670028307755757, 1.256778923825302430, -126.2762665976190704 ) ) ;
#2166 = B_SPLINE_SURFACE_WITH_KNOTS ( 'NONE', 3, 3, (
 ( #3577, #618, #3214, #1890, #5265, #3160, #4847, #1533, #1067, #2741, #4440, #648, #4045, #237, #1917, #3605, #5293, #1506, #3188, #2772, #675, #4901, #4203, #2509, #772, #2017, #1691, #2426, #1639, #1226, #4978, #338, #1198, #4120, #3372, #5430, #2872, #3324, #4567, #3737, #1583, #3709, #851, #3268, #5458, #1669, #4950, #5399, #5006, #420, #3350, #2846, #1610, #3296, #2096, #5057, #4094, #826, #1252, #1989, #311, #2456, #4149, #2927, #799, #4619, #5032, #5370, #2484, #367, #2046, #3682, #3789, #2901, #1170, #5481, #4594, #4179, #4541, #745, #396, #1276, #2074, #2951, #3765, #4643, #141, #26, #3061, #3510, #4668, #2617, #5170, #5199, #4311, #528, #1414, #2204, #112, #3924, #1357, #876, #2646, #3870, #4750, #2175, #3455, #4695, #965, #4779, #933, #3003, #1798, #555, #3483, #904, #54, #3090, #83, #3426, #4259, #1717, #1386, #474, #3399, #500, #3815, #3033, #3898, #1768, #2535, #5142, #4232, #447, #1742, #5085, #2146, #1824, #4722, #4341 ),
 ( #2587, #2231, #2121, #1301, #2976, #2562, #3841, #4286, #5113, #1329, #282, #2288, #1937, #5340, #2347, #3627, #1883, #257, #5229, #5313, #1526, #694, #4039, #4840, #3208, #584, #1470, #201, #1087, #4405, #170, #2707, #4811, #2371, #4896, #996, #3122, #4064, #1500, #3599, #611, #3954, #1114, #2792, #3236, #1960, #1853, #4461, #1029, #3651, #3984, #4487, #3181, #1553, #2677, #3538, #4373, #3569, #2260, #1444, #5258, #3152, #1060, #2735, #669, #4434, #640, #2318, #4013, #231, #4869, #5288, #1910, #2765, #1662, #4536, #1140, #792, #2841, #3343, #5475, #818, #4115, #1219, #306, #5025, #1685, #2867, #334, #3731, #1245, #4512, #4587, #4612, #2502, #2894, #5365, #2920, #4920, #3290, #4197, #4972, #4143, #2817, #717, #1984, #412, #2396, #4945, #4090, #3757, #2090, #3782, #389, #1605, #3676, #361, #2067, #1578, #5451, #3263, #766, #2449, #1165, #740, #2421, #2011, #3705, #5393, #1192, #4561, #2039, #5423, #1632, #3318, #4999, #2477, #4171, #3026, #896 ),
 ( #2529, #5078, #1710, #4742, #520, #3366, #19, #3053, #3861, #493, #1294, #845, #926, #3475, #221, #2639, #4225, #1350, #3391, #4332, #2969, #104, #76, #2196, #957, #439, #4003, #4662, #628, #5162, #870, #2115, #1378, #1790, #4716, #3808, #5050, #2555, #4252, #2307, #1761, #2168, #467, #1270, #2944, #2140, #4636, #2610, #3835, #48, #1736, #3419, #5107, #5135, #1322, #2996, #4688, #2580, #4279, #3448, #4305, #3890, #1567, #1591, #4960, #3665, #2336, #321, #2434, #271, #1998, #1950, #1128, #1901, #3171, #2753, #5381, #3589, #1925, #4858, #729, #3692, #2855, #2830, #4053, #4102, #2805, #4525, #754, #2408, #3278, #3223, #4909, #1489, #5276, #1180, #4549, #4131, #1077, #2781, #4450, #4476, #658, #3196, #4027, #2360, #246, #3251, #3614, #4885, #5301, #1515, #4934, #1102, #683, #1154, #3640, #5329, #1542, #4500, #706, #2384, #4078, #295, #1973, #5354, #5067, #4575, #1284, #2959, #35, #3381, #4186, #4651, #5410, #806, #5013, #429, #3745, #4987 ),
 ( #347, #2465, #1726, #835, #2934, #5439, #3305, #860, #456, #2570, #5095, #1206, #3798, #4158, #1311, #377, #2544, #2518, #4241, #3408, #2882, #885, #2055, #2985, #2130, #3332, #780, #3824, #4678, #8, #1648, #2027, #1232, #2908, #3719, #4214, #4626, #4601, #1619, #2491, #402, #2080, #1700, #3772, #5465, #1676, #3357, #5040, #2105, #1259, #1007, #4820, #2212, #3463, #3070, #4383, #3850, #1038, #5237, #914, #4351, #1423, #1450, #563, #2240, #3132, #3934, #1832, #180, #4759, #2596, #592, #122, #2686, #3905, #5179, #944, #4789, #4268, #2656, #4731, #3518, #2268, #5208, #2626, #1778, #483, #1806, #5150, #508, #3437, #3100, #2183, #5123, #3491, #64, #974, #149, #1394, #2157, #3963, #1750, #1338, #1862, #1366, #3547, #3013, #4705, #4294, #3878, #3041, #92, #4319, #536, #1480, #3162, #4849, #3579, #4414, #2715, #620, #5267, #2297, #3994, #210, #1892, #3725, #3311, #463, #4137, #2471, #5417, #1290, #4248, #3415, #3387, #4607, #4657, #3362, #5073 ),
 ( #3778, #3338, #4165, #1625, #2965, #383, #4993, #408, #1212, #2940, #2525, #5471, #2441, #5046, #354, #2033, #5445, #2888, #2061, #43, #1265, #1681, #5102, #4581, #1706, #4632, #2497, #841, #4221, #2111, #435, #787, #3751, #866, #813, #1656, #1732, #5020, #3804, #15, #1240, #2915, #4193, #2086, #1318, #2551, #2136, #3831, #2992, #4684, #2481, #1223, #23, #4176, #1326, #393, #4256, #4229, #873, #1739, #4591, #2584, #2071, #3422, #3838, #5029, #2898, #2143, #471, #1714, #796, #2043, #1249, #5455, #51, #443, #848, #3347, #3734, #5110, #1666, #5427, #3396, #2924, #3000, #4616, #5003, #2118, #823, #2093, #3762, #2506, #5082, #4200, #4692, #417, #901, #3812, #2559, #4283, #3786, #1636, #5478, #3321, #1688, #3369, #5054, #1273, #2948, #1298, #4640, #2532, #2973, #4665, #607, #2674, #4776, #1795, #497, #2703, #109, #2172, #1850, #3895, #4401, #1056, #1879, #5167, #2257, #1354, #2284, #2731, #3921, #1383, #993, #3058, #3534, #4807, #3980, #3565 ),
 ( #4338, #197, #552, #5196, #3866, #1765, #3030, #5254, #80, #525, #3452, #1025, #1466, #3148, #1440, #2643, #4836, #1411, #3118, #5139, #4719, #930, #1821, #3507, #2614, #4308, #2201, #3480, #4747, #962, #2228, #138, #3087, #4370, #581, #3951, #167, #5225, #302, #3699, #253, #5361, #3285, #1980, #1574, #5309, #3672, #3177, #3259, #4941, #4110, #1161, #2788, #2837, #4009, #4892, #3623, #4508, #2343, #3595, #665, #2761, #329, #4532, #4429, #1083, #2005, #4916, #1549, #736, #1933, #4865, #1110, #2415, #5388, #1600, #1522, #4968, #1188, #635, #2314, #3204, #227, #4457, #1906, #5284, #1496, #4035, #4483, #690, #2367, #4060, #278, #713, #1956, #3647, #5336, #3232, #1136, #2813, #2392, #4086, #2552, #3363, #5472, #788, #356, #1266, #5447, #2916, #3313, #2035, #842, #4995, #2137, #1214, #5075, #5047, #1707, #4249, #5419, #3416, #2890, #464, #4659, #385, #3727, #2966, #1291, #2526, #1627, #2862, #2063, #2473, #867, #2941, #1682, #4167, #4557, #3832 ),
 ( #45, #3753, #2087, #4583, #1658, #762, #3388, #5104, #1733, #4633, #3339, #4222, #4139, #2444, #5021, #1241, #436, #16, #4608, #2112, #3805, #814, #2498, #4194, #409, #3779, #5132, #1434, #2636, #3529, #954, #2221, #3472, #1844, #3559, #5189, #1787, #574, #4801, #2250, #5159, #4302, #191, #4329, #2193, #3023, #490, #159, #4713, #2164, #4739, #2577, #1814, #131, #923, #1404, #4276, #1319, #2278, #3445, #3080, #3944, #3974, #4769, #986, #1873, #2667, #4363, #2697, #3500, #1347, #3112, #545, #5220, #3914, #1018, #1375, #4394, #2993, #601, #3050, #4685, #893, #3858, #73, #517, #1758, #2605, #3887, #101, #4424, #4082, #1491, #630, #3199, #1049, #274, #5332, #1106, #5248, #2363, #1461, #3142, #2756, #2309, #4860, #2834, #4056, #4479, #733, #4830, #4504, #2784, #5305, #1952, #686, #4912, #3643, #2726, #223, #3669, #1928, #3173, #4529, #3591, #1545, #3227, #660, #1079, #2338, #5278, #2412, #1132, #4030, #4452, #3256, #2808, #4005, #249, #2002 ),
 ( #3618, #709, #5358, #2388, #1902, #1518, #4888, #4938, #4107, #299, #1977, #1571, #1158, #325, #2031, #4991, #838, #406, #4217, #5043, #4964, #2084, #3749, #1652, #1595, #1703, #811, #3282, #12, #1210, #2912, #2439, #4553, #5385, #2521, #459, #4654, #5414, #2859, #3336, #1184, #4190, #3776, #5017, #3696, #2495, #758, #4135, #2886, #351, #3309, #1287, #5469, #4605, #863, #3723, #2937, #1236, #5443, #1679, #3360, #1262, #4629, #1623, #4579, #2108, #381, #784, #2962, #2469, #432, #3801, #4162, #2059, #3384, #5070, #2548, #4244, #918, #3441, #152, #4324, #889, #486, #4387, #5098, #3495, #5184, #1315, #69, #5154, #2244, #1398, #2573, #1754, #1342, #1837, #1428, #2133, #4356, #4763, #38, #3827, #2160, #5127, #979, #540, #2660, #3075, #3411, #2216, #2188, #96, #1729, #3522, #4734, #2989, #3938, #3018, #1370, #4271, #4681, #3854, #567, #4709, #3104, #949, #2600, #3909, #4297, #512, #4794, #3882, #126, #5213, #1011, #1809, #2690, #1782, #3467 ),
 ( #3045, #2631, #3552, #4905, #2379, #1561, #1536, #2747, #2801, #1510, #3217, #4928, #1124, #4496, #1920, #3609, #184, #3967, #702, #4073, #290, #2825, #3245, #4880, #3998, #4471, #1866, #595, #1148, #2719, #678, #1968, #2271, #2355, #4048, #5241, #266, #3635, #3660, #1097, #4418, #5348, #5296, #1454, #240, #3191, #4445, #3136, #4825, #1945, #1071, #5324, #1043, #623, #653, #3584, #2302, #2776, #1484, #215, #1896, #5271, #3165, #4853, #4021, #2331, #5008, #4596, #371, #4520, #1643, #724, #2403, #2020, #1586, #4125, #2100, #3327, #3740, #3, #4097, #3767, #2049, #4570, #1228, #5434, #4181, #2904, #315, #4954, #2929, #1201, #2428, #3792, #2849, #801, #2486, #5403, #749, #1613, #4544, #1695, #398, #3300, #341, #2512, #2076, #3272, #3712, #1279, #1992, #5460, #1671, #3686, #4982, #3352, #4621, #5034, #1174, #2877, #775, #4208, #3375, #5375, #1254, #829, #2460, #4153, #424, #5061, #199, #5227, #3567, #4403, #4236, #1442, #3008, #908, #855, #1058 ),
 ( #2179, #1721, #3819, #4647, #4673, #2126, #2591, #451, #3536, #3120, #4289, #2954, #87, #2539, #30, #478, #3403, #2566, #637, #1772, #3874, #4011, #5089, #2286, #504, #4700, #4809, #1027, #2705, #609, #1306, #2981, #1468, #5118, #881, #2316, #4263, #3982, #1881, #3845, #2151, #58, #1746, #229, #5256, #3432, #1333, #2733, #3150, #4838, #4431, #5286, #1908, #3597, #4534, #4459, #4894, #4510, #1602, #738, #255, #1112, #692, #4970, #764, #3729, #3701, #4112, #4867, #3179, #5311, #2790, #331, #3674, #2007, #2839, #2763, #5363, #1551, #4918, #1085, #1190, #4088, #667, #3287, #4485, #715, #1935, #2345, #4037, #5390, #1498, #2446, #304, #2369, #1576, #3625, #1524, #4141, #3206, #3261, #2864, #358, #4943, #1163, #2037, #2417, #4559, #4062, #1982, #280, #1958, #2815, #3649, #1138, #2394, #5338, #3234, #2165, #3806, #410, #4660, #3417, #868, #2088, #2918, #4277, #1267, #816, #1660, #4585, #4250, #2500, #2553, #4169, #465, #2138, #5105, #2967, #3780 ),
 ( #17, #3341, #790, #5023, #3755, #1320, #3833, #5421, #2065, #2994, #437, #2527, #1243, #2892, #1708, #4195, #5473, #387, #2475, #3389, #5449, #4686, #4610, #46, #2113, #1734, #894, #1683, #491, #3364, #2578, #1629, #5048, #2942, #3315, #4997, #5076, #4634, #1216, #843, #4223, #1292, #575, #2668, #5160, #3859, #602, #3473, #74, #5221, #1788, #2279, #4425, #5249, #3051, #160, #4714, #3975, #631, #1815, #4740, #4364, #955, #1435, #2698, #192, #1462, #1845, #4303, #1874, #1759, #2222, #3560, #3915, #3081, #3446, #5133, #924, #3143, #1348, #3888, #3024, #4395, #4831, #1050, #4802, #546, #2727, #4770, #1019, #2606, #518, #2194, #5190, #132, #1376, #102, #2637, #4330, #3501, #1405, #987, #2251, #3945, #3530, #3113, #2310, #4913, #4006, #224, #5306, #4861, #1929, #5386, #1133, #1546, #1903, #1159, #4555, #3283, #2810, #250, #710, #3592, #5280, #4965, #4453, #2389, #4939, #1186, #4083, #300, #2860, #1978, #5359, #3697, #4505, #661, #2413, #3644 ),
 ( #1492, #3670, #2785, #1572, #326, #3257, #4480, #1519, #2835, #4057, #3619, #3174, #1080, #4530, #4031, #2757, #275, #2339, #734, #4108, #5333, #3200, #2003, #4889, #1107, #687, #2364, #1953, #1597, #3228, #5470, #1730, #760, #13, #2085, #812, #1263, #1680, #433, #3777, #2440, #1211, #4655, #2914, #4164, #3829, #4580, #3361, #5044, #1654, #2470, #3337, #786, #40, #2938, #5018, #2060, #4246, #4630, #4992, #382, #2990, #3724, #2109, #3802, #5416, #3750, #839, #864, #1704, #2887, #5444, #1238, #460, #3412, #4136, #2963, #3385, #353, #2032, #4606, #2496, #5071, #2523, #1288, #2549, #1624, #4219, #4192, #407, #3310, #2134, #5100, #1316, #1013, #2189, #3910, #3442, #70, #541, #3468, #513, #2692, #1399, #5128, #3019, #1456, #2161, #569, #2246, #3855, #2601, #2217, #4796, #3940, #1343, #4298, #3883, #4389, #3969, #4682, #1430, #1839, #2574, #890, #4710, #97, #3524, #3076, #5215, #154, #487, #4764, #4735, #2632, #4273, #597, #1810, #1755, #2273 ),
 ( #919, #3106, #1783, #186, #3496, #5155, #981, #1371, #3046, #1868, #950, #2662, #3554, #5243, #4358, #4325, #127, #5185, #703, #4521, #1947, #1486, #3247, #4473, #5350, #2778, #4050, #5298, #3661, #5377, #1539, #3611, #2380, #1150, #4074, #1512, #655, #5326, #4882, #4447, #1046, #2304, #1969, #4855, #4000, #1099, #4420, #3637, #3220, #680, #3138, #268, #4827, #2721, #2333, #218, #2750, #725, #4906, #2357, #4098, #625, #291, #1125, #3193, #2802, #4497, #1563, #4930, #1898, #3586, #2826, #2404, #1074, #317, #3168, #1994, #3688, #4024, #243, #1922, #5273, #856, #2050, #776, #1672, #4983, #750, #3301, #5405, #2955, #4209, #1587, #3714, #1280, #2077, #4182, #1202, #4545, #5461, #4154, #1644, #2022, #2430, #5035, #1615, #2540, #2878, #3793, #3768, #425, #4648, #4127, #2127, #4571, #4237, #3376, #2461, #343, #1696, #4, #1255, #372, #3274, #3741, #5435, #5062, #3353, #399, #3328, #4956, #452, #5009, #1176, #2930, #1229, #3820, #2851, #2905, #4597 ),
 ( #802, #4622, #2487, #830, #2513, #2101, #1002, #2153, #117, #2652, #2681, #1803, #3488, #4379, #5175, #3067, #1419, #4315, #3846, #146, #1362, #2236, #5146, #939, #2180, #559, #2264, #3902, #505, #4755, #3515, #969, #3875, #3009, #2208, #1773, #1334, #3404, #4674, #4346, #1747, #882, #3459, #1307, #533, #1391, #3037, #31, #2622, #1722, #5090, #4701, #2567, #5119, #3095, #3929, #4727, #588, #2982, #1828, #5204, #88, #4784, #4264, #479, #59, #3433, #909, #2592, #4290, #2796, #3655, #1033, #4516, #3990, #5344, #286, #1475, #4816, #4068, #698, #1941, #3127, #3959, #3157, #1887, #1964, #673, #2770, #5262, #175, #2375, #3574, #1857, #5319, #4844, #1557, #721, #3240, #1064, #261, #2711, #4924, #3542, #1915, #2739, #4465, #4438, #1531, #4491, #1144, #2821, #3631, #4409, #5233, #1448, #2322, #615, #4017, #3186, #2292, #205, #646, #235, #3603, #5292, #1504, #4874, #1091, #2351, #4900, #4043, #3212, #1118, #3349, #1275, #5031, #4618, #3736, #5005 ),
 ( #2950, #419, #3295, #2926, #4977, #4202, #3708, #1169, #2871, #1251, #3764, #1690, #5398, #825, #4642, #5457, #2508, #1197, #1668, #2845, #2095, #3788, #5480, #3371, #771, #5056, #1988, #4566, #1609, #2483, #337, #1582, #4119, #744, #2399, #4093, #310, #4540, #3680, #2900, #1225, #2016, #5369, #798, #2455, #4148, #2425, #3267, #395, #365, #4949, #2045, #5429, #1638, #3323, #4593, #4178, #2073, #4310, #25, #850, #3840, #4258, #964, #3032, #5141, #2145, #2534, #3060, #473, #4231, #2203, #53, #4749, #1413, #2230, #1741, #2616, #1716, #2645, #3089, #4285, #3424, #1356, #5112, #3897, #5169, #4340, #3923, #527, #1300, #554, #445, #4694, #140, #903, #82, #2120, #3814, #3398, #1823, #5084, #875, #2975, #1385, #3509, #5198, #1797, #3002, #4667, #1767, #3482, #2561, #1328, #2586, #2174, #3454, #4721, #3868, #499, #932, #111, #2791, #200, #5312, #1882, #1113, #610, #3537, #5257, #1936, #668, #4063, #2287, #256, #3650, #2346, #3626, #3568, #4038 ),
 ( #4012, #4460, #2317, #4778, #5228, #3207, #1469, #2706, #2370, #3121, #230, #1909, #3151, #1028, #4839, #4810, #281, #639, #1059, #3983, #4486, #1499, #1443, #4404, #1552, #2259, #1525, #4895, #3953, #2734, #3598, #693, #1959, #4433, #5287, #3180, #4868, #1086, #2764, #5339, #995, #2676, #4372, #583, #169, #1852, #14, #1983, #1577, #71, #716, #4656, #865, #2395, #1164, #840, #3414, #2550, #3675, #2840, #2418, #1317, #2575, #3235, #42, #462, #1139, #4919, #3262, #4535, #2135, #1705, #3830, #4247, #4511, #3386, #3288, #1264, #2816, #2991, #434, #4089, #5101, #739, #2524, #5364, #305, #4944, #1731, #4113, #4274, #2110, #332, #5072, #2008, #3702, #488, #5391, #1289, #4683, #2162, #2964, #891, #3856, #1603, #5045, #2939, #3803, #4631, #4220, #3078, #3971, #1402, #2664, #3912, #2275, #4001, #156, #2219, #1015, #5245, #2694, #129, #4737, #3942, #3498, #3048, #5130, #921, #599, #3470, #2603, #5187, #3021, #2248, #1841, #4766, #1756, #4360, #3443 ),
 ( #4828, #571, #983, #2722, #1345, #4391, #3526, #1812, #5217, #1432, #3109, #4798, #4711, #2191, #188, #1870, #5157, #1047, #3556, #952, #4300, #1457, #3139, #4421, #515, #3885, #2634, #1373, #626, #2305, #99, #4327, #1785, #543, #5299, #1899, #1564, #3612, #4099, #751, #1588, #4883, #1970, #1075, #2405, #2431, #3638, #1100, #4498, #2779, #3248, #4522, #318, #3275, #3662, #656, #1995, #219, #4051, #3689, #269, #4907, #3587, #1487, #2751, #5378, #5274, #244, #3169, #726, #4957, #1177, #1151, #2358, #2852, #1126, #2827, #4546, #4856, #4448, #1540, #2803, #2382, #3221, #2334, #4025, #1923, #1513, #4474, #3194, #681, #1948, #5327, #704, #4075, #292, #4931, #5351, #5436, #5064, #2983, #5, #1281, #5010, #3378, #2879, #2956, #4649, #3821, #1697, #2488, #857, #3716, #4598, #3329, #4211, #2052, #3302, #374, #2462, #32, #2541, #4128, #777, #1723, #4623, #1256, #3742, #1616, #2515, #1230, #4183, #4572, #4984, #2102, #4155, #3405, #1645, #4239, #832 ),
 ( #5092, #803, #453, #2128, #1308, #2906, #4675, #883, #344, #2024, #400, #5407, #2078, #1203, #3769, #5462, #1673, #3354, #5037, #2931, #426, #3795, #3460, #3434, #2154, #5120, #1748, #2209, #4728, #2568, #1335, #3903, #1775, #89, #3010, #3847, #5147, #911, #4291, #4702, #61, #1363, #2593, #119, #506, #2623, #3038, #941, #4316, #534, #1804, #2181, #4265, #480, #3876, #2114, #2528, #2919, #4560, #765, #3730, #5049, #4611, #2943, #3781, #3703, #817, #2476, #388, #333, #438, #5024, #2009, #4224, #5422, #1661, #1191, #3289, #4114, #1268, #4661, #3390, #1244, #359, #2501, #5392, #2419, #5077, #2447, #4196, #4635, #1293, #411, #2089, #2968, #5474, #1684, #3807, #3365, #4142, #18, #3756, #844, #2066, #3342, #4586, #1709, #1604, #4971, #2893, #2865, #2038, #1630, #791, #3316, #4998, #4170, #1217, #5450, #47, #5191, #2579, #1735, #4304, #2139, #1377, #956, #2195, #925, #3052, #103, #3474, #4741, #1349, #75, #2638, #4278, #3418, #492, #4687 ) ),
 .UNSPECIFIED., .T., .F., .F.,
 ( 4, 2, 2, 2, 2, 2, 2, 2, 4 ),
 ( 4, 2, 2, 2, 2, 2, 2, 2, 2, 2, 2, 2, 2, 2, 2, 2, 2, 2, 2, 2, 2, 2, 2, 2, 2, 2, 2, 2, 2, 2, 2, 2, 2, 2, 2, 2, 2, 2, 2, 2, 2, 2, 2, 2, 2, 2, 2, 2, 2, 2, 2, 2, 2, 2, 2, 2, 2, 2, 2, 2, 2, 2, 2, 2, 2, 2, 2, 2, 2, 4 ),
 ( 0.000000000000000000, 0.1250000000000000000, 0.2500000000000000000, 0.3750000000000000000, 0.5000000000000000000, 0.6250000000000000000, 0.7500000000000000000, 0.8750000000000000000, 1.000000000000000000 ),
 ( 0.000000000000000000, 0.06095647388834152247, 0.1219129477766830449, 0.1821722183208780987, 0.2123018535929755979, 0.2273666712290243752, 0.2424314888650731248, 0.2581297113480545691, 0.2738279338310360411, 0.3052243787969989297, 0.3366208237629618183, 0.3523190462459432348, 0.3680172687289247069, 0.3802485942115154116, 0.3924799196941061163, 0.4169425706592874703, 0.4658678725896502337, 0.5148424969919661587, 0.5393298091931241212, 0.5515734652937031024, 0.5576952933439925930, 0.5638171213942820836, 0.5729825526567009497, 0.5821479839191199268, 0.6004788464439577700, 0.6182293842611867873, 0.6359799220784158047, 0.6543856185521313984, 0.6635884667889891952, 0.6727913150258469921, 0.6827089692409098465, 0.6926266234559728119, 0.7025442776710357773, 0.7124619318860986317, 0.7228984436244521028, 0.7333349553628056849, 0.7542079788395126272, 0.7886117950618370953, 0.8058137031729992739, 0.8144146572285804186, 0.8187151342563709910, 0.8230156112841615634, 0.8267421749974590561, 0.8304687387107564378, 0.8379218661373513122, 0.8528281209905409499, 0.8677343758437305876, 0.8751875032703254620, 0.8789140669836228437, 0.8826406306969203364, 0.8869234134402281811, 0.8912061961835361368, 0.8997717616701519372, 0.9161540917937399664, 0.9245138514860476997, 0.9328736111783554330, 0.9382755489117504677, 0.9436774866451455024, 0.9495787466445880787, 0.9554800066440306550, 0.9620441773377375050, 0.9653262626845909855, 0.9686083480314444660, 0.9722962362012697035, 0.9759841243710948300, 0.9796720125409199564, 0.9833599007107451939, 0.9875199255330588954, 0.9916799503553725970, 1.000000000000000000 ),
 .UNSPECIFIED. ) ;
#2167 = CARTESIAN_POINT ( 'NONE',  ( -10.32323480491419510, -2.022669647968672546, -42.37709930496848187 ) ) ;
#2168 = CARTESIAN_POINT ( 'NONE',  ( -2.115556269277107049, 0.6995930891594593914, -90.78241638741012309 ) ) ;
#2169 = CARTESIAN_POINT ( 'NONE',  ( 50.36661537409275979, 0.6745001496581550793, -132.0047647963771738 ) ) ;
#2170 = CARTESIAN_POINT ( 'NONE',  ( 38.32175265576609036, 0.1056246612154123771, -114.2261225874357820 ) ) ;
#2171 = CARTESIAN_POINT ( 'NONE',  ( -11.89930633528094006, -1.361266801115282643, -59.56670583047802836 ) ) ;
#2172 = CARTESIAN_POINT ( 'NONE',  ( 51.05309699105448118, 2.327321703379156226, -126.5458422353919161 ) ) ;
#2173 = CARTESIAN_POINT ( 'NONE',  ( 30.17478639175828192, -0.01080214226089181058, -110.1697307765642364 ) ) ;
#2174 = CARTESIAN_POINT ( 'NONE',  ( 49.83721723002366133, -0.8078586268613995314, -123.5003673852733783 ) ) ;
#2175 = CARTESIAN_POINT ( 'NONE',  ( 47.38886459372541538, 0.3671188758180904399, -116.0757542024153679 ) ) ;
#2176 = CARTESIAN_POINT ( 'NONE',  ( 51.01384964580799419, 2.331995123828535910, -123.7235972991260411 ) ) ;
#2177 = CARTESIAN_POINT ( 'NONE',  ( 15.48687084876437403, 2.180073246459058645, -109.3893694982325115 ) ) ;
#2178 = CARTESIAN_POINT ( 'NONE',  ( -1.808447420158175944, -1.535512620830548070, -93.32013896757332816 ) ) ;
#2179 = CARTESIAN_POINT ( 'NONE',  ( -1.750000000000000000, -0.4581489286485113666, 0.000000000000000000 ) ) ;
#2180 = CARTESIAN_POINT ( 'NONE',  ( -9.594758642867098786, -3.601519560870380054, -59.31033377919172267 ) ) ;
#2181 = CARTESIAN_POINT ( 'NONE',  ( 3.068031628774105624, 0.5353011286389056655, -99.78181211679694229 ) ) ;
#2182 = CARTESIAN_POINT ( 'NONE',  ( 38.67166400799224135, 1.832792881236305904, -114.3876216208410455 ) ) ;
#2183 = CARTESIAN_POINT ( 'NONE',  ( 41.20362911816103946, 2.291464143975543433, -112.5324393874016380 ) ) ;
#2184 = AXIS2_PLACEMENT_3D ( 'NONE', #1478, #4925, #2400 ) ;
#2185 = CARTESIAN_POINT ( 'NONE',  ( -9.000991824854461143, -0.001561667844306218128, -21.54343592289396270 ) ) ;
#2186 = CARTESIAN_POINT ( 'NONE',  ( -8.382699557648226829, -3.255240992013347157, -65.59478895686325473 ) ) ;
#2187 = CARTESIAN_POINT ( 'NONE',  ( 48.97257449156439435, 2.072928591008508903, -125.2450003545980621 ) ) ;
#2188 = CARTESIAN_POINT ( 'NONE',  ( 49.10059243857686795, 2.408536484341461836, -123.0366400225925645 ) ) ;
#2189 = CARTESIAN_POINT ( 'NONE',  ( 43.22117752802043356, 0.05373182905983285573, -116.3295878272565744 ) ) ;
#2190 = CARTESIAN_POINT ( 'NONE',  ( 47.20525498672025577, 2.135921352375171445, -133.5529181427902756 ) ) ;
#2191 = CARTESIAN_POINT ( 'NONE',  ( -10.23951013624962947, -2.444618741386004324, -38.96578109894986142 ) ) ;
#2192 = CARTESIAN_POINT ( 'NONE',  ( -10.20932662581670591, -1.955163726718495587, -36.34164320661006542 ) ) ;
#2193 = CARTESIAN_POINT ( 'NONE',  ( -2.762022459294977583, 1.823694008189373328, -94.30585815196438659 ) ) ;
#2194 = CARTESIAN_POINT ( 'NONE',  ( 41.61235521863330433, 0.8994753609008886430, -115.7172131381554152 ) ) ;
#2195 = CARTESIAN_POINT ( 'NONE',  ( 51.08012168079149973, 0.2410458902583342000, -127.8494754050276185 ) ) ;
#2196 = CARTESIAN_POINT ( 'NONE',  ( -9.630169369229859555, -0.9076454556748887459, -57.46402354380735034 ) ) ;
#2197 = CARTESIAN_POINT ( 'NONE',  ( 24.57721580784010484, 2.537207304215465697, -108.7087786667662641 ) ) ;
#2198 = CARTESIAN_POINT ( 'NONE',  ( -6.406210359267646481, -0.2790896178685592366, -14.96735595984960554 ) ) ;
#2199 = CARTESIAN_POINT ( 'NONE',  ( -11.66396480198302399, -3.940867116344425991, -48.23018388310600812 ) ) ;
#2200 = CARTESIAN_POINT ( 'NONE',  ( 48.59052797739595775, 2.763646166336223953, -132.8952403428519347 ) ) ;
#2201 = CARTESIAN_POINT ( 'NONE',  ( -10.95263837435105536, -0.3608315265928882520, -61.95394470360082551 ) ) ;
#2202 = CARTESIAN_POINT ( 'NONE',  ( 36.19764098729000779, -0.08773504165130936727, -111.4568709733912755 ) ) ;
#2203 = CARTESIAN_POINT ( 'NONE',  ( 20.32801467303851339, -0.3252459532199111769, -108.9429674089461884 ) ) ;
#2204 = CARTESIAN_POINT ( 'NONE',  ( 43.52795417988061644, 0.4766542868975726654, -113.5524058188548793 ) ) ;
#2205 = CARTESIAN_POINT ( 'NONE',  ( 50.04883987624984343, 2.366349098141424356, -120.0642131154169761 ) ) ;
#2206 = CARTESIAN_POINT ( 'NONE',  ( -12.16043461039643248, -1.832600651686082660, -57.90467245277591957 ) ) ;
#2207 = CARTESIAN_POINT ( 'NONE',  ( -1.175676802427300327, -1.415215431735494134, -94.73261322084950109 ) ) ;
#2208 = CARTESIAN_POINT ( 'NONE',  ( -5.074674011110242411, -2.311892220040109525, -82.08166823502070031 ) ) ;
#2209 = CARTESIAN_POINT ( 'NONE',  ( -8.657807510075096857, -1.505856112061107588, -61.89775047774547545 ) ) ;
#2210 = CALENDAR_DATE ( 2026, 26, 7 ) ;
#2211 = CARTESIAN_POINT ( 'NONE',  ( -1.066541215376860308, 0.7854105404011159086, -99.06451409352098381 ) ) ;
#2212 = CARTESIAN_POINT ( 'NONE',  ( 3.582166486960459917, 2.284827682355813128, -100.9899565938206791 ) ) ;
#2213 = CARTESIAN_POINT ( 'NONE',  ( 42.16835591618605861, 1.427024515172735653, -112.6740090887010268 ) ) ;
#2214 = CARTESIAN_POINT ( 'NONE',  ( 48.88768957175798135, -0.4220517672292384836, -125.3075602904171149 ) ) ;
#2215 = CARTESIAN_POINT ( 'NONE',  ( 45.34793227105711821, 2.165141262158806423, -117.4595226399888332 ) ) ;
#2216 = CARTESIAN_POINT ( 'NONE',  ( 48.94770871035800042, 2.412932573966436234, -122.3219575189246768 ) ) ;
#2217 = CARTESIAN_POINT ( 'NONE',  ( 48.49246267286094536, -0.06580435174709112212, -123.2673192836612088 ) ) ;
#2218 = CARTESIAN_POINT ( 'NONE',  ( -12.07099250268552915, -2.730756680185369323, -57.06329504916947570 ) ) ;
#2219 = CARTESIAN_POINT ( 'NONE',  ( 50.69367798041390216, -0.4974210279435224424, -124.4197432834915134 ) ) ;
#2220 = CARTESIAN_POINT ( 'NONE',  ( 5.843446624046552351, 0.7493365693264871785, -102.3105757905663609 ) ) ;
#2221 = CARTESIAN_POINT ( 'NONE',  ( -9.771858823523464466, -0.5027477559852091549, -71.92990710795244524 ) ) ;
#2222 = CARTESIAN_POINT ( 'NONE',  ( 21.30733268251317014, 1.018279581934685041, -110.8814879321997751 ) ) ;
#2223 = CARTESIAN_POINT ( 'NONE',  ( -0.2951453372997800417, -0.2784319233462688725, -2.857723955912208069 ) ) ;
#2224 = CARTESIAN_POINT ( 'NONE',  ( 38.70624671552575791, 2.369881994980353568, -111.7136966892632586 ) ) ;
#2225 = CARTESIAN_POINT ( 'NONE',  ( -10.61772079054795093, -1.128450626995550765, -41.55223865337885059 ) ) ;
#2226 = CARTESIAN_POINT ( 'NONE',  ( -11.17802008789619705, -3.892901273806758766, -53.60475682811014764 ) ) ;
#2227 = CARTESIAN_POINT ( 'NONE',  ( 48.95479555746647549, 2.751655377015342019, -131.7546233682546415 ) ) ;
#2228 = CARTESIAN_POINT ( 'NONE',  ( -10.24161185030870591, -0.2858479799165691282, -67.45735131219119296 ) ) ;
#2229 = CARTESIAN_POINT ( 'NONE',  ( -1.573706483710574311, -0.6084441533962022808, -91.92852923491771833 ) ) ;
#2230 = CARTESIAN_POINT ( 'NONE',  ( 29.48396701696978184, -0.3869040570572653270, -110.7875276027639870 ) ) ;
#2231 = CARTESIAN_POINT ( 'NONE',  ( -0.2978722749061230579, 0.1799077726086954210, -2.854217278278059489 ) ) ;
#2232 = CARTESIAN_POINT ( 'NONE',  ( 43.97767236068185781, 2.545047890126944878, -114.0527692744013564 ) ) ;
#2233 = CARTESIAN_POINT ( 'NONE',  ( 34.91143426593832544, 0.9685414020862901374, -113.5536134127307974 ) ) ;
#2234 = CARTESIAN_POINT ( 'NONE',  ( 48.57289925394144348, 1.254775366661144531, -125.3478419209654646 ) ) ;
#2235 = CARTESIAN_POINT ( 'NONE',  ( 49.30658499377446446, -0.7929617339034439327, -130.1292825288215909 ) ) ;
#2236 = CARTESIAN_POINT ( 'NONE',  ( -10.13899605210329646, -3.731805676494688306, -55.70064400364105239 ) ) ;
#2237 = DATE_AND_TIME ( #617, #4105 ) ;
#2238 = CARTESIAN_POINT ( 'NONE',  ( 44.51608401346560129, 1.766473644956207956, -117.0773793122133810 ) ) ;
#2239 = CARTESIAN_POINT ( 'NONE',  ( 36.97766633681551696, 1.425816994387428149, -114.0638562699303122 ) ) ;
#2240 = CARTESIAN_POINT ( 'NONE',  ( 13.49389375457071694, 2.711823952557870676, -106.3823965563227176 ) ) ;
#2241 = CARTESIAN_POINT ( 'NONE',  ( -0.9911848597261285754, 1.651439917014456027, -98.72365852685659604 ) ) ;
#2242 = CARTESIAN_POINT ( 'NONE',  ( 35.11853955497074509, 1.638331596150898628, -110.5242048777627133 ) ) ;
#2243 = CARTESIAN_POINT ( 'NONE',  ( 48.85799064151139959, -0.4216626211711483330, -124.4004746999167281 ) ) ;
#2244 = CARTESIAN_POINT ( 'NONE',  ( 41.03097302188849227, 2.584766943349365853, -114.7058359264210026 ) ) ;
#2245 = CARTESIAN_POINT ( 'NONE',  ( 50.20998059370445077, 0.2786181321956365808, -119.9416126980004123 ) ) ;
#2246 = CARTESIAN_POINT ( 'NONE',  ( 48.17197416861808534, -0.05757091046999289474, -121.9254868830962408 ) ) ;
#2247 = CARTESIAN_POINT ( 'NONE',  ( -12.41143194324927634, -2.747487059649384111, -54.34201153524116990 ) ) ;
#2248 = CARTESIAN_POINT ( 'NONE',  ( 50.09102430366993275, -0.4829395680940981039, -130.1208652594007447 ) ) ;
#2249 = CARTESIAN_POINT ( 'NONE',  ( -10.32323480491419510, -2.022669647968672546, -42.37709930496848187 ) ) ;
#2250 = CARTESIAN_POINT ( 'NONE',  ( -3.905216721925401924, 1.537691244557131576, -91.76977746695942528 ) ) ;
#2251 = CARTESIAN_POINT ( 'NONE',  ( 45.07574766139378397, 0.8527214890383976176, -117.8069418510742707 ) ) ;
#2252 = PLANE ( 'NONE',  #3869 ) ;
#2253 = CARTESIAN_POINT ( 'NONE',  ( 41.20362911816103946, 2.291464143975543433, -112.5324393874016380 ) ) ;
#2254 = CARTESIAN_POINT ( 'NONE',  ( 51.40504399237314459, 0.6512655137544643980, -123.8016627459593479 ) ) ;
#2255 = CARTESIAN_POINT ( 'NONE',  ( -9.423770156160667710, -3.587175727105668788, -64.20426000662790500 ) ) ;
#2256 = CARTESIAN_POINT ( 'NONE',  ( 48.74440819320445684, 2.758558486889333583, -132.4325305556949104 ) ) ;
#2257 = CARTESIAN_POINT ( 'NONE',  ( 50.80226884535593257, 2.333159322087389409, -128.6100346484139152 ) ) ;
#2258 = CARTESIAN_POINT ( 'NONE',  ( 1.894004943675400288, -0.04238376406579081462, -98.41246023768793805 ) ) ;
#2259 = CARTESIAN_POINT ( 'NONE',  ( -8.793819242106767575, -2.534439195433455083, -60.07195218377070489 ) ) ;
#2260 = CARTESIAN_POINT ( 'NONE',  ( 8.843595821948584401, 1.342649863602689120, -104.0135043420386864 ) ) ;
#2261 = CARTESIAN_POINT ( 'NONE',  ( 10.69153538943485238, 3.092292387776315987, -106.5276640399028167 ) ) ;
#2262 = CARTESIAN_POINT ( 'NONE',  ( 42.62501316118116534, 0.8903491588857540551, -116.2219741321670057 ) ) ;
#2263 = CARTESIAN_POINT ( 'NONE',  ( 49.66464906628892351, -0.8041811859469160106, -128.4211593207574538 ) ) ;
#2264 = CARTESIAN_POINT ( 'NONE',  ( -9.195376765675586483, -3.492785021917887978, -61.54220979494218113 ) ) ;
#2265 = CARTESIAN_POINT ( 'NONE',  ( -7.322152325939927486, -0.9276231059302441073, -70.04735645720519699 ) ) ;
#2266 = CARTESIAN_POINT ( 'NONE',  ( 33.42522131774322247, 1.913329394121599192, -113.0273393812544924 ) ) ;
#2267 = CARTESIAN_POINT ( 'NONE',  ( 34.99146578208157621, 1.454894008566366415, -113.5533135983767750 ) ) ;
#2268 = CARTESIAN_POINT ( 'NONE',  ( 33.97746127281733663, 2.477969917159871471, -110.5367538404109240 ) ) ;
#2269 = CARTESIAN_POINT ( 'NONE',  ( -6.001771732305797080, 0.7383832952221486279, -81.53982717227724208 ) ) ;
#2270 = CARTESIAN_POINT ( 'NONE',  ( 33.44185152311710851, -0.4572792690803335058, -111.9666399018411340 ) ) ;
#2271 = CARTESIAN_POINT ( 'NONE',  ( -9.123767517062415067, -1.644313316283006143, -75.32095568408892916 ) ) ;
#2272 = CARTESIAN_POINT ( 'NONE',  ( 50.55144774541232522, 0.2553024755093616927, -130.5461144891501135 ) ) ;
#2273 = CARTESIAN_POINT ( 'NONE',  ( 47.00919383374282035, -0.008873705021227766901, -133.1790845129756917 ) ) ;
#2274 = CARTESIAN_POINT ( 'NONE',  ( -12.64801424836452703, -2.494979328704535870, -31.23136223407017553 ) ) ;
#2275 = CARTESIAN_POINT ( 'NONE',  ( 50.54183256526375345, -0.4911899811593551934, -123.0070417338023248 ) ) ;
#2276 = CARTESIAN_POINT ( 'NONE',  ( -9.143549019691766588, -1.718749544038428390, -58.31508775827483504 ) ) ;
#2277 = CARTESIAN_POINT ( 'NONE',  ( 49.23001456529327413, 2.741990013219494760, -119.9001020508011521 ) ) ;
#2278 = CARTESIAN_POINT ( 'NONE',  ( 9.275412657944237083, 2.948483406489825320, -106.3685340156515764 ) ) ;
#2279 = CARTESIAN_POINT ( 'NONE',  ( 2.474171356882187922, 0.2537827681938586988, -103.1557612782051621 ) ) ;
#2280 = CARTESIAN_POINT ( 'NONE',  ( -2.865590592118123059, -0.3337446349935996870, -88.28921182223305664 ) ) ;
#2281 = CARTESIAN_POINT ( 'NONE',  ( 42.76501058141548128, 2.240419342690814108, -113.1743723780511601 ) ) ;
#2282 = CARTESIAN_POINT ( 'NONE',  ( -0.1989614392868412629, 1.038119402784771328, -95.05953939998514102 ) ) ;
#2283 = CARTESIAN_POINT ( 'NONE',  ( 50.02943901911508107, 2.718253610017794308, -125.6318153679221155 ) ) ;
#2284 = CARTESIAN_POINT ( 'NONE',  ( 50.68243545958235785, 2.336409124257863290, -129.2592482340390347 ) ) ;
#2285 = CARTESIAN_POINT ( 'NONE',  ( -10.04785816618214156, -2.377608348613604594, -34.66739658509840893 ) ) ;
#2286 = CARTESIAN_POINT ( 'NONE',  ( -11.68197298905589498, -2.712759321545588076, -59.79024148952623108 ) ) ;
#2287 = CARTESIAN_POINT ( 'NONE',  ( 49.30658499377446446, -0.7929617339034439327, -130.1292825288215909 ) ) ;
#2288 = CARTESIAN_POINT ( 'NONE',  ( -10.27081163426185739, -1.502696026103468308, -36.31039115940081530 ) ) ;
#2289 = CARTESIAN_POINT ( 'NONE',  ( 7.241465831412482679, 2.965174823893435896, -104.9272183737937780 ) ) ;
#2290 = CARTESIAN_POINT ( 'NONE',  ( 48.00533448368047118, 0.7916293890429775271, -129.2789137241396134 ) ) ;
#2291 = CARTESIAN_POINT ( 'NONE',  ( 43.41710309061593165, -0.6309923873771861036, -114.9302447719034888 ) ) ;
#2292 = CARTESIAN_POINT ( 'NONE',  ( 49.51506326589710483, -0.7941459233410301799, -126.1452742964434037 ) ) ;
#2293 = CARTESIAN_POINT ( 'NONE',  ( 5.843446624046552351, 0.7493365693264871785, -102.3105757905663609 ) ) ;
#2294 = DATE_AND_TIME ( #3576, #1044 ) ;
#2295 = CARTESIAN_POINT ( 'NONE',  ( 48.77066103822201626, 1.663666490829785127, -125.0131942264091691 ) ) ;
#2296 = CARTESIAN_POINT ( 'NONE',  ( 44.99970127847466017, 1.339655572902528569, -117.6691314409927429 ) ) ;
#2297 = CARTESIAN_POINT ( 'NONE',  ( 51.30295420326260825, 1.972780812869709077, -126.5288411793922023 ) ) ;
#2298 = CARTESIAN_POINT ( 'NONE',  ( 3.269664487235337536, 2.116726934369014490, -103.5267471291821408 ) ) ;
#2299 = CARTESIAN_POINT ( 'NONE',  ( -6.811541177323542584, 0.5801096505542618909, -78.81987417764193538 ) ) ;
#2300 = CARTESIAN_POINT ( 'NONE',  ( 41.01992232833074326, -0.5828002358147488238, -114.2250213604681193 ) ) ;
#2301 = CARTESIAN_POINT ( 'NONE',  ( 34.34339971890551624, 2.322852132236786549, -113.0700851754423866 ) ) ;
#2302 = CARTESIAN_POINT ( 'NONE',  ( 7.904294679427178671, 1.974658238544190647, -106.6873958106433804 ) ) ;
#2303 = CARTESIAN_POINT ( 'NONE',  ( 35.70871172216462242, 0.7111070030759821803, -110.8499746367539984 ) ) ;
#2304 = CARTESIAN_POINT ( 'NONE',  ( -3.172107871528222933, -1.663477408423929882, -92.88489063287035208 ) ) ;
#2305 = CARTESIAN_POINT ( 'NONE',  ( -8.061323636585536079, -1.736276691642030245, -64.62816636975004769 ) ) ;
#2306 = CARTESIAN_POINT ( 'NONE',  ( 42.97311023481719161, 0.4941514585754705480, -113.2841317806286554 ) ) ;
#2307 = CARTESIAN_POINT ( 'NONE',  ( -2.474063543528732367, 0.6441017009172658181, -89.86707566064059449 ) ) ;
#2308 = CARTESIAN_POINT ( 'NONE',  ( 36.56454250213544555, 3.061920171227291210, -112.1427999229329657 ) ) ;
#2309 = CARTESIAN_POINT ( 'NONE',  ( 46.44895229640204093, 2.823834409817539193, -117.0105261116224966 ) ) ;
#2310 = CARTESIAN_POINT ( 'NONE',  ( 47.19257443501670224, 0.8024864507850724138, -120.1032096857597224 ) ) ;
#2311 = CARTESIAN_POINT ( 'NONE',  ( -2.217425709107156084, -0.2544482506119743470, -90.16698834962049602 ) ) ;
#2312 = CARTESIAN_POINT ( 'NONE',  ( 26.28763203893662137, 1.698979149806887134, -108.7716984364724766 ) ) ;
#2313 = CARTESIAN_POINT ( 'NONE',  ( 31.21359785792125408, 3.125109612659259017, -111.3443810107453231 ) ) ;
#2314 = CARTESIAN_POINT ( 'NONE',  ( 33.84326338235565146, 3.109293527166584248, -111.4979849442338065 ) ) ;
#2315 = CARTESIAN_POINT ( 'NONE',  ( 1.342501135793171541, -0.1132962110827048646, -97.62525352486494512 ) ) ;
#2316 = CARTESIAN_POINT ( 'NONE',  ( -5.873308325896215543, -1.026824140883043190, -87.76263590963482386 ) ) ;
#2317 = CARTESIAN_POINT ( 'NONE',  ( -2.215892018961417964, -1.449962997996985470, -5.838453870713630423 ) ) ;
#2318 = CARTESIAN_POINT ( 'NONE',  ( 16.00587733998728268, 1.457750851820819316, -106.6267654953140180 ) ) ;
#2319 = CARTESIAN_POINT ( 'NONE',  ( -9.063917979563489880, -0.06510800785384393552, -74.36165947099139828 ) ) ;
#2320 = CARTESIAN_POINT ( 'NONE',  ( 42.95090982971464655, 0.8870729285355563043, -116.3963707210356660 ) ) ;
#2321 = CARTESIAN_POINT ( 'NONE',  ( 49.94037521372953847, -0.8121269960310608660, -125.8967069611934591 ) ) ;
#2322 = CARTESIAN_POINT ( 'NONE',  ( 49.48720269301097119, -0.7931199928464944815, -124.1164231465264720 ) ) ;
#2323 = CARTESIAN_POINT ( 'NONE',  ( -3.474723813119009463, -0.3936038726512649522, -86.36117469859017604 ) ) ;
#2324 = DIRECTION ( 'NONE',  ( 1.000000000000000000, 0.000000000000000000, 0.000000000000000000 ) ) ;
#2325 = CARTESIAN_POINT ( 'NONE',  ( 47.73955379924804987, 1.701932742017238986, -131.3444351981683553 ) ) ;
#2326 = CARTESIAN_POINT ( 'NONE',  ( 17.83881651052914563, 1.359612526330758575, -110.1458455245262513 ) ) ;
#2327 = CARTESIAN_POINT ( 'NONE',  ( 17.15520155534059654, 2.631035943236426089, -109.5366767233947058 ) ) ;
#2328 = CARTESIAN_POINT ( 'NONE',  ( -11.11176455091500692, -0.5477740978904320768, -47.14191371799591934 ) ) ;
#2329 = CARTESIAN_POINT ( 'NONE',  ( 36.56853450379981041, -0.5050388922630394406, -112.7230677623911248 ) ) ;
#2330 = CARTESIAN_POINT ( 'NONE',  ( 36.13164955006186574, 2.292309754746327588, -113.5049916022301630 ) ) ;
#2331 = CARTESIAN_POINT ( 'NONE',  ( 15.48687084876437403, 2.180073246459058645, -109.3893694982325115 ) ) ;
#2332 = CARTESIAN_POINT ( 'NONE',  ( 50.63803334792510213, 0.2639297967662962430, -121.0703317872864346 ) ) ;
#2333 = CARTESIAN_POINT ( 'NONE',  ( 5.951967010817179826, -0.5343527629917207422, -104.8186611236879173 ) ) ;
#2334 = CARTESIAN_POINT ( 'NONE',  ( 34.33231970908992281, 0.3099156457713400648, -110.6945514665774226 ) ) ;
#2335 = CARTESIAN_POINT ( 'NONE',  ( 32.00513464393716845, 0.7657834897922677353, -110.0386510607247459 ) ) ;
#2336 = CARTESIAN_POINT ( 'NONE',  ( 14.95254621061213385, 1.954578422258481885, -106.3973356299923267 ) ) ;
#2337 = CARTESIAN_POINT ( 'NONE',  ( 50.11344562274929615, 2.713543575139079511, -122.3603103805911729 ) ) ;
#2338 = CARTESIAN_POINT ( 'NONE',  ( 49.52233629471369625, 2.733363016636326748, -129.6006706091868921 ) ) ;
#2339 = CARTESIAN_POINT ( 'NONE',  ( -12.15972842532394793, -3.792258717511311605, -46.70846986037872739 ) ) ;
#2340 = CARTESIAN_POINT ( 'NONE',  ( -8.847741392385984227, -1.653391333685799269, -24.59282356569436701 ) ) ;
#2341 = CARTESIAN_POINT ( 'NONE',  ( 32.08795520934155832, 1.680192093982417312, -109.8694394039819997 ) ) ;
#2342 = CARTESIAN_POINT ( 'NONE',  ( 10.80126992933626262, 2.996055239782806634, -106.9985966537662563 ) ) ;
#2343 = CARTESIAN_POINT ( 'NONE',  ( 9.188604674639167413, 3.043734018816268705, -105.8928236795692897 ) ) ;
#2344 = CARTESIAN_POINT ( 'NONE',  ( -3.405265485767963618, -0.8289321818399815189, -86.41526550282766550 ) ) ;
#2345 = CARTESIAN_POINT ( 'NONE',  ( 37.40217461749665517, 1.420882530108428021, -114.1835732051748380 ) ) ;
#2346 = CARTESIAN_POINT ( 'NONE',  ( 49.07704260321007439, -0.7855891027664237969, -131.0045681549260337 ) ) ;
#2347 = CARTESIAN_POINT ( 'NONE',  ( -10.38531966108374682, -1.548708502457957215, -39.74586393992092326 ) ) ;
#2348 = CARTESIAN_POINT ( 'NONE',  ( 2.640673114529357157, 2.661373945587472090, -101.5809463563968933 ) ) ;
#2349 = CARTESIAN_POINT ( 'NONE',  ( 47.72228646582047418, 0.7896233496085062198, -121.1640390975042578 ) ) ;
#2350 = CARTESIAN_POINT ( 'NONE',  ( 48.88128466376799963, -0.7792373899818553218, -131.6875674586505340 ) ) ;
#2351 = CARTESIAN_POINT ( 'NONE',  ( 49.13316374581014401, -0.7819220664829609202, -129.0192494394554785 ) ) ;
#2352 = CARTESIAN_POINT ( 'NONE',  ( -1.750000000000000000, 2.155768121739438459E-16, 0.000000000000000000 ) ) ;
#2353 = CARTESIAN_POINT ( 'NONE',  ( 25.63764988411380585, 2.814528298912308379, -111.0261189422306813 ) ) ;
#2354 = CARTESIAN_POINT ( 'NONE',  ( 5.108900325672956377, -0.7637325175556476387, -103.3493528419424337 ) ) ;
#2355 = CARTESIAN_POINT ( 'NONE',  ( -7.865377109913770148, -1.155096284206748480, -80.82879754075690926 ) ) ;
#2356 = CARTESIAN_POINT ( 'NONE',  ( 34.09442143475838805, 0.7416526058584080872, -110.4759911546324957 ) ) ;
#2357 = CARTESIAN_POINT ( 'NONE',  ( 10.32710928489472124, -0.3553542533040485729, -107.0019035962391030 ) ) ;
#2358 = CARTESIAN_POINT ( 'NONE',  ( 24.23211153753153013, 0.3738137130129440822, -108.7956336423500403 ) ) ;
#2359 = CARTESIAN_POINT ( 'NONE',  ( 51.20269256271518543, 0.2423817966478294117, -123.8439808219394678 ) ) ;
#2360 = CARTESIAN_POINT ( 'NONE',  ( 47.60923711471821207, 1.262866836394330061, -115.9365806097655991 ) ) ;
#2361 = CARTESIAN_POINT ( 'NONE',  ( 42.69421374960322169, 2.921785657242726764, -114.1788996573099979 ) ) ;
#2362 = CARTESIAN_POINT ( 'NONE',  ( -4.216514789134315322, -2.309537121999043485, -6.076378628598163800 ) ) ;
#2363 = CARTESIAN_POINT ( 'NONE',  ( 44.90155701345729256, 2.864096298062631440, -115.8449187520513988 ) ) ;
#2364 = CARTESIAN_POINT ( 'NONE',  ( -10.21606344857463533, -3.576755097585304188, -62.47265846915087906 ) ) ;
#2365 = CARTESIAN_POINT ( 'NONE',  ( 18.29917062204644651, 1.883029777791314308, -107.2335832828824351 ) ) ;
#2366 = CARTESIAN_POINT ( 'NONE',  ( 34.48125328413303947, 3.073519731939112987, -112.0617500672314435 ) ) ;
#2367 = CARTESIAN_POINT ( 'NONE',  ( 39.15619431208874346, 3.007709234918694019, -112.8562871913595700 ) ) ;
#2368 = CARTESIAN_POINT ( 'NONE',  ( 24.23211153753153013, 0.3738137130129440822, -108.7956336423500403 ) ) ;
#2369 = CARTESIAN_POINT ( 'NONE',  ( 43.04399974443932564, 1.370826670088818755, -116.3894664453290630 ) ) ;
#2370 = CARTESIAN_POINT ( 'NONE',  ( -9.874702195108111979, -2.769124446897752279, -31.40105706743820235 ) ) ;
#2371 = CARTESIAN_POINT ( 'NONE',  ( -5.798788993232555811, -0.1311728772012414057, -78.23823874760978470 ) ) ;
#2372 = CARTESIAN_POINT ( 'NONE',  ( -10.43549305180005149, -0.3100300120052201791, -66.07772175241821344 ) ) ;
#2373 = CARTESIAN_POINT ( 'NONE',  ( 46.74631418378616132, 0.8371934883869599497, -133.4128928899945095 ) ) ;
#2374 = CARTESIAN_POINT ( 'NONE',  ( -2.897309257610195754, -1.205787250661858545, -88.56657357204683478 ) ) ;
#2375 = CARTESIAN_POINT ( 'NONE',  ( 40.26142114607181099, -0.5684694750179509759, -113.9199074102111382 ) ) ;
#2376 = CARTESIAN_POINT ( 'NONE',  ( 48.72477785994146160, 1.664374110106145777, -124.1436445486325511 ) ) ;
#2377 = CARTESIAN_POINT ( 'NONE',  ( 45.42395285525699222, 2.506202620873966502, -117.1118755931531297 ) ) ;
#2378 = CARTESIAN_POINT ( 'NONE',  ( 32.04956647060676289, -0.4374405506801501975, -111.6823256566650855 ) ) ;
#2379 = CARTESIAN_POINT ( 'NONE',  ( -9.581473050770432209, -0.8290087659693006206, -15.87854552860743951 ) ) ;
#2380 = CARTESIAN_POINT ( 'NONE',  ( -7.141446251012474100, -3.051923643733965186, -74.41266862158900608 ) ) ;
#2381 = APPLICATION_CONTEXT ( 'configuration controlled 3d designs of mechanical parts and assemblies' ) ;
#2382 = CARTESIAN_POINT ( 'NONE',  ( 33.62249204841671713, 0.3208171375705219930, -110.5380836273790806 ) ) ;
#2383 = CARTESIAN_POINT ( 'NONE',  ( 33.41393327005549452, 0.7515247188427455205, -110.3283900851838837 ) ) ;
#2384 = CARTESIAN_POINT ( 'NONE',  ( 51.51811583226000835, 1.129579114554737362, -126.0299430309666775 ) ) ;
#2385 = CARTESIAN_POINT ( 'NONE',  ( -11.79782066581342903, -0.6528518010534560823, -57.26794141070111976 ) ) ;
#2386 = CARTESIAN_POINT ( 'NONE',  ( -2.029406348219542799, 1.505503288476443435, -92.27470945523056400 ) ) ;
#2387 = CARTESIAN_POINT ( 'NONE',  ( 47.95483321786742437, -0.04259402412484469824, -130.1755187430022147 ) ) ;
#2388 = CARTESIAN_POINT ( 'NONE',  ( -8.253221083474732822, -0.1490857470505768667, -12.55717877798186599 ) ) ;
#2389 = CARTESIAN_POINT ( 'NONE',  ( 48.00533448368047118, 0.7916293890429775271, -129.2789137241396134 ) ) ;
#2390 = CARTESIAN_POINT ( 'NONE',  ( -9.528996493474185314, -0.8709438919511454102, -58.38018462838278566 ) ) ;
#2391 = CARTESIAN_POINT ( 'NONE',  ( 44.90155701345729256, 2.864096298062631440, -115.8449187520513988 ) ) ;
#2392 = CARTESIAN_POINT ( 'NONE',  ( 44.88810996859768210, 2.864532155315738127, -115.3521826668924177 ) ) ;
#2393 = CARTESIAN_POINT ( 'NONE',  ( 26.21302723047690009, 0.3634080460482128072, -109.1468388937350511 ) ) ;
#2394 = CARTESIAN_POINT ( 'NONE',  ( 48.57221618355328729, 1.254487775671857985, -125.0690564847062376 ) ) ;
#2395 = CARTESIAN_POINT ( 'NONE',  ( 5.114599154258596236, -0.1572581679857918968, -102.1028597691926905 ) ) ;
#2396 = CARTESIAN_POINT ( 'NONE',  ( 49.29147263783461597, 0.7246687429469610420, -117.9377730743992458 ) ) ;
#2397 = CARTESIAN_POINT ( 'NONE',  ( 5.075322926896236986, -0.3125818658949079953, -104.6602819767334722 ) ) ;
#2398 = CARTESIAN_POINT ( 'NONE',  ( 9.871535976526127243, 0.06959421677398891504, -104.9060516794123572 ) ) ;
#2399 = CARTESIAN_POINT ( 'NONE',  ( -4.867471434577921308, -2.053938945229364155, -81.73189978451360105 ) ) ;
#2400 = DIRECTION ( 'NONE',  ( 0.8583505132673652227, -0.4161946485164998988, 0.3000273502863995412 ) ) ;
#2401 = CARTESIAN_POINT ( 'NONE',  ( 38.64733918532030543, 2.617564142709391195, -113.8856385598143675 ) ) ;
#2402 = CARTESIAN_POINT ( 'NONE',  ( -5.761056158307760633, -2.568964995381293193, -12.08842879946385196 ) ) ;
#2403 = CARTESIAN_POINT ( 'NONE',  ( 22.54591110489927885, 2.408873518318029650, -110.8147548695999660 ) ) ;
#2404 = CARTESIAN_POINT ( 'NONE',  ( 22.04710587014066903, -0.07287246003278256834, -110.4676708334042985 ) ) ;
#2405 = CARTESIAN_POINT ( 'NONE',  ( -1.375769027641969622, -0.5732708626576135114, -92.41818798922304268 ) ) ;
#2406 = CARTESIAN_POINT ( 'NONE',  ( -2.328456497552132909, -0.2693163911033802926, -89.85796803936257504 ) ) ;
#2407 = CARTESIAN_POINT ( 'NONE',  ( 37.48932493267327715, 0.6677393272685318015, -111.3085231452132717 ) ) ;
#2408 = CARTESIAN_POINT ( 'NONE',  ( 37.59242445312366243, 1.578072017711814379, -111.1383840609964864 ) ) ;
#2409 = CARTESIAN_POINT ( 'NONE',  ( -0.9134766528357438631, 1.561397081317172475, 0.000000000000000000 ) ) ;
#2410 = CARTESIAN_POINT ( 'NONE',  ( 50.67469417072131677, 1.988561339332394429, -130.4304321839782688 ) ) ;
#2411 = CARTESIAN_POINT ( 'NONE',  ( -2.071907208997215477, -1.422416061318440228, -95.47905926159074852 ) ) ;
#2412 = CARTESIAN_POINT ( 'NONE',  ( 49.37510997028983439, 2.738045715760822674, -130.2286522179607573 ) ) ;
#2413 = CARTESIAN_POINT ( 'NONE',  ( 46.91533255879833320, 0.8310990371529564102, -132.9602915596325374 ) ) ;
#2414 = CARTESIAN_POINT ( 'NONE',  ( -10.39681902742466058, -1.563854516414839857, -41.47607830984843247 ) ) ;
#2415 = CARTESIAN_POINT ( 'NONE',  ( 25.16166882252761283, 3.197276485778712374, -109.7802055903691922 ) ) ;
#2416 = CARTESIAN_POINT ( 'NONE',  ( 47.26619912352734332, -0.04585796354576406747, -116.2323177817634701 ) ) ;
#2417 = CARTESIAN_POINT ( 'NONE',  ( 47.28924454619065898, 1.285179352950542864, -120.1279058600611904 ) ) ;
#2418 = CARTESIAN_POINT ( 'NONE',  ( 10.33894383295701047, 0.08497962942098169492, -105.1086511552440896 ) ) ;
#2419 = CARTESIAN_POINT ( 'NONE',  ( 35.02754500640715207, 0.7250176692343874851, -110.6881401272772081 ) ) ;
#2420 = CARTESIAN_POINT ( 'NONE',  ( 11.04197343655038743, 0.6941231774467198079, -108.0909491217693272 ) ) ;
#2421 = CARTESIAN_POINT ( 'NONE',  ( 51.36475013900091824, 0.6475949940465121069, -127.2159798842021559 ) ) ;
#2422 = CARTESIAN_POINT ( 'NONE',  ( -9.828923563639873962, -0.06725551589857717283, -65.43415839389994915 ) ) ;
#2423 = CARTESIAN_POINT ( 'NONE',  ( -5.142720913715161046, -2.017333214762277560, -87.23697784844559067 ) ) ;
#2424 = CARTESIAN_POINT ( 'NONE',  ( 5.871456997511890208, -0.1094595758708216127, -102.6737859391074892 ) ) ;
#2425 = CARTESIAN_POINT ( 'NONE',  ( -1.175676802427300327, -1.415215431735494134, -94.73261322084950109 ) ) ;
#2426 = CARTESIAN_POINT ( 'NONE',  ( -8.657807510075096857, -1.505856112061107588, -61.89775047774547545 ) ) ;
#2427 = CARTESIAN_POINT ( 'NONE',  ( 45.37910815619542859, -0.6792905981422681094, -116.6704399312777127 ) ) ;
#2428 = CARTESIAN_POINT ( 'NONE',  ( 41.78493863492155214, 2.223661375852818978, -115.3553707171261351 ) ) ;
#2429 = ORIENTED_EDGE ( 'NONE', *, *, #1269, .T. ) ;
#2430 = CARTESIAN_POINT ( 'NONE',  ( 45.38880719821106879, -0.3324226173748897062, -117.5189995877651938 ) ) ;
#2431 = CARTESIAN_POINT ( 'NONE',  ( -0.9765677001198427298, -0.5012832159583089364, -93.34924131893912147 ) ) ;
#2432 = CARTESIAN_POINT ( 'NONE',  ( -3.474723813119009463, -0.3936038726512649522, -86.36117469859017604 ) ) ;
#2433 = CARTESIAN_POINT ( 'NONE',  ( 50.00211339821799328, 0.2716593650960977269, -132.4749521369985814 ) ) ;
#2434 = CARTESIAN_POINT ( 'NONE',  ( 16.60015771461672074, 1.930830082153070393, -106.8347240046658015 ) ) ;
#2435 = CARTESIAN_POINT ( 'NONE',  ( 1.136325957700863976, 2.415238119107407488, -100.5463796551815960 ) ) ;
#2436 = CARTESIAN_POINT ( 'NONE',  ( -11.14210886575410520, -0.2131275259818472267, -31.76281245602911341 ) ) ;
#2437 = SECURITY_CLASSIFICATION ( '', '', #1392 ) ;
#2438 = CARTESIAN_POINT ( 'NONE',  ( 43.58920787610534120, -0.2934927340987363853, -116.2619440932906656 ) ) ;
#2439 = CARTESIAN_POINT ( 'NONE',  ( -9.831684903260237363, -1.291280704996348172, -72.41133201627494032 ) ) ;
#2440 = CARTESIAN_POINT ( 'NONE',  ( -3.661351953838784201, -1.484777048364434249, -92.58502573558041604 ) ) ;
#2441 = CARTESIAN_POINT ( 'NONE',  ( -11.57041345973231827, -0.3417422263312086539, -37.79249168808518533 ) ) ;
#2442 = CARTESIAN_POINT ( 'NONE',  ( -8.726255248293842470, -1.034892539073744455, -62.54952994303724978 ) ) ;
#2443 = CC_DESIGN_PERSON_AND_ORGANIZATION_ASSIGNMENT ( #1035, #1776, ( #2608 ) ) ;
#2444 = CARTESIAN_POINT ( 'NONE',  ( -12.73190905163096609, -0.6605562960383342119, -40.30329382082918954 ) ) ;
#2445 = CARTESIAN_POINT ( 'NONE',  ( 14.38925864861372794, 0.5727457346399824623, -106.3362122772375216 ) ) ;
#2446 = CARTESIAN_POINT ( 'NONE',  ( 41.70187571902162205, 1.383688804691203700, -115.7104104187189648 ) ) ;
#2447 = CARTESIAN_POINT ( 'NONE',  ( 36.15795078476838142, 0.7008262422078517240, -110.9614911658944294 ) ) ;
#2448 = CARTESIAN_POINT ( 'NONE',  ( 10.52802117553983230, 0.6811447749585143319, -107.8980364274826655 ) ) ;
#2449 = CARTESIAN_POINT ( 'NONE',  ( 51.44754838909000938, 0.6463922917642912491, -126.1590719410970962 ) ) ;
#2450 = AXIS2_PLACEMENT_3D ( 'NONE', #1282, #4184, #62 ) ;
#2451 = CARTESIAN_POINT ( 'NONE',  ( -4.515611680253116766, 1.266796859272400377, -87.15433284306899964 ) ) ;
#2452 = CARTESIAN_POINT ( 'NONE',  ( 7.490323664710758500, 1.284369088663281477, -103.2809200612336156 ) ) ;
#2453 = CARTESIAN_POINT ( 'NONE',  ( -2.981676239001783024, -1.309027021515446698, -94.34940003150248344 ) ) ;
#2454 = CARTESIAN_POINT ( 'NONE',  ( -10.14998921342477978, -2.841647475669941247, -34.79536515200796032 ) ) ;
#2455 = CARTESIAN_POINT ( 'NONE',  ( -1.808447420158175944, -1.535512620830548070, -93.32013896757332816 ) ) ;
#2456 = CARTESIAN_POINT ( 'NONE',  ( 11.24764895423122724, 0.9739790773330987417, -105.1603985756716355 ) ) ;
#2457 = CARTESIAN_POINT ( 'NONE',  ( 22.46224745131390321, 2.776052591724442742, -110.4977958902696002 ) ) ;
#2458 = CARTESIAN_POINT ( 'NONE',  ( 33.47883826095164039, 2.811376863414908556, -110.7115030451186470 ) ) ;
#2459 = CARTESIAN_POINT ( 'NONE',  ( 48.84157210091603218, -0.7723464022949525498, -130.2913001676700446 ) ) ;
#2460 = CARTESIAN_POINT ( 'NONE',  ( 48.55871758856514475, 2.088321886357443979, -128.9740770241791097 ) ) ;
#2461 = CARTESIAN_POINT ( 'NONE',  ( 48.88768957175798135, -0.4220517672292384836, -125.3075602904171149 ) ) ;
#2462 = CARTESIAN_POINT ( 'NONE',  ( 51.06104195736136830, -0.1698442634192534328, -125.0327331636206480 ) ) ;
#2463 = CARTESIAN_POINT ( 'NONE',  ( 34.34043918949357277, 0.7376045750325582739, -110.5307100895853409 ) ) ;
#2464 = CARTESIAN_POINT ( 'NONE',  ( -12.17221313403249461, -2.283122786816859318, -57.02942059573781108 ) ) ;
#2465 = CARTESIAN_POINT ( 'NONE',  ( -1.141216915649202690, 1.278678172838049631, -2.892309648523771592 ) ) ;
#2466 = CARTESIAN_POINT ( 'NONE',  ( -9.231518606239536240, -0.3941005082159317330, -74.69588716307815446 ) ) ;
#2467 = CARTESIAN_POINT ( 'NONE',  ( -11.57818286646173789, -0.4016797919721441512, -45.64001392936825852 ) ) ;
#2468 = CARTESIAN_POINT ( 'NONE',  ( 44.85335946039624844, -0.3198816151487505755, -117.1049306891413124 ) ) ;
#2469 = CARTESIAN_POINT ( 'NONE',  ( 18.90088018322627406, 2.681366604586336688, -109.8866617501025189 ) ) ;
#2470 = CARTESIAN_POINT ( 'NONE',  ( 1.163341087319166967, -0.6478515384946046396, -101.1356411667353115 ) ) ;
#2471 = CARTESIAN_POINT ( 'NONE',  ( 50.96886826748004751, 1.980424055527125526, -129.0744953863224396 ) ) ;
#2472 = CARTESIAN_POINT ( 'NONE',  ( -9.868276224832406740, -1.399669277910504661, -31.22174272506593695 ) ) ;
#2473 = CARTESIAN_POINT ( 'NONE',  ( 49.66962782388132780, 2.722913287976273633, -130.7238867616591733 ) ) ;
#2474 = CARTESIAN_POINT ( 'NONE',  ( 14.94355126002323964, 0.5735022338758284377, -106.5062028574459561 ) ) ;
#2475 = CARTESIAN_POINT ( 'NONE',  ( -12.67102231356606268, -3.202290990774362189, -48.84532326265009061 ) ) ;
#2476 = CARTESIAN_POINT ( 'NONE',  ( 16.02237681074210940, 1.011617516694614416, -106.7285285609734444 ) ) ;
#2477 = CARTESIAN_POINT ( 'NONE',  ( 50.69966037637448864, 0.6647904838893490265, -130.7996792827429147 ) ) ;
#2478 = CARTESIAN_POINT ( 'NONE',  ( 7.604041475958752017, 2.805381641036179818, -104.2863537314152467 ) ) ;
#2479 = CARTESIAN_POINT ( 'NONE',  ( 24.22665548943411906, 1.220980328662374825, -108.4394655321477785 ) ) ;
#2480 = CARTESIAN_POINT ( 'NONE',  ( 25.37577542378490847, 0.2969444649532111402, -111.4473664437512639 ) ) ;
#2481 = CARTESIAN_POINT ( 'NONE',  ( 1.515883448052977478, 2.354752729970146063, -99.21562640552514267 ) ) ;
#2482 = CARTESIAN_POINT ( 'NONE',  ( -2.396801223887251364, -1.143144754418471187, -90.15438929966678927 ) ) ;
#2483 = CARTESIAN_POINT ( 'NONE',  ( -8.159214409871841767, -2.962811693323453621, -65.26633292877436077 ) ) ;
#2484 = CARTESIAN_POINT ( 'NONE',  ( 16.56300899491787604, 1.001002100240266479, -106.8773969749944968 ) ) ;
#2485 = CARTESIAN_POINT ( 'NONE',  ( -1.122629712340968755, -1.845416189425718168, -2.916210786385787568 ) ) ;
#2486 = CARTESIAN_POINT ( 'NONE',  ( 43.79760270363433250, 2.196156971289940252, -116.3944832620541945 ) ) ;
#2487 = CARTESIAN_POINT ( 'NONE',  ( -3.304074187700121179, -2.299356945820388631, -5.974126308691149134 ) ) ;
#2488 = CARTESIAN_POINT ( 'NONE',  ( 50.03054793026771563, -0.1316474228150807391, -120.0388971109951797 ) ) ;
#2489 = CARTESIAN_POINT ( 'NONE',  ( 51.11508908966781917, 0.2461711303704128551, -123.1147575100079337 ) ) ;
#2490 = CARTESIAN_POINT ( 'NONE',  ( -12.86396729592774157, -2.098621852668815180, -32.94216315435706122 ) ) ;
#2491 = CARTESIAN_POINT ( 'NONE',  ( -2.868965797460524048, 1.345942924239217353, -90.28998329389847299 ) ) ;
#2492 = CARTESIAN_POINT ( 'NONE',  ( -11.89339607140812838, -0.6586278625470584069, -56.36157019271571045 ) ) ;
#2493 = CARTESIAN_POINT ( 'NONE',  ( -10.82709255284448169, -0.2961472580778808927, -56.34227987318287489 ) ) ;
#2494 = CARTESIAN_POINT ( 'NONE',  ( 47.80235416337402654, -0.3933839729008390962, -120.4484001447216599 ) ) ;
#2495 = CARTESIAN_POINT ( 'NONE',  ( -2.607640463168622080, 1.384512914829191699, -95.94006408957352505 ) ) ;
#2496 = CARTESIAN_POINT ( 'NONE',  ( 34.44160572011200827, 0.1569449057220932697, -113.1789059692736572 ) ) ;
#2497 = CARTESIAN_POINT ( 'NONE',  ( -10.31093930355066313, -0.1856865578290890495, -61.32453377897531510 ) ) ;
#2498 = CARTESIAN_POINT ( 'NONE',  ( -11.79782066581342903, -0.6528518010534560823, -57.26794141070111976 ) ) ;
#2499 = CARTESIAN_POINT ( 'NONE',  ( 50.73423218371008403, -0.1635295418109933008, -128.7184677862728961 ) ) ;
#2500 = CARTESIAN_POINT ( 'NONE',  ( 47.70812613916631051, 1.287696601697163601, -130.7302686457289838 ) ) ;
#2501 = CARTESIAN_POINT ( 'NONE',  ( 34.34043918949357277, 0.7376045750325582739, -110.5307100895853409 ) ) ;
#2502 = CARTESIAN_POINT ( 'NONE',  ( 42.46442819569510618, 0.9299214996980841308, -112.8457745010597932 ) ) ;
#2503 = CARTESIAN_POINT ( 'NONE',  ( -0.1831892122513046339, 2.128075118645860631, -96.74553969270935738 ) ) ;
#2504 = CARTESIAN_POINT ( 'NONE',  ( -0.1187837265340138532, 0.5573072286461668856, -94.97729546238387854 ) ) ;
#2505 = CARTESIAN_POINT ( 'NONE',  ( 33.07504773290015976, 0.1817661073879521805, -112.8775362569913199 ) ) ;
#2506 = CARTESIAN_POINT ( 'NONE',  ( 40.53028491000911515, 2.650283882362828969, -112.5798206973497031 ) ) ;
#2507 = CARTESIAN_POINT ( 'NONE',  ( 37.51364975535917523, -0.1170319342045051808, -111.8105062062244031 ) ) ;
#2508 = CARTESIAN_POINT ( 'NONE',  ( -10.76955326151397685, -3.634582865058873402, -42.97657357949634616 ) ) ;
#2509 = CARTESIAN_POINT ( 'NONE',  ( -9.257113755057860160, -1.762071458781228284, -57.40132665009954138 ) ) ;
#2510 = CARTESIAN_POINT ( 'NONE',  ( -5.645444553385558173, 0.03513836050681031636, -89.01575083618845952 ) ) ;
#2511 = CARTESIAN_POINT ( 'NONE',  ( 43.45543575151889115, -0.6333728945393338750, -115.4215937854887670 ) ) ;
#2512 = CARTESIAN_POINT ( 'NONE',  ( 47.06238149610672394, 2.122496120562351152, -119.1294440074668159 ) ) ;
#2513 = CARTESIAN_POINT ( 'NONE',  ( -7.364842418639454991, -2.972729903661218920, -15.36346105280249041 ) ) ;
#2514 = CARTESIAN_POINT ( 'NONE',  ( -0.2951453372997800417, -0.2784319233462688725, -2.857723955912208069 ) ) ;
#2515 = CARTESIAN_POINT ( 'NONE',  ( 50.77224386662359734, -0.1645407589263491455, -128.4994077357514186 ) ) ;
#2516 = CARTESIAN_POINT ( 'NONE',  ( 51.21472604037786880, 0.2383027072641716593, -126.5853930762516626 ) ) ;
#2517 = CARTESIAN_POINT ( 'NONE',  ( -10.56755869315518304, -2.246300635354216979, -67.06537083105101260 ) ) ;
#2518 = CARTESIAN_POINT ( 'NONE',  ( -11.18494625542875021, -0.5518983995905430984, -45.37975390862270331 ) ) ;
#2519 = CARTESIAN_POINT ( 'NONE',  ( 51.30812512104817813, 1.975841661759606627, -124.1929770648213918 ) ) ;
#2520 = CARTESIAN_POINT ( 'NONE',  ( 17.41712478754025994, -0.1906296491505602708, -109.2801832372353346 ) ) ;
#2521 = CARTESIAN_POINT ( 'NONE',  ( -7.265007398412320683, -0.3263999157470900969, -83.41774674178302007 ) ) ;
#2522 = CARTESIAN_POINT ( 'NONE',  ( -12.77829095960756511, -3.202523896706210405, -47.05098527533557728 ) ) ;
#2523 = CARTESIAN_POINT ( 'NONE',  ( 35.09759389410297103, 0.1464778671604318183, -113.3343673116193457 ) ) ;
#2524 = CARTESIAN_POINT ( 'NONE',  ( 34.39656654082826748, -0.05403754496284454006, -111.0204783497147218 ) ) ;
#2525 = CARTESIAN_POINT ( 'NONE',  ( -11.43143994663164875, -0.2944834155441936052, -35.18678391008677409 ) ) ;
#2526 = CARTESIAN_POINT ( 'NONE',  ( 49.97876347740347569, 2.713415843659984006, -129.4157674909274078 ) ) ;
#2527 = CARTESIAN_POINT ( 'NONE',  ( -12.87529748270890906, -3.114825107722168696, -38.16718756464948115 ) ) ;
#2528 = CARTESIAN_POINT ( 'NONE',  ( 7.504182854963255878, 0.8353077530772735626, -103.3702543545923049 ) ) ;
#2529 = CARTESIAN_POINT ( 'NONE',  ( 1.561397081317172475, 0.9134766528357440851, 0.000000000000000000 ) ) ;
#2530 = CARTESIAN_POINT ( 'NONE',  ( 19.95546902079702534, 1.339286298805944853, -107.5844877344090094 ) ) ;
#2531 = CARTESIAN_POINT ( 'NONE',  ( 21.05982122363467823, 0.2138672576116370516, -110.5242425137085576 ) ) ;
#2532 = CARTESIAN_POINT ( 'NONE',  ( 50.54122589879992233, 2.349701618925815527, -121.3924056463156234 ) ) ;
#2533 = CARTESIAN_POINT ( 'NONE',  ( 50.69387241723945436, -0.4991206691696736808, -126.1059904037674926 ) ) ;
#2534 = CARTESIAN_POINT ( 'NONE',  ( 16.37309201185031782, -0.3244430674131854042, -107.8359919965168103 ) ) ;
#2535 = CARTESIAN_POINT ( 'NONE',  ( 50.94258895526135689, 0.2444776722370677613, -128.7230139850266539 ) ) ;
#2536 = CARTESIAN_POINT ( 'NONE',  ( -11.94018164311144758, -0.2775185491711689711, -32.20550524131716230 ) ) ;
#2537 = CARTESIAN_POINT ( 'NONE',  ( 0.2104084719669382375, 1.400877731896680078, -100.7100789003352617 ) ) ;
#2538 = CARTESIAN_POINT ( 'NONE',  ( -9.054514545427597483, -3.266414876083473917, -60.55697638310896735 ) ) ;
#2539 = CARTESIAN_POINT ( 'NONE',  ( -13.13931561020317140, -2.722386616201453613, -40.90858919439499175 ) ) ;
#2540 = CARTESIAN_POINT ( 'NONE',  ( 47.17467921039562384, -0.3770355631591223999, -119.3754852029855726 ) ) ;
#2541 = CARTESIAN_POINT ( 'NONE',  ( 51.04331101484816458, -0.1704729411367555403, -125.9928904247458803 ) ) ;
#2542 =( LENGTH_UNIT ( ) NAMED_UNIT ( * ) SI_UNIT ( .MILLI., .METRE. ) );
#2543 = CARTESIAN_POINT ( 'NONE',  ( -12.68129418726882562, -2.304307542416975885, -52.49811667316900099 ) ) ;
#2544 = CARTESIAN_POINT ( 'NONE',  ( -11.23499566779153547, -0.5440647052104573556, -42.75235181655776273 ) ) ;
#2545 = CARTESIAN_POINT ( 'NONE',  ( -10.82016243286133417, -1.364287064815654871, -66.89098174490472104 ) ) ;
#2546 = CARTESIAN_POINT ( 'NONE',  ( 51.42203011962119774, 1.130875430050575670, -127.2937880768341756 ) ) ;
#2547 = CARTESIAN_POINT ( 'NONE',  ( 48.18913673767964667, -0.3968460404432361810, -130.2118744206466658 ) ) ;
#2548 = CARTESIAN_POINT ( 'NONE',  ( 31.48360371509657796, 2.739887155194515422, -112.1323812683740897 ) ) ;
#2549 = CARTESIAN_POINT ( 'NONE',  ( 35.77381871112392986, 0.1365854123925944463, -113.5032709263723376 ) ) ;
#2550 = CARTESIAN_POINT ( 'NONE',  ( 8.446683420775137563, 0.01621452192147852453, -104.2204056769765970 ) ) ;
#2551 = CARTESIAN_POINT ( 'NONE',  ( -1.607058106237873707, 1.886336643430703841, -94.05503858809072426 ) ) ;
#2552 = CARTESIAN_POINT ( 'NONE',  ( 45.52043626785013686, 2.847787719069807100, -115.7733521013563234 ) ) ;
#2553 = CARTESIAN_POINT ( 'NONE',  ( 47.58964322545945436, 1.291968584245050788, -131.1376147614872423 ) ) ;
#2554 = CARTESIAN_POINT ( 'NONE',  ( -7.322152325939927486, -0.9276231059302441073, -70.04735645720519699 ) ) ;
#2555 = CARTESIAN_POINT ( 'NONE',  ( -3.054865078132756651, 0.5612603223851273526, -88.31067925352246561 ) ) ;
#2556 = CARTESIAN_POINT ( 'NONE',  ( -4.168055217018197034, -0.8153911476212089005, -92.68378761061599391 ) ) ;
#2557 = CARTESIAN_POINT ( 'NONE',  ( 14.35219369078487972, 1.470598902606934377, -106.1525160095830245 ) ) ;
#2558 = CARTESIAN_POINT ( 'NONE',  ( 9.382935942931020179, -0.1127654420970895244, -106.9738132502256747 ) ) ;
#2559 = CARTESIAN_POINT ( 'NONE',  ( 44.14191159253545038, 2.540101694594022685, -114.1394610817788617 ) ) ;
#2560 = CARTESIAN_POINT ( 'NONE',  ( 50.23995574984677148, -0.4873142975956221701, -129.4605012504774493 ) ) ;
#2561 = CARTESIAN_POINT ( 'NONE',  ( 49.52296105863290876, -0.7975392611787049946, -121.9472936798230904 ) ) ;
#2562 = CARTESIAN_POINT ( 'NONE',  ( -8.148464727201247371, -1.062799005032925237, -21.29409870317005726 ) ) ;
#2563 = CARTESIAN_POINT ( 'NONE',  ( 50.37999626457790470, 2.345067550666384726, -130.6006018506414819 ) ) ;
#2564 = CARTESIAN_POINT ( 'NONE',  ( 48.24966959693615820, 1.267968472046792749, -128.4510837775758887 ) ) ;
#2565 = CARTESIAN_POINT ( 'NONE',  ( 33.72309868840485336, -0.4354963508029346952, -111.6068014874313121 ) ) ;
#2566 = CARTESIAN_POINT ( 'NONE',  ( -12.99980787825875517, -2.766639171894158533, -47.13113151691123193 ) ) ;
#2567 = CARTESIAN_POINT ( 'NONE',  ( 3.574949975031103566, -0.8776252624438064531, -102.0709099865027554 ) ) ;
#2568 = CARTESIAN_POINT ( 'NONE',  ( -8.250633916279891622, -1.318970368663073600, -64.60713987822086324 ) ) ;
#2569 = CARTESIAN_POINT ( 'NONE',  ( 17.82338470882633885, 1.804253311519101954, -110.0389962241480362 ) ) ;
#2570 = CARTESIAN_POINT ( 'NONE',  ( -10.95516799813997721, -0.4281630688090283798, -34.10926307375885358 ) ) ;
#2571 = CARTESIAN_POINT ( 'NONE',  ( 51.39915594108789065, 1.131309307643411088, -127.4943562628487683 ) ) ;
#2572 = CARTESIAN_POINT ( 'NONE',  ( -11.09148741576937525, -3.798520489490807339, -38.03315055502579156 ) ) ;
#2573 = CARTESIAN_POINT ( 'NONE',  ( 42.83371725017781273, 2.557786798013635732, -115.5071223367274200 ) ) ;
#2574 = CARTESIAN_POINT ( 'NONE',  ( 48.43568091549418142, -0.05995795104014266935, -127.8972426748454012 ) ) ;
#2575 = CARTESIAN_POINT ( 'NONE',  ( 11.84010472760354560, 0.1262817550371296282, -105.7058469071887572 ) ) ;
#2576 = CARTESIAN_POINT ( 'NONE',  ( -10.24913333787677594, -1.968756632638153148, -37.21486543824435955 ) ) ;
#2577 = CARTESIAN_POINT ( 'NONE',  ( 2.559852649684340342, 2.560877994153891279, -102.0569111189572027 ) ) ;
#2578 = CARTESIAN_POINT ( 'NONE',  ( -9.773136771032460146, -2.999728606296014011, -68.34270574660116893 ) ) ;
#2579 = CARTESIAN_POINT ( 'NONE',  ( 51.25000827217067467, 0.2379595342238494948, -125.9738198648879575 ) ) ;
#2580 = CARTESIAN_POINT ( 'NONE',  ( 8.386351560228041180, 1.806973098585498816, -103.8653102573572227 ) ) ;
#2581 = CARTESIAN_POINT ( 'NONE',  ( 51.45670552949318477, 0.6463920095844545299, -125.9547493050300346 ) ) ;
#2582 = CARTESIAN_POINT ( 'NONE',  ( 19.30954994913812328, 0.1560858154523331043, -110.0956769194412033 ) ) ;
#2583 = CARTESIAN_POINT ( 'NONE',  ( 49.47543365953816163, 2.734848575025135009, -129.8082870324005569 ) ) ;
#2584 = CARTESIAN_POINT ( 'NONE',  ( 11.50511860556909127, 2.942949775898356268, -106.0528910059584007 ) ) ;
#2585 = CARTESIAN_POINT ( 'NONE',  ( 34.15238054049924443, -0.05016236322561278688, -110.9654108947214155 ) ) ;
#2586 = CARTESIAN_POINT ( 'NONE',  ( 49.73509541399857881, -0.8044226345383407306, -122.8658446521250909 ) ) ;
#2587 = CARTESIAN_POINT ( 'NONE',  ( 1.750000000000000000, 0.4581489286485114776, 0.000000000000000000 ) ) ;
#2588 = CARTESIAN_POINT ( 'NONE',  ( 50.19705675282995117, 2.350485265432863180, -131.2932452747288039 ) ) ;
#2589 = CARTESIAN_POINT ( 'NONE',  ( 22.54591110489927885, 2.408873518318029650, -110.8147548695999660 ) ) ;
#2590 = CARTESIAN_POINT ( 'NONE',  ( 10.50963770209414605, -0.4243667688350475919, -105.8514048576286797 ) ) ;
#2591 = CARTESIAN_POINT ( 'NONE',  ( -11.99789813533343974, -2.298706504133200212, -26.04567177522680055 ) ) ;
#2592 = CARTESIAN_POINT ( 'NONE',  ( 17.08715919723914212, -0.4009203245131194859, -108.4524784893446423 ) ) ;
#2593 = CARTESIAN_POINT ( 'NONE',  ( -1.879823506295037472, -0.2057465445072835519, -91.07247378567889484 ) ) ;
#2594 = CARTESIAN_POINT ( 'NONE',  ( 51.26623960094740795, 0.2387796082872019887, -125.0037087384294807 ) ) ;
#2595 = CARTESIAN_POINT ( 'NONE',  ( 8.938240617454848547, 1.564441760308621365, -107.2473130603747222 ) ) ;
#2596 = CARTESIAN_POINT ( 'NONE',  ( 18.52983736605718690, 2.673572307582157581, -107.6301890417462062 ) ) ;
#2597 = CARTESIAN_POINT ( 'NONE',  ( 47.60923711471821207, 1.262866836394330061, -115.9365806097655991 ) ) ;
#2598 = CARTESIAN_POINT ( 'NONE',  ( -8.934757137556932349, -3.418222237693491650, -62.89225657663359215 ) ) ;
#2599 = CARTESIAN_POINT ( 'NONE',  ( 48.91784341153270788, 2.073893316851085356, -124.0733037863316071 ) ) ;
#2600 = CARTESIAN_POINT ( 'NONE',  ( 48.83540382775350253, 2.419116098337877219, -129.2699142403421888 ) ) ;
#2601 = CARTESIAN_POINT ( 'NONE',  ( 48.44651777446372876, -0.06468512106624080271, -123.0157961257464621 ) ) ;
#2602 = CARTESIAN_POINT ( 'NONE',  ( -11.94772066412424749, -2.724771693927802385, -57.97160924256832715 ) ) ;
#2603 = CARTESIAN_POINT ( 'NONE',  ( 50.28852820454254413, -0.4887308942770537401, -129.2267971811245673 ) ) ;
#2604 = CARTESIAN_POINT ( 'NONE',  ( -0.7673121840789832726, -0.01085720922289879278, -93.72186023211587269 ) ) ;
#2605 = CARTESIAN_POINT ( 'NONE',  ( 36.72613016416529064, 3.034701653864853910, -112.6073934764730780 ) ) ;
#2606 = CARTESIAN_POINT ( 'NONE',  ( 39.36872052618387841, 0.9161128987531071965, -114.8256325739535697 ) ) ;
#2607 = CC_DESIGN_DATE_AND_TIME_ASSIGNMENT ( #2294, #3960, ( #2437 ) ) ;
#2608 = PRODUCT ( 'FN-HAR-024_W8-xls1-coax-round_R0.6', 'FN-HAR-024_W8-xls1-coax-round_R0.6', '', ( #3097 ) ) ;
#2609 = CARTESIAN_POINT ( 'NONE',  ( -9.562316876151770728, -1.869185933382153442, -54.71816971516211225 ) ) ;
#2610 = CARTESIAN_POINT ( 'NONE',  ( -0.1989614392868412629, 1.038119402784771328, -95.05953939998514102 ) ) ;
#2611 = CARTESIAN_POINT ( 'NONE',  ( -5.199943891372641680, -0.07889724389334497323, -11.87325289410126317 ) ) ;
#2612 = CARTESIAN_POINT ( 'NONE',  ( -11.88892914331998618, -3.906910496580940695, -41.14222874363586868 ) ) ;
#2613 = CARTESIAN_POINT ( 'NONE',  ( 49.75705902682466331, 2.726040837855045584, -128.4021840345794487 ) ) ;
#2614 = CARTESIAN_POINT ( 'NONE',  ( -11.21096799565265911, -0.3834307226024845083, -59.69095230960039800 ) ) ;
#2615 = CARTESIAN_POINT ( 'NONE',  ( 43.58144689108141279, -0.2876154255073816168, -114.1669292290414006 ) ) ;
#2616 = CARTESIAN_POINT ( 'NONE',  ( 31.86425715408525150, -0.4116865545689064043, -111.2259314619722517 ) ) ;
#2617 = CARTESIAN_POINT ( 'NONE',  ( 40.03447026128765884, 0.5907132250881602653, -112.0947883610983951 ) ) ;
#2618 = CARTESIAN_POINT ( 'NONE',  ( 48.41709612839996169, 2.418086703095103207, -117.4318794137820561 ) ) ;
#2619 = CARTESIAN_POINT ( 'NONE',  ( -3.194700851812289688, 0.8614522500175540998, -95.20780913031099146 ) ) ;
#2620 = CARTESIAN_POINT ( 'NONE',  ( 48.53670028307755757, 1.256778923825302430, -126.2762665976190704 ) ) ;
#2621 = CARTESIAN_POINT ( 'NONE',  ( 16.91683963823695080, -0.3223760776824219909, -107.9971886557446510 ) ) ;
#2622 = CARTESIAN_POINT ( 'NONE',  ( -0.1827645121289944719, -1.313946907397383290, -97.39966319291247032 ) ) ;
#2623 = CARTESIAN_POINT ( 'NONE',  ( -0.9749717390698635633, -0.04891744330516627909, -93.26573582621408320 ) ) ;
#2624 = PERSON_AND_ORGANIZATION ( #2755, #4374 ) ;
#2625 = CARTESIAN_POINT ( 'NONE',  ( 47.97231126069588214, 1.683625263801044269, -121.0723954582079216 ) ) ;
#2626 = CARTESIAN_POINT ( 'NONE',  ( 34.68886029384810143, 2.466202586296181387, -110.6957132878773393 ) ) ;
#2627 = CARTESIAN_POINT ( 'NONE',  ( -3.706485258149026407, 1.131897805041180538, -93.65195541594891893 ) ) ;
#2628 = CARTESIAN_POINT ( 'NONE',  ( -10.51847148820512778, -0.3188775977001349071, -29.86604397921156462 ) ) ;
#2629 = CARTESIAN_POINT ( 'NONE',  ( 48.85435483524403111, -0.4204868502478210091, -126.3040174772631588 ) ) ;
#2630 = CARTESIAN_POINT ( 'NONE',  ( 48.96910589289075233, 2.072845205987711825, -124.9573319681121291 ) ) ;
#2631 = CARTESIAN_POINT ( 'NONE',  ( -3.798933953317413792, 0.1592509947726286346, -3.048924938099737414 ) ) ;
#2632 = CARTESIAN_POINT ( 'NONE',  ( 47.72870764491558759, -0.03452669054276730903, -130.9946800175469264 ) ) ;
#2633 = CARTESIAN_POINT ( 'NONE',  ( -8.397508399551156799, -1.525300247366494721, -12.63909497397792947 ) ) ;
#2634 = CARTESIAN_POINT ( 'NONE',  ( -8.702425826137043074, -2.025204200461715676, -60.57448465445708052 ) ) ;
#2635 = CARTESIAN_POINT ( 'NONE',  ( -2.217425709107156084, -0.2544482506119743470, -90.16698834962049602 ) ) ;
#2636 = CARTESIAN_POINT ( 'NONE',  ( -10.94418319148544683, -0.6168167271795318429, -64.34009983304170532 ) ) ;
#2637 = CARTESIAN_POINT ( 'NONE',  ( 43.87509127487576421, 0.8753962193419435600, -116.9465910910498394 ) ) ;
#2638 = CARTESIAN_POINT ( 'NONE',  ( 50.55144774541232522, 0.2553024755093616927, -130.5461144891501135 ) ) ;
#2639 = CARTESIAN_POINT ( 'NONE',  ( -10.61772079054795093, -1.128450626995550765, -41.55223865337885059 ) ) ;
#2640 = CARTESIAN_POINT ( 'NONE',  ( -10.53206899246000816, -1.081360698882362081, -37.25395264467658762 ) ) ;
#2641 = CARTESIAN_POINT ( 'NONE',  ( 48.10233584161864684, -0.04785814398664127445, -129.5810136041250757 ) ) ;
#2642 = CARTESIAN_POINT ( 'NONE',  ( -11.94100044965344054, -0.9264588919359064700, -25.89153183627123056 ) ) ;
#2643 = CARTESIAN_POINT ( 'NONE',  ( -12.38858058440229648, -0.4618099613128140435, -42.65570815907815216 ) ) ;
#2644 = CARTESIAN_POINT ( 'NONE',  ( -6.170132202946328803, -1.644575920362324029, -14.96694069294812834 ) ) ;
#2645 = CARTESIAN_POINT ( 'NONE',  ( 33.03135099969257027, -0.4261268403218025358, -111.4598755483276022 ) ) ;
#2646 = CARTESIAN_POINT ( 'NONE',  ( 45.06089877545425537, 0.4323126294596166819, -114.3970784202934396 ) ) ;
#2647 = CARTESIAN_POINT ( 'NONE',  ( 50.97857859322473217, 2.328814351831131280, -127.3647172171251611 ) ) ;
#2648 = CARTESIAN_POINT ( 'NONE',  ( -3.798933953317413792, 0.1592509947726286346, -3.048924938099737414 ) ) ;
#2649 = CARTESIAN_POINT ( 'NONE',  ( 37.32035290539950978, 0.9352402448365582099, -114.1837182304734029 ) ) ;
#2650 = CARTESIAN_POINT ( 'NONE',  ( 48.06072286711598451, 1.274950656260665616, -129.3578291672384637 ) ) ;
#2651 = CARTESIAN_POINT ( 'NONE',  ( 49.89243088996769160, -0.8108961974719549604, -126.6453927383135181 ) ) ;
#2652 = CARTESIAN_POINT ( 'NONE',  ( -10.93038252756304729, -3.733505160457813776, -34.56070056931138623 ) ) ;
#2653 = CARTESIAN_POINT ( 'NONE',  ( -9.977207085202936199, -1.986190422678659084, -50.27167192346701796 ) ) ;
#2654 = CARTESIAN_POINT ( 'NONE',  ( 48.12681072903132673, 1.679627822448293895, -121.4473328814644191 ) ) ;
#2655 = CARTESIAN_POINT ( 'NONE',  ( 31.56041542085922913, 1.526564754353429088, -112.8004062944178969 ) ) ;
#2656 = CARTESIAN_POINT ( 'NONE',  ( 33.06130751865931927, 2.489938634923944072, -110.3380625388937801 ) ) ;
#2657 = CARTESIAN_POINT ( 'NONE',  ( 43.69178896190476280, 1.376158936685721867, -113.3681222766408041 ) ) ;
#2658 = CARTESIAN_POINT ( 'NONE',  ( 48.67159527681040743, -0.4168597305437508060, -122.9712537100044329 ) ) ;
#2659 = CARTESIAN_POINT ( 'NONE',  ( 47.94781681939554119, 2.109772373151491465, -131.3584339545857347 ) ) ;
#2660 = CARTESIAN_POINT ( 'NONE',  ( 48.34760597268505222, 2.429945324899140946, -120.6566371504110577 ) ) ;
#2661 = CARTESIAN_POINT ( 'NONE',  ( 51.11508908966781917, 0.2461711303704128551, -123.1147575100079337 ) ) ;
#2662 = CARTESIAN_POINT ( 'NONE',  ( -11.83397659674173141, -3.855180673240528044, -37.63679903231744817 ) ) ;
#2663 = CARTESIAN_POINT ( 'NONE',  ( -10.09803882759014293, -2.645071588923757488, -68.45804408845918942 ) ) ;
#2664 = CARTESIAN_POINT ( 'NONE',  ( 50.33346866524303920, -0.4836765398792622350, -121.9981531957951972 ) ) ;
#2665 = CARTESIAN_POINT ( 'NONE',  ( -9.465332053171554350, -1.837066466934525799, -55.61127155761587915 ) ) ;
#2666 = CARTESIAN_POINT ( 'NONE',  ( 50.17259809573845075, 2.707695671944750693, -128.3826672919676639 ) ) ;
#2667 = CARTESIAN_POINT ( 'NONE',  ( 15.75381833732890691, 3.101128056481448514, -108.5408603402357102 ) ) ;
#2668 = CARTESIAN_POINT ( 'NONE',  ( -3.329407206307064993, -0.5755713583527396482, -94.77791709278676535 ) ) ;
#2669 = DIRECTION ( 'NONE',  ( 1.000000000000000000, 0.000000000000000000, -0.000000000000000000 ) ) ;
#2670 = CARTESIAN_POINT ( 'NONE',  ( -1.162129269132177178, 1.667184529198804332, -94.15864217958035454 ) ) ;
#2671 = CARTESIAN_POINT ( 'NONE',  ( 49.29147263783461597, 0.7246687429469610420, -117.9377730743992458 ) ) ;
#2672 = CARTESIAN_POINT ( 'NONE',  ( -11.71503688517065278, -3.801838752150665357, -35.02661354344304101 ) ) ;
#2673 = CARTESIAN_POINT ( 'NONE',  ( 48.78454673674557540, 2.758007071694069001, -119.9199628500263941 ) ) ;
#2674 = CARTESIAN_POINT ( 'NONE',  ( 50.97358451402990909, 2.333712168060636749, -123.3877751716250515 ) ) ;
#2675 = CARTESIAN_POINT ( 'NONE',  ( -9.461096244804410915, -2.316819826751103761, -54.75204416858906598 ) ) ;
#2676 = CARTESIAN_POINT ( 'NONE',  ( -2.075036335798646991, -1.096332256093115687, -91.08631516263899641 ) ) ;
#2677 = CARTESIAN_POINT ( 'NONE',  ( 5.832208016971802245, 1.198579315084682850, -102.2212319708704769 ) ) ;
#2678 = CARTESIAN_POINT ( 'NONE',  ( 32.44340021719347078, 3.129507504339166246, -111.1898916141871325 ) ) ;
#2679 = CARTESIAN_POINT ( 'NONE',  ( 48.23218788928023315, 0.7769230472381893904, -122.7098970486364635 ) ) ;
#2680 = CARTESIAN_POINT ( 'NONE',  ( 1.561397081317172031, -0.9134766528357443072, 0.000000000000000000 ) ) ;
#2681 = CARTESIAN_POINT ( 'NONE',  ( -10.98200969701364649, -3.751543136884102569, -35.42144024386630718 ) ) ;
#2682 = CARTESIAN_POINT ( 'NONE',  ( -8.938294617425395217, -1.632744006480919330, -59.88408617124116518 ) ) ;
#2683 = APPROVAL_STATUS ( 'not_yet_approved' ) ;
#2684 = CARTESIAN_POINT ( 'NONE',  ( 17.25449340616059857, 1.783088389813106911, -109.9110725233856840 ) ) ;
#2685 = CARTESIAN_POINT ( 'NONE',  ( 43.97056544462114402, 1.358846561333756808, -116.9414862583406176 ) ) ;
#2686 = CARTESIAN_POINT ( 'NONE',  ( 24.57721580784010484, 2.537207304215465697, -108.7087786667662641 ) ) ;
#2687 = CARTESIAN_POINT ( 'NONE',  ( -11.23499566779153547, -0.5440647052104573556, -42.75235181655776273 ) ) ;
#2688 = CC_DESIGN_APPROVAL ( #5316, ( #810 ) ) ;
#2689 = CARTESIAN_POINT ( 'NONE',  ( 16.54017475913672541, -0.4077361614152908431, -108.2919127898499738 ) ) ;
#2690 = CARTESIAN_POINT ( 'NONE',  ( 47.89955415679345663, 2.451193178143849405, -132.6100186463412456 ) ) ;
#2691 = CARTESIAN_POINT ( 'NONE',  ( 45.73435937995923695, 0.4136578256079000426, -114.8224278303127051 ) ) ;
#2692 = CARTESIAN_POINT ( 'NONE',  ( 44.91528736212927697, 0.02230019891523042641, -117.4542567582070660 ) ) ;
#2693 = CARTESIAN_POINT ( 'NONE',  ( -12.81124490787566828, -2.551618836274140989, -32.97162170244569523 ) ) ;
#2694 = CARTESIAN_POINT ( 'NONE',  ( 50.69387241723945436, -0.4991206691696736808, -126.1059904037674926 ) ) ;
#2695 = CARTESIAN_POINT ( 'NONE',  ( -9.815553836781825581, -1.852666261515737212, -31.25120127315757301 ) ) ;
#2696 = CARTESIAN_POINT ( 'NONE',  ( 41.57158906338653281, 2.950260949764667018, -113.6929613080551178 ) ) ;
#2697 = CARTESIAN_POINT ( 'NONE',  ( 17.46955406551082035, 3.127631489441657919, -108.9192045433958640 ) ) ;
#2698 = CARTESIAN_POINT ( 'NONE',  ( 14.34731347492367348, 0.7691364258907520401, -109.1708189169130634 ) ) ;
#2699 = CARTESIAN_POINT ( 'NONE',  ( 11.24764895423122724, 0.9739790773330987417, -105.1603985756716355 ) ) ;
#2700 = CARTESIAN_POINT ( 'NONE',  ( 33.76274625242666616, 2.481078475414291162, -110.4896455853890842 ) ) ;
#2701 = CARTESIAN_POINT ( 'NONE',  ( 51.25935897199137514, 0.6575617712178213337, -122.7191933868400184 ) ) ;
#2702 = CARTESIAN_POINT ( 'NONE',  ( -12.62925429838415781, -1.124937887587809104, -31.05777392098807610 ) ) ;
#2703 = CARTESIAN_POINT ( 'NONE',  ( 51.09754377906580913, 2.327055729248530547, -125.5887133269113463 ) ) ;
#2704 = CARTESIAN_POINT ( 'NONE',  ( -1.980948209091936141, -0.6725676847763130128, -90.85560329775447030 ) ) ;
#2705 = CARTESIAN_POINT ( 'NONE',  ( -10.77607984826651411, -2.681909283282458478, -65.03147022838300018 ) ) ;
#2706 = CARTESIAN_POINT ( 'NONE',  ( -9.681676520972413158, -2.725079375771075174, -29.71958990081075314 ) ) ;
#2707 = CARTESIAN_POINT ( 'NONE',  ( -7.561131353849463110, -0.5300373787375275425, -70.03689247387568173 ) ) ;
#2708 = CARTESIAN_POINT ( 'NONE',  ( -10.70287632009860346, -0.3381278390854987048, -64.01343142743419889 ) ) ;
#2709 = CARTESIAN_POINT ( 'NONE',  ( 48.22480637971876405, 0.7834725184843854828, -128.1866764857459486 ) ) ;
#2710 = CARTESIAN_POINT ( 'NONE',  ( 49.18921239146825997, -0.7870643012442724018, -120.9234853632618467 ) ) ;
#2711 = CARTESIAN_POINT ( 'NONE',  ( 44.60318920391256370, -0.6601531581529697101, -116.1233047907174125 ) ) ;
#2712 = CARTESIAN_POINT ( 'NONE',  ( 13.30528252804611711, 1.014446022294287042, -105.9031833431817518 ) ) ;
#2713 = PLANE ( 'NONE',  #2724 ) ;
#2714 = CARTESIAN_POINT ( 'NONE',  ( 44.64007610140552629, 1.347094365562347518, -117.3972466311322620 ) ) ;
#2715 = CARTESIAN_POINT ( 'NONE',  ( 51.34878863138974481, 1.972935377230373932, -125.3553943413101308 ) ) ;
#2716 = CARTESIAN_POINT ( 'NONE',  ( 13.70931894938114759, 2.550535199242292883, -108.6551064364479231 ) ) ;
#2717 = CARTESIAN_POINT ( 'NONE',  ( -2.742665849142401413, 1.369968816353436925, -90.59723214079545528 ) ) ;
#2718 = CARTESIAN_POINT ( 'NONE',  ( 36.13424904592461928, -0.4981110280744392438, -112.6059277108455632 ) ) ;
#2719 = CARTESIAN_POINT ( 'NONE',  ( -10.75686897285434185, -1.828994312374585318, -67.04434433952182815 ) ) ;
#2720 = CARTESIAN_POINT ( 'NONE',  ( 46.15728939252934993, 0.4020456477308601007, -115.1164030505520657 ) ) ;
#2721 = CARTESIAN_POINT ( 'NONE',  ( 5.089186109812665393, -0.5859345485070470705, -104.2495906008803104 ) ) ;
#2722 = CARTESIAN_POINT ( 'NONE',  ( -4.975422403544861538, -1.446633595561351404, -11.87255690937351460 ) ) ;
#2723 = CARTESIAN_POINT ( 'NONE',  ( 43.69574165026165247, 0.4713811879109812142, -113.6369555555030786 ) ) ;
#2724 = AXIS2_PLACEMENT_3D ( 'NONE', #3545, #5235, #5320 ) ;
#2725 = CARTESIAN_POINT ( 'NONE',  ( 34.97568182087913158, 3.090812064646606849, -111.7574188990560344 ) ) ;
#2726 = CARTESIAN_POINT ( 'NONE',  ( 50.02943901911508107, 2.718253610017794308, -125.6318153679221155 ) ) ;
#2727 = CARTESIAN_POINT ( 'NONE',  ( 36.89628078384770049, 0.9400439146438960281, -114.0636547224575139 ) ) ;
#2728 = CARTESIAN_POINT ( 'NONE',  ( -2.655542759821838850, -0.3106165100208912455, -88.92302524469890557 ) ) ;
#2729 = CARTESIAN_POINT ( 'NONE',  ( 21.18207810261159096, 1.783831565438373179, -107.8311354438059908 ) ) ;
#2730 = CARTESIAN_POINT ( 'NONE',  ( 22.18760487175531537, 3.177945506978983481, -109.7226661535490280 ) ) ;
#2731 = CARTESIAN_POINT ( 'NONE',  ( 50.59095190978836598, 2.338979526632653183, -129.6999505445284626 ) ) ;
#2732 = CARTESIAN_POINT ( 'NONE',  ( 10.27903560800162630, 0.4949524097680247370, -104.8414038197621636 ) ) ;
#2733 = CARTESIAN_POINT ( 'NONE',  ( -1.643651348864022976, 0.2503616224534093715, -98.25422896942437490 ) ) ;
#2734 = CARTESIAN_POINT ( 'NONE',  ( -7.998030176580928519, -2.200983939204411932, -64.78152896436715480 ) ) ;
#2735 = CARTESIAN_POINT ( 'NONE',  ( 12.76185217724681031, 1.457039781089203068, -105.6380220585835730 ) ) ;
#2736 = CARTESIAN_POINT ( 'NONE',  ( -6.900822874705871079, 0.6379922716933249527, -82.54692175797549680 ) ) ;
#2737 = CARTESIAN_POINT ( 'NONE',  ( 34.25389472240865274, 0.9805679788502565941, -113.4000818413734066 ) ) ;
#2738 = CARTESIAN_POINT ( 'NONE',  ( 35.30673489612160409, -0.4597368803852998620, -111.9741754261727920 ) ) ;
#2739 = CARTESIAN_POINT ( 'NONE',  ( 46.75453613760777927, -0.7148560524576241804, -117.8586885307510528 ) ) ;
#2740 = CARTESIAN_POINT ( 'NONE',  ( 3.715835812529423077, 0.5950844694031856008, -100.4750850467754901 ) ) ;
#2741 = CARTESIAN_POINT ( 'NONE',  ( -10.04328832389667170, -1.908309543891474336, -33.78760834359258780 ) ) ;
#2742 = APPLICATION_CONTEXT ( 'configuration controlled 3d designs of mechanical parts and assemblies' ) ;
#2743 = CARTESIAN_POINT ( 'NONE',  ( 16.11280323268494641, 1.298454056978028515, -109.7262480162587366 ) ) ;
#2744 = CARTESIAN_POINT ( 'NONE',  ( 12.59958986517917268, 2.525967106480225599, -108.3097020256916068 ) ) ;
#2745 = CARTESIAN_POINT ( 'NONE',  ( -10.44653000798875375, -0.4223322063410343552, -56.05334668460597669 ) ) ;
#2746 = CARTESIAN_POINT ( 'NONE',  ( 11.64636407980819932, -0.4935977446414953063, -106.7180655862213285 ) ) ;
#2747 = CARTESIAN_POINT ( 'NONE',  ( -12.74648497542433390, -1.588130669090494163, -31.17400390802133714 ) ) ;
#2748 = CARTESIAN_POINT ( 'NONE',  ( -1.563473636124391053, -0.2304505516849026658, -98.17198503183034575 ) ) ;
#2749 = CARTESIAN_POINT ( 'NONE',  ( 32.00513464393716845, 0.7657834897922677353, -110.0386510607247459 ) ) ;
#2750 = CARTESIAN_POINT ( 'NONE',  ( 7.818295248681429221, -0.4444769849997429745, -105.8606307271865035 ) ) ;
#2751 = CARTESIAN_POINT ( 'NONE',  ( 13.32435999431374185, 0.5646849621712592970, -105.9917002712982281 ) ) ;
#2752 = CARTESIAN_POINT ( 'NONE',  ( 50.53292299807246479, 0.2676195802126086765, -120.7626806924332499 ) ) ;
#2753 = CARTESIAN_POINT ( 'NONE',  ( 29.20964695554885182, 1.691221328039820948, -109.3104047116568580 ) ) ;
#2754 = CARTESIAN_POINT ( 'NONE',  ( 39.15619431208874346, 3.007709234918694019, -112.8562871913595700 ) ) ;
#2755 = PERSON ( 'Î´Ö¸¶¨', 'Î´Ö¸¶¨', 'Î´Ö¸¶¨', ('Î´Ö¸¶¨'), ('Î´Ö¸¶¨'), ('Î´Ö¸¶¨') ) ;
#2756 = CARTESIAN_POINT ( 'NONE',  ( 46.09171762933744532, 2.833415094101019882, -116.7075737161912912 ) ) ;
#2757 = CARTESIAN_POINT ( 'NONE',  ( -12.27265197739166958, -3.773849188814235145, -43.15401477621950477 ) ) ;
#2758 = ORIENTED_EDGE ( 'NONE', *, *, #3989, .F. ) ;
#2759 = CARTESIAN_POINT ( 'NONE',  ( 17.72899851990664999, 1.901090952817009017, -107.1049674368280762 ) ) ;
#2760 = CARTESIAN_POINT ( 'NONE',  ( 18.63911069933948639, 3.143492013600467594, -109.1421948198516958 ) ) ;
#2761 = CARTESIAN_POINT ( 'NONE',  ( 11.73783146172641167, 3.120766764623806200, -106.9218285698382402 ) ) ;
#2762 = CARTESIAN_POINT ( 'NONE',  ( 49.72613870017406157, -0.4718720812354490479, -131.5100793680107643 ) ) ;
#2763 = CARTESIAN_POINT ( 'NONE',  ( 31.56041542085922913, 1.526564754353429088, -112.8004062944178969 ) ) ;
#2764 = CARTESIAN_POINT ( 'NONE',  ( -2.703912154442500437, -1.183614310636529332, -89.20825760325381282 ) ) ;
#2765 = CARTESIAN_POINT ( 'NONE',  ( 24.22665548943411906, 1.220980328662374825, -108.4394655321477785 ) ) ;
#2766 = CARTESIAN_POINT ( 'NONE',  ( 10.19733480201145959, 3.077374519632772198, -106.3286930034722673 ) ) ;
#2767 = CARTESIAN_POINT ( 'NONE',  ( -8.424308132895243162, -0.6087686806833579878, -12.61196588475257130 ) ) ;
#2768 = CARTESIAN_POINT ( 'NONE',  ( 25.64852838285380443, 1.125411777910287237, -111.7362619390386982 ) ) ;
#2769 = CARTESIAN_POINT ( 'NONE',  ( 42.38226669582370221, -0.6057434714537889286, -114.3986171578012261 ) ) ;
#2770 = CARTESIAN_POINT ( 'NONE',  ( 36.56853450379981041, -0.5050388922630394406, -112.7230677623911248 ) ) ;
#2771 = CARTESIAN_POINT ( 'NONE',  ( 8.859370693829772492, 0.8935303228121908026, -104.1023055945146893 ) ) ;
#2772 = CARTESIAN_POINT ( 'NONE',  ( -9.977207085202936199, -1.986190422678659084, -50.27167192346701796 ) ) ;
#2773 = CARTESIAN_POINT ( 'NONE',  ( 34.78460196015321770, 1.458604423235902336, -113.5040607702353839 ) ) ;
#2774 = CARTESIAN_POINT ( 'NONE',  ( 49.23384930797883641, 2.405516378636742392, -126.7295589154534525 ) ) ;
#2775 = CARTESIAN_POINT ( 'NONE',  ( 35.47335701297149058, -0.4877877824921854621, -112.4370032363037666 ) ) ;
#2776 = CARTESIAN_POINT ( 'NONE',  ( 8.923111069702089893, 2.013514060525838367, -107.1582650340475169 ) ) ;
#2777 = CARTESIAN_POINT ( 'NONE',  ( 51.26764387634573694, 0.2381975635411803793, -125.3734905246250122 ) ) ;
#2778 = CARTESIAN_POINT ( 'NONE',  ( -9.966035672537024936, -3.692119843076105745, -61.50757174856786236 ) ) ;
#2779 = CARTESIAN_POINT ( 'NONE',  ( 1.342501135793171541, -0.1132962110827048646, -97.62525352486494512 ) ) ;
#2780 = CARTESIAN_POINT ( 'NONE',  ( 49.96518826587600870, 0.2866746527792823351, -119.4315913613791480 ) ) ;
#2781 = CARTESIAN_POINT ( 'NONE',  ( 44.28575571012533629, 1.357692381381905733, -113.6741188443396311 ) ) ;
#2782 = CARTESIAN_POINT ( 'NONE',  ( 50.35342672283798748, 2.702724430293527824, -127.0032400307210310 ) ) ;
#2783 = CARTESIAN_POINT ( 'NONE',  ( -2.738828831021664634, -1.561354675202864195, -94.00157165004611670 ) ) ;
#2784 = CARTESIAN_POINT ( 'NONE',  ( 49.77892034248810660, 2.727225696732562099, -122.7222192085776555 ) ) ;
#2785 = CARTESIAN_POINT ( 'NONE',  ( -4.672275451692823545, -2.125854653476311640, -6.124358676145958746 ) ) ;
#2786 = CARTESIAN_POINT ( 'NONE',  ( 3.676855823858978134, 1.526828005516973397, -100.4831365911307159 ) ) ;
#2787 = CARTESIAN_POINT ( 'NONE',  ( 27.34729424276520149, 3.170975359433855889, -110.5849054977747983 ) ) ;
#2788 = CARTESIAN_POINT ( 'NONE',  ( 3.400345211486540897, 2.728947688622702206, -102.2905118029290890 ) ) ;
#2789 = CARTESIAN_POINT ( 'NONE',  ( 49.26652996813214003, -0.1070947225019560634, -118.6206893648142682 ) ) ;
#2790 = CARTESIAN_POINT ( 'NONE',  ( 21.37443238819551539, 1.504874916165534149, -110.9016858723685317 ) ) ;
#2791 = CARTESIAN_POINT ( 'NONE',  ( 49.89243088996769160, -0.8108961974719549604, -126.6453927383135181 ) ) ;
#2792 = CARTESIAN_POINT ( 'NONE',  ( -1.578933090718653842, 0.2954361131183139144, -91.76814245049521901 ) ) ;
#2793 = CARTESIAN_POINT ( 'NONE',  ( 17.29923450650664662, 3.206175736273003452, -108.4639147097999086 ) ) ;
#2794 = CARTESIAN_POINT ( 'NONE',  ( -12.29018748230416946, -3.746078699387144884, -40.52124470145886903 ) ) ;
#2795 = CARTESIAN_POINT ( 'NONE',  ( -10.09039728997069574, -2.824813921114671444, -33.94417342677627403 ) ) ;
#2796 = CARTESIAN_POINT ( 'NONE',  ( 18.79033336282829936, -0.3829982919650017359, -108.9340930633448465 ) ) ;
#2797 = CARTESIAN_POINT ( 'NONE',  ( 48.75844115581445948, 1.664774608461716321, -125.9075993934456505 ) ) ;
#2798 = CARTESIAN_POINT ( 'NONE',  ( 48.82125188558661932, 2.416598813649576627, -121.8752368599987221 ) ) ;
#2799 = CARTESIAN_POINT ( 'NONE',  ( -2.252289588012034827, -1.694737354931828754, -93.23517022584114500 ) ) ;
#2800 = CARTESIAN_POINT ( 'NONE',  ( 38.69141850487550016, 2.257877669724584813, -114.2190721347675009 ) ) ;
#2801 = CARTESIAN_POINT ( 'NONE',  ( -12.91668968397981665, -1.645624869063489371, -32.91270460626842009 ) ) ;
#2802 = CARTESIAN_POINT ( 'NONE',  ( 15.15738249639518820, -0.2454937732413167983, -108.6373280468915681 ) ) ;
#2803 = CARTESIAN_POINT ( 'NONE',  ( 33.40811652773123086, 0.3236304797849579584, -110.4922893859371413 ) ) ;
#2804 = CARTESIAN_POINT ( 'NONE',  ( 51.21472604037786880, 0.2383027072641716593, -126.5853930762516626 ) ) ;
#2805 = CARTESIAN_POINT ( 'NONE',  ( 35.11853955497074509, 1.638331596150898628, -110.5242048777627133 ) ) ;
#2806 = CARTESIAN_POINT ( 'NONE',  ( -0.4780181482339758703, 1.786934949822839291, -95.51335099352124303 ) ) ;
#2807 = CARTESIAN_POINT ( 'NONE',  ( -5.629509161624730140, -2.491617729033239304, -82.76219503820456680 ) ) ;
#2808 = CARTESIAN_POINT ( 'NONE',  ( 48.95479555746647549, 2.751655377015342019, -131.7546233682546415 ) ) ;
#2809 = CARTESIAN_POINT ( 'NONE',  ( 46.79051821684416979, 1.320759917432524189, -133.4971775832117373 ) ) ;
#2810 = CARTESIAN_POINT ( 'NONE',  ( 48.38039830437944033, 0.7775104957518195192, -127.1561137480184129 ) ) ;
#2811 = CARTESIAN_POINT ( 'NONE',  ( 9.803795427815092722, 1.861432839400946504, -104.5546447314521572 ) ) ;
#2812 = CARTESIAN_POINT ( 'NONE',  ( 34.69204729798405396, 3.069942913832080844, -112.1106636583741789 ) ) ;
#2813 = CARTESIAN_POINT ( 'NONE',  ( 44.65524704898773223, 2.870625048413991021, -115.2082177141673753 ) ) ;
#2814 = CARTESIAN_POINT ( 'NONE',  ( 16.57844079662120507, 0.5563613150516052430, -106.9842462753747583 ) ) ;
#2815 = CARTESIAN_POINT ( 'NONE',  ( 48.47511028426487911, 1.255987804291652354, -123.6791533959246721 ) ) ;
#2816 = CARTESIAN_POINT ( 'NONE',  ( 32.07536121651246219, -0.02495053903789997557, -110.5299629119145521 ) ) ;
#2817 = CARTESIAN_POINT ( 'NONE',  ( 45.83094385223579792, 0.8278201317199918030, -114.6518230225942574 ) ) ;
#2818 = CARTESIAN_POINT ( 'NONE',  ( 18.69890638874645106, 2.973350509093382055, -107.9814991519009766 ) ) ;
#2819 = CARTESIAN_POINT ( 'NONE',  ( -7.547339393364009830, -2.610027938112504664, -12.48855144262777550 ) ) ;
#2820 = CARTESIAN_POINT ( 'NONE',  ( 7.554123361928648528, -0.02285237396785109315, -103.7319360553139234 ) ) ;
#2821 = CARTESIAN_POINT ( 'NONE',  ( 49.11702907983278976, -0.7816962066876000925, -122.0388413120956699 ) ) ;
#2822 = CARTESIAN_POINT ( 'NONE',  ( 48.74013875916497085, 1.665572836757675423, -126.2386076995926061 ) ) ;
#2823 = CARTESIAN_POINT ( 'NONE',  ( 49.10059243857686795, 2.408536484341461836, -123.0366400225925645 ) ) ;
#2824 = CARTESIAN_POINT ( 'NONE',  ( 49.41753191261886968, -0.7910963040280817316, -127.2503474785516318 ) ) ;
#2825 = CARTESIAN_POINT ( 'NONE',  ( -12.27343376537946007, -1.835488893448349756, -56.99554614230614646 ) ) ;
#2826 = CARTESIAN_POINT ( 'NONE',  ( 20.88093360460701575, -0.09899629595351504274, -110.1893948928933753 ) ) ;
#2827 = CARTESIAN_POINT ( 'NONE',  ( 30.09659275274374579, 0.3496064786632111510, -109.8414546811069670 ) ) ;
#2828 = CARTESIAN_POINT ( 'NONE',  ( 42.97311023481719161, 0.4941514585754705480, -113.2841317806286554 ) ) ;
#2829 = CARTESIAN_POINT ( 'NONE',  ( 16.02237681074210940, 1.011617516694614416, -106.7285285609734444 ) ) ;
#2830 = CARTESIAN_POINT ( 'NONE',  ( 34.18213453389891754, 1.655642137589720564, -110.3123331583220903 ) ) ;
#2831 = CARTESIAN_POINT ( 'NONE',  ( 5.884262199841623797, 2.801812408244798380, -104.6197091123570146 ) ) ;
#2832 = CARTESIAN_POINT ( 'NONE',  ( 18.52983736605718690, 2.673572307582157581, -107.6301890417462062 ) ) ;
#2833 = CARTESIAN_POINT ( 'NONE',  ( 34.26013918897906763, -0.1668561660484749465, -112.8545649428553901 ) ) ;
#2834 = CARTESIAN_POINT ( 'NONE',  ( 48.07109586280309088, 2.778936359500389308, -118.7288728522775898 ) ) ;
#2835 = CARTESIAN_POINT ( 'NONE',  ( -11.95569530771004096, -3.583675791200818139, -32.63840835860465717 ) ) ;
#2836 = CARTESIAN_POINT ( 'NONE',  ( 14.95254621061213385, 1.954578422258481885, -106.3973356299923267 ) ) ;
#2837 = CARTESIAN_POINT ( 'NONE',  ( 5.013716933243826723, 2.847225105554995306, -103.5693513188405177 ) ) ;
#2838 = CARTESIAN_POINT ( 'NONE',  ( 51.03023150686499321, -0.1679163078054189406, -124.2744450281779649 ) ) ;
#2839 = CARTESIAN_POINT ( 'NONE',  ( 30.60869089538867627, 1.547514944547513371, -112.6138977728330985 ) ) ;
#2840 = CARTESIAN_POINT ( 'NONE',  ( 9.871535976526127243, 0.06959421677398891504, -104.9060516794123572 ) ) ;
#2841 = CARTESIAN_POINT ( 'NONE',  ( 32.00829286604536605, 1.193385699485165041, -109.8730101893509499 ) ) ;
#2842 = CARTESIAN_POINT ( 'NONE',  ( 9.026981317571545205, 2.863352776651556741, -105.0090733839567037 ) ) ;
#2843 = CARTESIAN_POINT ( 'NONE',  ( -3.661351953838784201, -1.484777048364434249, -92.58502573558041604 ) ) ;
#2844 = CARTESIAN_POINT ( 'NONE',  ( -4.710489487418446863, -1.347500032605332576, -81.21084325119366554 ) ) ;
#2845 = CARTESIAN_POINT ( 'NONE',  ( -10.34380235925742042, -3.605051485759511731, -50.92169744869442383 ) ) ;
#2846 = CARTESIAN_POINT ( 'NONE',  ( 3.068031628774105624, 0.5353011286389056655, -99.78181211679694229 ) ) ;
#2847 = CARTESIAN_POINT ( 'NONE',  ( 34.72784232001045979, 2.678492411161136566, -112.8510781685948672 ) ) ;
#2848 = CARTESIAN_POINT ( 'NONE',  ( -10.60952749112407467, -3.641806238387652161, -47.37406736194326839 ) ) ;
#2849 = CARTESIAN_POINT ( 'NONE',  ( 43.15630538611968348, 2.205954684392305243, -116.0302455649001701 ) ) ;
#2850 = CARTESIAN_POINT ( 'NONE',  ( -2.614004652044023214, -0.4193789902714755158, -96.27305763477792766 ) ) ;
#2851 = CARTESIAN_POINT ( 'NONE',  ( 47.62941672230302714, -0.3772193316403208430, -132.1217400526409733 ) ) ;
#2852 = CARTESIAN_POINT ( 'NONE',  ( 26.21302723047690009, 0.3634080460482128072, -109.1468388937350511 ) ) ;
#2853 = CARTESIAN_POINT ( 'NONE',  ( 35.02754500640715207, 0.7250176692343874851, -110.6881401272772081 ) ) ;
#2854 = CARTESIAN_POINT ( 'NONE',  ( -11.66217761882341897, -2.266200739434388378, -60.68619833051423740 ) ) ;
#2855 = CARTESIAN_POINT ( 'NONE',  ( 33.71512566029727509, 1.662921557595159694, -110.2102063467872455 ) ) ;
#2856 = CARTESIAN_POINT ( 'NONE',  ( -10.70174470493597774, -0.08321820273662439149, -22.20931665786320863 ) ) ;
#2857 = CARTESIAN_POINT ( 'NONE',  ( -7.503155734780658115, 0.5253874168670672473, -15.23453084364129673 ) ) ;
#2858 = CARTESIAN_POINT ( 'NONE',  ( 42.29438726843597607, -0.2726209643336353072, -115.5483825424346804 ) ) ;
#2859 = CARTESIAN_POINT ( 'NONE',  ( -4.635542354084909888, 0.8426372732442120039, -91.43418709405979428 ) ) ;
#2860 = CARTESIAN_POINT ( 'NONE',  ( 47.65705230373529844, 0.8042780059474105014, -130.6490732374759318 ) ) ;
#2861 = CARTESIAN_POINT ( 'NONE',  ( -9.571689026308050074, -1.390980945813667269, -55.57780316272124566 ) ) ;
#2862 = CARTESIAN_POINT ( 'NONE',  ( 49.83602666052662755, 2.717760014284420933, -130.0552870452271748 ) ) ;
#2863 = CARTESIAN_POINT ( 'NONE',  ( 11.26613794357832887, 0.5241360588236277929, -105.2474697246170052 ) ) ;
#2864 = CARTESIAN_POINT ( 'NONE',  ( 44.99970127847466017, 1.339655572902528569, -117.6691314409927429 ) ) ;
#2865 = CARTESIAN_POINT ( 'NONE',  ( 50.20998059370445077, 0.2786181321956365808, -119.9416126980004123 ) ) ;
#2866 = CARTESIAN_POINT ( 'NONE',  ( 8.938691444988172918, 0.6318790639438978118, -107.2423488066395265 ) ) ;
#2867 = CARTESIAN_POINT ( 'NONE',  ( 35.72112521124613238, 1.137992148766114209, -110.6848713638513999 ) ) ;
#2868 = CARTESIAN_POINT ( 'NONE',  ( -7.039145997515138475, -0.3526028108186309296, -72.77295259534201932 ) ) ;
#2869 = CARTESIAN_POINT ( 'NONE',  ( -9.064476949820452489, -3.394432503804668766, -67.91023782755227955 ) ) ;
#2870 = CARTESIAN_POINT ( 'NONE',  ( -10.34018063145511945, -2.941732827299823771, -42.55256959594550636 ) ) ;
#2871 = CARTESIAN_POINT ( 'NONE',  ( -10.36446415164280488, -3.455290253971253556, -31.75574881614144473 ) ) ;
#2872 = CARTESIAN_POINT ( 'NONE',  ( -3.474723813119009463, -0.3936038726512649522, -86.36117469859017604 ) ) ;
#2873 = CARTESIAN_POINT ( 'NONE',  ( 44.64452974467809554, 2.524279394344879801, -116.5488425966413359 ) ) ;
#2874 = B_SPLINE_CURVE_WITH_KNOTS ( 'NONE', 3,
 ( #5222, #2223, #3502, #1760, #133, #5106, #1816, #1406, #576, #547, #1321, #3916, #3082, #3025, #3447, #4771, #2167, #3860, #5134, #4715, #3946, #2609, #519, #3889, #1789, #161, #4365, #1846, #3531, #3114, #869, #2554, #4251, #466, #3834, #752, #2432, #2280, #2728, #2406, #2311, #1178, #3717, #3561, #778, #1204, #4076, #193, #3743, #4100, #4426, #632, #4803, #293, #1971, #4985, #1589, #3690, #3663, #1021, #1617, #2699, #2880, #1996, #4396, #4573, #5352, #319, #5250, #1875, #603, #5408, #1646, #375, #5379, #1565, #3276, #3976, #1463, #2025, #4129, #3249, #3144, #4932, #2463, #4958, #2853, #2053, #4832, #345, #727, #1152, #4547, #3303, #4156, #2828, #1051, #4523, #5437, #6, #1257, #5038, #1674, #4703, #481, #3330, #5463, #3011, #3822, #454, #2932, #804, #1724, #427, #3379, #3770, #2489, #1309, #3355, #2594, #4624, #833, #858, #2516, #3796, #5011, #4676, #4212, #1336, #4292, #90, #912, #3435, #33, #2103, #1698, #5065, #2155, #3406, #3848 ),
 .UNSPECIFIED., .F., .F.,
 ( 4, 2, 2, 2, 2, 2, 2, 2, 2, 2, 2, 2, 2, 2, 2, 2, 2, 2, 2, 2, 2, 2, 2, 2, 2, 2, 2, 2, 2, 2, 2, 2, 2, 2, 2, 2, 2, 2, 2, 2, 2, 2, 2, 2, 2, 2, 2, 2, 2, 2, 2, 2, 2, 2, 2, 2, 2, 2, 2, 2, 2, 2, 2, 2, 2, 2, 2, 2, 2, 4 ),
 ( 0.000000000000000000, 0.06095647388834152247, 0.1219129477766830449, 0.1821722183208780987, 0.2123018535929755979, 0.2273666712290243752, 0.2424314888650731248, 0.2581297113480545691, 0.2738279338310360411, 0.3052243787969989297, 0.3366208237629618183, 0.3523190462459432348, 0.3680172687289247069, 0.3802485942115154116, 0.3924799196941061163, 0.4169425706592874703, 0.4658678725896502337, 0.5148424969919661587, 0.5393298091931241212, 0.5515734652937031024, 0.5576952933439925930, 0.5638171213942820836, 0.5729825526567009497, 0.5821479839191199268, 0.6004788464439577700, 0.6182293842611867873, 0.6359799220784158047, 0.6543856185521313984, 0.6635884667889891952, 0.6727913150258469921, 0.6827089692409098465, 0.6926266234559728119, 0.7025442776710357773, 0.7124619318860986317, 0.7228984436244521028, 0.7333349553628056849, 0.7542079788395126272, 0.7886117950618370953, 0.8058137031729992739, 0.8144146572285804186, 0.8187151342563709910, 0.8230156112841615634, 0.8267421749974590561, 0.8304687387107564378, 0.8379218661373513122, 0.8528281209905409499, 0.8677343758437305876, 0.8751875032703254620, 0.8789140669836228437, 0.8826406306969203364, 0.8869234134402281811, 0.8912061961835361368, 0.8997717616701519372, 0.9161540917937399664, 0.9245138514860476997, 0.9328736111783554330, 0.9382755489117504677, 0.9436774866451455024, 0.9495787466445880787, 0.9554800066440306550, 0.9620441773377375050, 0.9653262626845909855, 0.9686083480314444660, 0.9722962362012697035, 0.9759841243710948300, 0.9796720125409199564, 0.9833599007107451939, 0.9875199255330588954, 0.9916799503553725970, 1.000000000000000000 ),
 .UNSPECIFIED. ) ;
#2875 = CARTESIAN_POINT ( 'NONE',  ( 42.49898180893679012, 2.589994638392849602, -113.3476006784277530 ) ) ;
#2876 = CARTESIAN_POINT ( 'NONE',  ( 49.52994925323632458, -0.7946007050298479202, -125.8104436023612607 ) ) ;
#2877 = CARTESIAN_POINT ( 'NONE',  ( 48.89085665695091620, 2.076413142420997282, -126.8599976405587739 ) ) ;
#2878 = CARTESIAN_POINT ( 'NONE',  ( 47.80235416337402654, -0.3933839729008390962, -120.4484001447216599 ) ) ;
#2879 = CARTESIAN_POINT ( 'NONE',  ( 47.26619912352734332, -0.04585796354576406747, -116.2323177817634701 ) ) ;
#2880 = CARTESIAN_POINT ( 'NONE',  ( 11.75215824891725092, 0.9868814631461639841, -105.3542959944715136 ) ) ;
#2881 = CARTESIAN_POINT ( 'NONE',  ( -11.80034234060178200, -2.270486239376443116, -59.75799430735778373 ) ) ;
#2882 = CARTESIAN_POINT ( 'NONE',  ( -10.76782207303298833, -0.4951379386484777156, -52.46777591623722259 ) ) ;
#2883 = CARTESIAN_POINT ( 'NONE',  ( -12.57518762604737894, -0.5847529848638531869, -35.90807598429774572 ) ) ;
#2884 = CARTESIAN_POINT ( 'NONE',  ( 50.41224542487813665, 2.009351449625091490, -120.2603839610113283 ) ) ;
#2885 = CARTESIAN_POINT ( 'NONE',  ( 11.87907693596792669, -0.3157807559143055998, -107.5870031501088704 ) ) ;
#2886 = CARTESIAN_POINT ( 'NONE',  ( -0.9911848597261285754, 1.651439917014456027, -98.72365852685659604 ) ) ;
#2887 = CARTESIAN_POINT ( 'NONE',  ( 19.30954994913812328, 0.1560858154523331043, -110.0956769194412033 ) ) ;
#2888 = CARTESIAN_POINT ( 'NONE',  ( -11.57818286646173789, -0.4016797919721441512, -45.64001392936825852 ) ) ;
#2889 = CARTESIAN_POINT ( 'NONE',  ( -5.002222136888199167, -0.5301020288780268208, -11.84542782015414808 ) ) ;
#2890 = CARTESIAN_POINT ( 'NONE',  ( 50.33397049430488579, 2.703223272249656084, -127.1956187920332013 ) ) ;
#2891 = CARTESIAN_POINT ( 'NONE',  ( 39.99927607689102160, 0.1693793958678196376, -112.2702053016039940 ) ) ;
#2892 = CARTESIAN_POINT ( 'NONE',  ( -12.91864865572563126, -3.157311875460655948, -40.83567690916484594 ) ) ;
#2893 = CARTESIAN_POINT ( 'NONE',  ( 49.96518826587600870, 0.2866746527792823351, -119.4315913613791480 ) ) ;
#2894 = CARTESIAN_POINT ( 'NONE',  ( 43.03526033780102722, 0.9109233096134281560, -113.1045123290586645 ) ) ;
#2895 = CARTESIAN_POINT ( 'NONE',  ( -2.272253756201641828, 1.757830942164088972, -92.62253783668319329 ) ) ;
#2896 = CARTESIAN_POINT ( 'NONE',  ( 3.061942839086363222, 0.9846453591863669752, -99.69428014753530931 ) ) ;
#2897 = CARTESIAN_POINT ( 'NONE',  ( -11.07287968243722709, -3.693420433400632419, -57.49606572068361032 ) ) ;
#2898 = CARTESIAN_POINT ( 'NONE',  ( 15.28816982317197315, 3.001555318586563104, -107.2401183541533385 ) ) ;
#2899 = CARTESIAN_POINT ( 'NONE',  ( -7.746372747437411554, -2.094965263731642491, -66.13483000755624630 ) ) ;
#2900 = CARTESIAN_POINT ( 'NONE',  ( -2.736902038628205691, -1.708980691261351659, -90.78108580429713470 ) ) ;
#2901 = CARTESIAN_POINT ( 'NONE',  ( 24.22938351348282637, 0.7973970208376593982, -108.6175495872489165 ) ) ;
#2902 = CARTESIAN_POINT ( 'NONE',  ( 48.54661677873676240, 2.428954077488231889, -130.4688888811558627 ) ) ;
#2903 = CARTESIAN_POINT ( 'NONE',  ( 49.09070697387453919, -0.7805363925223310906, -129.2245178338510243 ) ) ;
#2904 = CARTESIAN_POINT ( 'NONE',  ( 37.00249331497059302, 2.279587285768244431, -113.7336497241187203 ) ) ;
#2905 = CARTESIAN_POINT ( 'NONE',  ( 47.47901683608428414, -0.3719446945252432024, -132.5704744554847139 ) ) ;
#2906 = CARTESIAN_POINT ( 'NONE',  ( -8.117822470852694039, -1.519028537850929617, -21.31716939449280446 ) ) ;
#2907 = CARTESIAN_POINT ( 'NONE',  ( -3.193987616333621382, 0.4092280930301096520, -95.28930853706769710 ) ) ;
#2908 = CARTESIAN_POINT ( 'NONE',  ( -6.811541177323542584, 0.5801096505542618909, -78.81987417764193538 ) ) ;
#2909 = CARTESIAN_POINT ( 'NONE',  ( -12.66181262305319422, -0.6202549800793014656, -37.65336644190033866 ) ) ;
#2910 = CARTESIAN_POINT ( 'NONE',  ( -10.91226471555499522, -0.3121346288886822640, -55.44186224167728483 ) ) ;
#2911 = CARTESIAN_POINT ( 'NONE',  ( 18.56343674368653041, -0.1595134578987931484, -109.5917335386853892 ) ) ;
#2912 = CARTESIAN_POINT ( 'NONE',  ( -10.58562406812493251, -1.357453719347271104, -68.27045235158382752 ) ) ;
#2913 = CARTESIAN_POINT ( 'NONE',  ( -12.89665506860788291, -3.184515183953994466, -43.48097721576273500 ) ) ;
#2914 = CARTESIAN_POINT ( 'NONE',  ( -2.981676239001783024, -1.309027021515446698, -94.34940003150248344 ) ) ;
#2915 = CARTESIAN_POINT ( 'NONE',  ( -2.743558816600504713, 1.661305616472952051, -91.54978781321875658 ) ) ;
#2916 = CARTESIAN_POINT ( 'NONE',  ( 49.63618589875353138, 2.729231853116810047, -120.7985616828901811 ) ) ;
#2917 = CARTESIAN_POINT ( 'NONE',  ( 50.60302141262652498, -0.1599085963946405564, -129.3981277046972025 ) ) ;
#2918 = CARTESIAN_POINT ( 'NONE',  ( 48.17875648974698066, 1.270590609328792642, -128.8135513051869623 ) ) ;
#2919 = CARTESIAN_POINT ( 'NONE',  ( 8.386802387764381805, 0.8744104022196241832, -103.8603460036257502 ) ) ;
#2920 = CARTESIAN_POINT ( 'NONE',  ( 43.59631479216407257, 0.8927085946943342787, -113.3732271093513333 ) ) ;
#2921 = CARTESIAN_POINT ( 'NONE',  ( 32.54135258976564415, 2.822663162735805642, -110.5090753117035121 ) ) ;
#2922 = CARTESIAN_POINT ( 'NONE',  ( 42.46442819569510618, 0.9299214996980841308, -112.8457745010597932 ) ) ;
#2923 = CARTESIAN_POINT ( 'NONE',  ( 15.87678802194486138, 0.04575763382690278824, -109.1837677046716522 ) ) ;
#2924 = CARTESIAN_POINT ( 'NONE',  ( 34.62181898001774982, 2.794029038295891887, -110.9660875933211344 ) ) ;
#2925 = CARTESIAN_POINT ( 'NONE',  ( 50.71804930632734454, -0.4989474996358105874, -125.1631718887210809 ) ) ;
#2926 = CARTESIAN_POINT ( 'NONE',  ( -5.761056158307760633, -2.568964995381293193, -12.08842879946385196 ) ) ;
#2927 = CARTESIAN_POINT ( 'NONE',  ( 12.78097491910458849, 1.007114849937920775, -105.7256876228273512 ) ) ;
#2928 = CARTESIAN_POINT ( 'NONE',  ( -10.73599624470787717, -3.576515956592885015, -37.77417979512062374 ) ) ;
#2929 = CARTESIAN_POINT ( 'NONE',  ( 39.50199680304039163, 2.248861161766144257, -114.4806762060946426 ) ) ;
#2930 = CARTESIAN_POINT ( 'NONE',  ( 48.02340555105979547, -0.3910329018764032716, -130.8245103508868965 ) ) ;
#2931 = CARTESIAN_POINT ( 'NONE',  ( -9.977207085202936199, -1.986190422678659084, -50.27167192346701796 ) ) ;
#2932 = CARTESIAN_POINT ( 'NONE',  ( 50.20998059370445077, 0.2786181321956365808, -119.9416126980004123 ) ) ;
#2933 = CARTESIAN_POINT ( 'NONE',  ( 50.49157942211373040, 0.2570330954765439047, -130.7812777149303258 ) ) ;
#2934 = CARTESIAN_POINT ( 'NONE',  ( -7.056619509816148827, 0.3499262515125552420, -15.11849329933220432 ) ) ;
#2935 = CARTESIAN_POINT ( 'NONE',  ( 49.67344124630034941, 2.033659371452088749, -118.7947384984069288 ) ) ;
#2936 = CARTESIAN_POINT ( 'NONE',  ( 20.88093360460701575, -0.09899629595351504274, -110.1893948928933753 ) ) ;
#2937 = CARTESIAN_POINT ( 'NONE',  ( 7.868213362720753778, 2.383757030004050481, -106.4150484032730191 ) ) ;
#2938 = CARTESIAN_POINT ( 'NONE',  ( 5.960865798268239146, -0.2602762191357939070, -105.2286865455931490 ) ) ;
#2939 = CARTESIAN_POINT ( 'NONE',  ( 47.85161643000045473, -0.4054647898521349658, -117.2874171283650497 ) ) ;
#2940 = CARTESIAN_POINT ( 'NONE',  ( -11.36869863379030576, -0.2757954291619836851, -34.32825961294918216 ) ) ;
#2941 = CARTESIAN_POINT ( 'NONE',  ( 49.49002466841047010, 2.728541803636441276, -131.3797799148114791 ) ) ;
#2942 = CARTESIAN_POINT ( 'NONE',  ( -7.108982280471453308, -2.288487025884903048, -80.73585514458754631 ) ) ;
#2943 = CARTESIAN_POINT ( 'NONE',  ( 12.78097491910458849, 1.007114849937920775, -105.7256876228273512 ) ) ;
#2944 = CARTESIAN_POINT ( 'NONE',  ( -1.475843431903955505, 0.8091915660920155906, -92.33329812615163235 ) ) ;
#2945 = CARTESIAN_POINT ( 'NONE',  ( -8.258031201216736505, -2.745219705404373212, -75.20364272310848719 ) ) ;
#2946 = CARTESIAN_POINT ( 'NONE',  ( -5.798788993232555811, -0.1311728772012414057, -78.23823874760978470 ) ) ;
#2947 = CARTESIAN_POINT ( 'NONE',  ( 46.62901477120092153, -0.01877145393457312766, -119.0523130172333879 ) ) ;
#2948 = CARTESIAN_POINT ( 'NONE',  ( 49.57105039147487702, 2.381841533353532103, -119.1285939844509016 ) ) ;
#2949 = CARTESIAN_POINT ( 'NONE',  ( 44.67774677043969689, -0.3175036307749906639, -114.7836801051348061 ) ) ;
#2950 = CARTESIAN_POINT ( 'NONE',  ( 0.9134766528357435300, -1.561397081317172697, 0.000000000000000000 ) ) ;
#2951 = CARTESIAN_POINT ( 'NONE',  ( 34.09442143475838805, 0.7416526058584080872, -110.4759911546324957 ) ) ;
#2952 = CARTESIAN_POINT ( 'NONE',  ( -1.640034587298715651, 1.153312824636867795, -98.08295556595273013 ) ) ;
#2953 = CARTESIAN_POINT ( 'NONE',  ( 18.61141097203835670, -0.3210523906205952627, -108.4801189577590748 ) ) ;
#2954 = CARTESIAN_POINT ( 'NONE',  ( -13.09522837533986994, -2.679810413575774319, -38.23655410481296002 ) ) ;
#2955 = CARTESIAN_POINT ( 'NONE',  ( 38.97047230364653814, -0.2305184986755940690, -114.1621073202058483 ) ) ;
#2956 = CARTESIAN_POINT ( 'NONE',  ( 48.02789296882877323, -0.06868168368476809671, -116.9719905362831156 ) ) ;
#2957 = CARTESIAN_POINT ( 'NONE',  ( 46.99788660178221278, 1.728340634903847484, -133.5250478630010207 ) ) ;
#2958 = CARTESIAN_POINT ( 'NONE',  ( -13.18499470841987886, -2.295892006114687689, -43.52447574240878225 ) ) ;
#2959 = CARTESIAN_POINT ( 'NONE',  ( 51.24241632700695703, 1.134894896138277653, -128.5851228184642423 ) ) ;
#2960 = CARTESIAN_POINT ( 'NONE',  ( 34.42894446563512645, 1.651450898321852323, -110.3671306573328792 ) ) ;
#2961 = CARTESIAN_POINT ( 'NONE',  ( 48.51140496213798770, -0.4081110672165705888, -128.8082919206900101 ) ) ;
#2962 = CARTESIAN_POINT ( 'NONE',  ( 17.72469883522051148, 2.647512423212628363, -109.6555879131885121 ) ) ;
#2963 = CARTESIAN_POINT ( 'NONE',  ( 31.20888815246868830, 0.2183319181051856517, -112.5022643002570959 ) ) ;
#2964 = CARTESIAN_POINT ( 'NONE',  ( 44.67774677043969689, -0.3175036307749906639, -114.7836801051348061 ) ) ;
#2965 = CARTESIAN_POINT ( 'NONE',  ( -7.503155734780658115, 0.5253874168670672473, -15.23453084364129673 ) ) ;
#2966 = CARTESIAN_POINT ( 'NONE',  ( 50.10161676187937729, 2.709759249910897783, -128.7910510896277856 ) ) ;
#2967 = CARTESIAN_POINT ( 'NONE',  ( 46.96050245242557253, 1.314644816721250109, -133.0441877812837959 ) ) ;
#2968 = CARTESIAN_POINT ( 'NONE',  ( 42.40827537485897381, 0.5123574925463524332, -113.0253849412755756 ) ) ;
#2969 = CARTESIAN_POINT ( 'NONE',  ( -10.14921149512717058, -1.069613808881941353, -52.09801008459826477 ) ) ;
#2970 = CARTESIAN_POINT ( 'NONE',  ( -4.513677536769193921, -0.9335623830183583660, -91.70327574865542886 ) ) ;
#2971 = CARTESIAN_POINT ( 'NONE',  ( 10.24392267919809640, 1.394013375322318282, -104.6660645821071114 ) ) ;
#2972 = CARTESIAN_POINT ( 'NONE',  ( 48.64277969096966814, -0.06813126441874246819, -125.8885026142906298 ) ) ;
#2973 = CARTESIAN_POINT ( 'NONE',  ( 50.63028612430737496, 2.346546166098075314, -121.6982591783962704 ) ) ;
#2974 = CARTESIAN_POINT ( 'NONE',  ( 50.37298584667918533, -0.4911423764725812435, -128.7897015162093624 ) ) ;
#2975 = CARTESIAN_POINT ( 'NONE',  ( 45.41404874210753917, -0.6811613531384780318, -116.1785410765617002 ) ) ;
#2976 = CARTESIAN_POINT ( 'NONE',  ( -6.206342544439849007, -0.7287709473968810858, -14.93318684311343247 ) ) ;
#2977 = CARTESIAN_POINT ( 'NONE',  ( 50.63028612430737496, 2.346546166098075314, -121.6982591783962704 ) ) ;
#2978 = CARTESIAN_POINT ( 'NONE',  ( 17.80795290712353207, 2.248894096707445556, -109.9321469237698068 ) ) ;
#2979 = CARTESIAN_POINT ( 'NONE',  ( 47.70812613916631051, 1.287696601697163601, -130.7302686457289838 ) ) ;
#2980 = CARTESIAN_POINT ( 'NONE',  ( -8.558151905074298682, -3.099985095175918470, -63.24090033837855174 ) ) ;
#2981 = CARTESIAN_POINT ( 'NONE',  ( -9.232012964679672251, -2.547452090365514898, -72.57848969609499079 ) ) ;
#2982 = CARTESIAN_POINT ( 'NONE',  ( 9.147492461719679113, -0.5676677812371063725, -105.6874649815684961 ) ) ;
#2983 = CARTESIAN_POINT ( 'NONE',  ( 44.28872286953500037, 0.03660879278734376074, -114.1704107612247441 ) ) ;
#2984 = CARTESIAN_POINT ( 'NONE',  ( 43.57742342655408407, 1.781892135843643254, -116.4816669647009633 ) ) ;
#2985 = CARTESIAN_POINT ( 'NONE',  ( -10.26837169866143284, -0.3762946710246129478, -57.85468574666212760 ) ) ;
#2986 = CARTESIAN_POINT ( 'NONE',  ( -9.831684903260237363, -1.291280704996348172, -72.41133201627494032 ) ) ;
#2987 = CARTESIAN_POINT ( 'NONE',  ( 51.46330113486666846, 1.130149511110621230, -126.8695253396255396 ) ) ;
#2988 = CARTESIAN_POINT ( 'NONE',  ( -11.03414188500228299, -3.868798699495798132, -45.89663631186267878 ) ) ;
#2989 = CARTESIAN_POINT ( 'NONE',  ( 49.29740281937923640, 2.403092250470002522, -125.0763338897790931 ) ) ;
#2990 = CARTESIAN_POINT ( 'NONE',  ( 11.98710562957535686, -0.04223606159740074528, -107.9829525838868278 ) ) ;
#2991 = CARTESIAN_POINT ( 'NONE',  ( 32.77852107544706683, -0.03213971563961996736, -110.6717091742300170 ) ) ;
#2992 = CARTESIAN_POINT ( 'NONE',  ( -0.1831892122513046339, 2.128075118645860631, -96.74553969270935738 ) ) ;
#2993 = CARTESIAN_POINT ( 'NONE',  ( 33.09657452679785195, 3.096350428904198981, -111.7485096155041475 ) ) ;
#2994 = CARTESIAN_POINT ( 'NONE',  ( -12.76454306921823090, -3.057698609811142276, -35.53203080778372680 ) ) ;
#2995 = DIRECTION ( 'NONE',  ( 1.000000000000000000, 0.000000000000000000, 0.000000000000000000 ) ) ;
#2996 = CARTESIAN_POINT ( 'NONE',  ( 7.069243327520652542, 1.747271134806829274, -103.1198702598971266 ) ) ;
#2997 = CARTESIAN_POINT ( 'NONE',  ( 48.30253079260494786, 0.7558717869834147285, -116.6794587567191002 ) ) ;
#2998 = CARTESIAN_POINT ( 'NONE',  ( 36.64151843899589522, 0.1250049205121515905, -113.7327557868911612 ) ) ;
#2999 = CARTESIAN_POINT ( 'NONE',  ( 49.84905939260393382, 2.723249264178893903, -127.8070354298656781 ) ) ;
#3000 = CARTESIAN_POINT ( 'NONE',  ( 34.86678980813664452, 2.789779775643725035, -111.0220106168161038 ) ) ;
#3001 = CARTESIAN_POINT ( 'NONE',  ( 49.03439577512821756, -0.4414903048765478899, -118.8990494227193579 ) ) ;
#3002 = CARTESIAN_POINT ( 'NONE',  ( 48.56281272279149874, -0.7681488118202699500, -119.6147182120000565 ) ) ;
#3003 = CARTESIAN_POINT ( 'NONE',  ( 50.53292299807246479, 0.2676195802126086765, -120.7626806924332499 ) ) ;
#3004 = CARTESIAN_POINT ( 'NONE',  ( 50.90138615092568131, 2.330624528098255155, -127.9748118391847669 ) ) ;
#3005 = CARTESIAN_POINT ( 'NONE',  ( -4.333037497638215108, 0.5462185025524821658, -92.62084498544652433 ) ) ;
#3006 = CARTESIAN_POINT ( 'NONE',  ( 47.40066775744939775, 1.298808134804400272, -131.7478797723978801 ) ) ;
#3007 = CARTESIAN_POINT ( 'NONE',  ( 18.04328897040502255, -0.3205890036741718685, -108.3212247168178237 ) ) ;
#3008 = CARTESIAN_POINT ( 'NONE',  ( 47.74833969282769175, 2.116790567184747118, -131.9963153760728289 ) ) ;
#3009 = CARTESIAN_POINT ( 'NONE',  ( -5.523142443890719733, -2.422549486413883013, -79.26952180702960504 ) ) ;
#3010 = CARTESIAN_POINT ( 'NONE',  ( -4.928091361280392491, -0.4936995363268679160, -81.01458454082690253 ) ) ;
#3011 = CARTESIAN_POINT ( 'NONE',  ( 49.13465994795904379, 0.3133217461270185189, -118.0650153294302527 ) ) ;
#3012 = CARTESIAN_POINT ( 'NONE',  ( 22.55229753357454570, 1.979122359407673670, -110.9716253661967471 ) ) ;
#3013 = CARTESIAN_POINT ( 'NONE',  ( 48.45666048493796296, 2.072238960557609921, -117.0815271570823057 ) ) ;
#3014 = CARTESIAN_POINT ( 'NONE',  ( 45.24576323521241505, 1.330085456355707407, -114.2239624387512720 ) ) ;
#3015 = APPROVAL ( #1364, 'Î´Ö¸¶¨' ) ;
#3016 = CARTESIAN_POINT ( 'NONE',  ( 48.24419307349542407, -0.3987563434221212399, -129.9957355177550085 ) ) ;
#3017 = CARTESIAN_POINT ( 'NONE',  ( 48.67711089974974215, 2.080164696787849987, -122.5652647444409098 ) ) ;
#3018 = CARTESIAN_POINT ( 'NONE',  ( 49.28013076170902451, 2.403871469828868346, -126.0556505462569987 ) ) ;
#3019 = CARTESIAN_POINT ( 'NONE',  ( 46.62901477120092153, -0.01877145393457312766, -119.0523130172333879 ) ) ;
#3020 = CARTESIAN_POINT ( 'NONE',  ( -1.643651348864022976, 0.2503616224534093715, -98.25422896942437490 ) ) ;
#3021 = CARTESIAN_POINT ( 'NONE',  ( 50.14084735979371032, -0.4844076826465685826, -129.9091586763553323 ) ) ;
#3022 = CARTESIAN_POINT ( 'NONE',  ( -1.576319787214613966, -0.1565040201389441832, -91.84833584270646156 ) ) ;
#3023 = CARTESIAN_POINT ( 'NONE',  ( -2.285306699254362695, 1.920262484525423918, -95.26612295999463242 ) ) ;
#3024 = CARTESIAN_POINT ( 'NONE',  ( 34.70464698776078194, 0.9721852572178372176, -113.5046568426597844 ) ) ;
#3025 = CARTESIAN_POINT ( 'NONE',  ( -10.30431564477938444, -1.991937997861535692, -38.93380526024155586 ) ) ;
#3026 = CARTESIAN_POINT ( 'NONE',  ( 50.36661537409275979, 0.6745001496581550793, -132.0047647963771738 ) ) ;
#3027 = CARTESIAN_POINT ( 'NONE',  ( -2.238652929487266352, 0.3783299301964119232, -5.811027850637538350 ) ) ;
#3028 = CARTESIAN_POINT ( 'NONE',  ( 17.57473894592166985, 0.09691033824008354891, -109.6475012841567889 ) ) ;
#3029 = CARTESIAN_POINT ( 'NONE',  ( -13.17707256689275219, -1.352163965947122071, -40.70816735806282338 ) ) ;
#3030 = CARTESIAN_POINT ( 'NONE',  ( -11.00601613247787292, -0.03580099096010675580, -25.39459893861023332 ) ) ;
#3031 = CARTESIAN_POINT ( 'NONE',  ( 50.15533799463590015, -0.4775449746070226653, -121.3660548813246152 ) ) ;
#3032 = CARTESIAN_POINT ( 'NONE',  ( 13.62392789100857016, -0.3537975633018169419, -106.9857378044079468 ) ) ;
#3033 = CARTESIAN_POINT ( 'NONE',  ( 51.08012168079149973, 0.2410458902583342000, -127.8494754050276185 ) ) ;
#3034 = CARTESIAN_POINT ( 'NONE',  ( 51.05309699105448118, 2.327321703379156226, -126.5458422353919161 ) ) ;
#3035 = CARTESIAN_POINT ( 'NONE',  ( 32.96507743548532687, 2.350555415167681517, -112.7599762218784605 ) ) ;
#3036 = CARTESIAN_POINT ( 'NONE',  ( 7.203601519725286728, -0.5510373902454068773, -104.2349433610304743 ) ) ;
#3037 = CARTESIAN_POINT ( 'NONE',  ( -1.395084786346913353, -1.526894431396895957, -95.16123213827921745 ) ) ;
#3038 = CARTESIAN_POINT ( 'NONE',  ( -0.7673121840789832726, -0.01085720922289879278, -93.72186023211587269 ) ) ;
#3039 = CALENDAR_DATE ( 2026, 26, 7 ) ;
#3040 = CARTESIAN_POINT ( 'NONE',  ( 46.93971602591687287, 1.709519281198806029, -119.2860075868083527 ) ) ;
#3041 = CARTESIAN_POINT ( 'NONE',  ( 50.41224542487813665, 2.009351449625091490, -120.2603839610113283 ) ) ;
#3042 = CARTESIAN_POINT ( 'NONE',  ( -5.852391143077593227, 0.5546256618676091987, -11.99597135150130711 ) ) ;
#3043 = CARTESIAN_POINT ( 'NONE',  ( -10.01458512850629567, -3.703989613027072192, -56.59795957647557429 ) ) ;
#3044 = CARTESIAN_POINT ( 'NONE',  ( 48.55871758856514475, 2.088321886357443979, -128.9740770241791097 ) ) ;
#3045 = CARTESIAN_POINT ( 'NONE',  ( -1.750000000000000000, 0.4581489286485118106, 0.000000000000000000 ) ) ;
#3046 = CARTESIAN_POINT ( 'NONE',  ( -11.53741226695546551, -3.738160588203359502, -32.43055197148252944 ) ) ;
#3047 = CARTESIAN_POINT ( 'NONE',  ( -4.653351451769655256, -0.4757818564522897087, -91.78689938132282577 ) ) ;
#3048 = CARTESIAN_POINT ( 'NONE',  ( 50.56987259524164102, -0.4964378467787310956, -127.5175365271512788 ) ) ;
#3049 = CARTESIAN_POINT ( 'NONE',  ( 3.068031628774105624, 0.5353011286389056655, -99.78181211679694229 ) ) ;
#3050 = CARTESIAN_POINT ( 'NONE',  ( 34.02236082096393943, 3.081198002336885455, -111.9564393745271929 ) ) ;
#3051 = CARTESIAN_POINT ( 'NONE',  ( 5.964218192393451190, 0.5018930040237877810, -105.7381280410785536 ) ) ;
#3052 = CARTESIAN_POINT ( 'NONE',  ( 50.98057385969629962, 0.2434955792737334979, -128.5022916388665521 ) ) ;
#3053 = CARTESIAN_POINT ( 'NONE',  ( -9.878011608822621525, -0.9169662788880108550, -29.60522645168400402 ) ) ;
#3054 = CARTESIAN_POINT ( 'NONE',  ( 35.14765600871983509, 2.457648557995005145, -110.8009376195052198 ) ) ;
#3055 = CARTESIAN_POINT ( 'NONE',  ( -10.38458580777152207, -1.037108422582608602, -34.67287767637939311 ) ) ;
#3056 = CARTESIAN_POINT ( 'NONE',  ( 47.72870764491558759, -0.03452669054276730903, -130.9946800175469264 ) ) ;
#3057 = CARTESIAN_POINT ( 'NONE',  ( 49.31845595586474218, 2.739861366494235728, -130.4536190177315689 ) ) ;
#3058 = CARTESIAN_POINT ( 'NONE',  ( 50.26040299495871722, 2.348595001503142043, -131.0607189941414674 ) ) ;
#3059 = CARTESIAN_POINT ( 'NONE',  ( -7.826459686235136992, -1.631020859334480377, -65.98347654278451557 ) ) ;
#3060 = CARTESIAN_POINT ( 'NONE',  ( 16.91683963823695080, -0.3223760776824219909, -107.9971886557446510 ) ) ;
#3061 = CARTESIAN_POINT ( 'NONE',  ( 36.15795078476838142, 0.7008262422078517240, -110.9614911658944294 ) ) ;
#3062 = CARTESIAN_POINT ( 'NONE',  ( 50.97358451402990909, 2.333712168060636749, -123.3877751716250515 ) ) ;
#3063 = CARTESIAN_POINT ( 'NONE',  ( -2.445574162944355923, 1.013909113691971120, -96.66588348929829522 ) ) ;
#3064 = CARTESIAN_POINT ( 'NONE',  ( 27.63701108219721192, 1.109553945701875932, -112.0862413685052132 ) ) ;
#3065 = CARTESIAN_POINT ( 'NONE',  ( 48.31824557288105382, 1.259633586767209046, -122.7598335704399801 ) ) ;
#3066 = CARTESIAN_POINT ( 'NONE',  ( 29.48396701696978184, -0.3869040570572653270, -110.7875276027639870 ) ) ;
#3067 = CARTESIAN_POINT ( 'NONE',  ( -11.12579527475507213, -3.851155849637115658, -42.37750771005428874 ) ) ;
#3068 = PERSON_AND_ORGANIZATION ( #2755, #4374 ) ;
#3069 = CARTESIAN_POINT ( 'NONE',  ( 44.17677610163285351, 1.772720917295677046, -116.8503746577770954 ) ) ;
#3070 = CARTESIAN_POINT ( 'NONE',  ( 5.829993374306819298, 2.444147906968681561, -102.8269524843659752 ) ) ;
#3071 = CARTESIAN_POINT ( 'NONE',  ( 5.008018104644540003, 2.240750755982170439, -104.8158443915831981 ) ) ;
#3072 = CARTESIAN_POINT ( 'NONE',  ( 50.47547094073718910, 1.171594226736398348, -119.8942648068059498 ) ) ;
#3073 = CARTESIAN_POINT ( 'NONE',  ( 48.70459333432239646, -0.4149609244768571181, -127.6861375285287323 ) ) ;
#3074 = CARTESIAN_POINT ( 'NONE',  ( 48.12483164015142023, 2.103544755097182861, -130.7492071282131292 ) ) ;
#3075 = CARTESIAN_POINT ( 'NONE',  ( 48.52188658314785386, 2.425080090148910017, -121.0486726027556585 ) ) ;
#3076 = CARTESIAN_POINT ( 'NONE',  ( 48.19039623417359053, -0.05102134667893402226, -129.1940120195378086 ) ) ;
#3077 = CARTESIAN_POINT ( 'NONE',  ( -3.432149496497413299, -0.09895984615689849828, -94.85596703623782844 ) ) ;
#3078 = CARTESIAN_POINT ( 'NONE',  ( 49.75995011965146375, -0.4644152999931698833, -120.2822043365145959 ) ) ;
#3079 = CARTESIAN_POINT ( 'NONE',  ( -10.04328832389667170, -1.908309543891474336, -33.78760834359258780 ) ) ;
#3080 = CARTESIAN_POINT ( 'NONE',  ( 10.80126992933626262, 2.996055239782806634, -106.9985966537662563 ) ) ;
#3081 = CARTESIAN_POINT ( 'NONE',  ( 27.63701108219721192, 1.109553945701875932, -112.0862413685052132 ) ) ;
#3082 = CARTESIAN_POINT ( 'NONE',  ( -10.24913333787677594, -1.968756632638153148, -37.21486543824435955 ) ) ;
#3083 = CARTESIAN_POINT ( 'NONE',  ( 12.95995312445342584, 2.703762417259679030, -106.2111023809398063 ) ) ;
#3084 = CARTESIAN_POINT ( 'NONE',  ( 1.561397081317172475, 0.9134766528357440851, 0.000000000000000000 ) ) ;
#3085 = CARTESIAN_POINT ( 'NONE',  ( -3.398581198600582276, -1.720883314616013404, -92.24474240116879287 ) ) ;
#3086 = CARTESIAN_POINT ( 'NONE',  ( -12.12663809140319238, -1.365464689016251176, -57.74602319651795312 ) ) ;
#3087 = CARTESIAN_POINT ( 'NONE',  ( -9.063917979563489880, -0.06510800785384393552, -74.36165947099139828 ) ) ;
#3088 = CARTESIAN_POINT ( 'NONE',  ( -10.25393060041533211, -2.454415390627539217, -39.81026275101087464 ) ) ;
#3089 = CARTESIAN_POINT ( 'NONE',  ( 33.26275408450886317, -0.4291837442502281497, -111.5081854715477192 ) ) ;
#3090 = CARTESIAN_POINT ( 'NONE',  ( 51.20269256271518543, 0.2423817966478294117, -123.8439808219394678 ) ) ;
#3091 = CARTESIAN_POINT ( 'NONE',  ( 18.46281929352190687, 3.211366847061425833, -108.6878975079843883 ) ) ;
#3092 = CARTESIAN_POINT ( 'NONE',  ( 48.45338437556116418, 0.7720190051336822679, -124.1537070340488924 ) ) ;
#3093 = CARTESIAN_POINT ( 'NONE',  ( 48.37076745353697049, 1.263459850189407874, -127.7400213067992922 ) ) ;
#3094 = CARTESIAN_POINT ( 'NONE',  ( -6.334012653512242963, -2.105060189972653983, -15.03465580894352804 ) ) ;
#3095 = CARTESIAN_POINT ( 'NONE',  ( 5.924748795432821957, -0.7137373236877645466, -103.9195144121732710 ) ) ;
#3096 = CARTESIAN_POINT ( 'NONE',  ( -8.030208837100341057, -1.219184126744400576, -65.96535740673270709 ) ) ;
#3097 = MECHANICAL_CONTEXT ( 'NONE', #2742, 'mechanical' ) ;
#3098 = CARTESIAN_POINT ( 'NONE',  ( 31.56110638747851382, 1.953021644311608407, -112.6305318291212956 ) ) ;
#3099 = CARTESIAN_POINT ( 'NONE',  ( 35.43861645035209307, 1.447512074252184089, -113.6624277685230879 ) ) ;
#3100 = CARTESIAN_POINT ( 'NONE',  ( 40.38842326959404261, 2.318160344164585940, -112.2449136710646229 ) ) ;
#3101 = CARTESIAN_POINT ( 'NONE',  ( 15.40730865439840080, 2.588004292213815560, -109.1236640883335554 ) ) ;
#3102 = CARTESIAN_POINT ( 'NONE',  ( -9.449574376671886711, -0.1184052832161458235, -65.12301401895628317 ) ) ;
#3103 = CARTESIAN_POINT ( 'NONE',  ( 7.253308064083715756, -0.6462002274794554912, -104.7160248375025446 ) ) ;
#3104 = CARTESIAN_POINT ( 'NONE',  ( 48.95028574252366838, 2.415191521946471909, -128.7057728484119821 ) ) ;
#3105 = CARTESIAN_POINT ( 'NONE',  ( 50.71325814210281635, 0.2507299887115630455, -129.8649900582143459 ) ) ;
#3106 = CARTESIAN_POINT ( 'NONE',  ( -2.493548922555989034, -2.042192776512176344, -2.993958008368944324 ) ) ;
#3107 = CARTESIAN_POINT ( 'NONE',  ( -11.15353572442318608, -2.694208701339634082, -62.97865729180225713 ) ) ;
#3108 = UNCERTAINTY_MEASURE_WITH_UNIT (LENGTH_MEASURE( 1.000000000000000082E-05 ), #2542, 'distance_accuracy_value', 'NONE');
#3109 = CARTESIAN_POINT ( 'NONE',  ( -10.04785816618214156, -2.377608348613604594, -34.66739658509840893 ) ) ;
#3110 = CARTESIAN_POINT ( 'NONE',  ( -2.039463500117077555, -0.5337211334530755913, -5.803694117170546285 ) ) ;
#3111 = CARTESIAN_POINT ( 'NONE',  ( 40.78661031948849569, 2.969602252020410393, -113.3991050604427926 ) ) ;
#3112 = CARTESIAN_POINT ( 'NONE',  ( 21.00188673594986000, 3.169407168189969148, -109.5432061978231388 ) ) ;
#3113 = CARTESIAN_POINT ( 'NONE',  ( 46.71934350494213817, 0.8137713206253345266, -119.4251811794778462 ) ) ;
#3114 = CARTESIAN_POINT ( 'NONE',  ( -8.250633916279891622, -1.318970368663073600, -64.60713987822086324 ) ) ;
#3115 = CARTESIAN_POINT ( 'NONE',  ( 43.51538040512391348, 2.216399418100005736, -113.5256147557781361 ) ) ;
#3116 = CARTESIAN_POINT ( 'NONE',  ( 51.28827991861276558, 0.6491741603890411882, -127.8472185855188457 ) ) ;
#3117 = CARTESIAN_POINT ( 'NONE',  ( -11.26157404935901241, -0.7573833030493236640, -22.47809502468070519 ) ) ;
#3118 = CARTESIAN_POINT ( 'NONE',  ( -12.22686764401318626, -0.4731033356492798103, -47.96998813805178941 ) ) ;
#3119 = CARTESIAN_POINT ( 'NONE',  ( -2.201405948031959436, -0.7034512784951250097, -90.24049489699936544 ) ) ;
#3120 = CARTESIAN_POINT ( 'NONE',  ( -12.98307175092795873, -2.621937782841725184, -35.59769126283722329 ) ) ;
#3121 = CARTESIAN_POINT ( 'NONE',  ( -10.09039728997069574, -2.824813921114671444, -33.94417342677627403 ) ) ;
#3122 = CARTESIAN_POINT ( 'NONE',  ( -3.544182140470054865, 0.04172443653745165626, -86.30708389435268657 ) ) ;
#3123 = CARTESIAN_POINT ( 'NONE',  ( -11.50482456192441205, -0.4117630267149904877, -56.95145282881085080 ) ) ;
#3124 = CARTESIAN_POINT ( 'NONE',  ( 48.37035256499902403, 2.434974568328077460, -131.1060282529676897 ) ) ;
#3125 = CARTESIAN_POINT ( 'NONE',  ( 48.38039830437944033, 0.7775104957518195192, -127.1561137480184129 ) ) ;
#3126 = CARTESIAN_POINT ( 'NONE',  ( 45.41404874210753917, -0.6811613531384780318, -116.1785410765617002 ) ) ;
#3127 = CARTESIAN_POINT ( 'NONE',  ( 34.11001349047456443, -0.4670844096548391056, -112.1128440754916369 ) ) ;
#3128 = CARTESIAN_POINT ( 'NONE',  ( 9.798016907479865978, 0.9285785864332712913, -104.5496455952844173 ) ) ;
#3129 = APPROVAL_DATE_TIME ( #5264, #3015 ) ;
#3130 = CARTESIAN_POINT ( 'NONE',  ( 48.66384805319909646, 1.665756638787730948, -123.5991811011153771 ) ) ;
#3131 = CARTESIAN_POINT ( 'NONE',  ( 37.40217461749665517, 1.420882530108428021, -114.1835732051748380 ) ) ;
#3132 = CARTESIAN_POINT ( 'NONE',  ( 14.57876185850176931, 2.721208236176900108, -106.7049701602662424 ) ) ;
#3133 = CARTESIAN_POINT ( 'NONE',  ( -11.21824928121496079, -0.5155651711515658597, -39.28917391446633900 ) ) ;
#3134 = CARTESIAN_POINT ( 'NONE',  ( 1.546161765731141280, -1.078330990333883577, -99.87606548124162487 ) ) ;
#3135 = CARTESIAN_POINT ( 'NONE',  ( 43.63957352953588753, 2.198663986881596255, -116.3020475131302902 ) ) ;
#3136 = CARTESIAN_POINT ( 'NONE',  ( -1.640034587298715651, 1.153312824636867795, -98.08295556595273013 ) ) ;
#3137 = CARTESIAN_POINT ( 'NONE',  ( 40.03447026128765884, 0.5907132250881602653, -112.0947883610983951 ) ) ;
#3138 = CARTESIAN_POINT ( 'NONE',  ( 1.291513014660644387, -0.9143394324826670250, -100.7412844174419604 ) ) ;
#3139 = CARTESIAN_POINT ( 'NONE',  ( -9.358975080035058625, -2.283151988055384329, -55.64473995251051264 ) ) ;
#3140 = CARTESIAN_POINT ( 'NONE',  ( -8.938294617425395217, -1.632744006480919330, -59.88408617124116518 ) ) ;
#3141 = CARTESIAN_POINT ( 'NONE',  ( 50.06286586937844163, 2.710902280695695055, -128.9976544467401993 ) ) ;
#3142 = CARTESIAN_POINT ( 'NONE',  ( 45.51047123651335369, 2.848580000644675980, -116.2661865179107679 ) ) ;
#3143 = CARTESIAN_POINT ( 'NONE',  ( 33.34240075234049527, 0.9989207899320912132, -113.1965510379922932 ) ) ;
#3144 = CARTESIAN_POINT ( 'NONE',  ( 33.62879309628770130, 0.7486930443424599790, -110.3742948942583126 ) ) ;
#3145 = CARTESIAN_POINT ( 'NONE',  ( 1.060570803943655882, 2.015276833934069867, -98.02453398336143664 ) ) ;
#3146 = CARTESIAN_POINT ( 'NONE',  ( -1.998239502961913105, 0.7183001936568448320, -91.07375522803060619 ) ) ;
#3147 = CARTESIAN_POINT ( 'NONE',  ( 16.90377820505060669, 3.119148973921471946, -108.8036090878483719 ) ) ;
#3148 = CARTESIAN_POINT ( 'NONE',  ( -12.38134083920590278, -0.4380685936715783546, -40.03738358600924130 ) ) ;
#3149 = CARTESIAN_POINT ( 'NONE',  ( -7.083173298030390974, -1.325208833122960561, -70.05782044053469804 ) ) ;
#3150 = CARTESIAN_POINT ( 'NONE',  ( -1.066485622259661037, 0.3348509107959272701, -99.15013865947332761 ) ) ;
#3151 = CARTESIAN_POINT ( 'NONE',  ( -10.28207598697965608, -2.885752834554431434, -37.37957336253616347 ) ) ;
#3152 = CARTESIAN_POINT ( 'NONE',  ( 11.22915996488412738, 1.423822095842569802, -105.0733274267262658 ) ) ;
#3153 = CARTESIAN_POINT ( 'NONE',  ( 5.866110377135899334, 2.897609011523037292, -104.1361246178076527 ) ) ;
#3154 = CC_DESIGN_APPROVAL ( #3015, ( #2437 ) ) ;
#3155 = CARTESIAN_POINT ( 'NONE',  ( 48.30935715077014692, 0.7802727452198735536, -127.6648275808704227 ) ) ;
#3156 = CARTESIAN_POINT ( 'NONE',  ( 49.95013862149847483, -0.8122904772589303324, -125.5532280584187532 ) ) ;
#3157 = CARTESIAN_POINT ( 'NONE',  ( 34.80476154694753887, -0.4775229698424302560, -112.2736665383145436 ) ) ;
#3158 = CARTESIAN_POINT ( 'NONE',  ( 16.02237681074210940, 1.011617516694614416, -106.7285285609734444 ) ) ;
#3159 = COORDINATED_UNIVERSAL_TIME_OFFSET ( 8, 0, .AHEAD. ) ;
#3160 = CARTESIAN_POINT ( 'NONE',  ( -8.117822470852694039, -1.519028537850929617, -21.31716939449280446 ) ) ;
#3161 = CARTESIAN_POINT ( 'NONE',  ( 45.97702334294147164, 1.317020149373986371, -118.5235719454359753 ) ) ;
#3162 = CARTESIAN_POINT ( 'NONE',  ( 51.18983947799770817, 1.981149102433359399, -123.1196040063804418 ) ) ;
#3163 = CARTESIAN_POINT ( 'NONE',  ( -11.01950126748654668, -0.4462548265621968380, -34.96418469107393889 ) ) ;
#3164 = CARTESIAN_POINT ( 'NONE',  ( 40.26142114607181099, -0.5684694750179509759, -113.9199074102111382 ) ) ;
#3165 = CARTESIAN_POINT ( 'NONE',  ( 12.66870727980748867, 2.115333292301680324, -108.5743100395106637 ) ) ;
#3166 = CARTESIAN_POINT ( 'NONE',  ( -0.9909631719075564504, -0.1452496597472775208, -99.06510226715592182 ) ) ;
#3167 = CARTESIAN_POINT ( 'NONE',  ( 51.23366998295847452, 0.2408776051271357688, -124.2367861301592029 ) ) ;
#3168 = CARTESIAN_POINT ( 'NONE',  ( 30.06337059372510367, -0.09380412558397471789, -112.0129807534236051 ) ) ;
#3169 = CARTESIAN_POINT ( 'NONE',  ( 16.57844079662120507, 0.5563613150516052430, -106.9842462753747583 ) ) ;
#3170 = CARTESIAN_POINT ( 'NONE',  ( 44.36709226851766630, 0.4518069750218965397, -113.9932141400636425 ) ) ;
#3171 = CARTESIAN_POINT ( 'NONE',  ( 26.28763203893662137, 1.698979149806887134, -108.7716984364724766 ) ) ;
#3172 = CARTESIAN_POINT ( 'NONE',  ( 48.22371842358216298, 2.772526693651927499, -118.2580961135226687 ) ) ;
#3173 = CARTESIAN_POINT ( 'NONE',  ( 49.89883562601392697, 2.721770696823091917, -127.4263396402899104 ) ) ;
#3174 = CARTESIAN_POINT ( 'NONE',  ( -12.24272395241628608, -3.704325259212625898, -37.86638387902176817 ) ) ;
#3175 = CARTESIAN_POINT ( 'NONE',  ( 0.2583638317939046525, 1.116377257679506130, -95.90666864116461454 ) ) ;
#3176 = CARTESIAN_POINT ( 'NONE',  ( 46.44895229640204093, 2.823834409817539193, -117.0105261116224966 ) ) ;
#3177 = CARTESIAN_POINT ( 'NONE',  ( -1.073441303940510849, 2.206361142006318055, -96.69518406742203354 ) ) ;
#3178 = CARTESIAN_POINT ( 'NONE',  ( -9.018299751477297121, -2.158757244602575565, -58.34652158740475869 ) ) ;
#3179 = CARTESIAN_POINT ( 'NONE',  ( 19.01108791544758958, 1.407467319813188178, -110.4088707851917377 ) ) ;
#3180 = CARTESIAN_POINT ( 'NONE',  ( -3.780125060588014119, -1.285532263626557592, -85.27860331701691621 ) ) ;
#3181 = CARTESIAN_POINT ( 'NONE',  ( 3.708619876410147231, 1.044526391915897578, -100.3869291047178507 ) ) ;
#3182 = CARTESIAN_POINT ( 'NONE',  ( 0.6179865318444113242, 2.441390198621514962, -99.26546093211871380 ) ) ;
#3183 = CARTESIAN_POINT ( 'NONE',  ( 48.11417580363320212, 2.443793781342917804, -131.9501210415821220 ) ) ;
#3184 = CARTESIAN_POINT ( 'NONE',  ( 44.90236035748601751, 0.8564875393196093034, -117.6691587655475644 ) ) ;
#3185 = CARTESIAN_POINT ( 'NONE',  ( 44.18398075545114523, -0.6499967752442220581, -115.3683453979851095 ) ) ;
#3186 = CARTESIAN_POINT ( 'NONE',  ( 49.52994925323632458, -0.7946007050298479202, -125.8104436023612607 ) ) ;
#3187 = CARTESIAN_POINT ( 'NONE',  ( -0.1205921073151395018, 0.1058316275550676977, -95.06293216412332470 ) ) ;
#3188 = CARTESIAN_POINT ( 'NONE',  ( -10.19906926676052805, -2.026364945833667885, -46.74441560287895214 ) ) ;
#3189 = CARTESIAN_POINT ( 'NONE',  ( 34.10681999584413404, 1.471635599573153153, -113.3467417745192449 ) ) ;
#3190 = CARTESIAN_POINT ( 'NONE',  ( 5.924748795432821957, -0.7137373236877645466, -103.9195144121732710 ) ) ;
#3191 = CARTESIAN_POINT ( 'NONE',  ( -2.702397615113298457, 0.9652037980696273056, -96.18485653073867070 ) ) ;
#3192 = CARTESIAN_POINT ( 'NONE',  ( 36.15795078476838142, 0.7008262422078517240, -110.9614911658944294 ) ) ;
#3193 = CARTESIAN_POINT ( 'NONE',  ( 14.04764909635099990, -0.2691109941823245366, -108.3025718638142081 ) ) ;
#3194 = CARTESIAN_POINT ( 'NONE',  ( 37.46957043579156732, 0.2426545387809816712, -111.4770726312899143 ) ) ;
#3195 = CARTESIAN_POINT ( 'NONE',  ( 38.35508439278043369, 0.6426903815107997131, -111.5564858567287843 ) ) ;
#3196 = CARTESIAN_POINT ( 'NONE',  ( 45.92892994139269547, 1.310828435861481012, -114.6569290371723326 ) ) ;
#3197 = CARTESIAN_POINT ( 'NONE',  ( 49.97876347740347569, 2.713415843659984006, -129.4157674909274078 ) ) ;
#3198 = CARTESIAN_POINT ( 'NONE',  ( -10.69231713758308011, -3.819605381663588872, -57.20713253210670501 ) ) ;
#3199 = CARTESIAN_POINT ( 'NONE',  ( 43.12616124432290832, 2.906491641241183199, -114.8366237885930730 ) ) ;
#3200 = CARTESIAN_POINT ( 'NONE',  ( -11.20346496615666432, -3.709750372715250766, -56.59246224290104976 ) ) ;
#3201 = CARTESIAN_POINT ( 'NONE',  ( -10.04328832389667170, -1.908309543891474336, -33.78760834359258780 ) ) ;
#3202 = CARTESIAN_POINT ( 'NONE',  ( -3.726442533368544030, 0.4740171659172762730, -86.39928688394333278 ) ) ;
#3203 = CARTESIAN_POINT ( 'NONE',  ( 15.75381833732890691, 3.101128056481448514, -108.5408603402357102 ) ) ;
#3204 = CARTESIAN_POINT ( 'NONE',  ( 34.30457582708450559, 3.102015030748271229, -111.6024665164058831 ) ) ;
#3205 = CARTESIAN_POINT ( 'NONE',  ( 46.05442560775983907, -0.01183752930671438247, -115.2839975619444033 ) ) ;
#3206 = CARTESIAN_POINT ( 'NONE',  ( 44.44079515946454251, 1.351063415868297035, -117.2553854530065109 ) ) ;
#3207 = CARTESIAN_POINT ( 'NONE',  ( -8.232301445787413741, -2.437107914257165664, -21.43190995960261702 ) ) ;
#3208 = CARTESIAN_POINT ( 'NONE',  ( -9.268798287906236055, -1.278741843474281215, -58.28365392914491139 ) ) ;
#3209 = CARTESIAN_POINT ( 'NONE',  ( -3.249734249127154140, 1.777080535160751928, -92.30269419139695231 ) ) ;
#3210 = CARTESIAN_POINT ( 'NONE',  ( 47.07078585260637027, 0.8254984223243696517, -132.5197748688662500 ) ) ;
#3211 = CARTESIAN_POINT ( 'NONE',  ( 48.57736014138144043, -0.7692418939312318793, -132.6309485535780652 ) ) ;
#3212 = CARTESIAN_POINT ( 'NONE',  ( 48.94701854801105156, -0.7758281950787565551, -129.8631207378138299 ) ) ;
#3213 = CARTESIAN_POINT ( 'NONE',  ( -4.928091361280392491, -0.4936995363268679160, -81.01458454082690253 ) ) ;
#3214 = CARTESIAN_POINT ( 'NONE',  ( -2.039463500117077555, -0.5337211334530755913, -5.803694117170546285 ) ) ;
#3215 = CARTESIAN_POINT ( 'NONE',  ( 36.94578185978586760, 2.642327122773649339, -113.4052749875022386 ) ) ;
#3216 = CARTESIAN_POINT ( 'NONE',  ( 30.63494181619974910, -0.4184663008139767326, -111.4126028225794158 ) ) ;
#3217 = CARTESIAN_POINT ( 'NONE',  ( -13.14583696734465690, -1.737881153577695903, -36.41423078437323824 ) ) ;
#3218 = CARTESIAN_POINT ( 'NONE',  ( -3.329407206307064993, -0.5755713583527396482, -94.77791709278676535 ) ) ;
#3219 = CARTESIAN_POINT ( 'NONE',  ( 42.02381899781744323, 0.5250126683480340617, -112.8603275103279060 ) ) ;
#3220 = CARTESIAN_POINT ( 'NONE',  ( -0.5494101278595392435, -1.156947520715052136, -98.22623121561119319 ) ) ;
#3221 = CARTESIAN_POINT ( 'NONE',  ( 34.08695996316581756, 0.3138844181845612535, -110.6397648341928885 ) ) ;
#3222 = CARTESIAN_POINT ( 'NONE',  ( 49.13465994795904379, 0.3133217461270185189, -118.0650153294302527 ) ) ;
#3223 = CARTESIAN_POINT ( 'NONE',  ( 40.15740174146713315, 1.496512144052934312, -111.9136691585365782 ) ) ;
#3224 = CARTESIAN_POINT ( 'NONE',  ( -7.108025451245493009, 0.3800389968770941929, -82.89669020846305614 ) ) ;
#3225 = CARTESIAN_POINT ( 'NONE',  ( 35.55092966443868363, 2.776905880367674051, -111.1817000369545951 ) ) ;
#3226 = CARTESIAN_POINT ( 'NONE',  ( -11.87339315595048639, -3.924150284040172743, -42.90522606020386576 ) ) ;
#3227 = CARTESIAN_POINT ( 'NONE',  ( 49.72483806222924585, 2.727032117563204405, -128.5877322470556692 ) ) ;
#3228 = CARTESIAN_POINT ( 'NONE',  ( -9.368618232765589582, -3.446865720803169886, -66.54949669031560688 ) ) ;
#3229 = ADVANCED_FACE ( 'NONE', ( #3992 ), #2713, .F. ) ;
#3230 = CARTESIAN_POINT ( 'NONE',  ( 30.17754174848395721, 1.689773317197334590, -109.4923250324900010 ) ) ;
#3231 = CARTESIAN_POINT ( 'NONE',  ( 34.02236082096393943, 3.081198002336885455, -111.9564393745271929 ) ) ;
#3232 = CARTESIAN_POINT ( 'NONE',  ( 44.11144448526832917, 2.884928050567564295, -114.8931195822072340 ) ) ;
#3233 = CARTESIAN_POINT ( 'NONE',  ( 21.12388151064577002, 0.4372986746967800764, -108.1397264862331582 ) ) ;
#3234 = CARTESIAN_POINT ( 'NONE',  ( 48.55608972615355867, 1.255890891355245786, -125.9499174694257704 ) ) ;
#3235 = CARTESIAN_POINT ( 'NONE',  ( 12.87414871789512461, 0.1468483530908234747, -106.0772813625163735 ) ) ;
#3236 = CARTESIAN_POINT ( 'NONE',  ( -1.377195498603527746, 0.3311774513150502197, -92.25518917570597921 ) ) ;
#3237 = CARTESIAN_POINT ( 'NONE',  ( 11.50511860556909127, 2.942949775898356268, -106.0528910059584007 ) ) ;
#3238 = CARTESIAN_POINT ( 'NONE',  ( -11.56152545064447601, -3.751975303819193197, -53.88478436418247242 ) ) ;
#3239 = CARTESIAN_POINT ( 'NONE',  ( 5.114599154258596236, -0.1572581679857918968, -102.1028597691926905 ) ) ;
#3240 = CARTESIAN_POINT ( 'NONE',  ( 43.60467163448652173, -0.6366895338585799591, -115.5065979777882177 ) ) ;
#3241 = CARTESIAN_POINT ( 'NONE',  ( 48.62613642238687817, 1.666651543534596325, -123.3444796533720620 ) ) ;
#3242 = CARTESIAN_POINT ( 'NONE',  ( 45.23849952392806983, 2.510652998835664285, -116.9698091190299039 ) ) ;
#3243 = CARTESIAN_POINT ( 'NONE',  ( -13.21819839222867010, -1.774875012345156655, -38.17405001039145418 ) ) ;
#3244 = CARTESIAN_POINT ( 'NONE',  ( -2.853012905408233824, -2.105556988937811624, -5.920483689014639062 ) ) ;
#3245 = CARTESIAN_POINT ( 'NONE',  ( -12.16043461039643248, -1.832600651686082660, -57.90467245277591957 ) ) ;
#3246 = VERTEX_POINT ( 'NONE', #2352 ) ;
#3247 = CARTESIAN_POINT ( 'NONE',  ( -10.69231713758308011, -3.819605381663588872, -57.20713253210670501 ) ) ;
#3248 = CARTESIAN_POINT ( 'NONE',  ( 1.894004943675400288, -0.04238376406579081462, -98.41246023768793805 ) ) ;
#3249 = CARTESIAN_POINT ( 'NONE',  ( 33.41393327005549452, 0.7515247188427455205, -110.3283900851838837 ) ) ;
#3250 = CARTESIAN_POINT ( 'NONE',  ( 33.62879309628770130, 0.7486930443424599790, -110.3742948942583126 ) ) ;
#3251 = CARTESIAN_POINT ( 'NONE',  ( 49.38468474283688181, 1.207323660318807779, -117.9733716901322822 ) ) ;
#3252 = APPROVAL ( #5177, 'Î´Ö¸¶¨' ) ;
#3253 = CARTESIAN_POINT ( 'NONE',  ( -2.762022459294977583, 1.823694008189373328, -94.30585815196438659 ) ) ;
#3254 = CARTESIAN_POINT ( 'NONE',  ( 17.95351537439809420, 2.687001093259929085, -107.5147978937834949 ) ) ;
#3255 = CARTESIAN_POINT ( 'NONE',  ( -0.4581489286485118106, -1.750000000000000000, 0.000000000000000000 ) ) ;
#3256 = CARTESIAN_POINT ( 'NONE',  ( 49.02151916857324210, 2.749475743507712622, -131.5313471733271342 ) ) ;
#3257 = CARTESIAN_POINT ( 'NONE',  ( -10.49288367029196323, -3.192929549460706617, -22.36656906139525347 ) ) ;
#3258 = CARTESIAN_POINT ( 'NONE',  ( -8.558860044518405985, -0.4526903767797265110, -66.06257661254856828 ) ) ;
#3259 = CARTESIAN_POINT ( 'NONE',  ( -0.5498348280172915548, 2.285074505326706973, -97.57210771539345728 ) ) ;
#3260 = CARTESIAN_POINT ( 'NONE',  ( 50.72401932807057534, -0.1555906804384001030, -122.1455205592919242 ) ) ;
#3261 = CARTESIAN_POINT ( 'NONE',  ( 44.64007610140552629, 1.347094365562347518, -117.3972466311322620 ) ) ;
#3262 = CARTESIAN_POINT ( 'NONE',  ( 16.66169486852011516, 0.1577429885462274806, -107.2608052859519887 ) ) ;
#3263 = CARTESIAN_POINT ( 'NONE',  ( 51.47350392455314960, 0.6467421096802179470, -125.3483934957041726 ) ) ;
#3264 = CARTESIAN_POINT ( 'NONE',  ( -9.646913821766824881, -0.02037011971260274321, -66.80951104368106996 ) ) ;
#3265 = CARTESIAN_POINT ( 'NONE',  ( -8.694985743905089493, -2.823510937844551094, -15.72699292220545253 ) ) ;
#3266 = CARTESIAN_POINT ( 'NONE',  ( -0.2061726910042251670, -0.7622227791306106504, -95.40103153396647429 ) ) ;
#3267 = CARTESIAN_POINT ( 'NONE',  ( -0.4903442731944887001, -1.290373068375965548, -96.09706029757927581 ) ) ;
#3268 = CARTESIAN_POINT ( 'NONE',  ( -1.576319787214613966, -0.1565040201389441832, -91.84833584270646156 ) ) ;
#3269 = CARTESIAN_POINT ( 'NONE',  ( 43.83047126924303427, 2.540523245360043703, -116.0435184687619738 ) ) ;
#3270 = CARTESIAN_POINT ( 'NONE',  ( -12.74648497542433390, -1.588130669090494163, -31.17400390802133714 ) ) ;
#3271 = CARTESIAN_POINT ( 'NONE',  ( 45.73580947740681069, -0.6883898600199380713, -116.9522948252768231 ) ) ;
#3272 = CARTESIAN_POINT ( 'NONE',  ( 48.12912395056260806, 2.094972260620821647, -120.9451532031752663 ) ) ;
#3273 = ORIENTED_EDGE ( 'NONE', *, *, #4454, .T. ) ;
#3274 = CARTESIAN_POINT ( 'NONE',  ( 48.70459333432239646, -0.4149609244768571181, -127.6861375285287323 ) ) ;
#3275 = CARTESIAN_POINT ( 'NONE',  ( 5.108838900393485538, 0.2527776384192248482, -101.8290677226751626 ) ) ;
#3276 = CARTESIAN_POINT ( 'NONE',  ( 30.09728371935799274, 0.7760633686210763882, -109.6715802158170447 ) ) ;
#3277 = CARTESIAN_POINT ( 'NONE',  ( 0.000000000000000000, 0.000000000000000000, 0.000000000000000000 ) ) ;
#3278 = CARTESIAN_POINT ( 'NONE',  ( 38.46404971558393981, 1.551555625419932527, -111.3824609440121520 ) ) ;
#3279 = CARTESIAN_POINT ( 'NONE',  ( 49.42440280467508984, 2.730617998324360585, -131.6065238713780161 ) ) ;
#3280 = CARTESIAN_POINT ( 'NONE',  ( 50.55753196081597167, 1.991921788089653145, -130.8951900557656529 ) ) ;
#3281 = CARTESIAN_POINT ( 'NONE',  ( 40.51774655555120574, -0.2491511053602804837, -114.7391917732983018 ) ) ;
#3282 = CARTESIAN_POINT ( 'NONE',  ( -11.25456028890995341, -1.364719329584545227, -64.13782090289710425 ) ) ;
#3283 = CARTESIAN_POINT ( 'NONE',  ( 48.41558587914879297, 0.7760533667006078717, -126.8452991610846681 ) ) ;
#3284 = CARTESIAN_POINT ( 'NONE',  ( -9.077571550353924934, -1.197505930669883201, -59.85458224697484297 ) ) ;
#3285 = CARTESIAN_POINT ( 'NONE',  ( -3.116942403782783977, 1.809106256683025160, -92.59968535283225322 ) ) ;
#3286 = CARTESIAN_POINT ( 'NONE',  ( 30.09659275274374579, 0.3496064786632111510, -109.8414546811069670 ) ) ;
#3287 = CARTESIAN_POINT ( 'NONE',  ( 35.67433021371788726, 1.443818330084637003, -113.7211772089963944 ) ) ;
#3288 = CARTESIAN_POINT ( 'NONE',  ( 30.17478639175828192, -0.01080214226089181058, -110.1697307765642364 ) ) ;
#3289 = CARTESIAN_POINT ( 'NONE',  ( 31.53035962317753160, 0.7688654759258596316, -109.9456254785250024 ) ) ;
#3290 = CARTESIAN_POINT ( 'NONE',  ( 44.18926211167326557, 0.8743834969051005324, -113.6774082870746980 ) ) ;
#3291 = CARTESIAN_POINT ( 'NONE',  ( 1.515883448052977478, 2.354752729970146063, -99.21562640552514267 ) ) ;
#3292 = CARTESIAN_POINT ( 'NONE',  ( 16.00587733998728268, 1.457750851820819316, -106.6267654953140180 ) ) ;
#3293 = CARTESIAN_POINT ( 'NONE',  ( -6.421718088871018359, -2.660386226701462853, -80.27832866695132452 ) ) ;
#3294 = CARTESIAN_POINT ( 'NONE',  ( 16.66169486852011516, 0.1577429885462274806, -107.2608052859519887 ) ) ;
#3295 = CARTESIAN_POINT ( 'NONE',  ( -2.853012905408233824, -2.105556988937811624, -5.920483689014639062 ) ) ;
#3296 = CARTESIAN_POINT ( 'NONE',  ( 5.098960008278724310, 0.7021771862440586709, -101.7400246088781870 ) ) ;
#3297 = CARTESIAN_POINT ( 'NONE',  ( 39.46566493683123156, 2.606424573727408323, -114.1440118879510095 ) ) ;
#3298 = CARTESIAN_POINT ( 'NONE',  ( -13.23261125432554586, -1.848135790452221983, -44.38332392135996685 ) ) ;
#3299 = CARTESIAN_POINT ( 'NONE',  ( 48.99911832275643064, -0.7775368310738178801, -129.6403990170533120 ) ) ;
#3300 = CARTESIAN_POINT ( 'NONE',  ( 45.86799146376738179, 2.152758221466046784, -117.8930821547151027 ) ) ;
#3301 = CARTESIAN_POINT ( 'NONE',  ( 36.89796336505803254, -0.2048749960023271699, -113.5231859157846088 ) ) ;
#3302 = CARTESIAN_POINT ( 'NONE',  ( 51.00034113305721917, -0.1665019204588055468, -123.8862988979195876 ) ) ;
#3303 = CARTESIAN_POINT ( 'NONE',  ( 42.02381899781744323, 0.5250126683480340617, -112.8603275103279060 ) ) ;
#3304 = CARTESIAN_POINT ( 'NONE',  ( -5.575986226020309466, -0.4001899486802995010, -89.06984164043073804 ) ) ;
#3305 = CARTESIAN_POINT ( 'NONE',  ( -9.740646316215052281, -0.1484681201612177981, -24.84596963412796100 ) ) ;
#3306 = CARTESIAN_POINT ( 'NONE',  ( -11.21139835752594749, -0.6260728750367995366, -62.27844207144474353 ) ) ;
#3307 = CARTESIAN_POINT ( 'NONE',  ( -11.15132743578755559, -0.3542119686595400774, -52.74780345232839807 ) ) ;
#3308 = CARTESIAN_POINT ( 'NONE',  ( 7.342392536559437133, -0.4656622451156186560, -105.6100973569776045 ) ) ;
#3309 = CARTESIAN_POINT ( 'NONE',  ( 0.9618672248740699482, 1.895664783128113262, -101.2804423947357719 ) ) ;
#3310 = CARTESIAN_POINT ( 'NONE',  ( 39.12652352624207452, 0.09778652919111638364, -114.4943968287024063 ) ) ;
#3311 = CARTESIAN_POINT ( 'NONE',  ( 51.11763130553502066, 1.976625294599881899, -128.2017512542724376 ) ) ;
#3312 = CARTESIAN_POINT ( 'NONE',  ( -8.817914661236081031, -1.077927804040040183, -61.87151834600239653 ) ) ;
#3313 = CARTESIAN_POINT ( 'NONE',  ( 49.81507184867313498, 2.723475880714836261, -121.2866515922302995 ) ) ;
#3314 = CARTESIAN_POINT ( 'NONE',  ( 36.14384905752349653, 0.2743409022447623746, -111.1273469850838467 ) ) ;
#3315 = CARTESIAN_POINT ( 'NONE',  ( -6.601398601058803273, -1.960014583252883913, -83.53011652207169391 ) ) ;
#3316 = CARTESIAN_POINT ( 'NONE',  ( 50.91907140712088875, 0.2538098951194477371, -122.0801801562912061 ) ) ;
#3317 = CARTESIAN_POINT ( 'NONE',  ( 12.12551108874323980, 0.7196736346570932197, -108.4742470280065021 ) ) ;
#3318 = CARTESIAN_POINT ( 'NONE',  ( 50.87211103653314836, 0.6599415379067704590, -130.0946757597774308 ) ) ;
#3319 = CARTESIAN_POINT ( 'NONE',  ( 9.781029467396853860, 1.377921732051419879, -104.4615225347662317 ) ) ;
#3320 = CARTESIAN_POINT ( 'NONE',  ( -2.950137084072264937, -1.856198627298983661, -3.017844542298415256 ) ) ;
#3321 = CARTESIAN_POINT ( 'NONE',  ( 46.11695917323394411, 2.484676358337590596, -115.3671152049878259 ) ) ;
#3322 = CARTESIAN_POINT ( 'NONE',  ( -10.28207598697965608, -2.885752834554431434, -37.37957336253616347 ) ) ;
#3323 = CARTESIAN_POINT ( 'NONE',  ( 5.906596972718490157, -0.6179407204119096164, -103.4359299176166331 ) ) ;
#3324 = CARTESIAN_POINT ( 'NONE',  ( -2.865590592118123059, -0.3337446349935996870, -88.28921182223305664 ) ) ;
#3325 = CARTESIAN_POINT ( 'NONE',  ( -13.25243258510552735, -1.842672717693621287, -43.49181392552746672 ) ) ;
#3326 = CARTESIAN_POINT ( 'NONE',  ( 48.10116348396553576, -0.7475227937951570700, -132.7560861638493179 ) ) ;
#3327 = CARTESIAN_POINT ( 'NONE',  ( 32.96507743548532687, 2.350555415167681517, -112.7599762218784605 ) ) ;
#3328 = CARTESIAN_POINT ( 'NONE',  ( 48.38723956420563610, -0.4037521652516268267, -129.3937360940050212 ) ) ;
#3329 = CARTESIAN_POINT ( 'NONE',  ( 50.72401932807057534, -0.1555906804384001030, -122.1455205592919242 ) ) ;
#3330 = CARTESIAN_POINT ( 'NONE',  ( 47.38886459372541538, 0.3671188758180904399, -116.0757542024153679 ) ) ;
#3331 = CARTESIAN_POINT ( 'NONE',  ( -9.470991992583172703, -2.149866363171817341, -72.56802571277512470 ) ) ;
#3332 = CARTESIAN_POINT ( 'NONE',  ( -10.00384164398730924, -0.2997836400136641433, -60.35587434686048880 ) ) ;
#3333 = CARTESIAN_POINT ( 'NONE',  ( -12.31505698106827751, -0.4959978602135807768, -32.43761561138217786 ) ) ;
#3334 = CARTESIAN_POINT ( 'NONE',  ( -11.36869863379030576, -0.2757954291619836851, -34.32825961294918216 ) ) ;
#3335 = CARTESIAN_POINT ( 'NONE',  ( 47.17467921039562384, -0.3770355631591223999, -119.3754852029855726 ) ) ;
#3336 = CARTESIAN_POINT ( 'NONE',  ( -4.245317536659820590, 0.9718553077148043284, -92.39647397158742592 ) ) ;
#3337 = CARTESIAN_POINT ( 'NONE',  ( 2.601354518862893705, -0.5019023648540901217, -102.6535387777112192 ) ) ;
#3338 = CARTESIAN_POINT ( 'NONE',  ( -1.597805605883193758, 1.464672284083952558, -2.916196513872288065 ) ) ;
#3339 = CARTESIAN_POINT ( 'NONE',  ( -12.57518762604737894, -0.5847529848638531869, -35.90807598429774572 ) ) ;
#3340 = CARTESIAN_POINT ( 'NONE',  ( 50.87196344297022677, -0.1670823798723727882, -127.8517322245363914 ) ) ;
#3341 = CARTESIAN_POINT ( 'NONE',  ( -3.602109923011573400, -1.211832433659450148, -3.048929936423394160 ) ) ;
#3342 = CARTESIAN_POINT ( 'NONE',  ( 46.15728939252934993, 0.4020456477308601007, -115.1164030505520657 ) ) ;
#3343 = CARTESIAN_POINT ( 'NONE',  ( 32.71627347365727445, 1.187252522186137860, -110.0173004656607816 ) ) ;
#3344 = CARTESIAN_POINT ( 'NONE',  ( 30.64022041228607662, 2.839424357706706203, -110.1148575014791078 ) ) ;
#3345 = CARTESIAN_POINT ( 'NONE',  ( 32.00829286604536605, 1.193385699485165041, -109.8730101893509499 ) ) ;
#3346 = CARTESIAN_POINT ( 'NONE',  ( 30.25564483923946213, 0.2368894439236348404, -112.3252031159631628 ) ) ;
#3347 = CARTESIAN_POINT ( 'NONE',  ( 32.06843871384378986, 2.827303045751587973, -110.4094764581859494 ) ) ;
#3348 = CARTESIAN_POINT ( 'NONE',  ( -6.961459415255613514, -1.786208764105036151, -70.20405015369571800 ) ) ;
#3349 = CARTESIAN_POINT ( 'NONE',  ( 48.78898398685227278, -0.7705977269553196951, -130.4936592291671502 ) ) ;
#3350 = CARTESIAN_POINT ( 'NONE',  ( 1.890041521158904780, 0.4070058440533158017, -98.32600896483474173 ) ) ;
#3351 = CARTESIAN_POINT ( 'NONE',  ( 49.34048707090426689, -0.7886439490148403619, -127.8363194752840997 ) ) ;
#3352 = CARTESIAN_POINT ( 'NONE',  ( 48.96910589289075233, 2.072845205987711825, -124.9573319681121291 ) ) ;
#3353 = CARTESIAN_POINT ( 'NONE',  ( 48.51140496213798770, -0.4081110672165705888, -128.8082919206900101 ) ) ;
#3354 = CARTESIAN_POINT ( 'NONE',  ( -10.27365200455593985, -2.031362748915906735, -44.99068404341730343 ) ) ;
#3355 = CARTESIAN_POINT ( 'NONE',  ( 51.23366998295847452, 0.2408776051271357688, -124.2367861301592029 ) ) ;
#3356 = CARTESIAN_POINT ( 'NONE',  ( 50.94258895526135689, 0.2444776722370677613, -128.7230139850266539 ) ) ;
#3357 = CARTESIAN_POINT ( 'NONE',  ( -1.162129269132177178, 1.667184529198804332, -94.15864217958035454 ) ) ;
#3358 = CARTESIAN_POINT ( 'NONE',  ( 51.31568830561964489, 1.972639674399867982, -126.3264022693451381 ) ) ;
#3359 = CARTESIAN_POINT ( 'NONE',  ( 5.089186109812665393, -0.5859345485070470705, -104.2495906008803104 ) ) ;
#3360 = CARTESIAN_POINT ( 'NONE',  ( 10.97196379846714542, 2.486708841525935298, -107.7413503561585486 ) ) ;
#3361 = CARTESIAN_POINT ( 'NONE',  ( -1.284416927151113219, -0.9792660987226805558, -97.71817343829424374 ) ) ;
#3362 = CARTESIAN_POINT ( 'NONE',  ( 50.15172735573635521, 2.003945139045927526, -132.3262491978845503 ) ) ;
#3363 = CARTESIAN_POINT ( 'NONE',  ( 46.12665821526141485, 2.831544339105179109, -116.2156748614752786 ) ) ;
#3364 = CARTESIAN_POINT ( 'NONE',  ( -10.06525279615003043, -3.028372951677324565, -66.97482875576355354 ) ) ;
#3365 = CARTESIAN_POINT ( 'NONE',  ( 43.69574165026165247, 0.4713811879109812142, -113.6369555555030786 ) ) ;
#3366 = CARTESIAN_POINT ( 'NONE',  ( -8.354493091410482464, -0.6178085532673743829, -21.33991132521267886 ) ) ;
#3367 = CARTESIAN_POINT ( 'NONE',  ( -2.686103056749626461, 0.1348048190603348129, -88.85554531599073869 ) ) ;
#3368 = CARTESIAN_POINT ( 'NONE',  ( 44.16338825024487136, 0.03823112158200603350, -116.9139630603954600 ) ) ;
#3369 = CARTESIAN_POINT ( 'NONE',  ( 47.69163130212236013, 2.440054605165669077, -116.6626308877562082 ) ) ;
#3370 = CARTESIAN_POINT ( 'NONE',  ( 41.95965182719911724, -0.2404131239535966524, -113.3888608841461689 ) ) ;
#3371 = CARTESIAN_POINT ( 'NONE',  ( -9.461553005162768315, -3.390877294543757969, -58.07448613456882924 ) ) ;
#3372 = CARTESIAN_POINT ( 'NONE',  ( -4.928091361280392491, -0.4936995363268679160, -81.01458454082690253 ) ) ;
#3373 = CARTESIAN_POINT ( 'NONE',  ( -9.709971020486673154, -1.752280635978120671, -72.55756172945527283 ) ) ;
#3374 = CARTESIAN_POINT ( 'NONE',  ( -4.039177471479182380, -1.924887411420881156, -85.84060280981287860 ) ) ;
#3375 = CARTESIAN_POINT ( 'NONE',  ( 48.75759730762933941, 2.081275485384348034, -127.8784615956580240 ) ) ;
#3376 = CARTESIAN_POINT ( 'NONE',  ( 48.87397631661799124, -0.4219720146229520852, -124.6875813486706335 ) ) ;
#3377 = CARTESIAN_POINT ( 'NONE',  ( -9.562316876151770728, -1.869185933382153442, -54.71816971516211225 ) ) ;
#3378 = CARTESIAN_POINT ( 'NONE',  ( 46.05442560775983907, -0.01183752930671438247, -115.2839975619444033 ) ) ;
#3379 = CARTESIAN_POINT ( 'NONE',  ( 50.91907140712088875, 0.2538098951194477371, -122.0801801562912061 ) ) ;
#3380 = CARTESIAN_POINT ( 'NONE',  ( -13.04044719506428507, -2.169324637421502722, -35.56726481279813612 ) ) ;
#3381 = CARTESIAN_POINT ( 'NONE',  ( 51.11944409994870853, 1.138049066263013609, -129.2578822839798818 ) ) ;
#3382 = CARTESIAN_POINT ( 'NONE',  ( 51.00959138159492312, 1.979351921163530648, -128.8540033262606812 ) ) ;
#3383 = CARTESIAN_POINT ( 'NONE',  ( 47.62941672230302714, -0.3772193316403208430, -132.1217400526409733 ) ) ;
#3384 = CARTESIAN_POINT ( 'NONE',  ( 27.62851505620746195, 2.799919353658254728, -111.3769870781697193 ) ) ;
#3385 = CARTESIAN_POINT ( 'NONE',  ( 32.61187121057294291, 0.1908614381053964637, -112.7819561080117410 ) ) ;
#3386 = CARTESIAN_POINT ( 'NONE',  ( 29.21012541137697838, -0.006160860141024478327, -109.9982552261746633 ) ) ;
#3387 = CARTESIAN_POINT ( 'NONE',  ( 50.55753196081597167, 1.991921788089653145, -130.8951900557656529 ) ) ;
#3388 = CARTESIAN_POINT ( 'NONE',  ( -11.40502313349617758, -0.2478466754927418358, -25.59086974157273531 ) ) ;
#3389 = CARTESIAN_POINT ( 'NONE',  ( -12.37194537882732526, -3.189778898679553887, -52.44711160404573747 ) ) ;
#3390 = CARTESIAN_POINT ( 'NONE',  ( 33.41393327005549452, 0.7515247188427455205, -110.3283900851838837 ) ) ;
#3391 = CARTESIAN_POINT ( 'NONE',  ( -10.49514253716350787, -1.136728911663984709, -46.79229707839351704 ) ) ;
#3392 = CARTESIAN_POINT ( 'NONE',  ( -5.324267505764682440, -1.267810987247907306, -89.03172945507282066 ) ) ;
#3393 = PRODUCT_DEFINITION_FORMATION_WITH_SPECIFIED_SOURCE ( 'ÈÎºÎ', '', #2608, .NOT_KNOWN. ) ;
#3394 = CARTESIAN_POINT ( 'NONE',  ( 5.089081116163962193, 1.151576734068892494, -101.6509814950812114 ) ) ;
#3395 = CARTESIAN_POINT ( 'NONE',  ( 35.99206042996601695, 0.1335842287682406648, -113.5598079489874408 ) ) ;
#3396 = CARTESIAN_POINT ( 'NONE',  ( 34.15814995037688817, 2.801646738791748081, -110.8615903235446893 ) ) ;
#3397 = CARTESIAN_POINT ( 'NONE',  ( 34.39656654082826748, -0.05403754496284454006, -111.0204783497147218 ) ) ;
#3398 = CARTESIAN_POINT ( 'NONE',  ( 43.95349180037491976, -0.6442666316119780578, -115.2321403757650558 ) ) ;
#3399 = CARTESIAN_POINT ( 'NONE',  ( 51.19714453385490316, 0.2386044733008282903, -126.8037716582053633 ) ) ;
#3400 = CARTESIAN_POINT ( 'NONE',  ( -12.21168543651240590, -0.3639463653071982052, -35.66018712560533999 ) ) ;
#3401 = CARTESIAN_POINT ( 'NONE',  ( 14.34738169791726214, 2.152753439337424357, -109.0818716154994661 ) ) ;
#3402 = CARTESIAN_POINT ( 'NONE',  ( -1.393658615979849635, -1.456341902412987110, -94.26797488967952177 ) ) ;
#3403 = CARTESIAN_POINT ( 'NONE',  ( -13.09604001160162134, -2.754963144521733742, -44.44911561631179353 ) ) ;
#3404 = CARTESIAN_POINT ( 'NONE',  ( -3.471526504195757035, -1.947720982446197846, -89.55775500954331392 ) ) ;
#3405 = CARTESIAN_POINT ( 'NONE',  ( 50.28349846785296506, -0.1507242929362612172, -130.7628761471177654 ) ) ;
#3406 = CARTESIAN_POINT ( 'NONE',  ( 50.15899882091930806, 0.2668709094993885755, -131.9794516921728587 ) ) ;
#3407 = CARTESIAN_POINT ( 'NONE',  ( 16.09476220073559460, 1.746711166752375144, -109.6319262951047335 ) ) ;
#3408 = CARTESIAN_POINT ( 'NONE',  ( -10.90320152181186231, -0.5193935869098581515, -50.68591669210746886 ) ) ;
#3409 = CARTESIAN_POINT ( 'NONE',  ( 51.24241632700695703, 1.134894896138277653, -128.5851228184642423 ) ) ;
#3410 = CARTESIAN_POINT ( 'NONE',  ( -9.878009480631503081, -3.461366916465320909, -25.21809636524002229 ) ) ;
#3411 = CARTESIAN_POINT ( 'NONE',  ( 48.82125188558661932, 2.416598813649576627, -121.8752368599987221 ) ) ;
#3412 = CARTESIAN_POINT ( 'NONE',  ( 27.36181642036812534, 0.2816496102194817608, -111.7972272088970271 ) ) ;
#3413 = CARTESIAN_POINT ( 'NONE',  ( 2.433604890041435098, 0.7353537678556921753, -103.2509937434045639 ) ) ;
#3414 = CARTESIAN_POINT ( 'NONE',  ( 7.554123361928648528, -0.02285237396785109315, -103.7319360553139234 ) ) ;
#3415 = CARTESIAN_POINT ( 'NONE',  ( 50.67469417072131677, 1.988561339332394429, -130.4304321839782688 ) ) ;
#3416 = CARTESIAN_POINT ( 'NONE',  ( 50.35342672283798748, 2.702724430293527824, -127.0032400307210310 ) ) ;
#3417 = CARTESIAN_POINT ( 'NONE',  ( 48.34371812689226999, 1.264482207587523499, -127.9126604375063749 ) ) ;
#3418 = CARTESIAN_POINT ( 'NONE',  ( 50.30089438849350358, 0.2626198717435624941, -131.4942201262018102 ) ) ;
#3419 = CARTESIAN_POINT ( 'NONE',  ( 3.021376372266360910, 1.466216358850652490, -99.78951261273472539 ) ) ;
#3420 = CARTESIAN_POINT ( 'NONE',  ( 50.75959928406396671, 0.6630866963301124128, -130.5630721500324114 ) ) ;
#3421 = CARTESIAN_POINT ( 'NONE',  ( 35.09759389410297103, 0.1464778671604318183, -113.3343673116193457 ) ) ;
#3422 = CARTESIAN_POINT ( 'NONE',  ( 13.08497396909631050, 2.977853789505672033, -106.6018525712581209 ) ) ;
#3423 = CARTESIAN_POINT ( 'NONE',  ( 50.09102430366993275, -0.4829395680940981039, -130.1208652594007447 ) ) ;
#3424 = CARTESIAN_POINT ( 'NONE',  ( 33.93451262824969916, -0.4384799541511984478, -111.6531561011401408 ) ) ;
#3425 = CIRCLE ( 'NONE', #1053, 1.750000000000000000 ) ;
#3426 = CARTESIAN_POINT ( 'NONE',  ( 51.26623960094740795, 0.2387796082872019887, -125.0037087384294807 ) ) ;
#3427 = CARTESIAN_POINT ( 'NONE',  ( -12.37650999903985394, -0.4667021695635763523, -43.53792689985914421 ) ) ;
#3428 = CARTESIAN_POINT ( 'NONE',  ( 7.904294679427178671, 1.974658238544190647, -106.6873958106433804 ) ) ;
#3429 = CARTESIAN_POINT ( 'NONE',  ( 48.53171230835020822, 1.254854903361205753, -124.2139853109334950 ) ) ;
#3430 = CARTESIAN_POINT ( 'NONE',  ( -8.159214409871841767, -2.962811693323453621, -65.26633292877436077 ) ) ;
#3431 = ADVANCED_FACE ( 'NONE', ( #4412 ), #2166, .F. ) ;
#3432 = CARTESIAN_POINT ( 'NONE',  ( -2.705589537209000639, 0.06047225276557059020, -96.35186751619245626 ) ) ;
#3433 = CARTESIAN_POINT ( 'NONE',  ( 15.42599315501897905, -0.4228767516550396288, -107.9606832259763110 ) ) ;
#3434 = CARTESIAN_POINT ( 'NONE',  ( -9.257113755057860160, -1.762071458781228284, -57.40132665009954138 ) ) ;
#3435 = CARTESIAN_POINT ( 'NONE',  ( 50.81137416311873523, 0.2480154803054886725, -129.4075969459365751 ) ) ;
#3436 = CARTESIAN_POINT ( 'NONE',  ( 9.476726442523380811, 1.582535914767540186, -107.4779830666335840 ) ) ;
#3437 = CARTESIAN_POINT ( 'NONE',  ( 38.70624671552575791, 2.369881994980353568, -111.7136966892632586 ) ) ;
#3438 = CARTESIAN_POINT ( 'NONE',  ( 50.74742351867454460, 1.148280242982964161, -130.8824501252873631 ) ) ;
#3439 = CARTESIAN_POINT ( 'NONE',  ( 48.47210029653469121, -0.4067281282977878720, -129.0016086475425823 ) ) ;
#3440 = CARTESIAN_POINT ( 'NONE',  ( 48.12912395056260806, 2.094972260620821647, -120.9451532031752663 ) ) ;
#3441 = CARTESIAN_POINT ( 'NONE',  ( 34.04457239405431324, 2.691027837399246447, -112.6923330659499527 ) ) ;
#3442 = CARTESIAN_POINT ( 'NONE',  ( 43.68382359342338361, 0.04667500833349624151, -116.6057706508970853 ) ) ;
#3443 = CARTESIAN_POINT ( 'NONE',  ( 49.42676615611166824, -0.4624967305200192169, -132.4759692318894508 ) ) ;
#3444 = CARTESIAN_POINT ( 'NONE',  ( 49.95138226774585632, -0.1407583306593780115, -131.9541385879685151 ) ) ;
#3445 = CARTESIAN_POINT ( 'NONE',  ( 10.30004855881004744, 2.981565452237103564, -106.8012246906991010 ) ) ;
#3446 = CARTESIAN_POINT ( 'NONE',  ( 30.52914708059828897, 1.060083524710157654, -112.6265895693348540 ) ) ;
#3447 = CARTESIAN_POINT ( 'NONE',  ( -10.31962513074953947, -2.001561946542747883, -39.77806334546590250 ) ) ;
#3448 = CARTESIAN_POINT ( 'NONE',  ( 9.803795427815092722, 1.861432839400946504, -104.5546447314521572 ) ) ;
#3449 = CARTESIAN_POINT ( 'NONE',  ( 51.44754838909000938, 0.6463922917642912491, -126.1590719410970962 ) ) ;
#3450 = CARTESIAN_POINT ( 'NONE',  ( 10.92093674754958776, -0.06799463518281055607, -107.5961625472845924 ) ) ;
#3451 = CARTESIAN_POINT ( 'NONE',  ( -11.25456028890995341, -1.364719329584545227, -64.13782090289710425 ) ) ;
#3452 = CARTESIAN_POINT ( 'NONE',  ( -12.21168543651240590, -0.3639463653071982052, -35.66018712560533999 ) ) ;
#3453 = CARTESIAN_POINT ( 'NONE',  ( 42.88175709072381636, -0.2674339320927568431, -113.8145687510405679 ) ) ;
#3454 = CARTESIAN_POINT ( 'NONE',  ( 49.87419354308897823, -0.8091495820270440120, -123.8114345648307477 ) ) ;
#3455 = CARTESIAN_POINT ( 'NONE',  ( 48.16521188071686055, 0.3435950516493233020, -116.8257246465011150 ) ) ;
#3456 = CARTESIAN_POINT ( 'NONE',  ( 43.43355832534688687, 2.561408142354808515, -113.7782472296043039 ) ) ;
#3457 = CARTESIAN_POINT ( 'NONE',  ( -12.27343376537946007, -1.835488893448349756, -56.99554614230614646 ) ) ;
#3458 = CARTESIAN_POINT ( 'NONE',  ( 9.060684478404976261, -0.4724171689109983863, -105.2117546454932011 ) ) ;
#3459 = CARTESIAN_POINT ( 'NONE',  ( -2.557291300016891533, -1.757042811242892411, -92.43488612191843856 ) ) ;
#3460 = CARTESIAN_POINT ( 'NONE',  ( -9.465332053171554350, -1.837066466934525799, -55.61127155761587915 ) ) ;
#3461 = COORDINATED_UNIVERSAL_TIME_OFFSET ( 8, 0, .AHEAD. ) ;
#3462 = CARTESIAN_POINT ( 'NONE',  ( 44.71844550038646560, 1.762292547796734610, -117.2200500099720131 ) ) ;
#3463 = CARTESIAN_POINT ( 'NONE',  ( 5.047294332020959118, 2.396074453893044520, -102.2584221840494791 ) ) ;
#3464 = CARTESIAN_POINT ( 'NONE',  ( 51.19090917754007819, 1.146076381300126013, -122.0768315934801507 ) ) ;
#3465 = CARTESIAN_POINT ( 'NONE',  ( -7.202457058569881276, -2.897419077159910206, -71.01770572306490692 ) ) ;
#3466 = CARTESIAN_POINT ( 'NONE',  ( 48.69885974273463347, 2.083361740203052648, -128.2367540361417184 ) ) ;
#3467 = CARTESIAN_POINT ( 'NONE',  ( 47.57323384388854492, 2.462496730519965205, -133.5240307681101228 ) ) ;
#3468 = CARTESIAN_POINT ( 'NONE',  ( 44.36738245499770272, 0.03405921024611145015, -117.0527106720945483 ) ) ;
#3469 = CARTESIAN_POINT ( 'NONE',  ( -8.620465595457515562, -2.426259821226344648, -75.33430984848062906 ) ) ;
#3470 = CARTESIAN_POINT ( 'NONE',  ( 50.37298584667918533, -0.4911423764725812435, -128.7897015162093624 ) ) ;
#3471 = CARTESIAN_POINT ( 'NONE',  ( -0.1205921073151395018, 0.1058316275550676977, -95.06293216412332470 ) ) ;
#3472 = CARTESIAN_POINT ( 'NONE',  ( -9.231518606239536240, -0.3941005082159317330, -74.69588716307815446 ) ) ;
#3473 = CARTESIAN_POINT ( 'NONE',  ( -1.563473636124391053, -0.2304505516849026658, -98.17198503183034575 ) ) ;
#3474 = CARTESIAN_POINT ( 'NONE',  ( 50.85937351265988582, 0.2466941481264264269, -129.1692003045648676 ) ) ;
#3475 = CARTESIAN_POINT ( 'NONE',  ( -10.58978810779273338, -1.104331995077388662, -38.97474170676642302 ) ) ;
#3476 = CARTESIAN_POINT ( 'NONE',  ( 34.68886029384810143, 2.466202586296181387, -110.6957132878773393 ) ) ;
#3477 = CARTESIAN_POINT ( 'NONE',  ( -10.08494243601869833, -0.9627154717678026996, -31.28358567669262769 ) ) ;
#3478 = CARTESIAN_POINT ( 'NONE',  ( -2.493548922555989034, -2.042192776512176344, -2.993958008368944324 ) ) ;
#3479 = CARTESIAN_POINT ( 'NONE',  ( -12.96485008729008115, -1.392164561510901510, -48.70950455505245458 ) ) ;
#3480 = CARTESIAN_POINT ( 'NONE',  ( -10.78810025423945973, -0.3461319885822323195, -63.32618123826355827 ) ) ;
#3481 = CARTESIAN_POINT ( 'NONE',  ( -8.087180214504140707, -1.975258070668933996, -21.34024008581554455 ) ) ;
#3482 = CARTESIAN_POINT ( 'NONE',  ( 49.44183492807866287, -0.7949611411036240360, -121.6681315125227485 ) ) ;
#3483 = CARTESIAN_POINT ( 'NONE',  ( 50.91907140712088875, 0.2538098951194477371, -122.0801801562912061 ) ) ;
#3484 = CARTESIAN_POINT ( 'NONE',  ( 50.43285586201397308, 2.343537986539861340, -130.3874204048499905 ) ) ;
#3485 = CARTESIAN_POINT ( 'NONE',  ( -4.714472045620506258, 0.4150608017123052496, -91.65193952392066024 ) ) ;
#3486 = CARTESIAN_POINT ( 'NONE',  ( 45.07574766139378397, 0.8527214890383976176, -117.8069418510742707 ) ) ;
#3487 = CARTESIAN_POINT ( 'NONE',  ( -8.936616782506076717, -3.227543673473302288, -61.21771242710303795 ) ) ;
#3488 = CARTESIAN_POINT ( 'NONE',  ( -11.09148741576937525, -3.798520489490807339, -38.03315055502579156 ) ) ;
#3489 = PERSON_AND_ORGANIZATION ( #2755, #4374 ) ;
#3490 = CARTESIAN_POINT ( 'NONE',  ( 41.74340717697158709, 1.803675090272011561, -115.5328905679225358 ) ) ;
#3491 = CARTESIAN_POINT ( 'NONE',  ( 42.76501058141548128, 2.240419342690814108, -113.1743723780511601 ) ) ;
#3492 = CARTESIAN_POINT ( 'NONE',  ( 43.31833776715544815, 1.388280645543264358, -113.1868056002999481 ) ) ;
#3493 = CARTESIAN_POINT ( 'NONE',  ( 48.58389207820948741, -0.4106735949602594582, -128.4270750635380409 ) ) ;
#3494 = CARTESIAN_POINT ( 'NONE',  ( 48.33968335658999393, 2.096034536103327905, -129.9356091946313825 ) ) ;
#3495 = CARTESIAN_POINT ( 'NONE',  ( 36.28996006689082776, 2.652489807243439746, -113.2345116879879328 ) ) ;
#3496 = CARTESIAN_POINT ( 'NONE',  ( -8.248449518934613423, -2.998972103197945049, -15.61095537790233223 ) ) ;
#3497 = CARTESIAN_POINT ( 'NONE',  ( -3.786763890837352875, -0.1931119994560873132, -94.03955137017236154 ) ) ;
#3498 = CARTESIAN_POINT ( 'NONE',  ( 50.59322088622216285, -0.4970059185708241567, -127.3237583409799214 ) ) ;
#3499 = CARTESIAN_POINT ( 'NONE',  ( 8.386802387764381805, 0.8744104022196241832, -103.8603460036257502 ) ) ;
#3500 = CARTESIAN_POINT ( 'NONE',  ( 18.63911069933948639, 3.143492013600467594, -109.1421948198516958 ) ) ;
#3501 = CARTESIAN_POINT ( 'NONE',  ( 44.34430156100983567, 0.8677545313915880909, -117.2586748957398441 ) ) ;
#3502 = CARTESIAN_POINT ( 'NONE',  ( -2.039463500117077555, -0.5337211334530755913, -5.803694117170546285 ) ) ;
#3503 = CARTESIAN_POINT ( 'NONE',  ( 20.27008018533096845, 2.630293957355969603, -107.9619310930607696 ) ) ;
#3504 = CARTESIAN_POINT ( 'NONE',  ( -10.28655589366071155, -1.100719066417629177, -50.32267699257789673 ) ) ;
#3505 = CARTESIAN_POINT ( 'NONE',  ( -4.535098358894782855, -2.060590680604610370, -88.27668349593751884 ) ) ;
#3506 = CARTESIAN_POINT ( 'NONE',  ( 49.65020123036234168, 2.729347300957323696, -128.9879137651664394 ) ) ;
#3507 = CARTESIAN_POINT ( 'NONE',  ( -11.31377350901112955, -0.3934714548636420450, -58.76497239106117831 ) ) ;
#3508 = CARTESIAN_POINT ( 'NONE',  ( -0.7692997591610051256, -0.4630798554241499776, -93.80606822147929336 ) ) ;
#3509 = CARTESIAN_POINT ( 'NONE',  ( 46.86346433140571577, -0.7194865562632701828, -117.3766035793396867 ) ) ;
#3510 = CARTESIAN_POINT ( 'NONE',  ( 37.48932493267327715, 0.6677393272685318015, -111.3085231452132717 ) ) ;
#3511 = CARTESIAN_POINT ( 'NONE',  ( 46.52163090837794357, 2.473444707411070809, -115.6719670689896162 ) ) ;
#3512 = CARTESIAN_POINT ( 'NONE',  ( 48.35718069961671972, 0.7739885960909821394, -123.3740708158773884 ) ) ;
#3513 = CARTESIAN_POINT ( 'NONE',  ( 48.34371812689226999, 1.264482207587523499, -127.9126604375063749 ) ) ;
#3514 = CARTESIAN_POINT ( 'NONE',  ( 49.87419354308897823, -0.8091495820270440120, -123.8114345648307477 ) ) ;
#3515 = CARTESIAN_POINT ( 'NONE',  ( -8.090384965242760629, -3.166571003161738673, -66.94793104694889507 ) ) ;
#3516 = CARTESIAN_POINT ( 'NONE',  ( 15.50540332767705642, 1.731146662475768760, -109.4812176320597530 ) ) ;
#3517 = CARTESIAN_POINT ( 'NONE',  ( 25.72633574217009667, 1.613171440501308229, -111.7166795783558229 ) ) ;
#3518 = CARTESIAN_POINT ( 'NONE',  ( 33.76274625242666616, 2.481078475414291162, -110.4896455853890842 ) ) ;
#3519 = CARTESIAN_POINT ( 'NONE',  ( 44.28575571012533629, 1.357692381381905733, -113.6741188443396311 ) ) ;
#3520 = CARTESIAN_POINT ( 'NONE',  ( -0.1827645121289944719, -1.313946907397383290, -97.39966319291247032 ) ) ;
#3521 = CARTESIAN_POINT ( 'NONE',  ( 43.79760270363433250, 2.196156971289940252, -116.3944832620541945 ) ) ;
#3522 = CARTESIAN_POINT ( 'NONE',  ( 49.25259981527204189, 2.404220998031841194, -124.1784741120347917 ) ) ;
#3523 = CARTESIAN_POINT ( 'NONE',  ( 50.98057385969629962, 0.2434955792737334979, -128.5022916388665521 ) ) ;
#3524 = CARTESIAN_POINT ( 'NONE',  ( 48.23137148019581133, -0.05250047795081391744, -129.0032964984819728 ) ) ;
#3525 = CARTESIAN_POINT ( 'NONE',  ( -3.193274380854953520, -0.04299606395733486519, -95.37080794382440274 ) ) ;
#3526 = CARTESIAN_POINT ( 'NONE',  ( -8.809355306987120215, -2.108321264083826030, -24.61862360273558537 ) ) ;
#3527 = CARTESIAN_POINT ( 'NONE',  ( -9.977207085202936199, -1.986190422678659084, -50.27167192346701796 ) ) ;
#3528 = CARTESIAN_POINT ( 'NONE',  ( 50.23999539110279500, 2.709160660643448626, -122.9832437410476871 ) ) ;
#3529 = CARTESIAN_POINT ( 'NONE',  ( -10.65897819955961978, -0.6024593106960098865, -66.40617778049752928 ) ) ;
#3530 = CARTESIAN_POINT ( 'NONE',  ( 45.87896391701296750, 0.8340780423557556666, -118.5155649567014535 ) ) ;
#3531 = CARTESIAN_POINT ( 'NONE',  ( -8.558820642969459769, -1.460191913081149817, -62.57450934563720324 ) ) ;
#3532 = CARTESIAN_POINT ( 'NONE',  ( 45.83094385223579792, 0.8278201317199918030, -114.6518230225942574 ) ) ;
#3533 = CARTESIAN_POINT ( 'NONE',  ( 49.97705194036615950, 2.719519930970577093, -126.6815383043737882 ) ) ;
#3534 = CARTESIAN_POINT ( 'NONE',  ( 50.19705675282995117, 2.350485265432863180, -131.2932452747288039 ) ) ;
#3535 = CARTESIAN_POINT ( 'NONE',  ( 49.42676615611166824, -0.4624967305200192169, -132.4759692318894508 ) ) ;
#3536 = CARTESIAN_POINT ( 'NONE',  ( -12.81124490787566828, -2.551618836274140989, -32.97162170244569523 ) ) ;
#3537 = CARTESIAN_POINT ( 'NONE',  ( 49.66464906628892351, -0.8041811859469160106, -128.4211593207574538 ) ) ;
#3538 = CARTESIAN_POINT ( 'NONE',  ( 7.064036863169936176, 1.263780672652207171, -103.0246802242921831 ) ) ;
#3539 = CARTESIAN_POINT ( 'NONE',  ( 33.61150694637470338, 3.112822765247101220, -111.4460973217234567 ) ) ;
#3540 = CARTESIAN_POINT ( 'NONE',  ( 48.41558587914879297, 0.7760533667006078717, -126.8452991610846681 ) ) ;
#3541 = CARTESIAN_POINT ( 'NONE',  ( -8.232301445787413741, -2.437107914257165664, -21.43190995960261702 ) ) ;
#3542 = CARTESIAN_POINT ( 'NONE',  ( 45.37910815619542859, -0.6792905981422681094, -116.6704399312777127 ) ) ;
#3543 = CARTESIAN_POINT ( 'NONE',  ( -2.865590592118123059, -0.3337446349935996870, -88.28921182223305664 ) ) ;
#3544 = APPROVAL_DATE_TIME ( #2237, #3252 ) ;
#3545 = CARTESIAN_POINT ( 'NONE',  ( 48.50000000000010658, 0.9999999999999718003, -132.9999999999997726 ) ) ;
#3546 = CARTESIAN_POINT ( 'NONE',  ( 34.33371661358391691, 1.467119957823677101, -113.3986792361350666 ) ) ;
#3547 = CARTESIAN_POINT ( 'NONE',  ( 47.69956584843315284, 2.095409610954650947, -116.3094487720034778 ) ) ;
#3548 = CARTESIAN_POINT ( 'NONE',  ( 7.868213362720753778, 2.383757030004050481, -106.4150484032730191 ) ) ;
#3549 = CARTESIAN_POINT ( 'NONE',  ( -11.23308523419550653, -0.5247263743232969402, -40.13852522478968154 ) ) ;
#3550 = CARTESIAN_POINT ( 'NONE',  ( 34.80476154694753887, -0.4775229698424302560, -112.2736665383145436 ) ) ;
#3551 = CARTESIAN_POINT ( 'NONE',  ( 41.04875538867223383, 2.231753381132789649, -115.0488071690322016 ) ) ;
#3552 = CARTESIAN_POINT ( 'NONE',  ( -5.530437669499569608, -0.1141216734966298413, -6.187391528100329552 ) ) ;
#3553 = CARTESIAN_POINT ( 'NONE',  ( 50.30089438849350358, 0.2626198717435624941, -131.4942201262018102 ) ) ;
#3554 = CARTESIAN_POINT ( 'NONE',  ( -11.85881014559845603, -3.870424632012321009, -38.52820397975512634 ) ) ;
#3555 = CARTESIAN_POINT ( 'NONE',  ( -10.90494273056388685, -2.686426422236056322, -64.34691946888757741 ) ) ;
#3556 = CARTESIAN_POINT ( 'NONE',  ( -10.12538545704389037, -2.480294163242273697, -46.77847514626139969 ) ) ;
#3557 = CARTESIAN_POINT ( 'NONE',  ( -3.474723813119009463, -0.3936038726512649522, -86.36117469859017604 ) ) ;
#3558 = CARTESIAN_POINT ( 'NONE',  ( 46.12665821526141485, 2.831544339105179109, -116.2156748614752786 ) ) ;
#3559 = CARTESIAN_POINT ( 'NONE',  ( -7.108025451245493009, 0.3800389968770941929, -82.89669020846305614 ) ) ;
#3560 = CARTESIAN_POINT ( 'NONE',  ( 22.48771451293134049, 1.062340627576832786, -111.1233459120439875 ) ) ;
#3561 = CARTESIAN_POINT ( 'NONE',  ( -1.576319787214613966, -0.1565040201389441832, -91.84833584270646156 ) ) ;
#3562 = CARTESIAN_POINT ( 'NONE',  ( 36.50675845974785716, 2.428343145885198950, -111.1267037445274752 ) ) ;
#3563 = CARTESIAN_POINT ( 'NONE',  ( 20.02256872645248009, 1.825881633034863061, -107.6046856745778086 ) ) ;
#3564 = CARTESIAN_POINT ( 'NONE',  ( 50.00175999281258754, 2.718859356261511984, -126.3395027457606119 ) ) ;
#3565 = CARTESIAN_POINT ( 'NONE',  ( 49.68534125215136044, 2.366164529140949657, -132.9689994179523183 ) ) ;
#3566 = CARTESIAN_POINT ( 'NONE',  ( 9.815004347562874543, 0.4792354408151227596, -104.6377686558026028 ) ) ;
#3567 = CARTESIAN_POINT ( 'NONE',  ( 48.12483164015142023, 2.103544755097182861, -130.7492071282131292 ) ) ;
#3568 = CARTESIAN_POINT ( 'NONE',  ( 48.73658979881272302, -0.7745011967136702369, -132.1537122517871126 ) ) ;
#3569 = CARTESIAN_POINT ( 'NONE',  ( 8.371672840017422956, 1.323482702436549197, -103.7712979772985165 ) ) ;
#3570 = CARTESIAN_POINT ( 'NONE',  ( -7.710116822317299778, 0.3422729102663757406, -79.82868103756365485 ) ) ;
#3571 = CARTESIAN_POINT ( 'NONE',  ( 47.89955415679345663, 2.451193178143849405, -132.6100186463412456 ) ) ;
#3572 = CARTESIAN_POINT ( 'NONE',  ( 47.71570088333731974, 0.8021741169481182432, -130.4378037783096431 ) ) ;
#3573 = CARTESIAN_POINT ( 'NONE',  ( 43.57104212080649575, -0.6347992366140640108, -115.0148823162060836 ) ) ;
#3574 = CARTESIAN_POINT ( 'NONE',  ( 41.01992232833074326, -0.5828002358147488238, -114.2250213604681193 ) ) ;
#3575 = CARTESIAN_POINT ( 'NONE',  ( 11.24764895423122724, 0.9739790773330987417, -105.1603985756716355 ) ) ;
#3576 = CALENDAR_DATE ( 2026, 26, 7 ) ;
#3577 = CARTESIAN_POINT ( 'NONE',  ( 1.750000000000000000, 0.000000000000000000, 0.000000000000000000 ) ) ;
#3578 = CARTESIAN_POINT ( 'NONE',  ( 47.28924454619065898, 1.285179352950542864, -120.1279058600611904 ) ) ;
#3579 = CARTESIAN_POINT ( 'NONE',  ( 51.30812512104817813, 1.975841661759606627, -124.1929770648213918 ) ) ;
#3580 = CARTESIAN_POINT ( 'NONE',  ( -3.097470605498715113, 1.282317007798805086, -94.96770508578522652 ) ) ;
#3581 = CARTESIAN_POINT ( 'NONE',  ( -10.95516799813997721, -0.4281630688090283798, -34.10926307375885358 ) ) ;
#3582 = CARTESIAN_POINT ( 'NONE',  ( 8.648129022604818417, -0.5862286455343480585, -105.4506149865350864 ) ) ;
#3583 = CARTESIAN_POINT ( 'NONE',  ( 36.35061696263765896, 2.289024598341669048, -113.5615091566899082 ) ) ;
#3584 = CARTESIAN_POINT ( 'NONE',  ( 7.404314482709889234, 1.953384968068000660, -106.4397856872738402 ) ) ;
#3585 = CARTESIAN_POINT ( 'NONE',  ( 51.06091411731873819, 0.2483830560600742421, -122.7750556451314878 ) ) ;
#3586 = CARTESIAN_POINT ( 'NONE',  ( 19.14048092643339061, -0.1436923860596041880, -109.7443668092905398 ) ) ;
#3587 = CARTESIAN_POINT ( 'NONE',  ( 11.77098731297276935, 0.5369155692163234406, -105.4412388933736082 ) ) ;
#3588 = CARTESIAN_POINT ( 'NONE',  ( 12.78097491910458849, 1.007114849937920775, -105.7256876228273512 ) ) ;
#3589 = CARTESIAN_POINT ( 'NONE',  ( 31.61246402355167362, 1.683144959330244550, -109.7740543133508169 ) ) ;
#3590 = CARTESIAN_POINT ( 'NONE',  ( 43.76675139477413978, 2.893965639115565480, -114.7064604343171226 ) ) ;
#3591 = CARTESIAN_POINT ( 'NONE',  ( 49.81938068573330014, 2.724142989567726492, -128.0105095362070244 ) ) ;
#3592 = CARTESIAN_POINT ( 'NONE',  ( 48.22480637971876405, 0.7834725184843854828, -128.1866764857459486 ) ) ;
#3593 = CARTESIAN_POINT ( 'NONE',  ( 5.075205250944613056, 1.634805368836410366, -101.7477839391859931 ) ) ;
#3594 = CARTESIAN_POINT ( 'NONE',  ( 19.22797634314559190, 3.150710513653857792, -109.2457470034283347 ) ) ;
#3595 = CARTESIAN_POINT ( 'NONE',  ( 10.19733480201145959, 3.077374519632772198, -106.3286930034722673 ) ) ;
#3596 = CARTESIAN_POINT ( 'NONE',  ( -0.2924183996934370255, -0.7367716193012331383, -2.861230633546356650 ) ) ;
#3597 = CARTESIAN_POINT ( 'NONE',  ( 5.033536142745776765, 0.9319158539294671861, -105.2677226657017115 ) ) ;
#3598 = CARTESIAN_POINT ( 'NONE',  ( -7.746372747437411554, -2.094965263731642491, -66.13483000755624630 ) ) ;
#3599 = CARTESIAN_POINT ( 'NONE',  ( -2.347831732189028298, 0.1788751670506414093, -89.78591779292455044 ) ) ;
#3600 = CARTESIAN_POINT ( 'NONE',  ( -3.116942403782783977, 1.809106256683025160, -92.59968535283225322 ) ) ;
#3601 = CARTESIAN_POINT ( 'NONE',  ( 36.03207948876758593, 0.9513220535776055753, -113.8328329506109355 ) ) ;
#3602 = CARTESIAN_POINT ( 'NONE',  ( 47.52067947601146614, -0.7378852195641131262, -118.0784917645153200 ) ) ;
#3603 = CARTESIAN_POINT ( 'NONE',  ( 49.39308891088846565, -0.7903250959214481730, -127.4505763282740816 ) ) ;
#3604 = CARTESIAN_POINT ( 'NONE',  ( 1.890041521158904780, 0.4070058440533158017, -98.32600896483474173 ) ) ;
#3605 = CARTESIAN_POINT ( 'NONE',  ( -10.32938115073862484, -2.017073804835858741, -41.50874012673127567 ) ) ;
#3606 = CARTESIAN_POINT ( 'NONE',  ( 21.37443238819551539, 1.504874916165534149, -110.9016858723685317 ) ) ;
#3607 = CARTESIAN_POINT ( 'NONE',  ( -6.039490055648466083, 0.2668068119208164557, -87.47710867971828463 ) ) ;
#3608 = CARTESIAN_POINT ( 'NONE',  ( 34.11001349047456443, -0.4670844096548391056, -112.1128440754916369 ) ) ;
#3609 = CARTESIAN_POINT ( 'NONE',  ( -13.25243258510552735, -1.842672717693621287, -43.49181392552746672 ) ) ;
#3610 = CARTESIAN_POINT ( 'NONE',  ( 30.09728371935799274, 0.7760633686210763882, -109.6715802158170447 ) ) ;
#3611 = CARTESIAN_POINT ( 'NONE',  ( -7.765021967763437338, -3.217401613648438907, -71.67761539102569657 ) ) ;
#3612 = CARTESIAN_POINT ( 'NONE',  ( -2.826079987132389171, -0.7768708768892961247, -88.35338297948979402 ) ) ;
#3613 = CARTESIAN_POINT ( 'NONE',  ( 34.09442143475838805, 0.7416526058584080872, -110.4759911546324957 ) ) ;
#3614 = CARTESIAN_POINT ( 'NONE',  ( 49.68415568459340648, 1.197673999814089285, -118.4193301167685632 ) ) ;
#3615 = CARTESIAN_POINT ( 'NONE',  ( 50.20301955784292858, 2.706829552390665583, -128.1932117141078038 ) ) ;
#3616 = CARTESIAN_POINT ( 'NONE',  ( 40.53028491000911515, 2.650283882362828969, -112.5798206973497031 ) ) ;
#3617 = CARTESIAN_POINT ( 'NONE',  ( 47.32780229831612928, -0.02022632273904622843, -132.2782777126561768 ) ) ;
#3618 = CARTESIAN_POINT ( 'NONE',  ( -1.561397081317172253, 0.9134766528357441961, 0.000000000000000000 ) ) ;
#3619 = CARTESIAN_POINT ( 'NONE',  ( -12.17419386604402831, -3.669234675629386988, -36.11744267839170419 ) ) ;
#3620 = CARTESIAN_POINT ( 'NONE',  ( -10.10668844828574109, -1.925080289297482317, -34.63668014283436491 ) ) ;
#3621 = CARTESIAN_POINT ( 'NONE',  ( 33.49970498477465242, 1.665838123917960267, -110.1638947120062255 ) ) ;
#3622 = CARTESIAN_POINT ( 'NONE',  ( 42.76968334816878325, 2.914524063504014162, -114.6657863522175091 ) ) ;
#3623 = CARTESIAN_POINT ( 'NONE',  ( 7.712418834175656102, 2.986098917879371317, -105.1781669971580868 ) ) ;
#3624 = CARTESIAN_POINT ( 'NONE',  ( 44.74795636231151974, 0.02385668212116659123, -114.4351125510235647 ) ) ;
#3625 = CARTESIAN_POINT ( 'NONE',  ( 43.66921379025792049, 1.363113997577608094, -116.7535583962182244 ) ) ;
#3626 = CARTESIAN_POINT ( 'NONE',  ( 48.88128466376799963, -0.7792373899818553218, -131.6875674586505340 ) ) ;
#3627 = CARTESIAN_POINT ( 'NONE',  ( -10.39681902742466058, -1.563854516414839857, -41.47607830984843247 ) ) ;
#3628 = CARTESIAN_POINT ( 'NONE',  ( -1.073441303940510849, 2.206361142006318055, -96.69518406742203354 ) ) ;
#3629 = CARTESIAN_POINT ( 'NONE',  ( -4.094966834839142145, -1.615364289394431552, -91.28103794090627332 ) ) ;
#3630 = CARTESIAN_POINT ( 'NONE',  ( 35.08326637030660322, -0.4560930582996941540, -111.9195613411652772 ) ) ;
#3631 = CARTESIAN_POINT ( 'NONE',  ( 49.18843577837063918, -0.7838571395857523161, -122.3092025078116762 ) ) ;
#3632 = CARTESIAN_POINT ( 'NONE',  ( 48.64978327774409905, 1.669195371399213146, -127.2047547409474504 ) ) ;
#3633 = CARTESIAN_POINT ( 'NONE',  ( 49.01865757181085570, 2.412867011727128030, -128.3292738542349980 ) ) ;
#3634 = CARTESIAN_POINT ( 'NONE',  ( 24.79132240908005258, -0.3631247166150304295, -110.3759395201344375 ) ) ;
#3635 = CARTESIAN_POINT ( 'NONE',  ( -4.955642184643072490, 0.3224435164245068042, -90.99780298795182887 ) ) ;
#3636 = CARTESIAN_POINT ( 'NONE',  ( 51.15690790178562963, 0.2393677593811074089, -127.2234955904713587 ) ) ;
#3637 = CARTESIAN_POINT ( 'NONE',  ( -1.087256315488953184, -1.242658390749123765, -97.34940027822275965 ) ) ;
#3638 = CARTESIAN_POINT ( 'NONE',  ( -0.7692997591610051256, -0.4630798554241499776, -93.80606822147929336 ) ) ;
#3639 = CARTESIAN_POINT ( 'NONE',  ( 51.26623960094740795, 0.2387796082872019887, -125.0037087384294807 ) ) ;
#3640 = CARTESIAN_POINT ( 'NONE',  ( 51.38731248503880522, 1.138199256738495979, -123.1297949064481543 ) ) ;
#3641 = CARTESIAN_POINT ( 'NONE',  ( 50.43354062480842970, 2.701589739681590441, -124.9842740036276467 ) ) ;
#3642 = CARTESIAN_POINT ( 'NONE',  ( 47.89830038565435189, -0.04059460723114292902, -130.3890756139968516 ) ) ;
#3643 = CARTESIAN_POINT ( 'NONE',  ( 50.03225849598708663, 2.718311733047528822, -125.2701584279275693 ) ) ;
#3644 = CARTESIAN_POINT ( 'NONE',  ( 46.74631418378616132, 0.8371934883869599497, -133.4128928899945095 ) ) ;
#3645 = CARTESIAN_POINT ( 'NONE',  ( 8.861185259395801594, 1.826131934430004877, -104.1071535196203826 ) ) ;
#3646 = CARTESIAN_POINT ( 'NONE',  ( 41.67096531999758469, 2.938669903877478617, -114.1755481918257686 ) ) ;
#3647 = CARTESIAN_POINT ( 'NONE',  ( 43.59176714898334382, 2.898537863308217499, -114.6153599832616834 ) ) ;
#3648 = CARTESIAN_POINT ( 'NONE',  ( 43.62541710420418895, 0.05554018852370223858, -113.8159133567099701 ) ) ;
#3649 = CARTESIAN_POINT ( 'NONE',  ( 48.53171230835020822, 1.254854903361205753, -124.2139853109334950 ) ) ;
#3650 = CARTESIAN_POINT ( 'NONE',  ( 49.13874787293618596, -0.7875809123737831374, -130.7796047491031288 ) ) ;
#3651 = CARTESIAN_POINT ( 'NONE',  ( 1.336723776510933437, 0.7857655279821941230, -97.45323839091524576 ) ) ;
#3652 = CARTESIAN_POINT ( 'NONE',  ( 31.02344829064342591, 3.147551313748229607, -110.8895092223789902 ) ) ;
#3653 = CARTESIAN_POINT ( 'NONE',  ( -12.29131246335001038, -3.756691854299121669, -41.38490742742690287 ) ) ;
#3654 = CARTESIAN_POINT ( 'NONE',  ( -2.703912154442500437, -1.183614310636529332, -89.20825760325381282 ) ) ;
#3655 = CARTESIAN_POINT ( 'NONE',  ( 20.51390026434187419, -0.3693854068241342326, -109.3963155154723950 ) ) ;
#3656 = CARTESIAN_POINT ( 'NONE',  ( 19.96396865991809122, 0.9056754448425542448, -107.7284167651605884 ) ) ;
#3657 = CARTESIAN_POINT ( 'NONE',  ( 48.35075645717418524, 1.680128303853677396, -128.9798899878842917 ) ) ;
#3658 = CARTESIAN_POINT ( 'NONE',  ( 48.65113310215268427, 2.425392359866485492, -130.0620935050899050 ) ) ;
#3659 = CARTESIAN_POINT ( 'NONE',  ( 49.47404626019021379, -0.7928725705190566853, -126.6915305811108823 ) ) ;
#3660 = CARTESIAN_POINT ( 'NONE',  ( -4.714472045620506258, 0.4150608017123052496, -91.65193952392066024 ) ) ;
#3661 = CARTESIAN_POINT ( 'NONE',  ( -9.423770156160667710, -3.587175727105668788, -64.20426000662790500 ) ) ;
#3662 = CARTESIAN_POINT ( 'NONE',  ( 5.854685231121302458, 0.3000938235682915067, -102.3999196102622449 ) ) ;
#3663 = CARTESIAN_POINT ( 'NONE',  ( 8.859370693829772492, 0.8935303228121908026, -104.1023055945146893 ) ) ;
#3664 = CARTESIAN_POINT ( 'NONE',  ( 32.71187851633490595, 0.7594330106286590887, -110.1818830163018674 ) ) ;
#3665 = CARTESIAN_POINT ( 'NONE',  ( 14.39491916712499275, 1.954992195207574168, -106.2356563227201320 ) ) ;
#3666 = CARTESIAN_POINT ( 'NONE',  ( -12.73909370437565158, -0.6699923046824861617, -41.16543269029416052 ) ) ;
#3667 = CARTESIAN_POINT ( 'NONE',  ( 13.49389375457071694, 2.711823952557870676, -106.3823965563227176 ) ) ;
#3668 = CARTESIAN_POINT ( 'NONE',  ( 48.34038317201606816, -0.05648149435505443738, -128.4534119261884939 ) ) ;
#3669 = CARTESIAN_POINT ( 'NONE',  ( 49.97705194036615950, 2.719519930970577093, -126.6815383043737882 ) ) ;
#3670 = CARTESIAN_POINT ( 'NONE',  ( -2.950137084072264937, -1.856198627298983661, -3.017844542298415256 ) ) ;
#3671 = CARTESIAN_POINT ( 'NONE',  ( -2.474063543528732367, 0.6441017009172658181, -89.86707566064059449 ) ) ;
#3672 = CARTESIAN_POINT ( 'NONE',  ( -1.819789135765702559, 2.077723689663748097, -95.31071957249470472 ) ) ;
#3673 = CARTESIAN_POINT ( 'NONE',  ( 50.44929557898873185, -0.1458390377300805563, -121.1503040820925179 ) ) ;
#3674 = CARTESIAN_POINT ( 'NONE',  ( 25.72633574217009667, 1.613171440501308229, -111.7166795783558229 ) ) ;
#3675 = CARTESIAN_POINT ( 'NONE',  ( 8.924090468869259496, 0.03518497726997307784, -104.4612648829928787 ) ) ;
#3676 = CARTESIAN_POINT ( 'NONE',  ( 51.25935897199137514, 0.6575617712178213337, -122.7191933868400184 ) ) ;
#3677 = CARTESIAN_POINT ( 'NONE',  ( 8.532547791670797466, 2.844431020952406186, -104.7703381755147234 ) ) ;
#3678 = CARTESIAN_POINT ( 'NONE',  ( 47.28441464200528088, 0.8177860312653644215, -131.8767413978999059 ) ) ;
#3679 = CARTESIAN_POINT ( 'NONE',  ( 11.33241270595541295, 0.1136634273972886716, -105.5128593847009455 ) ) ;
#3680 = CARTESIAN_POINT ( 'NONE',  ( -3.036185283589730055, -1.761654173375452492, -89.82135747172718254 ) ) ;
#3681 = CARTESIAN_POINT ( 'NONE',  ( 24.22938351348282637, 0.7973970208376593982, -108.6175495872489165 ) ) ;
#3682 = CARTESIAN_POINT ( 'NONE',  ( 19.96396865991809122, 0.9056754448425542448, -107.7284167651605884 ) ) ;
#3683 = CARTESIAN_POINT ( 'NONE',  ( 19.49249303243028919, 2.698597641550886106, -109.9950413653037629 ) ) ;
#3684 = CARTESIAN_POINT ( 'NONE',  ( 49.11702907983278976, -0.7816962066876000925, -122.0388413120956699 ) ) ;
#3685 = CARTESIAN_POINT ( 'NONE',  ( 33.42837953984977872, 2.340931603814267348, -112.8616985098856276 ) ) ;
#3686 = CARTESIAN_POINT ( 'NONE',  ( 48.91784341153270788, 2.073893316851085356, -124.0733037863316071 ) ) ;
#3687 = ORIENTED_EDGE ( 'NONE', *, *, #328, .T. ) ;
#3688 = CARTESIAN_POINT ( 'NONE',  ( 32.42452797396313713, -0.1352360920913227849, -112.4627408126796126 ) ) ;
#3689 = CARTESIAN_POINT ( 'NONE',  ( 9.815004347562874543, 0.4792354408151227596, -104.6377686558026028 ) ) ;
#3690 = CARTESIAN_POINT ( 'NONE',  ( 8.386802387764381805, 0.8744104022196241832, -103.8603460036257502 ) ) ;
#3691 = CARTESIAN_POINT ( 'NONE',  ( 32.94655673923134742, 0.7570282130561730716, -110.2302426402845867 ) ) ;
#3692 = CARTESIAN_POINT ( 'NONE',  ( 33.49970498477465242, 1.665838123917960267, -110.1638947120062255 ) ) ;
#3693 = CARTESIAN_POINT ( 'NONE',  ( -2.039197119682932158, 1.966044690002970663, -95.73933848993169704 ) ) ;
#3694 = CARTESIAN_POINT ( 'NONE',  ( 49.99080616625738571, 2.008873705021178235, -132.8209154870239104 ) ) ;
#3695 = CARTESIAN_POINT ( 'NONE',  ( 38.15980567351142128, -0.2209330298602167342, -113.8949370437286319 ) ) ;
#3696 = CARTESIAN_POINT ( 'NONE',  ( -3.097470605498715113, 1.282317007798805086, -94.96770508578522652 ) ) ;
#3697 = CARTESIAN_POINT ( 'NONE',  ( 47.35236607090353544, 0.8153299789294119471, -131.6653537612925220 ) ) ;
#3698 = CARTESIAN_POINT ( 'NONE',  ( -10.10066376803375121, -1.455696398471204578, -33.75718189355499277 ) ) ;
#3699 = CARTESIAN_POINT ( 'NONE',  ( -3.654930152081607986, 1.674406053195298449, -91.37131106843565931 ) ) ;
#3700 = CARTESIAN_POINT ( 'NONE',  ( 51.03366920835292575, -0.1704009860328565829, -126.1932707829480904 ) ) ;
#3701 = CARTESIAN_POINT ( 'NONE',  ( 16.11280323268494641, 1.298454056978028515, -109.7262480162587366 ) ) ;
#3702 = CARTESIAN_POINT ( 'NONE',  ( 42.88175709072381636, -0.2674339320927568431, -113.8145687510405679 ) ) ;
#3703 = CARTESIAN_POINT ( 'NONE',  ( 14.37072616969930294, 1.021672318623458198, -106.2443641434102801 ) ) ;
#3704 = CARTESIAN_POINT ( 'NONE',  ( 13.78557440751619190, 0.7563765995565299161, -109.0046890336531220 ) ) ;
#3705 = CARTESIAN_POINT ( 'NONE',  ( 51.28827991861276558, 0.6491741603890411882, -127.8472185855188457 ) ) ;
#3706 = CARTESIAN_POINT ( 'NONE',  ( 7.866444928456991725, -0.1698128662302692549, -106.2670159269303127 ) ) ;
#3707 = CARTESIAN_POINT ( 'NONE',  ( 15.02448815109581126, 0.1670705677512410448, -106.7734608798628102 ) ) ;
#3708 = CARTESIAN_POINT ( 'NONE',  ( -9.479002479616172039, -3.249321231930086373, -25.02182556228940058 ) ) ;
#3709 = CARTESIAN_POINT ( 'NONE',  ( -1.991109478157906176, -0.2221997031173693626, -90.77939396177734466 ) ) ;
#3710 = CARTESIAN_POINT ( 'NONE',  ( 44.85576849983998926, 2.519514647339822222, -116.6928648681804503 ) ) ;
#3711 = CARTESIAN_POINT ( 'NONE',  ( 49.31674212533587109, -0.7877848699459898407, -122.8881197328925339 ) ) ;
#3712 = CARTESIAN_POINT ( 'NONE',  ( 48.28975239014069842, 2.090684507773751477, -121.3270326606575082 ) ) ;
#3713 = CARTESIAN_POINT ( 'NONE',  ( 2.474171356882187922, 0.2537827681938586988, -103.1557612782051621 ) ) ;
#3714 = CARTESIAN_POINT ( 'NONE',  ( 42.29438726843597607, -0.2726209643336353072, -115.5483825424346804 ) ) ;
#3715 = CARTESIAN_POINT ( 'NONE',  ( 1.750000000000000000, 0.000000000000000000, 0.000000000000000000 ) ) ;
#3716 = CARTESIAN_POINT ( 'NONE',  ( 50.44929557898873185, -0.1458390377300805563, -121.1503040820925179 ) ) ;
#3717 = CARTESIAN_POINT ( 'NONE',  ( -1.879823506295037472, -0.2057465445072835519, -91.07247378567889484 ) ) ;
#3718 = CARTESIAN_POINT ( 'NONE',  ( -7.047405524503997931, -1.180200412020220524, -83.61400545215954594 ) ) ;
#3719 = CARTESIAN_POINT ( 'NONE',  ( -6.001771732305797080, 0.7383832952221486279, -81.53982717227724208 ) ) ;
#3720 = CARTESIAN_POINT ( 'NONE',  ( -5.780437644760915816, 0.9061619597150641914, -86.91510918692229382 ) ) ;
#3721 = CARTESIAN_POINT ( 'NONE',  ( -11.53206341285849668, -0.3273257664384315868, -36.91014623189331445 ) ) ;
#3722 = CARTESIAN_POINT ( 'NONE',  ( 44.08008257183612244, -0.3028753373588125575, -116.5680844601407955 ) ) ;
#3723 = CARTESIAN_POINT ( 'NONE',  ( 7.372848174377743646, 2.362554640021802044, -106.1669192326321252 ) ) ;
#3724 = CARTESIAN_POINT ( 'NONE',  ( 12.52814523926252654, -0.03030410902565859599, -108.1671744141161469 ) ) ;
#3725 = CARTESIAN_POINT ( 'NONE',  ( 51.17792641767533013, 1.975211770896928121, -127.7745328471439308 ) ) ;
#3726 = CARTESIAN_POINT ( 'NONE',  ( -7.561131353849463110, -0.5300373787375275425, -70.03689247387568173 ) ) ;
#3727 = CARTESIAN_POINT ( 'NONE',  ( 50.17259809573845075, 2.707695671944750693, -128.3826672919676639 ) ) ;
#3728 = CARTESIAN_POINT ( 'NONE',  ( 19.97246829903915710, 0.4720645908791635814, -107.8723457959121816 ) ) ;
#3729 = CARTESIAN_POINT ( 'NONE',  ( 15.52393580658973704, 1.282220078492478654, -109.5730657658870228 ) ) ;
#3730 = CARTESIAN_POINT ( 'NONE',  ( 10.26147914359986224, 0.9444828925451714818, -104.7537342009346446 ) ) ;
#3731 = CARTESIAN_POINT ( 'NONE',  ( 37.50907942955497276, 1.092824115756081849, -111.1399736591366434 ) ) ;
#3732 = CARTESIAN_POINT ( 'NONE',  ( -2.001270747223876434, 0.2281682785415743153, -90.70318462580019059 ) ) ;
#3733 = CARTESIAN_POINT ( 'NONE',  ( -3.773152963087851752, -1.517232370942844355, -92.26087997736046020 ) ) ;
#3734 = CARTESIAN_POINT ( 'NONE',  ( 32.54135258976564415, 2.822663162735805642, -110.5090753117035121 ) ) ;
#3735 = CARTESIAN_POINT ( 'NONE',  ( -10.33136419662487171, -2.909479904591306010, -39.10225125785935774 ) ) ;
#3736 = CARTESIAN_POINT ( 'NONE',  ( 48.26202733568592151, -0.7529683471343371348, -132.2851002471349773 ) ) ;
#3737 = CARTESIAN_POINT ( 'NONE',  ( -2.328456497552132909, -0.2693163911033802926, -89.85796803936257504 ) ) ;
#3738 = CARTESIAN_POINT ( 'NONE',  ( 34.93656085580244053, 2.674775452659104324, -112.9004756474823665 ) ) ;
#3739 = CARTESIAN_POINT ( 'NONE',  ( 48.60743535600473564, -0.7645517240754179378, -131.1526676518059560 ) ) ;
#3740 = CARTESIAN_POINT ( 'NONE',  ( 33.42837953984977872, 2.340931603814267348, -112.8616985098856276 ) ) ;
#3741 = CARTESIAN_POINT ( 'NONE',  ( 48.67577565166204323, -0.4139470075430572438, -127.8788992872851082 ) ) ;
#3742 = CARTESIAN_POINT ( 'NONE',  ( 50.87196344297022677, -0.1670823798723727882, -127.8517322245363914 ) ) ;
#3743 = CARTESIAN_POINT ( 'NONE',  ( 0.3339418752604124130, 0.1857170575338286944, -95.90725681480321896 ) ) ;
#3744 = CARTESIAN_POINT ( 'NONE',  ( -12.96709558398532991, -2.312654956606231771, -48.89320473815222812 ) ) ;
#3745 = CARTESIAN_POINT ( 'NONE',  ( 50.41178526476166155, 1.158045929310116184, -132.0886610166894570 ) ) ;
#3746 = CARTESIAN_POINT ( 'NONE',  ( -12.16126147323447526, -0.6752682294021908893, -53.64859265265665300 ) ) ;
#3747 = CARTESIAN_POINT ( 'NONE',  ( 50.98630731022300466, 1.989037358241217079, -122.0654160270211293 ) ) ;
#3748 = CARTESIAN_POINT ( 'NONE',  ( 13.49849369818633349, -0.2804702371738399536, -108.1305352277061615 ) ) ;
#3749 = CARTESIAN_POINT ( 'NONE',  ( -12.12663809140319238, -1.365464689016251176, -57.74602319651795312 ) ) ;
#3750 = CARTESIAN_POINT ( 'NONE',  ( 15.87678802194486138, 0.04575763382690278824, -109.1837677046716522 ) ) ;
#3751 = CARTESIAN_POINT ( 'NONE',  ( -8.518165341969977433, 0.2730610116915813124, -73.69459382225318222 ) ) ;
#3752 = CARTESIAN_POINT ( 'NONE',  ( -0.2978722749061230579, 0.1799077726086954210, -2.854217278278059489 ) ) ;
#3753 = CARTESIAN_POINT ( 'NONE',  ( -2.968724440529864061, 1.267895539459984677, -2.993945044657392085 ) ) ;
#3754 = CARTESIAN_POINT ( 'NONE',  ( 50.77224386662359734, -0.1645407589263491455, -128.4994077357514186 ) ) ;
#3755 = CARTESIAN_POINT ( 'NONE',  ( -9.345394894456577006, -2.194495068462130938, -15.87813026169402519 ) ) ;
#3756 = CARTESIAN_POINT ( 'NONE',  ( 44.83225068910230959, 0.4386752386393267811, -114.2597351670986399 ) ) ;
#3757 = CARTESIAN_POINT ( 'NONE',  ( 50.38941325714117170, 0.6888836872063539563, -119.8443282850056448 ) ) ;
#3758 = CARTESIAN_POINT ( 'NONE',  ( 16.96926891620956823, 2.995885060910695952, -107.6362099619051520 ) ) ;
#3759 = CARTESIAN_POINT ( 'NONE',  ( -10.61610351037983513, -3.071162339800324936, -64.24242636370301796 ) ) ;
#3760 = CARTESIAN_POINT ( 'NONE',  ( 21.11110865328472741, 1.296800992517623152, -107.8259854930564074 ) ) ;
#3761 = CARTESIAN_POINT ( 'NONE',  ( 27.36181642036812534, 0.2816496102194817608, -111.7972272088970271 ) ) ;
#3762 = CARTESIAN_POINT ( 'NONE',  ( 38.86229793811833133, 2.698187022846978422, -112.0459861977657567 ) ) ;
#3763 = CARTESIAN_POINT ( 'NONE',  ( 0.2585855195894899983, -0.6803123190829075684, -96.24811238147127312 ) ) ;
#3764 = CARTESIAN_POINT ( 'NONE',  ( -10.61850750748320138, -3.530736517328107560, -35.17355138516789737 ) ) ;
#3765 = CARTESIAN_POINT ( 'NONE',  ( 34.34043918949357277, 0.7376045750325582739, -110.5307100895853409 ) ) ;
#3766 = CARTESIAN_POINT ( 'NONE',  ( 44.60318920391256370, -0.6601531581529697101, -116.1233047907174125 ) ) ;
#3767 = CARTESIAN_POINT ( 'NONE',  ( 34.79623544480504904, 2.314392901351479459, -113.1762621687256285 ) ) ;
#3768 = CARTESIAN_POINT ( 'NONE',  ( 48.30531456819323921, -0.4068897713709554997, -121.6039745145516378 ) ) ;
#3769 = CARTESIAN_POINT ( 'NONE',  ( -10.31962513074953947, -2.001561946542747883, -39.77806334546590250 ) ) ;
#3770 = CARTESIAN_POINT ( 'NONE',  ( 51.06091411731873819, 0.2483830560600742421, -122.7750556451314878 ) ) ;
#3771 = CARTESIAN_POINT ( 'NONE',  ( -10.30178797845837479, -2.233234856334170182, -68.43992495240253504 ) ) ;
#3772 = CARTESIAN_POINT ( 'NONE',  ( -2.029406348219542799, 1.505503288476443435, -92.27470945523056400 ) ) ;
#3773 = CARTESIAN_POINT ( 'NONE',  ( -8.818392605697493281, 0.2976034475144122560, -15.61195792091143808 ) ) ;
#3774 = CARTESIAN_POINT ( 'NONE',  ( -11.62217354138767611, -0.3653491340943336163, -39.52875761601212901 ) ) ;
#3775 = CARTESIAN_POINT ( 'NONE',  ( 35.15609907548087421, -0.1806679412650578909, -113.0660353047768041 ) ) ;
#3776 = CARTESIAN_POINT ( 'NONE',  ( -3.706485258149026407, 1.131897805041180538, -93.65195541594891893 ) ) ;
#3777 = CARTESIAN_POINT ( 'NONE',  ( -3.773152963087851752, -1.517232370942844355, -92.26087997736046020 ) ) ;
#3778 = CARTESIAN_POINT ( 'NONE',  ( 0.4581489286485115886, 1.750000000000000000, 0.000000000000000000 ) ) ;
#3779 = CARTESIAN_POINT ( 'NONE',  ( -11.29432149222248860, -0.6281570498039669159, -61.60585378320260475 ) ) ;
#3780 = CARTESIAN_POINT ( 'NONE',  ( 46.79051821684416979, 1.320759917432524189, -133.4971775832117373 ) ) ;
#3781 = CARTESIAN_POINT ( 'NONE',  ( 13.30528252804611711, 1.014446022294287042, -105.9031833431817518 ) ) ;
#3782 = CARTESIAN_POINT ( 'NONE',  ( 50.82677111686147953, 0.6736986312626731532, -120.9903594924803514 ) ) ;
#3783 = CARTESIAN_POINT ( 'NONE',  ( -2.743558816600504713, 1.661305616472952051, -91.54978781321875658 ) ) ;
#3784 = CARTESIAN_POINT ( 'NONE',  ( 11.22915996488412738, 1.423822095842569802, -105.0733274267262658 ) ) ;
#3785 = CARTESIAN_POINT ( 'NONE',  ( 45.43338710106846179, 0.01043865339675854702, -117.8704351011194831 ) ) ;
#3786 = CARTESIAN_POINT ( 'NONE',  ( 44.79612590759091262, 2.521447834643175678, -114.5073990116216720 ) ) ;
#3787 = CARTESIAN_POINT ( 'NONE',  ( 32.77852107544706683, -0.03213971563961996736, -110.6717091742300170 ) ) ;
#3788 = CARTESIAN_POINT ( 'NONE',  ( -9.841133938780460610, -3.493680857651610072, -55.38602011818892379 ) ) ;
#3789 = CARTESIAN_POINT ( 'NONE',  ( 21.11749508196524872, 0.8670498336072015588, -107.9828559896447899 ) ) ;
#3790 = CARTESIAN_POINT ( 'NONE',  ( 13.78337000631635156, 2.140193633545838914, -108.9190346118891881 ) ) ;
#3791 = CARTESIAN_POINT ( 'NONE',  ( 13.09029586436085424, -0.3629760617933175393, -106.8086406379611901 ) ) ;
#3792 = CARTESIAN_POINT ( 'NONE',  ( 42.82188724355388842, 2.210507854665701544, -115.8563908200764843 ) ) ;
#3793 = CARTESIAN_POINT ( 'NONE',  ( 47.98523196680613268, -0.3982517480820932931, -120.8191280410175352 ) ) ;
#3794 = CARTESIAN_POINT ( 'NONE',  ( -9.829927579339221566, -1.951013618716500142, -52.04520071836636674 ) ) ;
#3795 = CARTESIAN_POINT ( 'NONE',  ( -9.562316876151770728, -1.869185933382153442, -54.71816971516211225 ) ) ;
#3796 = CARTESIAN_POINT ( 'NONE',  ( 51.19714453385490316, 0.2386044733008282903, -126.8037716582053633 ) ) ;
#3797 = CARTESIAN_POINT ( 'NONE',  ( 51.08012168079149973, 0.2410458902583342000, -127.8494754050276185 ) ) ;
#3798 = CARTESIAN_POINT ( 'NONE',  ( -11.16330694597374062, -0.4922853903883133153, -37.55945747944472402 ) ) ;
#3799 = CARTESIAN_POINT ( 'NONE',  ( 50.72637117670426221, 1.987114146352675581, -130.2150435904175367 ) ) ;
#3800 = CARTESIAN_POINT ( 'NONE',  ( 35.81707806827159857, -0.1902110139355066565, -113.2322680515597995 ) ) ;
#3801 = CARTESIAN_POINT ( 'NONE',  ( 21.27343880469097215, 2.747382791579113359, -110.3075443909513353 ) ) ;
#3802 = CARTESIAN_POINT ( 'NONE',  ( 14.17784793765827800, 0.005614448950253212237, -108.6911753304749766 ) ) ;
#3803 = CARTESIAN_POINT ( 'NONE',  ( 48.75936523596581651, -0.4329983149704861312, -118.4807736372287224 ) ) ;
#3804 = CARTESIAN_POINT ( 'NONE',  ( -3.520946110144196339, 1.494210209727937055, -89.69742086170431605 ) ) ;
#3805 = CARTESIAN_POINT ( 'NONE',  ( -12.16126147323447526, -0.6752682294021908893, -53.64859265265665300 ) ) ;
#3806 = CARTESIAN_POINT ( 'NONE',  ( 48.48046136976533660, 1.259165399007685648, -126.9180464909239134 ) ) ;
#3807 = CARTESIAN_POINT ( 'NONE',  ( 43.52795417988061644, 0.4766542868975726654, -113.5524058188548793 ) ) ;
#3808 = CARTESIAN_POINT ( 'NONE',  ( -4.153213592573930413, 0.4248235571440353020, -85.09029791341718862 ) ) ;
#3809 = CARTESIAN_POINT ( 'NONE',  ( -10.06525279615003043, -3.028372951677324565, -66.97482875576355354 ) ) ;
#3810 = CARTESIAN_POINT ( 'NONE',  ( 5.832208016971802245, 1.198579315084682850, -102.2212319708704769 ) ) ;
#3811 = CARTESIAN_POINT ( 'NONE',  ( 40.65960819596332954, 0.08297243283786313872, -115.0740987995892652 ) ) ;
#3812 = CARTESIAN_POINT ( 'NONE',  ( 43.97767236068185781, 2.545047890126944878, -114.0527692744013564 ) ) ;
#3813 = CARTESIAN_POINT ( 'NONE',  ( 50.56987259524164102, -0.4964378467787310956, -127.5175365271512788 ) ) ;
#3814 = CARTESIAN_POINT ( 'NONE',  ( 43.57104212080649575, -0.6347992366140640108, -115.0148823162060836 ) ) ;
#3815 = CARTESIAN_POINT ( 'NONE',  ( 51.13452177196557358, 0.2398226292839067686, -127.4219969148357166 ) ) ;
#3816 = CARTESIAN_POINT ( 'NONE',  ( 50.53871631510239837, 2.340482199145302644, -129.9354604122636943 ) ) ;
#3817 = CARTESIAN_POINT ( 'NONE',  ( 12.66870727980748867, 2.115333292301680324, -108.5743100395106637 ) ) ;
#3818 = CARTESIAN_POINT ( 'NONE',  ( 5.114629961755191800, -0.6670829538452442975, -102.8653499723881879 ) ) ;
#3819 = CARTESIAN_POINT ( 'NONE',  ( -5.519022066551951156, -1.031091410716973078, -6.201146889742038759 ) ) ;
#3820 = CARTESIAN_POINT ( 'NONE',  ( 47.83478140785153698, -0.3844189911845026786, -131.4659462484552535 ) ) ;
#3821 = CARTESIAN_POINT ( 'NONE',  ( 49.26652996813214003, -0.1070947225019560634, -118.6206893648142682 ) ) ;
#3822 = CARTESIAN_POINT ( 'NONE',  ( 49.42947162924562576, 0.3039619628236048809, -118.5003891440106401 ) ) ;
#3823 = CARTESIAN_POINT ( 'NONE',  ( -3.796206972470136609, -0.2990886462367328691, -3.052431154765696597 ) ) ;
#3824 = CARTESIAN_POINT ( 'NONE',  ( -9.778808588562649007, -0.2273390491276492398, -62.38744798275762804 ) ) ;
#3825 = CARTESIAN_POINT ( 'NONE',  ( 51.47443710454298582, 1.134279232136846671, -123.8708065392184778 ) ) ;
#3826 = CARTESIAN_POINT ( 'NONE',  ( -11.11105043884136379, -3.857516945892360827, -43.25539217394828029 ) ) ;
#3827 = CARTESIAN_POINT ( 'NONE',  ( 45.42395285525699222, 2.506202620873966502, -117.1118755931531297 ) ) ;
#3828 = CARTESIAN_POINT ( 'NONE',  ( -12.91831740569495501, -3.167778253372029784, -41.70355851179923690 ) ) ;
#3829 = CARTESIAN_POINT ( 'NONE',  ( -2.296184947649170915, -1.163113042251592733, -95.83530570590254172 ) ) ;
#3830 = CARTESIAN_POINT ( 'NONE',  ( 21.20754516423745173, 0.07011960129141990572, -108.4566854655803496 ) ) ;
#3831 = CARTESIAN_POINT ( 'NONE',  ( -0.6751787599124793315, 2.050327241849164484, -95.88212415359272711 ) ) ;
#3832 = CARTESIAN_POINT ( 'NONE',  ( 48.89883651603468451, 2.747522793795102114, -133.2439138361502557 ) ) ;
#3833 = CARTESIAN_POINT ( 'NONE',  ( -11.78792885822739578, -2.740575848708288298, -25.99441423983000732 ) ) ;
#3834 = CARTESIAN_POINT ( 'NONE',  ( -4.928091361280392491, -0.4936995363268679160, -81.01458454082690253 ) ) ;
#3835 = CARTESIAN_POINT ( 'NONE',  ( 0.2583638317939046525, 1.116377257679506130, -95.90666864116461454 ) ) ;
#3836 = CARTESIAN_POINT ( 'NONE',  ( 51.47350392455314960, 0.6467421096802179470, -125.3483934957041726 ) ) ;
#3837 = CARTESIAN_POINT ( 'NONE',  ( 47.71569396433786636, -0.04577990708451126767, -120.7872602426644448 ) ) ;
#3838 = CARTESIAN_POINT ( 'NONE',  ( 13.62409259588347687, 2.986549395690627939, -106.7710000229834861 ) ) ;
#3839 = CARTESIAN_POINT ( 'NONE',  ( 50.66752347841109128, -0.4962199612288423767, -124.0395576678841252 ) ) ;
#3840 = CARTESIAN_POINT ( 'NONE',  ( 11.52311292409414101, -0.3967750717796708071, -106.2504282282886550 ) ) ;
#3841 = CARTESIAN_POINT ( 'NONE',  ( -8.886127477784846462, -1.198461403287772065, -24.56702352865314154 ) ) ;
#3842 = CARTESIAN_POINT ( 'NONE',  ( -2.514381430842756782, 1.459264310530716147, -2.967171210528802838 ) ) ;
#3843 = CARTESIAN_POINT ( 'NONE',  ( 27.71161589063984465, 2.445125049461195577, -111.7111009112153539 ) ) ;
#3844 = CARTESIAN_POINT ( 'NONE',  ( -7.021285495000846311, -2.574741713117685293, -70.68547506199885788 ) ) ;
#3845 = CARTESIAN_POINT ( 'NONE',  ( -4.294287028362073322, -0.3501646137544987547, -92.76494547832963633 ) ) ;
#3846 = CARTESIAN_POINT ( 'NONE',  ( -10.93929720671019723, -3.865916566788683895, -47.66763220299181114 ) ) ;
#3847 = CARTESIAN_POINT ( 'NONE',  ( -3.852746593339634984, -0.4208108425913487105, -85.04029782979000629 ) ) ;
#3848 = CARTESIAN_POINT ( 'NONE',  ( 50.00211339821799328, 0.2716593650960977269, -132.4749521369985814 ) ) ;
#3849 = CARTESIAN_POINT ( 'NONE',  ( -2.447561738025615607, 0.5616864674910335697, -96.75009147866353487 ) ) ;
#3850 = CARTESIAN_POINT ( 'NONE',  ( 7.555891796193825449, 2.530717522267978303, -103.8799685316677426 ) ) ;
#3851 = CARTESIAN_POINT ( 'NONE',  ( 40.97915617309792680, 1.467985353050286212, -112.2007695303733925 ) ) ;
#3852 = CARTESIAN_POINT ( 'NONE',  ( 48.30531456819323921, -0.4068897713709554997, -121.6039745145516378 ) ) ;
#3853 = CARTESIAN_POINT ( 'NONE',  ( 46.18275091248903408, 2.144786503449453541, -118.1883829226444220 ) ) ;
#3854 = CARTESIAN_POINT ( 'NONE',  ( 49.10821477721023598, 2.409836383731791987, -127.7688154966173641 ) ) ;
#3855 = CARTESIAN_POINT ( 'NONE',  ( 48.29541340513934955, -0.06083417565167474617, -122.3437778944248038 ) ) ;
#3856 = CARTESIAN_POINT ( 'NONE',  ( 45.54378155432942066, -0.3407201041901281036, -115.3372471563235848 ) ) ;
#3857 = CARTESIAN_POINT ( 'NONE',  ( -1.879823506295037472, -0.2057465445072835519, -91.07247378567889484 ) ) ;
#3858 = CARTESIAN_POINT ( 'NONE',  ( 35.14845211615352127, 3.062193513096411301, -112.2180676576335401 ) ) ;
#3859 = CARTESIAN_POINT ( 'NONE',  ( -2.614004652044023214, -0.4193789902714755158, -96.27305763477792766 ) ) ;
#3860 = CARTESIAN_POINT ( 'NONE',  ( -10.27365200455593985, -2.031362748915906735, -44.99068404341730343 ) ) ;
#3861 = CARTESIAN_POINT ( 'NONE',  ( -10.08494243601869833, -0.9627154717678026996, -31.28358567669262769 ) ) ;
#3862 = CARTESIAN_POINT ( 'NONE',  ( -11.70252005574943333, -3.144312933468081717, -57.87948459054554462 ) ) ;
#3863 = CARTESIAN_POINT ( 'NONE',  ( 44.18926211167326557, 0.8743834969051005324, -113.6774082870746980 ) ) ;
#3864 = CARTESIAN_POINT ( 'NONE',  ( 39.12652352624207452, 0.09778652919111638364, -114.4943968287024063 ) ) ;
#3865 = CARTESIAN_POINT ( 'NONE',  ( -11.77618468981008171, -1.359394576895121443, -60.49575327237585043 ) ) ;
#3866 = CARTESIAN_POINT ( 'NONE',  ( -8.386762835087752777, 0.4991452173299691375, -15.48202516874114210 ) ) ;
#3867 = CARTESIAN_POINT ( 'NONE',  ( 33.01191359936372294, -0.03474861401069593431, -110.7197076988321669 ) ) ;
#3868 = CARTESIAN_POINT ( 'NONE',  ( 49.94436972300342603, -0.8118031681339277217, -124.8435784618219202 ) ) ;
#3869 = AXIS2_PLACEMENT_3D ( 'NONE', #5161, #895, #2669 ) ;
#3870 = CARTESIAN_POINT ( 'NONE',  ( 45.73435937995923695, 0.4136578256079000426, -114.8224278303127051 ) ) ;
#3871 = CARTESIAN_POINT ( 'NONE',  ( 50.80226884535593257, 2.333159322087389409, -128.6100346484139152 ) ) ;
#3872 = CARTESIAN_POINT ( 'NONE',  ( -11.44558931388780110, -1.828412348047788738, -62.92166984409310260 ) ) ;
#3873 = CARTESIAN_POINT ( 'NONE',  ( 34.63351701043223585, -0.4489728254646639383, -111.8124743751002939 ) ) ;
#3874 = CARTESIAN_POINT ( 'NONE',  ( -12.41143194324927634, -2.747487059649384111, -54.34201153524116990 ) ) ;
#3875 = CARTESIAN_POINT ( 'NONE',  ( -6.595693613428738722, -2.713754624193732035, -73.74560297283122168 ) ) ;
#3876 = CARTESIAN_POINT ( 'NONE',  ( 5.843446624046552351, 0.7493365693264871785, -102.3105757905663609 ) ) ;
#3877 = CARTESIAN_POINT ( 'NONE',  ( 42.76955007955744748, 1.792361005710611188, -116.0356557105414765 ) ) ;
#3878 = CARTESIAN_POINT ( 'NONE',  ( 50.18218027581681184, 2.017030237239945123, -119.7427007468559594 ) ) ;
#3879 = CARTESIAN_POINT ( 'NONE',  ( 51.11944409994870853, 1.138049066263013609, -129.2578822839798818 ) ) ;
#3880 = CARTESIAN_POINT ( 'NONE',  ( -8.090384965242760629, -3.166571003161738673, -66.94793104694889507 ) ) ;
#3881 = CARTESIAN_POINT ( 'NONE',  ( 48.96079258547535318, 2.073658325568186633, -125.8652813174655449 ) ) ;
#3882 = CARTESIAN_POINT ( 'NONE',  ( 48.48789730293528777, 2.430950456298283768, -130.6868335824328824 ) ) ;
#3883 = CARTESIAN_POINT ( 'NONE',  ( 48.65300859748087703, -0.06868525664923857965, -125.5586031505730489 ) ) ;
#3884 = CARTESIAN_POINT ( 'NONE',  ( -13.02817640313595682, -2.642937272209375799, -36.47566366889832068 ) ) ;
#3885 = CARTESIAN_POINT ( 'NONE',  ( -8.799017684496863723, -2.067982082291955681, -59.91359009550748738 ) ) ;
#3886 = CARTESIAN_POINT ( 'NONE',  ( -8.847741392385984227, -1.653391333685799269, -24.59282356569436701 ) ) ;
#3887 = CARTESIAN_POINT ( 'NONE',  ( 37.16358761442447189, 3.026822579345332720, -112.7220130575734203 ) ) ;
#3888 = CARTESIAN_POINT ( 'NONE',  ( 34.25389472240865274, 0.9805679788502565941, -113.4000818413734066 ) ) ;
#3889 = CARTESIAN_POINT ( 'NONE',  ( -9.257113755057860160, -1.762071458781228284, -57.40132665009954138 ) ) ;
#3890 = CARTESIAN_POINT ( 'NONE',  ( 11.25868445279087204, 1.907495385324907256, -105.1656471280530383 ) ) ;
#3891 = CARTESIAN_POINT ( 'NONE',  ( 26.56282670077938590, 2.526883485291422815, -109.0607125960806769 ) ) ;
#3892 = CARTESIAN_POINT ( 'NONE',  ( -8.354493091410482464, -0.6178085532673743829, -21.33991132521267886 ) ) ;
#3893 = CARTESIAN_POINT ( 'NONE',  ( 48.30735181146261681, -0.05526083775891341837, -128.6273540555788486 ) ) ;
#3894 = CARTESIAN_POINT ( 'NONE',  ( -13.12048028769336838, -1.310526746079446747, -38.04256426556844417 ) ) ;
#3895 = CARTESIAN_POINT ( 'NONE',  ( 51.00163397386788944, 2.328297657259355002, -127.1492439984630352 ) ) ;
#3896 = CARTESIAN_POINT ( 'NONE',  ( 26.29612806492294297, 0.008613741852861346929, -109.4809527268079705 ) ) ;
#3897 = CARTESIAN_POINT ( 'NONE',  ( 35.08326637030660322, -0.4560930582996941540, -111.9195613411652772 ) ) ;
#3898 = CARTESIAN_POINT ( 'NONE',  ( 51.04934023370596918, 0.2417796879271745802, -128.0655223646470233 ) ) ;
#3899 = CARTESIAN_POINT ( 'NONE',  ( 51.00163397386788944, 2.328297657259355002, -127.1492439984630352 ) ) ;
#3900 = CARTESIAN_POINT ( 'NONE',  ( -7.213820100388282697, -0.7705354209013063338, -83.58582624566457753 ) ) ;
#3901 = CARTESIAN_POINT ( 'NONE',  ( 13.62392789100857016, -0.3537975633018169419, -106.9857378044079468 ) ) ;
#3902 = CARTESIAN_POINT ( 'NONE',  ( -8.934757137556932349, -3.418222237693491650, -62.89225657663359215 ) ) ;
#3903 = CARTESIAN_POINT ( 'NONE',  ( -7.322152325939927486, -0.9276231059302441073, -70.04735645720519699 ) ) ;
#3904 = CARTESIAN_POINT ( 'NONE',  ( 12.13654658730481373, 1.653189942649403665, -108.4794955803917986 ) ) ;
#3905 = CARTESIAN_POINT ( 'NONE',  ( 26.56282670077938590, 2.526883485291422815, -109.0607125960806769 ) ) ;
#3906 = CARTESIAN_POINT ( 'NONE',  ( 36.25387422410886984, 1.612953867442710632, -110.7954903214126574 ) ) ;
#3907 = CARTESIAN_POINT ( 'NONE',  ( 48.77437599197180873, -0.4174698436047927785, -127.1489283764373965 ) ) ;
#3908 = CARTESIAN_POINT ( 'NONE',  ( 48.89085665695091620, 2.076413142420997282, -126.8599976405587739 ) ) ;
#3909 = CARTESIAN_POINT ( 'NONE',  ( 48.79240049966592352, 2.420580864330676540, -129.4653045652459298 ) ) ;
#3910 = CARTESIAN_POINT ( 'NONE',  ( 43.37744140197222009, 0.05144826465585344150, -116.4206484570036935 ) ) ;
#3911 = CARTESIAN_POINT ( 'NONE',  ( -11.53692835060972399, -2.706208439998107007, -60.71763215965026461 ) ) ;
#3912 = CARTESIAN_POINT ( 'NONE',  ( 50.41310305748832121, -0.4864838804160496744, -122.3373884949295558 ) ) ;
#3913 = CARTESIAN_POINT ( 'NONE',  ( 7.504182854963255878, 0.8353077530772735626, -103.3702543545923049 ) ) ;
#3914 = CARTESIAN_POINT ( 'NONE',  ( 27.34729424276520149, 3.170975359433855889, -110.5849054977747983 ) ) ;
#3915 = CARTESIAN_POINT ( 'NONE',  ( 25.64852838285380443, 1.125411777910287237, -111.7362619390386982 ) ) ;
#3916 = CARTESIAN_POINT ( 'NONE',  ( -10.20932662581670591, -1.955163726718495587, -36.34164320661006542 ) ) ;
#3917 = CARTESIAN_POINT ( 'NONE',  ( 33.06130751865931927, 2.489938634923944072, -110.3380625388937801 ) ) ;
#3918 = CARTESIAN_POINT ( 'NONE',  ( -10.61248213403753837, -1.133662210307827323, -42.42139134030286840 ) ) ;
#3919 = CARTESIAN_POINT ( 'NONE',  ( -8.989269045812005032, -3.498015488121935412, -66.23835231537195511 ) ) ;
#3920 = CARTESIAN_POINT ( 'NONE',  ( -12.80481893759996481, -1.182163667286520781, -32.79230736007943392 ) ) ;
#3921 = CARTESIAN_POINT ( 'NONE',  ( 50.53871631510239837, 2.340482199145302644, -129.9354604122636943 ) ) ;
#3922 = CARTESIAN_POINT ( 'NONE',  ( -3.759186396324437851, -0.8497203743577905755, -85.08751957248937003 ) ) ;
#3923 = CARTESIAN_POINT ( 'NONE',  ( 36.41063951507928209, -0.4786284670665874597, -112.2571954943064583 ) ) ;
#3924 = CARTESIAN_POINT ( 'NONE',  ( 44.11397325767088518, 0.4589732678171641878, -113.8554144278660658 ) ) ;
#3925 = CARTESIAN_POINT ( 'NONE',  ( -8.386762835087752777, 0.4991452173299691375, -15.48202516874114210 ) ) ;
#3926 = CARTESIAN_POINT ( 'NONE',  ( 33.34240075234049527, 0.9989207899320912132, -113.1965510379922932 ) ) ;
#3927 = CARTESIAN_POINT ( 'NONE',  ( 48.55157938658509664, 1.254526646938827650, -124.5010228536718131 ) ) ;
#3928 = CARTESIAN_POINT ( 'NONE',  ( 49.94436972300342603, -0.8118031681339277217, -124.8435784618219202 ) ) ;
#3929 = CARTESIAN_POINT ( 'NONE',  ( 7.253308064083715756, -0.6462002274794554912, -104.7160248375025446 ) ) ;
#3930 = CARTESIAN_POINT ( 'NONE',  ( -2.217425709107156084, -0.2544482506119743470, -90.16698834962049602 ) ) ;
#3931 = COORDINATED_UNIVERSAL_TIME_OFFSET ( 8, 0, .AHEAD. ) ;
#3932 = CARTESIAN_POINT ( 'NONE',  ( 25.72360771811269586, 2.036754748326132347, -111.5385955232685973 ) ) ;
#3933 = CARTESIAN_POINT ( 'NONE',  ( 38.65190951110898965, 1.407708092748026996, -114.5561711069145616 ) ) ;
#3934 = CARTESIAN_POINT ( 'NONE',  ( 15.14348440687180997, 2.722712876576129037, -106.8600397267211974 ) ) ;
#3935 = CARTESIAN_POINT ( 'NONE',  ( 8.878359584431816387, 2.422637640606299936, -106.8872533870312651 ) ) ;
#3936 = CARTESIAN_POINT ( 'NONE',  ( 51.10335314087430447, 1.149356785562578587, -121.7176564398913428 ) ) ;
#3937 = CARTESIAN_POINT ( 'NONE',  ( -6.200731538425214850, -2.767850049530609979, -12.19373454285869940 ) ) ;
#3938 = CARTESIAN_POINT ( 'NONE',  ( 49.29361024011795678, 2.403376366339243564, -125.7120225475009931 ) ) ;
#3939 = CARTESIAN_POINT ( 'NONE',  ( 51.08012168079149973, 0.2410458902583342000, -127.8494754050276185 ) ) ;
#3940 = CARTESIAN_POINT ( 'NONE',  ( 48.60111074757954697, -0.06836020235635280329, -124.0953854244765324 ) ) ;
#3941 = CARTESIAN_POINT ( 'NONE',  ( -13.13931561020317140, -2.722386616201453613, -40.90858919439499175 ) ) ;
#3942 = CARTESIAN_POINT ( 'NONE',  ( 50.63569667307957189, -0.4979996674385611666, -126.9143426501777299 ) ) ;
#3943 = CARTESIAN_POINT ( 'NONE',  ( -4.928091361280392491, -0.4936995363268679160, -81.01458454082690253 ) ) ;
#3944 = CARTESIAN_POINT ( 'NONE',  ( 11.86108261743468084, 3.023944091761614050, -107.3894659277786019 ) ) ;
#3945 = CARTESIAN_POINT ( 'NONE',  ( 45.57683643006243557, 0.8414253051009268347, -118.2291857555806729 ) ) ;
#3946 = CARTESIAN_POINT ( 'NONE',  ( -9.829927579339221566, -1.951013618716500142, -52.04520071836636674 ) ) ;
#3947 = CARTESIAN_POINT ( 'NONE',  ( 42.38042167247673575, 2.252985139394512615, -113.0083073945151710 ) ) ;
#3948 = CARTESIAN_POINT ( 'NONE',  ( 51.47143724453345470, 0.6474034799936574380, -124.9746843132382992 ) ) ;
#3949 = CARTESIAN_POINT ( 'NONE',  ( -10.71276804108760494, -3.511209655754693237, -25.59169670315197820 ) ) ;
#3950 = CARTESIAN_POINT ( 'NONE',  ( 49.92065622165066685, 2.721133461035822876, -127.2383812808960641 ) ) ;
#3951 = CARTESIAN_POINT ( 'NONE',  ( -5.543919099538694439, 1.105768176194823704, -86.54765413752485870 ) ) ;
#3952 = CARTESIAN_POINT ( 'NONE',  ( 3.074120418461847137, 0.08595689809144432814, -99.86934408605857527 ) ) ;
#3953 = CARTESIAN_POINT ( 'NONE',  ( -8.353485384566164740, -2.351087955431036214, -62.75536541909850285 ) ) ;
#3954 = CARTESIAN_POINT ( 'NONE',  ( -2.001270747223876434, 0.2281682785415743153, -90.70318462580019059 ) ) ;
#3955 = CARTESIAN_POINT ( 'NONE',  ( 13.35240671137550805, 3.156703049852182197, -107.4608196490758445 ) ) ;
#3956 = CARTESIAN_POINT ( 'NONE',  ( 47.74324180877677293, 2.456595774424172429, -133.0612322434830901 ) ) ;
#3957 = CARTESIAN_POINT ( 'NONE',  ( 18.95340114983887858, 0.9218120571088450621, -110.3584520998373222 ) ) ;
#3958 = CARTESIAN_POINT ( 'NONE',  ( -0.4783686257743943737, -1.193402046612000555, -2.875207747743812270 ) ) ;
#3959 = CARTESIAN_POINT ( 'NONE',  ( 34.56481753582713878, -0.4738791968621658413, -112.2172263445407907 ) ) ;
#3960 = DATE_TIME_ROLE ( 'classification_date' ) ;
#3961 = CARTESIAN_POINT ( 'NONE',  ( 5.947412548524663833, 1.434535118507283213, -105.7450632394036631 ) ) ;
#3962 = CARTESIAN_POINT ( 'NONE',  ( 44.44079515946454251, 1.351063415868297035, -117.2553854530065109 ) ) ;
#3963 = CARTESIAN_POINT ( 'NONE',  ( 44.71815531390558363, 2.180040312572271599, -114.1605534779419600 ) ) ;
#3964 = CARTESIAN_POINT ( 'NONE',  ( -7.265007398412320683, -0.3263999157470900969, -83.41774674178302007 ) ) ;
#3965 = CARTESIAN_POINT ( 'NONE',  ( -4.676894202525542887, 0.9986077630563107155, -85.51873414827009867 ) ) ;
#3966 = CARTESIAN_POINT ( 'NONE',  ( 32.51722555009477134, -0.4439770940466732929, -111.7744783576376619 ) ) ;
#3967 = CARTESIAN_POINT ( 'NONE',  ( -13.14223747414546217, -1.858949564476968463, -47.06394793428156476 ) ) ;
#3968 = CARTESIAN_POINT ( 'NONE',  ( 44.36709226851766630, 0.4518069750218965397, -113.9932141400636425 ) ) ;
#3969 = CARTESIAN_POINT ( 'NONE',  ( 48.60310998291762274, -0.06636649822855604508, -126.5373364628643600 ) ) ;
#3970 = CARTESIAN_POINT ( 'NONE',  ( 47.37573554448508162, 2.129903298095795261, -133.0948139975118920 ) ) ;
#3971 = CARTESIAN_POINT ( 'NONE',  ( 50.05846698188914701, -0.4742653605943205064, -121.0705203232137706 ) ) ;
#3972 = CARTESIAN_POINT ( 'NONE',  ( -8.250633916279891622, -1.318970368663073600, -64.60713987822086324 ) ) ;
#3973 = CARTESIAN_POINT ( 'NONE',  ( 50.29352377401069418, 2.707247492637112174, -123.3166838778927996 ) ) ;
#3974 = CARTESIAN_POINT ( 'NONE',  ( 12.39980423997506520, 3.036713576890197164, -107.5745619246071669 ) ) ;
#3975 = CARTESIAN_POINT ( 'NONE',  ( 8.938691444988172918, 0.6318790639438978118, -107.2423488066395265 ) ) ;
#3976 = CARTESIAN_POINT ( 'NONE',  ( 31.53035962317753160, 0.7688654759258596316, -109.9456254785250024 ) ) ;
#3977 = CARTESIAN_POINT ( 'NONE',  ( 29.48314919690083968, 2.514415408825279474, -109.6117911650285635 ) ) ;
#3978 = CARTESIAN_POINT ( 'NONE',  ( 5.826640980175282536, 1.681978683810233743, -102.3175109889095893 ) ) ;
#3979 = CARTESIAN_POINT ( 'NONE',  ( -5.348301349183293141, 0.3436353224373888682, -6.159509455375113518 ) ) ;
#3980 = CARTESIAN_POINT ( 'NONE',  ( 49.84810095137222419, 2.361089663171243913, -132.4784781299637473 ) ) ;
#3981 = CARTESIAN_POINT ( 'NONE',  ( -8.391386037645075291, -1.885491287088555179, -62.59948874823714959 ) ) ;
#3982 = CARTESIAN_POINT ( 'NONE',  ( -4.876620974685780929, -0.5638089673684911762, -91.12614530246054301 ) ) ;
#3983 = CARTESIAN_POINT ( 'NONE',  ( -9.959286116655363230, -2.905946245949701634, -50.46061769895685245 ) ) ;
#3984 = CARTESIAN_POINT ( 'NONE',  ( 1.886078098642409051, 0.8563954521724224112, -98.23955769198155963 ) ) ;
#3985 = CARTESIAN_POINT ( 'NONE',  ( -11.03003306458019495, -0.3671458660894492687, -61.28217837001365353 ) ) ;
#3986 = CARTESIAN_POINT ( 'NONE',  ( 47.96204209341998137, 0.7932193838817601650, -129.4673686053167501 ) ) ;
#3987 = CARTESIAN_POINT ( 'NONE',  ( 17.22099623637328847, 0.8519970316198882676, -109.9424757061547382 ) ) ;
#3988 = CARTESIAN_POINT ( 'NONE',  ( 42.90573410421567502, -0.6184516244208170255, -114.6605171202433837 ) ) ;
#3989 = EDGE_CURVE ( 'NONE', #3246, #1149, #3425, .T. ) ;
#3990 = CARTESIAN_POINT ( 'NONE',  ( 26.77373714661778692, -0.3764190646879692070, -110.7261245486646288 ) ) ;
#3991 = APPROVAL_ROLE ( '' ) ;
#3992 = FACE_OUTER_BOUND ( 'NONE', #831, .T. ) ;
#3993 = CARTESIAN_POINT ( 'NONE',  ( 45.17329197125100393, 1.335847369709620480, -117.8081290990753160 ) ) ;
#3994 = CARTESIAN_POINT ( 'NONE',  ( 51.27054639269671554, 1.973294683822832463, -126.9381388521463094 ) ) ;
#3995 = CARTESIAN_POINT ( 'NONE',  ( 17.72469883522051148, 2.647512423212628363, -109.6555879131885121 ) ) ;
#3996 = CARTESIAN_POINT ( 'NONE',  ( -2.487846554615000816, 1.418374826975185243, -91.20702531649610023 ) ) ;
#3997 = CARTESIAN_POINT ( 'NONE',  ( 42.95876651238793187, -0.6224942688888923659, -115.1504387620713743 ) ) ;
#3998 = CARTESIAN_POINT ( 'NONE',  ( -11.78742688703711572, -1.826193038870669305, -60.65476450137820308 ) ) ;
#3999 = CARTESIAN_POINT ( 'NONE',  ( 50.83195965649296255, 0.2570016805906142343, -121.7277189253087784 ) ) ;
#4000 = CARTESIAN_POINT ( 'NONE',  ( -2.520421475269117195, -1.513865536769567699, -94.51080041068226478 ) ) ;
#4001 = CARTESIAN_POINT ( 'NONE',  ( 50.59042314304208787, -0.4930691412656177386, -123.3348447580106324 ) ) ;
#4002 = CARTESIAN_POINT ( 'NONE',  ( 45.06089877545425537, 0.4323126294596166819, -114.3970784202934396 ) ) ;
#4003 = CARTESIAN_POINT ( 'NONE',  ( -9.271688853428969423, -0.7652257283602941218, -60.61873150716415637 ) ) ;
#4004 = CARTESIAN_POINT ( 'NONE',  ( 43.59176714898334382, 2.898537863308217499, -114.6153599832616834 ) ) ;
#4005 = CARTESIAN_POINT ( 'NONE',  ( 48.74440819320445684, 2.758558486889333583, -132.4325305556949104 ) ) ;
#4006 = CARTESIAN_POINT ( 'NONE',  ( 47.87212667368437025, 0.7859157854574534419, -121.5283919087064817 ) ) ;
#4007 = CARTESIAN_POINT ( 'NONE',  ( 29.20964695554885182, 1.691221328039820948, -109.3104047116568580 ) ) ;
#4008 = CARTESIAN_POINT ( 'NONE',  ( 38.45640150835932758, 3.003049959208097697, -113.0772705039305492 ) ) ;
#4009 = CARTESIAN_POINT ( 'NONE',  ( 5.866110377135899334, 2.897609011523037292, -104.1361246178076527 ) ) ;
#4010 = CARTESIAN_POINT ( 'NONE',  ( -10.20243720661028775, -2.485207552624117966, -45.02427583473826189 ) ) ;
#4011 = CARTESIAN_POINT ( 'NONE',  ( -12.07099250268552915, -2.730756680185369323, -57.06329504916947570 ) ) ;
#4012 = CARTESIAN_POINT ( 'NONE',  ( 1.561397081317172031, -0.9134766528357443072, 0.000000000000000000 ) ) ;
#4013 = CARTESIAN_POINT ( 'NONE',  ( 16.54757719321454701, 1.445642885428928048, -106.7705476746142494 ) ) ;
#4014 = CARTESIAN_POINT ( 'NONE',  ( -12.31053279574886972, -0.4753584176050973942, -46.19158745714489100 ) ) ;
#4015 = CARTESIAN_POINT ( 'NONE',  ( 43.57448403994062858, 0.8795670372128455705, -116.7594576124832599 ) ) ;
#4016 = CARTESIAN_POINT ( 'NONE',  ( 49.46003501299396987, -0.7978225325503891519, -129.4670338443226854 ) ) ;
#4017 = CARTESIAN_POINT ( 'NONE',  ( 49.53622910694960524, -0.7947446755555485076, -125.1195054787229992 ) ) ;
#4018 = CARTESIAN_POINT ( 'NONE',  ( 48.57746471085980033, 1.671892325550205838, -127.7209507469439558 ) ) ;
#4019 = CARTESIAN_POINT ( 'NONE',  ( 19.01108791544758958, 1.407467319813188178, -110.4088707851917377 ) ) ;
#4020 = CARTESIAN_POINT ( 'NONE',  ( 3.574949975031103566, -0.8776252624438064531, -102.0709099865027554 ) ) ;
#4021 = CARTESIAN_POINT ( 'NONE',  ( 14.34738169791726214, 2.152753439337424357, -109.0818716154994661 ) ) ;
#4022 = CARTESIAN_POINT ( 'NONE',  ( 0.2797499668175962850, 0.02190698577176917669, -100.7920720879674548 ) ) ;
#4023 = CARTESIAN_POINT ( 'NONE',  ( 33.62879309628770130, 0.7486930443424599790, -110.3742948942583126 ) ) ;
#4024 = CARTESIAN_POINT ( 'NONE',  ( 32.88900337191639522, -0.1435502788225337945, -112.5569151302641870 ) ) ;
#4025 = CARTESIAN_POINT ( 'NONE',  ( 34.78982516978031470, 0.3019242156412218492, -110.7992169436489434 ) ) ;
#4026 = CARTESIAN_POINT ( 'NONE',  ( 44.83225068910230959, 0.4386752386393267811, -114.2597351670986399 ) ) ;
#4027 = CARTESIAN_POINT ( 'NONE',  ( 46.35821260322219217, 1.298870931785374383, -114.9568155278805222 ) ) ;
#4028 = CARTESIAN_POINT ( 'NONE',  ( 34.30457582708450559, 3.102015030748271229, -111.6024665164058831 ) ) ;
#4029 = CARTESIAN_POINT ( 'NONE',  ( 34.15814995037688817, 2.801646738791748081, -110.8615903235446893 ) ) ;
#4030 = CARTESIAN_POINT ( 'NONE',  ( 49.20461493102060047, 2.743528619585196893, -130.8859044005014312 ) ) ;
#4031 = CARTESIAN_POINT ( 'NONE',  ( -12.29131246335001038, -3.756691854299121669, -41.38490742742690287 ) ) ;
#4032 = CARTESIAN_POINT ( 'NONE',  ( -9.613681207462132505, -1.808462264461832447, -29.57468075075158609 ) ) ;
#4033 = CARTESIAN_POINT ( 'NONE',  ( 32.79604677791117240, 1.673869448621025935, -110.0154059152905148 ) ) ;
#4034 = CARTESIAN_POINT ( 'NONE',  ( 14.04781380123436918, 3.071235964811802166, -108.0878340823977197 ) ) ;
#4035 = CARTESIAN_POINT ( 'NONE',  ( 36.56454250213544555, 3.061920171227291210, -112.1427999229329657 ) ) ;
#4036 = CARTESIAN_POINT ( 'NONE',  ( -8.799017684496863723, -2.067982082291955681, -59.91359009550748738 ) ) ;
#4037 = CARTESIAN_POINT ( 'NONE',  ( 38.65190951110898965, 1.407708092748026996, -114.5561711069145616 ) ) ;
#4038 = CARTESIAN_POINT ( 'NONE',  ( 48.57736014138144043, -0.7692418939312318793, -132.6309485535780652 ) ) ;
#4039 = CARTESIAN_POINT ( 'NONE',  ( -9.571689026308050074, -1.390980945813667269, -55.57780316272124566 ) ) ;
#4040 = CARTESIAN_POINT ( 'NONE',  ( 5.013716933243826723, 2.847225105554995306, -103.5693513188405177 ) ) ;
#4041 = CARTESIAN_POINT ( 'NONE',  ( -10.78908439700413346, -3.656263027132861776, -59.30463521079362010 ) ) ;
#4042 = CARTESIAN_POINT ( 'NONE',  ( 40.14853578601789508, -0.5536979973750697503, -113.4405750894400313 ) ) ;
#4043 = CARTESIAN_POINT ( 'NONE',  ( 48.99911832275643064, -0.7775368310738178801, -129.6403990170533120 ) ) ;
#4044 = CARTESIAN_POINT ( 'NONE',  ( -2.655542759821838850, -0.3106165100208912455, -88.92302524469890557 ) ) ;
#4045 = CARTESIAN_POINT ( 'NONE',  ( -10.24913333787677594, -1.968756632638153148, -37.21486543824435955 ) ) ;
#4046 = CARTESIAN_POINT ( 'NONE',  ( 48.34760597268505222, 2.429945324899140946, -120.6566371504110577 ) ) ;
#4047 = CARTESIAN_POINT ( 'NONE',  ( -1.619250350552364548, -1.569483299122186093, -94.69297356136505073 ) ) ;
#4048 = CARTESIAN_POINT ( 'NONE',  ( -7.213820100388282697, -0.7705354209013063338, -83.58582624566457753 ) ) ;
#4049 = CARTESIAN_POINT ( 'NONE',  ( 51.21472604037786880, 0.2383027072641716593, -126.5853930762516626 ) ) ;
#4050 = CARTESIAN_POINT ( 'NONE',  ( -9.837075836477175983, -3.667929990682208707, -62.17162071956050795 ) ) ;
#4051 = CARTESIAN_POINT ( 'NONE',  ( 8.875145565710962359, 0.4444107820216925409, -104.1911068469907207 ) ) ;
#4052 = CARTESIAN_POINT ( 'NONE',  ( 51.11508908966781917, 0.2461711303704128551, -123.1147575100079337 ) ) ;
#4053 = CARTESIAN_POINT ( 'NONE',  ( 34.42894446563512645, 1.651450898321852323, -110.3671306573328792 ) ) ;
#4054 = CARTESIAN_POINT ( 'NONE',  ( 45.31305709045436458, 2.853302526212627477, -115.6301844334421531 ) ) ;
#4055 = CARTESIAN_POINT ( 'NONE',  ( -7.096631557177073724, -2.788444930814641065, -12.39441373889898301 ) ) ;
#4056 = CARTESIAN_POINT ( 'NONE',  ( 48.78454673674557540, 2.758007071694069001, -119.9199628500263941 ) ) ;
#4057 = CARTESIAN_POINT ( 'NONE',  ( -12.12856752082023526, -3.649471112503808623, -35.24561008263037820 ) ) ;
#4058 = CARTESIAN_POINT ( 'NONE',  ( 13.32442821731327953, 1.948301975617430237, -105.9027529698766585 ) ) ;
#4059 = CARTESIAN_POINT ( 'NONE',  ( 35.14845211615352127, 3.062193513096411301, -112.2180676576335401 ) ) ;
#4060 = CARTESIAN_POINT ( 'NONE',  ( 40.78661031948849569, 2.969602252020410393, -113.3991050604427926 ) ) ;
#4061 = CARTESIAN_POINT ( 'NONE',  ( 34.78982516978031470, 0.3019242156412218492, -110.7992169436489434 ) ) ;
#4062 = CARTESIAN_POINT ( 'NONE',  ( 47.96386906792196925, 1.268571137122836090, -121.5676331022713299 ) ) ;
#4063 = CARTESIAN_POINT ( 'NONE',  ( 49.40939709691527071, -0.7962252077917864046, -129.6937158151787628 ) ) ;
#4064 = CARTESIAN_POINT ( 'NONE',  ( -2.905101197103857391, 0.1093816069020967646, -88.22504066497631925 ) ) ;
#4065 = CARTESIAN_POINT ( 'NONE',  ( 19.04905395236393062, 3.212656414998843246, -108.7917728978342495 ) ) ;
#4066 = CARTESIAN_POINT ( 'NONE',  ( -0.9134766528357447513, -1.561397081317171809, 0.000000000000000000 ) ) ;
#4067 = CARTESIAN_POINT ( 'NONE',  ( -1.967748445643872524, -1.079834359600228666, -91.38261605880427396 ) ) ;
#4068 = CARTESIAN_POINT ( 'NONE',  ( 33.21158652312421111, -0.4539346434876819769, -111.9179449184549355 ) ) ;
#4069 = CARTESIAN_POINT ( 'NONE',  ( 47.60881929609905683, 1.706592355624813706, -131.7648374332785863 ) ) ;
#4070 = CARTESIAN_POINT ( 'NONE',  ( 49.20130319373826921, 2.406657182365148362, -127.0560347189594808 ) ) ;
#4071 = CARTESIAN_POINT ( 'NONE',  ( -2.044599686479823486, -1.652691154435600662, -93.73780631415915821 ) ) ;
#4072 = CARTESIAN_POINT ( 'NONE',  ( 35.69056917452441269, 2.299196188607077307, -113.3934944550122736 ) ) ;
#4073 = CARTESIAN_POINT ( 'NONE',  ( -12.76336431859445142, -1.851606920183362925, -52.46352499168118300 ) ) ;
#4074 = CARTESIAN_POINT ( 'NONE',  ( -5.629509161624730140, -2.491617729033239304, -82.76219503820456680 ) ) ;
#4075 = CARTESIAN_POINT ( 'NONE',  ( 42.35212255402284853, 0.09479348539462069401, -113.2049953814913721 ) ) ;
#4076 = CARTESIAN_POINT ( 'NONE',  ( -0.7673121840789832726, -0.01085720922289879278, -93.72186023211587269 ) ) ;
#4077 = CARTESIAN_POINT ( 'NONE',  ( 34.34043918949357277, 0.7376045750325582739, -110.5307100895853409 ) ) ;
#4078 = CARTESIAN_POINT ( 'NONE',  ( 51.50826150148389360, 1.129594994846106593, -126.2347297890300268 ) ) ;
#4079 = CARTESIAN_POINT ( 'NONE',  ( -4.711180462732727392, 0.9992293133785898895, -6.077479637077092711 ) ) ;
#4080 = CARTESIAN_POINT ( 'NONE',  ( 8.953161193411625973, 2.588831679676249387, -104.6064754109226271 ) ) ;
#4081 = CARTESIAN_POINT ( 'NONE',  ( -11.53741226695546551, -3.738160588203359502, -32.43055197148252944 ) ) ;
#4082 = CARTESIAN_POINT ( 'NONE',  ( 40.89949567954538168, 2.954830774376972613, -113.8784373812080020 ) ) ;
#4083 = CARTESIAN_POINT ( 'NONE',  ( 47.82027206823718757, 0.7983883840150109990, -130.0439646995336602 ) ) ;
#4084 = CARTESIAN_POINT ( 'NONE',  ( -2.355478163546202097, 0.6620289761320810040, -90.17391193681152117 ) ) ;
#4085 = CARTESIAN_POINT ( 'NONE',  ( 45.31110665440844798, 2.853714175641761663, -116.1231060713188015 ) ) ;
#4086 = CARTESIAN_POINT ( 'NONE',  ( 45.31305709045436458, 2.853302526212627477, -115.6301844334421531 ) ) ;
#4087 = CARTESIAN_POINT ( 'NONE',  ( 50.34649607041845343, -0.1422794366377225228, -120.8472989232117811 ) ) ;
#4088 = CARTESIAN_POINT ( 'NONE',  ( 34.99146578208157621, 1.454894008566366415, -113.5533135983767750 ) ) ;
#4089 = CARTESIAN_POINT ( 'NONE',  ( 33.47650965252576327, -0.04046903002500712443, -110.8174733860678600 ) ) ;
#4090 = CARTESIAN_POINT ( 'NONE',  ( 50.13939891566604956, 0.6971920134560490867, -119.3261630682504233 ) ) ;
#4091 = CARTESIAN_POINT ( 'NONE',  ( 47.53972367139365218, 0.8085244871081697093, -131.0558547715168913 ) ) ;
#4092 = CARTESIAN_POINT ( 'NONE',  ( 10.33894383295701047, 0.08497962942098169492, -105.1086511552440896 ) ) ;
#4093 = CARTESIAN_POINT ( 'NONE',  ( -4.039177471479182380, -1.924887411420881156, -85.84060280981287860 ) ) ;
#4094 = CARTESIAN_POINT ( 'NONE',  ( 7.504182854963255878, 0.8353077530772735626, -103.3702543545923049 ) ) ;
#4095 = CARTESIAN_POINT ( 'NONE',  ( 41.03097302188849227, 2.584766943349365853, -114.7058359264210026 ) ) ;
#4096 = CARTESIAN_POINT ( 'NONE',  ( -10.77652771188892622, -3.601087574500187127, -39.50712479509906672 ) ) ;
#4097 = CARTESIAN_POINT ( 'NONE',  ( 34.34339971890551624, 2.322852132236786549, -113.0700851754423866 ) ) ;
#4098 = CARTESIAN_POINT ( 'NONE',  ( 10.82565689791929131, -0.3418675356358505391, -107.1974105932672217 ) ) ;
#4099 = CARTESIAN_POINT ( 'NONE',  ( -2.624982462894051682, -0.7560378391021173039, -88.99050517340705824 ) ) ;
#4100 = CARTESIAN_POINT ( 'NONE',  ( 1.339612456152052378, 0.3362346584497446500, -97.53924595789010255 ) ) ;
#4101 = CARTESIAN_POINT ( 'NONE',  ( 31.53035962317753160, 0.7688654759258596316, -109.9456254785250024 ) ) ;
#4102 = CARTESIAN_POINT ( 'NONE',  ( 34.88939523107217866, 1.642911916809994155, -110.4713755952666077 ) ) ;
#4103 = CARTESIAN_POINT ( 'NONE',  ( -11.40502313349617758, -0.2478466754927418358, -25.59086974157273531 ) ) ;
#4104 = CARTESIAN_POINT ( 'NONE',  ( 45.40622353447692205, 2.160506746478435325, -114.5766475316184483 ) ) ;
#4105 = LOCAL_TIME ( 23, 45, 13.00000000000000000, #177 ) ;
#4106 = CARTESIAN_POINT ( 'NONE',  ( 34.91868037668692182, -0.1770961705114269535, -113.0085576502724223 ) ) ;
#4107 = CARTESIAN_POINT ( 'NONE',  ( -12.80481893759996481, -1.182163667286520781, -32.79230736007943392 ) ) ;
#4108 = CARTESIAN_POINT ( 'NONE',  ( -11.75529975066223898, -3.771104378185001327, -52.08387190452233284 ) ) ;
#4109 = CARTESIAN_POINT ( 'NONE',  ( -10.39152042627500983, -1.569255970933726374, -42.34420345749563808 ) ) ;
#4110 = CARTESIAN_POINT ( 'NONE',  ( 1.261234696982714620, 2.518744287820160910, -100.0808453417324557 ) ) ;
#4111 = CARTESIAN_POINT ( 'NONE',  ( 51.06104195736136830, -0.1698442634192534328, -125.0327331636206480 ) ) ;
#4112 = CARTESIAN_POINT ( 'NONE',  ( 17.27099287691162388, 1.336955054685698530, -110.0128355890470999 ) ) ;
#4113 = CARTESIAN_POINT ( 'NONE',  ( 37.51364975535917523, -0.1170319342045051808, -111.8105062062244031 ) ) ;
#4114 = CARTESIAN_POINT ( 'NONE',  ( 32.00513464393716845, 0.7657834897922677353, -110.0386510607247459 ) ) ;
#4115 = CARTESIAN_POINT ( 'NONE',  ( 33.63509414415869969, 1.176568951114397965, -110.2105061611375589 ) ) ;
#4116 = CARTESIAN_POINT ( 'NONE',  ( -9.028122350756030201, 0.1399121445446386558, -70.93776677892562077 ) ) ;
#4117 = CARTESIAN_POINT ( 'NONE',  ( 2.601354518862893705, -0.5019023648540901217, -102.6535387777112192 ) ) ;
#4118 = CARTESIAN_POINT ( 'NONE',  ( 14.46882084298120397, 0.1648146888862216386, -106.6019176871365062 ) ) ;
#4119 = CARTESIAN_POINT ( 'NONE',  ( -6.428092986795425290, -2.384762123828590763, -73.41137528076401964 ) ) ;
#4120 = CARTESIAN_POINT ( 'NONE',  ( -5.583335574759736630, -0.5281765845725280295, -78.25382202572306767 ) ) ;
#4121 = APPROVAL_PERSON_ORGANIZATION ( #1859, #3015, #3991 ) ;
#4122 = CARTESIAN_POINT ( 'NONE',  ( 35.62632234279083576, 2.663149379341314127, -113.0675675718749602 ) ) ;
#4123 = CARTESIAN_POINT ( 'NONE',  ( -12.91668968397981665, -1.645624869063489371, -32.91270460626842009 ) ) ;
#4124 = CARTESIAN_POINT ( 'NONE',  ( 47.36805691524820361, -0.7314755537175328115, -118.5492685032765507 ) ) ;
#4125 = CARTESIAN_POINT ( 'NONE',  ( 30.60845092864060035, 2.398827157736119986, -112.2689103280931278 ) ) ;
#4126 = CARTESIAN_POINT ( 'NONE',  ( 5.047412007973063552, 0.4486872191599674542, -105.1709202215828611 ) ) ;
#4127 = CARTESIAN_POINT ( 'NONE',  ( 48.67159527681040743, -0.4168597305437508060, -122.9712537100044329 ) ) ;
#4128 = CARTESIAN_POINT ( 'NONE',  ( 51.03366920835292575, -0.1704009860328565829, -126.1932707829480904 ) ) ;
#4129 = CARTESIAN_POINT ( 'NONE',  ( 32.94655673923134742, 0.7570282130561730716, -110.2302426402845867 ) ) ;
#4130 = CARTESIAN_POINT ( 'NONE',  ( -10.94351445358850050, -2.256609909275390624, -65.00649082578304672 ) ) ;
#4131 = CARTESIAN_POINT ( 'NONE',  ( 43.69178896190476280, 1.376158936685721867, -113.3681222766408041 ) ) ;
#4132 = CARTESIAN_POINT ( 'NONE',  ( -3.497080476038840757, 1.649211741768310091, -92.70820180132469090 ) ) ;
#4133 = CARTESIAN_POINT ( 'NONE',  ( 50.49534558001327866, 1.993730705012023208, -131.1299952921466740 ) ) ;
#4134 = CARTESIAN_POINT ( 'NONE',  ( 7.818295248681429221, -0.4444769849997429745, -105.8606307271865035 ) ) ;
#4135 = CARTESIAN_POINT ( 'NONE',  ( -1.556262384403561683, 1.569891630227938650, -97.83049289784901248 ) ) ;
#4136 = CARTESIAN_POINT ( 'NONE',  ( 30.25564483923946213, 0.2368894439236348404, -112.3252031159631628 ) ) ;
#4137 = CARTESIAN_POINT ( 'NONE',  ( 51.00959138159492312, 1.979351921163530648, -128.8540033262606812 ) ) ;
#4138 = CARTESIAN_POINT ( 'NONE',  ( -8.439944195974245389, -0.9016640456841172879, -64.58611338669169299 ) ) ;
#4139 = CARTESIAN_POINT ( 'NONE',  ( -12.69322736062364143, -0.6356509017508271686, -38.54651587271679603 ) ) ;
#4140 = CARTESIAN_POINT ( 'NONE',  ( 17.69765334115149713, 0.5329412899304544204, -107.2911724709879024 ) ) ;
#4141 = CARTESIAN_POINT ( 'NONE',  ( 44.10645155557425312, 1.356879917908372146, -117.0293324589824664 ) ) ;
#4142 = CARTESIAN_POINT ( 'NONE',  ( 44.11397325767088518, 0.4589732678171641878, -113.8554144278660658 ) ) ;
#4143 = CARTESIAN_POINT ( 'NONE',  ( 45.14821892535690040, 0.8469595756836559852, -114.2227751907468161 ) ) ;
#4144 = CARTESIAN_POINT ( 'NONE',  ( -10.07856494038889217, -0.1296260952492559737, -63.37674016479235917 ) ) ;
#4145 = CARTESIAN_POINT ( 'NONE',  ( 29.13010314076701590, 1.203789908202038461, -109.3230965081586419 ) ) ;
#4146 = CARTESIAN_POINT ( 'NONE',  ( -0.7316269501776225814, -0.8934525295548352286, -98.60172183562971782 ) ) ;
#4147 = CARTESIAN_POINT ( 'NONE',  ( 18.34689428276091050, 0.1310604814829569031, -107.7308245958836324 ) ) ;
#4148 = CARTESIAN_POINT ( 'NONE',  ( -1.393658615979849635, -1.456341902412987110, -94.26797488967952177 ) ) ;
#4149 = CARTESIAN_POINT ( 'NONE',  ( 11.75215824891725092, 0.9868814631461639841, -105.3542959944715136 ) ) ;
#4150 = CARTESIAN_POINT ( 'NONE',  ( 49.28974259027645388, 2.403239528049400775, -124.7812081377417286 ) ) ;
#4151 = CARTESIAN_POINT ( 'NONE',  ( -13.14223747414546217, -1.858949564476968463, -47.06394793428156476 ) ) ;
#4152 = CARTESIAN_POINT ( 'NONE',  ( 43.60467163448652173, -0.6366895338585799591, -115.5065979777882177 ) ) ;
#4153 = CARTESIAN_POINT ( 'NONE',  ( 48.47703934275921256, 2.091207196521663647, -129.3533155282208895 ) ) ;
#4154 = CARTESIAN_POINT ( 'NONE',  ( 44.28941186131236663, -0.3073483118243637291, -116.7058651384182895 ) ) ;
#4155 = CARTESIAN_POINT ( 'NONE',  ( 50.34329620676068373, -0.1524817453113889720, -130.5291568282677872 ) ) ;
#4156 = CARTESIAN_POINT ( 'NONE',  ( 42.40827537485897381, 0.5123574925463524332, -113.0253849412755756 ) ) ;
#4157 = CARTESIAN_POINT ( 'NONE',  ( -13.18009026745908052, -2.243410225705512850, -39.10583022959014698 ) ) ;
#4158 = CARTESIAN_POINT ( 'NONE',  ( -11.21824928121496079, -0.5155651711515658597, -39.28917391446633900 ) ) ;
#4159 = CARTESIAN_POINT ( 'NONE',  ( -7.890272603372485705, 0.04563529250423690314, -80.17211130642320427 ) ) ;
#4160 = CARTESIAN_POINT ( 'NONE',  ( -11.28877127221624477, -0.3744185464860046997, -50.96132287173433184 ) ) ;
#4161 = CARTESIAN_POINT ( 'NONE',  ( 31.01816969454372241, -0.1103393447749657919, -112.1872545434525534 ) ) ;
#4162 = CARTESIAN_POINT ( 'NONE',  ( 22.46224745131390321, 2.776052591724442742, -110.4977958902696002 ) ) ;
#4163 = CARTESIAN_POINT ( 'NONE',  ( -12.80910932575528705, -3.078381079607749982, -36.40874969308924847 ) ) ;
#4164 = CARTESIAN_POINT ( 'NONE',  ( -2.757160966767812305, -1.258716250430832018, -94.86136719226978187 ) ) ;
#4165 = CARTESIAN_POINT ( 'NONE',  ( -3.347678579008151356, 1.203209446440570263, -5.921584697493567973 ) ) ;
#4166 = CARTESIAN_POINT ( 'NONE',  ( -10.16551873038933884, -1.472552229981360039, -34.60596370057032090 ) ) ;
#4167 = CARTESIAN_POINT ( 'NONE',  ( 49.21713604477270110, 2.737218036683857214, -132.2946252709728867 ) ) ;
#4168 = CARTESIAN_POINT ( 'NONE',  ( 44.28872286953500037, 0.03660879278734376074, -114.1704107612247441 ) ) ;
#4169 = CARTESIAN_POINT ( 'NONE',  ( 47.53129077910055855, 1.294093110882986730, -131.3304364417509760 ) ) ;
#4170 = CARTESIAN_POINT ( 'NONE',  ( 51.11508908966781917, 0.2461711303704128551, -123.1147575100079337 ) ) ;
#4171 = CARTESIAN_POINT ( 'NONE',  ( 50.50872636180253750, 0.6702987699261108157, -131.5168507483555516 ) ) ;
#4172 = CC_DESIGN_PERSON_AND_ORGANIZATION_ASSIGNMENT ( #3489, #1477, ( #3393 ) ) ;
#4173 = CARTESIAN_POINT ( 'NONE',  ( 18.11896292605594283, 2.982416467824196893, -107.8716859979841018 ) ) ;
#4174 = CARTESIAN_POINT ( 'NONE',  ( 32.71627347365727445, 1.187252522186137860, -110.0173004656607816 ) ) ;
#4175 = CARTESIAN_POINT ( 'NONE',  ( 32.61187121057294291, 0.1908614381053964637, -112.7819561080117410 ) ) ;
#4176 = CARTESIAN_POINT ( 'NONE',  ( 5.033431149090455747, 2.669427136503094378, -102.6691135599026410 ) ) ;
#4177 = CARTESIAN_POINT ( 'NONE',  ( -8.468297102888227457, -2.399634896691850816, -62.08061691199050358 ) ) ;
#4178 = CARTESIAN_POINT ( 'NONE',  ( 7.650357581657716288, -0.5301345931582672755, -104.4888810323341488 ) ) ;
#4179 = CARTESIAN_POINT ( 'NONE',  ( 31.53035962317753160, 0.7688654759258596316, -109.9456254785250024 ) ) ;
#4180 = CARTESIAN_POINT ( 'NONE',  ( -8.792130790219292891, -3.111273014569496009, -21.70068832642010648 ) ) ;
#4181 = CARTESIAN_POINT ( 'NONE',  ( 36.35061696263765896, 2.289024598341669048, -113.5615091566899082 ) ) ;
#4182 = CARTESIAN_POINT ( 'NONE',  ( 43.27634186992059284, -0.2880241306660749068, -116.0780264153619186 ) ) ;
#4183 = CARTESIAN_POINT ( 'NONE',  ( 50.65100298337923590, -0.1612568891304841379, -129.1614050278472234 ) ) ;
#4184 = DIRECTION ( 'NONE',  ( -0.2415937143328455439, 0.1880145311749068793, 0.9519889774897289936 ) ) ;
#4185 = CARTESIAN_POINT ( 'NONE',  ( -11.29956251915549181, -2.261310524693711077, -62.95016356794767631 ) ) ;
#4186 = CARTESIAN_POINT ( 'NONE',  ( 51.07080074904882139, 1.139358152755268527, -129.4982615954399137 ) ) ;
#4187 = CARTESIAN_POINT ( 'NONE',  ( -11.48706506899443802, -0.6357854868972121487, -60.01235884548420785 ) ) ;
#4188 = CARTESIAN_POINT ( 'NONE',  ( 46.07237927038666925, 2.141815087566516507, -115.0156796916335082 ) ) ;
#4189 = CARTESIAN_POINT ( 'NONE',  ( 47.98523196680613268, -0.3982517480820932931, -120.8191280410175352 ) ) ;
#4190 = CARTESIAN_POINT ( 'NONE',  ( -3.840630352324234664, 1.094160464142872380, -93.34836328345014067 ) ) ;
#4191 = CARTESIAN_POINT ( 'NONE',  ( -12.87507830384214635, -3.190556905148012934, -44.37192773351069519 ) ) ;
#4192 = CARTESIAN_POINT ( 'NONE',  ( 37.06746866976675392, 0.1198509663936833530, -113.8525048073461505 ) ) ;
#4193 = CARTESIAN_POINT ( 'NONE',  ( -2.615704780132657170, 1.687747439752958156, -91.84318358395618986 ) ) ;
#4194 = CARTESIAN_POINT ( 'NONE',  ( -11.59590309050278734, -0.6416804036133215705, -59.08483482289007327 ) ) ;
#4195 = CARTESIAN_POINT ( 'NONE',  ( -12.89665506860788291, -3.184515183953994466, -43.48097721576273500 ) ) ;
#4196 = CARTESIAN_POINT ( 'NONE',  ( 37.48932493267327715, 0.6677393272685318015, -111.3085231452132717 ) ) ;
#4197 = CARTESIAN_POINT ( 'NONE',  ( 44.44546166750032512, 0.8670051572564493325, -113.8160175189025125 ) ) ;
#4198 = CARTESIAN_POINT ( 'NONE',  ( 11.73332918486172893, 1.436847357076004750, -105.2673530955694332 ) ) ;
#4199 = CARTESIAN_POINT ( 'NONE',  ( 45.74782127425908129, 0.002760543990897761698, -118.1528689812231505 ) ) ;
#4200 = CARTESIAN_POINT ( 'NONE',  ( 42.49898180893679012, 2.589994638392849602, -113.3476006784277530 ) ) ;
#4201 = CARTESIAN_POINT ( 'NONE',  ( 40.01705844366883724, -0.1836341663488496867, -112.6131765442388257 ) ) ;
#4202 = CARTESIAN_POINT ( 'NONE',  ( -8.792130790219292891, -3.111273014569496009, -21.70068832642010648 ) ) ;
#4203 = CARTESIAN_POINT ( 'NONE',  ( -9.465332053171554350, -1.837066466934525799, -55.61127155761587915 ) ) ;
#4204 = ADVANCED_FACE ( 'NONE', ( #1436 ), #2252, .T. ) ;
#4205 = CARTESIAN_POINT ( 'NONE',  ( 33.24516152388815016, 2.814365677258087395, -110.6606268473518782 ) ) ;
#4206 = CARTESIAN_POINT ( 'NONE',  ( 0.9133915190516630478, 1.482797061553438933, -101.5444505852791792 ) ) ;
#4207 = CARTESIAN_POINT ( 'NONE',  ( -0.0005934610488458154018, -1.206484526961830950, -96.95367565785919339 ) ) ;
#4208 = CARTESIAN_POINT ( 'NONE',  ( 48.78416196818263018, 2.080324800911003802, -127.7018801870886335 ) ) ;
#4209 = CARTESIAN_POINT ( 'NONE',  ( 40.51774655555120574, -0.2491511053602804837, -114.7391917732983018 ) ) ;
#4210 = CARTESIAN_POINT ( 'NONE',  ( -4.988822270216529908, -0.9883678122196890570, -11.85899236476383223 ) ) ;
#4211 = CARTESIAN_POINT ( 'NONE',  ( 50.86246926264609414, -0.1607956590976727940, -122.8309179034229430 ) ) ;
#4212 = CARTESIAN_POINT ( 'NONE',  ( 51.08012168079149973, 0.2410458902583342000, -127.8494754050276185 ) ) ;
#4213 = CARTESIAN_POINT ( 'NONE',  ( -1.750000000000000000, 2.155768121739438459E-16, 0.000000000000000000 ) ) ;
#4214 = CARTESIAN_POINT ( 'NONE',  ( -4.676894202525542887, 0.9986077630563107155, -85.51873414827009867 ) ) ;
#4215 = CARTESIAN_POINT ( 'NONE',  ( 46.48935524598978475, 2.130188430150020018, -115.3195115033622642 ) ) ;
#4216 = CARTESIAN_POINT ( 'NONE',  ( 33.80627664452197934, -0.1593626053280476906, -112.7531218009546166 ) ) ;
#4217 = CARTESIAN_POINT ( 'NONE',  ( -12.96485008729008115, -1.392164561510901510, -48.70950455505245458 ) ) ;
#4218 = CARTESIAN_POINT ( 'NONE',  ( -12.67102231356606268, -3.202290990774362189, -48.84532326265009061 ) ) ;
#4219 = CARTESIAN_POINT ( 'NONE',  ( 36.64151843899589522, 0.1250049205121515905, -113.7327557868911612 ) ) ;
#4220 = CARTESIAN_POINT ( 'NONE',  ( 49.53290255886139448, -0.4571394868800349176, -119.7929507699633120 ) ) ;
#4221 = CARTESIAN_POINT ( 'NONE',  ( -10.07856494038889217, -0.1296260952492559737, -63.37674016479235917 ) ) ;
#4222 = CARTESIAN_POINT ( 'NONE',  ( -12.66181262305319422, -0.6202549800793014656, -37.65336644190033866 ) ) ;
#4223 = CARTESIAN_POINT ( 'NONE',  ( -4.048539639434991066, -0.7768372081428235321, -93.00834593956204799 ) ) ;
#4224 = CARTESIAN_POINT ( 'NONE',  ( 24.22938351348282637, 0.7973970208376593982, -108.6175495872489165 ) ) ;
#4225 = CARTESIAN_POINT ( 'NONE',  ( -10.61248213403753837, -1.133662210307827323, -42.42139134030286840 ) ) ;
#4226 = CARTESIAN_POINT ( 'NONE',  ( -10.87632628659945588, -3.088390820150480831, -62.87742299138123059 ) ) ;
#4227 = CARTESIAN_POINT ( 'NONE',  ( -1.377195498603527746, 0.3311774513150502197, -92.25518917570597921 ) ) ;
#4228 = CARTESIAN_POINT ( 'NONE',  ( 48.44651777446372876, -0.06468512106624080271, -123.0157961257464621 ) ) ;
#4229 = CARTESIAN_POINT ( 'NONE',  ( 8.532547791670797466, 2.844431020952406186, -104.7703381755147234 ) ) ;
#4230 = CARTESIAN_POINT ( 'NONE',  ( 50.54183256526375345, -0.4911899811593551934, -123.0070417338023248 ) ) ;
#4231 = CARTESIAN_POINT ( 'NONE',  ( 18.61141097203835670, -0.3210523906205952627, -108.4801189577590748 ) ) ;
#4232 = CARTESIAN_POINT ( 'NONE',  ( 50.81137416311873523, 0.2480154803054886725, -129.4075969459365751 ) ) ;
#4233 = CARTESIAN_POINT ( 'NONE',  ( -12.15335299140165937, -0.3441290208546488039, -34.79417258708083693 ) ) ;
#4234 = CARTESIAN_POINT ( 'NONE',  ( -9.123767517062415067, -1.644313316283006143, -75.32095568408892916 ) ) ;
#4235 = CARTESIAN_POINT ( 'NONE',  ( -5.342986662792724495, -2.125911868654801751, -78.92609153815050149 ) ) ;
#4236 = CARTESIAN_POINT ( 'NONE',  ( 47.94781681939554119, 2.109772373151491465, -131.3584339545857347 ) ) ;
#4237 = CARTESIAN_POINT ( 'NONE',  ( 48.85799064151139959, -0.4216626211711483330, -124.4004746999167281 ) ) ;
#4238 = CARTESIAN_POINT ( 'NONE',  ( -10.20932662581670591, -1.955163726718495587, -36.34164320661006542 ) ) ;
#4239 = CARTESIAN_POINT ( 'NONE',  ( 49.95138226774585632, -0.1407583306593780115, -131.9541385879685151 ) ) ;
#4240 = CARTESIAN_POINT ( 'NONE',  ( 51.04934023370596918, 0.2417796879271745802, -128.0655223646470233 ) ) ;
#4241 = CARTESIAN_POINT ( 'NONE',  ( -11.11176455091500692, -0.5477740978904320768, -47.14191371799591934 ) ) ;
#4242 = CARTESIAN_POINT ( 'NONE',  ( 51.34366830205108556, 1.132495427605916927, -127.9261340286148538 ) ) ;
#4243 = CARTESIAN_POINT ( 'NONE',  ( -7.364842418639454991, -2.972729903661218920, -15.36346105280249041 ) ) ;
#4244 = CARTESIAN_POINT ( 'NONE',  ( 32.89035372343757047, 2.713074595948858025, -112.4337526572814312 ) ) ;
#4245 = CARTESIAN_POINT ( 'NONE',  ( -12.43291921053097759, -2.933050984471427203, -31.17213737011779173 ) ) ;
#4246 = CARTESIAN_POINT ( 'NONE',  ( 8.858005544017991895, -0.1309437629954753046, -106.7412859769853810 ) ) ;
#4247 = CARTESIAN_POINT ( 'NONE',  ( 24.31534134746259568, 0.01962347024985563321, -109.1300261682729484 ) ) ;
#4248 = CARTESIAN_POINT ( 'NONE',  ( 50.72637117670426221, 1.987114146352675581, -130.2150435904175367 ) ) ;
#4249 = CARTESIAN_POINT ( 'NONE',  ( 50.42194936106369596, 2.701169584032009574, -126.0822872018132159 ) ) ;
#4250 = CARTESIAN_POINT ( 'NONE',  ( 47.76740094134027004, 1.285577997827854091, -130.5186904810040289 ) ) ;
#4251 = CARTESIAN_POINT ( 'NONE',  ( -6.787495036726140185, -0.7435760632900729750, -72.77962967753784085 ) ) ;
#4252 = CARTESIAN_POINT ( 'NONE',  ( -2.825776971758516165, 0.5925853456265939290, -88.93916894865346023 ) ) ;
#4253 = CARTESIAN_POINT ( 'NONE',  ( -4.048539639434991066, -0.7768372081428235321, -93.00834593956204799 ) ) ;
#4254 = CARTESIAN_POINT ( 'NONE',  ( 18.23899330794481344, 1.397133478165223597, -107.1907298660993177 ) ) ;
#4255 = CARTESIAN_POINT ( 'NONE',  ( 11.98710562957535686, -0.04223606159740074528, -107.9829525838868278 ) ) ;
#4256 = CARTESIAN_POINT ( 'NONE',  ( 7.604041475958752017, 2.805381641036179818, -104.2863537314152467 ) ) ;
#4257 = CARTESIAN_POINT ( 'NONE',  ( 50.14084735979371032, -0.4844076826465685826, -129.9091586763553323 ) ) ;
#4258 = CARTESIAN_POINT ( 'NONE',  ( 12.03989035280028475, -0.3844647153714323973, -106.4409870082810556 ) ) ;
#4259 = CARTESIAN_POINT ( 'NONE',  ( 51.26764387634573694, 0.2381975635411803793, -125.3734905246250122 ) ) ;
#4260 = CARTESIAN_POINT ( 'NONE',  ( -7.198998998016386430, 0.7124477732849647804, -12.29078825127038321 ) ) ;
#4261 = CARTESIAN_POINT ( 'NONE',  ( -11.22515703288406641, -1.830569806194817239, -64.29445520540143377 ) ) ;
#4262 = CARTESIAN_POINT ( 'NONE',  ( -2.011593780252549646, -1.574971032742805033, -92.82131655485295596 ) ) ;
#4263 = CARTESIAN_POINT ( 'NONE',  ( -5.506527898655059872, -0.8355182578674091864, -89.12393244467301656 ) ) ;
#4264 = CARTESIAN_POINT ( 'NONE',  ( 13.23106095591058917, -0.4593194975199786922, -107.2715681498844731 ) ) ;
#4265 = CARTESIAN_POINT ( 'NONE',  ( 3.715835812529423077, 0.5950844694031856008, -100.4750850467754901 ) ) ;
#4266 = CARTESIAN_POINT ( 'NONE',  ( 0.000000000000000000, 0.000000000000000000, 0.000000000000000000 ) ) ;
#4267 = CARTESIAN_POINT ( 'NONE',  ( 32.96260706462606294, 1.923201477733939457, -112.9265917923372200 ) ) ;
#4268 = CARTESIAN_POINT ( 'NONE',  ( 32.35530822878844504, 2.497346776525938505, -110.1884541849829589 ) ) ;
#4269 = CARTESIAN_POINT ( 'NONE',  ( 35.80251076421556888, 1.623765228509626013, -110.6850729113241840 ) ) ;
#4270 = CARTESIAN_POINT ( 'NONE',  ( 48.88342415909792749, -0.4217603361138835827, -125.6435811400819205 ) ) ;
#4271 = CARTESIAN_POINT ( 'NONE',  ( 49.20130319373826921, 2.406657182365148362, -127.0560347189594808 ) ) ;
#4272 = CARTESIAN_POINT ( 'NONE',  ( -12.76454306921823090, -3.057698609811142276, -35.53203080778372680 ) ) ;
#4273 = CARTESIAN_POINT ( 'NONE',  ( 47.60273508069420956, -0.03002695695502176007, -131.4157618666678218 ) ) ;
#4274 = CARTESIAN_POINT ( 'NONE',  ( 38.36710530493655114, -0.1387560495539985062, -112.0640816300088005 ) ) ;
#4275 = CARTESIAN_POINT ( 'NONE',  ( -10.32938115073862484, -2.017073804835858741, -41.50874012673127567 ) ) ;
#4276 = CARTESIAN_POINT ( 'NONE',  ( 7.771979142981526145, 2.891039249194121918, -105.6581034262638923 ) ) ;
#4277 = CARTESIAN_POINT ( 'NONE',  ( 48.14279532578321152, 1.271934721349911035, -128.9857029515894169 ) ) ;
#4278 = CARTESIAN_POINT ( 'NONE',  ( 50.49157942211373040, 0.2570330954765439047, -130.7812777149303258 ) ) ;
#4279 = CARTESIAN_POINT ( 'NONE',  ( 8.861185259395801594, 1.826131934430004877, -104.1071535196203826 ) ) ;
#4280 = CARTESIAN_POINT ( 'NONE',  ( 51.06774404194054284, 0.6546451853833369361, -129.1769955812824833 ) ) ;
#4281 = CARTESIAN_POINT ( 'NONE',  ( 34.44160572011200827, 0.1569449057220932697, -113.1789059692736572 ) ) ;
#4282 = CARTESIAN_POINT ( 'NONE',  ( 48.07109586280309088, 2.778936359500389308, -118.7288728522775898 ) ) ;
#4283 = CARTESIAN_POINT ( 'NONE',  ( 44.54997469929029563, 2.528322250132050364, -114.3647092799351697 ) ) ;
#4284 = CARTESIAN_POINT ( 'NONE',  ( 32.07536121651246219, -0.02495053903789997557, -110.5299629119145521 ) ) ;
#4285 = CARTESIAN_POINT ( 'NONE',  ( 33.72309868840485336, -0.4354963508029346952, -111.6068014874313121 ) ) ;
#4286 = CARTESIAN_POINT ( 'NONE',  ( -9.662916570993525411, -1.355037934655275444, -29.54600158772271001 ) ) ;
#4287 = CARTESIAN_POINT ( 'NONE',  ( 31.56179735409780207, 2.379478534269788170, -112.4606573638246800 ) ) ;
#4288 = CARTESIAN_POINT ( 'NONE',  ( 33.93451262824969916, -0.4384799541511984478, -111.6531561011401408 ) ) ;
#4289 = CARTESIAN_POINT ( 'NONE',  ( -13.02817640313595682, -2.642937272209375799, -36.47566366889832068 ) ) ;
#4290 = CARTESIAN_POINT ( 'NONE',  ( 18.21958037622470883, -0.3884638371357619913, -108.7755220286809816 ) ) ;
#4291 = CARTESIAN_POINT ( 'NONE',  ( -2.655542759821838850, -0.3106165100208912455, -88.92302524469890557 ) ) ;
#4292 = CARTESIAN_POINT ( 'NONE',  ( 50.98057385969629962, 0.2434955792737334979, -128.5022916388665521 ) ) ;
#4293 = CARTESIAN_POINT ( 'NONE',  ( 10.53379969587177278, 1.613999027926338758, -107.9030355636504055 ) ) ;
#4294 = CARTESIAN_POINT ( 'NONE',  ( 49.67344124630034941, 2.033659371452088749, -118.7947384984069288 ) ) ;
#4295 = CARTESIAN_POINT ( 'NONE',  ( -1.141216915649202690, 1.278678172838049631, -2.892309648523771592 ) ) ;
#4296 = CARTESIAN_POINT ( 'NONE',  ( -11.12709592431322569, -3.823575276867037243, -39.77303502991899364 ) ) ;
#4297 = CARTESIAN_POINT ( 'NONE',  ( 48.70026514599926770, 2.423718994814293204, -129.8613942071948202 ) ) ;
#4298 = CARTESIAN_POINT ( 'NONE',  ( 48.65151693573261582, -0.06913909274429000384, -124.9502338724339836 ) ) ;
#4299 = CARTESIAN_POINT ( 'NONE',  ( -11.27126448730271946, -2.697065995217560186, -62.30824791933672202 ) ) ;
#4300 = CARTESIAN_POINT ( 'NONE',  ( -9.741939578236124220, -2.402401054614123677, -52.07985269155419417 ) ) ;
#4301 = CARTESIAN_POINT ( 'NONE',  ( -9.613681207462132505, -1.808462264461832447, -29.57468075075158609 ) ) ;
#4302 = CARTESIAN_POINT ( 'NONE',  ( -3.497080476038840757, 1.649211741768310091, -92.70820180132469090 ) ) ;
#4303 = CARTESIAN_POINT ( 'NONE',  ( 17.78623598913002368, 0.8744253296066197834, -110.0816691944787920 ) ) ;
#4304 = CARTESIAN_POINT ( 'NONE',  ( 51.21472604037786880, 0.2383027072641716593, -126.5853930762516626 ) ) ;
#4305 = CARTESIAN_POINT ( 'NONE',  ( 10.26893419487472414, 1.877565293500975896, -104.7590523896332826 ) ) ;
#4306 = CARTESIAN_POINT ( 'NONE',  ( 51.01972691361093126, 0.6559395570056179015, -129.4170661871759478 ) ) ;
#4307 = CARTESIAN_POINT ( 'NONE',  ( -11.76649181428482649, -3.942477325128941779, -46.44820983963929706 ) ) ;
#4308 = CARTESIAN_POINT ( 'NONE',  ( -11.03003306458019495, -0.3671458660894492687, -61.28217837001365353 ) ) ;
#4309 = CARTESIAN_POINT ( 'NONE',  ( 47.85161643000045473, -0.4054647898521349658, -117.2874171283650497 ) ) ;
#4310 = CARTESIAN_POINT ( 'NONE',  ( 9.060684478404976261, -0.4724171689109983863, -105.2117546454932011 ) ) ;
#4311 = CARTESIAN_POINT ( 'NONE',  ( 42.40827537485897381, 0.5123574925463524332, -113.0253849412755756 ) ) ;
#4312 = CARTESIAN_POINT ( 'NONE',  ( 49.57105039147487702, 2.381841533353532103, -119.1285939844509016 ) ) ;
#4313 = CARTESIAN_POINT ( 'NONE',  ( 48.48046136976533660, 1.259165399007685648, -126.9180464909239134 ) ) ;
#4314 = CARTESIAN_POINT ( 'NONE',  ( 24.59581032374249077, -0.3499837342314391919, -109.9226194355026252 ) ) ;
#4315 = CARTESIAN_POINT ( 'NONE',  ( -11.03414188500228299, -3.868798699495798132, -45.89663631186267878 ) ) ;
#4316 = CARTESIAN_POINT ( 'NONE',  ( 0.3339418752604124130, 0.1857170575338286944, -95.90725681480321896 ) ) ;
#4317 = SHAPE_DEFINITION_REPRESENTATION ( #2122, #644 ) ;
#4318 = CARTESIAN_POINT ( 'NONE',  ( 0.2132971516079944230, 0.9513468623644224520, -100.7960864673065942 ) ) ;
#4319 = CARTESIAN_POINT ( 'NONE',  ( 50.80941872825685834, 1.995490787300885804, -121.4021936047331565 ) ) ;
#4320 = CARTESIAN_POINT ( 'NONE',  ( -2.607640463168622080, 1.384512914829191699, -95.94006408957352505 ) ) ;
#4321 = CARTESIAN_POINT ( 'NONE',  ( 34.88939523107217866, 1.642911916809994155, -110.4713755952666077 ) ) ;
#4322 = CARTESIAN_POINT ( 'NONE',  ( 48.80343565203341427, -0.4203425219883964448, -123.8158477876999797 ) ) ;
#4323 = CARTESIAN_POINT ( 'NONE',  ( 44.79681489936741201, 2.177490730031121480, -117.0428533888117784 ) ) ;
#4324 = CARTESIAN_POINT ( 'NONE',  ( 34.72784232001045979, 2.678492411161136566, -112.8510781685948672 ) ) ;
#4325 = CARTESIAN_POINT ( 'NONE',  ( -11.87339315595048639, -3.924150284040172743, -42.90522606020386576 ) ) ;
#4326 = CARTESIAN_POINT ( 'NONE',  ( -12.98307175092795873, -2.621937782841725184, -35.59769126283722329 ) ) ;
#4327 = CARTESIAN_POINT ( 'NONE',  ( -7.083173298030390974, -1.325208833122960561, -70.05782044053469804 ) ) ;
#4328 = CARTESIAN_POINT ( 'NONE',  ( -8.848452620868453522, -1.592306023816241867, -60.54599093060249970 ) ) ;
#4329 = CARTESIAN_POINT ( 'NONE',  ( -2.999488806962627319, 1.771447299704786538, -93.80279293187639666 ) ) ;
#4330 = CARTESIAN_POINT ( 'NONE',  ( 44.01063877015872094, 0.8734748917856760553, -117.0340282046585827 ) ) ;
#4331 = DIRECTION ( 'NONE',  ( 0.000000000000000000, 0.000000000000000000, 1.000000000000000000 ) ) ;
#4332 = CARTESIAN_POINT ( 'NONE',  ( -10.28655589366071155, -1.100719066417629177, -50.32267699257789673 ) ) ;
#4333 = CARTESIAN_POINT ( 'NONE',  ( 36.05727310906258509, 2.438804222640844621, -111.0159718468810013 ) ) ;
#4334 = CARTESIAN_POINT ( 'NONE',  ( -11.82975687056685032, -3.153328490719597976, -56.97241557740747453 ) ) ;
#4335 = CARTESIAN_POINT ( 'NONE',  ( -10.58978810779273338, -1.104331995077388662, -38.97474170676642302 ) ) ;
#4336 = CARTESIAN_POINT ( 'NONE',  ( 47.17539044581641150, -0.01480017130450105890, -132.7227033827965386 ) ) ;
#4337 = CARTESIAN_POINT ( 'NONE',  ( 49.71722449238532704, 2.729232264851249923, -122.4390288332877219 ) ) ;
#4338 = CARTESIAN_POINT ( 'NONE',  ( -0.4581489286485113666, 1.750000000000000000, 0.000000000000000000 ) ) ;
#4339 = CARTESIAN_POINT ( 'NONE',  ( 1.750000000000000000, -0.4581489286485114776, 0.000000000000000000 ) ) ;
#4340 = CARTESIAN_POINT ( 'NONE',  ( 35.97266138389321100, -0.4708925107104132701, -112.1413341573054225 ) ) ;
#4341 = CARTESIAN_POINT ( 'NONE',  ( 50.00211339821799328, 0.2716593650960983930, -132.4749521369985814 ) ) ;
#4342 = CARTESIAN_POINT ( 'NONE',  ( -11.00601613247787292, -0.03580099096010675580, -25.39459893861023332 ) ) ;
#4343 = CARTESIAN_POINT ( 'NONE',  ( 45.57683643006243557, 0.8414253051009268347, -118.2291857555806729 ) ) ;
#4344 = CARTESIAN_POINT ( 'NONE',  ( 47.58964322545945436, 1.291968584245050788, -131.1376147614872423 ) ) ;
#4345 = CARTESIAN_POINT ( 'NONE',  ( 49.83497355915468319, -0.8092756452794694910, -127.2331069682032592 ) ) ;
#4346 = CARTESIAN_POINT ( 'NONE',  ( -2.987188608466207373, -1.845695499899008496, -91.17955220282325968 ) ) ;
#4347 = CARTESIAN_POINT ( 'NONE',  ( -2.328456497552132909, -0.2693163911033802926, -89.85796803936257504 ) ) ;
#4348 = DATE_AND_TIME ( #4411, #312 ) ;
#4349 = CARTESIAN_POINT ( 'NONE',  ( 45.08399560526716954, 1.754474129420858786, -117.4937540570669512 ) ) ;
#4350 = CARTESIAN_POINT ( 'NONE',  ( 36.33030848997096740, 1.434329796052973727, -113.8901467657812390 ) ) ;
#4351 = CARTESIAN_POINT ( 'NONE',  ( 10.38997088387504952, 2.639683106130937151, -105.2538389641180601 ) ) ;
#4352 = CARTESIAN_POINT ( 'NONE',  ( -7.968142502108102931, -0.7053615612311994187, -80.67371395059974759 ) ) ;
#4353 = CARTESIAN_POINT ( 'NONE',  ( 50.22759963795029847, 1.179874161361724294, -119.3725360170405025 ) ) ;
#4354 = CARTESIAN_POINT ( 'NONE',  ( -1.576973183575513415, -2.036784912858982999, -2.942984233744504241 ) ) ;
#4355 = CARTESIAN_POINT ( 'NONE',  ( 47.81697083474871590, 2.114376576445226696, -131.7817950941592642 ) ) ;
#4356 = CARTESIAN_POINT ( 'NONE',  ( 44.64452974467809554, 2.524279394344879801, -116.5488425966413359 ) ) ;
#4357 = CARTESIAN_POINT ( 'NONE',  ( 51.20269256271518543, 0.2423817966478294117, -123.8439808219394678 ) ) ;
#4358 = CARTESIAN_POINT ( 'NONE',  ( -11.88892914331998618, -3.906910496580940695, -41.14222874363586868 ) ) ;
#4359 = CARTESIAN_POINT ( 'NONE',  ( -3.793479991622858982, -0.7574282872460944560, -3.055937371431656224 ) ) ;
#4360 = CARTESIAN_POINT ( 'NONE',  ( 49.58387598932633011, -0.4674508060788146735, -131.9877203467256948 ) ) ;
#4361 = CARTESIAN_POINT ( 'NONE',  ( -4.988822270216529908, -0.9883678122196890570, -11.85899236476383223 ) ) ;
#4362 = CARTESIAN_POINT ( 'NONE',  ( 49.66962782388132780, 2.722913287976273633, -130.7238867616591733 ) ) ;
#4363 = CARTESIAN_POINT ( 'NONE',  ( 16.90377820505060669, 3.119148973921471946, -108.8036090878483719 ) ) ;
#4364 = CARTESIAN_POINT ( 'NONE',  ( 12.12551108874323980, 0.7196736346570932197, -108.4742470280065021 ) ) ;
#4365 = CARTESIAN_POINT ( 'NONE',  ( -8.848452620868453522, -1.592306023816241867, -60.54599093060249970 ) ) ;
#4366 = CARTESIAN_POINT ( 'NONE',  ( 35.37594730274505395, 2.453110637663873383, -110.8541601395285028 ) ) ;
#4367 = CARTESIAN_POINT ( 'NONE',  ( 51.31492670848218296, 0.6552477425439320324, -123.0633367268242182 ) ) ;
#4368 = CARTESIAN_POINT ( 'NONE',  ( -9.564971716737177942, -3.615263453089697876, -63.52657996310234978 ) ) ;
#4369 = CARTESIAN_POINT ( 'NONE',  ( 48.99346963549778167, 2.751738597092222793, -120.3330038134816107 ) ) ;
#4370 = CARTESIAN_POINT ( 'NONE',  ( -7.710116822317299778, 0.3422729102663757406, -79.82868103756365485 ) ) ;
#4371 = CARTESIAN_POINT ( 'NONE',  ( -8.497700358914114460, -1.933784420082174993, -61.92398260948856148 ) ) ;
#4372 = CARTESIAN_POINT ( 'NONE',  ( -1.967748445643872524, -1.079834359600228666, -91.38261605880427396 ) ) ;
#4373 = CARTESIAN_POINT ( 'NONE',  ( 7.490323664710758500, 1.284369088663281477, -103.2809200612336156 ) ) ;
#4374 = ORGANIZATION ( 'Î´Ö¸¶¨', 'Î´Ö¸¶¨', '' ) ;
#4375 = CARTESIAN_POINT ( 'NONE',  ( 15.01580478628963533, 3.184052703220433767, -107.9356599903018576 ) ) ;
#4376 = CARTESIAN_POINT ( 'NONE',  ( 48.48669661398955810, 0.7728771729725113504, -125.8807736761689284 ) ) ;
#4377 = CARTESIAN_POINT ( 'NONE',  ( 48.47511028426487911, 1.255987804291652354, -123.6791533959246721 ) ) ;
#4378 = CARTESIAN_POINT ( 'NONE',  ( 49.44183492807866287, -0.7949611411036240360, -121.6681315125227485 ) ) ;
#4379 = CARTESIAN_POINT ( 'NONE',  ( -11.12709592431322569, -3.823575276867037243, -39.77303502991899364 ) ) ;
#4380 = CARTESIAN_POINT ( 'NONE',  ( -0.9749717390698635633, -0.04891744330516627909, -93.26573582621408320 ) ) ;
#4381 = CARTESIAN_POINT ( 'NONE',  ( 21.36593274906927675, 1.938485770127858387, -110.7577568416086962 ) ) ;
#4382 = CARTESIAN_POINT ( 'NONE',  ( 27.71587702331116887, 1.597332061785676993, -112.0668232958633581 ) ) ;
#4383 = CARTESIAN_POINT ( 'NONE',  ( 7.113551998094370887, 2.510047744627282196, -103.6256603603283395 ) ) ;
#4384 = CARTESIAN_POINT ( 'NONE',  ( -8.143373984447681124, 0.2801551426231389530, -73.36586354428111179 ) ) ;
#4385 = CARTESIAN_POINT ( 'NONE',  ( 29.67634004790536295, -0.4066641459089515021, -111.2417684988112541 ) ) ;
#4386 = CARTESIAN_POINT ( 'NONE',  ( 44.24710064769145390, 2.188561916682981945, -116.6714168565716960 ) ) ;
#4387 = CARTESIAN_POINT ( 'NONE',  ( 35.62632234279083576, 2.663149379341314127, -113.0675675718749602 ) ) ;
#4388 = CARTESIAN_POINT ( 'NONE',  ( 49.13465994795904379, 0.3133217461270185189, -118.0650153294302527 ) ) ;
#4389 = CARTESIAN_POINT ( 'NONE',  ( 48.64277969096966814, -0.06813126441874246819, -125.8885026142906298 ) ) ;
#4390 = CARTESIAN_POINT ( 'NONE',  ( -13.11739899490494921, -2.695901442231837919, -39.13733240160853200 ) ) ;
#4391 = CARTESIAN_POINT ( 'NONE',  ( -8.087180214504140707, -1.975258070668933996, -21.34024008581554455 ) ) ;
#4392 = CARTESIAN_POINT ( 'NONE',  ( -10.19906926676052805, -2.026364945833667885, -46.74441560287895214 ) ) ;
#4393 = CARTESIAN_POINT ( 'NONE',  ( 44.88810996859768210, 2.864532155315738127, -115.3521826668924177 ) ) ;
#4394 = CARTESIAN_POINT ( 'NONE',  ( 32.62870953371501059, 3.103753508228237035, -111.6462858088865886 ) ) ;
#4395 = CARTESIAN_POINT ( 'NONE',  ( 34.91143426593832544, 0.9685414020862901374, -113.5536134127307974 ) ) ;
#4396 = CARTESIAN_POINT ( 'NONE',  ( 13.30528252804611711, 1.014446022294287042, -105.9031833431817518 ) ) ;
#4397 = CARTESIAN_POINT ( 'NONE',  ( 44.05038206507008169, 2.199619364563830004, -113.7950859966742172 ) ) ;
#4398 = EDGE_CURVE ( 'NONE', #1149, #662, #2874, .T. ) ;
#4399 = CARTESIAN_POINT ( 'NONE',  ( 51.40468464795245040, 0.6468988722420794257, -126.7925327268392692 ) ) ;
#4400 = CARTESIAN_POINT ( 'NONE',  ( 49.88638652482936919, 2.723666990359362661, -123.3264969709574359 ) ) ;
#4401 = CARTESIAN_POINT ( 'NONE',  ( 50.97857859322473217, 2.328814351831131280, -127.3647172171251611 ) ) ;
#4402 = CARTESIAN_POINT ( 'NONE',  ( 7.090459412783376436, 0.3655896283461829710, -103.2034575240297443 ) ) ;
#4403 = CARTESIAN_POINT ( 'NONE',  ( 48.00624033993040030, 2.107705209694887838, -131.1627789807364479 ) ) ;
#4404 = CARTESIAN_POINT ( 'NONE',  ( -9.158149760385422056, -2.671290897042982948, -57.59261512697140262 ) ) ;
#4405 = CARTESIAN_POINT ( 'NONE',  ( -8.439944195974245389, -0.9016640456841172879, -64.58611338669169299 ) ) ;
#4406 = CARTESIAN_POINT ( 'NONE',  ( -5.065720893548446568, 1.265072628601773053, -87.86346019020329834 ) ) ;
#4407 = CARTESIAN_POINT ( 'NONE',  ( 48.12147650912666563, 0.7873101733254518342, -128.7357431125604705 ) ) ;
#4408 = CARTESIAN_POINT ( 'NONE',  ( 49.52296105863290876, -0.7975392611787049946, -121.9472936798230904 ) ) ;
#4409 = CARTESIAN_POINT ( 'NONE',  ( 49.31674212533587109, -0.7877848699459898407, -122.8881197328925339 ) ) ;
#4410 = CARTESIAN_POINT ( 'NONE',  ( -3.852746593339634984, -0.4208108425913487105, -85.04029782979000629 ) ) ;
#4411 = CALENDAR_DATE ( 2026, 26, 7 ) ;
#4412 = FACE_OUTER_BOUND ( 'NONE', #1562, .T. ) ;
#4413 = CARTESIAN_POINT ( 'NONE',  ( 15.52393580658973704, 1.282220078492478654, -109.5730657658870228 ) ) ;
#4414 = CARTESIAN_POINT ( 'NONE',  ( 51.33102905115212167, 1.974581706303300654, -124.5868912154578396 ) ) ;
#4415 = CARTESIAN_POINT ( 'NONE',  ( -4.635542354084909888, 0.8426372732442120039, -91.43418709405979428 ) ) ;
#4416 = CARTESIAN_POINT ( 'NONE',  ( -8.650193185704734944, 0.1352469180581603037, -70.61415138540343150 ) ) ;
#4417 = CARTESIAN_POINT ( 'NONE',  ( 37.85027002743274949, -0.5259433370424870802, -113.0888309478327614 ) ) ;
#4418 = CARTESIAN_POINT ( 'NONE',  ( -4.202611854946751713, 0.5886430464839012000, -92.94176297937650588 ) ) ;
#4419 = CARTESIAN_POINT ( 'NONE',  ( 49.96518826587600870, 0.2866746527792823351, -119.4315913613791480 ) ) ;
#4420 = CARTESIAN_POINT ( 'NONE',  ( -1.834973090914233662, -1.377002847344599212, -95.95402122474143880 ) ) ;
#4421 = CARTESIAN_POINT ( 'NONE',  ( -9.138744403512358616, -2.204344540950372355, -57.43357383226957324 ) ) ;
#4422 = CARTESIAN_POINT ( 'NONE',  ( 40.84810421474431053, 0.5637856236788618691, -112.3850921006034440 ) ) ;
#4423 = CARTESIAN_POINT ( 'NONE',  ( 35.66999229277825378, 3.078592093794272788, -111.9223826886265982 ) ) ;
#4424 = CARTESIAN_POINT ( 'NONE',  ( 39.29222969877526594, 2.987020433119727425, -113.3293089784720422 ) ) ;
#4425 = CARTESIAN_POINT ( 'NONE',  ( 3.298439362657830998, 0.3244944206647897289, -103.8782851983146998 ) ) ;
#4426 = CARTESIAN_POINT ( 'NONE',  ( 1.890041521158904780, 0.4070058440533158017, -98.32600896483474173 ) ) ;
#4427 = CARTESIAN_POINT ( 'NONE',  ( -8.752939813288637794, -0.5368980523410908923, -64.69768195350833651 ) ) ;
#4428 = CARTESIAN_POINT ( 'NONE',  ( 17.46955406551082035, 3.127631489441657919, -108.9192045433958640 ) ) ;
#4429 = CARTESIAN_POINT ( 'NONE',  ( 13.90190798956990470, 3.166810410403636311, -107.6263523442718935 ) ) ;
#4430 = CARTESIAN_POINT ( 'NONE',  ( 3.723051748648698478, 0.1456425468904737064, -100.5632409888331296 ) ) ;
#4431 = CARTESIAN_POINT ( 'NONE',  ( 0.9213183640735059798, 0.5840178453142941262, -101.7173531309785233 ) ) ;
#4432 = EDGE_LOOP ( 'NONE', ( #3687, #4955 ) ) ;
#4433 = CARTESIAN_POINT ( 'NONE',  ( -5.265116764079128764, -1.374915014919671830, -78.42448889395437561 ) ) ;
#4434 = CARTESIAN_POINT ( 'NONE',  ( 14.35219369078487972, 1.470598902606934377, -106.1525160095830245 ) ) ;
#4435 = CARTESIAN_POINT ( 'NONE',  ( -10.24161185030870591, -0.2858479799165691282, -67.45735131219119296 ) ) ;
#4436 = CARTESIAN_POINT ( 'NONE',  ( 19.54021669314887077, 0.9466283452422130651, -110.4922826783008531 ) ) ;
#4437 = CARTESIAN_POINT ( 'NONE',  ( 35.97266138389321100, -0.4708925107104132701, -112.1413341573054225 ) ) ;
#4438 = CARTESIAN_POINT ( 'NONE',  ( 48.10665633810275210, -0.7521285949258594838, -119.6610698681268872 ) ) ;
#4439 = CARTESIAN_POINT ( 'NONE',  ( 17.68448254772626171, 0.9741884900215584953, -107.1728606112328492 ) ) ;
#4440 = CARTESIAN_POINT ( 'NONE',  ( -10.10668844828574109, -1.925080289297482317, -34.63668014283436491 ) ) ;
#4441 = CARTESIAN_POINT ( 'NONE',  ( 10.55078713595620066, 1.164655882308924140, -107.9911586241761370 ) ) ;
#4442 = CARTESIAN_POINT ( 'NONE',  ( -4.112421389716717890, 1.013645132320800224, -92.71522503209838817 ) ) ;
#4443 = CARTESIAN_POINT ( 'NONE',  ( -10.00384164398730924, -0.2997836400136641433, -60.35587434686048880 ) ) ;
#4444 = CARTESIAN_POINT ( 'NONE',  ( 42.44915948150525509, -0.6116352874796671113, -114.8868355310825677 ) ) ;
#4445 = CARTESIAN_POINT ( 'NONE',  ( -2.445574162944355923, 1.013909113691971120, -96.66588348929829522 ) ) ;
#4446 = CARTESIAN_POINT ( 'NONE',  ( 32.71187851633490595, 0.7594330106286590887, -110.1818830163018674 ) ) ;
#4447 = CARTESIAN_POINT ( 'NONE',  ( -3.506914262518261882, -1.749525239552061295, -91.92173440627890102 ) ) ;
#4448 = CARTESIAN_POINT ( 'NONE',  ( 32.70748355901252324, 0.3316134990711804842, -110.3464655669429533 ) ) ;
#4449 = CARTESIAN_POINT ( 'NONE',  ( 13.30528252804611711, 1.014446022294287042, -105.9031833431817518 ) ) ;
#4450 = CARTESIAN_POINT ( 'NONE',  ( 44.54228169369254431, 1.350264162517310407, -113.8137950915174059 ) ) ;
#4451 = CARTESIAN_POINT ( 'NONE',  ( 35.21812733666995854, 3.086634804220398820, -111.8143793832768011 ) ) ;
#4452 = CARTESIAN_POINT ( 'NONE',  ( 49.14825160307976404, 2.745353692793953471, -131.0900971015724110 ) ) ;
#4453 = CARTESIAN_POINT ( 'NONE',  ( 48.08612228804938837, 0.7886416254947833382, -128.9075306398740679 ) ) ;
#4454 = EDGE_CURVE ( 'NONE', #662, #5036, #1493, .T. ) ;
#4455 = CARTESIAN_POINT ( 'NONE',  ( 31.61246402355167362, 1.683144959330244550, -109.7740543133508169 ) ) ;
#4456 = CARTESIAN_POINT ( 'NONE',  ( 36.72613016416529064, 3.034701653864853910, -112.6073934764730780 ) ) ;
#4457 = CARTESIAN_POINT ( 'NONE',  ( 34.97568182087913158, 3.090812064646606849, -111.7574188990560344 ) ) ;
#4458 = CARTESIAN_POINT ( 'NONE',  ( -6.535844075937142783, -1.134549315761515187, -72.78630675973367659 ) ) ;
#4459 = CARTESIAN_POINT ( 'NONE',  ( 7.430737032326703684, 1.055193923763073194, -106.6185629870077634 ) ) ;
#4460 = CARTESIAN_POINT ( 'NONE',  ( -0.4783686257743943737, -1.193402046612000555, -2.875207747743812270 ) ) ;
#4461 = CARTESIAN_POINT ( 'NONE',  ( -0.1187837265340138532, 0.5573072286461668856, -94.97729546238387854 ) ) ;
#4462 = CARTESIAN_POINT ( 'NONE',  ( 12.27036627585206041, 3.133681141795078062, -107.1085567070875015 ) ) ;
#4463 = CARTESIAN_POINT ( 'NONE',  ( 43.87509127487576421, 0.8753962193419435600, -116.9465910910498394 ) ) ;
#4464 = CARTESIAN_POINT ( 'NONE',  ( 49.07704260321007439, -0.7855891027664237969, -131.0045681549260337 ) ) ;
#4465 = CARTESIAN_POINT ( 'NONE',  ( 47.36805691524820361, -0.7314755537175328115, -118.5492685032765507 ) ) ;
#4466 = CARTESIAN_POINT ( 'NONE',  ( 10.26147914359986224, 0.9444828925451714818, -104.7537342009346446 ) ) ;
#4467 = CARTESIAN_POINT ( 'NONE',  ( 48.38896617857123061, 1.672784673990721060, -122.2365962685829146 ) ) ;
#4468 = CARTESIAN_POINT ( 'NONE',  ( 36.11275618577550262, 1.437352603975740273, -113.8332208949389184 ) ) ;
#4469 = CARTESIAN_POINT ( 'NONE',  ( 49.05168652181145461, 2.411754549703102324, -128.1339018179867537 ) ) ;
#4470 = CARTESIAN_POINT ( 'NONE',  ( -1.395084786346913353, -1.526894431396895957, -95.16123213827921745 ) ) ;
#4471 = CARTESIAN_POINT ( 'NONE',  ( -11.54981835316095662, -1.826589843594814910, -62.24924007081359889 ) ) ;
#4472 = CARTESIAN_POINT ( 'NONE',  ( 43.52795417988061644, 0.4766542868975726654, -113.5524058188548793 ) ) ;
#4473 = CARTESIAN_POINT ( 'NONE',  ( -10.40949827338381439, -3.772188921602227740, -59.01132271630822856 ) ) ;
#4474 = CARTESIAN_POINT ( 'NONE',  ( 36.14384905752349653, 0.2743409022447623746, -111.1273469850838467 ) ) ;
#4475 = CARTESIAN_POINT ( 'NONE',  ( 50.91907140712088875, 0.2538098951194477371, -122.0801801562912061 ) ) ;
#4476 = CARTESIAN_POINT ( 'NONE',  ( 45.01388593688258766, 1.336661828740720148, -114.0843304586154687 ) ) ;
#4477 = CARTESIAN_POINT ( 'NONE',  ( 49.78083450476688654, 2.719464353781594124, -130.2842140950909879 ) ) ;
#4478 = CARTESIAN_POINT ( 'NONE',  ( -11.76225518689515503, -3.821006086646824507, -35.89484345938488019 ) ) ;
#4479 = CARTESIAN_POINT ( 'NONE',  ( 48.99346963549778167, 2.751738597092222793, -120.3330038134816107 ) ) ;
#4480 = CARTESIAN_POINT ( 'NONE',  ( -11.14337929692105256, -3.348699787263465399, -25.76672566974010437 ) ) ;
#4481 = CARTESIAN_POINT ( 'NONE',  ( -6.124276985693774655, 0.2082104497340329929, -78.36234769996657690 ) ) ;
#4482 = CARTESIAN_POINT ( 'NONE',  ( 33.09657452679785195, 3.096350428904198981, -111.7485096155041475 ) ) ;
#4483 = CARTESIAN_POINT ( 'NONE',  ( 37.00569262570547835, 3.053233004541394902, -112.2561407894887537 ) ) ;
#4484 = CARTESIAN_POINT ( 'NONE',  ( 49.79097761608596784, -0.1238427078974844858, -119.5370196545078869 ) ) ;
#4485 = CARTESIAN_POINT ( 'NONE',  ( 36.11275618577550262, 1.437352603975740273, -113.8332208949389184 ) ) ;
#4486 = CARTESIAN_POINT ( 'NONE',  ( -9.798343121511004838, -2.869604415834852151, -52.23619121523664433 ) ) ;
#4487 = CARTESIAN_POINT ( 'NONE',  ( 3.061942839086363222, 0.9846453591863669752, -99.69428014753530931 ) ) ;
#4488 = CARTESIAN_POINT ( 'NONE',  ( -4.051971869667290171, 1.567581054411888219, -90.42951515337952628 ) ) ;
#4489 = CARTESIAN_POINT ( 'NONE',  ( -2.296184947649170915, -1.163113042251592733, -95.83530570590254172 ) ) ;
#4490 = CARTESIAN_POINT ( 'NONE',  ( -2.291596413267763310, -1.128453364332346220, -90.46703284427752578 ) ) ;
#4491 = CARTESIAN_POINT ( 'NONE',  ( 48.71796854567638491, -0.7697725263469639145, -120.8696259470586938 ) ) ;
#4492 = CARTESIAN_POINT ( 'NONE',  ( 48.08152999356826740, 1.689772311157107465, -130.1287810362711923 ) ) ;
#4493 = CARTESIAN_POINT ( 'NONE',  ( 49.10821477721023598, 2.409836383731791987, -127.7688154966173641 ) ) ;
#4494 = CARTESIAN_POINT ( 'NONE',  ( 20.51390026434187419, -0.3693854068241342326, -109.3963155154723950 ) ) ;
#4495 = CARTESIAN_POINT ( 'NONE',  ( 39.50199680304039163, 2.248861161766144257, -114.4806762060946426 ) ) ;
#4496 = CARTESIAN_POINT ( 'NONE',  ( -13.26892662726872807, -1.817025129152610718, -40.84463751698443446 ) ) ;
#4497 = CARTESIAN_POINT ( 'NONE',  ( 15.73210260564084706, -0.2330848081827572027, -108.8036890772394969 ) ) ;
#4498 = CARTESIAN_POINT ( 'NONE',  ( 0.3339974683775623898, -0.2648425720711589104, -95.99288138075189636 ) ) ;
#4499 = CARTESIAN_POINT ( 'NONE',  ( 51.19714453385490316, 0.2386044733008282903, -126.8037716582053633 ) ) ;
#4500 = CARTESIAN_POINT ( 'NONE',  ( 51.53631273515736666, 1.130515512300477754, -125.0474316430873500 ) ) ;
#4501 = CARTESIAN_POINT ( 'NONE',  ( -12.51964494308417564, -0.5644094653678427553, -35.03822000786300350 ) ) ;
#4502 = CARTESIAN_POINT ( 'NONE',  ( 3.582166486960459917, 2.284827682355813128, -100.9899565938206791 ) ) ;
#4503 = CARTESIAN_POINT ( 'NONE',  ( -11.85881014559845603, -3.870424632012321009, -38.52820397975512634 ) ) ;
#4504 = CARTESIAN_POINT ( 'NONE',  ( 49.71722449238532704, 2.729232264851249923, -122.4390288332877219 ) ) ;
#4505 = CARTESIAN_POINT ( 'NONE',  ( 47.28441464200528088, 0.8177860312653644215, -131.8767413978999059 ) ) ;
#4506 = CARTESIAN_POINT ( 'NONE',  ( -7.401580391818244564, -0.03364292663984424364, -72.90361972075321262 ) ) ;
#4507 = CARTESIAN_POINT ( 'NONE',  ( 44.67656547075679185, 2.869713544385077864, -115.7006533643143911 ) ) ;
#4508 = CARTESIAN_POINT ( 'NONE',  ( 8.676913982613712051, 3.025080808062419635, -105.6570440774728041 ) ) ;
#4509 = CARTESIAN_POINT ( 'NONE',  ( 18.26292883379860754, 0.5184434168088728478, -107.4401183689463295 ) ) ;
#4510 = CARTESIAN_POINT ( 'NONE',  ( 8.953370165207605424, 1.115369460091404585, -107.3363610867019275 ) ) ;
#4511 = CARTESIAN_POINT ( 'NONE',  ( 26.29612806492294297, 0.008613741852861346929, -109.4809527268079705 ) ) ;
#4512 = CARTESIAN_POINT ( 'NONE',  ( 40.06966444568430319, 1.012047054308500726, -111.9193714205927961 ) ) ;
#4513 = CARTESIAN_POINT ( 'NONE',  ( -3.135204498034642739, 1.578235792848129648, -90.62912886497527154 ) ) ;
#4514 = CARTESIAN_POINT ( 'NONE',  ( -1.284416927151113219, -0.9792660987226805558, -97.71817343829424374 ) ) ;
#4515 = CARTESIAN_POINT ( 'NONE',  ( 8.446683420775137563, 0.01621452192147852453, -104.2204056769765970 ) ) ;
#4516 = CARTESIAN_POINT ( 'NONE',  ( 24.79132240908005258, -0.3631247166150304295, -110.3759395201344375 ) ) ;
#4517 = CARTESIAN_POINT ( 'NONE',  ( 21.11749508196524872, 0.8670498336072015588, -107.9828559896447899 ) ) ;
#4518 = CARTESIAN_POINT ( 'NONE',  ( 47.91647888965886892, 1.695620678397173231, -130.7397378869710849 ) ) ;
#4519 = CARTESIAN_POINT ( 'NONE',  ( -10.36446415164280488, -3.455290253971253556, -31.75574881614144473 ) ) ;
#4520 = CARTESIAN_POINT ( 'NONE',  ( 18.98474632859612043, 2.289961719996040035, -110.1722470656774817 ) ) ;
#4521 = CARTESIAN_POINT ( 'NONE',  ( -11.36973000025939129, -3.916079418608272356, -51.80846572490789015 ) ) ;
#4522 = CARTESIAN_POINT ( 'NONE',  ( 3.074120418461847137, 0.08595689809144432814, -99.86934408605857527 ) ) ;
#4523 = CARTESIAN_POINT ( 'NONE',  ( 43.52795417988061644, 0.4766542868975726654, -113.5524058188548793 ) ) ;
#4524 = CARTESIAN_POINT ( 'NONE',  ( 35.70871172216462242, 0.7111070030759821803, -110.8499746367539984 ) ) ;
#4525 = CARTESIAN_POINT ( 'NONE',  ( 35.80251076421556888, 1.623765228509626013, -110.6850729113241840 ) ) ;
#4526 = CARTESIAN_POINT ( 'NONE',  ( 7.291172375775236247, 2.870011986660576220, -105.4082998502694579 ) ) ;
#4527 = CARTESIAN_POINT ( 'NONE',  ( 51.06459212517883373, 1.986097319972016884, -122.4204771824837650 ) ) ;
#4528 = CARTESIAN_POINT ( 'NONE',  ( 15.15738249639518820, -0.2454937732413167983, -108.6373280468915681 ) ) ;
#4529 = CARTESIAN_POINT ( 'NONE',  ( 49.84905939260393382, 2.723249264178893903, -127.8070354298656781 ) ) ;
#4530 = CARTESIAN_POINT ( 'NONE',  ( -12.29018748230416946, -3.746078699387144884, -40.52124470145886903 ) ) ;
#4531 = CARTESIAN_POINT ( 'NONE',  ( -9.349211685716232623, -0.7988471387117523914, -59.95429984718930427 ) ) ;
#4532 = CARTESIAN_POINT ( 'NONE',  ( 13.35240671137550805, 3.156703049852182197, -107.4608196490758445 ) ) ;
#4533 = CARTESIAN_POINT ( 'NONE',  ( 48.02789296882877323, -0.06868168368476809671, -116.9719905362831156 ) ) ;
#4534 = CARTESIAN_POINT ( 'NONE',  ( 5.958651155595997118, 0.9852923727479769855, -105.8344070591031709 ) ) ;
#4535 = CARTESIAN_POINT ( 'NONE',  ( 17.78151948652541847, 0.1415364053403463385, -107.5767577865670148 ) ) ;
#4536 = CARTESIAN_POINT ( 'NONE',  ( 29.13010314076701590, 1.203789908202038461, -109.3230965081586419 ) ) ;
#4537 = CARTESIAN_POINT ( 'NONE',  ( 20.44896780438963546, 2.943157510922539188, -108.2967787138676385 ) ) ;
#4538 = CARTESIAN_POINT ( 'NONE',  ( -2.757160966767812305, -1.258716250430832018, -94.86136719226978187 ) ) ;
#4539 = CARTESIAN_POINT ( 'NONE',  ( -9.798343121511004838, -2.869604415834852151, -52.23619121523664433 ) ) ;
#4540 = CARTESIAN_POINT ( 'NONE',  ( -3.221029222835686046, -1.793020345019313844, -89.17061939362942269 ) ) ;
#4541 = CARTESIAN_POINT ( 'NONE',  ( 32.00513464393716845, 0.7657834897922677353, -110.0386510607247459 ) ) ;
#4542 = CARTESIAN_POINT ( 'NONE',  ( 35.38811881621025179, 2.667095231009546819, -113.0092343488753670 ) ) ;
#4543 = CARTESIAN_POINT ( 'NONE',  ( -10.34380235925742042, -3.605051485759511731, -50.92169744869442383 ) ) ;
#4544 = CARTESIAN_POINT ( 'NONE',  ( 44.79681489936741201, 2.177490730031121480, -117.0428533888117784 ) ) ;
#4545 = CARTESIAN_POINT ( 'NONE',  ( 43.73060615936783080, -0.2959995893872430783, -116.3478691315043676 ) ) ;
#4546 = CARTESIAN_POINT ( 'NONE',  ( 31.52788925231579142, 0.3415115384919618080, -110.1122410489871157 ) ) ;
#4547 = CARTESIAN_POINT ( 'NONE',  ( 40.84810421474431053, 0.5637856236788618691, -112.3850921006034440 ) ) ;
#4548 = CARTESIAN_POINT ( 'NONE',  ( -11.06504988172397574, -2.258498114215437003, -64.32068733714450559 ) ) ;
#4549 = CARTESIAN_POINT ( 'NONE',  ( 43.31833776715544815, 1.388280645543264358, -113.1868056002999481 ) ) ;
#4550 = CARTESIAN_POINT ( 'NONE',  ( -4.303269224924541447, 1.420677135984240058, -90.82108722558167813 ) ) ;
#4551 = CARTESIAN_POINT ( 'NONE',  ( 51.34878863138974481, 1.972935377230373932, -125.3553943413101308 ) ) ;
#4552 = CARTESIAN_POINT ( 'NONE',  ( 42.63029250638393108, -0.2775705809148816261, -115.7205281060631421 ) ) ;
#4553 = CARTESIAN_POINT ( 'NONE',  ( -9.261535795371255375, -1.186141791291490888, -75.17701662700980592 ) ) ;
#4554 = CARTESIAN_POINT ( 'NONE',  ( -5.325540438652201836, -1.484657605755258736, -6.186935475454192535 ) ) ;
#4555 = CARTESIAN_POINT ( 'NONE',  ( 48.46888233755255015, 0.7737303871613637751, -126.2058223439645985 ) ) ;
#4556 = CARTESIAN_POINT ( 'NONE',  ( -9.375483106603361705, -1.319798376612084434, -57.36907946792950241 ) ) ;
#4557 = CARTESIAN_POINT ( 'NONE',  ( 49.06509043750654797, 2.742113316842562654, -132.7638523461652653 ) ) ;
#4558 = CARTESIAN_POINT ( 'NONE',  ( 29.13034310751509892, 0.3524776950135424802, -109.6680839529123404 ) ) ;
#4559 = CARTESIAN_POINT ( 'NONE',  ( 47.81549857082916333, 1.272278266981266448, -121.1996377132405485 ) ) ;
#4560 = CARTESIAN_POINT ( 'NONE',  ( 8.859370693829772492, 0.8935303228121908026, -104.1023055945146893 ) ) ;
#4561 = CARTESIAN_POINT ( 'NONE',  ( 51.15094572681263685, 0.6524848862851287956, -128.7275601837804118 ) ) ;
#4562 = CARTESIAN_POINT ( 'NONE',  ( -10.15788567505801687, -0.1490907731855013185, -62.69185785180196291 ) ) ;
#4563 = CARTESIAN_POINT ( 'NONE',  ( -2.905101197103857391, 0.1093816069020967646, -88.22504066497631925 ) ) ;
#4564 = CARTESIAN_POINT ( 'NONE',  ( -7.516237608557974070, -3.059017774671019207, -74.74139889954152238 ) ) ;
#4565 = CARTESIAN_POINT ( 'NONE',  ( -8.353485384566164740, -2.351087955431036214, -62.75536541909850285 ) ) ;
#4566 = CARTESIAN_POINT ( 'NONE',  ( -8.687500400824623270, -3.144146093198951331, -62.56624911650210663 ) ) ;
#4567 = CARTESIAN_POINT ( 'NONE',  ( -2.655542759821838850, -0.3106165100208912455, -88.92302524469890557 ) ) ;
#4568 = CARTESIAN_POINT ( 'NONE',  ( 48.52188658314785386, 2.425080090148910017, -121.0486726027556585 ) ) ;
#4569 = CARTESIAN_POINT ( 'NONE',  ( 49.31268013340025647, -0.7877447388064899858, -128.0192196107551581 ) ) ;
#4570 = CARTESIAN_POINT ( 'NONE',  ( 35.45353939354292550, 2.303048449599832459, -113.3348804094023023 ) ) ;
#4571 = CARTESIAN_POINT ( 'NONE',  ( 48.80343565203341427, -0.4203425219883964448, -123.8158477876999797 ) ) ;
#4572 = CARTESIAN_POINT ( 'NONE',  ( 50.60302141262652498, -0.1599085963946405564, -129.3981277046972025 ) ) ;
#4573 = CARTESIAN_POINT ( 'NONE',  ( 14.37072616969930294, 1.021672318623458198, -106.2443641434102801 ) ) ;
#4574 = CARTESIAN_POINT ( 'NONE',  ( -13.16432563296358360, -2.301549467486978084, -44.41621976883588019 ) ) ;
#4575 = CARTESIAN_POINT ( 'NONE',  ( 51.34366830205108556, 1.132495427605916927, -127.9261340286148538 ) ) ;
#4576 = CARTESIAN_POINT ( 'NONE',  ( -10.65897819955961978, -0.6024593106960098865, -66.40617778049752928 ) ) ;
#4577 = CARTESIAN_POINT ( 'NONE',  ( 50.80941872825685834, 1.995490787300885804, -121.4021936047331565 ) ) ;
#4578 = CARTESIAN_POINT ( 'NONE',  ( 44.66909586884725769, -0.3156778140797091847, -116.9699689562433349 ) ) ;
#4579 = CARTESIAN_POINT ( 'NONE',  ( 14.27123856154591230, 2.562641559643625389, -108.8178413493208581 ) ) ;
#4580 = CARTESIAN_POINT ( 'NONE',  ( -2.052744652978134798, -1.116355270930643018, -96.31330953119721983 ) ) ;
#4581 = CARTESIAN_POINT ( 'NONE',  ( -10.64795782228017806, -0.2603687765554451583, -58.14799824114751914 ) ) ;
#4582 = CARTESIAN_POINT ( 'NONE',  ( -8.886127477784846462, -1.198461403287772065, -24.56702352865314154 ) ) ;
#4583 = CARTESIAN_POINT ( 'NONE',  ( -7.638674378133837983, 0.5135627191360215837, -12.39609399466522888 ) ) ;
#4584 = CARTESIAN_POINT ( 'NONE',  ( 42.35212255402284853, 0.09479348539462069401, -113.2049953814913721 ) ) ;
#4585 = CARTESIAN_POINT ( 'NONE',  ( 47.87317322201774061, 1.281765097108788165, -130.1242348375129438 ) ) ;
#4586 = CARTESIAN_POINT ( 'NONE',  ( 47.38886459372541538, 0.3671188758180904399, -116.0757542024153679 ) ) ;
#4587 = CARTESIAN_POINT ( 'NONE',  ( 40.88963567269290422, 0.9837719092585360814, -112.2075722497986732 ) ) ;
#4588 = CARTESIAN_POINT ( 'NONE',  ( -2.050048404183194339, 1.802046924128563266, -93.11519670884811717 ) ) ;
#4589 = CARTESIAN_POINT ( 'NONE',  ( -0.9733757780198842857, 0.4034483293479763644, -93.18223033348903073 ) ) ;
#4590 = CARTESIAN_POINT ( 'NONE',  ( 1.163341087319166967, -0.6478515384946046396, -101.1356411667353115 ) ) ;
#4591 = CARTESIAN_POINT ( 'NONE',  ( 10.48525073350295322, 2.913556006581505819, -105.6525909181277001 ) ) ;
#4592 = CARTESIAN_POINT ( 'NONE',  ( -5.265116764079128764, -1.374915014919671830, -78.42448889395437561 ) ) ;
#4593 = CARTESIAN_POINT ( 'NONE',  ( 7.203601519725286728, -0.5510373902454068773, -104.2349433610304743 ) ) ;
#4594 = CARTESIAN_POINT ( 'NONE',  ( 30.09728371935799274, 0.7760633686210763882, -109.6715802158170447 ) ) ;
#4595 = CARTESIAN_POINT ( 'NONE',  ( 48.89258698135385117, -0.7749586067416680546, -121.3175102632057758 ) ) ;
#4596 = CARTESIAN_POINT ( 'NONE',  ( 17.23799393540956970, 2.229221724940515070, -109.8093094577242539 ) ) ;
#4597 = CARTESIAN_POINT ( 'NONE',  ( 47.31465874784884562, -0.3661645291409990066, -133.0310005820472838 ) ) ;
#4598 = CARTESIAN_POINT ( 'NONE',  ( 50.63889410490381948, -0.1525175261540245020, -121.7980596876128914 ) ) ;
#4599 = APPLICATION_PROTOCOL_DEFINITION ( 'international standard', 'config_control_design', 1994, #2742 ) ;
#4600 = CARTESIAN_POINT ( 'NONE',  ( -9.563367880025909429, -1.286911252451648169, -15.89542245352478567 ) ) ;
#4601 = CARTESIAN_POINT ( 'NONE',  ( -3.490337910199891702, 1.227377510292014362, -88.73322163329180512 ) ) ;
#4602 = CARTESIAN_POINT ( 'NONE',  ( -11.59590309050278734, -0.6416804036133215705, -59.08483482289007327 ) ) ;
#4603 = CARTESIAN_POINT ( 'NONE',  ( -10.55159257029872144, -0.2401083347976007976, -59.07019701339244477 ) ) ;
#4604 = CARTESIAN_POINT ( 'NONE',  ( 15.73210260564084706, -0.2330848081827572027, -108.8036890772394969 ) ) ;
#4605 = CARTESIAN_POINT ( 'NONE',  ( 5.008018104644540003, 2.240750755982170439, -104.8158443915831981 ) ) ;
#4606 = CARTESIAN_POINT ( 'NONE',  ( 33.98936025838927577, 0.1648150622757344752, -113.0763062458093344 ) ) ;
#4607 = CARTESIAN_POINT ( 'NONE',  ( 50.49534558001327866, 1.993730705012023208, -131.1299952921466740 ) ) ;
#4608 = CARTESIAN_POINT ( 'NONE',  ( -12.55663735961481464, -0.6972136640518595829, -48.26355297908173014 ) ) ;
#4609 = CARTESIAN_POINT ( 'NONE',  ( 50.50495958486696679, -0.1571383240132243619, -129.8524079485866025 ) ) ;
#4610 = CARTESIAN_POINT ( 'NONE',  ( -11.70252005574943333, -3.144312933468081717, -57.87948459054554462 ) ) ;
#4611 = CARTESIAN_POINT ( 'NONE',  ( 11.75215824891725092, 0.9868814631461639841, -105.3542959944715136 ) ) ;
#4612 = CARTESIAN_POINT ( 'NONE',  ( 42.07615616181460894, 0.9431595173036894098, -112.6810626198671059 ) ) ;
#4613 = CARTESIAN_POINT ( 'NONE',  ( 0.9128551890292305737, 2.280354200207951099, -98.41282208058565573 ) ) ;
#4614 = CARTESIAN_POINT ( 'NONE',  ( 42.07615616181460894, 0.9431595173036894098, -112.6810626198671059 ) ) ;
#4615 = CARTESIAN_POINT ( 'NONE',  ( 8.858005544017991895, -0.1309437629954753046, -106.7412859769853810 ) ) ;
#4616 = CARTESIAN_POINT ( 'NONE',  ( 35.32364976269193590, 2.781337636838159266, -111.1280823115969127 ) ) ;
#4617 = CARTESIAN_POINT ( 'NONE',  ( 35.07804766581624278, -0.06579494081141905315, -111.1794564005264618 ) ) ;
#4618 = CARTESIAN_POINT ( 'NONE',  ( 48.40855681219317574, -0.7578969397764320215, -131.8254727433659923 ) ) ;
#4619 = CARTESIAN_POINT ( 'NONE',  ( 14.37072616969930294, 1.021672318623458198, -106.2443641434102801 ) ) ;
#4620 = CARTESIAN_POINT ( 'NONE',  ( -10.78530399316835187, -3.611425923939456162, -40.35799996193155437 ) ) ;
#4621 = CARTESIAN_POINT ( 'NONE',  ( 48.97257449156439435, 2.072928591008508903, -125.2450003545980621 ) ) ;
#4622 = CARTESIAN_POINT ( 'NONE',  ( -1.576973183575513415, -2.036784912858982999, -2.942984233744504241 ) ) ;
#4623 = CARTESIAN_POINT ( 'NONE',  ( 50.94906566457034103, -0.1688594752842973445, -127.2310112967405473 ) ) ;
#4624 = CARTESIAN_POINT ( 'NONE',  ( 51.26764387634573694, 0.2381975635411803793, -125.3734905246250122 ) ) ;
#4625 = CARTESIAN_POINT ( 'NONE',  ( -12.49941994435315706, -2.296099623750876617, -54.30735956206275716 ) ) ;
#4626 = CARTESIAN_POINT ( 'NONE',  ( -4.213657397067341215, 1.088445149655741906, -86.82421969087732805 ) ) ;
#4627 = CARTESIAN_POINT ( 'NONE',  ( 50.71254164599718450, 1.998956244813286931, -121.0913642200619620 ) ) ;
#4628 = CARTESIAN_POINT ( 'NONE',  ( 16.86274212951753171, -0.2057655591285768859, -109.1251008508534568 ) ) ;
#4629 = CARTESIAN_POINT ( 'NONE',  ( 12.59958986517917268, 2.525967106480225599, -108.3097020256916068 ) ) ;
#4630 = CARTESIAN_POINT ( 'NONE',  ( 9.382935942931020179, -0.1127654420970895244, -106.9738132502256747 ) ) ;
#4631 = CARTESIAN_POINT ( 'NONE',  ( 49.03439577512821756, -0.4414903048765478899, -118.8990494227193579 ) ) ;
#4632 = CARTESIAN_POINT ( 'NONE',  ( -10.38280036512317928, -0.2024520828115585758, -60.65525841773892779 ) ) ;
#4633 = CARTESIAN_POINT ( 'NONE',  ( -12.51964494308417564, -0.5644094653678427553, -35.03822000786300350 ) ) ;
#4634 = CARTESIAN_POINT ( 'NONE',  ( -4.726857093652890640, -1.015687682851186713, -91.04050671391919991 ) ) ;
#4635 = CARTESIAN_POINT ( 'NONE',  ( 38.35508439278043369, 0.6426903815107997131, -111.5564858567287843 ) ) ;
#4636 = CARTESIAN_POINT ( 'NONE',  ( -0.8538921216372864498, 0.9216557742027146061, -93.71714372110933766 ) ) ;
#4637 = CARTESIAN_POINT ( 'NONE',  ( -6.601398601058803273, -1.960014583252883913, -83.53011652207169391 ) ) ;
#4638 = CARTESIAN_POINT ( 'NONE',  ( 34.10188290635095854, 1.169420793532255143, -110.3122174750721172 ) ) ;
#4639 = CARTESIAN_POINT ( 'NONE',  ( 35.33402858976461403, 0.1429092480821850530, -113.3923326337139912 ) ) ;
#4640 = CARTESIAN_POINT ( 'NONE',  ( 50.26335155756482465, 2.359239364149488427, -120.5743120929129191 ) ) ;
#4641 = CARTESIAN_POINT ( 'NONE',  ( 50.05846698188914701, -0.4742653605943205064, -121.0705203232137706 ) ) ;
#4642 = CARTESIAN_POINT ( 'NONE',  ( -10.78530399316835187, -3.611425923939456162, -40.35799996193155437 ) ) ;
#4643 = CARTESIAN_POINT ( 'NONE',  ( 34.79927185192308770, 0.7294027910265137304, -110.6351022972945657 ) ) ;
#4644 = CARTESIAN_POINT ( 'NONE',  ( -11.74716880547538977, -0.2235670375019163103, -30.49224058287497741 ) ) ;
#4645 = CARTESIAN_POINT ( 'NONE',  ( -4.955642184643072490, 0.3224435164245068042, -90.99780298795182887 ) ) ;
#4646 = CARTESIAN_POINT ( 'NONE',  ( 21.48218774379814278, -0.3317733139657572661, -109.2318152022840536 ) ) ;
#4647 = CARTESIAN_POINT ( 'NONE',  ( -8.397508399551156799, -1.525300247366494721, -12.63909497397792947 ) ) ;
#4648 = CARTESIAN_POINT ( 'NONE',  ( 48.61783352165376471, -0.4154304951790210865, -122.7147546994886653 ) ) ;
#4649 = CARTESIAN_POINT ( 'NONE',  ( 48.97784725808347872, -0.09802525069292397641, -118.1922575844612595 ) ) ;
#4650 = CARTESIAN_POINT ( 'NONE',  ( 50.15899882091930806, 0.2668709094993885755, -131.9794516921728587 ) ) ;
#4651 = CARTESIAN_POINT ( 'NONE',  ( 50.97147625339677290, 1.142042398573334339, -129.9593321577999916 ) ) ;
#4652 = CARTESIAN_POINT ( 'NONE',  ( 50.80187872084414380, 1.160282527655309481, -120.7330895299268718 ) ) ;
#4653 = CARTESIAN_POINT ( 'NONE',  ( -11.06235254789866396, -3.783924381270457271, -37.14889428606323207 ) ) ;
#4654 = CARTESIAN_POINT ( 'NONE',  ( -5.601245389714772926, 0.4681408916921130925, -88.81603240237194541 ) ) ;
#4655 = CARTESIAN_POINT ( 'NONE',  ( -3.310752167579504412, -1.389750383611183082, -93.53542476223668700 ) ) ;
#4656 = CARTESIAN_POINT ( 'NONE',  ( 3.045656543511626957, -0.3256265901314177036, -100.1385624753362009 ) ) ;
#4657 = CARTESIAN_POINT ( 'NONE',  ( 50.29789055864975467, 1.999547419646884983, -131.8418203016761936 ) ) ;
#4658 = CIRCLE ( 'NONE', #2012, 1.750000000000000000 ) ;
#4659 = CARTESIAN_POINT ( 'NONE',  ( 50.26126533400073271, 2.705192440209868376, -127.7930401761386889 ) ) ;
#4660 = CARTESIAN_POINT ( 'NONE',  ( 48.37076745353697049, 1.263459850189407874, -127.7400213067992922 ) ) ;
#4661 = CARTESIAN_POINT ( 'NONE',  ( 32.94655673923134742, 0.7570282130561730716, -110.2302426402845867 ) ) ;
#4662 = CARTESIAN_POINT ( 'NONE',  ( -9.106753881414752172, -0.6931918864753969789, -61.97601145119174504 ) ) ;
#4663 = CARTESIAN_POINT ( 'NONE',  ( -3.544182140470054865, 0.04172443653745165626, -86.30708389435268657 ) ) ;
#4664 = CARTESIAN_POINT ( 'NONE',  ( 48.60310998291762274, -0.06636649822855604508, -126.5373364628643600 ) ) ;
#4665 = CARTESIAN_POINT ( 'NONE',  ( 50.79165429542472765, 2.340711420190249914, -122.3507558918913674 ) ) ;
#4666 = CARTESIAN_POINT ( 'NONE',  ( 38.36710530493655114, -0.1387560495539985062, -112.0640816300088005 ) ) ;
#4667 = CARTESIAN_POINT ( 'NONE',  ( 48.99474106944114737, -0.7811018491205280467, -120.4613117437714607 ) ) ;
#4668 = CARTESIAN_POINT ( 'NONE',  ( 38.35508439278043369, 0.6426903815107997131, -111.5564858567287843 ) ) ;
#4669 = CARTESIAN_POINT ( 'NONE',  ( -12.33773618956285922, -0.4136463688528138061, -38.28754511281162820 ) ) ;
#4670 = CARTESIAN_POINT ( 'NONE',  ( 18.98474632859612043, 2.289961719996040035, -110.1722470656774817 ) ) ;
#4671 = CARTESIAN_POINT ( 'NONE',  ( 47.33217778430534395, 1.301275790359614826, -131.9595122404443828 ) ) ;
#4672 = CARTESIAN_POINT ( 'NONE',  ( -7.878742943713828772, -2.865111551649426769, -66.61854658250702244 ) ) ;
#4673 = CARTESIAN_POINT ( 'NONE',  ( -9.545262709281390201, -1.744813738933995717, -15.91229937844213360 ) ) ;
#4674 = CARTESIAN_POINT ( 'NONE',  ( -3.287482638858653328, -1.908558091804138046, -90.21292954392460217 ) ) ;
#4675 = CARTESIAN_POINT ( 'NONE',  ( -8.847741392385984227, -1.653391333685799269, -24.59282356569436701 ) ) ;
#4676 = CARTESIAN_POINT ( 'NONE',  ( 51.13452177196557358, 0.2398226292839067686, -127.4219969148357166 ) ) ;
#4677 = CARTESIAN_POINT ( 'NONE',  ( 2.427516100348127814, 1.184697998402691299, -103.1634617741394493 ) ) ;
#4678 = CARTESIAN_POINT ( 'NONE',  ( -9.699404837107309163, -0.2010971583669979856, -63.07063794604867013 ) ) ;
#4679 = CARTESIAN_POINT ( 'NONE',  ( 49.38468474283688181, 1.207323660318807779, -117.9733716901322822 ) ) ;
#4680 = CARTESIAN_POINT ( 'NONE',  ( 48.76508322101604165, -0.4193356294937917728, -123.5206075820509568 ) ) ;
#4681 = CARTESIAN_POINT ( 'NONE',  ( 49.13360056578942903, 2.408972528944380187, -127.5887802080670212 ) ) ;
#4682 = CARTESIAN_POINT ( 'NONE',  ( 48.57388690675553278, -0.06516523161010129295, -126.8526024507858949 ) ) ;
#4683 = CARTESIAN_POINT ( 'NONE',  ( 43.98552752645971964, -0.2988324815721664085, -114.3839511434328671 ) ) ;
#4684 = CARTESIAN_POINT ( 'NONE',  ( 0.9128551890292305737, 2.280354200207951099, -98.41282208058565573 ) ) ;
#4685 = CARTESIAN_POINT ( 'NONE',  ( 34.48125328413303947, 3.073519731939112987, -112.0617500672314435 ) ) ;
#4686 = CARTESIAN_POINT ( 'NONE',  ( -11.82975687056685032, -3.153328490719597976, -56.97241557740747453 ) ) ;
#4687 = CARTESIAN_POINT ( 'NONE',  ( 50.00211339821799328, 0.2716593650960983930, -132.4749521369985814 ) ) ;
#4688 = CARTESIAN_POINT ( 'NONE',  ( 7.498857286076261452, 1.767862479209483251, -103.3756990931577064 ) ) ;
#4689 = CARTESIAN_POINT ( 'NONE',  ( 43.22360801683351639, 0.9047336851780736211, -113.1927048165636052 ) ) ;
#4690 = CARTESIAN_POINT ( 'NONE',  ( 35.77381871112392986, 0.1365854123925944463, -113.5032709263723376 ) ) ;
#4691 = CARTESIAN_POINT ( 'NONE',  ( 49.89883562601392697, 2.721770696823091917, -127.4263396402899104 ) ) ;
#4692 = CARTESIAN_POINT ( 'NONE',  ( 42.87813543375048653, 2.578318750702906836, -113.5147128403257710 ) ) ;
#4693 = CARTESIAN_POINT ( 'NONE',  ( 50.59322088622216285, -0.4970059185708241567, -127.3237583409799214 ) ) ;
#4694 = CARTESIAN_POINT ( 'NONE',  ( 42.02368572920401135, -0.5971503894447575123, -114.2301968686560798 ) ) ;
#4695 = CARTESIAN_POINT ( 'NONE',  ( 49.13465994795904379, 0.3133217461270185189, -118.0650153294302527 ) ) ;
#4696 = CARTESIAN_POINT ( 'NONE',  ( 50.72468765900651988, 2.335245942428698207, -129.0412808363749377 ) ) ;
#4697 = CARTESIAN_POINT ( 'NONE',  ( 5.013778358523736323, 1.830714949578752249, -105.0896364381007544 ) ) ;
#4698 = CARTESIAN_POINT ( 'NONE',  ( 48.28414279288884359, 1.266706310833567439, -128.2632228653358197 ) ) ;
#4699 = CARTESIAN_POINT ( 'NONE',  ( 30.44479224892194935, -0.3960245997256311989, -110.9577310341996679 ) ) ;
#4700 = CARTESIAN_POINT ( 'NONE',  ( -11.27126448730271946, -2.697065995217560186, -62.30824791933672202 ) ) ;
#4701 = CARTESIAN_POINT ( 'NONE',  ( 2.854874614600531491, -0.9413748185449778427, -101.3643275345289965 ) ) ;
#4702 = CARTESIAN_POINT ( 'NONE',  ( -2.328456497552132909, -0.2693163911033802926, -89.85796803936257504 ) ) ;
#4703 = CARTESIAN_POINT ( 'NONE',  ( 45.73435937995923695, 0.4136578256079000426, -114.8224278303127051 ) ) ;
#4704 = CARTESIAN_POINT ( 'NONE',  ( 34.11121495316734098, 1.899455111130750051, -113.1821592238757006 ) ) ;
#4705 = CARTESIAN_POINT ( 'NONE',  ( 49.39127724432268707, 2.042726917011598697, -118.3501505449720810 ) ) ;
#4706 = CARTESIAN_POINT ( 'NONE',  ( 50.25368581621406605, 1.162806511612987537, -132.5871071100051211 ) ) ;
#4707 = CARTESIAN_POINT ( 'NONE',  ( -9.318802973073450957, -3.527426059797620805, -60.88065179630029178 ) ) ;
#4708 = CARTESIAN_POINT ( 'NONE',  ( 48.85258582213331380, 2.075525473283809763, -123.5192088063060964 ) ) ;
#4709 = CARTESIAN_POINT ( 'NONE',  ( 49.01865757181085570, 2.412867011727128030, -128.3292738542349980 ) ) ;
#4710 = CARTESIAN_POINT ( 'NONE',  ( 48.34038317201606816, -0.05648149435505443738, -128.4534119261884939 ) ) ;
#4711 = CARTESIAN_POINT ( 'NONE',  ( -10.18644206531973850, -2.421247849164433141, -37.24636761025983844 ) ) ;
#4712 = CARTESIAN_POINT ( 'NONE',  ( -1.376482263122748684, -0.1210467056712816458, -92.33668858246450384 ) ) ;
#4713 = CARTESIAN_POINT ( 'NONE',  ( -0.7320058790607820720, 2.177612124897542412, -98.01809525046866156 ) ) ;
#4714 = CARTESIAN_POINT ( 'NONE',  ( 7.923479438563904687, 0.5930421768250975223, -106.7712853654403347 ) ) ;
#4715 = CARTESIAN_POINT ( 'NONE',  ( -9.977207085202936199, -1.986190422678659084, -50.27167192346701796 ) ) ;
#4716 = CARTESIAN_POINT ( 'NONE',  ( -5.374098284765836731, 0.2861146349015332713, -81.09847347090503433 ) ) ;
#4717 = CARTESIAN_POINT ( 'NONE',  ( 51.34248290335690257, 0.6480162117874614935, -127.4161839511305772 ) ) ;
#4718 = CARTESIAN_POINT ( 'NONE',  ( 37.06746866976675392, 0.1198509663936833530, -113.8525048073461505 ) ) ;
#4719 = CARTESIAN_POINT ( 'NONE',  ( -11.85019890267134279, -0.4445552735148870505, -53.34003525270988888 ) ) ;
#4720 = CARTESIAN_POINT ( 'NONE',  ( 33.68999907043032493, -0.04331249297775480872, -110.8633441120300631 ) ) ;
#4721 = CARTESIAN_POINT ( 'NONE',  ( 49.92887522254429200, -0.8111553279367658131, -124.4814217874668429 ) ) ;
#4722 = CARTESIAN_POINT ( 'NONE',  ( 50.15899882091930806, 0.2668709094993885755, -131.9794516921728587 ) ) ;
#4723 = CARTESIAN_POINT ( 'NONE',  ( 45.46815143621503807, 2.502688560542712715, -114.9259736006842303 ) ) ;
#4724 = CARTESIAN_POINT ( 'NONE',  ( 3.252243437868518772, 1.705679879289753620, -103.7981808006055360 ) ) ;
#4725 = CARTESIAN_POINT ( 'NONE',  ( 47.87317322201774061, 1.281765097108788165, -130.1242348375129438 ) ) ;
#4726 = CARTESIAN_POINT ( 'NONE',  ( 8.570162144993080489, -0.4911309260452855763, -104.9733343596952864 ) ) ;
#4727 = CARTESIAN_POINT ( 'NONE',  ( 7.709917890462200774, -0.6251942618434566112, -104.9688174614288698 ) ) ;
#4728 = CARTESIAN_POINT ( 'NONE',  ( -8.558820642969459769, -1.460191913081149817, -62.57450934563720324 ) ) ;
#4729 = APPROVAL_ROLE ( '' ) ;
#4730 = CARTESIAN_POINT ( 'NONE',  ( 47.42656345809614749, 1.697456088284954090, -119.9816399702823304 ) ) ;
#4731 = CARTESIAN_POINT ( 'NONE',  ( 33.29575464708266708, 2.487199195810720465, -110.3883186002655918 ) ) ;
#4732 = CARTESIAN_POINT ( 'NONE',  ( -9.740646316215052281, -0.1484681201612177981, -24.84596963412796100 ) ) ;
#4733 = CARTESIAN_POINT ( 'NONE',  ( 48.61783352165376471, -0.4154304951790210865, -122.7147546994886653 ) ) ;
#4734 = CARTESIAN_POINT ( 'NONE',  ( 49.28974259027645388, 2.403239528049400775, -124.7812081377417286 ) ) ;
#4735 = CARTESIAN_POINT ( 'NONE',  ( 47.78482874808692316, -0.03654726067131011669, -130.8001433388992893 ) ) ;
#4736 = CARTESIAN_POINT ( 'NONE',  ( -12.99980787825875517, -2.766639171894158533, -47.13113151691123193 ) ) ;
#4737 = CARTESIAN_POINT ( 'NONE',  ( 50.65454078638018842, -0.4984178169205009112, -126.7014797090076854 ) ) ;
#4738 = CARTESIAN_POINT ( 'NONE',  ( -9.829927579339221566, -1.951013618716500142, -52.04520071836636674 ) ) ;
#4739 = CARTESIAN_POINT ( 'NONE',  ( 1.136325957700863976, 2.415238119107407488, -100.5463796551815960 ) ) ;
#4740 = CARTESIAN_POINT ( 'NONE',  ( 11.04197343655038743, 0.6941231774467198079, -108.0909491217693272 ) ) ;
#4741 = CARTESIAN_POINT ( 'NONE',  ( 50.81137416311873523, 0.2480154803054886725, -129.4075969459365751 ) ) ;
#4742 = CARTESIAN_POINT ( 'NONE',  ( -5.199943891372641680, -0.07889724389334497323, -11.87325289410126317 ) ) ;
#4743 = CARTESIAN_POINT ( 'NONE',  ( 7.555891796193825449, 2.530717522267978303, -103.8799685316677426 ) ) ;
#4744 = CARTESIAN_POINT ( 'NONE',  ( 51.02502520808209852, 0.6665208873352529428, -121.6573781630046511 ) ) ;
#4745 = CARTESIAN_POINT ( 'NONE',  ( 48.05525068135030864, -0.04617407213225077633, -129.7772996349739003 ) ) ;
#4746 = CARTESIAN_POINT ( 'NONE',  ( 49.20461493102060047, 2.743528619585196893, -130.8859044005014312 ) ) ;
#4747 = CARTESIAN_POINT ( 'NONE',  ( -10.70287632009860346, -0.3381278390854987048, -64.01343142743419889 ) ) ;
#4748 = CARTESIAN_POINT ( 'NONE',  ( -2.309081262915237076, -0.7175079492574020223, -89.93001828580059964 ) ) ;
#4749 = CARTESIAN_POINT ( 'NONE',  ( 24.59581032374249077, -0.3499837342314391919, -109.9226194355026252 ) ) ;
#4750 = CARTESIAN_POINT ( 'NONE',  ( 46.15728939252934993, 0.4020456477308601007, -115.1164030505520657 ) ) ;
#4751 = CARTESIAN_POINT ( 'NONE',  ( 50.79165429542472765, 2.340711420190249914, -122.3507558918913674 ) ) ;
#4752 = CARTESIAN_POINT ( 'NONE',  ( -2.702397615113298457, 0.9652037980696273056, -96.18485653073867070 ) ) ;
#4753 = CARTESIAN_POINT ( 'NONE',  ( 31.48084835834751161, 1.039311695735557484, -112.8097870124549900 ) ) ;
#4754 = CARTESIAN_POINT ( 'NONE',  ( 32.33378143488256029, -0.4172375449906657874, -111.3174808264734139 ) ) ;
#4755 = CARTESIAN_POINT ( 'NONE',  ( -8.382699557648226829, -3.255240992013347157, -65.59478895686325473 ) ) ;
#4756 = COORDINATED_UNIVERSAL_TIME_OFFSET ( 8, 0, .AHEAD. ) ;
#4757 = CARTESIAN_POINT ( 'NONE',  ( 3.259459373991404618, 1.256237956776854681, -103.8863367426597506 ) ) ;
#4758 = CARTESIAN_POINT ( 'NONE',  ( 22.55868396224981254, 1.549371200497317913, -111.1284958627935282 ) ) ;
#4759 = CARTESIAN_POINT ( 'NONE',  ( 17.95351537439809420, 2.687001093259929085, -107.5147978937834949 ) ) ;
#4760 = CARTESIAN_POINT ( 'NONE',  ( 51.50492640457035520, 1.132720054723844960, -124.2695714857860452 ) ) ;
#4761 = CARTESIAN_POINT ( 'NONE',  ( 47.89986404655067531, -0.3867001703688530134, -131.2502329282888240 ) ) ;
#4762 = CARTESIAN_POINT ( 'NONE',  ( 48.00624033993040030, 2.107705209694887838, -131.1627789807364479 ) ) ;
#4763 = CARTESIAN_POINT ( 'NONE',  ( 44.85576849983998926, 2.519514647339822222, -116.6928648681804503 ) ) ;
#4764 = CARTESIAN_POINT ( 'NONE',  ( 47.89830038565435189, -0.04059460723114292902, -130.3890756139968516 ) ) ;
#4765 = CARTESIAN_POINT ( 'NONE',  ( -9.545262709281390201, -1.744813738933995717, -15.91229937844213360 ) ) ;
#4766 = CARTESIAN_POINT ( 'NONE',  ( 49.91766235704580623, -0.4777275070944631552, -130.8090704815952563 ) ) ;
#4767 = CARTESIAN_POINT ( 'NONE',  ( 8.859370693829772492, 0.8935303228121908026, -104.1023055945146893 ) ) ;
#4768 = CARTESIAN_POINT ( 'NONE',  ( 50.28869539557340573, 2.704433036810354185, -127.5850340484401499 ) ) ;
#4769 = CARTESIAN_POINT ( 'NONE',  ( 13.49317180292276142, 3.060359614125023775, -107.9237471609952479 ) ) ;
#4770 = CARTESIAN_POINT ( 'NONE',  ( 37.32035290539950978, 0.9352402448365582099, -114.1837182304734029 ) ) ;
#4771 = CARTESIAN_POINT ( 'NONE',  ( -10.32938115073862484, -2.017073804835858741, -41.50874012673127567 ) ) ;
#4772 = CARTESIAN_POINT ( 'NONE',  ( 34.44290546260818786, 2.470455000624336428, -110.6402779319742109 ) ) ;
#4773 = CARTESIAN_POINT ( 'NONE',  ( 50.38941325714117170, 0.6888836872063539563, -119.8443282850056448 ) ) ;
#4774 = CARTESIAN_POINT ( 'NONE',  ( 48.51178467740984956, -0.06278781462556290438, -127.3683683424841604 ) ) ;
#4775 = CARTESIAN_POINT ( 'NONE',  ( 49.99435792551545887, 2.719908173751435676, -124.2878824862639391 ) ) ;
#4776 = CARTESIAN_POINT ( 'NONE',  ( 51.01384964580799419, 2.331995123828535910, -123.7235972991260411 ) ) ;
#4777 = CARTESIAN_POINT ( 'NONE',  ( -10.14784161737155088, -2.407631427333522200, -36.37289525381930844 ) ) ;
#4778 = CARTESIAN_POINT ( 'NONE',  ( -5.146509452963125675, -1.906316529194320042, -11.92734401615021689 ) ) ;
#4779 = CARTESIAN_POINT ( 'NONE',  ( 49.96518826587600870, 0.2866746527792823351, -119.4315913613791480 ) ) ;
#4780 = CARTESIAN_POINT ( 'NONE',  ( 20.81600114462998263, 3.213546621793028191, -109.0898580913134026 ) ) ;
#4781 = CARTESIAN_POINT ( 'NONE',  ( -9.581473050770432209, -0.8290087659693006206, -15.87854552860743951 ) ) ;
#4782 = CARTESIAN_POINT ( 'NONE',  ( 48.49840715202207519, 0.7715639755752082829, -125.0039691900343115 ) ) ;
#4783 = CARTESIAN_POINT ( 'NONE',  ( -8.943025163467817507, -2.570709015486922766, -24.72116346759683836 ) ) ;
#4784 = CARTESIAN_POINT ( 'NONE',  ( 12.16932831692086836, -0.4814322802767971865, -106.9069922257967420 ) ) ;
#4785 = CARTESIAN_POINT ( 'NONE',  ( -1.576319787214613966, -0.1565040201389441832, -91.84833584270646156 ) ) ;
#4786 = PERSON_AND_ORGANIZATION ( #2755, #4374 ) ;
#4787 = CARTESIAN_POINT ( 'NONE',  ( 34.33855816624471657, 1.894986045030231603, -113.2343822057887337 ) ) ;
#4788 = CARTESIAN_POINT ( 'NONE',  ( 43.04399974443932564, 1.370826670088818755, -116.3894664453290630 ) ) ;
#4789 = CARTESIAN_POINT ( 'NONE',  ( 31.88109547722895698, 2.501205515554976611, -110.0902611628504815 ) ) ;
#4790 = CARTESIAN_POINT ( 'NONE',  ( 15.99578427771462508, 2.601399942650704400, -109.2703465515261883 ) ) ;
#4791 = CARTESIAN_POINT ( 'NONE',  ( -10.26837169866143284, -0.3762946710246129478, -57.85468574666212760 ) ) ;
#4792 = CARTESIAN_POINT ( 'NONE',  ( -5.074674011110242411, -2.311892220040109525, -82.08166823502070031 ) ) ;
#4793 = CARTESIAN_POINT ( 'NONE',  ( 48.81256335004244562, 2.076550560385185928, -123.2598614225966287 ) ) ;
#4794 = CARTESIAN_POINT ( 'NONE',  ( 48.54661677873676240, 2.428954077488231889, -130.4688888811558627 ) ) ;
#4795 = CARTESIAN_POINT ( 'NONE',  ( 34.79927185192308770, 0.7294027910265137304, -110.6351022972945657 ) ) ;
#4796 = CARTESIAN_POINT ( 'NONE',  ( 48.57043020621780727, -0.06766156754422331110, -123.8059474469276466 ) ) ;
#4797 = CARTESIAN_POINT ( 'NONE',  ( -1.750000000000000000, -0.4581489286485113666, 0.000000000000000000 ) ) ;
#4798 = CARTESIAN_POINT ( 'NONE',  ( -10.14784161737155088, -2.407631427333522200, -36.37289525381930844 ) ) ;
#4799 = CARTESIAN_POINT ( 'NONE',  ( -10.30431564477938444, -1.991937997861535692, -38.93380526024155586 ) ) ;
#4800 = CARTESIAN_POINT ( 'NONE',  ( 43.05926845863323393, 2.912383457266174869, -114.3484054153009026 ) ) ;
#4801 = CARTESIAN_POINT ( 'NONE',  ( -4.303269224924541447, 1.420677135984240058, -90.82108722558167813 ) ) ;
#4802 = CARTESIAN_POINT ( 'NONE',  ( 36.03207948876758593, 0.9513220535776055753, -113.8328329506109355 ) ) ;
#4803 = CARTESIAN_POINT ( 'NONE',  ( 3.715835812529423077, 0.5950844694031856008, -100.4750850467754901 ) ) ;
#4804 = CARTESIAN_POINT ( 'NONE',  ( 33.97746127281733663, 2.477969917159871471, -110.5367538404109240 ) ) ;
#4805 = CARTESIAN_POINT ( 'NONE',  ( 50.13939891566604956, 0.6971920134560490867, -119.3261630682504233 ) ) ;
#4806 = CARTESIAN_POINT ( 'NONE',  ( 50.03225849598708663, 2.718311733047528822, -125.2701584279275693 ) ) ;
#4807 = CARTESIAN_POINT ( 'NONE',  ( 49.99627613465958120, 2.356540428548934862, -131.9983579616979910 ) ) ;
#4808 = CARTESIAN_POINT ( 'NONE',  ( 5.854685231121302458, 0.3000938235682915067, -102.3999196102622449 ) ) ;
#4809 = CARTESIAN_POINT ( 'NONE',  ( -11.15353572442318608, -2.694208701339634082, -62.97865729180225713 ) ) ;
#4810 = CARTESIAN_POINT ( 'NONE',  ( -10.34879982613465188, -2.935746083557328134, -41.68248366888887091 ) ) ;
#4811 = CARTESIAN_POINT ( 'NONE',  ( -7.039145997515138475, -0.3526028108186309296, -72.77295259534201932 ) ) ;
#4812 = CC_DESIGN_APPROVAL ( #3252, ( #3393 ) ) ;
#4813 = CARTESIAN_POINT ( 'NONE',  ( -10.95263837435105536, -0.3608315265928882520, -61.95394470360082551 ) ) ;
#4814 = CARTESIAN_POINT ( 'NONE',  ( 48.28300501449766813, 0.7812795045055260790, -127.8370025895734159 ) ) ;
#4815 = CARTESIAN_POINT ( 'NONE',  ( 43.95349180037491976, -0.6442666316119780578, -115.2321403757650558 ) ) ;
#4816 = CARTESIAN_POINT ( 'NONE',  ( 32.51722555009477134, -0.4439770940466732929, -111.7744783576376619 ) ) ;
#4817 = CARTESIAN_POINT ( 'NONE',  ( 11.75215824891725092, 0.9868814631461639841, -105.3542959944715136 ) ) ;
#4818 = CARTESIAN_POINT ( 'NONE',  ( 48.13135336351764693, 1.687998197903116004, -129.9327252915177269 ) ) ;
#4819 = CARTESIAN_POINT ( 'NONE',  ( 19.60039400723711012, 1.432524644867329444, -110.5351360950839279 ) ) ;
#4820 = CARTESIAN_POINT ( 'NONE',  ( 2.894193210261434945, 2.221901491895276859, -100.2917351132076931 ) ) ;
#4821 = CARTESIAN_POINT ( 'NONE',  ( 0.9618672248740699482, 1.895664783128113262, -101.2804423947357719 ) ) ;
#4822 = CARTESIAN_POINT ( 'NONE',  ( -10.90320152181186231, -0.5193935869098581515, -50.68591669210746886 ) ) ;
#4823 = CARTESIAN_POINT ( 'NONE',  ( 13.23106095591058917, -0.4593194975199786922, -107.2715681498844731 ) ) ;
#4824 = CARTESIAN_POINT ( 'NONE',  ( 45.16828993205967890, 2.169292685939189003, -117.3183766731411737 ) ) ;
#4825 = CARTESIAN_POINT ( 'NONE',  ( -1.066596808494059800, 1.235970170006304603, -98.97888952756866843 ) ) ;
#4826 = CARTESIAN_POINT ( 'NONE',  ( 44.11397325767088518, 0.4589732678171641878, -113.8554144278660658 ) ) ;
#4827 = CARTESIAN_POINT ( 'NONE',  ( 3.455470902825031221, -0.7045356842052750146, -102.9639735921122110 ) ) ;
#4828 = CARTESIAN_POINT ( 'NONE',  ( 1.750000000000000000, -0.4581489286485114776, 0.000000000000000000 ) ) ;
#4829 = CARTESIAN_POINT ( 'NONE',  ( 11.75215824891725092, 0.9868814631461639841, -105.3542959944715136 ) ) ;
#4830 = CARTESIAN_POINT ( 'NONE',  ( 49.51844643854442296, 2.735581575216794459, -121.6806764921710737 ) ) ;
#4831 = CARTESIAN_POINT ( 'NONE',  ( 35.35836482280818416, 0.9612907301941233662, -113.6623120852698321 ) ) ;
#4832 = CARTESIAN_POINT ( 'NONE',  ( 36.15795078476838142, 0.7008262422078517240, -110.9614911658944294 ) ) ;
#4833 = CARTESIAN_POINT ( 'NONE',  ( -2.363481536216822221, 1.441813829051671769, -91.49914671251401899 ) ) ;
#4834 = CARTESIAN_POINT ( 'NONE',  ( -0.8538921216372864498, 0.9216557742027146061, -93.71714372110933766 ) ) ;
#4835 = CARTESIAN_POINT ( 'NONE',  ( 11.86108261743468084, 3.023944091761614050, -107.3894659277786019 ) ) ;
#4836 = CARTESIAN_POINT ( 'NONE',  ( -12.37650999903985394, -0.4667021695635763523, -43.53792689985914421 ) ) ;
#4837 = CARTESIAN_POINT ( 'NONE',  ( -10.25494918355337859, -2.476083325003619162, -42.40999515244133278 ) ) ;
#4838 = CARTESIAN_POINT ( 'NONE',  ( 0.2161858312490506362, 0.5018159928321648255, -100.8820940342779124 ) ) ;
#4839 = CARTESIAN_POINT ( 'NONE',  ( -10.34411124236955182, -2.919476560083507088, -39.94827520550680333 ) ) ;
#4840 = CARTESIAN_POINT ( 'NONE',  ( -9.375483106603361705, -1.319798376612084434, -57.36907946792950241 ) ) ;
#4841 = CARTESIAN_POINT ( 'NONE',  ( 8.676913982613712051, 3.025080808062419635, -105.6570440774728041 ) ) ;
#4842 = CARTESIAN_POINT ( 'NONE',  ( 48.19105311002190462, 0.7847178331776160087, -128.3740911647848009 ) ) ;
#4843 = CARTESIAN_POINT ( 'NONE',  ( 49.54868528928921023, -0.8005985916304753092, -129.0435079888957546 ) ) ;
#4844 = CARTESIAN_POINT ( 'NONE',  ( 42.95876651238793187, -0.6224942688888923659, -115.1504387620713743 ) ) ;
#4845 = CARTESIAN_POINT ( 'NONE',  ( 16.56300899491787604, 1.001002100240266479, -106.8773969749944968 ) ) ;
#4846 = PERSON_AND_ORGANIZATION_ROLE ( 'creator' ) ;
#4847 = CARTESIAN_POINT ( 'NONE',  ( -8.847741392385984227, -1.653391333685799269, -24.59282356569436701 ) ) ;
#4848 = CARTESIAN_POINT ( 'NONE',  ( 48.21475552877707571, 1.262267313313852002, -122.3420245617083566 ) ) ;
#4849 = CARTESIAN_POINT ( 'NONE',  ( 51.23630902668871556, 1.979162201948714728, -123.4609447753464337 ) ) ;
#4850 = CARTESIAN_POINT ( 'NONE',  ( -3.339828235752771768, 1.226623231200364650, -94.45813115892528344 ) ) ;
#4851 = CARTESIAN_POINT ( 'NONE',  ( -11.12331605718018324, -0.4781811804657714604, -36.68056138519501985 ) ) ;
#4852 = CARTESIAN_POINT ( 'NONE',  ( -3.984989145603596405, -2.058866449933081100, -87.56755614882237637 ) ) ;
#4853 = CARTESIAN_POINT ( 'NONE',  ( 13.78337000631635156, 2.140193633545838914, -108.9190346118891881 ) ) ;
#4854 = CARTESIAN_POINT ( 'NONE',  ( 42.40827537485897381, 0.5123574925463524332, -113.0253849412755756 ) ) ;
#4855 = CARTESIAN_POINT ( 'NONE',  ( -2.738828831021664634, -1.561354675202864195, -94.00157165004611670 ) ) ;
#4856 = CARTESIAN_POINT ( 'NONE',  ( 32.00197642182898505, 0.3381812800993704293, -110.2042919320985561 ) ) ;
#4857 = CARTESIAN_POINT ( 'NONE',  ( 48.16521188071686055, 0.3435950516493233020, -116.8257246465011150 ) ) ;
#4858 = CARTESIAN_POINT ( 'NONE',  ( 32.79604677791117240, 1.673869448621025935, -110.0154059152905148 ) ) ;
#4859 = CARTESIAN_POINT ( 'NONE',  ( 50.37399766002262425, 2.704232504845484275, -123.9737184820165936 ) ) ;
#4860 = CARTESIAN_POINT ( 'NONE',  ( 47.46511628822835149, 2.796124713279961149, -117.9851582098906135 ) ) ;
#4861 = CARTESIAN_POINT ( 'NONE',  ( 48.35718069961671972, 0.7739885960909821394, -123.3740708158773884 ) ) ;
#4862 = CARTESIAN_POINT ( 'NONE',  ( -8.117822470852694039, -1.519028537850929617, -21.31716939449280446 ) ) ;
#4863 = CARTESIAN_POINT ( 'NONE',  ( 7.498857286076261452, 1.767862479209483251, -103.3756990931577064 ) ) ;
#4864 = CARTESIAN_POINT ( 'NONE',  ( 47.46511628822835149, 2.796124713279961149, -117.9851582098906135 ) ) ;
#4865 = CARTESIAN_POINT ( 'NONE',  ( 20.81600114462998263, 3.213546621793028191, -109.0898580913134026 ) ) ;
#4866 = CARTESIAN_POINT ( 'NONE',  ( -8.061323636585536079, -1.736276691642030245, -64.62816636975004769 ) ) ;
#4867 = CARTESIAN_POINT ( 'NONE',  ( 17.83881651052914563, 1.359612526330758575, -110.1458455245262513 ) ) ;
#4868 = CARTESIAN_POINT ( 'NONE',  ( -3.449464649428636065, -1.261934713023569410, -86.61498393664417961 ) ) ;
#4869 = CARTESIAN_POINT ( 'NONE',  ( 18.23899330794481344, 1.397133478165223597, -107.1907298660993177 ) ) ;
#4870 = CARTESIAN_POINT ( 'NONE',  ( 7.712418834175656102, 2.986098917879371317, -105.1781669971580868 ) ) ;
#4871 = CARTESIAN_POINT ( 'NONE',  ( -5.530437669499569608, -0.1141216734966298413, -6.187391528100329552 ) ) ;
#4872 = CARTESIAN_POINT ( 'NONE',  ( 46.71934350494213817, 0.8137713206253345266, -119.4251811794778462 ) ) ;
#4873 = CARTESIAN_POINT ( 'NONE',  ( 43.07782383325923092, -0.6226574615106454935, -114.7493628241428212 ) ) ;
#4874 = CARTESIAN_POINT ( 'NONE',  ( 49.24738602385077968, -0.7856344332620694981, -128.4139966631266532 ) ) ;
#4875 = CARTESIAN_POINT ( 'NONE',  ( 1.339612456152052378, 0.3362346584497446500, -97.53924595789010255 ) ) ;
#4876 = CARTESIAN_POINT ( 'NONE',  ( 48.55065771726080470, 1.672878846485935878, -127.8955610165821923 ) ) ;
#4877 = CARTESIAN_POINT ( 'NONE',  ( 12.15503557664854739, 1.203346924139373719, -108.5665667293371826 ) ) ;
#4878 = CARTESIAN_POINT ( 'NONE',  ( 49.29740281937923640, 2.403092250470002522, -125.0763338897790931 ) ) ;
#4879 = CARTESIAN_POINT ( 'NONE',  ( 35.25148242706069368, -0.4843581234062704355, -112.3818258572509734 ) ) ;
#4880 = CARTESIAN_POINT ( 'NONE',  ( -11.91871169214766724, -1.828213157207298156, -59.72574712518933637 ) ) ;
#4881 = CARTESIAN_POINT ( 'NONE',  ( 51.26623960094740795, 0.2387796082872019887, -125.0037087384294807 ) ) ;
#4882 = CARTESIAN_POINT ( 'NONE',  ( -3.818508398371582846, -1.835187247119745235, -90.94502383560923420 ) ) ;
#4883 = CARTESIAN_POINT ( 'NONE',  ( -1.980948209091936141, -0.6725676847763130128, -90.85560329775447030 ) ) ;
#4884 = CARTESIAN_POINT ( 'NONE',  ( 42.02381899781744323, 0.5250126683480340617, -112.8603275103279060 ) ) ;
#4885 = CARTESIAN_POINT ( 'NONE',  ( 50.22759963795029847, 1.179874161361724294, -119.3725360170405025 ) ) ;
#4886 = CARTESIAN_POINT ( 'NONE',  ( 49.93341197495358585, 2.714786375916832029, -129.6272771874482999 ) ) ;
#4887 = CARTESIAN_POINT ( 'NONE',  ( -9.837075836477175983, -3.667929990682208707, -62.17162071956050795 ) ) ;
#4888 = CARTESIAN_POINT ( 'NONE',  ( -11.94100044965344054, -0.9264588919359064700, -25.89153183627123056 ) ) ;
#4889 = CARTESIAN_POINT ( 'NONE',  ( -10.78908439700413346, -3.656263027132861776, -59.30463521079362010 ) ) ;
#4890 = CARTESIAN_POINT ( 'NONE',  ( -10.14921149512717058, -1.069613808881941353, -52.09801008459826477 ) ) ;
#4891 = CARTESIAN_POINT ( 'NONE',  ( 13.49317180292276142, 3.060359614125023775, -107.9237471609952479 ) ) ;
#4892 = CARTESIAN_POINT ( 'NONE',  ( 7.241465831412482679, 2.965174823893435896, -104.9272183737937780 ) ) ;
#4893 = CARTESIAN_POINT ( 'NONE',  ( 42.91096013183334890, 0.07737960753751303711, -113.4637512321986463 ) ) ;
#4894 = CARTESIAN_POINT ( 'NONE',  ( 7.932013059920644871, 1.076535567372747026, -106.8660643973607023 ) ) ;
#4895 = CARTESIAN_POINT ( 'NONE',  ( -8.468297102888227457, -2.399634896691850816, -62.08061691199050358 ) ) ;
#4896 = CARTESIAN_POINT ( 'NONE',  ( -5.094505937181730282, -0.08403454520886738388, -80.98640533434169697 ) ) ;
#4897 = CARTESIAN_POINT ( 'NONE',  ( 16.73669545775311818, 3.202442067923900293, -108.3476882945192443 ) ) ;
#4898 = CARTESIAN_POINT ( 'NONE',  ( -11.79245933114401801, -3.531139665657819560, -30.91131984258726106 ) ) ;
#4899 = CARTESIAN_POINT ( 'NONE',  ( 44.60513963995673237, -0.6605648075813544962, -115.6303831528459227 ) ) ;
#4900 = CARTESIAN_POINT ( 'NONE',  ( 49.09070697387453919, -0.7805363925223310906, -129.2245178338510243 ) ) ;
#4901 = CARTESIAN_POINT ( 'NONE',  ( -9.562316876151770728, -1.869185933382153442, -54.71816971516211225 ) ) ;
#4902 = CARTESIAN_POINT ( 'NONE',  ( 48.91540563389634855, 2.416388779916325724, -128.8843503755658446 ) ) ;
#4903 = CARTESIAN_POINT ( 'NONE',  ( -3.287482638858653328, -1.908558091804138046, -90.21292954392460217 ) ) ;
#4904 = CARTESIAN_POINT ( 'NONE',  ( 37.00249331497059302, 2.279587285768244431, -113.7336497241187203 ) ) ;
#4905 = CARTESIAN_POINT ( 'NONE',  ( -8.424308132895243162, -0.6087686806833579878, -12.61196588475257130 ) ) ;
#4906 = CARTESIAN_POINT ( 'NONE',  ( 9.309115818775902440, -0.3872865390735489299, -106.5712152771810821 ) ) ;
#4907 = CARTESIAN_POINT ( 'NONE',  ( 11.26613794357832887, 0.5241360588236277929, -105.2474697246170052 ) ) ;
#4908 = CARTESIAN_POINT ( 'NONE',  ( 51.25000827217067467, 0.2379595342238494948, -125.9738198648879575 ) ) ;
#4909 = CARTESIAN_POINT ( 'NONE',  ( 40.97915617309792680, 1.467985353050286212, -112.2007695303733925 ) ) ;
#4910 = CARTESIAN_POINT ( 'NONE',  ( -4.560692948939343516, 1.338592984554710652, -90.18056657380743957 ) ) ;
#4911 = CARTESIAN_POINT ( 'NONE',  ( -10.82226529463359199, -3.840174091310870619, -56.30572806921792761 ) ) ;
#4912 = CARTESIAN_POINT ( 'NONE',  ( 50.01363241933002257, 2.719172691231062977, -124.5997440829496128 ) ) ;
#4913 = CARTESIAN_POINT ( 'NONE',  ( 47.72228646582047418, 0.7896233496085062198, -121.1640390975042578 ) ) ;
#4914 = CARTESIAN_POINT ( 'NONE',  ( 11.25868445279087204, 1.907495385324907256, -105.1656471280530383 ) ) ;
#4915 = CARTESIAN_POINT ( 'NONE',  ( 44.30147563109223796, 2.878901341820961246, -115.4724478970740620 ) ) ;
#4916 = CARTESIAN_POINT ( 'NONE',  ( 16.73669545775311818, 3.202442067923900293, -108.3476882945192443 ) ) ;
#4917 = CARTESIAN_POINT ( 'NONE',  ( 32.00197642182898505, 0.3381812800993704293, -110.2042919320985561 ) ) ;
#4918 = CARTESIAN_POINT ( 'NONE',  ( 34.10681999584413404, 1.471635599573153153, -113.3467417745192449 ) ) ;
#4919 = CARTESIAN_POINT ( 'NONE',  ( 16.12166866156490030, 0.1636699632731274667, -107.1029243609704764 ) ) ;
#4920 = CARTESIAN_POINT ( 'NONE',  ( 43.76606619631912309, 0.8872221872982601898, -113.4579977542961871 ) ) ;
#4921 = CARTESIAN_POINT ( 'NONE',  ( 15.28816982317197315, 3.001555318586563104, -107.2401183541533385 ) ) ;
#4922 = CARTESIAN_POINT ( 'NONE',  ( -10.49288367029196323, -3.192929549460706617, -22.36656906139525347 ) ) ;
#4923 = CARTESIAN_POINT ( 'NONE',  ( 7.121925721125955455, -0.04358004360702944641, -103.4763239786641691 ) ) ;
#4924 = CARTESIAN_POINT ( 'NONE',  ( 44.80107462875523794, -0.6649807736759516530, -116.2575521884692051 ) ) ;
#4925 = DIRECTION ( 'NONE',  ( -0.2415937143328455439, 0.1880145311749068793, 0.9519889774897289936 ) ) ;
#4926 = CARTESIAN_POINT ( 'NONE',  ( 46.28915222014835962, 2.484513503771458520, -117.8472509490760132 ) ) ;
#4927 = CARTESIAN_POINT ( 'NONE',  ( 48.71796854567638491, -0.7697725263469639145, -120.8696259470586938 ) ) ;
#4928 = CARTESIAN_POINT ( 'NONE',  ( -13.21819839222867010, -1.774875012345156655, -38.17405001039145418 ) ) ;
#4929 = CARTESIAN_POINT ( 'NONE',  ( -12.37194537882732526, -3.189778898679553887, -52.44711160404573747 ) ) ;
#4930 = CARTESIAN_POINT ( 'NONE',  ( 17.41712478754025994, -0.1906296491505602708, -109.2801832372353346 ) ) ;
#4931 = CARTESIAN_POINT ( 'NONE',  ( 43.09521910345777229, 0.07169071146588305854, -113.5517799507263277 ) ) ;
#4932 = CARTESIAN_POINT ( 'NONE',  ( 34.09442143475838805, 0.7416526058584080872, -110.4759911546324957 ) ) ;
#4933 = CARTESIAN_POINT ( 'NONE',  ( 35.02754500640715207, 0.7250176692343874851, -110.6881401272772081 ) ) ;
#4934 = CARTESIAN_POINT ( 'NONE',  ( 50.90796463915086889, 1.156483787508122196, -121.0471506141088014 ) ) ;
#4935 = CARTESIAN_POINT ( 'NONE',  ( -0.7320058790607820720, 2.177612124897542412, -98.01809525046866156 ) ) ;
#4936 = CARTESIAN_POINT ( 'NONE',  ( 1.644055375400268248, 2.088264835982195589, -98.82126965624576087 ) ) ;
#4937 = CARTESIAN_POINT ( 'NONE',  ( 32.42452797396313713, -0.1352360920913227849, -112.4627408126796126 ) ) ;
#4938 = CARTESIAN_POINT ( 'NONE',  ( -12.62925429838415781, -1.124937887587809104, -31.05777392098807610 ) ) ;
#4939 = CARTESIAN_POINT ( 'NONE',  ( 47.96204209341998137, 0.7932193838817601650, -129.4673686053167501 ) ) ;
#4940 = CARTESIAN_POINT ( 'NONE',  ( 7.069243327520652542, 1.747271134806829274, -103.1198702598971266 ) ) ;
#4941 = CARTESIAN_POINT ( 'NONE',  ( 0.6179865318444113242, 2.441390198621514962, -99.26546093211871380 ) ) ;
#4942 = CARTESIAN_POINT ( 'NONE',  ( 50.86246926264609414, -0.1607956590976727940, -122.8309179034229430 ) ) ;
#4943 = CARTESIAN_POINT ( 'NONE',  ( 45.67482251921597225, 1.324433609244082266, -118.2342917701654983 ) ) ;
#4944 = CARTESIAN_POINT ( 'NONE',  ( 35.75300968828052106, -0.07851797962044916590, -111.3434526462731071 ) ) ;
#4945 = CARTESIAN_POINT ( 'NONE',  ( 49.59241329035910439, 0.7150186481491658252, -118.3800889232070119 ) ) ;
#4946 = CARTESIAN_POINT ( 'NONE',  ( -3.005436604378044052, 1.606075082605195714, -90.93751547520707845 ) ) ;
#4947 = CARTESIAN_POINT ( 'NONE',  ( -12.27265197739166958, -3.773849188814235145, -43.15401477621950477 ) ) ;
#4948 = CARTESIAN_POINT ( 'NONE',  ( -10.34411124236955182, -2.919476560083507088, -39.94827520550680333 ) ) ;
#4949 = CARTESIAN_POINT ( 'NONE',  ( 1.671070505032195896, -0.9748248216167608726, -99.41053116779249876 ) ) ;
#4950 = CARTESIAN_POINT ( 'NONE',  ( -0.7673121840789832726, -0.01085720922289879278, -93.72186023211587269 ) ) ;
#4951 = CARTESIAN_POINT ( 'NONE',  ( 32.89035372343757047, 2.713074595948858025, -112.4337526572814312 ) ) ;
#4952 = CARTESIAN_POINT ( 'NONE',  ( -13.24278154001321184, -1.790919009179187560, -39.07432805757176197 ) ) ;
#4953 = CARTESIAN_POINT ( 'NONE',  ( 49.45729602167472905, -0.7923487728977851585, -126.8761135865702983 ) ) ;
#4954 = CARTESIAN_POINT ( 'NONE',  ( 38.69141850487550016, 2.257877669724584813, -114.2190721347675009 ) ) ;
#4955 = ORIENTED_EDGE ( 'NONE', *, *, #3989, .T. ) ;
#4956 = CARTESIAN_POINT ( 'NONE',  ( 48.34168348924499981, -0.4021591408632931297, -129.5925467872572767 ) ) ;
#4957 = CARTESIAN_POINT ( 'NONE',  ( 18.26292883379860754, 0.5184434168088728478, -107.4401183689463295 ) ) ;
#4958 = CARTESIAN_POINT ( 'NONE',  ( 34.79927185192308770, 0.7294027910265137304, -110.6351022972945657 ) ) ;
#4959 = DIRECTION ( 'NONE',  ( 0.000000000000000000, 0.000000000000000000, 1.000000000000000000 ) ) ;
#4960 = CARTESIAN_POINT ( 'NONE',  ( 13.32442821731327953, 1.948301975617430237, -105.9027529698766585 ) ) ;
#4961 = CARTESIAN_POINT ( 'NONE',  ( -12.31469891322132959, -0.6854464793365104835, -51.84809114794781237 ) ) ;
#4962 = CARTESIAN_POINT ( 'NONE',  ( 49.39127724432268707, 2.042726917011598697, -118.3501505449720810 ) ) ;
#4963 = CARTESIAN_POINT ( 'NONE',  ( 34.46840997586152611, -0.1701837791110120401, -112.9022294359715062 ) ) ;
#4964 = CARTESIAN_POINT ( 'NONE',  ( -12.53100440217431455, -1.377508826631642647, -54.11636906518935319 ) ) ;
#4965 = CARTESIAN_POINT ( 'NONE',  ( 48.12147650912666563, 0.7873101733254518342, -128.7357431125604705 ) ) ;
#4966 = CARTESIAN_POINT ( 'NONE',  ( -2.045171301591260704, -0.07523626484299715533, -5.796816436346694523 ) ) ;
#4967 = CARTESIAN_POINT ( 'NONE',  ( 16.06772621820788416, 0.8138920881438549415, -109.6464718013966859 ) ) ;
#4968 = CARTESIAN_POINT ( 'NONE',  ( 32.44340021719347078, 3.129507504339166246, -111.1898916141871325 ) ) ;
#4969 = CARTESIAN_POINT ( 'NONE',  ( 33.40811652773123086, 0.3236304797849579584, -110.4922893859371413 ) ) ;
#4970 = CARTESIAN_POINT ( 'NONE',  ( 13.82161549003779477, 1.240343771244584614, -109.0943657403846458 ) ) ;
#4971 = CARTESIAN_POINT ( 'NONE',  ( 49.42947162924562576, 0.3039619628236048809, -118.5003891440106401 ) ) ;
#4972 = CARTESIAN_POINT ( 'NONE',  ( 44.91654501589308524, 0.8534937951574870230, -114.0843577831737008 ) ) ;
#4973 = CARTESIAN_POINT ( 'NONE',  ( 12.02548486323737720, 2.956053939323395774, -106.2427974036865805 ) ) ;
#4974 = CARTESIAN_POINT ( 'NONE',  ( 31.53282999403927889, 1.196219413359757455, -109.7790099080628892 ) ) ;
#4975 = CARTESIAN_POINT ( 'NONE',  ( -3.427820133511167988, -1.420546618925977000, -93.22765312959299422 ) ) ;
#4976 = CARTESIAN_POINT ( 'NONE',  ( 17.78151948652541847, 0.1415364053403463385, -107.5767577865670148 ) ) ;
#4977 = CARTESIAN_POINT ( 'NONE',  ( -6.933212648014782431, -2.771188133845290391, -15.23352830063219265 ) ) ;
#4978 = CARTESIAN_POINT ( 'NONE',  ( -8.030208837100341057, -1.219184126744400576, -65.96535740673270709 ) ) ;
#4979 = CARTESIAN_POINT ( 'NONE',  ( 37.37658614221213327, 2.635929153930291591, -113.5223375784947990 ) ) ;
#4980 = CARTESIAN_POINT ( 'NONE',  ( 46.75453613760777927, -0.7148560524576241804, -117.8586885307510528 ) ) ;
#4981 = PRODUCT_RELATED_PRODUCT_CATEGORY ( 'detail', '', ( #2608 ) ) ;
#4982 = CARTESIAN_POINT ( 'NONE',  ( 48.94168354469281468, 2.073327798054184434, -124.3703420476804808 ) ) ;
#4983 = CARTESIAN_POINT ( 'NONE',  ( 35.81707806827159857, -0.1902110139355066565, -113.2322680515597995 ) ) ;
#4984 = CARTESIAN_POINT ( 'NONE',  ( 50.50495958486696679, -0.1571383240132243619, -129.8524079485866025 ) ) ;
#4985 = CARTESIAN_POINT ( 'NONE',  ( 7.077248137976655862, 0.8146851504991949877, -103.1140688741609637 ) ) ;
#4986 = CARTESIAN_POINT ( 'NONE',  ( -4.916131579664426710, -0.1206827254719921860, -91.06197414520619304 ) ) ;
#4987 = CARTESIAN_POINT ( 'NONE',  ( 50.25368581621406605, 1.162806511612987537, -132.5871071100051211 ) ) ;
#4988 = CARTESIAN_POINT ( 'NONE',  ( -2.968724440529864061, 1.267895539459984677, -2.993945044657392085 ) ) ;
#4989 = CARTESIAN_POINT ( 'NONE',  ( -10.64795782228017806, -0.2603687765554451583, -58.14799824114751914 ) ) ;
#4990 = CARTESIAN_POINT ( 'NONE',  ( 25.18250939107539565, -0.03866162229410673862, -111.1406675579063830 ) ) ;
#4991 = CARTESIAN_POINT ( 'NONE',  ( -13.16557603302577562, -1.377219727393172999, -43.35073220024965224 ) ) ;
#4992 = CARTESIAN_POINT ( 'NONE',  ( 10.41583684383712516, -0.08120751177340615468, -107.4018812933586702 ) ) ;
#4993 = CARTESIAN_POINT ( 'NONE',  ( -10.17125757205146819, 0.01404174833112197332, -25.02099860069826676 ) ) ;
#4994 = CARTESIAN_POINT ( 'NONE',  ( 1.750000000000000000, 0.4581489286485114776, 0.000000000000000000 ) ) ;
#4995 = CARTESIAN_POINT ( 'NONE',  ( 50.23999539110279500, 2.709160660643448626, -122.9832437410476871 ) ) ;
#4996 = CARTESIAN_POINT ( 'NONE',  ( 37.46957043579156732, 0.2426545387809816712, -111.4770726312899143 ) ) ;
#4997 = CARTESIAN_POINT ( 'NONE',  ( -5.666401523665566486, -1.443549008850304682, -87.66541408331802643 ) ) ;
#4998 = CARTESIAN_POINT ( 'NONE',  ( 51.06091411731873819, 0.2483830560600742421, -122.7750556451314878 ) ) ;
#4999 = CARTESIAN_POINT ( 'NONE',  ( 50.75959928406396671, 0.6630866963301124128, -130.5630721500324114 ) ) ;
#5000 = CARTESIAN_POINT ( 'NONE',  ( 2.808359687735614951, 2.491362242642414238, -100.6956325463545738 ) ) ;
#5001 = CARTESIAN_POINT ( 'NONE',  ( 14.90746919613173205, 1.470016453426800318, -106.3175594151340846 ) ) ;
#5002 = CARTESIAN_POINT ( 'NONE',  ( -12.25256477008893086, -3.780154410245003760, -44.04096725725271710 ) ) ;
#5003 = CARTESIAN_POINT ( 'NONE',  ( 35.55092966443868363, 2.776905880367674051, -111.1817000369545951 ) ) ;
#5004 = CARTESIAN_POINT ( 'NONE',  ( -10.20131476344261046, -2.946855340928805411, -46.92811578597874700 ) ) ;
#5005 = CARTESIAN_POINT ( 'NONE',  ( 48.10116348396553576, -0.7475227937951570700, -132.7560861638493179 ) ) ;
#5006 = CARTESIAN_POINT ( 'NONE',  ( 0.3339418752604124130, 0.1857170575338286944, -95.90725681480321896 ) ) ;
#5007 = CARTESIAN_POINT ( 'NONE',  ( 44.19742780030906459, -0.6504326324965735706, -115.8610814831492490 ) ) ;
#5008 = CARTESIAN_POINT ( 'NONE',  ( 16.07672116878623569, 2.194968276526721329, -109.5376045739507447 ) ) ;
#5009 = CARTESIAN_POINT ( 'NONE',  ( 48.18913673767964667, -0.3968460404432361810, -130.2118744206466658 ) ) ;
#5010 = CARTESIAN_POINT ( 'NONE',  ( 45.63777490768268308, -0.0005044805041918051357, -114.9930326380311385 ) ) ;
#5011 = CARTESIAN_POINT ( 'NONE',  ( 51.15690790178562963, 0.2393677593811074089, -127.2234955904713587 ) ) ;
#5012 = CARTESIAN_POINT ( 'NONE',  ( -3.794410197503380378, 0.2578099899473871859, -93.96209768907182536 ) ) ;
#5013 = CARTESIAN_POINT ( 'NONE',  ( 50.74742351867454460, 1.148280242982964161, -130.8824501252873631 ) ) ;
#5014 = CARTESIAN_POINT ( 'NONE',  ( -12.55663735961481464, -0.6972136640518595829, -48.26355297908173014 ) ) ;
#5015 = CARTESIAN_POINT ( 'NONE',  ( -11.43143994663164875, -0.2944834155441936052, -35.18678391008677409 ) ) ;
#5016 = CARTESIAN_POINT ( 'NONE',  ( 0.6400544187254399997, -0.9927726793897754254, -99.92251034461456527 ) ) ;
#5017 = CARTESIAN_POINT ( 'NONE',  ( -3.339828235752771768, 1.226623231200364650, -94.45813115892528344 ) ) ;
#5018 = CARTESIAN_POINT ( 'NONE',  ( 7.381221897398638099, -0.1910731482121147407, -106.0175828509788545 ) ) ;
#5019 = CARTESIAN_POINT ( 'NONE',  ( 5.033536142745776765, 0.9319158539294671861, -105.2677226657017115 ) ) ;
#5020 = CARTESIAN_POINT ( 'NONE',  ( -3.773365292380016722, 1.437514144505278590, -89.06752347923092827 ) ) ;
#5021 = CARTESIAN_POINT ( 'NONE',  ( -12.73909370437565158, -0.6699923046824861617, -41.16543269029416052 ) ) ;
#5022 = CARTESIAN_POINT ( 'NONE',  ( 50.94906566457034103, -0.1688594752842973445, -127.2310112967405473 ) ) ;
#5023 = CARTESIAN_POINT ( 'NONE',  ( -8.199786645070460622, -1.976505032352300129, -12.61126990002781945 ) ) ;
#5024 = CARTESIAN_POINT ( 'NONE',  ( 19.96396865991809122, 0.9056754448425542448, -107.7284167651605884 ) ) ;
#5025 = CARTESIAN_POINT ( 'NONE',  ( 34.80871853406585359, 1.156881366411805612, -110.4709876509402022 ) ) ;
#5026 = CARTESIAN_POINT ( 'NONE',  ( 14.71874700097941258, 2.998312754340725750, -107.0882537285784650 ) ) ;
#5027 = CARTESIAN_POINT ( 'NONE',  ( 40.06966444568430319, 1.012047054308500726, -111.9193714205927961 ) ) ;
#5028 = CARTESIAN_POINT ( 'NONE',  ( 44.36738245499770272, 0.03405921024611145015, -117.0527106720945483 ) ) ;
#5029 = CARTESIAN_POINT ( 'NONE',  ( 14.71874700097941258, 2.998312754340725750, -107.0882537285784650 ) ) ;
#5030 = CARTESIAN_POINT ( 'NONE',  ( 43.06235053784904920, -0.2726755626043050884, -113.9027447440172551 ) ) ;
#5031 = CARTESIAN_POINT ( 'NONE',  ( 48.60743535600473564, -0.7645517240754179378, -131.1526676518059560 ) ) ;
#5032 = CARTESIAN_POINT ( 'NONE',  ( 14.92551022807748673, 1.021759343651314378, -106.4118811362900203 ) ) ;
#5033 = CARTESIAN_POINT ( 'NONE',  ( -10.61850750748320138, -3.530736517328107560, -35.17355138516789737 ) ) ;
#5034 = CARTESIAN_POINT ( 'NONE',  ( 48.96079258547535318, 2.073658325568186633, -125.8652813174655449 ) ) ;
#5035 = CARTESIAN_POINT ( 'NONE',  ( 45.71554561186237464, -0.3404957332690317084, -117.8004134156060729 ) ) ;
#5036 = VERTEX_POINT ( 'NONE', #2957 ) ;
#5037 = CARTESIAN_POINT ( 'NONE',  ( -10.19906926676052805, -2.026364945833667885, -46.74441560287895214 ) ) ;
#5038 = CARTESIAN_POINT ( 'NONE',  ( 44.83225068910230959, 0.4386752386393267811, -114.2597351670986399 ) ) ;
#5039 = CARTESIAN_POINT ( 'NONE',  ( 50.71325814210281635, 0.2507299887115630455, -129.8649900582143459 ) ) ;
#5040 = CARTESIAN_POINT ( 'NONE',  ( -0.4780181482339758703, 1.786934949822839291, -95.51335099352124303 ) ) ;
#5041 = CARTESIAN_POINT ( 'NONE',  ( 50.96886826748004751, 1.980424055527125526, -129.0744953863224396 ) ) ;
#5042 = CARTESIAN_POINT ( 'NONE',  ( 10.32710928489472124, -0.3553542533040485729, -107.0019035962391030 ) ) ;
#5043 = CARTESIAN_POINT ( 'NONE',  ( -12.69921515582959159, -1.384551719146128512, -52.30917089767918782 ) ) ;
#5044 = CARTESIAN_POINT ( 'NONE',  ( -0.7316269501776225814, -0.8934525295548352286, -98.60172183562971782 ) ) ;
#5045 = CARTESIAN_POINT ( 'NONE',  ( 47.12008594082027457, -0.3839544364748518346, -116.5609067425091894 ) ) ;
#5046 = CARTESIAN_POINT ( 'NONE',  ( -11.62217354138767611, -0.3653491340943336163, -39.52875761601212901 ) ) ;
#5047 = CARTESIAN_POINT ( 'NONE',  ( 50.43354062480842970, 2.701589739681590441, -124.9842740036276467 ) ) ;
#5048 = CARTESIAN_POINT ( 'NONE',  ( -8.258031201216736505, -2.745219705404373212, -75.20364272310848719 ) ) ;
#5049 = CARTESIAN_POINT ( 'NONE',  ( 11.24764895423122724, 0.9739790773330987417, -105.1603985756716355 ) ) ;
#5050 = CARTESIAN_POINT ( 'NONE',  ( -3.726442533368544030, 0.4740171659172762730, -86.39928688394333278 ) ) ;
#5051 = CARTESIAN_POINT ( 'NONE',  ( -9.773136771032460146, -2.999728606296014011, -68.34270574660116893 ) ) ;
#5052 = CARTESIAN_POINT ( 'NONE',  ( 7.064036863169936176, 1.263780672652207171, -103.0246802242921831 ) ) ;
#5053 = CARTESIAN_POINT ( 'NONE',  ( 44.73654712760860264, 0.02626465902202176558, -117.3184978675993193 ) ) ;
#5054 = CARTESIAN_POINT ( 'NONE',  ( 48.41709612839996169, 2.418086703095103207, -117.4318794137820561 ) ) ;
#5055 = CARTESIAN_POINT ( 'NONE',  ( 49.53290255886139448, -0.4571394868800349176, -119.7929507699633120 ) ) ;
#5056 = CARTESIAN_POINT ( 'NONE',  ( -9.054514545427597483, -3.266414876083473917, -60.55697638310896735 ) ) ;
#5057 = CARTESIAN_POINT ( 'NONE',  ( 7.077248137976655862, 0.8146851504991949877, -103.1140688741609637 ) ) ;
#5058 = CARTESIAN_POINT ( 'NONE',  ( 36.22908111703474532, 2.763051263245594136, -111.3446316146772830 ) ) ;
#5059 = CARTESIAN_POINT ( 'NONE',  ( -3.802056504169407436, 0.7087319793508617405, -93.88464400797126075 ) ) ;
#5060 = CARTESIAN_POINT ( 'NONE',  ( -3.036185283589730055, -1.761654173375452492, -89.82135747172718254 ) ) ;
#5061 = CARTESIAN_POINT ( 'NONE',  ( 48.33968335658999393, 2.096034536103327905, -129.9356091946313825 ) ) ;
#5062 = CARTESIAN_POINT ( 'NONE',  ( 48.58389207820948741, -0.4106735949602594582, -128.4270750635380409 ) ) ;
#5063 = CARTESIAN_POINT ( 'NONE',  ( -9.465332053171554350, -1.837066466934525799, -55.61127155761587915 ) ) ;
#5064 = CARTESIAN_POINT ( 'NONE',  ( 44.03868440366849768, 0.04356303872922780845, -114.0334205686574478 ) ) ;
#5065 = CARTESIAN_POINT ( 'NONE',  ( 50.49157942211373040, 0.2570330954765439047, -130.7812777149303258 ) ) ;
#5066 = CARTESIAN_POINT ( 'NONE',  ( -13.20412111873595151, -2.269705872677032499, -40.87661335568972021 ) ) ;
#5067 = CARTESIAN_POINT ( 'NONE',  ( 51.39915594108789065, 1.131309307643411088, -127.4943562628487683 ) ) ;
#5068 = CARTESIAN_POINT ( 'NONE',  ( 50.18218027581681184, 2.017030237239945123, -119.7427007468559594 ) ) ;
#5069 = CARTESIAN_POINT ( 'NONE',  ( -10.56376201388711600, -3.626450225855669007, -30.28512323893275848 ) ) ;
#5070 = CARTESIAN_POINT ( 'NONE',  ( 30.52866862477186416, 2.757465712889829668, -111.9387390548170345 ) ) ;
#5071 = CARTESIAN_POINT ( 'NONE',  ( 34.64909865341360273, 0.1534930425205135174, -113.2270659191052715 ) ) ;
#5072 = CARTESIAN_POINT ( 'NONE',  ( 41.95965182719911724, -0.2404131239535966524, -113.3888608841461689 ) ) ;
#5073 = CARTESIAN_POINT ( 'NONE',  ( 49.99080616625738571, 2.008873705021178235, -132.8209154870239104 ) ) ;
#5074 = APPROVAL_PERSON_ORGANIZATION ( #942, #5316, #5205 ) ;
#5075 = CARTESIAN_POINT ( 'NONE',  ( 50.40062326941382054, 2.703143102050734381, -124.2947555012655272 ) ) ;
#5076 = CARTESIAN_POINT ( 'NONE',  ( -5.324267505764682440, -1.267810987247907306, -89.03172945507282066 ) ) ;
#5077 = CARTESIAN_POINT ( 'NONE',  ( 35.70871172216462242, 0.7111070030759821803, -110.8499746367539984 ) ) ;
#5078 = CARTESIAN_POINT ( 'NONE',  ( -0.4892428051196796579, 0.6343119667122438798, -2.861224326072318469 ) ) ;
#5079 = CARTESIAN_POINT ( 'NONE',  ( -4.726857093652890640, -1.015687682851186713, -91.04050671391919991 ) ) ;
#5080 = CARTESIAN_POINT ( 'NONE',  ( 0.3338862821432624362, 0.6362766871388162437, -95.82163224885454156 ) ) ;
#5081 = CARTESIAN_POINT ( 'NONE',  ( 48.65151693573261582, -0.06913909274429000384, -124.9502338724339836 ) ) ;
#5082 = CARTESIAN_POINT ( 'NONE',  ( 41.33719929598884590, 2.625658646472138091, -112.8688695964058439 ) ) ;
#5083 = CARTESIAN_POINT ( 'NONE',  ( 35.75300968828052106, -0.07851797962044916590, -111.3434526462731071 ) ) ;
#5084 = CARTESIAN_POINT ( 'NONE',  ( 44.60513963995673237, -0.6605648075813544962, -115.6303831528459227 ) ) ;
#5085 = CARTESIAN_POINT ( 'NONE',  ( 50.55144774541232522, 0.2553024755093616927, -130.5461144891501135 ) ) ;
#5086 = CARTESIAN_POINT ( 'NONE',  ( -12.30368746170231908, -0.3985820584082214735, -37.39805097814753054 ) ) ;
#5087 = CARTESIAN_POINT ( 'NONE',  ( 16.07672116878623569, 2.194968276526721329, -109.5376045739507447 ) ) ;
#5088 = CARTESIAN_POINT ( 'NONE',  ( -9.721589024612541152, -3.462900838688604210, -56.28147099458530533 ) ) ;
#5089 = CARTESIAN_POINT ( 'NONE',  ( -11.94772066412424749, -2.724771693927802385, -57.97160924256832715 ) ) ;
#5090 = CARTESIAN_POINT ( 'NONE',  ( 1.546161765731141280, -1.078330990333883577, -99.87606548124162487 ) ) ;
#5091 = CARTESIAN_POINT ( 'NONE',  ( -10.32938115073862484, -2.017073804835858741, -41.50874012673127567 ) ) ;
#5092 = CARTESIAN_POINT ( 'NONE',  ( 1.750000000000000000, 0.000000000000000000, 0.000000000000000000 ) ) ;
#5093 =( NAMED_UNIT ( * ) SI_UNIT ( $, .STERADIAN. ) SOLID_ANGLE_UNIT ( ) );
#5094 = CARTESIAN_POINT ( 'NONE',  ( 36.99007982589305499, 1.852702140077836290, -113.8987529970245163 ) ) ;
#5095 = CARTESIAN_POINT ( 'NONE',  ( -11.01950126748654668, -0.4462548265621968380, -34.96418469107393889 ) ) ;
#5096 = CARTESIAN_POINT ( 'NONE',  ( 50.90796463915086889, 1.156483787508122196, -121.0471506141088014 ) ) ;
#5097 = CARTESIAN_POINT ( 'NONE',  ( 48.07834406277873995, -0.3929711008576708964, -130.6277665244730599 ) ) ;
#5098 = CARTESIAN_POINT ( 'NONE',  ( 36.06974987516331765, 2.655971672004630246, -113.1783955462681490 ) ) ;
#5099 = CARTESIAN_POINT ( 'NONE',  ( -12.87529748270890906, -3.114825107722168696, -38.16718756464948115 ) ) ;
#5100 = CARTESIAN_POINT ( 'NONE',  ( 41.38788227355347260, 0.07599656997471586350, -115.3855432811048587 ) ) ;
#5101 = CARTESIAN_POINT ( 'NONE',  ( 33.68999907043032493, -0.04331249297775480872, -110.8633441120300631 ) ) ;
#5102 = CARTESIAN_POINT ( 'NONE',  ( -10.82709255284448169, -0.2961472580778808927, -56.34227987318287489 ) ) ;
#5103 = CIRCLE ( 'NONE', #2184, 1.749999999999999334 ) ;
#5104 = CARTESIAN_POINT ( 'NONE',  ( -12.12805305670904055, -0.4405488953303036137, -30.71583947084255328 ) ) ;
#5105 = CARTESIAN_POINT ( 'NONE',  ( 47.11696649516333935, 1.309022326981297502, -132.6032472659767620 ) ) ;
#5106 = CARTESIAN_POINT ( 'NONE',  ( -8.117822470852694039, -1.519028537850929617, -21.31716939449280446 ) ) ;
#5107 = CARTESIAN_POINT ( 'NONE',  ( 3.676855823858978134, 1.526828005516973397, -100.4831365911307159 ) ) ;
#5108 = CARTESIAN_POINT ( 'NONE',  ( 44.91654501589308524, 0.8534937951574870230, -114.0843577831737008 ) ) ;
#5109 = CARTESIAN_POINT ( 'NONE',  ( 10.41583684383712516, -0.08120751177340615468, -107.4018812933586702 ) ) ;
#5110 = CARTESIAN_POINT ( 'NONE',  ( 33.24516152388815016, 2.814365677258087395, -110.6606268473518782 ) ) ;
#5111 = CARTESIAN_POINT ( 'NONE',  ( 49.97785834070634081, -0.4795498970461281041, -130.5779763624905740 ) ) ;
#5112 = CARTESIAN_POINT ( 'NONE',  ( 34.63351701043223585, -0.4489728254646639383, -111.8124743751002939 ) ) ;
#5113 = CARTESIAN_POINT ( 'NONE',  ( -9.868276224832406740, -1.399669277910504661, -31.22174272506593695 ) ) ;
#5114 = CARTESIAN_POINT ( 'NONE',  ( 51.03819804064376342, 2.327571730596798449, -126.7454836330843762 ) ) ;
#5115 = CARTESIAN_POINT ( 'NONE',  ( -4.202611854946751713, 0.5886430464839012000, -92.94176297937650588 ) ) ;
#5116 = CARTESIAN_POINT ( 'NONE',  ( 47.76740094134027004, 1.285577997827854091, -130.5186904810040289 ) ) ;
#5117 = CARTESIAN_POINT ( 'NONE',  ( 14.70508130040353301, -0.3387253973032335330, -107.3310172777557199 ) ) ;
#5118 = CARTESIAN_POINT ( 'NONE',  ( -7.434470272994995632, -1.949103698948859931, -80.85996409698350362 ) ) ;
#5119 = CARTESIAN_POINT ( 'NONE',  ( 5.108900325672956377, -0.7637325175556476387, -103.3493528419424337 ) ) ;
#5120 = CARTESIAN_POINT ( 'NONE',  ( -8.938294617425395217, -1.632744006480919330, -59.88408617124116518 ) ) ;
#5121 =( NAMED_UNIT ( * ) PLANE_ANGLE_UNIT ( ) SI_UNIT ( $, .RADIAN. ) );
#5122 = CARTESIAN_POINT ( 'NONE',  ( 0.9173549415625845693, 1.033407453433866419, -101.6309018581288512 ) ) ;
#5123 = CARTESIAN_POINT ( 'NONE',  ( 42.38042167247673575, 2.252985139394512615, -113.0083073945151710 ) ) ;
#5124 = CARTESIAN_POINT ( 'NONE',  ( 50.55490700435949947, 1.153822674584289887, -131.6003231454660636 ) ) ;
#5125 = CARTESIAN_POINT ( 'NONE',  ( -9.743682586649690336, -3.639086243293439882, -58.39434856639772420 ) ) ;
#5126 = CARTESIAN_POINT ( 'NONE',  ( 48.28975239014069842, 2.090684507773751477, -121.3270326606575082 ) ) ;
#5127 = CARTESIAN_POINT ( 'NONE',  ( 46.28915222014835962, 2.484513503771458520, -117.8472509490760132 ) ) ;
#5128 = CARTESIAN_POINT ( 'NONE',  ( 45.74782127425908129, 0.002760543990897761698, -118.1528689812231505 ) ) ;
#5129 = CARTESIAN_POINT ( 'NONE',  ( -2.449549313106875736, 0.1094638212900958946, -96.83429946802877453 ) ) ;
#5130 = CARTESIAN_POINT ( 'NONE',  ( 50.51359895797735078, -0.4949912816883895728, -127.9351335124178917 ) ) ;
#5131 = CARTESIAN_POINT ( 'NONE',  ( -9.257113755057860160, -1.762071458781228284, -57.40132665009954138 ) ) ;
#5132 = CARTESIAN_POINT ( 'NONE',  ( -11.21139835752594749, -0.6260728750367995366, -62.27844207144474353 ) ) ;
#5133 = CARTESIAN_POINT ( 'NONE',  ( 31.48084835834751161, 1.039311695735557484, -112.8097870124549900 ) ) ;
#5134 = CARTESIAN_POINT ( 'NONE',  ( -10.19906926676052805, -2.026364945833667885, -46.74441560287895214 ) ) ;
#5135 = CARTESIAN_POINT ( 'NONE',  ( 5.075205250944613056, 1.634805368836410366, -101.7477839391859931 ) ) ;
#5136 = CARTESIAN_POINT ( 'NONE',  ( 51.15094572681263685, 0.6524848862851287956, -128.7275601837804118 ) ) ;
#5137 = CARTESIAN_POINT ( 'NONE',  ( 34.64909865341360273, 0.1534930425205135174, -113.2270659191052715 ) ) ;
#5138 = CARTESIAN_POINT ( 'NONE',  ( 49.81938068573330014, 2.724142989567726492, -128.0105095362070244 ) ) ;
#5139 = CARTESIAN_POINT ( 'NONE',  ( -11.99669962009981461, -0.4577014136827427526, -51.54420474416616571 ) ) ;
#5140 = CARTESIAN_POINT ( 'NONE',  ( 45.54378155432942066, -0.3407201041901281036, -115.3372471563235848 ) ) ;
#5141 = CARTESIAN_POINT ( 'NONE',  ( 14.70508130040353301, -0.3387253973032335330, -107.3310172777557199 ) ) ;
#5142 = CARTESIAN_POINT ( 'NONE',  ( 50.85937351265988582, 0.2466941481264264269, -129.1692003045648676 ) ) ;
#5143 = CARTESIAN_POINT ( 'NONE',  ( 50.54122589879992233, 2.349701618925815527, -121.3924056463156234 ) ) ;
#5144 = CARTESIAN_POINT ( 'NONE',  ( -6.060428719943707243, -0.1690050773510752002, -87.66819242424581660 ) ) ;
#5145 = CARTESIAN_POINT ( 'NONE',  ( 15.26645409148584065, -0.3326575460783035565, -107.5029470911533025 ) ) ;
#5146 = CARTESIAN_POINT ( 'NONE',  ( -10.01458512850629567, -3.703989613027072192, -56.59795957647557429 ) ) ;
#5147 = CARTESIAN_POINT ( 'NONE',  ( -3.474723813119009463, -0.3936038726512649522, -86.36117469859017604 ) ) ;
#5148 = DATE_TIME_ROLE ( 'creation_date' ) ;
#5149 = CARTESIAN_POINT ( 'NONE',  ( 45.77140699149168057, 1.738595915355064747, -118.0636869624403005 ) ) ;
#5150 = CARTESIAN_POINT ( 'NONE',  ( 36.50675845974785716, 2.428343145885198950, -111.1267037445274752 ) ) ;
#5151 = CARTESIAN_POINT ( 'NONE',  ( 51.31232704846694759, 1.133211809908311274, -128.1442746906338925 ) ) ;
#5152 = CARTESIAN_POINT ( 'NONE',  ( -6.595693613428738722, -2.713754624193732035, -73.74560297283122168 ) ) ;
#5153 = CARTESIAN_POINT ( 'NONE',  ( 48.66474982513062031, 2.084557269928557499, -128.4286059148364245 ) ) ;
#5154 = CARTESIAN_POINT ( 'NONE',  ( 39.46566493683123156, 2.606424573727408323, -114.1440118879510095 ) ) ;
#5155 = CARTESIAN_POINT ( 'NONE',  ( -10.05639433210374101, -3.360391237887029536, -22.21011035619269336 ) ) ;
#5156 = CARTESIAN_POINT ( 'NONE',  ( -6.880990948619713166, -1.589865403139135047, -83.64218465865451435 ) ) ;
#5157 = CARTESIAN_POINT ( 'NONE',  ( -10.25494918355337859, -2.476083325003619162, -42.40999515244133278 ) ) ;
#5158 = CARTESIAN_POINT ( 'NONE',  ( 0.3339418752604124130, 0.1857170575338286944, -95.90725681480321896 ) ) ;
#5159 = CARTESIAN_POINT ( 'NONE',  ( -3.770544430873149278, 1.575677635257499709, -92.08399691566454237 ) ) ;
#5160 = CARTESIAN_POINT ( 'NONE',  ( -3.094626447547307979, -0.5210101787332189760, -95.29269899337873539 ) ) ;
#5161 = CARTESIAN_POINT ( 'NONE',  ( 0.000000000000000000, 0.000000000000000000, 0.000000000000000000 ) ) ;
#5162 = CARTESIAN_POINT ( 'NONE',  ( -8.752939813288637794, -0.5368980523410908923, -64.69768195350833651 ) ) ;
#5163 = CARTESIAN_POINT ( 'NONE',  ( 30.44950195437114004, 2.510753094826349230, -109.7998477446812302 ) ) ;
#5164 = CARTESIAN_POINT ( 'NONE',  ( 51.43710845905195583, 0.6496715180596904782, -124.1991272321404267 ) ) ;
#5165 = CARTESIAN_POINT ( 'NONE',  ( -8.248449518934613423, -2.998972103197945049, -15.61095537790233223 ) ) ;
#5166 = CARTESIAN_POINT ( 'NONE',  ( -12.69921515582959159, -1.384551719146128512, -52.30917089767918782 ) ) ;
#5167 = CARTESIAN_POINT ( 'NONE',  ( 50.83759782359570067, 2.332235883865664050, -128.3967558320644571 ) ) ;
#5168 = CARTESIAN_POINT ( 'NONE',  ( -10.18644206531973850, -2.421247849164433141, -37.24636761025983844 ) ) ;
#5169 = CARTESIAN_POINT ( 'NONE',  ( 35.30673489612160409, -0.4597368803852998620, -111.9741754261727920 ) ) ;
#5170 = CARTESIAN_POINT ( 'NONE',  ( 40.84810421474431053, 0.5637856236788618691, -112.3850921006034440 ) ) ;
#5171 = CARTESIAN_POINT ( 'NONE',  ( 43.61647993716883320, 2.555871813421644934, -113.8682367974199821 ) ) ;
#5172 = CARTESIAN_POINT ( 'NONE',  ( -11.11094905891048690, -1.831310535268322992, -64.98151142318312168 ) ) ;
#5173 = CARTESIAN_POINT ( 'NONE',  ( 21.30733268251317014, 1.018279581934685041, -110.8814879321997751 ) ) ;
#5174 = CARTESIAN_POINT ( 'NONE',  ( -2.418586212090625409, -1.651383533718815855, -91.72647664476676255 ) ) ;
#5175 = CARTESIAN_POINT ( 'NONE',  ( -11.13359931085596877, -3.834053209910448512, -40.62718924735695225 ) ) ;
#5176 = CARTESIAN_POINT ( 'NONE',  ( -10.27365200455593985, -2.031362748915906735, -44.99068404341730343 ) ) ;
#5177 = APPROVAL_STATUS ( 'not_yet_approved' ) ;
#5178 = CARTESIAN_POINT ( 'NONE',  ( 18.99791712202185323, 1.848714519904614217, -110.2905589254345955 ) ) ;
#5179 = CARTESIAN_POINT ( 'NONE',  ( 29.48314919690083968, 2.514415408825279474, -109.6117911650285635 ) ) ;
#5180 = CARTESIAN_POINT ( 'NONE',  ( -9.261535795371255375, -1.186141791291490888, -75.17701662700980592 ) ) ;
#5181 = CARTESIAN_POINT ( 'NONE',  ( 45.01388593688258766, 1.336661828740720148, -114.0843304586154687 ) ) ;
#5182 = CARTESIAN_POINT ( 'NONE',  ( 47.83478140785153698, -0.3844189911845026786, -131.4659462484552535 ) ) ;
#5183 = CARTESIAN_POINT ( 'NONE',  ( 45.86799146376738179, 2.152758221466046784, -117.8930821547151027 ) ) ;
#5184 = CARTESIAN_POINT ( 'NONE',  ( 36.94578185978586760, 2.642327122773649339, -113.4052749875022386 ) ) ;
#5185 = CARTESIAN_POINT ( 'NONE',  ( -11.76649181428482649, -3.942477325128941779, -46.44820983963929706 ) ) ;
#5186 = CARTESIAN_POINT ( 'NONE',  ( -9.232012964679672251, -2.547452090365514898, -72.57848969609499079 ) ) ;
#5187 = CARTESIAN_POINT ( 'NONE',  ( 50.23995574984677148, -0.4873142975956221701, -129.4605012504774493 ) ) ;
#5188 = CARTESIAN_POINT ( 'NONE',  ( -10.10668844828574109, -1.925080289297482317, -34.63668014283436491 ) ) ;
#5189 = CARTESIAN_POINT ( 'NONE',  ( -5.780437644760915816, 0.9061619597150641914, -86.91510918692229382 ) ) ;
#5190 = CARTESIAN_POINT ( 'NONE',  ( 42.62501316118116534, 0.8903491588857540551, -116.2219741321670057 ) ) ;
#5191 = CARTESIAN_POINT ( 'NONE',  ( 51.26764387634573694, 0.2381975635411803793, -125.3734905246250122 ) ) ;
#5192 = CARTESIAN_POINT ( 'NONE',  ( 32.35530822878844504, 2.497346776525938505, -110.1884541849829589 ) ) ;
#5193 = CARTESIAN_POINT ( 'NONE',  ( 50.87211103653314836, 0.6599415379067704590, -130.0946757597774308 ) ) ;
#5194 = CARTESIAN_POINT ( 'NONE',  ( -4.008356879398339068, -1.891941504970563681, -90.28366248821546947 ) ) ;
#5195 = CARTESIAN_POINT ( 'NONE',  ( 49.37510997028983439, 2.738045715760822674, -130.2286522179607573 ) ) ;
#5196 = CARTESIAN_POINT ( 'NONE',  ( -7.198998998016386430, 0.7124477732849647804, -12.29078825127038321 ) ) ;
#5197 = CARTESIAN_POINT ( 'NONE',  ( -0.1224004880962651642, -0.3456439735360315457, -95.14856886586277085 ) ) ;
#5198 = CARTESIAN_POINT ( 'NONE',  ( 47.52067947601146614, -0.7378852195641131262, -118.0784917645153200 ) ) ;
#5199 = CARTESIAN_POINT ( 'NONE',  ( 42.02381899781744323, 0.5250126683480340617, -112.8603275103279060 ) ) ;
#5200 = CARTESIAN_POINT ( 'NONE',  ( 49.30461704528973144, 2.390330982828032358, -118.6890106429245577 ) ) ;
#5201 = CARTESIAN_POINT ( 'NONE',  ( 45.87896391701296750, 0.8340780423557556666, -118.5155649567014535 ) ) ;
#5202 = CARTESIAN_POINT ( 'NONE',  ( 48.17875648974698066, 1.270590609328792642, -128.8135513051869623 ) ) ;
#5203 = CARTESIAN_POINT ( 'NONE',  ( 49.69880155536781530, -0.8052224843078581440, -128.2171339875880278 ) ) ;
#5204 = CARTESIAN_POINT ( 'NONE',  ( 10.61937224198979557, -0.5206039168289113839, -106.3223374714998073 ) ) ;
#5205 = APPROVAL_ROLE ( '' ) ;
#5206 = CARTESIAN_POINT ( 'NONE',  ( 35.44607792194751283, 1.875280261926008274, -113.4986540889627094 ) ) ;
#5207 = CARTESIAN_POINT ( 'NONE',  ( 41.70187571902162205, 1.383688804691203700, -115.7104104187189648 ) ) ;
#5208 = CARTESIAN_POINT ( 'NONE',  ( 34.44290546260818786, 2.470455000624336428, -110.6402779319742109 ) ) ;
#5209 = CARTESIAN_POINT ( 'NONE',  ( 12.05178283557967056, 2.513505592585496995, -108.1270347713586375 ) ) ;
#5210 = CARTESIAN_POINT ( 'NONE',  ( 51.53702884971104226, 1.129882439187459564, -125.4221315175436615 ) ) ;
#5211 = CARTESIAN_POINT ( 'NONE',  ( -0.6889937714400131696, -1.398692290903567503, -96.53634036440065813 ) ) ;
#5212 = CARTESIAN_POINT ( 'NONE',  ( 48.94357723525239123, 2.074366749690048639, -126.2009488015661276 ) ) ;
#5213 = CARTESIAN_POINT ( 'NONE',  ( 48.31237751196859165, 2.436974216884265410, -131.3042469421275484 ) ) ;
#5214 = CARTESIAN_POINT ( 'NONE',  ( 50.94258895526135689, 0.2444776722370677613, -128.7230139850266539 ) ) ;
#5215 = CARTESIAN_POINT ( 'NONE',  ( 48.10233584161864684, -0.04785814398664127445, -129.5810136041250757 ) ) ;
#5216 = CARTESIAN_POINT ( 'NONE',  ( -2.705589537209000639, 0.06047225276557059020, -96.35186751619245626 ) ) ;
#5217 = CARTESIAN_POINT ( 'NONE',  ( -9.762831448731246198, -2.305663245120969762, -31.28065982124920907 ) ) ;
#5218 = CARTESIAN_POINT ( 'NONE',  ( 1.339612456152052378, 0.3362346584497446500, -97.53924595789010255 ) ) ;
#5219 = CARTESIAN_POINT ( 'NONE',  ( 49.49002466841047010, 2.728541803636441276, -131.3797799148114791 ) ) ;
#5220 = CARTESIAN_POINT ( 'NONE',  ( 25.35718090783042911, 3.184135503397941047, -110.2335256750287868 ) ) ;
#5221 = CARTESIAN_POINT ( 'NONE',  ( 0.2797499668175962850, 0.02190698577176917669, -100.7920720879674548 ) ) ;
#5222 = CARTESIAN_POINT ( 'NONE',  ( 1.750000000000000000, 0.000000000000000000, 0.000000000000000000 ) ) ;
#5223 = CARTESIAN_POINT ( 'NONE',  ( 51.42208451530076729, 0.6466304219487530869, -126.5721586616559478 ) ) ;
#5224 = CARTESIAN_POINT ( 'NONE',  ( 48.42263985861877273, 2.769241893931177589, -133.3690514464215084 ) ) ;
#5225 = CARTESIAN_POINT ( 'NONE',  ( -4.310195667580465795, 1.493293621980469554, -89.79343095789353413 ) ) ;
#5226 = CARTESIAN_POINT ( 'NONE',  ( -2.624982462894051682, -0.7560378391021173039, -88.99050517340705824 ) ) ;
#5227 = CARTESIAN_POINT ( 'NONE',  ( 48.18414199990308333, 2.101480072341160188, -130.5342810344302507 ) ) ;
#5228 = CARTESIAN_POINT ( 'NONE',  ( -6.334012653512242963, -2.105060189972653983, -15.03465580894352804 ) ) ;
#5229 = CARTESIAN_POINT ( 'NONE',  ( -10.27275307647716573, -1.572435728425062518, -46.71035605949650460 ) ) ;
#5230 = CARTESIAN_POINT ( 'NONE',  ( 33.84326338235565146, 3.109293527166584248, -111.4979849442338065 ) ) ;
#5231 = CARTESIAN_POINT ( 'NONE',  ( 30.52914708059828897, 1.060083524710157654, -112.6265895693348540 ) ) ;
#5232 = CARTESIAN_POINT ( 'NONE',  ( -9.681676520972413158, -2.725079375771075174, -29.71958990081075314 ) ) ;
#5233 = CARTESIAN_POINT ( 'NONE',  ( 49.37217909874460275, -0.7895103750212302263, -123.1991787290715195 ) ) ;
#5234 = CARTESIAN_POINT ( 'NONE',  ( 7.504182854963255878, 0.8353077530772735626, -103.3702543545923049 ) ) ;
#5235 = DIRECTION ( 'NONE',  ( -0.2415937143328455161, 0.1880145311749068238, 0.9519889774897288826 ) ) ;
#5236 = CARTESIAN_POINT ( 'NONE',  ( 35.67433021371788726, 1.443818330084637003, -113.7211772089963944 ) ) ;
#5237 = CARTESIAN_POINT ( 'NONE',  ( 8.953161193411625973, 2.588831679676249387, -104.6064754109226271 ) ) ;
#5238 = CARTESIAN_POINT ( 'NONE',  ( -10.76782207303298833, -0.4951379386484777156, -52.46777591623722259 ) ) ;
#5239 = CARTESIAN_POINT ( 'NONE',  ( -4.275696016705075486, -2.124493627903385473, -86.20805785920059350 ) ) ;
#5240 = CARTESIAN_POINT ( 'NONE',  ( 43.15630538611968348, 2.205954684392305243, -116.0302455649001701 ) ) ;
#5241 = CARTESIAN_POINT ( 'NONE',  ( -6.060428719943707243, -0.1690050773510752002, -87.66819242424581660 ) ) ;
#5242 = CARTESIAN_POINT ( 'NONE',  ( 50.15899882091930806, 0.2668709094993885755, -131.9794516921728587 ) ) ;
#5243 = CARTESIAN_POINT ( 'NONE',  ( -11.88626322213295516, -3.896294736444375850, -40.28166099991307192 ) ) ;
#5244 = CARTESIAN_POINT ( 'NONE',  ( 47.53263044177976582, 2.124380123347340721, -132.6485085102777077 ) ) ;
#5245 = CARTESIAN_POINT ( 'NONE',  ( 50.71612396035483528, -0.4992642474260777230, -125.5222105466077807 ) ) ;
#5246 = CARTESIAN_POINT ( 'NONE',  ( -2.328456497552132909, -0.2693163911033802926, -89.85796803936257504 ) ) ;
#5247 = CARTESIAN_POINT ( 'NONE',  ( 47.57404448203942593, 2.791494209476161892, -117.5030732584726536 ) ) ;
#5248 = CARTESIAN_POINT ( 'NONE',  ( 44.67656547075679185, 2.869713544385077864, -115.7006533643143911 ) ) ;
#5249 = CARTESIAN_POINT ( 'NONE',  ( 5.047412007973063552, 0.4486872191599674542, -105.1709202215828611 ) ) ;
#5250 = CARTESIAN_POINT ( 'NONE',  ( 16.56300899491787604, 1.001002100240266479, -106.8773969749944968 ) ) ;
#5251 = CARTESIAN_POINT ( 'NONE',  ( 45.17969916676175046, 2.166884709038412904, -114.4349913565654049 ) ) ;
#5252 = CARTESIAN_POINT ( 'NONE',  ( -9.816889634677314902, -0.9714397062730921739, -55.66992781474402818 ) ) ;
#5253 = CARTESIAN_POINT ( 'NONE',  ( 15.17104819696257678, 3.091544378400959303, -108.3945644977063409 ) ) ;
#5254 = CARTESIAN_POINT ( 'NONE',  ( -11.74716880547538977, -0.2235670375019163103, -30.49224058287497741 ) ) ;
#5255 = CARTESIAN_POINT ( 'NONE',  ( -9.358975080035058625, -2.283151988055384329, -55.64473995251051264 ) ) ;
#5256 = CARTESIAN_POINT ( 'NONE',  ( -3.193274380854953520, -0.04299606395733486519, -95.37080794382440274 ) ) ;
#5257 = CARTESIAN_POINT ( 'NONE',  ( 49.58959092850062689, -0.8018692394596699247, -128.8343463211959090 ) ) ;
#5258 = CARTESIAN_POINT ( 'NONE',  ( 10.24392267919809640, 1.394013375322318282, -104.6660645821071114 ) ) ;
#5259 = CARTESIAN_POINT ( 'NONE',  ( -1.819789135765702559, 2.077723689663748097, -95.31071957249470472 ) ) ;
#5260 = CARTESIAN_POINT ( 'NONE',  ( 47.65705230373529844, 0.8042780059474105014, -130.6490732374759318 ) ) ;
#5261 = CARTESIAN_POINT ( 'NONE',  ( 49.85716791558634498, -0.8099125313958982497, -127.0283460971260752 ) ) ;
#5262 = CARTESIAN_POINT ( 'NONE',  ( 37.85027002743274949, -0.5259433370424870802, -113.0888309478327614 ) ) ;
#5263 = CARTESIAN_POINT ( 'NONE',  ( 8.386802387764381805, 0.8744104022196241832, -103.8603460036257502 ) ) ;
#5264 = DATE_AND_TIME ( #3039, #60 ) ;
#5265 = CARTESIAN_POINT ( 'NONE',  ( -6.188237373693089793, -1.186673433879602557, -14.95006376803078041 ) ) ;
#5266 = CARTESIAN_POINT ( 'NONE',  ( 47.81549857082916333, 1.272278266981266448, -121.1996377132405485 ) ) ;
#5267 = CARTESIAN_POINT ( 'NONE',  ( 51.31568830561964489, 1.972639674399867982, -126.3264022693451381 ) ) ;
#5268 = CARTESIAN_POINT ( 'NONE',  ( 0.2682308242808174592, 1.814494192115171600, -100.4491010604984780 ) ) ;
#5269 = CARTESIAN_POINT ( 'NONE',  ( -11.16330694597374062, -0.4922853903883133153, -37.55945747944472402 ) ) ;
#5270 = CARTESIAN_POINT ( 'NONE',  ( 9.147492461719679113, -0.5676677812371063725, -105.6874649815684961 ) ) ;
#5271 = CARTESIAN_POINT ( 'NONE',  ( 12.11805759796108184, 2.103032961159433611, -108.3924244314464005 ) ) ;
#5272 = CARTESIAN_POINT ( 'NONE',  ( 34.34043918949357277, 0.7376045750325582739, -110.5307100895853409 ) ) ;
#5273 = CARTESIAN_POINT ( 'NONE',  ( 34.26013918897906763, -0.1668561660484749465, -112.8545649428553901 ) ) ;
#5274 = CARTESIAN_POINT ( 'NONE',  ( 14.94355126002323964, 0.5735022338758284377, -106.5062028574459561 ) ) ;
#5275 = CARTESIAN_POINT ( 'NONE',  ( 24.22938351348282637, 0.7973970208376593982, -108.6175495872489165 ) ) ;
#5276 = CARTESIAN_POINT ( 'NONE',  ( 42.55751811042923549, 1.413675241251071801, -112.8388702253478186 ) ) ;
#5277 = CARTESIAN_POINT ( 'NONE',  ( 45.52043626785013686, 2.847787719069807100, -115.7733521013563234 ) ) ;
#5278 = CARTESIAN_POINT ( 'NONE',  ( 49.47543365953816163, 2.734848575025135009, -129.8082870324005569 ) ) ;
#5279 = CC_DESIGN_SECURITY_CLASSIFICATION ( #2437, ( #3393 ) ) ;
#5280 = CARTESIAN_POINT ( 'NONE',  ( 48.19105311002190462, 0.7847178331776160087, -128.3740911647848009 ) ) ;
#5281 = CARTESIAN_POINT ( 'NONE',  ( -6.188237373693089793, -1.186673433879602557, -14.95006376803078041 ) ) ;
#5282 = CARTESIAN_POINT ( 'NONE',  ( -2.115556269277107049, 0.6995930891594593914, -90.78241638741012309 ) ) ;
#5283 = CARTESIAN_POINT ( 'NONE',  ( 45.51047123651335369, 2.848580000644675980, -116.2661865179107679 ) ) ;
#5284 = CARTESIAN_POINT ( 'NONE',  ( 35.66999229277825378, 3.078592093794272788, -111.9223826886265982 ) ) ;
#5285 = CARTESIAN_POINT ( 'NONE',  ( -9.762831448731246198, -2.305663245120969762, -31.28065982124920907 ) ) ;
#5286 = CARTESIAN_POINT ( 'NONE',  ( 2.433604890041435098, 0.7353537678556921753, -103.2509937434045639 ) ) ;
#5287 = CARTESIAN_POINT ( 'NONE',  ( -4.710489487418446863, -1.347500032605332576, -81.21084325119366554 ) ) ;
#5288 = CARTESIAN_POINT ( 'NONE',  ( 19.95546902079702534, 1.339286298805944853, -107.5844877344090094 ) ) ;
#5289 = CARTESIAN_POINT ( 'NONE',  ( -2.525870192973686201, 1.940872541794198991, -93.88819080536389095 ) ) ;
#5290 = CARTESIAN_POINT ( 'NONE',  ( 44.34430156100983567, 0.8677545313915880909, -117.2586748957398441 ) ) ;
#5291 = CARTESIAN_POINT ( 'NONE',  ( 49.25515021255797876, -0.7913190440036337314, -130.3350150999559673 ) ) ;
#5292 = CARTESIAN_POINT ( 'NONE',  ( 49.34048707090426689, -0.7886439490148403619, -127.8363194752840997 ) ) ;
#5293 = CARTESIAN_POINT ( 'NONE',  ( -10.32323480491419510, -2.022669647968672546, -42.37709930496848187 ) ) ;
#5294 = CARTESIAN_POINT ( 'NONE',  ( 30.60869089538867627, 1.547514944547513371, -112.6138977728330985 ) ) ;
#5295 = CARTESIAN_POINT ( 'NONE',  ( -2.883054644595462346, -1.824055382235350242, -91.49906413271405370 ) ) ;
#5296 = CARTESIAN_POINT ( 'NONE',  ( -3.802056504169407436, 0.7087319793508617405, -93.88464400797126075 ) ) ;
#5297 = CARTESIAN_POINT ( 'NONE',  ( 48.16521188071686055, 0.3435950516493233020, -116.8257246465011150 ) ) ;
#5298 = CARTESIAN_POINT ( 'NONE',  ( -9.564971716737177942, -3.615263453089697876, -63.52657996310234978 ) ) ;
#5299 = CARTESIAN_POINT ( 'NONE',  ( -4.761676785379054699, -0.9033645274448683926, -81.04276374731210808 ) ) ;
#5300 = CARTESIAN_POINT ( 'NONE',  ( 26.21089666414123798, 0.7873045398860771815, -108.9689777014247056 ) ) ;
#5301 = CARTESIAN_POINT ( 'NONE',  ( 50.47547094073718910, 1.171594226736398348, -119.8942648068059498 ) ) ;
#5302 = CARTESIAN_POINT ( 'NONE',  ( 37.00569262570547835, 3.053233004541394902, -112.2561407894887537 ) ) ;
#5303 = CARTESIAN_POINT ( 'NONE',  ( 41.33719929598884590, 2.625658646472138091, -112.8688695964058439 ) ) ;
#5304 = CARTESIAN_POINT ( 'NONE',  ( -3.172107871528222933, -1.663477408423929882, -92.88489063287035208 ) ) ;
#5305 = CARTESIAN_POINT ( 'NONE',  ( 49.88638652482936919, 2.723666990359362661, -123.3264969709574359 ) ) ;
#5306 = CARTESIAN_POINT ( 'NONE',  ( 48.23218788928023315, 0.7769230472381893904, -122.7098970486364635 ) ) ;
#5307 = CARTESIAN_POINT ( 'NONE',  ( 33.71512566029727509, 1.662921557595159694, -110.2102063467872455 ) ) ;
#5308 = CARTESIAN_POINT ( 'NONE',  ( 43.64479955715154347, 2.894495218839697070, -115.1052816250842454 ) ) ;
#5309 = CARTESIAN_POINT ( 'NONE',  ( -2.059714964681516491, 2.033403881234854715, -94.84112428832376906 ) ) ;
#5310 = CARTESIAN_POINT ( 'NONE',  ( 44.97357862555161034, 0.01766568323557734382, -114.5713816498400632 ) ) ;
#5311 = CARTESIAN_POINT ( 'NONE',  ( 19.60039400723711012, 1.432524644867329444, -110.5351360950839279 ) ) ;
#5312 = CARTESIAN_POINT ( 'NONE',  ( 49.83497355915468319, -0.8092756452794694910, -127.2331069682032592 ) ) ;
#5313 = CARTESIAN_POINT ( 'NONE',  ( -10.05927721652469486, -1.533489800444465256, -50.23708024197919997 ) ) ;
#5314 = CARTESIAN_POINT ( 'NONE',  ( -2.758792999204314977, 1.891213621893340413, -93.38893926089187403 ) ) ;
#5315 = CARTESIAN_POINT ( 'NONE',  ( 48.18240870080226301, 2.441444728180204748, -131.7329755599396890 ) ) ;
#5316 = APPROVAL ( #2683, 'Î´Ö¸¶¨' ) ;
#5317 = CARTESIAN_POINT ( 'NONE',  ( -5.973725153516393327, -2.412283243574111058, -83.08876282073846653 ) ) ;
#5318 = CARTESIAN_POINT ( 'NONE',  ( 49.40939709691527071, -0.7962252077917864046, -129.6937158151787628 ) ) ;
#5319 = CARTESIAN_POINT ( 'NONE',  ( 42.44915948150525509, -0.6116352874796671113, -114.8868355310825677 ) ) ;
#5320 = DIRECTION ( 'NONE',  ( 0.8583505132673653337, -0.4161946485164996212, 0.3000273502863993191 ) ) ;
#5321 = CARTESIAN_POINT ( 'NONE',  ( 48.95028574252366838, 2.415191521946471909, -128.7057728484119821 ) ) ;
#5322 = CARTESIAN_POINT ( 'NONE',  ( -2.557291300016891533, -1.757042811242892411, -92.43488612191843856 ) ) ;
#5323 = CARTESIAN_POINT ( 'NONE',  ( 35.45353939354292550, 2.303048449599832459, -113.3348804094023023 ) ) ;
#5324 = CARTESIAN_POINT ( 'NONE',  ( 2.421427310654820086, 1.634042228949690090, -103.0759298048743346 ) ) ;
#5325 = CARTESIAN_POINT ( 'NONE',  ( 32.94655673923134742, 0.7570282130561730716, -110.2302426402845867 ) ) ;
#5326 = CARTESIAN_POINT ( 'NONE',  ( -4.008356879398339068, -1.891941504970563681, -90.28366248821546947 ) ) ;
#5327 = CARTESIAN_POINT ( 'NONE',  ( 40.80657275679571683, 0.1437993380991876291, -112.5626119514082291 ) ) ;
#5328 = CARTESIAN_POINT ( 'NONE',  ( 51.26764387634573694, 0.2381975635411803793, -125.3734905246250122 ) ) ;
#5329 = CARTESIAN_POINT ( 'NONE',  ( 51.47443710454298582, 1.134279232136846671, -123.8708065392184778 ) ) ;
#5330 = CARTESIAN_POINT ( 'NONE',  ( 50.33397049430488579, 2.703223272249656084, -127.1956187920332013 ) ) ;
#5331 = CARTESIAN_POINT ( 'NONE',  ( 48.48831231271829267, -0.06190631351825395812, -127.5428911992112262 ) ) ;
#5332 = CARTESIAN_POINT ( 'NONE',  ( 44.14977714616865256, 2.882547543404939461, -115.3844685957871548 ) ) ;
#5333 = CARTESIAN_POINT ( 'NONE',  ( -11.56152545064447601, -3.751975303819193197, -53.88478436418247242 ) ) ;
#5334 = CARTESIAN_POINT ( 'NONE',  ( -9.630169369229859555, -0.9076454556748887459, -57.46402354380735034 ) ) ;
#5335 = CARTESIAN_POINT ( 'NONE',  ( 43.81499797383290939, 2.890505144266676929, -115.1969003886403584 ) ) ;
#5336 = CARTESIAN_POINT ( 'NONE',  ( 43.76675139477413978, 2.893965639115565480, -114.7064604343171226 ) ) ;
#5337 = CARTESIAN_POINT ( 'NONE',  ( 48.97784725808347872, -0.09802525069292397641, -118.1922575844612595 ) ) ;
#5338 = CARTESIAN_POINT ( 'NONE',  ( 48.57289925394144348, 1.254775366661144531, -125.3478419209654646 ) ) ;
#5339 = CARTESIAN_POINT ( 'NONE',  ( -2.396801223887251364, -1.143144754418471187, -90.15438929966678927 ) ) ;
#5340 = CARTESIAN_POINT ( 'NONE',  ( -10.36912115330913764, -1.539257254337066616, -38.90182942153324319 ) ) ;
#5341 = CARTESIAN_POINT ( 'NONE',  ( -0.5498348280172915548, 2.285074505326706973, -97.57210771539345728 ) ) ;
#5342 = CARTESIAN_POINT ( 'NONE',  ( -9.802930259449452066, -3.515704663988529877, -64.51036222537160825 ) ) ;
#5343 = CARTESIAN_POINT ( 'NONE',  ( 3.705630699295469288, -0.2654045081872510314, -100.8346746602564679 ) ) ;
#5344 = CARTESIAN_POINT ( 'NONE',  ( 29.67634004790536295, -0.4066641459089515021, -111.2417684988112541 ) ) ;
#5345 = CARTESIAN_POINT ( 'NONE',  ( 46.99788660178221278, 1.728340634903847484, -133.5250478630010207 ) ) ;
#5346 = CARTESIAN_POINT ( 'NONE',  ( 44.14769181757816341, 2.534489464873745046, -116.2320829580784789 ) ) ;
#5347 = CARTESIAN_POINT ( 'NONE',  ( 49.13316374581014401, -0.7819220664829609202, -129.0192494394554785 ) ) ;
#5348 = CARTESIAN_POINT ( 'NONE',  ( -3.934718479036729999, 0.6703958928257335304, -93.57907514833463836 ) ) ;
#5349 = ORIENTED_EDGE ( 'NONE', *, *, #4398, .T. ) ;
#5350 = CARTESIAN_POINT ( 'NONE',  ( -10.25413406821263607, -3.744841948674498600, -59.93108907540884900 ) ) ;
#5351 = CARTESIAN_POINT ( 'NONE',  ( 43.45959356759716030, 0.06059997910081106609, -113.7315845283584395 ) ) ;
#5352 = CARTESIAN_POINT ( 'NONE',  ( 14.92551022807748673, 1.021759343651314378, -106.4118811362900203 ) ) ;
#5353 = CARTESIAN_POINT ( 'NONE',  ( 14.37072616969930294, 1.021672318623458198, -106.2443641434102801 ) ) ;
#5354 = CARTESIAN_POINT ( 'NONE',  ( 51.42203011962119774, 1.130875430050575670, -127.2937880768341756 ) ) ;
#5355 = CARTESIAN_POINT ( 'NONE',  ( -11.29432149222248860, -0.6281570498039669159, -61.60585378320260475 ) ) ;
#5356 = CARTESIAN_POINT ( 'NONE',  ( 16.81165475782202989, 2.708345073519031754, -107.2688919149878046 ) ) ;
#5357 = CARTESIAN_POINT ( 'NONE',  ( -8.685082993793699302, -3.432048863365099844, -67.59577131546868145 ) ) ;
#5358 = CARTESIAN_POINT ( 'NONE',  ( -5.348301349183293141, 0.3436353224373888682, -6.159509455375113518 ) ) ;
#5359 = CARTESIAN_POINT ( 'NONE',  ( 47.48189032906525142, 0.8106385087941599954, -131.2484243204608561 ) ) ;
#5360 = CARTESIAN_POINT ( 'NONE',  ( 1.829724359956949264, 1.336772414774306972, -98.33172804178094850 ) ) ;
#5361 = CARTESIAN_POINT ( 'NONE',  ( -3.249734249127154140, 1.777080535160751928, -92.30269419139695231 ) ) ;
#5362 = CARTESIAN_POINT ( 'NONE',  ( 50.63889410490381948, -0.1525175261540245020, -121.7980596876128914 ) ) ;
#5363 = CARTESIAN_POINT ( 'NONE',  ( 32.96013669376680610, 1.495847540300197620, -113.0932073627959937 ) ) ;
#5364 = CARTESIAN_POINT ( 'NONE',  ( 34.85172484467400977, -0.06173770161712861804, -111.1258129996109858 ) ) ;
#5365 = CARTESIAN_POINT ( 'NONE',  ( 43.22360801683351639, 0.9047336851780736211, -113.1927048165636052 ) ) ;
#5366 = CARTESIAN_POINT ( 'NONE',  ( -10.31093930355066313, -0.1856865578290890495, -61.32453377897531510 ) ) ;
#5367 = CARTESIAN_POINT ( 'NONE',  ( -4.672275451692823545, -2.125854653476311640, -6.124358676145958746 ) ) ;
#5368 = CARTESIAN_POINT ( 'NONE',  ( 11.84010472760354560, 0.1262817550371296282, -105.7058469071887572 ) ) ;
#5369 = CARTESIAN_POINT ( 'NONE',  ( -2.311363457724064041, -1.631720710179654477, -92.02707963582288642 ) ) ;
#5370 = CARTESIAN_POINT ( 'NONE',  ( 16.02237681074210940, 1.011617516694614416, -106.7285285609734444 ) ) ;
#5371 = CARTESIAN_POINT ( 'NONE',  ( 36.28996006689082776, 2.652489807243439746, -113.2345116879879328 ) ) ;
#5372 = CARTESIAN_POINT ( 'NONE',  ( -12.07467030613709902, -1.388846643339002318, -25.99407170112653986 ) ) ;
#5373 = CARTESIAN_POINT ( 'NONE',  ( 49.39308891088846565, -0.7903250959214481730, -127.4505763282740816 ) ) ;
#5374 = CARTESIAN_POINT ( 'NONE',  ( 34.11560991049054792, 2.327274622688346728, -113.0175766732321421 ) ) ;
#5375 = CARTESIAN_POINT ( 'NONE',  ( 48.69885974273463347, 2.083361740203052648, -128.2367540361417184 ) ) ;
#5376 = ORIENTED_EDGE ( 'NONE', *, *, #1052, .T. ) ;
#5377 = CARTESIAN_POINT ( 'NONE',  ( -8.989269045812005032, -3.498015488121935412, -66.23835231537195511 ) ) ;
#5378 = CARTESIAN_POINT ( 'NONE',  ( 14.38925864861372794, 0.5727457346399824623, -106.3362122772375216 ) ) ;
#5379 = CARTESIAN_POINT ( 'NONE',  ( 26.21089666414123798, 0.7873045398860771815, -108.9689777014247056 ) ) ;
#5380 = CARTESIAN_POINT ( 'NONE',  ( 14.92551022807748673, 1.021759343651314378, -106.4118811362900203 ) ) ;
#5381 = CARTESIAN_POINT ( 'NONE',  ( 30.17754174848395721, 1.689773317197334590, -109.4923250324900010 ) ) ;
#5382 = CARTESIAN_POINT ( 'NONE',  ( -3.362870246076374858, 1.683784155619482137, -93.00749183893030647 ) ) ;
#5383 = CARTESIAN_POINT ( 'NONE',  ( 51.23630902668871556, 1.979162201948714728, -123.4609447753464337 ) ) ;
#5384 = CARTESIAN_POINT ( 'NONE',  ( 19.14048092643339061, -0.1436923860596041880, -109.7443668092905398 ) ) ;
#5385 = CARTESIAN_POINT ( 'NONE',  ( -7.968142502108102931, -0.7053615612311994187, -80.67371395059974759 ) ) ;
#5386 = CARTESIAN_POINT ( 'NONE',  ( 48.45338437556116418, 0.7720190051336822679, -124.1537070340488924 ) ) ;
#5387 = CARTESIAN_POINT ( 'NONE',  ( -10.05927721652469486, -1.533489800444465256, -50.23708024197919997 ) ) ;
#5388 = CARTESIAN_POINT ( 'NONE',  ( 27.15090597451604992, 3.184952160200797078, -110.1318152563267887 ) ) ;
#5389 = CARTESIAN_POINT ( 'NONE',  ( 51.00736756545496320, -0.1700250074204097961, -126.5986274908473490 ) ) ;
#5390 = CARTESIAN_POINT ( 'NONE',  ( 39.45337489492553118, 1.401095123555851529, -114.8225391163909705 ) ) ;
#5391 = CARTESIAN_POINT ( 'NONE',  ( 43.41918841920637107, -0.2829343088457012545, -114.0826304096162005 ) ) ;
#5392 = CARTESIAN_POINT ( 'NONE',  ( 34.79927185192308770, 0.7294027910265137304, -110.6351022972945657 ) ) ;
#5393 = CARTESIAN_POINT ( 'NONE',  ( 51.25757096025593995, 0.6498765541564213155, -128.0650047609705666 ) ) ;
#5394 = CARTESIAN_POINT ( 'NONE',  ( -3.773365292380016722, 1.437514144505278590, -89.06752347923092827 ) ) ;
#5395 = CARTESIAN_POINT ( 'NONE',  ( 8.371672840017422956, 1.323482702436549197, -103.7712979772985165 ) ) ;
#5396 = CARTESIAN_POINT ( 'NONE',  ( -12.24272395241628608, -3.704325259212625898, -37.86638387902176817 ) ) ;
#5397 = CARTESIAN_POINT ( 'NONE',  ( -9.392771599022003315, -2.750287950724627173, -55.80338920877795061 ) ) ;
#5398 = CARTESIAN_POINT ( 'NONE',  ( -10.73599624470787717, -3.576515956592885015, -37.77417979512062374 ) ) ;
#5399 = CARTESIAN_POINT ( 'NONE',  ( -0.1205921073151395018, 0.1058316275550676977, -95.06293216412332470 ) ) ;
#5400 = CARTESIAN_POINT ( 'NONE',  ( 21.27343880469097215, 2.747382791579113359, -110.3075443909513353 ) ) ;
#5401 = CARTESIAN_POINT ( 'NONE',  ( -13.27046709713169292, -1.827002837994783579, -41.71316990120874379 ) ) ;
#5402 = CARTESIAN_POINT ( 'NONE',  ( -10.16808605044927738, -3.571845013065871655, -52.70396762776307042 ) ) ;
#5403 = CARTESIAN_POINT ( 'NONE',  ( 44.10728666918738128, 2.190955176927150472, -116.5831288393348757 ) ) ;
#5404 = CARTESIAN_POINT ( 'NONE',  ( 5.964218192393451190, 0.5018930040237877810, -105.7381280410785536 ) ) ;
#5405 = CARTESIAN_POINT ( 'NONE',  ( 38.15980567351142128, -0.2209330298602167342, -113.8949370437286319 ) ) ;
#5406 = CARTESIAN_POINT ( 'NONE',  ( -2.039463500117077555, -0.5337211334530755913, -5.803694117170546285 ) ) ;
#5407 = CARTESIAN_POINT ( 'NONE',  ( -10.20932662581670591, -1.955163726718495587, -36.34164320661006542 ) ) ;
#5408 = CARTESIAN_POINT ( 'NONE',  ( 19.96396865991809122, 0.9056754448425542448, -107.7284167651605884 ) ) ;
#5409 = CARTESIAN_POINT ( 'NONE',  ( 50.98057385969629962, 0.2434955792737334979, -128.5022916388665521 ) ) ;
#5410 = CARTESIAN_POINT ( 'NONE',  ( 50.92151148656925841, 1.143396139996317507, -130.1766878810643675 ) ) ;
#5411 = CARTESIAN_POINT ( 'NONE',  ( 5.007987297154077311, 2.750575541844706873, -104.0533541884018121 ) ) ;
#5412 = CARTESIAN_POINT ( 'NONE',  ( -11.57041345973231827, -0.3417422263312086539, -37.79249168808518533 ) ) ;
#5413 = CARTESIAN_POINT ( 'NONE',  ( 44.28941186131236663, -0.3073483118243637291, -116.7058651384182895 ) ) ;
#5414 = CARTESIAN_POINT ( 'NONE',  ( -4.884412914170392028, 0.7513598901962066368, -90.78461239539480232 ) ) ;
#5415 = CARTESIAN_POINT ( 'NONE',  ( -11.13938240373299138, -2.576682664038929094, -22.57009365907063270 ) ) ;
#5416 = CARTESIAN_POINT ( 'NONE',  ( 15.29736763887831330, 0.03161074492270263270, -109.0206116152037907 ) ) ;
#5417 = CARTESIAN_POINT ( 'NONE',  ( 50.88031176541335299, 1.982817207335071830, -129.5201673192812848 ) ) ;
#5418 = CARTESIAN_POINT ( 'NONE',  ( 50.00211339821799328, 0.2716593650960983930, -132.4749521369985814 ) ) ;
#5419 = CARTESIAN_POINT ( 'NONE',  ( 50.40236388819725732, 2.701538858280594368, -126.4329709691290304 ) ) ;
#5420 = CARTESIAN_POINT ( 'NONE',  ( 16.03887628149693612, 0.5654841815684097384, -106.8302916266328566 ) ) ;
#5421 = CARTESIAN_POINT ( 'NONE',  ( -12.43291921053097759, -2.933050984471427203, -31.17213737011779173 ) ) ;
#5422 = CARTESIAN_POINT ( 'NONE',  ( 26.21089666414123798, 0.7873045398860771815, -108.9689777014247056 ) ) ;
#5423 = CARTESIAN_POINT ( 'NONE',  ( 51.01972691361093126, 0.6559395570056179015, -129.4170661871759478 ) ) ;
#5424 = CARTESIAN_POINT ( 'NONE',  ( 10.00470731846303707, 2.897931867665517469, -105.4507775627070600 ) ) ;
#5425 = CARTESIAN_POINT ( 'NONE',  ( 34.34855866989722273, 1.165293504293776428, -110.3668687125932877 ) ) ;
#5426 = CARTESIAN_POINT ( 'NONE',  ( 7.381221897398638099, -0.1910731482121147407, -106.0175828509788545 ) ) ;
#5427 = CARTESIAN_POINT ( 'NONE',  ( 33.94421278355800808, 2.804879547184448096, -110.8139866118089714 ) ) ;
#5428 = CARTESIAN_POINT ( 'NONE',  ( -1.671254351473742350, -1.030146964240066465, -92.16597832780404076 ) ) ;
#5429 = CARTESIAN_POINT ( 'NONE',  ( 3.631351111846784274, -0.7786185559817541124, -101.5908373206728754 ) ) ;
#5430 = CARTESIAN_POINT ( 'NONE',  ( -3.852746593339634984, -0.4208108425913487105, -85.04029782979000629 ) ) ;
#5431 = CARTESIAN_POINT ( 'NONE',  ( 49.29361024011795678, 2.403376366339243564, -125.7120225475009931 ) ) ;
#5432 = CARTESIAN_POINT ( 'NONE',  ( -12.18013602855813460, -3.177499433583962585, -54.25455019582771854 ) ) ;
#5433 = CARTESIAN_POINT ( 'NONE',  ( 48.67024237310051404, -0.7666469725025817361, -130.9311720076124175 ) ) ;
#5434 = CARTESIAN_POINT ( 'NONE',  ( 36.13164955006186574, 2.292309754746327588, -113.5049916022301630 ) ) ;
#5435 = CARTESIAN_POINT ( 'NONE',  ( 48.61522182492366539, -0.4117967980952242923, -128.2506274806664237 ) ) ;
#5436 = CARTESIAN_POINT ( 'NONE',  ( 43.62541710420418895, 0.05554018852370223858, -113.8159133567099701 ) ) ;
#5437 = CARTESIAN_POINT ( 'NONE',  ( 43.69574165026165247, 0.4713811879109812142, -113.6369555555030786 ) ) ;
#5438 = CARTESIAN_POINT ( 'NONE',  ( -4.186592093873406917, 0.1396400186001732491, -93.01526952675068571 ) ) ;
#5439 = CARTESIAN_POINT ( 'NONE',  ( -9.000991824854461143, -0.001561667844306218128, -21.54343592289396270 ) ) ;
#5440 = CARTESIAN_POINT ( 'NONE',  ( -7.638674378133837983, 0.5135627191360215837, -12.39609399466522888 ) ) ;
#5441 = CARTESIAN_POINT ( 'NONE',  ( 51.11763130553502066, 1.976625294599881899, -128.2017512542724376 ) ) ;
#5442 = CARTESIAN_POINT ( 'NONE',  ( 45.71554561186237464, -0.3404957332690317084, -117.8004134156060729 ) ) ;
#5443 = CARTESIAN_POINT ( 'NONE',  ( 9.412006667480367739, 2.440881260310332479, -107.1190237781554231 ) ) ;
#5444 = CARTESIAN_POINT ( 'NONE',  ( 21.05982122363467823, 0.2138672576116370516, -110.5242425137085576 ) ) ;
#5445 = CARTESIAN_POINT ( 'NONE',  ( -11.63271415957619226, -0.3936916035445645057, -43.00408641077042660 ) ) ;
#5446 = CARTESIAN_POINT ( 'NONE',  ( -6.206342544439849007, -0.7287709473968810858, -14.93318684311343247 ) ) ;
#5447 = CARTESIAN_POINT ( 'NONE',  ( 49.23001456529327413, 2.741990013219494760, -119.9001020508011521 ) ) ;
#5448 = CARTESIAN_POINT ( 'NONE',  ( 50.92656064057425169, -0.1683709532196478731, -127.4278098785408559 ) ) ;
#5449 = CARTESIAN_POINT ( 'NONE',  ( -12.18013602855813460, -3.177499433583962585, -54.25455019582771854 ) ) ;
#5450 = CARTESIAN_POINT ( 'NONE',  ( 51.23366998295847452, 0.2408776051271357688, -124.2367861301592029 ) ) ;
#5451 = CARTESIAN_POINT ( 'NONE',  ( 51.47143724453345470, 0.6474034799936574380, -124.9746843132382992 ) ) ;
#5452 = CARTESIAN_POINT ( 'NONE',  ( 26.75746081878470406, 2.861911608289021025, -109.3673651274673944 ) ) ;
#5453 = CARTESIAN_POINT ( 'NONE',  ( 37.50907942955497276, 1.092824115756081849, -111.1399736591366434 ) ) ;
#5454 = CARTESIAN_POINT ( 'NONE',  ( 33.76178595083876388, 0.1689494868354506629, -113.0259797012862180 ) ) ;
#5455 = CARTESIAN_POINT ( 'NONE',  ( 24.77048184052881652, 2.872813391463215904, -109.0154775525972184 ) ) ;
#5456 = CARTESIAN_POINT ( 'NONE',  ( 1.845529237846340154, -0.4552514856418349853, -98.67646842823829445 ) ) ;
#5457 = CARTESIAN_POINT ( 'NONE',  ( -10.78205979769823664, -3.628309807526383768, -42.10182767723870256 ) ) ;
#5458 = CARTESIAN_POINT ( 'NONE',  ( -1.376482263122748684, -0.1210467056712816458, -92.33668858246450384 ) ) ;
#5459 = CARTESIAN_POINT ( 'NONE',  ( -6.933212648014782431, -2.771188133845290391, -15.23352830063219265 ) ) ;
#5460 = CARTESIAN_POINT ( 'NONE',  ( 48.81256335004244562, 2.076550560385185928, -123.2598614225966287 ) ) ;
#5461 = CARTESIAN_POINT ( 'NONE',  ( 44.08008257183612244, -0.3028753373588125575, -116.5680844601407955 ) ) ;
#5462 = CARTESIAN_POINT ( 'NONE',  ( -10.32938115073862484, -2.017073804835858741, -41.50874012673127567 ) ) ;
#5463 = CARTESIAN_POINT ( 'NONE',  ( 48.16521188071686055, 0.3435950516493233020, -116.8257246465011150 ) ) ;
#5464 = CARTESIAN_POINT ( 'NONE',  ( -8.872116556259964426, -2.035286568754675507, -75.32763276628479332 ) ) ;
#5465 = CARTESIAN_POINT ( 'NONE',  ( -1.813308912681729224, 1.546897637789147240, -92.76462992725691947 ) ) ;
#5466 = CARTESIAN_POINT ( 'NONE',  ( -12.71800717636802958, -0.6896362503973517688, -43.81674549430803722 ) ) ;
#5467 = CARTESIAN_POINT ( 'NONE',  ( 51.24959010912829172, 1.973704486116450996, -127.1565011593154821 ) ) ;
#5468 = CARTESIAN_POINT ( 'NONE',  ( -1.834973090914233662, -1.377002847344599212, -95.95402122474143880 ) ) ;
#5469 = CARTESIAN_POINT ( 'NONE',  ( 3.269664487235337536, 2.116726934369014490, -103.5267471291821408 ) ) ;
#5470 = CARTESIAN_POINT ( 'NONE',  ( -9.064476949820452489, -3.394432503804668766, -67.91023782755227955 ) ) ;
#5471 = CARTESIAN_POINT ( 'NONE',  ( -11.53206341285849668, -0.3273257664384315868, -36.91014623189331445 ) ) ;
#5472 = CARTESIAN_POINT ( 'NONE',  ( 46.50136704283519862, 2.821338834161660092, -116.5200856593154413 ) ) ;
#5473 = CARTESIAN_POINT ( 'NONE',  ( -12.87507830384214635, -3.190556905148012934, -44.37192773351069519 ) ) ;
#5474 = CARTESIAN_POINT ( 'NONE',  ( 42.97311023481719161, 0.4941514585754705480, -113.2841317806286554 ) ) ;
#5475 = CARTESIAN_POINT ( 'NONE',  ( 32.95139829189376002, 1.184894300262726796, -110.0659456099365912 ) ) ;
#5476 = CARTESIAN_POINT ( 'NONE',  ( 43.03526033780102722, 0.9109233096134281560, -113.1045123290586645 ) ) ;
#5477 = CARTESIAN_POINT ( 'NONE',  ( 47.88284111198893811, -0.05006958618013870876, -121.1529835270780069 ) ) ;
#5478 = CARTESIAN_POINT ( 'NONE',  ( 45.46815143621503807, 2.502688560542712715, -114.9259736006842303 ) ) ;
#5479 = CARTESIAN_POINT ( 'NONE',  ( 50.68305173877007519, -0.4989618843802584025, -126.3029168819834780 ) ) ;
#5480 = CARTESIAN_POINT ( 'NONE',  ( -9.721589024612541152, -3.462900838688604210, -56.28147099458530533 ) ) ;
#5481 = CARTESIAN_POINT ( 'NONE',  ( 29.13022312414105741, 0.7781338016077905539, -109.4955902305354840 ) ) ;
ENDSEC;
END-ISO-10303-21;
